999
ANSI/AAMA
  0
SECTION
  2
BLOCKS
0
BLOCK
  8
1
  2
C2390726.后身片.M
 70
0
 10
0.0
 20
0.0
  0
POLYLINE
  8
1
  66
1
  70
1
  0
VERTEX
  8
1
  10
3186.022949
  20
77.599609
  0
VERTEX
  8
1
  10
3186.071777
  20
98.556641
  0
VERTEX
  8
1
  10
3186.701958
  20
113.764301
  0
VERTEX
  8
1
  10
3187.327056
  20
128.857684
  0
VERTEX
  8
1
  10
3187.951336
  20
143.940342
  0
VERTEX
  8
1
  10
3188.577202
  20
159.124919
  0
VERTEX
  8
1
  10
3189.164596
  20
174.231618
  0
VERTEX
  8
1
  10
3189.661749
  20
189.341021
  0
VERTEX
  8
1
  10
3189.903939
  20
198.611246
  0
VERTEX
  8
1
  10
3190.056330
  20
204.444304
  0
VERTEX
  8
1
  10
3190.409623
  20
219.292610
  0
VERTEX
  8
1
  10
3190.384350
  20
227.734663
  0
VERTEX
  8
1
  10
3190.128844
  20
234.693224
  0
VERTEX
  8
1
  10
3189.653280
  20
241.079516
  0
VERTEX
  8
1
  10
3188.929161
  20
247.403797
  0
VERTEX
  8
1
  10
3187.899097
  20
254.078965
  0
VERTEX
  8
1
  10
3186.518767
  20
261.321314
  0
VERTEX
  8
1
  10
3184.670879
  20
269.599608
  0
VERTEX
  8
1
  10
3182.330871
  20
278.856609
  0
VERTEX
  8
1
  10
3178.654096
  20
292.071748
  0
VERTEX
  8
1
  10
3174.531035
  20
306.695754
  0
VERTEX
  8
1
  10
3172.965224
  20
312.299032
  0
VERTEX
  8
1
  10
3170.461246
  20
321.259552
  0
VERTEX
  8
1
  10
3168.435746
  20
329.501934
  0
VERTEX
  8
1
  10
3166.522995
  20
338.306792
  0
VERTEX
  8
1
  10
3164.984042
  20
346.548374
  0
VERTEX
  8
1
  10
3163.673636
  20
354.940899
  0
VERTEX
  8
1
  10
3161.566327
  20
369.680297
  0
VERTEX
  8
1
  10
3161.373535
  20
370.939453
  0
VERTEX
  8
1
  10
3168.194356
  20
373.176273
  0
VERTEX
  8
1
  10
3172.980587
  20
374.714452
  0
VERTEX
  8
1
  10
3176.527645
  20
376.120424
  0
VERTEX
  8
1
  10
3179.682540
  20
377.622218
  0
VERTEX
  8
1
  10
3182.459444
  20
379.204479
  0
VERTEX
  8
1
  10
3184.849857
  20
380.852886
  0
VERTEX
  8
1
  10
3187.013563
  20
382.652917
  0
VERTEX
  8
1
  10
3189.165433
  20
384.778530
  0
VERTEX
  8
1
  10
3191.183536
  20
387.120522
  0
VERTEX
  8
1
  10
3193.174707
  20
389.828617
  0
VERTEX
  8
1
  10
3194.956624
  20
392.672796
  0
VERTEX
  8
1
  10
3196.627337
  20
395.821040
  0
VERTEX
  8
1
  10
3198.044244
  20
399.015119
  0
VERTEX
  8
1
  10
3199.263837
  20
402.373217
  0
VERTEX
  8
1
  10
3200.294309
  20
405.931267
  0
VERTEX
  8
1
  10
3201.139322
  20
409.741601
  0
VERTEX
  8
1
  10
3201.813763
  20
413.988663
  0
VERTEX
  8
1
  10
3202.300890
  20
418.661562
  0
VERTEX
  8
1
  10
3202.487738
  20
422.761031
  0
VERTEX
  8
1
  10
3202.474366
  20
427.033103
  0
VERTEX
  8
1
  10
3202.455928
  20
432.923944
  0
VERTEX
  8
1
  10
3202.088623
  20
438.961745
  0
VERTEX
  8
1
  10
3201.155269
  20
449.512579
  0
VERTEX
  8
1
  10
3200.223277
  20
457.441012
  0
VERTEX
  8
1
  10
3199.085479
  20
465.042601
  0
VERTEX
  8
1
  10
3197.442485
  20
474.165791
  0
VERTEX
  8
1
  10
3194.979297
  20
486.280749
  0
VERTEX
  8
1
  10
3191.767739
  20
500.955957
  0
VERTEX
  8
1
  10
3188.481144
  20
515.165174
  0
VERTEX
  8
1
  10
3185.466470
  20
527.155099
  0
VERTEX
  8
1
  10
3181.969652
  20
539.975867
  0
VERTEX
  8
1
  10
3177.916392
  20
554.461613
  0
VERTEX
  8
1
  10
3175.916504
  20
561.783203
  0
VERTEX
  8
1
  10
3288.451172
  20
605.197266
  0
VERTEX
  8
1
  10
3292.208177
  20
600.022627
  0
VERTEX
  8
1
  10
3295.976093
  20
594.522410
  0
VERTEX
  8
1
  10
3298.750231
  20
591.163390
  0
VERTEX
  8
1
  10
3300.094095
  20
589.536193
  0
VERTEX
  8
1
  10
3302.049284
  20
587.640392
  0
VERTEX
  8
1
  10
3304.351963
  20
585.743882
  0
VERTEX
  8
1
  10
3306.536742
  20
584.265290
  0
VERTEX
  8
1
  10
3309.236106
  20
582.743743
  0
VERTEX
  8
1
  10
3311.576087
  20
581.685480
  0
VERTEX
  8
1
  10
3313.604961
  20
580.946252
  0
VERTEX
  8
1
  10
3316.837902
  20
579.768317
  0
VERTEX
  8
1
  10
3320.533812
  20
578.822708
  0
VERTEX
  8
1
  10
3325.012695
  20
577.919922
  0
VERTEX
  8
1
  10
3329.673720
  20
577.248278
  0
VERTEX
  8
1
  10
3335.197976
  20
576.723336
  0
VERTEX
  8
1
  10
3341.119625
  20
576.413824
  0
VERTEX
  8
1
  10
3352.010041
  20
576.231880
  0
VERTEX
  8
1
  10
3366.978315
  20
576.158174
  0
VERTEX
  8
1
  10
3369.999512
  20
576.158203
  0
VERTEX
  8
1
  10
3385.196583
  20
576.208299
  0
VERTEX
  8
1
  10
3398.412209
  20
576.399125
  0
VERTEX
  8
1
  10
3404.523414
  20
576.702503
  0
VERTEX
  8
1
  10
3409.997955
  20
577.211112
  0
VERTEX
  8
1
  10
3414.861440
  20
577.898666
  0
VERTEX
  8
1
  10
3419.148276
  20
578.743801
  0
VERTEX
  8
1
  10
3422.970769
  20
579.735122
  0
VERTEX
  8
1
  10
3426.437205
  20
580.882818
  0
VERTEX
  8
1
  10
3429.524503
  20
582.162221
  0
VERTEX
  8
1
  10
3432.309341
  20
583.582642
  0
VERTEX
  8
1
  10
3434.689417
  20
585.058075
  0
VERTEX
  8
1
  10
3436.791201
  20
586.645080
  0
VERTEX
  8
1
  10
3439.068368
  20
588.680758
  0
VERTEX
  8
1
  10
3440.743124
  20
590.489702
  0
VERTEX
  8
1
  10
3441.270892
  20
591.145437
  0
VERTEX
  8
1
  10
3444.418198
  20
595.055866
  0
VERTEX
  8
1
  10
3449.764668
  20
602.803699
  0
VERTEX
  8
1
  10
3451.548340
  20
605.197266
  0
VERTEX
  8
1
  10
3564.083496
  20
561.783203
  0
VERTEX
  8
1
  10
3560.054341
  20
547.169685
  0
VERTEX
  8
1
  10
3556.006965
  20
532.673617
  0
VERTEX
  8
1
  10
3552.927264
  20
520.892934
  0
VERTEX
  8
1
  10
3549.944570
  20
508.495041
  0
VERTEX
  8
1
  10
3546.634486
  20
493.739491
  0
VERTEX
  8
1
  10
3543.566270
  20
479.279302
  0
VERTEX
  8
1
  10
3541.551386
  20
468.748506
  0
VERTEX
  8
1
  10
3540.228271
  20
460.661197
  0
VERTEX
  8
1
  10
3539.215637
  20
452.932875
  0
VERTEX
  8
1
  10
3538.344787
  20
444.216554
  0
VERTEX
  8
1
  10
3537.636193
  20
434.912038
  0
VERTEX
  8
1
  10
3537.482910
  20
430.103516
  0
VERTEX
  8
1
  10
3537.517069
  20
427.033446
  0
VERTEX
  8
1
  10
3537.591501
  20
420.343906
  0
VERTEX
  8
1
  10
3537.938705
  20
416.056469
  0
VERTEX
  8
1
  10
3538.557886
  20
411.454960
  0
VERTEX
  8
1
  10
3539.325799
  20
407.504623
  0
VERTEX
  8
1
  10
3540.275391
  20
403.857422
  0
VERTEX
  8
1
  10
3541.462801
  20
400.286575
  0
VERTEX
  8
1
  10
3542.823921
  20
396.986944
  0
VERTEX
  8
1
  10
3544.416515
  20
393.788789
  0
VERTEX
  8
1
  10
3546.160703
  20
390.835682
  0
VERTEX
  8
1
  10
3548.076681
  20
388.075334
  0
VERTEX
  8
1
  10
3550.110895
  20
385.576156
  0
VERTEX
  8
1
  10
3552.248449
  20
383.341373
  0
VERTEX
  8
1
  10
3554.414543
  20
381.428860
  0
VERTEX
  8
1
  10
3556.681987
  20
379.760269
  0
VERTEX
  8
1
  10
3559.207379
  20
378.220015
  0
VERTEX
  8
1
  10
3562.274858
  20
376.658932
  0
VERTEX
  8
1
  10
3565.710081
  20
375.202033
  0
VERTEX
  8
1
  10
3569.310746
  20
373.941691
  0
VERTEX
  8
1
  10
3576.621503
  20
371.629425
  0
VERTEX
  8
1
  10
3578.626465
  20
370.939453
  0
VERTEX
  8
1
  10
3576.608185
  20
356.948943
  0
VERTEX
  8
1
  10
3575.236883
  20
347.862975
  0
VERTEX
  8
1
  10
3573.767438
  20
339.766209
  0
VERTEX
  8
1
  10
3571.952835
  20
331.203803
  0
VERTEX
  8
1
  10
3569.868776
  20
322.535838
  0
VERTEX
  8
1
  10
3567.709926
  20
314.610745
  0
VERTEX
  8
1
  10
3567.056533
  20
312.293143
  0
VERTEX
  8
1
  10
3563.602098
  20
300.040159
  0
VERTEX
  8
1
  10
3559.489824
  20
285.509652
  0
VERTEX
  8
1
  10
3556.646314
  20
274.934942
  0
VERTEX
  8
1
  10
3554.547940
  20
266.241064
  0
VERTEX
  8
1
  10
3552.905014
  20
258.455655
  0
VERTEX
  8
1
  10
3551.657466
  20
251.409140
  0
VERTEX
  8
1
  10
3550.752854
  20
244.894772
  0
VERTEX
  8
1
  10
3550.139877
  20
238.701251
  0
VERTEX
  8
1
  10
3549.745550
  20
232.082080
  0
VERTEX
  8
1
  10
3549.577352
  20
224.884441
  0
VERTEX
  8
1
  10
3549.643383
  20
215.800047
  0
VERTEX
  8
1
  10
3550.048311
  20
200.687299
  0
VERTEX
  8
1
  10
3550.103585
  20
198.611399
  0
VERTEX
  8
1
  10
3550.453405
  20
185.473424
  0
VERTEX
  8
1
  10
3550.979155
  20
170.364854
  0
VERTEX
  8
1
  10
3551.580900
  20
155.258628
  0
VERTEX
  8
1
  10
3552.207652
  20
140.097589
  0
VERTEX
  8
1
  10
3552.828271
  20
125.100988
  0
VERTEX
  8
1
  10
3553.448316
  20
110.122845
  0
VERTEX
  8
1
  10
3553.927246
  20
98.556641
  0
VERTEX
  8
1
  10
3553.976074
  20
77.599609
  0
VERTEX
  8
1
  10
3538.086638
  20
77.088931
  0
VERTEX
  8
1
  10
3522.252705
  20
76.634219
  0
VERTEX
  8
1
  10
3506.789593
  20
76.248244
  0
VERTEX
  8
1
  10
3491.648307
  20
75.941157
  0
VERTEX
  8
1
  10
3475.798301
  20
75.685865
  0
VERTEX
  8
1
  10
3459.947433
  20
75.474662
  0
VERTEX
  8
1
  10
3444.420860
  20
75.288506
  0
VERTEX
  8
1
  10
3428.569664
  20
75.116237
  0
VERTEX
  8
1
  10
3412.718300
  20
74.974732
  0
VERTEX
  8
1
  10
3397.606919
  20
74.880475
  0
VERTEX
  8
1
  10
3382.317358
  20
74.824900
  0
VERTEX
  8
1
  10
3369.999512
  20
74.802734
  0
VERTEX
  8
1
  10
3353.982987
  20
74.835397
  0
VERTEX
  8
1
  10
3337.998143
  20
74.903255
  0
VERTEX
  8
1
  10
3322.158011
  20
75.016284
  0
VERTEX
  8
1
  10
3306.306715
  20
75.169196
  0
VERTEX
  8
1
  10
3290.455548
  20
75.348546
  0
VERTEX
  8
1
  10
3275.324448
  20
75.534464
  0
VERTEX
  8
1
  10
3259.473773
  20
75.756309
  0
VERTEX
  8
1
  10
3243.624144
  20
76.029392
  0
VERTEX
  8
1
  10
3228.130100
  20
76.367738
  0
VERTEX
  8
1
  10
3213.049904
  20
76.763413
  0
VERTEX
  8
1
  10
3198.238667
  20
77.201950
  0
VERTEX
  8
1
  10
3186.022949
  20
77.599609
  0
SEQEND
  8
1
  0
POINT
  8
2
 10
3186.022949
 20
77.599609
  0
TEXT
  8
2
 10
3186.022949
 20
77.599609
 40
0.000000
 50
0.000000
  1
# 1
  0
POINT
  8
2
 10
3186.071777
 20
98.556641
  0
TEXT
  8
2
 10
3186.071777
 20
98.556641
 40
0.000000
 50
0.000000
  1
# 2
  0
POINT
  8
2
 10
3161.373535
 20
370.939453
  0
TEXT
  8
2
 10
3161.373535
 20
370.939453
 40
0.000000
 50
0.000000
  1
# 3
  0
POINT
  8
2
 10
3175.916504
 20
561.783203
  0
TEXT
  8
2
 10
3175.916504
 20
561.783203
 40
0.000000
 50
0.000000
  1
# 4
  0
POINT
  8
2
 10
3288.451172
 20
605.197266
  0
TEXT
  8
2
 10
3288.451172
 20
605.197266
 40
0.000000
 50
0.000000
  1
# 5
  0
POINT
  8
2
 10
3369.999512
 20
576.158203
  0
TEXT
  8
2
 10
3369.999512
 20
576.158203
 40
0.000000
 50
0.000000
  1
# 6
  0
POINT
  8
2
 10
3451.548340
 20
605.197266
  0
TEXT
  8
2
 10
3451.548340
 20
605.197266
 40
0.000000
 50
0.000000
  1
# 7
  0
POINT
  8
2
 10
3564.083496
 20
561.783203
  0
TEXT
  8
2
 10
3564.083496
 20
561.783203
 40
0.000000
 50
0.000000
  1
# 8
  0
POINT
  8
2
 10
3578.626465
 20
370.939453
  0
TEXT
  8
2
 10
3578.626465
 20
370.939453
 40
0.000000
 50
0.000000
  1
# 9
  0
POINT
  8
2
 10
3553.927246
 20
98.556641
  0
TEXT
  8
2
 10
3553.927246
 20
98.556641
 40
0.000000
 50
0.000000
  1
# 10
  0
POINT
  8
2
 10
3553.976074
 20
77.599609
  0
TEXT
  8
2
 10
3553.976074
 20
77.599609
 40
0.000000
 50
0.000000
  1
# 11
  0
POINT
  8
2
 10
3369.999512
 20
74.802734
  0
TEXT
  8
2
 10
3369.999512
 20
74.802734
 40
0.000000
 50
0.000000
  1
# 12
  0
POINT
  8
2
 10
3186.022949
 20
77.599609
  0
TEXT
  8
2
 10
3186.022949
 20
77.599609
 40
0.000000
 50
0.000000
  1
# 13
  0
POINT
  8
3
 10
3186.701958
 20
113.764301
  0
POINT
  8
3
 10
3187.327056
 20
128.857684
  0
POINT
  8
3
 10
3187.951336
 20
143.940342
  0
POINT
  8
3
 10
3188.577202
 20
159.124919
  0
POINT
  8
3
 10
3189.164596
 20
174.231618
  0
POINT
  8
3
 10
3189.661749
 20
189.341021
  0
POINT
  8
3
 10
3189.903939
 20
198.611246
  0
POINT
  8
3
 10
3190.056330
 20
204.444304
  0
POINT
  8
3
 10
3190.409623
 20
219.292610
  0
POINT
  8
3
 10
3190.384350
 20
227.734663
  0
POINT
  8
3
 10
3190.128844
 20
234.693224
  0
POINT
  8
3
 10
3189.653280
 20
241.079516
  0
POINT
  8
3
 10
3188.929161
 20
247.403797
  0
POINT
  8
3
 10
3187.899097
 20
254.078965
  0
POINT
  8
3
 10
3186.518767
 20
261.321314
  0
POINT
  8
3
 10
3184.670879
 20
269.599608
  0
POINT
  8
3
 10
3182.330871
 20
278.856609
  0
POINT
  8
3
 10
3178.654096
 20
292.071748
  0
POINT
  8
3
 10
3174.531035
 20
306.695754
  0
POINT
  8
3
 10
3172.965224
 20
312.299032
  0
POINT
  8
3
 10
3170.461246
 20
321.259552
  0
POINT
  8
3
 10
3168.435746
 20
329.501934
  0
POINT
  8
3
 10
3166.522995
 20
338.306792
  0
POINT
  8
3
 10
3164.984042
 20
346.548374
  0
POINT
  8
3
 10
3163.673636
 20
354.940899
  0
POINT
  8
3
 10
3161.566327
 20
369.680297
  0
POINT
  8
3
 10
3168.194356
 20
373.176273
  0
POINT
  8
3
 10
3172.980587
 20
374.714452
  0
POINT
  8
3
 10
3176.527645
 20
376.120424
  0
POINT
  8
3
 10
3179.682540
 20
377.622218
  0
POINT
  8
3
 10
3182.459444
 20
379.204479
  0
POINT
  8
3
 10
3184.849857
 20
380.852886
  0
POINT
  8
3
 10
3187.013563
 20
382.652917
  0
POINT
  8
3
 10
3189.165433
 20
384.778530
  0
POINT
  8
3
 10
3191.183536
 20
387.120522
  0
POINT
  8
3
 10
3193.174707
 20
389.828617
  0
POINT
  8
3
 10
3194.956624
 20
392.672796
  0
POINT
  8
3
 10
3196.627337
 20
395.821040
  0
POINT
  8
3
 10
3198.044244
 20
399.015119
  0
POINT
  8
3
 10
3199.263837
 20
402.373217
  0
POINT
  8
3
 10
3200.294309
 20
405.931267
  0
POINT
  8
3
 10
3201.139322
 20
409.741601
  0
POINT
  8
3
 10
3201.813763
 20
413.988663
  0
POINT
  8
3
 10
3202.300890
 20
418.661562
  0
POINT
  8
3
 10
3202.487738
 20
422.761031
  0
POINT
  8
3
 10
3202.474366
 20
427.033103
  0
POINT
  8
3
 10
3202.455928
 20
432.923944
  0
POINT
  8
3
 10
3202.088623
 20
438.961745
  0
POINT
  8
3
 10
3201.155269
 20
449.512579
  0
POINT
  8
3
 10
3200.223277
 20
457.441012
  0
POINT
  8
3
 10
3199.085479
 20
465.042601
  0
POINT
  8
3
 10
3197.442485
 20
474.165791
  0
POINT
  8
3
 10
3194.979297
 20
486.280749
  0
POINT
  8
3
 10
3191.767739
 20
500.955957
  0
POINT
  8
3
 10
3188.481144
 20
515.165174
  0
POINT
  8
3
 10
3185.466470
 20
527.155099
  0
POINT
  8
3
 10
3181.969652
 20
539.975867
  0
POINT
  8
3
 10
3177.916392
 20
554.461613
  0
POINT
  8
3
 10
3292.208177
 20
600.022627
  0
POINT
  8
3
 10
3295.976093
 20
594.522410
  0
POINT
  8
3
 10
3298.750231
 20
591.163390
  0
POINT
  8
3
 10
3300.094095
 20
589.536193
  0
POINT
  8
3
 10
3302.049284
 20
587.640392
  0
POINT
  8
3
 10
3304.351963
 20
585.743882
  0
POINT
  8
3
 10
3306.536742
 20
584.265290
  0
POINT
  8
3
 10
3309.236106
 20
582.743743
  0
POINT
  8
3
 10
3311.576087
 20
581.685480
  0
POINT
  8
3
 10
3313.604961
 20
580.946252
  0
POINT
  8
3
 10
3316.837902
 20
579.768317
  0
POINT
  8
3
 10
3320.533812
 20
578.822708
  0
POINT
  8
3
 10
3325.012695
 20
577.919922
  0
POINT
  8
3
 10
3329.673720
 20
577.248278
  0
POINT
  8
3
 10
3335.197976
 20
576.723336
  0
POINT
  8
3
 10
3341.119625
 20
576.413824
  0
POINT
  8
3
 10
3352.010041
 20
576.231880
  0
POINT
  8
3
 10
3366.978315
 20
576.158174
  0
POINT
  8
3
 10
3385.196583
 20
576.208299
  0
POINT
  8
3
 10
3398.412209
 20
576.399125
  0
POINT
  8
3
 10
3404.523414
 20
576.702503
  0
POINT
  8
3
 10
3409.997955
 20
577.211112
  0
POINT
  8
3
 10
3414.861440
 20
577.898666
  0
POINT
  8
3
 10
3419.148276
 20
578.743801
  0
POINT
  8
3
 10
3422.970769
 20
579.735122
  0
POINT
  8
3
 10
3426.437205
 20
580.882818
  0
POINT
  8
3
 10
3429.524503
 20
582.162221
  0
POINT
  8
3
 10
3432.309341
 20
583.582642
  0
POINT
  8
3
 10
3434.689417
 20
585.058075
  0
POINT
  8
3
 10
3436.791201
 20
586.645080
  0
POINT
  8
3
 10
3439.068368
 20
588.680758
  0
POINT
  8
3
 10
3440.743124
 20
590.489702
  0
POINT
  8
3
 10
3441.270892
 20
591.145437
  0
POINT
  8
3
 10
3444.418198
 20
595.055866
  0
POINT
  8
3
 10
3449.764668
 20
602.803699
  0
POINT
  8
3
 10
3560.054341
 20
547.169685
  0
POINT
  8
3
 10
3556.006965
 20
532.673617
  0
POINT
  8
3
 10
3552.927264
 20
520.892934
  0
POINT
  8
3
 10
3549.944570
 20
508.495041
  0
POINT
  8
3
 10
3546.634486
 20
493.739491
  0
POINT
  8
3
 10
3543.566270
 20
479.279302
  0
POINT
  8
3
 10
3541.551386
 20
468.748506
  0
POINT
  8
3
 10
3540.228271
 20
460.661197
  0
POINT
  8
3
 10
3539.215637
 20
452.932875
  0
POINT
  8
3
 10
3538.344787
 20
444.216554
  0
POINT
  8
3
 10
3537.636193
 20
434.912038
  0
POINT
  8
3
 10
3537.482910
 20
430.103516
  0
POINT
  8
3
 10
3537.517069
 20
427.033446
  0
POINT
  8
3
 10
3537.591501
 20
420.343906
  0
POINT
  8
3
 10
3537.938705
 20
416.056469
  0
POINT
  8
3
 10
3538.557886
 20
411.454960
  0
POINT
  8
3
 10
3539.325799
 20
407.504623
  0
POINT
  8
3
 10
3540.275391
 20
403.857422
  0
POINT
  8
3
 10
3541.462801
 20
400.286575
  0
POINT
  8
3
 10
3542.823921
 20
396.986944
  0
POINT
  8
3
 10
3544.416515
 20
393.788789
  0
POINT
  8
3
 10
3546.160703
 20
390.835682
  0
POINT
  8
3
 10
3548.076681
 20
388.075334
  0
POINT
  8
3
 10
3550.110895
 20
385.576156
  0
POINT
  8
3
 10
3552.248449
 20
383.341373
  0
POINT
  8
3
 10
3554.414543
 20
381.428860
  0
POINT
  8
3
 10
3556.681987
 20
379.760269
  0
POINT
  8
3
 10
3559.207379
 20
378.220015
  0
POINT
  8
3
 10
3562.274858
 20
376.658932
  0
POINT
  8
3
 10
3565.710081
 20
375.202033
  0
POINT
  8
3
 10
3569.310746
 20
373.941691
  0
POINT
  8
3
 10
3576.621503
 20
371.629425
  0
POINT
  8
3
 10
3576.608185
 20
356.948943
  0
POINT
  8
3
 10
3575.236883
 20
347.862975
  0
POINT
  8
3
 10
3573.767438
 20
339.766209
  0
POINT
  8
3
 10
3571.952835
 20
331.203803
  0
POINT
  8
3
 10
3569.868776
 20
322.535838
  0
POINT
  8
3
 10
3567.709926
 20
314.610745
  0
POINT
  8
3
 10
3567.056533
 20
312.293143
  0
POINT
  8
3
 10
3563.602098
 20
300.040159
  0
POINT
  8
3
 10
3559.489824
 20
285.509652
  0
POINT
  8
3
 10
3556.646314
 20
274.934942
  0
POINT
  8
3
 10
3554.547940
 20
266.241064
  0
POINT
  8
3
 10
3552.905014
 20
258.455655
  0
POINT
  8
3
 10
3551.657466
 20
251.409140
  0
POINT
  8
3
 10
3550.752854
 20
244.894772
  0
POINT
  8
3
 10
3550.139877
 20
238.701251
  0
POINT
  8
3
 10
3549.745550
 20
232.082080
  0
POINT
  8
3
 10
3549.577352
 20
224.884441
  0
POINT
  8
3
 10
3549.643383
 20
215.800047
  0
POINT
  8
3
 10
3550.048311
 20
200.687299
  0
POINT
  8
3
 10
3550.103585
 20
198.611399
  0
POINT
  8
3
 10
3550.453405
 20
185.473424
  0
POINT
  8
3
 10
3550.979155
 20
170.364854
  0
POINT
  8
3
 10
3551.580900
 20
155.258628
  0
POINT
  8
3
 10
3552.207652
 20
140.097589
  0
POINT
  8
3
 10
3552.828271
 20
125.100988
  0
POINT
  8
3
 10
3553.448316
 20
110.122845
  0
POINT
  8
3
 10
3538.086638
 20
77.088931
  0
POINT
  8
3
 10
3522.252705
 20
76.634219
  0
POINT
  8
3
 10
3506.789593
 20
76.248244
  0
POINT
  8
3
 10
3491.648307
 20
75.941157
  0
POINT
  8
3
 10
3475.798301
 20
75.685865
  0
POINT
  8
3
 10
3459.947433
 20
75.474662
  0
POINT
  8
3
 10
3444.420860
 20
75.288506
  0
POINT
  8
3
 10
3428.569664
 20
75.116237
  0
POINT
  8
3
 10
3412.718300
 20
74.974732
  0
POINT
  8
3
 10
3397.606919
 20
74.880475
  0
POINT
  8
3
 10
3382.317358
 20
74.824900
  0
POINT
  8
3
 10
3353.982987
 20
74.835397
  0
POINT
  8
3
 10
3337.998143
 20
74.903255
  0
POINT
  8
3
 10
3322.158011
 20
75.016284
  0
POINT
  8
3
 10
3306.306715
 20
75.169196
  0
POINT
  8
3
 10
3290.455548
 20
75.348546
  0
POINT
  8
3
 10
3275.324448
 20
75.534464
  0
POINT
  8
3
 10
3259.473773
 20
75.756309
  0
POINT
  8
3
 10
3243.624144
 20
76.029392
  0
POINT
  8
3
 10
3228.130100
 20
76.367738
  0
POINT
  8
3
 10
3213.049904
 20
76.763413
  0
POINT
  8
3
 10
3198.238667
 20
77.201950
  0
POINT
  8
3
 10
3189.903939
 20
198.611246
  0
TEXT
  8
3
 10
3189.903939
 20
198.611246
 40
0.000000
 50
0.000000
  1
# 14
  0
POINT
  8
3
 10
3172.965224
 20
312.299032
  0
TEXT
  8
3
 10
3172.965224
 20
312.299032
 40
0.000000
 50
0.000000
  1
# 15
  0
POINT
  8
3
 10
3202.474366
 20
427.033103
  0
TEXT
  8
3
 10
3202.474366
 20
427.033103
 40
0.000000
 50
0.000000
  1
# 16
  0
POINT
  8
3
 10
3298.750231
 20
591.163390
  0
TEXT
  8
3
 10
3298.750231
 20
591.163390
 40
0.000000
 50
0.000000
  1
# 17
  0
POINT
  8
3
 10
3313.604961
 20
580.946252
  0
TEXT
  8
3
 10
3313.604961
 20
580.946252
 40
0.000000
 50
0.000000
  1
# 18
  0
POINT
  8
3
 10
3441.270892
 20
591.145437
  0
TEXT
  8
3
 10
3441.270892
 20
591.145437
 40
0.000000
 50
0.000000
  1
# 19
  0
POINT
  8
3
 10
3537.517069
 20
427.033446
  0
TEXT
  8
3
 10
3537.517069
 20
427.033446
 40
0.000000
 50
0.000000
  1
# 20
  0
POINT
  8
3
 10
3567.056533
 20
312.293143
  0
TEXT
  8
3
 10
3567.056533
 20
312.293143
 40
0.000000
 50
0.000000
  1
# 21
  0
POINT
  8
3
 10
3550.103585
 20
198.611399
  0
TEXT
  8
3
 10
3550.103585
 20
198.611399
 40
0.000000
 50
0.000000
  1
# 22
  0
POLYLINE
  8
8
  66
1
  70
1
  0
VERTEX
  8
8
  10
3186.022949
  20
77.599609
  0
VERTEX
  8
8
  10
3186.071777
  20
98.556641
  0
VERTEX
  8
8
  10
3186.701958
  20
113.764301
  0
VERTEX
  8
8
  10
3187.327056
  20
128.857684
  0
VERTEX
  8
8
  10
3187.951336
  20
143.940342
  0
VERTEX
  8
8
  10
3188.577202
  20
159.124919
  0
VERTEX
  8
8
  10
3189.164596
  20
174.231618
  0
VERTEX
  8
8
  10
3189.661749
  20
189.341021
  0
VERTEX
  8
8
  10
3189.898872
  20
198.609073
  0
VERTEX
  8
8
  10
3189.898927
  20
198.611377
  0
VERTEX
  8
8
  10
3190.056330
  20
204.444304
  0
VERTEX
  8
8
  10
3190.409623
  20
219.292610
  0
VERTEX
  8
8
  10
3190.384350
  20
227.734663
  0
VERTEX
  8
8
  10
3190.128844
  20
234.693224
  0
VERTEX
  8
8
  10
3189.653280
  20
241.079516
  0
VERTEX
  8
8
  10
3188.929161
  20
247.403797
  0
VERTEX
  8
8
  10
3187.899097
  20
254.078965
  0
VERTEX
  8
8
  10
3186.518767
  20
261.321314
  0
VERTEX
  8
8
  10
3184.670879
  20
269.599608
  0
VERTEX
  8
8
  10
3182.330871
  20
278.856609
  0
VERTEX
  8
8
  10
3178.654096
  20
292.071748
  0
VERTEX
  8
8
  10
3174.531035
  20
306.695754
  0
VERTEX
  8
8
  10
3172.949767
  20
312.294712
  0
VERTEX
  8
8
  10
3172.949640
  20
312.295156
  0
VERTEX
  8
8
  10
3170.461246
  20
321.259552
  0
VERTEX
  8
8
  10
3168.435746
  20
329.501934
  0
VERTEX
  8
8
  10
3166.522995
  20
338.306792
  0
VERTEX
  8
8
  10
3164.984042
  20
346.548374
  0
VERTEX
  8
8
  10
3163.673636
  20
354.940899
  0
VERTEX
  8
8
  10
3161.566327
  20
369.680297
  0
VERTEX
  8
8
  10
3161.373535
  20
370.939453
  0
VERTEX
  8
8
  10
3168.194356
  20
373.176273
  0
VERTEX
  8
8
  10
3172.980587
  20
374.714452
  0
VERTEX
  8
8
  10
3176.527645
  20
376.120424
  0
VERTEX
  8
8
  10
3179.682540
  20
377.622218
  0
VERTEX
  8
8
  10
3182.459444
  20
379.204479
  0
VERTEX
  8
8
  10
3184.849857
  20
380.852886
  0
VERTEX
  8
8
  10
3187.013563
  20
382.652917
  0
VERTEX
  8
8
  10
3189.165433
  20
384.778530
  0
VERTEX
  8
8
  10
3191.183536
  20
387.120522
  0
VERTEX
  8
8
  10
3193.174707
  20
389.828617
  0
VERTEX
  8
8
  10
3194.956624
  20
392.672796
  0
VERTEX
  8
8
  10
3196.627337
  20
395.821040
  0
VERTEX
  8
8
  10
3198.044244
  20
399.015119
  0
VERTEX
  8
8
  10
3199.263837
  20
402.373217
  0
VERTEX
  8
8
  10
3200.294309
  20
405.931267
  0
VERTEX
  8
8
  10
3201.139322
  20
409.741601
  0
VERTEX
  8
8
  10
3201.813763
  20
413.988663
  0
VERTEX
  8
8
  10
3202.300890
  20
418.661562
  0
VERTEX
  8
8
  10
3202.487738
  20
422.761031
  0
VERTEX
  8
8
  10
3202.499512
  20
427.033182
  0
VERTEX
  8
8
  10
3202.499541
  20
427.039387
  0
VERTEX
  8
8
  10
3202.455928
  20
432.923944
  0
VERTEX
  8
8
  10
3202.088623
  20
438.961745
  0
VERTEX
  8
8
  10
3201.155269
  20
449.512579
  0
VERTEX
  8
8
  10
3200.223277
  20
457.441012
  0
VERTEX
  8
8
  10
3199.085479
  20
465.042601
  0
VERTEX
  8
8
  10
3197.442485
  20
474.165791
  0
VERTEX
  8
8
  10
3194.979297
  20
486.280749
  0
VERTEX
  8
8
  10
3191.767739
  20
500.955957
  0
VERTEX
  8
8
  10
3188.481144
  20
515.165174
  0
VERTEX
  8
8
  10
3185.466470
  20
527.155099
  0
VERTEX
  8
8
  10
3181.969652
  20
539.975867
  0
VERTEX
  8
8
  10
3177.916392
  20
554.461613
  0
VERTEX
  8
8
  10
3175.916504
  20
561.783203
  0
VERTEX
  8
8
  10
3288.451172
  20
605.197266
  0
VERTEX
  8
8
  10
3292.208177
  20
600.022627
  0
VERTEX
  8
8
  10
3295.976093
  20
594.522410
  0
VERTEX
  8
8
  10
3298.725071
  20
591.142611
  0
VERTEX
  8
8
  10
3300.094095
  20
589.536193
  0
VERTEX
  8
8
  10
3302.049284
  20
587.640392
  0
VERTEX
  8
8
  10
3304.351963
  20
585.743882
  0
VERTEX
  8
8
  10
3306.536742
  20
584.265290
  0
VERTEX
  8
8
  10
3309.236106
  20
582.743743
  0
VERTEX
  8
8
  10
3311.576087
  20
581.685480
  0
VERTEX
  8
8
  10
3313.596777
  20
580.923791
  0
VERTEX
  8
8
  10
3313.598375
  20
580.923181
  0
VERTEX
  8
8
  10
3316.837902
  20
579.768317
  0
VERTEX
  8
8
  10
3320.533812
  20
578.822708
  0
VERTEX
  8
8
  10
3325.012695
  20
577.919922
  0
VERTEX
  8
8
  10
3329.673720
  20
577.248278
  0
VERTEX
  8
8
  10
3335.197976
  20
576.723336
  0
VERTEX
  8
8
  10
3341.119625
  20
576.413824
  0
VERTEX
  8
8
  10
3352.010041
  20
576.231880
  0
VERTEX
  8
8
  10
3366.978315
  20
576.158174
  0
VERTEX
  8
8
  10
3369.999512
  20
576.158203
  0
VERTEX
  8
8
  10
3369.999512
  20
576.158203
  0
VERTEX
  8
8
  10
3385.196583
  20
576.208299
  0
VERTEX
  8
8
  10
3398.412209
  20
576.399125
  0
VERTEX
  8
8
  10
3404.523414
  20
576.702503
  0
VERTEX
  8
8
  10
3409.997955
  20
577.211112
  0
VERTEX
  8
8
  10
3414.861440
  20
577.898666
  0
VERTEX
  8
8
  10
3419.148276
  20
578.743801
  0
VERTEX
  8
8
  10
3422.970769
  20
579.735122
  0
VERTEX
  8
8
  10
3426.437205
  20
580.882818
  0
VERTEX
  8
8
  10
3429.524503
  20
582.162221
  0
VERTEX
  8
8
  10
3432.309341
  20
583.582642
  0
VERTEX
  8
8
  10
3434.689417
  20
585.058075
  0
VERTEX
  8
8
  10
3436.791201
  20
586.645080
  0
VERTEX
  8
8
  10
3439.068368
  20
588.680758
  0
VERTEX
  8
8
  10
3440.743124
  20
590.489702
  0
VERTEX
  8
8
  10
3441.274426
  20
591.142593
  0
VERTEX
  8
8
  10
3444.418198
  20
595.055866
  0
VERTEX
  8
8
  10
3449.764668
  20
602.803699
  0
VERTEX
  8
8
  10
3451.548340
  20
605.197266
  0
VERTEX
  8
8
  10
3564.083496
  20
561.783203
  0
VERTEX
  8
8
  10
3560.054341
  20
547.169685
  0
VERTEX
  8
8
  10
3556.006965
  20
532.673617
  0
VERTEX
  8
8
  10
3552.927264
  20
520.892934
  0
VERTEX
  8
8
  10
3549.944570
  20
508.495041
  0
VERTEX
  8
8
  10
3546.634486
  20
493.739491
  0
VERTEX
  8
8
  10
3543.566270
  20
479.279302
  0
VERTEX
  8
8
  10
3541.551386
  20
468.748506
  0
VERTEX
  8
8
  10
3540.228271
  20
460.661197
  0
VERTEX
  8
8
  10
3539.215637
  20
452.932875
  0
VERTEX
  8
8
  10
3538.344787
  20
444.216554
  0
VERTEX
  8
8
  10
3537.636193
  20
434.912038
  0
VERTEX
  8
8
  10
3537.482910
  20
430.103516
  0
VERTEX
  8
8
  10
3537.499968
  20
427.040109
  0
VERTEX
  8
8
  10
3537.500000
  20
427.033256
  0
VERTEX
  8
8
  10
3537.591501
  20
420.343906
  0
VERTEX
  8
8
  10
3537.938705
  20
416.056469
  0
VERTEX
  8
8
  10
3538.557886
  20
411.454960
  0
VERTEX
  8
8
  10
3539.325799
  20
407.504623
  0
VERTEX
  8
8
  10
3540.275391
  20
403.857422
  0
VERTEX
  8
8
  10
3541.462801
  20
400.286575
  0
VERTEX
  8
8
  10
3542.823921
  20
396.986944
  0
VERTEX
  8
8
  10
3544.416515
  20
393.788789
  0
VERTEX
  8
8
  10
3546.160703
  20
390.835682
  0
VERTEX
  8
8
  10
3548.076681
  20
388.075334
  0
VERTEX
  8
8
  10
3550.110895
  20
385.576156
  0
VERTEX
  8
8
  10
3552.248449
  20
383.341373
  0
VERTEX
  8
8
  10
3554.414543
  20
381.428860
  0
VERTEX
  8
8
  10
3556.681987
  20
379.760269
  0
VERTEX
  8
8
  10
3559.207379
  20
378.220015
  0
VERTEX
  8
8
  10
3562.274858
  20
376.658932
  0
VERTEX
  8
8
  10
3565.710081
  20
375.202033
  0
VERTEX
  8
8
  10
3569.310746
  20
373.941691
  0
VERTEX
  8
8
  10
3576.621503
  20
371.629425
  0
VERTEX
  8
8
  10
3578.626465
  20
370.939453
  0
VERTEX
  8
8
  10
3576.608185
  20
356.948943
  0
VERTEX
  8
8
  10
3575.236883
  20
347.862975
  0
VERTEX
  8
8
  10
3573.767438
  20
339.766209
  0
VERTEX
  8
8
  10
3571.952835
  20
331.203803
  0
VERTEX
  8
8
  10
3569.868776
  20
322.535838
  0
VERTEX
  8
8
  10
3567.709926
  20
314.610745
  0
VERTEX
  8
8
  10
3567.050288
  20
312.294904
  0
VERTEX
  8
8
  10
3567.050288
  20
312.294904
  0
VERTEX
  8
8
  10
3563.602098
  20
300.040159
  0
VERTEX
  8
8
  10
3559.489824
  20
285.509652
  0
VERTEX
  8
8
  10
3556.646314
  20
274.934942
  0
VERTEX
  8
8
  10
3554.547940
  20
266.241064
  0
VERTEX
  8
8
  10
3552.905014
  20
258.455655
  0
VERTEX
  8
8
  10
3551.657466
  20
251.409140
  0
VERTEX
  8
8
  10
3550.752854
  20
244.894772
  0
VERTEX
  8
8
  10
3550.139877
  20
238.701251
  0
VERTEX
  8
8
  10
3549.745550
  20
232.082080
  0
VERTEX
  8
8
  10
3549.577352
  20
224.884441
  0
VERTEX
  8
8
  10
3549.643383
  20
215.800047
  0
VERTEX
  8
8
  10
3550.048311
  20
200.687299
  0
VERTEX
  8
8
  10
3550.100586
  20
198.611319
  0
VERTEX
  8
8
  10
3550.100641
  20
198.608997
  0
VERTEX
  8
8
  10
3550.453405
  20
185.473424
  0
VERTEX
  8
8
  10
3550.979155
  20
170.364854
  0
VERTEX
  8
8
  10
3551.580900
  20
155.258628
  0
VERTEX
  8
8
  10
3552.207652
  20
140.097589
  0
VERTEX
  8
8
  10
3552.828271
  20
125.100988
  0
VERTEX
  8
8
  10
3553.448316
  20
110.122845
  0
VERTEX
  8
8
  10
3553.927246
  20
98.556641
  0
VERTEX
  8
8
  10
3553.976074
  20
77.599609
  0
VERTEX
  8
8
  10
3538.086638
  20
77.088931
  0
VERTEX
  8
8
  10
3522.252705
  20
76.634219
  0
VERTEX
  8
8
  10
3506.789593
  20
76.248244
  0
VERTEX
  8
8
  10
3491.648307
  20
75.941157
  0
VERTEX
  8
8
  10
3475.798301
  20
75.685865
  0
VERTEX
  8
8
  10
3459.947433
  20
75.474662
  0
VERTEX
  8
8
  10
3444.420860
  20
75.288506
  0
VERTEX
  8
8
  10
3428.569664
  20
75.116237
  0
VERTEX
  8
8
  10
3412.718300
  20
74.974732
  0
VERTEX
  8
8
  10
3397.606919
  20
74.880475
  0
VERTEX
  8
8
  10
3382.317358
  20
74.824900
  0
VERTEX
  8
8
  10
3369.999512
  20
74.802734
  0
VERTEX
  8
8
  10
3353.982987
  20
74.835397
  0
VERTEX
  8
8
  10
3337.998143
  20
74.903255
  0
VERTEX
  8
8
  10
3322.158011
  20
75.016284
  0
VERTEX
  8
8
  10
3306.306715
  20
75.169196
  0
VERTEX
  8
8
  10
3290.455548
  20
75.348546
  0
VERTEX
  8
8
  10
3275.324448
  20
75.534464
  0
VERTEX
  8
8
  10
3259.473773
  20
75.756309
  0
VERTEX
  8
8
  10
3243.624144
  20
76.029392
  0
VERTEX
  8
8
  10
3228.130100
  20
76.367738
  0
VERTEX
  8
8
  10
3213.049904
  20
76.763413
  0
VERTEX
  8
8
  10
3198.238667
  20
77.201950
  0
VERTEX
  8
8
  10
3186.022949
  20
77.599609
  0
SEQEND
  8
8
  0
POINT
  8
2
 10
3186.022949
 20
77.599609
  0
TEXT
  8
2
 10
3186.022949
 20
77.599609
 40
0.000000
 50
0.000000
  1
# 23
  0
POINT
  8
2
 10
3186.071777
 20
98.556641
  0
TEXT
  8
2
 10
3186.071777
 20
98.556641
 40
0.000000
 50
0.000000
  1
# 24
  0
POINT
  8
2
 10
3161.373535
 20
370.939453
  0
TEXT
  8
2
 10
3161.373535
 20
370.939453
 40
0.000000
 50
0.000000
  1
# 25
  0
POINT
  8
2
 10
3175.916504
 20
561.783203
  0
TEXT
  8
2
 10
3175.916504
 20
561.783203
 40
0.000000
 50
0.000000
  1
# 26
  0
POINT
  8
2
 10
3288.451172
 20
605.197266
  0
TEXT
  8
2
 10
3288.451172
 20
605.197266
 40
0.000000
 50
0.000000
  1
# 27
  0
POINT
  8
2
 10
3369.999512
 20
576.158203
  0
TEXT
  8
2
 10
3369.999512
 20
576.158203
 40
0.000000
 50
0.000000
  1
# 28
  0
POINT
  8
2
 10
3451.548340
 20
605.197266
  0
TEXT
  8
2
 10
3451.548340
 20
605.197266
 40
0.000000
 50
0.000000
  1
# 29
  0
POINT
  8
2
 10
3564.083496
 20
561.783203
  0
TEXT
  8
2
 10
3564.083496
 20
561.783203
 40
0.000000
 50
0.000000
  1
# 30
  0
POINT
  8
2
 10
3578.626465
 20
370.939453
  0
TEXT
  8
2
 10
3578.626465
 20
370.939453
 40
0.000000
 50
0.000000
  1
# 31
  0
POINT
  8
2
 10
3553.927246
 20
98.556641
  0
TEXT
  8
2
 10
3553.927246
 20
98.556641
 40
0.000000
 50
0.000000
  1
# 32
  0
POINT
  8
2
 10
3553.976074
 20
77.599609
  0
TEXT
  8
2
 10
3553.976074
 20
77.599609
 40
0.000000
 50
0.000000
  1
# 33
  0
POINT
  8
2
 10
3369.999512
 20
74.802734
  0
TEXT
  8
2
 10
3369.999512
 20
74.802734
 40
0.000000
 50
0.000000
  1
# 34
  0
POINT
  8
2
 10
3186.022949
 20
77.599609
  0
TEXT
  8
2
 10
3186.022949
 20
77.599609
 40
0.000000
 50
0.000000
  1
# 35
  0
POINT
  8
3
 10
3186.701958
 20
113.764301
  0
POINT
  8
3
 10
3187.327056
 20
128.857684
  0
POINT
  8
3
 10
3187.951336
 20
143.940342
  0
POINT
  8
3
 10
3188.577202
 20
159.124919
  0
POINT
  8
3
 10
3189.164596
 20
174.231618
  0
POINT
  8
3
 10
3189.661749
 20
189.341021
  0
POINT
  8
3
 10
3189.898872
 20
198.609073
  0
POINT
  8
3
 10
3189.898927
 20
198.611377
  0
POINT
  8
3
 10
3190.056330
 20
204.444304
  0
POINT
  8
3
 10
3190.409623
 20
219.292610
  0
POINT
  8
3
 10
3190.384350
 20
227.734663
  0
POINT
  8
3
 10
3190.128844
 20
234.693224
  0
POINT
  8
3
 10
3189.653280
 20
241.079516
  0
POINT
  8
3
 10
3188.929161
 20
247.403797
  0
POINT
  8
3
 10
3187.899097
 20
254.078965
  0
POINT
  8
3
 10
3186.518767
 20
261.321314
  0
POINT
  8
3
 10
3184.670879
 20
269.599608
  0
POINT
  8
3
 10
3182.330871
 20
278.856609
  0
POINT
  8
3
 10
3178.654096
 20
292.071748
  0
POINT
  8
3
 10
3174.531035
 20
306.695754
  0
POINT
  8
3
 10
3172.949767
 20
312.294712
  0
POINT
  8
3
 10
3172.949640
 20
312.295156
  0
POINT
  8
3
 10
3170.461246
 20
321.259552
  0
POINT
  8
3
 10
3168.435746
 20
329.501934
  0
POINT
  8
3
 10
3166.522995
 20
338.306792
  0
POINT
  8
3
 10
3164.984042
 20
346.548374
  0
POINT
  8
3
 10
3163.673636
 20
354.940899
  0
POINT
  8
3
 10
3161.566327
 20
369.680297
  0
POINT
  8
3
 10
3168.194356
 20
373.176273
  0
POINT
  8
3
 10
3172.980587
 20
374.714452
  0
POINT
  8
3
 10
3176.527645
 20
376.120424
  0
POINT
  8
3
 10
3179.682540
 20
377.622218
  0
POINT
  8
3
 10
3182.459444
 20
379.204479
  0
POINT
  8
3
 10
3184.849857
 20
380.852886
  0
POINT
  8
3
 10
3187.013563
 20
382.652917
  0
POINT
  8
3
 10
3189.165433
 20
384.778530
  0
POINT
  8
3
 10
3191.183536
 20
387.120522
  0
POINT
  8
3
 10
3193.174707
 20
389.828617
  0
POINT
  8
3
 10
3194.956624
 20
392.672796
  0
POINT
  8
3
 10
3196.627337
 20
395.821040
  0
POINT
  8
3
 10
3198.044244
 20
399.015119
  0
POINT
  8
3
 10
3199.263837
 20
402.373217
  0
POINT
  8
3
 10
3200.294309
 20
405.931267
  0
POINT
  8
3
 10
3201.139322
 20
409.741601
  0
POINT
  8
3
 10
3201.813763
 20
413.988663
  0
POINT
  8
3
 10
3202.300890
 20
418.661562
  0
POINT
  8
3
 10
3202.487738
 20
422.761031
  0
POINT
  8
3
 10
3202.499512
 20
427.033182
  0
POINT
  8
3
 10
3202.499541
 20
427.039387
  0
POINT
  8
3
 10
3202.455928
 20
432.923944
  0
POINT
  8
3
 10
3202.088623
 20
438.961745
  0
POINT
  8
3
 10
3201.155269
 20
449.512579
  0
POINT
  8
3
 10
3200.223277
 20
457.441012
  0
POINT
  8
3
 10
3199.085479
 20
465.042601
  0
POINT
  8
3
 10
3197.442485
 20
474.165791
  0
POINT
  8
3
 10
3194.979297
 20
486.280749
  0
POINT
  8
3
 10
3191.767739
 20
500.955957
  0
POINT
  8
3
 10
3188.481144
 20
515.165174
  0
POINT
  8
3
 10
3185.466470
 20
527.155099
  0
POINT
  8
3
 10
3181.969652
 20
539.975867
  0
POINT
  8
3
 10
3177.916392
 20
554.461613
  0
POINT
  8
3
 10
3292.208177
 20
600.022627
  0
POINT
  8
3
 10
3295.976093
 20
594.522410
  0
POINT
  8
3
 10
3298.725071
 20
591.142611
  0
POINT
  8
3
 10
3300.094095
 20
589.536193
  0
POINT
  8
3
 10
3302.049284
 20
587.640392
  0
POINT
  8
3
 10
3304.351963
 20
585.743882
  0
POINT
  8
3
 10
3306.536742
 20
584.265290
  0
POINT
  8
3
 10
3309.236106
 20
582.743743
  0
POINT
  8
3
 10
3311.576087
 20
581.685480
  0
POINT
  8
3
 10
3313.596777
 20
580.923791
  0
POINT
  8
3
 10
3313.598375
 20
580.923181
  0
POINT
  8
3
 10
3316.837902
 20
579.768317
  0
POINT
  8
3
 10
3320.533812
 20
578.822708
  0
POINT
  8
3
 10
3325.012695
 20
577.919922
  0
POINT
  8
3
 10
3329.673720
 20
577.248278
  0
POINT
  8
3
 10
3335.197976
 20
576.723336
  0
POINT
  8
3
 10
3341.119625
 20
576.413824
  0
POINT
  8
3
 10
3352.010041
 20
576.231880
  0
POINT
  8
3
 10
3366.978315
 20
576.158174
  0
POINT
  8
3
 10
3369.999512
 20
576.158203
  0
POINT
  8
3
 10
3385.196583
 20
576.208299
  0
POINT
  8
3
 10
3398.412209
 20
576.399125
  0
POINT
  8
3
 10
3404.523414
 20
576.702503
  0
POINT
  8
3
 10
3409.997955
 20
577.211112
  0
POINT
  8
3
 10
3414.861440
 20
577.898666
  0
POINT
  8
3
 10
3419.148276
 20
578.743801
  0
POINT
  8
3
 10
3422.970769
 20
579.735122
  0
POINT
  8
3
 10
3426.437205
 20
580.882818
  0
POINT
  8
3
 10
3429.524503
 20
582.162221
  0
POINT
  8
3
 10
3432.309341
 20
583.582642
  0
POINT
  8
3
 10
3434.689417
 20
585.058075
  0
POINT
  8
3
 10
3436.791201
 20
586.645080
  0
POINT
  8
3
 10
3439.068368
 20
588.680758
  0
POINT
  8
3
 10
3440.743124
 20
590.489702
  0
POINT
  8
3
 10
3441.274426
 20
591.142593
  0
POINT
  8
3
 10
3444.418198
 20
595.055866
  0
POINT
  8
3
 10
3449.764668
 20
602.803699
  0
POINT
  8
3
 10
3560.054341
 20
547.169685
  0
POINT
  8
3
 10
3556.006965
 20
532.673617
  0
POINT
  8
3
 10
3552.927264
 20
520.892934
  0
POINT
  8
3
 10
3549.944570
 20
508.495041
  0
POINT
  8
3
 10
3546.634486
 20
493.739491
  0
POINT
  8
3
 10
3543.566270
 20
479.279302
  0
POINT
  8
3
 10
3541.551386
 20
468.748506
  0
POINT
  8
3
 10
3540.228271
 20
460.661197
  0
POINT
  8
3
 10
3539.215637
 20
452.932875
  0
POINT
  8
3
 10
3538.344787
 20
444.216554
  0
POINT
  8
3
 10
3537.636193
 20
434.912038
  0
POINT
  8
3
 10
3537.482910
 20
430.103516
  0
POINT
  8
3
 10
3537.499968
 20
427.040109
  0
POINT
  8
3
 10
3537.500000
 20
427.033256
  0
POINT
  8
3
 10
3537.591501
 20
420.343906
  0
POINT
  8
3
 10
3537.938705
 20
416.056469
  0
POINT
  8
3
 10
3538.557886
 20
411.454960
  0
POINT
  8
3
 10
3539.325799
 20
407.504623
  0
POINT
  8
3
 10
3540.275391
 20
403.857422
  0
POINT
  8
3
 10
3541.462801
 20
400.286575
  0
POINT
  8
3
 10
3542.823921
 20
396.986944
  0
POINT
  8
3
 10
3544.416515
 20
393.788789
  0
POINT
  8
3
 10
3546.160703
 20
390.835682
  0
POINT
  8
3
 10
3548.076681
 20
388.075334
  0
POINT
  8
3
 10
3550.110895
 20
385.576156
  0
POINT
  8
3
 10
3552.248449
 20
383.341373
  0
POINT
  8
3
 10
3554.414543
 20
381.428860
  0
POINT
  8
3
 10
3556.681987
 20
379.760269
  0
POINT
  8
3
 10
3559.207379
 20
378.220015
  0
POINT
  8
3
 10
3562.274858
 20
376.658932
  0
POINT
  8
3
 10
3565.710081
 20
375.202033
  0
POINT
  8
3
 10
3569.310746
 20
373.941691
  0
POINT
  8
3
 10
3576.621503
 20
371.629425
  0
POINT
  8
3
 10
3576.608185
 20
356.948943
  0
POINT
  8
3
 10
3575.236883
 20
347.862975
  0
POINT
  8
3
 10
3573.767438
 20
339.766209
  0
POINT
  8
3
 10
3571.952835
 20
331.203803
  0
POINT
  8
3
 10
3569.868776
 20
322.535838
  0
POINT
  8
3
 10
3567.709926
 20
314.610745
  0
POINT
  8
3
 10
3567.050288
 20
312.294904
  0
POINT
  8
3
 10
3567.050288
 20
312.294904
  0
POINT
  8
3
 10
3563.602098
 20
300.040159
  0
POINT
  8
3
 10
3559.489824
 20
285.509652
  0
POINT
  8
3
 10
3556.646314
 20
274.934942
  0
POINT
  8
3
 10
3554.547940
 20
266.241064
  0
POINT
  8
3
 10
3552.905014
 20
258.455655
  0
POINT
  8
3
 10
3551.657466
 20
251.409140
  0
POINT
  8
3
 10
3550.752854
 20
244.894772
  0
POINT
  8
3
 10
3550.139877
 20
238.701251
  0
POINT
  8
3
 10
3549.745550
 20
232.082080
  0
POINT
  8
3
 10
3549.577352
 20
224.884441
  0
POINT
  8
3
 10
3549.643383
 20
215.800047
  0
POINT
  8
3
 10
3550.048311
 20
200.687299
  0
POINT
  8
3
 10
3550.100586
 20
198.611319
  0
POINT
  8
3
 10
3550.100641
 20
198.608997
  0
POINT
  8
3
 10
3550.453405
 20
185.473424
  0
POINT
  8
3
 10
3550.979155
 20
170.364854
  0
POINT
  8
3
 10
3551.580900
 20
155.258628
  0
POINT
  8
3
 10
3552.207652
 20
140.097589
  0
POINT
  8
3
 10
3552.828271
 20
125.100988
  0
POINT
  8
3
 10
3553.448316
 20
110.122845
  0
POINT
  8
3
 10
3538.086638
 20
77.088931
  0
POINT
  8
3
 10
3522.252705
 20
76.634219
  0
POINT
  8
3
 10
3506.789593
 20
76.248244
  0
POINT
  8
3
 10
3491.648307
 20
75.941157
  0
POINT
  8
3
 10
3475.798301
 20
75.685865
  0
POINT
  8
3
 10
3459.947433
 20
75.474662
  0
POINT
  8
3
 10
3444.420860
 20
75.288506
  0
POINT
  8
3
 10
3428.569664
 20
75.116237
  0
POINT
  8
3
 10
3412.718300
 20
74.974732
  0
POINT
  8
3
 10
3397.606919
 20
74.880475
  0
POINT
  8
3
 10
3382.317358
 20
74.824900
  0
POINT
  8
3
 10
3353.982987
 20
74.835397
  0
POINT
  8
3
 10
3337.998143
 20
74.903255
  0
POINT
  8
3
 10
3322.158011
 20
75.016284
  0
POINT
  8
3
 10
3306.306715
 20
75.169196
  0
POINT
  8
3
 10
3290.455548
 20
75.348546
  0
POINT
  8
3
 10
3275.324448
 20
75.534464
  0
POINT
  8
3
 10
3259.473773
 20
75.756309
  0
POINT
  8
3
 10
3243.624144
 20
76.029392
  0
POINT
  8
3
 10
3228.130100
 20
76.367738
  0
POINT
  8
3
 10
3213.049904
 20
76.763413
  0
POINT
  8
3
 10
3198.238667
 20
77.201950
  0
POINT
  8
3
 10
3189.898927
 20
198.611377
  0
TEXT
  8
3
 10
3189.898927
 20
198.611377
 40
0.000000
 50
0.000000
  1
# 36
  0
POINT
  8
3
 10
3172.949767
 20
312.294712
  0
TEXT
  8
3
 10
3172.949767
 20
312.294712
 40
0.000000
 50
0.000000
  1
# 37
  0
POINT
  8
3
 10
3202.499512
 20
427.033182
  0
TEXT
  8
3
 10
3202.499512
 20
427.033182
 40
0.000000
 50
0.000000
  1
# 38
  0
POINT
  8
3
 10
3298.725071
 20
591.142611
  0
TEXT
  8
3
 10
3298.725071
 20
591.142611
 40
0.000000
 50
0.000000
  1
# 39
  0
POINT
  8
3
 10
3313.596777
 20
580.923791
  0
TEXT
  8
3
 10
3313.596777
 20
580.923791
 40
0.000000
 50
0.000000
  1
# 40
  0
POINT
  8
3
 10
3441.274426
 20
591.142593
  0
TEXT
  8
3
 10
3441.274426
 20
591.142593
 40
0.000000
 50
0.000000
  1
# 41
  0
POINT
  8
3
 10
3537.500000
 20
427.033256
  0
TEXT
  8
3
 10
3537.500000
 20
427.033256
 40
0.000000
 50
0.000000
  1
# 42
  0
POINT
  8
3
 10
3567.050288
 20
312.294904
  0
TEXT
  8
3
 10
3567.050288
 20
312.294904
 40
0.000000
 50
0.000000
  1
# 43
  0
POINT
  8
3
 10
3550.100586
 20
198.611319
  0
TEXT
  8
3
 10
3550.100586
 20
198.611319
 40
0.000000
 50
0.000000
  1
# 44
  0
POINT
  8
4
 10
3189.898872
 20
198.609073
 30
1.000000
 50
358.67
  0
TEXT
  8
4
 10
3189.898872
 20
198.609073
 40
0.000000
 50
0.000000
  1
# 45
  0
POINT
  8
4
 10
3172.949640
 20
312.295156
 30
1.000000
 50
 15.72
  0
TEXT
  8
4
 10
3172.949640
 20
312.295156
 40
0.000000
 50
0.000000
  1
# 46
  0
POINT
  8
4
 10
3202.499541
 20
427.039387
 30
1.000000
 50
359.68
  0
TEXT
  8
4
 10
3202.499541
 20
427.039387
 40
0.000000
 50
0.000000
  1
# 47
  0
POINT
  8
4
 10
3313.598375
 20
580.923181
 30
1.000000
 50
249.11
  0
TEXT
  8
4
 10
3313.598375
 20
580.923181
 40
0.000000
 50
0.000000
  1
# 48
  0
POINT
  8
4
 10
3369.999512
 20
576.158203
 30
1.000000
 50
269.94
  0
TEXT
  8
4
 10
3369.999512
 20
576.158203
 40
0.000000
 50
0.000000
  1
# 49
  0
POINT
  8
4
 10
3537.499968
 20
427.040109
 30
1.000000
 50
180.32
  0
TEXT
  8
4
 10
3537.499968
 20
427.040109
 40
0.000000
 50
0.000000
  1
# 50
  0
POINT
  8
4
 10
3567.050288
 20
312.294904
 30
1.000000
 50
164.28
  0
TEXT
  8
4
 10
3567.050288
 20
312.294904
 40
0.000000
 50
0.000000
  1
# 51
  0
POINT
  8
4
 10
3550.100641
 20
198.608997
 30
1.000000
 50
181.33
  0
TEXT
  8
4
 10
3550.100641
 20
198.608997
 40
0.000000
 50
0.000000
  1
# 52
  0
POLYLINE
  8
11
  66
1
  70
0
  0
VERTEX
  8
1
  10
3194.071777
  20
98.380859
  0
VERTEX
  8
1
  10
3194.726220
  20
113.711617
  0
VERTEX
  8
1
  10
3195.352565
  20
128.755370
  0
VERTEX
  8
1
  10
3195.967113
  20
143.928264
  0
VERTEX
  8
1
  10
3196.562040
  20
159.185743
  0
VERTEX
  8
1
  10
3197.119792
  20
174.348941
  0
VERTEX
  8
1
  10
3197.631831
  20
189.513659
  0
VERTEX
  8
1
  10
3197.906710
  20
198.426801
  0
VERTEX
  8
1
  10
3197.906738
  20
198.427732
  0
VERTEX
  8
1
  10
3198.099429
  20
204.770311
  0
VERTEX
  8
1
  10
3198.403477
  20
218.285152
  0
VERTEX
  8
1
  10
3198.389883
  20
227.399692
  0
VERTEX
  8
1
  10
3198.147375
  20
234.570738
  0
VERTEX
  8
1
  10
3197.694336
  20
240.998047
  0
VERTEX
  8
1
  10
3196.974216
  20
247.580150
  0
VERTEX
  8
1
  10
3195.970727
  20
254.332129
  0
VERTEX
  8
1
  10
3194.624257
  20
261.617547
  0
VERTEX
  8
1
  10
3192.886796
  20
269.609839
  0
VERTEX
  8
1
  10
3190.638451
  20
278.716464
  0
VERTEX
  8
1
  10
3187.531526
  20
290.141314
  0
VERTEX
  8
1
  10
3183.330251
  20
304.798402
  0
VERTEX
  8
1
  10
3180.593351
  20
314.446945
  0
VERTEX
  8
1
  10
3180.593228
  20
314.447386
  0
VERTEX
  8
1
  10
3179.282211
  20
319.236879
  0
VERTEX
  8
1
  10
3176.837126
  20
328.769012
  0
VERTEX
  8
1
  10
3174.928442
  20
337.156203
  0
VERTEX
  8
1
  10
3173.341621
  20
345.233228
  0
VERTEX
  8
1
  10
3171.944624
  20
353.670844
  0
VERTEX
  8
1
  10
3170.448730
  20
364.521484
  0
SEQEND
  8
11
  0
POINT
  8
2
 10
3194.071777
 20
98.380859
  0
TEXT
  8
2
 10
3194.071777
 20
98.380859
 40
0.000000
 50
0.000000
  1
# 53
  0
POINT
  8
2
 10
3170.448730
 20
364.521484
  0
TEXT
  8
2
 10
3170.448730
 20
364.521484
 40
0.000000
 50
0.000000
  1
# 54
  0
POINT
  8
3
 10
3194.726220
 20
113.711617
  0
POINT
  8
3
 10
3195.352565
 20
128.755370
  0
POINT
  8
3
 10
3195.967113
 20
143.928264
  0
POINT
  8
3
 10
3196.562040
 20
159.185743
  0
POINT
  8
3
 10
3197.119792
 20
174.348941
  0
POINT
  8
3
 10
3197.631831
 20
189.513659
  0
POINT
  8
3
 10
3197.906710
 20
198.426801
  0
POINT
  8
3
 10
3197.906738
 20
198.427732
  0
POINT
  8
3
 10
3198.099429
 20
204.770311
  0
POINT
  8
3
 10
3198.403477
 20
218.285152
  0
POINT
  8
3
 10
3198.389883
 20
227.399692
  0
POINT
  8
3
 10
3198.147375
 20
234.570738
  0
POINT
  8
3
 10
3197.694336
 20
240.998047
  0
POINT
  8
3
 10
3196.974216
 20
247.580150
  0
POINT
  8
3
 10
3195.970727
 20
254.332129
  0
POINT
  8
3
 10
3194.624257
 20
261.617547
  0
POINT
  8
3
 10
3192.886796
 20
269.609839
  0
POINT
  8
3
 10
3190.638451
 20
278.716464
  0
POINT
  8
3
 10
3187.531526
 20
290.141314
  0
POINT
  8
3
 10
3183.330251
 20
304.798402
  0
POINT
  8
3
 10
3180.593351
 20
314.446945
  0
POINT
  8
3
 10
3180.593228
 20
314.447386
  0
POINT
  8
3
 10
3179.282211
 20
319.236879
  0
POINT
  8
3
 10
3176.837126
 20
328.769012
  0
POINT
  8
3
 10
3174.928442
 20
337.156203
  0
POINT
  8
3
 10
3173.341621
 20
345.233228
  0
POINT
  8
3
 10
3171.944624
 20
353.670844
  0
POINT
  8
3
 10
3197.906738
 20
198.427732
  0
TEXT
  8
3
 10
3197.906738
 20
198.427732
 40
0.000000
 50
0.000000
  1
# 55
  0
POINT
  8
3
 10
3180.593228
 20
314.447386
  0
TEXT
  8
3
 10
3180.593228
 20
314.447386
 40
0.000000
 50
0.000000
  1
# 56
  0
POINT
  8
4
 10
3197.906710
 20
198.426801
 30
1.000000
 50
358.30
  0
TEXT
  8
4
 10
3197.906710
 20
198.426801
 40
0.000000
 50
0.000000
  1
# 57
  0
POINT
  8
4
 10
3180.593351
 20
314.446945
 30
1.000000
 50
 15.53
  0
TEXT
  8
4
 10
3180.593351
 20
314.446945
 40
0.000000
 50
0.000000
  1
# 58
  0
POLYLINE
  8
11
  66
1
  70
0
  0
VERTEX
  8
1
  10
3170.448730
  20
364.521484
  0
VERTEX
  8
1
  10
3175.114200
  20
365.921752
  0
VERTEX
  8
1
  10
3178.851010
  20
367.331126
  0
VERTEX
  8
1
  10
3182.509292
  20
368.970006
  0
VERTEX
  8
1
  10
3185.767095
  20
370.694431
  0
VERTEX
  8
1
  10
3188.650193
  20
372.502687
  0
VERTEX
  8
1
  10
3191.200219
  20
374.397254
  0
VERTEX
  8
1
  10
3193.687144
  20
376.568491
  0
VERTEX
  8
1
  10
3196.085274
  20
379.007383
  0
VERTEX
  8
1
  10
3198.383218
  20
381.713713
  0
VERTEX
  8
1
  10
3200.548309
  20
384.664855
  0
VERTEX
  8
1
  10
3202.533194
  20
387.797841
  0
VERTEX
  8
1
  10
3204.371428
  20
391.175780
  0
VERTEX
  8
1
  10
3205.994804
  20
394.689432
  0
VERTEX
  8
1
  10
3207.373604
  20
398.262109
  0
VERTEX
  8
1
  10
3208.561628
  20
402.025089
  0
VERTEX
  8
1
  10
3209.567776
  20
406.042643
  0
VERTEX
  8
1
  10
3210.386523
  20
410.374239
  0
VERTEX
  8
1
  10
3210.984538
  20
414.895773
  0
VERTEX
  8
1
  10
3211.376184
  20
419.760908
  0
VERTEX
  8
1
  10
3211.553196
  20
425.144018
  0
VERTEX
  8
1
  10
3211.560547
  20
426.982325
  0
VERTEX
  8
1
  10
3211.560529
  20
426.988994
  0
VERTEX
  8
1
  10
3211.489236
  20
431.213141
  0
VERTEX
  8
1
  10
3211.143020
  20
438.303392
  0
VERTEX
  8
1
  10
3210.439944
  20
447.119409
  0
VERTEX
  8
1
  10
3209.504962
  20
455.789798
  0
VERTEX
  8
1
  10
3208.425945
  20
463.630258
  0
VERTEX
  8
1
  10
3207.017752
  20
471.941320
  0
VERTEX
  8
1
  10
3204.849019
  20
483.045652
  0
VERTEX
  8
1
  10
3201.687569
  20
497.795298
  0
VERTEX
  8
1
  10
3198.374866
  20
512.457915
  0
VERTEX
  8
1
  10
3195.401806
  20
524.647450
  0
VERTEX
  8
1
  10
3191.952537
  20
537.718384
  0
VERTEX
  8
1
  10
3187.918827
  20
552.120439
  0
VERTEX
  8
1
  10
3186.711426
  20
556.302734
  0
SEQEND
  8
11
  0
POINT
  8
2
 10
3170.448730
 20
364.521484
  0
TEXT
  8
2
 10
3170.448730
 20
364.521484
 40
0.000000
 50
0.000000
  1
# 59
  0
POINT
  8
2
 10
3186.711426
 20
556.302734
  0
TEXT
  8
2
 10
3186.711426
 20
556.302734
 40
0.000000
 50
0.000000
  1
# 60
  0
POINT
  8
3
 10
3175.114200
 20
365.921752
  0
POINT
  8
3
 10
3178.851010
 20
367.331126
  0
POINT
  8
3
 10
3182.509292
 20
368.970006
  0
POINT
  8
3
 10
3185.767095
 20
370.694431
  0
POINT
  8
3
 10
3188.650193
 20
372.502687
  0
POINT
  8
3
 10
3191.200219
 20
374.397254
  0
POINT
  8
3
 10
3193.687144
 20
376.568491
  0
POINT
  8
3
 10
3196.085274
 20
379.007383
  0
POINT
  8
3
 10
3198.383218
 20
381.713713
  0
POINT
  8
3
 10
3200.548309
 20
384.664855
  0
POINT
  8
3
 10
3202.533194
 20
387.797841
  0
POINT
  8
3
 10
3204.371428
 20
391.175780
  0
POINT
  8
3
 10
3205.994804
 20
394.689432
  0
POINT
  8
3
 10
3207.373604
 20
398.262109
  0
POINT
  8
3
 10
3208.561628
 20
402.025089
  0
POINT
  8
3
 10
3209.567776
 20
406.042643
  0
POINT
  8
3
 10
3210.386523
 20
410.374239
  0
POINT
  8
3
 10
3210.984538
 20
414.895773
  0
POINT
  8
3
 10
3211.376184
 20
419.760908
  0
POINT
  8
3
 10
3211.553196
 20
425.144018
  0
POINT
  8
3
 10
3211.560547
 20
426.982325
  0
POINT
  8
3
 10
3211.560529
 20
426.988994
  0
POINT
  8
3
 10
3211.489236
 20
431.213141
  0
POINT
  8
3
 10
3211.143020
 20
438.303392
  0
POINT
  8
3
 10
3210.439944
 20
447.119409
  0
POINT
  8
3
 10
3209.504962
 20
455.789798
  0
POINT
  8
3
 10
3208.425945
 20
463.630258
  0
POINT
  8
3
 10
3207.017752
 20
471.941320
  0
POINT
  8
3
 10
3204.849019
 20
483.045652
  0
POINT
  8
3
 10
3201.687569
 20
497.795298
  0
POINT
  8
3
 10
3198.374866
 20
512.457915
  0
POINT
  8
3
 10
3195.401806
 20
524.647450
  0
POINT
  8
3
 10
3191.952537
 20
537.718384
  0
POINT
  8
3
 10
3187.918827
 20
552.120439
  0
POINT
  8
3
 10
3211.560547
 20
426.982325
  0
TEXT
  8
3
 10
3211.560547
 20
426.982325
 40
0.000000
 50
0.000000
  1
# 61
  0
POINT
  8
4
 10
3211.560529
 20
426.988994
 30
1.000000
 50
  0.15
  0
TEXT
  8
4
 10
3211.560529
 20
426.988994
 40
0.000000
 50
0.000000
  1
# 62
  0
POLYLINE
  8
11
  66
1
  70
0
  0
VERTEX
  8
1
  10
3186.711426
  20
556.302734
  0
VERTEX
  8
1
  10
3286.250977
  20
594.701172
  0
SEQEND
  8
11
  0
POINT
  8
2
 10
3186.711426
 20
556.302734
  0
TEXT
  8
2
 10
3186.711426
 20
556.302734
 40
0.000000
 50
0.000000
  1
# 63
  0
POINT
  8
2
 10
3286.250977
 20
594.701172
  0
TEXT
  8
2
 10
3286.250977
 20
594.701172
 40
0.000000
 50
0.000000
  1
# 64
  0
POLYLINE
  8
11
  66
1
  70
0
  0
VERTEX
  8
1
  10
3286.250977
  20
594.701172
  0
VERTEX
  8
1
  10
3289.135943
  20
590.345256
  0
VERTEX
  8
1
  10
3291.376460
  20
587.389319
  0
VERTEX
  8
1
  10
3293.871888
  20
584.509907
  0
VERTEX
  8
1
  10
3296.315194
  20
582.048161
  0
VERTEX
  8
1
  10
3298.636860
  20
580.048252
  0
VERTEX
  8
1
  10
3301.115148
  20
578.239291
  0
VERTEX
  8
1
  10
3303.819913
  20
576.578670
  0
VERTEX
  8
1
  10
3306.799157
  20
575.048940
  0
VERTEX
  8
1
  10
3310.083050
  20
573.649034
  0
VERTEX
  8
1
  10
3310.726660
  20
573.404260
  0
VERTEX
  8
1
  10
3310.728385
  20
573.403616
  0
VERTEX
  8
1
  10
3313.641247
  20
572.402979
  0
VERTEX
  8
1
  10
3317.556371
  20
571.305352
  0
VERTEX
  8
1
  10
3321.898924
  20
570.352941
  0
VERTEX
  8
1
  10
3326.623657
  20
569.577413
  0
VERTEX
  8
1
  10
3331.933805
  20
568.967461
  0
VERTEX
  8
1
  10
3337.778346
  20
568.549823
  0
VERTEX
  8
1
  10
3344.887956
  20
568.320337
  0
VERTEX
  8
1
  10
3359.943332
  20
568.175281
  0
VERTEX
  8
1
  10
3369.999512
  20
568.158203
  0
VERTEX
  8
1
  10
3369.999512
  20
568.158203
  0
SEQEND
  8
11
  0
POINT
  8
2
 10
3286.250977
 20
594.701172
  0
TEXT
  8
2
 10
3286.250977
 20
594.701172
 40
0.000000
 50
0.000000
  1
# 65
  0
POINT
  8
2
 10
3369.999512
 20
568.158203
  0
TEXT
  8
2
 10
3369.999512
 20
568.158203
 40
0.000000
 50
0.000000
  1
# 66
  0
POINT
  8
3
 10
3289.135943
 20
590.345256
  0
POINT
  8
3
 10
3291.376460
 20
587.389319
  0
POINT
  8
3
 10
3293.871888
 20
584.509907
  0
POINT
  8
3
 10
3296.315194
 20
582.048161
  0
POINT
  8
3
 10
3298.636860
 20
580.048252
  0
POINT
  8
3
 10
3301.115148
 20
578.239291
  0
POINT
  8
3
 10
3303.819913
 20
576.578670
  0
POINT
  8
3
 10
3306.799157
 20
575.048940
  0
POINT
  8
3
 10
3310.083050
 20
573.649034
  0
POINT
  8
3
 10
3310.726660
 20
573.404260
  0
POINT
  8
3
 10
3310.728385
 20
573.403616
  0
POINT
  8
3
 10
3313.641247
 20
572.402979
  0
POINT
  8
3
 10
3317.556371
 20
571.305352
  0
POINT
  8
3
 10
3321.898924
 20
570.352941
  0
POINT
  8
3
 10
3326.623657
 20
569.577413
  0
POINT
  8
3
 10
3331.933805
 20
568.967461
  0
POINT
  8
3
 10
3337.778346
 20
568.549823
  0
POINT
  8
3
 10
3344.887956
 20
568.320337
  0
POINT
  8
3
 10
3359.943332
 20
568.175281
  0
POINT
  8
3
 10
3369.999512
 20
568.158203
  0
POINT
  8
3
 10
3310.726660
 20
573.404260
  0
TEXT
  8
3
 10
3310.726660
 20
573.404260
 40
0.000000
 50
0.000000
  1
# 67
  0
POINT
  8
4
 10
3310.728385
 20
573.403616
 30
1.000000
 50
249.57
  0
TEXT
  8
4
 10
3310.728385
 20
573.403616
 40
0.000000
 50
0.000000
  1
# 68
  0
POINT
  8
4
 10
3369.999512
 20
568.158203
 30
1.000000
 50
269.80
  0
TEXT
  8
4
 10
3369.999512
 20
568.158203
 40
0.000000
 50
0.000000
  1
# 69
  0
POLYLINE
  8
11
  66
1
  70
0
  0
VERTEX
  8
1
  10
3369.999512
  20
568.158203
  0
VERTEX
  8
1
  10
3385.110069
  20
568.257538
  0
VERTEX
  8
1
  10
3396.251621
  20
568.333744
  0
VERTEX
  8
1
  10
3403.066094
  20
568.595261
  0
VERTEX
  8
1
  10
3408.863541
  20
569.042980
  0
VERTEX
  8
1
  10
3414.204926
  20
569.695170
  0
VERTEX
  8
1
  10
3418.815367
  20
570.491924
  0
VERTEX
  8
1
  10
3423.086986
  20
571.470589
  0
VERTEX
  8
1
  10
3426.894799
  20
572.576135
  0
VERTEX
  8
1
  10
3430.476528
  20
573.867048
  0
VERTEX
  8
1
  10
3433.668380
  20
575.270739
  0
VERTEX
  8
1
  10
3436.609419
  20
576.826305
  0
VERTEX
  8
1
  10
3439.249354
  20
578.485428
  0
VERTEX
  8
1
  10
3441.711445
  20
580.325540
  0
VERTEX
  8
1
  10
3444.033409
  20
582.378036
  0
VERTEX
  8
1
  10
3446.434310
  20
584.843768
  0
VERTEX
  8
1
  10
3448.916430
  20
587.762913
  0
VERTEX
  8
1
  10
3451.363579
  20
591.032707
  0
VERTEX
  8
1
  10
3453.748535
  20
594.701172
  0
SEQEND
  8
11
  0
POINT
  8
2
 10
3369.999512
 20
568.158203
  0
TEXT
  8
2
 10
3369.999512
 20
568.158203
 40
0.000000
 50
0.000000
  1
# 70
  0
POINT
  8
2
 10
3453.748535
 20
594.701172
  0
TEXT
  8
2
 10
3453.748535
 20
594.701172
 40
0.000000
 50
0.000000
  1
# 71
  0
POINT
  8
3
 10
3385.110069
 20
568.257538
  0
POINT
  8
3
 10
3396.251621
 20
568.333744
  0
POINT
  8
3
 10
3403.066094
 20
568.595261
  0
POINT
  8
3
 10
3408.863541
 20
569.042980
  0
POINT
  8
3
 10
3414.204926
 20
569.695170
  0
POINT
  8
3
 10
3418.815367
 20
570.491924
  0
POINT
  8
3
 10
3423.086986
 20
571.470589
  0
POINT
  8
3
 10
3426.894799
 20
572.576135
  0
POINT
  8
3
 10
3430.476528
 20
573.867048
  0
POINT
  8
3
 10
3433.668380
 20
575.270739
  0
POINT
  8
3
 10
3436.609419
 20
576.826305
  0
POINT
  8
3
 10
3439.249354
 20
578.485428
  0
POINT
  8
3
 10
3441.711445
 20
580.325540
  0
POINT
  8
3
 10
3444.033409
 20
582.378036
  0
POINT
  8
3
 10
3446.434310
 20
584.843768
  0
POINT
  8
3
 10
3448.916430
 20
587.762913
  0
POINT
  8
3
 10
3451.363579
 20
591.032707
  0
POLYLINE
  8
11
  66
1
  70
0
  0
VERTEX
  8
1
  10
3453.748535
  20
594.701172
  0
VERTEX
  8
1
  10
3553.287598
  20
556.302734
  0
SEQEND
  8
11
  0
POINT
  8
2
 10
3453.748535
 20
594.701172
  0
TEXT
  8
2
 10
3453.748535
 20
594.701172
 40
0.000000
 50
0.000000
  1
# 72
  0
POINT
  8
2
 10
3553.287598
 20
556.302734
  0
TEXT
  8
2
 10
3553.287598
 20
556.302734
 40
0.000000
 50
0.000000
  1
# 73
  0
POLYLINE
  8
11
  66
1
  70
0
  0
VERTEX
  8
1
  10
3553.287598
  20
556.302734
  0
VERTEX
  8
1
  10
3549.136458
  20
541.691430
  0
VERTEX
  8
1
  10
3545.509490
  20
528.201153
  0
VERTEX
  8
1
  10
3542.404354
  20
515.748931
  0
VERTEX
  8
1
  10
3539.182239
  20
501.754918
  0
VERTEX
  8
1
  10
3536.018960
  20
487.090385
  0
VERTEX
  8
1
  10
3533.440025
  20
474.410426
  0
VERTEX
  8
1
  10
3531.933699
  20
465.921414
  0
VERTEX
  8
1
  10
3530.779382
  20
458.029394
  0
VERTEX
  8
1
  10
3529.810373
  20
449.682086
  0
VERTEX
  8
1
  10
3529.030906
  20
440.810801
  0
VERTEX
  8
1
  10
3528.583029
  20
433.245969
  0
VERTEX
  8
1
  10
3528.438979
  20
426.988540
  0
VERTEX
  8
1
  10
3528.438965
  20
426.982422
  0
VERTEX
  8
1
  10
3528.438965
  20
426.982422
  0
VERTEX
  8
1
  10
3528.546839
  20
421.321608
  0
VERTEX
  8
1
  10
3528.883360
  20
416.231976
  0
VERTEX
  8
1
  10
3529.433292
  20
411.553929
  0
VERTEX
  8
1
  10
3530.193120
  20
407.170064
  0
VERTEX
  8
1
  10
3531.145834
  20
403.088260
  0
VERTEX
  8
1
  10
3532.286348
  20
399.258741
  0
VERTEX
  8
1
  10
3533.630674
  20
395.596869
  0
VERTEX
  8
1
  10
3535.185445
  20
392.075706
  0
VERTEX
  8
1
  10
3536.928268
  20
388.733564
  0
VERTEX
  8
1
  10
3538.869629
  20
385.537109
  0
VERTEX
  8
1
  10
3540.940344
  20
382.591737
  0
VERTEX
  8
1
  10
3543.164850
  20
379.844935
  0
VERTEX
  8
1
  10
3545.458686
  20
377.394668
  0
VERTEX
  8
1
  10
3547.860175
  20
375.175450
  0
VERTEX
  8
1
  10
3550.360573
  20
373.200361
  0
VERTEX
  8
1
  10
3553.036942
  20
371.408859
  0
VERTEX
  8
1
  10
3556.014261
  20
369.715797
  0
VERTEX
  8
1
  10
3559.476181
  20
368.045543
  0
VERTEX
  8
1
  10
3563.220768
  20
366.521412
  0
VERTEX
  8
1
  10
3567.001715
  20
365.234958
  0
VERTEX
  8
1
  10
3569.550293
  20
364.521484
  0
SEQEND
  8
11
  0
POINT
  8
2
 10
3553.287598
 20
556.302734
  0
TEXT
  8
2
 10
3553.287598
 20
556.302734
 40
0.000000
 50
0.000000
  1
# 74
  0
POINT
  8
2
 10
3569.550293
 20
364.521484
  0
TEXT
  8
2
 10
3569.550293
 20
364.521484
 40
0.000000
 50
0.000000
  1
# 75
  0
POINT
  8
3
 10
3549.136458
 20
541.691430
  0
POINT
  8
3
 10
3545.509490
 20
528.201153
  0
POINT
  8
3
 10
3542.404354
 20
515.748931
  0
POINT
  8
3
 10
3539.182239
 20
501.754918
  0
POINT
  8
3
 10
3536.018960
 20
487.090385
  0
POINT
  8
3
 10
3533.440025
 20
474.410426
  0
POINT
  8
3
 10
3531.933699
 20
465.921414
  0
POINT
  8
3
 10
3530.779382
 20
458.029394
  0
POINT
  8
3
 10
3529.810373
 20
449.682086
  0
POINT
  8
3
 10
3529.030906
 20
440.810801
  0
POINT
  8
3
 10
3528.583029
 20
433.245969
  0
POINT
  8
3
 10
3528.438979
 20
426.988540
  0
POINT
  8
3
 10
3528.438965
 20
426.982422
  0
POINT
  8
3
 10
3528.438965
 20
426.982422
  0
POINT
  8
3
 10
3528.546839
 20
421.321608
  0
POINT
  8
3
 10
3528.883360
 20
416.231976
  0
POINT
  8
3
 10
3529.433292
 20
411.553929
  0
POINT
  8
3
 10
3530.193120
 20
407.170064
  0
POINT
  8
3
 10
3531.145834
 20
403.088260
  0
POINT
  8
3
 10
3532.286348
 20
399.258741
  0
POINT
  8
3
 10
3533.630674
 20
395.596869
  0
POINT
  8
3
 10
3535.185445
 20
392.075706
  0
POINT
  8
3
 10
3536.928268
 20
388.733564
  0
POINT
  8
3
 10
3538.869629
 20
385.537109
  0
POINT
  8
3
 10
3540.940344
 20
382.591737
  0
POINT
  8
3
 10
3543.164850
 20
379.844935
  0
POINT
  8
3
 10
3545.458686
 20
377.394668
  0
POINT
  8
3
 10
3547.860175
 20
375.175450
  0
POINT
  8
3
 10
3550.360573
 20
373.200361
  0
POINT
  8
3
 10
3553.036942
 20
371.408859
  0
POINT
  8
3
 10
3556.014261
 20
369.715797
  0
POINT
  8
3
 10
3559.476181
 20
368.045543
  0
POINT
  8
3
 10
3563.220768
 20
366.521412
  0
POINT
  8
3
 10
3567.001715
 20
365.234958
  0
POINT
  8
3
 10
3528.438965
 20
426.982422
  0
TEXT
  8
3
 10
3528.438965
 20
426.982422
 40
0.000000
 50
0.000000
  1
# 76
  0
POINT
  8
4
 10
3528.438979
 20
426.988540
 30
1.000000
 50
179.85
  0
TEXT
  8
4
 10
3528.438979
 20
426.988540
 40
0.000000
 50
0.000000
  1
# 77
  0
POLYLINE
  8
11
  66
1
  70
0
  0
VERTEX
  8
1
  10
3569.550293
  20
364.521484
  0
VERTEX
  8
1
  10
3567.929047
  20
352.834609
  0
VERTEX
  8
1
  10
3566.520027
  20
344.474104
  0
VERTEX
  8
1
  10
3564.912965
  20
336.414241
  0
VERTEX
  8
1
  10
3563.004532
  20
328.120126
  0
VERTEX
  8
1
  10
3560.492849
  20
318.406835
  0
VERTEX
  8
1
  10
3559.406237
  20
314.447218
  0
VERTEX
  8
1
  10
3559.406114
  20
314.446776
  0
VERTEX
  8
1
  10
3556.421010
  20
303.930649
  0
VERTEX
  8
1
  10
3552.262683
  20
289.410021
  0
VERTEX
  8
1
  10
3549.185203
  20
278.039535
  0
VERTEX
  8
1
  10
3546.954181
  20
268.926469
  0
VERTEX
  8
1
  10
3545.225647
  20
260.868860
  0
VERTEX
  8
1
  10
3543.885666
  20
253.465620
  0
VERTEX
  8
1
  10
3542.921388
  20
246.768920
  0
VERTEX
  8
1
  10
3542.241047
  20
240.263112
  0
VERTEX
  8
1
  10
3541.808662
  20
233.701152
  0
VERTEX
  8
1
  10
3541.592954
  20
226.383426
  0
VERTEX
  8
1
  10
3541.607367
  20
217.792943
  0
VERTEX
  8
1
  10
3541.969398
  20
202.675540
  0
VERTEX
  8
1
  10
3542.092777
  20
198.427626
  0
VERTEX
  8
1
  10
3542.092831
  20
198.425792
  0
VERTEX
  8
1
  10
3542.429792
  20
187.644215
  0
VERTEX
  8
1
  10
3542.945028
  20
172.584573
  0
VERTEX
  8
1
  10
3543.502552
  20
157.490551
  0
VERTEX
  8
1
  10
3544.094610
  20
142.358019
  0
VERTEX
  8
1
  10
3544.711541
  20
127.223262
  0
VERTEX
  8
1
  10
3545.339504
  20
112.215298
  0
VERTEX
  8
1
  10
3545.928223
  20
98.380859
  0
SEQEND
  8
11
  0
POINT
  8
2
 10
3569.550293
 20
364.521484
  0
TEXT
  8
2
 10
3569.550293
 20
364.521484
 40
0.000000
 50
0.000000
  1
# 78
  0
POINT
  8
2
 10
3545.928223
 20
98.380859
  0
TEXT
  8
2
 10
3545.928223
 20
98.380859
 40
0.000000
 50
0.000000
  1
# 79
  0
POINT
  8
3
 10
3567.929047
 20
352.834609
  0
POINT
  8
3
 10
3566.520027
 20
344.474104
  0
POINT
  8
3
 10
3564.912965
 20
336.414241
  0
POINT
  8
3
 10
3563.004532
 20
328.120126
  0
POINT
  8
3
 10
3560.492849
 20
318.406835
  0
POINT
  8
3
 10
3559.406237
 20
314.447218
  0
POINT
  8
3
 10
3559.406114
 20
314.446776
  0
POINT
  8
3
 10
3556.421010
 20
303.930649
  0
POINT
  8
3
 10
3552.262683
 20
289.410021
  0
POINT
  8
3
 10
3549.185203
 20
278.039535
  0
POINT
  8
3
 10
3546.954181
 20
268.926469
  0
POINT
  8
3
 10
3545.225647
 20
260.868860
  0
POINT
  8
3
 10
3543.885666
 20
253.465620
  0
POINT
  8
3
 10
3542.921388
 20
246.768920
  0
POINT
  8
3
 10
3542.241047
 20
240.263112
  0
POINT
  8
3
 10
3541.808662
 20
233.701152
  0
POINT
  8
3
 10
3541.592954
 20
226.383426
  0
POINT
  8
3
 10
3541.607367
 20
217.792943
  0
POINT
  8
3
 10
3541.969398
 20
202.675540
  0
POINT
  8
3
 10
3542.092777
 20
198.427626
  0
POINT
  8
3
 10
3542.092831
 20
198.425792
  0
POINT
  8
3
 10
3542.429792
 20
187.644215
  0
POINT
  8
3
 10
3542.945028
 20
172.584573
  0
POINT
  8
3
 10
3543.502552
 20
157.490551
  0
POINT
  8
3
 10
3544.094610
 20
142.358019
  0
POINT
  8
3
 10
3544.711541
 20
127.223262
  0
POINT
  8
3
 10
3545.339504
 20
112.215298
  0
POINT
  8
3
 10
3559.406237
 20
314.447218
  0
TEXT
  8
3
 10
3559.406237
 20
314.447218
 40
0.000000
 50
0.000000
  1
# 80
  0
POINT
  8
3
 10
3542.092777
 20
198.427626
  0
TEXT
  8
3
 10
3542.092777
 20
198.427626
 40
0.000000
 50
0.000000
  1
# 81
  0
POINT
  8
4
 10
3559.406114
 20
314.446776
 30
1.000000
 50
164.47
  0
TEXT
  8
4
 10
3559.406114
 20
314.446776
 40
0.000000
 50
0.000000
  1
# 82
  0
POINT
  8
4
 10
3542.092831
 20
198.425792
 30
1.000000
 50
181.70
  0
TEXT
  8
4
 10
3542.092831
 20
198.425792
 40
0.000000
 50
0.000000
  1
# 83
  0
POLYLINE
  8
11
  66
1
  70
0
  0
VERTEX
  8
1
  10
3545.928223
  20
98.380859
  0
VERTEX
  8
1
  10
3530.257569
  20
97.879668
  0
VERTEX
  8
1
  10
3514.739897
  20
97.441437
  0
VERTEX
  8
1
  10
3499.309237
  20
97.092925
  0
VERTEX
  8
1
  10
3483.957777
  20
96.827753
  0
VERTEX
  8
1
  10
3468.932155
  20
96.609251
  0
VERTEX
  8
1
  10
3453.579816
  20
96.401164
  0
VERTEX
  8
1
  10
3438.227250
  20
96.213815
  0
VERTEX
  8
1
  10
3422.792559
  20
96.055975
  0
VERTEX
  8
1
  10
3407.439276
  20
95.936491
  0
VERTEX
  8
1
  10
3392.138736
  20
95.858912
  0
VERTEX
  8
1
  10
3377.070287
  20
95.814173
  0
VERTEX
  8
1
  10
3369.999512
  20
95.802734
  0
SEQEND
  8
11
  0
POINT
  8
2
 10
3545.928223
 20
98.380859
  0
TEXT
  8
2
 10
3545.928223
 20
98.380859
 40
0.000000
 50
0.000000
  1
# 84
  0
POINT
  8
2
 10
3369.999512
 20
95.802734
  0
TEXT
  8
2
 10
3369.999512
 20
95.802734
 40
0.000000
 50
0.000000
  1
# 85
  0
POINT
  8
3
 10
3530.257569
 20
97.879668
  0
POINT
  8
3
 10
3514.739897
 20
97.441437
  0
POINT
  8
3
 10
3499.309237
 20
97.092925
  0
POINT
  8
3
 10
3483.957777
 20
96.827753
  0
POINT
  8
3
 10
3468.932155
 20
96.609251
  0
POINT
  8
3
 10
3453.579816
 20
96.401164
  0
POINT
  8
3
 10
3438.227250
 20
96.213815
  0
POINT
  8
3
 10
3422.792559
 20
96.055975
  0
POINT
  8
3
 10
3407.439276
 20
95.936491
  0
POINT
  8
3
 10
3392.138736
 20
95.858912
  0
POINT
  8
3
 10
3377.070287
 20
95.814173
  0
POLYLINE
  8
11
  66
1
  70
0
  0
VERTEX
  8
1
  10
3369.999512
  20
95.802734
  0
VERTEX
  8
1
  10
3353.948040
  20
95.835413
  0
VERTEX
  8
1
  10
3338.831030
  20
95.899203
  0
VERTEX
  8
1
  10
3323.064836
  20
96.010695
  0
VERTEX
  8
1
  10
3308.051155
  20
96.154310
  0
VERTEX
  8
1
  10
3293.037579
  20
96.321820
  0
VERTEX
  8
1
  10
3277.869966
  20
96.504011
  0
VERTEX
  8
1
  10
3262.856704
  20
96.705591
  0
VERTEX
  8
1
  10
3247.844330
  20
96.951463
  0
VERTEX
  8
1
  10
3232.305716
  20
97.277417
  0
VERTEX
  8
1
  10
3217.117209
  20
97.672240
  0
VERTEX
  8
1
  10
3202.240022
  20
98.114951
  0
VERTEX
  8
1
  10
3194.071777
  20
98.380859
  0
SEQEND
  8
11
  0
POINT
  8
2
 10
3369.999512
 20
95.802734
  0
TEXT
  8
2
 10
3369.999512
 20
95.802734
 40
0.000000
 50
0.000000
  1
# 86
  0
POINT
  8
2
 10
3194.071777
 20
98.380859
  0
TEXT
  8
2
 10
3194.071777
 20
98.380859
 40
0.000000
 50
0.000000
  1
# 87
  0
POINT
  8
3
 10
3353.948040
 20
95.835413
  0
POINT
  8
3
 10
3338.831030
 20
95.899203
  0
POINT
  8
3
 10
3323.064836
 20
96.010695
  0
POINT
  8
3
 10
3308.051155
 20
96.154310
  0
POINT
  8
3
 10
3293.037579
 20
96.321820
  0
POINT
  8
3
 10
3277.869966
 20
96.504011
  0
POINT
  8
3
 10
3262.856704
 20
96.705591
  0
POINT
  8
3
 10
3247.844330
 20
96.951463
  0
POINT
  8
3
 10
3232.305716
 20
97.277417
  0
POINT
  8
3
 10
3217.117209
 20
97.672240
  0
POINT
  8
3
 10
3202.240022
 20
98.114951
  0
POLYLINE
  8
11
  66
1
  70
0
  0
VERTEX
  8
1
  10
3369.999512
  20
568.158203
  0
VERTEX
  8
1
  10
3369.999512
  20
568.158203
  0
VERTEX
  8
1
  10
3369.999512
  20
552.002612
  0
VERTEX
  8
1
  10
3369.999512
  20
536.557981
  0
VERTEX
  8
1
  10
3369.999512
  20
521.222677
  0
VERTEX
  8
1
  10
3369.999512
  20
505.556158
  0
VERTEX
  8
1
  10
3369.999512
  20
490.542111
  0
VERTEX
  8
1
  10
3369.999512
  20
475.528064
  0
VERTEX
  8
1
  10
3369.999512
  20
460.023999
  0
VERTEX
  8
1
  10
3369.999512
  20
445.009952
  0
VERTEX
  8
1
  10
3369.999512
  20
429.995905
  0
VERTEX
  8
1
  10
3369.999512
  20
414.620746
  0
VERTEX
  8
1
  10
3369.999512
  20
399.606699
  0
VERTEX
  8
1
  10
3369.999512
  20
384.592651
  0
VERTEX
  8
1
  10
3369.999512
  20
369.578604
  0
VERTEX
  8
1
  10
3369.999512
  20
354.001471
  0
VERTEX
  8
1
  10
3369.999512
  20
338.987424
  0
VERTEX
  8
1
  10
3369.999512
  20
323.973376
  0
VERTEX
  8
1
  10
3369.999512
  20
308.449780
  0
VERTEX
  8
1
  10
3369.999512
  20
293.435733
  0
VERTEX
  8
1
  10
3369.999512
  20
278.421686
  0
VERTEX
  8
1
  10
3369.999512
  20
263.916016
  0
VERTEX
  8
1
  10
3369.999512
  20
248.111755
  0
VERTEX
  8
1
  10
3369.999512
  20
233.097708
  0
VERTEX
  8
1
  10
3369.999512
  20
218.083661
  0
VERTEX
  8
1
  10
3369.999512
  20
202.572934
  0
VERTEX
  8
1
  10
3369.999512
  20
187.558887
  0
VERTEX
  8
1
  10
3369.999512
  20
172.544839
  0
VERTEX
  8
1
  10
3369.999512
  20
156.967706
  0
VERTEX
  8
1
  10
3369.999512
  20
141.953659
  0
VERTEX
  8
1
  10
3369.999512
  20
126.939612
  0
VERTEX
  8
1
  10
3369.999512
  20
111.925565
  0
VERTEX
  8
1
  10
3369.999512
  20
96.999750
  0
VERTEX
  8
1
  10
3369.999512
  20
95.802734
  0
SEQEND
  8
11
  0
POINT
  8
2
 10
3369.999512
 20
568.158203
  0
TEXT
  8
2
 10
3369.999512
 20
568.158203
 40
0.000000
 50
0.000000
  1
# 88
  0
POINT
  8
2
 10
3369.999512
 20
95.802734
  0
TEXT
  8
2
 10
3369.999512
 20
95.802734
 40
0.000000
 50
0.000000
  1
# 89
  0
POINT
  8
3
 10
3369.999512
 20
568.158203
  0
POINT
  8
3
 10
3369.999512
 20
552.002612
  0
POINT
  8
3
 10
3369.999512
 20
536.557981
  0
POINT
  8
3
 10
3369.999512
 20
521.222677
  0
POINT
  8
3
 10
3369.999512
 20
505.556158
  0
POINT
  8
3
 10
3369.999512
 20
490.542111
  0
POINT
  8
3
 10
3369.999512
 20
475.528064
  0
POINT
  8
3
 10
3369.999512
 20
460.023999
  0
POINT
  8
3
 10
3369.999512
 20
445.009952
  0
POINT
  8
3
 10
3369.999512
 20
429.995905
  0
POINT
  8
3
 10
3369.999512
 20
414.620746
  0
POINT
  8
3
 10
3369.999512
 20
399.606699
  0
POINT
  8
3
 10
3369.999512
 20
384.592651
  0
POINT
  8
3
 10
3369.999512
 20
369.578604
  0
POINT
  8
3
 10
3369.999512
 20
354.001471
  0
POINT
  8
3
 10
3369.999512
 20
338.987424
  0
POINT
  8
3
 10
3369.999512
 20
323.973376
  0
POINT
  8
3
 10
3369.999512
 20
308.449780
  0
POINT
  8
3
 10
3369.999512
 20
293.435733
  0
POINT
  8
3
 10
3369.999512
 20
278.421686
  0
POINT
  8
3
 10
3369.999512
 20
263.916016
  0
POINT
  8
3
 10
3369.999512
 20
248.111755
  0
POINT
  8
3
 10
3369.999512
 20
233.097708
  0
POINT
  8
3
 10
3369.999512
 20
218.083661
  0
POINT
  8
3
 10
3369.999512
 20
202.572934
  0
POINT
  8
3
 10
3369.999512
 20
187.558887
  0
POINT
  8
3
 10
3369.999512
 20
172.544839
  0
POINT
  8
3
 10
3369.999512
 20
156.967706
  0
POINT
  8
3
 10
3369.999512
 20
141.953659
  0
POINT
  8
3
 10
3369.999512
 20
126.939612
  0
POINT
  8
3
 10
3369.999512
 20
111.925565
  0
POINT
  8
3
 10
3369.999512
 20
96.999750
  0
POINT
  8
4
 10
3369.999512
 20
568.158203
 30
1.000000
 50
270.00
  0
TEXT
  8
4
 10
3369.999512
 20
568.158203
 40
0.000000
 50
0.000000
  1
# 90
  0
POLYLINE
  8
11
  66
1
  70
0
  0
VERTEX
  8
1
  10
3369.999512
  20
223.654297
  0
VERTEX
  8
1
  10
3354.132245
  20
223.654297
  0
VERTEX
  8
1
  10
3338.554039
  20
223.654297
  0
VERTEX
  8
1
  10
3323.015683
  20
223.654297
  0
VERTEX
  8
1
  10
3307.481692
  20
223.654297
  0
VERTEX
  8
1
  10
3292.235809
  20
223.654297
  0
VERTEX
  8
1
  10
3276.989926
  20
223.654297
  0
VERTEX
  8
1
  10
3261.247354
  20
223.654297
  0
VERTEX
  8
1
  10
3246.001471
  20
223.654297
  0
VERTEX
  8
1
  10
3230.755588
  20
223.654297
  0
VERTEX
  8
1
  10
3215.164764
  20
223.654297
  0
VERTEX
  8
1
  10
3199.338867
  20
223.654297
  0
SEQEND
  8
11
  0
POINT
  8
2
 10
3369.999512
 20
223.654297
  0
TEXT
  8
2
 10
3369.999512
 20
223.654297
 40
0.000000
 50
0.000000
  1
# 91
  0
POINT
  8
2
 10
3199.338867
 20
223.654297
  0
TEXT
  8
2
 10
3199.338867
 20
223.654297
 40
0.000000
 50
0.000000
  1
# 92
  0
POINT
  8
3
 10
3354.132245
 20
223.654297
  0
POINT
  8
3
 10
3338.554039
 20
223.654297
  0
POINT
  8
3
 10
3323.015683
 20
223.654297
  0
POINT
  8
3
 10
3307.481692
 20
223.654297
  0
POINT
  8
3
 10
3292.235809
 20
223.654297
  0
POINT
  8
3
 10
3276.989926
 20
223.654297
  0
POINT
  8
3
 10
3261.247354
 20
223.654297
  0
POINT
  8
3
 10
3246.001471
 20
223.654297
  0
POINT
  8
3
 10
3230.755588
 20
223.654297
  0
POINT
  8
3
 10
3215.164764
 20
223.654297
  0
POLYLINE
  8
11
  66
1
  70
0
  0
VERTEX
  8
1
  10
3170.448730
  20
364.521484
  0
VERTEX
  8
1
  10
3369.999512
  20
364.521484
  0
SEQEND
  8
11
  0
POINT
  8
2
 10
3170.448730
 20
364.521484
  0
TEXT
  8
2
 10
3170.448730
 20
364.521484
 40
0.000000
 50
0.000000
  1
# 93
  0
POINT
  8
2
 10
3369.999512
 20
364.521484
  0
TEXT
  8
2
 10
3369.999512
 20
364.521484
 40
0.000000
 50
0.000000
  1
# 94
  0
POLYLINE
  8
11
  66
1
  70
0
  0
VERTEX
  8
1
  10
3191.718262
  20
538.591797
  0
VERTEX
  8
1
  10
3292.273438
  20
586.326172
  0
SEQEND
  8
11
  0
POINT
  8
2
 10
3191.718262
 20
538.591797
  0
TEXT
  8
2
 10
3191.718262
 20
538.591797
 40
0.000000
 50
0.000000
  1
# 95
  0
POINT
  8
2
 10
3292.273438
 20
586.326172
  0
TEXT
  8
2
 10
3292.273438
 20
586.326172
 40
0.000000
 50
0.000000
  1
# 96
  0
POLYLINE
  8
11
  66
1
  70
0
  0
VERTEX
  8
1
  10
3369.999512
  20
223.654297
  0
VERTEX
  8
1
  10
3385.857152
  20
223.654297
  0
VERTEX
  8
1
  10
3401.458568
  20
223.654297
  0
VERTEX
  8
1
  10
3416.858997
  20
223.654297
  0
VERTEX
  8
1
  10
3431.888031
  20
223.654297
  0
VERTEX
  8
1
  10
3447.119019
  20
223.654297
  0
VERTEX
  8
1
  10
3462.148053
  20
223.654297
  0
VERTEX
  8
1
  10
3477.709723
  20
223.654297
  0
VERTEX
  8
1
  10
3492.738757
  20
223.654297
  0
VERTEX
  8
1
  10
3507.907112
  20
223.654297
  0
VERTEX
  8
1
  10
3523.232148
  20
223.654297
  0
VERTEX
  8
1
  10
3538.049617
  20
223.654297
  0
VERTEX
  8
1
  10
3540.660645
  20
223.654297
  0
SEQEND
  8
11
  0
POINT
  8
2
 10
3369.999512
 20
223.654297
  0
TEXT
  8
2
 10
3369.999512
 20
223.654297
 40
0.000000
 50
0.000000
  1
# 97
  0
POINT
  8
2
 10
3540.660645
 20
223.654297
  0
TEXT
  8
2
 10
3540.660645
 20
223.654297
 40
0.000000
 50
0.000000
  1
# 98
  0
POINT
  8
3
 10
3385.857152
 20
223.654297
  0
POINT
  8
3
 10
3401.458568
 20
223.654297
  0
POINT
  8
3
 10
3416.858997
 20
223.654297
  0
POINT
  8
3
 10
3431.888031
 20
223.654297
  0
POINT
  8
3
 10
3447.119019
 20
223.654297
  0
POINT
  8
3
 10
3462.148053
 20
223.654297
  0
POINT
  8
3
 10
3477.709723
 20
223.654297
  0
POINT
  8
3
 10
3492.738757
 20
223.654297
  0
POINT
  8
3
 10
3507.907112
 20
223.654297
  0
POINT
  8
3
 10
3523.232148
 20
223.654297
  0
POINT
  8
3
 10
3538.049617
 20
223.654297
  0
POLYLINE
  8
11
  66
1
  70
0
  0
VERTEX
  8
1
  10
3569.550293
  20
364.521484
  0
VERTEX
  8
1
  10
3369.999512
  20
364.521484
  0
SEQEND
  8
11
  0
POINT
  8
2
 10
3569.550293
 20
364.521484
  0
TEXT
  8
2
 10
3569.550293
 20
364.521484
 40
0.000000
 50
0.000000
  1
# 99
  0
POINT
  8
2
 10
3369.999512
 20
364.521484
  0
TEXT
  8
2
 10
3369.999512
 20
364.521484
 40
0.000000
 50
0.000000
  1
# 100
  0
POLYLINE
  8
11
  66
1
  70
0
  0
VERTEX
  8
1
  10
3548.281738
  20
538.591797
  0
VERTEX
  8
1
  10
3447.726074
  20
586.326172
  0
SEQEND
  8
11
  0
POINT
  8
2
 10
3548.281738
 20
538.591797
  0
TEXT
  8
2
 10
3548.281738
 20
538.591797
 40
0.000000
 50
0.000000
  1
# 101
  0
POINT
  8
2
 10
3447.726074
 20
586.326172
  0
TEXT
  8
2
 10
3447.726074
 20
586.326172
 40
0.000000
 50
0.000000
  1
# 102
 0
LINE
 8
7
 10
3322.322754
 20
459.412109
 11
3322.322754
 21
224.005859
  0
TEXT
  8
1
 10
3370.000000
 20
340.000000
 40
10.000000
 50
0.000000
  1
Piece Name: C2390726.后身片.M
  0
TEXT
  8
1
 10
3370.000000
 20
355.000000
 40
10.000000
 50
0.000000
  1
Size: M
  0
TEXT
  8
1
 10
3370.000000
 20
370.000000
 40
10.000000
 50
0.000000
  1
Annotation: 面料1X1
  0
TEXT
  8
1
 10
3370.000000
 20
385.000000
 40
10.000000
 50
0.000000
  1
Quantity: 1
  0
TEXT
  8
1
 10
3370.000000
 20
400.000000
 40
10.000000
 50
0.000000
  1
Material: 面料1
  0
TEXT
  8
1
 10
3370.000000
 20
400.000000
 40
10.000000
 50
0.000000
  1
Category: 0
0
ENDBLK
0
BLOCK
  8
1
  2
C2390726.前身片.M
 70
0
 10
0.0
 20
0.0
  0
POLYLINE
  8
1
  66
1
  70
1
  0
VERTEX
  8
1
  10
2647.270996
  20
87.531250
  0
VERTEX
  8
1
  10
2649.971191
  20
108.281250
  0
VERTEX
  8
1
  10
2650.505608
  20
123.475143
  0
VERTEX
  8
1
  10
2651.033641
  20
138.767233
  0
VERTEX
  8
1
  10
2651.548748
  20
153.993133
  0
VERTEX
  8
1
  10
2652.045015
  20
169.053040
  0
VERTEX
  8
1
  10
2652.534836
  20
184.245081
  0
VERTEX
  8
1
  10
2653.020744
  20
199.437241
  0
VERTEX
  8
1
  10
2653.304972
  20
207.995941
  0
VERTEX
  8
1
  10
2653.519655
  20
214.460507
  0
VERTEX
  8
1
  10
2653.905762
  20
227.355469
  0
VERTEX
  8
1
  10
2653.933070
  20
236.312705
  0
VERTEX
  8
1
  10
2653.719585
  20
244.068824
  0
VERTEX
  8
1
  10
2653.294651
  20
250.863330
  0
VERTEX
  8
1
  10
2652.621200
  20
257.551134
  0
VERTEX
  8
1
  10
2651.654520
  20
264.541991
  0
VERTEX
  8
1
  10
2650.323111
  20
272.258813
  0
VERTEX
  8
1
  10
2648.414616
  20
281.706623
  0
VERTEX
  8
1
  10
2645.764764
  20
293.411994
  0
VERTEX
  8
1
  10
2642.255294
  20
308.203260
  0
VERTEX
  8
1
  10
2639.898239
  20
318.800001
  0
VERTEX
  8
1
  10
2637.937919
  20
328.621508
  0
VERTEX
  8
1
  10
2636.928465
  20
333.679026
  0
VERTEX
  8
1
  10
2635.727256
  20
340.674076
  0
VERTEX
  8
1
  10
2634.414765
  20
350.022677
  0
VERTEX
  8
1
  10
2633.420745
  20
358.820438
  0
VERTEX
  8
1
  10
2632.693875
  20
367.475991
  0
VERTEX
  8
1
  10
2631.797000
  20
382.551536
  0
VERTEX
  8
1
  10
2631.370117
  20
388.878906
  0
VERTEX
  8
1
  10
2639.933344
  20
389.949097
  0
VERTEX
  8
1
  10
2646.994960
  20
390.751865
  0
VERTEX
  8
1
  10
2651.105218
  20
391.459802
  0
VERTEX
  8
1
  10
2654.952868
  20
392.371223
  0
VERTEX
  8
1
  10
2658.755084
  20
393.524239
  0
VERTEX
  8
1
  10
2662.056065
  20
394.767915
  0
VERTEX
  8
1
  10
2664.870946
  20
396.080097
  0
VERTEX
  8
1
  10
2667.181026
  20
397.417191
  0
VERTEX
  8
1
  10
2669.069018
  20
398.778965
  0
VERTEX
  8
1
  10
2670.683442
  20
400.245206
  0
VERTEX
  8
1
  10
2672.254583
  20
402.019979
  0
VERTEX
  8
1
  10
2673.698892
  20
404.039821
  0
VERTEX
  8
1
  10
2675.047581
  20
406.368938
  0
VERTEX
  8
1
  10
2676.295727
  20
409.044599
  0
VERTEX
  8
1
  10
2677.409213
  20
412.046351
  0
VERTEX
  8
1
  10
2678.364046
  20
415.348723
  0
VERTEX
  8
1
  10
2679.148945
  20
418.950030
  0
VERTEX
  8
1
  10
2679.773462
  20
423.045258
  0
VERTEX
  8
1
  10
2680.211225
  20
427.525334
  0
VERTEX
  8
1
  10
2680.324946
  20
430.996358
  0
VERTEX
  8
1
  10
2680.318328
  20
432.300868
  0
VERTEX
  8
1
  10
2680.291090
  20
437.669717
  0
VERTEX
  8
1
  10
2679.945234
  20
442.507640
  0
VERTEX
  8
1
  10
2679.245801
  20
448.772948
  0
VERTEX
  8
1
  10
2678.243491
  20
455.413876
  0
VERTEX
  8
1
  10
2676.882825
  20
462.787279
  0
VERTEX
  8
1
  10
2675.708135
  20
467.961419
  0
VERTEX
  8
1
  10
2675.052493
  20
470.497157
  0
VERTEX
  8
1
  10
2673.133593
  20
477.918632
  0
VERTEX
  8
1
  10
2671.118652
  20
484.453125
  0
VERTEX
  8
1
  10
2668.221604
  20
492.995172
  0
VERTEX
  8
1
  10
2665.120193
  20
501.367761
  0
VERTEX
  8
1
  10
2661.115348
  20
511.409490
  0
VERTEX
  8
1
  10
2656.239556
  20
522.933047
  0
VERTEX
  8
1
  10
2650.629883
  20
536.000000
  0
VERTEX
  8
1
  10
2756.737793
  20
604.093750
  0
VERTEX
  8
1
  10
2760.108287
  20
589.341380
  0
VERTEX
  8
1
  10
2762.174577
  20
580.598298
  0
VERTEX
  8
1
  10
2763.894779
  20
574.304129
  0
VERTEX
  8
1
  10
2765.671566
  20
568.699224
  0
VERTEX
  8
1
  10
2767.532278
  20
563.613826
  0
VERTEX
  8
1
  10
2769.515222
  20
558.887798
  0
VERTEX
  8
1
  10
2771.628381
  20
554.469145
  0
VERTEX
  8
1
  10
2773.854620
  20
550.367094
  0
VERTEX
  8
1
  10
2776.401453
  20
546.194058
  0
VERTEX
  8
1
  10
2778.666159
  20
542.899652
  0
VERTEX
  8
1
  10
2781.852931
  20
538.860911
  0
VERTEX
  8
1
  10
2782.101963
  20
538.564476
  0
VERTEX
  8
1
  10
2783.973262
  20
536.336968
  0
VERTEX
  8
1
  10
2786.675482
  20
533.591254
  0
VERTEX
  8
1
  10
2789.633470
  20
530.903099
  0
VERTEX
  8
1
  10
2792.532928
  20
528.598992
  0
VERTEX
  8
1
  10
2795.743216
  20
526.365337
  0
VERTEX
  8
1
  10
2799.113675
  20
524.318436
  0
VERTEX
  8
1
  10
2802.653919
  20
522.461656
  0
VERTEX
  8
1
  10
2806.348356
  20
520.806064
  0
VERTEX
  8
1
  10
2810.212164
  20
519.352007
  0
VERTEX
  8
1
  10
2814.492662
  20
518.015329
  0
VERTEX
  8
1
  10
2819.159537
  20
516.820337
  0
VERTEX
  8
1
  10
2824.132482
  20
515.805796
  0
VERTEX
  8
1
  10
2829.455518
  20
514.970214
  0
VERTEX
  8
1
  10
2834.276149
  20
514.450674
  0
VERTEX
  8
1
  10
2840.000000
  20
514.113281
  0
VERTEX
  8
1
  10
2846.347442
  20
514.503504
  0
VERTEX
  8
1
  10
2851.119261
  20
515.048221
  0
VERTEX
  8
1
  10
2856.517253
  20
515.924683
  0
VERTEX
  8
1
  10
2861.487298
  20
516.971061
  0
VERTEX
  8
1
  10
2866.145731
  20
518.198935
  0
VERTEX
  8
1
  10
2870.393834
  20
519.562904
  0
VERTEX
  8
1
  10
2874.192965
  20
521.031698
  0
VERTEX
  8
1
  10
2877.853015
  20
522.710293
  0
VERTEX
  8
1
  10
2881.376722
  20
524.598192
  0
VERTEX
  8
1
  10
2884.730784
  20
526.676601
  0
VERTEX
  8
1
  10
2887.947348
  20
528.959432
  0
VERTEX
  8
1
  10
2890.822679
  20
531.295135
  0
VERTEX
  8
1
  10
2893.767090
  20
534.019531
  0
VERTEX
  8
1
  10
2896.400633
  20
536.751357
  0
VERTEX
  8
1
  10
2897.879412
  20
538.579772
  0
VERTEX
  8
1
  10
2900.843966
  20
542.245249
  0
VERTEX
  8
1
  10
2903.024760
  20
545.319232
  0
VERTEX
  8
1
  10
2905.541051
  20
549.333011
  0
VERTEX
  8
1
  10
2907.875601
  20
553.509409
  0
VERTEX
  8
1
  10
2910.027497
  20
557.881387
  0
VERTEX
  8
1
  10
2912.059356
  20
562.586565
  0
VERTEX
  8
1
  10
2913.932018
  20
567.553225
  0
VERTEX
  8
1
  10
2915.712453
  20
572.991650
  0
VERTEX
  8
1
  10
2917.414392
  20
579.007788
  0
VERTEX
  8
1
  10
2919.249120
  20
586.510955
  0
VERTEX
  8
1
  10
2922.576897
  20
601.166693
  0
VERTEX
  8
1
  10
2923.262695
  20
604.093750
  0
VERTEX
  8
1
  10
3029.370117
  20
536.000000
  0
VERTEX
  8
1
  10
3023.380975
  20
522.054717
  0
VERTEX
  8
1
  10
3018.554005
  20
510.603488
  0
VERTEX
  8
1
  10
3014.618031
  20
500.685326
  0
VERTEX
  8
1
  10
3011.554724
  20
492.360924
  0
VERTEX
  8
1
  10
3008.672901
  20
483.806964
  0
VERTEX
  8
1
  10
3006.694467
  20
477.311774
  0
VERTEX
  8
1
  10
3004.962633
  20
470.493421
  0
VERTEX
  8
1
  10
3003.768804
  20
465.793233
  0
VERTEX
  8
1
  10
3002.572564
  20
459.998962
  0
VERTEX
  8
1
  10
3001.282927
  20
452.473277
  0
VERTEX
  8
1
  10
3000.437716
  20
446.198820
  0
VERTEX
  8
1
  10
2999.845614
  20
439.993258
  0
VERTEX
  8
1
  10
2999.658203
  20
435.828125
  0
VERTEX
  8
1
  10
2999.704025
  20
432.301267
  0
VERTEX
  8
1
  10
2999.760015
  20
427.991740
  0
VERTEX
  8
1
  10
3000.141500
  20
423.757349
  0
VERTEX
  8
1
  10
3000.746283
  20
419.533069
  0
VERTEX
  8
1
  10
3001.525997
  20
415.792892
  0
VERTEX
  8
1
  10
3002.488350
  20
412.363860
  0
VERTEX
  8
1
  10
3003.593208
  20
409.314350
  0
VERTEX
  8
1
  10
3004.843792
  20
406.579236
  0
VERTEX
  8
1
  10
3006.209824
  20
404.182787
  0
VERTEX
  8
1
  10
3007.649618
  20
402.141858
  0
VERTEX
  8
1
  10
3009.218830
  20
400.344756
  0
VERTEX
  8
1
  10
3010.861663
  20
398.835439
  0
VERTEX
  8
1
  10
3012.698198
  20
397.495702
  0
VERTEX
  8
1
  10
3014.998484
  20
396.148408
  0
VERTEX
  8
1
  10
3017.673964
  20
394.882070
  0
VERTEX
  8
1
  10
3020.935868
  20
393.630080
  0
VERTEX
  8
1
  10
3024.676868
  20
392.472439
  0
VERTEX
  8
1
  10
3028.536821
  20
391.533944
  0
VERTEX
  8
1
  10
3032.547342
  20
390.818422
  0
VERTEX
  8
1
  10
3037.820971
  20
390.182644
  0
VERTEX
  8
1
  10
3045.470492
  20
389.307443
  0
VERTEX
  8
1
  10
3048.629883
  20
388.878906
  0
VERTEX
  8
1
  10
3047.702791
  20
373.926207
  0
VERTEX
  8
1
  10
3047.062453
  20
364.227180
  0
VERTEX
  8
1
  10
3046.242781
  20
355.580665
  0
VERTEX
  8
1
  10
3045.146241
  20
346.690889
  0
VERTEX
  8
1
  10
3043.876085
  20
338.201743
  0
VERTEX
  8
1
  10
3042.609404
  20
331.321671
  0
VERTEX
  8
1
  10
3042.063778
  20
328.621481
  0
VERTEX
  8
1
  10
3039.624813
  20
316.551544
  0
VERTEX
  8
1
  10
3036.971028
  20
304.908166
  0
VERTEX
  8
1
  10
3033.465116
  20
290.115761
  0
VERTEX
  8
1
  10
3031.035779
  20
279.107797
  0
VERTEX
  8
1
  10
3029.261228
  20
269.992322
  0
VERTEX
  8
1
  10
3028.016483
  20
262.354307
  0
VERTEX
  8
1
  10
3027.133622
  20
255.393424
  0
VERTEX
  8
1
  10
3026.538061
  20
248.633700
  0
VERTEX
  8
1
  10
3026.187156
  20
241.649643
  0
VERTEX
  8
1
  10
3026.046841
  20
233.485540
  0
VERTEX
  8
1
  10
3026.151231
  20
224.641833
  0
VERTEX
  8
1
  10
3026.657643
  20
209.450135
  0
VERTEX
  8
1
  10
3026.704327
  20
207.995863
  0
VERTEX
  8
1
  10
3027.139760
  20
194.431706
  0
VERTEX
  8
1
  10
3027.626006
  20
179.239554
  0
VERTEX
  8
1
  10
3028.118471
  20
164.047602
  0
VERTEX
  8
1
  10
3028.617546
  20
149.036615
  0
VERTEX
  8
1
  10
3029.130169
  20
133.989984
  0
VERTEX
  8
1
  10
3029.654506
  20
118.890124
  0
VERTEX
  8
1
  10
3030.028809
  20
108.281250
  0
VERTEX
  8
1
  10
3032.729492
  20
87.531250
  0
VERTEX
  8
1
  10
3017.183655
  20
86.036385
  0
VERTEX
  8
1
  10
3001.922869
  20
84.623853
  0
VERTEX
  8
1
  10
2986.593393
  20
83.274780
  0
VERTEX
  8
1
  10
2971.113457
  20
81.998704
  0
VERTEX
  8
1
  10
2955.996356
  20
80.835849
  0
VERTEX
  8
1
  10
2940.502956
  20
79.734408
  0
VERTEX
  8
1
  10
2925.340918
  20
78.760536
  0
VERTEX
  8
1
  10
2909.833078
  20
77.887077
  0
VERTEX
  8
1
  10
2894.508917
  20
77.159834
  0
VERTEX
  8
1
  10
2878.987011
  20
76.583955
  0
VERTEX
  8
1
  10
2863.772150
  20
76.205280
  0
VERTEX
  8
1
  10
2848.579871
  20
75.978414
  0
VERTEX
  8
1
  10
2839.953125
  20
75.906250
  0
VERTEX
  8
1
  10
2824.294652
  20
76.068888
  0
VERTEX
  8
1
  10
2809.063914
  20
76.360850
  0
VERTEX
  8
1
  10
2793.679715
  20
76.833640
  0
VERTEX
  8
1
  10
2778.330439
  20
77.481916
  0
VERTEX
  8
1
  10
2762.828240
  20
78.284060
  0
VERTEX
  8
1
  10
2747.507575
  20
79.206054
  0
VERTEX
  8
1
  10
2732.020098
  20
80.253632
  0
VERTEX
  8
1
  10
2716.857432
  20
81.375386
  0
VERTEX
  8
1
  10
2701.383391
  20
82.606409
  0
VERTEX
  8
1
  10
2685.916572
  20
83.923598
  0
VERTEX
  8
1
  10
2670.581398
  20
85.310480
  0
VERTEX
  8
1
  10
2655.692431
  20
86.714329
  0
VERTEX
  8
1
  10
2647.270996
  20
87.531250
  0
SEQEND
  8
1
  0
POINT
  8
2
 10
2647.270996
 20
87.531250
  0
TEXT
  8
2
 10
2647.270996
 20
87.531250
 40
0.000000
 50
0.000000
  1
# 103
  0
POINT
  8
2
 10
2649.971191
 20
108.281250
  0
TEXT
  8
2
 10
2649.971191
 20
108.281250
 40
0.000000
 50
0.000000
  1
# 104
  0
POINT
  8
2
 10
2631.370117
 20
388.878906
  0
TEXT
  8
2
 10
2631.370117
 20
388.878906
 40
0.000000
 50
0.000000
  1
# 105
  0
POINT
  8
2
 10
2650.629883
 20
536.000000
  0
TEXT
  8
2
 10
2650.629883
 20
536.000000
 40
0.000000
 50
0.000000
  1
# 106
  0
POINT
  8
2
 10
2756.737793
 20
604.093750
  0
TEXT
  8
2
 10
2756.737793
 20
604.093750
 40
0.000000
 50
0.000000
  1
# 107
  0
POINT
  8
2
 10
2840.000000
 20
514.113281
  0
TEXT
  8
2
 10
2840.000000
 20
514.113281
 40
0.000000
 50
0.000000
  1
# 108
  0
POINT
  8
2
 10
2923.262695
 20
604.093750
  0
TEXT
  8
2
 10
2923.262695
 20
604.093750
 40
0.000000
 50
0.000000
  1
# 109
  0
POINT
  8
2
 10
3029.370117
 20
536.000000
  0
TEXT
  8
2
 10
3029.370117
 20
536.000000
 40
0.000000
 50
0.000000
  1
# 110
  0
POINT
  8
2
 10
3048.629883
 20
388.878906
  0
TEXT
  8
2
 10
3048.629883
 20
388.878906
 40
0.000000
 50
0.000000
  1
# 111
  0
POINT
  8
2
 10
3030.028809
 20
108.281250
  0
TEXT
  8
2
 10
3030.028809
 20
108.281250
 40
0.000000
 50
0.000000
  1
# 112
  0
POINT
  8
2
 10
3032.729492
 20
87.531250
  0
TEXT
  8
2
 10
3032.729492
 20
87.531250
 40
0.000000
 50
0.000000
  1
# 113
  0
POINT
  8
2
 10
2839.953125
 20
75.906250
  0
TEXT
  8
2
 10
2839.953125
 20
75.906250
 40
0.000000
 50
0.000000
  1
# 114
  0
POINT
  8
2
 10
2647.270996
 20
87.531250
  0
TEXT
  8
2
 10
2647.270996
 20
87.531250
 40
0.000000
 50
0.000000
  1
# 115
  0
POINT
  8
3
 10
2650.505608
 20
123.475143
  0
POINT
  8
3
 10
2651.033641
 20
138.767233
  0
POINT
  8
3
 10
2651.548748
 20
153.993133
  0
POINT
  8
3
 10
2652.045015
 20
169.053040
  0
POINT
  8
3
 10
2652.534836
 20
184.245081
  0
POINT
  8
3
 10
2653.020744
 20
199.437241
  0
POINT
  8
3
 10
2653.304972
 20
207.995941
  0
POINT
  8
3
 10
2653.519655
 20
214.460507
  0
POINT
  8
3
 10
2653.905762
 20
227.355469
  0
POINT
  8
3
 10
2653.933070
 20
236.312705
  0
POINT
  8
3
 10
2653.719585
 20
244.068824
  0
POINT
  8
3
 10
2653.294651
 20
250.863330
  0
POINT
  8
3
 10
2652.621200
 20
257.551134
  0
POINT
  8
3
 10
2651.654520
 20
264.541991
  0
POINT
  8
3
 10
2650.323111
 20
272.258813
  0
POINT
  8
3
 10
2648.414616
 20
281.706623
  0
POINT
  8
3
 10
2645.764764
 20
293.411994
  0
POINT
  8
3
 10
2642.255294
 20
308.203260
  0
POINT
  8
3
 10
2639.898239
 20
318.800001
  0
POINT
  8
3
 10
2637.937919
 20
328.621508
  0
POINT
  8
3
 10
2636.928465
 20
333.679026
  0
POINT
  8
3
 10
2635.727256
 20
340.674076
  0
POINT
  8
3
 10
2634.414765
 20
350.022677
  0
POINT
  8
3
 10
2633.420745
 20
358.820438
  0
POINT
  8
3
 10
2632.693875
 20
367.475991
  0
POINT
  8
3
 10
2631.797000
 20
382.551536
  0
POINT
  8
3
 10
2639.933344
 20
389.949097
  0
POINT
  8
3
 10
2646.994960
 20
390.751865
  0
POINT
  8
3
 10
2651.105218
 20
391.459802
  0
POINT
  8
3
 10
2654.952868
 20
392.371223
  0
POINT
  8
3
 10
2658.755084
 20
393.524239
  0
POINT
  8
3
 10
2662.056065
 20
394.767915
  0
POINT
  8
3
 10
2664.870946
 20
396.080097
  0
POINT
  8
3
 10
2667.181026
 20
397.417191
  0
POINT
  8
3
 10
2669.069018
 20
398.778965
  0
POINT
  8
3
 10
2670.683442
 20
400.245206
  0
POINT
  8
3
 10
2672.254583
 20
402.019979
  0
POINT
  8
3
 10
2673.698892
 20
404.039821
  0
POINT
  8
3
 10
2675.047581
 20
406.368938
  0
POINT
  8
3
 10
2676.295727
 20
409.044599
  0
POINT
  8
3
 10
2677.409213
 20
412.046351
  0
POINT
  8
3
 10
2678.364046
 20
415.348723
  0
POINT
  8
3
 10
2679.148945
 20
418.950030
  0
POINT
  8
3
 10
2679.773462
 20
423.045258
  0
POINT
  8
3
 10
2680.211225
 20
427.525334
  0
POINT
  8
3
 10
2680.324946
 20
430.996358
  0
POINT
  8
3
 10
2680.318328
 20
432.300868
  0
POINT
  8
3
 10
2680.291090
 20
437.669717
  0
POINT
  8
3
 10
2679.945234
 20
442.507640
  0
POINT
  8
3
 10
2679.245801
 20
448.772948
  0
POINT
  8
3
 10
2678.243491
 20
455.413876
  0
POINT
  8
3
 10
2676.882825
 20
462.787279
  0
POINT
  8
3
 10
2675.708135
 20
467.961419
  0
POINT
  8
3
 10
2675.052493
 20
470.497157
  0
POINT
  8
3
 10
2673.133593
 20
477.918632
  0
POINT
  8
3
 10
2671.118652
 20
484.453125
  0
POINT
  8
3
 10
2668.221604
 20
492.995172
  0
POINT
  8
3
 10
2665.120193
 20
501.367761
  0
POINT
  8
3
 10
2661.115348
 20
511.409490
  0
POINT
  8
3
 10
2656.239556
 20
522.933047
  0
POINT
  8
3
 10
2760.108287
 20
589.341380
  0
POINT
  8
3
 10
2762.174577
 20
580.598298
  0
POINT
  8
3
 10
2763.894779
 20
574.304129
  0
POINT
  8
3
 10
2765.671566
 20
568.699224
  0
POINT
  8
3
 10
2767.532278
 20
563.613826
  0
POINT
  8
3
 10
2769.515222
 20
558.887798
  0
POINT
  8
3
 10
2771.628381
 20
554.469145
  0
POINT
  8
3
 10
2773.854620
 20
550.367094
  0
POINT
  8
3
 10
2776.401453
 20
546.194058
  0
POINT
  8
3
 10
2778.666159
 20
542.899652
  0
POINT
  8
3
 10
2781.852931
 20
538.860911
  0
POINT
  8
3
 10
2782.101963
 20
538.564476
  0
POINT
  8
3
 10
2783.973262
 20
536.336968
  0
POINT
  8
3
 10
2786.675482
 20
533.591254
  0
POINT
  8
3
 10
2789.633470
 20
530.903099
  0
POINT
  8
3
 10
2792.532928
 20
528.598992
  0
POINT
  8
3
 10
2795.743216
 20
526.365337
  0
POINT
  8
3
 10
2799.113675
 20
524.318436
  0
POINT
  8
3
 10
2802.653919
 20
522.461656
  0
POINT
  8
3
 10
2806.348356
 20
520.806064
  0
POINT
  8
3
 10
2810.212164
 20
519.352007
  0
POINT
  8
3
 10
2814.492662
 20
518.015329
  0
POINT
  8
3
 10
2819.159537
 20
516.820337
  0
POINT
  8
3
 10
2824.132482
 20
515.805796
  0
POINT
  8
3
 10
2829.455518
 20
514.970214
  0
POINT
  8
3
 10
2834.276149
 20
514.450674
  0
POINT
  8
3
 10
2846.347442
 20
514.503504
  0
POINT
  8
3
 10
2851.119261
 20
515.048221
  0
POINT
  8
3
 10
2856.517253
 20
515.924683
  0
POINT
  8
3
 10
2861.487298
 20
516.971061
  0
POINT
  8
3
 10
2866.145731
 20
518.198935
  0
POINT
  8
3
 10
2870.393834
 20
519.562904
  0
POINT
  8
3
 10
2874.192965
 20
521.031698
  0
POINT
  8
3
 10
2877.853015
 20
522.710293
  0
POINT
  8
3
 10
2881.376722
 20
524.598192
  0
POINT
  8
3
 10
2884.730784
 20
526.676601
  0
POINT
  8
3
 10
2887.947348
 20
528.959432
  0
POINT
  8
3
 10
2890.822679
 20
531.295135
  0
POINT
  8
3
 10
2893.767090
 20
534.019531
  0
POINT
  8
3
 10
2896.400633
 20
536.751357
  0
POINT
  8
3
 10
2897.879412
 20
538.579772
  0
POINT
  8
3
 10
2900.843966
 20
542.245249
  0
POINT
  8
3
 10
2903.024760
 20
545.319232
  0
POINT
  8
3
 10
2905.541051
 20
549.333011
  0
POINT
  8
3
 10
2907.875601
 20
553.509409
  0
POINT
  8
3
 10
2910.027497
 20
557.881387
  0
POINT
  8
3
 10
2912.059356
 20
562.586565
  0
POINT
  8
3
 10
2913.932018
 20
567.553225
  0
POINT
  8
3
 10
2915.712453
 20
572.991650
  0
POINT
  8
3
 10
2917.414392
 20
579.007788
  0
POINT
  8
3
 10
2919.249120
 20
586.510955
  0
POINT
  8
3
 10
2922.576897
 20
601.166693
  0
POINT
  8
3
 10
3023.380975
 20
522.054717
  0
POINT
  8
3
 10
3018.554005
 20
510.603488
  0
POINT
  8
3
 10
3014.618031
 20
500.685326
  0
POINT
  8
3
 10
3011.554724
 20
492.360924
  0
POINT
  8
3
 10
3008.672901
 20
483.806964
  0
POINT
  8
3
 10
3006.694467
 20
477.311774
  0
POINT
  8
3
 10
3004.962633
 20
470.493421
  0
POINT
  8
3
 10
3003.768804
 20
465.793233
  0
POINT
  8
3
 10
3002.572564
 20
459.998962
  0
POINT
  8
3
 10
3001.282927
 20
452.473277
  0
POINT
  8
3
 10
3000.437716
 20
446.198820
  0
POINT
  8
3
 10
2999.845614
 20
439.993258
  0
POINT
  8
3
 10
2999.658203
 20
435.828125
  0
POINT
  8
3
 10
2999.704025
 20
432.301267
  0
POINT
  8
3
 10
2999.760015
 20
427.991740
  0
POINT
  8
3
 10
3000.141500
 20
423.757349
  0
POINT
  8
3
 10
3000.746283
 20
419.533069
  0
POINT
  8
3
 10
3001.525997
 20
415.792892
  0
POINT
  8
3
 10
3002.488350
 20
412.363860
  0
POINT
  8
3
 10
3003.593208
 20
409.314350
  0
POINT
  8
3
 10
3004.843792
 20
406.579236
  0
POINT
  8
3
 10
3006.209824
 20
404.182787
  0
POINT
  8
3
 10
3007.649618
 20
402.141858
  0
POINT
  8
3
 10
3009.218830
 20
400.344756
  0
POINT
  8
3
 10
3010.861663
 20
398.835439
  0
POINT
  8
3
 10
3012.698198
 20
397.495702
  0
POINT
  8
3
 10
3014.998484
 20
396.148408
  0
POINT
  8
3
 10
3017.673964
 20
394.882070
  0
POINT
  8
3
 10
3020.935868
 20
393.630080
  0
POINT
  8
3
 10
3024.676868
 20
392.472439
  0
POINT
  8
3
 10
3028.536821
 20
391.533944
  0
POINT
  8
3
 10
3032.547342
 20
390.818422
  0
POINT
  8
3
 10
3037.820971
 20
390.182644
  0
POINT
  8
3
 10
3045.470492
 20
389.307443
  0
POINT
  8
3
 10
3047.702791
 20
373.926207
  0
POINT
  8
3
 10
3047.062453
 20
364.227180
  0
POINT
  8
3
 10
3046.242781
 20
355.580665
  0
POINT
  8
3
 10
3045.146241
 20
346.690889
  0
POINT
  8
3
 10
3043.876085
 20
338.201743
  0
POINT
  8
3
 10
3042.609404
 20
331.321671
  0
POINT
  8
3
 10
3042.063778
 20
328.621481
  0
POINT
  8
3
 10
3039.624813
 20
316.551544
  0
POINT
  8
3
 10
3036.971028
 20
304.908166
  0
POINT
  8
3
 10
3033.465116
 20
290.115761
  0
POINT
  8
3
 10
3031.035779
 20
279.107797
  0
POINT
  8
3
 10
3029.261228
 20
269.992322
  0
POINT
  8
3
 10
3028.016483
 20
262.354307
  0
POINT
  8
3
 10
3027.133622
 20
255.393424
  0
POINT
  8
3
 10
3026.538061
 20
248.633700
  0
POINT
  8
3
 10
3026.187156
 20
241.649643
  0
POINT
  8
3
 10
3026.046841
 20
233.485540
  0
POINT
  8
3
 10
3026.151231
 20
224.641833
  0
POINT
  8
3
 10
3026.657643
 20
209.450135
  0
POINT
  8
3
 10
3026.704327
 20
207.995863
  0
POINT
  8
3
 10
3027.139760
 20
194.431706
  0
POINT
  8
3
 10
3027.626006
 20
179.239554
  0
POINT
  8
3
 10
3028.118471
 20
164.047602
  0
POINT
  8
3
 10
3028.617546
 20
149.036615
  0
POINT
  8
3
 10
3029.130169
 20
133.989984
  0
POINT
  8
3
 10
3029.654506
 20
118.890124
  0
POINT
  8
3
 10
3017.183655
 20
86.036385
  0
POINT
  8
3
 10
3001.922869
 20
84.623853
  0
POINT
  8
3
 10
2986.593393
 20
83.274780
  0
POINT
  8
3
 10
2971.113457
 20
81.998704
  0
POINT
  8
3
 10
2955.996356
 20
80.835849
  0
POINT
  8
3
 10
2940.502956
 20
79.734408
  0
POINT
  8
3
 10
2925.340918
 20
78.760536
  0
POINT
  8
3
 10
2909.833078
 20
77.887077
  0
POINT
  8
3
 10
2894.508917
 20
77.159834
  0
POINT
  8
3
 10
2878.987011
 20
76.583955
  0
POINT
  8
3
 10
2863.772150
 20
76.205280
  0
POINT
  8
3
 10
2848.579871
 20
75.978414
  0
POINT
  8
3
 10
2824.294652
 20
76.068888
  0
POINT
  8
3
 10
2809.063914
 20
76.360850
  0
POINT
  8
3
 10
2793.679715
 20
76.833640
  0
POINT
  8
3
 10
2778.330439
 20
77.481916
  0
POINT
  8
3
 10
2762.828240
 20
78.284060
  0
POINT
  8
3
 10
2747.507575
 20
79.206054
  0
POINT
  8
3
 10
2732.020098
 20
80.253632
  0
POINT
  8
3
 10
2716.857432
 20
81.375386
  0
POINT
  8
3
 10
2701.383391
 20
82.606409
  0
POINT
  8
3
 10
2685.916572
 20
83.923598
  0
POINT
  8
3
 10
2670.581398
 20
85.310480
  0
POINT
  8
3
 10
2655.692431
 20
86.714329
  0
POINT
  8
3
 10
2653.304972
 20
207.995941
  0
TEXT
  8
3
 10
2653.304972
 20
207.995941
 40
0.000000
 50
0.000000
  1
# 116
  0
POINT
  8
3
 10
2637.937919
 20
328.621508
  0
TEXT
  8
3
 10
2637.937919
 20
328.621508
 40
0.000000
 50
0.000000
  1
# 117
  0
POINT
  8
3
 10
2680.318328
 20
432.300868
  0
TEXT
  8
3
 10
2680.318328
 20
432.300868
 40
0.000000
 50
0.000000
  1
# 118
  0
POINT
  8
3
 10
2675.052493
 20
470.497157
  0
TEXT
  8
3
 10
2675.052493
 20
470.497157
 40
0.000000
 50
0.000000
  1
# 119
  0
POINT
  8
3
 10
2782.101963
 20
538.564476
  0
TEXT
  8
3
 10
2782.101963
 20
538.564476
 40
0.000000
 50
0.000000
  1
# 120
  0
POINT
  8
3
 10
2897.879412
 20
538.579772
  0
TEXT
  8
3
 10
2897.879412
 20
538.579772
 40
0.000000
 50
0.000000
  1
# 121
  0
POINT
  8
3
 10
3004.962633
 20
470.493421
  0
TEXT
  8
3
 10
3004.962633
 20
470.493421
 40
0.000000
 50
0.000000
  1
# 122
  0
POINT
  8
3
 10
2999.704025
 20
432.301267
  0
TEXT
  8
3
 10
2999.704025
 20
432.301267
 40
0.000000
 50
0.000000
  1
# 123
  0
POINT
  8
3
 10
3042.063778
 20
328.621481
  0
TEXT
  8
3
 10
3042.063778
 20
328.621481
 40
0.000000
 50
0.000000
  1
# 124
  0
POINT
  8
3
 10
3026.704327
 20
207.995863
  0
TEXT
  8
3
 10
3026.704327
 20
207.995863
 40
0.000000
 50
0.000000
  1
# 125
  0
POLYLINE
  8
8
  66
1
  70
1
  0
VERTEX
  8
8
  10
2647.270996
  20
87.531250
  0
VERTEX
  8
8
  10
2649.971191
  20
108.281250
  0
VERTEX
  8
8
  10
2650.505608
  20
123.475143
  0
VERTEX
  8
8
  10
2651.033641
  20
138.767233
  0
VERTEX
  8
8
  10
2651.548748
  20
153.993133
  0
VERTEX
  8
8
  10
2652.045015
  20
169.053040
  0
VERTEX
  8
8
  10
2652.534836
  20
184.245081
  0
VERTEX
  8
8
  10
2653.020744
  20
199.437241
  0
VERTEX
  8
8
  10
2653.295356
  20
207.994425
  0
VERTEX
  8
8
  10
2653.295415
  20
207.996259
  0
VERTEX
  8
8
  10
2653.519655
  20
214.460507
  0
VERTEX
  8
8
  10
2653.905762
  20
227.355469
  0
VERTEX
  8
8
  10
2653.933070
  20
236.312705
  0
VERTEX
  8
8
  10
2653.719585
  20
244.068824
  0
VERTEX
  8
8
  10
2653.294651
  20
250.863330
  0
VERTEX
  8
8
  10
2652.621200
  20
257.551134
  0
VERTEX
  8
8
  10
2651.654520
  20
264.541991
  0
VERTEX
  8
8
  10
2650.323111
  20
272.258813
  0
VERTEX
  8
8
  10
2648.414616
  20
281.706623
  0
VERTEX
  8
8
  10
2645.764764
  20
293.411994
  0
VERTEX
  8
8
  10
2642.255294
  20
308.203260
  0
VERTEX
  8
8
  10
2639.898239
  20
318.800001
  0
VERTEX
  8
8
  10
2637.935271
  20
328.620035
  0
VERTEX
  8
8
  10
2637.935089
  20
328.620943
  0
VERTEX
  8
8
  10
2636.928465
  20
333.679026
  0
VERTEX
  8
8
  10
2635.727256
  20
340.674076
  0
VERTEX
  8
8
  10
2634.414765
  20
350.022677
  0
VERTEX
  8
8
  10
2633.420745
  20
358.820438
  0
VERTEX
  8
8
  10
2632.693875
  20
367.475991
  0
VERTEX
  8
8
  10
2631.797000
  20
382.551536
  0
VERTEX
  8
8
  10
2631.370117
  20
388.878906
  0
VERTEX
  8
8
  10
2639.933344
  20
389.949097
  0
VERTEX
  8
8
  10
2646.994960
  20
390.751865
  0
VERTEX
  8
8
  10
2651.105218
  20
391.459802
  0
VERTEX
  8
8
  10
2654.952868
  20
392.371223
  0
VERTEX
  8
8
  10
2658.755084
  20
393.524239
  0
VERTEX
  8
8
  10
2662.056065
  20
394.767915
  0
VERTEX
  8
8
  10
2664.870946
  20
396.080097
  0
VERTEX
  8
8
  10
2667.181026
  20
397.417191
  0
VERTEX
  8
8
  10
2669.069018
  20
398.778965
  0
VERTEX
  8
8
  10
2670.683442
  20
400.245206
  0
VERTEX
  8
8
  10
2672.254583
  20
402.019979
  0
VERTEX
  8
8
  10
2673.698892
  20
404.039821
  0
VERTEX
  8
8
  10
2675.047581
  20
406.368938
  0
VERTEX
  8
8
  10
2676.295727
  20
409.044599
  0
VERTEX
  8
8
  10
2677.409213
  20
412.046351
  0
VERTEX
  8
8
  10
2678.364046
  20
415.348723
  0
VERTEX
  8
8
  10
2679.148945
  20
418.950030
  0
VERTEX
  8
8
  10
2679.773462
  20
423.045258
  0
VERTEX
  8
8
  10
2680.211225
  20
427.525334
  0
VERTEX
  8
8
  10
2680.324946
  20
430.996358
  0
VERTEX
  8
8
  10
2680.326172
  20
432.300908
  0
VERTEX
  8
8
  10
2680.326193
  20
432.306612
  0
VERTEX
  8
8
  10
2680.291090
  20
437.669717
  0
VERTEX
  8
8
  10
2679.945234
  20
442.507640
  0
VERTEX
  8
8
  10
2679.245801
  20
448.772948
  0
VERTEX
  8
8
  10
2678.243491
  20
455.413876
  0
VERTEX
  8
8
  10
2676.882825
  20
462.787279
  0
VERTEX
  8
8
  10
2675.708135
  20
467.961419
  0
VERTEX
  8
8
  10
2675.063019
  20
470.499879
  0
VERTEX
  8
8
  10
2675.061790
  20
470.504748
  0
VERTEX
  8
8
  10
2673.133593
  20
477.918632
  0
VERTEX
  8
8
  10
2671.118652
  20
484.453125
  0
VERTEX
  8
8
  10
2668.221604
  20
492.995172
  0
VERTEX
  8
8
  10
2665.120193
  20
501.367761
  0
VERTEX
  8
8
  10
2661.115348
  20
511.409490
  0
VERTEX
  8
8
  10
2656.239556
  20
522.933047
  0
VERTEX
  8
8
  10
2650.629883
  20
536.000000
  0
VERTEX
  8
8
  10
2756.737793
  20
604.093750
  0
VERTEX
  8
8
  10
2760.108287
  20
589.341380
  0
VERTEX
  8
8
  10
2762.174577
  20
580.598298
  0
VERTEX
  8
8
  10
2763.894779
  20
574.304129
  0
VERTEX
  8
8
  10
2765.671566
  20
568.699224
  0
VERTEX
  8
8
  10
2767.532278
  20
563.613826
  0
VERTEX
  8
8
  10
2769.515222
  20
558.887798
  0
VERTEX
  8
8
  10
2771.628381
  20
554.469145
  0
VERTEX
  8
8
  10
2773.854620
  20
550.367094
  0
VERTEX
  8
8
  10
2776.401453
  20
546.194058
  0
VERTEX
  8
8
  10
2778.666159
  20
542.899652
  0
VERTEX
  8
8
  10
2781.852931
  20
538.860911
  0
VERTEX
  8
8
  10
2782.093315
  20
538.560365
  0
VERTEX
  8
8
  10
2782.094820
  20
538.558476
  0
VERTEX
  8
8
  10
2783.973262
  20
536.336968
  0
VERTEX
  8
8
  10
2786.675482
  20
533.591254
  0
VERTEX
  8
8
  10
2789.633470
  20
530.903099
  0
VERTEX
  8
8
  10
2792.532928
  20
528.598992
  0
VERTEX
  8
8
  10
2795.743216
  20
526.365337
  0
VERTEX
  8
8
  10
2799.113675
  20
524.318436
  0
VERTEX
  8
8
  10
2802.653919
  20
522.461656
  0
VERTEX
  8
8
  10
2806.348356
  20
520.806064
  0
VERTEX
  8
8
  10
2810.212164
  20
519.352007
  0
VERTEX
  8
8
  10
2814.492662
  20
518.015329
  0
VERTEX
  8
8
  10
2819.159537
  20
516.820337
  0
VERTEX
  8
8
  10
2824.132482
  20
515.805796
  0
VERTEX
  8
8
  10
2829.455518
  20
514.970214
  0
VERTEX
  8
8
  10
2834.276149
  20
514.450674
  0
VERTEX
  8
8
  10
2840.000000
  20
514.113281
  0
VERTEX
  8
8
  10
2840.000000
  20
514.113281
  0
VERTEX
  8
8
  10
2846.347442
  20
514.503504
  0
VERTEX
  8
8
  10
2851.119261
  20
515.048221
  0
VERTEX
  8
8
  10
2856.517253
  20
515.924683
  0
VERTEX
  8
8
  10
2861.487298
  20
516.971061
  0
VERTEX
  8
8
  10
2866.145731
  20
518.198935
  0
VERTEX
  8
8
  10
2870.393834
  20
519.562904
  0
VERTEX
  8
8
  10
2874.192965
  20
521.031698
  0
VERTEX
  8
8
  10
2877.853015
  20
522.710293
  0
VERTEX
  8
8
  10
2881.376722
  20
524.598192
  0
VERTEX
  8
8
  10
2884.730784
  20
526.676601
  0
VERTEX
  8
8
  10
2887.947348
  20
528.959432
  0
VERTEX
  8
8
  10
2890.822679
  20
531.295135
  0
VERTEX
  8
8
  10
2893.767090
  20
534.019531
  0
VERTEX
  8
8
  10
2896.400633
  20
536.751357
  0
VERTEX
  8
8
  10
2897.905400
  20
538.558753
  0
VERTEX
  8
8
  10
2897.905938
  20
538.559428
  0
VERTEX
  8
8
  10
2900.843966
  20
542.245249
  0
VERTEX
  8
8
  10
2903.024760
  20
545.319232
  0
VERTEX
  8
8
  10
2905.541051
  20
549.333011
  0
VERTEX
  8
8
  10
2907.875601
  20
553.509409
  0
VERTEX
  8
8
  10
2910.027497
  20
557.881387
  0
VERTEX
  8
8
  10
2912.059356
  20
562.586565
  0
VERTEX
  8
8
  10
2913.932018
  20
567.553225
  0
VERTEX
  8
8
  10
2915.712453
  20
572.991650
  0
VERTEX
  8
8
  10
2917.414392
  20
579.007788
  0
VERTEX
  8
8
  10
2919.249120
  20
586.510955
  0
VERTEX
  8
8
  10
2922.576897
  20
601.166693
  0
VERTEX
  8
8
  10
2923.262695
  20
604.093750
  0
VERTEX
  8
8
  10
3029.370117
  20
536.000000
  0
VERTEX
  8
8
  10
3023.380975
  20
522.054717
  0
VERTEX
  8
8
  10
3018.554005
  20
510.603488
  0
VERTEX
  8
8
  10
3014.618031
  20
500.685326
  0
VERTEX
  8
8
  10
3011.554724
  20
492.360924
  0
VERTEX
  8
8
  10
3008.672901
  20
483.806964
  0
VERTEX
  8
8
  10
3006.694467
  20
477.311774
  0
VERTEX
  8
8
  10
3004.938149
  20
470.504505
  0
VERTEX
  8
8
  10
3004.936995
  20
470.499933
  0
VERTEX
  8
8
  10
3003.768804
  20
465.793233
  0
VERTEX
  8
8
  10
3002.572564
  20
459.998962
  0
VERTEX
  8
8
  10
3001.282927
  20
452.473277
  0
VERTEX
  8
8
  10
3000.437716
  20
446.198820
  0
VERTEX
  8
8
  10
2999.845614
  20
439.993258
  0
VERTEX
  8
8
  10
2999.658203
  20
435.828125
  0
VERTEX
  8
8
  10
2999.673805
  20
432.307095
  0
VERTEX
  8
8
  10
2999.673828
  20
432.300875
  0
VERTEX
  8
8
  10
2999.760015
  20
427.991740
  0
VERTEX
  8
8
  10
3000.141500
  20
423.757349
  0
VERTEX
  8
8
  10
3000.746283
  20
419.533069
  0
VERTEX
  8
8
  10
3001.525997
  20
415.792892
  0
VERTEX
  8
8
  10
3002.488350
  20
412.363860
  0
VERTEX
  8
8
  10
3003.593208
  20
409.314350
  0
VERTEX
  8
8
  10
3004.843792
  20
406.579236
  0
VERTEX
  8
8
  10
3006.209824
  20
404.182787
  0
VERTEX
  8
8
  10
3007.649618
  20
402.141858
  0
VERTEX
  8
8
  10
3009.218830
  20
400.344756
  0
VERTEX
  8
8
  10
3010.861663
  20
398.835439
  0
VERTEX
  8
8
  10
3012.698198
  20
397.495702
  0
VERTEX
  8
8
  10
3014.998484
  20
396.148408
  0
VERTEX
  8
8
  10
3017.673964
  20
394.882070
  0
VERTEX
  8
8
  10
3020.935868
  20
393.630080
  0
VERTEX
  8
8
  10
3024.676868
  20
392.472439
  0
VERTEX
  8
8
  10
3028.536821
  20
391.533944
  0
VERTEX
  8
8
  10
3032.547342
  20
390.818422
  0
VERTEX
  8
8
  10
3037.820971
  20
390.182644
  0
VERTEX
  8
8
  10
3045.470492
  20
389.307443
  0
VERTEX
  8
8
  10
3048.629883
  20
388.878906
  0
VERTEX
  8
8
  10
3047.702791
  20
373.926207
  0
VERTEX
  8
8
  10
3047.062453
  20
364.227180
  0
VERTEX
  8
8
  10
3046.242781
  20
355.580665
  0
VERTEX
  8
8
  10
3045.146241
  20
346.690889
  0
VERTEX
  8
8
  10
3043.876085
  20
338.201743
  0
VERTEX
  8
8
  10
3042.609404
  20
331.321671
  0
VERTEX
  8
8
  10
3042.065440
  20
328.621146
  0
VERTEX
  8
8
  10
3042.065259
  20
328.620244
  0
VERTEX
  8
8
  10
3039.624813
  20
316.551544
  0
VERTEX
  8
8
  10
3036.971028
  20
304.908166
  0
VERTEX
  8
8
  10
3033.465116
  20
290.115761
  0
VERTEX
  8
8
  10
3031.035779
  20
279.107797
  0
VERTEX
  8
8
  10
3029.261228
  20
269.992322
  0
VERTEX
  8
8
  10
3028.016483
  20
262.354307
  0
VERTEX
  8
8
  10
3027.133622
  20
255.393424
  0
VERTEX
  8
8
  10
3026.538061
  20
248.633700
  0
VERTEX
  8
8
  10
3026.187156
  20
241.649643
  0
VERTEX
  8
8
  10
3026.046841
  20
233.485540
  0
VERTEX
  8
8
  10
3026.151231
  20
224.641833
  0
VERTEX
  8
8
  10
3026.657643
  20
209.450135
  0
VERTEX
  8
8
  10
3026.705085
  20
207.995887
  0
VERTEX
  8
8
  10
3026.705129
  20
207.994512
  0
VERTEX
  8
8
  10
3027.139760
  20
194.431706
  0
VERTEX
  8
8
  10
3027.626006
  20
179.239554
  0
VERTEX
  8
8
  10
3028.118471
  20
164.047602
  0
VERTEX
  8
8
  10
3028.617546
  20
149.036615
  0
VERTEX
  8
8
  10
3029.130169
  20
133.989984
  0
VERTEX
  8
8
  10
3029.654506
  20
118.890124
  0
VERTEX
  8
8
  10
3030.028809
  20
108.281250
  0
VERTEX
  8
8
  10
3032.729492
  20
87.531250
  0
VERTEX
  8
8
  10
3017.183655
  20
86.036385
  0
VERTEX
  8
8
  10
3001.922869
  20
84.623853
  0
VERTEX
  8
8
  10
2986.593393
  20
83.274780
  0
VERTEX
  8
8
  10
2971.113457
  20
81.998704
  0
VERTEX
  8
8
  10
2955.996356
  20
80.835849
  0
VERTEX
  8
8
  10
2940.502956
  20
79.734408
  0
VERTEX
  8
8
  10
2925.340918
  20
78.760536
  0
VERTEX
  8
8
  10
2909.833078
  20
77.887077
  0
VERTEX
  8
8
  10
2894.508917
  20
77.159834
  0
VERTEX
  8
8
  10
2878.987011
  20
76.583955
  0
VERTEX
  8
8
  10
2863.772150
  20
76.205280
  0
VERTEX
  8
8
  10
2848.579871
  20
75.978414
  0
VERTEX
  8
8
  10
2839.953125
  20
75.906250
  0
VERTEX
  8
8
  10
2824.294652
  20
76.068888
  0
VERTEX
  8
8
  10
2809.063914
  20
76.360850
  0
VERTEX
  8
8
  10
2793.679715
  20
76.833640
  0
VERTEX
  8
8
  10
2778.330439
  20
77.481916
  0
VERTEX
  8
8
  10
2762.828240
  20
78.284060
  0
VERTEX
  8
8
  10
2747.507575
  20
79.206054
  0
VERTEX
  8
8
  10
2732.020098
  20
80.253632
  0
VERTEX
  8
8
  10
2716.857432
  20
81.375386
  0
VERTEX
  8
8
  10
2701.383391
  20
82.606409
  0
VERTEX
  8
8
  10
2685.916572
  20
83.923598
  0
VERTEX
  8
8
  10
2670.581398
  20
85.310480
  0
VERTEX
  8
8
  10
2655.692431
  20
86.714329
  0
VERTEX
  8
8
  10
2647.270996
  20
87.531250
  0
SEQEND
  8
8
  0
POINT
  8
2
 10
2647.270996
 20
87.531250
  0
TEXT
  8
2
 10
2647.270996
 20
87.531250
 40
0.000000
 50
0.000000
  1
# 126
  0
POINT
  8
2
 10
2649.971191
 20
108.281250
  0
TEXT
  8
2
 10
2649.971191
 20
108.281250
 40
0.000000
 50
0.000000
  1
# 127
  0
POINT
  8
2
 10
2631.370117
 20
388.878906
  0
TEXT
  8
2
 10
2631.370117
 20
388.878906
 40
0.000000
 50
0.000000
  1
# 128
  0
POINT
  8
2
 10
2650.629883
 20
536.000000
  0
TEXT
  8
2
 10
2650.629883
 20
536.000000
 40
0.000000
 50
0.000000
  1
# 129
  0
POINT
  8
2
 10
2756.737793
 20
604.093750
  0
TEXT
  8
2
 10
2756.737793
 20
604.093750
 40
0.000000
 50
0.000000
  1
# 130
  0
POINT
  8
2
 10
2840.000000
 20
514.113281
  0
TEXT
  8
2
 10
2840.000000
 20
514.113281
 40
0.000000
 50
0.000000
  1
# 131
  0
POINT
  8
2
 10
2923.262695
 20
604.093750
  0
TEXT
  8
2
 10
2923.262695
 20
604.093750
 40
0.000000
 50
0.000000
  1
# 132
  0
POINT
  8
2
 10
3029.370117
 20
536.000000
  0
TEXT
  8
2
 10
3029.370117
 20
536.000000
 40
0.000000
 50
0.000000
  1
# 133
  0
POINT
  8
2
 10
3048.629883
 20
388.878906
  0
TEXT
  8
2
 10
3048.629883
 20
388.878906
 40
0.000000
 50
0.000000
  1
# 134
  0
POINT
  8
2
 10
3030.028809
 20
108.281250
  0
TEXT
  8
2
 10
3030.028809
 20
108.281250
 40
0.000000
 50
0.000000
  1
# 135
  0
POINT
  8
2
 10
3032.729492
 20
87.531250
  0
TEXT
  8
2
 10
3032.729492
 20
87.531250
 40
0.000000
 50
0.000000
  1
# 136
  0
POINT
  8
2
 10
2839.953125
 20
75.906250
  0
TEXT
  8
2
 10
2839.953125
 20
75.906250
 40
0.000000
 50
0.000000
  1
# 137
  0
POINT
  8
2
 10
2647.270996
 20
87.531250
  0
TEXT
  8
2
 10
2647.270996
 20
87.531250
 40
0.000000
 50
0.000000
  1
# 138
  0
POINT
  8
3
 10
2650.505608
 20
123.475143
  0
POINT
  8
3
 10
2651.033641
 20
138.767233
  0
POINT
  8
3
 10
2651.548748
 20
153.993133
  0
POINT
  8
3
 10
2652.045015
 20
169.053040
  0
POINT
  8
3
 10
2652.534836
 20
184.245081
  0
POINT
  8
3
 10
2653.020744
 20
199.437241
  0
POINT
  8
3
 10
2653.295356
 20
207.994425
  0
POINT
  8
3
 10
2653.295415
 20
207.996259
  0
POINT
  8
3
 10
2653.519655
 20
214.460507
  0
POINT
  8
3
 10
2653.905762
 20
227.355469
  0
POINT
  8
3
 10
2653.933070
 20
236.312705
  0
POINT
  8
3
 10
2653.719585
 20
244.068824
  0
POINT
  8
3
 10
2653.294651
 20
250.863330
  0
POINT
  8
3
 10
2652.621200
 20
257.551134
  0
POINT
  8
3
 10
2651.654520
 20
264.541991
  0
POINT
  8
3
 10
2650.323111
 20
272.258813
  0
POINT
  8
3
 10
2648.414616
 20
281.706623
  0
POINT
  8
3
 10
2645.764764
 20
293.411994
  0
POINT
  8
3
 10
2642.255294
 20
308.203260
  0
POINT
  8
3
 10
2639.898239
 20
318.800001
  0
POINT
  8
3
 10
2637.935271
 20
328.620035
  0
POINT
  8
3
 10
2637.935089
 20
328.620943
  0
POINT
  8
3
 10
2636.928465
 20
333.679026
  0
POINT
  8
3
 10
2635.727256
 20
340.674076
  0
POINT
  8
3
 10
2634.414765
 20
350.022677
  0
POINT
  8
3
 10
2633.420745
 20
358.820438
  0
POINT
  8
3
 10
2632.693875
 20
367.475991
  0
POINT
  8
3
 10
2631.797000
 20
382.551536
  0
POINT
  8
3
 10
2639.933344
 20
389.949097
  0
POINT
  8
3
 10
2646.994960
 20
390.751865
  0
POINT
  8
3
 10
2651.105218
 20
391.459802
  0
POINT
  8
3
 10
2654.952868
 20
392.371223
  0
POINT
  8
3
 10
2658.755084
 20
393.524239
  0
POINT
  8
3
 10
2662.056065
 20
394.767915
  0
POINT
  8
3
 10
2664.870946
 20
396.080097
  0
POINT
  8
3
 10
2667.181026
 20
397.417191
  0
POINT
  8
3
 10
2669.069018
 20
398.778965
  0
POINT
  8
3
 10
2670.683442
 20
400.245206
  0
POINT
  8
3
 10
2672.254583
 20
402.019979
  0
POINT
  8
3
 10
2673.698892
 20
404.039821
  0
POINT
  8
3
 10
2675.047581
 20
406.368938
  0
POINT
  8
3
 10
2676.295727
 20
409.044599
  0
POINT
  8
3
 10
2677.409213
 20
412.046351
  0
POINT
  8
3
 10
2678.364046
 20
415.348723
  0
POINT
  8
3
 10
2679.148945
 20
418.950030
  0
POINT
  8
3
 10
2679.773462
 20
423.045258
  0
POINT
  8
3
 10
2680.211225
 20
427.525334
  0
POINT
  8
3
 10
2680.324946
 20
430.996358
  0
POINT
  8
3
 10
2680.326172
 20
432.300908
  0
POINT
  8
3
 10
2680.326193
 20
432.306612
  0
POINT
  8
3
 10
2680.291090
 20
437.669717
  0
POINT
  8
3
 10
2679.945234
 20
442.507640
  0
POINT
  8
3
 10
2679.245801
 20
448.772948
  0
POINT
  8
3
 10
2678.243491
 20
455.413876
  0
POINT
  8
3
 10
2676.882825
 20
462.787279
  0
POINT
  8
3
 10
2675.708135
 20
467.961419
  0
POINT
  8
3
 10
2675.063019
 20
470.499879
  0
POINT
  8
3
 10
2675.061790
 20
470.504748
  0
POINT
  8
3
 10
2673.133593
 20
477.918632
  0
POINT
  8
3
 10
2671.118652
 20
484.453125
  0
POINT
  8
3
 10
2668.221604
 20
492.995172
  0
POINT
  8
3
 10
2665.120193
 20
501.367761
  0
POINT
  8
3
 10
2661.115348
 20
511.409490
  0
POINT
  8
3
 10
2656.239556
 20
522.933047
  0
POINT
  8
3
 10
2760.108287
 20
589.341380
  0
POINT
  8
3
 10
2762.174577
 20
580.598298
  0
POINT
  8
3
 10
2763.894779
 20
574.304129
  0
POINT
  8
3
 10
2765.671566
 20
568.699224
  0
POINT
  8
3
 10
2767.532278
 20
563.613826
  0
POINT
  8
3
 10
2769.515222
 20
558.887798
  0
POINT
  8
3
 10
2771.628381
 20
554.469145
  0
POINT
  8
3
 10
2773.854620
 20
550.367094
  0
POINT
  8
3
 10
2776.401453
 20
546.194058
  0
POINT
  8
3
 10
2778.666159
 20
542.899652
  0
POINT
  8
3
 10
2781.852931
 20
538.860911
  0
POINT
  8
3
 10
2782.093315
 20
538.560365
  0
POINT
  8
3
 10
2782.094820
 20
538.558476
  0
POINT
  8
3
 10
2783.973262
 20
536.336968
  0
POINT
  8
3
 10
2786.675482
 20
533.591254
  0
POINT
  8
3
 10
2789.633470
 20
530.903099
  0
POINT
  8
3
 10
2792.532928
 20
528.598992
  0
POINT
  8
3
 10
2795.743216
 20
526.365337
  0
POINT
  8
3
 10
2799.113675
 20
524.318436
  0
POINT
  8
3
 10
2802.653919
 20
522.461656
  0
POINT
  8
3
 10
2806.348356
 20
520.806064
  0
POINT
  8
3
 10
2810.212164
 20
519.352007
  0
POINT
  8
3
 10
2814.492662
 20
518.015329
  0
POINT
  8
3
 10
2819.159537
 20
516.820337
  0
POINT
  8
3
 10
2824.132482
 20
515.805796
  0
POINT
  8
3
 10
2829.455518
 20
514.970214
  0
POINT
  8
3
 10
2834.276149
 20
514.450674
  0
POINT
  8
3
 10
2840.000000
 20
514.113281
  0
POINT
  8
3
 10
2846.347442
 20
514.503504
  0
POINT
  8
3
 10
2851.119261
 20
515.048221
  0
POINT
  8
3
 10
2856.517253
 20
515.924683
  0
POINT
  8
3
 10
2861.487298
 20
516.971061
  0
POINT
  8
3
 10
2866.145731
 20
518.198935
  0
POINT
  8
3
 10
2870.393834
 20
519.562904
  0
POINT
  8
3
 10
2874.192965
 20
521.031698
  0
POINT
  8
3
 10
2877.853015
 20
522.710293
  0
POINT
  8
3
 10
2881.376722
 20
524.598192
  0
POINT
  8
3
 10
2884.730784
 20
526.676601
  0
POINT
  8
3
 10
2887.947348
 20
528.959432
  0
POINT
  8
3
 10
2890.822679
 20
531.295135
  0
POINT
  8
3
 10
2893.767090
 20
534.019531
  0
POINT
  8
3
 10
2896.400633
 20
536.751357
  0
POINT
  8
3
 10
2897.905400
 20
538.558753
  0
POINT
  8
3
 10
2897.905938
 20
538.559428
  0
POINT
  8
3
 10
2900.843966
 20
542.245249
  0
POINT
  8
3
 10
2903.024760
 20
545.319232
  0
POINT
  8
3
 10
2905.541051
 20
549.333011
  0
POINT
  8
3
 10
2907.875601
 20
553.509409
  0
POINT
  8
3
 10
2910.027497
 20
557.881387
  0
POINT
  8
3
 10
2912.059356
 20
562.586565
  0
POINT
  8
3
 10
2913.932018
 20
567.553225
  0
POINT
  8
3
 10
2915.712453
 20
572.991650
  0
POINT
  8
3
 10
2917.414392
 20
579.007788
  0
POINT
  8
3
 10
2919.249120
 20
586.510955
  0
POINT
  8
3
 10
2922.576897
 20
601.166693
  0
POINT
  8
3
 10
3023.380975
 20
522.054717
  0
POINT
  8
3
 10
3018.554005
 20
510.603488
  0
POINT
  8
3
 10
3014.618031
 20
500.685326
  0
POINT
  8
3
 10
3011.554724
 20
492.360924
  0
POINT
  8
3
 10
3008.672901
 20
483.806964
  0
POINT
  8
3
 10
3006.694467
 20
477.311774
  0
POINT
  8
3
 10
3004.938149
 20
470.504505
  0
POINT
  8
3
 10
3004.936995
 20
470.499933
  0
POINT
  8
3
 10
3003.768804
 20
465.793233
  0
POINT
  8
3
 10
3002.572564
 20
459.998962
  0
POINT
  8
3
 10
3001.282927
 20
452.473277
  0
POINT
  8
3
 10
3000.437716
 20
446.198820
  0
POINT
  8
3
 10
2999.845614
 20
439.993258
  0
POINT
  8
3
 10
2999.658203
 20
435.828125
  0
POINT
  8
3
 10
2999.673805
 20
432.307095
  0
POINT
  8
3
 10
2999.673828
 20
432.300875
  0
POINT
  8
3
 10
2999.760015
 20
427.991740
  0
POINT
  8
3
 10
3000.141500
 20
423.757349
  0
POINT
  8
3
 10
3000.746283
 20
419.533069
  0
POINT
  8
3
 10
3001.525997
 20
415.792892
  0
POINT
  8
3
 10
3002.488350
 20
412.363860
  0
POINT
  8
3
 10
3003.593208
 20
409.314350
  0
POINT
  8
3
 10
3004.843792
 20
406.579236
  0
POINT
  8
3
 10
3006.209824
 20
404.182787
  0
POINT
  8
3
 10
3007.649618
 20
402.141858
  0
POINT
  8
3
 10
3009.218830
 20
400.344756
  0
POINT
  8
3
 10
3010.861663
 20
398.835439
  0
POINT
  8
3
 10
3012.698198
 20
397.495702
  0
POINT
  8
3
 10
3014.998484
 20
396.148408
  0
POINT
  8
3
 10
3017.673964
 20
394.882070
  0
POINT
  8
3
 10
3020.935868
 20
393.630080
  0
POINT
  8
3
 10
3024.676868
 20
392.472439
  0
POINT
  8
3
 10
3028.536821
 20
391.533944
  0
POINT
  8
3
 10
3032.547342
 20
390.818422
  0
POINT
  8
3
 10
3037.820971
 20
390.182644
  0
POINT
  8
3
 10
3045.470492
 20
389.307443
  0
POINT
  8
3
 10
3047.702791
 20
373.926207
  0
POINT
  8
3
 10
3047.062453
 20
364.227180
  0
POINT
  8
3
 10
3046.242781
 20
355.580665
  0
POINT
  8
3
 10
3045.146241
 20
346.690889
  0
POINT
  8
3
 10
3043.876085
 20
338.201743
  0
POINT
  8
3
 10
3042.609404
 20
331.321671
  0
POINT
  8
3
 10
3042.065440
 20
328.621146
  0
POINT
  8
3
 10
3042.065259
 20
328.620244
  0
POINT
  8
3
 10
3039.624813
 20
316.551544
  0
POINT
  8
3
 10
3036.971028
 20
304.908166
  0
POINT
  8
3
 10
3033.465116
 20
290.115761
  0
POINT
  8
3
 10
3031.035779
 20
279.107797
  0
POINT
  8
3
 10
3029.261228
 20
269.992322
  0
POINT
  8
3
 10
3028.016483
 20
262.354307
  0
POINT
  8
3
 10
3027.133622
 20
255.393424
  0
POINT
  8
3
 10
3026.538061
 20
248.633700
  0
POINT
  8
3
 10
3026.187156
 20
241.649643
  0
POINT
  8
3
 10
3026.046841
 20
233.485540
  0
POINT
  8
3
 10
3026.151231
 20
224.641833
  0
POINT
  8
3
 10
3026.657643
 20
209.450135
  0
POINT
  8
3
 10
3026.705085
 20
207.995887
  0
POINT
  8
3
 10
3026.705129
 20
207.994512
  0
POINT
  8
3
 10
3027.139760
 20
194.431706
  0
POINT
  8
3
 10
3027.626006
 20
179.239554
  0
POINT
  8
3
 10
3028.118471
 20
164.047602
  0
POINT
  8
3
 10
3028.617546
 20
149.036615
  0
POINT
  8
3
 10
3029.130169
 20
133.989984
  0
POINT
  8
3
 10
3029.654506
 20
118.890124
  0
POINT
  8
3
 10
3017.183655
 20
86.036385
  0
POINT
  8
3
 10
3001.922869
 20
84.623853
  0
POINT
  8
3
 10
2986.593393
 20
83.274780
  0
POINT
  8
3
 10
2971.113457
 20
81.998704
  0
POINT
  8
3
 10
2955.996356
 20
80.835849
  0
POINT
  8
3
 10
2940.502956
 20
79.734408
  0
POINT
  8
3
 10
2925.340918
 20
78.760536
  0
POINT
  8
3
 10
2909.833078
 20
77.887077
  0
POINT
  8
3
 10
2894.508917
 20
77.159834
  0
POINT
  8
3
 10
2878.987011
 20
76.583955
  0
POINT
  8
3
 10
2863.772150
 20
76.205280
  0
POINT
  8
3
 10
2848.579871
 20
75.978414
  0
POINT
  8
3
 10
2824.294652
 20
76.068888
  0
POINT
  8
3
 10
2809.063914
 20
76.360850
  0
POINT
  8
3
 10
2793.679715
 20
76.833640
  0
POINT
  8
3
 10
2778.330439
 20
77.481916
  0
POINT
  8
3
 10
2762.828240
 20
78.284060
  0
POINT
  8
3
 10
2747.507575
 20
79.206054
  0
POINT
  8
3
 10
2732.020098
 20
80.253632
  0
POINT
  8
3
 10
2716.857432
 20
81.375386
  0
POINT
  8
3
 10
2701.383391
 20
82.606409
  0
POINT
  8
3
 10
2685.916572
 20
83.923598
  0
POINT
  8
3
 10
2670.581398
 20
85.310480
  0
POINT
  8
3
 10
2655.692431
 20
86.714329
  0
POINT
  8
3
 10
2653.295415
 20
207.996259
  0
TEXT
  8
3
 10
2653.295415
 20
207.996259
 40
0.000000
 50
0.000000
  1
# 139
  0
POINT
  8
3
 10
2637.935089
 20
328.620943
  0
TEXT
  8
3
 10
2637.935089
 20
328.620943
 40
0.000000
 50
0.000000
  1
# 140
  0
POINT
  8
3
 10
2680.326172
 20
432.300908
  0
TEXT
  8
3
 10
2680.326172
 20
432.300908
 40
0.000000
 50
0.000000
  1
# 141
  0
POINT
  8
3
 10
2675.063019
 20
470.499879
  0
TEXT
  8
3
 10
2675.063019
 20
470.499879
 40
0.000000
 50
0.000000
  1
# 142
  0
POINT
  8
3
 10
2782.094820
 20
538.558476
  0
TEXT
  8
3
 10
2782.094820
 20
538.558476
 40
0.000000
 50
0.000000
  1
# 143
  0
POINT
  8
3
 10
2897.905400
 20
538.558753
  0
TEXT
  8
3
 10
2897.905400
 20
538.558753
 40
0.000000
 50
0.000000
  1
# 144
  0
POINT
  8
3
 10
3004.936995
 20
470.499933
  0
TEXT
  8
3
 10
3004.936995
 20
470.499933
 40
0.000000
 50
0.000000
  1
# 145
  0
POINT
  8
3
 10
2999.673828
 20
432.300875
  0
TEXT
  8
3
 10
2999.673828
 20
432.300875
 40
0.000000
 50
0.000000
  1
# 146
  0
POINT
  8
3
 10
3042.065440
 20
328.621146
  0
TEXT
  8
3
 10
3042.065440
 20
328.621146
 40
0.000000
 50
0.000000
  1
# 147
  0
POINT
  8
3
 10
3026.705085
 20
207.995887
  0
TEXT
  8
3
 10
3026.705085
 20
207.995887
 40
0.000000
 50
0.000000
  1
# 148
  0
POINT
  8
4
 10
2653.295356
 20
207.994425
 30
1.000000
 50
358.15
  0
TEXT
  8
4
 10
2653.295356
 20
207.994425
 40
0.000000
 50
0.000000
  1
# 149
  0
POINT
  8
4
 10
2637.935271
 20
328.620035
 30
1.000000
 50
 11.25
  0
TEXT
  8
4
 10
2637.935271
 20
328.620035
 40
0.000000
 50
0.000000
  1
# 150
  0
POINT
  8
4
 10
2680.326193
 20
432.306612
 30
1.000000
 50
359.74
  0
TEXT
  8
4
 10
2680.326193
 20
432.306612
 40
0.000000
 50
0.000000
  1
# 151
  0
POINT
  8
4
 10
2675.061790
 20
470.504748
 30
1.000000
 50
 14.15
  0
TEXT
  8
4
 10
2675.061790
 20
470.504748
 40
0.000000
 50
0.000000
  1
# 152
  0
POINT
  8
4
 10
2782.093315
 20
538.560365
 30
1.000000
 50
218.55
  0
TEXT
  8
4
 10
2782.093315
 20
538.560365
 40
0.000000
 50
0.000000
  1
# 153
  0
POINT
  8
4
 10
2840.000000
 20
514.113281
 30
1.000000
 50
269.08
  0
TEXT
  8
4
 10
2840.000000
 20
514.113281
 40
0.000000
 50
0.000000
  1
# 154
  0
POINT
  8
4
 10
2897.905938
 20
538.559428
 30
1.000000
 50
321.45
  0
TEXT
  8
4
 10
2897.905938
 20
538.559428
 40
0.000000
 50
0.000000
  1
# 155
  0
POINT
  8
4
 10
3004.938149
 20
470.504505
 30
1.000000
 50
165.85
  0
TEXT
  8
4
 10
3004.938149
 20
470.504505
 40
0.000000
 50
0.000000
  1
# 156
  0
POINT
  8
4
 10
2999.673805
 20
432.307095
 30
1.000000
 50
180.26
  0
TEXT
  8
4
 10
2999.673805
 20
432.307095
 40
0.000000
 50
0.000000
  1
# 157
  0
POINT
  8
4
 10
3042.065259
 20
328.620244
 30
1.000000
 50
168.75
  0
TEXT
  8
4
 10
3042.065259
 20
328.620244
 40
0.000000
 50
0.000000
  1
# 158
  0
POINT
  8
4
 10
3026.705129
 20
207.994512
 30
1.000000
 50
181.85
  0
TEXT
  8
4
 10
3026.705129
 20
207.994512
 40
0.000000
 50
0.000000
  1
# 159
  0
POLYLINE
  8
11
  66
1
  70
0
  0
VERTEX
  8
1
  10
2657.953613
  20
107.625000
  0
VERTEX
  8
1
  10
2658.516483
  20
122.965080
  0
VERTEX
  8
1
  10
2659.044444
  20
138.128966
  0
VERTEX
  8
1
  10
2659.544819
  20
153.387952
  0
VERTEX
  8
1
  10
2660.006931
  20
168.625932
  0
VERTEX
  8
1
  10
2660.459511
  20
183.851098
  0
VERTEX
  8
1
  10
2660.957880
  20
199.074585
  0
VERTEX
  8
1
  10
2661.283141
  20
207.736722
  0
VERTEX
  8
1
  10
2661.283196
  20
207.738095
  0
VERTEX
  8
1
  10
2661.531211
  20
214.070232
  0
VERTEX
  8
1
  10
2661.897106
  20
226.758109
  0
VERTEX
  8
1
  10
2661.936095
  20
235.970875
  0
VERTEX
  8
1
  10
2661.735433
  20
243.882997
  0
VERTEX
  8
1
  10
2661.314269
  20
250.934435
  0
VERTEX
  8
1
  10
2660.663721
  20
257.655261
  0
VERTEX
  8
1
  10
2659.731165
  20
264.645294
  0
VERTEX
  8
1
  10
2658.433197
  20
272.399785
  0
VERTEX
  8
1
  10
2656.678843
  20
281.290470
  0
VERTEX
  8
1
  10
2654.047031
  20
293.149482
  0
VERTEX
  8
1
  10
2650.571677
  20
307.980121
  0
VERTEX
  8
1
  10
2647.470215
  20
321.687500
  0
VERTEX
  8
1
  10
2645.726802
  20
330.170644
  0
VERTEX
  8
1
  10
2645.726561
  20
330.171885
  0
VERTEX
  8
1
  10
2645.406659
  20
331.833785
  0
VERTEX
  8
1
  10
2643.840405
  20
340.701032
  0
VERTEX
  8
1
  10
2642.595279
  20
349.106708
  0
VERTEX
  8
1
  10
2641.598145
  20
357.488281
  0
VERTEX
  8
1
  10
2640.811553
  20
366.197231
  0
VERTEX
  8
1
  10
2640.175480
  20
376.247624
  0
VERTEX
  8
1
  10
2639.947754
  20
380.957031
  0
SEQEND
  8
11
  0
POINT
  8
2
 10
2657.953613
 20
107.625000
  0
TEXT
  8
2
 10
2657.953613
 20
107.625000
 40
0.000000
 50
0.000000
  1
# 160
  0
POINT
  8
2
 10
2639.947754
 20
380.957031
  0
TEXT
  8
2
 10
2639.947754
 20
380.957031
 40
0.000000
 50
0.000000
  1
# 161
  0
POINT
  8
3
 10
2658.516483
 20
122.965080
  0
POINT
  8
3
 10
2659.044444
 20
138.128966
  0
POINT
  8
3
 10
2659.544819
 20
153.387952
  0
POINT
  8
3
 10
2660.006931
 20
168.625932
  0
POINT
  8
3
 10
2660.459511
 20
183.851098
  0
POINT
  8
3
 10
2660.957880
 20
199.074585
  0
POINT
  8
3
 10
2661.283141
 20
207.736722
  0
POINT
  8
3
 10
2661.283196
 20
207.738095
  0
POINT
  8
3
 10
2661.531211
 20
214.070232
  0
POINT
  8
3
 10
2661.897106
 20
226.758109
  0
POINT
  8
3
 10
2661.936095
 20
235.970875
  0
POINT
  8
3
 10
2661.735433
 20
243.882997
  0
POINT
  8
3
 10
2661.314269
 20
250.934435
  0
POINT
  8
3
 10
2660.663721
 20
257.655261
  0
POINT
  8
3
 10
2659.731165
 20
264.645294
  0
POINT
  8
3
 10
2658.433197
 20
272.399785
  0
POINT
  8
3
 10
2656.678843
 20
281.290470
  0
POINT
  8
3
 10
2654.047031
 20
293.149482
  0
POINT
  8
3
 10
2650.571677
 20
307.980121
  0
POINT
  8
3
 10
2647.470215
 20
321.687500
  0
POINT
  8
3
 10
2645.726802
 20
330.170644
  0
POINT
  8
3
 10
2645.726561
 20
330.171885
  0
POINT
  8
3
 10
2645.406659
 20
331.833785
  0
POINT
  8
3
 10
2643.840405
 20
340.701032
  0
POINT
  8
3
 10
2642.595279
 20
349.106708
  0
POINT
  8
3
 10
2641.598145
 20
357.488281
  0
POINT
  8
3
 10
2640.811553
 20
366.197231
  0
POINT
  8
3
 10
2640.175480
 20
376.247624
  0
POINT
  8
3
 10
2661.283196
 20
207.738095
  0
TEXT
  8
3
 10
2661.283196
 20
207.738095
 40
0.000000
 50
0.000000
  1
# 162
  0
POINT
  8
3
 10
2645.726561
 20
330.171885
  0
TEXT
  8
3
 10
2645.726561
 20
330.171885
 40
0.000000
 50
0.000000
  1
# 163
  0
POINT
  8
4
 10
2661.283141
 20
207.736722
 30
1.000000
 50
357.69
  0
TEXT
  8
4
 10
2661.283141
 20
207.736722
 40
0.000000
 50
0.000000
  1
# 164
  0
POINT
  8
4
 10
2645.726802
 20
330.170644
 30
1.000000
 50
 11.03
  0
TEXT
  8
4
 10
2645.726802
 20
330.170644
 40
0.000000
 50
0.000000
  1
# 165
  0
POLYLINE
  8
11
  66
1
  70
0
  0
VERTEX
  8
1
  10
2639.947754
  20
380.957031
  0
VERTEX
  8
1
  10
2646.287372
  20
381.578357
  0
VERTEX
  8
1
  10
2650.867418
  20
382.257562
  0
VERTEX
  8
1
  10
2655.079005
  20
383.123083
  0
VERTEX
  8
1
  10
2659.134186
  20
384.201827
  0
VERTEX
  8
1
  10
2663.002764
  20
385.476834
  0
VERTEX
  8
1
  10
2666.475012
  20
386.872439
  0
VERTEX
  8
1
  10
2669.500886
  20
388.348508
  0
VERTEX
  8
1
  10
2672.110636
  20
389.888908
  0
VERTEX
  8
1
  10
2674.416721
  20
391.534220
  0
VERTEX
  8
1
  10
2676.443166
  20
393.288068
  0
VERTEX
  8
1
  10
2678.336592
  20
395.264649
  0
VERTEX
  8
1
  10
2680.136393
  20
397.521014
  0
VERTEX
  8
1
  10
2681.766132
  20
399.965212
  0
VERTEX
  8
1
  10
2683.286287
  20
402.710134
  0
VERTEX
  8
1
  10
2684.664064
  20
405.729570
  0
VERTEX
  8
1
  10
2685.880665
  20
409.000939
  0
VERTEX
  8
1
  10
2686.946159
  20
412.589747
  0
VERTEX
  8
1
  10
2687.837738
  20
416.475266
  0
VERTEX
  8
1
  10
2688.548953
  20
420.715634
  0
VERTEX
  8
1
  10
2689.043276
  20
425.170173
  0
VERTEX
  8
1
  10
2689.320617
  20
429.912174
  0
VERTEX
  8
1
  10
2689.371583
  20
432.257934
  0
VERTEX
  8
1
  10
2689.371641
  20
432.263696
  0
VERTEX
  8
1
  10
2689.364196
  20
434.880252
  0
VERTEX
  8
1
  10
2689.158639
  20
440.052568
  0
VERTEX
  8
1
  10
2688.676872
  20
445.706156
  0
VERTEX
  8
1
  10
2687.866605
  20
452.139611
  0
VERTEX
  8
1
  10
2686.745172
  20
459.077822
  0
VERTEX
  8
1
  10
2685.364365
  20
466.103146
  0
VERTEX
  8
1
  10
2683.835400
  20
472.711134
  0
VERTEX
  8
1
  10
2683.834355
  20
472.715338
  0
VERTEX
  8
1
  10
2683.759287
  20
473.016274
  0
VERTEX
  8
1
  10
2681.909680
  20
479.905843
  0
VERTEX
  8
1
  10
2679.687500
  20
487.207031
  0
VERTEX
  8
1
  10
2676.970088
  20
495.257556
  0
VERTEX
  8
1
  10
2673.748775
  20
503.997660
  0
VERTEX
  8
1
  10
2669.817282
  20
513.912051
  0
VERTEX
  8
1
  10
2665.016484
  20
525.310935
  0
VERTEX
  8
1
  10
2661.871094
  20
532.519531
  0
SEQEND
  8
11
  0
POINT
  8
2
 10
2639.947754
 20
380.957031
  0
TEXT
  8
2
 10
2639.947754
 20
380.957031
 40
0.000000
 50
0.000000
  1
# 166
  0
POINT
  8
2
 10
2661.871094
 20
532.519531
  0
TEXT
  8
2
 10
2661.871094
 20
532.519531
 40
0.000000
 50
0.000000
  1
# 167
  0
POINT
  8
3
 10
2646.287372
 20
381.578357
  0
POINT
  8
3
 10
2650.867418
 20
382.257562
  0
POINT
  8
3
 10
2655.079005
 20
383.123083
  0
POINT
  8
3
 10
2659.134186
 20
384.201827
  0
POINT
  8
3
 10
2663.002764
 20
385.476834
  0
POINT
  8
3
 10
2666.475012
 20
386.872439
  0
POINT
  8
3
 10
2669.500886
 20
388.348508
  0
POINT
  8
3
 10
2672.110636
 20
389.888908
  0
POINT
  8
3
 10
2674.416721
 20
391.534220
  0
POINT
  8
3
 10
2676.443166
 20
393.288068
  0
POINT
  8
3
 10
2678.336592
 20
395.264649
  0
POINT
  8
3
 10
2680.136393
 20
397.521014
  0
POINT
  8
3
 10
2681.766132
 20
399.965212
  0
POINT
  8
3
 10
2683.286287
 20
402.710134
  0
POINT
  8
3
 10
2684.664064
 20
405.729570
  0
POINT
  8
3
 10
2685.880665
 20
409.000939
  0
POINT
  8
3
 10
2686.946159
 20
412.589747
  0
POINT
  8
3
 10
2687.837738
 20
416.475266
  0
POINT
  8
3
 10
2688.548953
 20
420.715634
  0
POINT
  8
3
 10
2689.043276
 20
425.170173
  0
POINT
  8
3
 10
2689.320617
 20
429.912174
  0
POINT
  8
3
 10
2689.371583
 20
432.257934
  0
POINT
  8
3
 10
2689.371641
 20
432.263696
  0
POINT
  8
3
 10
2689.364196
 20
434.880252
  0
POINT
  8
3
 10
2689.158639
 20
440.052568
  0
POINT
  8
3
 10
2688.676872
 20
445.706156
  0
POINT
  8
3
 10
2687.866605
 20
452.139611
  0
POINT
  8
3
 10
2686.745172
 20
459.077822
  0
POINT
  8
3
 10
2685.364365
 20
466.103146
  0
POINT
  8
3
 10
2683.835400
 20
472.711134
  0
POINT
  8
3
 10
2683.834355
 20
472.715338
  0
POINT
  8
3
 10
2683.759287
 20
473.016274
  0
POINT
  8
3
 10
2681.909680
 20
479.905843
  0
POINT
  8
3
 10
2679.687500
 20
487.207031
  0
POINT
  8
3
 10
2676.970088
 20
495.257556
  0
POINT
  8
3
 10
2673.748775
 20
503.997660
  0
POINT
  8
3
 10
2669.817282
 20
513.912051
  0
POINT
  8
3
 10
2665.016484
 20
525.310935
  0
POINT
  8
3
 10
2689.371583
 20
432.257934
  0
TEXT
  8
3
 10
2689.371583
 20
432.257934
 40
0.000000
 50
0.000000
  1
# 168
  0
POINT
  8
3
 10
2683.835400
 20
472.711134
  0
TEXT
  8
3
 10
2683.835400
 20
472.711134
 40
0.000000
 50
0.000000
  1
# 169
  0
POINT
  8
4
 10
2689.371641
 20
432.263696
 30
1.000000
 50
359.42
  0
TEXT
  8
4
 10
2689.371641
 20
432.263696
 40
0.000000
 50
0.000000
  1
# 170
  0
POINT
  8
4
 10
2683.834355
 20
472.715338
 30
1.000000
 50
 13.96
  0
TEXT
  8
4
 10
2683.834355
 20
472.715338
 40
0.000000
 50
0.000000
  1
# 171
  0
POLYLINE
  8
11
  66
1
  70
0
  0
VERTEX
  8
1
  10
2661.871094
  20
532.519531
  0
VERTEX
  8
1
  10
2751.753418
  20
590.199219
  0
SEQEND
  8
11
  0
POINT
  8
2
 10
2661.871094
 20
532.519531
  0
TEXT
  8
2
 10
2661.871094
 20
532.519531
 40
0.000000
 50
0.000000
  1
# 172
  0
POINT
  8
2
 10
2751.753418
 20
590.199219
  0
TEXT
  8
2
 10
2751.753418
 20
590.199219
 40
0.000000
 50
0.000000
  1
# 173
  0
POLYLINE
  8
11
  66
1
  70
0
  0
VERTEX
  8
1
  10
2751.753418
  20
590.199219
  0
VERTEX
  8
1
  10
2753.479197
  20
582.416925
  0
VERTEX
  8
1
  10
2755.349624
  20
575.121569
  0
VERTEX
  8
1
  10
2757.144339
  20
569.019692
  0
VERTEX
  8
1
  10
2758.978559
  20
563.618979
  0
VERTEX
  8
1
  10
2760.986025
  20
558.461355
  0
VERTEX
  8
1
  10
2763.110635
  20
553.670658
  0
VERTEX
  8
1
  10
2765.392077
  20
549.130216
  0
VERTEX
  8
1
  10
2767.810151
  20
544.857658
  0
VERTEX
  8
1
  10
2770.386328
  20
540.800637
  0
VERTEX
  8
1
  10
2773.106484
  20
536.972343
  0
VERTEX
  8
1
  10
2775.813722
  20
533.555562
  0
VERTEX
  8
1
  10
2775.814437
  20
533.554706
  0
VERTEX
  8
1
  10
2775.947742
  20
533.395793
  0
VERTEX
  8
1
  10
2778.862431
  20
530.121994
  0
VERTEX
  8
1
  10
2781.800219
  20
527.182982
  0
VERTEX
  8
1
  10
2784.811789
  20
524.507329
  0
VERTEX
  8
1
  10
2787.992266
  20
522.008192
  0
VERTEX
  8
1
  10
2791.428788
  20
519.626370
  0
VERTEX
  8
1
  10
2795.004755
  20
517.450240
  0
VERTEX
  8
1
  10
2798.761276
  20
515.457755
  0
VERTEX
  8
1
  10
2802.651880
  20
513.678845
  0
VERTEX
  8
1
  10
2806.668800
  20
512.116819
  0
VERTEX
  8
1
  10
2811.017090
  20
510.695313
  0
VERTEX
  8
1
  10
2815.921671
  20
509.364615
  0
VERTEX
  8
1
  10
2820.909641
  20
508.271740
  0
VERTEX
  8
1
  10
2826.491864
  20
507.313148
  0
VERTEX
  8
1
  10
2831.739131
  20
506.649698
  0
VERTEX
  8
1
  10
2837.199212
  20
506.230676
  0
VERTEX
  8
1
  10
2840.000000
  20
506.097656
  0
VERTEX
  8
1
  10
2840.000000
  20
506.097656
  0
SEQEND
  8
11
  0
POINT
  8
2
 10
2751.753418
 20
590.199219
  0
TEXT
  8
2
 10
2751.753418
 20
590.199219
 40
0.000000
 50
0.000000
  1
# 174
  0
POINT
  8
2
 10
2840.000000
 20
506.097656
  0
TEXT
  8
2
 10
2840.000000
 20
506.097656
 40
0.000000
 50
0.000000
  1
# 175
  0
POINT
  8
3
 10
2753.479197
 20
582.416925
  0
POINT
  8
3
 10
2755.349624
 20
575.121569
  0
POINT
  8
3
 10
2757.144339
 20
569.019692
  0
POINT
  8
3
 10
2758.978559
 20
563.618979
  0
POINT
  8
3
 10
2760.986025
 20
558.461355
  0
POINT
  8
3
 10
2763.110635
 20
553.670658
  0
POINT
  8
3
 10
2765.392077
 20
549.130216
  0
POINT
  8
3
 10
2767.810151
 20
544.857658
  0
POINT
  8
3
 10
2770.386328
 20
540.800637
  0
POINT
  8
3
 10
2773.106484
 20
536.972343
  0
POINT
  8
3
 10
2775.813722
 20
533.555562
  0
POINT
  8
3
 10
2775.814437
 20
533.554706
  0
POINT
  8
3
 10
2775.947742
 20
533.395793
  0
POINT
  8
3
 10
2778.862431
 20
530.121994
  0
POINT
  8
3
 10
2781.800219
 20
527.182982
  0
POINT
  8
3
 10
2784.811789
 20
524.507329
  0
POINT
  8
3
 10
2787.992266
 20
522.008192
  0
POINT
  8
3
 10
2791.428788
 20
519.626370
  0
POINT
  8
3
 10
2795.004755
 20
517.450240
  0
POINT
  8
3
 10
2798.761276
 20
515.457755
  0
POINT
  8
3
 10
2802.651880
 20
513.678845
  0
POINT
  8
3
 10
2806.668800
 20
512.116819
  0
POINT
  8
3
 10
2811.017090
 20
510.695313
  0
POINT
  8
3
 10
2815.921671
 20
509.364615
  0
POINT
  8
3
 10
2820.909641
 20
508.271740
  0
POINT
  8
3
 10
2826.491864
 20
507.313148
  0
POINT
  8
3
 10
2831.739131
 20
506.649698
  0
POINT
  8
3
 10
2837.199212
 20
506.230676
  0
POINT
  8
3
 10
2840.000000
 20
506.097656
  0
POINT
  8
3
 10
2775.814437
 20
533.554706
  0
TEXT
  8
3
 10
2775.814437
 20
533.554706
 40
0.000000
 50
0.000000
  1
# 176
  0
POINT
  8
4
 10
2775.813722
 20
533.555562
 30
1.000000
 50
219.90
  0
TEXT
  8
4
 10
2775.813722
 20
533.555562
 40
0.000000
 50
0.000000
  1
# 177
  0
POINT
  8
4
 10
2840.000000
 20
506.097656
 30
1.000000
 50
269.37
  0
TEXT
  8
4
 10
2840.000000
 20
506.097656
 40
0.000000
 50
0.000000
  1
# 178
  0
POLYLINE
  8
11
  66
1
  70
0
  0
VERTEX
  8
1
  10
2840.000000
  20
506.097656
  0
VERTEX
  8
1
  10
2845.986070
  20
506.431991
  0
VERTEX
  8
1
  10
2851.341974
  20
507.013790
  0
VERTEX
  8
1
  10
2856.841167
  20
507.851742
  0
VERTEX
  8
1
  10
2862.001365
  20
508.878584
  0
VERTEX
  8
1
  10
2866.959019
  20
510.113017
  0
VERTEX
  8
1
  10
2871.484484
  20
511.483321
  0
VERTEX
  8
1
  10
2875.693630
  20
513.006316
  0
VERTEX
  8
1
  10
2879.574451
  20
514.661544
  0
VERTEX
  8
1
  10
2883.372307
  20
516.556208
  0
VERTEX
  8
1
  10
2887.002205
  20
518.637344
  0
VERTEX
  8
1
  10
2890.464921
  20
520.899302
  0
VERTEX
  8
1
  10
2893.738889
  20
523.329192
  0
VERTEX
  8
1
  10
2896.829771
  20
525.924613
  0
VERTEX
  8
1
  10
2899.784846
  20
528.722403
  0
VERTEX
  8
1
  10
2902.665329
  20
531.791511
  0
VERTEX
  8
1
  10
2904.186001
  20
533.554646
  0
VERTEX
  8
1
  10
2904.186689
  20
533.555469
  0
VERTEX
  8
1
  10
2905.491134
  20
535.156857
  0
VERTEX
  8
1
  10
2908.263684
  20
538.845987
  0
VERTEX
  8
1
  10
2910.888943
  20
542.750861
  0
VERTEX
  8
1
  10
2913.403034
  20
546.937985
  0
VERTEX
  8
1
  10
2915.721813
  20
551.275140
  0
VERTEX
  8
1
  10
2917.905430
  20
555.885135
  0
VERTEX
  8
1
  10
2919.953531
  20
560.789561
  0
VERTEX
  8
1
  10
2921.872415
  20
566.034596
  0
VERTEX
  8
1
  10
2923.678264
  20
571.703479
  0
VERTEX
  8
1
  10
2925.445000
  20
578.086368
  0
VERTEX
  8
1
  10
2927.236029
  20
585.560795
  0
VERTEX
  8
1
  10
2928.246582
  20
590.199219
  0
SEQEND
  8
11
  0
POINT
  8
2
 10
2840.000000
 20
506.097656
  0
TEXT
  8
2
 10
2840.000000
 20
506.097656
 40
0.000000
 50
0.000000
  1
# 179
  0
POINT
  8
2
 10
2928.246582
 20
590.199219
  0
TEXT
  8
2
 10
2928.246582
 20
590.199219
 40
0.000000
 50
0.000000
  1
# 180
  0
POINT
  8
3
 10
2845.986070
 20
506.431991
  0
POINT
  8
3
 10
2851.341974
 20
507.013790
  0
POINT
  8
3
 10
2856.841167
 20
507.851742
  0
POINT
  8
3
 10
2862.001365
 20
508.878584
  0
POINT
  8
3
 10
2866.959019
 20
510.113017
  0
POINT
  8
3
 10
2871.484484
 20
511.483321
  0
POINT
  8
3
 10
2875.693630
 20
513.006316
  0
POINT
  8
3
 10
2879.574451
 20
514.661544
  0
POINT
  8
3
 10
2883.372307
 20
516.556208
  0
POINT
  8
3
 10
2887.002205
 20
518.637344
  0
POINT
  8
3
 10
2890.464921
 20
520.899302
  0
POINT
  8
3
 10
2893.738889
 20
523.329192
  0
POINT
  8
3
 10
2896.829771
 20
525.924613
  0
POINT
  8
3
 10
2899.784846
 20
528.722403
  0
POINT
  8
3
 10
2902.665329
 20
531.791511
  0
POINT
  8
3
 10
2904.186001
 20
533.554646
  0
POINT
  8
3
 10
2904.186689
 20
533.555469
  0
POINT
  8
3
 10
2905.491134
 20
535.156857
  0
POINT
  8
3
 10
2908.263684
 20
538.845987
  0
POINT
  8
3
 10
2910.888943
 20
542.750861
  0
POINT
  8
3
 10
2913.403034
 20
546.937985
  0
POINT
  8
3
 10
2915.721813
 20
551.275140
  0
POINT
  8
3
 10
2917.905430
 20
555.885135
  0
POINT
  8
3
 10
2919.953531
 20
560.789561
  0
POINT
  8
3
 10
2921.872415
 20
566.034596
  0
POINT
  8
3
 10
2923.678264
 20
571.703479
  0
POINT
  8
3
 10
2925.445000
 20
578.086368
  0
POINT
  8
3
 10
2927.236029
 20
585.560795
  0
POINT
  8
3
 10
2904.186001
 20
533.554646
  0
TEXT
  8
3
 10
2904.186001
 20
533.554646
 40
0.000000
 50
0.000000
  1
# 181
  0
POINT
  8
4
 10
2904.186689
 20
533.555469
 30
1.000000
 50
320.10
  0
TEXT
  8
4
 10
2904.186689
 20
533.555469
 40
0.000000
 50
0.000000
  1
# 182
  0
POLYLINE
  8
11
  66
1
  70
0
  0
VERTEX
  8
1
  10
2928.246582
  20
590.199219
  0
VERTEX
  8
1
  10
3018.129395
  20
532.519531
  0
SEQEND
  8
11
  0
POINT
  8
2
 10
2928.246582
 20
590.199219
  0
TEXT
  8
2
 10
2928.246582
 20
590.199219
 40
0.000000
 50
0.000000
  1
# 183
  0
POINT
  8
2
 10
3018.129395
 20
532.519531
  0
TEXT
  8
2
 10
3018.129395
 20
532.519531
 40
0.000000
 50
0.000000
  1
# 184
  0
POLYLINE
  8
11
  66
1
  70
0
  0
VERTEX
  8
1
  10
3018.129395
  20
532.519531
  0
VERTEX
  8
1
  10
3012.157049
  20
518.668986
  0
VERTEX
  8
1
  10
3007.844663
  20
508.097654
  0
VERTEX
  8
1
  10
3004.373366
  20
498.992538
  0
VERTEX
  8
1
  10
3001.464198
  20
490.712484
  0
VERTEX
  8
1
  10
2999.023661
  20
483.072659
  0
VERTEX
  8
1
  10
2997.026346
  20
476.058195
  0
VERTEX
  8
1
  10
2996.165565
  20
472.715018
  0
VERTEX
  8
1
  10
2996.164523
  20
472.710826
  0
VERTEX
  8
1
  10
2995.322019
  20
469.189553
  0
VERTEX
  8
1
  10
2993.831925
  20
462.166041
  0
VERTEX
  8
1
  10
2992.586702
  20
455.120046
  0
VERTEX
  8
1
  10
2991.617911
  20
448.280353
  0
VERTEX
  8
1
  10
2991.005145
  20
442.320530
  0
VERTEX
  8
1
  10
2990.690435
  20
436.988497
  0
VERTEX
  8
1
  10
2990.628848
  20
432.263653
  0
VERTEX
  8
1
  10
2990.628906
  20
432.257812
  0
VERTEX
  8
1
  10
2990.632438
  20
431.952572
  0
VERTEX
  8
1
  10
2990.816197
  20
427.082148
  0
VERTEX
  8
1
  10
2991.230581
  20
422.447049
  0
VERTEX
  8
1
  10
2991.859835
  20
418.102178
  0
VERTEX
  8
1
  10
2992.685899
  20
414.064510
  0
VERTEX
  8
1
  10
2993.695298
  20
410.326615
  0
VERTEX
  8
1
  10
2994.853313
  20
406.943800
  0
VERTEX
  8
1
  10
2996.172064
  20
403.827053
  0
VERTEX
  8
1
  10
2997.637863
  20
400.981638
  0
VERTEX
  8
1
  10
2999.235280
  20
398.411842
  0
VERTEX
  8
1
  10
3000.941450
  20
396.119845
  0
VERTEX
  8
1
  10
3002.743558
  20
394.093291
  0
VERTEX
  8
1
  10
3004.674158
  20
392.280497
  0
VERTEX
  8
1
  10
3006.814397
  20
390.617113
  0
VERTEX
  8
1
  10
3009.262059
  20
389.043381
  0
VERTEX
  8
1
  10
3012.024718
  20
387.570289
  0
VERTEX
  8
1
  10
3015.191109
  20
386.167463
  0
VERTEX
  8
1
  10
3018.824233
  20
384.845729
  0
VERTEX
  8
1
  10
3022.845710
  20
383.642814
  0
VERTEX
  8
1
  10
3026.896508
  20
382.684081
  0
VERTEX
  8
1
  10
3031.307532
  20
381.905060
  0
VERTEX
  8
1
  10
3036.289152
  20
381.291398
  0
VERTEX
  8
1
  10
3040.052734
  20
380.957031
  0
SEQEND
  8
11
  0
POINT
  8
2
 10
3018.129395
 20
532.519531
  0
TEXT
  8
2
 10
3018.129395
 20
532.519531
 40
0.000000
 50
0.000000
  1
# 185
  0
POINT
  8
2
 10
3040.052734
 20
380.957031
  0
TEXT
  8
2
 10
3040.052734
 20
380.957031
 40
0.000000
 50
0.000000
  1
# 186
  0
POINT
  8
3
 10
3012.157049
 20
518.668986
  0
POINT
  8
3
 10
3007.844663
 20
508.097654
  0
POINT
  8
3
 10
3004.373366
 20
498.992538
  0
POINT
  8
3
 10
3001.464198
 20
490.712484
  0
POINT
  8
3
 10
2999.023661
 20
483.072659
  0
POINT
  8
3
 10
2997.026346
 20
476.058195
  0
POINT
  8
3
 10
2996.165565
 20
472.715018
  0
POINT
  8
3
 10
2996.164523
 20
472.710826
  0
POINT
  8
3
 10
2995.322019
 20
469.189553
  0
POINT
  8
3
 10
2993.831925
 20
462.166041
  0
POINT
  8
3
 10
2992.586702
 20
455.120046
  0
POINT
  8
3
 10
2991.617911
 20
448.280353
  0
POINT
  8
3
 10
2991.005145
 20
442.320530
  0
POINT
  8
3
 10
2990.690435
 20
436.988497
  0
POINT
  8
3
 10
2990.628848
 20
432.263653
  0
POINT
  8
3
 10
2990.628906
 20
432.257812
  0
POINT
  8
3
 10
2990.632438
 20
431.952572
  0
POINT
  8
3
 10
2990.816197
 20
427.082148
  0
POINT
  8
3
 10
2991.230581
 20
422.447049
  0
POINT
  8
3
 10
2991.859835
 20
418.102178
  0
POINT
  8
3
 10
2992.685899
 20
414.064510
  0
POINT
  8
3
 10
2993.695298
 20
410.326615
  0
POINT
  8
3
 10
2994.853313
 20
406.943800
  0
POINT
  8
3
 10
2996.172064
 20
403.827053
  0
POINT
  8
3
 10
2997.637863
 20
400.981638
  0
POINT
  8
3
 10
2999.235280
 20
398.411842
  0
POINT
  8
3
 10
3000.941450
 20
396.119845
  0
POINT
  8
3
 10
3002.743558
 20
394.093291
  0
POINT
  8
3
 10
3004.674158
 20
392.280497
  0
POINT
  8
3
 10
3006.814397
 20
390.617113
  0
POINT
  8
3
 10
3009.262059
 20
389.043381
  0
POINT
  8
3
 10
3012.024718
 20
387.570289
  0
POINT
  8
3
 10
3015.191109
 20
386.167463
  0
POINT
  8
3
 10
3018.824233
 20
384.845729
  0
POINT
  8
3
 10
3022.845710
 20
383.642814
  0
POINT
  8
3
 10
3026.896508
 20
382.684081
  0
POINT
  8
3
 10
3031.307532
 20
381.905060
  0
POINT
  8
3
 10
3036.289152
 20
381.291398
  0
POINT
  8
3
 10
2996.164523
 20
472.710826
  0
TEXT
  8
3
 10
2996.164523
 20
472.710826
 40
0.000000
 50
0.000000
  1
# 187
  0
POINT
  8
3
 10
2990.628906
 20
432.257812
  0
TEXT
  8
3
 10
2990.628906
 20
432.257812
 40
0.000000
 50
0.000000
  1
# 188
  0
POINT
  8
4
 10
2996.165565
 20
472.715018
 30
1.000000
 50
166.04
  0
TEXT
  8
4
 10
2996.165565
 20
472.715018
 40
0.000000
 50
0.000000
  1
# 189
  0
POINT
  8
4
 10
2990.628848
 20
432.263653
 30
1.000000
 50
180.58
  0
TEXT
  8
4
 10
2990.628848
 20
432.263653
 40
0.000000
 50
0.000000
  1
# 190
  0
POLYLINE
  8
11
  66
1
  70
0
  0
VERTEX
  8
1
  10
3040.052734
  20
380.957031
  0
VERTEX
  8
1
  10
3039.420337
  20
369.418264
  0
VERTEX
  8
1
  10
3038.672044
  20
360.202982
  0
VERTEX
  8
1
  10
3037.750124
  20
351.780041
  0
VERTEX
  8
1
  10
3036.569354
  20
343.295636
  0
VERTEX
  8
1
  10
3035.109157
  20
334.602913
  0
VERTEX
  8
1
  10
3034.273928
  20
330.171885
  0
VERTEX
  8
1
  10
3034.273815
  20
330.171305
  0
VERTEX
  8
1
  10
3033.252370
  20
325.101718
  0
VERTEX
  8
1
  10
3030.670982
  20
313.319535
  0
VERTEX
  8
1
  10
3027.235724
  20
298.632232
  0
VERTEX
  8
1
  10
3024.014056
  20
284.530839
  0
VERTEX
  8
1
  10
3022.031270
  20
274.876921
  0
VERTEX
  8
1
  10
3020.589734
  20
266.713696
  0
VERTEX
  8
1
  10
3019.560316
  20
259.523863
  0
VERTEX
  8
1
  10
3018.839928
  20
252.787846
  0
VERTEX
  8
1
  10
3018.369728
  20
246.097317
  0
VERTEX
  8
1
  10
3018.104289
  20
238.647331
  0
VERTEX
  8
1
  10
3018.061533
  20
230.005377
  0
VERTEX
  8
1
  10
3018.284201
  20
219.387618
  0
VERTEX
  8
1
  10
3018.717282
  20
207.738367
  0
VERTEX
  8
1
  10
3018.717356
  20
207.736532
  0
VERTEX
  8
1
  10
3018.853912
  20
204.352461
  0
VERTEX
  8
1
  10
3019.378589
  20
189.313568
  0
VERTEX
  8
1
  10
3019.810865
  20
174.234326
  0
VERTEX
  8
1
  10
3020.277884
  20
159.082160
  0
VERTEX
  8
1
  10
3020.771481
  20
144.004520
  0
VERTEX
  8
1
  10
3021.287163
  20
128.853927
  0
VERTEX
  8
1
  10
3021.822134
  20
113.791350
  0
VERTEX
  8
1
  10
3022.046387
  20
107.625000
  0
SEQEND
  8
11
  0
POINT
  8
2
 10
3040.052734
 20
380.957031
  0
TEXT
  8
2
 10
3040.052734
 20
380.957031
 40
0.000000
 50
0.000000
  1
# 191
  0
POINT
  8
2
 10
3022.046387
 20
107.625000
  0
TEXT
  8
2
 10
3022.046387
 20
107.625000
 40
0.000000
 50
0.000000
  1
# 192
  0
POINT
  8
3
 10
3039.420337
 20
369.418264
  0
POINT
  8
3
 10
3038.672044
 20
360.202982
  0
POINT
  8
3
 10
3037.750124
 20
351.780041
  0
POINT
  8
3
 10
3036.569354
 20
343.295636
  0
POINT
  8
3
 10
3035.109157
 20
334.602913
  0
POINT
  8
3
 10
3034.273928
 20
330.171885
  0
POINT
  8
3
 10
3034.273815
 20
330.171305
  0
POINT
  8
3
 10
3033.252370
 20
325.101718
  0
POINT
  8
3
 10
3030.670982
 20
313.319535
  0
POINT
  8
3
 10
3027.235724
 20
298.632232
  0
POINT
  8
3
 10
3024.014056
 20
284.530839
  0
POINT
  8
3
 10
3022.031270
 20
274.876921
  0
POINT
  8
3
 10
3020.589734
 20
266.713696
  0
POINT
  8
3
 10
3019.560316
 20
259.523863
  0
POINT
  8
3
 10
3018.839928
 20
252.787846
  0
POINT
  8
3
 10
3018.369728
 20
246.097317
  0
POINT
  8
3
 10
3018.104289
 20
238.647331
  0
POINT
  8
3
 10
3018.061533
 20
230.005377
  0
POINT
  8
3
 10
3018.284201
 20
219.387618
  0
POINT
  8
3
 10
3018.717282
 20
207.738367
  0
POINT
  8
3
 10
3018.717356
 20
207.736532
  0
POINT
  8
3
 10
3018.853912
 20
204.352461
  0
POINT
  8
3
 10
3019.378589
 20
189.313568
  0
POINT
  8
3
 10
3019.810865
 20
174.234326
  0
POINT
  8
3
 10
3020.277884
 20
159.082160
  0
POINT
  8
3
 10
3020.771481
 20
144.004520
  0
POINT
  8
3
 10
3021.287163
 20
128.853927
  0
POINT
  8
3
 10
3021.822134
 20
113.791350
  0
POINT
  8
3
 10
3034.273928
 20
330.171885
  0
TEXT
  8
3
 10
3034.273928
 20
330.171885
 40
0.000000
 50
0.000000
  1
# 193
  0
POINT
  8
3
 10
3018.717282
 20
207.738367
  0
TEXT
  8
3
 10
3018.717282
 20
207.738367
 40
0.000000
 50
0.000000
  1
# 194
  0
POINT
  8
4
 10
3034.273815
 20
330.171305
 30
1.000000
 50
168.97
  0
TEXT
  8
4
 10
3034.273815
 20
330.171305
 40
0.000000
 50
0.000000
  1
# 195
  0
POINT
  8
4
 10
3018.717356
 20
207.736532
 30
1.000000
 50
182.31
  0
TEXT
  8
4
 10
3018.717356
 20
207.736532
 40
0.000000
 50
0.000000
  1
# 196
  0
POLYLINE
  8
11
  66
1
  70
0
  0
VERTEX
  8
1
  10
3022.046387
  20
107.625000
  0
VERTEX
  8
1
  10
3006.396328
  20
106.134621
  0
VERTEX
  8
1
  10
2990.986491
  20
104.733460
  0
VERTEX
  8
1
  10
2975.607553
  20
103.423179
  0
VERTEX
  8
1
  10
2960.215955
  20
102.207497
  0
VERTEX
  8
1
  10
2945.067924
  20
101.099288
  0
VERTEX
  8
1
  10
2929.664615
  20
100.069798
  0
VERTEX
  8
1
  10
2914.252256
  20
99.155984
  0
VERTEX
  8
1
  10
2899.132391
  20
98.389069
  0
VERTEX
  8
1
  10
2883.718802
  20
97.758925
  0
VERTEX
  8
1
  10
2868.285967
  20
97.300351
  0
VERTEX
  8
1
  10
2853.013773
  20
97.028339
  0
VERTEX
  8
1
  10
2839.999512
  20
96.910156
  0
SEQEND
  8
11
  0
POINT
  8
2
 10
3022.046387
 20
107.625000
  0
TEXT
  8
2
 10
3022.046387
 20
107.625000
 40
0.000000
 50
0.000000
  1
# 197
  0
POINT
  8
2
 10
2839.999512
 20
96.910156
  0
TEXT
  8
2
 10
2839.999512
 20
96.910156
 40
0.000000
 50
0.000000
  1
# 198
  0
POINT
  8
3
 10
3006.396328
 20
106.134621
  0
POINT
  8
3
 10
2990.986491
 20
104.733460
  0
POINT
  8
3
 10
2975.607553
 20
103.423179
  0
POINT
  8
3
 10
2960.215955
 20
102.207497
  0
POINT
  8
3
 10
2945.067924
 20
101.099288
  0
POINT
  8
3
 10
2929.664615
 20
100.069798
  0
POINT
  8
3
 10
2914.252256
 20
99.155984
  0
POINT
  8
3
 10
2899.132391
 20
98.389069
  0
POINT
  8
3
 10
2883.718802
 20
97.758925
  0
POINT
  8
3
 10
2868.285967
 20
97.300351
  0
POINT
  8
3
 10
2853.013773
 20
97.028339
  0
POLYLINE
  8
11
  66
1
  70
0
  0
VERTEX
  8
1
  10
2839.999512
  20
96.910156
  0
VERTEX
  8
1
  10
2824.066069
  20
97.075290
  0
VERTEX
  8
1
  10
2808.709117
  20
97.376117
  0
VERTEX
  8
1
  10
2793.431469
  20
97.858941
  0
VERTEX
  8
1
  10
2778.299244
  20
98.509625
  0
VERTEX
  8
1
  10
2763.281579
  20
99.293559
  0
VERTEX
  8
1
  10
2748.009756
  20
100.217492
  0
VERTEX
  8
1
  10
2733.006217
  20
101.235638
  0
VERTEX
  8
1
  10
2717.531912
  20
102.382218
  0
VERTEX
  8
1
  10
2702.541289
  20
103.576650
  0
VERTEX
  8
1
  10
2687.558065
  20
104.858737
  0
VERTEX
  8
1
  10
2672.611759
  20
106.224110
  0
VERTEX
  8
1
  10
2657.953613
  20
107.625000
  0
SEQEND
  8
11
  0
POINT
  8
2
 10
2839.999512
 20
96.910156
  0
TEXT
  8
2
 10
2839.999512
 20
96.910156
 40
0.000000
 50
0.000000
  1
# 199
  0
POINT
  8
2
 10
2657.953613
 20
107.625000
  0
TEXT
  8
2
 10
2657.953613
 20
107.625000
 40
0.000000
 50
0.000000
  1
# 200
  0
POINT
  8
3
 10
2824.066069
 20
97.075290
  0
POINT
  8
3
 10
2808.709117
 20
97.376117
  0
POINT
  8
3
 10
2793.431469
 20
97.858941
  0
POINT
  8
3
 10
2778.299244
 20
98.509625
  0
POINT
  8
3
 10
2763.281579
 20
99.293559
  0
POINT
  8
3
 10
2748.009756
 20
100.217492
  0
POINT
  8
3
 10
2733.006217
 20
101.235638
  0
POINT
  8
3
 10
2717.531912
 20
102.382218
  0
POINT
  8
3
 10
2702.541289
 20
103.576650
  0
POINT
  8
3
 10
2687.558065
 20
104.858737
  0
POINT
  8
3
 10
2672.611759
 20
106.224110
  0
POLYLINE
  8
11
  66
1
  70
0
  0
VERTEX
  8
1
  10
2840.000000
  20
506.097656
  0
VERTEX
  8
1
  10
2840.000000
  20
506.097656
  0
VERTEX
  8
1
  10
2840.000000
  20
490.250833
  0
VERTEX
  8
1
  10
2840.000000
  20
474.616700
  0
VERTEX
  8
1
  10
2840.000000
  20
459.379363
  0
VERTEX
  8
1
  10
2840.000000
  20
443.861523
  0
VERTEX
  8
1
  10
2840.000000
  20
428.841528
  0
VERTEX
  8
1
  10
2840.000000
  20
413.821533
  0
VERTEX
  8
1
  10
2840.000000
  20
398.409277
  0
VERTEX
  8
1
  10
2840.000000
  20
383.389282
  0
VERTEX
  8
1
  10
2840.000000
  20
375.843598
  0
VERTEX
  8
1
  10
2840.000000
  20
368.333752
  0
VERTEX
  8
1
  10
2840.000000
  20
353.313757
  0
VERTEX
  8
1
  10
2839.999997
  20
338.081567
  0
VERTEX
  8
1
  10
2839.999994
  20
323.061572
  0
VERTEX
  8
1
  10
2839.999997
  20
308.041577
  0
VERTEX
  8
1
  10
2840.000009
  20
292.477844
  0
VERTEX
  8
1
  10
2840.000022
  20
277.457849
  0
VERTEX
  8
1
  10
2840.000019
  20
262.437854
  0
VERTEX
  8
1
  10
2839.999983
  20
246.858496
  0
VERTEX
  8
1
  10
2839.999929
  20
231.838501
  0
VERTEX
  8
1
  10
2839.999915
  20
216.818506
  0
VERTEX
  8
1
  10
2839.999999
  20
201.798511
  0
VERTEX
  8
1
  10
2840.000209
  20
186.667505
  0
VERTEX
  8
1
  10
2840.000431
  20
171.647510
  0
VERTEX
  8
1
  10
2840.000518
  20
156.627515
  0
VERTEX
  8
1
  10
2840.000341
  20
141.613696
  0
VERTEX
  8
1
  10
2839.999971
  20
126.593701
  0
VERTEX
  8
1
  10
2839.999624
  20
111.573706
  0
VERTEX
  8
1
  10
2839.999512
  20
96.910156
  0
SEQEND
  8
11
  0
POINT
  8
2
 10
2840.000000
 20
506.097656
  0
TEXT
  8
2
 10
2840.000000
 20
506.097656
 40
0.000000
 50
0.000000
  1
# 201
  0
POINT
  8
2
 10
2839.999512
 20
96.910156
  0
TEXT
  8
2
 10
2839.999512
 20
96.910156
 40
0.000000
 50
0.000000
  1
# 202
  0
POINT
  8
3
 10
2840.000000
 20
506.097656
  0
POINT
  8
3
 10
2840.000000
 20
490.250833
  0
POINT
  8
3
 10
2840.000000
 20
474.616700
  0
POINT
  8
3
 10
2840.000000
 20
459.379363
  0
POINT
  8
3
 10
2840.000000
 20
443.861523
  0
POINT
  8
3
 10
2840.000000
 20
428.841528
  0
POINT
  8
3
 10
2840.000000
 20
413.821533
  0
POINT
  8
3
 10
2840.000000
 20
398.409277
  0
POINT
  8
3
 10
2840.000000
 20
383.389282
  0
POINT
  8
3
 10
2840.000000
 20
375.843598
  0
POINT
  8
3
 10
2840.000000
 20
368.333752
  0
POINT
  8
3
 10
2840.000000
 20
353.313757
  0
POINT
  8
3
 10
2839.999997
 20
338.081567
  0
POINT
  8
3
 10
2839.999994
 20
323.061572
  0
POINT
  8
3
 10
2839.999997
 20
308.041577
  0
POINT
  8
3
 10
2840.000009
 20
292.477844
  0
POINT
  8
3
 10
2840.000022
 20
277.457849
  0
POINT
  8
3
 10
2840.000019
 20
262.437854
  0
POINT
  8
3
 10
2839.999983
 20
246.858496
  0
POINT
  8
3
 10
2839.999929
 20
231.838501
  0
POINT
  8
3
 10
2839.999915
 20
216.818506
  0
POINT
  8
3
 10
2839.999999
 20
201.798511
  0
POINT
  8
3
 10
2840.000209
 20
186.667505
  0
POINT
  8
3
 10
2840.000431
 20
171.647510
  0
POINT
  8
3
 10
2840.000518
 20
156.627515
  0
POINT
  8
3
 10
2840.000341
 20
141.613696
  0
POINT
  8
3
 10
2839.999971
 20
126.593701
  0
POINT
  8
3
 10
2839.999624
 20
111.573706
  0
POINT
  8
3
 10
2840.000000
 20
375.843598
  0
TEXT
  8
3
 10
2840.000000
 20
375.843598
 40
0.000000
 50
0.000000
  1
# 203
  0
POINT
  8
4
 10
2840.000000
 20
506.097656
 30
1.000000
 50
270.00
  0
TEXT
  8
4
 10
2840.000000
 20
506.097656
 40
0.000000
 50
0.000000
  1
# 204
  0
POLYLINE
  8
11
  66
1
  70
0
  0
VERTEX
  8
1
  10
2840.000000
  20
231.945312
  0
VERTEX
  8
1
  10
2823.937288
  20
231.945312
  0
VERTEX
  8
1
  10
2808.245043
  20
231.945312
  0
VERTEX
  8
1
  10
2792.750902
  20
231.945312
  0
VERTEX
  8
1
  10
2777.418583
  20
231.945312
  0
VERTEX
  8
1
  10
2762.299541
  20
231.945312
  0
VERTEX
  8
1
  10
2747.180500
  20
231.945312
  0
VERTEX
  8
1
  10
2732.043713
  20
231.945312
  0
VERTEX
  8
1
  10
2716.924671
  20
231.945312
  0
VERTEX
  8
1
  10
2701.805630
  20
231.945312
  0
VERTEX
  8
1
  10
2687.321777
  20
231.945312
  0
VERTEX
  8
1
  10
2671.707879
  20
231.945312
  0
VERTEX
  8
1
  10
2662.977051
  20
231.945312
  0
SEQEND
  8
11
  0
POINT
  8
2
 10
2840.000000
 20
231.945312
  0
TEXT
  8
2
 10
2840.000000
 20
231.945312
 40
0.000000
 50
0.000000
  1
# 205
  0
POINT
  8
2
 10
2662.977051
 20
231.945312
  0
TEXT
  8
2
 10
2662.977051
 20
231.945312
 40
0.000000
 50
0.000000
  1
# 206
  0
POINT
  8
3
 10
2823.937288
 20
231.945312
  0
POINT
  8
3
 10
2808.245043
 20
231.945312
  0
POINT
  8
3
 10
2792.750902
 20
231.945312
  0
POINT
  8
3
 10
2777.418583
 20
231.945312
  0
POINT
  8
3
 10
2762.299541
 20
231.945312
  0
POINT
  8
3
 10
2747.180500
 20
231.945312
  0
POINT
  8
3
 10
2732.043713
 20
231.945312
  0
POINT
  8
3
 10
2716.924671
 20
231.945312
  0
POINT
  8
3
 10
2701.805630
 20
231.945312
  0
POINT
  8
3
 10
2687.321777
 20
231.945312
  0
POINT
  8
3
 10
2671.707879
 20
231.945312
  0
POLYLINE
  8
11
  66
1
  70
0
  0
VERTEX
  8
1
  10
2639.947754
  20
380.957031
  0
VERTEX
  8
1
  10
2840.000000
  20
375.835937
  0
SEQEND
  8
11
  0
POINT
  8
2
 10
2639.947754
 20
380.957031
  0
TEXT
  8
2
 10
2639.947754
 20
380.957031
 40
0.000000
 50
0.000000
  1
# 207
  0
POINT
  8
2
 10
2840.000000
 20
375.835937
  0
TEXT
  8
2
 10
2840.000000
 20
375.835937
 40
0.000000
 50
0.000000
  1
# 208
  0
POLYLINE
  8
11
  66
1
  70
0
  0
VERTEX
  8
1
  10
2840.000000
  20
231.945312
  0
VERTEX
  8
1
  10
2855.690909
  20
231.945312
  0
VERTEX
  8
1
  10
2870.986355
  20
231.945312
  0
VERTEX
  8
1
  10
2886.496727
  20
231.945312
  0
VERTEX
  8
1
  10
2901.992313
  20
231.945312
  0
VERTEX
  8
1
  10
2917.030582
  20
231.945312
  0
VERTEX
  8
1
  10
2932.526169
  20
231.945312
  0
VERTEX
  8
1
  10
2947.758692
  20
231.945312
  0
VERTEX
  8
1
  10
2963.254278
  20
231.945313
  0
VERTEX
  8
1
  10
2978.732325
  20
231.945313
  0
VERTEX
  8
1
  10
2994.227911
  20
231.945312
  0
VERTEX
  8
1
  10
3009.477396
  20
231.945312
  0
VERTEX
  8
1
  10
3017.023437
  20
231.945312
  0
SEQEND
  8
11
  0
POINT
  8
2
 10
2840.000000
 20
231.945312
  0
TEXT
  8
2
 10
2840.000000
 20
231.945312
 40
0.000000
 50
0.000000
  1
# 209
  0
POINT
  8
2
 10
3017.023437
 20
231.945312
  0
TEXT
  8
2
 10
3017.023437
 20
231.945312
 40
0.000000
 50
0.000000
  1
# 210
  0
POINT
  8
3
 10
2855.690909
 20
231.945312
  0
POINT
  8
3
 10
2870.986355
 20
231.945312
  0
POINT
  8
3
 10
2886.496727
 20
231.945312
  0
POINT
  8
3
 10
2901.992313
 20
231.945312
  0
POINT
  8
3
 10
2917.030582
 20
231.945312
  0
POINT
  8
3
 10
2932.526169
 20
231.945312
  0
POINT
  8
3
 10
2947.758692
 20
231.945312
  0
POINT
  8
3
 10
2963.254278
 20
231.945313
  0
POINT
  8
3
 10
2978.732325
 20
231.945313
  0
POINT
  8
3
 10
2994.227911
 20
231.945312
  0
POINT
  8
3
 10
3009.477396
 20
231.945312
  0
POLYLINE
  8
11
  66
1
  70
0
  0
VERTEX
  8
1
  10
3040.052734
  20
380.957031
  0
VERTEX
  8
1
  10
2840.000000
  20
375.835937
  0
SEQEND
  8
11
  0
POINT
  8
2
 10
3040.052734
 20
380.957031
  0
TEXT
  8
2
 10
3040.052734
 20
380.957031
 40
0.000000
 50
0.000000
  1
# 211
  0
POINT
  8
2
 10
2840.000000
 20
375.835937
  0
TEXT
  8
2
 10
2840.000000
 20
375.835937
 40
0.000000
 50
0.000000
  1
# 212
 0
LINE
 8
7
 10
2805.710449
 20
399.218750
 11
2805.710449
 21
193.906250
  0
TEXT
  8
1
 10
2840.000000
 20
340.000000
 40
10.000000
 50
0.000000
  1
Piece Name: C2390726.前身片.M
  0
TEXT
  8
1
 10
2840.000000
 20
355.000000
 40
10.000000
 50
0.000000
  1
Size: M
  0
TEXT
  8
1
 10
2840.000000
 20
370.000000
 40
10.000000
 50
0.000000
  1
Annotation: 面料1X1
  0
TEXT
  8
1
 10
2840.000000
 20
385.000000
 40
10.000000
 50
0.000000
  1
Quantity: 1
  0
TEXT
  8
1
 10
2840.000000
 20
400.000000
 40
10.000000
 50
0.000000
  1
Material: 面料1
  0
TEXT
  8
1
 10
2840.000000
 20
400.000000
 40
10.000000
 50
0.000000
  1
Category: 1
0
ENDBLK
0
BLOCK
  8
1
  2
C2390726.袖片.M
 70
0
 10
0.0
 20
0.0
  0
POLYLINE
  8
1
  66
1
  70
1
  0
VERTEX
  8
1
  10
3732.564697
  20
81.773940
  0
VERTEX
  8
1
  10
3734.231350
  20
96.956341
  0
VERTEX
  8
1
  10
3734.748779
  20
101.742690
  0
VERTEX
  8
1
  10
3733.362466
  20
117.948385
  0
VERTEX
  8
1
  10
3732.059450
  20
133.005485
  0
VERTEX
  8
1
  10
3730.744470
  20
148.061549
  0
VERTEX
  8
1
  10
3729.388146
  20
163.478077
  0
VERTEX
  8
1
  10
3728.055070
  20
178.532550
  0
VERTEX
  8
1
  10
3726.712904
  20
193.586210
  0
VERTEX
  8
1
  10
3725.376221
  20
208.469252
  0
VERTEX
  8
1
  10
3723.954634
  20
224.175519
  0
VERTEX
  8
1
  10
3722.582484
  20
239.226472
  0
VERTEX
  8
1
  10
3721.201692
  20
254.276646
  0
VERTEX
  8
1
  10
3719.790779
  20
269.565272
  0
VERTEX
  8
1
  10
3718.391064
  20
284.613712
  0
VERTEX
  8
1
  10
3716.975376
  20
299.660641
  0
VERTEX
  8
1
  10
3715.538510
  20
314.705547
  0
VERTEX
  8
1
  10
3714.047731
  20
330.074498
  0
VERTEX
  8
1
  10
3712.857930
  20
342.301123
  0
VERTEX
  8
1
  10
3712.539689
  20
345.571425
  0
VERTEX
  8
1
  10
3711.080356
  20
360.614180
  0
VERTEX
  8
1
  10
3709.601857
  20
375.697108
  0
VERTEX
  8
1
  10
3708.104291
  20
390.736101
  0
VERTEX
  8
1
  10
3706.588334
  20
405.773270
  0
VERTEX
  8
1
  10
3705.059115
  20
420.809103
  0
VERTEX
  8
1
  10
3703.510162
  20
435.950659
  0
VERTEX
  8
1
  10
3701.964231
  20
450.984758
  0
VERTEX
  8
1
  10
3700.410214
  20
466.018021
  0
VERTEX
  8
1
  10
3698.849060
  20
481.038697
  0
VERTEX
  8
1
  10
3697.277078
  20
496.070103
  0
VERTEX
  8
1
  10
3695.693303
  20
511.100269
  0
VERTEX
  8
1
  10
3694.047665
  20
526.576805
  0
VERTEX
  8
1
  10
3692.435317
  20
541.603924
  0
VERTEX
  8
1
  10
3690.815523
  20
556.630247
  0
VERTEX
  8
1
  10
3689.147364
  20
572.111049
  0
VERTEX
  8
1
  10
3687.561701
  20
586.881078
  0
VERTEX
  8
1
  10
3687.117432
  20
591.027846
  0
VERTEX
  8
1
  10
3694.335693
  20
592.992690
  0
VERTEX
  8
1
  10
3700.725830
  20
594.609877
  0
VERTEX
  8
1
  10
3704.224520
  20
595.762393
  0
VERTEX
  8
1
  10
3707.573351
  20
597.113701
  0
VERTEX
  8
1
  10
3710.313818
  20
598.469969
  0
VERTEX
  8
1
  10
3712.636761
  20
599.887921
  0
VERTEX
  8
1
  10
3714.833073
  20
601.521550
  0
VERTEX
  8
1
  10
3717.075892
  20
603.511538
  0
VERTEX
  8
1
  10
3719.337939
  20
605.863090
  0
VERTEX
  8
1
  10
3721.653312
  20
608.637662
  0
VERTEX
  8
1
  10
3724.089846
  20
611.960028
  0
VERTEX
  8
1
  10
3726.716121
  20
615.987709
  0
VERTEX
  8
1
  10
3729.919898
  20
621.421713
  0
VERTEX
  8
1
  10
3734.726792
  20
630.188717
  0
VERTEX
  8
1
  10
3741.761074
  20
643.438808
  0
VERTEX
  8
1
  10
3742.088084
  20
644.053545
  0
VERTEX
  8
1
  10
3747.436518
  20
654.107887
  0
VERTEX
  8
1
  10
3751.661177
  20
661.512549
  0
VERTEX
  8
1
  10
3756.166578
  20
668.927586
  0
VERTEX
  8
1
  10
3760.132612
  20
675.016418
  0
VERTEX
  8
1
  10
3763.941844
  20
680.436809
  0
VERTEX
  8
1
  10
3767.638876
  20
685.294493
  0
VERTEX
  8
1
  10
3771.302545
  20
689.714587
  0
VERTEX
  8
1
  10
3774.890902
  20
693.673643
  0
VERTEX
  8
1
  10
3778.519476
  20
697.317993
  0
VERTEX
  8
1
  10
3782.101401
  20
700.575551
  0
VERTEX
  8
1
  10
3785.726287
  20
703.548927
  0
VERTEX
  8
1
  10
3789.341446
  20
706.204745
  0
VERTEX
  8
1
  10
3793.044564
  20
708.619464
  0
VERTEX
  8
1
  10
3796.791493
  20
710.769598
  0
VERTEX
  8
1
  10
3800.662042
  20
712.710381
  0
VERTEX
  8
1
  10
3804.732745
  20
714.475403
  0
VERTEX
  8
1
  10
3808.879148
  20
716.008518
  0
VERTEX
  8
1
  10
3813.177735
  20
717.333386
  0
VERTEX
  8
1
  10
3817.572352
  20
718.424787
  0
VERTEX
  8
1
  10
3821.939209
  20
719.258315
  0
VERTEX
  8
1
  10
3826.424731
  20
719.862565
  0
VERTEX
  8
1
  10
3830.852190
  20
720.211501
  0
VERTEX
  8
1
  10
3835.550996
  20
720.327623
  0
VERTEX
  8
1
  10
3840.285716
  20
720.198900
  0
VERTEX
  8
1
  10
3844.992940
  20
719.831289
  0
VERTEX
  8
1
  10
3850.311843
  20
719.131902
  0
VERTEX
  8
1
  10
3851.565674
  20
718.961440
  0
VERTEX
  8
1
  10
3851.844540
  20
718.902762
  0
VERTEX
  8
1
  10
3859.683653
  20
717.253302
  0
VERTEX
  8
1
  10
3863.451372
  20
716.149967
  0
VERTEX
  8
1
  10
3867.349808
  20
714.752302
  0
VERTEX
  8
1
  10
3870.864545
  20
713.239687
  0
VERTEX
  8
1
  10
3874.332656
  20
711.477460
  0
VERTEX
  8
1
  10
3877.715153
  20
709.485708
  0
VERTEX
  8
1
  10
3881.024489
  20
707.249998
  0
VERTEX
  8
1
  10
3884.265245
  20
704.760084
  0
VERTEX
  8
1
  10
3887.432928
  20
702.013261
  0
VERTEX
  8
1
  10
3890.524468
  20
699.000056
  0
VERTEX
  8
1
  10
3893.490564
  20
695.765668
  0
VERTEX
  8
1
  10
3896.387111
  20
692.243012
  0
VERTEX
  8
1
  10
3899.141249
  20
688.510126
  0
VERTEX
  8
1
  10
3901.804287
  20
684.478949
  0
VERTEX
  8
1
  10
3904.753595
  20
679.536883
  0
VERTEX
  8
1
  10
3906.673041
  20
675.910399
  0
VERTEX
  8
1
  10
3907.551763
  20
674.006586
  0
VERTEX
  8
1
  10
3910.627130
  20
667.343590
  0
VERTEX
  8
1
  10
3912.521360
  20
662.528525
  0
VERTEX
  8
1
  10
3914.631527
  20
656.456506
  0
VERTEX
  8
1
  10
3916.414077
  20
650.584604
  0
VERTEX
  8
1
  10
3918.717060
  20
641.906991
  0
VERTEX
  8
1
  10
3920.541629
  20
634.421679
  0
VERTEX
  8
1
  10
3922.273934
  20
627.314881
  0
VERTEX
  8
1
  10
3923.947234
  20
621.021642
  0
VERTEX
  8
1
  10
3925.493171
  20
616.084238
  0
VERTEX
  8
1
  10
3927.008092
  20
611.996446
  0
VERTEX
  8
1
  10
3928.478977
  20
608.680590
  0
VERTEX
  8
1
  10
3929.980712
  20
605.858073
  0
VERTEX
  8
1
  10
3931.510123
  20
603.474779
  0
VERTEX
  8
1
  10
3933.128331
  20
601.403368
  0
VERTEX
  8
1
  10
3934.763247
  20
599.699708
  0
VERTEX
  8
1
  10
3936.498276
  20
598.243679
  0
VERTEX
  8
1
  10
3938.500928
  20
596.905761
  0
VERTEX
  8
1
  10
3940.827554
  20
595.661601
  0
VERTEX
  8
1
  10
3943.633122
  20
594.451643
  0
VERTEX
  8
1
  10
3946.931889
  20
593.313365
  0
VERTEX
  8
1
  10
3950.650776
  20
592.306468
  0
VERTEX
  8
1
  10
3954.890230
  20
591.431176
  0
VERTEX
  8
1
  10
3959.113872
  20
590.803423
  0
VERTEX
  8
1
  10
3970.062955
  20
589.661003
  0
VERTEX
  8
1
  10
3972.882568
  20
589.301284
  0
VERTEX
  8
1
  10
3971.615932
  20
573.393269
  0
VERTEX
  8
1
  10
3970.424396
  20
558.420213
  0
VERTEX
  8
1
  10
3969.243731
  20
543.446294
  0
VERTEX
  8
1
  10
3968.072179
  20
528.471656
  0
VERTEX
  8
1
  10
3966.865484
  20
512.943210
  0
VERTEX
  8
1
  10
3965.709785
  20
497.967343
  0
VERTEX
  8
1
  10
3964.562533
  20
482.990829
  0
VERTEX
  8
1
  10
3963.392818
  20
467.598374
  0
VERTEX
  8
1
  10
3962.263469
  20
452.620502
  0
VERTEX
  8
1
  10
3961.141942
  20
437.642037
  0
VERTEX
  8
1
  10
3959.982838
  20
422.062522
  0
VERTEX
  8
1
  10
3958.876489
  20
407.082913
  0
VERTEX
  8
1
  10
3957.782072
  20
392.102436
  0
VERTEX
  8
1
  10
3956.703848
  20
377.120798
  0
VERTEX
  8
1
  10
3955.632656
  20
361.960427
  0
VERTEX
  8
1
  10
3954.585339
  20
346.976590
  0
VERTEX
  8
1
  10
3954.099862
  20
340.051395
  0
VERTEX
  8
1
  10
3953.526917
  20
331.878466
  0
VERTEX
  8
1
  10
3952.436714
  20
316.277485
  0
VERTEX
  8
1
  10
3951.410820
  20
301.292175
  0
VERTEX
  8
1
  10
3950.404075
  20
286.305552
  0
VERTEX
  8
1
  10
3949.411470
  20
271.317973
  0
VERTEX
  8
1
  10
3948.420827
  20
256.218886
  0
VERTEX
  8
1
  10
3947.444301
  20
241.230266
  0
VERTEX
  8
1
  10
3946.475094
  20
226.241179
  0
VERTEX
  8
1
  10
3945.531006
  20
211.520034
  0
VERTEX
  8
1
  10
3944.535130
  20
195.848505
  0
VERTEX
  8
1
  10
3943.591890
  20
180.857755
  0
VERTEX
  8
1
  10
3942.658275
  20
165.866403
  0
VERTEX
  8
1
  10
3941.710227
  20
150.475196
  0
VERTEX
  8
1
  10
3940.788039
  20
135.356252
  0
VERTEX
  8
1
  10
3939.865984
  20
120.120910
  0
VERTEX
  8
1
  10
3938.965755
  20
105.141272
  0
VERTEX
  8
1
  10
3938.638916
  20
99.672377
  0
VERTEX
  8
1
  10
3939.494385
  20
79.672377
  0
VERTEX
  8
1
  10
3923.692484
  20
79.792599
  0
VERTEX
  8
1
  10
3908.392759
  20
79.914528
  0
VERTEX
  8
1
  10
3893.294852
  20
80.040202
  0
VERTEX
  8
1
  10
3878.233385
  20
80.171913
  0
VERTEX
  8
1
  10
3863.107020
  20
80.312014
  0
VERTEX
  8
1
  10
3847.884576
  20
80.460636
  0
VERTEX
  8
1
  10
3832.662197
  20
80.615974
  0
VERTEX
  8
1
  10
3817.030924
  20
80.781527
  0
VERTEX
  8
1
  10
3801.808668
  20
80.948308
  0
VERTEX
  8
1
  10
3786.586476
  20
81.120730
  0
VERTEX
  8
1
  10
3771.052137
  20
81.302658
  0
VERTEX
  8
1
  10
3755.561026
  20
81.489386
  0
VERTEX
  8
1
  10
3740.748033
  20
81.671688
  0
VERTEX
  8
1
  10
3732.564697
  20
81.773940
  0
SEQEND
  8
1
  0
POINT
  8
2
 10
3732.564697
 20
81.773940
  0
TEXT
  8
2
 10
3732.564697
 20
81.773940
 40
0.000000
 50
0.000000
  1
# 213
  0
POINT
  8
2
 10
3734.748779
 20
101.742690
  0
TEXT
  8
2
 10
3734.748779
 20
101.742690
 40
0.000000
 50
0.000000
  1
# 214
  0
POINT
  8
2
 10
3687.117432
 20
591.027846
  0
TEXT
  8
2
 10
3687.117432
 20
591.027846
 40
0.000000
 50
0.000000
  1
# 215
  0
POINT
  8
2
 10
3851.565674
 20
718.961440
  0
TEXT
  8
2
 10
3851.565674
 20
718.961440
 40
0.000000
 50
0.000000
  1
# 216
  0
POINT
  8
2
 10
3972.882568
 20
589.301284
  0
TEXT
  8
2
 10
3972.882568
 20
589.301284
 40
0.000000
 50
0.000000
  1
# 217
  0
POINT
  8
2
 10
3938.638916
 20
99.672377
  0
TEXT
  8
2
 10
3938.638916
 20
99.672377
 40
0.000000
 50
0.000000
  1
# 218
  0
POINT
  8
2
 10
3939.494385
 20
79.672377
  0
TEXT
  8
2
 10
3939.494385
 20
79.672377
 40
0.000000
 50
0.000000
  1
# 219
  0
POINT
  8
2
 10
3732.564697
 20
81.773940
  0
TEXT
  8
2
 10
3732.564697
 20
81.773940
 40
0.000000
 50
0.000000
  1
# 220
  0
POINT
  8
3
 10
3734.231350
 20
96.956341
  0
POINT
  8
3
 10
3733.362466
 20
117.948385
  0
POINT
  8
3
 10
3732.059450
 20
133.005485
  0
POINT
  8
3
 10
3730.744470
 20
148.061549
  0
POINT
  8
3
 10
3729.388146
 20
163.478077
  0
POINT
  8
3
 10
3728.055070
 20
178.532550
  0
POINT
  8
3
 10
3726.712904
 20
193.586210
  0
POINT
  8
3
 10
3725.376221
 20
208.469252
  0
POINT
  8
3
 10
3723.954634
 20
224.175519
  0
POINT
  8
3
 10
3722.582484
 20
239.226472
  0
POINT
  8
3
 10
3721.201692
 20
254.276646
  0
POINT
  8
3
 10
3719.790779
 20
269.565272
  0
POINT
  8
3
 10
3718.391064
 20
284.613712
  0
POINT
  8
3
 10
3716.975376
 20
299.660641
  0
POINT
  8
3
 10
3715.538510
 20
314.705547
  0
POINT
  8
3
 10
3714.047731
 20
330.074498
  0
POINT
  8
3
 10
3712.857930
 20
342.301123
  0
POINT
  8
3
 10
3712.539689
 20
345.571425
  0
POINT
  8
3
 10
3711.080356
 20
360.614180
  0
POINT
  8
3
 10
3709.601857
 20
375.697108
  0
POINT
  8
3
 10
3708.104291
 20
390.736101
  0
POINT
  8
3
 10
3706.588334
 20
405.773270
  0
POINT
  8
3
 10
3705.059115
 20
420.809103
  0
POINT
  8
3
 10
3703.510162
 20
435.950659
  0
POINT
  8
3
 10
3701.964231
 20
450.984758
  0
POINT
  8
3
 10
3700.410214
 20
466.018021
  0
POINT
  8
3
 10
3698.849060
 20
481.038697
  0
POINT
  8
3
 10
3697.277078
 20
496.070103
  0
POINT
  8
3
 10
3695.693303
 20
511.100269
  0
POINT
  8
3
 10
3694.047665
 20
526.576805
  0
POINT
  8
3
 10
3692.435317
 20
541.603924
  0
POINT
  8
3
 10
3690.815523
 20
556.630247
  0
POINT
  8
3
 10
3689.147364
 20
572.111049
  0
POINT
  8
3
 10
3687.561701
 20
586.881078
  0
POINT
  8
3
 10
3694.335693
 20
592.992690
  0
POINT
  8
3
 10
3700.725830
 20
594.609877
  0
POINT
  8
3
 10
3704.224520
 20
595.762393
  0
POINT
  8
3
 10
3707.573351
 20
597.113701
  0
POINT
  8
3
 10
3710.313818
 20
598.469969
  0
POINT
  8
3
 10
3712.636761
 20
599.887921
  0
POINT
  8
3
 10
3714.833073
 20
601.521550
  0
POINT
  8
3
 10
3717.075892
 20
603.511538
  0
POINT
  8
3
 10
3719.337939
 20
605.863090
  0
POINT
  8
3
 10
3721.653312
 20
608.637662
  0
POINT
  8
3
 10
3724.089846
 20
611.960028
  0
POINT
  8
3
 10
3726.716121
 20
615.987709
  0
POINT
  8
3
 10
3729.919898
 20
621.421713
  0
POINT
  8
3
 10
3734.726792
 20
630.188717
  0
POINT
  8
3
 10
3741.761074
 20
643.438808
  0
POINT
  8
3
 10
3742.088084
 20
644.053545
  0
POINT
  8
3
 10
3747.436518
 20
654.107887
  0
POINT
  8
3
 10
3751.661177
 20
661.512549
  0
POINT
  8
3
 10
3756.166578
 20
668.927586
  0
POINT
  8
3
 10
3760.132612
 20
675.016418
  0
POINT
  8
3
 10
3763.941844
 20
680.436809
  0
POINT
  8
3
 10
3767.638876
 20
685.294493
  0
POINT
  8
3
 10
3771.302545
 20
689.714587
  0
POINT
  8
3
 10
3774.890902
 20
693.673643
  0
POINT
  8
3
 10
3778.519476
 20
697.317993
  0
POINT
  8
3
 10
3782.101401
 20
700.575551
  0
POINT
  8
3
 10
3785.726287
 20
703.548927
  0
POINT
  8
3
 10
3789.341446
 20
706.204745
  0
POINT
  8
3
 10
3793.044564
 20
708.619464
  0
POINT
  8
3
 10
3796.791493
 20
710.769598
  0
POINT
  8
3
 10
3800.662042
 20
712.710381
  0
POINT
  8
3
 10
3804.732745
 20
714.475403
  0
POINT
  8
3
 10
3808.879148
 20
716.008518
  0
POINT
  8
3
 10
3813.177735
 20
717.333386
  0
POINT
  8
3
 10
3817.572352
 20
718.424787
  0
POINT
  8
3
 10
3821.939209
 20
719.258315
  0
POINT
  8
3
 10
3826.424731
 20
719.862565
  0
POINT
  8
3
 10
3830.852190
 20
720.211501
  0
POINT
  8
3
 10
3835.550996
 20
720.327623
  0
POINT
  8
3
 10
3840.285716
 20
720.198900
  0
POINT
  8
3
 10
3844.992940
 20
719.831289
  0
POINT
  8
3
 10
3850.311843
 20
719.131902
  0
POINT
  8
3
 10
3851.844540
 20
718.902762
  0
POINT
  8
3
 10
3859.683653
 20
717.253302
  0
POINT
  8
3
 10
3863.451372
 20
716.149967
  0
POINT
  8
3
 10
3867.349808
 20
714.752302
  0
POINT
  8
3
 10
3870.864545
 20
713.239687
  0
POINT
  8
3
 10
3874.332656
 20
711.477460
  0
POINT
  8
3
 10
3877.715153
 20
709.485708
  0
POINT
  8
3
 10
3881.024489
 20
707.249998
  0
POINT
  8
3
 10
3884.265245
 20
704.760084
  0
POINT
  8
3
 10
3887.432928
 20
702.013261
  0
POINT
  8
3
 10
3890.524468
 20
699.000056
  0
POINT
  8
3
 10
3893.490564
 20
695.765668
  0
POINT
  8
3
 10
3896.387111
 20
692.243012
  0
POINT
  8
3
 10
3899.141249
 20
688.510126
  0
POINT
  8
3
 10
3901.804287
 20
684.478949
  0
POINT
  8
3
 10
3904.753595
 20
679.536883
  0
POINT
  8
3
 10
3906.673041
 20
675.910399
  0
POINT
  8
3
 10
3907.551763
 20
674.006586
  0
POINT
  8
3
 10
3910.627130
 20
667.343590
  0
POINT
  8
3
 10
3912.521360
 20
662.528525
  0
POINT
  8
3
 10
3914.631527
 20
656.456506
  0
POINT
  8
3
 10
3916.414077
 20
650.584604
  0
POINT
  8
3
 10
3918.717060
 20
641.906991
  0
POINT
  8
3
 10
3920.541629
 20
634.421679
  0
POINT
  8
3
 10
3922.273934
 20
627.314881
  0
POINT
  8
3
 10
3923.947234
 20
621.021642
  0
POINT
  8
3
 10
3925.493171
 20
616.084238
  0
POINT
  8
3
 10
3927.008092
 20
611.996446
  0
POINT
  8
3
 10
3928.478977
 20
608.680590
  0
POINT
  8
3
 10
3929.980712
 20
605.858073
  0
POINT
  8
3
 10
3931.510123
 20
603.474779
  0
POINT
  8
3
 10
3933.128331
 20
601.403368
  0
POINT
  8
3
 10
3934.763247
 20
599.699708
  0
POINT
  8
3
 10
3936.498276
 20
598.243679
  0
POINT
  8
3
 10
3938.500928
 20
596.905761
  0
POINT
  8
3
 10
3940.827554
 20
595.661601
  0
POINT
  8
3
 10
3943.633122
 20
594.451643
  0
POINT
  8
3
 10
3946.931889
 20
593.313365
  0
POINT
  8
3
 10
3950.650776
 20
592.306468
  0
POINT
  8
3
 10
3954.890230
 20
591.431176
  0
POINT
  8
3
 10
3959.113872
 20
590.803423
  0
POINT
  8
3
 10
3970.062955
 20
589.661003
  0
POINT
  8
3
 10
3971.615932
 20
573.393269
  0
POINT
  8
3
 10
3970.424396
 20
558.420213
  0
POINT
  8
3
 10
3969.243731
 20
543.446294
  0
POINT
  8
3
 10
3968.072179
 20
528.471656
  0
POINT
  8
3
 10
3966.865484
 20
512.943210
  0
POINT
  8
3
 10
3965.709785
 20
497.967343
  0
POINT
  8
3
 10
3964.562533
 20
482.990829
  0
POINT
  8
3
 10
3963.392818
 20
467.598374
  0
POINT
  8
3
 10
3962.263469
 20
452.620502
  0
POINT
  8
3
 10
3961.141942
 20
437.642037
  0
POINT
  8
3
 10
3959.982838
 20
422.062522
  0
POINT
  8
3
 10
3958.876489
 20
407.082913
  0
POINT
  8
3
 10
3957.782072
 20
392.102436
  0
POINT
  8
3
 10
3956.703848
 20
377.120798
  0
POINT
  8
3
 10
3955.632656
 20
361.960427
  0
POINT
  8
3
 10
3954.585339
 20
346.976590
  0
POINT
  8
3
 10
3954.099862
 20
340.051395
  0
POINT
  8
3
 10
3953.526917
 20
331.878466
  0
POINT
  8
3
 10
3952.436714
 20
316.277485
  0
POINT
  8
3
 10
3951.410820
 20
301.292175
  0
POINT
  8
3
 10
3950.404075
 20
286.305552
  0
POINT
  8
3
 10
3949.411470
 20
271.317973
  0
POINT
  8
3
 10
3948.420827
 20
256.218886
  0
POINT
  8
3
 10
3947.444301
 20
241.230266
  0
POINT
  8
3
 10
3946.475094
 20
226.241179
  0
POINT
  8
3
 10
3945.531006
 20
211.520034
  0
POINT
  8
3
 10
3944.535130
 20
195.848505
  0
POINT
  8
3
 10
3943.591890
 20
180.857755
  0
POINT
  8
3
 10
3942.658275
 20
165.866403
  0
POINT
  8
3
 10
3941.710227
 20
150.475196
  0
POINT
  8
3
 10
3940.788039
 20
135.356252
  0
POINT
  8
3
 10
3939.865984
 20
120.120910
  0
POINT
  8
3
 10
3938.965755
 20
105.141272
  0
POINT
  8
3
 10
3923.692484
 20
79.792599
  0
POINT
  8
3
 10
3908.392759
 20
79.914528
  0
POINT
  8
3
 10
3893.294852
 20
80.040202
  0
POINT
  8
3
 10
3878.233385
 20
80.171913
  0
POINT
  8
3
 10
3863.107020
 20
80.312014
  0
POINT
  8
3
 10
3847.884576
 20
80.460636
  0
POINT
  8
3
 10
3832.662197
 20
80.615974
  0
POINT
  8
3
 10
3817.030924
 20
80.781527
  0
POINT
  8
3
 10
3801.808668
 20
80.948308
  0
POINT
  8
3
 10
3786.586476
 20
81.120730
  0
POINT
  8
3
 10
3771.052137
 20
81.302658
  0
POINT
  8
3
 10
3755.561026
 20
81.489386
  0
POINT
  8
3
 10
3740.748033
 20
81.671688
  0
POINT
  8
3
 10
3712.857930
 20
342.301123
  0
TEXT
  8
3
 10
3712.857930
 20
342.301123
 40
0.000000
 50
0.000000
  1
# 221
  0
POINT
  8
3
 10
3742.088084
 20
644.053545
  0
TEXT
  8
3
 10
3742.088084
 20
644.053545
 40
0.000000
 50
0.000000
  1
# 222
  0
POINT
  8
3
 10
3851.844540
 20
718.902762
  0
TEXT
  8
3
 10
3851.844540
 20
718.902762
 40
0.000000
 50
0.000000
  1
# 223
  0
POINT
  8
3
 10
3907.551763
 20
674.006586
  0
TEXT
  8
3
 10
3907.551763
 20
674.006586
 40
0.000000
 50
0.000000
  1
# 224
  0
POINT
  8
3
 10
3920.541629
 20
634.421679
  0
TEXT
  8
3
 10
3920.541629
 20
634.421679
 40
0.000000
 50
0.000000
  1
# 225
  0
POINT
  8
3
 10
3954.099862
 20
340.051395
  0
TEXT
  8
3
 10
3954.099862
 20
340.051395
 40
0.000000
 50
0.000000
  1
# 226
  0
POLYLINE
  8
8
  66
1
  70
1
  0
VERTEX
  8
8
  10
3732.564697
  20
81.773940
  0
VERTEX
  8
8
  10
3734.231350
  20
96.956341
  0
VERTEX
  8
8
  10
3734.748779
  20
101.742690
  0
VERTEX
  8
8
  10
3733.362466
  20
117.948385
  0
VERTEX
  8
8
  10
3732.059450
  20
133.005485
  0
VERTEX
  8
8
  10
3730.744470
  20
148.061549
  0
VERTEX
  8
8
  10
3729.388146
  20
163.478077
  0
VERTEX
  8
8
  10
3728.055070
  20
178.532550
  0
VERTEX
  8
8
  10
3726.712904
  20
193.586210
  0
VERTEX
  8
8
  10
3725.376221
  20
208.469252
  0
VERTEX
  8
8
  10
3723.954634
  20
224.175519
  0
VERTEX
  8
8
  10
3722.582484
  20
239.226472
  0
VERTEX
  8
8
  10
3721.201692
  20
254.276646
  0
VERTEX
  8
8
  10
3719.790779
  20
269.565272
  0
VERTEX
  8
8
  10
3718.391064
  20
284.613712
  0
VERTEX
  8
8
  10
3716.975376
  20
299.660641
  0
VERTEX
  8
8
  10
3715.538510
  20
314.705547
  0
VERTEX
  8
8
  10
3714.047731
  20
330.074498
  0
VERTEX
  8
8
  10
3712.857246
  20
342.300579
  0
VERTEX
  8
8
  10
3712.857200
  20
342.301052
  0
VERTEX
  8
8
  10
3712.539689
  20
345.571425
  0
VERTEX
  8
8
  10
3711.080356
  20
360.614180
  0
VERTEX
  8
8
  10
3709.601857
  20
375.697108
  0
VERTEX
  8
8
  10
3708.104291
  20
390.736101
  0
VERTEX
  8
8
  10
3706.588334
  20
405.773270
  0
VERTEX
  8
8
  10
3705.059115
  20
420.809103
  0
VERTEX
  8
8
  10
3703.510162
  20
435.950659
  0
VERTEX
  8
8
  10
3701.964231
  20
450.984758
  0
VERTEX
  8
8
  10
3700.410214
  20
466.018021
  0
VERTEX
  8
8
  10
3698.849060
  20
481.038697
  0
VERTEX
  8
8
  10
3697.277078
  20
496.070103
  0
VERTEX
  8
8
  10
3695.693303
  20
511.100269
  0
VERTEX
  8
8
  10
3694.047665
  20
526.576805
  0
VERTEX
  8
8
  10
3692.435317
  20
541.603924
  0
VERTEX
  8
8
  10
3690.815523
  20
556.630247
  0
VERTEX
  8
8
  10
3689.147364
  20
572.111049
  0
VERTEX
  8
8
  10
3687.561701
  20
586.881078
  0
VERTEX
  8
8
  10
3687.117432
  20
591.027846
  0
VERTEX
  8
8
  10
3694.335693
  20
592.992690
  0
VERTEX
  8
8
  10
3700.725830
  20
594.609877
  0
VERTEX
  8
8
  10
3704.224520
  20
595.762393
  0
VERTEX
  8
8
  10
3707.573351
  20
597.113701
  0
VERTEX
  8
8
  10
3710.313818
  20
598.469969
  0
VERTEX
  8
8
  10
3712.636761
  20
599.887921
  0
VERTEX
  8
8
  10
3714.833073
  20
601.521550
  0
VERTEX
  8
8
  10
3717.075892
  20
603.511538
  0
VERTEX
  8
8
  10
3719.337939
  20
605.863090
  0
VERTEX
  8
8
  10
3721.653312
  20
608.637662
  0
VERTEX
  8
8
  10
3724.089846
  20
611.960028
  0
VERTEX
  8
8
  10
3726.716121
  20
615.987709
  0
VERTEX
  8
8
  10
3729.919898
  20
621.421713
  0
VERTEX
  8
8
  10
3734.726792
  20
630.188717
  0
VERTEX
  8
8
  10
3741.761074
  20
643.438808
  0
VERTEX
  8
8
  10
3742.084777
  20
644.055304
  0
VERTEX
  8
8
  10
3742.085462
  20
644.056610
  0
VERTEX
  8
8
  10
3747.436518
  20
654.107887
  0
VERTEX
  8
8
  10
3751.661177
  20
661.512549
  0
VERTEX
  8
8
  10
3756.166578
  20
668.927586
  0
VERTEX
  8
8
  10
3760.132612
  20
675.016418
  0
VERTEX
  8
8
  10
3763.941844
  20
680.436809
  0
VERTEX
  8
8
  10
3767.638876
  20
685.294493
  0
VERTEX
  8
8
  10
3771.302545
  20
689.714587
  0
VERTEX
  8
8
  10
3774.890902
  20
693.673643
  0
VERTEX
  8
8
  10
3778.519476
  20
697.317993
  0
VERTEX
  8
8
  10
3782.101401
  20
700.575551
  0
VERTEX
  8
8
  10
3785.726287
  20
703.548927
  0
VERTEX
  8
8
  10
3789.341446
  20
706.204745
  0
VERTEX
  8
8
  10
3793.044564
  20
708.619464
  0
VERTEX
  8
8
  10
3796.791493
  20
710.769598
  0
VERTEX
  8
8
  10
3800.662042
  20
712.710381
  0
VERTEX
  8
8
  10
3804.732745
  20
714.475403
  0
VERTEX
  8
8
  10
3808.879148
  20
716.008518
  0
VERTEX
  8
8
  10
3813.177735
  20
717.333386
  0
VERTEX
  8
8
  10
3817.572352
  20
718.424787
  0
VERTEX
  8
8
  10
3821.939209
  20
719.258315
  0
VERTEX
  8
8
  10
3826.424731
  20
719.862565
  0
VERTEX
  8
8
  10
3830.852190
  20
720.211501
  0
VERTEX
  8
8
  10
3835.550996
  20
720.327623
  0
VERTEX
  8
8
  10
3840.285716
  20
720.198900
  0
VERTEX
  8
8
  10
3844.992940
  20
719.831289
  0
VERTEX
  8
8
  10
3850.311843
  20
719.131902
  0
VERTEX
  8
8
  10
3851.565674
  20
718.961440
  0
VERTEX
  8
8
  10
3851.844094
  20
718.902951
  0
VERTEX
  8
8
  10
3851.844560
  20
718.902854
  0
VERTEX
  8
8
  10
3859.683653
  20
717.253302
  0
VERTEX
  8
8
  10
3863.451372
  20
716.149967
  0
VERTEX
  8
8
  10
3867.349808
  20
714.752302
  0
VERTEX
  8
8
  10
3870.864545
  20
713.239687
  0
VERTEX
  8
8
  10
3874.332656
  20
711.477460
  0
VERTEX
  8
8
  10
3877.715153
  20
709.485708
  0
VERTEX
  8
8
  10
3881.024489
  20
707.249998
  0
VERTEX
  8
8
  10
3884.265245
  20
704.760084
  0
VERTEX
  8
8
  10
3887.432928
  20
702.013261
  0
VERTEX
  8
8
  10
3890.524468
  20
699.000056
  0
VERTEX
  8
8
  10
3893.490564
  20
695.765668
  0
VERTEX
  8
8
  10
3896.387111
  20
692.243012
  0
VERTEX
  8
8
  10
3899.141249
  20
688.510126
  0
VERTEX
  8
8
  10
3901.804287
  20
684.478949
  0
VERTEX
  8
8
  10
3904.753595
  20
679.536883
  0
VERTEX
  8
8
  10
3906.673041
  20
675.910399
  0
VERTEX
  8
8
  10
3907.563523
  20
674.012648
  0
VERTEX
  8
8
  10
3907.563765
  20
674.012125
  0
VERTEX
  8
8
  10
3910.627130
  20
667.343590
  0
VERTEX
  8
8
  10
3912.521360
  20
662.528525
  0
VERTEX
  8
8
  10
3914.631527
  20
656.456506
  0
VERTEX
  8
8
  10
3916.414077
  20
650.584604
  0
VERTEX
  8
8
  10
3918.717060
  20
641.906991
  0
VERTEX
  8
8
  10
3920.559673
  20
634.428908
  0
VERTEX
  8
8
  10
3920.560315
  20
634.426233
  0
VERTEX
  8
8
  10
3922.273934
  20
627.314881
  0
VERTEX
  8
8
  10
3923.947234
  20
621.021642
  0
VERTEX
  8
8
  10
3925.493171
  20
616.084238
  0
VERTEX
  8
8
  10
3927.008092
  20
611.996446
  0
VERTEX
  8
8
  10
3928.478977
  20
608.680590
  0
VERTEX
  8
8
  10
3929.980712
  20
605.858073
  0
VERTEX
  8
8
  10
3931.510123
  20
603.474779
  0
VERTEX
  8
8
  10
3933.128331
  20
601.403368
  0
VERTEX
  8
8
  10
3934.763247
  20
599.699708
  0
VERTEX
  8
8
  10
3936.498276
  20
598.243679
  0
VERTEX
  8
8
  10
3938.500928
  20
596.905761
  0
VERTEX
  8
8
  10
3940.827554
  20
595.661601
  0
VERTEX
  8
8
  10
3943.633122
  20
594.451643
  0
VERTEX
  8
8
  10
3946.931889
  20
593.313365
  0
VERTEX
  8
8
  10
3950.650776
  20
592.306468
  0
VERTEX
  8
8
  10
3954.890230
  20
591.431176
  0
VERTEX
  8
8
  10
3959.113872
  20
590.803423
  0
VERTEX
  8
8
  10
3970.062955
  20
589.661003
  0
VERTEX
  8
8
  10
3972.882568
  20
589.301284
  0
VERTEX
  8
8
  10
3971.615932
  20
573.393269
  0
VERTEX
  8
8
  10
3970.424396
  20
558.420213
  0
VERTEX
  8
8
  10
3969.243731
  20
543.446294
  0
VERTEX
  8
8
  10
3968.072179
  20
528.471656
  0
VERTEX
  8
8
  10
3966.865484
  20
512.943210
  0
VERTEX
  8
8
  10
3965.709785
  20
497.967343
  0
VERTEX
  8
8
  10
3964.562533
  20
482.990829
  0
VERTEX
  8
8
  10
3963.392818
  20
467.598374
  0
VERTEX
  8
8
  10
3962.263469
  20
452.620502
  0
VERTEX
  8
8
  10
3961.141942
  20
437.642037
  0
VERTEX
  8
8
  10
3959.982838
  20
422.062522
  0
VERTEX
  8
8
  10
3958.876489
  20
407.082913
  0
VERTEX
  8
8
  10
3957.782072
  20
392.102436
  0
VERTEX
  8
8
  10
3956.703848
  20
377.120798
  0
VERTEX
  8
8
  10
3955.632656
  20
361.960427
  0
VERTEX
  8
8
  10
3954.585339
  20
346.976590
  0
VERTEX
  8
8
  10
3954.100833
  20
340.051326
  0
VERTEX
  8
8
  10
3954.100768
  20
340.050405
  0
VERTEX
  8
8
  10
3953.526917
  20
331.878466
  0
VERTEX
  8
8
  10
3952.436714
  20
316.277485
  0
VERTEX
  8
8
  10
3951.410820
  20
301.292175
  0
VERTEX
  8
8
  10
3950.404075
  20
286.305552
  0
VERTEX
  8
8
  10
3949.411470
  20
271.317973
  0
VERTEX
  8
8
  10
3948.420827
  20
256.218886
  0
VERTEX
  8
8
  10
3947.444301
  20
241.230266
  0
VERTEX
  8
8
  10
3946.475094
  20
226.241179
  0
VERTEX
  8
8
  10
3945.531006
  20
211.520034
  0
VERTEX
  8
8
  10
3944.535130
  20
195.848505
  0
VERTEX
  8
8
  10
3943.591890
  20
180.857755
  0
VERTEX
  8
8
  10
3942.658275
  20
165.866403
  0
VERTEX
  8
8
  10
3941.710227
  20
150.475196
  0
VERTEX
  8
8
  10
3940.788039
  20
135.356252
  0
VERTEX
  8
8
  10
3939.865984
  20
120.120910
  0
VERTEX
  8
8
  10
3938.965755
  20
105.141272
  0
VERTEX
  8
8
  10
3938.638916
  20
99.672377
  0
VERTEX
  8
8
  10
3939.494385
  20
79.672377
  0
VERTEX
  8
8
  10
3923.692484
  20
79.792599
  0
VERTEX
  8
8
  10
3908.392759
  20
79.914528
  0
VERTEX
  8
8
  10
3893.294852
  20
80.040202
  0
VERTEX
  8
8
  10
3878.233385
  20
80.171913
  0
VERTEX
  8
8
  10
3863.107020
  20
80.312014
  0
VERTEX
  8
8
  10
3847.884576
  20
80.460636
  0
VERTEX
  8
8
  10
3832.662197
  20
80.615974
  0
VERTEX
  8
8
  10
3817.030924
  20
80.781527
  0
VERTEX
  8
8
  10
3801.808668
  20
80.948308
  0
VERTEX
  8
8
  10
3786.586476
  20
81.120730
  0
VERTEX
  8
8
  10
3771.052137
  20
81.302658
  0
VERTEX
  8
8
  10
3755.561026
  20
81.489386
  0
VERTEX
  8
8
  10
3740.748033
  20
81.671688
  0
VERTEX
  8
8
  10
3732.564697
  20
81.773940
  0
SEQEND
  8
8
  0
POINT
  8
2
 10
3732.564697
 20
81.773940
  0
TEXT
  8
2
 10
3732.564697
 20
81.773940
 40
0.000000
 50
0.000000
  1
# 227
  0
POINT
  8
2
 10
3734.748779
 20
101.742690
  0
TEXT
  8
2
 10
3734.748779
 20
101.742690
 40
0.000000
 50
0.000000
  1
# 228
  0
POINT
  8
2
 10
3687.117432
 20
591.027846
  0
TEXT
  8
2
 10
3687.117432
 20
591.027846
 40
0.000000
 50
0.000000
  1
# 229
  0
POINT
  8
2
 10
3851.565674
 20
718.961440
  0
TEXT
  8
2
 10
3851.565674
 20
718.961440
 40
0.000000
 50
0.000000
  1
# 230
  0
POINT
  8
2
 10
3972.882568
 20
589.301284
  0
TEXT
  8
2
 10
3972.882568
 20
589.301284
 40
0.000000
 50
0.000000
  1
# 231
  0
POINT
  8
2
 10
3938.638916
 20
99.672377
  0
TEXT
  8
2
 10
3938.638916
 20
99.672377
 40
0.000000
 50
0.000000
  1
# 232
  0
POINT
  8
2
 10
3939.494385
 20
79.672377
  0
TEXT
  8
2
 10
3939.494385
 20
79.672377
 40
0.000000
 50
0.000000
  1
# 233
  0
POINT
  8
2
 10
3732.564697
 20
81.773940
  0
TEXT
  8
2
 10
3732.564697
 20
81.773940
 40
0.000000
 50
0.000000
  1
# 234
  0
POINT
  8
3
 10
3734.231350
 20
96.956341
  0
POINT
  8
3
 10
3733.362466
 20
117.948385
  0
POINT
  8
3
 10
3732.059450
 20
133.005485
  0
POINT
  8
3
 10
3730.744470
 20
148.061549
  0
POINT
  8
3
 10
3729.388146
 20
163.478077
  0
POINT
  8
3
 10
3728.055070
 20
178.532550
  0
POINT
  8
3
 10
3726.712904
 20
193.586210
  0
POINT
  8
3
 10
3725.376221
 20
208.469252
  0
POINT
  8
3
 10
3723.954634
 20
224.175519
  0
POINT
  8
3
 10
3722.582484
 20
239.226472
  0
POINT
  8
3
 10
3721.201692
 20
254.276646
  0
POINT
  8
3
 10
3719.790779
 20
269.565272
  0
POINT
  8
3
 10
3718.391064
 20
284.613712
  0
POINT
  8
3
 10
3716.975376
 20
299.660641
  0
POINT
  8
3
 10
3715.538510
 20
314.705547
  0
POINT
  8
3
 10
3714.047731
 20
330.074498
  0
POINT
  8
3
 10
3712.857246
 20
342.300579
  0
POINT
  8
3
 10
3712.857200
 20
342.301052
  0
POINT
  8
3
 10
3712.539689
 20
345.571425
  0
POINT
  8
3
 10
3711.080356
 20
360.614180
  0
POINT
  8
3
 10
3709.601857
 20
375.697108
  0
POINT
  8
3
 10
3708.104291
 20
390.736101
  0
POINT
  8
3
 10
3706.588334
 20
405.773270
  0
POINT
  8
3
 10
3705.059115
 20
420.809103
  0
POINT
  8
3
 10
3703.510162
 20
435.950659
  0
POINT
  8
3
 10
3701.964231
 20
450.984758
  0
POINT
  8
3
 10
3700.410214
 20
466.018021
  0
POINT
  8
3
 10
3698.849060
 20
481.038697
  0
POINT
  8
3
 10
3697.277078
 20
496.070103
  0
POINT
  8
3
 10
3695.693303
 20
511.100269
  0
POINT
  8
3
 10
3694.047665
 20
526.576805
  0
POINT
  8
3
 10
3692.435317
 20
541.603924
  0
POINT
  8
3
 10
3690.815523
 20
556.630247
  0
POINT
  8
3
 10
3689.147364
 20
572.111049
  0
POINT
  8
3
 10
3687.561701
 20
586.881078
  0
POINT
  8
3
 10
3694.335693
 20
592.992690
  0
POINT
  8
3
 10
3700.725830
 20
594.609877
  0
POINT
  8
3
 10
3704.224520
 20
595.762393
  0
POINT
  8
3
 10
3707.573351
 20
597.113701
  0
POINT
  8
3
 10
3710.313818
 20
598.469969
  0
POINT
  8
3
 10
3712.636761
 20
599.887921
  0
POINT
  8
3
 10
3714.833073
 20
601.521550
  0
POINT
  8
3
 10
3717.075892
 20
603.511538
  0
POINT
  8
3
 10
3719.337939
 20
605.863090
  0
POINT
  8
3
 10
3721.653312
 20
608.637662
  0
POINT
  8
3
 10
3724.089846
 20
611.960028
  0
POINT
  8
3
 10
3726.716121
 20
615.987709
  0
POINT
  8
3
 10
3729.919898
 20
621.421713
  0
POINT
  8
3
 10
3734.726792
 20
630.188717
  0
POINT
  8
3
 10
3741.761074
 20
643.438808
  0
POINT
  8
3
 10
3742.084777
 20
644.055304
  0
POINT
  8
3
 10
3742.085462
 20
644.056610
  0
POINT
  8
3
 10
3747.436518
 20
654.107887
  0
POINT
  8
3
 10
3751.661177
 20
661.512549
  0
POINT
  8
3
 10
3756.166578
 20
668.927586
  0
POINT
  8
3
 10
3760.132612
 20
675.016418
  0
POINT
  8
3
 10
3763.941844
 20
680.436809
  0
POINT
  8
3
 10
3767.638876
 20
685.294493
  0
POINT
  8
3
 10
3771.302545
 20
689.714587
  0
POINT
  8
3
 10
3774.890902
 20
693.673643
  0
POINT
  8
3
 10
3778.519476
 20
697.317993
  0
POINT
  8
3
 10
3782.101401
 20
700.575551
  0
POINT
  8
3
 10
3785.726287
 20
703.548927
  0
POINT
  8
3
 10
3789.341446
 20
706.204745
  0
POINT
  8
3
 10
3793.044564
 20
708.619464
  0
POINT
  8
3
 10
3796.791493
 20
710.769598
  0
POINT
  8
3
 10
3800.662042
 20
712.710381
  0
POINT
  8
3
 10
3804.732745
 20
714.475403
  0
POINT
  8
3
 10
3808.879148
 20
716.008518
  0
POINT
  8
3
 10
3813.177735
 20
717.333386
  0
POINT
  8
3
 10
3817.572352
 20
718.424787
  0
POINT
  8
3
 10
3821.939209
 20
719.258315
  0
POINT
  8
3
 10
3826.424731
 20
719.862565
  0
POINT
  8
3
 10
3830.852190
 20
720.211501
  0
POINT
  8
3
 10
3835.550996
 20
720.327623
  0
POINT
  8
3
 10
3840.285716
 20
720.198900
  0
POINT
  8
3
 10
3844.992940
 20
719.831289
  0
POINT
  8
3
 10
3850.311843
 20
719.131902
  0
POINT
  8
3
 10
3851.844094
 20
718.902951
  0
POINT
  8
3
 10
3851.844560
 20
718.902854
  0
POINT
  8
3
 10
3859.683653
 20
717.253302
  0
POINT
  8
3
 10
3863.451372
 20
716.149967
  0
POINT
  8
3
 10
3867.349808
 20
714.752302
  0
POINT
  8
3
 10
3870.864545
 20
713.239687
  0
POINT
  8
3
 10
3874.332656
 20
711.477460
  0
POINT
  8
3
 10
3877.715153
 20
709.485708
  0
POINT
  8
3
 10
3881.024489
 20
707.249998
  0
POINT
  8
3
 10
3884.265245
 20
704.760084
  0
POINT
  8
3
 10
3887.432928
 20
702.013261
  0
POINT
  8
3
 10
3890.524468
 20
699.000056
  0
POINT
  8
3
 10
3893.490564
 20
695.765668
  0
POINT
  8
3
 10
3896.387111
 20
692.243012
  0
POINT
  8
3
 10
3899.141249
 20
688.510126
  0
POINT
  8
3
 10
3901.804287
 20
684.478949
  0
POINT
  8
3
 10
3904.753595
 20
679.536883
  0
POINT
  8
3
 10
3906.673041
 20
675.910399
  0
POINT
  8
3
 10
3907.563523
 20
674.012648
  0
POINT
  8
3
 10
3907.563765
 20
674.012125
  0
POINT
  8
3
 10
3910.627130
 20
667.343590
  0
POINT
  8
3
 10
3912.521360
 20
662.528525
  0
POINT
  8
3
 10
3914.631527
 20
656.456506
  0
POINT
  8
3
 10
3916.414077
 20
650.584604
  0
POINT
  8
3
 10
3918.717060
 20
641.906991
  0
POINT
  8
3
 10
3920.559673
 20
634.428908
  0
POINT
  8
3
 10
3920.560315
 20
634.426233
  0
POINT
  8
3
 10
3922.273934
 20
627.314881
  0
POINT
  8
3
 10
3923.947234
 20
621.021642
  0
POINT
  8
3
 10
3925.493171
 20
616.084238
  0
POINT
  8
3
 10
3927.008092
 20
611.996446
  0
POINT
  8
3
 10
3928.478977
 20
608.680590
  0
POINT
  8
3
 10
3929.980712
 20
605.858073
  0
POINT
  8
3
 10
3931.510123
 20
603.474779
  0
POINT
  8
3
 10
3933.128331
 20
601.403368
  0
POINT
  8
3
 10
3934.763247
 20
599.699708
  0
POINT
  8
3
 10
3936.498276
 20
598.243679
  0
POINT
  8
3
 10
3938.500928
 20
596.905761
  0
POINT
  8
3
 10
3940.827554
 20
595.661601
  0
POINT
  8
3
 10
3943.633122
 20
594.451643
  0
POINT
  8
3
 10
3946.931889
 20
593.313365
  0
POINT
  8
3
 10
3950.650776
 20
592.306468
  0
POINT
  8
3
 10
3954.890230
 20
591.431176
  0
POINT
  8
3
 10
3959.113872
 20
590.803423
  0
POINT
  8
3
 10
3970.062955
 20
589.661003
  0
POINT
  8
3
 10
3971.615932
 20
573.393269
  0
POINT
  8
3
 10
3970.424396
 20
558.420213
  0
POINT
  8
3
 10
3969.243731
 20
543.446294
  0
POINT
  8
3
 10
3968.072179
 20
528.471656
  0
POINT
  8
3
 10
3966.865484
 20
512.943210
  0
POINT
  8
3
 10
3965.709785
 20
497.967343
  0
POINT
  8
3
 10
3964.562533
 20
482.990829
  0
POINT
  8
3
 10
3963.392818
 20
467.598374
  0
POINT
  8
3
 10
3962.263469
 20
452.620502
  0
POINT
  8
3
 10
3961.141942
 20
437.642037
  0
POINT
  8
3
 10
3959.982838
 20
422.062522
  0
POINT
  8
3
 10
3958.876489
 20
407.082913
  0
POINT
  8
3
 10
3957.782072
 20
392.102436
  0
POINT
  8
3
 10
3956.703848
 20
377.120798
  0
POINT
  8
3
 10
3955.632656
 20
361.960427
  0
POINT
  8
3
 10
3954.585339
 20
346.976590
  0
POINT
  8
3
 10
3954.100833
 20
340.051326
  0
POINT
  8
3
 10
3954.100768
 20
340.050405
  0
POINT
  8
3
 10
3953.526917
 20
331.878466
  0
POINT
  8
3
 10
3952.436714
 20
316.277485
  0
POINT
  8
3
 10
3951.410820
 20
301.292175
  0
POINT
  8
3
 10
3950.404075
 20
286.305552
  0
POINT
  8
3
 10
3949.411470
 20
271.317973
  0
POINT
  8
3
 10
3948.420827
 20
256.218886
  0
POINT
  8
3
 10
3947.444301
 20
241.230266
  0
POINT
  8
3
 10
3946.475094
 20
226.241179
  0
POINT
  8
3
 10
3945.531006
 20
211.520034
  0
POINT
  8
3
 10
3944.535130
 20
195.848505
  0
POINT
  8
3
 10
3943.591890
 20
180.857755
  0
POINT
  8
3
 10
3942.658275
 20
165.866403
  0
POINT
  8
3
 10
3941.710227
 20
150.475196
  0
POINT
  8
3
 10
3940.788039
 20
135.356252
  0
POINT
  8
3
 10
3939.865984
 20
120.120910
  0
POINT
  8
3
 10
3938.965755
 20
105.141272
  0
POINT
  8
3
 10
3923.692484
 20
79.792599
  0
POINT
  8
3
 10
3908.392759
 20
79.914528
  0
POINT
  8
3
 10
3893.294852
 20
80.040202
  0
POINT
  8
3
 10
3878.233385
 20
80.171913
  0
POINT
  8
3
 10
3863.107020
 20
80.312014
  0
POINT
  8
3
 10
3847.884576
 20
80.460636
  0
POINT
  8
3
 10
3832.662197
 20
80.615974
  0
POINT
  8
3
 10
3817.030924
 20
80.781527
  0
POINT
  8
3
 10
3801.808668
 20
80.948308
  0
POINT
  8
3
 10
3786.586476
 20
81.120730
  0
POINT
  8
3
 10
3771.052137
 20
81.302658
  0
POINT
  8
3
 10
3755.561026
 20
81.489386
  0
POINT
  8
3
 10
3740.748033
 20
81.671688
  0
POINT
  8
3
 10
3712.857200
 20
342.301052
  0
TEXT
  8
3
 10
3712.857200
 20
342.301052
 40
0.000000
 50
0.000000
  1
# 235
  0
POINT
  8
3
 10
3742.084777
 20
644.055304
  0
TEXT
  8
3
 10
3742.084777
 20
644.055304
 40
0.000000
 50
0.000000
  1
# 236
  0
POINT
  8
3
 10
3851.844560
 20
718.902854
  0
TEXT
  8
3
 10
3851.844560
 20
718.902854
 40
0.000000
 50
0.000000
  1
# 237
  0
POINT
  8
3
 10
3907.563765
 20
674.012125
  0
TEXT
  8
3
 10
3907.563765
 20
674.012125
 40
0.000000
 50
0.000000
  1
# 238
  0
POINT
  8
3
 10
3920.560315
 20
634.426233
  0
TEXT
  8
3
 10
3920.560315
 20
634.426233
 40
0.000000
 50
0.000000
  1
# 239
  0
POINT
  8
3
 10
3954.100833
 20
340.051326
  0
TEXT
  8
3
 10
3954.100833
 20
340.051326
 40
0.000000
 50
0.000000
  1
# 240
  0
POINT
  8
4
 10
3712.857246
 20
342.300579
 30
1.000000
 50
  5.55
  0
TEXT
  8
4
 10
3712.857246
 20
342.300579
 40
0.000000
 50
0.000000
  1
# 241
  0
POINT
  8
4
 10
3742.085462
 20
644.056610
 30
1.000000
 50
332.05
  0
TEXT
  8
4
 10
3742.085462
 20
644.056610
 40
0.000000
 50
0.000000
  1
# 242
  0
POINT
  8
4
 10
3851.844094
 20
718.902951
 30
1.000000
 50
258.33
  0
TEXT
  8
4
 10
3851.844094
 20
718.902951
 40
0.000000
 50
0.000000
  1
# 243
  0
POINT
  8
4
 10
3907.563523
 20
674.012648
 30
1.000000
 50
204.97
  0
TEXT
  8
4
 10
3907.563523
 20
674.012648
 40
0.000000
 50
0.000000
  1
# 244
  0
POINT
  8
4
 10
3920.559673
 20
634.428908
 30
1.000000
 50
193.99
  0
TEXT
  8
4
 10
3920.559673
 20
634.428908
 40
0.000000
 50
0.000000
  1
# 245
  0
POINT
  8
4
 10
3954.100768
 20
340.050405
 30
1.000000
 50
175.99
  0
TEXT
  8
4
 10
3954.100768
 20
340.050405
 40
0.000000
 50
0.000000
  1
# 246
  0
POLYLINE
  8
11
  66
1
  70
0
  0
VERTEX
  8
1
  10
3743.790283
  20
101.637221
  0
VERTEX
  8
1
  10
3742.411504
  20
117.762818
  0
VERTEX
  8
1
  10
3741.080986
  20
133.146775
  0
VERTEX
  8
1
  10
3739.737934
  20
148.529647
  0
VERTEX
  8
1
  10
3738.407093
  20
163.659099
  0
VERTEX
  8
1
  10
3737.045181
  20
179.040310
  0
VERTEX
  8
1
  10
3735.673974
  20
194.420692
  0
VERTEX
  8
1
  10
3734.340088
  20
209.277846
  0
VERTEX
  8
1
  10
3732.882823
  20
225.388763
  0
VERTEX
  8
1
  10
3731.481051
  20
240.766392
  0
VERTEX
  8
1
  10
3730.068478
  20
256.143033
  0
VERTEX
  8
1
  10
3728.640819
  20
271.561102
  0
VERTEX
  8
1
  10
3727.205218
  20
286.935613
  0
VERTEX
  8
1
  10
3725.756827
  20
302.308922
  0
VERTEX
  8
1
  10
3724.326228
  20
317.351166
  0
VERTEX
  8
1
  10
3722.849812
  20
332.721806
  0
VERTEX
  8
1
  10
3721.837187
  20
343.172081
  0
VERTEX
  8
1
  10
3721.837141
  20
343.172556
  0
VERTEX
  8
1
  10
3721.338067
  20
348.295251
  0
VERTEX
  8
1
  10
3719.830639
  20
363.662880
  0
VERTEX
  8
1
  10
3718.306407
  20
379.054360
  0
VERTEX
  8
1
  10
3716.771254
  20
394.419248
  0
VERTEX
  8
1
  10
3715.223372
  20
409.782861
  0
VERTEX
  8
1
  10
3713.644830
  20
425.327868
  0
VERTEX
  8
1
  10
3712.073420
  20
440.689087
  0
VERTEX
  8
1
  10
3710.491408
  20
456.049218
  0
VERTEX
  8
1
  10
3708.899540
  20
471.408333
  0
VERTEX
  8
1
  10
3707.320168
  20
486.558230
  0
VERTEX
  8
1
  10
3705.709297
  20
501.915365
  0
VERTEX
  8
1
  10
3704.087504
  20
517.271346
  0
VERTEX
  8
1
  10
3702.436566
  20
532.787218
  0
VERTEX
  8
1
  10
3700.839960
  20
547.691806
  0
VERTEX
  8
1
  10
3699.190596
  20
563.008265
  0
VERTEX
  8
1
  10
3697.583096
  20
577.867359
  0
VERTEX
  8
1
  10
3696.871338
  20
584.422377
  0
SEQEND
  8
11
  0
POINT
  8
2
 10
3743.790283
 20
101.637221
  0
TEXT
  8
2
 10
3743.790283
 20
101.637221
 40
0.000000
 50
0.000000
  1
# 247
  0
POINT
  8
2
 10
3696.871338
 20
584.422377
  0
TEXT
  8
2
 10
3696.871338
 20
584.422377
 40
0.000000
 50
0.000000
  1
# 248
  0
POINT
  8
3
 10
3742.411504
 20
117.762818
  0
POINT
  8
3
 10
3741.080986
 20
133.146775
  0
POINT
  8
3
 10
3739.737934
 20
148.529647
  0
POINT
  8
3
 10
3738.407093
 20
163.659099
  0
POINT
  8
3
 10
3737.045181
 20
179.040310
  0
POINT
  8
3
 10
3735.673974
 20
194.420692
  0
POINT
  8
3
 10
3734.340088
 20
209.277846
  0
POINT
  8
3
 10
3732.882823
 20
225.388763
  0
POINT
  8
3
 10
3731.481051
 20
240.766392
  0
POINT
  8
3
 10
3730.068478
 20
256.143033
  0
POINT
  8
3
 10
3728.640819
 20
271.561102
  0
POINT
  8
3
 10
3727.205218
 20
286.935613
  0
POINT
  8
3
 10
3725.756827
 20
302.308922
  0
POINT
  8
3
 10
3724.326228
 20
317.351166
  0
POINT
  8
3
 10
3722.849812
 20
332.721806
  0
POINT
  8
3
 10
3721.837187
 20
343.172081
  0
POINT
  8
3
 10
3721.837141
 20
343.172556
  0
POINT
  8
3
 10
3721.338067
 20
348.295251
  0
POINT
  8
3
 10
3719.830639
 20
363.662880
  0
POINT
  8
3
 10
3718.306407
 20
379.054360
  0
POINT
  8
3
 10
3716.771254
 20
394.419248
  0
POINT
  8
3
 10
3715.223372
 20
409.782861
  0
POINT
  8
3
 10
3713.644830
 20
425.327868
  0
POINT
  8
3
 10
3712.073420
 20
440.689087
  0
POINT
  8
3
 10
3710.491408
 20
456.049218
  0
POINT
  8
3
 10
3708.899540
 20
471.408333
  0
POINT
  8
3
 10
3707.320168
 20
486.558230
  0
POINT
  8
3
 10
3705.709297
 20
501.915365
  0
POINT
  8
3
 10
3704.087504
 20
517.271346
  0
POINT
  8
3
 10
3702.436566
 20
532.787218
  0
POINT
  8
3
 10
3700.839960
 20
547.691806
  0
POINT
  8
3
 10
3699.190596
 20
563.008265
  0
POINT
  8
3
 10
3697.583096
 20
577.867359
  0
POINT
  8
3
 10
3721.837141
 20
343.172556
  0
TEXT
  8
3
 10
3721.837141
 20
343.172556
 40
0.000000
 50
0.000000
  1
# 249
  0
POINT
  8
4
 10
3721.837187
 20
343.172081
 30
1.000000
 50
  5.56
  0
TEXT
  8
4
 10
3721.837187
 20
343.172081
 40
0.000000
 50
0.000000
  1
# 250
  0
POLYLINE
  8
11
  66
1
  70
0
  0
VERTEX
  8
1
  10
3696.871338
  20
584.422377
  0
VERTEX
  8
1
  10
3701.985486
  20
585.621077
  0
VERTEX
  8
1
  10
3705.692460
  20
586.738273
  0
VERTEX
  8
1
  10
3709.528143
  20
588.165321
  0
VERTEX
  8
1
  10
3712.856947
  20
589.652567
  0
VERTEX
  8
1
  10
3715.674920
  20
591.164901
  0
VERTEX
  8
1
  10
3718.261222
  20
592.832402
  0
VERTEX
  8
1
  10
3720.778772
  20
594.758424
  0
VERTEX
  8
1
  10
3723.264951
  20
596.979023
  0
VERTEX
  8
1
  10
3725.789251
  20
599.579601
  0
VERTEX
  8
1
  10
3728.305946
  20
602.541036
  0
VERTEX
  8
1
  10
3730.885067
  20
605.972952
  0
VERTEX
  8
1
  10
3733.543946
  20
609.936327
  0
VERTEX
  8
1
  10
3736.635797
  20
615.041914
  0
VERTEX
  8
1
  10
3740.727518
  20
622.342737
  0
VERTEX
  8
1
  10
3747.754033
  20
635.632019
  0
VERTEX
  8
1
  10
3749.978752
  20
639.867674
  0
VERTEX
  8
1
  10
3749.979316
  20
639.868743
  0
VERTEX
  8
1
  10
3753.959688
  20
647.287060
  0
VERTEX
  8
1
  10
3758.643368
  20
655.611797
  0
VERTEX
  8
1
  10
3762.974870
  20
662.840385
  0
VERTEX
  8
1
  10
3766.913078
  20
668.969469
  0
VERTEX
  8
1
  10
3770.679045
  20
674.399631
  0
VERTEX
  8
1
  10
3774.324300
  20
679.238907
  0
VERTEX
  8
1
  10
3777.845204
  20
683.520550
  0
VERTEX
  8
1
  10
3781.331338
  20
687.385838
  0
VERTEX
  8
1
  10
3784.753831
  20
690.827652
  0
VERTEX
  8
1
  10
3788.229351
  20
693.976618
  0
VERTEX
  8
1
  10
3791.701061
  20
696.791501
  0
VERTEX
  8
1
  10
3795.125500
  20
699.256851
  0
VERTEX
  8
1
  10
3798.604803
  20
701.461399
  0
VERTEX
  8
1
  10
3802.150382
  20
703.419776
  0
VERTEX
  8
1
  10
3805.892319
  20
705.200795
  0
VERTEX
  8
1
  10
3809.833601
  20
706.798163
  0
VERTEX
  8
1
  10
3813.839629
  20
708.152859
  0
VERTEX
  8
1
  10
3817.952671
  20
709.276235
  0
VERTEX
  8
1
  10
3822.107840
  20
710.155404
  0
VERTEX
  8
1
  10
3826.235901
  20
710.781473
  0
VERTEX
  8
1
  10
3830.489681
  20
711.174022
  0
VERTEX
  8
1
  10
3834.930726
  20
711.326064
  0
VERTEX
  8
1
  10
3839.406610
  20
711.232760
  0
VERTEX
  8
1
  10
3843.874230
  20
710.892576
  0
VERTEX
  8
1
  10
3850.022705
  20
710.082534
  0
VERTEX
  8
1
  10
3850.022705
  20
710.082534
  0
SEQEND
  8
11
  0
POINT
  8
2
 10
3696.871338
 20
584.422377
  0
TEXT
  8
2
 10
3696.871338
 20
584.422377
 40
0.000000
 50
0.000000
  1
# 251
  0
POINT
  8
2
 10
3850.022705
 20
710.082534
  0
TEXT
  8
2
 10
3850.022705
 20
710.082534
 40
0.000000
 50
0.000000
  1
# 252
  0
POINT
  8
3
 10
3701.985486
 20
585.621077
  0
POINT
  8
3
 10
3705.692460
 20
586.738273
  0
POINT
  8
3
 10
3709.528143
 20
588.165321
  0
POINT
  8
3
 10
3712.856947
 20
589.652567
  0
POINT
  8
3
 10
3715.674920
 20
591.164901
  0
POINT
  8
3
 10
3718.261222
 20
592.832402
  0
POINT
  8
3
 10
3720.778772
 20
594.758424
  0
POINT
  8
3
 10
3723.264951
 20
596.979023
  0
POINT
  8
3
 10
3725.789251
 20
599.579601
  0
POINT
  8
3
 10
3728.305946
 20
602.541036
  0
POINT
  8
3
 10
3730.885067
 20
605.972952
  0
POINT
  8
3
 10
3733.543946
 20
609.936327
  0
POINT
  8
3
 10
3736.635797
 20
615.041914
  0
POINT
  8
3
 10
3740.727518
 20
622.342737
  0
POINT
  8
3
 10
3747.754033
 20
635.632019
  0
POINT
  8
3
 10
3749.978752
 20
639.867674
  0
POINT
  8
3
 10
3749.979316
 20
639.868743
  0
POINT
  8
3
 10
3753.959688
 20
647.287060
  0
POINT
  8
3
 10
3758.643368
 20
655.611797
  0
POINT
  8
3
 10
3762.974870
 20
662.840385
  0
POINT
  8
3
 10
3766.913078
 20
668.969469
  0
POINT
  8
3
 10
3770.679045
 20
674.399631
  0
POINT
  8
3
 10
3774.324300
 20
679.238907
  0
POINT
  8
3
 10
3777.845204
 20
683.520550
  0
POINT
  8
3
 10
3781.331338
 20
687.385838
  0
POINT
  8
3
 10
3784.753831
 20
690.827652
  0
POINT
  8
3
 10
3788.229351
 20
693.976618
  0
POINT
  8
3
 10
3791.701061
 20
696.791501
  0
POINT
  8
3
 10
3795.125500
 20
699.256851
  0
POINT
  8
3
 10
3798.604803
 20
701.461399
  0
POINT
  8
3
 10
3802.150382
 20
703.419776
  0
POINT
  8
3
 10
3805.892319
 20
705.200795
  0
POINT
  8
3
 10
3809.833601
 20
706.798163
  0
POINT
  8
3
 10
3813.839629
 20
708.152859
  0
POINT
  8
3
 10
3817.952671
 20
709.276235
  0
POINT
  8
3
 10
3822.107840
 20
710.155404
  0
POINT
  8
3
 10
3826.235901
 20
710.781473
  0
POINT
  8
3
 10
3830.489681
 20
711.174022
  0
POINT
  8
3
 10
3834.930726
 20
711.326064
  0
POINT
  8
3
 10
3839.406610
 20
711.232760
  0
POINT
  8
3
 10
3843.874230
 20
710.892576
  0
POINT
  8
3
 10
3850.022705
 20
710.082534
  0
POINT
  8
3
 10
3749.978752
 20
639.867674
  0
TEXT
  8
3
 10
3749.978752
 20
639.867674
 40
0.000000
 50
0.000000
  1
# 253
  0
POINT
  8
4
 10
3749.979316
 20
639.868743
 30
1.000000
 50
332.17
  0
TEXT
  8
4
 10
3749.979316
 20
639.868743
 40
0.000000
 50
0.000000
  1
# 254
  0
POINT
  8
4
 10
3850.022705
 20
710.082534
 30
1.000000
 50
261.30
  0
TEXT
  8
4
 10
3850.022705
 20
710.082534
 40
0.000000
 50
0.000000
  1
# 255
  0
POLYLINE
  8
11
  66
1
  70
0
  0
VERTEX
  8
1
  10
3850.022705
  20
710.082534
  0
VERTEX
  8
1
  10
3855.412111
  20
709.023150
  0
VERTEX
  8
1
  10
3859.238377
  20
708.028291
  0
VERTEX
  8
1
  10
3862.882230
  20
706.826707
  0
VERTEX
  8
1
  10
3866.167802
  20
705.493827
  0
VERTEX
  8
1
  10
3869.363392
  20
703.932341
  0
VERTEX
  8
1
  10
3872.555658
  20
702.096916
  0
VERTEX
  8
1
  10
3875.640713
  20
700.036362
  0
VERTEX
  8
1
  10
3878.617969
  20
697.752238
  0
VERTEX
  8
1
  10
3881.571727
  20
695.173190
  0
VERTEX
  8
1
  10
3884.492585
  20
692.287737
  0
VERTEX
  8
1
  10
3887.297513
  20
689.164070
  0
VERTEX
  8
1
  10
3889.983598
  20
685.803619
  0
VERTEX
  8
1
  10
3892.608728
  20
682.122816
  0
VERTEX
  8
1
  10
3895.156614
  20
678.123700
  0
VERTEX
  8
1
  10
3897.599928
  20
673.819656
  0
VERTEX
  8
1
  10
3899.437680
  20
670.231102
  0
VERTEX
  8
1
  10
3899.438100
  20
670.230244
  0
VERTEX
  8
1
  10
3899.953002
  20
669.163418
  0
VERTEX
  8
1
  10
3902.149251
  20
664.259006
  0
VERTEX
  8
1
  10
3904.194683
  20
659.086332
  0
VERTEX
  8
1
  10
3906.095669
  20
653.609322
  0
VERTEX
  8
1
  10
3907.876013
  20
647.711182
  0
VERTEX
  8
1
  10
3909.870723
  20
640.133057
  0
VERTEX
  8
1
  10
3911.782249
  20
632.239710
  0
VERTEX
  8
1
  10
3911.782463
  20
632.238816
  0
VERTEX
  8
1
  10
3913.425797
  20
625.505950
  0
VERTEX
  8
1
  10
3915.289414
  20
618.569699
  0
VERTEX
  8
1
  10
3916.918690
  20
613.346704
  0
VERTEX
  8
1
  10
3918.516404
  20
608.991277
  0
VERTEX
  8
1
  10
3920.131919
  20
605.271415
  0
VERTEX
  8
1
  10
3921.764582
  20
602.095272
  0
VERTEX
  8
1
  10
3923.483006
  20
599.270072
  0
VERTEX
  8
1
  10
3925.298047
  20
596.756066
  0
VERTEX
  8
1
  10
3927.206567
  20
594.535282
  0
VERTEX
  8
1
  10
3929.176321
  20
592.615588
  0
VERTEX
  8
1
  10
3931.286715
  20
590.903207
  0
VERTEX
  8
1
  10
3933.636279
  20
589.330733
  0
VERTEX
  8
1
  10
3936.273454
  20
587.874040
  0
VERTEX
  8
1
  10
3939.296779
  20
586.495365
  0
VERTEX
  8
1
  10
3942.731953
  20
585.211776
  0
VERTEX
  8
1
  10
3946.485962
  20
584.078923
  0
VERTEX
  8
1
  10
3950.655989
  20
583.085371
  0
VERTEX
  8
1
  10
3955.275745
  20
582.239473
  0
VERTEX
  8
1
  10
3959.389077
  20
581.725445
  0
VERTEX
  8
1
  10
3963.232178
  20
581.426284
  0
SEQEND
  8
11
  0
POINT
  8
2
 10
3850.022705
 20
710.082534
  0
TEXT
  8
2
 10
3850.022705
 20
710.082534
 40
0.000000
 50
0.000000
  1
# 256
  0
POINT
  8
2
 10
3963.232178
 20
581.426284
  0
TEXT
  8
2
 10
3963.232178
 20
581.426284
 40
0.000000
 50
0.000000
  1
# 257
  0
POINT
  8
3
 10
3855.412111
 20
709.023150
  0
POINT
  8
3
 10
3859.238377
 20
708.028291
  0
POINT
  8
3
 10
3862.882230
 20
706.826707
  0
POINT
  8
3
 10
3866.167802
 20
705.493827
  0
POINT
  8
3
 10
3869.363392
 20
703.932341
  0
POINT
  8
3
 10
3872.555658
 20
702.096916
  0
POINT
  8
3
 10
3875.640713
 20
700.036362
  0
POINT
  8
3
 10
3878.617969
 20
697.752238
  0
POINT
  8
3
 10
3881.571727
 20
695.173190
  0
POINT
  8
3
 10
3884.492585
 20
692.287737
  0
POINT
  8
3
 10
3887.297513
 20
689.164070
  0
POINT
  8
3
 10
3889.983598
 20
685.803619
  0
POINT
  8
3
 10
3892.608728
 20
682.122816
  0
POINT
  8
3
 10
3895.156614
 20
678.123700
  0
POINT
  8
3
 10
3897.599928
 20
673.819656
  0
POINT
  8
3
 10
3899.437680
 20
670.231102
  0
POINT
  8
3
 10
3899.438100
 20
670.230244
  0
POINT
  8
3
 10
3899.953002
 20
669.163418
  0
POINT
  8
3
 10
3902.149251
 20
664.259006
  0
POINT
  8
3
 10
3904.194683
 20
659.086332
  0
POINT
  8
3
 10
3906.095669
 20
653.609322
  0
POINT
  8
3
 10
3907.876013
 20
647.711182
  0
POINT
  8
3
 10
3909.870723
 20
640.133057
  0
POINT
  8
3
 10
3911.782249
 20
632.239710
  0
POINT
  8
3
 10
3911.782463
 20
632.238816
  0
POINT
  8
3
 10
3913.425797
 20
625.505950
  0
POINT
  8
3
 10
3915.289414
 20
618.569699
  0
POINT
  8
3
 10
3916.918690
 20
613.346704
  0
POINT
  8
3
 10
3918.516404
 20
608.991277
  0
POINT
  8
3
 10
3920.131919
 20
605.271415
  0
POINT
  8
3
 10
3921.764582
 20
602.095272
  0
POINT
  8
3
 10
3923.483006
 20
599.270072
  0
POINT
  8
3
 10
3925.298047
 20
596.756066
  0
POINT
  8
3
 10
3927.206567
 20
594.535282
  0
POINT
  8
3
 10
3929.176321
 20
592.615588
  0
POINT
  8
3
 10
3931.286715
 20
590.903207
  0
POINT
  8
3
 10
3933.636279
 20
589.330733
  0
POINT
  8
3
 10
3936.273454
 20
587.874040
  0
POINT
  8
3
 10
3939.296779
 20
586.495365
  0
POINT
  8
3
 10
3942.731953
 20
585.211776
  0
POINT
  8
3
 10
3946.485962
 20
584.078923
  0
POINT
  8
3
 10
3950.655989
 20
583.085371
  0
POINT
  8
3
 10
3955.275745
 20
582.239473
  0
POINT
  8
3
 10
3959.389077
 20
581.725445
  0
POINT
  8
3
 10
3899.437680
 20
670.231102
  0
TEXT
  8
3
 10
3899.437680
 20
670.231102
 40
0.000000
 50
0.000000
  1
# 258
  0
POINT
  8
3
 10
3911.782463
 20
632.238816
  0
TEXT
  8
3
 10
3911.782463
 20
632.238816
 40
0.000000
 50
0.000000
  1
# 259
  0
POINT
  8
4
 10
3899.438100
 20
670.230244
 30
1.000000
 50
206.05
  0
TEXT
  8
4
 10
3899.438100
 20
670.230244
 40
0.000000
 50
0.000000
  1
# 260
  0
POINT
  8
4
 10
3911.782249
 20
632.239710
 30
1.000000
 50
193.48
  0
TEXT
  8
4
 10
3911.782249
 20
632.239710
 40
0.000000
 50
0.000000
  1
# 261
  0
POLYLINE
  8
11
  66
1
  70
0
  0
VERTEX
  8
1
  10
3963.232178
  20
581.426284
  0
VERTEX
  8
1
  10
3961.937020
  20
565.252174
  0
VERTEX
  8
1
  10
3960.723439
  20
549.919790
  0
VERTEX
  8
1
  10
3959.521138
  20
534.586513
  0
VERTEX
  8
1
  10
3958.317974
  20
519.129072
  0
VERTEX
  8
1
  10
3957.132279
  20
503.794506
  0
VERTEX
  8
1
  10
3955.954766
  20
488.459311
  0
VERTEX
  8
1
  10
3954.809195
  20
473.431266
  0
VERTEX
  8
1
  10
3953.648966
  20
458.094753
  0
VERTEX
  8
1
  10
3952.497876
  20
442.757550
  0
VERTEX
  8
1
  10
3951.361572
  20
427.492690
  0
VERTEX
  8
1
  10
3950.229494
  20
412.154070
  0
VERTEX
  8
1
  10
3949.107727
  20
396.814692
  0
VERTEX
  8
1
  10
3947.996972
  20
381.474515
  0
VERTEX
  8
1
  10
3946.905674
  20
366.242082
  0
VERTEX
  8
1
  10
3945.819107
  20
350.900173
  0
VERTEX
  8
1
  10
3945.102793
  20
340.680327
  0
VERTEX
  8
1
  10
3945.102760
  20
340.679859
  0
VERTEX
  8
1
  10
3944.746661
  20
335.565795
  0
VERTEX
  8
1
  10
3943.687403
  20
320.221978
  0
VERTEX
  8
1
  10
3942.653102
  20
305.054669
  0
VERTEX
  8
1
  10
3941.618797
  20
289.709146
  0
VERTEX
  8
1
  10
3940.595941
  20
274.362854
  0
VERTEX
  8
1
  10
3939.598309
  20
259.236672
  0
VERTEX
  8
1
  10
3938.596098
  20
243.889022
  0
VERTEX
  8
1
  10
3937.603324
  20
228.540759
  0
VERTEX
  8
1
  10
3936.619367
  20
213.191927
  0
VERTEX
  8
1
  10
3935.666597
  20
198.202809
  0
VERTEX
  8
1
  10
3934.699727
  20
182.852890
  0
VERTEX
  8
1
  10
3933.742575
  20
167.502365
  0
VERTEX
  8
1
  10
3932.779892
  20
151.890316
  0
VERTEX
  8
1
  10
3931.830075
  20
136.328132
  0
VERTEX
  8
1
  10
3930.909574
  20
121.123814
  0
VERTEX
  8
1
  10
3930.001649
  20
106.019838
  0
VERTEX
  8
1
  10
3929.627197
  20
99.754409
  0
SEQEND
  8
11
  0
POINT
  8
2
 10
3963.232178
 20
581.426284
  0
TEXT
  8
2
 10
3963.232178
 20
581.426284
 40
0.000000
 50
0.000000
  1
# 262
  0
POINT
  8
2
 10
3929.627197
 20
99.754409
  0
TEXT
  8
2
 10
3929.627197
 20
99.754409
 40
0.000000
 50
0.000000
  1
# 263
  0
POINT
  8
3
 10
3961.937020
 20
565.252174
  0
POINT
  8
3
 10
3960.723439
 20
549.919790
  0
POINT
  8
3
 10
3959.521138
 20
534.586513
  0
POINT
  8
3
 10
3958.317974
 20
519.129072
  0
POINT
  8
3
 10
3957.132279
 20
503.794506
  0
POINT
  8
3
 10
3955.954766
 20
488.459311
  0
POINT
  8
3
 10
3954.809195
 20
473.431266
  0
POINT
  8
3
 10
3953.648966
 20
458.094753
  0
POINT
  8
3
 10
3952.497876
 20
442.757550
  0
POINT
  8
3
 10
3951.361572
 20
427.492690
  0
POINT
  8
3
 10
3950.229494
 20
412.154070
  0
POINT
  8
3
 10
3949.107727
 20
396.814692
  0
POINT
  8
3
 10
3947.996972
 20
381.474515
  0
POINT
  8
3
 10
3946.905674
 20
366.242082
  0
POINT
  8
3
 10
3945.819107
 20
350.900173
  0
POINT
  8
3
 10
3945.102793
 20
340.680327
  0
POINT
  8
3
 10
3945.102760
 20
340.679859
  0
POINT
  8
3
 10
3944.746661
 20
335.565795
  0
POINT
  8
3
 10
3943.687403
 20
320.221978
  0
POINT
  8
3
 10
3942.653102
 20
305.054669
  0
POINT
  8
3
 10
3941.618797
 20
289.709146
  0
POINT
  8
3
 10
3940.595941
 20
274.362854
  0
POINT
  8
3
 10
3939.598309
 20
259.236672
  0
POINT
  8
3
 10
3938.596098
 20
243.889022
  0
POINT
  8
3
 10
3937.603324
 20
228.540759
  0
POINT
  8
3
 10
3936.619367
 20
213.191927
  0
POINT
  8
3
 10
3935.666597
 20
198.202809
  0
POINT
  8
3
 10
3934.699727
 20
182.852890
  0
POINT
  8
3
 10
3933.742575
 20
167.502365
  0
POINT
  8
3
 10
3932.779892
 20
151.890316
  0
POINT
  8
3
 10
3931.830075
 20
136.328132
  0
POINT
  8
3
 10
3930.909574
 20
121.123814
  0
POINT
  8
3
 10
3930.001649
 20
106.019838
  0
POINT
  8
3
 10
3945.102793
 20
340.680327
  0
TEXT
  8
3
 10
3945.102793
 20
340.680327
 40
0.000000
 50
0.000000
  1
# 264
  0
POINT
  8
4
 10
3945.102760
 20
340.679859
 30
1.000000
 50
176.01
  0
TEXT
  8
4
 10
3945.102760
 20
340.679859
 40
0.000000
 50
0.000000
  1
# 265
  0
POLYLINE
  8
11
  66
1
  70
0
  0
VERTEX
  8
1
  10
3929.627197
  20
99.754409
  0
VERTEX
  8
1
  10
3913.909455
  20
99.875105
  0
VERTEX
  8
1
  10
3898.129472
  20
100.002647
  0
VERTEX
  8
1
  10
3882.593456
  20
100.134994
  0
VERTEX
  8
1
  10
3866.801630
  20
100.278404
  0
VERTEX
  8
1
  10
3851.648784
  20
100.424686
  0
VERTEX
  8
1
  10
3836.496007
  20
100.578175
  0
VERTEX
  8
1
  10
3821.024304
  20
100.740996
  0
VERTEX
  8
1
  10
3805.871646
  20
100.905746
  0
VERTEX
  8
1
  10
3790.719050
  20
101.075965
  0
VERTEX
  8
1
  10
3776.352783
  20
101.242690
  0
VERTEX
  8
1
  10
3760.096290
  20
101.437317
  0
VERTEX
  8
1
  10
3745.259075
  20
101.619010
  0
VERTEX
  8
1
  10
3743.790283
  20
101.637221
  0
SEQEND
  8
11
  0
POINT
  8
2
 10
3929.627197
 20
99.754409
  0
TEXT
  8
2
 10
3929.627197
 20
99.754409
 40
0.000000
 50
0.000000
  1
# 266
  0
POINT
  8
2
 10
3743.790283
 20
101.637221
  0
TEXT
  8
2
 10
3743.790283
 20
101.637221
 40
0.000000
 50
0.000000
  1
# 267
  0
POINT
  8
3
 10
3913.909455
 20
99.875105
  0
POINT
  8
3
 10
3898.129472
 20
100.002647
  0
POINT
  8
3
 10
3882.593456
 20
100.134994
  0
POINT
  8
3
 10
3866.801630
 20
100.278404
  0
POINT
  8
3
 10
3851.648784
 20
100.424686
  0
POINT
  8
3
 10
3836.496007
 20
100.578175
  0
POINT
  8
3
 10
3821.024304
 20
100.740996
  0
POINT
  8
3
 10
3805.871646
 20
100.905746
  0
POINT
  8
3
 10
3790.719050
 20
101.075965
  0
POINT
  8
3
 10
3776.352783
 20
101.242690
  0
POINT
  8
3
 10
3760.096290
 20
101.437317
  0
POINT
  8
3
 10
3745.259075
 20
101.619010
  0
POLYLINE
  8
11
  66
1
  70
0
  0
VERTEX
  8
1
  10
3849.025635
  20
710.293471
  0
VERTEX
  8
1
  10
3857.735107
  20
100.355971
  0
SEQEND
  8
11
  0
POINT
  8
2
 10
3849.025635
 20
710.293471
  0
TEXT
  8
2
 10
3849.025635
 20
710.293471
 40
0.000000
 50
0.000000
  1
# 268
  0
POINT
  8
2
 10
3857.735107
 20
100.355971
  0
TEXT
  8
2
 10
3857.735107
 20
100.355971
 40
0.000000
 50
0.000000
  1
# 269
  0
POLYLINE
  8
11
  66
1
  70
0
  0
VERTEX
  8
1
  10
3696.871338
  20
584.422377
  0
VERTEX
  8
1
  10
3963.232178
  20
581.426284
  0
SEQEND
  8
11
  0
POINT
  8
2
 10
3696.871338
 20
584.422377
  0
TEXT
  8
2
 10
3696.871338
 20
584.422377
 40
0.000000
 50
0.000000
  1
# 270
  0
POINT
  8
2
 10
3963.232178
 20
581.426284
  0
TEXT
  8
2
 10
3963.232178
 20
581.426284
 40
0.000000
 50
0.000000
  1
# 271
 0
LINE
 8
7
 10
3834.939697
 20
570.551284
 11
3834.939697
 21
216.922377
  0
TEXT
  8
1
 10
3830.000000
 20
400.000000
 40
10.000000
 50
0.000000
  1
Piece Name: C2390726.袖片.M
  0
TEXT
  8
1
 10
3830.000000
 20
415.000000
 40
10.000000
 50
0.000000
  1
Size: M
  0
TEXT
  8
1
 10
3830.000000
 20
430.000000
 40
10.000000
 50
0.000000
  1
Annotation: 面料1X2
  0
TEXT
  8
1
 10
3830.000000
 20
445.000000
 40
10.000000
 50
0.000000
  1
Quantity: 1
  0
TEXT
  8
1
 10
3830.000000
 20
460.000000
 40
10.000000
 50
0.000000
  1
Material: 面料1
  0
TEXT
  8
1
 10
3830.000000
 20
460.000000
 40
10.000000
 50
0.000000
  1
Category: 2
0
ENDBLK
0
BLOCK
  8
1
  2
C2390726.领.M
 70
0
 10
0.0
 20
0.0
  0
POLYLINE
  8
1
  66
1
  70
1
  0
VERTEX
  8
1
  10
2272.617676
  20
75.490234
  0
VERTEX
  8
1
  10
2200.259277
  20
75.490234
  0
VERTEX
  8
1
  10
2144.427734
  20
75.490234
  0
VERTEX
  8
1
  10
2144.427734
  20
120.001953
  0
VERTEX
  8
1
  10
2144.427734
  20
164.509766
  0
VERTEX
  8
1
  10
2200.259277
  20
164.509766
  0
VERTEX
  8
1
  10
2272.617676
  20
164.509766
  0
VERTEX
  8
1
  10
2324.174805
  20
164.509766
  0
VERTEX
  8
1
  10
2377.031738
  20
164.509766
  0
VERTEX
  8
1
  10
2429.889160
  20
164.509766
  0
VERTEX
  8
1
  10
2481.446289
  20
164.509766
  0
VERTEX
  8
1
  10
2515.572266
  20
164.509766
  0
VERTEX
  8
1
  10
2515.572266
  20
120.001953
  0
VERTEX
  8
1
  10
2515.572266
  20
102.146484
  0
VERTEX
  8
1
  10
2515.572266
  20
75.490234
  0
VERTEX
  8
1
  10
2481.446289
  20
75.490234
  0
VERTEX
  8
1
  10
2429.889160
  20
75.490234
  0
VERTEX
  8
1
  10
2377.031738
  20
75.490234
  0
VERTEX
  8
1
  10
2324.174805
  20
75.490234
  0
VERTEX
  8
1
  10
2272.617676
  20
75.490234
  0
SEQEND
  8
1
  0
POINT
  8
2
 10
2272.617676
 20
75.490234
  0
TEXT
  8
2
 10
2272.617676
 20
75.490234
 40
0.000000
 50
0.000000
  1
# 272
  0
POINT
  8
2
 10
2200.259277
 20
75.490234
  0
TEXT
  8
2
 10
2200.259277
 20
75.490234
 40
0.000000
 50
0.000000
  1
# 273
  0
POINT
  8
2
 10
2144.427734
 20
75.490234
  0
TEXT
  8
2
 10
2144.427734
 20
75.490234
 40
0.000000
 50
0.000000
  1
# 274
  0
POINT
  8
2
 10
2144.427734
 20
120.001953
  0
TEXT
  8
2
 10
2144.427734
 20
120.001953
 40
0.000000
 50
0.000000
  1
# 275
  0
POINT
  8
2
 10
2144.427734
 20
164.509766
  0
TEXT
  8
2
 10
2144.427734
 20
164.509766
 40
0.000000
 50
0.000000
  1
# 276
  0
POINT
  8
2
 10
2200.259277
 20
164.509766
  0
TEXT
  8
2
 10
2200.259277
 20
164.509766
 40
0.000000
 50
0.000000
  1
# 277
  0
POINT
  8
2
 10
2272.617676
 20
164.509766
  0
TEXT
  8
2
 10
2272.617676
 20
164.509766
 40
0.000000
 50
0.000000
  1
# 278
  0
POINT
  8
2
 10
2324.174805
 20
164.509766
  0
TEXT
  8
2
 10
2324.174805
 20
164.509766
 40
0.000000
 50
0.000000
  1
# 279
  0
POINT
  8
2
 10
2377.031738
 20
164.509766
  0
TEXT
  8
2
 10
2377.031738
 20
164.509766
 40
0.000000
 50
0.000000
  1
# 280
  0
POINT
  8
2
 10
2429.889160
 20
164.509766
  0
TEXT
  8
2
 10
2429.889160
 20
164.509766
 40
0.000000
 50
0.000000
  1
# 281
  0
POINT
  8
2
 10
2481.446289
 20
164.509766
  0
TEXT
  8
2
 10
2481.446289
 20
164.509766
 40
0.000000
 50
0.000000
  1
# 282
  0
POINT
  8
2
 10
2515.572266
 20
164.509766
  0
TEXT
  8
2
 10
2515.572266
 20
164.509766
 40
0.000000
 50
0.000000
  1
# 283
  0
POINT
  8
2
 10
2515.572266
 20
120.001953
  0
TEXT
  8
2
 10
2515.572266
 20
120.001953
 40
0.000000
 50
0.000000
  1
# 284
  0
POINT
  8
2
 10
2515.572266
 20
75.490234
  0
TEXT
  8
2
 10
2515.572266
 20
75.490234
 40
0.000000
 50
0.000000
  1
# 285
  0
POINT
  8
2
 10
2481.446289
 20
75.490234
  0
TEXT
  8
2
 10
2481.446289
 20
75.490234
 40
0.000000
 50
0.000000
  1
# 286
  0
POINT
  8
2
 10
2429.889160
 20
75.490234
  0
TEXT
  8
2
 10
2429.889160
 20
75.490234
 40
0.000000
 50
0.000000
  1
# 287
  0
POINT
  8
2
 10
2377.031738
 20
75.490234
  0
TEXT
  8
2
 10
2377.031738
 20
75.490234
 40
0.000000
 50
0.000000
  1
# 288
  0
POINT
  8
2
 10
2324.174805
 20
75.490234
  0
TEXT
  8
2
 10
2324.174805
 20
75.490234
 40
0.000000
 50
0.000000
  1
# 289
  0
POINT
  8
2
 10
2272.617676
 20
75.490234
  0
TEXT
  8
2
 10
2272.617676
 20
75.490234
 40
0.000000
 50
0.000000
  1
# 290
  0
POINT
  8
3
 10
2515.572266
 20
102.146484
  0
POLYLINE
  8
8
  66
1
  70
1
  0
VERTEX
  8
8
  10
2272.617676
  20
75.490234
  0
VERTEX
  8
8
  10
2272.617676
  20
75.490234
  0
VERTEX
  8
8
  10
2200.259277
  20
75.490234
  0
VERTEX
  8
8
  10
2200.259277
  20
75.490234
  0
VERTEX
  8
8
  10
2144.427734
  20
75.490234
  0
VERTEX
  8
8
  10
2144.427734
  20
120.001953
  0
VERTEX
  8
8
  10
2144.427734
  20
164.509766
  0
VERTEX
  8
8
  10
2200.259277
  20
164.509766
  0
VERTEX
  8
8
  10
2200.259277
  20
164.509766
  0
VERTEX
  8
8
  10
2272.617676
  20
164.509766
  0
VERTEX
  8
8
  10
2272.617676
  20
164.509766
  0
VERTEX
  8
8
  10
2324.174805
  20
164.509766
  0
VERTEX
  8
8
  10
2324.174805
  20
164.509766
  0
VERTEX
  8
8
  10
2377.031738
  20
164.509766
  0
VERTEX
  8
8
  10
2377.031738
  20
164.509766
  0
VERTEX
  8
8
  10
2429.889160
  20
164.509766
  0
VERTEX
  8
8
  10
2429.889160
  20
164.509766
  0
VERTEX
  8
8
  10
2481.446289
  20
164.509766
  0
VERTEX
  8
8
  10
2515.572266
  20
164.509766
  0
VERTEX
  8
8
  10
2515.572266
  20
120.001953
  0
VERTEX
  8
8
  10
2515.572266
  20
102.146484
  0
VERTEX
  8
8
  10
2515.572266
  20
102.146484
  0
VERTEX
  8
8
  10
2515.572266
  20
75.490234
  0
VERTEX
  8
8
  10
2481.446289
  20
75.490234
  0
VERTEX
  8
8
  10
2481.446289
  20
75.490234
  0
VERTEX
  8
8
  10
2429.889160
  20
75.490234
  0
VERTEX
  8
8
  10
2429.889160
  20
75.490234
  0
VERTEX
  8
8
  10
2377.031738
  20
75.490234
  0
VERTEX
  8
8
  10
2377.031738
  20
75.490234
  0
VERTEX
  8
8
  10
2324.174805
  20
75.490234
  0
VERTEX
  8
8
  10
2324.174805
  20
75.490234
  0
VERTEX
  8
8
  10
2272.617676
  20
75.490234
  0
SEQEND
  8
8
  0
POINT
  8
2
 10
2272.617676
 20
75.490234
  0
TEXT
  8
2
 10
2272.617676
 20
75.490234
 40
0.000000
 50
0.000000
  1
# 291
  0
POINT
  8
2
 10
2200.259277
 20
75.490234
  0
TEXT
  8
2
 10
2200.259277
 20
75.490234
 40
0.000000
 50
0.000000
  1
# 292
  0
POINT
  8
2
 10
2144.427734
 20
75.490234
  0
TEXT
  8
2
 10
2144.427734
 20
75.490234
 40
0.000000
 50
0.000000
  1
# 293
  0
POINT
  8
2
 10
2144.427734
 20
120.001953
  0
TEXT
  8
2
 10
2144.427734
 20
120.001953
 40
0.000000
 50
0.000000
  1
# 294
  0
POINT
  8
2
 10
2144.427734
 20
164.509766
  0
TEXT
  8
2
 10
2144.427734
 20
164.509766
 40
0.000000
 50
0.000000
  1
# 295
  0
POINT
  8
2
 10
2200.259277
 20
164.509766
  0
TEXT
  8
2
 10
2200.259277
 20
164.509766
 40
0.000000
 50
0.000000
  1
# 296
  0
POINT
  8
2
 10
2272.617676
 20
164.509766
  0
TEXT
  8
2
 10
2272.617676
 20
164.509766
 40
0.000000
 50
0.000000
  1
# 297
  0
POINT
  8
2
 10
2324.174805
 20
164.509766
  0
TEXT
  8
2
 10
2324.174805
 20
164.509766
 40
0.000000
 50
0.000000
  1
# 298
  0
POINT
  8
2
 10
2377.031738
 20
164.509766
  0
TEXT
  8
2
 10
2377.031738
 20
164.509766
 40
0.000000
 50
0.000000
  1
# 299
  0
POINT
  8
2
 10
2429.889160
 20
164.509766
  0
TEXT
  8
2
 10
2429.889160
 20
164.509766
 40
0.000000
 50
0.000000
  1
# 300
  0
POINT
  8
2
 10
2481.446289
 20
164.509766
  0
TEXT
  8
2
 10
2481.446289
 20
164.509766
 40
0.000000
 50
0.000000
  1
# 301
  0
POINT
  8
2
 10
2515.572266
 20
164.509766
  0
TEXT
  8
2
 10
2515.572266
 20
164.509766
 40
0.000000
 50
0.000000
  1
# 302
  0
POINT
  8
2
 10
2515.572266
 20
120.001953
  0
TEXT
  8
2
 10
2515.572266
 20
120.001953
 40
0.000000
 50
0.000000
  1
# 303
  0
POINT
  8
2
 10
2515.572266
 20
75.490234
  0
TEXT
  8
2
 10
2515.572266
 20
75.490234
 40
0.000000
 50
0.000000
  1
# 304
  0
POINT
  8
2
 10
2481.446289
 20
75.490234
  0
TEXT
  8
2
 10
2481.446289
 20
75.490234
 40
0.000000
 50
0.000000
  1
# 305
  0
POINT
  8
2
 10
2429.889160
 20
75.490234
  0
TEXT
  8
2
 10
2429.889160
 20
75.490234
 40
0.000000
 50
0.000000
  1
# 306
  0
POINT
  8
2
 10
2377.031738
 20
75.490234
  0
TEXT
  8
2
 10
2377.031738
 20
75.490234
 40
0.000000
 50
0.000000
  1
# 307
  0
POINT
  8
2
 10
2324.174805
 20
75.490234
  0
TEXT
  8
2
 10
2324.174805
 20
75.490234
 40
0.000000
 50
0.000000
  1
# 308
  0
POINT
  8
2
 10
2272.617676
 20
75.490234
  0
TEXT
  8
2
 10
2272.617676
 20
75.490234
 40
0.000000
 50
0.000000
  1
# 309
  0
POINT
  8
3
 10
2272.617676
 20
75.490234
  0
POINT
  8
3
 10
2200.259277
 20
75.490234
  0
POINT
  8
3
 10
2200.259277
 20
164.509766
  0
POINT
  8
3
 10
2272.617676
 20
164.509766
  0
POINT
  8
3
 10
2324.174805
 20
164.509766
  0
POINT
  8
3
 10
2377.031738
 20
164.509766
  0
POINT
  8
3
 10
2429.889160
 20
164.509766
  0
POINT
  8
3
 10
2481.446289
 20
75.490234
  0
POINT
  8
3
 10
2429.889160
 20
75.490234
  0
POINT
  8
3
 10
2377.031738
 20
75.490234
  0
POINT
  8
3
 10
2324.174805
 20
75.490234
  0
POINT
  8
4
 10
2272.617676
 20
75.490234
 30
1.000000
 50
 90.00
  0
TEXT
  8
4
 10
2272.617676
 20
75.490234
 40
0.000000
 50
0.000000
  1
# 310
  0
POINT
  8
4
 10
2200.259277
 20
75.490234
 30
1.000000
 50
 90.00
  0
TEXT
  8
4
 10
2200.259277
 20
75.490234
 40
0.000000
 50
0.000000
  1
# 311
  0
POINT
  8
4
 10
2200.259277
 20
164.509766
 30
1.000000
 50
270.00
  0
TEXT
  8
4
 10
2200.259277
 20
164.509766
 40
0.000000
 50
0.000000
  1
# 312
  0
POINT
  8
4
 10
2272.617676
 20
164.509766
 30
1.000000
 50
270.00
  0
TEXT
  8
4
 10
2272.617676
 20
164.509766
 40
0.000000
 50
0.000000
  1
# 313
  0
POINT
  8
4
 10
2324.174805
 20
164.509766
 30
1.000000
 50
270.00
  0
TEXT
  8
4
 10
2324.174805
 20
164.509766
 40
0.000000
 50
0.000000
  1
# 314
  0
POINT
  8
4
 10
2377.031738
 20
164.509766
 30
1.000000
 50
270.00
  0
TEXT
  8
4
 10
2377.031738
 20
164.509766
 40
0.000000
 50
0.000000
  1
# 315
  0
POINT
  8
4
 10
2429.889160
 20
164.509766
 30
1.000000
 50
270.00
  0
TEXT
  8
4
 10
2429.889160
 20
164.509766
 40
0.000000
 50
0.000000
  1
# 316
  0
POINT
  8
4
 10
2515.572266
 20
102.146484
 30
1.000000
 50
180.00
  0
TEXT
  8
4
 10
2515.572266
 20
102.146484
 40
0.000000
 50
0.000000
  1
# 317
  0
POINT
  8
4
 10
2481.446289
 20
75.490234
 30
1.000000
 50
 90.00
  0
TEXT
  8
4
 10
2481.446289
 20
75.490234
 40
0.000000
 50
0.000000
  1
# 318
  0
POINT
  8
4
 10
2429.889160
 20
75.490234
 30
1.000000
 50
 90.00
  0
TEXT
  8
4
 10
2429.889160
 20
75.490234
 40
0.000000
 50
0.000000
  1
# 319
  0
POINT
  8
4
 10
2377.031738
 20
75.490234
 30
1.000000
 50
 90.00
  0
TEXT
  8
4
 10
2377.031738
 20
75.490234
 40
0.000000
 50
0.000000
  1
# 320
  0
POINT
  8
4
 10
2324.174805
 20
75.490234
 30
1.000000
 50
 90.00
  0
TEXT
  8
4
 10
2324.174805
 20
75.490234
 40
0.000000
 50
0.000000
  1
# 321
  0
POLYLINE
  8
11
  66
1
  70
0
  0
VERTEX
  8
1
  10
2272.617676
  20
83.990234
  0
VERTEX
  8
1
  10
2272.617676
  20
83.990234
  0
VERTEX
  8
1
  10
2200.259277
  20
83.990234
  0
VERTEX
  8
1
  10
2200.259277
  20
83.990234
  0
SEQEND
  8
11
  0
POINT
  8
2
 10
2272.617676
 20
83.990234
  0
TEXT
  8
2
 10
2272.617676
 20
83.990234
 40
0.000000
 50
0.000000
  1
# 322
  0
POINT
  8
2
 10
2200.259277
 20
83.990234
  0
TEXT
  8
2
 10
2200.259277
 20
83.990234
 40
0.000000
 50
0.000000
  1
# 323
  0
POINT
  8
3
 10
2272.617676
 20
83.990234
  0
POINT
  8
3
 10
2200.259277
 20
83.990234
  0
POINT
  8
4
 10
2272.617676
 20
83.990234
 30
1.000000
 50
 90.00
  0
TEXT
  8
4
 10
2272.617676
 20
83.990234
 40
0.000000
 50
0.000000
  1
# 324
  0
POINT
  8
4
 10
2200.259277
 20
83.990234
 30
1.000000
 50
 90.00
  0
TEXT
  8
4
 10
2200.259277
 20
83.990234
 40
0.000000
 50
0.000000
  1
# 325
  0
POLYLINE
  8
11
  66
1
  70
0
  0
VERTEX
  8
1
  10
2200.259277
  20
83.990234
  0
VERTEX
  8
1
  10
2153.427734
  20
83.990234
  0
SEQEND
  8
11
  0
POINT
  8
2
 10
2200.259277
 20
83.990234
  0
TEXT
  8
2
 10
2200.259277
 20
83.990234
 40
0.000000
 50
0.000000
  1
# 326
  0
POINT
  8
2
 10
2153.427734
 20
83.990234
  0
TEXT
  8
2
 10
2153.427734
 20
83.990234
 40
0.000000
 50
0.000000
  1
# 327
  0
POLYLINE
  8
11
  66
1
  70
0
  0
VERTEX
  8
1
  10
2153.427734
  20
83.990234
  0
VERTEX
  8
1
  10
2153.427734
  20
120.001953
  0
SEQEND
  8
11
  0
POINT
  8
2
 10
2153.427734
 20
83.990234
  0
TEXT
  8
2
 10
2153.427734
 20
83.990234
 40
0.000000
 50
0.000000
  1
# 328
  0
POINT
  8
2
 10
2153.427734
 20
120.001953
  0
TEXT
  8
2
 10
2153.427734
 20
120.001953
 40
0.000000
 50
0.000000
  1
# 329
  0
POLYLINE
  8
11
  66
1
  70
0
  0
VERTEX
  8
1
  10
2153.427734
  20
120.001953
  0
VERTEX
  8
1
  10
2153.427734
  20
156.009766
  0
SEQEND
  8
11
  0
POINT
  8
2
 10
2153.427734
 20
120.001953
  0
TEXT
  8
2
 10
2153.427734
 20
120.001953
 40
0.000000
 50
0.000000
  1
# 330
  0
POINT
  8
2
 10
2153.427734
 20
156.009766
  0
TEXT
  8
2
 10
2153.427734
 20
156.009766
 40
0.000000
 50
0.000000
  1
# 331
  0
POLYLINE
  8
11
  66
1
  70
0
  0
VERTEX
  8
1
  10
2153.427734
  20
156.009766
  0
VERTEX
  8
1
  10
2200.259277
  20
156.009766
  0
VERTEX
  8
1
  10
2200.259277
  20
156.009766
  0
SEQEND
  8
11
  0
POINT
  8
2
 10
2153.427734
 20
156.009766
  0
TEXT
  8
2
 10
2153.427734
 20
156.009766
 40
0.000000
 50
0.000000
  1
# 332
  0
POINT
  8
2
 10
2200.259277
 20
156.009766
  0
TEXT
  8
2
 10
2200.259277
 20
156.009766
 40
0.000000
 50
0.000000
  1
# 333
  0
POINT
  8
3
 10
2200.259277
 20
156.009766
  0
POINT
  8
4
 10
2200.259277
 20
156.009766
 30
1.000000
 50
270.00
  0
TEXT
  8
4
 10
2200.259277
 20
156.009766
 40
0.000000
 50
0.000000
  1
# 334
  0
POLYLINE
  8
11
  66
1
  70
0
  0
VERTEX
  8
1
  10
2200.259277
  20
156.009766
  0
VERTEX
  8
1
  10
2272.617676
  20
156.009766
  0
VERTEX
  8
1
  10
2272.617676
  20
156.009766
  0
SEQEND
  8
11
  0
POINT
  8
2
 10
2200.259277
 20
156.009766
  0
TEXT
  8
2
 10
2200.259277
 20
156.009766
 40
0.000000
 50
0.000000
  1
# 335
  0
POINT
  8
2
 10
2272.617676
 20
156.009766
  0
TEXT
  8
2
 10
2272.617676
 20
156.009766
 40
0.000000
 50
0.000000
  1
# 336
  0
POINT
  8
3
 10
2272.617676
 20
156.009766
  0
POINT
  8
4
 10
2272.617676
 20
156.009766
 30
1.000000
 50
270.00
  0
TEXT
  8
4
 10
2272.617676
 20
156.009766
 40
0.000000
 50
0.000000
  1
# 337
  0
POLYLINE
  8
11
  66
1
  70
0
  0
VERTEX
  8
1
  10
2272.617676
  20
156.009766
  0
VERTEX
  8
1
  10
2324.174805
  20
156.009766
  0
VERTEX
  8
1
  10
2324.174805
  20
156.009766
  0
SEQEND
  8
11
  0
POINT
  8
2
 10
2272.617676
 20
156.009766
  0
TEXT
  8
2
 10
2272.617676
 20
156.009766
 40
0.000000
 50
0.000000
  1
# 338
  0
POINT
  8
2
 10
2324.174805
 20
156.009766
  0
TEXT
  8
2
 10
2324.174805
 20
156.009766
 40
0.000000
 50
0.000000
  1
# 339
  0
POINT
  8
3
 10
2324.174805
 20
156.009766
  0
POINT
  8
4
 10
2324.174805
 20
156.009766
 30
1.000000
 50
270.00
  0
TEXT
  8
4
 10
2324.174805
 20
156.009766
 40
0.000000
 50
0.000000
  1
# 340
  0
POLYLINE
  8
11
  66
1
  70
0
  0
VERTEX
  8
1
  10
2324.174805
  20
156.009766
  0
VERTEX
  8
1
  10
2377.031738
  20
156.009766
  0
VERTEX
  8
1
  10
2377.031738
  20
156.009766
  0
SEQEND
  8
11
  0
POINT
  8
2
 10
2324.174805
 20
156.009766
  0
TEXT
  8
2
 10
2324.174805
 20
156.009766
 40
0.000000
 50
0.000000
  1
# 341
  0
POINT
  8
2
 10
2377.031738
 20
156.009766
  0
TEXT
  8
2
 10
2377.031738
 20
156.009766
 40
0.000000
 50
0.000000
  1
# 342
  0
POINT
  8
3
 10
2377.031738
 20
156.009766
  0
POINT
  8
4
 10
2377.031738
 20
156.009766
 30
1.000000
 50
270.00
  0
TEXT
  8
4
 10
2377.031738
 20
156.009766
 40
0.000000
 50
0.000000
  1
# 343
  0
POLYLINE
  8
11
  66
1
  70
0
  0
VERTEX
  8
1
  10
2377.031738
  20
156.009766
  0
VERTEX
  8
1
  10
2429.889160
  20
156.009766
  0
VERTEX
  8
1
  10
2429.889160
  20
156.009766
  0
SEQEND
  8
11
  0
POINT
  8
2
 10
2377.031738
 20
156.009766
  0
TEXT
  8
2
 10
2377.031738
 20
156.009766
 40
0.000000
 50
0.000000
  1
# 344
  0
POINT
  8
2
 10
2429.889160
 20
156.009766
  0
TEXT
  8
2
 10
2429.889160
 20
156.009766
 40
0.000000
 50
0.000000
  1
# 345
  0
POINT
  8
3
 10
2429.889160
 20
156.009766
  0
POINT
  8
4
 10
2429.889160
 20
156.009766
 30
1.000000
 50
270.00
  0
TEXT
  8
4
 10
2429.889160
 20
156.009766
 40
0.000000
 50
0.000000
  1
# 346
  0
POLYLINE
  8
11
  66
1
  70
0
  0
VERTEX
  8
1
  10
2429.889160
  20
156.009766
  0
VERTEX
  8
1
  10
2481.446289
  20
156.009766
  0
SEQEND
  8
11
  0
POINT
  8
2
 10
2429.889160
 20
156.009766
  0
TEXT
  8
2
 10
2429.889160
 20
156.009766
 40
0.000000
 50
0.000000
  1
# 347
  0
POINT
  8
2
 10
2481.446289
 20
156.009766
  0
TEXT
  8
2
 10
2481.446289
 20
156.009766
 40
0.000000
 50
0.000000
  1
# 348
  0
POLYLINE
  8
11
  66
1
  70
0
  0
VERTEX
  8
1
  10
2481.446289
  20
156.009766
  0
VERTEX
  8
1
  10
2506.572266
  20
156.009766
  0
SEQEND
  8
11
  0
POINT
  8
2
 10
2481.446289
 20
156.009766
  0
TEXT
  8
2
 10
2481.446289
 20
156.009766
 40
0.000000
 50
0.000000
  1
# 349
  0
POINT
  8
2
 10
2506.572266
 20
156.009766
  0
TEXT
  8
2
 10
2506.572266
 20
156.009766
 40
0.000000
 50
0.000000
  1
# 350
  0
POLYLINE
  8
11
  66
1
  70
0
  0
VERTEX
  8
1
  10
2506.572266
  20
156.009766
  0
VERTEX
  8
1
  10
2506.572266
  20
120.001953
  0
SEQEND
  8
11
  0
POINT
  8
2
 10
2506.572266
 20
156.009766
  0
TEXT
  8
2
 10
2506.572266
 20
156.009766
 40
0.000000
 50
0.000000
  1
# 351
  0
POINT
  8
2
 10
2506.572266
 20
120.001953
  0
TEXT
  8
2
 10
2506.572266
 20
120.001953
 40
0.000000
 50
0.000000
  1
# 352
  0
POLYLINE
  8
11
  66
1
  70
0
  0
VERTEX
  8
1
  10
2506.572266
  20
120.001953
  0
VERTEX
  8
1
  10
2506.572266
  20
102.146484
  0
VERTEX
  8
1
  10
2506.572266
  20
102.146484
  0
VERTEX
  8
1
  10
2506.572266
  20
83.990234
  0
SEQEND
  8
11
  0
POINT
  8
2
 10
2506.572266
 20
120.001953
  0
TEXT
  8
2
 10
2506.572266
 20
120.001953
 40
0.000000
 50
0.000000
  1
# 353
  0
POINT
  8
2
 10
2506.572266
 20
83.990234
  0
TEXT
  8
2
 10
2506.572266
 20
83.990234
 40
0.000000
 50
0.000000
  1
# 354
  0
POINT
  8
4
 10
2506.572266
 20
102.146484
 30
1.000000
 50
180.00
  0
TEXT
  8
4
 10
2506.572266
 20
102.146484
 40
0.000000
 50
0.000000
  1
# 355
  0
POLYLINE
  8
11
  66
1
  70
0
  0
VERTEX
  8
1
  10
2506.572266
  20
83.990234
  0
VERTEX
  8
1
  10
2481.446289
  20
83.990234
  0
VERTEX
  8
1
  10
2481.446289
  20
83.990234
  0
SEQEND
  8
11
  0
POINT
  8
2
 10
2506.572266
 20
83.990234
  0
TEXT
  8
2
 10
2506.572266
 20
83.990234
 40
0.000000
 50
0.000000
  1
# 356
  0
POINT
  8
2
 10
2481.446289
 20
83.990234
  0
TEXT
  8
2
 10
2481.446289
 20
83.990234
 40
0.000000
 50
0.000000
  1
# 357
  0
POINT
  8
3
 10
2481.446289
 20
83.990234
  0
POINT
  8
4
 10
2481.446289
 20
83.990234
 30
1.000000
 50
 90.00
  0
TEXT
  8
4
 10
2481.446289
 20
83.990234
 40
0.000000
 50
0.000000
  1
# 358
  0
POLYLINE
  8
11
  66
1
  70
0
  0
VERTEX
  8
1
  10
2481.446289
  20
83.990234
  0
VERTEX
  8
1
  10
2429.889160
  20
83.990234
  0
VERTEX
  8
1
  10
2429.889160
  20
83.990234
  0
SEQEND
  8
11
  0
POINT
  8
2
 10
2481.446289
 20
83.990234
  0
TEXT
  8
2
 10
2481.446289
 20
83.990234
 40
0.000000
 50
0.000000
  1
# 359
  0
POINT
  8
2
 10
2429.889160
 20
83.990234
  0
TEXT
  8
2
 10
2429.889160
 20
83.990234
 40
0.000000
 50
0.000000
  1
# 360
  0
POINT
  8
3
 10
2429.889160
 20
83.990234
  0
POINT
  8
4
 10
2429.889160
 20
83.990234
 30
1.000000
 50
 90.00
  0
TEXT
  8
4
 10
2429.889160
 20
83.990234
 40
0.000000
 50
0.000000
  1
# 361
  0
POLYLINE
  8
11
  66
1
  70
0
  0
VERTEX
  8
1
  10
2429.889160
  20
83.990234
  0
VERTEX
  8
1
  10
2377.031738
  20
83.990234
  0
VERTEX
  8
1
  10
2377.031738
  20
83.990234
  0
SEQEND
  8
11
  0
POINT
  8
2
 10
2429.889160
 20
83.990234
  0
TEXT
  8
2
 10
2429.889160
 20
83.990234
 40
0.000000
 50
0.000000
  1
# 362
  0
POINT
  8
2
 10
2377.031738
 20
83.990234
  0
TEXT
  8
2
 10
2377.031738
 20
83.990234
 40
0.000000
 50
0.000000
  1
# 363
  0
POINT
  8
3
 10
2377.031738
 20
83.990234
  0
POINT
  8
4
 10
2377.031738
 20
83.990234
 30
1.000000
 50
 90.00
  0
TEXT
  8
4
 10
2377.031738
 20
83.990234
 40
0.000000
 50
0.000000
  1
# 364
  0
POLYLINE
  8
11
  66
1
  70
0
  0
VERTEX
  8
1
  10
2377.031738
  20
83.990234
  0
VERTEX
  8
1
  10
2324.174805
  20
83.990234
  0
VERTEX
  8
1
  10
2324.174805
  20
83.990234
  0
SEQEND
  8
11
  0
POINT
  8
2
 10
2377.031738
 20
83.990234
  0
TEXT
  8
2
 10
2377.031738
 20
83.990234
 40
0.000000
 50
0.000000
  1
# 365
  0
POINT
  8
2
 10
2324.174805
 20
83.990234
  0
TEXT
  8
2
 10
2324.174805
 20
83.990234
 40
0.000000
 50
0.000000
  1
# 366
  0
POINT
  8
3
 10
2324.174805
 20
83.990234
  0
POINT
  8
4
 10
2324.174805
 20
83.990234
 30
1.000000
 50
 90.00
  0
TEXT
  8
4
 10
2324.174805
 20
83.990234
 40
0.000000
 50
0.000000
  1
# 367
  0
POLYLINE
  8
11
  66
1
  70
0
  0
VERTEX
  8
1
  10
2324.174805
  20
83.990234
  0
VERTEX
  8
1
  10
2272.617676
  20
83.990234
  0
SEQEND
  8
11
  0
POINT
  8
2
 10
2324.174805
 20
83.990234
  0
TEXT
  8
2
 10
2324.174805
 20
83.990234
 40
0.000000
 50
0.000000
  1
# 368
  0
POINT
  8
2
 10
2272.617676
 20
83.990234
  0
TEXT
  8
2
 10
2272.617676
 20
83.990234
 40
0.000000
 50
0.000000
  1
# 369
  0
POLYLINE
  8
11
  66
1
  70
0
  0
VERTEX
  8
1
  10
2506.572266
  20
120.001953
  0
VERTEX
  8
1
  10
2490.744151
  20
120.001953
  0
VERTEX
  8
1
  10
2481.447439
  20
120.001953
  0
VERTEX
  8
1
  10
2475.367706
  20
120.001953
  0
VERTEX
  8
1
  10
2459.891221
  20
120.001953
  0
VERTEX
  8
1
  10
2444.825245
  20
120.001953
  0
VERTEX
  8
1
  10
2429.887663
  20
120.001953
  0
VERTEX
  8
1
  10
2429.887207
  20
120.001953
  0
VERTEX
  8
1
  10
2413.857991
  20
120.001953
  0
VERTEX
  8
1
  10
2398.440460
  20
120.001953
  0
VERTEX
  8
1
  10
2382.963975
  20
120.001953
  0
VERTEX
  8
1
  10
2377.030377
  20
120.001953
  0
VERTEX
  8
1
  10
2367.633836
  20
120.001953
  0
VERTEX
  8
1
  10
2352.447759
  20
120.001953
  0
VERTEX
  8
1
  10
2336.971275
  20
120.001953
  0
VERTEX
  8
1
  10
2321.494790
  20
120.001953
  0
VERTEX
  8
1
  10
2306.018305
  20
120.001953
  0
VERTEX
  8
1
  10
2290.536688
  20
120.001953
  0
VERTEX
  8
1
  10
2275.060203
  20
120.001953
  0
VERTEX
  8
1
  10
2259.583718
  20
120.001953
  0
VERTEX
  8
1
  10
2244.517129
  20
120.001953
  0
VERTEX
  8
1
  10
2229.040644
  20
120.001953
  0
VERTEX
  8
1
  10
2213.564159
  20
120.001953
  0
VERTEX
  8
1
  10
2198.050058
  20
120.001953
  0
VERTEX
  8
1
  10
2182.946604
  20
120.001953
  0
VERTEX
  8
1
  10
2167.875520
  20
120.001953
  0
VERTEX
  8
1
  10
2153.427734
  20
120.001953
  0
SEQEND
  8
11
  0
POINT
  8
2
 10
2506.572266
 20
120.001953
  0
TEXT
  8
2
 10
2506.572266
 20
120.001953
 40
0.000000
 50
0.000000
  1
# 370
  0
POINT
  8
2
 10
2153.427734
 20
120.001953
  0
TEXT
  8
2
 10
2153.427734
 20
120.001953
 40
0.000000
 50
0.000000
  1
# 371
  0
POINT
  8
3
 10
2490.744151
 20
120.001953
  0
POINT
  8
3
 10
2481.447439
 20
120.001953
  0
POINT
  8
3
 10
2475.367706
 20
120.001953
  0
POINT
  8
3
 10
2459.891221
 20
120.001953
  0
POINT
  8
3
 10
2444.825245
 20
120.001953
  0
POINT
  8
3
 10
2429.887663
 20
120.001953
  0
POINT
  8
3
 10
2429.887207
 20
120.001953
  0
POINT
  8
3
 10
2413.857991
 20
120.001953
  0
POINT
  8
3
 10
2398.440460
 20
120.001953
  0
POINT
  8
3
 10
2382.963975
 20
120.001953
  0
POINT
  8
3
 10
2377.030377
 20
120.001953
  0
POINT
  8
3
 10
2367.633836
 20
120.001953
  0
POINT
  8
3
 10
2352.447759
 20
120.001953
  0
POINT
  8
3
 10
2336.971275
 20
120.001953
  0
POINT
  8
3
 10
2321.494790
 20
120.001953
  0
POINT
  8
3
 10
2306.018305
 20
120.001953
  0
POINT
  8
3
 10
2290.536688
 20
120.001953
  0
POINT
  8
3
 10
2275.060203
 20
120.001953
  0
POINT
  8
3
 10
2259.583718
 20
120.001953
  0
POINT
  8
3
 10
2244.517129
 20
120.001953
  0
POINT
  8
3
 10
2229.040644
 20
120.001953
  0
POINT
  8
3
 10
2213.564159
 20
120.001953
  0
POINT
  8
3
 10
2198.050058
 20
120.001953
  0
POINT
  8
3
 10
2182.946604
 20
120.001953
  0
POINT
  8
3
 10
2167.875520
 20
120.001953
  0
POINT
  8
3
 10
2481.447439
 20
120.001953
  0
TEXT
  8
3
 10
2481.447439
 20
120.001953
 40
0.000000
 50
0.000000
  1
# 372
  0
POINT
  8
3
 10
2429.887663
 20
120.001953
  0
TEXT
  8
3
 10
2429.887663
 20
120.001953
 40
0.000000
 50
0.000000
  1
# 373
  0
POINT
  8
3
 10
2377.030377
 20
120.001953
  0
TEXT
  8
3
 10
2377.030377
 20
120.001953
 40
0.000000
 50
0.000000
  1
# 374
  0
POLYLINE
  8
11
  66
1
  70
0
  0
VERTEX
  8
1
  10
2481.446289
  20
120.001953
  0
VERTEX
  8
1
  10
2377.031738
  20
120.001953
  0
SEQEND
  8
11
  0
POINT
  8
2
 10
2481.446289
 20
120.001953
  0
TEXT
  8
2
 10
2481.446289
 20
120.001953
 40
0.000000
 50
0.000000
  1
# 375
  0
POINT
  8
2
 10
2377.031738
 20
120.001953
  0
TEXT
  8
2
 10
2377.031738
 20
120.001953
 40
0.000000
 50
0.000000
  1
# 376
  0
POLYLINE
  8
11
  66
1
  70
0
  0
VERTEX
  8
1
  10
2377.031738
  20
83.990234
  0
VERTEX
  8
1
  10
2377.031738
  20
83.990234
  0
VERTEX
  8
1
  10
2200.259277
  20
83.990234
  0
VERTEX
  8
1
  10
2200.259277
  20
83.990234
  0
SEQEND
  8
11
  0
POINT
  8
2
 10
2377.031738
 20
83.990234
  0
TEXT
  8
2
 10
2377.031738
 20
83.990234
 40
0.000000
 50
0.000000
  1
# 377
  0
POINT
  8
2
 10
2200.259277
 20
83.990234
  0
TEXT
  8
2
 10
2200.259277
 20
83.990234
 40
0.000000
 50
0.000000
  1
# 378
  0
POINT
  8
3
 10
2377.031738
 20
83.990234
  0
POINT
  8
3
 10
2200.259277
 20
83.990234
  0
POINT
  8
4
 10
2377.031738
 20
83.990234
 30
1.000000
 50
 90.00
  0
TEXT
  8
4
 10
2377.031738
 20
83.990234
 40
0.000000
 50
0.000000
  1
# 379
  0
POINT
  8
4
 10
2200.259277
 20
83.990234
 30
1.000000
 50
 90.00
  0
TEXT
  8
4
 10
2200.259277
 20
83.990234
 40
0.000000
 50
0.000000
  1
# 380
  0
POLYLINE
  8
11
  66
1
  70
0
  0
VERTEX
  8
1
  10
2200.259277
  20
120.001953
  0
VERTEX
  8
1
  10
2272.617676
  20
83.990234
  0
VERTEX
  8
1
  10
2272.617676
  20
83.990234
  0
SEQEND
  8
11
  0
POINT
  8
2
 10
2200.259277
 20
120.001953
  0
TEXT
  8
2
 10
2200.259277
 20
120.001953
 40
0.000000
 50
0.000000
  1
# 381
  0
POINT
  8
2
 10
2272.617676
 20
83.990234
  0
TEXT
  8
2
 10
2272.617676
 20
83.990234
 40
0.000000
 50
0.000000
  1
# 382
  0
POINT
  8
3
 10
2272.617676
 20
83.990234
  0
POINT
  8
4
 10
2272.617676
 20
83.990234
 30
1.000000
 50
 90.00
  0
TEXT
  8
4
 10
2272.617676
 20
83.990234
 40
0.000000
 50
0.000000
  1
# 383
  0
POLYLINE
  8
11
  66
1
  70
0
  0
VERTEX
  8
1
  10
2272.617676
  20
120.001953
  0
VERTEX
  8
1
  10
2324.174805
  20
83.990234
  0
VERTEX
  8
1
  10
2324.174805
  20
83.990234
  0
SEQEND
  8
11
  0
POINT
  8
2
 10
2272.617676
 20
120.001953
  0
TEXT
  8
2
 10
2272.617676
 20
120.001953
 40
0.000000
 50
0.000000
  1
# 384
  0
POINT
  8
2
 10
2324.174805
 20
83.990234
  0
TEXT
  8
2
 10
2324.174805
 20
83.990234
 40
0.000000
 50
0.000000
  1
# 385
  0
POINT
  8
3
 10
2324.174805
 20
83.990234
  0
POINT
  8
4
 10
2324.174805
 20
83.990234
 30
1.000000
 50
 90.00
  0
TEXT
  8
4
 10
2324.174805
 20
83.990234
 40
0.000000
 50
0.000000
  1
# 386
  0
POLYLINE
  8
11
  66
1
  70
0
  0
VERTEX
  8
1
  10
2324.174805
  20
120.001953
  0
VERTEX
  8
1
  10
2429.889160
  20
83.990234
  0
VERTEX
  8
1
  10
2429.889160
  20
83.990234
  0
SEQEND
  8
11
  0
POINT
  8
2
 10
2324.174805
 20
120.001953
  0
TEXT
  8
2
 10
2324.174805
 20
120.001953
 40
0.000000
 50
0.000000
  1
# 387
  0
POINT
  8
2
 10
2429.889160
 20
83.990234
  0
TEXT
  8
2
 10
2429.889160
 20
83.990234
 40
0.000000
 50
0.000000
  1
# 388
  0
POINT
  8
3
 10
2429.889160
 20
83.990234
  0
POINT
  8
4
 10
2429.889160
 20
83.990234
 30
1.000000
 50
 90.00
  0
TEXT
  8
4
 10
2429.889160
 20
83.990234
 40
0.000000
 50
0.000000
  1
# 389
  0
POLYLINE
  8
11
  66
1
  70
0
  0
VERTEX
  8
1
  10
2429.889160
  20
120.001953
  0
VERTEX
  8
1
  10
2481.446289
  20
156.009766
  0
SEQEND
  8
11
  0
POINT
  8
2
 10
2429.889160
 20
120.001953
  0
TEXT
  8
2
 10
2429.889160
 20
120.001953
 40
0.000000
 50
0.000000
  1
# 390
  0
POINT
  8
2
 10
2481.446289
 20
156.009766
  0
TEXT
  8
2
 10
2481.446289
 20
156.009766
 40
0.000000
 50
0.000000
  1
# 391
  0
POLYLINE
  8
11
  66
1
  70
0
  0
VERTEX
  8
1
  10
2481.446289
  20
120.001953
  0
VERTEX
  8
1
  10
2377.031738
  20
120.001953
  0
SEQEND
  8
11
  0
POINT
  8
2
 10
2481.446289
 20
120.001953
  0
TEXT
  8
2
 10
2481.446289
 20
120.001953
 40
0.000000
 50
0.000000
  1
# 392
  0
POINT
  8
2
 10
2377.031738
 20
120.001953
  0
TEXT
  8
2
 10
2377.031738
 20
120.001953
 40
0.000000
 50
0.000000
  1
# 393
  0
POLYLINE
  8
11
  66
1
  70
0
  0
VERTEX
  8
1
  10
2377.031738
  20
156.009766
  0
VERTEX
  8
1
  10
2377.031738
  20
156.009766
  0
VERTEX
  8
1
  10
2200.259277
  20
156.009766
  0
VERTEX
  8
1
  10
2200.259277
  20
156.009766
  0
SEQEND
  8
11
  0
POINT
  8
2
 10
2377.031738
 20
156.009766
  0
TEXT
  8
2
 10
2377.031738
 20
156.009766
 40
0.000000
 50
0.000000
  1
# 394
  0
POINT
  8
2
 10
2200.259277
 20
156.009766
  0
TEXT
  8
2
 10
2200.259277
 20
156.009766
 40
0.000000
 50
0.000000
  1
# 395
  0
POINT
  8
3
 10
2377.031738
 20
156.009766
  0
POINT
  8
3
 10
2200.259277
 20
156.009766
  0
POINT
  8
4
 10
2377.031738
 20
156.009766
 30
1.000000
 50
270.00
  0
TEXT
  8
4
 10
2377.031738
 20
156.009766
 40
0.000000
 50
0.000000
  1
# 396
  0
POINT
  8
4
 10
2200.259277
 20
156.009766
 30
1.000000
 50
270.00
  0
TEXT
  8
4
 10
2200.259277
 20
156.009766
 40
0.000000
 50
0.000000
  1
# 397
  0
POLYLINE
  8
11
  66
1
  70
0
  0
VERTEX
  8
1
  10
2200.259277
  20
120.001953
  0
VERTEX
  8
1
  10
2272.617676
  20
156.009766
  0
VERTEX
  8
1
  10
2272.617676
  20
156.009766
  0
SEQEND
  8
11
  0
POINT
  8
2
 10
2200.259277
 20
120.001953
  0
TEXT
  8
2
 10
2200.259277
 20
120.001953
 40
0.000000
 50
0.000000
  1
# 398
  0
POINT
  8
2
 10
2272.617676
 20
156.009766
  0
TEXT
  8
2
 10
2272.617676
 20
156.009766
 40
0.000000
 50
0.000000
  1
# 399
  0
POINT
  8
3
 10
2272.617676
 20
156.009766
  0
POINT
  8
4
 10
2272.617676
 20
156.009766
 30
1.000000
 50
270.00
  0
TEXT
  8
4
 10
2272.617676
 20
156.009766
 40
0.000000
 50
0.000000
  1
# 400
  0
POLYLINE
  8
11
  66
1
  70
0
  0
VERTEX
  8
1
  10
2272.617676
  20
120.001953
  0
VERTEX
  8
1
  10
2324.174805
  20
156.009766
  0
VERTEX
  8
1
  10
2324.174805
  20
156.009766
  0
SEQEND
  8
11
  0
POINT
  8
2
 10
2272.617676
 20
120.001953
  0
TEXT
  8
2
 10
2272.617676
 20
120.001953
 40
0.000000
 50
0.000000
  1
# 401
  0
POINT
  8
2
 10
2324.174805
 20
156.009766
  0
TEXT
  8
2
 10
2324.174805
 20
156.009766
 40
0.000000
 50
0.000000
  1
# 402
  0
POINT
  8
3
 10
2324.174805
 20
156.009766
  0
POINT
  8
4
 10
2324.174805
 20
156.009766
 30
1.000000
 50
270.00
  0
TEXT
  8
4
 10
2324.174805
 20
156.009766
 40
0.000000
 50
0.000000
  1
# 403
  0
POLYLINE
  8
11
  66
1
  70
0
  0
VERTEX
  8
1
  10
2324.174805
  20
120.001953
  0
VERTEX
  8
1
  10
2429.889160
  20
156.009766
  0
VERTEX
  8
1
  10
2429.889160
  20
156.009766
  0
SEQEND
  8
11
  0
POINT
  8
2
 10
2324.174805
 20
120.001953
  0
TEXT
  8
2
 10
2324.174805
 20
120.001953
 40
0.000000
 50
0.000000
  1
# 404
  0
POINT
  8
2
 10
2429.889160
 20
156.009766
  0
TEXT
  8
2
 10
2429.889160
 20
156.009766
 40
0.000000
 50
0.000000
  1
# 405
  0
POINT
  8
3
 10
2429.889160
 20
156.009766
  0
POINT
  8
4
 10
2429.889160
 20
156.009766
 30
1.000000
 50
270.00
  0
TEXT
  8
4
 10
2429.889160
 20
156.009766
 40
0.000000
 50
0.000000
  1
# 406
 0
LINE
 8
7
 10
2321.390625
 20
140.470703
 11
2321.390625
 21
91.470703
  0
TEXT
  8
1
 10
2330.000000
 20
120.000000
 40
10.000000
 50
0.000000
  1
Piece Name: C2390726.领.M
  0
TEXT
  8
1
 10
2330.000000
 20
135.000000
 40
10.000000
 50
0.000000
  1
Size: M
  0
TEXT
  8
1
 10
2330.000000
 20
150.000000
 40
10.000000
 50
0.000000
  1
Annotation: 面料1X1
  0
TEXT
  8
1
 10
2330.000000
 20
165.000000
 40
10.000000
 50
0.000000
  1
Quantity: 1
  0
TEXT
  8
1
 10
2330.000000
 20
180.000000
 40
10.000000
 50
0.000000
  1
Material: 面料1
  0
TEXT
  8
1
 10
2330.000000
 20
180.000000
 40
10.000000
 50
0.000000
  1
Category: 3
0
ENDBLK
  0
ENDSEC
  0
SECTION
  2
ENTITIES
  0
INSERT
  8
1
  2
C2390726.后身片.M
  10
-3161.373332875
  20
-605.197278621
  0
INSERT
  8
1
  2
C2390726.前身片.M
  10
-2193.840641834
  20
-604.093729988
  0
INSERT
  8
1
  2
C2390726.袖片.M
  10
-2812.051628387
  20
-720.327573156
  0
INSERT
  8
1
  2
C2390726.领.M
  10
-2144.427897281
  20
-825.441409549
  0
TEXT
  8
1
 10
3058.655151
 20
84.802734
 40
10.000000
 50
0.000000
  1
STYLE NAME: ETSYSTEM
  0
TEXT
  8
1
 10
3058.655151
 20
69.802734
 40
10.000000
 50
0.000000
  1
CREATION DATE: 
  0
TEXT
  8
1
 10
3058.655151
 20
54.802734
 40
10.000000
 50
0.000000
  1
AUTHOR: BUYI-TECH
  0
TEXT
  8
1
 10
3058.655151
 20
39.802734
 40
10.000000
 50
0.000000
  1
SAMPLE SIZE: M
  0
TEXT
  8
1
 10
3058.655151
 20
24.802734
 40
10.000000
 50
0.000000
  1
GRADE RULE TABLE: C2390726
  0
TEXT
  8
1
 10
3058.655151
 20
9.802734
 40
10.000000
 50
0.000000
  1
UNITS: METRIC
999
AI4M_WRITEBACK_PHASE=00_INDEX
0
TEXT
8
AI4M_00_INDEX
10
0
20
0
30
0
40
2.5
1
0. AI4M_00_INDEX
1001
AI4MANUFACTURING
1000
WRITEBACK_PHASE=00_INDEX
1000
LAYER=AI4M_00_INDEX
0
TEXT
8
AI4M_00_INDEX
10
0
20
-5
30
0
40
2.5
1
1. AI4M_01_ATOM_NET
1001
AI4MANUFACTURING
1000
WRITEBACK_PHASE=00_INDEX
1000
LAYER=AI4M_01_ATOM_NET
0
TEXT
8
AI4M_00_INDEX
10
0
20
-10
30
0
40
2.5
1
2. AI4M_01_ATOM_CUT
1001
AI4MANUFACTURING
1000
WRITEBACK_PHASE=00_INDEX
1000
LAYER=AI4M_01_ATOM_CUT
0
TEXT
8
AI4M_00_INDEX
10
0
20
-15
30
0
40
2.5
1
3. AI4M_01_ATOM_SEAM_ALLOWANCE
1001
AI4MANUFACTURING
1000
WRITEBACK_PHASE=00_INDEX
1000
LAYER=AI4M_01_ATOM_SEAM_ALLOWANCE
0
TEXT
8
AI4M_00_INDEX
10
0
20
-20
30
0
40
2.5
1
4. AI4M_01_ATOM_STITCH
1001
AI4MANUFACTURING
1000
WRITEBACK_PHASE=00_INDEX
1000
LAYER=AI4M_01_ATOM_STITCH
0
TEXT
8
AI4M_00_INDEX
10
0
20
-25
30
0
40
2.5
1
5. AI4M_01_ATOM_INTERNAL
1001
AI4MANUFACTURING
1000
WRITEBACK_PHASE=00_INDEX
1000
LAYER=AI4M_01_ATOM_INTERNAL
0
TEXT
8
AI4M_00_INDEX
10
0
20
-30
30
0
40
2.5
1
6. AI4M_01_ATOM_FOLD
1001
AI4MANUFACTURING
1000
WRITEBACK_PHASE=00_INDEX
1000
LAYER=AI4M_01_ATOM_FOLD
0
TEXT
8
AI4M_00_INDEX
10
0
20
-35
30
0
40
2.5
1
7. AI4M_01_ATOM_DART
1001
AI4MANUFACTURING
1000
WRITEBACK_PHASE=00_INDEX
1000
LAYER=AI4M_01_ATOM_DART
0
TEXT
8
AI4M_00_INDEX
10
0
20
-40
30
0
40
2.5
1
8. AI4M_01_ATOM_GRAIN
1001
AI4MANUFACTURING
1000
WRITEBACK_PHASE=00_INDEX
1000
LAYER=AI4M_01_ATOM_GRAIN
0
TEXT
8
AI4M_00_INDEX
10
0
20
-45
30
0
40
2.5
1
9. AI4M_01_ATOM_NOTCH
1001
AI4MANUFACTURING
1000
WRITEBACK_PHASE=00_INDEX
1000
LAYER=AI4M_01_ATOM_NOTCH
0
TEXT
8
AI4M_00_INDEX
10
0
20
-50
30
0
40
2.5
1
10. AI4M_02_EDGE_CHAIN
1001
AI4MANUFACTURING
1000
WRITEBACK_PHASE=00_INDEX
1000
LAYER=AI4M_02_EDGE_CHAIN
0
TEXT
8
AI4M_00_INDEX
10
0
20
-55
30
0
40
2.5
1
11. AI4M_03_PIECE
1001
AI4MANUFACTURING
1000
WRITEBACK_PHASE=00_INDEX
1000
LAYER=AI4M_03_PIECE
0
TEXT
8
AI4M_00_INDEX
10
0
20
-60
30
0
40
2.5
1
12. AI4M_04_RELATION
1001
AI4MANUFACTURING
1000
WRITEBACK_PHASE=00_INDEX
1000
LAYER=AI4M_04_RELATION
0
TEXT
8
AI4M_00_INDEX
10
0
20
-65
30
0
40
2.5
1
13. AI4M_05_QA
1001
AI4MANUFACTURING
1000
WRITEBACK_PHASE=00_INDEX
1000
LAYER=AI4M_05_QA
999
AI4M_WRITEBACK_PHASE=01_ATOM
999
AI4M_ENTITY=line_0002__seg_01;LINE_ROLE=pattern_boundary;EDGE=side_seam;SOURCE_LAYER=1
0
POLYLINE
8
AI4M_01_ATOM_NET
66
1
70
0
1001
AI4MANUFACTURING
1000
WRITEBACK_PHASE=01_ATOM
1000
ENTITY_ID=line_0002__seg_01
1000
SOURCE_HANDLE=100
1000
LINE_ROLE=pattern_boundary
1000
EDGE=side_seam
1000
CHAIN=piece_01_top_side_seam
1000
PIECE_ID=piece_01
1000
SEAM_PAIR=
1000
PAIRED_CHAIN=
1000
NOTCH_CHAIN=
1000
NOTCH_SOURCE=
1000
PIECE_ROLE=back_body
1000
SEAM_ALLOWANCE_MM=
1000
SOURCE_LAYER=1
0
VERTEX
8
AI4M_01_ATOM_NET
10
24.64961612499974
20
-527.5976696210937
30
0
0
VERTEX
8
AI4M_01_ATOM_NET
10
24.698444125000606
20
-506.64063762109373
30
0
0
VERTEX
8
AI4M_01_ATOM_NET
10
25.328625125000144
20
-491.43297762109376
30
0
0
VERTEX
8
AI4M_01_ATOM_NET
10
25.95372312499967
20
-476.33959462109374
30
0
0
VERTEX
8
AI4M_01_ATOM_NET
10
26.578003124999668
20
-461.25693662109376
30
0
0
VERTEX
8
AI4M_01_ATOM_NET
10
27.203869124999983
20
-446.0723596210937
30
0
0
VERTEX
8
AI4M_01_ATOM_NET
10
27.791263125000114
20
-430.9656606210938
30
0
0
VERTEX
8
AI4M_01_ATOM_NET
10
28.288416125000367
20
-415.85625762109373
30
0
0
VERTEX
8
AI4M_01_ATOM_NET
10
28.530606124999395
20
-406.58603262109375
30
0
0
VERTEX
8
AI4M_01_ATOM_NET
10
28.68299712499993
20
-400.7529746210937
30
0
0
VERTEX
8
AI4M_01_ATOM_NET
10
29.03629012500005
20
-385.9046686210937
30
0
0
VERTEX
8
AI4M_01_ATOM_NET
10
29.011017124999853
20
-377.46261562109373
30
0
0
VERTEX
8
AI4M_01_ATOM_NET
10
28.75551112500034
20
-370.5040546210937
30
0
0
VERTEX
8
AI4M_01_ATOM_NET
10
28.279947125000035
20
-364.1177626210938
30
0
0
VERTEX
8
AI4M_01_ATOM_NET
10
27.555828124999607
20
-357.79348162109375
30
0
0
VERTEX
8
AI4M_01_ATOM_NET
10
26.525764125000023
20
-351.11831362109376
30
0
0
VERTEX
8
AI4M_01_ATOM_NET
10
25.145434125000065
20
-343.8759646210938
30
0
0
VERTEX
8
AI4M_01_ATOM_NET
10
23.297546124999826
20
-335.5976706210938
30
0
0
VERTEX
8
AI4M_01_ATOM_NET
10
20.9575381249997
20
-326.34066962109375
30
0
0
VERTEX
8
AI4M_01_ATOM_NET
10
17.280763124999794
20
-313.12553062109373
30
0
0
VERTEX
8
AI4M_01_ATOM_NET
10
13.15770212499956
20
-298.5015246210937
30
0
0
VERTEX
8
AI4M_01_ATOM_NET
10
11.591891125000075
20
-292.8982466210937
30
0
0
VERTEX
8
AI4M_01_ATOM_NET
10
9.087913125000341
20
-283.9377266210938
30
0
0
VERTEX
8
AI4M_01_ATOM_NET
10
7.062413125000603
20
-275.6953446210937
30
0
0
VERTEX
8
AI4M_01_ATOM_NET
10
5.14966212499985
20
-266.8904866210937
30
0
0
VERTEX
8
AI4M_01_ATOM_NET
10
3.61070912499963
20
-258.6489046210937
30
0
0
VERTEX
8
AI4M_01_ATOM_NET
10
2.3003031250000276
20
-250.25637962109374
30
0
0
VERTEX
8
AI4M_01_ATOM_NET
10
0.1929941250000411
20
-235.5169816210937
30
0
0
VERTEX
8
AI4M_01_ATOM_NET
10
0.00020212500021443702
20
-234.25782562109373
30
0
0
SEQEND
8
AI4M_01_ATOM_NET
0
TEXT
8
AI4M_01_ATOM_NET
10
24.64961612499974
20
-527.5976696210937
30
0
40
2.5
1
AI4M_line_0002__seg_01_pattern_boundary_side_seam
1001
AI4MANUFACTURING
1000
WRITEBACK_PHASE=01_ATOM_LABEL
1000
ENTITY_ID=line_0002__seg_01
999
AI4M_ENTITY=line_0002__seg_02;LINE_ROLE=pattern_boundary;EDGE=side_seam;SOURCE_LAYER=1
0
POLYLINE
8
AI4M_01_ATOM_NET
66
1
70
0
1001
AI4MANUFACTURING
1000
WRITEBACK_PHASE=01_ATOM
1000
ENTITY_ID=line_0002__seg_02
1000
SOURCE_HANDLE=100
1000
LINE_ROLE=pattern_boundary
1000
EDGE=side_seam
1000
CHAIN=piece_01_top_side_seam
1000
PIECE_ID=piece_01
1000
SEAM_PAIR=
1000
PAIRED_CHAIN=
1000
NOTCH_CHAIN=
1000
NOTCH_SOURCE=
1000
PIECE_ROLE=back_body
1000
SEAM_ALLOWANCE_MM=
1000
SOURCE_LAYER=1
0
VERTEX
8
AI4M_01_ATOM_NET
10
0.00020212500021443702
20
-234.25782562109373
30
0
0
VERTEX
8
AI4M_01_ATOM_NET
10
6.821023124999556
20
-232.02100562109376
30
0
0
VERTEX
8
AI4M_01_ATOM_NET
10
11.6072541249996
20
-230.48282662109375
30
0
0
VERTEX
8
AI4M_01_ATOM_NET
10
15.154312124999706
20
-229.07685462109373
30
0
0
VERTEX
8
AI4M_01_ATOM_NET
10
18.309207124999375
20
-227.57506062109383
30
0
0
VERTEX
8
AI4M_01_ATOM_NET
10
21.08611112499966
20
-225.9927996210938
30
0
0
VERTEX
8
AI4M_01_ATOM_NET
10
23.47652412500065
20
-224.34439262109368
30
0
0
VERTEX
8
AI4M_01_ATOM_NET
10
25.640230125000016
20
-222.54436162109369
30
0
0
VERTEX
8
AI4M_01_ATOM_NET
10
27.792100124999706
20
-220.41874862109375
30
0
0
VERTEX
8
AI4M_01_ATOM_NET
10
29.810203125000044
20
-218.07675662109375
30
0
0
VERTEX
8
AI4M_01_ATOM_NET
10
31.80137412499971
20
-215.36866162109368
30
0
0
VERTEX
8
AI4M_01_ATOM_NET
10
33.58329112499996
20
-212.52448262109374
30
0
0
VERTEX
8
AI4M_01_ATOM_NET
10
35.25400412499948
20
-209.37623862109376
30
0
0
VERTEX
8
AI4M_01_ATOM_NET
10
36.6709111250002
20
-206.18215962109366
30
0
0
VERTEX
8
AI4M_01_ATOM_NET
10
37.89050412500001
20
-202.82406162109373
30
0
0
VERTEX
8
AI4M_01_ATOM_NET
10
38.92097612500038
20
-199.26601162109375
30
0
0
VERTEX
8
AI4M_01_ATOM_NET
10
39.76598912500049
20
-195.45567762109374
30
0
0
VERTEX
8
AI4M_01_ATOM_NET
10
40.44043012499969
20
-191.2086156210937
30
0
0
VERTEX
8
AI4M_01_ATOM_NET
10
40.92755712500002
20
-186.5357166210938
30
0
0
VERTEX
8
AI4M_01_ATOM_NET
10
41.114405124999394
20
-182.4362476210938
30
0
0
VERTEX
8
AI4M_01_ATOM_NET
10
41.10103312499996
20
-178.16417562109382
30
0
0
VERTEX
8
AI4M_01_ATOM_NET
10
41.0825951249999
20
-172.27333462109368
30
0
0
VERTEX
8
AI4M_01_ATOM_NET
10
40.71529012500014
20
-166.23553362109374
30
0
0
VERTEX
8
AI4M_01_ATOM_NET
10
39.78193612500036
20
-155.68469962109373
30
0
0
VERTEX
8
AI4M_01_ATOM_NET
10
38.84994412500055
20
-147.7562666210938
30
0
0
VERTEX
8
AI4M_01_ATOM_NET
10
37.71214612499989
20
-140.1546776210937
30
0
0
VERTEX
8
AI4M_01_ATOM_NET
10
36.06915212500007
20
-131.03148762109367
30
0
0
VERTEX
8
AI4M_01_ATOM_NET
10
33.605964124999446
20
-118.91652962109379
30
0
0
VERTEX
8
AI4M_01_ATOM_NET
10
30.394406125000387
20
-104.24132162109368
30
0
0
VERTEX
8
AI4M_01_ATOM_NET
10
27.1078111249999
20
-90.03210462109382
30
0
0
VERTEX
8
AI4M_01_ATOM_NET
10
24.093137124999885
20
-78.04217962109374
30
0
0
VERTEX
8
AI4M_01_ATOM_NET
10
20.596319125000264
20
-65.2214116210937
30
0
0
VERTEX
8
AI4M_01_ATOM_NET
10
16.543059125000582
20
-50.73566562109363
30
0
0
VERTEX
8
AI4M_01_ATOM_NET
10
14.543171125000299
20
-43.41407562109384
30
0
0
SEQEND
8
AI4M_01_ATOM_NET
0
TEXT
8
AI4M_01_ATOM_NET
10
0.00020212500021443702
20
-234.25782562109373
30
0
40
2.5
1
AI4M_line_0002__seg_02_pattern_boundary_side_seam
1001
AI4MANUFACTURING
1000
WRITEBACK_PHASE=01_ATOM_LABEL
1000
ENTITY_ID=line_0002__seg_02
999
AI4M_ENTITY=line_0002__seg_03;LINE_ROLE=pattern_boundary;EDGE=side_seam;SOURCE_LAYER=1
0
POLYLINE
8
AI4M_01_ATOM_NET
66
1
70
0
1001
AI4MANUFACTURING
1000
WRITEBACK_PHASE=01_ATOM
1000
ENTITY_ID=line_0002__seg_03
1000
SOURCE_HANDLE=100
1000
LINE_ROLE=pattern_boundary
1000
EDGE=side_seam
1000
CHAIN=piece_01_top_side_seam
1000
PIECE_ID=piece_01
1000
SEAM_PAIR=
1000
PAIRED_CHAIN=
1000
NOTCH_CHAIN=
1000
NOTCH_SOURCE=
1000
PIECE_ROLE=back_body
1000
SEAM_ALLOWANCE_MM=
1000
SOURCE_LAYER=1
0
VERTEX
8
AI4M_01_ATOM_NET
10
14.543171125000299
20
-43.41407562109384
30
0
0
VERTEX
8
AI4M_01_ATOM_NET
10
127.07783912500054
20
-0.00001262109367416997
30
0
0
SEQEND
8
AI4M_01_ATOM_NET
0
TEXT
8
AI4M_01_ATOM_NET
10
14.543171125000299
20
-43.41407562109384
30
0
40
2.5
1
AI4M_line_0002__seg_03_pattern_boundary_side_seam
1001
AI4MANUFACTURING
1000
WRITEBACK_PHASE=01_ATOM_LABEL
1000
ENTITY_ID=line_0002__seg_03
999
AI4M_ENTITY=line_0002__seg_04;LINE_ROLE=pattern_boundary;EDGE=side_seam;SOURCE_LAYER=1
0
POLYLINE
8
AI4M_01_ATOM_NET
66
1
70
0
1001
AI4MANUFACTURING
1000
WRITEBACK_PHASE=01_ATOM
1000
ENTITY_ID=line_0002__seg_04
1000
SOURCE_HANDLE=100
1000
LINE_ROLE=pattern_boundary
1000
EDGE=side_seam
1000
CHAIN=piece_01_top_side_seam
1000
PIECE_ID=piece_01
1000
SEAM_PAIR=
1000
PAIRED_CHAIN=
1000
NOTCH_CHAIN=
1000
NOTCH_SOURCE=
1000
PIECE_ROLE=back_body
1000
SEAM_ALLOWANCE_MM=
1000
SOURCE_LAYER=1
0
VERTEX
8
AI4M_01_ATOM_NET
10
127.07783912500054
20
-0.00001262109367416997
30
0
0
VERTEX
8
AI4M_01_ATOM_NET
10
130.83484412500002
20
-5.174651621093744
30
0
0
VERTEX
8
AI4M_01_ATOM_NET
10
134.6027601250007
20
-10.674868621093765
30
0
0
VERTEX
8
AI4M_01_ATOM_NET
10
137.37689812499957
20
-14.033888621093638
30
0
0
VERTEX
8
AI4M_01_ATOM_NET
10
138.72076212499996
20
-15.661085621093662
30
0
0
VERTEX
8
AI4M_01_ATOM_NET
10
140.6759511250002
20
-17.55688662109378
30
0
0
VERTEX
8
AI4M_01_ATOM_NET
10
142.97863012500056
20
-19.453396621093816
30
0
0
VERTEX
8
AI4M_01_ATOM_NET
10
145.16340912499982
20
-20.93198862109375
30
0
0
VERTEX
8
AI4M_01_ATOM_NET
10
147.86277312499988
20
-22.453535621093806
30
0
0
VERTEX
8
AI4M_01_ATOM_NET
10
150.20275412499996
20
-23.511798621093703
30
0
0
SEQEND
8
AI4M_01_ATOM_NET
0
TEXT
8
AI4M_01_ATOM_NET
10
127.07783912500054
20
-0.00001262109367416997
30
0
40
2.5
1
AI4M_line_0002__seg_04_pattern_boundary_side_seam
1001
AI4MANUFACTURING
1000
WRITEBACK_PHASE=01_ATOM_LABEL
1000
ENTITY_ID=line_0002__seg_04
999
AI4M_ENTITY=line_0002__seg_05;LINE_ROLE=pattern_boundary;EDGE=side_seam;SOURCE_LAYER=1
0
POLYLINE
8
AI4M_01_ATOM_NET
66
1
70
0
1001
AI4MANUFACTURING
1000
WRITEBACK_PHASE=01_ATOM
1000
ENTITY_ID=line_0002__seg_05
1000
SOURCE_HANDLE=100
1000
LINE_ROLE=pattern_boundary
1000
EDGE=side_seam
1000
CHAIN=piece_01_top_side_seam
1000
PIECE_ID=piece_01
1000
SEAM_PAIR=
1000
PAIRED_CHAIN=
1000
NOTCH_CHAIN=
1000
NOTCH_SOURCE=
1000
PIECE_ROLE=back_body
1000
SEAM_ALLOWANCE_MM=
1000
SOURCE_LAYER=1
0
VERTEX
8
AI4M_01_ATOM_NET
10
150.20275412499996
20
-23.511798621093703
30
0
0
VERTEX
8
AI4M_01_ATOM_NET
10
152.2316281250005
20
-24.251026621093843
30
0
0
VERTEX
8
AI4M_01_ATOM_NET
10
155.4645691250007
20
-25.428961621093777
30
0
0
VERTEX
8
AI4M_01_ATOM_NET
10
159.16047912500017
20
-26.374570621093653
30
0
0
VERTEX
8
AI4M_01_ATOM_NET
10
163.63936212499993
20
-27.27735662109376
30
0
0
VERTEX
8
AI4M_01_ATOM_NET
10
168.30038712500027
20
-27.949000621093774
30
0
0
VERTEX
8
AI4M_01_ATOM_NET
10
173.82464312499997
20
-28.473942621093784
30
0
0
VERTEX
8
AI4M_01_ATOM_NET
10
179.74629212499985
20
-28.783454621093824
30
0
0
VERTEX
8
AI4M_01_ATOM_NET
10
190.63670812500004
20
-28.965398621093755
30
0
0
VERTEX
8
AI4M_01_ATOM_NET
10
205.60498212499988
20
-29.039104621093657
30
0
0
VERTEX
8
AI4M_01_ATOM_NET
10
208.6261791249999
20
-29.039075621093843
30
0
0
VERTEX
8
AI4M_01_ATOM_NET
10
223.8232501250004
20
-28.988979621093677
30
0
0
VERTEX
8
AI4M_01_ATOM_NET
10
237.03887612499966
20
-28.79815362109366
30
0
0
VERTEX
8
AI4M_01_ATOM_NET
10
243.15008112499982
20
-28.494775621093822
30
0
0
VERTEX
8
AI4M_01_ATOM_NET
10
248.62462212500031
20
-27.986166621093844
30
0
0
VERTEX
8
AI4M_01_ATOM_NET
10
253.48810712500017
20
-27.298612621093753
30
0
0
VERTEX
8
AI4M_01_ATOM_NET
10
257.7749431249995
20
-26.453477621093725
30
0
0
VERTEX
8
AI4M_01_ATOM_NET
10
261.59743612500006
20
-25.462156621093754
30
0
0
VERTEX
8
AI4M_01_ATOM_NET
10
265.06387212499976
20
-24.314460621093758
30
0
0
VERTEX
8
AI4M_01_ATOM_NET
10
268.15117012500014
20
-23.035057621093756
30
0
0
VERTEX
8
AI4M_01_ATOM_NET
10
270.9360081249997
20
-21.614636621093723
30
0
0
VERTEX
8
AI4M_01_ATOM_NET
10
273.3160841250001
20
-20.139203621093657
30
0
0
VERTEX
8
AI4M_01_ATOM_NET
10
275.4178681249996
20
-18.552198621093794
30
0
0
VERTEX
8
AI4M_01_ATOM_NET
10
277.6950351249998
20
-16.516520621093832
30
0
0
VERTEX
8
AI4M_01_ATOM_NET
10
279.3697911250001
20
-14.707576621093722
30
0
0
VERTEX
8
AI4M_01_ATOM_NET
10
279.89755912500004
20
-14.051841621093672
30
0
0
VERTEX
8
AI4M_01_ATOM_NET
10
283.0448651249999
20
-10.14141262109365
30
0
0
VERTEX
8
AI4M_01_ATOM_NET
10
288.3913351249994
20
-2.3935796210937497
30
0
0
VERTEX
8
AI4M_01_ATOM_NET
10
290.17500712499987
20
-0.00001262109367416997
30
0
0
SEQEND
8
AI4M_01_ATOM_NET
0
TEXT
8
AI4M_01_ATOM_NET
10
150.20275412499996
20
-23.511798621093703
30
0
40
2.5
1
AI4M_line_0002__seg_05_pattern_boundary_side_seam
1001
AI4MANUFACTURING
1000
WRITEBACK_PHASE=01_ATOM_LABEL
1000
ENTITY_ID=line_0002__seg_05
999
AI4M_ENTITY=line_0002__seg_06;LINE_ROLE=pattern_boundary;EDGE=side_seam;SOURCE_LAYER=1
0
POLYLINE
8
AI4M_01_ATOM_NET
66
1
70
0
1001
AI4MANUFACTURING
1000
WRITEBACK_PHASE=01_ATOM
1000
ENTITY_ID=line_0002__seg_06
1000
SOURCE_HANDLE=100
1000
LINE_ROLE=pattern_boundary
1000
EDGE=side_seam
1000
CHAIN=piece_01_top_side_seam
1000
PIECE_ID=piece_01
1000
SEAM_PAIR=
1000
PAIRED_CHAIN=
1000
NOTCH_CHAIN=
1000
NOTCH_SOURCE=
1000
PIECE_ROLE=back_body
1000
SEAM_ALLOWANCE_MM=
1000
SOURCE_LAYER=1
0
VERTEX
8
AI4M_01_ATOM_NET
10
290.17500712499987
20
-0.00001262109367416997
30
0
0
VERTEX
8
AI4M_01_ATOM_NET
10
402.7101631250007
20
-43.41407562109384
30
0
0
SEQEND
8
AI4M_01_ATOM_NET
0
TEXT
8
AI4M_01_ATOM_NET
10
290.17500712499987
20
-0.00001262109367416997
30
0
40
2.5
1
AI4M_line_0002__seg_06_pattern_boundary_side_seam
1001
AI4MANUFACTURING
1000
WRITEBACK_PHASE=01_ATOM_LABEL
1000
ENTITY_ID=line_0002__seg_06
999
AI4M_ENTITY=line_0002__seg_07;LINE_ROLE=pattern_boundary;EDGE=side_seam;SOURCE_LAYER=1
0
POLYLINE
8
AI4M_01_ATOM_NET
66
1
70
0
1001
AI4MANUFACTURING
1000
WRITEBACK_PHASE=01_ATOM
1000
ENTITY_ID=line_0002__seg_07
1000
SOURCE_HANDLE=100
1000
LINE_ROLE=pattern_boundary
1000
EDGE=side_seam
1000
CHAIN=piece_01_top_side_seam
1000
PIECE_ID=piece_01
1000
SEAM_PAIR=
1000
PAIRED_CHAIN=
1000
NOTCH_CHAIN=
1000
NOTCH_SOURCE=
1000
PIECE_ROLE=back_body
1000
SEAM_ALLOWANCE_MM=
1000
SOURCE_LAYER=1
0
VERTEX
8
AI4M_01_ATOM_NET
10
402.7101631250007
20
-43.41407562109384
30
0
0
VERTEX
8
AI4M_01_ATOM_NET
10
398.6810081250005
20
-58.02759362109373
30
0
0
VERTEX
8
AI4M_01_ATOM_NET
10
394.6336321250001
20
-72.52366162109365
30
0
0
VERTEX
8
AI4M_01_ATOM_NET
10
391.5539311249995
20
-84.30434462109383
30
0
0
VERTEX
8
AI4M_01_ATOM_NET
10
388.57123712500015
20
-96.70223762109367
30
0
0
VERTEX
8
AI4M_01_ATOM_NET
10
385.2611531250004
20
-111.45778762109376
30
0
0
VERTEX
8
AI4M_01_ATOM_NET
10
382.19293712499984
20
-125.91797662109377
30
0
0
VERTEX
8
AI4M_01_ATOM_NET
10
380.1780531250006
20
-136.44877262109367
30
0
0
VERTEX
8
AI4M_01_ATOM_NET
10
378.85493812499953
20
-144.53608162109367
30
0
0
VERTEX
8
AI4M_01_ATOM_NET
10
377.8423041249998
20
-152.26440362109372
30
0
0
VERTEX
8
AI4M_01_ATOM_NET
10
376.9714541249996
20
-160.9807246210937
30
0
0
VERTEX
8
AI4M_01_ATOM_NET
10
376.26286012499986
20
-170.28524062109375
30
0
0
VERTEX
8
AI4M_01_ATOM_NET
10
376.1095771250002
20
-175.09376262109367
30
0
0
VERTEX
8
AI4M_01_ATOM_NET
10
376.14373612500003
20
-178.16383262109366
30
0
0
VERTEX
8
AI4M_01_ATOM_NET
10
376.2181681250004
20
-184.85337262109374
30
0
0
VERTEX
8
AI4M_01_ATOM_NET
10
376.56537212500007
20
-189.1408096210937
30
0
0
VERTEX
8
AI4M_01_ATOM_NET
10
377.1845531250001
20
-193.74231862109377
30
0
0
VERTEX
8
AI4M_01_ATOM_NET
10
377.9524661249998
20
-197.69265562109376
30
0
0
VERTEX
8
AI4M_01_ATOM_NET
10
378.9020581250006
20
-201.33985662109376
30
0
0
VERTEX
8
AI4M_01_ATOM_NET
10
380.08946812500017
20
-204.91070362109372
30
0
0
VERTEX
8
AI4M_01_ATOM_NET
10
381.45058812500065
20
-208.2103346210938
30
0
0
VERTEX
8
AI4M_01_ATOM_NET
10
383.0431821250004
20
-211.40848962109374
30
0
0
VERTEX
8
AI4M_01_ATOM_NET
10
384.78737012500005
20
-214.36159662109367
30
0
0
VERTEX
8
AI4M_01_ATOM_NET
10
386.70334812500005
20
-217.1219446210937
30
0
0
VERTEX
8
AI4M_01_ATOM_NET
10
388.7375621249994
20
-219.62112262109372
30
0
0
VERTEX
8
AI4M_01_ATOM_NET
10
390.8751161250002
20
-221.85590562109383
30
0
0
VERTEX
8
AI4M_01_ATOM_NET
10
393.04121012500036
20
-223.76841862109382
30
0
0
VERTEX
8
AI4M_01_ATOM_NET
10
395.3086541249995
20
-225.4370096210937
30
0
0
VERTEX
8
AI4M_01_ATOM_NET
10
397.834046125
20
-226.9772636210937
30
0
0
VERTEX
8
AI4M_01_ATOM_NET
10
400.90152512500026
20
-228.53834662109375
30
0
0
VERTEX
8
AI4M_01_ATOM_NET
10
404.33674812500067
20
-229.99524562109377
30
0
0
VERTEX
8
AI4M_01_ATOM_NET
10
407.9374131250006
20
-231.2555876210938
30
0
0
VERTEX
8
AI4M_01_ATOM_NET
10
415.2481701249999
20
-233.56785362109372
30
0
0
VERTEX
8
AI4M_01_ATOM_NET
10
417.25313212499987
20
-234.25782562109373
30
0
0
SEQEND
8
AI4M_01_ATOM_NET
0
TEXT
8
AI4M_01_ATOM_NET
10
402.7101631250007
20
-43.41407562109384
30
0
40
2.5
1
AI4M_line_0002__seg_07_pattern_boundary_side_seam
1001
AI4MANUFACTURING
1000
WRITEBACK_PHASE=01_ATOM_LABEL
1000
ENTITY_ID=line_0002__seg_07
999
AI4M_ENTITY=line_0002__seg_08;LINE_ROLE=pattern_boundary;EDGE=side_seam;SOURCE_LAYER=1
0
POLYLINE
8
AI4M_01_ATOM_NET
66
1
70
0
1001
AI4MANUFACTURING
1000
WRITEBACK_PHASE=01_ATOM
1000
ENTITY_ID=line_0002__seg_08
1000
SOURCE_HANDLE=100
1000
LINE_ROLE=pattern_boundary
1000
EDGE=side_seam
1000
CHAIN=piece_01_top_side_seam
1000
PIECE_ID=piece_01
1000
SEAM_PAIR=
1000
PAIRED_CHAIN=
1000
NOTCH_CHAIN=
1000
NOTCH_SOURCE=
1000
PIECE_ROLE=back_body
1000
SEAM_ALLOWANCE_MM=
1000
SOURCE_LAYER=1
0
VERTEX
8
AI4M_01_ATOM_NET
10
417.25313212499987
20
-234.25782562109373
30
0
0
VERTEX
8
AI4M_01_ATOM_NET
10
415.23485212500054
20
-248.2483356210937
30
0
0
VERTEX
8
AI4M_01_ATOM_NET
10
413.8635501250001
20
-257.3343036210938
30
0
0
VERTEX
8
AI4M_01_ATOM_NET
10
412.39410512500035
20
-265.4310696210937
30
0
0
VERTEX
8
AI4M_01_ATOM_NET
10
410.57950212499964
20
-273.9934756210937
30
0
0
VERTEX
8
AI4M_01_ATOM_NET
10
408.49544312499984
20
-282.6614406210938
30
0
0
VERTEX
8
AI4M_01_ATOM_NET
10
406.33659312500004
20
-290.58653362109374
30
0
0
VERTEX
8
AI4M_01_ATOM_NET
10
405.68320012500044
20
-292.9041356210937
30
0
0
VERTEX
8
AI4M_01_ATOM_NET
10
402.2287651249999
20
-305.15711962109367
30
0
0
VERTEX
8
AI4M_01_ATOM_NET
10
398.1164911249998
20
-319.6876266210937
30
0
0
VERTEX
8
AI4M_01_ATOM_NET
10
395.2729811250001
20
-330.2623366210937
30
0
0
VERTEX
8
AI4M_01_ATOM_NET
10
393.17460712499997
20
-338.95621462109375
30
0
0
VERTEX
8
AI4M_01_ATOM_NET
10
391.5316811249995
20
-346.7416236210938
30
0
0
VERTEX
8
AI4M_01_ATOM_NET
10
390.28413312500015
20
-353.7881386210937
30
0
0
VERTEX
8
AI4M_01_ATOM_NET
10
389.3795211249999
20
-360.3025066210937
30
0
0
VERTEX
8
AI4M_01_ATOM_NET
10
388.7665441250001
20
-366.49602762109373
30
0
0
VERTEX
8
AI4M_01_ATOM_NET
10
388.37221712500013
20
-373.1151986210938
30
0
0
VERTEX
8
AI4M_01_ATOM_NET
10
388.20401912499983
20
-380.31283762109376
30
0
0
VERTEX
8
AI4M_01_ATOM_NET
10
388.2700501250001
20
-389.39723162109374
30
0
0
VERTEX
8
AI4M_01_ATOM_NET
10
388.67497812500005
20
-404.50997962109375
30
0
0
VERTEX
8
AI4M_01_ATOM_NET
10
388.73025212500033
20
-406.5858796210937
30
0
0
VERTEX
8
AI4M_01_ATOM_NET
10
389.0800721249998
20
-419.7238546210938
30
0
0
VERTEX
8
AI4M_01_ATOM_NET
10
389.6058221250005
20
-434.83242462109376
30
0
0
VERTEX
8
AI4M_01_ATOM_NET
10
390.2075671250004
20
-449.93865062109376
30
0
0
VERTEX
8
AI4M_01_ATOM_NET
10
390.83431912500055
20
-465.0996896210937
30
0
0
VERTEX
8
AI4M_01_ATOM_NET
10
391.4549381249999
20
-480.0962906210938
30
0
0
VERTEX
8
AI4M_01_ATOM_NET
10
392.07498312499956
20
-495.07443362109376
30
0
0
VERTEX
8
AI4M_01_ATOM_NET
10
392.5539131250007
20
-506.64063762109373
30
0
0
VERTEX
8
AI4M_01_ATOM_NET
10
392.60274112499974
20
-527.5976696210937
30
0
0
SEQEND
8
AI4M_01_ATOM_NET
0
TEXT
8
AI4M_01_ATOM_NET
10
417.25313212499987
20
-234.25782562109373
30
0
40
2.5
1
AI4M_line_0002__seg_08_pattern_boundary_side_seam
1001
AI4MANUFACTURING
1000
WRITEBACK_PHASE=01_ATOM_LABEL
1000
ENTITY_ID=line_0002__seg_08
999
AI4M_ENTITY=line_0002__seg_09;LINE_ROLE=pattern_boundary;EDGE=side_seam;SOURCE_LAYER=1
0
POLYLINE
8
AI4M_01_ATOM_NET
66
1
70
0
1001
AI4MANUFACTURING
1000
WRITEBACK_PHASE=01_ATOM
1000
ENTITY_ID=line_0002__seg_09
1000
SOURCE_HANDLE=100
1000
LINE_ROLE=pattern_boundary
1000
EDGE=side_seam
1000
CHAIN=piece_01_top_side_seam
1000
PIECE_ID=piece_01
1000
SEAM_PAIR=
1000
PAIRED_CHAIN=
1000
NOTCH_CHAIN=
1000
NOTCH_SOURCE=
1000
PIECE_ROLE=back_body
1000
SEAM_ALLOWANCE_MM=
1000
SOURCE_LAYER=1
0
VERTEX
8
AI4M_01_ATOM_NET
10
392.60274112499974
20
-527.5976696210937
30
0
0
VERTEX
8
AI4M_01_ATOM_NET
10
376.71330512500026
20
-528.1083476210938
30
0
0
VERTEX
8
AI4M_01_ATOM_NET
10
360.8793721250004
20
-528.5630596210938
30
0
0
VERTEX
8
AI4M_01_ATOM_NET
10
345.416260125
20
-528.9490346210937
30
0
0
VERTEX
8
AI4M_01_ATOM_NET
10
330.27497412499997
20
-529.2561216210937
30
0
0
VERTEX
8
AI4M_01_ATOM_NET
10
314.4249681250003
20
-529.5114136210938
30
0
0
VERTEX
8
AI4M_01_ATOM_NET
10
298.57410012499986
20
-529.7226166210937
30
0
0
VERTEX
8
AI4M_01_ATOM_NET
10
283.04752712499976
20
-529.9087726210937
30
0
0
VERTEX
8
AI4M_01_ATOM_NET
10
267.19633112500014
20
-530.0810416210937
30
0
0
VERTEX
8
AI4M_01_ATOM_NET
10
251.34496712500004
20
-530.2225466210937
30
0
0
VERTEX
8
AI4M_01_ATOM_NET
10
236.23358612499942
20
-530.3168036210938
30
0
0
VERTEX
8
AI4M_01_ATOM_NET
10
220.94402512499983
20
-530.3723786210937
30
0
0
VERTEX
8
AI4M_01_ATOM_NET
10
208.6261791249999
20
-530.3945446210937
30
0
0
VERTEX
8
AI4M_01_ATOM_NET
10
192.6096541249999
20
-530.3618816210937
30
0
0
VERTEX
8
AI4M_01_ATOM_NET
10
176.6248101250003
20
-530.2940236210937
30
0
0
VERTEX
8
AI4M_01_ATOM_NET
10
160.78467812500003
20
-530.1809946210938
30
0
0
VERTEX
8
AI4M_01_ATOM_NET
10
144.9333821250002
20
-530.0280826210937
30
0
0
VERTEX
8
AI4M_01_ATOM_NET
10
129.0822151249995
20
-529.8487326210937
30
0
0
VERTEX
8
AI4M_01_ATOM_NET
10
113.95111512499989
20
-529.6628146210937
30
0
0
VERTEX
8
AI4M_01_ATOM_NET
10
98.1004401250002
20
-529.4409696210937
30
0
0
VERTEX
8
AI4M_01_ATOM_NET
10
82.25081112499993
20
-529.1678866210938
30
0
0
VERTEX
8
AI4M_01_ATOM_NET
10
66.7567671249999
20
-528.8295406210938
30
0
0
VERTEX
8
AI4M_01_ATOM_NET
10
51.67657112500001
20
-528.4338656210937
30
0
0
VERTEX
8
AI4M_01_ATOM_NET
10
36.86533412500012
20
-527.9953286210937
30
0
0
VERTEX
8
AI4M_01_ATOM_NET
10
24.64961612499974
20
-527.5976696210937
30
0
0
SEQEND
8
AI4M_01_ATOM_NET
0
TEXT
8
AI4M_01_ATOM_NET
10
392.60274112499974
20
-527.5976696210937
30
0
40
2.5
1
AI4M_line_0002__seg_09_pattern_boundary_side_seam
1001
AI4MANUFACTURING
1000
WRITEBACK_PHASE=01_ATOM_LABEL
1000
ENTITY_ID=line_0002__seg_09
999
AI4M_ENTITY=line_0821__seg_01;LINE_ROLE=net_boundary;EDGE=back_neckline;SOURCE_LAYER=1
0
POLYLINE
8
AI4M_01_ATOM_NET
66
1
70
0
1001
AI4MANUFACTURING
1000
WRITEBACK_PHASE=01_ATOM
1000
ENTITY_ID=line_0821__seg_01
1000
SOURCE_HANDLE=102
1000
LINE_ROLE=net_boundary
1000
EDGE=back_neckline
1000
CHAIN=piece_02_top_back_neckline
1000
PIECE_ID=piece_02
1000
SEAM_PAIR=
1000
PAIRED_CHAIN=
1000
NOTCH_CHAIN=
1000
NOTCH_SOURCE=
1000
PIECE_ROLE=front_body
1000
SEAM_ALLOWANCE_MM=
1000
SOURCE_LAYER=1
0
VERTEX
8
AI4M_01_ATOM_NET
10
453.4303541658355
20
-516.5624799882812
30
0
0
VERTEX
8
AI4M_01_ATOM_NET
10
456.1305491658359
20
-495.81247998828127
30
0
0
VERTEX
8
AI4M_01_ATOM_NET
10
456.6649661658348
20
-480.61858698828127
30
0
0
VERTEX
8
AI4M_01_ATOM_NET
10
457.1929991658353
20
-465.3264969882813
30
0
0
VERTEX
8
AI4M_01_ATOM_NET
10
457.7081061658355
20
-450.10059698828127
30
0
0
VERTEX
8
AI4M_01_ATOM_NET
10
458.204373165835
20
-435.04068998828126
30
0
0
VERTEX
8
AI4M_01_ATOM_NET
10
458.69419416583514
20
-419.8486489882813
30
0
0
VERTEX
8
AI4M_01_ATOM_NET
10
459.1801021658348
20
-404.65648898828124
30
0
0
VERTEX
8
AI4M_01_ATOM_NET
10
459.46433016583524
20
-396.0977889882813
30
0
0
VERTEX
8
AI4M_01_ATOM_NET
10
459.6790131658354
20
-389.6332229882812
30
0
0
VERTEX
8
AI4M_01_ATOM_NET
10
460.06512016583565
20
-376.73826098828124
30
0
0
VERTEX
8
AI4M_01_ATOM_NET
10
460.0924281658354
20
-367.7810249882813
30
0
0
VERTEX
8
AI4M_01_ATOM_NET
10
459.87894316583515
20
-360.02490598828126
30
0
0
VERTEX
8
AI4M_01_ATOM_NET
10
459.4540091658355
20
-353.2303999882813
30
0
0
VERTEX
8
AI4M_01_ATOM_NET
10
458.7805581658349
20
-346.5425959882813
30
0
0
VERTEX
8
AI4M_01_ATOM_NET
10
457.8138781658354
20
-339.5517389882813
30
0
0
VERTEX
8
AI4M_01_ATOM_NET
10
456.482469165835
20
-331.8349169882813
30
0
0
VERTEX
8
AI4M_01_ATOM_NET
10
454.57397416583535
20
-322.3871069882813
30
0
0
VERTEX
8
AI4M_01_ATOM_NET
10
451.9241221658349
20
-310.6817359882813
30
0
0
VERTEX
8
AI4M_01_ATOM_NET
10
448.41465216583583
20
-295.8904699882812
30
0
0
VERTEX
8
AI4M_01_ATOM_NET
10
446.05759716583543
20
-285.29372898828126
30
0
0
VERTEX
8
AI4M_01_ATOM_NET
10
444.0972771658353
20
-275.47222198828126
30
0
0
VERTEX
8
AI4M_01_ATOM_NET
10
443.0878231658353
20
-270.4147039882812
30
0
0
VERTEX
8
AI4M_01_ATOM_NET
10
441.88661416583545
20
-263.4196539882812
30
0
0
VERTEX
8
AI4M_01_ATOM_NET
10
440.57412316583486
20
-254.07105298828128
30
0
0
VERTEX
8
AI4M_01_ATOM_NET
10
439.58010316583477
20
-245.27329198828124
30
0
0
VERTEX
8
AI4M_01_ATOM_NET
10
438.85323316583526
20
-236.6177389882812
30
0
0
VERTEX
8
AI4M_01_ATOM_NET
10
437.9563581658358
20
-221.54219398828127
30
0
0
VERTEX
8
AI4M_01_ATOM_NET
10
437.5294751658357
20
-215.2148239882813
30
0
0
SEQEND
8
AI4M_01_ATOM_NET
0
TEXT
8
AI4M_01_ATOM_NET
10
453.4303541658355
20
-516.5624799882812
30
0
40
2.5
1
AI4M_line_0821__seg_01_net_boundary_back_neckline
1001
AI4MANUFACTURING
1000
WRITEBACK_PHASE=01_ATOM_LABEL
1000
ENTITY_ID=line_0821__seg_01
999
AI4M_ENTITY=line_0821__seg_02;LINE_ROLE=net_boundary;EDGE=back_neckline;SOURCE_LAYER=1
0
POLYLINE
8
AI4M_01_ATOM_NET
66
1
70
0
1001
AI4MANUFACTURING
1000
WRITEBACK_PHASE=01_ATOM
1000
ENTITY_ID=line_0821__seg_02
1000
SOURCE_HANDLE=102
1000
LINE_ROLE=net_boundary
1000
EDGE=back_neckline
1000
CHAIN=piece_02_top_back_neckline
1000
PIECE_ID=piece_02
1000
SEAM_PAIR=
1000
PAIRED_CHAIN=
1000
NOTCH_CHAIN=
1000
NOTCH_SOURCE=
1000
PIECE_ROLE=front_body
1000
SEAM_ALLOWANCE_MM=
1000
SOURCE_LAYER=1
0
VERTEX
8
AI4M_01_ATOM_NET
10
437.5294751658357
20
-215.2148239882813
30
0
0
VERTEX
8
AI4M_01_ATOM_NET
10
446.09270216583536
20
-214.14463298828127
30
0
0
VERTEX
8
AI4M_01_ATOM_NET
10
453.1543181658353
20
-213.34186498828126
30
0
0
VERTEX
8
AI4M_01_ATOM_NET
10
457.26457616583593
20
-212.63392798828124
30
0
0
VERTEX
8
AI4M_01_ATOM_NET
10
461.11222616583564
20
-211.72250698828134
30
0
0
VERTEX
8
AI4M_01_ATOM_NET
10
464.9144421658357
20
-210.56949098828125
30
0
0
VERTEX
8
AI4M_01_ATOM_NET
10
468.215423165836
20
-209.3258149882813
30
0
0
VERTEX
8
AI4M_01_ATOM_NET
10
471.03030416583533
20
-208.0136329882812
30
0
0
VERTEX
8
AI4M_01_ATOM_NET
10
473.34038416583553
20
-206.6765389882812
30
0
0
VERTEX
8
AI4M_01_ATOM_NET
10
475.22837616583547
20
-205.31476498828124
30
0
0
SEQEND
8
AI4M_01_ATOM_NET
0
TEXT
8
AI4M_01_ATOM_NET
10
437.5294751658357
20
-215.2148239882813
30
0
40
2.5
1
AI4M_line_0821__seg_02_net_boundary_back_neckline
1001
AI4MANUFACTURING
1000
WRITEBACK_PHASE=01_ATOM_LABEL
1000
ENTITY_ID=line_0821__seg_02
999
AI4M_ENTITY=line_0821__seg_03;LINE_ROLE=net_boundary;EDGE=back_neckline;SOURCE_LAYER=1
0
POLYLINE
8
AI4M_01_ATOM_NET
66
1
70
0
1001
AI4MANUFACTURING
1000
WRITEBACK_PHASE=01_ATOM
1000
ENTITY_ID=line_0821__seg_03
1000
SOURCE_HANDLE=102
1000
LINE_ROLE=net_boundary
1000
EDGE=back_neckline
1000
CHAIN=piece_02_top_back_neckline
1000
PIECE_ID=piece_02
1000
SEAM_PAIR=
1000
PAIRED_CHAIN=
1000
NOTCH_CHAIN=
1000
NOTCH_SOURCE=
1000
PIECE_ROLE=front_body
1000
SEAM_ALLOWANCE_MM=
1000
SOURCE_LAYER=1
0
VERTEX
8
AI4M_01_ATOM_NET
10
475.22837616583547
20
-205.31476498828124
30
0
0
VERTEX
8
AI4M_01_ATOM_NET
10
476.8428001658349
20
-203.84852398828127
30
0
0
VERTEX
8
AI4M_01_ATOM_NET
10
478.41394116583524
20
-202.0737509882813
30
0
0
VERTEX
8
AI4M_01_ATOM_NET
10
479.85825016583567
20
-200.05390898828125
30
0
0
VERTEX
8
AI4M_01_ATOM_NET
10
481.20693916583514
20
-197.72479198828125
30
0
0
VERTEX
8
AI4M_01_ATOM_NET
10
482.45508516583595
20
-195.04913098828126
30
0
0
VERTEX
8
AI4M_01_ATOM_NET
10
483.56857116583524
20
-192.04737898828125
30
0
0
VERTEX
8
AI4M_01_ATOM_NET
10
484.5234041658359
20
-188.74500698828126
30
0
0
VERTEX
8
AI4M_01_ATOM_NET
10
485.30830316583524
20
-185.14369998828124
30
0
0
VERTEX
8
AI4M_01_ATOM_NET
10
485.93282016583544
20
-181.04847198828134
30
0
0
VERTEX
8
AI4M_01_ATOM_NET
10
486.37058316583534
20
-176.56839598828128
30
0
0
VERTEX
8
AI4M_01_ATOM_NET
10
486.48430416583597
20
-173.09737198828134
30
0
0
VERTEX
8
AI4M_01_ATOM_NET
10
486.4776861658347
20
-171.7928619882813
30
0
0
VERTEX
8
AI4M_01_ATOM_NET
10
486.45044816583595
20
-166.42401298828122
30
0
0
VERTEX
8
AI4M_01_ATOM_NET
10
486.10459216583513
20
-161.5860899882813
30
0
0
VERTEX
8
AI4M_01_ATOM_NET
10
485.40515916583536
20
-155.32078198828128
30
0
0
VERTEX
8
AI4M_01_ATOM_NET
10
484.4028491658355
20
-148.67985398828125
30
0
0
VERTEX
8
AI4M_01_ATOM_NET
10
483.0421831658359
20
-141.3064509882813
30
0
0
VERTEX
8
AI4M_01_ATOM_NET
10
481.8674931658352
20
-136.13231098828123
30
0
0
VERTEX
8
AI4M_01_ATOM_NET
10
481.21185116583547
20
-133.5965729882812
30
0
0
VERTEX
8
AI4M_01_ATOM_NET
10
479.2929511658358
20
-126.17509798828132
30
0
0
VERTEX
8
AI4M_01_ATOM_NET
10
477.27801016583544
20
-119.64060498828121
30
0
0
VERTEX
8
AI4M_01_ATOM_NET
10
474.3809621658356
20
-111.0985579882813
30
0
0
VERTEX
8
AI4M_01_ATOM_NET
10
471.279551165836
20
-102.72596898828124
30
0
0
VERTEX
8
AI4M_01_ATOM_NET
10
467.2747061658347
20
-92.6842399882812
30
0
0
VERTEX
8
AI4M_01_ATOM_NET
10
462.3989141658358
20
-81.16068298828122
30
0
0
VERTEX
8
AI4M_01_ATOM_NET
10
456.78924116583494
20
-68.09372998828121
30
0
0
SEQEND
8
AI4M_01_ATOM_NET
0
TEXT
8
AI4M_01_ATOM_NET
10
475.22837616583547
20
-205.31476498828124
30
0
40
2.5
1
AI4M_line_0821__seg_03_net_boundary_back_neckline
1001
AI4MANUFACTURING
1000
WRITEBACK_PHASE=01_ATOM_LABEL
1000
ENTITY_ID=line_0821__seg_03
999
AI4M_ENTITY=line_0821__seg_04;LINE_ROLE=net_boundary;EDGE=back_neckline;SOURCE_LAYER=1
0
POLYLINE
8
AI4M_01_ATOM_NET
66
1
70
0
1001
AI4MANUFACTURING
1000
WRITEBACK_PHASE=01_ATOM
1000
ENTITY_ID=line_0821__seg_04
1000
SOURCE_HANDLE=102
1000
LINE_ROLE=net_boundary
1000
EDGE=back_neckline
1000
CHAIN=piece_02_top_back_neckline
1000
PIECE_ID=piece_02
1000
SEAM_PAIR=
1000
PAIRED_CHAIN=
1000
NOTCH_CHAIN=
1000
NOTCH_SOURCE=
1000
PIECE_ROLE=front_body
1000
SEAM_ALLOWANCE_MM=
1000
SOURCE_LAYER=1
0
VERTEX
8
AI4M_01_ATOM_NET
10
456.78924116583494
20
-68.09372998828121
30
0
0
VERTEX
8
AI4M_01_ATOM_NET
10
562.8971511658356
20
0.0000200117187887372
30
0
0
SEQEND
8
AI4M_01_ATOM_NET
0
TEXT
8
AI4M_01_ATOM_NET
10
456.78924116583494
20
-68.09372998828121
30
0
40
2.5
1
AI4M_line_0821__seg_04_net_boundary_back_neckline
1001
AI4MANUFACTURING
1000
WRITEBACK_PHASE=01_ATOM_LABEL
1000
ENTITY_ID=line_0821__seg_04
999
AI4M_ENTITY=line_0821__seg_05;LINE_ROLE=net_boundary;EDGE=back_neckline;SOURCE_LAYER=1
0
POLYLINE
8
AI4M_01_ATOM_NET
66
1
70
0
1001
AI4MANUFACTURING
1000
WRITEBACK_PHASE=01_ATOM
1000
ENTITY_ID=line_0821__seg_05
1000
SOURCE_HANDLE=102
1000
LINE_ROLE=net_boundary
1000
EDGE=back_neckline
1000
CHAIN=piece_02_top_back_neckline
1000
PIECE_ID=piece_02
1000
SEAM_PAIR=
1000
PAIRED_CHAIN=
1000
NOTCH_CHAIN=
1000
NOTCH_SOURCE=
1000
PIECE_ROLE=front_body
1000
SEAM_ALLOWANCE_MM=
1000
SOURCE_LAYER=1
0
VERTEX
8
AI4M_01_ATOM_NET
10
562.8971511658356
20
0.0000200117187887372
30
0
0
VERTEX
8
AI4M_01_ATOM_NET
10
566.2676451658353
20
-14.752349988281367
30
0
0
VERTEX
8
AI4M_01_ATOM_NET
10
568.3339351658351
20
-23.495431988281325
30
0
0
VERTEX
8
AI4M_01_ATOM_NET
10
570.0541371658355
20
-29.789600988281336
30
0
0
VERTEX
8
AI4M_01_ATOM_NET
10
571.8309241658353
20
-35.39450598828125
30
0
0
VERTEX
8
AI4M_01_ATOM_NET
10
573.6916361658359
20
-40.479903988281194
30
0
0
VERTEX
8
AI4M_01_ATOM_NET
10
575.6745801658353
20
-45.205931988281236
30
0
0
VERTEX
8
AI4M_01_ATOM_NET
10
577.7877391658358
20
-49.624584988281185
30
0
0
VERTEX
8
AI4M_01_ATOM_NET
10
580.0139781658354
20
-53.72663598828126
30
0
0
VERTEX
8
AI4M_01_ATOM_NET
10
582.5608111658357
20
-57.89967198828117
30
0
0
VERTEX
8
AI4M_01_ATOM_NET
10
584.8255171658357
20
-61.19407798828138
30
0
0
VERTEX
8
AI4M_01_ATOM_NET
10
588.0122891658348
20
-65.23281898828122
30
0
0
VERTEX
8
AI4M_01_ATOM_NET
10
588.2613211658354
20
-65.5292539882812
30
0
0
VERTEX
8
AI4M_01_ATOM_NET
10
590.1326201658349
20
-67.75676198828137
30
0
0
VERTEX
8
AI4M_01_ATOM_NET
10
592.8348401658359
20
-70.50247598828128
30
0
0
VERTEX
8
AI4M_01_ATOM_NET
10
595.792828165836
20
-73.19063098828133
30
0
0
VERTEX
8
AI4M_01_ATOM_NET
10
598.6922861658359
20
-75.49473798828126
30
0
0
VERTEX
8
AI4M_01_ATOM_NET
10
601.9025741658352
20
-77.72839298828126
30
0
0
VERTEX
8
AI4M_01_ATOM_NET
10
605.2730331658358
20
-79.77529398828119
30
0
0
VERTEX
8
AI4M_01_ATOM_NET
10
608.8132771658356
20
-81.63207398828126
30
0
0
VERTEX
8
AI4M_01_ATOM_NET
10
612.5077141658358
20
-83.28766598828133
30
0
0
VERTEX
8
AI4M_01_ATOM_NET
10
616.3715221658358
20
-84.74172298828125
30
0
0
VERTEX
8
AI4M_01_ATOM_NET
10
620.6520201658359
20
-86.07840098828137
30
0
0
VERTEX
8
AI4M_01_ATOM_NET
10
625.3188951658349
20
-87.27339298828133
30
0
0
VERTEX
8
AI4M_01_ATOM_NET
10
630.2918401658353
20
-88.28793398828134
30
0
0
VERTEX
8
AI4M_01_ATOM_NET
10
635.614876165836
20
-89.12351598828127
30
0
0
VERTEX
8
AI4M_01_ATOM_NET
10
640.4355071658347
20
-89.64305598828128
30
0
0
VERTEX
8
AI4M_01_ATOM_NET
10
646.1593581658353
20
-89.9804489882813
30
0
0
VERTEX
8
AI4M_01_ATOM_NET
10
652.5068001658356
20
-89.59022598828119
30
0
0
VERTEX
8
AI4M_01_ATOM_NET
10
657.2786191658352
20
-89.0455089882812
30
0
0
VERTEX
8
AI4M_01_ATOM_NET
10
662.6766111658353
20
-88.16904698828125
30
0
0
VERTEX
8
AI4M_01_ATOM_NET
10
667.6466561658353
20
-87.12266898828125
30
0
0
VERTEX
8
AI4M_01_ATOM_NET
10
672.3050891658359
20
-85.89479498828132
30
0
0
VERTEX
8
AI4M_01_ATOM_NET
10
676.5531921658358
20
-84.53082598828132
30
0
0
VERTEX
8
AI4M_01_ATOM_NET
10
680.3523231658355
20
-83.0620319882812
30
0
0
VERTEX
8
AI4M_01_ATOM_NET
10
684.0123731658359
20
-81.38343698828135
30
0
0
VERTEX
8
AI4M_01_ATOM_NET
10
687.5360801658353
20
-79.49553798828128
30
0
0
VERTEX
8
AI4M_01_ATOM_NET
10
690.8901421658347
20
-77.41712898828132
30
0
0
VERTEX
8
AI4M_01_ATOM_NET
10
694.106706165835
20
-75.13429798828133
30
0
0
VERTEX
8
AI4M_01_ATOM_NET
10
696.9820371658352
20
-72.79859498828137
30
0
0
SEQEND
8
AI4M_01_ATOM_NET
0
TEXT
8
AI4M_01_ATOM_NET
10
562.8971511658356
20
0.0000200117187887372
30
0
40
2.5
1
AI4M_line_0821__seg_05_net_boundary_back_neckline
1001
AI4MANUFACTURING
1000
WRITEBACK_PHASE=01_ATOM_LABEL
1000
ENTITY_ID=line_0821__seg_05
999
AI4M_ENTITY=line_0821__seg_06;LINE_ROLE=net_boundary;EDGE=back_neckline;SOURCE_LAYER=1
0
POLYLINE
8
AI4M_01_ATOM_NET
66
1
70
0
1001
AI4MANUFACTURING
1000
WRITEBACK_PHASE=01_ATOM
1000
ENTITY_ID=line_0821__seg_06
1000
SOURCE_HANDLE=102
1000
LINE_ROLE=net_boundary
1000
EDGE=back_neckline
1000
CHAIN=piece_02_top_back_neckline
1000
PIECE_ID=piece_02
1000
SEAM_PAIR=
1000
PAIRED_CHAIN=
1000
NOTCH_CHAIN=
1000
NOTCH_SOURCE=
1000
PIECE_ROLE=front_body
1000
SEAM_ALLOWANCE_MM=
1000
SOURCE_LAYER=1
0
VERTEX
8
AI4M_01_ATOM_NET
10
696.9820371658352
20
-72.79859498828137
30
0
0
VERTEX
8
AI4M_01_ATOM_NET
10
699.9264481658347
20
-70.0741989882813
30
0
0
VERTEX
8
AI4M_01_ATOM_NET
10
702.5599911658355
20
-67.34237298828134
30
0
0
VERTEX
8
AI4M_01_ATOM_NET
10
704.0387701658356
20
-65.51395798828116
30
0
0
VERTEX
8
AI4M_01_ATOM_NET
10
707.0033241658357
20
-61.84848098828138
30
0
0
VERTEX
8
AI4M_01_ATOM_NET
10
709.1841181658356
20
-58.774497988281155
30
0
0
VERTEX
8
AI4M_01_ATOM_NET
10
711.7004091658355
20
-54.76071898828127
30
0
0
VERTEX
8
AI4M_01_ATOM_NET
10
714.0349591658351
20
-50.584320988281206
30
0
0
VERTEX
8
AI4M_01_ATOM_NET
10
716.1868551658354
20
-46.21234298828131
30
0
0
VERTEX
8
AI4M_01_ATOM_NET
10
718.2187141658351
20
-41.507164988281374
30
0
0
VERTEX
8
AI4M_01_ATOM_NET
10
720.0913761658348
20
-36.54050498828133
30
0
0
VERTEX
8
AI4M_01_ATOM_NET
10
721.8718111658354
20
-31.102079988281275
30
0
0
VERTEX
8
AI4M_01_ATOM_NET
10
723.5737501658359
20
-25.08594198828132
30
0
0
VERTEX
8
AI4M_01_ATOM_NET
10
725.4084781658357
20
-17.582774988281244
30
0
0
VERTEX
8
AI4M_01_ATOM_NET
10
728.7362551658352
20
-2.9270369882813156
30
0
0
VERTEX
8
AI4M_01_ATOM_NET
10
729.4220531658348
20
0.0000200117187887372
30
0
0
SEQEND
8
AI4M_01_ATOM_NET
0
TEXT
8
AI4M_01_ATOM_NET
10
696.9820371658352
20
-72.79859498828137
30
0
40
2.5
1
AI4M_line_0821__seg_06_net_boundary_back_neckline
1001
AI4MANUFACTURING
1000
WRITEBACK_PHASE=01_ATOM_LABEL
1000
ENTITY_ID=line_0821__seg_06
999
AI4M_ENTITY=line_0821__seg_07;LINE_ROLE=net_boundary;EDGE=back_neckline;SOURCE_LAYER=1
0
POLYLINE
8
AI4M_01_ATOM_NET
66
1
70
0
1001
AI4MANUFACTURING
1000
WRITEBACK_PHASE=01_ATOM
1000
ENTITY_ID=line_0821__seg_07
1000
SOURCE_HANDLE=102
1000
LINE_ROLE=net_boundary
1000
EDGE=back_neckline
1000
CHAIN=piece_02_top_back_neckline
1000
PIECE_ID=piece_02
1000
SEAM_PAIR=
1000
PAIRED_CHAIN=
1000
NOTCH_CHAIN=
1000
NOTCH_SOURCE=
1000
PIECE_ROLE=front_body
1000
SEAM_ALLOWANCE_MM=
1000
SOURCE_LAYER=1
0
VERTEX
8
AI4M_01_ATOM_NET
10
729.4220531658348
20
0.0000200117187887372
30
0
0
VERTEX
8
AI4M_01_ATOM_NET
10
835.5294751658357
20
-68.09372998828121
30
0
0
SEQEND
8
AI4M_01_ATOM_NET
0
TEXT
8
AI4M_01_ATOM_NET
10
729.4220531658348
20
0.0000200117187887372
30
0
40
2.5
1
AI4M_line_0821__seg_07_net_boundary_back_neckline
1001
AI4MANUFACTURING
1000
WRITEBACK_PHASE=01_ATOM_LABEL
1000
ENTITY_ID=line_0821__seg_07
999
AI4M_ENTITY=line_0821__seg_08;LINE_ROLE=net_boundary;EDGE=back_neckline;SOURCE_LAYER=1
0
POLYLINE
8
AI4M_01_ATOM_NET
66
1
70
0
1001
AI4MANUFACTURING
1000
WRITEBACK_PHASE=01_ATOM
1000
ENTITY_ID=line_0821__seg_08
1000
SOURCE_HANDLE=102
1000
LINE_ROLE=net_boundary
1000
EDGE=back_neckline
1000
CHAIN=piece_02_top_back_neckline
1000
PIECE_ID=piece_02
1000
SEAM_PAIR=
1000
PAIRED_CHAIN=
1000
NOTCH_CHAIN=
1000
NOTCH_SOURCE=
1000
PIECE_ROLE=front_body
1000
SEAM_ALLOWANCE_MM=
1000
SOURCE_LAYER=1
0
VERTEX
8
AI4M_01_ATOM_NET
10
835.5294751658357
20
-68.09372998828121
30
0
0
VERTEX
8
AI4M_01_ATOM_NET
10
829.5403331658354
20
-82.03901298828123
30
0
0
VERTEX
8
AI4M_01_ATOM_NET
10
824.7133631658353
20
-93.49024198828124
30
0
0
VERTEX
8
AI4M_01_ATOM_NET
10
820.7773891658353
20
-103.4084039882813
30
0
0
VERTEX
8
AI4M_01_ATOM_NET
10
817.714082165835
20
-111.73280598828126
30
0
0
VERTEX
8
AI4M_01_ATOM_NET
10
814.8322591658352
20
-120.28676598828133
30
0
0
VERTEX
8
AI4M_01_ATOM_NET
10
812.8538251658347
20
-126.7819559882812
30
0
0
VERTEX
8
AI4M_01_ATOM_NET
10
811.1219911658354
20
-133.6003089882813
30
0
0
VERTEX
8
AI4M_01_ATOM_NET
10
809.9281621658347
20
-138.30049698828134
30
0
0
VERTEX
8
AI4M_01_ATOM_NET
10
808.7319221658354
20
-144.09476798828132
30
0
0
VERTEX
8
AI4M_01_ATOM_NET
10
807.4422851658355
20
-151.62045298828127
30
0
0
VERTEX
8
AI4M_01_ATOM_NET
10
806.5970741658357
20
-157.89490998828126
30
0
0
VERTEX
8
AI4M_01_ATOM_NET
10
806.0049721658352
20
-164.10047198828124
30
0
0
VERTEX
8
AI4M_01_ATOM_NET
10
805.8175611658353
20
-168.2656049882812
30
0
0
VERTEX
8
AI4M_01_ATOM_NET
10
805.8633831658353
20
-171.79246298828127
30
0
0
VERTEX
8
AI4M_01_ATOM_NET
10
805.9193731658352
20
-176.10198998828128
30
0
0
VERTEX
8
AI4M_01_ATOM_NET
10
806.300858165835
20
-180.33638098828123
30
0
0
VERTEX
8
AI4M_01_ATOM_NET
10
806.9056411658357
20
-184.56066098828126
30
0
0
VERTEX
8
AI4M_01_ATOM_NET
10
807.685355165836
20
-188.30083798828127
30
0
0
VERTEX
8
AI4M_01_ATOM_NET
10
808.647708165835
20
-191.72986998828128
30
0
0
VERTEX
8
AI4M_01_ATOM_NET
10
809.7525661658356
20
-194.77937998828133
30
0
0
VERTEX
8
AI4M_01_ATOM_NET
10
811.003150165835
20
-197.5144939882813
30
0
0
VERTEX
8
AI4M_01_ATOM_NET
10
812.3691821658349
20
-199.91094298828125
30
0
0
VERTEX
8
AI4M_01_ATOM_NET
10
813.8089761658348
20
-201.95187198828125
30
0
0
VERTEX
8
AI4M_01_ATOM_NET
10
815.3781881658351
20
-203.74897398828125
30
0
0
SEQEND
8
AI4M_01_ATOM_NET
0
TEXT
8
AI4M_01_ATOM_NET
10
835.5294751658357
20
-68.09372998828121
30
0
40
2.5
1
AI4M_line_0821__seg_08_net_boundary_back_neckline
1001
AI4MANUFACTURING
1000
WRITEBACK_PHASE=01_ATOM_LABEL
1000
ENTITY_ID=line_0821__seg_08
999
AI4M_ENTITY=line_0821__seg_09;LINE_ROLE=net_boundary;EDGE=back_neckline;SOURCE_LAYER=1
0
POLYLINE
8
AI4M_01_ATOM_NET
66
1
70
0
1001
AI4MANUFACTURING
1000
WRITEBACK_PHASE=01_ATOM
1000
ENTITY_ID=line_0821__seg_09
1000
SOURCE_HANDLE=102
1000
LINE_ROLE=net_boundary
1000
EDGE=back_neckline
1000
CHAIN=piece_02_top_back_neckline
1000
PIECE_ID=piece_02
1000
SEAM_PAIR=
1000
PAIRED_CHAIN=
1000
NOTCH_CHAIN=
1000
NOTCH_SOURCE=
1000
PIECE_ROLE=front_body
1000
SEAM_ALLOWANCE_MM=
1000
SOURCE_LAYER=1
0
VERTEX
8
AI4M_01_ATOM_NET
10
815.3781881658351
20
-203.74897398828125
30
0
0
VERTEX
8
AI4M_01_ATOM_NET
10
817.021021165835
20
-205.25829098828126
30
0
0
VERTEX
8
AI4M_01_ATOM_NET
10
818.8575561658354
20
-206.59802798828127
30
0
0
VERTEX
8
AI4M_01_ATOM_NET
10
821.1578421658351
20
-207.9453219882812
30
0
0
VERTEX
8
AI4M_01_ATOM_NET
10
823.8333221658349
20
-209.21165998828133
30
0
0
VERTEX
8
AI4M_01_ATOM_NET
10
827.0952261658358
20
-210.4636499882813
30
0
0
VERTEX
8
AI4M_01_ATOM_NET
10
830.8362261658358
20
-211.62129098828132
30
0
0
VERTEX
8
AI4M_01_ATOM_NET
10
834.696179165835
20
-212.5597859882812
30
0
0
VERTEX
8
AI4M_01_ATOM_NET
10
838.7067001658352
20
-213.27530798828127
30
0
0
VERTEX
8
AI4M_01_ATOM_NET
10
843.9803291658354
20
-213.91108598828123
30
0
0
VERTEX
8
AI4M_01_ATOM_NET
10
851.6298501658357
20
-214.7862869882813
30
0
0
VERTEX
8
AI4M_01_ATOM_NET
10
854.7892411658349
20
-215.2148239882813
30
0
0
SEQEND
8
AI4M_01_ATOM_NET
0
TEXT
8
AI4M_01_ATOM_NET
10
815.3781881658351
20
-203.74897398828125
30
0
40
2.5
1
AI4M_line_0821__seg_09_net_boundary_back_neckline
1001
AI4MANUFACTURING
1000
WRITEBACK_PHASE=01_ATOM_LABEL
1000
ENTITY_ID=line_0821__seg_09
999
AI4M_ENTITY=line_0821__seg_10;LINE_ROLE=net_boundary;EDGE=back_neckline;SOURCE_LAYER=1
0
POLYLINE
8
AI4M_01_ATOM_NET
66
1
70
0
1001
AI4MANUFACTURING
1000
WRITEBACK_PHASE=01_ATOM
1000
ENTITY_ID=line_0821__seg_10
1000
SOURCE_HANDLE=102
1000
LINE_ROLE=net_boundary
1000
EDGE=back_neckline
1000
CHAIN=piece_02_top_back_neckline
1000
PIECE_ID=piece_02
1000
SEAM_PAIR=
1000
PAIRED_CHAIN=
1000
NOTCH_CHAIN=
1000
NOTCH_SOURCE=
1000
PIECE_ROLE=front_body
1000
SEAM_ALLOWANCE_MM=
1000
SOURCE_LAYER=1
0
VERTEX
8
AI4M_01_ATOM_NET
10
854.7892411658349
20
-215.2148239882813
30
0
0
VERTEX
8
AI4M_01_ATOM_NET
10
853.862149165835
20
-230.16752298828123
30
0
0
VERTEX
8
AI4M_01_ATOM_NET
10
853.2218111658358
20
-239.86654998828135
30
0
0
VERTEX
8
AI4M_01_ATOM_NET
10
852.4021391658353
20
-248.51306498828126
30
0
0
VERTEX
8
AI4M_01_ATOM_NET
10
851.3055991658357
20
-257.40284098828124
30
0
0
VERTEX
8
AI4M_01_ATOM_NET
10
850.0354431658352
20
-265.89198698828125
30
0
0
VERTEX
8
AI4M_01_ATOM_NET
10
848.7687621658351
20
-272.7720589882813
30
0
0
VERTEX
8
AI4M_01_ATOM_NET
10
848.2231361658351
20
-275.4722489882813
30
0
0
VERTEX
8
AI4M_01_ATOM_NET
10
845.7841711658357
20
-287.5421859882813
30
0
0
VERTEX
8
AI4M_01_ATOM_NET
10
843.1303861658353
20
-299.1855639882813
30
0
0
VERTEX
8
AI4M_01_ATOM_NET
10
839.6244741658347
20
-313.9779689882812
30
0
0
VERTEX
8
AI4M_01_ATOM_NET
10
837.1951371658351
20
-324.9859329882813
30
0
0
VERTEX
8
AI4M_01_ATOM_NET
10
835.4205861658347
20
-334.10140798828127
30
0
0
VERTEX
8
AI4M_01_ATOM_NET
10
834.1758411658348
20
-341.73942298828126
30
0
0
VERTEX
8
AI4M_01_ATOM_NET
10
833.2929801658347
20
-348.70030598828123
30
0
0
VERTEX
8
AI4M_01_ATOM_NET
10
832.6974191658355
20
-355.46002998828124
30
0
0
VERTEX
8
AI4M_01_ATOM_NET
10
832.3465141658353
20
-362.44408698828124
30
0
0
VERTEX
8
AI4M_01_ATOM_NET
10
832.2061991658347
20
-370.6081899882813
30
0
0
VERTEX
8
AI4M_01_ATOM_NET
10
832.3105891658352
20
-379.4518969882813
30
0
0
VERTEX
8
AI4M_01_ATOM_NET
10
832.8170011658358
20
-394.6435949882813
30
0
0
VERTEX
8
AI4M_01_ATOM_NET
10
832.8636851658348
20
-396.0978669882812
30
0
0
VERTEX
8
AI4M_01_ATOM_NET
10
833.2991181658354
20
-409.66202398828125
30
0
0
VERTEX
8
AI4M_01_ATOM_NET
10
833.7853641658357
20
-424.8541759882812
30
0
0
VERTEX
8
AI4M_01_ATOM_NET
10
834.2778291658351
20
-440.0461279882812
30
0
0
VERTEX
8
AI4M_01_ATOM_NET
10
834.7769041658348
20
-455.0571149882812
30
0
0
VERTEX
8
AI4M_01_ATOM_NET
10
835.2895271658354
20
-470.1037459882813
30
0
0
VERTEX
8
AI4M_01_ATOM_NET
10
835.8138641658352
20
-485.20360598828125
30
0
0
VERTEX
8
AI4M_01_ATOM_NET
10
836.1881671658348
20
-495.81247998828127
30
0
0
VERTEX
8
AI4M_01_ATOM_NET
10
838.8888501658357
20
-516.5624799882812
30
0
0
SEQEND
8
AI4M_01_ATOM_NET
0
TEXT
8
AI4M_01_ATOM_NET
10
854.7892411658349
20
-215.2148239882813
30
0
40
2.5
1
AI4M_line_0821__seg_10_net_boundary_back_neckline
1001
AI4MANUFACTURING
1000
WRITEBACK_PHASE=01_ATOM_LABEL
1000
ENTITY_ID=line_0821__seg_10
999
AI4M_ENTITY=line_0821__seg_11;LINE_ROLE=net_boundary;EDGE=back_neckline;SOURCE_LAYER=1
0
POLYLINE
8
AI4M_01_ATOM_NET
66
1
70
0
1001
AI4MANUFACTURING
1000
WRITEBACK_PHASE=01_ATOM
1000
ENTITY_ID=line_0821__seg_11
1000
SOURCE_HANDLE=102
1000
LINE_ROLE=net_boundary
1000
EDGE=back_neckline
1000
CHAIN=piece_02_top_back_neckline
1000
PIECE_ID=piece_02
1000
SEAM_PAIR=
1000
PAIRED_CHAIN=
1000
NOTCH_CHAIN=
1000
NOTCH_SOURCE=
1000
PIECE_ROLE=front_body
1000
SEAM_ALLOWANCE_MM=
1000
SOURCE_LAYER=1
0
VERTEX
8
AI4M_01_ATOM_NET
10
838.8888501658357
20
-516.5624799882812
30
0
0
VERTEX
8
AI4M_01_ATOM_NET
10
823.3430131658351
20
-518.0573449882813
30
0
0
VERTEX
8
AI4M_01_ATOM_NET
10
808.0822271658353
20
-519.4698769882813
30
0
0
VERTEX
8
AI4M_01_ATOM_NET
10
792.7527511658354
20
-520.8189499882812
30
0
0
VERTEX
8
AI4M_01_ATOM_NET
10
777.2728151658348
20
-522.0950259882812
30
0
0
VERTEX
8
AI4M_01_ATOM_NET
10
762.155714165835
20
-523.2578809882813
30
0
0
VERTEX
8
AI4M_01_ATOM_NET
10
746.6623141658356
20
-524.3593219882813
30
0
0
VERTEX
8
AI4M_01_ATOM_NET
10
731.5002761658352
20
-525.3331939882812
30
0
0
VERTEX
8
AI4M_01_ATOM_NET
10
715.992436165835
20
-526.2066529882812
30
0
0
VERTEX
8
AI4M_01_ATOM_NET
10
700.6682751658354
20
-526.9338959882813
30
0
0
VERTEX
8
AI4M_01_ATOM_NET
10
685.1463691658355
20
-527.5097749882813
30
0
0
VERTEX
8
AI4M_01_ATOM_NET
10
669.9315081658351
20
-527.8884499882813
30
0
0
VERTEX
8
AI4M_01_ATOM_NET
10
654.7392291658352
20
-528.1153159882813
30
0
0
VERTEX
8
AI4M_01_ATOM_NET
10
646.1124831658353
20
-528.1874799882812
30
0
0
VERTEX
8
AI4M_01_ATOM_NET
10
630.4540101658358
20
-528.0248419882812
30
0
0
VERTEX
8
AI4M_01_ATOM_NET
10
615.2232721658356
20
-527.7328799882813
30
0
0
VERTEX
8
AI4M_01_ATOM_NET
10
599.8390731658355
20
-527.2600899882813
30
0
0
VERTEX
8
AI4M_01_ATOM_NET
10
584.4897971658347
20
-526.6118139882813
30
0
0
VERTEX
8
AI4M_01_ATOM_NET
10
568.9875981658352
20
-525.8096699882813
30
0
0
VERTEX
8
AI4M_01_ATOM_NET
10
553.666933165835
20
-524.8876759882812
30
0
0
VERTEX
8
AI4M_01_ATOM_NET
10
538.1794561658353
20
-523.8400979882813
30
0
0
VERTEX
8
AI4M_01_ATOM_NET
10
523.0167901658351
20
-522.7183439882813
30
0
0
VERTEX
8
AI4M_01_ATOM_NET
10
507.5427491658347
20
-521.4873209882812
30
0
0
VERTEX
8
AI4M_01_ATOM_NET
10
492.0759301658354
20
-520.1701319882812
30
0
0
VERTEX
8
AI4M_01_ATOM_NET
10
476.7407561658356
20
-518.7832499882813
30
0
0
VERTEX
8
AI4M_01_ATOM_NET
10
461.8517891658348
20
-517.3794009882813
30
0
0
VERTEX
8
AI4M_01_ATOM_NET
10
453.4303541658355
20
-516.5624799882812
30
0
0
SEQEND
8
AI4M_01_ATOM_NET
0
TEXT
8
AI4M_01_ATOM_NET
10
838.8888501658357
20
-516.5624799882812
30
0
40
2.5
1
AI4M_line_0821__seg_11_net_boundary_back_neckline
1001
AI4MANUFACTURING
1000
WRITEBACK_PHASE=01_ATOM_LABEL
1000
ENTITY_ID=line_0821__seg_11
999
AI4M_ENTITY=line_1730__seg_01;LINE_ROLE=net_boundary;EDGE=sleeve_cap;SOURCE_LAYER=1
0
POLYLINE
8
AI4M_01_ATOM_NET
66
1
70
0
1001
AI4MANUFACTURING
1000
WRITEBACK_PHASE=01_ATOM
1000
ENTITY_ID=line_1730__seg_01
1000
SOURCE_HANDLE=104
1000
LINE_ROLE=net_boundary
1000
EDGE=sleeve_cap
1000
CHAIN=piece_03_top_sleeve_cap
1000
PIECE_ID=piece_03
1000
SEAM_PAIR=
1000
PAIRED_CHAIN=
1000
NOTCH_CHAIN=
1000
NOTCH_SOURCE=
1000
PIECE_ROLE=sleeve
1000
SEAM_ALLOWANCE_MM=
1000
SOURCE_LAYER=1
0
VERTEX
8
AI4M_01_ATOM_NET
10
920.5130686129214
20
-638.55363315625
30
0
0
VERTEX
8
AI4M_01_ATOM_NET
10
922.1797216129216
20
-623.37123215625
30
0
0
VERTEX
8
AI4M_01_ATOM_NET
10
922.6971506129221
20
-618.58488315625
30
0
0
VERTEX
8
AI4M_01_ATOM_NET
10
921.3108376129212
20
-602.37918815625
30
0
0
VERTEX
8
AI4M_01_ATOM_NET
10
920.0078216129214
20
-587.3220881562501
30
0
0
VERTEX
8
AI4M_01_ATOM_NET
10
918.6928416129222
20
-572.2660241562501
30
0
0
VERTEX
8
AI4M_01_ATOM_NET
10
917.3365176129219
20
-556.84949615625
30
0
0
VERTEX
8
AI4M_01_ATOM_NET
10
916.003441612921
20
-541.7950231562501
30
0
0
VERTEX
8
AI4M_01_ATOM_NET
10
914.6612756129216
20
-526.74136315625
30
0
0
VERTEX
8
AI4M_01_ATOM_NET
10
913.3245926129212
20
-511.85832115625
30
0
0
VERTEX
8
AI4M_01_ATOM_NET
10
911.9030056129222
20
-496.15205415624996
30
0
0
VERTEX
8
AI4M_01_ATOM_NET
10
910.5308556129212
20
-481.10110115625
30
0
0
VERTEX
8
AI4M_01_ATOM_NET
10
909.1500636129213
20
-466.05092715625005
30
0
0
VERTEX
8
AI4M_01_ATOM_NET
10
907.7391506129215
20
-450.76230115625003
30
0
0
VERTEX
8
AI4M_01_ATOM_NET
10
906.339435612922
20
-435.71386115625
30
0
0
VERTEX
8
AI4M_01_ATOM_NET
10
904.923747612921
20
-420.66693215625
30
0
0
VERTEX
8
AI4M_01_ATOM_NET
10
903.486881612921
20
-405.62202615625006
30
0
0
VERTEX
8
AI4M_01_ATOM_NET
10
901.9961026129213
20
-390.25307515625
30
0
0
VERTEX
8
AI4M_01_ATOM_NET
10
900.8063016129217
20
-378.02645015625
30
0
0
VERTEX
8
AI4M_01_ATOM_NET
10
900.4880606129218
20
-374.75614815625
30
0
0
VERTEX
8
AI4M_01_ATOM_NET
10
899.0287276129211
20
-359.71339315625005
30
0
0
VERTEX
8
AI4M_01_ATOM_NET
10
897.5502286129222
20
-344.63046515625
30
0
0
VERTEX
8
AI4M_01_ATOM_NET
10
896.0526626129222
20
-329.59147215625
30
0
0
VERTEX
8
AI4M_01_ATOM_NET
10
894.5367056129217
20
-314.55430315624994
30
0
0
VERTEX
8
AI4M_01_ATOM_NET
10
893.0074866129216
20
-299.51847015625003
30
0
0
VERTEX
8
AI4M_01_ATOM_NET
10
891.4585336129212
20
-284.37691415625
30
0
0
VERTEX
8
AI4M_01_ATOM_NET
10
889.9126026129215
20
-269.34281515625
30
0
0
VERTEX
8
AI4M_01_ATOM_NET
10
888.3585856129221
20
-254.30955215625
30
0
0
VERTEX
8
AI4M_01_ATOM_NET
10
886.7974316129212
20
-239.28887615625
30
0
0
VERTEX
8
AI4M_01_ATOM_NET
10
885.2254496129217
20
-224.25747015625006
30
0
0
VERTEX
8
AI4M_01_ATOM_NET
10
883.6416746129216
20
-209.22730415625006
30
0
0
VERTEX
8
AI4M_01_ATOM_NET
10
881.9960366129217
20
-193.75076815624993
30
0
0
VERTEX
8
AI4M_01_ATOM_NET
10
880.383688612922
20
-178.72364915625008
30
0
0
VERTEX
8
AI4M_01_ATOM_NET
10
878.7638946129218
20
-163.69732615625003
30
0
0
VERTEX
8
AI4M_01_ATOM_NET
10
877.0957356129211
20
-148.21652415625
30
0
0
VERTEX
8
AI4M_01_ATOM_NET
10
875.5100726129212
20
-133.44649515624997
30
0
0
VERTEX
8
AI4M_01_ATOM_NET
10
875.0658036129216
20
-129.29972715625013
30
0
0
SEQEND
8
AI4M_01_ATOM_NET
0
TEXT
8
AI4M_01_ATOM_NET
10
920.5130686129214
20
-638.55363315625
30
0
40
2.5
1
AI4M_line_1730__seg_01_net_boundary_sleeve_cap
1001
AI4MANUFACTURING
1000
WRITEBACK_PHASE=01_ATOM_LABEL
1000
ENTITY_ID=line_1730__seg_01
999
AI4M_ENTITY=line_1730__seg_02;LINE_ROLE=net_boundary;EDGE=sleeve_cap;SOURCE_LAYER=1
0
POLYLINE
8
AI4M_01_ATOM_NET
66
1
70
0
1001
AI4MANUFACTURING
1000
WRITEBACK_PHASE=01_ATOM
1000
ENTITY_ID=line_1730__seg_02
1000
SOURCE_HANDLE=104
1000
LINE_ROLE=net_boundary
1000
EDGE=sleeve_cap
1000
CHAIN=piece_03_top_sleeve_cap
1000
PIECE_ID=piece_03
1000
SEAM_PAIR=
1000
PAIRED_CHAIN=
1000
NOTCH_CHAIN=
1000
NOTCH_SOURCE=
1000
PIECE_ROLE=sleeve
1000
SEAM_ALLOWANCE_MM=
1000
SOURCE_LAYER=1
0
VERTEX
8
AI4M_01_ATOM_NET
10
875.0658036129216
20
-129.29972715625013
30
0
0
VERTEX
8
AI4M_01_ATOM_NET
10
882.2840646129216
20
-127.33488315625004
30
0
0
VERTEX
8
AI4M_01_ATOM_NET
10
888.6742016129219
20
-125.71769615624999
30
0
0
VERTEX
8
AI4M_01_ATOM_NET
10
892.1728916129223
20
-124.56518015625011
30
0
0
VERTEX
8
AI4M_01_ATOM_NET
10
895.5217226129216
20
-123.21387215625009
30
0
0
VERTEX
8
AI4M_01_ATOM_NET
10
898.2621896129212
20
-121.85760415625009
30
0
0
VERTEX
8
AI4M_01_ATOM_NET
10
900.5851326129223
20
-120.43965215625008
30
0
0
VERTEX
8
AI4M_01_ATOM_NET
10
902.7814446129214
20
-118.80602315624992
30
0
0
VERTEX
8
AI4M_01_ATOM_NET
10
905.0242636129215
20
-116.81603515625011
30
0
0
VERTEX
8
AI4M_01_ATOM_NET
10
907.2863106129216
20
-114.46448315625003
30
0
0
VERTEX
8
AI4M_01_ATOM_NET
10
909.6016836129211
20
-111.68991115624999
30
0
0
VERTEX
8
AI4M_01_ATOM_NET
10
912.0382176129215
20
-108.36754515625012
30
0
0
VERTEX
8
AI4M_01_ATOM_NET
10
914.664492612922
20
-104.33986415625009
30
0
0
VERTEX
8
AI4M_01_ATOM_NET
10
917.8682696129217
20
-98.90586015625013
30
0
0
VERTEX
8
AI4M_01_ATOM_NET
10
922.675163612922
20
-90.13885615625009
30
0
0
VERTEX
8
AI4M_01_ATOM_NET
10
929.7094456129216
20
-76.88876515624997
30
0
0
VERTEX
8
AI4M_01_ATOM_NET
10
930.0364556129216
20
-76.2740281562501
30
0
0
VERTEX
8
AI4M_01_ATOM_NET
10
935.3848896129211
20
-66.21968615624996
30
0
0
VERTEX
8
AI4M_01_ATOM_NET
10
939.6095486129216
20
-58.81502415625005
30
0
0
VERTEX
8
AI4M_01_ATOM_NET
10
944.114949612921
20
-51.39998715625006
30
0
0
VERTEX
8
AI4M_01_ATOM_NET
10
948.080983612922
20
-45.311155156249924
30
0
0
VERTEX
8
AI4M_01_ATOM_NET
10
951.8902156129216
20
-39.89076415625004
30
0
0
VERTEX
8
AI4M_01_ATOM_NET
10
955.5872476129216
20
-35.03308015624998
30
0
0
VERTEX
8
AI4M_01_ATOM_NET
10
959.2509166129212
20
-30.612986156249917
30
0
0
VERTEX
8
AI4M_01_ATOM_NET
10
962.8392736129217
20
-26.65393015625
30
0
0
VERTEX
8
AI4M_01_ATOM_NET
10
966.467847612922
20
-23.009580156249967
30
0
0
VERTEX
8
AI4M_01_ATOM_NET
10
970.0497726129215
20
-19.75202215624995
30
0
0
VERTEX
8
AI4M_01_ATOM_NET
10
973.674658612922
20
-16.778646156250034
30
0
0
VERTEX
8
AI4M_01_ATOM_NET
10
977.2898176129211
20
-14.12282815625008
30
0
0
VERTEX
8
AI4M_01_ATOM_NET
10
980.9929356129214
20
-11.708109156249975
30
0
0
VERTEX
8
AI4M_01_ATOM_NET
10
984.7398646129213
20
-9.557975156249995
30
0
0
VERTEX
8
AI4M_01_ATOM_NET
10
988.6104136129215
20
-7.617192156249985
30
0
0
VERTEX
8
AI4M_01_ATOM_NET
10
992.6811166129219
20
-5.85217015624994
30
0
0
VERTEX
8
AI4M_01_ATOM_NET
10
996.8275196129216
20
-4.319055156249988
30
0
0
VERTEX
8
AI4M_01_ATOM_NET
10
1001.1261066129218
20
-2.9941871562500637
30
0
0
VERTEX
8
AI4M_01_ATOM_NET
10
1005.5207236129218
20
-1.902786156249931
30
0
0
VERTEX
8
AI4M_01_ATOM_NET
10
1009.8875806129217
20
-1.0692581562500436
30
0
0
VERTEX
8
AI4M_01_ATOM_NET
10
1014.3731026129217
20
-0.46500815624995084
30
0
0
VERTEX
8
AI4M_01_ATOM_NET
10
1018.8005616129221
20
-0.11607215625008394
30
0
0
VERTEX
8
AI4M_01_ATOM_NET
10
1023.4993676129216
20
0.0000498437500482396
30
0
0
VERTEX
8
AI4M_01_ATOM_NET
10
1028.234087612921
20
-0.1286731562499881
30
0
0
VERTEX
8
AI4M_01_ATOM_NET
10
1032.9413116129217
20
-0.4962841562501126
30
0
0
VERTEX
8
AI4M_01_ATOM_NET
10
1038.260214612922
20
-1.1956711562500004
30
0
0
VERTEX
8
AI4M_01_ATOM_NET
10
1039.514045612922
20
-1.3661331562500436
30
0
0
VERTEX
8
AI4M_01_ATOM_NET
10
1039.7929116129217
20
-1.4248111562499162
30
0
0
VERTEX
8
AI4M_01_ATOM_NET
10
1047.6320246129217
20
-3.0742711562500062
30
0
0
VERTEX
8
AI4M_01_ATOM_NET
10
1051.399743612922
20
-4.177606156250022
30
0
0
VERTEX
8
AI4M_01_ATOM_NET
10
1055.2981796129216
20
-5.575271156249983
30
0
0
VERTEX
8
AI4M_01_ATOM_NET
10
1058.812916612921
20
-7.087886156250079
30
0
0
VERTEX
8
AI4M_01_ATOM_NET
10
1062.2810276129212
20
-8.850113156250018
30
0
0
VERTEX
8
AI4M_01_ATOM_NET
10
1065.6635246129217
20
-10.841865156249924
30
0
0
VERTEX
8
AI4M_01_ATOM_NET
10
1068.972860612922
20
-13.077575156250077
30
0
0
VERTEX
8
AI4M_01_ATOM_NET
10
1072.2136166129212
20
-15.567489156250076
30
0
0
VERTEX
8
AI4M_01_ATOM_NET
10
1075.3812996129218
20
-18.314312156250026
30
0
0
VERTEX
8
AI4M_01_ATOM_NET
10
1078.4728396129221
20
-21.327517156249996
30
0
0
VERTEX
8
AI4M_01_ATOM_NET
10
1081.4389356129223
20
-24.561905156250077
30
0
0
VERTEX
8
AI4M_01_ATOM_NET
10
1084.3354826129216
20
-28.084561156249947
30
0
0
VERTEX
8
AI4M_01_ATOM_NET
10
1087.089620612921
20
-31.817447156249955
30
0
0
VERTEX
8
AI4M_01_ATOM_NET
10
1089.7526586129216
20
-35.848624156250025
30
0
0
VERTEX
8
AI4M_01_ATOM_NET
10
1092.7019666129218
20
-40.79069015625009
30
0
0
VERTEX
8
AI4M_01_ATOM_NET
10
1094.6214126129216
20
-44.417174156249985
30
0
0
VERTEX
8
AI4M_01_ATOM_NET
10
1095.500134612922
20
-46.32098715625011
30
0
0
VERTEX
8
AI4M_01_ATOM_NET
10
1098.5755016129215
20
-52.98398315625013
30
0
0
VERTEX
8
AI4M_01_ATOM_NET
10
1100.4697316129214
20
-57.79904815625014
30
0
0
VERTEX
8
AI4M_01_ATOM_NET
10
1102.579898612922
20
-63.87106715625009
30
0
0
VERTEX
8
AI4M_01_ATOM_NET
10
1104.362448612922
20
-69.74296915624996
30
0
0
VERTEX
8
AI4M_01_ATOM_NET
10
1106.6654316129216
20
-78.42058215625002
30
0
0
VERTEX
8
AI4M_01_ATOM_NET
10
1108.490000612922
20
-85.90589415625004
30
0
0
VERTEX
8
AI4M_01_ATOM_NET
10
1110.2223056129214
20
-93.01269215625007
30
0
0
VERTEX
8
AI4M_01_ATOM_NET
10
1111.8956056129218
20
-99.30593115624993
30
0
0
VERTEX
8
AI4M_01_ATOM_NET
10
1113.4415426129217
20
-104.24333515624994
30
0
0
VERTEX
8
AI4M_01_ATOM_NET
10
1114.9564636129217
20
-108.33112715624998
30
0
0
VERTEX
8
AI4M_01_ATOM_NET
10
1116.4273486129214
20
-111.64698315624992
30
0
0
VERTEX
8
AI4M_01_ATOM_NET
10
1117.9290836129212
20
-114.46950015624998
30
0
0
VERTEX
8
AI4M_01_ATOM_NET
10
1119.4584946129216
20
-116.85279415624996
30
0
0
VERTEX
8
AI4M_01_ATOM_NET
10
1121.0767026129215
20
-118.92420515625008
30
0
0
SEQEND
8
AI4M_01_ATOM_NET
0
TEXT
8
AI4M_01_ATOM_NET
10
875.0658036129216
20
-129.29972715625013
30
0
40
2.5
1
AI4M_line_1730__seg_02_net_boundary_sleeve_cap
1001
AI4MANUFACTURING
1000
WRITEBACK_PHASE=01_ATOM_LABEL
1000
ENTITY_ID=line_1730__seg_02
999
AI4M_ENTITY=line_1730__seg_03;LINE_ROLE=net_boundary;EDGE=sleeve_cap;SOURCE_LAYER=1
0
POLYLINE
8
AI4M_01_ATOM_NET
66
1
70
0
1001
AI4MANUFACTURING
1000
WRITEBACK_PHASE=01_ATOM
1000
ENTITY_ID=line_1730__seg_03
1000
SOURCE_HANDLE=104
1000
LINE_ROLE=net_boundary
1000
EDGE=sleeve_cap
1000
CHAIN=piece_03_top_sleeve_cap
1000
PIECE_ID=piece_03
1000
SEAM_PAIR=
1000
PAIRED_CHAIN=
1000
NOTCH_CHAIN=
1000
NOTCH_SOURCE=
1000
PIECE_ROLE=sleeve
1000
SEAM_ALLOWANCE_MM=
1000
SOURCE_LAYER=1
0
VERTEX
8
AI4M_01_ATOM_NET
10
1121.0767026129215
20
-118.92420515625008
30
0
0
VERTEX
8
AI4M_01_ATOM_NET
10
1122.7116186129215
20
-120.62786515624998
30
0
0
VERTEX
8
AI4M_01_ATOM_NET
10
1124.446647612921
20
-122.08389415624993
30
0
0
VERTEX
8
AI4M_01_ATOM_NET
10
1126.449299612922
20
-123.4218121562501
30
0
0
VERTEX
8
AI4M_01_ATOM_NET
10
1128.775925612922
20
-124.66597215625006
30
0
0
VERTEX
8
AI4M_01_ATOM_NET
10
1131.5814936129218
20
-125.87593015624998
30
0
0
VERTEX
8
AI4M_01_ATOM_NET
10
1134.880260612922
20
-127.0142081562501
30
0
0
VERTEX
8
AI4M_01_ATOM_NET
10
1138.5991476129211
20
-128.0211051562501
30
0
0
VERTEX
8
AI4M_01_ATOM_NET
10
1142.8386016129216
20
-128.89639715625003
30
0
0
VERTEX
8
AI4M_01_ATOM_NET
10
1147.0622436129215
20
-129.52415015625002
30
0
0
VERTEX
8
AI4M_01_ATOM_NET
10
1158.011326612922
20
-130.66657015624992
30
0
0
VERTEX
8
AI4M_01_ATOM_NET
10
1160.8309396129216
20
-131.02628915624996
30
0
0
SEQEND
8
AI4M_01_ATOM_NET
0
TEXT
8
AI4M_01_ATOM_NET
10
1121.0767026129215
20
-118.92420515625008
30
0
40
2.5
1
AI4M_line_1730__seg_03_net_boundary_sleeve_cap
1001
AI4MANUFACTURING
1000
WRITEBACK_PHASE=01_ATOM_LABEL
1000
ENTITY_ID=line_1730__seg_03
999
AI4M_ENTITY=line_1730__seg_04;LINE_ROLE=net_boundary;EDGE=sleeve_cap;SOURCE_LAYER=1
0
POLYLINE
8
AI4M_01_ATOM_NET
66
1
70
0
1001
AI4MANUFACTURING
1000
WRITEBACK_PHASE=01_ATOM
1000
ENTITY_ID=line_1730__seg_04
1000
SOURCE_HANDLE=104
1000
LINE_ROLE=net_boundary
1000
EDGE=sleeve_cap
1000
CHAIN=piece_03_top_sleeve_cap
1000
PIECE_ID=piece_03
1000
SEAM_PAIR=
1000
PAIRED_CHAIN=
1000
NOTCH_CHAIN=
1000
NOTCH_SOURCE=
1000
PIECE_ROLE=sleeve
1000
SEAM_ALLOWANCE_MM=
1000
SOURCE_LAYER=1
0
VERTEX
8
AI4M_01_ATOM_NET
10
1160.8309396129216
20
-131.02628915624996
30
0
0
VERTEX
8
AI4M_01_ATOM_NET
10
1159.5643036129213
20
-146.93430415624994
30
0
0
VERTEX
8
AI4M_01_ATOM_NET
10
1158.372767612921
20
-161.90736015624998
30
0
0
VERTEX
8
AI4M_01_ATOM_NET
10
1157.1921026129212
20
-176.88127915625
30
0
0
VERTEX
8
AI4M_01_ATOM_NET
10
1156.0205506129214
20
-191.85591715624992
30
0
0
VERTEX
8
AI4M_01_ATOM_NET
10
1154.8138556129215
20
-207.38436315624995
30
0
0
VERTEX
8
AI4M_01_ATOM_NET
10
1153.6581566129216
20
-222.36023015625005
30
0
0
VERTEX
8
AI4M_01_ATOM_NET
10
1152.510904612921
20
-237.33674415625
30
0
0
VERTEX
8
AI4M_01_ATOM_NET
10
1151.341189612921
20
-252.72919915625005
30
0
0
VERTEX
8
AI4M_01_ATOM_NET
10
1150.211840612922
20
-267.7070711562501
30
0
0
VERTEX
8
AI4M_01_ATOM_NET
10
1149.0903136129218
20
-282.68553615625
30
0
0
VERTEX
8
AI4M_01_ATOM_NET
10
1147.9312096129215
20
-298.26505115625
30
0
0
VERTEX
8
AI4M_01_ATOM_NET
10
1146.8248606129218
20
-313.24466015625
30
0
0
VERTEX
8
AI4M_01_ATOM_NET
10
1145.7304436129216
20
-328.22513715624996
30
0
0
VERTEX
8
AI4M_01_ATOM_NET
10
1144.6522196129217
20
-343.20677515625005
30
0
0
VERTEX
8
AI4M_01_ATOM_NET
10
1143.5810276129223
20
-358.3671461562501
30
0
0
VERTEX
8
AI4M_01_ATOM_NET
10
1142.5337106129218
20
-373.3509831562501
30
0
0
VERTEX
8
AI4M_01_ATOM_NET
10
1142.0482336129216
20
-380.27617815625
30
0
0
VERTEX
8
AI4M_01_ATOM_NET
10
1141.4752886129218
20
-388.44910715624997
30
0
0
VERTEX
8
AI4M_01_ATOM_NET
10
1140.385085612922
20
-404.05008815625
30
0
0
VERTEX
8
AI4M_01_ATOM_NET
10
1139.3591916129217
20
-419.03539815625004
30
0
0
VERTEX
8
AI4M_01_ATOM_NET
10
1138.352446612921
20
-434.02202115625005
30
0
0
VERTEX
8
AI4M_01_ATOM_NET
10
1137.3598416129216
20
-449.00960015625003
30
0
0
VERTEX
8
AI4M_01_ATOM_NET
10
1136.3691986129215
20
-464.10868715624997
30
0
0
VERTEX
8
AI4M_01_ATOM_NET
10
1135.392672612922
20
-479.09730715625005
30
0
0
VERTEX
8
AI4M_01_ATOM_NET
10
1134.423465612922
20
-494.08639415625
30
0
0
VERTEX
8
AI4M_01_ATOM_NET
10
1133.4793776129218
20
-508.80753915624996
30
0
0
VERTEX
8
AI4M_01_ATOM_NET
10
1132.4835016129218
20
-524.47906815625
30
0
0
VERTEX
8
AI4M_01_ATOM_NET
10
1131.5402616129222
20
-539.4698181562501
30
0
0
VERTEX
8
AI4M_01_ATOM_NET
10
1130.6066466129214
20
-554.4611701562501
30
0
0
VERTEX
8
AI4M_01_ATOM_NET
10
1129.658598612922
20
-569.85237715625
30
0
0
VERTEX
8
AI4M_01_ATOM_NET
10
1128.7364106129216
20
-584.97132115625
30
0
0
VERTEX
8
AI4M_01_ATOM_NET
10
1127.8143556129216
20
-600.20666315625
30
0
0
VERTEX
8
AI4M_01_ATOM_NET
10
1126.9141266129218
20
-615.18630115625
30
0
0
VERTEX
8
AI4M_01_ATOM_NET
10
1126.5872876129215
20
-620.65519615625
30
0
0
VERTEX
8
AI4M_01_ATOM_NET
10
1127.4427566129216
20
-640.65519615625
30
0
0
SEQEND
8
AI4M_01_ATOM_NET
0
TEXT
8
AI4M_01_ATOM_NET
10
1160.8309396129216
20
-131.02628915624996
30
0
40
2.5
1
AI4M_line_1730__seg_04_net_boundary_sleeve_cap
1001
AI4MANUFACTURING
1000
WRITEBACK_PHASE=01_ATOM_LABEL
1000
ENTITY_ID=line_1730__seg_04
999
AI4M_ENTITY=line_1730__seg_05;LINE_ROLE=net_boundary;EDGE=sleeve_cap;SOURCE_LAYER=1
0
POLYLINE
8
AI4M_01_ATOM_NET
66
1
70
0
1001
AI4MANUFACTURING
1000
WRITEBACK_PHASE=01_ATOM
1000
ENTITY_ID=line_1730__seg_05
1000
SOURCE_HANDLE=104
1000
LINE_ROLE=net_boundary
1000
EDGE=sleeve_cap
1000
CHAIN=piece_03_top_sleeve_cap
1000
PIECE_ID=piece_03
1000
SEAM_PAIR=
1000
PAIRED_CHAIN=
1000
NOTCH_CHAIN=
1000
NOTCH_SOURCE=
1000
PIECE_ROLE=sleeve
1000
SEAM_ALLOWANCE_MM=
1000
SOURCE_LAYER=1
0
VERTEX
8
AI4M_01_ATOM_NET
10
1127.4427566129216
20
-640.65519615625
30
0
0
VERTEX
8
AI4M_01_ATOM_NET
10
1111.6408556129218
20
-640.53497415625
30
0
0
VERTEX
8
AI4M_01_ATOM_NET
10
1096.341130612921
20
-640.4130451562501
30
0
0
VERTEX
8
AI4M_01_ATOM_NET
10
1081.2432236129216
20
-640.2873711562501
30
0
0
VERTEX
8
AI4M_01_ATOM_NET
10
1066.181756612922
20
-640.15566015625
30
0
0
VERTEX
8
AI4M_01_ATOM_NET
10
1051.055391612922
20
-640.01555915625
30
0
0
VERTEX
8
AI4M_01_ATOM_NET
10
1035.832947612921
20
-639.8669371562501
30
0
0
VERTEX
8
AI4M_01_ATOM_NET
10
1020.6105686129222
20
-639.71159915625
30
0
0
VERTEX
8
AI4M_01_ATOM_NET
10
1004.9792956129213
20
-639.54604615625
30
0
0
VERTEX
8
AI4M_01_ATOM_NET
10
989.7570396129222
20
-639.3792651562501
30
0
0
VERTEX
8
AI4M_01_ATOM_NET
10
974.5348476129211
20
-639.20684315625
30
0
0
VERTEX
8
AI4M_01_ATOM_NET
10
959.0005086129213
20
-639.02491515625
30
0
0
VERTEX
8
AI4M_01_ATOM_NET
10
943.5093976129219
20
-638.83818715625
30
0
0
VERTEX
8
AI4M_01_ATOM_NET
10
928.6964046129215
20
-638.65588515625
30
0
0
VERTEX
8
AI4M_01_ATOM_NET
10
920.5130686129214
20
-638.55363315625
30
0
0
SEQEND
8
AI4M_01_ATOM_NET
0
TEXT
8
AI4M_01_ATOM_NET
10
1127.4427566129216
20
-640.65519615625
30
0
40
2.5
1
AI4M_line_1730__seg_05_net_boundary_sleeve_cap
1001
AI4MANUFACTURING
1000
WRITEBACK_PHASE=01_ATOM_LABEL
1000
ENTITY_ID=line_1730__seg_05
999
AI4M_ENTITY=line_2363__seg_01;LINE_ROLE=net_boundary;EDGE=unknown;SOURCE_LAYER=1
0
POLYLINE
8
AI4M_01_ATOM_NET
66
1
70
0
1001
AI4MANUFACTURING
1000
WRITEBACK_PHASE=01_ATOM
1000
ENTITY_ID=line_2363__seg_01
1000
SOURCE_HANDLE=106
1000
LINE_ROLE=net_boundary
1000
EDGE=unknown
1000
CHAIN=piece_04_top_unknown
1000
PIECE_ID=piece_04
1000
SEAM_PAIR=
1000
PAIRED_CHAIN=
1000
NOTCH_CHAIN=
1000
NOTCH_SOURCE=
1000
PIECE_ROLE=neck_binding
1000
SEAM_ALLOWANCE_MM=
1000
SOURCE_LAYER=1
0
VERTEX
8
AI4M_01_ATOM_NET
10
-0.00016328125002473826
20
-749.9511755486484
30
0
0
VERTEX
8
AI4M_01_ATOM_NET
10
-0.00016328125002473826
20
-705.4394565486484
30
0
0
VERTEX
8
AI4M_01_ATOM_NET
10
-0.00016328125002473826
20
-660.9316435486484
30
0
0
SEQEND
8
AI4M_01_ATOM_NET
0
TEXT
8
AI4M_01_ATOM_NET
10
-0.00016328125002473826
20
-749.9511755486484
30
0
40
2.5
1
AI4M_line_2363__seg_01_net_boundary_unknown
1001
AI4MANUFACTURING
1000
WRITEBACK_PHASE=01_ATOM_LABEL
1000
ENTITY_ID=line_2363__seg_01
999
AI4M_ENTITY=line_2363__seg_02;LINE_ROLE=net_boundary;EDGE=unknown;SOURCE_LAYER=1
0
POLYLINE
8
AI4M_01_ATOM_NET
66
1
70
0
1001
AI4MANUFACTURING
1000
WRITEBACK_PHASE=01_ATOM
1000
ENTITY_ID=line_2363__seg_02
1000
SOURCE_HANDLE=106
1000
LINE_ROLE=net_boundary
1000
EDGE=unknown
1000
CHAIN=piece_04_top_unknown
1000
PIECE_ID=piece_04
1000
SEAM_PAIR=
1000
PAIRED_CHAIN=
1000
NOTCH_CHAIN=
1000
NOTCH_SOURCE=
1000
PIECE_ROLE=neck_binding
1000
SEAM_ALLOWANCE_MM=
1000
SOURCE_LAYER=1
0
VERTEX
8
AI4M_01_ATOM_NET
10
-0.00016328125002473826
20
-660.9316435486484
30
0
0
VERTEX
8
AI4M_01_ATOM_NET
10
55.83137971875021
20
-660.9316435486484
30
0
0
VERTEX
8
AI4M_01_ATOM_NET
10
128.18977871874995
20
-660.9316435486484
30
0
0
VERTEX
8
AI4M_01_ATOM_NET
10
179.74690771875066
20
-660.9316435486484
30
0
0
VERTEX
8
AI4M_01_ATOM_NET
10
232.60384071874978
20
-660.9316435486484
30
0
0
VERTEX
8
AI4M_01_ATOM_NET
10
285.46126271875073
20
-660.9316435486484
30
0
0
VERTEX
8
AI4M_01_ATOM_NET
10
337.0183917187496
20
-660.9316435486484
30
0
0
VERTEX
8
AI4M_01_ATOM_NET
10
371.14436871875023
20
-660.9316435486484
30
0
0
SEQEND
8
AI4M_01_ATOM_NET
0
TEXT
8
AI4M_01_ATOM_NET
10
-0.00016328125002473826
20
-660.9316435486484
30
0
40
2.5
1
AI4M_line_2363__seg_02_net_boundary_unknown
1001
AI4MANUFACTURING
1000
WRITEBACK_PHASE=01_ATOM_LABEL
1000
ENTITY_ID=line_2363__seg_02
999
AI4M_ENTITY=line_2363__seg_03;LINE_ROLE=net_boundary;EDGE=unknown;SOURCE_LAYER=1
0
POLYLINE
8
AI4M_01_ATOM_NET
66
1
70
0
1001
AI4MANUFACTURING
1000
WRITEBACK_PHASE=01_ATOM
1000
ENTITY_ID=line_2363__seg_03
1000
SOURCE_HANDLE=106
1000
LINE_ROLE=net_boundary
1000
EDGE=unknown
1000
CHAIN=piece_04_top_unknown
1000
PIECE_ID=piece_04
1000
SEAM_PAIR=
1000
PAIRED_CHAIN=
1000
NOTCH_CHAIN=
1000
NOTCH_SOURCE=
1000
PIECE_ROLE=neck_binding
1000
SEAM_ALLOWANCE_MM=
1000
SOURCE_LAYER=1
0
VERTEX
8
AI4M_01_ATOM_NET
10
371.14436871875023
20
-660.9316435486484
30
0
0
VERTEX
8
AI4M_01_ATOM_NET
10
371.14436871875023
20
-705.4394565486484
30
0
0
VERTEX
8
AI4M_01_ATOM_NET
10
371.14436871875023
20
-723.2949255486484
30
0
0
VERTEX
8
AI4M_01_ATOM_NET
10
371.14436871875023
20
-749.9511755486484
30
0
0
SEQEND
8
AI4M_01_ATOM_NET
0
TEXT
8
AI4M_01_ATOM_NET
10
371.14436871875023
20
-660.9316435486484
30
0
40
2.5
1
AI4M_line_2363__seg_03_net_boundary_unknown
1001
AI4MANUFACTURING
1000
WRITEBACK_PHASE=01_ATOM_LABEL
1000
ENTITY_ID=line_2363__seg_03
999
AI4M_ENTITY=line_2363__seg_04;LINE_ROLE=net_boundary;EDGE=unknown;SOURCE_LAYER=1
0
POLYLINE
8
AI4M_01_ATOM_NET
66
1
70
0
1001
AI4MANUFACTURING
1000
WRITEBACK_PHASE=01_ATOM
1000
ENTITY_ID=line_2363__seg_04
1000
SOURCE_HANDLE=106
1000
LINE_ROLE=net_boundary
1000
EDGE=unknown
1000
CHAIN=piece_04_top_unknown
1000
PIECE_ID=piece_04
1000
SEAM_PAIR=
1000
PAIRED_CHAIN=
1000
NOTCH_CHAIN=
1000
NOTCH_SOURCE=
1000
PIECE_ROLE=neck_binding
1000
SEAM_ALLOWANCE_MM=
1000
SOURCE_LAYER=1
0
VERTEX
8
AI4M_01_ATOM_NET
10
371.14436871875023
20
-749.9511755486484
30
0
0
VERTEX
8
AI4M_01_ATOM_NET
10
337.0183917187496
20
-749.9511755486484
30
0
0
VERTEX
8
AI4M_01_ATOM_NET
10
285.46126271875073
20
-749.9511755486484
30
0
0
VERTEX
8
AI4M_01_ATOM_NET
10
232.60384071874978
20
-749.9511755486484
30
0
0
VERTEX
8
AI4M_01_ATOM_NET
10
179.74690771875066
20
-749.9511755486484
30
0
0
VERTEX
8
AI4M_01_ATOM_NET
10
128.18977871874995
20
-749.9511755486484
30
0
0
VERTEX
8
AI4M_01_ATOM_NET
10
55.83137971875021
20
-749.9511755486484
30
0
0
VERTEX
8
AI4M_01_ATOM_NET
10
-0.00016328125002473826
20
-749.9511755486484
30
0
0
SEQEND
8
AI4M_01_ATOM_NET
0
TEXT
8
AI4M_01_ATOM_NET
10
371.14436871875023
20
-749.9511755486484
30
0
40
2.5
1
AI4M_line_2363__seg_04_net_boundary_unknown
1001
AI4MANUFACTURING
1000
WRITEBACK_PHASE=01_ATOM_LABEL
1000
ENTITY_ID=line_2363__seg_04
999
AI4M_ENTITY=line_0220__seg_02;LINE_ROLE=armhole_back;EDGE=armhole_back;SOURCE_LAYER=8
0
POLYLINE
8
AI4M_01_ATOM_INTERNAL
66
1
70
0
1001
AI4MANUFACTURING
1000
WRITEBACK_PHASE=01_ATOM
1000
ENTITY_ID=line_0220__seg_02
1000
SOURCE_HANDLE=100
1000
LINE_ROLE=armhole_back
1000
EDGE=armhole_back
1000
CHAIN=piece_01_left_side_seam
1000
PIECE_ID=piece_01
1000
SEAM_PAIR=
1000
PAIRED_CHAIN=
1000
NOTCH_CHAIN=
1000
NOTCH_SOURCE=
1000
PIECE_ROLE=front_body
1000
SEAM_ALLOWANCE_MM=
1000
SOURCE_LAYER=8
0
VERTEX
8
AI4M_01_ATOM_INTERNAL
10
0.00020212500021443702
20
-234.25782562109373
30
0
0
VERTEX
8
AI4M_01_ATOM_INTERNAL
10
6.821023124999556
20
-232.02100562109376
30
0
0
VERTEX
8
AI4M_01_ATOM_INTERNAL
10
11.6072541249996
20
-230.48282662109375
30
0
0
VERTEX
8
AI4M_01_ATOM_INTERNAL
10
15.154312124999706
20
-229.07685462109373
30
0
0
VERTEX
8
AI4M_01_ATOM_INTERNAL
10
18.309207124999375
20
-227.57506062109383
30
0
0
VERTEX
8
AI4M_01_ATOM_INTERNAL
10
21.08611112499966
20
-225.9927996210938
30
0
0
VERTEX
8
AI4M_01_ATOM_INTERNAL
10
23.47652412500065
20
-224.34439262109368
30
0
0
VERTEX
8
AI4M_01_ATOM_INTERNAL
10
25.640230125000016
20
-222.54436162109369
30
0
0
VERTEX
8
AI4M_01_ATOM_INTERNAL
10
27.792100124999706
20
-220.41874862109375
30
0
0
VERTEX
8
AI4M_01_ATOM_INTERNAL
10
29.810203125000044
20
-218.07675662109375
30
0
0
VERTEX
8
AI4M_01_ATOM_INTERNAL
10
31.80137412499971
20
-215.36866162109368
30
0
0
VERTEX
8
AI4M_01_ATOM_INTERNAL
10
33.58329112499996
20
-212.52448262109374
30
0
0
VERTEX
8
AI4M_01_ATOM_INTERNAL
10
35.25400412499948
20
-209.37623862109376
30
0
0
VERTEX
8
AI4M_01_ATOM_INTERNAL
10
36.6709111250002
20
-206.18215962109366
30
0
0
VERTEX
8
AI4M_01_ATOM_INTERNAL
10
37.89050412500001
20
-202.82406162109373
30
0
0
VERTEX
8
AI4M_01_ATOM_INTERNAL
10
38.92097612500038
20
-199.26601162109375
30
0
0
VERTEX
8
AI4M_01_ATOM_INTERNAL
10
39.76598912500049
20
-195.45567762109374
30
0
0
VERTEX
8
AI4M_01_ATOM_INTERNAL
10
40.44043012499969
20
-191.2086156210937
30
0
0
VERTEX
8
AI4M_01_ATOM_INTERNAL
10
40.92755712500002
20
-186.5357166210938
30
0
0
VERTEX
8
AI4M_01_ATOM_INTERNAL
10
41.114405124999394
20
-182.4362476210938
30
0
0
VERTEX
8
AI4M_01_ATOM_INTERNAL
10
41.12617912499991
20
-178.16409662109368
30
0
0
VERTEX
8
AI4M_01_ATOM_INTERNAL
10
41.12620812500063
20
-178.15789162109377
30
0
0
VERTEX
8
AI4M_01_ATOM_INTERNAL
10
41.0825951249999
20
-172.27333462109368
30
0
0
VERTEX
8
AI4M_01_ATOM_INTERNAL
10
40.71529012500014
20
-166.23553362109374
30
0
0
VERTEX
8
AI4M_01_ATOM_INTERNAL
10
39.78193612500036
20
-155.68469962109373
30
0
0
VERTEX
8
AI4M_01_ATOM_INTERNAL
10
38.84994412500055
20
-147.7562666210938
30
0
0
VERTEX
8
AI4M_01_ATOM_INTERNAL
10
37.71214612499989
20
-140.1546776210937
30
0
0
VERTEX
8
AI4M_01_ATOM_INTERNAL
10
36.06915212500007
20
-131.03148762109367
30
0
0
VERTEX
8
AI4M_01_ATOM_INTERNAL
10
33.605964124999446
20
-118.91652962109379
30
0
0
VERTEX
8
AI4M_01_ATOM_INTERNAL
10
30.394406125000387
20
-104.24132162109368
30
0
0
VERTEX
8
AI4M_01_ATOM_INTERNAL
10
27.1078111249999
20
-90.03210462109382
30
0
0
VERTEX
8
AI4M_01_ATOM_INTERNAL
10
24.093137124999885
20
-78.04217962109374
30
0
0
VERTEX
8
AI4M_01_ATOM_INTERNAL
10
20.596319125000264
20
-65.2214116210937
30
0
0
VERTEX
8
AI4M_01_ATOM_INTERNAL
10
16.543059125000582
20
-50.73566562109363
30
0
0
VERTEX
8
AI4M_01_ATOM_INTERNAL
10
14.543171125000299
20
-43.41407562109384
30
0
0
SEQEND
8
AI4M_01_ATOM_INTERNAL
0
TEXT
8
AI4M_01_ATOM_INTERNAL
10
0.00020212500021443702
20
-234.25782562109373
30
0
40
2.5
1
AI4M_line_0220__seg_02_armhole_back_armhole_back
1001
AI4MANUFACTURING
1000
WRITEBACK_PHASE=01_ATOM_LABEL
1000
ENTITY_ID=line_0220__seg_02
999
AI4M_ENTITY=line_0220__seg_03;LINE_ROLE=shoulder_line;EDGE=shoulder_line;SOURCE_LAYER=8
0
POLYLINE
8
AI4M_01_ATOM_INTERNAL
66
1
70
0
1001
AI4MANUFACTURING
1000
WRITEBACK_PHASE=01_ATOM
1000
ENTITY_ID=line_0220__seg_03
1000
SOURCE_HANDLE=100
1000
LINE_ROLE=shoulder_line
1000
EDGE=shoulder_line
1000
CHAIN=piece_01_bottom_hem
1000
PIECE_ID=piece_01
1000
SEAM_PAIR=
1000
PAIRED_CHAIN=
1000
NOTCH_CHAIN=
1000
NOTCH_SOURCE=
1000
PIECE_ROLE=front_body
1000
SEAM_ALLOWANCE_MM=
1000
SOURCE_LAYER=8
0
VERTEX
8
AI4M_01_ATOM_INTERNAL
10
14.543171125000299
20
-43.41407562109384
30
0
0
VERTEX
8
AI4M_01_ATOM_INTERNAL
10
127.07783912500054
20
-0.00001262109367416997
30
0
0
SEQEND
8
AI4M_01_ATOM_INTERNAL
0
TEXT
8
AI4M_01_ATOM_INTERNAL
10
14.543171125000299
20
-43.41407562109384
30
0
40
2.5
1
AI4M_line_0220__seg_03_shoulder_line_shoulder_line
1001
AI4MANUFACTURING
1000
WRITEBACK_PHASE=01_ATOM_LABEL
1000
ENTITY_ID=line_0220__seg_03
999
AI4M_ENTITY=line_0220__seg_04;LINE_ROLE=neckline;EDGE=neckline;SOURCE_LAYER=8
0
POLYLINE
8
AI4M_01_ATOM_INTERNAL
66
1
70
0
1001
AI4MANUFACTURING
1000
WRITEBACK_PHASE=01_ATOM
1000
ENTITY_ID=line_0220__seg_04
1000
SOURCE_HANDLE=100
1000
LINE_ROLE=neckline
1000
EDGE=neckline
1000
CHAIN=piece_01_bottom_hem
1000
PIECE_ID=piece_01
1000
SEAM_PAIR=
1000
PAIRED_CHAIN=
1000
NOTCH_CHAIN=
1000
NOTCH_SOURCE=
1000
PIECE_ROLE=front_body
1000
SEAM_ALLOWANCE_MM=
1000
SOURCE_LAYER=8
0
VERTEX
8
AI4M_01_ATOM_INTERNAL
10
127.07783912500054
20
-0.00001262109367416997
30
0
0
VERTEX
8
AI4M_01_ATOM_INTERNAL
10
130.83484412500002
20
-5.174651621093744
30
0
0
VERTEX
8
AI4M_01_ATOM_INTERNAL
10
134.6027601250007
20
-10.674868621093765
30
0
0
VERTEX
8
AI4M_01_ATOM_INTERNAL
10
137.35173812500034
20
-14.054667621093813
30
0
0
VERTEX
8
AI4M_01_ATOM_INTERNAL
10
138.72076212499996
20
-15.661085621093662
30
0
0
VERTEX
8
AI4M_01_ATOM_INTERNAL
10
140.6759511250002
20
-17.55688662109378
30
0
0
VERTEX
8
AI4M_01_ATOM_INTERNAL
10
142.97863012500056
20
-19.453396621093816
30
0
0
VERTEX
8
AI4M_01_ATOM_INTERNAL
10
145.16340912499982
20
-20.93198862109375
30
0
0
VERTEX
8
AI4M_01_ATOM_INTERNAL
10
147.86277312499988
20
-22.453535621093806
30
0
0
VERTEX
8
AI4M_01_ATOM_INTERNAL
10
150.20275412499996
20
-23.511798621093703
30
0
0
VERTEX
8
AI4M_01_ATOM_INTERNAL
10
152.22344412500024
20
-24.273487621093636
30
0
0
VERTEX
8
AI4M_01_ATOM_INTERNAL
10
152.22504212500007
20
-24.274097621093688
30
0
0
VERTEX
8
AI4M_01_ATOM_INTERNAL
10
155.4645691250007
20
-25.428961621093777
30
0
0
VERTEX
8
AI4M_01_ATOM_INTERNAL
10
159.16047912500017
20
-26.374570621093653
30
0
0
VERTEX
8
AI4M_01_ATOM_INTERNAL
10
163.63936212499993
20
-27.27735662109376
30
0
0
VERTEX
8
AI4M_01_ATOM_INTERNAL
10
168.30038712500027
20
-27.949000621093774
30
0
0
VERTEX
8
AI4M_01_ATOM_INTERNAL
10
173.82464312499997
20
-28.473942621093784
30
0
0
VERTEX
8
AI4M_01_ATOM_INTERNAL
10
179.74629212499985
20
-28.783454621093824
30
0
0
VERTEX
8
AI4M_01_ATOM_INTERNAL
10
190.63670812500004
20
-28.965398621093755
30
0
0
VERTEX
8
AI4M_01_ATOM_INTERNAL
10
205.60498212499988
20
-29.039104621093657
30
0
0
VERTEX
8
AI4M_01_ATOM_INTERNAL
10
208.6261791249999
20
-29.039075621093843
30
0
0
VERTEX
8
AI4M_01_ATOM_INTERNAL
10
223.8232501250004
20
-28.988979621093677
30
0
0
VERTEX
8
AI4M_01_ATOM_INTERNAL
10
237.03887612499966
20
-28.79815362109366
30
0
0
VERTEX
8
AI4M_01_ATOM_INTERNAL
10
243.15008112499982
20
-28.494775621093822
30
0
0
VERTEX
8
AI4M_01_ATOM_INTERNAL
10
248.62462212500031
20
-27.986166621093844
30
0
0
VERTEX
8
AI4M_01_ATOM_INTERNAL
10
253.48810712500017
20
-27.298612621093753
30
0
0
VERTEX
8
AI4M_01_ATOM_INTERNAL
10
257.7749431249995
20
-26.453477621093725
30
0
0
VERTEX
8
AI4M_01_ATOM_INTERNAL
10
261.59743612500006
20
-25.462156621093754
30
0
0
VERTEX
8
AI4M_01_ATOM_INTERNAL
10
265.06387212499976
20
-24.314460621093758
30
0
0
VERTEX
8
AI4M_01_ATOM_INTERNAL
10
268.15117012500014
20
-23.035057621093756
30
0
0
VERTEX
8
AI4M_01_ATOM_INTERNAL
10
270.9360081249997
20
-21.614636621093723
30
0
0
VERTEX
8
AI4M_01_ATOM_INTERNAL
10
273.3160841250001
20
-20.139203621093657
30
0
0
VERTEX
8
AI4M_01_ATOM_INTERNAL
10
275.4178681249996
20
-18.552198621093794
30
0
0
VERTEX
8
AI4M_01_ATOM_INTERNAL
10
277.6950351249998
20
-16.516520621093832
30
0
0
VERTEX
8
AI4M_01_ATOM_INTERNAL
10
279.3697911250001
20
-14.707576621093722
30
0
0
VERTEX
8
AI4M_01_ATOM_INTERNAL
10
279.90109312499953
20
-14.054685621093768
30
0
0
VERTEX
8
AI4M_01_ATOM_INTERNAL
10
283.0448651249999
20
-10.14141262109365
30
0
0
VERTEX
8
AI4M_01_ATOM_INTERNAL
10
288.3913351249994
20
-2.3935796210937497
30
0
0
VERTEX
8
AI4M_01_ATOM_INTERNAL
10
290.17500712499987
20
-0.00001262109367416997
30
0
0
SEQEND
8
AI4M_01_ATOM_INTERNAL
0
TEXT
8
AI4M_01_ATOM_INTERNAL
10
127.07783912500054
20
-0.00001262109367416997
30
0
40
2.5
1
AI4M_line_0220__seg_04_neckline_neckline
1001
AI4MANUFACTURING
1000
WRITEBACK_PHASE=01_ATOM_LABEL
1000
ENTITY_ID=line_0220__seg_04
999
AI4M_ENTITY=line_0220__seg_05;LINE_ROLE=shoulder_line;EDGE=shoulder_line;SOURCE_LAYER=8
0
POLYLINE
8
AI4M_01_ATOM_INTERNAL
66
1
70
0
1001
AI4MANUFACTURING
1000
WRITEBACK_PHASE=01_ATOM
1000
ENTITY_ID=line_0220__seg_05
1000
SOURCE_HANDLE=100
1000
LINE_ROLE=shoulder_line
1000
EDGE=shoulder_line
1000
CHAIN=piece_01_bottom_hem
1000
PIECE_ID=piece_01
1000
SEAM_PAIR=
1000
PAIRED_CHAIN=
1000
NOTCH_CHAIN=
1000
NOTCH_SOURCE=
1000
PIECE_ROLE=front_body
1000
SEAM_ALLOWANCE_MM=
1000
SOURCE_LAYER=8
0
VERTEX
8
AI4M_01_ATOM_INTERNAL
10
290.17500712499987
20
-0.00001262109367416997
30
0
0
VERTEX
8
AI4M_01_ATOM_INTERNAL
10
402.7101631250007
20
-43.41407562109384
30
0
0
SEQEND
8
AI4M_01_ATOM_INTERNAL
0
TEXT
8
AI4M_01_ATOM_INTERNAL
10
290.17500712499987
20
-0.00001262109367416997
30
0
40
2.5
1
AI4M_line_0220__seg_05_shoulder_line_shoulder_line
1001
AI4MANUFACTURING
1000
WRITEBACK_PHASE=01_ATOM_LABEL
1000
ENTITY_ID=line_0220__seg_05
999
AI4M_ENTITY=line_0220__seg_06;LINE_ROLE=armhole_back;EDGE=armhole_back;SOURCE_LAYER=8
0
POLYLINE
8
AI4M_01_ATOM_INTERNAL
66
1
70
0
1001
AI4MANUFACTURING
1000
WRITEBACK_PHASE=01_ATOM
1000
ENTITY_ID=line_0220__seg_06
1000
SOURCE_HANDLE=100
1000
LINE_ROLE=armhole_back
1000
EDGE=armhole_back
1000
CHAIN=piece_01_right_side_seam
1000
PIECE_ID=piece_01
1000
SEAM_PAIR=
1000
PAIRED_CHAIN=
1000
NOTCH_CHAIN=
1000
NOTCH_SOURCE=
1000
PIECE_ROLE=front_body
1000
SEAM_ALLOWANCE_MM=
1000
SOURCE_LAYER=8
0
VERTEX
8
AI4M_01_ATOM_INTERNAL
10
402.7101631250007
20
-43.41407562109384
30
0
0
VERTEX
8
AI4M_01_ATOM_INTERNAL
10
398.6810081250005
20
-58.02759362109373
30
0
0
VERTEX
8
AI4M_01_ATOM_INTERNAL
10
394.6336321250001
20
-72.52366162109365
30
0
0
VERTEX
8
AI4M_01_ATOM_INTERNAL
10
391.5539311249995
20
-84.30434462109383
30
0
0
VERTEX
8
AI4M_01_ATOM_INTERNAL
10
388.57123712500015
20
-96.70223762109367
30
0
0
VERTEX
8
AI4M_01_ATOM_INTERNAL
10
385.2611531250004
20
-111.45778762109376
30
0
0
VERTEX
8
AI4M_01_ATOM_INTERNAL
10
382.19293712499984
20
-125.91797662109377
30
0
0
VERTEX
8
AI4M_01_ATOM_INTERNAL
10
380.1780531250006
20
-136.44877262109367
30
0
0
VERTEX
8
AI4M_01_ATOM_INTERNAL
10
378.85493812499953
20
-144.53608162109367
30
0
0
VERTEX
8
AI4M_01_ATOM_INTERNAL
10
377.8423041249998
20
-152.26440362109372
30
0
0
VERTEX
8
AI4M_01_ATOM_INTERNAL
10
376.9714541249996
20
-160.9807246210937
30
0
0
VERTEX
8
AI4M_01_ATOM_INTERNAL
10
376.26286012499986
20
-170.28524062109375
30
0
0
VERTEX
8
AI4M_01_ATOM_INTERNAL
10
376.1095771250002
20
-175.09376262109367
30
0
0
VERTEX
8
AI4M_01_ATOM_INTERNAL
10
376.12663512499967
20
-178.15716962109377
30
0
0
VERTEX
8
AI4M_01_ATOM_INTERNAL
10
376.1266671249996
20
-178.16402262109375
30
0
0
VERTEX
8
AI4M_01_ATOM_INTERNAL
10
376.2181681250004
20
-184.85337262109374
30
0
0
VERTEX
8
AI4M_01_ATOM_INTERNAL
10
376.56537212500007
20
-189.1408096210937
30
0
0
VERTEX
8
AI4M_01_ATOM_INTERNAL
10
377.1845531250001
20
-193.74231862109377
30
0
0
VERTEX
8
AI4M_01_ATOM_INTERNAL
10
377.9524661249998
20
-197.69265562109376
30
0
0
VERTEX
8
AI4M_01_ATOM_INTERNAL
10
378.9020581250006
20
-201.33985662109376
30
0
0
VERTEX
8
AI4M_01_ATOM_INTERNAL
10
380.08946812500017
20
-204.91070362109372
30
0
0
VERTEX
8
AI4M_01_ATOM_INTERNAL
10
381.45058812500065
20
-208.2103346210938
30
0
0
VERTEX
8
AI4M_01_ATOM_INTERNAL
10
383.0431821250004
20
-211.40848962109374
30
0
0
VERTEX
8
AI4M_01_ATOM_INTERNAL
10
384.78737012500005
20
-214.36159662109367
30
0
0
VERTEX
8
AI4M_01_ATOM_INTERNAL
10
386.70334812500005
20
-217.1219446210937
30
0
0
VERTEX
8
AI4M_01_ATOM_INTERNAL
10
388.7375621249994
20
-219.62112262109372
30
0
0
VERTEX
8
AI4M_01_ATOM_INTERNAL
10
390.8751161250002
20
-221.85590562109383
30
0
0
VERTEX
8
AI4M_01_ATOM_INTERNAL
10
393.04121012500036
20
-223.76841862109382
30
0
0
VERTEX
8
AI4M_01_ATOM_INTERNAL
10
395.3086541249995
20
-225.4370096210937
30
0
0
VERTEX
8
AI4M_01_ATOM_INTERNAL
10
397.834046125
20
-226.9772636210937
30
0
0
VERTEX
8
AI4M_01_ATOM_INTERNAL
10
400.90152512500026
20
-228.53834662109375
30
0
0
VERTEX
8
AI4M_01_ATOM_INTERNAL
10
404.33674812500067
20
-229.99524562109377
30
0
0
VERTEX
8
AI4M_01_ATOM_INTERNAL
10
407.9374131250006
20
-231.2555876210938
30
0
0
VERTEX
8
AI4M_01_ATOM_INTERNAL
10
415.2481701249999
20
-233.56785362109372
30
0
0
VERTEX
8
AI4M_01_ATOM_INTERNAL
10
417.25313212499987
20
-234.25782562109373
30
0
0
SEQEND
8
AI4M_01_ATOM_INTERNAL
0
TEXT
8
AI4M_01_ATOM_INTERNAL
10
402.7101631250007
20
-43.41407562109384
30
0
40
2.5
1
AI4M_line_0220__seg_06_armhole_back_armhole_back
1001
AI4MANUFACTURING
1000
WRITEBACK_PHASE=01_ATOM_LABEL
1000
ENTITY_ID=line_0220__seg_06
999
AI4M_ENTITY=line_0220__seg_08;LINE_ROLE=hem_line;EDGE=hem_line;SOURCE_LAYER=8
0
POLYLINE
8
AI4M_01_ATOM_INTERNAL
66
1
70
0
1001
AI4MANUFACTURING
1000
WRITEBACK_PHASE=01_ATOM
1000
ENTITY_ID=line_0220__seg_08
1000
SOURCE_HANDLE=100
1000
LINE_ROLE=hem_line
1000
EDGE=hem_line
1000
CHAIN=piece_01_top_front_neckline
1000
PIECE_ID=piece_01
1000
SEAM_PAIR=
1000
PAIRED_CHAIN=
1000
NOTCH_CHAIN=
1000
NOTCH_SOURCE=
1000
PIECE_ROLE=front_body
1000
SEAM_ALLOWANCE_MM=
1000
SOURCE_LAYER=8
0
VERTEX
8
AI4M_01_ATOM_INTERNAL
10
392.60274112499974
20
-527.5976696210937
30
0
0
VERTEX
8
AI4M_01_ATOM_INTERNAL
10
376.71330512500026
20
-528.1083476210938
30
0
0
VERTEX
8
AI4M_01_ATOM_INTERNAL
10
360.8793721250004
20
-528.5630596210938
30
0
0
VERTEX
8
AI4M_01_ATOM_INTERNAL
10
345.416260125
20
-528.9490346210937
30
0
0
VERTEX
8
AI4M_01_ATOM_INTERNAL
10
330.27497412499997
20
-529.2561216210937
30
0
0
VERTEX
8
AI4M_01_ATOM_INTERNAL
10
314.4249681250003
20
-529.5114136210938
30
0
0
VERTEX
8
AI4M_01_ATOM_INTERNAL
10
298.57410012499986
20
-529.7226166210937
30
0
0
VERTEX
8
AI4M_01_ATOM_INTERNAL
10
283.04752712499976
20
-529.9087726210937
30
0
0
VERTEX
8
AI4M_01_ATOM_INTERNAL
10
267.19633112500014
20
-530.0810416210937
30
0
0
VERTEX
8
AI4M_01_ATOM_INTERNAL
10
251.34496712500004
20
-530.2225466210937
30
0
0
VERTEX
8
AI4M_01_ATOM_INTERNAL
10
236.23358612499942
20
-530.3168036210938
30
0
0
VERTEX
8
AI4M_01_ATOM_INTERNAL
10
220.94402512499983
20
-530.3723786210937
30
0
0
VERTEX
8
AI4M_01_ATOM_INTERNAL
10
208.6261791249999
20
-530.3945446210937
30
0
0
VERTEX
8
AI4M_01_ATOM_INTERNAL
10
192.6096541249999
20
-530.3618816210937
30
0
0
VERTEX
8
AI4M_01_ATOM_INTERNAL
10
176.6248101250003
20
-530.2940236210937
30
0
0
VERTEX
8
AI4M_01_ATOM_INTERNAL
10
160.78467812500003
20
-530.1809946210938
30
0
0
VERTEX
8
AI4M_01_ATOM_INTERNAL
10
144.9333821250002
20
-530.0280826210937
30
0
0
VERTEX
8
AI4M_01_ATOM_INTERNAL
10
129.0822151249995
20
-529.8487326210937
30
0
0
VERTEX
8
AI4M_01_ATOM_INTERNAL
10
113.95111512499989
20
-529.6628146210937
30
0
0
VERTEX
8
AI4M_01_ATOM_INTERNAL
10
98.1004401250002
20
-529.4409696210937
30
0
0
VERTEX
8
AI4M_01_ATOM_INTERNAL
10
82.25081112499993
20
-529.1678866210938
30
0
0
VERTEX
8
AI4M_01_ATOM_INTERNAL
10
66.7567671249999
20
-528.8295406210938
30
0
0
VERTEX
8
AI4M_01_ATOM_INTERNAL
10
51.67657112500001
20
-528.4338656210937
30
0
0
VERTEX
8
AI4M_01_ATOM_INTERNAL
10
36.86533412500012
20
-527.9953286210937
30
0
0
VERTEX
8
AI4M_01_ATOM_INTERNAL
10
24.64961612499974
20
-527.5976696210937
30
0
0
SEQEND
8
AI4M_01_ATOM_INTERNAL
0
TEXT
8
AI4M_01_ATOM_INTERNAL
10
392.60274112499974
20
-527.5976696210937
30
0
40
2.5
1
AI4M_line_0220__seg_08_hem_line_hem_line
1001
AI4MANUFACTURING
1000
WRITEBACK_PHASE=01_ATOM_LABEL
1000
ENTITY_ID=line_0220__seg_08
999
AI4M_ENTITY=line_1064__seg_02;LINE_ROLE=armhole_front;EDGE=armhole_front;SOURCE_LAYER=8
0
POLYLINE
8
AI4M_01_ATOM_INTERNAL
66
1
70
0
1001
AI4MANUFACTURING
1000
WRITEBACK_PHASE=01_ATOM
1000
ENTITY_ID=line_1064__seg_02
1000
SOURCE_HANDLE=102
1000
LINE_ROLE=armhole_front
1000
EDGE=armhole_front
1000
CHAIN=piece_02_left_side_seam
1000
PIECE_ID=piece_02
1000
SEAM_PAIR=
1000
PAIRED_CHAIN=
1000
NOTCH_CHAIN=
1000
NOTCH_SOURCE=
1000
PIECE_ROLE=back_body
1000
SEAM_ALLOWANCE_MM=
1000
SOURCE_LAYER=8
0
VERTEX
8
AI4M_01_ATOM_INTERNAL
10
437.5294751658357
20
-215.2148239882813
30
0
0
VERTEX
8
AI4M_01_ATOM_INTERNAL
10
446.09270216583536
20
-214.14463298828127
30
0
0
VERTEX
8
AI4M_01_ATOM_INTERNAL
10
453.1543181658353
20
-213.34186498828126
30
0
0
VERTEX
8
AI4M_01_ATOM_INTERNAL
10
457.26457616583593
20
-212.63392798828124
30
0
0
VERTEX
8
AI4M_01_ATOM_INTERNAL
10
461.11222616583564
20
-211.72250698828134
30
0
0
VERTEX
8
AI4M_01_ATOM_INTERNAL
10
464.9144421658357
20
-210.56949098828125
30
0
0
VERTEX
8
AI4M_01_ATOM_INTERNAL
10
468.215423165836
20
-209.3258149882813
30
0
0
VERTEX
8
AI4M_01_ATOM_INTERNAL
10
471.03030416583533
20
-208.0136329882812
30
0
0
VERTEX
8
AI4M_01_ATOM_INTERNAL
10
473.34038416583553
20
-206.6765389882812
30
0
0
VERTEX
8
AI4M_01_ATOM_INTERNAL
10
475.22837616583547
20
-205.31476498828124
30
0
0
SEQEND
8
AI4M_01_ATOM_INTERNAL
0
TEXT
8
AI4M_01_ATOM_INTERNAL
10
437.5294751658357
20
-215.2148239882813
30
0
40
2.5
1
AI4M_line_1064__seg_02_armhole_front_armhole_front
1001
AI4MANUFACTURING
1000
WRITEBACK_PHASE=01_ATOM_LABEL
1000
ENTITY_ID=line_1064__seg_02
999
AI4M_ENTITY=line_1064__seg_03;LINE_ROLE=armhole_front;EDGE=armhole_front;SOURCE_LAYER=8
0
POLYLINE
8
AI4M_01_ATOM_INTERNAL
66
1
70
0
1001
AI4MANUFACTURING
1000
WRITEBACK_PHASE=01_ATOM
1000
ENTITY_ID=line_1064__seg_03
1000
SOURCE_HANDLE=102
1000
LINE_ROLE=armhole_front
1000
EDGE=armhole_front
1000
CHAIN=piece_02_left_side_seam
1000
PIECE_ID=piece_02
1000
SEAM_PAIR=
1000
PAIRED_CHAIN=
1000
NOTCH_CHAIN=
1000
NOTCH_SOURCE=
1000
PIECE_ROLE=back_body
1000
SEAM_ALLOWANCE_MM=
1000
SOURCE_LAYER=8
0
VERTEX
8
AI4M_01_ATOM_INTERNAL
10
475.22837616583547
20
-205.31476498828124
30
0
0
VERTEX
8
AI4M_01_ATOM_INTERNAL
10
476.8428001658349
20
-203.84852398828127
30
0
0
VERTEX
8
AI4M_01_ATOM_INTERNAL
10
478.41394116583524
20
-202.0737509882813
30
0
0
VERTEX
8
AI4M_01_ATOM_INTERNAL
10
479.85825016583567
20
-200.05390898828125
30
0
0
VERTEX
8
AI4M_01_ATOM_INTERNAL
10
481.20693916583514
20
-197.72479198828125
30
0
0
VERTEX
8
AI4M_01_ATOM_INTERNAL
10
482.45508516583595
20
-195.04913098828126
30
0
0
VERTEX
8
AI4M_01_ATOM_INTERNAL
10
483.56857116583524
20
-192.04737898828125
30
0
0
VERTEX
8
AI4M_01_ATOM_INTERNAL
10
484.5234041658359
20
-188.74500698828126
30
0
0
VERTEX
8
AI4M_01_ATOM_INTERNAL
10
485.30830316583524
20
-185.14369998828124
30
0
0
VERTEX
8
AI4M_01_ATOM_INTERNAL
10
485.93282016583544
20
-181.04847198828134
30
0
0
VERTEX
8
AI4M_01_ATOM_INTERNAL
10
486.37058316583534
20
-176.56839598828128
30
0
0
VERTEX
8
AI4M_01_ATOM_INTERNAL
10
486.48430416583597
20
-173.09737198828134
30
0
0
VERTEX
8
AI4M_01_ATOM_INTERNAL
10
486.48553016583537
20
-171.79282198828128
30
0
0
VERTEX
8
AI4M_01_ATOM_INTERNAL
10
486.4855511658352
20
-171.78711798828135
30
0
0
VERTEX
8
AI4M_01_ATOM_INTERNAL
10
486.45044816583595
20
-166.42401298828122
30
0
0
VERTEX
8
AI4M_01_ATOM_INTERNAL
10
486.10459216583513
20
-161.5860899882813
30
0
0
VERTEX
8
AI4M_01_ATOM_INTERNAL
10
485.40515916583536
20
-155.32078198828128
30
0
0
VERTEX
8
AI4M_01_ATOM_INTERNAL
10
484.4028491658355
20
-148.67985398828125
30
0
0
VERTEX
8
AI4M_01_ATOM_INTERNAL
10
483.0421831658359
20
-141.3064509882813
30
0
0
VERTEX
8
AI4M_01_ATOM_INTERNAL
10
481.8674931658352
20
-136.13231098828123
30
0
0
VERTEX
8
AI4M_01_ATOM_INTERNAL
10
481.2223771658355
20
-133.59385098828125
30
0
0
VERTEX
8
AI4M_01_ATOM_INTERNAL
10
481.2211481658351
20
-133.58898198828126
30
0
0
VERTEX
8
AI4M_01_ATOM_INTERNAL
10
479.2929511658358
20
-126.17509798828132
30
0
0
VERTEX
8
AI4M_01_ATOM_INTERNAL
10
477.27801016583544
20
-119.64060498828121
30
0
0
VERTEX
8
AI4M_01_ATOM_INTERNAL
10
474.3809621658356
20
-111.0985579882813
30
0
0
VERTEX
8
AI4M_01_ATOM_INTERNAL
10
471.279551165836
20
-102.72596898828124
30
0
0
VERTEX
8
AI4M_01_ATOM_INTERNAL
10
467.2747061658347
20
-92.6842399882812
30
0
0
VERTEX
8
AI4M_01_ATOM_INTERNAL
10
462.3989141658358
20
-81.16068298828122
30
0
0
VERTEX
8
AI4M_01_ATOM_INTERNAL
10
456.78924116583494
20
-68.09372998828121
30
0
0
SEQEND
8
AI4M_01_ATOM_INTERNAL
0
TEXT
8
AI4M_01_ATOM_INTERNAL
10
475.22837616583547
20
-205.31476498828124
30
0
40
2.5
1
AI4M_line_1064__seg_03_armhole_front_armhole_front
1001
AI4MANUFACTURING
1000
WRITEBACK_PHASE=01_ATOM_LABEL
1000
ENTITY_ID=line_1064__seg_03
999
AI4M_ENTITY=line_1064__seg_04;LINE_ROLE=shoulder_line;EDGE=shoulder_line;SOURCE_LAYER=8
0
POLYLINE
8
AI4M_01_ATOM_INTERNAL
66
1
70
0
1001
AI4MANUFACTURING
1000
WRITEBACK_PHASE=01_ATOM
1000
ENTITY_ID=line_1064__seg_04
1000
SOURCE_HANDLE=102
1000
LINE_ROLE=shoulder_line
1000
EDGE=shoulder_line
1000
CHAIN=piece_02_bottom_hem
1000
PIECE_ID=piece_02
1000
SEAM_PAIR=
1000
PAIRED_CHAIN=
1000
NOTCH_CHAIN=
1000
NOTCH_SOURCE=
1000
PIECE_ROLE=back_body
1000
SEAM_ALLOWANCE_MM=
1000
SOURCE_LAYER=8
0
VERTEX
8
AI4M_01_ATOM_INTERNAL
10
456.78924116583494
20
-68.09372998828121
30
0
0
VERTEX
8
AI4M_01_ATOM_INTERNAL
10
562.8971511658356
20
0.0000200117187887372
30
0
0
SEQEND
8
AI4M_01_ATOM_INTERNAL
0
TEXT
8
AI4M_01_ATOM_INTERNAL
10
456.78924116583494
20
-68.09372998828121
30
0
40
2.5
1
AI4M_line_1064__seg_04_shoulder_line_shoulder_line
1001
AI4MANUFACTURING
1000
WRITEBACK_PHASE=01_ATOM_LABEL
1000
ENTITY_ID=line_1064__seg_04
999
AI4M_ENTITY=line_1064__seg_05;LINE_ROLE=neckline;EDGE=neckline;SOURCE_LAYER=8
0
POLYLINE
8
AI4M_01_ATOM_INTERNAL
66
1
70
0
1001
AI4MANUFACTURING
1000
WRITEBACK_PHASE=01_ATOM
1000
ENTITY_ID=line_1064__seg_05
1000
SOURCE_HANDLE=102
1000
LINE_ROLE=neckline
1000
EDGE=neckline
1000
CHAIN=piece_02_bottom_hem
1000
PIECE_ID=piece_02
1000
SEAM_PAIR=
1000
PAIRED_CHAIN=
1000
NOTCH_CHAIN=
1000
NOTCH_SOURCE=
1000
PIECE_ROLE=back_body
1000
SEAM_ALLOWANCE_MM=
1000
SOURCE_LAYER=8
0
VERTEX
8
AI4M_01_ATOM_INTERNAL
10
562.8971511658356
20
0.0000200117187887372
30
0
0
VERTEX
8
AI4M_01_ATOM_INTERNAL
10
566.2676451658353
20
-14.752349988281367
30
0
0
VERTEX
8
AI4M_01_ATOM_INTERNAL
10
568.3339351658351
20
-23.495431988281325
30
0
0
VERTEX
8
AI4M_01_ATOM_INTERNAL
10
570.0541371658355
20
-29.789600988281336
30
0
0
VERTEX
8
AI4M_01_ATOM_INTERNAL
10
571.8309241658353
20
-35.39450598828125
30
0
0
VERTEX
8
AI4M_01_ATOM_INTERNAL
10
573.6916361658359
20
-40.479903988281194
30
0
0
VERTEX
8
AI4M_01_ATOM_INTERNAL
10
575.6745801658353
20
-45.205931988281236
30
0
0
VERTEX
8
AI4M_01_ATOM_INTERNAL
10
577.7877391658358
20
-49.624584988281185
30
0
0
VERTEX
8
AI4M_01_ATOM_INTERNAL
10
580.0139781658354
20
-53.72663598828126
30
0
0
VERTEX
8
AI4M_01_ATOM_INTERNAL
10
582.5608111658357
20
-57.89967198828117
30
0
0
VERTEX
8
AI4M_01_ATOM_INTERNAL
10
584.8255171658357
20
-61.19407798828138
30
0
0
VERTEX
8
AI4M_01_ATOM_INTERNAL
10
588.0122891658348
20
-65.23281898828122
30
0
0
VERTEX
8
AI4M_01_ATOM_INTERNAL
10
588.2526731658354
20
-65.53336498828116
30
0
0
VERTEX
8
AI4M_01_ATOM_INTERNAL
10
588.2541781658356
20
-65.53525398828128
30
0
0
VERTEX
8
AI4M_01_ATOM_INTERNAL
10
590.1326201658349
20
-67.75676198828137
30
0
0
VERTEX
8
AI4M_01_ATOM_INTERNAL
10
592.8348401658359
20
-70.50247598828128
30
0
0
VERTEX
8
AI4M_01_ATOM_INTERNAL
10
595.792828165836
20
-73.19063098828133
30
0
0
VERTEX
8
AI4M_01_ATOM_INTERNAL
10
598.6922861658359
20
-75.49473798828126
30
0
0
VERTEX
8
AI4M_01_ATOM_INTERNAL
10
601.9025741658352
20
-77.72839298828126
30
0
0
VERTEX
8
AI4M_01_ATOM_INTERNAL
10
605.2730331658358
20
-79.77529398828119
30
0
0
VERTEX
8
AI4M_01_ATOM_INTERNAL
10
608.8132771658356
20
-81.63207398828126
30
0
0
VERTEX
8
AI4M_01_ATOM_INTERNAL
10
612.5077141658358
20
-83.28766598828133
30
0
0
VERTEX
8
AI4M_01_ATOM_INTERNAL
10
616.3715221658358
20
-84.74172298828125
30
0
0
VERTEX
8
AI4M_01_ATOM_INTERNAL
10
620.6520201658359
20
-86.07840098828137
30
0
0
VERTEX
8
AI4M_01_ATOM_INTERNAL
10
625.3188951658349
20
-87.27339298828133
30
0
0
VERTEX
8
AI4M_01_ATOM_INTERNAL
10
630.2918401658353
20
-88.28793398828134
30
0
0
VERTEX
8
AI4M_01_ATOM_INTERNAL
10
635.614876165836
20
-89.12351598828127
30
0
0
VERTEX
8
AI4M_01_ATOM_INTERNAL
10
640.4355071658347
20
-89.64305598828128
30
0
0
VERTEX
8
AI4M_01_ATOM_INTERNAL
10
646.1593581658353
20
-89.9804489882813
30
0
0
VERTEX
8
AI4M_01_ATOM_INTERNAL
10
652.5068001658356
20
-89.59022598828119
30
0
0
VERTEX
8
AI4M_01_ATOM_INTERNAL
10
657.2786191658352
20
-89.0455089882812
30
0
0
VERTEX
8
AI4M_01_ATOM_INTERNAL
10
662.6766111658353
20
-88.16904698828125
30
0
0
VERTEX
8
AI4M_01_ATOM_INTERNAL
10
667.6466561658353
20
-87.12266898828125
30
0
0
VERTEX
8
AI4M_01_ATOM_INTERNAL
10
672.3050891658359
20
-85.89479498828132
30
0
0
VERTEX
8
AI4M_01_ATOM_INTERNAL
10
676.5531921658358
20
-84.53082598828132
30
0
0
VERTEX
8
AI4M_01_ATOM_INTERNAL
10
680.3523231658355
20
-83.0620319882812
30
0
0
VERTEX
8
AI4M_01_ATOM_INTERNAL
10
684.0123731658359
20
-81.38343698828135
30
0
0
VERTEX
8
AI4M_01_ATOM_INTERNAL
10
687.5360801658353
20
-79.49553798828128
30
0
0
VERTEX
8
AI4M_01_ATOM_INTERNAL
10
690.8901421658347
20
-77.41712898828132
30
0
0
VERTEX
8
AI4M_01_ATOM_INTERNAL
10
694.106706165835
20
-75.13429798828133
30
0
0
VERTEX
8
AI4M_01_ATOM_INTERNAL
10
696.9820371658352
20
-72.79859498828137
30
0
0
SEQEND
8
AI4M_01_ATOM_INTERNAL
0
TEXT
8
AI4M_01_ATOM_INTERNAL
10
562.8971511658356
20
0.0000200117187887372
30
0
40
2.5
1
AI4M_line_1064__seg_05_neckline_neckline
1001
AI4MANUFACTURING
1000
WRITEBACK_PHASE=01_ATOM_LABEL
1000
ENTITY_ID=line_1064__seg_05
999
AI4M_ENTITY=line_1064__seg_06;LINE_ROLE=neckline;EDGE=neckline;SOURCE_LAYER=8
0
POLYLINE
8
AI4M_01_ATOM_INTERNAL
66
1
70
0
1001
AI4MANUFACTURING
1000
WRITEBACK_PHASE=01_ATOM
1000
ENTITY_ID=line_1064__seg_06
1000
SOURCE_HANDLE=102
1000
LINE_ROLE=neckline
1000
EDGE=neckline
1000
CHAIN=piece_02_bottom_hem
1000
PIECE_ID=piece_02
1000
SEAM_PAIR=
1000
PAIRED_CHAIN=
1000
NOTCH_CHAIN=
1000
NOTCH_SOURCE=
1000
PIECE_ROLE=back_body
1000
SEAM_ALLOWANCE_MM=
1000
SOURCE_LAYER=8
0
VERTEX
8
AI4M_01_ATOM_INTERNAL
10
696.9820371658352
20
-72.79859498828137
30
0
0
VERTEX
8
AI4M_01_ATOM_INTERNAL
10
699.9264481658347
20
-70.0741989882813
30
0
0
VERTEX
8
AI4M_01_ATOM_INTERNAL
10
702.5599911658355
20
-67.34237298828134
30
0
0
VERTEX
8
AI4M_01_ATOM_INTERNAL
10
704.064758165835
20
-65.53497698828119
30
0
0
VERTEX
8
AI4M_01_ATOM_INTERNAL
10
704.0652961658352
20
-65.53430198828119
30
0
0
VERTEX
8
AI4M_01_ATOM_INTERNAL
10
707.0033241658357
20
-61.84848098828138
30
0
0
VERTEX
8
AI4M_01_ATOM_INTERNAL
10
709.1841181658356
20
-58.774497988281155
30
0
0
VERTEX
8
AI4M_01_ATOM_INTERNAL
10
711.7004091658355
20
-54.76071898828127
30
0
0
VERTEX
8
AI4M_01_ATOM_INTERNAL
10
714.0349591658351
20
-50.584320988281206
30
0
0
VERTEX
8
AI4M_01_ATOM_INTERNAL
10
716.1868551658354
20
-46.21234298828131
30
0
0
VERTEX
8
AI4M_01_ATOM_INTERNAL
10
718.2187141658351
20
-41.507164988281374
30
0
0
VERTEX
8
AI4M_01_ATOM_INTERNAL
10
720.0913761658348
20
-36.54050498828133
30
0
0
VERTEX
8
AI4M_01_ATOM_INTERNAL
10
721.8718111658354
20
-31.102079988281275
30
0
0
VERTEX
8
AI4M_01_ATOM_INTERNAL
10
723.5737501658359
20
-25.08594198828132
30
0
0
VERTEX
8
AI4M_01_ATOM_INTERNAL
10
725.4084781658357
20
-17.582774988281244
30
0
0
VERTEX
8
AI4M_01_ATOM_INTERNAL
10
728.7362551658352
20
-2.9270369882813156
30
0
0
VERTEX
8
AI4M_01_ATOM_INTERNAL
10
729.4220531658348
20
0.0000200117187887372
30
0
0
SEQEND
8
AI4M_01_ATOM_INTERNAL
0
TEXT
8
AI4M_01_ATOM_INTERNAL
10
696.9820371658352
20
-72.79859498828137
30
0
40
2.5
1
AI4M_line_1064__seg_06_neckline_neckline
1001
AI4MANUFACTURING
1000
WRITEBACK_PHASE=01_ATOM_LABEL
1000
ENTITY_ID=line_1064__seg_06
999
AI4M_ENTITY=line_1064__seg_07;LINE_ROLE=shoulder_line;EDGE=shoulder_line;SOURCE_LAYER=8
0
POLYLINE
8
AI4M_01_ATOM_INTERNAL
66
1
70
0
1001
AI4MANUFACTURING
1000
WRITEBACK_PHASE=01_ATOM
1000
ENTITY_ID=line_1064__seg_07
1000
SOURCE_HANDLE=102
1000
LINE_ROLE=shoulder_line
1000
EDGE=shoulder_line
1000
CHAIN=piece_02_bottom_hem
1000
PIECE_ID=piece_02
1000
SEAM_PAIR=
1000
PAIRED_CHAIN=
1000
NOTCH_CHAIN=
1000
NOTCH_SOURCE=
1000
PIECE_ROLE=back_body
1000
SEAM_ALLOWANCE_MM=
1000
SOURCE_LAYER=8
0
VERTEX
8
AI4M_01_ATOM_INTERNAL
10
729.4220531658348
20
0.0000200117187887372
30
0
0
VERTEX
8
AI4M_01_ATOM_INTERNAL
10
835.5294751658357
20
-68.09372998828121
30
0
0
SEQEND
8
AI4M_01_ATOM_INTERNAL
0
TEXT
8
AI4M_01_ATOM_INTERNAL
10
729.4220531658348
20
0.0000200117187887372
30
0
40
2.5
1
AI4M_line_1064__seg_07_shoulder_line_shoulder_line
1001
AI4MANUFACTURING
1000
WRITEBACK_PHASE=01_ATOM_LABEL
1000
ENTITY_ID=line_1064__seg_07
999
AI4M_ENTITY=line_1064__seg_08;LINE_ROLE=armhole_front;EDGE=armhole_front;SOURCE_LAYER=8
0
POLYLINE
8
AI4M_01_ATOM_INTERNAL
66
1
70
0
1001
AI4MANUFACTURING
1000
WRITEBACK_PHASE=01_ATOM
1000
ENTITY_ID=line_1064__seg_08
1000
SOURCE_HANDLE=102
1000
LINE_ROLE=armhole_front
1000
EDGE=armhole_front
1000
CHAIN=piece_02_right_side_seam
1000
PIECE_ID=piece_02
1000
SEAM_PAIR=
1000
PAIRED_CHAIN=
1000
NOTCH_CHAIN=
1000
NOTCH_SOURCE=
1000
PIECE_ROLE=back_body
1000
SEAM_ALLOWANCE_MM=
1000
SOURCE_LAYER=8
0
VERTEX
8
AI4M_01_ATOM_INTERNAL
10
835.5294751658357
20
-68.09372998828121
30
0
0
VERTEX
8
AI4M_01_ATOM_INTERNAL
10
829.5403331658354
20
-82.03901298828123
30
0
0
VERTEX
8
AI4M_01_ATOM_INTERNAL
10
824.7133631658353
20
-93.49024198828124
30
0
0
VERTEX
8
AI4M_01_ATOM_INTERNAL
10
820.7773891658353
20
-103.4084039882813
30
0
0
VERTEX
8
AI4M_01_ATOM_INTERNAL
10
817.714082165835
20
-111.73280598828126
30
0
0
VERTEX
8
AI4M_01_ATOM_INTERNAL
10
814.8322591658352
20
-120.28676598828133
30
0
0
VERTEX
8
AI4M_01_ATOM_INTERNAL
10
812.8538251658347
20
-126.7819559882812
30
0
0
VERTEX
8
AI4M_01_ATOM_INTERNAL
10
811.0975071658349
20
-133.58922498828133
30
0
0
VERTEX
8
AI4M_01_ATOM_INTERNAL
10
811.0963531658354
20
-133.59379698828127
30
0
0
VERTEX
8
AI4M_01_ATOM_INTERNAL
10
809.9281621658347
20
-138.30049698828134
30
0
0
VERTEX
8
AI4M_01_ATOM_INTERNAL
10
808.7319221658354
20
-144.09476798828132
30
0
0
VERTEX
8
AI4M_01_ATOM_INTERNAL
10
807.4422851658355
20
-151.62045298828127
30
0
0
VERTEX
8
AI4M_01_ATOM_INTERNAL
10
806.5970741658357
20
-157.89490998828126
30
0
0
VERTEX
8
AI4M_01_ATOM_INTERNAL
10
806.0049721658352
20
-164.10047198828124
30
0
0
VERTEX
8
AI4M_01_ATOM_INTERNAL
10
805.8175611658353
20
-168.2656049882812
30
0
0
VERTEX
8
AI4M_01_ATOM_INTERNAL
10
805.8331631658357
20
-171.78663498828132
30
0
0
VERTEX
8
AI4M_01_ATOM_INTERNAL
10
805.8331861658353
20
-171.7928549882813
30
0
0
VERTEX
8
AI4M_01_ATOM_INTERNAL
10
805.9193731658352
20
-176.10198998828128
30
0
0
VERTEX
8
AI4M_01_ATOM_INTERNAL
10
806.300858165835
20
-180.33638098828123
30
0
0
VERTEX
8
AI4M_01_ATOM_INTERNAL
10
806.9056411658357
20
-184.56066098828126
30
0
0
VERTEX
8
AI4M_01_ATOM_INTERNAL
10
807.685355165836
20
-188.30083798828127
30
0
0
VERTEX
8
AI4M_01_ATOM_INTERNAL
10
808.647708165835
20
-191.72986998828128
30
0
0
VERTEX
8
AI4M_01_ATOM_INTERNAL
10
809.7525661658356
20
-194.77937998828133
30
0
0
VERTEX
8
AI4M_01_ATOM_INTERNAL
10
811.003150165835
20
-197.5144939882813
30
0
0
VERTEX
8
AI4M_01_ATOM_INTERNAL
10
812.3691821658349
20
-199.91094298828125
30
0
0
VERTEX
8
AI4M_01_ATOM_INTERNAL
10
813.8089761658348
20
-201.95187198828125
30
0
0
VERTEX
8
AI4M_01_ATOM_INTERNAL
10
815.3781881658351
20
-203.74897398828125
30
0
0
VERTEX
8
AI4M_01_ATOM_INTERNAL
10
817.021021165835
20
-205.25829098828126
30
0
0
SEQEND
8
AI4M_01_ATOM_INTERNAL
0
TEXT
8
AI4M_01_ATOM_INTERNAL
10
835.5294751658357
20
-68.09372998828121
30
0
40
2.5
1
AI4M_line_1064__seg_08_armhole_front_armhole_front
1001
AI4MANUFACTURING
1000
WRITEBACK_PHASE=01_ATOM_LABEL
1000
ENTITY_ID=line_1064__seg_08
999
AI4M_ENTITY=line_1064__seg_09;LINE_ROLE=armhole_front;EDGE=armhole_front;SOURCE_LAYER=8
0
POLYLINE
8
AI4M_01_ATOM_INTERNAL
66
1
70
0
1001
AI4MANUFACTURING
1000
WRITEBACK_PHASE=01_ATOM
1000
ENTITY_ID=line_1064__seg_09
1000
SOURCE_HANDLE=102
1000
LINE_ROLE=armhole_front
1000
EDGE=armhole_front
1000
CHAIN=piece_02_right_side_seam
1000
PIECE_ID=piece_02
1000
SEAM_PAIR=
1000
PAIRED_CHAIN=
1000
NOTCH_CHAIN=
1000
NOTCH_SOURCE=
1000
PIECE_ROLE=back_body
1000
SEAM_ALLOWANCE_MM=
1000
SOURCE_LAYER=8
0
VERTEX
8
AI4M_01_ATOM_INTERNAL
10
817.021021165835
20
-205.25829098828126
30
0
0
VERTEX
8
AI4M_01_ATOM_INTERNAL
10
818.8575561658354
20
-206.59802798828127
30
0
0
VERTEX
8
AI4M_01_ATOM_INTERNAL
10
821.1578421658351
20
-207.9453219882812
30
0
0
VERTEX
8
AI4M_01_ATOM_INTERNAL
10
823.8333221658349
20
-209.21165998828133
30
0
0
VERTEX
8
AI4M_01_ATOM_INTERNAL
10
827.0952261658358
20
-210.4636499882813
30
0
0
VERTEX
8
AI4M_01_ATOM_INTERNAL
10
830.8362261658358
20
-211.62129098828132
30
0
0
VERTEX
8
AI4M_01_ATOM_INTERNAL
10
834.696179165835
20
-212.5597859882812
30
0
0
VERTEX
8
AI4M_01_ATOM_INTERNAL
10
838.7067001658352
20
-213.27530798828127
30
0
0
VERTEX
8
AI4M_01_ATOM_INTERNAL
10
843.9803291658354
20
-213.91108598828123
30
0
0
VERTEX
8
AI4M_01_ATOM_INTERNAL
10
851.6298501658357
20
-214.7862869882813
30
0
0
VERTEX
8
AI4M_01_ATOM_INTERNAL
10
854.7892411658349
20
-215.2148239882813
30
0
0
SEQEND
8
AI4M_01_ATOM_INTERNAL
0
TEXT
8
AI4M_01_ATOM_INTERNAL
10
817.021021165835
20
-205.25829098828126
30
0
40
2.5
1
AI4M_line_1064__seg_09_armhole_front_armhole_front
1001
AI4MANUFACTURING
1000
WRITEBACK_PHASE=01_ATOM_LABEL
1000
ENTITY_ID=line_1064__seg_09
999
AI4M_ENTITY=line_1064__seg_11;LINE_ROLE=hem_line;EDGE=hem_line;SOURCE_LAYER=8
0
POLYLINE
8
AI4M_01_ATOM_INTERNAL
66
1
70
0
1001
AI4MANUFACTURING
1000
WRITEBACK_PHASE=01_ATOM
1000
ENTITY_ID=line_1064__seg_11
1000
SOURCE_HANDLE=102
1000
LINE_ROLE=hem_line
1000
EDGE=hem_line
1000
CHAIN=piece_02_top_back_neckline
1000
PIECE_ID=piece_02
1000
SEAM_PAIR=
1000
PAIRED_CHAIN=
1000
NOTCH_CHAIN=
1000
NOTCH_SOURCE=
1000
PIECE_ROLE=back_body
1000
SEAM_ALLOWANCE_MM=
1000
SOURCE_LAYER=8
0
VERTEX
8
AI4M_01_ATOM_INTERNAL
10
838.8888501658357
20
-516.5624799882812
30
0
0
VERTEX
8
AI4M_01_ATOM_INTERNAL
10
823.3430131658351
20
-518.0573449882813
30
0
0
VERTEX
8
AI4M_01_ATOM_INTERNAL
10
808.0822271658353
20
-519.4698769882813
30
0
0
VERTEX
8
AI4M_01_ATOM_INTERNAL
10
792.7527511658354
20
-520.8189499882812
30
0
0
VERTEX
8
AI4M_01_ATOM_INTERNAL
10
777.2728151658348
20
-522.0950259882812
30
0
0
VERTEX
8
AI4M_01_ATOM_INTERNAL
10
762.155714165835
20
-523.2578809882813
30
0
0
VERTEX
8
AI4M_01_ATOM_INTERNAL
10
746.6623141658356
20
-524.3593219882813
30
0
0
VERTEX
8
AI4M_01_ATOM_INTERNAL
10
731.5002761658352
20
-525.3331939882812
30
0
0
VERTEX
8
AI4M_01_ATOM_INTERNAL
10
715.992436165835
20
-526.2066529882812
30
0
0
VERTEX
8
AI4M_01_ATOM_INTERNAL
10
700.6682751658354
20
-526.9338959882813
30
0
0
VERTEX
8
AI4M_01_ATOM_INTERNAL
10
685.1463691658355
20
-527.5097749882813
30
0
0
VERTEX
8
AI4M_01_ATOM_INTERNAL
10
669.9315081658351
20
-527.8884499882813
30
0
0
VERTEX
8
AI4M_01_ATOM_INTERNAL
10
654.7392291658352
20
-528.1153159882813
30
0
0
VERTEX
8
AI4M_01_ATOM_INTERNAL
10
646.1124831658353
20
-528.1874799882812
30
0
0
VERTEX
8
AI4M_01_ATOM_INTERNAL
10
630.4540101658358
20
-528.0248419882812
30
0
0
VERTEX
8
AI4M_01_ATOM_INTERNAL
10
615.2232721658356
20
-527.7328799882813
30
0
0
VERTEX
8
AI4M_01_ATOM_INTERNAL
10
599.8390731658355
20
-527.2600899882813
30
0
0
VERTEX
8
AI4M_01_ATOM_INTERNAL
10
584.4897971658347
20
-526.6118139882813
30
0
0
VERTEX
8
AI4M_01_ATOM_INTERNAL
10
568.9875981658352
20
-525.8096699882813
30
0
0
VERTEX
8
AI4M_01_ATOM_INTERNAL
10
553.666933165835
20
-524.8876759882812
30
0
0
VERTEX
8
AI4M_01_ATOM_INTERNAL
10
538.1794561658353
20
-523.8400979882813
30
0
0
VERTEX
8
AI4M_01_ATOM_INTERNAL
10
523.0167901658351
20
-522.7183439882813
30
0
0
VERTEX
8
AI4M_01_ATOM_INTERNAL
10
507.5427491658347
20
-521.4873209882812
30
0
0
VERTEX
8
AI4M_01_ATOM_INTERNAL
10
492.0759301658354
20
-520.1701319882812
30
0
0
VERTEX
8
AI4M_01_ATOM_INTERNAL
10
476.7407561658356
20
-518.7832499882813
30
0
0
VERTEX
8
AI4M_01_ATOM_INTERNAL
10
461.8517891658348
20
-517.3794009882813
30
0
0
VERTEX
8
AI4M_01_ATOM_INTERNAL
10
453.4303541658355
20
-516.5624799882812
30
0
0
SEQEND
8
AI4M_01_ATOM_INTERNAL
0
TEXT
8
AI4M_01_ATOM_INTERNAL
10
838.8888501658357
20
-516.5624799882812
30
0
40
2.5
1
AI4M_line_1064__seg_11_hem_line_hem_line
1001
AI4MANUFACTURING
1000
WRITEBACK_PHASE=01_ATOM_LABEL
1000
ENTITY_ID=line_1064__seg_11
999
AI4M_ENTITY=line_1923__seg_01;LINE_ROLE=sleeve_underarm_seam;EDGE=sleeve_underarm_seam;SOURCE_LAYER=8
0
POLYLINE
8
AI4M_01_ATOM_INTERNAL
66
1
70
0
1001
AI4MANUFACTURING
1000
WRITEBACK_PHASE=01_ATOM
1000
ENTITY_ID=line_1923__seg_01
1000
SOURCE_HANDLE=104
1000
LINE_ROLE=sleeve_underarm_seam
1000
EDGE=sleeve_underarm_seam
1000
CHAIN=piece_03_left_side_seam
1000
PIECE_ID=piece_03
1000
SEAM_PAIR=
1000
PAIRED_CHAIN=
1000
NOTCH_CHAIN=
1000
NOTCH_SOURCE=
1000
PIECE_ROLE=sleeve
1000
SEAM_ALLOWANCE_MM=
1000
SOURCE_LAYER=8
0
VERTEX
8
AI4M_01_ATOM_INTERNAL
10
920.5130686129214
20
-638.55363315625
30
0
0
VERTEX
8
AI4M_01_ATOM_INTERNAL
10
922.1797216129216
20
-623.37123215625
30
0
0
VERTEX
8
AI4M_01_ATOM_INTERNAL
10
922.6971506129221
20
-618.58488315625
30
0
0
VERTEX
8
AI4M_01_ATOM_INTERNAL
10
921.3108376129212
20
-602.37918815625
30
0
0
VERTEX
8
AI4M_01_ATOM_INTERNAL
10
920.0078216129214
20
-587.3220881562501
30
0
0
VERTEX
8
AI4M_01_ATOM_INTERNAL
10
918.6928416129222
20
-572.2660241562501
30
0
0
VERTEX
8
AI4M_01_ATOM_INTERNAL
10
917.3365176129219
20
-556.84949615625
30
0
0
VERTEX
8
AI4M_01_ATOM_INTERNAL
10
916.003441612921
20
-541.7950231562501
30
0
0
VERTEX
8
AI4M_01_ATOM_INTERNAL
10
914.6612756129216
20
-526.74136315625
30
0
0
VERTEX
8
AI4M_01_ATOM_INTERNAL
10
913.3245926129212
20
-511.85832115625
30
0
0
VERTEX
8
AI4M_01_ATOM_INTERNAL
10
911.9030056129222
20
-496.15205415624996
30
0
0
VERTEX
8
AI4M_01_ATOM_INTERNAL
10
910.5308556129212
20
-481.10110115625
30
0
0
VERTEX
8
AI4M_01_ATOM_INTERNAL
10
909.1500636129213
20
-466.05092715625005
30
0
0
VERTEX
8
AI4M_01_ATOM_INTERNAL
10
907.7391506129215
20
-450.76230115625003
30
0
0
VERTEX
8
AI4M_01_ATOM_INTERNAL
10
906.339435612922
20
-435.71386115625
30
0
0
VERTEX
8
AI4M_01_ATOM_INTERNAL
10
904.923747612921
20
-420.66693215625
30
0
0
VERTEX
8
AI4M_01_ATOM_INTERNAL
10
903.486881612921
20
-405.62202615625006
30
0
0
VERTEX
8
AI4M_01_ATOM_INTERNAL
10
901.9961026129213
20
-390.25307515625
30
0
0
VERTEX
8
AI4M_01_ATOM_INTERNAL
10
900.8056176129221
20
-378.02699415625
30
0
0
VERTEX
8
AI4M_01_ATOM_INTERNAL
10
900.8055716129211
20
-378.02652115625006
30
0
0
VERTEX
8
AI4M_01_ATOM_INTERNAL
10
900.4880606129218
20
-374.75614815625
30
0
0
VERTEX
8
AI4M_01_ATOM_INTERNAL
10
899.0287276129211
20
-359.71339315625005
30
0
0
VERTEX
8
AI4M_01_ATOM_INTERNAL
10
897.5502286129222
20
-344.63046515625
30
0
0
VERTEX
8
AI4M_01_ATOM_INTERNAL
10
896.0526626129222
20
-329.59147215625
30
0
0
VERTEX
8
AI4M_01_ATOM_INTERNAL
10
894.5367056129217
20
-314.55430315624994
30
0
0
VERTEX
8
AI4M_01_ATOM_INTERNAL
10
893.0074866129216
20
-299.51847015625003
30
0
0
VERTEX
8
AI4M_01_ATOM_INTERNAL
10
891.4585336129212
20
-284.37691415625
30
0
0
VERTEX
8
AI4M_01_ATOM_INTERNAL
10
889.9126026129215
20
-269.34281515625
30
0
0
VERTEX
8
AI4M_01_ATOM_INTERNAL
10
888.3585856129221
20
-254.30955215625
30
0
0
VERTEX
8
AI4M_01_ATOM_INTERNAL
10
886.7974316129212
20
-239.28887615625
30
0
0
VERTEX
8
AI4M_01_ATOM_INTERNAL
10
885.2254496129217
20
-224.25747015625006
30
0
0
VERTEX
8
AI4M_01_ATOM_INTERNAL
10
883.6416746129216
20
-209.22730415625006
30
0
0
VERTEX
8
AI4M_01_ATOM_INTERNAL
10
881.9960366129217
20
-193.75076815624993
30
0
0
VERTEX
8
AI4M_01_ATOM_INTERNAL
10
880.383688612922
20
-178.72364915625008
30
0
0
VERTEX
8
AI4M_01_ATOM_INTERNAL
10
878.7638946129218
20
-163.69732615625003
30
0
0
VERTEX
8
AI4M_01_ATOM_INTERNAL
10
877.0957356129211
20
-148.21652415625
30
0
0
VERTEX
8
AI4M_01_ATOM_INTERNAL
10
875.5100726129212
20
-133.44649515624997
30
0
0
VERTEX
8
AI4M_01_ATOM_INTERNAL
10
875.0658036129216
20
-129.29972715625013
30
0
0
SEQEND
8
AI4M_01_ATOM_INTERNAL
0
TEXT
8
AI4M_01_ATOM_INTERNAL
10
920.5130686129214
20
-638.55363315625
30
0
40
2.5
1
AI4M_line_1923__seg_01_sleeve_underarm_seam_sleeve_underarm_seam
1001
AI4MANUFACTURING
1000
WRITEBACK_PHASE=01_ATOM_LABEL
1000
ENTITY_ID=line_1923__seg_01
999
AI4M_ENTITY=line_1923__seg_02;LINE_ROLE=armhole_seam;EDGE=armhole_seam;SOURCE_LAYER=8
0
POLYLINE
8
AI4M_01_ATOM_INTERNAL
66
1
70
0
1001
AI4MANUFACTURING
1000
WRITEBACK_PHASE=01_ATOM
1000
ENTITY_ID=line_1923__seg_02
1000
SOURCE_HANDLE=104
1000
LINE_ROLE=armhole_seam
1000
EDGE=armhole_seam
1000
CHAIN=piece_03_bottom_cuff_edge
1000
PIECE_ID=piece_03
1000
SEAM_PAIR=
1000
PAIRED_CHAIN=
1000
NOTCH_CHAIN=
1000
NOTCH_SOURCE=
1000
PIECE_ROLE=sleeve
1000
SEAM_ALLOWANCE_MM=
1000
SOURCE_LAYER=8
0
VERTEX
8
AI4M_01_ATOM_INTERNAL
10
875.0658036129216
20
-129.29972715625013
30
0
0
VERTEX
8
AI4M_01_ATOM_INTERNAL
10
882.2840646129216
20
-127.33488315625004
30
0
0
VERTEX
8
AI4M_01_ATOM_INTERNAL
10
888.6742016129219
20
-125.71769615624999
30
0
0
VERTEX
8
AI4M_01_ATOM_INTERNAL
10
892.1728916129223
20
-124.56518015625011
30
0
0
VERTEX
8
AI4M_01_ATOM_INTERNAL
10
895.5217226129216
20
-123.21387215625009
30
0
0
VERTEX
8
AI4M_01_ATOM_INTERNAL
10
898.2621896129212
20
-121.85760415625009
30
0
0
VERTEX
8
AI4M_01_ATOM_INTERNAL
10
900.5851326129223
20
-120.43965215625008
30
0
0
VERTEX
8
AI4M_01_ATOM_INTERNAL
10
902.7814446129214
20
-118.80602315624992
30
0
0
VERTEX
8
AI4M_01_ATOM_INTERNAL
10
905.0242636129215
20
-116.81603515625011
30
0
0
VERTEX
8
AI4M_01_ATOM_INTERNAL
10
907.2863106129216
20
-114.46448315625003
30
0
0
VERTEX
8
AI4M_01_ATOM_INTERNAL
10
909.6016836129211
20
-111.68991115624999
30
0
0
VERTEX
8
AI4M_01_ATOM_INTERNAL
10
912.0382176129215
20
-108.36754515625012
30
0
0
VERTEX
8
AI4M_01_ATOM_INTERNAL
10
914.664492612922
20
-104.33986415625009
30
0
0
VERTEX
8
AI4M_01_ATOM_INTERNAL
10
917.8682696129217
20
-98.90586015625013
30
0
0
VERTEX
8
AI4M_01_ATOM_INTERNAL
10
922.675163612922
20
-90.13885615625009
30
0
0
VERTEX
8
AI4M_01_ATOM_INTERNAL
10
929.7094456129216
20
-76.88876515624997
30
0
0
VERTEX
8
AI4M_01_ATOM_INTERNAL
10
930.0331486129217
20
-76.2722691562501
30
0
0
VERTEX
8
AI4M_01_ATOM_INTERNAL
10
930.0338336129216
20
-76.27096315624999
30
0
0
VERTEX
8
AI4M_01_ATOM_INTERNAL
10
935.3848896129211
20
-66.21968615624996
30
0
0
VERTEX
8
AI4M_01_ATOM_INTERNAL
10
939.6095486129216
20
-58.81502415625005
30
0
0
VERTEX
8
AI4M_01_ATOM_INTERNAL
10
944.114949612921
20
-51.39998715625006
30
0
0
VERTEX
8
AI4M_01_ATOM_INTERNAL
10
948.080983612922
20
-45.311155156249924
30
0
0
VERTEX
8
AI4M_01_ATOM_INTERNAL
10
951.8902156129216
20
-39.89076415625004
30
0
0
VERTEX
8
AI4M_01_ATOM_INTERNAL
10
955.5872476129216
20
-35.03308015624998
30
0
0
VERTEX
8
AI4M_01_ATOM_INTERNAL
10
959.2509166129212
20
-30.612986156249917
30
0
0
VERTEX
8
AI4M_01_ATOM_INTERNAL
10
962.8392736129217
20
-26.65393015625
30
0
0
VERTEX
8
AI4M_01_ATOM_INTERNAL
10
966.467847612922
20
-23.009580156249967
30
0
0
VERTEX
8
AI4M_01_ATOM_INTERNAL
10
970.0497726129215
20
-19.75202215624995
30
0
0
VERTEX
8
AI4M_01_ATOM_INTERNAL
10
973.674658612922
20
-16.778646156250034
30
0
0
VERTEX
8
AI4M_01_ATOM_INTERNAL
10
977.2898176129211
20
-14.12282815625008
30
0
0
VERTEX
8
AI4M_01_ATOM_INTERNAL
10
980.9929356129214
20
-11.708109156249975
30
0
0
VERTEX
8
AI4M_01_ATOM_INTERNAL
10
984.7398646129213
20
-9.557975156249995
30
0
0
VERTEX
8
AI4M_01_ATOM_INTERNAL
10
988.6104136129215
20
-7.617192156249985
30
0
0
VERTEX
8
AI4M_01_ATOM_INTERNAL
10
992.6811166129219
20
-5.85217015624994
30
0
0
VERTEX
8
AI4M_01_ATOM_INTERNAL
10
996.8275196129216
20
-4.319055156249988
30
0
0
VERTEX
8
AI4M_01_ATOM_INTERNAL
10
1001.1261066129218
20
-2.9941871562500637
30
0
0
VERTEX
8
AI4M_01_ATOM_INTERNAL
10
1005.5207236129218
20
-1.902786156249931
30
0
0
VERTEX
8
AI4M_01_ATOM_INTERNAL
10
1009.8875806129217
20
-1.0692581562500436
30
0
0
VERTEX
8
AI4M_01_ATOM_INTERNAL
10
1014.3731026129217
20
-0.46500815624995084
30
0
0
VERTEX
8
AI4M_01_ATOM_INTERNAL
10
1018.8005616129221
20
-0.11607215625008394
30
0
0
VERTEX
8
AI4M_01_ATOM_INTERNAL
10
1023.4993676129216
20
0.0000498437500482396
30
0
0
VERTEX
8
AI4M_01_ATOM_INTERNAL
10
1028.234087612921
20
-0.1286731562499881
30
0
0
VERTEX
8
AI4M_01_ATOM_INTERNAL
10
1032.9413116129217
20
-0.4962841562501126
30
0
0
VERTEX
8
AI4M_01_ATOM_INTERNAL
10
1038.260214612922
20
-1.1956711562500004
30
0
0
VERTEX
8
AI4M_01_ATOM_INTERNAL
10
1039.514045612922
20
-1.3661331562500436
30
0
0
VERTEX
8
AI4M_01_ATOM_INTERNAL
10
1039.7924656129217
20
-1.4246221562500523
30
0
0
VERTEX
8
AI4M_01_ATOM_INTERNAL
10
1039.792931612922
20
-1.424719156249921
30
0
0
VERTEX
8
AI4M_01_ATOM_INTERNAL
10
1047.6320246129217
20
-3.0742711562500062
30
0
0
VERTEX
8
AI4M_01_ATOM_INTERNAL
10
1051.399743612922
20
-4.177606156250022
30
0
0
VERTEX
8
AI4M_01_ATOM_INTERNAL
10
1055.2981796129216
20
-5.575271156249983
30
0
0
VERTEX
8
AI4M_01_ATOM_INTERNAL
10
1058.812916612921
20
-7.087886156250079
30
0
0
VERTEX
8
AI4M_01_ATOM_INTERNAL
10
1062.2810276129212
20
-8.850113156250018
30
0
0
VERTEX
8
AI4M_01_ATOM_INTERNAL
10
1065.6635246129217
20
-10.841865156249924
30
0
0
VERTEX
8
AI4M_01_ATOM_INTERNAL
10
1068.972860612922
20
-13.077575156250077
30
0
0
VERTEX
8
AI4M_01_ATOM_INTERNAL
10
1072.2136166129212
20
-15.567489156250076
30
0
0
VERTEX
8
AI4M_01_ATOM_INTERNAL
10
1075.3812996129218
20
-18.314312156250026
30
0
0
VERTEX
8
AI4M_01_ATOM_INTERNAL
10
1078.4728396129221
20
-21.327517156249996
30
0
0
VERTEX
8
AI4M_01_ATOM_INTERNAL
10
1081.4389356129223
20
-24.561905156250077
30
0
0
VERTEX
8
AI4M_01_ATOM_INTERNAL
10
1084.3354826129216
20
-28.084561156249947
30
0
0
VERTEX
8
AI4M_01_ATOM_INTERNAL
10
1087.089620612921
20
-31.817447156249955
30
0
0
VERTEX
8
AI4M_01_ATOM_INTERNAL
10
1089.7526586129216
20
-35.848624156250025
30
0
0
VERTEX
8
AI4M_01_ATOM_INTERNAL
10
1092.7019666129218
20
-40.79069015625009
30
0
0
VERTEX
8
AI4M_01_ATOM_INTERNAL
10
1094.6214126129216
20
-44.417174156249985
30
0
0
VERTEX
8
AI4M_01_ATOM_INTERNAL
10
1095.5118946129214
20
-46.314925156249956
30
0
0
VERTEX
8
AI4M_01_ATOM_INTERNAL
10
1095.5121366129215
20
-46.31544815625011
30
0
0
VERTEX
8
AI4M_01_ATOM_INTERNAL
10
1098.5755016129215
20
-52.98398315625013
30
0
0
VERTEX
8
AI4M_01_ATOM_INTERNAL
10
1100.4697316129214
20
-57.79904815625014
30
0
0
VERTEX
8
AI4M_01_ATOM_INTERNAL
10
1102.579898612922
20
-63.87106715625009
30
0
0
VERTEX
8
AI4M_01_ATOM_INTERNAL
10
1104.362448612922
20
-69.74296915624996
30
0
0
VERTEX
8
AI4M_01_ATOM_INTERNAL
10
1106.6654316129216
20
-78.42058215625002
30
0
0
VERTEX
8
AI4M_01_ATOM_INTERNAL
10
1108.5080446129223
20
-85.89866515624999
30
0
0
VERTEX
8
AI4M_01_ATOM_INTERNAL
10
1108.5086866129213
20
-85.90134015624994
30
0
0
VERTEX
8
AI4M_01_ATOM_INTERNAL
10
1110.2223056129214
20
-93.01269215625007
30
0
0
VERTEX
8
AI4M_01_ATOM_INTERNAL
10
1111.8956056129218
20
-99.30593115624993
30
0
0
VERTEX
8
AI4M_01_ATOM_INTERNAL
10
1113.4415426129217
20
-104.24333515624994
30
0
0
VERTEX
8
AI4M_01_ATOM_INTERNAL
10
1114.9564636129217
20
-108.33112715624998
30
0
0
VERTEX
8
AI4M_01_ATOM_INTERNAL
10
1116.4273486129214
20
-111.64698315624992
30
0
0
VERTEX
8
AI4M_01_ATOM_INTERNAL
10
1117.9290836129212
20
-114.46950015624998
30
0
0
VERTEX
8
AI4M_01_ATOM_INTERNAL
10
1119.4584946129216
20
-116.85279415624996
30
0
0
VERTEX
8
AI4M_01_ATOM_INTERNAL
10
1121.0767026129215
20
-118.92420515625008
30
0
0
SEQEND
8
AI4M_01_ATOM_INTERNAL
0
TEXT
8
AI4M_01_ATOM_INTERNAL
10
875.0658036129216
20
-129.29972715625013
30
0
40
2.5
1
AI4M_line_1923__seg_02_armhole_seam_armhole_seam
1001
AI4MANUFACTURING
1000
WRITEBACK_PHASE=01_ATOM_LABEL
1000
ENTITY_ID=line_1923__seg_02
999
AI4M_ENTITY=line_1923__seg_03;LINE_ROLE=armhole_seam;EDGE=armhole_seam;SOURCE_LAYER=8
0
POLYLINE
8
AI4M_01_ATOM_INTERNAL
66
1
70
0
1001
AI4MANUFACTURING
1000
WRITEBACK_PHASE=01_ATOM
1000
ENTITY_ID=line_1923__seg_03
1000
SOURCE_HANDLE=104
1000
LINE_ROLE=armhole_seam
1000
EDGE=armhole_seam
1000
CHAIN=piece_03_right_side_seam
1000
PIECE_ID=piece_03
1000
SEAM_PAIR=
1000
PAIRED_CHAIN=
1000
NOTCH_CHAIN=
1000
NOTCH_SOURCE=
1000
PIECE_ROLE=sleeve
1000
SEAM_ALLOWANCE_MM=
1000
SOURCE_LAYER=8
0
VERTEX
8
AI4M_01_ATOM_INTERNAL
10
1121.0767026129215
20
-118.92420515625008
30
0
0
VERTEX
8
AI4M_01_ATOM_INTERNAL
10
1122.7116186129215
20
-120.62786515624998
30
0
0
VERTEX
8
AI4M_01_ATOM_INTERNAL
10
1124.446647612921
20
-122.08389415624993
30
0
0
VERTEX
8
AI4M_01_ATOM_INTERNAL
10
1126.449299612922
20
-123.4218121562501
30
0
0
VERTEX
8
AI4M_01_ATOM_INTERNAL
10
1128.775925612922
20
-124.66597215625006
30
0
0
VERTEX
8
AI4M_01_ATOM_INTERNAL
10
1131.5814936129218
20
-125.87593015624998
30
0
0
VERTEX
8
AI4M_01_ATOM_INTERNAL
10
1134.880260612922
20
-127.0142081562501
30
0
0
VERTEX
8
AI4M_01_ATOM_INTERNAL
10
1138.5991476129211
20
-128.0211051562501
30
0
0
VERTEX
8
AI4M_01_ATOM_INTERNAL
10
1142.8386016129216
20
-128.89639715625003
30
0
0
VERTEX
8
AI4M_01_ATOM_INTERNAL
10
1147.0622436129215
20
-129.52415015625002
30
0
0
VERTEX
8
AI4M_01_ATOM_INTERNAL
10
1158.011326612922
20
-130.66657015624992
30
0
0
VERTEX
8
AI4M_01_ATOM_INTERNAL
10
1160.8309396129216
20
-131.02628915624996
30
0
0
SEQEND
8
AI4M_01_ATOM_INTERNAL
0
TEXT
8
AI4M_01_ATOM_INTERNAL
10
1121.0767026129215
20
-118.92420515625008
30
0
40
2.5
1
AI4M_line_1923__seg_03_armhole_seam_armhole_seam
1001
AI4MANUFACTURING
1000
WRITEBACK_PHASE=01_ATOM_LABEL
1000
ENTITY_ID=line_1923__seg_03
999
AI4M_ENTITY=line_1923__seg_04;LINE_ROLE=sleeve_underarm_seam;EDGE=sleeve_underarm_seam;SOURCE_LAYER=8
0
POLYLINE
8
AI4M_01_ATOM_INTERNAL
66
1
70
0
1001
AI4MANUFACTURING
1000
WRITEBACK_PHASE=01_ATOM
1000
ENTITY_ID=line_1923__seg_04
1000
SOURCE_HANDLE=104
1000
LINE_ROLE=sleeve_underarm_seam
1000
EDGE=sleeve_underarm_seam
1000
CHAIN=piece_03_right_side_seam
1000
PIECE_ID=piece_03
1000
SEAM_PAIR=
1000
PAIRED_CHAIN=
1000
NOTCH_CHAIN=
1000
NOTCH_SOURCE=
1000
PIECE_ROLE=sleeve
1000
SEAM_ALLOWANCE_MM=
1000
SOURCE_LAYER=8
0
VERTEX
8
AI4M_01_ATOM_INTERNAL
10
1160.8309396129216
20
-131.02628915624996
30
0
0
VERTEX
8
AI4M_01_ATOM_INTERNAL
10
1159.5643036129213
20
-146.93430415624994
30
0
0
VERTEX
8
AI4M_01_ATOM_INTERNAL
10
1158.372767612921
20
-161.90736015624998
30
0
0
VERTEX
8
AI4M_01_ATOM_INTERNAL
10
1157.1921026129212
20
-176.88127915625
30
0
0
VERTEX
8
AI4M_01_ATOM_INTERNAL
10
1156.0205506129214
20
-191.85591715624992
30
0
0
VERTEX
8
AI4M_01_ATOM_INTERNAL
10
1154.8138556129215
20
-207.38436315624995
30
0
0
VERTEX
8
AI4M_01_ATOM_INTERNAL
10
1153.6581566129216
20
-222.36023015625005
30
0
0
VERTEX
8
AI4M_01_ATOM_INTERNAL
10
1152.510904612921
20
-237.33674415625
30
0
0
VERTEX
8
AI4M_01_ATOM_INTERNAL
10
1151.341189612921
20
-252.72919915625005
30
0
0
VERTEX
8
AI4M_01_ATOM_INTERNAL
10
1150.211840612922
20
-267.7070711562501
30
0
0
VERTEX
8
AI4M_01_ATOM_INTERNAL
10
1149.0903136129218
20
-282.68553615625
30
0
0
VERTEX
8
AI4M_01_ATOM_INTERNAL
10
1147.9312096129215
20
-298.26505115625
30
0
0
VERTEX
8
AI4M_01_ATOM_INTERNAL
10
1146.8248606129218
20
-313.24466015625
30
0
0
VERTEX
8
AI4M_01_ATOM_INTERNAL
10
1145.7304436129216
20
-328.22513715624996
30
0
0
VERTEX
8
AI4M_01_ATOM_INTERNAL
10
1144.6522196129217
20
-343.20677515625005
30
0
0
VERTEX
8
AI4M_01_ATOM_INTERNAL
10
1143.5810276129223
20
-358.3671461562501
30
0
0
VERTEX
8
AI4M_01_ATOM_INTERNAL
10
1142.5337106129218
20
-373.3509831562501
30
0
0
VERTEX
8
AI4M_01_ATOM_INTERNAL
10
1142.0492046129211
20
-380.27624715625007
30
0
0
VERTEX
8
AI4M_01_ATOM_INTERNAL
10
1142.049139612921
20
-380.27716815625
30
0
0
VERTEX
8
AI4M_01_ATOM_INTERNAL
10
1141.4752886129218
20
-388.44910715624997
30
0
0
VERTEX
8
AI4M_01_ATOM_INTERNAL
10
1140.385085612922
20
-404.05008815625
30
0
0
VERTEX
8
AI4M_01_ATOM_INTERNAL
10
1139.3591916129217
20
-419.03539815625004
30
0
0
VERTEX
8
AI4M_01_ATOM_INTERNAL
10
1138.352446612921
20
-434.02202115625005
30
0
0
VERTEX
8
AI4M_01_ATOM_INTERNAL
10
1137.3598416129216
20
-449.00960015625003
30
0
0
VERTEX
8
AI4M_01_ATOM_INTERNAL
10
1136.3691986129215
20
-464.10868715624997
30
0
0
VERTEX
8
AI4M_01_ATOM_INTERNAL
10
1135.392672612922
20
-479.09730715625005
30
0
0
VERTEX
8
AI4M_01_ATOM_INTERNAL
10
1134.423465612922
20
-494.08639415625
30
0
0
VERTEX
8
AI4M_01_ATOM_INTERNAL
10
1133.4793776129218
20
-508.80753915624996
30
0
0
VERTEX
8
AI4M_01_ATOM_INTERNAL
10
1132.4835016129218
20
-524.47906815625
30
0
0
VERTEX
8
AI4M_01_ATOM_INTERNAL
10
1131.5402616129222
20
-539.4698181562501
30
0
0
VERTEX
8
AI4M_01_ATOM_INTERNAL
10
1130.6066466129214
20
-554.4611701562501
30
0
0
VERTEX
8
AI4M_01_ATOM_INTERNAL
10
1129.658598612922
20
-569.85237715625
30
0
0
VERTEX
8
AI4M_01_ATOM_INTERNAL
10
1128.7364106129216
20
-584.97132115625
30
0
0
VERTEX
8
AI4M_01_ATOM_INTERNAL
10
1127.8143556129216
20
-600.20666315625
30
0
0
VERTEX
8
AI4M_01_ATOM_INTERNAL
10
1126.9141266129218
20
-615.18630115625
30
0
0
VERTEX
8
AI4M_01_ATOM_INTERNAL
10
1126.5872876129215
20
-620.65519615625
30
0
0
VERTEX
8
AI4M_01_ATOM_INTERNAL
10
1127.4427566129216
20
-640.65519615625
30
0
0
SEQEND
8
AI4M_01_ATOM_INTERNAL
0
TEXT
8
AI4M_01_ATOM_INTERNAL
10
1160.8309396129216
20
-131.02628915624996
30
0
40
2.5
1
AI4M_line_1923__seg_04_sleeve_underarm_seam_sleeve_underarm_seam
1001
AI4MANUFACTURING
1000
WRITEBACK_PHASE=01_ATOM_LABEL
1000
ENTITY_ID=line_1923__seg_04
999
AI4M_ENTITY=line_1923__seg_05;LINE_ROLE=sleeve_hem;EDGE=sleeve_hem;SOURCE_LAYER=8
0
POLYLINE
8
AI4M_01_ATOM_INTERNAL
66
1
70
0
1001
AI4MANUFACTURING
1000
WRITEBACK_PHASE=01_ATOM
1000
ENTITY_ID=line_1923__seg_05
1000
SOURCE_HANDLE=104
1000
LINE_ROLE=sleeve_hem
1000
EDGE=sleeve_hem
1000
CHAIN=piece_03_top_sleeve_cap
1000
PIECE_ID=piece_03
1000
SEAM_PAIR=
1000
PAIRED_CHAIN=
1000
NOTCH_CHAIN=
1000
NOTCH_SOURCE=
1000
PIECE_ROLE=sleeve
1000
SEAM_ALLOWANCE_MM=
1000
SOURCE_LAYER=8
0
VERTEX
8
AI4M_01_ATOM_INTERNAL
10
1127.4427566129216
20
-640.65519615625
30
0
0
VERTEX
8
AI4M_01_ATOM_INTERNAL
10
1111.6408556129218
20
-640.53497415625
30
0
0
VERTEX
8
AI4M_01_ATOM_INTERNAL
10
1096.341130612921
20
-640.4130451562501
30
0
0
VERTEX
8
AI4M_01_ATOM_INTERNAL
10
1081.2432236129216
20
-640.2873711562501
30
0
0
VERTEX
8
AI4M_01_ATOM_INTERNAL
10
1066.181756612922
20
-640.15566015625
30
0
0
VERTEX
8
AI4M_01_ATOM_INTERNAL
10
1051.055391612922
20
-640.01555915625
30
0
0
VERTEX
8
AI4M_01_ATOM_INTERNAL
10
1035.832947612921
20
-639.8669371562501
30
0
0
VERTEX
8
AI4M_01_ATOM_INTERNAL
10
1020.6105686129222
20
-639.71159915625
30
0
0
VERTEX
8
AI4M_01_ATOM_INTERNAL
10
1004.9792956129213
20
-639.54604615625
30
0
0
VERTEX
8
AI4M_01_ATOM_INTERNAL
10
989.7570396129222
20
-639.3792651562501
30
0
0
VERTEX
8
AI4M_01_ATOM_INTERNAL
10
974.5348476129211
20
-639.20684315625
30
0
0
VERTEX
8
AI4M_01_ATOM_INTERNAL
10
959.0005086129213
20
-639.02491515625
30
0
0
VERTEX
8
AI4M_01_ATOM_INTERNAL
10
943.5093976129219
20
-638.83818715625
30
0
0
VERTEX
8
AI4M_01_ATOM_INTERNAL
10
928.6964046129215
20
-638.65588515625
30
0
0
VERTEX
8
AI4M_01_ATOM_INTERNAL
10
920.5130686129214
20
-638.55363315625
30
0
0
SEQEND
8
AI4M_01_ATOM_INTERNAL
0
TEXT
8
AI4M_01_ATOM_INTERNAL
10
1127.4427566129216
20
-640.65519615625
30
0
40
2.5
1
AI4M_line_1923__seg_05_sleeve_hem_sleeve_hem
1001
AI4MANUFACTURING
1000
WRITEBACK_PHASE=01_ATOM_LABEL
1000
ENTITY_ID=line_1923__seg_05
999
AI4M_ENTITY=line_2403__seg_01;LINE_ROLE=neck_binding_line;EDGE=neck_binding_line;SOURCE_LAYER=8
0
POLYLINE
8
AI4M_01_ATOM_INTERNAL
66
1
70
0
1001
AI4MANUFACTURING
1000
WRITEBACK_PHASE=01_ATOM
1000
ENTITY_ID=line_2403__seg_01
1000
SOURCE_HANDLE=106
1000
LINE_ROLE=neck_binding_line
1000
EDGE=neck_binding_line
1000
CHAIN=piece_04_left_side_seam
1000
PIECE_ID=piece_04
1000
SEAM_PAIR=
1000
PAIRED_CHAIN=
1000
NOTCH_CHAIN=
1000
NOTCH_SOURCE=
1000
PIECE_ROLE=neck_binding
1000
SEAM_ALLOWANCE_MM=
1000
SOURCE_LAYER=8
0
VERTEX
8
AI4M_01_ATOM_INTERNAL
10
-0.00016328125002473826
20
-749.9511755486484
30
0
0
VERTEX
8
AI4M_01_ATOM_INTERNAL
10
-0.00016328125002473826
20
-705.4394565486484
30
0
0
VERTEX
8
AI4M_01_ATOM_INTERNAL
10
-0.00016328125002473826
20
-660.9316435486484
30
0
0
SEQEND
8
AI4M_01_ATOM_INTERNAL
0
TEXT
8
AI4M_01_ATOM_INTERNAL
10
-0.00016328125002473826
20
-749.9511755486484
30
0
40
2.5
1
AI4M_line_2403__seg_01_neck_binding_line_neck_binding_line
1001
AI4MANUFACTURING
1000
WRITEBACK_PHASE=01_ATOM_LABEL
1000
ENTITY_ID=line_2403__seg_01
999
AI4M_ENTITY=line_2403__seg_02;LINE_ROLE=neckline;EDGE=neckline;SOURCE_LAYER=8
0
POLYLINE
8
AI4M_01_ATOM_INTERNAL
66
1
70
0
1001
AI4MANUFACTURING
1000
WRITEBACK_PHASE=01_ATOM
1000
ENTITY_ID=line_2403__seg_02
1000
SOURCE_HANDLE=106
1000
LINE_ROLE=neckline
1000
EDGE=neckline
1000
CHAIN=piece_04_bottom_hem
1000
PIECE_ID=piece_04
1000
SEAM_PAIR=
1000
PAIRED_CHAIN=
1000
NOTCH_CHAIN=
1000
NOTCH_SOURCE=
1000
PIECE_ROLE=neck_binding
1000
SEAM_ALLOWANCE_MM=
1000
SOURCE_LAYER=8
0
VERTEX
8
AI4M_01_ATOM_INTERNAL
10
-0.00016328125002473826
20
-660.9316435486484
30
0
0
VERTEX
8
AI4M_01_ATOM_INTERNAL
10
55.83137971875021
20
-660.9316435486484
30
0
0
VERTEX
8
AI4M_01_ATOM_INTERNAL
10
128.18977871874995
20
-660.9316435486484
30
0
0
VERTEX
8
AI4M_01_ATOM_INTERNAL
10
179.74690771875066
20
-660.9316435486484
30
0
0
VERTEX
8
AI4M_01_ATOM_INTERNAL
10
232.60384071874978
20
-660.9316435486484
30
0
0
VERTEX
8
AI4M_01_ATOM_INTERNAL
10
285.46126271875073
20
-660.9316435486484
30
0
0
VERTEX
8
AI4M_01_ATOM_INTERNAL
10
337.0183917187496
20
-660.9316435486484
30
0
0
VERTEX
8
AI4M_01_ATOM_INTERNAL
10
371.14436871875023
20
-660.9316435486484
30
0
0
SEQEND
8
AI4M_01_ATOM_INTERNAL
0
TEXT
8
AI4M_01_ATOM_INTERNAL
10
-0.00016328125002473826
20
-660.9316435486484
30
0
40
2.5
1
AI4M_line_2403__seg_02_neckline_neckline
1001
AI4MANUFACTURING
1000
WRITEBACK_PHASE=01_ATOM_LABEL
1000
ENTITY_ID=line_2403__seg_02
999
AI4M_ENTITY=line_2403__seg_03;LINE_ROLE=neck_binding_line;EDGE=neck_binding_line;SOURCE_LAYER=8
0
POLYLINE
8
AI4M_01_ATOM_INTERNAL
66
1
70
0
1001
AI4MANUFACTURING
1000
WRITEBACK_PHASE=01_ATOM
1000
ENTITY_ID=line_2403__seg_03
1000
SOURCE_HANDLE=106
1000
LINE_ROLE=neck_binding_line
1000
EDGE=neck_binding_line
1000
CHAIN=piece_04_right_side_seam
1000
PIECE_ID=piece_04
1000
SEAM_PAIR=
1000
PAIRED_CHAIN=
1000
NOTCH_CHAIN=
1000
NOTCH_SOURCE=
1000
PIECE_ROLE=neck_binding
1000
SEAM_ALLOWANCE_MM=
1000
SOURCE_LAYER=8
0
VERTEX
8
AI4M_01_ATOM_INTERNAL
10
371.14436871875023
20
-660.9316435486484
30
0
0
VERTEX
8
AI4M_01_ATOM_INTERNAL
10
371.14436871875023
20
-705.4394565486484
30
0
0
VERTEX
8
AI4M_01_ATOM_INTERNAL
10
371.14436871875023
20
-723.2949255486484
30
0
0
VERTEX
8
AI4M_01_ATOM_INTERNAL
10
371.14436871875023
20
-749.9511755486484
30
0
0
SEQEND
8
AI4M_01_ATOM_INTERNAL
0
TEXT
8
AI4M_01_ATOM_INTERNAL
10
371.14436871875023
20
-660.9316435486484
30
0
40
2.5
1
AI4M_line_2403__seg_03_neck_binding_line_neck_binding_line
1001
AI4MANUFACTURING
1000
WRITEBACK_PHASE=01_ATOM_LABEL
1000
ENTITY_ID=line_2403__seg_03
999
AI4M_ENTITY=line_2403__seg_04;LINE_ROLE=neckline;EDGE=neckline;SOURCE_LAYER=8
0
POLYLINE
8
AI4M_01_ATOM_INTERNAL
66
1
70
0
1001
AI4MANUFACTURING
1000
WRITEBACK_PHASE=01_ATOM
1000
ENTITY_ID=line_2403__seg_04
1000
SOURCE_HANDLE=106
1000
LINE_ROLE=neckline
1000
EDGE=neckline
1000
CHAIN=piece_04_top_unknown
1000
PIECE_ID=piece_04
1000
SEAM_PAIR=
1000
PAIRED_CHAIN=
1000
NOTCH_CHAIN=
1000
NOTCH_SOURCE=
1000
PIECE_ROLE=neck_binding
1000
SEAM_ALLOWANCE_MM=
1000
SOURCE_LAYER=8
0
VERTEX
8
AI4M_01_ATOM_INTERNAL
10
371.14436871875023
20
-749.9511755486484
30
0
0
VERTEX
8
AI4M_01_ATOM_INTERNAL
10
337.0183917187496
20
-749.9511755486484
30
0
0
VERTEX
8
AI4M_01_ATOM_INTERNAL
10
285.46126271875073
20
-749.9511755486484
30
0
0
VERTEX
8
AI4M_01_ATOM_INTERNAL
10
232.60384071874978
20
-749.9511755486484
30
0
0
VERTEX
8
AI4M_01_ATOM_INTERNAL
10
179.74690771875066
20
-749.9511755486484
30
0
0
VERTEX
8
AI4M_01_ATOM_INTERNAL
10
128.18977871874995
20
-749.9511755486484
30
0
0
VERTEX
8
AI4M_01_ATOM_INTERNAL
10
55.83137971875021
20
-749.9511755486484
30
0
0
VERTEX
8
AI4M_01_ATOM_INTERNAL
10
-0.00016328125002473826
20
-749.9511755486484
30
0
0
SEQEND
8
AI4M_01_ATOM_INTERNAL
0
TEXT
8
AI4M_01_ATOM_INTERNAL
10
371.14436871875023
20
-749.9511755486484
30
0
40
2.5
1
AI4M_line_2403__seg_04_neckline_neckline
1001
AI4MANUFACTURING
1000
WRITEBACK_PHASE=01_ATOM_LABEL
1000
ENTITY_ID=line_2403__seg_04
999
AI4M_ENTITY=line_0813;LINE_ROLE=grainline;EDGE=grainline;SOURCE_LAYER=7
0
POLYLINE
8
AI4M_01_ATOM_GRAIN
66
1
70
0
1001
AI4MANUFACTURING
1000
WRITEBACK_PHASE=01_ATOM
1000
ENTITY_ID=line_0813
1000
SOURCE_HANDLE=
1000
LINE_ROLE=grainline
1000
EDGE=grainline
1000
CHAIN=
1000
PIECE_ID=
1000
SEAM_PAIR=
1000
PAIRED_CHAIN=
1000
NOTCH_CHAIN=
1000
NOTCH_SOURCE=
1000
PIECE_ROLE=unknown
1000
SEAM_ALLOWANCE_MM=
1000
SOURCE_LAYER=7
0
VERTEX
8
AI4M_01_ATOM_GRAIN
10
160.9494211250003
20
-145.7851696210937
30
0
0
VERTEX
8
AI4M_01_ATOM_GRAIN
10
160.9494211250003
20
-381.1914196210937
30
0
0
SEQEND
8
AI4M_01_ATOM_GRAIN
0
TEXT
8
AI4M_01_ATOM_GRAIN
10
160.9494211250003
20
-145.7851696210937
30
0
40
2.5
1
AI4M_line_0813_grainline_grainline
1001
AI4MANUFACTURING
1000
WRITEBACK_PHASE=01_ATOM_LABEL
1000
ENTITY_ID=line_0813
999
AI4M_ENTITY=line_1722;LINE_ROLE=grainline;EDGE=grainline;SOURCE_LAYER=7
0
POLYLINE
8
AI4M_01_ATOM_GRAIN
66
1
70
0
1001
AI4MANUFACTURING
1000
WRITEBACK_PHASE=01_ATOM
1000
ENTITY_ID=line_1722
1000
SOURCE_HANDLE=
1000
LINE_ROLE=grainline
1000
EDGE=grainline
1000
CHAIN=
1000
PIECE_ID=
1000
SEAM_PAIR=
1000
PAIRED_CHAIN=
1000
NOTCH_CHAIN=
1000
NOTCH_SOURCE=
1000
PIECE_ROLE=unknown
1000
SEAM_ALLOWANCE_MM=
1000
SOURCE_LAYER=7
0
VERTEX
8
AI4M_01_ATOM_GRAIN
10
611.8698071658355
20
-204.8749799882812
30
0
0
VERTEX
8
AI4M_01_ATOM_GRAIN
10
611.8698071658355
20
-410.1874799882812
30
0
0
SEQEND
8
AI4M_01_ATOM_GRAIN
0
TEXT
8
AI4M_01_ATOM_GRAIN
10
611.8698071658355
20
-204.8749799882812
30
0
40
2.5
1
AI4M_line_1722_grainline_grainline
1001
AI4MANUFACTURING
1000
WRITEBACK_PHASE=01_ATOM_LABEL
1000
ENTITY_ID=line_1722
999
AI4M_ENTITY=line_2355;LINE_ROLE=grainline;EDGE=grainline;SOURCE_LAYER=7
0
POLYLINE
8
AI4M_01_ATOM_GRAIN
66
1
70
0
1001
AI4MANUFACTURING
1000
WRITEBACK_PHASE=01_ATOM
1000
ENTITY_ID=line_2355
1000
SOURCE_HANDLE=
1000
LINE_ROLE=grainline
1000
EDGE=grainline
1000
CHAIN=
1000
PIECE_ID=
1000
SEAM_PAIR=
1000
PAIRED_CHAIN=
1000
NOTCH_CHAIN=
1000
NOTCH_SOURCE=
1000
PIECE_ROLE=unknown
1000
SEAM_ALLOWANCE_MM=
1000
SOURCE_LAYER=7
0
VERTEX
8
AI4M_01_ATOM_GRAIN
10
1022.8880686129214
20
-149.77628915624996
30
0
0
VERTEX
8
AI4M_01_ATOM_GRAIN
10
1022.8880686129214
20
-503.40519615625
30
0
0
SEQEND
8
AI4M_01_ATOM_GRAIN
0
TEXT
8
AI4M_01_ATOM_GRAIN
10
1022.8880686129214
20
-149.77628915624996
30
0
40
2.5
1
AI4M_line_2355_grainline_grainline
1001
AI4MANUFACTURING
1000
WRITEBACK_PHASE=01_ATOM_LABEL
1000
ENTITY_ID=line_2355
999
AI4M_ENTITY=line_2723;LINE_ROLE=grainline;EDGE=grainline;SOURCE_LAYER=7
0
POLYLINE
8
AI4M_01_ATOM_GRAIN
66
1
70
0
1001
AI4MANUFACTURING
1000
WRITEBACK_PHASE=01_ATOM
1000
ENTITY_ID=line_2723
1000
SOURCE_HANDLE=
1000
LINE_ROLE=grainline
1000
EDGE=grainline
1000
CHAIN=
1000
PIECE_ID=
1000
SEAM_PAIR=
1000
PAIRED_CHAIN=
1000
NOTCH_CHAIN=
1000
NOTCH_SOURCE=
1000
PIECE_ROLE=unknown
1000
SEAM_ALLOWANCE_MM=
1000
SOURCE_LAYER=7
0
VERTEX
8
AI4M_01_ATOM_GRAIN
10
176.9627277187501
20
-684.9707065486484
30
0
0
VERTEX
8
AI4M_01_ATOM_GRAIN
10
176.9627277187501
20
-733.9707065486484
30
0
0
SEQEND
8
AI4M_01_ATOM_GRAIN
0
TEXT
8
AI4M_01_ATOM_GRAIN
10
176.9627277187501
20
-684.9707065486484
30
0
40
2.5
1
AI4M_line_2723_grainline_grainline
1001
AI4MANUFACTURING
1000
WRITEBACK_PHASE=01_ATOM_LABEL
1000
ENTITY_ID=line_2723
999
AI4M_ENTITY=line_0462__seg_01;LINE_ROLE=construction;EDGE=construction_vertical;SOURCE_LAYER=11
0
POLYLINE
8
AI4M_01_ATOM_INTERNAL
66
1
70
0
1001
AI4MANUFACTURING
1000
WRITEBACK_PHASE=01_ATOM
1000
ENTITY_ID=line_0462__seg_01
1000
SOURCE_HANDLE=
1000
LINE_ROLE=construction
1000
EDGE=construction_vertical
1000
CHAIN=
1000
PIECE_ID=
1000
SEAM_PAIR=
1000
PAIRED_CHAIN=
1000
NOTCH_CHAIN=
1000
NOTCH_SOURCE=
1000
PIECE_ROLE=unknown
1000
SEAM_ALLOWANCE_MM=
1000
SOURCE_LAYER=11
0
VERTEX
8
AI4M_01_ATOM_INTERNAL
10
32.698444125000606
20
-506.81641962109376
30
0
0
VERTEX
8
AI4M_01_ATOM_INTERNAL
10
33.35288712500005
20
-491.48566162109375
30
0
0
VERTEX
8
AI4M_01_ATOM_INTERNAL
10
33.979232125000635
20
-476.4419086210937
30
0
0
VERTEX
8
AI4M_01_ATOM_INTERNAL
10
34.593780125000194
20
-461.26901462109373
30
0
0
VERTEX
8
AI4M_01_ATOM_INTERNAL
10
35.18870712500029
20
-446.01153562109374
30
0
0
VERTEX
8
AI4M_01_ATOM_INTERNAL
10
35.746459125
20
-430.8483376210937
30
0
0
VERTEX
8
AI4M_01_ATOM_INTERNAL
10
36.25849812500019
20
-415.6836196210937
30
0
0
VERTEX
8
AI4M_01_ATOM_INTERNAL
10
36.5333771250007
20
-406.77047762109373
30
0
0
VERTEX
8
AI4M_01_ATOM_INTERNAL
10
36.53340512500017
20
-406.7695466210937
30
0
0
VERTEX
8
AI4M_01_ATOM_INTERNAL
10
36.72609612499946
20
-400.4269676210938
30
0
0
VERTEX
8
AI4M_01_ATOM_INTERNAL
10
37.030144124999424
20
-386.91212662109376
30
0
0
VERTEX
8
AI4M_01_ATOM_INTERNAL
10
37.01655012499941
20
-377.7975866210937
30
0
0
VERTEX
8
AI4M_01_ATOM_INTERNAL
10
36.77404212500005
20
-370.6265406210937
30
0
0
VERTEX
8
AI4M_01_ATOM_INTERNAL
10
36.32100312500006
20
-364.19923162109376
30
0
0
VERTEX
8
AI4M_01_ATOM_INTERNAL
10
35.60088312500011
20
-357.6171286210938
30
0
0
VERTEX
8
AI4M_01_ATOM_INTERNAL
10
34.59739412499948
20
-350.8651496210937
30
0
0
VERTEX
8
AI4M_01_ATOM_INTERNAL
10
33.25092412499998
20
-343.57973162109374
30
0
0
VERTEX
8
AI4M_01_ATOM_INTERNAL
10
31.51346312500027
20
-335.5874396210937
30
0
0
VERTEX
8
AI4M_01_ATOM_INTERNAL
10
29.2651181250003
20
-326.4808146210937
30
0
0
VERTEX
8
AI4M_01_ATOM_INTERNAL
10
26.158193125000253
20
-315.0559646210937
30
0
0
VERTEX
8
AI4M_01_ATOM_INTERNAL
10
21.956918124999902
20
-300.3988766210937
30
0
0
VERTEX
8
AI4M_01_ATOM_INTERNAL
10
19.220018125000024
20
-290.75033362109366
30
0
0
VERTEX
8
AI4M_01_ATOM_INTERNAL
10
19.21989512500022
20
-290.74989262109375
30
0
0
VERTEX
8
AI4M_01_ATOM_INTERNAL
10
17.90887812500023
20
-285.96039962109376
30
0
0
VERTEX
8
AI4M_01_ATOM_INTERNAL
10
15.463793124999938
20
-276.4282666210938
30
0
0
VERTEX
8
AI4M_01_ATOM_INTERNAL
10
13.555109124999944
20
-268.0410756210938
30
0
0
VERTEX
8
AI4M_01_ATOM_INTERNAL
10
11.968288125000072
20
-259.96405062109375
30
0
0
VERTEX
8
AI4M_01_ATOM_INTERNAL
10
10.571291125000243
20
-251.5264346210938
30
0
0
VERTEX
8
AI4M_01_ATOM_INTERNAL
10
9.075397124999654
20
-240.6757946210937
30
0
0
SEQEND
8
AI4M_01_ATOM_INTERNAL
0
TEXT
8
AI4M_01_ATOM_INTERNAL
10
32.698444125000606
20
-506.81641962109376
30
0
40
2.5
1
AI4M_line_0462__seg_01_construction_construction_vertical
1001
AI4MANUFACTURING
1000
WRITEBACK_PHASE=01_ATOM_LABEL
1000
ENTITY_ID=line_0462__seg_01
999
AI4M_ENTITY=line_0502__seg_01;LINE_ROLE=construction;EDGE=construction_vertical;SOURCE_LAYER=11
0
POLYLINE
8
AI4M_01_ATOM_INTERNAL
66
1
70
0
1001
AI4MANUFACTURING
1000
WRITEBACK_PHASE=01_ATOM
1000
ENTITY_ID=line_0502__seg_01
1000
SOURCE_HANDLE=
1000
LINE_ROLE=construction
1000
EDGE=construction_vertical
1000
CHAIN=
1000
PIECE_ID=
1000
SEAM_PAIR=
1000
PAIRED_CHAIN=
1000
NOTCH_CHAIN=
1000
NOTCH_SOURCE=
1000
PIECE_ROLE=unknown
1000
SEAM_ALLOWANCE_MM=
1000
SOURCE_LAYER=11
0
VERTEX
8
AI4M_01_ATOM_INTERNAL
10
9.075397124999654
20
-240.6757946210937
30
0
0
VERTEX
8
AI4M_01_ATOM_INTERNAL
10
13.740867124999568
20
-239.27552662109372
30
0
0
VERTEX
8
AI4M_01_ATOM_INTERNAL
10
17.4776771249999
20
-237.86615262109376
30
0
0
VERTEX
8
AI4M_01_ATOM_INTERNAL
10
21.135959125000227
20
-236.2272726210938
30
0
0
VERTEX
8
AI4M_01_ATOM_INTERNAL
10
24.39376212500065
20
-234.50284762109368
30
0
0
VERTEX
8
AI4M_01_ATOM_INTERNAL
10
27.276860124999985
20
-232.69459162109376
30
0
0
VERTEX
8
AI4M_01_ATOM_INTERNAL
10
29.826886124999874
20
-230.80002462109383
30
0
0
VERTEX
8
AI4M_01_ATOM_INTERNAL
10
32.31381112500003
20
-228.6287876210938
30
0
0
VERTEX
8
AI4M_01_ATOM_INTERNAL
10
34.71194112500052
20
-226.18989562109368
30
0
0
VERTEX
8
AI4M_01_ATOM_INTERNAL
10
37.00988512500044
20
-223.4835656210937
30
0
0
VERTEX
8
AI4M_01_ATOM_INTERNAL
10
39.174976124999375
20
-220.5324236210938
30
0
0
VERTEX
8
AI4M_01_ATOM_INTERNAL
10
41.159861125000134
20
-217.39943762109374
30
0
0
VERTEX
8
AI4M_01_ATOM_INTERNAL
10
42.99809512499996
20
-214.02149862109377
30
0
0
VERTEX
8
AI4M_01_ATOM_INTERNAL
10
44.621471124999516
20
-210.50784662109368
30
0
0
VERTEX
8
AI4M_01_ATOM_INTERNAL
10
46.00027112499993
20
-206.9351696210938
30
0
0
VERTEX
8
AI4M_01_ATOM_INTERNAL
10
47.18829512499997
20
-203.17218962109382
30
0
0
VERTEX
8
AI4M_01_ATOM_INTERNAL
10
48.19444312499945
20
-199.1546356210938
30
0
0
VERTEX
8
AI4M_01_ATOM_INTERNAL
10
49.01319012500062
20
-194.8230396210938
30
0
0
VERTEX
8
AI4M_01_ATOM_INTERNAL
10
49.6112051250002
20
-190.30150562109372
30
0
0
VERTEX
8
AI4M_01_ATOM_INTERNAL
10
50.002851125000234
20
-185.43637062109383
30
0
0
VERTEX
8
AI4M_01_ATOM_INTERNAL
10
50.17986312500034
20
-180.05326062109373
30
0
0
VERTEX
8
AI4M_01_ATOM_INTERNAL
10
50.18721412500054
20
-178.21495362109374
30
0
0
VERTEX
8
AI4M_01_ATOM_INTERNAL
10
50.1871961249999
20
-178.20828462109375
30
0
0
VERTEX
8
AI4M_01_ATOM_INTERNAL
10
50.11590312499993
20
-173.98413762109374
30
0
0
VERTEX
8
AI4M_01_ATOM_INTERNAL
10
49.76968712500002
20
-166.89388662109377
30
0
0
VERTEX
8
AI4M_01_ATOM_INTERNAL
10
49.066611125000236
20
-158.07786962109367
30
0
0
VERTEX
8
AI4M_01_ATOM_INTERNAL
10
48.13162912500047
20
-149.40748062109378
30
0
0
VERTEX
8
AI4M_01_ATOM_INTERNAL
10
47.05261212500045
20
-141.56702062109366
30
0
0
VERTEX
8
AI4M_01_ATOM_INTERNAL
10
45.64441912500024
20
-133.25595862109367
30
0
0
VERTEX
8
AI4M_01_ATOM_INTERNAL
10
43.47568612500072
20
-122.15162662109378
30
0
0
VERTEX
8
AI4M_01_ATOM_INTERNAL
10
40.31423612500021
20
-107.4019806210938
30
0
0
VERTEX
8
AI4M_01_ATOM_INTERNAL
10
37.001533124999696
20
-92.73936362109384
30
0
0
VERTEX
8
AI4M_01_ATOM_INTERNAL
10
34.02847312499944
20
-80.54982862109364
30
0
0
VERTEX
8
AI4M_01_ATOM_INTERNAL
10
30.579204125000615
20
-67.47889462109379
30
0
0
VERTEX
8
AI4M_01_ATOM_INTERNAL
10
26.545494125000005
20
-53.07683962109377
30
0
0
VERTEX
8
AI4M_01_ATOM_INTERNAL
10
25.338093124999432
20
-48.8945446210937
30
0
0
SEQEND
8
AI4M_01_ATOM_INTERNAL
0
TEXT
8
AI4M_01_ATOM_INTERNAL
10
9.075397124999654
20
-240.6757946210937
30
0
40
2.5
1
AI4M_line_0502__seg_01_construction_construction_vertical
1001
AI4MANUFACTURING
1000
WRITEBACK_PHASE=01_ATOM_LABEL
1000
ENTITY_ID=line_0502__seg_01
999
AI4M_ENTITY=line_0545;LINE_ROLE=construction;EDGE=construction_horizontal;SOURCE_LAYER=11
0
POLYLINE
8
AI4M_01_ATOM_INTERNAL
66
1
70
0
1001
AI4MANUFACTURING
1000
WRITEBACK_PHASE=01_ATOM
1000
ENTITY_ID=line_0545
1000
SOURCE_HANDLE=
1000
LINE_ROLE=construction
1000
EDGE=construction_horizontal
1000
CHAIN=
1000
PIECE_ID=
1000
SEAM_PAIR=
1000
PAIRED_CHAIN=
1000
NOTCH_CHAIN=
1000
NOTCH_SOURCE=
1000
PIECE_ROLE=unknown
1000
SEAM_ALLOWANCE_MM=
1000
SOURCE_LAYER=11
0
VERTEX
8
AI4M_01_ATOM_INTERNAL
10
25.338093124999432
20
-48.8945446210937
30
0
0
VERTEX
8
AI4M_01_ATOM_INTERNAL
10
124.87764412500019
20
-10.496106621093759
30
0
0
SEQEND
8
AI4M_01_ATOM_INTERNAL
0
TEXT
8
AI4M_01_ATOM_INTERNAL
10
25.338093124999432
20
-48.8945446210937
30
0
40
2.5
1
AI4M_line_0545_construction_construction_horizontal
1001
AI4MANUFACTURING
1000
WRITEBACK_PHASE=01_ATOM_LABEL
1000
ENTITY_ID=line_0545
999
AI4M_ENTITY=line_0550__seg_01;LINE_ROLE=construction;EDGE=construction_horizontal;SOURCE_LAYER=11
0
POLYLINE
8
AI4M_01_ATOM_INTERNAL
66
1
70
0
1001
AI4MANUFACTURING
1000
WRITEBACK_PHASE=01_ATOM
1000
ENTITY_ID=line_0550__seg_01
1000
SOURCE_HANDLE=
1000
LINE_ROLE=construction
1000
EDGE=construction_horizontal
1000
CHAIN=
1000
PIECE_ID=
1000
SEAM_PAIR=
1000
PAIRED_CHAIN=
1000
NOTCH_CHAIN=
1000
NOTCH_SOURCE=
1000
PIECE_ROLE=unknown
1000
SEAM_ALLOWANCE_MM=
1000
SOURCE_LAYER=11
0
VERTEX
8
AI4M_01_ATOM_INTERNAL
10
124.87764412500019
20
-10.496106621093759
30
0
0
VERTEX
8
AI4M_01_ATOM_INTERNAL
10
127.76261012500072
20
-14.852022621093738
30
0
0
VERTEX
8
AI4M_01_ATOM_INTERNAL
10
130.003127125
20
-17.807959621093687
30
0
0
VERTEX
8
AI4M_01_ATOM_INTERNAL
10
132.49855512500017
20
-20.68737162109369
30
0
0
VERTEX
8
AI4M_01_ATOM_INTERNAL
10
134.9418611250003
20
-23.149117621093637
30
0
0
VERTEX
8
AI4M_01_ATOM_INTERNAL
10
137.2635271250001
20
-25.149026621093753
30
0
0
VERTEX
8
AI4M_01_ATOM_INTERNAL
10
139.74181512500036
20
-26.957987621093707
30
0
0
VERTEX
8
AI4M_01_ATOM_INTERNAL
10
142.44658012499985
20
-28.6186086210937
30
0
0
VERTEX
8
AI4M_01_ATOM_INTERNAL
10
145.42582412499996
20
-30.14833862109367
30
0
0
VERTEX
8
AI4M_01_ATOM_INTERNAL
10
148.70971712500068
20
-31.548244621093772
30
0
0
VERTEX
8
AI4M_01_ATOM_INTERNAL
10
149.35332712499985
20
-31.79301862109378
30
0
0
VERTEX
8
AI4M_01_ATOM_INTERNAL
10
149.35505212499993
20
-31.793662621093745
30
0
0
VERTEX
8
AI4M_01_ATOM_INTERNAL
10
152.26791412500006
20
-32.79429962109384
30
0
0
VERTEX
8
AI4M_01_ATOM_INTERNAL
10
156.18303812500017
20
-33.89192662109372
30
0
0
VERTEX
8
AI4M_01_ATOM_INTERNAL
10
160.52559112500057
20
-34.8443376210937
30
0
0
VERTEX
8
AI4M_01_ATOM_INTERNAL
10
165.25032412499968
20
-35.61986562109382
30
0
0
VERTEX
8
AI4M_01_ATOM_INTERNAL
10
170.56047212500016
20
-36.229817621093844
30
0
0
VERTEX
8
AI4M_01_ATOM_INTERNAL
10
176.40501312500055
20
-36.64745562109374
30
0
0
VERTEX
8
AI4M_01_ATOM_INTERNAL
10
183.51462312500007
20
-36.87694162109369
30
0
0
VERTEX
8
AI4M_01_ATOM_INTERNAL
10
198.56999912500032
20
-37.02199762109376
30
0
0
VERTEX
8
AI4M_01_ATOM_INTERNAL
10
208.6261791249999
20
-37.03907562109384
30
0
0
SEQEND
8
AI4M_01_ATOM_INTERNAL
0
TEXT
8
AI4M_01_ATOM_INTERNAL
10
124.87764412500019
20
-10.496106621093759
30
0
40
2.5
1
AI4M_line_0550__seg_01_construction_construction_horizontal
1001
AI4MANUFACTURING
1000
WRITEBACK_PHASE=01_ATOM_LABEL
1000
ENTITY_ID=line_0550__seg_01
999
AI4M_ENTITY=line_0581__seg_01;LINE_ROLE=construction;EDGE=construction_horizontal;SOURCE_LAYER=11
0
POLYLINE
8
AI4M_01_ATOM_INTERNAL
66
1
70
0
1001
AI4MANUFACTURING
1000
WRITEBACK_PHASE=01_ATOM
1000
ENTITY_ID=line_0581__seg_01
1000
SOURCE_HANDLE=
1000
LINE_ROLE=construction
1000
EDGE=construction_horizontal
1000
CHAIN=
1000
PIECE_ID=
1000
SEAM_PAIR=
1000
PAIRED_CHAIN=
1000
NOTCH_CHAIN=
1000
NOTCH_SOURCE=
1000
PIECE_ROLE=unknown
1000
SEAM_ALLOWANCE_MM=
1000
SOURCE_LAYER=11
0
VERTEX
8
AI4M_01_ATOM_INTERNAL
10
208.6261791249999
20
-37.03907562109384
30
0
0
VERTEX
8
AI4M_01_ATOM_INTERNAL
10
223.73673612499988
20
-36.93974062109373
30
0
0
VERTEX
8
AI4M_01_ATOM_INTERNAL
10
234.87828812499993
20
-36.86353462109378
30
0
0
VERTEX
8
AI4M_01_ATOM_INTERNAL
10
241.69276112499938
20
-36.60201762109364
30
0
0
VERTEX
8
AI4M_01_ATOM_INTERNAL
10
247.4902081250002
20
-36.15429862109386
30
0
0
VERTEX
8
AI4M_01_ATOM_INTERNAL
10
252.83159312499993
20
-35.50210862109384
30
0
0
VERTEX
8
AI4M_01_ATOM_INTERNAL
10
257.44203412500065
20
-34.70535462109365
30
0
0
VERTEX
8
AI4M_01_ATOM_INTERNAL
10
261.71365312499984
20
-33.72668962109378
30
0
0
VERTEX
8
AI4M_01_ATOM_INTERNAL
10
265.5214661250002
20
-32.62114362109378
30
0
0
VERTEX
8
AI4M_01_ATOM_INTERNAL
10
269.10319512500064
20
-31.330230621093733
30
0
0
VERTEX
8
AI4M_01_ATOM_INTERNAL
10
272.29504712500056
20
-29.926539621093752
30
0
0
VERTEX
8
AI4M_01_ATOM_INTERNAL
10
275.23608612499993
20
-28.370973621093754
30
0
0
VERTEX
8
AI4M_01_ATOM_INTERNAL
10
277.8760211250001
20
-26.711850621093845
30
0
0
VERTEX
8
AI4M_01_ATOM_INTERNAL
10
280.3381121250004
20
-24.871738621093755
30
0
0
VERTEX
8
AI4M_01_ATOM_INTERNAL
10
282.66007612500016
20
-22.819242621093736
30
0
0
VERTEX
8
AI4M_01_ATOM_INTERNAL
10
285.06097712500014
20
-20.353510621093847
30
0
0
VERTEX
8
AI4M_01_ATOM_INTERNAL
10
287.5430971250007
20
-17.434365621093775
30
0
0
VERTEX
8
AI4M_01_ATOM_INTERNAL
10
289.99024612500034
20
-14.164571621093728
30
0
0
VERTEX
8
AI4M_01_ATOM_INTERNAL
10
292.3752021250002
20
-10.496106621093759
30
0
0
SEQEND
8
AI4M_01_ATOM_INTERNAL
0
TEXT
8
AI4M_01_ATOM_INTERNAL
10
208.6261791249999
20
-37.03907562109384
30
0
40
2.5
1
AI4M_line_0581__seg_01_construction_construction_horizontal
1001
AI4MANUFACTURING
1000
WRITEBACK_PHASE=01_ATOM_LABEL
1000
ENTITY_ID=line_0581__seg_01
999
AI4M_ENTITY=line_0603;LINE_ROLE=construction;EDGE=construction_horizontal;SOURCE_LAYER=11
0
POLYLINE
8
AI4M_01_ATOM_INTERNAL
66
1
70
0
1001
AI4MANUFACTURING
1000
WRITEBACK_PHASE=01_ATOM
1000
ENTITY_ID=line_0603
1000
SOURCE_HANDLE=
1000
LINE_ROLE=construction
1000
EDGE=construction_horizontal
1000
CHAIN=
1000
PIECE_ID=
1000
SEAM_PAIR=
1000
PAIRED_CHAIN=
1000
NOTCH_CHAIN=
1000
NOTCH_SOURCE=
1000
PIECE_ROLE=unknown
1000
SEAM_ALLOWANCE_MM=
1000
SOURCE_LAYER=11
0
VERTEX
8
AI4M_01_ATOM_INTERNAL
10
292.3752021250002
20
-10.496106621093759
30
0
0
VERTEX
8
AI4M_01_ATOM_INTERNAL
10
391.9142651250004
20
-48.8945446210937
30
0
0
SEQEND
8
AI4M_01_ATOM_INTERNAL
0
TEXT
8
AI4M_01_ATOM_INTERNAL
10
292.3752021250002
20
-10.496106621093759
30
0
40
2.5
1
AI4M_line_0603_construction_construction_horizontal
1001
AI4MANUFACTURING
1000
WRITEBACK_PHASE=01_ATOM_LABEL
1000
ENTITY_ID=line_0603
999
AI4M_ENTITY=line_0608__seg_01;LINE_ROLE=construction;EDGE=construction_vertical;SOURCE_LAYER=11
0
POLYLINE
8
AI4M_01_ATOM_INTERNAL
66
1
70
0
1001
AI4MANUFACTURING
1000
WRITEBACK_PHASE=01_ATOM
1000
ENTITY_ID=line_0608__seg_01
1000
SOURCE_HANDLE=
1000
LINE_ROLE=construction
1000
EDGE=construction_vertical
1000
CHAIN=
1000
PIECE_ID=
1000
SEAM_PAIR=
1000
PAIRED_CHAIN=
1000
NOTCH_CHAIN=
1000
NOTCH_SOURCE=
1000
PIECE_ROLE=unknown
1000
SEAM_ALLOWANCE_MM=
1000
SOURCE_LAYER=11
0
VERTEX
8
AI4M_01_ATOM_INTERNAL
10
391.9142651250004
20
-48.8945446210937
30
0
0
VERTEX
8
AI4M_01_ATOM_INTERNAL
10
387.76312512500044
20
-63.50584862109372
30
0
0
VERTEX
8
AI4M_01_ATOM_INTERNAL
10
384.13615712499995
20
-76.99612562109382
30
0
0
VERTEX
8
AI4M_01_ATOM_INTERNAL
10
381.0310211249998
20
-89.44834762109372
30
0
0
VERTEX
8
AI4M_01_ATOM_INTERNAL
10
377.80890612500025
20
-103.44236062109371
30
0
0
VERTEX
8
AI4M_01_ATOM_INTERNAL
10
374.6456271249999
20
-118.10689362109372
30
0
0
VERTEX
8
AI4M_01_ATOM_INTERNAL
10
372.06669212499946
20
-130.78685262109377
30
0
0
VERTEX
8
AI4M_01_ATOM_INTERNAL
10
370.56036612500066
20
-139.27586462109366
30
0
0
VERTEX
8
AI4M_01_ATOM_INTERNAL
10
369.4060491250002
20
-147.16788462109366
30
0
0
VERTEX
8
AI4M_01_ATOM_INTERNAL
10
368.43704012499984
20
-155.51519262109377
30
0
0
VERTEX
8
AI4M_01_ATOM_INTERNAL
10
367.65757312499954
20
-164.38647762109372
30
0
0
VERTEX
8
AI4M_01_ATOM_INTERNAL
10
367.20969612499994
20
-171.95130962109374
30
0
0
VERTEX
8
AI4M_01_ATOM_INTERNAL
10
367.06564612500006
20
-178.20873862109374
30
0
0
VERTEX
8
AI4M_01_ATOM_INTERNAL
10
367.06563212499987
20
-178.21485662109376
30
0
0
VERTEX
8
AI4M_01_ATOM_INTERNAL
10
367.17350612500013
20
-183.87567062109372
30
0
0
VERTEX
8
AI4M_01_ATOM_INTERNAL
10
367.5100271249994
20
-188.96530262109377
30
0
0
VERTEX
8
AI4M_01_ATOM_INTERNAL
10
368.0599591250002
20
-193.64334962109376
30
0
0
VERTEX
8
AI4M_01_ATOM_INTERNAL
10
368.8197871249995
20
-198.02721462109366
30
0
0
VERTEX
8
AI4M_01_ATOM_INTERNAL
10
369.7725011250004
20
-202.1090186210938
30
0
0
VERTEX
8
AI4M_01_ATOM_INTERNAL
10
370.91301512500013
20
-205.9385376210937
30
0
0
VERTEX
8
AI4M_01_ATOM_INTERNAL
10
372.2573411249996
20
-209.60040962109372
30
0
0
VERTEX
8
AI4M_01_ATOM_INTERNAL
10
373.81211212500057
20
-213.12157262109372
30
0
0
VERTEX
8
AI4M_01_ATOM_INTERNAL
10
375.55493512500016
20
-216.4637146210937
30
0
0
VERTEX
8
AI4M_01_ATOM_INTERNAL
10
377.4962961250003
20
-219.6601696210937
30
0
0
VERTEX
8
AI4M_01_ATOM_INTERNAL
10
379.56701112500014
20
-222.60554162109372
30
0
0
VERTEX
8
AI4M_01_ATOM_INTERNAL
10
381.7915171250006
20
-225.35234362109372
30
0
0
VERTEX
8
AI4M_01_ATOM_INTERNAL
10
384.08535312499953
20
-227.80261062109366
30
0
0
VERTEX
8
AI4M_01_ATOM_INTERNAL
10
386.4868421249994
20
-230.02182862109373
30
0
0
VERTEX
8
AI4M_01_ATOM_INTERNAL
10
388.9872401249995
20
-231.99691762109376
30
0
0
VERTEX
8
AI4M_01_ATOM_INTERNAL
10
391.6636091250002
20
-233.78841962109368
30
0
0
VERTEX
8
AI4M_01_ATOM_INTERNAL
10
394.64092812499985
20
-235.48148162109374
30
0
0
VERTEX
8
AI4M_01_ATOM_INTERNAL
10
398.1028481249996
20
-237.15173562109374
30
0
0
VERTEX
8
AI4M_01_ATOM_INTERNAL
10
401.84743512500063
20
-238.67586662109375
30
0
0
VERTEX
8
AI4M_01_ATOM_INTERNAL
10
405.6283821249999
20
-239.9623206210938
30
0
0
VERTEX
8
AI4M_01_ATOM_INTERNAL
10
408.1769601249998
20
-240.6757946210937
30
0
0
SEQEND
8
AI4M_01_ATOM_INTERNAL
0
TEXT
8
AI4M_01_ATOM_INTERNAL
10
391.9142651250004
20
-48.8945446210937
30
0
40
2.5
1
AI4M_line_0608__seg_01_construction_construction_vertical
1001
AI4MANUFACTURING
1000
WRITEBACK_PHASE=01_ATOM_LABEL
1000
ENTITY_ID=line_0608__seg_01
999
AI4M_ENTITY=line_0651__seg_01;LINE_ROLE=construction;EDGE=construction_vertical;SOURCE_LAYER=11
0
POLYLINE
8
AI4M_01_ATOM_INTERNAL
66
1
70
0
1001
AI4MANUFACTURING
1000
WRITEBACK_PHASE=01_ATOM
1000
ENTITY_ID=line_0651__seg_01
1000
SOURCE_HANDLE=
1000
LINE_ROLE=construction
1000
EDGE=construction_vertical
1000
CHAIN=
1000
PIECE_ID=
1000
SEAM_PAIR=
1000
PAIRED_CHAIN=
1000
NOTCH_CHAIN=
1000
NOTCH_SOURCE=
1000
PIECE_ROLE=unknown
1000
SEAM_ALLOWANCE_MM=
1000
SOURCE_LAYER=11
0
VERTEX
8
AI4M_01_ATOM_INTERNAL
10
408.1769601249998
20
-240.6757946210937
30
0
0
VERTEX
8
AI4M_01_ATOM_INTERNAL
10
406.5557141250001
20
-252.3626696210938
30
0
0
VERTEX
8
AI4M_01_ATOM_INTERNAL
10
405.14669412500007
20
-260.7231746210937
30
0
0
VERTEX
8
AI4M_01_ATOM_INTERNAL
10
403.539632125
20
-268.78303762109374
30
0
0
VERTEX
8
AI4M_01_ATOM_INTERNAL
10
401.6311991250004
20
-277.0771526210938
30
0
0
VERTEX
8
AI4M_01_ATOM_INTERNAL
10
399.1195161249998
20
-286.7904436210938
30
0
0
VERTEX
8
AI4M_01_ATOM_INTERNAL
10
398.03290412500064
20
-290.7500606210938
30
0
0
VERTEX
8
AI4M_01_ATOM_INTERNAL
10
398.03278112499993
20
-290.7505026210938
30
0
0
VERTEX
8
AI4M_01_ATOM_INTERNAL
10
395.0476771249996
20
-301.26662962109367
30
0
0
VERTEX
8
AI4M_01_ATOM_INTERNAL
10
390.8893501250004
20
-315.7872576210938
30
0
0
VERTEX
8
AI4M_01_ATOM_INTERNAL
10
387.8118701250005
20
-327.1577436210937
30
0
0
VERTEX
8
AI4M_01_ATOM_INTERNAL
10
385.58084812500056
20
-336.2708096210938
30
0
0
VERTEX
8
AI4M_01_ATOM_INTERNAL
10
383.8523141250007
20
-344.32841862109376
30
0
0
VERTEX
8
AI4M_01_ATOM_INTERNAL
10
382.5123331249997
20
-351.73165862109374
30
0
0
VERTEX
8
AI4M_01_ATOM_INTERNAL
10
381.54805512500025
20
-358.4283586210937
30
0
0
VERTEX
8
AI4M_01_ATOM_INTERNAL
10
380.867714125
20
-364.9341666210937
30
0
0
VERTEX
8
AI4M_01_ATOM_INTERNAL
10
380.43532912499995
20
-371.4961266210937
30
0
0
VERTEX
8
AI4M_01_ATOM_INTERNAL
10
380.21962112500023
20
-378.8138526210937
30
0
0
VERTEX
8
AI4M_01_ATOM_INTERNAL
10
380.2340341250001
20
-387.40433562109376
30
0
0
VERTEX
8
AI4M_01_ATOM_INTERNAL
10
380.5960651250007
20
-402.52173862109373
30
0
0
VERTEX
8
AI4M_01_ATOM_INTERNAL
10
380.7194441249994
20
-406.76965262109377
30
0
0
VERTEX
8
AI4M_01_ATOM_INTERNAL
10
380.7194981249995
20
-406.7714866210938
30
0
0
VERTEX
8
AI4M_01_ATOM_INTERNAL
10
381.0564591250004
20
-417.55306362109377
30
0
0
VERTEX
8
AI4M_01_ATOM_INTERNAL
10
381.5716951249997
20
-432.6127056210937
30
0
0
VERTEX
8
AI4M_01_ATOM_INTERNAL
10
382.1292191249995
20
-447.7067276210937
30
0
0
VERTEX
8
AI4M_01_ATOM_INTERNAL
10
382.7212771249997
20
-462.83925962109373
30
0
0
VERTEX
8
AI4M_01_ATOM_INTERNAL
10
383.33820812500016
20
-477.9740166210937
30
0
0
VERTEX
8
AI4M_01_ATOM_INTERNAL
10
383.9661711250001
20
-492.9819806210937
30
0
0
VERTEX
8
AI4M_01_ATOM_INTERNAL
10
384.5548901250004
20
-506.81641962109376
30
0
0
SEQEND
8
AI4M_01_ATOM_INTERNAL
0
TEXT
8
AI4M_01_ATOM_INTERNAL
10
408.1769601249998
20
-240.6757946210937
30
0
40
2.5
1
AI4M_line_0651__seg_01_construction_construction_vertical
1001
AI4MANUFACTURING
1000
WRITEBACK_PHASE=01_ATOM_LABEL
1000
ENTITY_ID=line_0651__seg_01
999
AI4M_ENTITY=line_0691__seg_01;LINE_ROLE=construction;EDGE=construction_horizontal;SOURCE_LAYER=11
0
POLYLINE
8
AI4M_01_ATOM_INTERNAL
66
1
70
0
1001
AI4MANUFACTURING
1000
WRITEBACK_PHASE=01_ATOM
1000
ENTITY_ID=line_0691__seg_01
1000
SOURCE_HANDLE=
1000
LINE_ROLE=construction
1000
EDGE=construction_horizontal
1000
CHAIN=
1000
PIECE_ID=
1000
SEAM_PAIR=
1000
PAIRED_CHAIN=
1000
NOTCH_CHAIN=
1000
NOTCH_SOURCE=
1000
PIECE_ROLE=unknown
1000
SEAM_ALLOWANCE_MM=
1000
SOURCE_LAYER=11
0
VERTEX
8
AI4M_01_ATOM_INTERNAL
10
384.5548901250004
20
-506.81641962109376
30
0
0
VERTEX
8
AI4M_01_ATOM_INTERNAL
10
368.8842361249999
20
-507.31761062109376
30
0
0
VERTEX
8
AI4M_01_ATOM_INTERNAL
10
353.36656412499997
20
-507.75584162109374
30
0
0
VERTEX
8
AI4M_01_ATOM_INTERNAL
10
337.935904125
20
-508.10435362109376
30
0
0
VERTEX
8
AI4M_01_ATOM_INTERNAL
10
322.5844441250001
20
-508.36952562109377
30
0
0
VERTEX
8
AI4M_01_ATOM_INTERNAL
10
307.558822125
20
-508.5880276210937
30
0
0
VERTEX
8
AI4M_01_ATOM_INTERNAL
10
292.206483125
20
-508.79611462109375
30
0
0
VERTEX
8
AI4M_01_ATOM_INTERNAL
10
276.8539171249995
20
-508.98346362109373
30
0
0
VERTEX
8
AI4M_01_ATOM_INTERNAL
10
261.419226125
20
-509.14130362109375
30
0
0
VERTEX
8
AI4M_01_ATOM_INTERNAL
10
246.06594312500056
20
-509.26078762109375
30
0
0
VERTEX
8
AI4M_01_ATOM_INTERNAL
10
230.76540312500038
20
-509.33836662109377
30
0
0
VERTEX
8
AI4M_01_ATOM_INTERNAL
10
215.69695412500005
20
-509.38310562109376
30
0
0
VERTEX
8
AI4M_01_ATOM_INTERNAL
10
208.6261791249999
20
-509.39454462109376
30
0
0
SEQEND
8
AI4M_01_ATOM_INTERNAL
0
TEXT
8
AI4M_01_ATOM_INTERNAL
10
384.5548901250004
20
-506.81641962109376
30
0
40
2.5
1
AI4M_line_0691__seg_01_construction_construction_horizontal
1001
AI4MANUFACTURING
1000
WRITEBACK_PHASE=01_ATOM_LABEL
1000
ENTITY_ID=line_0691__seg_01
999
AI4M_ENTITY=line_0707__seg_01;LINE_ROLE=construction;EDGE=construction_horizontal;SOURCE_LAYER=11
0
POLYLINE
8
AI4M_01_ATOM_INTERNAL
66
1
70
0
1001
AI4MANUFACTURING
1000
WRITEBACK_PHASE=01_ATOM
1000
ENTITY_ID=line_0707__seg_01
1000
SOURCE_HANDLE=
1000
LINE_ROLE=construction
1000
EDGE=construction_horizontal
1000
CHAIN=
1000
PIECE_ID=
1000
SEAM_PAIR=
1000
PAIRED_CHAIN=
1000
NOTCH_CHAIN=
1000
NOTCH_SOURCE=
1000
PIECE_ROLE=unknown
1000
SEAM_ALLOWANCE_MM=
1000
SOURCE_LAYER=11
0
VERTEX
8
AI4M_01_ATOM_INTERNAL
10
208.6261791249999
20
-509.39454462109376
30
0
0
VERTEX
8
AI4M_01_ATOM_INTERNAL
10
192.5747071250007
20
-509.3618656210937
30
0
0
VERTEX
8
AI4M_01_ATOM_INTERNAL
10
177.45769712499987
20
-509.29807562109374
30
0
0
VERTEX
8
AI4M_01_ATOM_INTERNAL
10
161.69150312500005
20
-509.18658362109375
30
0
0
VERTEX
8
AI4M_01_ATOM_INTERNAL
10
146.6778221250006
20
-509.04296862109373
30
0
0
VERTEX
8
AI4M_01_ATOM_INTERNAL
10
131.6642461249994
20
-508.87545862109374
30
0
0
VERTEX
8
AI4M_01_ATOM_INTERNAL
10
116.49663312499979
20
-508.69326762109375
30
0
0
VERTEX
8
AI4M_01_ATOM_INTERNAL
10
101.4833711249994
20
-508.4916876210938
30
0
0
VERTEX
8
AI4M_01_ATOM_INTERNAL
10
86.47099712499949
20
-508.24581562109375
30
0
0
VERTEX
8
AI4M_01_ATOM_INTERNAL
10
70.93238312500034
20
-507.91986162109373
30
0
0
VERTEX
8
AI4M_01_ATOM_INTERNAL
10
55.74387612499959
20
-507.52503862109376
30
0
0
VERTEX
8
AI4M_01_ATOM_INTERNAL
10
40.86668912499954
20
-507.0823276210937
30
0
0
VERTEX
8
AI4M_01_ATOM_INTERNAL
10
32.698444125000606
20
-506.81641962109376
30
0
0
SEQEND
8
AI4M_01_ATOM_INTERNAL
0
TEXT
8
AI4M_01_ATOM_INTERNAL
10
208.6261791249999
20
-509.39454462109376
30
0
40
2.5
1
AI4M_line_0707__seg_01_construction_construction_horizontal
1001
AI4MANUFACTURING
1000
WRITEBACK_PHASE=01_ATOM_LABEL
1000
ENTITY_ID=line_0707__seg_01
999
AI4M_ENTITY=line_0723__seg_01;LINE_ROLE=construction;EDGE=construction_vertical;SOURCE_LAYER=11
0
POLYLINE
8
AI4M_01_ATOM_INTERNAL
66
1
70
0
1001
AI4MANUFACTURING
1000
WRITEBACK_PHASE=01_ATOM
1000
ENTITY_ID=line_0723__seg_01
1000
SOURCE_HANDLE=
1000
LINE_ROLE=construction
1000
EDGE=construction_vertical
1000
CHAIN=
1000
PIECE_ID=
1000
SEAM_PAIR=
1000
PAIRED_CHAIN=
1000
NOTCH_CHAIN=
1000
NOTCH_SOURCE=
1000
PIECE_ROLE=unknown
1000
SEAM_ALLOWANCE_MM=
1000
SOURCE_LAYER=11
0
VERTEX
8
AI4M_01_ATOM_INTERNAL
10
208.6261791249999
20
-37.03907562109384
30
0
0
VERTEX
8
AI4M_01_ATOM_INTERNAL
10
208.6261791249999
20
-53.1946666210938
30
0
0
VERTEX
8
AI4M_01_ATOM_INTERNAL
10
208.6261791249999
20
-68.63929762109365
30
0
0
VERTEX
8
AI4M_01_ATOM_INTERNAL
10
208.6261791249999
20
-83.97460162109383
30
0
0
VERTEX
8
AI4M_01_ATOM_INTERNAL
10
208.6261791249999
20
-99.6411206210937
30
0
0
VERTEX
8
AI4M_01_ATOM_INTERNAL
10
208.6261791249999
20
-114.65516762109382
30
0
0
VERTEX
8
AI4M_01_ATOM_INTERNAL
10
208.6261791249999
20
-129.66921462109372
30
0
0
VERTEX
8
AI4M_01_ATOM_INTERNAL
10
208.6261791249999
20
-145.1732796210938
30
0
0
VERTEX
8
AI4M_01_ATOM_INTERNAL
10
208.6261791249999
20
-160.1873266210937
30
0
0
VERTEX
8
AI4M_01_ATOM_INTERNAL
10
208.6261791249999
20
-175.2013736210938
30
0
0
VERTEX
8
AI4M_01_ATOM_INTERNAL
10
208.6261791249999
20
-190.57653262109375
30
0
0
VERTEX
8
AI4M_01_ATOM_INTERNAL
10
208.6261791249999
20
-205.59057962109375
30
0
0
VERTEX
8
AI4M_01_ATOM_INTERNAL
10
208.6261791249999
20
-220.60462762109375
30
0
0
VERTEX
8
AI4M_01_ATOM_INTERNAL
10
208.6261791249999
20
-235.61867462109376
30
0
0
VERTEX
8
AI4M_01_ATOM_INTERNAL
10
208.6261791249999
20
-251.19580762109376
30
0
0
VERTEX
8
AI4M_01_ATOM_INTERNAL
10
208.6261791249999
20
-266.20985462109377
30
0
0
VERTEX
8
AI4M_01_ATOM_INTERNAL
10
208.6261791249999
20
-281.22390262109377
30
0
0
VERTEX
8
AI4M_01_ATOM_INTERNAL
10
208.6261791249999
20
-296.74749862109377
30
0
0
VERTEX
8
AI4M_01_ATOM_INTERNAL
10
208.6261791249999
20
-311.7615456210938
30
0
0
VERTEX
8
AI4M_01_ATOM_INTERNAL
10
208.6261791249999
20
-326.77559262109367
30
0
0
VERTEX
8
AI4M_01_ATOM_INTERNAL
10
208.6261791249999
20
-341.2812626210937
30
0
0
VERTEX
8
AI4M_01_ATOM_INTERNAL
10
208.6261791249999
20
-357.0855236210938
30
0
0
VERTEX
8
AI4M_01_ATOM_INTERNAL
10
208.6261791249999
20
-372.0995706210938
30
0
0
VERTEX
8
AI4M_01_ATOM_INTERNAL
10
208.6261791249999
20
-387.1136176210937
30
0
0
VERTEX
8
AI4M_01_ATOM_INTERNAL
10
208.6261791249999
20
-402.62434462109377
30
0
0
VERTEX
8
AI4M_01_ATOM_INTERNAL
10
208.6261791249999
20
-417.6383916210938
30
0
0
VERTEX
8
AI4M_01_ATOM_INTERNAL
10
208.6261791249999
20
-432.6524396210938
30
0
0
VERTEX
8
AI4M_01_ATOM_INTERNAL
10
208.6261791249999
20
-448.2295726210938
30
0
0
VERTEX
8
AI4M_01_ATOM_INTERNAL
10
208.6261791249999
20
-463.2436196210938
30
0
0
VERTEX
8
AI4M_01_ATOM_INTERNAL
10
208.6261791249999
20
-478.25766662109373
30
0
0
VERTEX
8
AI4M_01_ATOM_INTERNAL
10
208.6261791249999
20
-493.27171362109374
30
0
0
VERTEX
8
AI4M_01_ATOM_INTERNAL
10
208.6261791249999
20
-508.19752862109374
30
0
0
VERTEX
8
AI4M_01_ATOM_INTERNAL
10
208.6261791249999
20
-509.39454462109376
30
0
0
SEQEND
8
AI4M_01_ATOM_INTERNAL
0
TEXT
8
AI4M_01_ATOM_INTERNAL
10
208.6261791249999
20
-37.03907562109384
30
0
40
2.5
1
AI4M_line_0723__seg_01_construction_construction_vertical
1001
AI4MANUFACTURING
1000
WRITEBACK_PHASE=01_ATOM_LABEL
1000
ENTITY_ID=line_0723__seg_01
999
AI4M_ENTITY=line_0762__seg_01;LINE_ROLE=construction;EDGE=construction_horizontal;SOURCE_LAYER=11
0
POLYLINE
8
AI4M_01_ATOM_INTERNAL
66
1
70
0
1001
AI4MANUFACTURING
1000
WRITEBACK_PHASE=01_ATOM
1000
ENTITY_ID=line_0762__seg_01
1000
SOURCE_HANDLE=
1000
LINE_ROLE=construction
1000
EDGE=construction_horizontal
1000
CHAIN=
1000
PIECE_ID=
1000
SEAM_PAIR=
1000
PAIRED_CHAIN=
1000
NOTCH_CHAIN=
1000
NOTCH_SOURCE=
1000
PIECE_ROLE=unknown
1000
SEAM_ALLOWANCE_MM=
1000
SOURCE_LAYER=11
0
VERTEX
8
AI4M_01_ATOM_INTERNAL
10
208.6261791249999
20
-381.54298162109376
30
0
0
VERTEX
8
AI4M_01_ATOM_INTERNAL
10
192.75891212500028
20
-381.54298162109376
30
0
0
VERTEX
8
AI4M_01_ATOM_INTERNAL
10
177.18070612500014
20
-381.54298162109376
30
0
0
VERTEX
8
AI4M_01_ATOM_INTERNAL
10
161.64235012500012
20
-381.54298162109376
30
0
0
VERTEX
8
AI4M_01_ATOM_INTERNAL
10
146.10835912499988
20
-381.54298162109376
30
0
0
VERTEX
8
AI4M_01_ATOM_INTERNAL
10
130.86247612499938
20
-381.54298162109376
30
0
0
VERTEX
8
AI4M_01_ATOM_INTERNAL
10
115.61659312499978
20
-381.54298162109376
30
0
0
VERTEX
8
AI4M_01_ATOM_INTERNAL
10
99.87402112500058
20
-381.54298162109376
30
0
0
VERTEX
8
AI4M_01_ATOM_INTERNAL
10
84.62813812500008
20
-381.54298162109376
30
0
0
VERTEX
8
AI4M_01_ATOM_INTERNAL
10
69.38225512499957
20
-381.54298162109376
30
0
0
VERTEX
8
AI4M_01_ATOM_INTERNAL
10
53.7914311250006
20
-381.54298162109376
30
0
0
VERTEX
8
AI4M_01_ATOM_INTERNAL
10
37.96553412499998
20
-381.54298162109376
30
0
0
SEQEND
8
AI4M_01_ATOM_INTERNAL
0
TEXT
8
AI4M_01_ATOM_INTERNAL
10
208.6261791249999
20
-381.54298162109376
30
0
40
2.5
1
AI4M_line_0762__seg_01_construction_construction_horizontal
1001
AI4MANUFACTURING
1000
WRITEBACK_PHASE=01_ATOM_LABEL
1000
ENTITY_ID=line_0762__seg_01
999
AI4M_ENTITY=line_0777;LINE_ROLE=construction;EDGE=construction_horizontal;SOURCE_LAYER=11
0
POLYLINE
8
AI4M_01_ATOM_INTERNAL
66
1
70
0
1001
AI4MANUFACTURING
1000
WRITEBACK_PHASE=01_ATOM
1000
ENTITY_ID=line_0777
1000
SOURCE_HANDLE=
1000
LINE_ROLE=construction
1000
EDGE=construction_horizontal
1000
CHAIN=
1000
PIECE_ID=
1000
SEAM_PAIR=
1000
PAIRED_CHAIN=
1000
NOTCH_CHAIN=
1000
NOTCH_SOURCE=
1000
PIECE_ROLE=unknown
1000
SEAM_ALLOWANCE_MM=
1000
SOURCE_LAYER=11
0
VERTEX
8
AI4M_01_ATOM_INTERNAL
10
9.075397124999654
20
-240.6757946210937
30
0
0
VERTEX
8
AI4M_01_ATOM_INTERNAL
10
208.6261791249999
20
-240.6757946210937
30
0
0
SEQEND
8
AI4M_01_ATOM_INTERNAL
0
TEXT
8
AI4M_01_ATOM_INTERNAL
10
9.075397124999654
20
-240.6757946210937
30
0
40
2.5
1
AI4M_line_0777_construction_construction_horizontal
1001
AI4MANUFACTURING
1000
WRITEBACK_PHASE=01_ATOM_LABEL
1000
ENTITY_ID=line_0777
999
AI4M_ENTITY=line_0782;LINE_ROLE=construction;EDGE=construction_horizontal;SOURCE_LAYER=11
0
POLYLINE
8
AI4M_01_ATOM_INTERNAL
66
1
70
0
1001
AI4MANUFACTURING
1000
WRITEBACK_PHASE=01_ATOM
1000
ENTITY_ID=line_0782
1000
SOURCE_HANDLE=
1000
LINE_ROLE=construction
1000
EDGE=construction_horizontal
1000
CHAIN=
1000
PIECE_ID=
1000
SEAM_PAIR=
1000
PAIRED_CHAIN=
1000
NOTCH_CHAIN=
1000
NOTCH_SOURCE=
1000
PIECE_ROLE=unknown
1000
SEAM_ALLOWANCE_MM=
1000
SOURCE_LAYER=11
0
VERTEX
8
AI4M_01_ATOM_INTERNAL
10
30.344929124999908
20
-66.60548162109376
30
0
0
VERTEX
8
AI4M_01_ATOM_INTERNAL
10
130.90010512499975
20
-18.87110662109376
30
0
0
SEQEND
8
AI4M_01_ATOM_INTERNAL
0
TEXT
8
AI4M_01_ATOM_INTERNAL
10
30.344929124999908
20
-66.60548162109376
30
0
40
2.5
1
AI4M_line_0782_construction_construction_horizontal
1001
AI4MANUFACTURING
1000
WRITEBACK_PHASE=01_ATOM_LABEL
1000
ENTITY_ID=line_0782
999
AI4M_ENTITY=line_0787__seg_01;LINE_ROLE=construction;EDGE=construction_horizontal;SOURCE_LAYER=11
0
POLYLINE
8
AI4M_01_ATOM_INTERNAL
66
1
70
0
1001
AI4MANUFACTURING
1000
WRITEBACK_PHASE=01_ATOM
1000
ENTITY_ID=line_0787__seg_01
1000
SOURCE_HANDLE=
1000
LINE_ROLE=construction
1000
EDGE=construction_horizontal
1000
CHAIN=
1000
PIECE_ID=
1000
SEAM_PAIR=
1000
PAIRED_CHAIN=
1000
NOTCH_CHAIN=
1000
NOTCH_SOURCE=
1000
PIECE_ROLE=unknown
1000
SEAM_ALLOWANCE_MM=
1000
SOURCE_LAYER=11
0
VERTEX
8
AI4M_01_ATOM_INTERNAL
10
208.6261791249999
20
-381.54298162109376
30
0
0
VERTEX
8
AI4M_01_ATOM_INTERNAL
10
224.48381912500008
20
-381.54298162109376
30
0
0
VERTEX
8
AI4M_01_ATOM_INTERNAL
10
240.0852351249996
20
-381.54298162109376
30
0
0
VERTEX
8
AI4M_01_ATOM_INTERNAL
10
255.48566412499986
20
-381.54298162109376
30
0
0
VERTEX
8
AI4M_01_ATOM_INTERNAL
10
270.514698125
20
-381.54298162109376
30
0
0
VERTEX
8
AI4M_01_ATOM_INTERNAL
10
285.74568612500025
20
-381.54298162109376
30
0
0
VERTEX
8
AI4M_01_ATOM_INTERNAL
10
300.7747201250004
20
-381.54298162109376
30
0
0
VERTEX
8
AI4M_01_ATOM_INTERNAL
10
316.3363901249995
20
-381.54298162109376
30
0
0
VERTEX
8
AI4M_01_ATOM_INTERNAL
10
331.3654241250006
20
-381.54298162109376
30
0
0
VERTEX
8
AI4M_01_ATOM_INTERNAL
10
346.53377912500036
20
-381.54298162109376
30
0
0
VERTEX
8
AI4M_01_ATOM_INTERNAL
10
361.85881512500055
20
-381.54298162109376
30
0
0
VERTEX
8
AI4M_01_ATOM_INTERNAL
10
376.67628412500017
20
-381.54298162109376
30
0
0
VERTEX
8
AI4M_01_ATOM_INTERNAL
10
379.2873121249995
20
-381.54298162109376
30
0
0
SEQEND
8
AI4M_01_ATOM_INTERNAL
0
TEXT
8
AI4M_01_ATOM_INTERNAL
10
208.6261791249999
20
-381.54298162109376
30
0
40
2.5
1
AI4M_line_0787__seg_01_construction_construction_horizontal
1001
AI4MANUFACTURING
1000
WRITEBACK_PHASE=01_ATOM_LABEL
1000
ENTITY_ID=line_0787__seg_01
999
AI4M_ENTITY=line_0803;LINE_ROLE=construction;EDGE=construction_horizontal;SOURCE_LAYER=11
0
POLYLINE
8
AI4M_01_ATOM_INTERNAL
66
1
70
0
1001
AI4MANUFACTURING
1000
WRITEBACK_PHASE=01_ATOM
1000
ENTITY_ID=line_0803
1000
SOURCE_HANDLE=
1000
LINE_ROLE=construction
1000
EDGE=construction_horizontal
1000
CHAIN=
1000
PIECE_ID=
1000
SEAM_PAIR=
1000
PAIRED_CHAIN=
1000
NOTCH_CHAIN=
1000
NOTCH_SOURCE=
1000
PIECE_ROLE=unknown
1000
SEAM_ALLOWANCE_MM=
1000
SOURCE_LAYER=11
0
VERTEX
8
AI4M_01_ATOM_INTERNAL
10
408.1769601249998
20
-240.6757946210937
30
0
0
VERTEX
8
AI4M_01_ATOM_INTERNAL
10
208.6261791249999
20
-240.6757946210937
30
0
0
SEQEND
8
AI4M_01_ATOM_INTERNAL
0
TEXT
8
AI4M_01_ATOM_INTERNAL
10
408.1769601249998
20
-240.6757946210937
30
0
40
2.5
1
AI4M_line_0803_construction_construction_horizontal
1001
AI4MANUFACTURING
1000
WRITEBACK_PHASE=01_ATOM_LABEL
1000
ENTITY_ID=line_0803
999
AI4M_ENTITY=line_0808;LINE_ROLE=construction;EDGE=construction_horizontal;SOURCE_LAYER=11
0
POLYLINE
8
AI4M_01_ATOM_INTERNAL
66
1
70
0
1001
AI4MANUFACTURING
1000
WRITEBACK_PHASE=01_ATOM
1000
ENTITY_ID=line_0808
1000
SOURCE_HANDLE=
1000
LINE_ROLE=construction
1000
EDGE=construction_horizontal
1000
CHAIN=
1000
PIECE_ID=
1000
SEAM_PAIR=
1000
PAIRED_CHAIN=
1000
NOTCH_CHAIN=
1000
NOTCH_SOURCE=
1000
PIECE_ROLE=unknown
1000
SEAM_ALLOWANCE_MM=
1000
SOURCE_LAYER=11
0
VERTEX
8
AI4M_01_ATOM_INTERNAL
10
386.9084051250002
20
-66.60548162109376
30
0
0
VERTEX
8
AI4M_01_ATOM_INTERNAL
10
286.35274112499974
20
-18.87110662109376
30
0
0
SEQEND
8
AI4M_01_ATOM_INTERNAL
0
TEXT
8
AI4M_01_ATOM_INTERNAL
10
386.9084051250002
20
-66.60548162109376
30
0
40
2.5
1
AI4M_line_0808_construction_construction_horizontal
1001
AI4MANUFACTURING
1000
WRITEBACK_PHASE=01_ATOM_LABEL
1000
ENTITY_ID=line_0808
999
AI4M_ENTITY=line_1340__seg_01;LINE_ROLE=construction;EDGE=construction_vertical;SOURCE_LAYER=11
0
POLYLINE
8
AI4M_01_ATOM_INTERNAL
66
1
70
0
1001
AI4MANUFACTURING
1000
WRITEBACK_PHASE=01_ATOM
1000
ENTITY_ID=line_1340__seg_01
1000
SOURCE_HANDLE=
1000
LINE_ROLE=construction
1000
EDGE=construction_vertical
1000
CHAIN=
1000
PIECE_ID=
1000
SEAM_PAIR=
1000
PAIRED_CHAIN=
1000
NOTCH_CHAIN=
1000
NOTCH_SOURCE=
1000
PIECE_ROLE=unknown
1000
SEAM_ALLOWANCE_MM=
1000
SOURCE_LAYER=11
0
VERTEX
8
AI4M_01_ATOM_INTERNAL
10
464.112971165835
20
-496.46872998828127
30
0
0
VERTEX
8
AI4M_01_ATOM_INTERNAL
10
464.67584116583475
20
-481.12864998828127
30
0
0
VERTEX
8
AI4M_01_ATOM_INTERNAL
10
465.20380216583544
20
-465.9647639882813
30
0
0
VERTEX
8
AI4M_01_ATOM_INTERNAL
10
465.704177165836
20
-450.7057779882813
30
0
0
VERTEX
8
AI4M_01_ATOM_INTERNAL
10
466.1662891658352
20
-435.4677979882813
30
0
0
VERTEX
8
AI4M_01_ATOM_INTERNAL
10
466.61886916583535
20
-420.24263198828123
30
0
0
VERTEX
8
AI4M_01_ATOM_INTERNAL
10
467.11723816583526
20
-405.01914498828125
30
0
0
VERTEX
8
AI4M_01_ATOM_INTERNAL
10
467.4424991658352
20
-396.35700798828134
30
0
0
VERTEX
8
AI4M_01_ATOM_INTERNAL
10
467.44255416583565
20
-396.3556349882813
30
0
0
VERTEX
8
AI4M_01_ATOM_INTERNAL
10
467.69056916583486
20
-390.0234979882813
30
0
0
VERTEX
8
AI4M_01_ATOM_INTERNAL
10
468.0564641658357
20
-377.33562098828133
30
0
0
VERTEX
8
AI4M_01_ATOM_INTERNAL
10
468.09545316583535
20
-368.12285498828123
30
0
0
VERTEX
8
AI4M_01_ATOM_INTERNAL
10
467.89479116583516
20
-360.2107329882813
30
0
0
VERTEX
8
AI4M_01_ATOM_INTERNAL
10
467.47362716583575
20
-353.1592949882813
30
0
0
VERTEX
8
AI4M_01_ATOM_INTERNAL
10
466.8230791658352
20
-346.43846898828133
30
0
0
VERTEX
8
AI4M_01_ATOM_INTERNAL
10
465.8905231658355
20
-339.4484359882813
30
0
0
VERTEX
8
AI4M_01_ATOM_INTERNAL
10
464.5925551658356
20
-331.69394498828126
30
0
0
VERTEX
8
AI4M_01_ATOM_INTERNAL
10
462.838201165835
20
-322.8032599882813
30
0
0
VERTEX
8
AI4M_01_ATOM_INTERNAL
10
460.2063891658354
20
-310.9442479882813
30
0
0
VERTEX
8
AI4M_01_ATOM_INTERNAL
10
456.73103516583524
20
-296.11360898828127
30
0
0
VERTEX
8
AI4M_01_ATOM_INTERNAL
10
453.6295731658347
20
-282.4062299882812
30
0
0
VERTEX
8
AI4M_01_ATOM_INTERNAL
10
451.88616016583546
20
-273.9230859882813
30
0
0
VERTEX
8
AI4M_01_ATOM_INTERNAL
10
451.8859191658348
20
-273.92184498828124
30
0
0
VERTEX
8
AI4M_01_ATOM_INTERNAL
10
451.56601716583555
20
-272.2599449882813
30
0
0
VERTEX
8
AI4M_01_ATOM_INTERNAL
10
449.99976316583525
20
-263.39269798828127
30
0
0
VERTEX
8
AI4M_01_ATOM_INTERNAL
10
448.75463716583545
20
-254.98702198828119
30
0
0
VERTEX
8
AI4M_01_ATOM_INTERNAL
10
447.75750316583526
20
-246.6054489882813
30
0
0
VERTEX
8
AI4M_01_ATOM_INTERNAL
10
446.9709111658349
20
-237.89649898828134
30
0
0
VERTEX
8
AI4M_01_ATOM_INTERNAL
10
446.3348381658352
20
-227.84610598828135
30
0
0
VERTEX
8
AI4M_01_ATOM_INTERNAL
10
446.10711216583513
20
-223.1366989882813
30
0
0
SEQEND
8
AI4M_01_ATOM_INTERNAL
0
TEXT
8
AI4M_01_ATOM_INTERNAL
10
464.112971165835
20
-496.46872998828127
30
0
40
2.5
1
AI4M_line_1340__seg_01_construction_construction_vertical
1001
AI4MANUFACTURING
1000
WRITEBACK_PHASE=01_ATOM_LABEL
1000
ENTITY_ID=line_1340__seg_01
999
AI4M_ENTITY=line_1381__seg_01;LINE_ROLE=construction;EDGE=construction_vertical;SOURCE_LAYER=11
0
POLYLINE
8
AI4M_01_ATOM_INTERNAL
66
1
70
0
1001
AI4MANUFACTURING
1000
WRITEBACK_PHASE=01_ATOM
1000
ENTITY_ID=line_1381__seg_01
1000
SOURCE_HANDLE=
1000
LINE_ROLE=construction
1000
EDGE=construction_vertical
1000
CHAIN=
1000
PIECE_ID=
1000
SEAM_PAIR=
1000
PAIRED_CHAIN=
1000
NOTCH_CHAIN=
1000
NOTCH_SOURCE=
1000
PIECE_ROLE=unknown
1000
SEAM_ALLOWANCE_MM=
1000
SOURCE_LAYER=11
0
VERTEX
8
AI4M_01_ATOM_INTERNAL
10
446.10711216583513
20
-223.1366989882813
30
0
0
VERTEX
8
AI4M_01_ATOM_INTERNAL
10
452.4467301658351
20
-222.51537298828134
30
0
0
VERTEX
8
AI4M_01_ATOM_INTERNAL
10
457.02677616583514
20
-221.8361679882812
30
0
0
VERTEX
8
AI4M_01_ATOM_INTERNAL
10
461.2383631658349
20
-220.97064698828126
30
0
0
VERTEX
8
AI4M_01_ATOM_INTERNAL
10
465.29354416583556
20
-219.89190298828134
30
0
0
VERTEX
8
AI4M_01_ATOM_INTERNAL
10
469.16212216583517
20
-218.61689598828127
30
0
0
VERTEX
8
AI4M_01_ATOM_INTERNAL
10
472.6343701658352
20
-217.22129098828123
30
0
0
VERTEX
8
AI4M_01_ATOM_INTERNAL
10
475.66024416583514
20
-215.7452219882813
30
0
0
VERTEX
8
AI4M_01_ATOM_INTERNAL
10
478.26999416583476
20
-214.2048219882813
30
0
0
VERTEX
8
AI4M_01_ATOM_INTERNAL
10
480.5760791658349
20
-212.5595099882812
30
0
0
VERTEX
8
AI4M_01_ATOM_INTERNAL
10
482.60252416583535
20
-210.80566198828126
30
0
0
VERTEX
8
AI4M_01_ATOM_INTERNAL
10
484.495950165835
20
-208.82908098828125
30
0
0
VERTEX
8
AI4M_01_ATOM_INTERNAL
10
486.295751165836
20
-206.5727159882813
30
0
0
VERTEX
8
AI4M_01_ATOM_INTERNAL
10
487.925490165836
20
-204.12851798828126
30
0
0
VERTEX
8
AI4M_01_ATOM_INTERNAL
10
489.44564516583523
20
-201.3835959882813
30
0
0
VERTEX
8
AI4M_01_ATOM_INTERNAL
10
490.82342216583584
20
-198.36415998828124
30
0
0
VERTEX
8
AI4M_01_ATOM_INTERNAL
10
492.0400231658359
20
-195.0927909882812
30
0
0
VERTEX
8
AI4M_01_ATOM_INTERNAL
10
493.1055171658354
20
-191.50398298828122
30
0
0
VERTEX
8
AI4M_01_ATOM_INTERNAL
10
493.9970961658355
20
-187.6184639882813
30
0
0
VERTEX
8
AI4M_01_ATOM_INTERNAL
10
494.70831116583486
20
-183.3780959882813
30
0
0
VERTEX
8
AI4M_01_ATOM_INTERNAL
10
495.20263416583566
20
-178.92355698828123
30
0
0
VERTEX
8
AI4M_01_ATOM_INTERNAL
10
495.47997516583473
20
-174.18155598828127
30
0
0
VERTEX
8
AI4M_01_ATOM_INTERNAL
10
495.53094116583543
20
-171.83579598828123
30
0
0
VERTEX
8
AI4M_01_ATOM_INTERNAL
10
495.53099916583506
20
-171.83003398828123
30
0
0
VERTEX
8
AI4M_01_ATOM_INTERNAL
10
495.5235541658358
20
-169.21347798828128
30
0
0
VERTEX
8
AI4M_01_ATOM_INTERNAL
10
495.31799716583555
20
-164.04116198828126
30
0
0
VERTEX
8
AI4M_01_ATOM_INTERNAL
10
494.83623016583533
20
-158.38757398828125
30
0
0
VERTEX
8
AI4M_01_ATOM_INTERNAL
10
494.0259631658355
20
-151.95411898828127
30
0
0
VERTEX
8
AI4M_01_ATOM_INTERNAL
10
492.90453016583524
20
-145.01590798828124
30
0
0
VERTEX
8
AI4M_01_ATOM_INTERNAL
10
491.5237231658348
20
-137.9905839882813
30
0
0
VERTEX
8
AI4M_01_ATOM_INTERNAL
10
489.99475816583526
20
-131.3825959882813
30
0
0
VERTEX
8
AI4M_01_ATOM_INTERNAL
10
489.9937131658353
20
-131.37839198828124
30
0
0
VERTEX
8
AI4M_01_ATOM_INTERNAL
10
489.9186451658352
20
-131.07745598828126
30
0
0
VERTEX
8
AI4M_01_ATOM_INTERNAL
10
488.069038165836
20
-124.1878869882812
30
0
0
VERTEX
8
AI4M_01_ATOM_INTERNAL
10
485.84685816583533
20
-116.8866989882813
30
0
0
VERTEX
8
AI4M_01_ATOM_INTERNAL
10
483.12944616583536
20
-108.83617398828119
30
0
0
VERTEX
8
AI4M_01_ATOM_INTERNAL
10
479.90813316583535
20
-100.09606998828122
30
0
0
VERTEX
8
AI4M_01_ATOM_INTERNAL
10
475.9766401658353
20
-90.18167898828119
30
0
0
VERTEX
8
AI4M_01_ATOM_INTERNAL
10
471.1758421658351
20
-78.78279498828124
30
0
0
VERTEX
8
AI4M_01_ATOM_INTERNAL
10
468.0304521658354
20
-71.5741989882813
30
0
0
SEQEND
8
AI4M_01_ATOM_INTERNAL
0
TEXT
8
AI4M_01_ATOM_INTERNAL
10
446.10711216583513
20
-223.1366989882813
30
0
40
2.5
1
AI4M_line_1381__seg_01_construction_construction_vertical
1001
AI4MANUFACTURING
1000
WRITEBACK_PHASE=01_ATOM_LABEL
1000
ENTITY_ID=line_1381__seg_01
999
AI4M_ENTITY=line_1432;LINE_ROLE=construction;EDGE=construction_horizontal;SOURCE_LAYER=11
0
POLYLINE
8
AI4M_01_ATOM_INTERNAL
66
1
70
0
1001
AI4MANUFACTURING
1000
WRITEBACK_PHASE=01_ATOM
1000
ENTITY_ID=line_1432
1000
SOURCE_HANDLE=
1000
LINE_ROLE=construction
1000
EDGE=construction_horizontal
1000
CHAIN=
1000
PIECE_ID=
1000
SEAM_PAIR=
1000
PAIRED_CHAIN=
1000
NOTCH_CHAIN=
1000
NOTCH_SOURCE=
1000
PIECE_ROLE=unknown
1000
SEAM_ALLOWANCE_MM=
1000
SOURCE_LAYER=11
0
VERTEX
8
AI4M_01_ATOM_INTERNAL
10
468.0304521658354
20
-71.5741989882813
30
0
0
VERTEX
8
AI4M_01_ATOM_INTERNAL
10
557.9127761658356
20
-13.894510988281354
30
0
0
SEQEND
8
AI4M_01_ATOM_INTERNAL
0
TEXT
8
AI4M_01_ATOM_INTERNAL
10
468.0304521658354
20
-71.5741989882813
30
0
40
2.5
1
AI4M_line_1432_construction_construction_horizontal
1001
AI4MANUFACTURING
1000
WRITEBACK_PHASE=01_ATOM_LABEL
1000
ENTITY_ID=line_1432
999
AI4M_ENTITY=line_1437__seg_01;LINE_ROLE=construction;EDGE=construction_horizontal;SOURCE_LAYER=11
0
POLYLINE
8
AI4M_01_ATOM_INTERNAL
66
1
70
0
1001
AI4MANUFACTURING
1000
WRITEBACK_PHASE=01_ATOM
1000
ENTITY_ID=line_1437__seg_01
1000
SOURCE_HANDLE=
1000
LINE_ROLE=construction
1000
EDGE=construction_horizontal
1000
CHAIN=
1000
PIECE_ID=
1000
SEAM_PAIR=
1000
PAIRED_CHAIN=
1000
NOTCH_CHAIN=
1000
NOTCH_SOURCE=
1000
PIECE_ROLE=unknown
1000
SEAM_ALLOWANCE_MM=
1000
SOURCE_LAYER=11
0
VERTEX
8
AI4M_01_ATOM_INTERNAL
10
557.9127761658356
20
-13.894510988281354
30
0
0
VERTEX
8
AI4M_01_ATOM_INTERNAL
10
559.6385551658359
20
-21.67680498828122
30
0
0
VERTEX
8
AI4M_01_ATOM_INTERNAL
10
561.5089821658357
20
-28.972160988281303
30
0
0
VERTEX
8
AI4M_01_ATOM_INTERNAL
10
563.3036971658357
20
-35.07403798828136
30
0
0
VERTEX
8
AI4M_01_ATOM_INTERNAL
10
565.1379171658355
20
-40.47475098828136
30
0
0
VERTEX
8
AI4M_01_ATOM_INTERNAL
10
567.1453831658355
20
-45.6323749882813
30
0
0
VERTEX
8
AI4M_01_ATOM_INTERNAL
10
569.2699931658353
20
-50.42307198828121
30
0
0
VERTEX
8
AI4M_01_ATOM_INTERNAL
10
571.5514351658358
20
-54.96351398828119
30
0
0
VERTEX
8
AI4M_01_ATOM_INTERNAL
10
573.969509165835
20
-59.23607198828131
30
0
0
VERTEX
8
AI4M_01_ATOM_INTERNAL
10
576.5456861658358
20
-63.29309298828116
30
0
0
VERTEX
8
AI4M_01_ATOM_INTERNAL
10
579.2658421658352
20
-67.1213869882813
30
0
0
VERTEX
8
AI4M_01_ATOM_INTERNAL
10
581.9730801658352
20
-70.5381679882812
30
0
0
VERTEX
8
AI4M_01_ATOM_INTERNAL
10
581.9737951658353
20
-70.53902398828131
30
0
0
VERTEX
8
AI4M_01_ATOM_INTERNAL
10
582.1071001658356
20
-70.6979369882813
30
0
0
VERTEX
8
AI4M_01_ATOM_INTERNAL
10
585.0217891658349
20
-73.97173598828135
30
0
0
VERTEX
8
AI4M_01_ATOM_INTERNAL
10
587.959577165836
20
-76.91074798828117
30
0
0
VERTEX
8
AI4M_01_ATOM_INTERNAL
10
590.9711471658347
20
-79.58640098828118
30
0
0
VERTEX
8
AI4M_01_ATOM_INTERNAL
10
594.1516241658355
20
-82.0855379882812
30
0
0
VERTEX
8
AI4M_01_ATOM_INTERNAL
10
597.5881461658355
20
-84.46735998828126
30
0
0
VERTEX
8
AI4M_01_ATOM_INTERNAL
10
601.1641131658353
20
-86.64348998828132
30
0
0
VERTEX
8
AI4M_01_ATOM_INTERNAL
10
604.9206341658355
20
-88.6359749882813
30
0
0
VERTEX
8
AI4M_01_ATOM_INTERNAL
10
608.8112381658348
20
-90.4148849882813
30
0
0
VERTEX
8
AI4M_01_ATOM_INTERNAL
10
612.8281581658348
20
-91.97691098828136
30
0
0
VERTEX
8
AI4M_01_ATOM_INTERNAL
10
617.1764481658347
20
-93.39841698828127
30
0
0
VERTEX
8
AI4M_01_ATOM_INTERNAL
10
622.0810291658354
20
-94.72911498828125
30
0
0
VERTEX
8
AI4M_01_ATOM_INTERNAL
10
627.0689991658355
20
-95.8219899882813
30
0
0
VERTEX
8
AI4M_01_ATOM_INTERNAL
10
632.651222165835
20
-96.78058198828126
30
0
0
VERTEX
8
AI4M_01_ATOM_INTERNAL
10
637.8984891658356
20
-97.44403198828127
30
0
0
VERTEX
8
AI4M_01_ATOM_INTERNAL
10
643.3585701658349
20
-97.86305398828131
30
0
0
VERTEX
8
AI4M_01_ATOM_INTERNAL
10
646.1593581658353
20
-97.9960739882813
30
0
0
SEQEND
8
AI4M_01_ATOM_INTERNAL
0
TEXT
8
AI4M_01_ATOM_INTERNAL
10
557.9127761658356
20
-13.894510988281354
30
0
40
2.5
1
AI4M_line_1437__seg_01_construction_construction_horizontal
1001
AI4MANUFACTURING
1000
WRITEBACK_PHASE=01_ATOM_LABEL
1000
ENTITY_ID=line_1437__seg_01
999
AI4M_ENTITY=line_1477__seg_01;LINE_ROLE=construction;EDGE=construction_horizontal;SOURCE_LAYER=11
0
POLYLINE
8
AI4M_01_ATOM_INTERNAL
66
1
70
0
1001
AI4MANUFACTURING
1000
WRITEBACK_PHASE=01_ATOM
1000
ENTITY_ID=line_1477__seg_01
1000
SOURCE_HANDLE=
1000
LINE_ROLE=construction
1000
EDGE=construction_horizontal
1000
CHAIN=
1000
PIECE_ID=
1000
SEAM_PAIR=
1000
PAIRED_CHAIN=
1000
NOTCH_CHAIN=
1000
NOTCH_SOURCE=
1000
PIECE_ROLE=unknown
1000
SEAM_ALLOWANCE_MM=
1000
SOURCE_LAYER=11
0
VERTEX
8
AI4M_01_ATOM_INTERNAL
10
646.1593581658353
20
-97.9960739882813
30
0
0
VERTEX
8
AI4M_01_ATOM_INTERNAL
10
652.1454281658353
20
-97.66173898828129
30
0
0
VERTEX
8
AI4M_01_ATOM_INTERNAL
10
657.5013321658353
20
-97.07993998828124
30
0
0
VERTEX
8
AI4M_01_ATOM_INTERNAL
10
663.0005251658358
20
-96.24198798828127
30
0
0
VERTEX
8
AI4M_01_ATOM_INTERNAL
10
668.1607231658354
20
-95.21514598828128
30
0
0
VERTEX
8
AI4M_01_ATOM_INTERNAL
10
673.1183771658352
20
-93.98071298828131
30
0
0
VERTEX
8
AI4M_01_ATOM_INTERNAL
10
677.6438421658358
20
-92.61040898828128
30
0
0
VERTEX
8
AI4M_01_ATOM_INTERNAL
10
681.8529881658351
20
-91.08741398828124
30
0
0
VERTEX
8
AI4M_01_ATOM_INTERNAL
10
685.7338091658357
20
-89.43218598828116
30
0
0
VERTEX
8
AI4M_01_ATOM_INTERNAL
10
689.531665165835
20
-87.53752198828124
30
0
0
VERTEX
8
AI4M_01_ATOM_INTERNAL
10
693.1615631658351
20
-85.45638598828123
30
0
0
VERTEX
8
AI4M_01_ATOM_INTERNAL
10
696.6242791658351
20
-83.19442798828118
30
0
0
VERTEX
8
AI4M_01_ATOM_INTERNAL
10
699.8982471658355
20
-80.76453798828129
30
0
0
VERTEX
8
AI4M_01_ATOM_INTERNAL
10
702.989129165836
20
-78.1691169882813
30
0
0
VERTEX
8
AI4M_01_ATOM_INTERNAL
10
705.9442041658358
20
-75.37132698828123
30
0
0
VERTEX
8
AI4M_01_ATOM_INTERNAL
10
708.8246871658348
20
-72.30221898828131
30
0
0
VERTEX
8
AI4M_01_ATOM_INTERNAL
10
710.3453591658354
20
-70.53908398828116
30
0
0
VERTEX
8
AI4M_01_ATOM_INTERNAL
10
710.3460471658354
20
-70.53826098828131
30
0
0
VERTEX
8
AI4M_01_ATOM_INTERNAL
10
711.6504921658352
20
-68.93687298828127
30
0
0
VERTEX
8
AI4M_01_ATOM_INTERNAL
10
714.4230421658349
20
-65.24774298828129
30
0
0
VERTEX
8
AI4M_01_ATOM_INTERNAL
10
717.0483011658353
20
-61.342868988281225
30
0
0
VERTEX
8
AI4M_01_ATOM_INTERNAL
10
719.5623921658353
20
-57.155744988281185
30
0
0
VERTEX
8
AI4M_01_ATOM_INTERNAL
10
721.8811711658354
20
-52.818589988281246
30
0
0
VERTEX
8
AI4M_01_ATOM_INTERNAL
10
724.0647881658351
20
-48.20859498828122
30
0
0
VERTEX
8
AI4M_01_ATOM_INTERNAL
10
726.1128891658354
20
-43.30416898828116
30
0
0
VERTEX
8
AI4M_01_ATOM_INTERNAL
10
728.0317731658351
20
-38.059133988281246
30
0
0
VERTEX
8
AI4M_01_ATOM_INTERNAL
10
729.8376221658355
20
-32.390250988281196
30
0
0
VERTEX
8
AI4M_01_ATOM_INTERNAL
10
731.604358165835
20
-26.007361988281218
30
0
0
VERTEX
8
AI4M_01_ATOM_INTERNAL
10
733.395387165835
20
-18.53293498828134
30
0
0
VERTEX
8
AI4M_01_ATOM_INTERNAL
10
734.4059401658351
20
-13.894510988281354
30
0
0
SEQEND
8
AI4M_01_ATOM_INTERNAL
0
TEXT
8
AI4M_01_ATOM_INTERNAL
10
646.1593581658353
20
-97.9960739882813
30
0
40
2.5
1
AI4M_line_1477__seg_01_construction_construction_horizontal
1001
AI4MANUFACTURING
1000
WRITEBACK_PHASE=01_ATOM_LABEL
1000
ENTITY_ID=line_1477__seg_01
999
AI4M_ENTITY=line_1514;LINE_ROLE=construction;EDGE=construction_horizontal;SOURCE_LAYER=11
0
POLYLINE
8
AI4M_01_ATOM_INTERNAL
66
1
70
0
1001
AI4MANUFACTURING
1000
WRITEBACK_PHASE=01_ATOM
1000
ENTITY_ID=line_1514
1000
SOURCE_HANDLE=
1000
LINE_ROLE=construction
1000
EDGE=construction_horizontal
1000
CHAIN=
1000
PIECE_ID=
1000
SEAM_PAIR=
1000
PAIRED_CHAIN=
1000
NOTCH_CHAIN=
1000
NOTCH_SOURCE=
1000
PIECE_ROLE=unknown
1000
SEAM_ALLOWANCE_MM=
1000
SOURCE_LAYER=11
0
VERTEX
8
AI4M_01_ATOM_INTERNAL
10
734.4059401658351
20
-13.894510988281354
30
0
0
VERTEX
8
AI4M_01_ATOM_INTERNAL
10
824.2887531658353
20
-71.5741989882813
30
0
0
SEQEND
8
AI4M_01_ATOM_INTERNAL
0
TEXT
8
AI4M_01_ATOM_INTERNAL
10
734.4059401658351
20
-13.894510988281354
30
0
40
2.5
1
AI4M_line_1514_construction_construction_horizontal
1001
AI4MANUFACTURING
1000
WRITEBACK_PHASE=01_ATOM_LABEL
1000
ENTITY_ID=line_1514
999
AI4M_ENTITY=line_1519__seg_01;LINE_ROLE=construction;EDGE=construction_vertical;SOURCE_LAYER=11
0
POLYLINE
8
AI4M_01_ATOM_INTERNAL
66
1
70
0
1001
AI4MANUFACTURING
1000
WRITEBACK_PHASE=01_ATOM
1000
ENTITY_ID=line_1519__seg_01
1000
SOURCE_HANDLE=
1000
LINE_ROLE=construction
1000
EDGE=construction_vertical
1000
CHAIN=
1000
PIECE_ID=
1000
SEAM_PAIR=
1000
PAIRED_CHAIN=
1000
NOTCH_CHAIN=
1000
NOTCH_SOURCE=
1000
PIECE_ROLE=unknown
1000
SEAM_ALLOWANCE_MM=
1000
SOURCE_LAYER=11
0
VERTEX
8
AI4M_01_ATOM_INTERNAL
10
824.2887531658353
20
-71.5741989882813
30
0
0
VERTEX
8
AI4M_01_ATOM_INTERNAL
10
818.3164071658348
20
-85.4247439882813
30
0
0
VERTEX
8
AI4M_01_ATOM_INTERNAL
10
814.0040211658352
20
-95.99607598828129
30
0
0
VERTEX
8
AI4M_01_ATOM_INTERNAL
10
810.5327241658351
20
-105.10119198828124
30
0
0
VERTEX
8
AI4M_01_ATOM_INTERNAL
10
807.623556165835
20
-113.38124598828131
30
0
0
VERTEX
8
AI4M_01_ATOM_INTERNAL
10
805.1830191658355
20
-121.02107098828128
30
0
0
VERTEX
8
AI4M_01_ATOM_INTERNAL
10
803.1857041658359
20
-128.03553498828126
30
0
0
VERTEX
8
AI4M_01_ATOM_INTERNAL
10
802.3249231658347
20
-131.37871198828134
30
0
0
VERTEX
8
AI4M_01_ATOM_INTERNAL
10
802.3238811658348
20
-131.3829039882812
30
0
0
VERTEX
8
AI4M_01_ATOM_INTERNAL
10
801.4813771658355
20
-134.90417698828128
30
0
0
VERTEX
8
AI4M_01_ATOM_INTERNAL
10
799.9912831658357
20
-141.92768898828126
30
0
0
VERTEX
8
AI4M_01_ATOM_INTERNAL
10
798.7460601658358
20
-148.9736839882812
30
0
0
VERTEX
8
AI4M_01_ATOM_INTERNAL
10
797.7772691658347
20
-155.81337698828133
30
0
0
VERTEX
8
AI4M_01_ATOM_INTERNAL
10
797.1645031658354
20
-161.77319998828125
30
0
0
VERTEX
8
AI4M_01_ATOM_INTERNAL
10
796.8497931658358
20
-167.10523298828127
30
0
0
VERTEX
8
AI4M_01_ATOM_INTERNAL
10
796.7882061658356
20
-171.83007698828123
30
0
0
VERTEX
8
AI4M_01_ATOM_INTERNAL
10
796.7882641658352
20
-171.83591798828127
30
0
0
VERTEX
8
AI4M_01_ATOM_INTERNAL
10
796.7917961658359
20
-172.1411579882813
30
0
0
VERTEX
8
AI4M_01_ATOM_INTERNAL
10
796.9755551658354
20
-177.01158198828125
30
0
0
VERTEX
8
AI4M_01_ATOM_INTERNAL
10
797.3899391658351
20
-181.64668098828133
30
0
0
VERTEX
8
AI4M_01_ATOM_INTERNAL
10
798.0191931658355
20
-185.99155198828134
30
0
0
VERTEX
8
AI4M_01_ATOM_INTERNAL
10
798.8452571658354
20
-190.02921998828128
30
0
0
VERTEX
8
AI4M_01_ATOM_INTERNAL
10
799.8546561658359
20
-193.76711498828126
30
0
0
VERTEX
8
AI4M_01_ATOM_INTERNAL
10
801.012671165835
20
-197.1499299882812
30
0
0
VERTEX
8
AI4M_01_ATOM_INTERNAL
10
802.3314221658356
20
-200.26667698828123
30
0
0
VERTEX
8
AI4M_01_ATOM_INTERNAL
10
803.7972211658353
20
-203.11209198828124
30
0
0
VERTEX
8
AI4M_01_ATOM_INTERNAL
10
805.3946381658352
20
-205.68188798828123
30
0
0
VERTEX
8
AI4M_01_ATOM_INTERNAL
10
807.1008081658356
20
-207.97388498828127
30
0
0
VERTEX
8
AI4M_01_ATOM_INTERNAL
10
808.9029161658354
20
-210.0004389882813
30
0
0
VERTEX
8
AI4M_01_ATOM_INTERNAL
10
810.8335161658351
20
-211.81323298828124
30
0
0
VERTEX
8
AI4M_01_ATOM_INTERNAL
10
812.9737551658354
20
-213.4766169882812
30
0
0
VERTEX
8
AI4M_01_ATOM_INTERNAL
10
815.4214171658359
20
-215.05034898828126
30
0
0
VERTEX
8
AI4M_01_ATOM_INTERNAL
10
818.1840761658359
20
-216.5234409882812
30
0
0
VERTEX
8
AI4M_01_ATOM_INTERNAL
10
821.3504671658347
20
-217.9262669882812
30
0
0
VERTEX
8
AI4M_01_ATOM_INTERNAL
10
824.9835911658347
20
-219.24800098828132
30
0
0
VERTEX
8
AI4M_01_ATOM_INTERNAL
10
829.0050681658349
20
-220.45091598828128
30
0
0
VERTEX
8
AI4M_01_ATOM_INTERNAL
10
833.0558661658351
20
-221.40964898828133
30
0
0
VERTEX
8
AI4M_01_ATOM_INTERNAL
10
837.4668901658351
20
-222.18866998828128
30
0
0
VERTEX
8
AI4M_01_ATOM_INTERNAL
10
842.4485101658347
20
-222.80233198828125
30
0
0
VERTEX
8
AI4M_01_ATOM_INTERNAL
10
846.2120921658352
20
-223.1366989882813
30
0
0
SEQEND
8
AI4M_01_ATOM_INTERNAL
0
TEXT
8
AI4M_01_ATOM_INTERNAL
10
824.2887531658353
20
-71.5741989882813
30
0
40
2.5
1
AI4M_line_1519__seg_01_construction_construction_vertical
1001
AI4MANUFACTURING
1000
WRITEBACK_PHASE=01_ATOM_LABEL
1000
ENTITY_ID=line_1519__seg_01
999
AI4M_ENTITY=line_1570__seg_01;LINE_ROLE=construction;EDGE=construction_vertical;SOURCE_LAYER=11
0
POLYLINE
8
AI4M_01_ATOM_INTERNAL
66
1
70
0
1001
AI4MANUFACTURING
1000
WRITEBACK_PHASE=01_ATOM
1000
ENTITY_ID=line_1570__seg_01
1000
SOURCE_HANDLE=
1000
LINE_ROLE=construction
1000
EDGE=construction_vertical
1000
CHAIN=
1000
PIECE_ID=
1000
SEAM_PAIR=
1000
PAIRED_CHAIN=
1000
NOTCH_CHAIN=
1000
NOTCH_SOURCE=
1000
PIECE_ROLE=unknown
1000
SEAM_ALLOWANCE_MM=
1000
SOURCE_LAYER=11
0
VERTEX
8
AI4M_01_ATOM_INTERNAL
10
846.2120921658352
20
-223.1366989882813
30
0
0
VERTEX
8
AI4M_01_ATOM_INTERNAL
10
845.5796951658349
20
-234.6754659882813
30
0
0
VERTEX
8
AI4M_01_ATOM_INTERNAL
10
844.8314021658352
20
-243.8907479882812
30
0
0
VERTEX
8
AI4M_01_ATOM_INTERNAL
10
843.9094821658355
20
-252.31368898828123
30
0
0
VERTEX
8
AI4M_01_ATOM_INTERNAL
10
842.7287121658355
20
-260.79809398828127
30
0
0
VERTEX
8
AI4M_01_ATOM_INTERNAL
10
841.2685151658352
20
-269.49081698828127
30
0
0
VERTEX
8
AI4M_01_ATOM_INTERNAL
10
840.4332861658359
20
-273.92184498828124
30
0
0
VERTEX
8
AI4M_01_ATOM_INTERNAL
10
840.4331731658358
20
-273.92242498828125
30
0
0
VERTEX
8
AI4M_01_ATOM_INTERNAL
10
839.4117281658355
20
-278.9920119882813
30
0
0
VERTEX
8
AI4M_01_ATOM_INTERNAL
10
836.830340165835
20
-290.77419498828135
30
0
0
VERTEX
8
AI4M_01_ATOM_INTERNAL
10
833.3950821658354
20
-305.4614979882813
30
0
0
VERTEX
8
AI4M_01_ATOM_INTERNAL
10
830.1734141658353
20
-319.5628909882812
30
0
0
VERTEX
8
AI4M_01_ATOM_INTERNAL
10
828.1906281658348
20
-329.2168089882813
30
0
0
VERTEX
8
AI4M_01_ATOM_INTERNAL
10
826.7490921658355
20
-337.3800339882812
30
0
0
VERTEX
8
AI4M_01_ATOM_INTERNAL
10
825.7196741658354
20
-344.5698669882813
30
0
0
VERTEX
8
AI4M_01_ATOM_INTERNAL
10
824.9992861658347
20
-351.30588398828127
30
0
0
VERTEX
8
AI4M_01_ATOM_INTERNAL
10
824.529086165835
20
-357.99641298828124
30
0
0
VERTEX
8
AI4M_01_ATOM_INTERNAL
10
824.2636471658352
20
-365.4463989882813
30
0
0
VERTEX
8
AI4M_01_ATOM_INTERNAL
10
824.2208911658354
20
-374.08835298828126
30
0
0
VERTEX
8
AI4M_01_ATOM_INTERNAL
10
824.4435591658357
20
-384.70611198828124
30
0
0
VERTEX
8
AI4M_01_ATOM_INTERNAL
10
824.8766401658349
20
-396.3553629882813
30
0
0
VERTEX
8
AI4M_01_ATOM_INTERNAL
10
824.8767141658354
20
-396.3571979882813
30
0
0
VERTEX
8
AI4M_01_ATOM_INTERNAL
10
825.0132701658358
20
-399.74126898828126
30
0
0
VERTEX
8
AI4M_01_ATOM_INTERNAL
10
825.5379471658352
20
-414.7801619882813
30
0
0
VERTEX
8
AI4M_01_ATOM_INTERNAL
10
825.9702231658348
20
-429.85940398828126
30
0
0
VERTEX
8
AI4M_01_ATOM_INTERNAL
10
826.4372421658354
20
-445.0115699882813
30
0
0
VERTEX
8
AI4M_01_ATOM_INTERNAL
10
826.9308391658351
20
-460.08920998828125
30
0
0
VERTEX
8
AI4M_01_ATOM_INTERNAL
10
827.4465211658353
20
-475.23980298828127
30
0
0
VERTEX
8
AI4M_01_ATOM_INTERNAL
10
827.9814921658353
20
-490.30237998828125
30
0
0
VERTEX
8
AI4M_01_ATOM_INTERNAL
10
828.2057451658357
20
-496.46872998828127
30
0
0
SEQEND
8
AI4M_01_ATOM_INTERNAL
0
TEXT
8
AI4M_01_ATOM_INTERNAL
10
846.2120921658352
20
-223.1366989882813
30
0
40
2.5
1
AI4M_line_1570__seg_01_construction_construction_vertical
1001
AI4MANUFACTURING
1000
WRITEBACK_PHASE=01_ATOM_LABEL
1000
ENTITY_ID=line_1570__seg_01
999
AI4M_ENTITY=line_1611__seg_01;LINE_ROLE=construction;EDGE=construction_horizontal;SOURCE_LAYER=11
0
POLYLINE
8
AI4M_01_ATOM_INTERNAL
66
1
70
0
1001
AI4MANUFACTURING
1000
WRITEBACK_PHASE=01_ATOM
1000
ENTITY_ID=line_1611__seg_01
1000
SOURCE_HANDLE=
1000
LINE_ROLE=construction
1000
EDGE=construction_horizontal
1000
CHAIN=
1000
PIECE_ID=
1000
SEAM_PAIR=
1000
PAIRED_CHAIN=
1000
NOTCH_CHAIN=
1000
NOTCH_SOURCE=
1000
PIECE_ROLE=unknown
1000
SEAM_ALLOWANCE_MM=
1000
SOURCE_LAYER=11
0
VERTEX
8
AI4M_01_ATOM_INTERNAL
10
828.2057451658357
20
-496.46872998828127
30
0
0
VERTEX
8
AI4M_01_ATOM_INTERNAL
10
812.5556861658351
20
-497.9591089882813
30
0
0
VERTEX
8
AI4M_01_ATOM_INTERNAL
10
797.145849165835
20
-499.3602699882813
30
0
0
VERTEX
8
AI4M_01_ATOM_INTERNAL
10
781.7669111658352
20
-500.67055098828126
30
0
0
VERTEX
8
AI4M_01_ATOM_INTERNAL
10
766.375313165835
20
-501.8862329882813
30
0
0
VERTEX
8
AI4M_01_ATOM_INTERNAL
10
751.2272821658353
20
-502.99444198828127
30
0
0
VERTEX
8
AI4M_01_ATOM_INTERNAL
10
735.823973165835
20
-504.0239319882813
30
0
0
VERTEX
8
AI4M_01_ATOM_INTERNAL
10
720.4116141658351
20
-504.9377459882813
30
0
0
VERTEX
8
AI4M_01_ATOM_INTERNAL
10
705.2917491658354
20
-505.70466098828126
30
0
0
VERTEX
8
AI4M_01_ATOM_INTERNAL
10
689.8781601658347
20
-506.33480498828123
30
0
0
VERTEX
8
AI4M_01_ATOM_INTERNAL
10
674.4453251658351
20
-506.79337898828123
30
0
0
VERTEX
8
AI4M_01_ATOM_INTERNAL
10
659.1731311658359
20
-507.06539098828125
30
0
0
VERTEX
8
AI4M_01_ATOM_INTERNAL
10
646.1588701658357
20
-507.1835739882813
30
0
0
SEQEND
8
AI4M_01_ATOM_INTERNAL
0
TEXT
8
AI4M_01_ATOM_INTERNAL
10
828.2057451658357
20
-496.46872998828127
30
0
40
2.5
1
AI4M_line_1611__seg_01_construction_construction_horizontal
1001
AI4MANUFACTURING
1000
WRITEBACK_PHASE=01_ATOM_LABEL
1000
ENTITY_ID=line_1611__seg_01
999
AI4M_ENTITY=line_1627__seg_01;LINE_ROLE=construction;EDGE=construction_horizontal;SOURCE_LAYER=11
0
POLYLINE
8
AI4M_01_ATOM_INTERNAL
66
1
70
0
1001
AI4MANUFACTURING
1000
WRITEBACK_PHASE=01_ATOM
1000
ENTITY_ID=line_1627__seg_01
1000
SOURCE_HANDLE=
1000
LINE_ROLE=construction
1000
EDGE=construction_horizontal
1000
CHAIN=
1000
PIECE_ID=
1000
SEAM_PAIR=
1000
PAIRED_CHAIN=
1000
NOTCH_CHAIN=
1000
NOTCH_SOURCE=
1000
PIECE_ROLE=unknown
1000
SEAM_ALLOWANCE_MM=
1000
SOURCE_LAYER=11
0
VERTEX
8
AI4M_01_ATOM_INTERNAL
10
646.1588701658357
20
-507.1835739882813
30
0
0
VERTEX
8
AI4M_01_ATOM_INTERNAL
10
630.2254271658358
20
-507.0184399882813
30
0
0
VERTEX
8
AI4M_01_ATOM_INTERNAL
10
614.8684751658357
20
-506.7176129882813
30
0
0
VERTEX
8
AI4M_01_ATOM_INTERNAL
10
599.5908271658354
20
-506.23478898828125
30
0
0
VERTEX
8
AI4M_01_ATOM_INTERNAL
10
584.4586021658351
20
-505.5841049882813
30
0
0
VERTEX
8
AI4M_01_ATOM_INTERNAL
10
569.4409371658357
20
-504.80017098828125
30
0
0
VERTEX
8
AI4M_01_ATOM_INTERNAL
10
554.1691141658348
20
-503.8762379882813
30
0
0
VERTEX
8
AI4M_01_ATOM_INTERNAL
10
539.1655751658354
20
-502.8580919882813
30
0
0
VERTEX
8
AI4M_01_ATOM_INTERNAL
10
523.6912701658357
20
-501.71151198828125
30
0
0
VERTEX
8
AI4M_01_ATOM_INTERNAL
10
508.7006471658351
20
-500.51707998828124
30
0
0
VERTEX
8
AI4M_01_ATOM_INTERNAL
10
493.7174231658355
20
-499.23499298828125
30
0
0
VERTEX
8
AI4M_01_ATOM_INTERNAL
10
478.77111716583477
20
-497.8696199882813
30
0
0
VERTEX
8
AI4M_01_ATOM_INTERNAL
10
464.112971165835
20
-496.46872998828127
30
0
0
SEQEND
8
AI4M_01_ATOM_INTERNAL
0
TEXT
8
AI4M_01_ATOM_INTERNAL
10
646.1588701658357
20
-507.1835739882813
30
0
40
2.5
1
AI4M_line_1627__seg_01_construction_construction_horizontal
1001
AI4MANUFACTURING
1000
WRITEBACK_PHASE=01_ATOM_LABEL
1000
ENTITY_ID=line_1627__seg_01
999
AI4M_ENTITY=line_1643__seg_01;LINE_ROLE=construction;EDGE=construction_vertical;SOURCE_LAYER=11
0
POLYLINE
8
AI4M_01_ATOM_INTERNAL
66
1
70
0
1001
AI4MANUFACTURING
1000
WRITEBACK_PHASE=01_ATOM
1000
ENTITY_ID=line_1643__seg_01
1000
SOURCE_HANDLE=
1000
LINE_ROLE=construction
1000
EDGE=construction_vertical
1000
CHAIN=
1000
PIECE_ID=
1000
SEAM_PAIR=
1000
PAIRED_CHAIN=
1000
NOTCH_CHAIN=
1000
NOTCH_SOURCE=
1000
PIECE_ROLE=unknown
1000
SEAM_ALLOWANCE_MM=
1000
SOURCE_LAYER=11
0
VERTEX
8
AI4M_01_ATOM_INTERNAL
10
646.1593581658353
20
-97.9960739882813
30
0
0
VERTEX
8
AI4M_01_ATOM_INTERNAL
10
646.1593581658353
20
-113.84289698828127
30
0
0
VERTEX
8
AI4M_01_ATOM_INTERNAL
10
646.1593581658353
20
-129.4770299882813
30
0
0
VERTEX
8
AI4M_01_ATOM_INTERNAL
10
646.1593581658353
20
-144.7143669882812
30
0
0
VERTEX
8
AI4M_01_ATOM_INTERNAL
10
646.1593581658353
20
-160.2322069882813
30
0
0
VERTEX
8
AI4M_01_ATOM_INTERNAL
10
646.1593581658353
20
-175.25220198828129
30
0
0
VERTEX
8
AI4M_01_ATOM_INTERNAL
10
646.1593581658353
20
-190.27219698828128
30
0
0
VERTEX
8
AI4M_01_ATOM_INTERNAL
10
646.1593581658353
20
-205.68445298828124
30
0
0
VERTEX
8
AI4M_01_ATOM_INTERNAL
10
646.1593581658353
20
-220.70444798828134
30
0
0
VERTEX
8
AI4M_01_ATOM_INTERNAL
10
646.1593581658353
20
-228.25013198828128
30
0
0
VERTEX
8
AI4M_01_ATOM_INTERNAL
10
646.1593581658353
20
-235.7599779882812
30
0
0
VERTEX
8
AI4M_01_ATOM_INTERNAL
10
646.1593581658353
20
-250.77997298828132
30
0
0
VERTEX
8
AI4M_01_ATOM_INTERNAL
10
646.1593551658352
20
-266.01216298828126
30
0
0
VERTEX
8
AI4M_01_ATOM_INTERNAL
10
646.1593521658351
20
-281.03215798828126
30
0
0
VERTEX
8
AI4M_01_ATOM_INTERNAL
10
646.1593551658352
20
-296.05215298828125
30
0
0
VERTEX
8
AI4M_01_ATOM_INTERNAL
10
646.1593671658347
20
-311.6158859882812
30
0
0
VERTEX
8
AI4M_01_ATOM_INTERNAL
10
646.1593801658355
20
-326.6358809882813
30
0
0
VERTEX
8
AI4M_01_ATOM_INTERNAL
10
646.1593771658354
20
-341.6558759882812
30
0
0
VERTEX
8
AI4M_01_ATOM_INTERNAL
10
646.159341165835
20
-357.23523398828127
30
0
0
VERTEX
8
AI4M_01_ATOM_INTERNAL
10
646.1592871658349
20
-372.25522898828126
30
0
0
VERTEX
8
AI4M_01_ATOM_INTERNAL
10
646.1592731658357
20
-387.27522398828125
30
0
0
VERTEX
8
AI4M_01_ATOM_INTERNAL
10
646.159357165835
20
-402.29521898828125
30
0
0
VERTEX
8
AI4M_01_ATOM_INTERNAL
10
646.1595671658351
20
-417.4262249882813
30
0
0
VERTEX
8
AI4M_01_ATOM_INTERNAL
10
646.1597891658357
20
-432.44621998828126
30
0
0
VERTEX
8
AI4M_01_ATOM_INTERNAL
10
646.1598761658352
20
-447.4662149882813
30
0
0
VERTEX
8
AI4M_01_ATOM_INTERNAL
10
646.1596991658353
20
-462.48003398828126
30
0
0
VERTEX
8
AI4M_01_ATOM_INTERNAL
10
646.1593291658355
20
-477.50002898828126
30
0
0
VERTEX
8
AI4M_01_ATOM_INTERNAL
10
646.1589821658354
20
-492.52002398828125
30
0
0
VERTEX
8
AI4M_01_ATOM_INTERNAL
10
646.1588701658357
20
-507.1835739882813
30
0
0
SEQEND
8
AI4M_01_ATOM_INTERNAL
0
TEXT
8
AI4M_01_ATOM_INTERNAL
10
646.1593581658353
20
-97.9960739882813
30
0
40
2.5
1
AI4M_line_1643__seg_01_construction_construction_vertical
1001
AI4MANUFACTURING
1000
WRITEBACK_PHASE=01_ATOM_LABEL
1000
ENTITY_ID=line_1643__seg_01
999
AI4M_ENTITY=line_1680__seg_01;LINE_ROLE=construction;EDGE=construction_horizontal;SOURCE_LAYER=11
0
POLYLINE
8
AI4M_01_ATOM_INTERNAL
66
1
70
0
1001
AI4MANUFACTURING
1000
WRITEBACK_PHASE=01_ATOM
1000
ENTITY_ID=line_1680__seg_01
1000
SOURCE_HANDLE=
1000
LINE_ROLE=construction
1000
EDGE=construction_horizontal
1000
CHAIN=
1000
PIECE_ID=
1000
SEAM_PAIR=
1000
PAIRED_CHAIN=
1000
NOTCH_CHAIN=
1000
NOTCH_SOURCE=
1000
PIECE_ROLE=unknown
1000
SEAM_ALLOWANCE_MM=
1000
SOURCE_LAYER=11
0
VERTEX
8
AI4M_01_ATOM_INTERNAL
10
646.1593581658353
20
-372.14841798828127
30
0
0
VERTEX
8
AI4M_01_ATOM_INTERNAL
10
630.0966461658354
20
-372.14841798828127
30
0
0
VERTEX
8
AI4M_01_ATOM_INTERNAL
10
614.4044011658352
20
-372.14841798828127
30
0
0
VERTEX
8
AI4M_01_ATOM_INTERNAL
10
598.9102601658351
20
-372.14841798828127
30
0
0
VERTEX
8
AI4M_01_ATOM_INTERNAL
10
583.5779411658359
20
-372.14841798828127
30
0
0
VERTEX
8
AI4M_01_ATOM_INTERNAL
10
568.4588991658356
20
-372.14841798828127
30
0
0
VERTEX
8
AI4M_01_ATOM_INTERNAL
10
553.3398581658357
20
-372.14841798828127
30
0
0
VERTEX
8
AI4M_01_ATOM_INTERNAL
10
538.2030711658354
20
-372.14841798828127
30
0
0
VERTEX
8
AI4M_01_ATOM_INTERNAL
10
523.084029165836
20
-372.14841798828127
30
0
0
VERTEX
8
AI4M_01_ATOM_INTERNAL
10
507.96498816583517
20
-372.14841798828127
30
0
0
VERTEX
8
AI4M_01_ATOM_INTERNAL
10
493.48113516583544
20
-372.14841798828127
30
0
0
VERTEX
8
AI4M_01_ATOM_INTERNAL
10
477.8672371658349
20
-372.14841798828127
30
0
0
VERTEX
8
AI4M_01_ATOM_INTERNAL
10
469.1364091658352
20
-372.14841798828127
30
0
0
SEQEND
8
AI4M_01_ATOM_INTERNAL
0
TEXT
8
AI4M_01_ATOM_INTERNAL
10
646.1593581658353
20
-372.14841798828127
30
0
40
2.5
1
AI4M_line_1680__seg_01_construction_construction_horizontal
1001
AI4MANUFACTURING
1000
WRITEBACK_PHASE=01_ATOM_LABEL
1000
ENTITY_ID=line_1680__seg_01
999
AI4M_ENTITY=line_1696;LINE_ROLE=construction;EDGE=construction_horizontal;SOURCE_LAYER=11
0
POLYLINE
8
AI4M_01_ATOM_INTERNAL
66
1
70
0
1001
AI4MANUFACTURING
1000
WRITEBACK_PHASE=01_ATOM
1000
ENTITY_ID=line_1696
1000
SOURCE_HANDLE=
1000
LINE_ROLE=construction
1000
EDGE=construction_horizontal
1000
CHAIN=
1000
PIECE_ID=
1000
SEAM_PAIR=
1000
PAIRED_CHAIN=
1000
NOTCH_CHAIN=
1000
NOTCH_SOURCE=
1000
PIECE_ROLE=unknown
1000
SEAM_ALLOWANCE_MM=
1000
SOURCE_LAYER=11
0
VERTEX
8
AI4M_01_ATOM_INTERNAL
10
446.10711216583513
20
-223.1366989882813
30
0
0
VERTEX
8
AI4M_01_ATOM_INTERNAL
10
646.1593581658353
20
-228.25779298828127
30
0
0
SEQEND
8
AI4M_01_ATOM_INTERNAL
0
TEXT
8
AI4M_01_ATOM_INTERNAL
10
446.10711216583513
20
-223.1366989882813
30
0
40
2.5
1
AI4M_line_1696_construction_construction_horizontal
1001
AI4MANUFACTURING
1000
WRITEBACK_PHASE=01_ATOM_LABEL
1000
ENTITY_ID=line_1696
999
AI4M_ENTITY=line_1701__seg_01;LINE_ROLE=construction;EDGE=construction_horizontal;SOURCE_LAYER=11
0
POLYLINE
8
AI4M_01_ATOM_INTERNAL
66
1
70
0
1001
AI4MANUFACTURING
1000
WRITEBACK_PHASE=01_ATOM
1000
ENTITY_ID=line_1701__seg_01
1000
SOURCE_HANDLE=
1000
LINE_ROLE=construction
1000
EDGE=construction_horizontal
1000
CHAIN=
1000
PIECE_ID=
1000
SEAM_PAIR=
1000
PAIRED_CHAIN=
1000
NOTCH_CHAIN=
1000
NOTCH_SOURCE=
1000
PIECE_ROLE=unknown
1000
SEAM_ALLOWANCE_MM=
1000
SOURCE_LAYER=11
0
VERTEX
8
AI4M_01_ATOM_INTERNAL
10
646.1593581658353
20
-372.14841798828127
30
0
0
VERTEX
8
AI4M_01_ATOM_INTERNAL
10
661.8502671658352
20
-372.14841798828127
30
0
0
VERTEX
8
AI4M_01_ATOM_INTERNAL
10
677.1457131658353
20
-372.14841798828127
30
0
0
VERTEX
8
AI4M_01_ATOM_INTERNAL
10
692.6560851658351
20
-372.14841798828127
30
0
0
VERTEX
8
AI4M_01_ATOM_INTERNAL
10
708.151671165836
20
-372.14841798828127
30
0
0
VERTEX
8
AI4M_01_ATOM_INTERNAL
10
723.1899401658347
20
-372.14841798828127
30
0
0
VERTEX
8
AI4M_01_ATOM_INTERNAL
10
738.685527165836
20
-372.14841798828127
30
0
0
VERTEX
8
AI4M_01_ATOM_INTERNAL
10
753.9180501658348
20
-372.14841798828127
30
0
0
VERTEX
8
AI4M_01_ATOM_INTERNAL
10
769.4136361658357
20
-372.14841698828127
30
0
0
VERTEX
8
AI4M_01_ATOM_INTERNAL
10
784.8916831658353
20
-372.14841698828127
30
0
0
VERTEX
8
AI4M_01_ATOM_INTERNAL
10
800.3872691658353
20
-372.14841798828127
30
0
0
VERTEX
8
AI4M_01_ATOM_INTERNAL
10
815.6367541658356
20
-372.14841798828127
30
0
0
VERTEX
8
AI4M_01_ATOM_INTERNAL
10
823.1827951658352
20
-372.14841798828127
30
0
0
SEQEND
8
AI4M_01_ATOM_INTERNAL
0
TEXT
8
AI4M_01_ATOM_INTERNAL
10
646.1593581658353
20
-372.14841798828127
30
0
40
2.5
1
AI4M_line_1701__seg_01_construction_construction_horizontal
1001
AI4MANUFACTURING
1000
WRITEBACK_PHASE=01_ATOM_LABEL
1000
ENTITY_ID=line_1701__seg_01
999
AI4M_ENTITY=line_1717;LINE_ROLE=construction;EDGE=construction_horizontal;SOURCE_LAYER=11
0
POLYLINE
8
AI4M_01_ATOM_INTERNAL
66
1
70
0
1001
AI4MANUFACTURING
1000
WRITEBACK_PHASE=01_ATOM
1000
ENTITY_ID=line_1717
1000
SOURCE_HANDLE=
1000
LINE_ROLE=construction
1000
EDGE=construction_horizontal
1000
CHAIN=
1000
PIECE_ID=
1000
SEAM_PAIR=
1000
PAIRED_CHAIN=
1000
NOTCH_CHAIN=
1000
NOTCH_SOURCE=
1000
PIECE_ROLE=unknown
1000
SEAM_ALLOWANCE_MM=
1000
SOURCE_LAYER=11
0
VERTEX
8
AI4M_01_ATOM_INTERNAL
10
846.2120921658352
20
-223.1366989882813
30
0
0
VERTEX
8
AI4M_01_ATOM_INTERNAL
10
646.1593581658353
20
-228.25779298828127
30
0
0
SEQEND
8
AI4M_01_ATOM_INTERNAL
0
TEXT
8
AI4M_01_ATOM_INTERNAL
10
846.2120921658352
20
-223.1366989882813
30
0
40
2.5
1
AI4M_line_1717_construction_construction_horizontal
1001
AI4MANUFACTURING
1000
WRITEBACK_PHASE=01_ATOM_LABEL
1000
ENTITY_ID=line_1717
999
AI4M_ENTITY=line_2134__seg_01;LINE_ROLE=construction;EDGE=construction_vertical;SOURCE_LAYER=11
0
POLYLINE
8
AI4M_01_ATOM_INTERNAL
66
1
70
0
1001
AI4MANUFACTURING
1000
WRITEBACK_PHASE=01_ATOM
1000
ENTITY_ID=line_2134__seg_01
1000
SOURCE_HANDLE=
1000
LINE_ROLE=construction
1000
EDGE=construction_vertical
1000
CHAIN=
1000
PIECE_ID=
1000
SEAM_PAIR=
1000
PAIRED_CHAIN=
1000
NOTCH_CHAIN=
1000
NOTCH_SOURCE=
1000
PIECE_ROLE=unknown
1000
SEAM_ALLOWANCE_MM=
1000
SOURCE_LAYER=11
0
VERTEX
8
AI4M_01_ATOM_INTERNAL
10
931.738654612921
20
-618.69035215625
30
0
0
VERTEX
8
AI4M_01_ATOM_INTERNAL
10
930.3598756129222
20
-602.56475515625
30
0
0
VERTEX
8
AI4M_01_ATOM_INTERNAL
10
929.0293576129216
20
-587.18079815625
30
0
0
VERTEX
8
AI4M_01_ATOM_INTERNAL
10
927.6863056129214
20
-571.79792615625
30
0
0
VERTEX
8
AI4M_01_ATOM_INTERNAL
10
926.3554646129214
20
-556.66847415625
30
0
0
VERTEX
8
AI4M_01_ATOM_INTERNAL
10
924.993552612922
20
-541.28726315625
30
0
0
VERTEX
8
AI4M_01_ATOM_INTERNAL
10
923.6223456129219
20
-525.90688115625
30
0
0
VERTEX
8
AI4M_01_ATOM_INTERNAL
10
922.2884596129215
20
-511.04972715625
30
0
0
VERTEX
8
AI4M_01_ATOM_INTERNAL
10
920.8311946129215
20
-494.93881015625004
30
0
0
VERTEX
8
AI4M_01_ATOM_INTERNAL
10
919.4294226129214
20
-479.5611811562501
30
0
0
VERTEX
8
AI4M_01_ATOM_INTERNAL
10
918.0168496129218
20
-464.18454015625
30
0
0
VERTEX
8
AI4M_01_ATOM_INTERNAL
10
916.5891906129218
20
-448.76647115624996
30
0
0
VERTEX
8
AI4M_01_ATOM_INTERNAL
10
915.1535896129217
20
-433.39196015625
30
0
0
VERTEX
8
AI4M_01_ATOM_INTERNAL
10
913.7051986129218
20
-418.01865115625003
30
0
0
VERTEX
8
AI4M_01_ATOM_INTERNAL
10
912.2745996129215
20
-402.97640715625005
30
0
0
VERTEX
8
AI4M_01_ATOM_INTERNAL
10
910.7981836129211
20
-387.60576715625007
30
0
0
VERTEX
8
AI4M_01_ATOM_INTERNAL
10
909.7855586129217
20
-377.15549215625003
30
0
0
VERTEX
8
AI4M_01_ATOM_INTERNAL
10
909.7855126129216
20
-377.1550171562501
30
0
0
VERTEX
8
AI4M_01_ATOM_INTERNAL
10
909.2864386129213
20
-372.0323221562501
30
0
0
VERTEX
8
AI4M_01_ATOM_INTERNAL
10
907.7790106129214
20
-356.66469315625
30
0
0
VERTEX
8
AI4M_01_ATOM_INTERNAL
10
906.2547786129217
20
-341.27321315625
30
0
0
VERTEX
8
AI4M_01_ATOM_INTERNAL
10
904.7196256129218
20
-325.90832515625004
30
0
0
VERTEX
8
AI4M_01_ATOM_INTERNAL
10
903.1717436129211
20
-310.54471215624994
30
0
0
VERTEX
8
AI4M_01_ATOM_INTERNAL
10
901.5932016129218
20
-294.99970515625
30
0
0
VERTEX
8
AI4M_01_ATOM_INTERNAL
10
900.0217916129213
20
-279.6384861562501
30
0
0
VERTEX
8
AI4M_01_ATOM_INTERNAL
10
898.4397796129215
20
-264.27835515625
30
0
0
VERTEX
8
AI4M_01_ATOM_INTERNAL
10
896.847911612921
20
-248.91924015625
30
0
0
VERTEX
8
AI4M_01_ATOM_INTERNAL
10
895.2685396129218
20
-233.76934315625
30
0
0
VERTEX
8
AI4M_01_ATOM_INTERNAL
10
893.657668612922
20
-218.41220815625002
30
0
0
VERTEX
8
AI4M_01_ATOM_INTERNAL
10
892.0358756129217
20
-203.0562271562501
30
0
0
VERTEX
8
AI4M_01_ATOM_INTERNAL
10
890.384937612921
20
-187.54035515624992
30
0
0
VERTEX
8
AI4M_01_ATOM_INTERNAL
10
888.7883316129219
20
-172.63576715625004
30
0
0
VERTEX
8
AI4M_01_ATOM_INTERNAL
10
887.1389676129211
20
-157.31930815624992
30
0
0
VERTEX
8
AI4M_01_ATOM_INTERNAL
10
885.531467612921
20
-142.46021415625
30
0
0
VERTEX
8
AI4M_01_ATOM_INTERNAL
10
884.8197096129215
20
-135.90519615624999
30
0
0
SEQEND
8
AI4M_01_ATOM_INTERNAL
0
TEXT
8
AI4M_01_ATOM_INTERNAL
10
931.738654612921
20
-618.69035215625
30
0
40
2.5
1
AI4M_line_2134__seg_01_construction_construction_vertical
1001
AI4MANUFACTURING
1000
WRITEBACK_PHASE=01_ATOM_LABEL
1000
ENTITY_ID=line_2134__seg_01
999
AI4M_ENTITY=line_2176__seg_01;LINE_ROLE=construction;EDGE=construction_horizontal;SOURCE_LAYER=11
0
POLYLINE
8
AI4M_01_ATOM_INTERNAL
66
1
70
0
1001
AI4MANUFACTURING
1000
WRITEBACK_PHASE=01_ATOM
1000
ENTITY_ID=line_2176__seg_01
1000
SOURCE_HANDLE=
1000
LINE_ROLE=construction
1000
EDGE=construction_horizontal
1000
CHAIN=
1000
PIECE_ID=
1000
SEAM_PAIR=
1000
PAIRED_CHAIN=
1000
NOTCH_CHAIN=
1000
NOTCH_SOURCE=
1000
PIECE_ROLE=unknown
1000
SEAM_ALLOWANCE_MM=
1000
SOURCE_LAYER=11
0
VERTEX
8
AI4M_01_ATOM_INTERNAL
10
884.8197096129215
20
-135.90519615624999
30
0
0
VERTEX
8
AI4M_01_ATOM_INTERNAL
10
889.9338576129221
20
-134.70649615625007
30
0
0
VERTEX
8
AI4M_01_ATOM_INTERNAL
10
893.6408316129218
20
-133.58930015624992
30
0
0
VERTEX
8
AI4M_01_ATOM_INTERNAL
10
897.4765146129221
20
-132.16225215625013
30
0
0
VERTEX
8
AI4M_01_ATOM_INTERNAL
10
900.8053186129218
20
-130.67500615625
30
0
0
VERTEX
8
AI4M_01_ATOM_INTERNAL
10
903.623291612922
20
-129.16267215624998
30
0
0
VERTEX
8
AI4M_01_ATOM_INTERNAL
10
906.2095936129217
20
-127.49517115625008
30
0
0
VERTEX
8
AI4M_01_ATOM_INTERNAL
10
908.7271436129222
20
-125.56914915624998
30
0
0
VERTEX
8
AI4M_01_ATOM_INTERNAL
10
911.2133226129217
20
-123.34855015624998
30
0
0
VERTEX
8
AI4M_01_ATOM_INTERNAL
10
913.7376226129218
20
-120.74797215624994
30
0
0
VERTEX
8
AI4M_01_ATOM_INTERNAL
10
916.2543176129211
20
-117.78653715625
30
0
0
VERTEX
8
AI4M_01_ATOM_INTERNAL
10
918.8334386129218
20
-114.35462115625
30
0
0
VERTEX
8
AI4M_01_ATOM_INTERNAL
10
921.4923176129214
20
-110.39124615624996
30
0
0
VERTEX
8
AI4M_01_ATOM_INTERNAL
10
924.5841686129215
20
-105.28565915624995
30
0
0
VERTEX
8
AI4M_01_ATOM_INTERNAL
10
928.6758896129222
20
-97.98483615624991
30
0
0
VERTEX
8
AI4M_01_ATOM_INTERNAL
10
935.7024046129218
20
-84.69555415624995
30
0
0
VERTEX
8
AI4M_01_ATOM_INTERNAL
10
937.9271236129216
20
-80.45989915625
30
0
0
VERTEX
8
AI4M_01_ATOM_INTERNAL
10
937.9276876129215
20
-80.45883015625009
30
0
0
VERTEX
8
AI4M_01_ATOM_INTERNAL
10
941.9080596129215
20
-73.04051315624997
30
0
0
VERTEX
8
AI4M_01_ATOM_INTERNAL
10
946.5917396129216
20
-64.71577615625006
30
0
0
VERTEX
8
AI4M_01_ATOM_INTERNAL
10
950.9232416129216
20
-57.48718815625011
30
0
0
VERTEX
8
AI4M_01_ATOM_INTERNAL
10
954.8614496129221
20
-51.358104156249965
30
0
0
VERTEX
8
AI4M_01_ATOM_INTERNAL
10
958.6274166129215
20
-45.92794215625008
30
0
0
VERTEX
8
AI4M_01_ATOM_INTERNAL
10
962.2726716129218
20
-41.08866615624993
30
0
0
VERTEX
8
AI4M_01_ATOM_INTERNAL
10
965.7935756129218
20
-36.807023156250125
30
0
0
VERTEX
8
AI4M_01_ATOM_INTERNAL
10
969.2797096129216
20
-32.94173515624993
30
0
0
VERTEX
8
AI4M_01_ATOM_INTERNAL
10
972.7022026129216
20
-29.49992115625014
30
0
0
VERTEX
8
AI4M_01_ATOM_INTERNAL
10
976.1777226129216
20
-26.35095515624994
30
0
0
VERTEX
8
AI4M_01_ATOM_INTERNAL
10
979.6494326129223
20
-23.53607215624993
30
0
0
VERTEX
8
AI4M_01_ATOM_INTERNAL
10
983.0738716129217
20
-21.070722156249985
30
0
0
VERTEX
8
AI4M_01_ATOM_INTERNAL
10
986.5531746129218
20
-18.866174156250054
30
0
0
VERTEX
8
AI4M_01_ATOM_INTERNAL
10
990.0987536129214
20
-16.907797156250126
30
0
0
VERTEX
8
AI4M_01_ATOM_INTERNAL
10
993.8406906129212
20
-15.126778156250111
30
0
0
VERTEX
8
AI4M_01_ATOM_INTERNAL
10
997.781972612921
20
-13.529410156249924
30
0
0
VERTEX
8
AI4M_01_ATOM_INTERNAL
10
1001.7880006129217
20
-12.174714156250047
30
0
0
VERTEX
8
AI4M_01_ATOM_INTERNAL
10
1005.9010426129216
20
-11.05133815625004
30
0
0
VERTEX
8
AI4M_01_ATOM_INTERNAL
10
1010.0562116129213
20
-10.172169156249993
30
0
0
VERTEX
8
AI4M_01_ATOM_INTERNAL
10
1014.1842726129216
20
-9.546100156250077
30
0
0
VERTEX
8
AI4M_01_ATOM_INTERNAL
10
1018.4380526129216
20
-9.153551156249932
30
0
0
VERTEX
8
AI4M_01_ATOM_INTERNAL
10
1022.8790976129212
20
-9.001509156249995
30
0
0
VERTEX
8
AI4M_01_ATOM_INTERNAL
10
1027.3549816129216
20
-9.094813156249984
30
0
0
VERTEX
8
AI4M_01_ATOM_INTERNAL
10
1031.822601612922
20
-9.43499715625012
30
0
0
VERTEX
8
AI4M_01_ATOM_INTERNAL
10
1037.971076612922
20
-10.245039156249959
30
0
0
SEQEND
8
AI4M_01_ATOM_INTERNAL
0
TEXT
8
AI4M_01_ATOM_INTERNAL
10
884.8197096129215
20
-135.90519615624999
30
0
40
2.5
1
AI4M_line_2176__seg_01_construction_construction_horizontal
1001
AI4MANUFACTURING
1000
WRITEBACK_PHASE=01_ATOM_LABEL
1000
ENTITY_ID=line_2176__seg_01
999
AI4M_ENTITY=line_2229__seg_01;LINE_ROLE=construction;EDGE=construction_vertical;SOURCE_LAYER=11
0
POLYLINE
8
AI4M_01_ATOM_INTERNAL
66
1
70
0
1001
AI4MANUFACTURING
1000
WRITEBACK_PHASE=01_ATOM
1000
ENTITY_ID=line_2229__seg_01
1000
SOURCE_HANDLE=
1000
LINE_ROLE=construction
1000
EDGE=construction_vertical
1000
CHAIN=
1000
PIECE_ID=
1000
SEAM_PAIR=
1000
PAIRED_CHAIN=
1000
NOTCH_CHAIN=
1000
NOTCH_SOURCE=
1000
PIECE_ROLE=unknown
1000
SEAM_ALLOWANCE_MM=
1000
SOURCE_LAYER=11
0
VERTEX
8
AI4M_01_ATOM_INTERNAL
10
1037.971076612922
20
-10.245039156249959
30
0
0
VERTEX
8
AI4M_01_ATOM_INTERNAL
10
1043.3604826129222
20
-11.304423156250095
30
0
0
VERTEX
8
AI4M_01_ATOM_INTERNAL
10
1047.1867486129222
20
-12.299282156250001
30
0
0
VERTEX
8
AI4M_01_ATOM_INTERNAL
10
1050.8306016129218
20
-13.500866156249913
30
0
0
VERTEX
8
AI4M_01_ATOM_INTERNAL
10
1054.1161736129216
20
-14.833746156250072
30
0
0
VERTEX
8
AI4M_01_ATOM_INTERNAL
10
1057.3117636129218
20
-16.39523215625013
30
0
0
VERTEX
8
AI4M_01_ATOM_INTERNAL
10
1060.5040296129218
20
-18.230657156250118
30
0
0
VERTEX
8
AI4M_01_ATOM_INTERNAL
10
1063.5890846129214
20
-20.29121115625003
30
0
0
VERTEX
8
AI4M_01_ATOM_INTERNAL
10
1066.5663406129215
20
-22.57533515625005
30
0
0
VERTEX
8
AI4M_01_ATOM_INTERNAL
10
1069.5200986129212
20
-25.154383156250105
30
0
0
VERTEX
8
AI4M_01_ATOM_INTERNAL
10
1072.4409566129216
20
-28.039836156249976
30
0
0
VERTEX
8
AI4M_01_ATOM_INTERNAL
10
1075.245884612922
20
-31.163503156250044
30
0
0
VERTEX
8
AI4M_01_ATOM_INTERNAL
10
1077.9319696129214
20
-34.523954156250056
30
0
0
VERTEX
8
AI4M_01_ATOM_INTERNAL
10
1080.5570996129218
20
-38.204757156250025
30
0
0
VERTEX
8
AI4M_01_ATOM_INTERNAL
10
1083.104985612922
20
-42.20387315624998
30
0
0
VERTEX
8
AI4M_01_ATOM_INTERNAL
10
1085.5482996129222
20
-46.50791715624996
30
0
0
VERTEX
8
AI4M_01_ATOM_INTERNAL
10
1087.3860516129216
20
-50.09647115625012
30
0
0
VERTEX
8
AI4M_01_ATOM_INTERNAL
10
1087.386471612922
20
-50.09732915625
30
0
0
VERTEX
8
AI4M_01_ATOM_INTERNAL
10
1087.9013736129218
20
-51.16415515624999
30
0
0
VERTEX
8
AI4M_01_ATOM_INTERNAL
10
1090.0976226129214
20
-56.06856715625008
30
0
0
VERTEX
8
AI4M_01_ATOM_INTERNAL
10
1092.1430546129222
20
-61.24124115625
30
0
0
VERTEX
8
AI4M_01_ATOM_INTERNAL
10
1094.044040612921
20
-66.71825115625006
30
0
0
VERTEX
8
AI4M_01_ATOM_INTERNAL
10
1095.8243846129217
20
-72.61639115625007
30
0
0
VERTEX
8
AI4M_01_ATOM_INTERNAL
10
1097.8190946129216
20
-80.19451615625007
30
0
0
VERTEX
8
AI4M_01_ATOM_INTERNAL
10
1099.7306206129215
20
-88.08786315625002
30
0
0
VERTEX
8
AI4M_01_ATOM_INTERNAL
10
1099.730834612922
20
-88.08875715625004
30
0
0
VERTEX
8
AI4M_01_ATOM_INTERNAL
10
1101.3741686129215
20
-94.8216231562501
30
0
0
VERTEX
8
AI4M_01_ATOM_INTERNAL
10
1103.2377856129215
20
-101.75787415624995
30
0
0
VERTEX
8
AI4M_01_ATOM_INTERNAL
10
1104.8670616129211
20
-106.98086915625004
30
0
0
VERTEX
8
AI4M_01_ATOM_INTERNAL
10
1106.4647756129216
20
-111.33629615625
30
0
0
VERTEX
8
AI4M_01_ATOM_INTERNAL
10
1108.080290612922
20
-115.05615815624992
30
0
0
VERTEX
8
AI4M_01_ATOM_INTERNAL
10
1109.7129536129214
20
-118.23230115625006
30
0
0
VERTEX
8
AI4M_01_ATOM_INTERNAL
10
1111.431377612921
20
-121.05750115625005
30
0
0
VERTEX
8
AI4M_01_ATOM_INTERNAL
10
1113.2464186129218
20
-123.57150715624994
30
0
0
VERTEX
8
AI4M_01_ATOM_INTERNAL
10
1115.1549386129218
20
-125.79229115625003
30
0
0
VERTEX
8
AI4M_01_ATOM_INTERNAL
10
1117.1246926129215
20
-127.71198515624997
30
0
0
VERTEX
8
AI4M_01_ATOM_INTERNAL
10
1119.2350866129218
20
-129.42436615625002
30
0
0
VERTEX
8
AI4M_01_ATOM_INTERNAL
10
1121.584650612921
20
-130.99684015625007
30
0
0
VERTEX
8
AI4M_01_ATOM_INTERNAL
10
1124.2218256129217
20
-132.45353315624993
30
0
0
VERTEX
8
AI4M_01_ATOM_INTERNAL
10
1127.245150612921
20
-133.8322081562501
30
0
0
VERTEX
8
AI4M_01_ATOM_INTERNAL
10
1130.6803246129211
20
-135.11579715624998
30
0
0
VERTEX
8
AI4M_01_ATOM_INTERNAL
10
1134.4343336129214
20
-136.24865015625005
30
0
0
VERTEX
8
AI4M_01_ATOM_INTERNAL
10
1138.6043606129215
20
-137.24220215624996
30
0
0
VERTEX
8
AI4M_01_ATOM_INTERNAL
10
1143.2241166129215
20
-138.08810015625
30
0
0
VERTEX
8
AI4M_01_ATOM_INTERNAL
10
1147.3374486129214
20
-138.60212815625005
30
0
0
VERTEX
8
AI4M_01_ATOM_INTERNAL
10
1151.1805496129218
20
-138.90128915624996
30
0
0
SEQEND
8
AI4M_01_ATOM_INTERNAL
0
TEXT
8
AI4M_01_ATOM_INTERNAL
10
1037.971076612922
20
-10.245039156249959
30
0
40
2.5
1
AI4M_line_2229__seg_01_construction_construction_vertical
1001
AI4MANUFACTURING
1000
WRITEBACK_PHASE=01_ATOM_LABEL
1000
ENTITY_ID=line_2229__seg_01
999
AI4M_ENTITY=line_2286__seg_01;LINE_ROLE=construction;EDGE=construction_vertical;SOURCE_LAYER=11
0
POLYLINE
8
AI4M_01_ATOM_INTERNAL
66
1
70
0
1001
AI4MANUFACTURING
1000
WRITEBACK_PHASE=01_ATOM
1000
ENTITY_ID=line_2286__seg_01
1000
SOURCE_HANDLE=
1000
LINE_ROLE=construction
1000
EDGE=construction_vertical
1000
CHAIN=
1000
PIECE_ID=
1000
SEAM_PAIR=
1000
PAIRED_CHAIN=
1000
NOTCH_CHAIN=
1000
NOTCH_SOURCE=
1000
PIECE_ROLE=unknown
1000
SEAM_ALLOWANCE_MM=
1000
SOURCE_LAYER=11
0
VERTEX
8
AI4M_01_ATOM_INTERNAL
10
1151.1805496129218
20
-138.90128915624996
30
0
0
VERTEX
8
AI4M_01_ATOM_INTERNAL
10
1149.885391612922
20
-155.0753991562501
30
0
0
VERTEX
8
AI4M_01_ATOM_INTERNAL
10
1148.671810612922
20
-170.40778315624993
30
0
0
VERTEX
8
AI4M_01_ATOM_INTERNAL
10
1147.4695096129217
20
-185.74106015625011
30
0
0
VERTEX
8
AI4M_01_ATOM_INTERNAL
10
1146.2663456129221
20
-201.19850115625013
30
0
0
VERTEX
8
AI4M_01_ATOM_INTERNAL
10
1145.080650612922
20
-216.53306715625
30
0
0
VERTEX
8
AI4M_01_ATOM_INTERNAL
10
1143.9031376129215
20
-231.86826215625
30
0
0
VERTEX
8
AI4M_01_ATOM_INTERNAL
10
1142.7575666129214
20
-246.89630715625003
30
0
0
VERTEX
8
AI4M_01_ATOM_INTERNAL
10
1141.5973376129214
20
-262.23282015625
30
0
0
VERTEX
8
AI4M_01_ATOM_INTERNAL
10
1140.446247612922
20
-277.57002315625004
30
0
0
VERTEX
8
AI4M_01_ATOM_INTERNAL
10
1139.3099436129214
20
-292.83488315625004
30
0
0
VERTEX
8
AI4M_01_ATOM_INTERNAL
10
1138.1778656129218
20
-308.17350315625004
30
0
0
VERTEX
8
AI4M_01_ATOM_INTERNAL
10
1137.0560986129212
20
-323.51288115625005
30
0
0
VERTEX
8
AI4M_01_ATOM_INTERNAL
10
1135.9453436129215
20
-338.85305815625
30
0
0
VERTEX
8
AI4M_01_ATOM_INTERNAL
10
1134.8540456129222
20
-354.0854911562501
30
0
0
VERTEX
8
AI4M_01_ATOM_INTERNAL
10
1133.7674786129219
20
-369.4274001562501
30
0
0
VERTEX
8
AI4M_01_ATOM_INTERNAL
10
1133.0511646129216
20
-379.64724615625005
30
0
0
VERTEX
8
AI4M_01_ATOM_INTERNAL
10
1133.0511316129223
20
-379.64771415625
30
0
0
VERTEX
8
AI4M_01_ATOM_INTERNAL
10
1132.6950326129218
20
-384.7617781562501
30
0
0
VERTEX
8
AI4M_01_ATOM_INTERNAL
10
1131.6357746129215
20
-400.10559515625005
30
0
0
VERTEX
8
AI4M_01_ATOM_INTERNAL
10
1130.6014736129218
20
-415.27290415625
30
0
0
VERTEX
8
AI4M_01_ATOM_INTERNAL
10
1129.5671686129217
20
-430.61842715625005
30
0
0
VERTEX
8
AI4M_01_ATOM_INTERNAL
10
1128.544312612922
20
-445.96471915625
30
0
0
VERTEX
8
AI4M_01_ATOM_INTERNAL
10
1127.5466806129216
20
-461.0909011562501
30
0
0
VERTEX
8
AI4M_01_ATOM_INTERNAL
10
1126.5444696129216
20
-476.43855115625
30
0
0
VERTEX
8
AI4M_01_ATOM_INTERNAL
10
1125.5516956129222
20
-491.78681415625
30
0
0
VERTEX
8
AI4M_01_ATOM_INTERNAL
10
1124.5677386129219
20
-507.13564615625
30
0
0
VERTEX
8
AI4M_01_ATOM_INTERNAL
10
1123.614968612922
20
-522.12476415625
30
0
0
VERTEX
8
AI4M_01_ATOM_INTERNAL
10
1122.6480986129218
20
-537.47468315625
30
0
0
VERTEX
8
AI4M_01_ATOM_INTERNAL
10
1121.6909466129218
20
-552.82520815625
30
0
0
VERTEX
8
AI4M_01_ATOM_INTERNAL
10
1120.7282636129212
20
-568.43725715625
30
0
0
VERTEX
8
AI4M_01_ATOM_INTERNAL
10
1119.7784466129215
20
-583.99944115625
30
0
0
VERTEX
8
AI4M_01_ATOM_INTERNAL
10
1118.8579456129219
20
-599.20375915625
30
0
0
VERTEX
8
AI4M_01_ATOM_INTERNAL
10
1117.9500206129214
20
-614.30773515625
30
0
0
VERTEX
8
AI4M_01_ATOM_INTERNAL
10
1117.5755686129214
20
-620.57316415625
30
0
0
SEQEND
8
AI4M_01_ATOM_INTERNAL
0
TEXT
8
AI4M_01_ATOM_INTERNAL
10
1151.1805496129218
20
-138.90128915624996
30
0
40
2.5
1
AI4M_line_2286__seg_01_construction_construction_vertical
1001
AI4MANUFACTURING
1000
WRITEBACK_PHASE=01_ATOM_LABEL
1000
ENTITY_ID=line_2286__seg_01
999
AI4M_ENTITY=line_2328__seg_01;LINE_ROLE=construction;EDGE=construction_horizontal;SOURCE_LAYER=11
0
POLYLINE
8
AI4M_01_ATOM_INTERNAL
66
1
70
0
1001
AI4MANUFACTURING
1000
WRITEBACK_PHASE=01_ATOM
1000
ENTITY_ID=line_2328__seg_01
1000
SOURCE_HANDLE=
1000
LINE_ROLE=construction
1000
EDGE=construction_horizontal
1000
CHAIN=
1000
PIECE_ID=
1000
SEAM_PAIR=
1000
PAIRED_CHAIN=
1000
NOTCH_CHAIN=
1000
NOTCH_SOURCE=
1000
PIECE_ROLE=unknown
1000
SEAM_ALLOWANCE_MM=
1000
SOURCE_LAYER=11
0
VERTEX
8
AI4M_01_ATOM_INTERNAL
10
1117.5755686129214
20
-620.57316415625
30
0
0
VERTEX
8
AI4M_01_ATOM_INTERNAL
10
1101.8578266129216
20
-620.45246815625
30
0
0
VERTEX
8
AI4M_01_ATOM_INTERNAL
10
1086.0778436129212
20
-620.3249261562501
30
0
0
VERTEX
8
AI4M_01_ATOM_INTERNAL
10
1070.5418276129212
20
-620.1925791562501
30
0
0
VERTEX
8
AI4M_01_ATOM_INTERNAL
10
1054.7500016129216
20
-620.0491691562501
30
0
0
VERTEX
8
AI4M_01_ATOM_INTERNAL
10
1039.5971556129216
20
-619.90288715625
30
0
0
VERTEX
8
AI4M_01_ATOM_INTERNAL
10
1024.4443786129223
20
-619.74939815625
30
0
0
VERTEX
8
AI4M_01_ATOM_INTERNAL
10
1008.9726756129212
20
-619.5865771562501
30
0
0
VERTEX
8
AI4M_01_ATOM_INTERNAL
10
993.8200176129221
20
-619.4218271562501
30
0
0
VERTEX
8
AI4M_01_ATOM_INTERNAL
10
978.6674216129222
20
-619.2516081562501
30
0
0
VERTEX
8
AI4M_01_ATOM_INTERNAL
10
964.301154612921
20
-619.08488315625
30
0
0
VERTEX
8
AI4M_01_ATOM_INTERNAL
10
948.044661612922
20
-618.89025615625
30
0
0
VERTEX
8
AI4M_01_ATOM_INTERNAL
10
933.2074466129216
20
-618.70856315625
30
0
0
VERTEX
8
AI4M_01_ATOM_INTERNAL
10
931.738654612921
20
-618.69035215625
30
0
0
SEQEND
8
AI4M_01_ATOM_INTERNAL
0
TEXT
8
AI4M_01_ATOM_INTERNAL
10
1117.5755686129214
20
-620.57316415625
30
0
40
2.5
1
AI4M_line_2328__seg_01_construction_construction_horizontal
1001
AI4MANUFACTURING
1000
WRITEBACK_PHASE=01_ATOM_LABEL
1000
ENTITY_ID=line_2328__seg_01
999
AI4M_ENTITY=line_2345;LINE_ROLE=construction;EDGE=construction_vertical;SOURCE_LAYER=11
0
POLYLINE
8
AI4M_01_ATOM_INTERNAL
66
1
70
0
1001
AI4MANUFACTURING
1000
WRITEBACK_PHASE=01_ATOM
1000
ENTITY_ID=line_2345
1000
SOURCE_HANDLE=
1000
LINE_ROLE=construction
1000
EDGE=construction_vertical
1000
CHAIN=
1000
PIECE_ID=
1000
SEAM_PAIR=
1000
PAIRED_CHAIN=
1000
NOTCH_CHAIN=
1000
NOTCH_SOURCE=
1000
PIECE_ROLE=unknown
1000
SEAM_ALLOWANCE_MM=
1000
SOURCE_LAYER=11
0
VERTEX
8
AI4M_01_ATOM_INTERNAL
10
1036.9740066129216
20
-10.034102156250128
30
0
0
VERTEX
8
AI4M_01_ATOM_INTERNAL
10
1045.6834786129211
20
-619.97160215625
30
0
0
SEQEND
8
AI4M_01_ATOM_INTERNAL
0
TEXT
8
AI4M_01_ATOM_INTERNAL
10
1036.9740066129216
20
-10.034102156250128
30
0
40
2.5
1
AI4M_line_2345_construction_construction_vertical
1001
AI4MANUFACTURING
1000
WRITEBACK_PHASE=01_ATOM_LABEL
1000
ENTITY_ID=line_2345
999
AI4M_ENTITY=line_2350;LINE_ROLE=construction;EDGE=construction_horizontal;SOURCE_LAYER=11
0
POLYLINE
8
AI4M_01_ATOM_INTERNAL
66
1
70
0
1001
AI4MANUFACTURING
1000
WRITEBACK_PHASE=01_ATOM
1000
ENTITY_ID=line_2350
1000
SOURCE_HANDLE=
1000
LINE_ROLE=construction
1000
EDGE=construction_horizontal
1000
CHAIN=
1000
PIECE_ID=
1000
SEAM_PAIR=
1000
PAIRED_CHAIN=
1000
NOTCH_CHAIN=
1000
NOTCH_SOURCE=
1000
PIECE_ROLE=unknown
1000
SEAM_ALLOWANCE_MM=
1000
SOURCE_LAYER=11
0
VERTEX
8
AI4M_01_ATOM_INTERNAL
10
884.8197096129215
20
-135.90519615624999
30
0
0
VERTEX
8
AI4M_01_ATOM_INTERNAL
10
1151.1805496129218
20
-138.90128915624996
30
0
0
SEQEND
8
AI4M_01_ATOM_INTERNAL
0
TEXT
8
AI4M_01_ATOM_INTERNAL
10
884.8197096129215
20
-135.90519615624999
30
0
40
2.5
1
AI4M_line_2350_construction_construction_horizontal
1001
AI4MANUFACTURING
1000
WRITEBACK_PHASE=01_ATOM_LABEL
1000
ENTITY_ID=line_2350
999
AI4M_ENTITY=line_2477__seg_01;LINE_ROLE=construction;EDGE=construction_horizontal;SOURCE_LAYER=11
0
POLYLINE
8
AI4M_01_ATOM_INTERNAL
66
1
70
0
1001
AI4MANUFACTURING
1000
WRITEBACK_PHASE=01_ATOM
1000
ENTITY_ID=line_2477__seg_01
1000
SOURCE_HANDLE=
1000
LINE_ROLE=construction
1000
EDGE=construction_horizontal
1000
CHAIN=
1000
PIECE_ID=
1000
SEAM_PAIR=
1000
PAIRED_CHAIN=
1000
NOTCH_CHAIN=
1000
NOTCH_SOURCE=
1000
PIECE_ROLE=unknown
1000
SEAM_ALLOWANCE_MM=
1000
SOURCE_LAYER=11
0
VERTEX
8
AI4M_01_ATOM_INTERNAL
10
128.18977871874995
20
-741.4511755486484
30
0
0
VERTEX
8
AI4M_01_ATOM_INTERNAL
10
55.83137971875021
20
-741.4511755486484
30
0
0
SEQEND
8
AI4M_01_ATOM_INTERNAL
0
TEXT
8
AI4M_01_ATOM_INTERNAL
10
128.18977871874995
20
-741.4511755486484
30
0
40
2.5
1
AI4M_line_2477__seg_01_construction_construction_horizontal
1001
AI4MANUFACTURING
1000
WRITEBACK_PHASE=01_ATOM_LABEL
1000
ENTITY_ID=line_2477__seg_01
999
AI4M_ENTITY=line_2488;LINE_ROLE=construction;EDGE=construction_horizontal;SOURCE_LAYER=11
0
POLYLINE
8
AI4M_01_ATOM_INTERNAL
66
1
70
0
1001
AI4MANUFACTURING
1000
WRITEBACK_PHASE=01_ATOM
1000
ENTITY_ID=line_2488
1000
SOURCE_HANDLE=
1000
LINE_ROLE=construction
1000
EDGE=construction_horizontal
1000
CHAIN=
1000
PIECE_ID=
1000
SEAM_PAIR=
1000
PAIRED_CHAIN=
1000
NOTCH_CHAIN=
1000
NOTCH_SOURCE=
1000
PIECE_ROLE=unknown
1000
SEAM_ALLOWANCE_MM=
1000
SOURCE_LAYER=11
0
VERTEX
8
AI4M_01_ATOM_INTERNAL
10
55.83137971875021
20
-741.4511755486484
30
0
0
VERTEX
8
AI4M_01_ATOM_INTERNAL
10
8.999836718749975
20
-741.4511755486484
30
0
0
SEQEND
8
AI4M_01_ATOM_INTERNAL
0
TEXT
8
AI4M_01_ATOM_INTERNAL
10
55.83137971875021
20
-741.4511755486484
30
0
40
2.5
1
AI4M_line_2488_construction_construction_horizontal
1001
AI4MANUFACTURING
1000
WRITEBACK_PHASE=01_ATOM_LABEL
1000
ENTITY_ID=line_2488
999
AI4M_ENTITY=line_2493;LINE_ROLE=construction;EDGE=construction_vertical;SOURCE_LAYER=11
0
POLYLINE
8
AI4M_01_ATOM_INTERNAL
66
1
70
0
1001
AI4MANUFACTURING
1000
WRITEBACK_PHASE=01_ATOM
1000
ENTITY_ID=line_2493
1000
SOURCE_HANDLE=
1000
LINE_ROLE=construction
1000
EDGE=construction_vertical
1000
CHAIN=
1000
PIECE_ID=
1000
SEAM_PAIR=
1000
PAIRED_CHAIN=
1000
NOTCH_CHAIN=
1000
NOTCH_SOURCE=
1000
PIECE_ROLE=unknown
1000
SEAM_ALLOWANCE_MM=
1000
SOURCE_LAYER=11
0
VERTEX
8
AI4M_01_ATOM_INTERNAL
10
8.999836718749975
20
-741.4511755486484
30
0
0
VERTEX
8
AI4M_01_ATOM_INTERNAL
10
8.999836718749975
20
-705.4394565486484
30
0
0
SEQEND
8
AI4M_01_ATOM_INTERNAL
0
TEXT
8
AI4M_01_ATOM_INTERNAL
10
8.999836718749975
20
-741.4511755486484
30
0
40
2.5
1
AI4M_line_2493_construction_construction_vertical
1001
AI4MANUFACTURING
1000
WRITEBACK_PHASE=01_ATOM_LABEL
1000
ENTITY_ID=line_2493
999
AI4M_ENTITY=line_2498;LINE_ROLE=construction;EDGE=construction_vertical;SOURCE_LAYER=11
0
POLYLINE
8
AI4M_01_ATOM_INTERNAL
66
1
70
0
1001
AI4MANUFACTURING
1000
WRITEBACK_PHASE=01_ATOM
1000
ENTITY_ID=line_2498
1000
SOURCE_HANDLE=
1000
LINE_ROLE=construction
1000
EDGE=construction_vertical
1000
CHAIN=
1000
PIECE_ID=
1000
SEAM_PAIR=
1000
PAIRED_CHAIN=
1000
NOTCH_CHAIN=
1000
NOTCH_SOURCE=
1000
PIECE_ROLE=unknown
1000
SEAM_ALLOWANCE_MM=
1000
SOURCE_LAYER=11
0
VERTEX
8
AI4M_01_ATOM_INTERNAL
10
8.999836718749975
20
-705.4394565486484
30
0
0
VERTEX
8
AI4M_01_ATOM_INTERNAL
10
8.999836718749975
20
-669.4316435486484
30
0
0
SEQEND
8
AI4M_01_ATOM_INTERNAL
0
TEXT
8
AI4M_01_ATOM_INTERNAL
10
8.999836718749975
20
-705.4394565486484
30
0
40
2.5
1
AI4M_line_2498_construction_construction_vertical
1001
AI4MANUFACTURING
1000
WRITEBACK_PHASE=01_ATOM_LABEL
1000
ENTITY_ID=line_2498
999
AI4M_ENTITY=line_2503__seg_01;LINE_ROLE=construction;EDGE=construction_horizontal;SOURCE_LAYER=11
0
POLYLINE
8
AI4M_01_ATOM_INTERNAL
66
1
70
0
1001
AI4MANUFACTURING
1000
WRITEBACK_PHASE=01_ATOM
1000
ENTITY_ID=line_2503__seg_01
1000
SOURCE_HANDLE=
1000
LINE_ROLE=construction
1000
EDGE=construction_horizontal
1000
CHAIN=
1000
PIECE_ID=
1000
SEAM_PAIR=
1000
PAIRED_CHAIN=
1000
NOTCH_CHAIN=
1000
NOTCH_SOURCE=
1000
PIECE_ROLE=unknown
1000
SEAM_ALLOWANCE_MM=
1000
SOURCE_LAYER=11
0
VERTEX
8
AI4M_01_ATOM_INTERNAL
10
8.999836718749975
20
-669.4316435486484
30
0
0
VERTEX
8
AI4M_01_ATOM_INTERNAL
10
55.83137971875021
20
-669.4316435486484
30
0
0
SEQEND
8
AI4M_01_ATOM_INTERNAL
0
TEXT
8
AI4M_01_ATOM_INTERNAL
10
8.999836718749975
20
-669.4316435486484
30
0
40
2.5
1
AI4M_line_2503__seg_01_construction_construction_horizontal
1001
AI4MANUFACTURING
1000
WRITEBACK_PHASE=01_ATOM_LABEL
1000
ENTITY_ID=line_2503__seg_01
999
AI4M_ENTITY=line_2511__seg_01;LINE_ROLE=construction;EDGE=construction_horizontal;SOURCE_LAYER=11
0
POLYLINE
8
AI4M_01_ATOM_INTERNAL
66
1
70
0
1001
AI4MANUFACTURING
1000
WRITEBACK_PHASE=01_ATOM
1000
ENTITY_ID=line_2511__seg_01
1000
SOURCE_HANDLE=
1000
LINE_ROLE=construction
1000
EDGE=construction_horizontal
1000
CHAIN=
1000
PIECE_ID=
1000
SEAM_PAIR=
1000
PAIRED_CHAIN=
1000
NOTCH_CHAIN=
1000
NOTCH_SOURCE=
1000
PIECE_ROLE=unknown
1000
SEAM_ALLOWANCE_MM=
1000
SOURCE_LAYER=11
0
VERTEX
8
AI4M_01_ATOM_INTERNAL
10
55.83137971875021
20
-669.4316435486484
30
0
0
VERTEX
8
AI4M_01_ATOM_INTERNAL
10
128.18977871874995
20
-669.4316435486484
30
0
0
SEQEND
8
AI4M_01_ATOM_INTERNAL
0
TEXT
8
AI4M_01_ATOM_INTERNAL
10
55.83137971875021
20
-669.4316435486484
30
0
40
2.5
1
AI4M_line_2511__seg_01_construction_construction_horizontal
1001
AI4MANUFACTURING
1000
WRITEBACK_PHASE=01_ATOM_LABEL
1000
ENTITY_ID=line_2511__seg_01
999
AI4M_ENTITY=line_2519__seg_01;LINE_ROLE=construction;EDGE=construction_horizontal;SOURCE_LAYER=11
0
POLYLINE
8
AI4M_01_ATOM_INTERNAL
66
1
70
0
1001
AI4MANUFACTURING
1000
WRITEBACK_PHASE=01_ATOM
1000
ENTITY_ID=line_2519__seg_01
1000
SOURCE_HANDLE=
1000
LINE_ROLE=construction
1000
EDGE=construction_horizontal
1000
CHAIN=
1000
PIECE_ID=
1000
SEAM_PAIR=
1000
PAIRED_CHAIN=
1000
NOTCH_CHAIN=
1000
NOTCH_SOURCE=
1000
PIECE_ROLE=unknown
1000
SEAM_ALLOWANCE_MM=
1000
SOURCE_LAYER=11
0
VERTEX
8
AI4M_01_ATOM_INTERNAL
10
128.18977871874995
20
-669.4316435486484
30
0
0
VERTEX
8
AI4M_01_ATOM_INTERNAL
10
179.74690771875066
20
-669.4316435486484
30
0
0
SEQEND
8
AI4M_01_ATOM_INTERNAL
0
TEXT
8
AI4M_01_ATOM_INTERNAL
10
128.18977871874995
20
-669.4316435486484
30
0
40
2.5
1
AI4M_line_2519__seg_01_construction_construction_horizontal
1001
AI4MANUFACTURING
1000
WRITEBACK_PHASE=01_ATOM_LABEL
1000
ENTITY_ID=line_2519__seg_01
999
AI4M_ENTITY=line_2527__seg_01;LINE_ROLE=construction;EDGE=construction_horizontal;SOURCE_LAYER=11
0
POLYLINE
8
AI4M_01_ATOM_INTERNAL
66
1
70
0
1001
AI4MANUFACTURING
1000
WRITEBACK_PHASE=01_ATOM
1000
ENTITY_ID=line_2527__seg_01
1000
SOURCE_HANDLE=
1000
LINE_ROLE=construction
1000
EDGE=construction_horizontal
1000
CHAIN=
1000
PIECE_ID=
1000
SEAM_PAIR=
1000
PAIRED_CHAIN=
1000
NOTCH_CHAIN=
1000
NOTCH_SOURCE=
1000
PIECE_ROLE=unknown
1000
SEAM_ALLOWANCE_MM=
1000
SOURCE_LAYER=11
0
VERTEX
8
AI4M_01_ATOM_INTERNAL
10
179.74690771875066
20
-669.4316435486484
30
0
0
VERTEX
8
AI4M_01_ATOM_INTERNAL
10
232.60384071874978
20
-669.4316435486484
30
0
0
SEQEND
8
AI4M_01_ATOM_INTERNAL
0
TEXT
8
AI4M_01_ATOM_INTERNAL
10
179.74690771875066
20
-669.4316435486484
30
0
40
2.5
1
AI4M_line_2527__seg_01_construction_construction_horizontal
1001
AI4MANUFACTURING
1000
WRITEBACK_PHASE=01_ATOM_LABEL
1000
ENTITY_ID=line_2527__seg_01
999
AI4M_ENTITY=line_2535__seg_01;LINE_ROLE=construction;EDGE=construction_horizontal;SOURCE_LAYER=11
0
POLYLINE
8
AI4M_01_ATOM_INTERNAL
66
1
70
0
1001
AI4MANUFACTURING
1000
WRITEBACK_PHASE=01_ATOM
1000
ENTITY_ID=line_2535__seg_01
1000
SOURCE_HANDLE=
1000
LINE_ROLE=construction
1000
EDGE=construction_horizontal
1000
CHAIN=
1000
PIECE_ID=
1000
SEAM_PAIR=
1000
PAIRED_CHAIN=
1000
NOTCH_CHAIN=
1000
NOTCH_SOURCE=
1000
PIECE_ROLE=unknown
1000
SEAM_ALLOWANCE_MM=
1000
SOURCE_LAYER=11
0
VERTEX
8
AI4M_01_ATOM_INTERNAL
10
232.60384071874978
20
-669.4316435486484
30
0
0
VERTEX
8
AI4M_01_ATOM_INTERNAL
10
285.46126271875073
20
-669.4316435486484
30
0
0
SEQEND
8
AI4M_01_ATOM_INTERNAL
0
TEXT
8
AI4M_01_ATOM_INTERNAL
10
232.60384071874978
20
-669.4316435486484
30
0
40
2.5
1
AI4M_line_2535__seg_01_construction_construction_horizontal
1001
AI4MANUFACTURING
1000
WRITEBACK_PHASE=01_ATOM_LABEL
1000
ENTITY_ID=line_2535__seg_01
999
AI4M_ENTITY=line_2543;LINE_ROLE=construction;EDGE=construction_horizontal;SOURCE_LAYER=11
0
POLYLINE
8
AI4M_01_ATOM_INTERNAL
66
1
70
0
1001
AI4MANUFACTURING
1000
WRITEBACK_PHASE=01_ATOM
1000
ENTITY_ID=line_2543
1000
SOURCE_HANDLE=
1000
LINE_ROLE=construction
1000
EDGE=construction_horizontal
1000
CHAIN=
1000
PIECE_ID=
1000
SEAM_PAIR=
1000
PAIRED_CHAIN=
1000
NOTCH_CHAIN=
1000
NOTCH_SOURCE=
1000
PIECE_ROLE=unknown
1000
SEAM_ALLOWANCE_MM=
1000
SOURCE_LAYER=11
0
VERTEX
8
AI4M_01_ATOM_INTERNAL
10
285.46126271875073
20
-669.4316435486484
30
0
0
VERTEX
8
AI4M_01_ATOM_INTERNAL
10
337.0183917187496
20
-669.4316435486484
30
0
0
SEQEND
8
AI4M_01_ATOM_INTERNAL
0
TEXT
8
AI4M_01_ATOM_INTERNAL
10
285.46126271875073
20
-669.4316435486484
30
0
40
2.5
1
AI4M_line_2543_construction_construction_horizontal
1001
AI4MANUFACTURING
1000
WRITEBACK_PHASE=01_ATOM_LABEL
1000
ENTITY_ID=line_2543
999
AI4M_ENTITY=line_2548;LINE_ROLE=construction;EDGE=construction_horizontal;SOURCE_LAYER=11
0
POLYLINE
8
AI4M_01_ATOM_INTERNAL
66
1
70
0
1001
AI4MANUFACTURING
1000
WRITEBACK_PHASE=01_ATOM
1000
ENTITY_ID=line_2548
1000
SOURCE_HANDLE=
1000
LINE_ROLE=construction
1000
EDGE=construction_horizontal
1000
CHAIN=
1000
PIECE_ID=
1000
SEAM_PAIR=
1000
PAIRED_CHAIN=
1000
NOTCH_CHAIN=
1000
NOTCH_SOURCE=
1000
PIECE_ROLE=unknown
1000
SEAM_ALLOWANCE_MM=
1000
SOURCE_LAYER=11
0
VERTEX
8
AI4M_01_ATOM_INTERNAL
10
337.0183917187496
20
-669.4316435486484
30
0
0
VERTEX
8
AI4M_01_ATOM_INTERNAL
10
362.14436871875023
20
-669.4316435486484
30
0
0
SEQEND
8
AI4M_01_ATOM_INTERNAL
0
TEXT
8
AI4M_01_ATOM_INTERNAL
10
337.0183917187496
20
-669.4316435486484
30
0
40
2.5
1
AI4M_line_2548_construction_construction_horizontal
1001
AI4MANUFACTURING
1000
WRITEBACK_PHASE=01_ATOM_LABEL
1000
ENTITY_ID=line_2548
999
AI4M_ENTITY=line_2553;LINE_ROLE=construction;EDGE=construction_vertical;SOURCE_LAYER=11
0
POLYLINE
8
AI4M_01_ATOM_INTERNAL
66
1
70
0
1001
AI4MANUFACTURING
1000
WRITEBACK_PHASE=01_ATOM
1000
ENTITY_ID=line_2553
1000
SOURCE_HANDLE=
1000
LINE_ROLE=construction
1000
EDGE=construction_vertical
1000
CHAIN=
1000
PIECE_ID=
1000
SEAM_PAIR=
1000
PAIRED_CHAIN=
1000
NOTCH_CHAIN=
1000
NOTCH_SOURCE=
1000
PIECE_ROLE=unknown
1000
SEAM_ALLOWANCE_MM=
1000
SOURCE_LAYER=11
0
VERTEX
8
AI4M_01_ATOM_INTERNAL
10
362.14436871875023
20
-669.4316435486484
30
0
0
VERTEX
8
AI4M_01_ATOM_INTERNAL
10
362.14436871875023
20
-705.4394565486484
30
0
0
SEQEND
8
AI4M_01_ATOM_INTERNAL
0
TEXT
8
AI4M_01_ATOM_INTERNAL
10
362.14436871875023
20
-669.4316435486484
30
0
40
2.5
1
AI4M_line_2553_construction_construction_vertical
1001
AI4MANUFACTURING
1000
WRITEBACK_PHASE=01_ATOM_LABEL
1000
ENTITY_ID=line_2553
999
AI4M_ENTITY=line_2558__seg_01;LINE_ROLE=construction;EDGE=construction_vertical;SOURCE_LAYER=11
0
POLYLINE
8
AI4M_01_ATOM_INTERNAL
66
1
70
0
1001
AI4MANUFACTURING
1000
WRITEBACK_PHASE=01_ATOM
1000
ENTITY_ID=line_2558__seg_01
1000
SOURCE_HANDLE=
1000
LINE_ROLE=construction
1000
EDGE=construction_vertical
1000
CHAIN=
1000
PIECE_ID=
1000
SEAM_PAIR=
1000
PAIRED_CHAIN=
1000
NOTCH_CHAIN=
1000
NOTCH_SOURCE=
1000
PIECE_ROLE=unknown
1000
SEAM_ALLOWANCE_MM=
1000
SOURCE_LAYER=11
0
VERTEX
8
AI4M_01_ATOM_INTERNAL
10
362.14436871875023
20
-705.4394565486484
30
0
0
VERTEX
8
AI4M_01_ATOM_INTERNAL
10
362.14436871875023
20
-723.2949255486484
30
0
0
VERTEX
8
AI4M_01_ATOM_INTERNAL
10
362.14436871875023
20
-741.4511755486484
30
0
0
SEQEND
8
AI4M_01_ATOM_INTERNAL
0
TEXT
8
AI4M_01_ATOM_INTERNAL
10
362.14436871875023
20
-705.4394565486484
30
0
40
2.5
1
AI4M_line_2558__seg_01_construction_construction_vertical
1001
AI4MANUFACTURING
1000
WRITEBACK_PHASE=01_ATOM_LABEL
1000
ENTITY_ID=line_2558__seg_01
999
AI4M_ENTITY=line_2565__seg_01;LINE_ROLE=construction;EDGE=construction_horizontal;SOURCE_LAYER=11
0
POLYLINE
8
AI4M_01_ATOM_INTERNAL
66
1
70
0
1001
AI4MANUFACTURING
1000
WRITEBACK_PHASE=01_ATOM
1000
ENTITY_ID=line_2565__seg_01
1000
SOURCE_HANDLE=
1000
LINE_ROLE=construction
1000
EDGE=construction_horizontal
1000
CHAIN=
1000
PIECE_ID=
1000
SEAM_PAIR=
1000
PAIRED_CHAIN=
1000
NOTCH_CHAIN=
1000
NOTCH_SOURCE=
1000
PIECE_ROLE=unknown
1000
SEAM_ALLOWANCE_MM=
1000
SOURCE_LAYER=11
0
VERTEX
8
AI4M_01_ATOM_INTERNAL
10
362.14436871875023
20
-741.4511755486484
30
0
0
VERTEX
8
AI4M_01_ATOM_INTERNAL
10
337.0183917187496
20
-741.4511755486484
30
0
0
SEQEND
8
AI4M_01_ATOM_INTERNAL
0
TEXT
8
AI4M_01_ATOM_INTERNAL
10
362.14436871875023
20
-741.4511755486484
30
0
40
2.5
1
AI4M_line_2565__seg_01_construction_construction_horizontal
1001
AI4MANUFACTURING
1000
WRITEBACK_PHASE=01_ATOM_LABEL
1000
ENTITY_ID=line_2565__seg_01
999
AI4M_ENTITY=line_2573__seg_01;LINE_ROLE=construction;EDGE=construction_horizontal;SOURCE_LAYER=11
0
POLYLINE
8
AI4M_01_ATOM_INTERNAL
66
1
70
0
1001
AI4MANUFACTURING
1000
WRITEBACK_PHASE=01_ATOM
1000
ENTITY_ID=line_2573__seg_01
1000
SOURCE_HANDLE=
1000
LINE_ROLE=construction
1000
EDGE=construction_horizontal
1000
CHAIN=
1000
PIECE_ID=
1000
SEAM_PAIR=
1000
PAIRED_CHAIN=
1000
NOTCH_CHAIN=
1000
NOTCH_SOURCE=
1000
PIECE_ROLE=unknown
1000
SEAM_ALLOWANCE_MM=
1000
SOURCE_LAYER=11
0
VERTEX
8
AI4M_01_ATOM_INTERNAL
10
337.0183917187496
20
-741.4511755486484
30
0
0
VERTEX
8
AI4M_01_ATOM_INTERNAL
10
285.46126271875073
20
-741.4511755486484
30
0
0
SEQEND
8
AI4M_01_ATOM_INTERNAL
0
TEXT
8
AI4M_01_ATOM_INTERNAL
10
337.0183917187496
20
-741.4511755486484
30
0
40
2.5
1
AI4M_line_2573__seg_01_construction_construction_horizontal
1001
AI4MANUFACTURING
1000
WRITEBACK_PHASE=01_ATOM_LABEL
1000
ENTITY_ID=line_2573__seg_01
999
AI4M_ENTITY=line_2581__seg_01;LINE_ROLE=construction;EDGE=construction_horizontal;SOURCE_LAYER=11
0
POLYLINE
8
AI4M_01_ATOM_INTERNAL
66
1
70
0
1001
AI4MANUFACTURING
1000
WRITEBACK_PHASE=01_ATOM
1000
ENTITY_ID=line_2581__seg_01
1000
SOURCE_HANDLE=
1000
LINE_ROLE=construction
1000
EDGE=construction_horizontal
1000
CHAIN=
1000
PIECE_ID=
1000
SEAM_PAIR=
1000
PAIRED_CHAIN=
1000
NOTCH_CHAIN=
1000
NOTCH_SOURCE=
1000
PIECE_ROLE=unknown
1000
SEAM_ALLOWANCE_MM=
1000
SOURCE_LAYER=11
0
VERTEX
8
AI4M_01_ATOM_INTERNAL
10
285.46126271875073
20
-741.4511755486484
30
0
0
VERTEX
8
AI4M_01_ATOM_INTERNAL
10
232.60384071874978
20
-741.4511755486484
30
0
0
SEQEND
8
AI4M_01_ATOM_INTERNAL
0
TEXT
8
AI4M_01_ATOM_INTERNAL
10
285.46126271875073
20
-741.4511755486484
30
0
40
2.5
1
AI4M_line_2581__seg_01_construction_construction_horizontal
1001
AI4MANUFACTURING
1000
WRITEBACK_PHASE=01_ATOM_LABEL
1000
ENTITY_ID=line_2581__seg_01
999
AI4M_ENTITY=line_2589__seg_01;LINE_ROLE=construction;EDGE=construction_horizontal;SOURCE_LAYER=11
0
POLYLINE
8
AI4M_01_ATOM_INTERNAL
66
1
70
0
1001
AI4MANUFACTURING
1000
WRITEBACK_PHASE=01_ATOM
1000
ENTITY_ID=line_2589__seg_01
1000
SOURCE_HANDLE=
1000
LINE_ROLE=construction
1000
EDGE=construction_horizontal
1000
CHAIN=
1000
PIECE_ID=
1000
SEAM_PAIR=
1000
PAIRED_CHAIN=
1000
NOTCH_CHAIN=
1000
NOTCH_SOURCE=
1000
PIECE_ROLE=unknown
1000
SEAM_ALLOWANCE_MM=
1000
SOURCE_LAYER=11
0
VERTEX
8
AI4M_01_ATOM_INTERNAL
10
232.60384071874978
20
-741.4511755486484
30
0
0
VERTEX
8
AI4M_01_ATOM_INTERNAL
10
179.74690771875066
20
-741.4511755486484
30
0
0
SEQEND
8
AI4M_01_ATOM_INTERNAL
0
TEXT
8
AI4M_01_ATOM_INTERNAL
10
232.60384071874978
20
-741.4511755486484
30
0
40
2.5
1
AI4M_line_2589__seg_01_construction_construction_horizontal
1001
AI4MANUFACTURING
1000
WRITEBACK_PHASE=01_ATOM_LABEL
1000
ENTITY_ID=line_2589__seg_01
999
AI4M_ENTITY=line_2597;LINE_ROLE=construction;EDGE=construction_horizontal;SOURCE_LAYER=11
0
POLYLINE
8
AI4M_01_ATOM_INTERNAL
66
1
70
0
1001
AI4MANUFACTURING
1000
WRITEBACK_PHASE=01_ATOM
1000
ENTITY_ID=line_2597
1000
SOURCE_HANDLE=
1000
LINE_ROLE=construction
1000
EDGE=construction_horizontal
1000
CHAIN=
1000
PIECE_ID=
1000
SEAM_PAIR=
1000
PAIRED_CHAIN=
1000
NOTCH_CHAIN=
1000
NOTCH_SOURCE=
1000
PIECE_ROLE=unknown
1000
SEAM_ALLOWANCE_MM=
1000
SOURCE_LAYER=11
0
VERTEX
8
AI4M_01_ATOM_INTERNAL
10
179.74690771875066
20
-741.4511755486484
30
0
0
VERTEX
8
AI4M_01_ATOM_INTERNAL
10
128.18977871874995
20
-741.4511755486484
30
0
0
SEQEND
8
AI4M_01_ATOM_INTERNAL
0
TEXT
8
AI4M_01_ATOM_INTERNAL
10
179.74690771875066
20
-741.4511755486484
30
0
40
2.5
1
AI4M_line_2597_construction_construction_horizontal
1001
AI4MANUFACTURING
1000
WRITEBACK_PHASE=01_ATOM_LABEL
1000
ENTITY_ID=line_2597
999
AI4M_ENTITY=line_2602__seg_01;LINE_ROLE=construction;EDGE=construction_horizontal;SOURCE_LAYER=11
0
POLYLINE
8
AI4M_01_ATOM_INTERNAL
66
1
70
0
1001
AI4MANUFACTURING
1000
WRITEBACK_PHASE=01_ATOM
1000
ENTITY_ID=line_2602__seg_01
1000
SOURCE_HANDLE=
1000
LINE_ROLE=construction
1000
EDGE=construction_horizontal
1000
CHAIN=
1000
PIECE_ID=
1000
SEAM_PAIR=
1000
PAIRED_CHAIN=
1000
NOTCH_CHAIN=
1000
NOTCH_SOURCE=
1000
PIECE_ROLE=unknown
1000
SEAM_ALLOWANCE_MM=
1000
SOURCE_LAYER=11
0
VERTEX
8
AI4M_01_ATOM_INTERNAL
10
362.14436871875023
20
-705.4394565486484
30
0
0
VERTEX
8
AI4M_01_ATOM_INTERNAL
10
346.31625371875
20
-705.4394565486484
30
0
0
VERTEX
8
AI4M_01_ATOM_INTERNAL
10
337.0195417187497
20
-705.4394565486484
30
0
0
VERTEX
8
AI4M_01_ATOM_INTERNAL
10
330.9398087187501
20
-705.4394565486484
30
0
0
VERTEX
8
AI4M_01_ATOM_INTERNAL
10
315.46332371874996
20
-705.4394565486484
30
0
0
VERTEX
8
AI4M_01_ATOM_INTERNAL
10
300.3973477187501
20
-705.4394565486484
30
0
0
VERTEX
8
AI4M_01_ATOM_INTERNAL
10
285.4597657187496
20
-705.4394565486484
30
0
0
VERTEX
8
AI4M_01_ATOM_INTERNAL
10
285.45930971874986
20
-705.4394565486484
30
0
0
VERTEX
8
AI4M_01_ATOM_INTERNAL
10
269.43009371874996
20
-705.4394565486484
30
0
0
VERTEX
8
AI4M_01_ATOM_INTERNAL
10
254.0125627187499
20
-705.4394565486484
30
0
0
VERTEX
8
AI4M_01_ATOM_INTERNAL
10
238.53607771875068
20
-705.4394565486484
30
0
0
VERTEX
8
AI4M_01_ATOM_INTERNAL
10
232.60247971875015
20
-705.4394565486484
30
0
0
VERTEX
8
AI4M_01_ATOM_INTERNAL
10
223.20593871875008
20
-705.4394565486484
30
0
0
VERTEX
8
AI4M_01_ATOM_INTERNAL
10
208.0198617187507
20
-705.4394565486484
30
0
0
VERTEX
8
AI4M_01_ATOM_INTERNAL
10
192.54337771874998
20
-705.4394565486484
30
0
0
VERTEX
8
AI4M_01_ATOM_INTERNAL
10
177.06689271875075
20
-705.4394565486484
30
0
0
VERTEX
8
AI4M_01_ATOM_INTERNAL
10
161.5904077187497
20
-705.4394565486484
30
0
0
VERTEX
8
AI4M_01_ATOM_INTERNAL
10
146.10879071875024
20
-705.4394565486484
30
0
0
VERTEX
8
AI4M_01_ATOM_INTERNAL
10
130.6323057187501
20
-705.4394565486484
30
0
0
VERTEX
8
AI4M_01_ATOM_INTERNAL
10
115.15582071874996
20
-705.4394565486484
30
0
0
VERTEX
8
AI4M_01_ATOM_INTERNAL
10
100.08923171874994
20
-705.4394565486484
30
0
0
VERTEX
8
AI4M_01_ATOM_INTERNAL
10
84.61274671875071
20
-705.4394565486484
30
0
0
VERTEX
8
AI4M_01_ATOM_INTERNAL
10
69.13626171874967
20
-705.4394565486484
30
0
0
VERTEX
8
AI4M_01_ATOM_INTERNAL
10
53.62216071874991
20
-705.4394565486484
30
0
0
VERTEX
8
AI4M_01_ATOM_INTERNAL
10
38.518706718750764
20
-705.4394565486484
30
0
0
VERTEX
8
AI4M_01_ATOM_INTERNAL
10
23.4476227187497
20
-705.4394565486484
30
0
0
VERTEX
8
AI4M_01_ATOM_INTERNAL
10
8.999836718749975
20
-705.4394565486484
30
0
0
SEQEND
8
AI4M_01_ATOM_INTERNAL
0
TEXT
8
AI4M_01_ATOM_INTERNAL
10
362.14436871875023
20
-705.4394565486484
30
0
40
2.5
1
AI4M_line_2602__seg_01_construction_construction_horizontal
1001
AI4MANUFACTURING
1000
WRITEBACK_PHASE=01_ATOM_LABEL
1000
ENTITY_ID=line_2602__seg_01
999
AI4M_ENTITY=line_2638;LINE_ROLE=construction;EDGE=construction_horizontal;SOURCE_LAYER=11
0
POLYLINE
8
AI4M_01_ATOM_INTERNAL
66
1
70
0
1001
AI4MANUFACTURING
1000
WRITEBACK_PHASE=01_ATOM
1000
ENTITY_ID=line_2638
1000
SOURCE_HANDLE=
1000
LINE_ROLE=construction
1000
EDGE=construction_horizontal
1000
CHAIN=
1000
PIECE_ID=
1000
SEAM_PAIR=
1000
PAIRED_CHAIN=
1000
NOTCH_CHAIN=
1000
NOTCH_SOURCE=
1000
PIECE_ROLE=unknown
1000
SEAM_ALLOWANCE_MM=
1000
SOURCE_LAYER=11
0
VERTEX
8
AI4M_01_ATOM_INTERNAL
10
337.0183917187496
20
-705.4394565486484
30
0
0
VERTEX
8
AI4M_01_ATOM_INTERNAL
10
232.60384071874978
20
-705.4394565486484
30
0
0
SEQEND
8
AI4M_01_ATOM_INTERNAL
0
TEXT
8
AI4M_01_ATOM_INTERNAL
10
337.0183917187496
20
-705.4394565486484
30
0
40
2.5
1
AI4M_line_2638_construction_construction_horizontal
1001
AI4MANUFACTURING
1000
WRITEBACK_PHASE=01_ATOM_LABEL
1000
ENTITY_ID=line_2638
999
AI4M_ENTITY=line_2643__seg_01;LINE_ROLE=construction;EDGE=construction_horizontal;SOURCE_LAYER=11
0
POLYLINE
8
AI4M_01_ATOM_INTERNAL
66
1
70
0
1001
AI4MANUFACTURING
1000
WRITEBACK_PHASE=01_ATOM
1000
ENTITY_ID=line_2643__seg_01
1000
SOURCE_HANDLE=
1000
LINE_ROLE=construction
1000
EDGE=construction_horizontal
1000
CHAIN=
1000
PIECE_ID=
1000
SEAM_PAIR=
1000
PAIRED_CHAIN=
1000
NOTCH_CHAIN=
1000
NOTCH_SOURCE=
1000
PIECE_ROLE=unknown
1000
SEAM_ALLOWANCE_MM=
1000
SOURCE_LAYER=11
0
VERTEX
8
AI4M_01_ATOM_INTERNAL
10
232.60384071874978
20
-741.4511755486484
30
0
0
VERTEX
8
AI4M_01_ATOM_INTERNAL
10
55.83137971875021
20
-741.4511755486484
30
0
0
SEQEND
8
AI4M_01_ATOM_INTERNAL
0
TEXT
8
AI4M_01_ATOM_INTERNAL
10
232.60384071874978
20
-741.4511755486484
30
0
40
2.5
1
AI4M_line_2643__seg_01_construction_construction_horizontal
1001
AI4MANUFACTURING
1000
WRITEBACK_PHASE=01_ATOM_LABEL
1000
ENTITY_ID=line_2643__seg_01
999
AI4M_ENTITY=line_2654__seg_01;LINE_ROLE=construction;EDGE=construction_horizontal;SOURCE_LAYER=11
0
POLYLINE
8
AI4M_01_ATOM_INTERNAL
66
1
70
0
1001
AI4MANUFACTURING
1000
WRITEBACK_PHASE=01_ATOM
1000
ENTITY_ID=line_2654__seg_01
1000
SOURCE_HANDLE=
1000
LINE_ROLE=construction
1000
EDGE=construction_horizontal
1000
CHAIN=
1000
PIECE_ID=
1000
SEAM_PAIR=
1000
PAIRED_CHAIN=
1000
NOTCH_CHAIN=
1000
NOTCH_SOURCE=
1000
PIECE_ROLE=unknown
1000
SEAM_ALLOWANCE_MM=
1000
SOURCE_LAYER=11
0
VERTEX
8
AI4M_01_ATOM_INTERNAL
10
55.83137971875021
20
-705.4394565486484
30
0
0
VERTEX
8
AI4M_01_ATOM_INTERNAL
10
128.18977871874995
20
-741.4511755486484
30
0
0
SEQEND
8
AI4M_01_ATOM_INTERNAL
0
TEXT
8
AI4M_01_ATOM_INTERNAL
10
55.83137971875021
20
-705.4394565486484
30
0
40
2.5
1
AI4M_line_2654__seg_01_construction_construction_horizontal
1001
AI4MANUFACTURING
1000
WRITEBACK_PHASE=01_ATOM_LABEL
1000
ENTITY_ID=line_2654__seg_01
999
AI4M_ENTITY=line_2662__seg_01;LINE_ROLE=construction;EDGE=construction_horizontal;SOURCE_LAYER=11
0
POLYLINE
8
AI4M_01_ATOM_INTERNAL
66
1
70
0
1001
AI4MANUFACTURING
1000
WRITEBACK_PHASE=01_ATOM
1000
ENTITY_ID=line_2662__seg_01
1000
SOURCE_HANDLE=
1000
LINE_ROLE=construction
1000
EDGE=construction_horizontal
1000
CHAIN=
1000
PIECE_ID=
1000
SEAM_PAIR=
1000
PAIRED_CHAIN=
1000
NOTCH_CHAIN=
1000
NOTCH_SOURCE=
1000
PIECE_ROLE=unknown
1000
SEAM_ALLOWANCE_MM=
1000
SOURCE_LAYER=11
0
VERTEX
8
AI4M_01_ATOM_INTERNAL
10
128.18977871874995
20
-705.4394565486484
30
0
0
VERTEX
8
AI4M_01_ATOM_INTERNAL
10
179.74690771875066
20
-741.4511755486484
30
0
0
SEQEND
8
AI4M_01_ATOM_INTERNAL
0
TEXT
8
AI4M_01_ATOM_INTERNAL
10
128.18977871874995
20
-705.4394565486484
30
0
40
2.5
1
AI4M_line_2662__seg_01_construction_construction_horizontal
1001
AI4MANUFACTURING
1000
WRITEBACK_PHASE=01_ATOM_LABEL
1000
ENTITY_ID=line_2662__seg_01
999
AI4M_ENTITY=line_2670__seg_01;LINE_ROLE=construction;EDGE=construction_horizontal;SOURCE_LAYER=11
0
POLYLINE
8
AI4M_01_ATOM_INTERNAL
66
1
70
0
1001
AI4MANUFACTURING
1000
WRITEBACK_PHASE=01_ATOM
1000
ENTITY_ID=line_2670__seg_01
1000
SOURCE_HANDLE=
1000
LINE_ROLE=construction
1000
EDGE=construction_horizontal
1000
CHAIN=
1000
PIECE_ID=
1000
SEAM_PAIR=
1000
PAIRED_CHAIN=
1000
NOTCH_CHAIN=
1000
NOTCH_SOURCE=
1000
PIECE_ROLE=unknown
1000
SEAM_ALLOWANCE_MM=
1000
SOURCE_LAYER=11
0
VERTEX
8
AI4M_01_ATOM_INTERNAL
10
179.74690771875066
20
-705.4394565486484
30
0
0
VERTEX
8
AI4M_01_ATOM_INTERNAL
10
285.46126271875073
20
-741.4511755486484
30
0
0
SEQEND
8
AI4M_01_ATOM_INTERNAL
0
TEXT
8
AI4M_01_ATOM_INTERNAL
10
179.74690771875066
20
-705.4394565486484
30
0
40
2.5
1
AI4M_line_2670__seg_01_construction_construction_horizontal
1001
AI4MANUFACTURING
1000
WRITEBACK_PHASE=01_ATOM_LABEL
1000
ENTITY_ID=line_2670__seg_01
999
AI4M_ENTITY=line_2678;LINE_ROLE=construction;EDGE=construction_horizontal;SOURCE_LAYER=11
0
POLYLINE
8
AI4M_01_ATOM_INTERNAL
66
1
70
0
1001
AI4MANUFACTURING
1000
WRITEBACK_PHASE=01_ATOM
1000
ENTITY_ID=line_2678
1000
SOURCE_HANDLE=
1000
LINE_ROLE=construction
1000
EDGE=construction_horizontal
1000
CHAIN=
1000
PIECE_ID=
1000
SEAM_PAIR=
1000
PAIRED_CHAIN=
1000
NOTCH_CHAIN=
1000
NOTCH_SOURCE=
1000
PIECE_ROLE=unknown
1000
SEAM_ALLOWANCE_MM=
1000
SOURCE_LAYER=11
0
VERTEX
8
AI4M_01_ATOM_INTERNAL
10
285.46126271875073
20
-705.4394565486484
30
0
0
VERTEX
8
AI4M_01_ATOM_INTERNAL
10
337.0183917187496
20
-669.4316435486484
30
0
0
SEQEND
8
AI4M_01_ATOM_INTERNAL
0
TEXT
8
AI4M_01_ATOM_INTERNAL
10
285.46126271875073
20
-705.4394565486484
30
0
40
2.5
1
AI4M_line_2678_construction_construction_horizontal
1001
AI4MANUFACTURING
1000
WRITEBACK_PHASE=01_ATOM_LABEL
1000
ENTITY_ID=line_2678
999
AI4M_ENTITY=line_2683;LINE_ROLE=construction;EDGE=construction_horizontal;SOURCE_LAYER=11
0
POLYLINE
8
AI4M_01_ATOM_INTERNAL
66
1
70
0
1001
AI4MANUFACTURING
1000
WRITEBACK_PHASE=01_ATOM
1000
ENTITY_ID=line_2683
1000
SOURCE_HANDLE=
1000
LINE_ROLE=construction
1000
EDGE=construction_horizontal
1000
CHAIN=
1000
PIECE_ID=
1000
SEAM_PAIR=
1000
PAIRED_CHAIN=
1000
NOTCH_CHAIN=
1000
NOTCH_SOURCE=
1000
PIECE_ROLE=unknown
1000
SEAM_ALLOWANCE_MM=
1000
SOURCE_LAYER=11
0
VERTEX
8
AI4M_01_ATOM_INTERNAL
10
337.0183917187496
20
-705.4394565486484
30
0
0
VERTEX
8
AI4M_01_ATOM_INTERNAL
10
232.60384071874978
20
-705.4394565486484
30
0
0
SEQEND
8
AI4M_01_ATOM_INTERNAL
0
TEXT
8
AI4M_01_ATOM_INTERNAL
10
337.0183917187496
20
-705.4394565486484
30
0
40
2.5
1
AI4M_line_2683_construction_construction_horizontal
1001
AI4MANUFACTURING
1000
WRITEBACK_PHASE=01_ATOM_LABEL
1000
ENTITY_ID=line_2683
999
AI4M_ENTITY=line_2688__seg_01;LINE_ROLE=construction;EDGE=construction_horizontal;SOURCE_LAYER=11
0
POLYLINE
8
AI4M_01_ATOM_INTERNAL
66
1
70
0
1001
AI4MANUFACTURING
1000
WRITEBACK_PHASE=01_ATOM
1000
ENTITY_ID=line_2688__seg_01
1000
SOURCE_HANDLE=
1000
LINE_ROLE=construction
1000
EDGE=construction_horizontal
1000
CHAIN=
1000
PIECE_ID=
1000
SEAM_PAIR=
1000
PAIRED_CHAIN=
1000
NOTCH_CHAIN=
1000
NOTCH_SOURCE=
1000
PIECE_ROLE=unknown
1000
SEAM_ALLOWANCE_MM=
1000
SOURCE_LAYER=11
0
VERTEX
8
AI4M_01_ATOM_INTERNAL
10
232.60384071874978
20
-669.4316435486484
30
0
0
VERTEX
8
AI4M_01_ATOM_INTERNAL
10
55.83137971875021
20
-669.4316435486484
30
0
0
SEQEND
8
AI4M_01_ATOM_INTERNAL
0
TEXT
8
AI4M_01_ATOM_INTERNAL
10
232.60384071874978
20
-669.4316435486484
30
0
40
2.5
1
AI4M_line_2688__seg_01_construction_construction_horizontal
1001
AI4MANUFACTURING
1000
WRITEBACK_PHASE=01_ATOM_LABEL
1000
ENTITY_ID=line_2688__seg_01
999
AI4M_ENTITY=line_2699__seg_01;LINE_ROLE=construction;EDGE=construction_horizontal;SOURCE_LAYER=11
0
POLYLINE
8
AI4M_01_ATOM_INTERNAL
66
1
70
0
1001
AI4MANUFACTURING
1000
WRITEBACK_PHASE=01_ATOM
1000
ENTITY_ID=line_2699__seg_01
1000
SOURCE_HANDLE=
1000
LINE_ROLE=construction
1000
EDGE=construction_horizontal
1000
CHAIN=
1000
PIECE_ID=
1000
SEAM_PAIR=
1000
PAIRED_CHAIN=
1000
NOTCH_CHAIN=
1000
NOTCH_SOURCE=
1000
PIECE_ROLE=unknown
1000
SEAM_ALLOWANCE_MM=
1000
SOURCE_LAYER=11
0
VERTEX
8
AI4M_01_ATOM_INTERNAL
10
55.83137971875021
20
-705.4394565486484
30
0
0
VERTEX
8
AI4M_01_ATOM_INTERNAL
10
128.18977871874995
20
-669.4316435486484
30
0
0
SEQEND
8
AI4M_01_ATOM_INTERNAL
0
TEXT
8
AI4M_01_ATOM_INTERNAL
10
55.83137971875021
20
-705.4394565486484
30
0
40
2.5
1
AI4M_line_2699__seg_01_construction_construction_horizontal
1001
AI4MANUFACTURING
1000
WRITEBACK_PHASE=01_ATOM_LABEL
1000
ENTITY_ID=line_2699__seg_01
999
AI4M_ENTITY=line_2707__seg_01;LINE_ROLE=construction;EDGE=construction_horizontal;SOURCE_LAYER=11
0
POLYLINE
8
AI4M_01_ATOM_INTERNAL
66
1
70
0
1001
AI4MANUFACTURING
1000
WRITEBACK_PHASE=01_ATOM
1000
ENTITY_ID=line_2707__seg_01
1000
SOURCE_HANDLE=
1000
LINE_ROLE=construction
1000
EDGE=construction_horizontal
1000
CHAIN=
1000
PIECE_ID=
1000
SEAM_PAIR=
1000
PAIRED_CHAIN=
1000
NOTCH_CHAIN=
1000
NOTCH_SOURCE=
1000
PIECE_ROLE=unknown
1000
SEAM_ALLOWANCE_MM=
1000
SOURCE_LAYER=11
0
VERTEX
8
AI4M_01_ATOM_INTERNAL
10
128.18977871874995
20
-705.4394565486484
30
0
0
VERTEX
8
AI4M_01_ATOM_INTERNAL
10
179.74690771875066
20
-669.4316435486484
30
0
0
SEQEND
8
AI4M_01_ATOM_INTERNAL
0
TEXT
8
AI4M_01_ATOM_INTERNAL
10
128.18977871874995
20
-705.4394565486484
30
0
40
2.5
1
AI4M_line_2707__seg_01_construction_construction_horizontal
1001
AI4MANUFACTURING
1000
WRITEBACK_PHASE=01_ATOM_LABEL
1000
ENTITY_ID=line_2707__seg_01
999
AI4M_ENTITY=line_2715__seg_01;LINE_ROLE=construction;EDGE=construction_horizontal;SOURCE_LAYER=11
0
POLYLINE
8
AI4M_01_ATOM_INTERNAL
66
1
70
0
1001
AI4MANUFACTURING
1000
WRITEBACK_PHASE=01_ATOM
1000
ENTITY_ID=line_2715__seg_01
1000
SOURCE_HANDLE=
1000
LINE_ROLE=construction
1000
EDGE=construction_horizontal
1000
CHAIN=
1000
PIECE_ID=
1000
SEAM_PAIR=
1000
PAIRED_CHAIN=
1000
NOTCH_CHAIN=
1000
NOTCH_SOURCE=
1000
PIECE_ROLE=unknown
1000
SEAM_ALLOWANCE_MM=
1000
SOURCE_LAYER=11
0
VERTEX
8
AI4M_01_ATOM_INTERNAL
10
179.74690771875066
20
-705.4394565486484
30
0
0
VERTEX
8
AI4M_01_ATOM_INTERNAL
10
285.46126271875073
20
-669.4316435486484
30
0
0
SEQEND
8
AI4M_01_ATOM_INTERNAL
0
TEXT
8
AI4M_01_ATOM_INTERNAL
10
179.74690771875066
20
-705.4394565486484
30
0
40
2.5
1
AI4M_line_2715__seg_01_construction_construction_horizontal
1001
AI4MANUFACTURING
1000
WRITEBACK_PHASE=01_ATOM_LABEL
1000
ENTITY_ID=line_2715__seg_01
999
AI4M_ENTITY=notch_pair_4_18;LINE_ROLE=notch;EDGE=;SOURCE_LAYER=4
0
POLYLINE
8
AI4M_01_ATOM_NOTCH
66
1
70
0
1001
AI4MANUFACTURING
1000
WRITEBACK_PHASE=01_ATOM
1000
ENTITY_ID=notch_pair_4_18
1000
SOURCE_HANDLE=
1000
LINE_ROLE=notch
1000
EDGE=
1000
CHAIN=
1000
PIECE_ID=
1000
SEAM_PAIR=
1000
PAIRED_CHAIN=
1000
NOTCH_CHAIN=
1000
NOTCH_SOURCE=
1000
PIECE_ROLE=
1000
SEAM_ALLOWANCE_MM=
1000
SOURCE_LAYER=4
0
VERTEX
8
AI4M_01_ATOM_NOTCH
10
848.2246171658353
20
-275.47348598828125
30
0
0
VERTEX
8
AI4M_01_ATOM_NOTCH
10
840.4331731658358
20
-273.92242498828125
30
0
0
SEQEND
8
AI4M_01_ATOM_NOTCH
0
TEXT
8
AI4M_01_ATOM_NOTCH
10
848.2246171658353
20
-275.47348598828125
30
0
40
2.5
1
AI4M_notch_pair_4_18_notch_
1001
AI4MANUFACTURING
1000
WRITEBACK_PHASE=01_ATOM_LABEL
1000
ENTITY_ID=notch_pair_4_18
999
AI4M_ENTITY=notch_pair_4_2;LINE_ROLE=notch;EDGE=;SOURCE_LAYER=4
0
POLYLINE
8
AI4M_01_ATOM_NOTCH
66
1
70
0
1001
AI4MANUFACTURING
1000
WRITEBACK_PHASE=01_ATOM
1000
ENTITY_ID=notch_pair_4_2
1000
SOURCE_HANDLE=
1000
LINE_ROLE=notch
1000
EDGE=
1000
CHAIN=
1000
PIECE_ID=
1000
SEAM_PAIR=
1000
PAIRED_CHAIN=
1000
NOTCH_CHAIN=
1000
NOTCH_SOURCE=
1000
PIECE_ROLE=
1000
SEAM_ALLOWANCE_MM=
1000
SOURCE_LAYER=4
0
VERTEX
8
AI4M_01_ATOM_NOTCH
10
11.576307125000312
20
-292.90212262109367
30
0
0
VERTEX
8
AI4M_01_ATOM_NOTCH
10
19.220018125000024
20
-290.75033362109366
30
0
0
SEQEND
8
AI4M_01_ATOM_NOTCH
0
TEXT
8
AI4M_01_ATOM_NOTCH
10
11.576307125000312
20
-292.90212262109367
30
0
40
2.5
1
AI4M_notch_pair_4_2_notch_
1001
AI4MANUFACTURING
1000
WRITEBACK_PHASE=01_ATOM_LABEL
1000
ENTITY_ID=notch_pair_4_2
999
AI4M_ENTITY=notch_pair_4_19;LINE_ROLE=notch;EDGE=;SOURCE_LAYER=4
0
POLYLINE
8
AI4M_01_ATOM_NOTCH
66
1
70
0
1001
AI4MANUFACTURING
1000
WRITEBACK_PHASE=01_ATOM
1000
ENTITY_ID=notch_pair_4_19
1000
SOURCE_HANDLE=
1000
LINE_ROLE=notch
1000
EDGE=
1000
CHAIN=
1000
PIECE_ID=
1000
SEAM_PAIR=
1000
PAIRED_CHAIN=
1000
NOTCH_CHAIN=
1000
NOTCH_SOURCE=
1000
PIECE_ROLE=
1000
SEAM_ALLOWANCE_MM=
1000
SOURCE_LAYER=4
0
VERTEX
8
AI4M_01_ATOM_NOTCH
10
832.8644871658353
20
-396.0992179882812
30
0
0
VERTEX
8
AI4M_01_ATOM_NOTCH
10
824.8767141658354
20
-396.3571979882813
30
0
0
SEQEND
8
AI4M_01_ATOM_NOTCH
0
TEXT
8
AI4M_01_ATOM_NOTCH
10
832.8644871658353
20
-396.0992179882812
30
0
40
2.5
1
AI4M_notch_pair_4_19_notch_
1001
AI4MANUFACTURING
1000
WRITEBACK_PHASE=01_ATOM_LABEL
1000
ENTITY_ID=notch_pair_4_19
999
AI4M_ENTITY=notch_pair_4_1;LINE_ROLE=notch;EDGE=;SOURCE_LAYER=4
0
POLYLINE
8
AI4M_01_ATOM_NOTCH
66
1
70
0
1001
AI4MANUFACTURING
1000
WRITEBACK_PHASE=01_ATOM
1000
ENTITY_ID=notch_pair_4_1
1000
SOURCE_HANDLE=
1000
LINE_ROLE=notch
1000
EDGE=
1000
CHAIN=
1000
PIECE_ID=
1000
SEAM_PAIR=
1000
PAIRED_CHAIN=
1000
NOTCH_CHAIN=
1000
NOTCH_SOURCE=
1000
PIECE_ROLE=
1000
SEAM_ALLOWANCE_MM=
1000
SOURCE_LAYER=4
0
VERTEX
8
AI4M_01_ATOM_NOTCH
10
28.52553912500025
20
-406.5882056210937
30
0
0
VERTEX
8
AI4M_01_ATOM_NOTCH
10
36.5333771250007
20
-406.77047762109373
30
0
0
SEQEND
8
AI4M_01_ATOM_NOTCH
0
TEXT
8
AI4M_01_ATOM_NOTCH
10
28.52553912500025
20
-406.5882056210937
30
0
40
2.5
1
AI4M_notch_pair_4_1_notch_
1001
AI4MANUFACTURING
1000
WRITEBACK_PHASE=01_ATOM_LABEL
1000
ENTITY_ID=notch_pair_4_1
999
AI4M_ENTITY=notch_pair_4_23;LINE_ROLE=notch;EDGE=;SOURCE_LAYER=4
0
POLYLINE
8
AI4M_01_ATOM_NOTCH
66
1
70
0
1001
AI4MANUFACTURING
1000
WRITEBACK_PHASE=01_ATOM
1000
ENTITY_ID=notch_pair_4_23
1000
SOURCE_HANDLE=
1000
LINE_ROLE=notch
1000
EDGE=
1000
CHAIN=
1000
PIECE_ID=
1000
SEAM_PAIR=
1000
PAIRED_CHAIN=
1000
NOTCH_CHAIN=
1000
NOTCH_SOURCE=
1000
PIECE_ROLE=
1000
SEAM_ALLOWANCE_MM=
1000
SOURCE_LAYER=4
0
VERTEX
8
AI4M_01_ATOM_NOTCH
10
1095.5118946129214
20
-46.314925156249956
30
0
0
VERTEX
8
AI4M_01_ATOM_NOTCH
10
1087.386471612922
20
-50.09732915625
30
0
0
SEQEND
8
AI4M_01_ATOM_NOTCH
0
TEXT
8
AI4M_01_ATOM_NOTCH
10
1095.5118946129214
20
-46.314925156249956
30
0
40
2.5
1
AI4M_notch_pair_4_23_notch_
1001
AI4MANUFACTURING
1000
WRITEBACK_PHASE=01_ATOM_LABEL
1000
ENTITY_ID=notch_pair_4_23
999
AI4M_ENTITY=notch_pair_4_24;LINE_ROLE=notch;EDGE=;SOURCE_LAYER=4
0
POLYLINE
8
AI4M_01_ATOM_NOTCH
66
1
70
0
1001
AI4MANUFACTURING
1000
WRITEBACK_PHASE=01_ATOM
1000
ENTITY_ID=notch_pair_4_24
1000
SOURCE_HANDLE=
1000
LINE_ROLE=notch
1000
EDGE=
1000
CHAIN=
1000
PIECE_ID=
1000
SEAM_PAIR=
1000
PAIRED_CHAIN=
1000
NOTCH_CHAIN=
1000
NOTCH_SOURCE=
1000
PIECE_ROLE=
1000
SEAM_ALLOWANCE_MM=
1000
SOURCE_LAYER=4
0
VERTEX
8
AI4M_01_ATOM_NOTCH
10
1108.5080446129223
20
-85.89866515624999
30
0
0
VERTEX
8
AI4M_01_ATOM_NOTCH
10
1099.7306206129215
20
-88.08786315625002
30
0
0
SEQEND
8
AI4M_01_ATOM_NOTCH
0
TEXT
8
AI4M_01_ATOM_NOTCH
10
1108.5080446129223
20
-85.89866515624999
30
0
40
2.5
1
AI4M_notch_pair_4_24_notch_
1001
AI4MANUFACTURING
1000
WRITEBACK_PHASE=01_ATOM_LABEL
1000
ENTITY_ID=notch_pair_4_24
999
AI4M_ENTITY=notch_pair_4_10;LINE_ROLE=notch;EDGE=;SOURCE_LAYER=4
0
POLYLINE
8
AI4M_01_ATOM_NOTCH
66
1
70
0
1001
AI4MANUFACTURING
1000
WRITEBACK_PHASE=01_ATOM
1000
ENTITY_ID=notch_pair_4_10
1000
SOURCE_HANDLE=
1000
LINE_ROLE=notch
1000
EDGE=
1000
CHAIN=
1000
PIECE_ID=
1000
SEAM_PAIR=
1000
PAIRED_CHAIN=
1000
NOTCH_CHAIN=
1000
NOTCH_SOURCE=
1000
PIECE_ROLE=
1000
SEAM_ALLOWANCE_MM=
1000
SOURCE_LAYER=4
0
VERTEX
8
AI4M_01_ATOM_NOTCH
10
444.0946291658356
20
-275.4736949882813
30
0
0
VERTEX
8
AI4M_01_ATOM_NOTCH
10
451.88616016583546
20
-273.9230859882813
30
0
0
SEQEND
8
AI4M_01_ATOM_NOTCH
0
TEXT
8
AI4M_01_ATOM_NOTCH
10
444.0946291658356
20
-275.4736949882813
30
0
40
2.5
1
AI4M_notch_pair_4_10_notch_
1001
AI4MANUFACTURING
1000
WRITEBACK_PHASE=01_ATOM_LABEL
1000
ENTITY_ID=notch_pair_4_10
999
AI4M_ENTITY=notch_pair_4_7;LINE_ROLE=notch;EDGE=;SOURCE_LAYER=4
0
POLYLINE
8
AI4M_01_ATOM_NOTCH
66
1
70
0
1001
AI4MANUFACTURING
1000
WRITEBACK_PHASE=01_ATOM
1000
ENTITY_ID=notch_pair_4_7
1000
SOURCE_HANDLE=
1000
LINE_ROLE=notch
1000
EDGE=
1000
CHAIN=
1000
PIECE_ID=
1000
SEAM_PAIR=
1000
PAIRED_CHAIN=
1000
NOTCH_CHAIN=
1000
NOTCH_SOURCE=
1000
PIECE_ROLE=
1000
SEAM_ALLOWANCE_MM=
1000
SOURCE_LAYER=4
0
VERTEX
8
AI4M_01_ATOM_NOTCH
10
405.67695512499995
20
-292.9023746210937
30
0
0
VERTEX
8
AI4M_01_ATOM_NOTCH
10
398.03278112499993
20
-290.7505026210938
30
0
0
SEQEND
8
AI4M_01_ATOM_NOTCH
0
TEXT
8
AI4M_01_ATOM_NOTCH
10
405.67695512499995
20
-292.9023746210937
30
0
40
2.5
1
AI4M_notch_pair_4_7_notch_
1001
AI4MANUFACTURING
1000
WRITEBACK_PHASE=01_ATOM_LABEL
1000
ENTITY_ID=notch_pair_4_7
999
AI4M_ENTITY=notch_pair_4_9;LINE_ROLE=notch;EDGE=;SOURCE_LAYER=4
0
POLYLINE
8
AI4M_01_ATOM_NOTCH
66
1
70
0
1001
AI4MANUFACTURING
1000
WRITEBACK_PHASE=01_ATOM
1000
ENTITY_ID=notch_pair_4_9
1000
SOURCE_HANDLE=
1000
LINE_ROLE=notch
1000
EDGE=
1000
CHAIN=
1000
PIECE_ID=
1000
SEAM_PAIR=
1000
PAIRED_CHAIN=
1000
NOTCH_CHAIN=
1000
NOTCH_SOURCE=
1000
PIECE_ROLE=
1000
SEAM_ALLOWANCE_MM=
1000
SOURCE_LAYER=4
0
VERTEX
8
AI4M_01_ATOM_NOTCH
10
459.45471416583587
20
-396.09930498828123
30
0
0
VERTEX
8
AI4M_01_ATOM_NOTCH
10
467.4424991658352
20
-396.35700798828134
30
0
0
SEQEND
8
AI4M_01_ATOM_NOTCH
0
TEXT
8
AI4M_01_ATOM_NOTCH
10
459.45471416583587
20
-396.09930498828123
30
0
40
2.5
1
AI4M_notch_pair_4_9_notch_
1001
AI4MANUFACTURING
1000
WRITEBACK_PHASE=01_ATOM_LABEL
1000
ENTITY_ID=notch_pair_4_9
999
AI4M_ENTITY=notch_pair_4_8;LINE_ROLE=notch;EDGE=;SOURCE_LAYER=4
0
POLYLINE
8
AI4M_01_ATOM_NOTCH
66
1
70
0
1001
AI4MANUFACTURING
1000
WRITEBACK_PHASE=01_ATOM
1000
ENTITY_ID=notch_pair_4_8
1000
SOURCE_HANDLE=
1000
LINE_ROLE=notch
1000
EDGE=
1000
CHAIN=
1000
PIECE_ID=
1000
SEAM_PAIR=
1000
PAIRED_CHAIN=
1000
NOTCH_CHAIN=
1000
NOTCH_SOURCE=
1000
PIECE_ROLE=
1000
SEAM_ALLOWANCE_MM=
1000
SOURCE_LAYER=4
0
VERTEX
8
AI4M_01_ATOM_NOTCH
10
388.7273081250005
20
-406.58828162109376
30
0
0
VERTEX
8
AI4M_01_ATOM_NOTCH
10
380.7194981249995
20
-406.7714866210938
30
0
0
SEQEND
8
AI4M_01_ATOM_NOTCH
0
TEXT
8
AI4M_01_ATOM_NOTCH
10
388.7273081250005
20
-406.58828162109376
30
0
40
2.5
1
AI4M_notch_pair_4_8_notch_
1001
AI4MANUFACTURING
1000
WRITEBACK_PHASE=01_ATOM_LABEL
1000
ENTITY_ID=notch_pair_4_8
999
AI4M_ENTITY=notch_pair_4_12;LINE_ROLE=notch;EDGE=;SOURCE_LAYER=4
0
POLYLINE
8
AI4M_01_ATOM_NOTCH
66
1
70
0
1001
AI4MANUFACTURING
1000
WRITEBACK_PHASE=01_ATOM
1000
ENTITY_ID=notch_pair_4_12
1000
SOURCE_HANDLE=
1000
LINE_ROLE=notch
1000
EDGE=
1000
CHAIN=
1000
PIECE_ID=
1000
SEAM_PAIR=
1000
PAIRED_CHAIN=
1000
NOTCH_CHAIN=
1000
NOTCH_SOURCE=
1000
PIECE_ROLE=
1000
SEAM_ALLOWANCE_MM=
1000
SOURCE_LAYER=4
0
VERTEX
8
AI4M_01_ATOM_NOTCH
10
481.2211481658351
20
-133.58898198828126
30
0
0
VERTEX
8
AI4M_01_ATOM_NOTCH
10
489.9937131658353
20
-131.37839198828124
30
0
0
SEQEND
8
AI4M_01_ATOM_NOTCH
0
TEXT
8
AI4M_01_ATOM_NOTCH
10
481.2211481658351
20
-133.58898198828126
30
0
40
2.5
1
AI4M_notch_pair_4_12_notch_
1001
AI4MANUFACTURING
1000
WRITEBACK_PHASE=01_ATOM_LABEL
1000
ENTITY_ID=notch_pair_4_12
999
AI4M_ENTITY=notch_pair_4_11;LINE_ROLE=notch;EDGE=;SOURCE_LAYER=4
0
POLYLINE
8
AI4M_01_ATOM_NOTCH
66
1
70
0
1001
AI4MANUFACTURING
1000
WRITEBACK_PHASE=01_ATOM
1000
ENTITY_ID=notch_pair_4_11
1000
SOURCE_HANDLE=
1000
LINE_ROLE=notch
1000
EDGE=
1000
CHAIN=
1000
PIECE_ID=
1000
SEAM_PAIR=
1000
PAIRED_CHAIN=
1000
NOTCH_CHAIN=
1000
NOTCH_SOURCE=
1000
PIECE_ROLE=
1000
SEAM_ALLOWANCE_MM=
1000
SOURCE_LAYER=4
0
VERTEX
8
AI4M_01_ATOM_NOTCH
10
486.4855511658352
20
-171.78711798828135
30
0
0
VERTEX
8
AI4M_01_ATOM_NOTCH
10
495.53099916583506
20
-171.83003398828123
30
0
0
SEQEND
8
AI4M_01_ATOM_NOTCH
0
TEXT
8
AI4M_01_ATOM_NOTCH
10
486.4855511658352
20
-171.78711798828135
30
0
40
2.5
1
AI4M_notch_pair_4_11_notch_
1001
AI4MANUFACTURING
1000
WRITEBACK_PHASE=01_ATOM_LABEL
1000
ENTITY_ID=notch_pair_4_11
999
AI4M_ENTITY=notch_pair_4_21;LINE_ROLE=notch;EDGE=;SOURCE_LAYER=4
0
POLYLINE
8
AI4M_01_ATOM_NOTCH
66
1
70
0
1001
AI4MANUFACTURING
1000
WRITEBACK_PHASE=01_ATOM
1000
ENTITY_ID=notch_pair_4_21
1000
SOURCE_HANDLE=
1000
LINE_ROLE=notch
1000
EDGE=
1000
CHAIN=
1000
PIECE_ID=
1000
SEAM_PAIR=
1000
PAIRED_CHAIN=
1000
NOTCH_CHAIN=
1000
NOTCH_SOURCE=
1000
PIECE_ROLE=
1000
SEAM_ALLOWANCE_MM=
1000
SOURCE_LAYER=4
0
VERTEX
8
AI4M_01_ATOM_NOTCH
10
930.0338336129216
20
-76.27096315624999
30
0
0
VERTEX
8
AI4M_01_ATOM_NOTCH
10
937.9276876129215
20
-80.45883015625009
30
0
0
SEQEND
8
AI4M_01_ATOM_NOTCH
0
TEXT
8
AI4M_01_ATOM_NOTCH
10
930.0338336129216
20
-76.27096315624999
30
0
40
2.5
1
AI4M_notch_pair_4_21_notch_
1001
AI4MANUFACTURING
1000
WRITEBACK_PHASE=01_ATOM_LABEL
1000
ENTITY_ID=notch_pair_4_21
999
AI4M_ENTITY=notch_pair_4_6;LINE_ROLE=notch;EDGE=;SOURCE_LAYER=4
0
POLYLINE
8
AI4M_01_ATOM_NOTCH
66
1
70
0
1001
AI4MANUFACTURING
1000
WRITEBACK_PHASE=01_ATOM
1000
ENTITY_ID=notch_pair_4_6
1000
SOURCE_HANDLE=
1000
LINE_ROLE=notch
1000
EDGE=
1000
CHAIN=
1000
PIECE_ID=
1000
SEAM_PAIR=
1000
PAIRED_CHAIN=
1000
NOTCH_CHAIN=
1000
NOTCH_SOURCE=
1000
PIECE_ROLE=
1000
SEAM_ALLOWANCE_MM=
1000
SOURCE_LAYER=4
0
VERTEX
8
AI4M_01_ATOM_NOTCH
10
376.12663512499967
20
-178.15716962109377
30
0
0
VERTEX
8
AI4M_01_ATOM_NOTCH
10
367.06564612500006
20
-178.20873862109374
30
0
0
SEQEND
8
AI4M_01_ATOM_NOTCH
0
TEXT
8
AI4M_01_ATOM_NOTCH
10
376.12663512499967
20
-178.15716962109377
30
0
40
2.5
1
AI4M_notch_pair_4_6_notch_
1001
AI4MANUFACTURING
1000
WRITEBACK_PHASE=01_ATOM_LABEL
1000
ENTITY_ID=notch_pair_4_6
999
AI4M_WRITEBACK_PHASE=02_EDGE_CHAIN
0
POLYLINE
8
AI4M_02_EDGE_CHAIN
66
1
70
0
1001
AI4MANUFACTURING
1000
WRITEBACK_PHASE=02_EDGE_CHAIN
1000
CHAIN=piece_01_left_front_neckline
1000
PIECE_ID=piece_01
1000
EDGE=front_neckline
1000
LINE_ROLE=net_boundary
1000
SOURCE=geometry_bbox_edge_chain_candidate
0
VERTEX
8
AI4M_02_EDGE_CHAIN
10
24.64961612499974
20
-527.5976696210937
30
0
0
VERTEX
8
AI4M_02_EDGE_CHAIN
10
24.698444125000606
20
-506.64063762109373
30
0
0
VERTEX
8
AI4M_02_EDGE_CHAIN
10
25.328625125000144
20
-491.43297762109376
30
0
0
VERTEX
8
AI4M_02_EDGE_CHAIN
10
25.95372312499967
20
-476.33959462109374
30
0
0
VERTEX
8
AI4M_02_EDGE_CHAIN
10
26.578003124999668
20
-461.25693662109376
30
0
0
VERTEX
8
AI4M_02_EDGE_CHAIN
10
27.203869124999983
20
-446.0723596210937
30
0
0
VERTEX
8
AI4M_02_EDGE_CHAIN
10
27.791263125000114
20
-430.9656606210938
30
0
0
VERTEX
8
AI4M_02_EDGE_CHAIN
10
28.288416125000367
20
-415.85625762109373
30
0
0
VERTEX
8
AI4M_02_EDGE_CHAIN
10
28.530606124999395
20
-406.58603262109375
30
0
0
VERTEX
8
AI4M_02_EDGE_CHAIN
10
28.68299712499993
20
-400.7529746210937
30
0
0
VERTEX
8
AI4M_02_EDGE_CHAIN
10
29.03629012500005
20
-385.9046686210937
30
0
0
VERTEX
8
AI4M_02_EDGE_CHAIN
10
29.011017124999853
20
-377.46261562109373
30
0
0
VERTEX
8
AI4M_02_EDGE_CHAIN
10
28.75551112500034
20
-370.5040546210937
30
0
0
VERTEX
8
AI4M_02_EDGE_CHAIN
10
28.279947125000035
20
-364.1177626210938
30
0
0
VERTEX
8
AI4M_02_EDGE_CHAIN
10
27.555828124999607
20
-357.79348162109375
30
0
0
VERTEX
8
AI4M_02_EDGE_CHAIN
10
26.525764125000023
20
-351.11831362109376
30
0
0
VERTEX
8
AI4M_02_EDGE_CHAIN
10
25.145434125000065
20
-343.8759646210938
30
0
0
VERTEX
8
AI4M_02_EDGE_CHAIN
10
23.297546124999826
20
-335.5976706210938
30
0
0
VERTEX
8
AI4M_02_EDGE_CHAIN
10
20.9575381249997
20
-326.34066962109375
30
0
0
VERTEX
8
AI4M_02_EDGE_CHAIN
10
17.280763124999794
20
-313.12553062109373
30
0
0
VERTEX
8
AI4M_02_EDGE_CHAIN
10
13.15770212499956
20
-298.5015246210937
30
0
0
VERTEX
8
AI4M_02_EDGE_CHAIN
10
11.591891125000075
20
-292.8982466210937
30
0
0
VERTEX
8
AI4M_02_EDGE_CHAIN
10
9.087913125000341
20
-283.9377266210938
30
0
0
VERTEX
8
AI4M_02_EDGE_CHAIN
10
7.062413125000603
20
-275.6953446210937
30
0
0
VERTEX
8
AI4M_02_EDGE_CHAIN
10
5.14966212499985
20
-266.8904866210937
30
0
0
VERTEX
8
AI4M_02_EDGE_CHAIN
10
3.61070912499963
20
-258.6489046210937
30
0
0
VERTEX
8
AI4M_02_EDGE_CHAIN
10
2.3003031250000276
20
-250.25637962109374
30
0
0
VERTEX
8
AI4M_02_EDGE_CHAIN
10
0.1929941250000411
20
-235.5169816210937
30
0
0
VERTEX
8
AI4M_02_EDGE_CHAIN
10
0.00020212500021443702
20
-234.25782562109373
30
0
0
SEQEND
8
AI4M_02_EDGE_CHAIN
0
TEXT
8
AI4M_02_EDGE_CHAIN
10
24.64961612499974
20
-527.5976696210937
30
0
40
2.5
1
CHAIN_piece_01_left_front_neckline_front_neckline
1001
AI4MANUFACTURING
1000
WRITEBACK_PHASE=02_EDGE_CHAIN
1000
CHAIN=piece_01_left_front_neckline
1000
PIECE_ID=piece_01
1000
EDGE=front_neckline
1000
LINE_ROLE=net_boundary
1000
SOURCE=geometry_bbox_edge_chain_candidate
0
POLYLINE
8
AI4M_02_EDGE_CHAIN
66
1
70
0
1001
AI4MANUFACTURING
1000
WRITEBACK_PHASE=02_EDGE_CHAIN
1000
CHAIN=piece_01_left_armhole_front
1000
PIECE_ID=piece_01
1000
EDGE=armhole_front
1000
LINE_ROLE=net_boundary
1000
SOURCE=geometry_bbox_edge_chain_candidate
0
VERTEX
8
AI4M_02_EDGE_CHAIN
10
0.00020212500021443702
20
-234.25782562109373
30
0
0
VERTEX
8
AI4M_02_EDGE_CHAIN
10
6.821023124999556
20
-232.02100562109376
30
0
0
VERTEX
8
AI4M_02_EDGE_CHAIN
10
11.6072541249996
20
-230.48282662109375
30
0
0
VERTEX
8
AI4M_02_EDGE_CHAIN
10
15.154312124999706
20
-229.07685462109373
30
0
0
VERTEX
8
AI4M_02_EDGE_CHAIN
10
18.309207124999375
20
-227.57506062109383
30
0
0
VERTEX
8
AI4M_02_EDGE_CHAIN
10
21.08611112499966
20
-225.9927996210938
30
0
0
VERTEX
8
AI4M_02_EDGE_CHAIN
10
23.47652412500065
20
-224.34439262109368
30
0
0
VERTEX
8
AI4M_02_EDGE_CHAIN
10
25.640230125000016
20
-222.54436162109369
30
0
0
VERTEX
8
AI4M_02_EDGE_CHAIN
10
27.792100124999706
20
-220.41874862109375
30
0
0
VERTEX
8
AI4M_02_EDGE_CHAIN
10
29.810203125000044
20
-218.07675662109375
30
0
0
VERTEX
8
AI4M_02_EDGE_CHAIN
10
31.80137412499971
20
-215.36866162109368
30
0
0
VERTEX
8
AI4M_02_EDGE_CHAIN
10
33.58329112499996
20
-212.52448262109374
30
0
0
VERTEX
8
AI4M_02_EDGE_CHAIN
10
35.25400412499948
20
-209.37623862109376
30
0
0
VERTEX
8
AI4M_02_EDGE_CHAIN
10
36.6709111250002
20
-206.18215962109366
30
0
0
VERTEX
8
AI4M_02_EDGE_CHAIN
10
37.89050412500001
20
-202.82406162109373
30
0
0
VERTEX
8
AI4M_02_EDGE_CHAIN
10
38.92097612500038
20
-199.26601162109375
30
0
0
VERTEX
8
AI4M_02_EDGE_CHAIN
10
39.76598912500049
20
-195.45567762109374
30
0
0
VERTEX
8
AI4M_02_EDGE_CHAIN
10
40.44043012499969
20
-191.2086156210937
30
0
0
VERTEX
8
AI4M_02_EDGE_CHAIN
10
40.92755712500002
20
-186.5357166210938
30
0
0
VERTEX
8
AI4M_02_EDGE_CHAIN
10
41.114405124999394
20
-182.4362476210938
30
0
0
VERTEX
8
AI4M_02_EDGE_CHAIN
10
41.10103312499996
20
-178.16417562109382
30
0
0
VERTEX
8
AI4M_02_EDGE_CHAIN
10
41.0825951249999
20
-172.27333462109368
30
0
0
VERTEX
8
AI4M_02_EDGE_CHAIN
10
40.71529012500014
20
-166.23553362109374
30
0
0
VERTEX
8
AI4M_02_EDGE_CHAIN
10
39.78193612500036
20
-155.68469962109373
30
0
0
VERTEX
8
AI4M_02_EDGE_CHAIN
10
38.84994412500055
20
-147.7562666210938
30
0
0
VERTEX
8
AI4M_02_EDGE_CHAIN
10
37.71214612499989
20
-140.1546776210937
30
0
0
VERTEX
8
AI4M_02_EDGE_CHAIN
10
36.06915212500007
20
-131.03148762109367
30
0
0
VERTEX
8
AI4M_02_EDGE_CHAIN
10
33.605964124999446
20
-118.91652962109379
30
0
0
VERTEX
8
AI4M_02_EDGE_CHAIN
10
30.394406125000387
20
-104.24132162109368
30
0
0
VERTEX
8
AI4M_02_EDGE_CHAIN
10
27.1078111249999
20
-90.03210462109382
30
0
0
VERTEX
8
AI4M_02_EDGE_CHAIN
10
24.093137124999885
20
-78.04217962109374
30
0
0
VERTEX
8
AI4M_02_EDGE_CHAIN
10
20.596319125000264
20
-65.2214116210937
30
0
0
VERTEX
8
AI4M_02_EDGE_CHAIN
10
16.543059125000582
20
-50.73566562109363
30
0
0
VERTEX
8
AI4M_02_EDGE_CHAIN
10
14.543171125000299
20
-43.41407562109384
30
0
0
SEQEND
8
AI4M_02_EDGE_CHAIN
0
TEXT
8
AI4M_02_EDGE_CHAIN
10
0.00020212500021443702
20
-234.25782562109373
30
0
40
2.5
1
CHAIN_piece_01_left_armhole_front_armhole_front
1001
AI4MANUFACTURING
1000
WRITEBACK_PHASE=02_EDGE_CHAIN
1000
CHAIN=piece_01_left_armhole_front
1000
PIECE_ID=piece_01
1000
EDGE=armhole_front
1000
LINE_ROLE=net_boundary
1000
SOURCE=geometry_bbox_edge_chain_candidate
0
POLYLINE
8
AI4M_02_EDGE_CHAIN
66
1
70
0
1001
AI4MANUFACTURING
1000
WRITEBACK_PHASE=02_EDGE_CHAIN
1000
CHAIN=piece_01_bottom_side_seam
1000
PIECE_ID=piece_01
1000
EDGE=side_seam
1000
LINE_ROLE=net_boundary
1000
SOURCE=geometry_bbox_edge_chain_candidate
0
VERTEX
8
AI4M_02_EDGE_CHAIN
10
14.543171125000299
20
-43.41407562109384
30
0
0
VERTEX
8
AI4M_02_EDGE_CHAIN
10
127.07783912500054
20
-0.00001262109367416997
30
0
0
VERTEX
8
AI4M_02_EDGE_CHAIN
10
150.20275412499996
20
-23.511798621093703
30
0
0
VERTEX
8
AI4M_02_EDGE_CHAIN
10
152.2316281250005
20
-24.251026621093843
30
0
0
VERTEX
8
AI4M_02_EDGE_CHAIN
10
155.4645691250007
20
-25.428961621093777
30
0
0
VERTEX
8
AI4M_02_EDGE_CHAIN
10
159.16047912500017
20
-26.374570621093653
30
0
0
VERTEX
8
AI4M_02_EDGE_CHAIN
10
163.63936212499993
20
-27.27735662109376
30
0
0
VERTEX
8
AI4M_02_EDGE_CHAIN
10
168.30038712500027
20
-27.949000621093774
30
0
0
VERTEX
8
AI4M_02_EDGE_CHAIN
10
173.82464312499997
20
-28.473942621093784
30
0
0
VERTEX
8
AI4M_02_EDGE_CHAIN
10
179.74629212499985
20
-28.783454621093824
30
0
0
VERTEX
8
AI4M_02_EDGE_CHAIN
10
190.63670812500004
20
-28.965398621093755
30
0
0
VERTEX
8
AI4M_02_EDGE_CHAIN
10
205.60498212499988
20
-29.039104621093657
30
0
0
VERTEX
8
AI4M_02_EDGE_CHAIN
10
208.6261791249999
20
-29.039075621093843
30
0
0
VERTEX
8
AI4M_02_EDGE_CHAIN
10
223.8232501250004
20
-28.988979621093677
30
0
0
VERTEX
8
AI4M_02_EDGE_CHAIN
10
237.03887612499966
20
-28.79815362109366
30
0
0
VERTEX
8
AI4M_02_EDGE_CHAIN
10
243.15008112499982
20
-28.494775621093822
30
0
0
VERTEX
8
AI4M_02_EDGE_CHAIN
10
248.62462212500031
20
-27.986166621093844
30
0
0
VERTEX
8
AI4M_02_EDGE_CHAIN
10
253.48810712500017
20
-27.298612621093753
30
0
0
VERTEX
8
AI4M_02_EDGE_CHAIN
10
257.7749431249995
20
-26.453477621093725
30
0
0
VERTEX
8
AI4M_02_EDGE_CHAIN
10
261.59743612500006
20
-25.462156621093754
30
0
0
VERTEX
8
AI4M_02_EDGE_CHAIN
10
265.06387212499976
20
-24.314460621093758
30
0
0
VERTEX
8
AI4M_02_EDGE_CHAIN
10
268.15117012500014
20
-23.035057621093756
30
0
0
VERTEX
8
AI4M_02_EDGE_CHAIN
10
270.9360081249997
20
-21.614636621093723
30
0
0
VERTEX
8
AI4M_02_EDGE_CHAIN
10
273.3160841250001
20
-20.139203621093657
30
0
0
VERTEX
8
AI4M_02_EDGE_CHAIN
10
275.4178681249996
20
-18.552198621093794
30
0
0
VERTEX
8
AI4M_02_EDGE_CHAIN
10
277.6950351249998
20
-16.516520621093832
30
0
0
VERTEX
8
AI4M_02_EDGE_CHAIN
10
279.3697911250001
20
-14.707576621093722
30
0
0
VERTEX
8
AI4M_02_EDGE_CHAIN
10
279.89755912500004
20
-14.051841621093672
30
0
0
VERTEX
8
AI4M_02_EDGE_CHAIN
10
283.0448651249999
20
-10.14141262109365
30
0
0
VERTEX
8
AI4M_02_EDGE_CHAIN
10
288.3913351249994
20
-2.3935796210937497
30
0
0
VERTEX
8
AI4M_02_EDGE_CHAIN
10
290.17500712499987
20
-0.00001262109367416997
30
0
0
SEQEND
8
AI4M_02_EDGE_CHAIN
0
TEXT
8
AI4M_02_EDGE_CHAIN
10
14.543171125000299
20
-43.41407562109384
30
0
40
2.5
1
CHAIN_piece_01_bottom_side_seam_side_seam
1001
AI4MANUFACTURING
1000
WRITEBACK_PHASE=02_EDGE_CHAIN
1000
CHAIN=piece_01_bottom_side_seam
1000
PIECE_ID=piece_01
1000
EDGE=side_seam
1000
LINE_ROLE=net_boundary
1000
SOURCE=geometry_bbox_edge_chain_candidate
0
POLYLINE
8
AI4M_02_EDGE_CHAIN
66
1
70
0
1001
AI4MANUFACTURING
1000
WRITEBACK_PHASE=02_EDGE_CHAIN
1000
CHAIN=piece_01_bottom_armhole_back
1000
PIECE_ID=piece_01
1000
EDGE=armhole_back
1000
LINE_ROLE=net_boundary
1000
SOURCE=geometry_bbox_edge_chain_candidate
0
VERTEX
8
AI4M_02_EDGE_CHAIN
10
127.07783912500054
20
-0.00001262109367416997
30
0
0
VERTEX
8
AI4M_02_EDGE_CHAIN
10
130.83484412500002
20
-5.174651621093744
30
0
0
VERTEX
8
AI4M_02_EDGE_CHAIN
10
134.6027601250007
20
-10.674868621093765
30
0
0
VERTEX
8
AI4M_02_EDGE_CHAIN
10
137.37689812499957
20
-14.033888621093638
30
0
0
VERTEX
8
AI4M_02_EDGE_CHAIN
10
138.72076212499996
20
-15.661085621093662
30
0
0
VERTEX
8
AI4M_02_EDGE_CHAIN
10
140.6759511250002
20
-17.55688662109378
30
0
0
VERTEX
8
AI4M_02_EDGE_CHAIN
10
142.97863012500056
20
-19.453396621093816
30
0
0
VERTEX
8
AI4M_02_EDGE_CHAIN
10
145.16340912499982
20
-20.93198862109375
30
0
0
VERTEX
8
AI4M_02_EDGE_CHAIN
10
147.86277312499988
20
-22.453535621093806
30
0
0
VERTEX
8
AI4M_02_EDGE_CHAIN
10
150.20275412499996
20
-23.511798621093703
30
0
0
SEQEND
8
AI4M_02_EDGE_CHAIN
0
TEXT
8
AI4M_02_EDGE_CHAIN
10
127.07783912500054
20
-0.00001262109367416997
30
0
40
2.5
1
CHAIN_piece_01_bottom_armhole_back_armhole_back
1001
AI4MANUFACTURING
1000
WRITEBACK_PHASE=02_EDGE_CHAIN
1000
CHAIN=piece_01_bottom_armhole_back
1000
PIECE_ID=piece_01
1000
EDGE=armhole_back
1000
LINE_ROLE=net_boundary
1000
SOURCE=geometry_bbox_edge_chain_candidate
0
POLYLINE
8
AI4M_02_EDGE_CHAIN
66
1
70
0
1001
AI4MANUFACTURING
1000
WRITEBACK_PHASE=02_EDGE_CHAIN
1000
CHAIN=piece_01_bottom_hem
1000
PIECE_ID=piece_01
1000
EDGE=hem
1000
LINE_ROLE=net_boundary
1000
SOURCE=geometry_bbox_edge_chain_candidate
0
VERTEX
8
AI4M_02_EDGE_CHAIN
10
290.17500712499987
20
-0.00001262109367416997
30
0
0
VERTEX
8
AI4M_02_EDGE_CHAIN
10
402.7101631250007
20
-43.41407562109384
30
0
0
SEQEND
8
AI4M_02_EDGE_CHAIN
0
TEXT
8
AI4M_02_EDGE_CHAIN
10
290.17500712499987
20
-0.00001262109367416997
30
0
40
2.5
1
CHAIN_piece_01_bottom_hem_hem
1001
AI4MANUFACTURING
1000
WRITEBACK_PHASE=02_EDGE_CHAIN
1000
CHAIN=piece_01_bottom_hem
1000
PIECE_ID=piece_01
1000
EDGE=hem
1000
LINE_ROLE=net_boundary
1000
SOURCE=geometry_bbox_edge_chain_candidate
0
POLYLINE
8
AI4M_02_EDGE_CHAIN
66
1
70
0
1001
AI4MANUFACTURING
1000
WRITEBACK_PHASE=02_EDGE_CHAIN
1000
CHAIN=piece_01_right_armhole_front
1000
PIECE_ID=piece_01
1000
EDGE=armhole_front
1000
LINE_ROLE=net_boundary
1000
SOURCE=geometry_bbox_edge_chain_candidate
0
VERTEX
8
AI4M_02_EDGE_CHAIN
10
402.7101631250007
20
-43.41407562109384
30
0
0
VERTEX
8
AI4M_02_EDGE_CHAIN
10
398.6810081250005
20
-58.02759362109373
30
0
0
VERTEX
8
AI4M_02_EDGE_CHAIN
10
394.6336321250001
20
-72.52366162109365
30
0
0
VERTEX
8
AI4M_02_EDGE_CHAIN
10
391.5539311249995
20
-84.30434462109383
30
0
0
VERTEX
8
AI4M_02_EDGE_CHAIN
10
388.57123712500015
20
-96.70223762109367
30
0
0
VERTEX
8
AI4M_02_EDGE_CHAIN
10
385.2611531250004
20
-111.45778762109376
30
0
0
VERTEX
8
AI4M_02_EDGE_CHAIN
10
382.19293712499984
20
-125.91797662109377
30
0
0
VERTEX
8
AI4M_02_EDGE_CHAIN
10
380.1780531250006
20
-136.44877262109367
30
0
0
VERTEX
8
AI4M_02_EDGE_CHAIN
10
378.85493812499953
20
-144.53608162109367
30
0
0
VERTEX
8
AI4M_02_EDGE_CHAIN
10
377.8423041249998
20
-152.26440362109372
30
0
0
VERTEX
8
AI4M_02_EDGE_CHAIN
10
376.9714541249996
20
-160.9807246210937
30
0
0
VERTEX
8
AI4M_02_EDGE_CHAIN
10
376.26286012499986
20
-170.28524062109375
30
0
0
VERTEX
8
AI4M_02_EDGE_CHAIN
10
376.1095771250002
20
-175.09376262109367
30
0
0
VERTEX
8
AI4M_02_EDGE_CHAIN
10
376.14373612500003
20
-178.16383262109366
30
0
0
VERTEX
8
AI4M_02_EDGE_CHAIN
10
376.2181681250004
20
-184.85337262109374
30
0
0
VERTEX
8
AI4M_02_EDGE_CHAIN
10
376.56537212500007
20
-189.1408096210937
30
0
0
VERTEX
8
AI4M_02_EDGE_CHAIN
10
377.1845531250001
20
-193.74231862109377
30
0
0
VERTEX
8
AI4M_02_EDGE_CHAIN
10
377.9524661249998
20
-197.69265562109376
30
0
0
VERTEX
8
AI4M_02_EDGE_CHAIN
10
378.9020581250006
20
-201.33985662109376
30
0
0
VERTEX
8
AI4M_02_EDGE_CHAIN
10
380.08946812500017
20
-204.91070362109372
30
0
0
VERTEX
8
AI4M_02_EDGE_CHAIN
10
381.45058812500065
20
-208.2103346210938
30
0
0
VERTEX
8
AI4M_02_EDGE_CHAIN
10
383.0431821250004
20
-211.40848962109374
30
0
0
VERTEX
8
AI4M_02_EDGE_CHAIN
10
384.78737012500005
20
-214.36159662109367
30
0
0
VERTEX
8
AI4M_02_EDGE_CHAIN
10
386.70334812500005
20
-217.1219446210937
30
0
0
VERTEX
8
AI4M_02_EDGE_CHAIN
10
388.7375621249994
20
-219.62112262109372
30
0
0
VERTEX
8
AI4M_02_EDGE_CHAIN
10
390.8751161250002
20
-221.85590562109383
30
0
0
VERTEX
8
AI4M_02_EDGE_CHAIN
10
393.04121012500036
20
-223.76841862109382
30
0
0
VERTEX
8
AI4M_02_EDGE_CHAIN
10
395.3086541249995
20
-225.4370096210937
30
0
0
VERTEX
8
AI4M_02_EDGE_CHAIN
10
397.834046125
20
-226.9772636210937
30
0
0
VERTEX
8
AI4M_02_EDGE_CHAIN
10
400.90152512500026
20
-228.53834662109375
30
0
0
VERTEX
8
AI4M_02_EDGE_CHAIN
10
404.33674812500067
20
-229.99524562109377
30
0
0
VERTEX
8
AI4M_02_EDGE_CHAIN
10
407.9374131250006
20
-231.2555876210938
30
0
0
VERTEX
8
AI4M_02_EDGE_CHAIN
10
415.2481701249999
20
-233.56785362109372
30
0
0
VERTEX
8
AI4M_02_EDGE_CHAIN
10
417.25313212499987
20
-234.25782562109373
30
0
0
SEQEND
8
AI4M_02_EDGE_CHAIN
0
TEXT
8
AI4M_02_EDGE_CHAIN
10
402.7101631250007
20
-43.41407562109384
30
0
40
2.5
1
CHAIN_piece_01_right_armhole_front_armhole_front
1001
AI4MANUFACTURING
1000
WRITEBACK_PHASE=02_EDGE_CHAIN
1000
CHAIN=piece_01_right_armhole_front
1000
PIECE_ID=piece_01
1000
EDGE=armhole_front
1000
LINE_ROLE=net_boundary
1000
SOURCE=geometry_bbox_edge_chain_candidate
0
POLYLINE
8
AI4M_02_EDGE_CHAIN
66
1
70
0
1001
AI4MANUFACTURING
1000
WRITEBACK_PHASE=02_EDGE_CHAIN
1000
CHAIN=piece_01_right_armhole_back
1000
PIECE_ID=piece_01
1000
EDGE=armhole_back
1000
LINE_ROLE=net_boundary
1000
SOURCE=geometry_bbox_edge_chain_candidate
0
VERTEX
8
AI4M_02_EDGE_CHAIN
10
417.25313212499987
20
-234.25782562109373
30
0
0
VERTEX
8
AI4M_02_EDGE_CHAIN
10
415.23485212500054
20
-248.2483356210937
30
0
0
VERTEX
8
AI4M_02_EDGE_CHAIN
10
413.8635501250001
20
-257.3343036210938
30
0
0
VERTEX
8
AI4M_02_EDGE_CHAIN
10
412.39410512500035
20
-265.4310696210937
30
0
0
VERTEX
8
AI4M_02_EDGE_CHAIN
10
410.57950212499964
20
-273.9934756210937
30
0
0
VERTEX
8
AI4M_02_EDGE_CHAIN
10
408.49544312499984
20
-282.6614406210938
30
0
0
VERTEX
8
AI4M_02_EDGE_CHAIN
10
406.33659312500004
20
-290.58653362109374
30
0
0
VERTEX
8
AI4M_02_EDGE_CHAIN
10
405.68320012500044
20
-292.9041356210937
30
0
0
VERTEX
8
AI4M_02_EDGE_CHAIN
10
402.2287651249999
20
-305.15711962109367
30
0
0
VERTEX
8
AI4M_02_EDGE_CHAIN
10
398.1164911249998
20
-319.6876266210937
30
0
0
VERTEX
8
AI4M_02_EDGE_CHAIN
10
395.2729811250001
20
-330.2623366210937
30
0
0
VERTEX
8
AI4M_02_EDGE_CHAIN
10
393.17460712499997
20
-338.95621462109375
30
0
0
VERTEX
8
AI4M_02_EDGE_CHAIN
10
391.5316811249995
20
-346.7416236210938
30
0
0
VERTEX
8
AI4M_02_EDGE_CHAIN
10
390.28413312500015
20
-353.7881386210937
30
0
0
VERTEX
8
AI4M_02_EDGE_CHAIN
10
389.3795211249999
20
-360.3025066210937
30
0
0
VERTEX
8
AI4M_02_EDGE_CHAIN
10
388.7665441250001
20
-366.49602762109373
30
0
0
VERTEX
8
AI4M_02_EDGE_CHAIN
10
388.37221712500013
20
-373.1151986210938
30
0
0
VERTEX
8
AI4M_02_EDGE_CHAIN
10
388.20401912499983
20
-380.31283762109376
30
0
0
VERTEX
8
AI4M_02_EDGE_CHAIN
10
388.2700501250001
20
-389.39723162109374
30
0
0
VERTEX
8
AI4M_02_EDGE_CHAIN
10
388.67497812500005
20
-404.50997962109375
30
0
0
VERTEX
8
AI4M_02_EDGE_CHAIN
10
388.73025212500033
20
-406.5858796210937
30
0
0
VERTEX
8
AI4M_02_EDGE_CHAIN
10
389.0800721249998
20
-419.7238546210938
30
0
0
VERTEX
8
AI4M_02_EDGE_CHAIN
10
389.6058221250005
20
-434.83242462109376
30
0
0
VERTEX
8
AI4M_02_EDGE_CHAIN
10
390.2075671250004
20
-449.93865062109376
30
0
0
VERTEX
8
AI4M_02_EDGE_CHAIN
10
390.83431912500055
20
-465.0996896210937
30
0
0
VERTEX
8
AI4M_02_EDGE_CHAIN
10
391.4549381249999
20
-480.0962906210938
30
0
0
VERTEX
8
AI4M_02_EDGE_CHAIN
10
392.07498312499956
20
-495.07443362109376
30
0
0
VERTEX
8
AI4M_02_EDGE_CHAIN
10
392.5539131250007
20
-506.64063762109373
30
0
0
VERTEX
8
AI4M_02_EDGE_CHAIN
10
392.60274112499974
20
-527.5976696210937
30
0
0
SEQEND
8
AI4M_02_EDGE_CHAIN
0
TEXT
8
AI4M_02_EDGE_CHAIN
10
417.25313212499987
20
-234.25782562109373
30
0
40
2.5
1
CHAIN_piece_01_right_armhole_back_armhole_back
1001
AI4MANUFACTURING
1000
WRITEBACK_PHASE=02_EDGE_CHAIN
1000
CHAIN=piece_01_right_armhole_back
1000
PIECE_ID=piece_01
1000
EDGE=armhole_back
1000
LINE_ROLE=net_boundary
1000
SOURCE=geometry_bbox_edge_chain_candidate
0
POLYLINE
8
AI4M_02_EDGE_CHAIN
66
1
70
0
1001
AI4MANUFACTURING
1000
WRITEBACK_PHASE=02_EDGE_CHAIN
1000
CHAIN=piece_01_top_side_seam
1000
PIECE_ID=piece_01
1000
EDGE=side_seam
1000
LINE_ROLE=net_boundary
1000
SOURCE=geometry_bbox_edge_chain_candidate
0
VERTEX
8
AI4M_02_EDGE_CHAIN
10
392.60274112499974
20
-527.5976696210937
30
0
0
VERTEX
8
AI4M_02_EDGE_CHAIN
10
376.71330512500026
20
-528.1083476210938
30
0
0
VERTEX
8
AI4M_02_EDGE_CHAIN
10
360.8793721250004
20
-528.5630596210938
30
0
0
VERTEX
8
AI4M_02_EDGE_CHAIN
10
345.416260125
20
-528.9490346210937
30
0
0
VERTEX
8
AI4M_02_EDGE_CHAIN
10
330.27497412499997
20
-529.2561216210937
30
0
0
VERTEX
8
AI4M_02_EDGE_CHAIN
10
314.4249681250003
20
-529.5114136210938
30
0
0
VERTEX
8
AI4M_02_EDGE_CHAIN
10
298.57410012499986
20
-529.7226166210937
30
0
0
VERTEX
8
AI4M_02_EDGE_CHAIN
10
283.04752712499976
20
-529.9087726210937
30
0
0
VERTEX
8
AI4M_02_EDGE_CHAIN
10
267.19633112500014
20
-530.0810416210937
30
0
0
VERTEX
8
AI4M_02_EDGE_CHAIN
10
251.34496712500004
20
-530.2225466210937
30
0
0
VERTEX
8
AI4M_02_EDGE_CHAIN
10
236.23358612499942
20
-530.3168036210938
30
0
0
VERTEX
8
AI4M_02_EDGE_CHAIN
10
220.94402512499983
20
-530.3723786210937
30
0
0
VERTEX
8
AI4M_02_EDGE_CHAIN
10
208.6261791249999
20
-530.3945446210937
30
0
0
VERTEX
8
AI4M_02_EDGE_CHAIN
10
192.6096541249999
20
-530.3618816210937
30
0
0
VERTEX
8
AI4M_02_EDGE_CHAIN
10
176.6248101250003
20
-530.2940236210937
30
0
0
VERTEX
8
AI4M_02_EDGE_CHAIN
10
160.78467812500003
20
-530.1809946210938
30
0
0
VERTEX
8
AI4M_02_EDGE_CHAIN
10
144.9333821250002
20
-530.0280826210937
30
0
0
VERTEX
8
AI4M_02_EDGE_CHAIN
10
129.0822151249995
20
-529.8487326210937
30
0
0
VERTEX
8
AI4M_02_EDGE_CHAIN
10
113.95111512499989
20
-529.6628146210937
30
0
0
VERTEX
8
AI4M_02_EDGE_CHAIN
10
98.1004401250002
20
-529.4409696210937
30
0
0
VERTEX
8
AI4M_02_EDGE_CHAIN
10
82.25081112499993
20
-529.1678866210938
30
0
0
VERTEX
8
AI4M_02_EDGE_CHAIN
10
66.7567671249999
20
-528.8295406210938
30
0
0
VERTEX
8
AI4M_02_EDGE_CHAIN
10
51.67657112500001
20
-528.4338656210937
30
0
0
VERTEX
8
AI4M_02_EDGE_CHAIN
10
36.86533412500012
20
-527.9953286210937
30
0
0
VERTEX
8
AI4M_02_EDGE_CHAIN
10
24.64961612499974
20
-527.5976696210937
30
0
0
SEQEND
8
AI4M_02_EDGE_CHAIN
0
TEXT
8
AI4M_02_EDGE_CHAIN
10
392.60274112499974
20
-527.5976696210937
30
0
40
2.5
1
CHAIN_piece_01_top_side_seam_side_seam
1001
AI4MANUFACTURING
1000
WRITEBACK_PHASE=02_EDGE_CHAIN
1000
CHAIN=piece_01_top_side_seam
1000
PIECE_ID=piece_01
1000
EDGE=side_seam
1000
LINE_ROLE=net_boundary
1000
SOURCE=geometry_bbox_edge_chain_candidate
0
POLYLINE
8
AI4M_02_EDGE_CHAIN
66
1
70
0
1001
AI4MANUFACTURING
1000
WRITEBACK_PHASE=02_EDGE_CHAIN
1000
CHAIN=piece_02_left_front_neckline
1000
PIECE_ID=piece_02
1000
EDGE=front_neckline
1000
LINE_ROLE=net_boundary
1000
SOURCE=geometry_bbox_edge_chain_candidate
0
VERTEX
8
AI4M_02_EDGE_CHAIN
10
453.4303541658355
20
-516.5624799882812
30
0
0
VERTEX
8
AI4M_02_EDGE_CHAIN
10
456.1305491658359
20
-495.81247998828127
30
0
0
VERTEX
8
AI4M_02_EDGE_CHAIN
10
456.6649661658348
20
-480.61858698828127
30
0
0
VERTEX
8
AI4M_02_EDGE_CHAIN
10
457.1929991658353
20
-465.3264969882813
30
0
0
VERTEX
8
AI4M_02_EDGE_CHAIN
10
457.7081061658355
20
-450.10059698828127
30
0
0
VERTEX
8
AI4M_02_EDGE_CHAIN
10
458.204373165835
20
-435.04068998828126
30
0
0
VERTEX
8
AI4M_02_EDGE_CHAIN
10
458.69419416583514
20
-419.8486489882813
30
0
0
VERTEX
8
AI4M_02_EDGE_CHAIN
10
459.1801021658348
20
-404.65648898828124
30
0
0
VERTEX
8
AI4M_02_EDGE_CHAIN
10
459.46433016583524
20
-396.0977889882813
30
0
0
VERTEX
8
AI4M_02_EDGE_CHAIN
10
459.6790131658354
20
-389.6332229882812
30
0
0
VERTEX
8
AI4M_02_EDGE_CHAIN
10
460.06512016583565
20
-376.73826098828124
30
0
0
VERTEX
8
AI4M_02_EDGE_CHAIN
10
460.0924281658354
20
-367.7810249882813
30
0
0
VERTEX
8
AI4M_02_EDGE_CHAIN
10
459.87894316583515
20
-360.02490598828126
30
0
0
VERTEX
8
AI4M_02_EDGE_CHAIN
10
459.4540091658355
20
-353.2303999882813
30
0
0
VERTEX
8
AI4M_02_EDGE_CHAIN
10
458.7805581658349
20
-346.5425959882813
30
0
0
VERTEX
8
AI4M_02_EDGE_CHAIN
10
457.8138781658354
20
-339.5517389882813
30
0
0
VERTEX
8
AI4M_02_EDGE_CHAIN
10
456.482469165835
20
-331.8349169882813
30
0
0
VERTEX
8
AI4M_02_EDGE_CHAIN
10
454.57397416583535
20
-322.3871069882813
30
0
0
VERTEX
8
AI4M_02_EDGE_CHAIN
10
451.9241221658349
20
-310.6817359882813
30
0
0
VERTEX
8
AI4M_02_EDGE_CHAIN
10
448.41465216583583
20
-295.8904699882812
30
0
0
VERTEX
8
AI4M_02_EDGE_CHAIN
10
446.05759716583543
20
-285.29372898828126
30
0
0
VERTEX
8
AI4M_02_EDGE_CHAIN
10
444.0972771658353
20
-275.47222198828126
30
0
0
VERTEX
8
AI4M_02_EDGE_CHAIN
10
443.0878231658353
20
-270.4147039882812
30
0
0
VERTEX
8
AI4M_02_EDGE_CHAIN
10
441.88661416583545
20
-263.4196539882812
30
0
0
VERTEX
8
AI4M_02_EDGE_CHAIN
10
440.57412316583486
20
-254.07105298828128
30
0
0
VERTEX
8
AI4M_02_EDGE_CHAIN
10
439.58010316583477
20
-245.27329198828124
30
0
0
VERTEX
8
AI4M_02_EDGE_CHAIN
10
438.85323316583526
20
-236.6177389882812
30
0
0
VERTEX
8
AI4M_02_EDGE_CHAIN
10
437.9563581658358
20
-221.54219398828127
30
0
0
VERTEX
8
AI4M_02_EDGE_CHAIN
10
437.5294751658357
20
-215.2148239882813
30
0
0
SEQEND
8
AI4M_02_EDGE_CHAIN
0
TEXT
8
AI4M_02_EDGE_CHAIN
10
453.4303541658355
20
-516.5624799882812
30
0
40
2.5
1
CHAIN_piece_02_left_front_neckline_front_neckline
1001
AI4MANUFACTURING
1000
WRITEBACK_PHASE=02_EDGE_CHAIN
1000
CHAIN=piece_02_left_front_neckline
1000
PIECE_ID=piece_02
1000
EDGE=front_neckline
1000
LINE_ROLE=net_boundary
1000
SOURCE=geometry_bbox_edge_chain_candidate
0
POLYLINE
8
AI4M_02_EDGE_CHAIN
66
1
70
0
1001
AI4MANUFACTURING
1000
WRITEBACK_PHASE=02_EDGE_CHAIN
1000
CHAIN=piece_02_left_armhole_front
1000
PIECE_ID=piece_02
1000
EDGE=armhole_front
1000
LINE_ROLE=net_boundary
1000
SOURCE=geometry_bbox_edge_chain_candidate
0
VERTEX
8
AI4M_02_EDGE_CHAIN
10
437.5294751658357
20
-215.2148239882813
30
0
0
VERTEX
8
AI4M_02_EDGE_CHAIN
10
446.09270216583536
20
-214.14463298828127
30
0
0
VERTEX
8
AI4M_02_EDGE_CHAIN
10
453.1543181658353
20
-213.34186498828126
30
0
0
VERTEX
8
AI4M_02_EDGE_CHAIN
10
457.26457616583593
20
-212.63392798828124
30
0
0
VERTEX
8
AI4M_02_EDGE_CHAIN
10
461.11222616583564
20
-211.72250698828134
30
0
0
VERTEX
8
AI4M_02_EDGE_CHAIN
10
464.9144421658357
20
-210.56949098828125
30
0
0
VERTEX
8
AI4M_02_EDGE_CHAIN
10
468.215423165836
20
-209.3258149882813
30
0
0
VERTEX
8
AI4M_02_EDGE_CHAIN
10
471.03030416583533
20
-208.0136329882812
30
0
0
VERTEX
8
AI4M_02_EDGE_CHAIN
10
473.34038416583553
20
-206.6765389882812
30
0
0
VERTEX
8
AI4M_02_EDGE_CHAIN
10
475.22837616583547
20
-205.31476498828124
30
0
0
SEQEND
8
AI4M_02_EDGE_CHAIN
0
TEXT
8
AI4M_02_EDGE_CHAIN
10
437.5294751658357
20
-215.2148239882813
30
0
40
2.5
1
CHAIN_piece_02_left_armhole_front_armhole_front
1001
AI4MANUFACTURING
1000
WRITEBACK_PHASE=02_EDGE_CHAIN
1000
CHAIN=piece_02_left_armhole_front
1000
PIECE_ID=piece_02
1000
EDGE=armhole_front
1000
LINE_ROLE=net_boundary
1000
SOURCE=geometry_bbox_edge_chain_candidate
0
POLYLINE
8
AI4M_02_EDGE_CHAIN
66
1
70
0
1001
AI4MANUFACTURING
1000
WRITEBACK_PHASE=02_EDGE_CHAIN
1000
CHAIN=piece_02_left_armhole_back
1000
PIECE_ID=piece_02
1000
EDGE=armhole_back
1000
LINE_ROLE=net_boundary
1000
SOURCE=geometry_bbox_edge_chain_candidate
0
VERTEX
8
AI4M_02_EDGE_CHAIN
10
475.22837616583547
20
-205.31476498828124
30
0
0
VERTEX
8
AI4M_02_EDGE_CHAIN
10
476.8428001658349
20
-203.84852398828127
30
0
0
VERTEX
8
AI4M_02_EDGE_CHAIN
10
478.41394116583524
20
-202.0737509882813
30
0
0
VERTEX
8
AI4M_02_EDGE_CHAIN
10
479.85825016583567
20
-200.05390898828125
30
0
0
VERTEX
8
AI4M_02_EDGE_CHAIN
10
481.20693916583514
20
-197.72479198828125
30
0
0
VERTEX
8
AI4M_02_EDGE_CHAIN
10
482.45508516583595
20
-195.04913098828126
30
0
0
VERTEX
8
AI4M_02_EDGE_CHAIN
10
483.56857116583524
20
-192.04737898828125
30
0
0
VERTEX
8
AI4M_02_EDGE_CHAIN
10
484.5234041658359
20
-188.74500698828126
30
0
0
VERTEX
8
AI4M_02_EDGE_CHAIN
10
485.30830316583524
20
-185.14369998828124
30
0
0
VERTEX
8
AI4M_02_EDGE_CHAIN
10
485.93282016583544
20
-181.04847198828134
30
0
0
VERTEX
8
AI4M_02_EDGE_CHAIN
10
486.37058316583534
20
-176.56839598828128
30
0
0
VERTEX
8
AI4M_02_EDGE_CHAIN
10
486.48430416583597
20
-173.09737198828134
30
0
0
VERTEX
8
AI4M_02_EDGE_CHAIN
10
486.4776861658347
20
-171.7928619882813
30
0
0
VERTEX
8
AI4M_02_EDGE_CHAIN
10
486.45044816583595
20
-166.42401298828122
30
0
0
VERTEX
8
AI4M_02_EDGE_CHAIN
10
486.10459216583513
20
-161.5860899882813
30
0
0
VERTEX
8
AI4M_02_EDGE_CHAIN
10
485.40515916583536
20
-155.32078198828128
30
0
0
VERTEX
8
AI4M_02_EDGE_CHAIN
10
484.4028491658355
20
-148.67985398828125
30
0
0
VERTEX
8
AI4M_02_EDGE_CHAIN
10
483.0421831658359
20
-141.3064509882813
30
0
0
VERTEX
8
AI4M_02_EDGE_CHAIN
10
481.8674931658352
20
-136.13231098828123
30
0
0
VERTEX
8
AI4M_02_EDGE_CHAIN
10
481.21185116583547
20
-133.5965729882812
30
0
0
VERTEX
8
AI4M_02_EDGE_CHAIN
10
479.2929511658358
20
-126.17509798828132
30
0
0
VERTEX
8
AI4M_02_EDGE_CHAIN
10
477.27801016583544
20
-119.64060498828121
30
0
0
VERTEX
8
AI4M_02_EDGE_CHAIN
10
474.3809621658356
20
-111.0985579882813
30
0
0
VERTEX
8
AI4M_02_EDGE_CHAIN
10
471.279551165836
20
-102.72596898828124
30
0
0
VERTEX
8
AI4M_02_EDGE_CHAIN
10
467.2747061658347
20
-92.6842399882812
30
0
0
VERTEX
8
AI4M_02_EDGE_CHAIN
10
462.3989141658358
20
-81.16068298828122
30
0
0
VERTEX
8
AI4M_02_EDGE_CHAIN
10
456.78924116583494
20
-68.09372998828121
30
0
0
SEQEND
8
AI4M_02_EDGE_CHAIN
0
TEXT
8
AI4M_02_EDGE_CHAIN
10
475.22837616583547
20
-205.31476498828124
30
0
40
2.5
1
CHAIN_piece_02_left_armhole_back_armhole_back
1001
AI4MANUFACTURING
1000
WRITEBACK_PHASE=02_EDGE_CHAIN
1000
CHAIN=piece_02_left_armhole_back
1000
PIECE_ID=piece_02
1000
EDGE=armhole_back
1000
LINE_ROLE=net_boundary
1000
SOURCE=geometry_bbox_edge_chain_candidate
0
POLYLINE
8
AI4M_02_EDGE_CHAIN
66
1
70
0
1001
AI4MANUFACTURING
1000
WRITEBACK_PHASE=02_EDGE_CHAIN
1000
CHAIN=piece_02_bottom_side_seam
1000
PIECE_ID=piece_02
1000
EDGE=side_seam
1000
LINE_ROLE=net_boundary
1000
SOURCE=geometry_bbox_edge_chain_candidate
0
VERTEX
8
AI4M_02_EDGE_CHAIN
10
456.78924116583494
20
-68.09372998828121
30
0
0
VERTEX
8
AI4M_02_EDGE_CHAIN
10
562.8971511658356
20
0.0000200117187887372
30
0
0
SEQEND
8
AI4M_02_EDGE_CHAIN
0
TEXT
8
AI4M_02_EDGE_CHAIN
10
456.78924116583494
20
-68.09372998828121
30
0
40
2.5
1
CHAIN_piece_02_bottom_side_seam_side_seam
1001
AI4MANUFACTURING
1000
WRITEBACK_PHASE=02_EDGE_CHAIN
1000
CHAIN=piece_02_bottom_side_seam
1000
PIECE_ID=piece_02
1000
EDGE=side_seam
1000
LINE_ROLE=net_boundary
1000
SOURCE=geometry_bbox_edge_chain_candidate
0
POLYLINE
8
AI4M_02_EDGE_CHAIN
66
1
70
0
1001
AI4MANUFACTURING
1000
WRITEBACK_PHASE=02_EDGE_CHAIN
1000
CHAIN=piece_02_bottom_hem
1000
PIECE_ID=piece_02
1000
EDGE=hem
1000
LINE_ROLE=net_boundary
1000
SOURCE=geometry_bbox_edge_chain_candidate
0
VERTEX
8
AI4M_02_EDGE_CHAIN
10
562.8971511658356
20
0.0000200117187887372
30
0
0
VERTEX
8
AI4M_02_EDGE_CHAIN
10
566.2676451658353
20
-14.752349988281367
30
0
0
VERTEX
8
AI4M_02_EDGE_CHAIN
10
568.3339351658351
20
-23.495431988281325
30
0
0
VERTEX
8
AI4M_02_EDGE_CHAIN
10
570.0541371658355
20
-29.789600988281336
30
0
0
VERTEX
8
AI4M_02_EDGE_CHAIN
10
571.8309241658353
20
-35.39450598828125
30
0
0
VERTEX
8
AI4M_02_EDGE_CHAIN
10
573.6916361658359
20
-40.479903988281194
30
0
0
VERTEX
8
AI4M_02_EDGE_CHAIN
10
575.6745801658353
20
-45.205931988281236
30
0
0
VERTEX
8
AI4M_02_EDGE_CHAIN
10
577.7877391658358
20
-49.624584988281185
30
0
0
VERTEX
8
AI4M_02_EDGE_CHAIN
10
580.0139781658354
20
-53.72663598828126
30
0
0
VERTEX
8
AI4M_02_EDGE_CHAIN
10
582.5608111658357
20
-57.89967198828117
30
0
0
VERTEX
8
AI4M_02_EDGE_CHAIN
10
584.8255171658357
20
-61.19407798828138
30
0
0
VERTEX
8
AI4M_02_EDGE_CHAIN
10
588.0122891658348
20
-65.23281898828122
30
0
0
VERTEX
8
AI4M_02_EDGE_CHAIN
10
588.2613211658354
20
-65.5292539882812
30
0
0
VERTEX
8
AI4M_02_EDGE_CHAIN
10
590.1326201658349
20
-67.75676198828137
30
0
0
VERTEX
8
AI4M_02_EDGE_CHAIN
10
592.8348401658359
20
-70.50247598828128
30
0
0
VERTEX
8
AI4M_02_EDGE_CHAIN
10
595.792828165836
20
-73.19063098828133
30
0
0
VERTEX
8
AI4M_02_EDGE_CHAIN
10
598.6922861658359
20
-75.49473798828126
30
0
0
VERTEX
8
AI4M_02_EDGE_CHAIN
10
601.9025741658352
20
-77.72839298828126
30
0
0
VERTEX
8
AI4M_02_EDGE_CHAIN
10
605.2730331658358
20
-79.77529398828119
30
0
0
VERTEX
8
AI4M_02_EDGE_CHAIN
10
608.8132771658356
20
-81.63207398828126
30
0
0
VERTEX
8
AI4M_02_EDGE_CHAIN
10
612.5077141658358
20
-83.28766598828133
30
0
0
VERTEX
8
AI4M_02_EDGE_CHAIN
10
616.3715221658358
20
-84.74172298828125
30
0
0
VERTEX
8
AI4M_02_EDGE_CHAIN
10
620.6520201658359
20
-86.07840098828137
30
0
0
VERTEX
8
AI4M_02_EDGE_CHAIN
10
625.3188951658349
20
-87.27339298828133
30
0
0
VERTEX
8
AI4M_02_EDGE_CHAIN
10
630.2918401658353
20
-88.28793398828134
30
0
0
VERTEX
8
AI4M_02_EDGE_CHAIN
10
635.614876165836
20
-89.12351598828127
30
0
0
VERTEX
8
AI4M_02_EDGE_CHAIN
10
640.4355071658347
20
-89.64305598828128
30
0
0
VERTEX
8
AI4M_02_EDGE_CHAIN
10
646.1593581658353
20
-89.9804489882813
30
0
0
VERTEX
8
AI4M_02_EDGE_CHAIN
10
652.5068001658356
20
-89.59022598828119
30
0
0
VERTEX
8
AI4M_02_EDGE_CHAIN
10
657.2786191658352
20
-89.0455089882812
30
0
0
VERTEX
8
AI4M_02_EDGE_CHAIN
10
662.6766111658353
20
-88.16904698828125
30
0
0
VERTEX
8
AI4M_02_EDGE_CHAIN
10
667.6466561658353
20
-87.12266898828125
30
0
0
VERTEX
8
AI4M_02_EDGE_CHAIN
10
672.3050891658359
20
-85.89479498828132
30
0
0
VERTEX
8
AI4M_02_EDGE_CHAIN
10
676.5531921658358
20
-84.53082598828132
30
0
0
VERTEX
8
AI4M_02_EDGE_CHAIN
10
680.3523231658355
20
-83.0620319882812
30
0
0
VERTEX
8
AI4M_02_EDGE_CHAIN
10
684.0123731658359
20
-81.38343698828135
30
0
0
VERTEX
8
AI4M_02_EDGE_CHAIN
10
687.5360801658353
20
-79.49553798828128
30
0
0
VERTEX
8
AI4M_02_EDGE_CHAIN
10
690.8901421658347
20
-77.41712898828132
30
0
0
VERTEX
8
AI4M_02_EDGE_CHAIN
10
694.106706165835
20
-75.13429798828133
30
0
0
VERTEX
8
AI4M_02_EDGE_CHAIN
10
696.9820371658352
20
-72.79859498828137
30
0
0
VERTEX
8
AI4M_02_EDGE_CHAIN
10
696.9820371658352
20
-72.79859498828137
30
0
0
VERTEX
8
AI4M_02_EDGE_CHAIN
10
699.9264481658347
20
-70.0741989882813
30
0
0
VERTEX
8
AI4M_02_EDGE_CHAIN
10
702.5599911658355
20
-67.34237298828134
30
0
0
VERTEX
8
AI4M_02_EDGE_CHAIN
10
704.0387701658356
20
-65.51395798828116
30
0
0
VERTEX
8
AI4M_02_EDGE_CHAIN
10
707.0033241658357
20
-61.84848098828138
30
0
0
VERTEX
8
AI4M_02_EDGE_CHAIN
10
709.1841181658356
20
-58.774497988281155
30
0
0
VERTEX
8
AI4M_02_EDGE_CHAIN
10
711.7004091658355
20
-54.76071898828127
30
0
0
VERTEX
8
AI4M_02_EDGE_CHAIN
10
714.0349591658351
20
-50.584320988281206
30
0
0
VERTEX
8
AI4M_02_EDGE_CHAIN
10
716.1868551658354
20
-46.21234298828131
30
0
0
VERTEX
8
AI4M_02_EDGE_CHAIN
10
718.2187141658351
20
-41.507164988281374
30
0
0
VERTEX
8
AI4M_02_EDGE_CHAIN
10
720.0913761658348
20
-36.54050498828133
30
0
0
VERTEX
8
AI4M_02_EDGE_CHAIN
10
721.8718111658354
20
-31.102079988281275
30
0
0
VERTEX
8
AI4M_02_EDGE_CHAIN
10
723.5737501658359
20
-25.08594198828132
30
0
0
VERTEX
8
AI4M_02_EDGE_CHAIN
10
725.4084781658357
20
-17.582774988281244
30
0
0
VERTEX
8
AI4M_02_EDGE_CHAIN
10
728.7362551658352
20
-2.9270369882813156
30
0
0
VERTEX
8
AI4M_02_EDGE_CHAIN
10
729.4220531658348
20
0.0000200117187887372
30
0
0
VERTEX
8
AI4M_02_EDGE_CHAIN
10
729.4220531658348
20
0.0000200117187887372
30
0
0
VERTEX
8
AI4M_02_EDGE_CHAIN
10
835.5294751658357
20
-68.09372998828121
30
0
0
SEQEND
8
AI4M_02_EDGE_CHAIN
0
TEXT
8
AI4M_02_EDGE_CHAIN
10
562.8971511658356
20
0.0000200117187887372
30
0
40
2.5
1
CHAIN_piece_02_bottom_hem_hem
1001
AI4MANUFACTURING
1000
WRITEBACK_PHASE=02_EDGE_CHAIN
1000
CHAIN=piece_02_bottom_hem
1000
PIECE_ID=piece_02
1000
EDGE=hem
1000
LINE_ROLE=net_boundary
1000
SOURCE=geometry_bbox_edge_chain_candidate
0
POLYLINE
8
AI4M_02_EDGE_CHAIN
66
1
70
0
1001
AI4MANUFACTURING
1000
WRITEBACK_PHASE=02_EDGE_CHAIN
1000
CHAIN=piece_02_right_side_seam
1000
PIECE_ID=piece_02
1000
EDGE=side_seam
1000
LINE_ROLE=net_boundary
1000
SOURCE=geometry_bbox_edge_chain_candidate
0
VERTEX
8
AI4M_02_EDGE_CHAIN
10
835.5294751658357
20
-68.09372998828121
30
0
0
VERTEX
8
AI4M_02_EDGE_CHAIN
10
829.5403331658354
20
-82.03901298828123
30
0
0
VERTEX
8
AI4M_02_EDGE_CHAIN
10
824.7133631658353
20
-93.49024198828124
30
0
0
VERTEX
8
AI4M_02_EDGE_CHAIN
10
820.7773891658353
20
-103.4084039882813
30
0
0
VERTEX
8
AI4M_02_EDGE_CHAIN
10
817.714082165835
20
-111.73280598828126
30
0
0
VERTEX
8
AI4M_02_EDGE_CHAIN
10
814.8322591658352
20
-120.28676598828133
30
0
0
VERTEX
8
AI4M_02_EDGE_CHAIN
10
812.8538251658347
20
-126.7819559882812
30
0
0
VERTEX
8
AI4M_02_EDGE_CHAIN
10
811.1219911658354
20
-133.6003089882813
30
0
0
VERTEX
8
AI4M_02_EDGE_CHAIN
10
809.9281621658347
20
-138.30049698828134
30
0
0
VERTEX
8
AI4M_02_EDGE_CHAIN
10
808.7319221658354
20
-144.09476798828132
30
0
0
VERTEX
8
AI4M_02_EDGE_CHAIN
10
807.4422851658355
20
-151.62045298828127
30
0
0
VERTEX
8
AI4M_02_EDGE_CHAIN
10
806.5970741658357
20
-157.89490998828126
30
0
0
VERTEX
8
AI4M_02_EDGE_CHAIN
10
806.0049721658352
20
-164.10047198828124
30
0
0
VERTEX
8
AI4M_02_EDGE_CHAIN
10
805.8175611658353
20
-168.2656049882812
30
0
0
VERTEX
8
AI4M_02_EDGE_CHAIN
10
805.8633831658353
20
-171.79246298828127
30
0
0
VERTEX
8
AI4M_02_EDGE_CHAIN
10
805.9193731658352
20
-176.10198998828128
30
0
0
VERTEX
8
AI4M_02_EDGE_CHAIN
10
806.300858165835
20
-180.33638098828123
30
0
0
VERTEX
8
AI4M_02_EDGE_CHAIN
10
806.9056411658357
20
-184.56066098828126
30
0
0
VERTEX
8
AI4M_02_EDGE_CHAIN
10
807.685355165836
20
-188.30083798828127
30
0
0
VERTEX
8
AI4M_02_EDGE_CHAIN
10
808.647708165835
20
-191.72986998828128
30
0
0
VERTEX
8
AI4M_02_EDGE_CHAIN
10
809.7525661658356
20
-194.77937998828133
30
0
0
VERTEX
8
AI4M_02_EDGE_CHAIN
10
811.003150165835
20
-197.5144939882813
30
0
0
VERTEX
8
AI4M_02_EDGE_CHAIN
10
812.3691821658349
20
-199.91094298828125
30
0
0
VERTEX
8
AI4M_02_EDGE_CHAIN
10
813.8089761658348
20
-201.95187198828125
30
0
0
VERTEX
8
AI4M_02_EDGE_CHAIN
10
815.3781881658351
20
-203.74897398828125
30
0
0
VERTEX
8
AI4M_02_EDGE_CHAIN
10
815.3781881658351
20
-203.74897398828125
30
0
0
VERTEX
8
AI4M_02_EDGE_CHAIN
10
817.021021165835
20
-205.25829098828126
30
0
0
VERTEX
8
AI4M_02_EDGE_CHAIN
10
818.8575561658354
20
-206.59802798828127
30
0
0
VERTEX
8
AI4M_02_EDGE_CHAIN
10
821.1578421658351
20
-207.9453219882812
30
0
0
VERTEX
8
AI4M_02_EDGE_CHAIN
10
823.8333221658349
20
-209.21165998828133
30
0
0
VERTEX
8
AI4M_02_EDGE_CHAIN
10
827.0952261658358
20
-210.4636499882813
30
0
0
VERTEX
8
AI4M_02_EDGE_CHAIN
10
830.8362261658358
20
-211.62129098828132
30
0
0
VERTEX
8
AI4M_02_EDGE_CHAIN
10
834.696179165835
20
-212.5597859882812
30
0
0
VERTEX
8
AI4M_02_EDGE_CHAIN
10
838.7067001658352
20
-213.27530798828127
30
0
0
VERTEX
8
AI4M_02_EDGE_CHAIN
10
843.9803291658354
20
-213.91108598828123
30
0
0
VERTEX
8
AI4M_02_EDGE_CHAIN
10
851.6298501658357
20
-214.7862869882813
30
0
0
VERTEX
8
AI4M_02_EDGE_CHAIN
10
854.7892411658349
20
-215.2148239882813
30
0
0
VERTEX
8
AI4M_02_EDGE_CHAIN
10
854.7892411658349
20
-215.2148239882813
30
0
0
VERTEX
8
AI4M_02_EDGE_CHAIN
10
853.862149165835
20
-230.16752298828123
30
0
0
VERTEX
8
AI4M_02_EDGE_CHAIN
10
853.2218111658358
20
-239.86654998828135
30
0
0
VERTEX
8
AI4M_02_EDGE_CHAIN
10
852.4021391658353
20
-248.51306498828126
30
0
0
VERTEX
8
AI4M_02_EDGE_CHAIN
10
851.3055991658357
20
-257.40284098828124
30
0
0
VERTEX
8
AI4M_02_EDGE_CHAIN
10
850.0354431658352
20
-265.89198698828125
30
0
0
VERTEX
8
AI4M_02_EDGE_CHAIN
10
848.7687621658351
20
-272.7720589882813
30
0
0
VERTEX
8
AI4M_02_EDGE_CHAIN
10
848.2231361658351
20
-275.4722489882813
30
0
0
VERTEX
8
AI4M_02_EDGE_CHAIN
10
845.7841711658357
20
-287.5421859882813
30
0
0
VERTEX
8
AI4M_02_EDGE_CHAIN
10
843.1303861658353
20
-299.1855639882813
30
0
0
VERTEX
8
AI4M_02_EDGE_CHAIN
10
839.6244741658347
20
-313.9779689882812
30
0
0
VERTEX
8
AI4M_02_EDGE_CHAIN
10
837.1951371658351
20
-324.9859329882813
30
0
0
VERTEX
8
AI4M_02_EDGE_CHAIN
10
835.4205861658347
20
-334.10140798828127
30
0
0
VERTEX
8
AI4M_02_EDGE_CHAIN
10
834.1758411658348
20
-341.73942298828126
30
0
0
VERTEX
8
AI4M_02_EDGE_CHAIN
10
833.2929801658347
20
-348.70030598828123
30
0
0
VERTEX
8
AI4M_02_EDGE_CHAIN
10
832.6974191658355
20
-355.46002998828124
30
0
0
VERTEX
8
AI4M_02_EDGE_CHAIN
10
832.3465141658353
20
-362.44408698828124
30
0
0
VERTEX
8
AI4M_02_EDGE_CHAIN
10
832.2061991658347
20
-370.6081899882813
30
0
0
VERTEX
8
AI4M_02_EDGE_CHAIN
10
832.3105891658352
20
-379.4518969882813
30
0
0
VERTEX
8
AI4M_02_EDGE_CHAIN
10
832.8170011658358
20
-394.6435949882813
30
0
0
VERTEX
8
AI4M_02_EDGE_CHAIN
10
832.8636851658348
20
-396.0978669882812
30
0
0
VERTEX
8
AI4M_02_EDGE_CHAIN
10
833.2991181658354
20
-409.66202398828125
30
0
0
VERTEX
8
AI4M_02_EDGE_CHAIN
10
833.7853641658357
20
-424.8541759882812
30
0
0
VERTEX
8
AI4M_02_EDGE_CHAIN
10
834.2778291658351
20
-440.0461279882812
30
0
0
VERTEX
8
AI4M_02_EDGE_CHAIN
10
834.7769041658348
20
-455.0571149882812
30
0
0
VERTEX
8
AI4M_02_EDGE_CHAIN
10
835.2895271658354
20
-470.1037459882813
30
0
0
VERTEX
8
AI4M_02_EDGE_CHAIN
10
835.8138641658352
20
-485.20360598828125
30
0
0
VERTEX
8
AI4M_02_EDGE_CHAIN
10
836.1881671658348
20
-495.81247998828127
30
0
0
VERTEX
8
AI4M_02_EDGE_CHAIN
10
838.8888501658357
20
-516.5624799882812
30
0
0
SEQEND
8
AI4M_02_EDGE_CHAIN
0
TEXT
8
AI4M_02_EDGE_CHAIN
10
835.5294751658357
20
-68.09372998828121
30
0
40
2.5
1
CHAIN_piece_02_right_side_seam_side_seam
1001
AI4MANUFACTURING
1000
WRITEBACK_PHASE=02_EDGE_CHAIN
1000
CHAIN=piece_02_right_side_seam
1000
PIECE_ID=piece_02
1000
EDGE=side_seam
1000
LINE_ROLE=net_boundary
1000
SOURCE=geometry_bbox_edge_chain_candidate
0
POLYLINE
8
AI4M_02_EDGE_CHAIN
66
1
70
0
1001
AI4MANUFACTURING
1000
WRITEBACK_PHASE=02_EDGE_CHAIN
1000
CHAIN=piece_02_top_back_neckline
1000
PIECE_ID=piece_02
1000
EDGE=back_neckline
1000
LINE_ROLE=net_boundary
1000
SOURCE=geometry_bbox_edge_chain_candidate
0
VERTEX
8
AI4M_02_EDGE_CHAIN
10
838.8888501658357
20
-516.5624799882812
30
0
0
VERTEX
8
AI4M_02_EDGE_CHAIN
10
823.3430131658351
20
-518.0573449882813
30
0
0
VERTEX
8
AI4M_02_EDGE_CHAIN
10
808.0822271658353
20
-519.4698769882813
30
0
0
VERTEX
8
AI4M_02_EDGE_CHAIN
10
792.7527511658354
20
-520.8189499882812
30
0
0
VERTEX
8
AI4M_02_EDGE_CHAIN
10
777.2728151658348
20
-522.0950259882812
30
0
0
VERTEX
8
AI4M_02_EDGE_CHAIN
10
762.155714165835
20
-523.2578809882813
30
0
0
VERTEX
8
AI4M_02_EDGE_CHAIN
10
746.6623141658356
20
-524.3593219882813
30
0
0
VERTEX
8
AI4M_02_EDGE_CHAIN
10
731.5002761658352
20
-525.3331939882812
30
0
0
VERTEX
8
AI4M_02_EDGE_CHAIN
10
715.992436165835
20
-526.2066529882812
30
0
0
VERTEX
8
AI4M_02_EDGE_CHAIN
10
700.6682751658354
20
-526.9338959882813
30
0
0
VERTEX
8
AI4M_02_EDGE_CHAIN
10
685.1463691658355
20
-527.5097749882813
30
0
0
VERTEX
8
AI4M_02_EDGE_CHAIN
10
669.9315081658351
20
-527.8884499882813
30
0
0
VERTEX
8
AI4M_02_EDGE_CHAIN
10
654.7392291658352
20
-528.1153159882813
30
0
0
VERTEX
8
AI4M_02_EDGE_CHAIN
10
646.1124831658353
20
-528.1874799882812
30
0
0
VERTEX
8
AI4M_02_EDGE_CHAIN
10
630.4540101658358
20
-528.0248419882812
30
0
0
VERTEX
8
AI4M_02_EDGE_CHAIN
10
615.2232721658356
20
-527.7328799882813
30
0
0
VERTEX
8
AI4M_02_EDGE_CHAIN
10
599.8390731658355
20
-527.2600899882813
30
0
0
VERTEX
8
AI4M_02_EDGE_CHAIN
10
584.4897971658347
20
-526.6118139882813
30
0
0
VERTEX
8
AI4M_02_EDGE_CHAIN
10
568.9875981658352
20
-525.8096699882813
30
0
0
VERTEX
8
AI4M_02_EDGE_CHAIN
10
553.666933165835
20
-524.8876759882812
30
0
0
VERTEX
8
AI4M_02_EDGE_CHAIN
10
538.1794561658353
20
-523.8400979882813
30
0
0
VERTEX
8
AI4M_02_EDGE_CHAIN
10
523.0167901658351
20
-522.7183439882813
30
0
0
VERTEX
8
AI4M_02_EDGE_CHAIN
10
507.5427491658347
20
-521.4873209882812
30
0
0
VERTEX
8
AI4M_02_EDGE_CHAIN
10
492.0759301658354
20
-520.1701319882812
30
0
0
VERTEX
8
AI4M_02_EDGE_CHAIN
10
476.7407561658356
20
-518.7832499882813
30
0
0
VERTEX
8
AI4M_02_EDGE_CHAIN
10
461.8517891658348
20
-517.3794009882813
30
0
0
VERTEX
8
AI4M_02_EDGE_CHAIN
10
453.4303541658355
20
-516.5624799882812
30
0
0
SEQEND
8
AI4M_02_EDGE_CHAIN
0
TEXT
8
AI4M_02_EDGE_CHAIN
10
838.8888501658357
20
-516.5624799882812
30
0
40
2.5
1
CHAIN_piece_02_top_back_neckline_back_neckline
1001
AI4MANUFACTURING
1000
WRITEBACK_PHASE=02_EDGE_CHAIN
1000
CHAIN=piece_02_top_back_neckline
1000
PIECE_ID=piece_02
1000
EDGE=back_neckline
1000
LINE_ROLE=net_boundary
1000
SOURCE=geometry_bbox_edge_chain_candidate
0
POLYLINE
8
AI4M_02_EDGE_CHAIN
66
1
70
0
1001
AI4MANUFACTURING
1000
WRITEBACK_PHASE=02_EDGE_CHAIN
1000
CHAIN=piece_03_left_side_seam
1000
PIECE_ID=piece_03
1000
EDGE=side_seam
1000
LINE_ROLE=net_boundary
1000
SOURCE=geometry_bbox_edge_chain_candidate
0
VERTEX
8
AI4M_02_EDGE_CHAIN
10
920.5130686129214
20
-638.55363315625
30
0
0
VERTEX
8
AI4M_02_EDGE_CHAIN
10
922.1797216129216
20
-623.37123215625
30
0
0
VERTEX
8
AI4M_02_EDGE_CHAIN
10
922.6971506129221
20
-618.58488315625
30
0
0
VERTEX
8
AI4M_02_EDGE_CHAIN
10
921.3108376129212
20
-602.37918815625
30
0
0
VERTEX
8
AI4M_02_EDGE_CHAIN
10
920.0078216129214
20
-587.3220881562501
30
0
0
VERTEX
8
AI4M_02_EDGE_CHAIN
10
918.6928416129222
20
-572.2660241562501
30
0
0
VERTEX
8
AI4M_02_EDGE_CHAIN
10
917.3365176129219
20
-556.84949615625
30
0
0
VERTEX
8
AI4M_02_EDGE_CHAIN
10
916.003441612921
20
-541.7950231562501
30
0
0
VERTEX
8
AI4M_02_EDGE_CHAIN
10
914.6612756129216
20
-526.74136315625
30
0
0
VERTEX
8
AI4M_02_EDGE_CHAIN
10
913.3245926129212
20
-511.85832115625
30
0
0
VERTEX
8
AI4M_02_EDGE_CHAIN
10
911.9030056129222
20
-496.15205415624996
30
0
0
VERTEX
8
AI4M_02_EDGE_CHAIN
10
910.5308556129212
20
-481.10110115625
30
0
0
VERTEX
8
AI4M_02_EDGE_CHAIN
10
909.1500636129213
20
-466.05092715625005
30
0
0
VERTEX
8
AI4M_02_EDGE_CHAIN
10
907.7391506129215
20
-450.76230115625003
30
0
0
VERTEX
8
AI4M_02_EDGE_CHAIN
10
906.339435612922
20
-435.71386115625
30
0
0
VERTEX
8
AI4M_02_EDGE_CHAIN
10
904.923747612921
20
-420.66693215625
30
0
0
VERTEX
8
AI4M_02_EDGE_CHAIN
10
903.486881612921
20
-405.62202615625006
30
0
0
VERTEX
8
AI4M_02_EDGE_CHAIN
10
901.9961026129213
20
-390.25307515625
30
0
0
VERTEX
8
AI4M_02_EDGE_CHAIN
10
900.8063016129217
20
-378.02645015625
30
0
0
VERTEX
8
AI4M_02_EDGE_CHAIN
10
900.4880606129218
20
-374.75614815625
30
0
0
VERTEX
8
AI4M_02_EDGE_CHAIN
10
899.0287276129211
20
-359.71339315625005
30
0
0
VERTEX
8
AI4M_02_EDGE_CHAIN
10
897.5502286129222
20
-344.63046515625
30
0
0
VERTEX
8
AI4M_02_EDGE_CHAIN
10
896.0526626129222
20
-329.59147215625
30
0
0
VERTEX
8
AI4M_02_EDGE_CHAIN
10
894.5367056129217
20
-314.55430315624994
30
0
0
VERTEX
8
AI4M_02_EDGE_CHAIN
10
893.0074866129216
20
-299.51847015625003
30
0
0
VERTEX
8
AI4M_02_EDGE_CHAIN
10
891.4585336129212
20
-284.37691415625
30
0
0
VERTEX
8
AI4M_02_EDGE_CHAIN
10
889.9126026129215
20
-269.34281515625
30
0
0
VERTEX
8
AI4M_02_EDGE_CHAIN
10
888.3585856129221
20
-254.30955215625
30
0
0
VERTEX
8
AI4M_02_EDGE_CHAIN
10
886.7974316129212
20
-239.28887615625
30
0
0
VERTEX
8
AI4M_02_EDGE_CHAIN
10
885.2254496129217
20
-224.25747015625006
30
0
0
VERTEX
8
AI4M_02_EDGE_CHAIN
10
883.6416746129216
20
-209.22730415625006
30
0
0
VERTEX
8
AI4M_02_EDGE_CHAIN
10
881.9960366129217
20
-193.75076815624993
30
0
0
VERTEX
8
AI4M_02_EDGE_CHAIN
10
880.383688612922
20
-178.72364915625008
30
0
0
VERTEX
8
AI4M_02_EDGE_CHAIN
10
878.7638946129218
20
-163.69732615625003
30
0
0
VERTEX
8
AI4M_02_EDGE_CHAIN
10
877.0957356129211
20
-148.21652415625
30
0
0
VERTEX
8
AI4M_02_EDGE_CHAIN
10
875.5100726129212
20
-133.44649515624997
30
0
0
VERTEX
8
AI4M_02_EDGE_CHAIN
10
875.0658036129216
20
-129.29972715625013
30
0
0
SEQEND
8
AI4M_02_EDGE_CHAIN
0
TEXT
8
AI4M_02_EDGE_CHAIN
10
920.5130686129214
20
-638.55363315625
30
0
40
2.5
1
CHAIN_piece_03_left_side_seam_side_seam
1001
AI4MANUFACTURING
1000
WRITEBACK_PHASE=02_EDGE_CHAIN
1000
CHAIN=piece_03_left_side_seam
1000
PIECE_ID=piece_03
1000
EDGE=side_seam
1000
LINE_ROLE=net_boundary
1000
SOURCE=geometry_bbox_edge_chain_candidate
0
POLYLINE
8
AI4M_02_EDGE_CHAIN
66
1
70
0
1001
AI4MANUFACTURING
1000
WRITEBACK_PHASE=02_EDGE_CHAIN
1000
CHAIN=piece_03_bottom_cuff_edge
1000
PIECE_ID=piece_03
1000
EDGE=cuff_edge
1000
LINE_ROLE=net_boundary
1000
SOURCE=geometry_bbox_edge_chain_candidate
0
VERTEX
8
AI4M_02_EDGE_CHAIN
10
875.0658036129216
20
-129.29972715625013
30
0
0
VERTEX
8
AI4M_02_EDGE_CHAIN
10
882.2840646129216
20
-127.33488315625004
30
0
0
VERTEX
8
AI4M_02_EDGE_CHAIN
10
888.6742016129219
20
-125.71769615624999
30
0
0
VERTEX
8
AI4M_02_EDGE_CHAIN
10
892.1728916129223
20
-124.56518015625011
30
0
0
VERTEX
8
AI4M_02_EDGE_CHAIN
10
895.5217226129216
20
-123.21387215625009
30
0
0
VERTEX
8
AI4M_02_EDGE_CHAIN
10
898.2621896129212
20
-121.85760415625009
30
0
0
VERTEX
8
AI4M_02_EDGE_CHAIN
10
900.5851326129223
20
-120.43965215625008
30
0
0
VERTEX
8
AI4M_02_EDGE_CHAIN
10
902.7814446129214
20
-118.80602315624992
30
0
0
VERTEX
8
AI4M_02_EDGE_CHAIN
10
905.0242636129215
20
-116.81603515625011
30
0
0
VERTEX
8
AI4M_02_EDGE_CHAIN
10
907.2863106129216
20
-114.46448315625003
30
0
0
VERTEX
8
AI4M_02_EDGE_CHAIN
10
909.6016836129211
20
-111.68991115624999
30
0
0
VERTEX
8
AI4M_02_EDGE_CHAIN
10
912.0382176129215
20
-108.36754515625012
30
0
0
VERTEX
8
AI4M_02_EDGE_CHAIN
10
914.664492612922
20
-104.33986415625009
30
0
0
VERTEX
8
AI4M_02_EDGE_CHAIN
10
917.8682696129217
20
-98.90586015625013
30
0
0
VERTEX
8
AI4M_02_EDGE_CHAIN
10
922.675163612922
20
-90.13885615625009
30
0
0
VERTEX
8
AI4M_02_EDGE_CHAIN
10
929.7094456129216
20
-76.88876515624997
30
0
0
VERTEX
8
AI4M_02_EDGE_CHAIN
10
930.0364556129216
20
-76.2740281562501
30
0
0
VERTEX
8
AI4M_02_EDGE_CHAIN
10
935.3848896129211
20
-66.21968615624996
30
0
0
VERTEX
8
AI4M_02_EDGE_CHAIN
10
939.6095486129216
20
-58.81502415625005
30
0
0
VERTEX
8
AI4M_02_EDGE_CHAIN
10
944.114949612921
20
-51.39998715625006
30
0
0
VERTEX
8
AI4M_02_EDGE_CHAIN
10
948.080983612922
20
-45.311155156249924
30
0
0
VERTEX
8
AI4M_02_EDGE_CHAIN
10
951.8902156129216
20
-39.89076415625004
30
0
0
VERTEX
8
AI4M_02_EDGE_CHAIN
10
955.5872476129216
20
-35.03308015624998
30
0
0
VERTEX
8
AI4M_02_EDGE_CHAIN
10
959.2509166129212
20
-30.612986156249917
30
0
0
VERTEX
8
AI4M_02_EDGE_CHAIN
10
962.8392736129217
20
-26.65393015625
30
0
0
VERTEX
8
AI4M_02_EDGE_CHAIN
10
966.467847612922
20
-23.009580156249967
30
0
0
VERTEX
8
AI4M_02_EDGE_CHAIN
10
970.0497726129215
20
-19.75202215624995
30
0
0
VERTEX
8
AI4M_02_EDGE_CHAIN
10
973.674658612922
20
-16.778646156250034
30
0
0
VERTEX
8
AI4M_02_EDGE_CHAIN
10
977.2898176129211
20
-14.12282815625008
30
0
0
VERTEX
8
AI4M_02_EDGE_CHAIN
10
980.9929356129214
20
-11.708109156249975
30
0
0
VERTEX
8
AI4M_02_EDGE_CHAIN
10
984.7398646129213
20
-9.557975156249995
30
0
0
VERTEX
8
AI4M_02_EDGE_CHAIN
10
988.6104136129215
20
-7.617192156249985
30
0
0
VERTEX
8
AI4M_02_EDGE_CHAIN
10
992.6811166129219
20
-5.85217015624994
30
0
0
VERTEX
8
AI4M_02_EDGE_CHAIN
10
996.8275196129216
20
-4.319055156249988
30
0
0
VERTEX
8
AI4M_02_EDGE_CHAIN
10
1001.1261066129218
20
-2.9941871562500637
30
0
0
VERTEX
8
AI4M_02_EDGE_CHAIN
10
1005.5207236129218
20
-1.902786156249931
30
0
0
VERTEX
8
AI4M_02_EDGE_CHAIN
10
1009.8875806129217
20
-1.0692581562500436
30
0
0
VERTEX
8
AI4M_02_EDGE_CHAIN
10
1014.3731026129217
20
-0.46500815624995084
30
0
0
VERTEX
8
AI4M_02_EDGE_CHAIN
10
1018.8005616129221
20
-0.11607215625008394
30
0
0
VERTEX
8
AI4M_02_EDGE_CHAIN
10
1023.4993676129216
20
0.0000498437500482396
30
0
0
VERTEX
8
AI4M_02_EDGE_CHAIN
10
1028.234087612921
20
-0.1286731562499881
30
0
0
VERTEX
8
AI4M_02_EDGE_CHAIN
10
1032.9413116129217
20
-0.4962841562501126
30
0
0
VERTEX
8
AI4M_02_EDGE_CHAIN
10
1038.260214612922
20
-1.1956711562500004
30
0
0
VERTEX
8
AI4M_02_EDGE_CHAIN
10
1039.514045612922
20
-1.3661331562500436
30
0
0
VERTEX
8
AI4M_02_EDGE_CHAIN
10
1039.7929116129217
20
-1.4248111562499162
30
0
0
VERTEX
8
AI4M_02_EDGE_CHAIN
10
1047.6320246129217
20
-3.0742711562500062
30
0
0
VERTEX
8
AI4M_02_EDGE_CHAIN
10
1051.399743612922
20
-4.177606156250022
30
0
0
VERTEX
8
AI4M_02_EDGE_CHAIN
10
1055.2981796129216
20
-5.575271156249983
30
0
0
VERTEX
8
AI4M_02_EDGE_CHAIN
10
1058.812916612921
20
-7.087886156250079
30
0
0
VERTEX
8
AI4M_02_EDGE_CHAIN
10
1062.2810276129212
20
-8.850113156250018
30
0
0
VERTEX
8
AI4M_02_EDGE_CHAIN
10
1065.6635246129217
20
-10.841865156249924
30
0
0
VERTEX
8
AI4M_02_EDGE_CHAIN
10
1068.972860612922
20
-13.077575156250077
30
0
0
VERTEX
8
AI4M_02_EDGE_CHAIN
10
1072.2136166129212
20
-15.567489156250076
30
0
0
VERTEX
8
AI4M_02_EDGE_CHAIN
10
1075.3812996129218
20
-18.314312156250026
30
0
0
VERTEX
8
AI4M_02_EDGE_CHAIN
10
1078.4728396129221
20
-21.327517156249996
30
0
0
VERTEX
8
AI4M_02_EDGE_CHAIN
10
1081.4389356129223
20
-24.561905156250077
30
0
0
VERTEX
8
AI4M_02_EDGE_CHAIN
10
1084.3354826129216
20
-28.084561156249947
30
0
0
VERTEX
8
AI4M_02_EDGE_CHAIN
10
1087.089620612921
20
-31.817447156249955
30
0
0
VERTEX
8
AI4M_02_EDGE_CHAIN
10
1089.7526586129216
20
-35.848624156250025
30
0
0
VERTEX
8
AI4M_02_EDGE_CHAIN
10
1092.7019666129218
20
-40.79069015625009
30
0
0
VERTEX
8
AI4M_02_EDGE_CHAIN
10
1094.6214126129216
20
-44.417174156249985
30
0
0
VERTEX
8
AI4M_02_EDGE_CHAIN
10
1095.500134612922
20
-46.32098715625011
30
0
0
VERTEX
8
AI4M_02_EDGE_CHAIN
10
1098.5755016129215
20
-52.98398315625013
30
0
0
VERTEX
8
AI4M_02_EDGE_CHAIN
10
1100.4697316129214
20
-57.79904815625014
30
0
0
VERTEX
8
AI4M_02_EDGE_CHAIN
10
1102.579898612922
20
-63.87106715625009
30
0
0
VERTEX
8
AI4M_02_EDGE_CHAIN
10
1104.362448612922
20
-69.74296915624996
30
0
0
VERTEX
8
AI4M_02_EDGE_CHAIN
10
1106.6654316129216
20
-78.42058215625002
30
0
0
VERTEX
8
AI4M_02_EDGE_CHAIN
10
1108.490000612922
20
-85.90589415625004
30
0
0
VERTEX
8
AI4M_02_EDGE_CHAIN
10
1110.2223056129214
20
-93.01269215625007
30
0
0
VERTEX
8
AI4M_02_EDGE_CHAIN
10
1111.8956056129218
20
-99.30593115624993
30
0
0
VERTEX
8
AI4M_02_EDGE_CHAIN
10
1113.4415426129217
20
-104.24333515624994
30
0
0
VERTEX
8
AI4M_02_EDGE_CHAIN
10
1114.9564636129217
20
-108.33112715624998
30
0
0
VERTEX
8
AI4M_02_EDGE_CHAIN
10
1116.4273486129214
20
-111.64698315624992
30
0
0
VERTEX
8
AI4M_02_EDGE_CHAIN
10
1117.9290836129212
20
-114.46950015624998
30
0
0
VERTEX
8
AI4M_02_EDGE_CHAIN
10
1119.4584946129216
20
-116.85279415624996
30
0
0
VERTEX
8
AI4M_02_EDGE_CHAIN
10
1121.0767026129215
20
-118.92420515625008
30
0
0
SEQEND
8
AI4M_02_EDGE_CHAIN
0
TEXT
8
AI4M_02_EDGE_CHAIN
10
875.0658036129216
20
-129.29972715625013
30
0
40
2.5
1
CHAIN_piece_03_bottom_cuff_edge_cuff_edge
1001
AI4MANUFACTURING
1000
WRITEBACK_PHASE=02_EDGE_CHAIN
1000
CHAIN=piece_03_bottom_cuff_edge
1000
PIECE_ID=piece_03
1000
EDGE=cuff_edge
1000
LINE_ROLE=net_boundary
1000
SOURCE=geometry_bbox_edge_chain_candidate
0
POLYLINE
8
AI4M_02_EDGE_CHAIN
66
1
70
0
1001
AI4MANUFACTURING
1000
WRITEBACK_PHASE=02_EDGE_CHAIN
1000
CHAIN=piece_03_right_side_seam
1000
PIECE_ID=piece_03
1000
EDGE=side_seam
1000
LINE_ROLE=net_boundary
1000
SOURCE=geometry_bbox_edge_chain_candidate
0
VERTEX
8
AI4M_02_EDGE_CHAIN
10
1121.0767026129215
20
-118.92420515625008
30
0
0
VERTEX
8
AI4M_02_EDGE_CHAIN
10
1122.7116186129215
20
-120.62786515624998
30
0
0
VERTEX
8
AI4M_02_EDGE_CHAIN
10
1124.446647612921
20
-122.08389415624993
30
0
0
VERTEX
8
AI4M_02_EDGE_CHAIN
10
1126.449299612922
20
-123.4218121562501
30
0
0
VERTEX
8
AI4M_02_EDGE_CHAIN
10
1128.775925612922
20
-124.66597215625006
30
0
0
VERTEX
8
AI4M_02_EDGE_CHAIN
10
1131.5814936129218
20
-125.87593015624998
30
0
0
VERTEX
8
AI4M_02_EDGE_CHAIN
10
1134.880260612922
20
-127.0142081562501
30
0
0
VERTEX
8
AI4M_02_EDGE_CHAIN
10
1138.5991476129211
20
-128.0211051562501
30
0
0
VERTEX
8
AI4M_02_EDGE_CHAIN
10
1142.8386016129216
20
-128.89639715625003
30
0
0
VERTEX
8
AI4M_02_EDGE_CHAIN
10
1147.0622436129215
20
-129.52415015625002
30
0
0
VERTEX
8
AI4M_02_EDGE_CHAIN
10
1158.011326612922
20
-130.66657015624992
30
0
0
VERTEX
8
AI4M_02_EDGE_CHAIN
10
1160.8309396129216
20
-131.02628915624996
30
0
0
VERTEX
8
AI4M_02_EDGE_CHAIN
10
1160.8309396129216
20
-131.02628915624996
30
0
0
VERTEX
8
AI4M_02_EDGE_CHAIN
10
1159.5643036129213
20
-146.93430415624994
30
0
0
VERTEX
8
AI4M_02_EDGE_CHAIN
10
1158.372767612921
20
-161.90736015624998
30
0
0
VERTEX
8
AI4M_02_EDGE_CHAIN
10
1157.1921026129212
20
-176.88127915625
30
0
0
VERTEX
8
AI4M_02_EDGE_CHAIN
10
1156.0205506129214
20
-191.85591715624992
30
0
0
VERTEX
8
AI4M_02_EDGE_CHAIN
10
1154.8138556129215
20
-207.38436315624995
30
0
0
VERTEX
8
AI4M_02_EDGE_CHAIN
10
1153.6581566129216
20
-222.36023015625005
30
0
0
VERTEX
8
AI4M_02_EDGE_CHAIN
10
1152.510904612921
20
-237.33674415625
30
0
0
VERTEX
8
AI4M_02_EDGE_CHAIN
10
1151.341189612921
20
-252.72919915625005
30
0
0
VERTEX
8
AI4M_02_EDGE_CHAIN
10
1150.211840612922
20
-267.7070711562501
30
0
0
VERTEX
8
AI4M_02_EDGE_CHAIN
10
1149.0903136129218
20
-282.68553615625
30
0
0
VERTEX
8
AI4M_02_EDGE_CHAIN
10
1147.9312096129215
20
-298.26505115625
30
0
0
VERTEX
8
AI4M_02_EDGE_CHAIN
10
1146.8248606129218
20
-313.24466015625
30
0
0
VERTEX
8
AI4M_02_EDGE_CHAIN
10
1145.7304436129216
20
-328.22513715624996
30
0
0
VERTEX
8
AI4M_02_EDGE_CHAIN
10
1144.6522196129217
20
-343.20677515625005
30
0
0
VERTEX
8
AI4M_02_EDGE_CHAIN
10
1143.5810276129223
20
-358.3671461562501
30
0
0
VERTEX
8
AI4M_02_EDGE_CHAIN
10
1142.5337106129218
20
-373.3509831562501
30
0
0
VERTEX
8
AI4M_02_EDGE_CHAIN
10
1142.0482336129216
20
-380.27617815625
30
0
0
VERTEX
8
AI4M_02_EDGE_CHAIN
10
1141.4752886129218
20
-388.44910715624997
30
0
0
VERTEX
8
AI4M_02_EDGE_CHAIN
10
1140.385085612922
20
-404.05008815625
30
0
0
VERTEX
8
AI4M_02_EDGE_CHAIN
10
1139.3591916129217
20
-419.03539815625004
30
0
0
VERTEX
8
AI4M_02_EDGE_CHAIN
10
1138.352446612921
20
-434.02202115625005
30
0
0
VERTEX
8
AI4M_02_EDGE_CHAIN
10
1137.3598416129216
20
-449.00960015625003
30
0
0
VERTEX
8
AI4M_02_EDGE_CHAIN
10
1136.3691986129215
20
-464.10868715624997
30
0
0
VERTEX
8
AI4M_02_EDGE_CHAIN
10
1135.392672612922
20
-479.09730715625005
30
0
0
VERTEX
8
AI4M_02_EDGE_CHAIN
10
1134.423465612922
20
-494.08639415625
30
0
0
VERTEX
8
AI4M_02_EDGE_CHAIN
10
1133.4793776129218
20
-508.80753915624996
30
0
0
VERTEX
8
AI4M_02_EDGE_CHAIN
10
1132.4835016129218
20
-524.47906815625
30
0
0
VERTEX
8
AI4M_02_EDGE_CHAIN
10
1131.5402616129222
20
-539.4698181562501
30
0
0
VERTEX
8
AI4M_02_EDGE_CHAIN
10
1130.6066466129214
20
-554.4611701562501
30
0
0
VERTEX
8
AI4M_02_EDGE_CHAIN
10
1129.658598612922
20
-569.85237715625
30
0
0
VERTEX
8
AI4M_02_EDGE_CHAIN
10
1128.7364106129216
20
-584.97132115625
30
0
0
VERTEX
8
AI4M_02_EDGE_CHAIN
10
1127.8143556129216
20
-600.20666315625
30
0
0
VERTEX
8
AI4M_02_EDGE_CHAIN
10
1126.9141266129218
20
-615.18630115625
30
0
0
VERTEX
8
AI4M_02_EDGE_CHAIN
10
1126.5872876129215
20
-620.65519615625
30
0
0
VERTEX
8
AI4M_02_EDGE_CHAIN
10
1127.4427566129216
20
-640.65519615625
30
0
0
SEQEND
8
AI4M_02_EDGE_CHAIN
0
TEXT
8
AI4M_02_EDGE_CHAIN
10
1121.0767026129215
20
-118.92420515625008
30
0
40
2.5
1
CHAIN_piece_03_right_side_seam_side_seam
1001
AI4MANUFACTURING
1000
WRITEBACK_PHASE=02_EDGE_CHAIN
1000
CHAIN=piece_03_right_side_seam
1000
PIECE_ID=piece_03
1000
EDGE=side_seam
1000
LINE_ROLE=net_boundary
1000
SOURCE=geometry_bbox_edge_chain_candidate
0
POLYLINE
8
AI4M_02_EDGE_CHAIN
66
1
70
0
1001
AI4MANUFACTURING
1000
WRITEBACK_PHASE=02_EDGE_CHAIN
1000
CHAIN=piece_03_top_sleeve_cap
1000
PIECE_ID=piece_03
1000
EDGE=sleeve_cap
1000
LINE_ROLE=net_boundary
1000
SOURCE=geometry_bbox_edge_chain_candidate
0
VERTEX
8
AI4M_02_EDGE_CHAIN
10
1127.4427566129216
20
-640.65519615625
30
0
0
VERTEX
8
AI4M_02_EDGE_CHAIN
10
1111.6408556129218
20
-640.53497415625
30
0
0
VERTEX
8
AI4M_02_EDGE_CHAIN
10
1096.341130612921
20
-640.4130451562501
30
0
0
VERTEX
8
AI4M_02_EDGE_CHAIN
10
1081.2432236129216
20
-640.2873711562501
30
0
0
VERTEX
8
AI4M_02_EDGE_CHAIN
10
1066.181756612922
20
-640.15566015625
30
0
0
VERTEX
8
AI4M_02_EDGE_CHAIN
10
1051.055391612922
20
-640.01555915625
30
0
0
VERTEX
8
AI4M_02_EDGE_CHAIN
10
1035.832947612921
20
-639.8669371562501
30
0
0
VERTEX
8
AI4M_02_EDGE_CHAIN
10
1020.6105686129222
20
-639.71159915625
30
0
0
VERTEX
8
AI4M_02_EDGE_CHAIN
10
1004.9792956129213
20
-639.54604615625
30
0
0
VERTEX
8
AI4M_02_EDGE_CHAIN
10
989.7570396129222
20
-639.3792651562501
30
0
0
VERTEX
8
AI4M_02_EDGE_CHAIN
10
974.5348476129211
20
-639.20684315625
30
0
0
VERTEX
8
AI4M_02_EDGE_CHAIN
10
959.0005086129213
20
-639.02491515625
30
0
0
VERTEX
8
AI4M_02_EDGE_CHAIN
10
943.5093976129219
20
-638.83818715625
30
0
0
VERTEX
8
AI4M_02_EDGE_CHAIN
10
928.6964046129215
20
-638.65588515625
30
0
0
VERTEX
8
AI4M_02_EDGE_CHAIN
10
920.5130686129214
20
-638.55363315625
30
0
0
SEQEND
8
AI4M_02_EDGE_CHAIN
0
TEXT
8
AI4M_02_EDGE_CHAIN
10
1127.4427566129216
20
-640.65519615625
30
0
40
2.5
1
CHAIN_piece_03_top_sleeve_cap_sleeve_cap
1001
AI4MANUFACTURING
1000
WRITEBACK_PHASE=02_EDGE_CHAIN
1000
CHAIN=piece_03_top_sleeve_cap
1000
PIECE_ID=piece_03
1000
EDGE=sleeve_cap
1000
LINE_ROLE=net_boundary
1000
SOURCE=geometry_bbox_edge_chain_candidate
0
POLYLINE
8
AI4M_02_EDGE_CHAIN
66
1
70
0
1001
AI4MANUFACTURING
1000
WRITEBACK_PHASE=02_EDGE_CHAIN
1000
CHAIN=piece_04_left_side_seam
1000
PIECE_ID=piece_04
1000
EDGE=side_seam
1000
LINE_ROLE=net_boundary
1000
SOURCE=geometry_bbox_edge_chain_candidate
0
VERTEX
8
AI4M_02_EDGE_CHAIN
10
-0.00016328125002473826
20
-749.9511755486484
30
0
0
VERTEX
8
AI4M_02_EDGE_CHAIN
10
-0.00016328125002473826
20
-705.4394565486484
30
0
0
VERTEX
8
AI4M_02_EDGE_CHAIN
10
-0.00016328125002473826
20
-660.9316435486484
30
0
0
SEQEND
8
AI4M_02_EDGE_CHAIN
0
TEXT
8
AI4M_02_EDGE_CHAIN
10
-0.00016328125002473826
20
-749.9511755486484
30
0
40
2.5
1
CHAIN_piece_04_left_side_seam_side_seam
1001
AI4MANUFACTURING
1000
WRITEBACK_PHASE=02_EDGE_CHAIN
1000
CHAIN=piece_04_left_side_seam
1000
PIECE_ID=piece_04
1000
EDGE=side_seam
1000
LINE_ROLE=net_boundary
1000
SOURCE=geometry_bbox_edge_chain_candidate
0
POLYLINE
8
AI4M_02_EDGE_CHAIN
66
1
70
0
1001
AI4MANUFACTURING
1000
WRITEBACK_PHASE=02_EDGE_CHAIN
1000
CHAIN=piece_04_bottom_hem
1000
PIECE_ID=piece_04
1000
EDGE=hem
1000
LINE_ROLE=net_boundary
1000
SOURCE=geometry_bbox_edge_chain_candidate
0
VERTEX
8
AI4M_02_EDGE_CHAIN
10
-0.00016328125002473826
20
-660.9316435486484
30
0
0
VERTEX
8
AI4M_02_EDGE_CHAIN
10
55.83137971875021
20
-660.9316435486484
30
0
0
VERTEX
8
AI4M_02_EDGE_CHAIN
10
128.18977871874995
20
-660.9316435486484
30
0
0
VERTEX
8
AI4M_02_EDGE_CHAIN
10
179.74690771875066
20
-660.9316435486484
30
0
0
VERTEX
8
AI4M_02_EDGE_CHAIN
10
232.60384071874978
20
-660.9316435486484
30
0
0
VERTEX
8
AI4M_02_EDGE_CHAIN
10
285.46126271875073
20
-660.9316435486484
30
0
0
VERTEX
8
AI4M_02_EDGE_CHAIN
10
337.0183917187496
20
-660.9316435486484
30
0
0
VERTEX
8
AI4M_02_EDGE_CHAIN
10
371.14436871875023
20
-660.9316435486484
30
0
0
SEQEND
8
AI4M_02_EDGE_CHAIN
0
TEXT
8
AI4M_02_EDGE_CHAIN
10
-0.00016328125002473826
20
-660.9316435486484
30
0
40
2.5
1
CHAIN_piece_04_bottom_hem_hem
1001
AI4MANUFACTURING
1000
WRITEBACK_PHASE=02_EDGE_CHAIN
1000
CHAIN=piece_04_bottom_hem
1000
PIECE_ID=piece_04
1000
EDGE=hem
1000
LINE_ROLE=net_boundary
1000
SOURCE=geometry_bbox_edge_chain_candidate
0
POLYLINE
8
AI4M_02_EDGE_CHAIN
66
1
70
0
1001
AI4MANUFACTURING
1000
WRITEBACK_PHASE=02_EDGE_CHAIN
1000
CHAIN=piece_04_right_side_seam
1000
PIECE_ID=piece_04
1000
EDGE=side_seam
1000
LINE_ROLE=net_boundary
1000
SOURCE=geometry_bbox_edge_chain_candidate
0
VERTEX
8
AI4M_02_EDGE_CHAIN
10
371.14436871875023
20
-660.9316435486484
30
0
0
VERTEX
8
AI4M_02_EDGE_CHAIN
10
371.14436871875023
20
-705.4394565486484
30
0
0
VERTEX
8
AI4M_02_EDGE_CHAIN
10
371.14436871875023
20
-723.2949255486484
30
0
0
VERTEX
8
AI4M_02_EDGE_CHAIN
10
371.14436871875023
20
-749.9511755486484
30
0
0
SEQEND
8
AI4M_02_EDGE_CHAIN
0
TEXT
8
AI4M_02_EDGE_CHAIN
10
371.14436871875023
20
-660.9316435486484
30
0
40
2.5
1
CHAIN_piece_04_right_side_seam_side_seam
1001
AI4MANUFACTURING
1000
WRITEBACK_PHASE=02_EDGE_CHAIN
1000
CHAIN=piece_04_right_side_seam
1000
PIECE_ID=piece_04
1000
EDGE=side_seam
1000
LINE_ROLE=net_boundary
1000
SOURCE=geometry_bbox_edge_chain_candidate
0
POLYLINE
8
AI4M_02_EDGE_CHAIN
66
1
70
0
1001
AI4MANUFACTURING
1000
WRITEBACK_PHASE=02_EDGE_CHAIN
1000
CHAIN=piece_01_left_side_seam
1000
PIECE_ID=piece_01
1000
EDGE=side_seam
1000
LINE_ROLE=net_boundary
1000
SOURCE=geometry_bbox_edge_chain_candidate
0
VERTEX
8
AI4M_02_EDGE_CHAIN
10
0.00020212500021443702
20
-234.25782562109373
30
0
0
VERTEX
8
AI4M_02_EDGE_CHAIN
10
6.821023124999556
20
-232.02100562109376
30
0
0
VERTEX
8
AI4M_02_EDGE_CHAIN
10
11.6072541249996
20
-230.48282662109375
30
0
0
VERTEX
8
AI4M_02_EDGE_CHAIN
10
15.154312124999706
20
-229.07685462109373
30
0
0
VERTEX
8
AI4M_02_EDGE_CHAIN
10
18.309207124999375
20
-227.57506062109383
30
0
0
VERTEX
8
AI4M_02_EDGE_CHAIN
10
21.08611112499966
20
-225.9927996210938
30
0
0
VERTEX
8
AI4M_02_EDGE_CHAIN
10
23.47652412500065
20
-224.34439262109368
30
0
0
VERTEX
8
AI4M_02_EDGE_CHAIN
10
25.640230125000016
20
-222.54436162109369
30
0
0
VERTEX
8
AI4M_02_EDGE_CHAIN
10
27.792100124999706
20
-220.41874862109375
30
0
0
VERTEX
8
AI4M_02_EDGE_CHAIN
10
29.810203125000044
20
-218.07675662109375
30
0
0
VERTEX
8
AI4M_02_EDGE_CHAIN
10
31.80137412499971
20
-215.36866162109368
30
0
0
VERTEX
8
AI4M_02_EDGE_CHAIN
10
33.58329112499996
20
-212.52448262109374
30
0
0
VERTEX
8
AI4M_02_EDGE_CHAIN
10
35.25400412499948
20
-209.37623862109376
30
0
0
VERTEX
8
AI4M_02_EDGE_CHAIN
10
36.6709111250002
20
-206.18215962109366
30
0
0
VERTEX
8
AI4M_02_EDGE_CHAIN
10
37.89050412500001
20
-202.82406162109373
30
0
0
VERTEX
8
AI4M_02_EDGE_CHAIN
10
38.92097612500038
20
-199.26601162109375
30
0
0
VERTEX
8
AI4M_02_EDGE_CHAIN
10
39.76598912500049
20
-195.45567762109374
30
0
0
VERTEX
8
AI4M_02_EDGE_CHAIN
10
40.44043012499969
20
-191.2086156210937
30
0
0
VERTEX
8
AI4M_02_EDGE_CHAIN
10
40.92755712500002
20
-186.5357166210938
30
0
0
VERTEX
8
AI4M_02_EDGE_CHAIN
10
41.114405124999394
20
-182.4362476210938
30
0
0
VERTEX
8
AI4M_02_EDGE_CHAIN
10
41.12617912499991
20
-178.16409662109368
30
0
0
VERTEX
8
AI4M_02_EDGE_CHAIN
10
41.12620812500063
20
-178.15789162109377
30
0
0
VERTEX
8
AI4M_02_EDGE_CHAIN
10
41.0825951249999
20
-172.27333462109368
30
0
0
VERTEX
8
AI4M_02_EDGE_CHAIN
10
40.71529012500014
20
-166.23553362109374
30
0
0
VERTEX
8
AI4M_02_EDGE_CHAIN
10
39.78193612500036
20
-155.68469962109373
30
0
0
VERTEX
8
AI4M_02_EDGE_CHAIN
10
38.84994412500055
20
-147.7562666210938
30
0
0
VERTEX
8
AI4M_02_EDGE_CHAIN
10
37.71214612499989
20
-140.1546776210937
30
0
0
VERTEX
8
AI4M_02_EDGE_CHAIN
10
36.06915212500007
20
-131.03148762109367
30
0
0
VERTEX
8
AI4M_02_EDGE_CHAIN
10
33.605964124999446
20
-118.91652962109379
30
0
0
VERTEX
8
AI4M_02_EDGE_CHAIN
10
30.394406125000387
20
-104.24132162109368
30
0
0
VERTEX
8
AI4M_02_EDGE_CHAIN
10
27.1078111249999
20
-90.03210462109382
30
0
0
VERTEX
8
AI4M_02_EDGE_CHAIN
10
24.093137124999885
20
-78.04217962109374
30
0
0
VERTEX
8
AI4M_02_EDGE_CHAIN
10
20.596319125000264
20
-65.2214116210937
30
0
0
VERTEX
8
AI4M_02_EDGE_CHAIN
10
16.543059125000582
20
-50.73566562109363
30
0
0
VERTEX
8
AI4M_02_EDGE_CHAIN
10
14.543171125000299
20
-43.41407562109384
30
0
0
SEQEND
8
AI4M_02_EDGE_CHAIN
0
TEXT
8
AI4M_02_EDGE_CHAIN
10
0.00020212500021443702
20
-234.25782562109373
30
0
40
2.5
1
CHAIN_piece_01_left_side_seam_side_seam
1001
AI4MANUFACTURING
1000
WRITEBACK_PHASE=02_EDGE_CHAIN
1000
CHAIN=piece_01_left_side_seam
1000
PIECE_ID=piece_01
1000
EDGE=side_seam
1000
LINE_ROLE=net_boundary
1000
SOURCE=geometry_bbox_edge_chain_candidate
0
POLYLINE
8
AI4M_02_EDGE_CHAIN
66
1
70
0
1001
AI4MANUFACTURING
1000
WRITEBACK_PHASE=02_EDGE_CHAIN
1000
CHAIN=piece_01_bottom_hem
1000
PIECE_ID=piece_01
1000
EDGE=hem
1000
LINE_ROLE=net_boundary
1000
SOURCE=geometry_bbox_edge_chain_candidate
0
VERTEX
8
AI4M_02_EDGE_CHAIN
10
14.543171125000299
20
-43.41407562109384
30
0
0
VERTEX
8
AI4M_02_EDGE_CHAIN
10
127.07783912500054
20
-0.00001262109367416997
30
0
0
VERTEX
8
AI4M_02_EDGE_CHAIN
10
127.07783912500054
20
-0.00001262109367416997
30
0
0
VERTEX
8
AI4M_02_EDGE_CHAIN
10
130.83484412500002
20
-5.174651621093744
30
0
0
VERTEX
8
AI4M_02_EDGE_CHAIN
10
134.6027601250007
20
-10.674868621093765
30
0
0
VERTEX
8
AI4M_02_EDGE_CHAIN
10
137.35173812500034
20
-14.054667621093813
30
0
0
VERTEX
8
AI4M_02_EDGE_CHAIN
10
138.72076212499996
20
-15.661085621093662
30
0
0
VERTEX
8
AI4M_02_EDGE_CHAIN
10
140.6759511250002
20
-17.55688662109378
30
0
0
VERTEX
8
AI4M_02_EDGE_CHAIN
10
142.97863012500056
20
-19.453396621093816
30
0
0
VERTEX
8
AI4M_02_EDGE_CHAIN
10
145.16340912499982
20
-20.93198862109375
30
0
0
VERTEX
8
AI4M_02_EDGE_CHAIN
10
147.86277312499988
20
-22.453535621093806
30
0
0
VERTEX
8
AI4M_02_EDGE_CHAIN
10
150.20275412499996
20
-23.511798621093703
30
0
0
VERTEX
8
AI4M_02_EDGE_CHAIN
10
152.22344412500024
20
-24.273487621093636
30
0
0
VERTEX
8
AI4M_02_EDGE_CHAIN
10
152.22504212500007
20
-24.274097621093688
30
0
0
VERTEX
8
AI4M_02_EDGE_CHAIN
10
155.4645691250007
20
-25.428961621093777
30
0
0
VERTEX
8
AI4M_02_EDGE_CHAIN
10
159.16047912500017
20
-26.374570621093653
30
0
0
VERTEX
8
AI4M_02_EDGE_CHAIN
10
163.63936212499993
20
-27.27735662109376
30
0
0
VERTEX
8
AI4M_02_EDGE_CHAIN
10
168.30038712500027
20
-27.949000621093774
30
0
0
VERTEX
8
AI4M_02_EDGE_CHAIN
10
173.82464312499997
20
-28.473942621093784
30
0
0
VERTEX
8
AI4M_02_EDGE_CHAIN
10
179.74629212499985
20
-28.783454621093824
30
0
0
VERTEX
8
AI4M_02_EDGE_CHAIN
10
190.63670812500004
20
-28.965398621093755
30
0
0
VERTEX
8
AI4M_02_EDGE_CHAIN
10
205.60498212499988
20
-29.039104621093657
30
0
0
VERTEX
8
AI4M_02_EDGE_CHAIN
10
208.6261791249999
20
-29.039075621093843
30
0
0
VERTEX
8
AI4M_02_EDGE_CHAIN
10
223.8232501250004
20
-28.988979621093677
30
0
0
VERTEX
8
AI4M_02_EDGE_CHAIN
10
237.03887612499966
20
-28.79815362109366
30
0
0
VERTEX
8
AI4M_02_EDGE_CHAIN
10
243.15008112499982
20
-28.494775621093822
30
0
0
VERTEX
8
AI4M_02_EDGE_CHAIN
10
248.62462212500031
20
-27.986166621093844
30
0
0
VERTEX
8
AI4M_02_EDGE_CHAIN
10
253.48810712500017
20
-27.298612621093753
30
0
0
VERTEX
8
AI4M_02_EDGE_CHAIN
10
257.7749431249995
20
-26.453477621093725
30
0
0
VERTEX
8
AI4M_02_EDGE_CHAIN
10
261.59743612500006
20
-25.462156621093754
30
0
0
VERTEX
8
AI4M_02_EDGE_CHAIN
10
265.06387212499976
20
-24.314460621093758
30
0
0
VERTEX
8
AI4M_02_EDGE_CHAIN
10
268.15117012500014
20
-23.035057621093756
30
0
0
VERTEX
8
AI4M_02_EDGE_CHAIN
10
270.9360081249997
20
-21.614636621093723
30
0
0
VERTEX
8
AI4M_02_EDGE_CHAIN
10
273.3160841250001
20
-20.139203621093657
30
0
0
VERTEX
8
AI4M_02_EDGE_CHAIN
10
275.4178681249996
20
-18.552198621093794
30
0
0
VERTEX
8
AI4M_02_EDGE_CHAIN
10
277.6950351249998
20
-16.516520621093832
30
0
0
VERTEX
8
AI4M_02_EDGE_CHAIN
10
279.3697911250001
20
-14.707576621093722
30
0
0
VERTEX
8
AI4M_02_EDGE_CHAIN
10
279.90109312499953
20
-14.054685621093768
30
0
0
VERTEX
8
AI4M_02_EDGE_CHAIN
10
283.0448651249999
20
-10.14141262109365
30
0
0
VERTEX
8
AI4M_02_EDGE_CHAIN
10
288.3913351249994
20
-2.3935796210937497
30
0
0
VERTEX
8
AI4M_02_EDGE_CHAIN
10
290.17500712499987
20
-0.00001262109367416997
30
0
0
VERTEX
8
AI4M_02_EDGE_CHAIN
10
290.17500712499987
20
-0.00001262109367416997
30
0
0
VERTEX
8
AI4M_02_EDGE_CHAIN
10
402.7101631250007
20
-43.41407562109384
30
0
0
SEQEND
8
AI4M_02_EDGE_CHAIN
0
TEXT
8
AI4M_02_EDGE_CHAIN
10
14.543171125000299
20
-43.41407562109384
30
0
40
2.5
1
CHAIN_piece_01_bottom_hem_hem
1001
AI4MANUFACTURING
1000
WRITEBACK_PHASE=02_EDGE_CHAIN
1000
CHAIN=piece_01_bottom_hem
1000
PIECE_ID=piece_01
1000
EDGE=hem
1000
LINE_ROLE=net_boundary
1000
SOURCE=geometry_bbox_edge_chain_candidate
0
POLYLINE
8
AI4M_02_EDGE_CHAIN
66
1
70
0
1001
AI4MANUFACTURING
1000
WRITEBACK_PHASE=02_EDGE_CHAIN
1000
CHAIN=piece_01_right_side_seam
1000
PIECE_ID=piece_01
1000
EDGE=side_seam
1000
LINE_ROLE=net_boundary
1000
SOURCE=geometry_bbox_edge_chain_candidate
0
VERTEX
8
AI4M_02_EDGE_CHAIN
10
402.7101631250007
20
-43.41407562109384
30
0
0
VERTEX
8
AI4M_02_EDGE_CHAIN
10
398.6810081250005
20
-58.02759362109373
30
0
0
VERTEX
8
AI4M_02_EDGE_CHAIN
10
394.6336321250001
20
-72.52366162109365
30
0
0
VERTEX
8
AI4M_02_EDGE_CHAIN
10
391.5539311249995
20
-84.30434462109383
30
0
0
VERTEX
8
AI4M_02_EDGE_CHAIN
10
388.57123712500015
20
-96.70223762109367
30
0
0
VERTEX
8
AI4M_02_EDGE_CHAIN
10
385.2611531250004
20
-111.45778762109376
30
0
0
VERTEX
8
AI4M_02_EDGE_CHAIN
10
382.19293712499984
20
-125.91797662109377
30
0
0
VERTEX
8
AI4M_02_EDGE_CHAIN
10
380.1780531250006
20
-136.44877262109367
30
0
0
VERTEX
8
AI4M_02_EDGE_CHAIN
10
378.85493812499953
20
-144.53608162109367
30
0
0
VERTEX
8
AI4M_02_EDGE_CHAIN
10
377.8423041249998
20
-152.26440362109372
30
0
0
VERTEX
8
AI4M_02_EDGE_CHAIN
10
376.9714541249996
20
-160.9807246210937
30
0
0
VERTEX
8
AI4M_02_EDGE_CHAIN
10
376.26286012499986
20
-170.28524062109375
30
0
0
VERTEX
8
AI4M_02_EDGE_CHAIN
10
376.1095771250002
20
-175.09376262109367
30
0
0
VERTEX
8
AI4M_02_EDGE_CHAIN
10
376.12663512499967
20
-178.15716962109377
30
0
0
VERTEX
8
AI4M_02_EDGE_CHAIN
10
376.1266671249996
20
-178.16402262109375
30
0
0
VERTEX
8
AI4M_02_EDGE_CHAIN
10
376.2181681250004
20
-184.85337262109374
30
0
0
VERTEX
8
AI4M_02_EDGE_CHAIN
10
376.56537212500007
20
-189.1408096210937
30
0
0
VERTEX
8
AI4M_02_EDGE_CHAIN
10
377.1845531250001
20
-193.74231862109377
30
0
0
VERTEX
8
AI4M_02_EDGE_CHAIN
10
377.9524661249998
20
-197.69265562109376
30
0
0
VERTEX
8
AI4M_02_EDGE_CHAIN
10
378.9020581250006
20
-201.33985662109376
30
0
0
VERTEX
8
AI4M_02_EDGE_CHAIN
10
380.08946812500017
20
-204.91070362109372
30
0
0
VERTEX
8
AI4M_02_EDGE_CHAIN
10
381.45058812500065
20
-208.2103346210938
30
0
0
VERTEX
8
AI4M_02_EDGE_CHAIN
10
383.0431821250004
20
-211.40848962109374
30
0
0
VERTEX
8
AI4M_02_EDGE_CHAIN
10
384.78737012500005
20
-214.36159662109367
30
0
0
VERTEX
8
AI4M_02_EDGE_CHAIN
10
386.70334812500005
20
-217.1219446210937
30
0
0
VERTEX
8
AI4M_02_EDGE_CHAIN
10
388.7375621249994
20
-219.62112262109372
30
0
0
VERTEX
8
AI4M_02_EDGE_CHAIN
10
390.8751161250002
20
-221.85590562109383
30
0
0
VERTEX
8
AI4M_02_EDGE_CHAIN
10
393.04121012500036
20
-223.76841862109382
30
0
0
VERTEX
8
AI4M_02_EDGE_CHAIN
10
395.3086541249995
20
-225.4370096210937
30
0
0
VERTEX
8
AI4M_02_EDGE_CHAIN
10
397.834046125
20
-226.9772636210937
30
0
0
VERTEX
8
AI4M_02_EDGE_CHAIN
10
400.90152512500026
20
-228.53834662109375
30
0
0
VERTEX
8
AI4M_02_EDGE_CHAIN
10
404.33674812500067
20
-229.99524562109377
30
0
0
VERTEX
8
AI4M_02_EDGE_CHAIN
10
407.9374131250006
20
-231.2555876210938
30
0
0
VERTEX
8
AI4M_02_EDGE_CHAIN
10
415.2481701249999
20
-233.56785362109372
30
0
0
VERTEX
8
AI4M_02_EDGE_CHAIN
10
417.25313212499987
20
-234.25782562109373
30
0
0
SEQEND
8
AI4M_02_EDGE_CHAIN
0
TEXT
8
AI4M_02_EDGE_CHAIN
10
402.7101631250007
20
-43.41407562109384
30
0
40
2.5
1
CHAIN_piece_01_right_side_seam_side_seam
1001
AI4MANUFACTURING
1000
WRITEBACK_PHASE=02_EDGE_CHAIN
1000
CHAIN=piece_01_right_side_seam
1000
PIECE_ID=piece_01
1000
EDGE=side_seam
1000
LINE_ROLE=net_boundary
1000
SOURCE=geometry_bbox_edge_chain_candidate
0
POLYLINE
8
AI4M_02_EDGE_CHAIN
66
1
70
0
1001
AI4MANUFACTURING
1000
WRITEBACK_PHASE=02_EDGE_CHAIN
1000
CHAIN=piece_01_top_front_neckline
1000
PIECE_ID=piece_01
1000
EDGE=front_neckline
1000
LINE_ROLE=net_boundary
1000
SOURCE=geometry_bbox_edge_chain_candidate
0
VERTEX
8
AI4M_02_EDGE_CHAIN
10
392.60274112499974
20
-527.5976696210937
30
0
0
VERTEX
8
AI4M_02_EDGE_CHAIN
10
376.71330512500026
20
-528.1083476210938
30
0
0
VERTEX
8
AI4M_02_EDGE_CHAIN
10
360.8793721250004
20
-528.5630596210938
30
0
0
VERTEX
8
AI4M_02_EDGE_CHAIN
10
345.416260125
20
-528.9490346210937
30
0
0
VERTEX
8
AI4M_02_EDGE_CHAIN
10
330.27497412499997
20
-529.2561216210937
30
0
0
VERTEX
8
AI4M_02_EDGE_CHAIN
10
314.4249681250003
20
-529.5114136210938
30
0
0
VERTEX
8
AI4M_02_EDGE_CHAIN
10
298.57410012499986
20
-529.7226166210937
30
0
0
VERTEX
8
AI4M_02_EDGE_CHAIN
10
283.04752712499976
20
-529.9087726210937
30
0
0
VERTEX
8
AI4M_02_EDGE_CHAIN
10
267.19633112500014
20
-530.0810416210937
30
0
0
VERTEX
8
AI4M_02_EDGE_CHAIN
10
251.34496712500004
20
-530.2225466210937
30
0
0
VERTEX
8
AI4M_02_EDGE_CHAIN
10
236.23358612499942
20
-530.3168036210938
30
0
0
VERTEX
8
AI4M_02_EDGE_CHAIN
10
220.94402512499983
20
-530.3723786210937
30
0
0
VERTEX
8
AI4M_02_EDGE_CHAIN
10
208.6261791249999
20
-530.3945446210937
30
0
0
VERTEX
8
AI4M_02_EDGE_CHAIN
10
192.6096541249999
20
-530.3618816210937
30
0
0
VERTEX
8
AI4M_02_EDGE_CHAIN
10
176.6248101250003
20
-530.2940236210937
30
0
0
VERTEX
8
AI4M_02_EDGE_CHAIN
10
160.78467812500003
20
-530.1809946210938
30
0
0
VERTEX
8
AI4M_02_EDGE_CHAIN
10
144.9333821250002
20
-530.0280826210937
30
0
0
VERTEX
8
AI4M_02_EDGE_CHAIN
10
129.0822151249995
20
-529.8487326210937
30
0
0
VERTEX
8
AI4M_02_EDGE_CHAIN
10
113.95111512499989
20
-529.6628146210937
30
0
0
VERTEX
8
AI4M_02_EDGE_CHAIN
10
98.1004401250002
20
-529.4409696210937
30
0
0
VERTEX
8
AI4M_02_EDGE_CHAIN
10
82.25081112499993
20
-529.1678866210938
30
0
0
VERTEX
8
AI4M_02_EDGE_CHAIN
10
66.7567671249999
20
-528.8295406210938
30
0
0
VERTEX
8
AI4M_02_EDGE_CHAIN
10
51.67657112500001
20
-528.4338656210937
30
0
0
VERTEX
8
AI4M_02_EDGE_CHAIN
10
36.86533412500012
20
-527.9953286210937
30
0
0
VERTEX
8
AI4M_02_EDGE_CHAIN
10
24.64961612499974
20
-527.5976696210937
30
0
0
SEQEND
8
AI4M_02_EDGE_CHAIN
0
TEXT
8
AI4M_02_EDGE_CHAIN
10
392.60274112499974
20
-527.5976696210937
30
0
40
2.5
1
CHAIN_piece_01_top_front_neckline_front_neckline
1001
AI4MANUFACTURING
1000
WRITEBACK_PHASE=02_EDGE_CHAIN
1000
CHAIN=piece_01_top_front_neckline
1000
PIECE_ID=piece_01
1000
EDGE=front_neckline
1000
LINE_ROLE=net_boundary
1000
SOURCE=geometry_bbox_edge_chain_candidate
0
POLYLINE
8
AI4M_02_EDGE_CHAIN
66
1
70
0
1001
AI4MANUFACTURING
1000
WRITEBACK_PHASE=02_EDGE_CHAIN
1000
CHAIN=piece_02_left_side_seam
1000
PIECE_ID=piece_02
1000
EDGE=side_seam
1000
LINE_ROLE=net_boundary
1000
SOURCE=geometry_bbox_edge_chain_candidate
0
VERTEX
8
AI4M_02_EDGE_CHAIN
10
437.5294751658357
20
-215.2148239882813
30
0
0
VERTEX
8
AI4M_02_EDGE_CHAIN
10
446.09270216583536
20
-214.14463298828127
30
0
0
VERTEX
8
AI4M_02_EDGE_CHAIN
10
453.1543181658353
20
-213.34186498828126
30
0
0
VERTEX
8
AI4M_02_EDGE_CHAIN
10
457.26457616583593
20
-212.63392798828124
30
0
0
VERTEX
8
AI4M_02_EDGE_CHAIN
10
461.11222616583564
20
-211.72250698828134
30
0
0
VERTEX
8
AI4M_02_EDGE_CHAIN
10
464.9144421658357
20
-210.56949098828125
30
0
0
VERTEX
8
AI4M_02_EDGE_CHAIN
10
468.215423165836
20
-209.3258149882813
30
0
0
VERTEX
8
AI4M_02_EDGE_CHAIN
10
471.03030416583533
20
-208.0136329882812
30
0
0
VERTEX
8
AI4M_02_EDGE_CHAIN
10
473.34038416583553
20
-206.6765389882812
30
0
0
VERTEX
8
AI4M_02_EDGE_CHAIN
10
475.22837616583547
20
-205.31476498828124
30
0
0
VERTEX
8
AI4M_02_EDGE_CHAIN
10
475.22837616583547
20
-205.31476498828124
30
0
0
VERTEX
8
AI4M_02_EDGE_CHAIN
10
476.8428001658349
20
-203.84852398828127
30
0
0
VERTEX
8
AI4M_02_EDGE_CHAIN
10
478.41394116583524
20
-202.0737509882813
30
0
0
VERTEX
8
AI4M_02_EDGE_CHAIN
10
479.85825016583567
20
-200.05390898828125
30
0
0
VERTEX
8
AI4M_02_EDGE_CHAIN
10
481.20693916583514
20
-197.72479198828125
30
0
0
VERTEX
8
AI4M_02_EDGE_CHAIN
10
482.45508516583595
20
-195.04913098828126
30
0
0
VERTEX
8
AI4M_02_EDGE_CHAIN
10
483.56857116583524
20
-192.04737898828125
30
0
0
VERTEX
8
AI4M_02_EDGE_CHAIN
10
484.5234041658359
20
-188.74500698828126
30
0
0
VERTEX
8
AI4M_02_EDGE_CHAIN
10
485.30830316583524
20
-185.14369998828124
30
0
0
VERTEX
8
AI4M_02_EDGE_CHAIN
10
485.93282016583544
20
-181.04847198828134
30
0
0
VERTEX
8
AI4M_02_EDGE_CHAIN
10
486.37058316583534
20
-176.56839598828128
30
0
0
VERTEX
8
AI4M_02_EDGE_CHAIN
10
486.48430416583597
20
-173.09737198828134
30
0
0
VERTEX
8
AI4M_02_EDGE_CHAIN
10
486.48553016583537
20
-171.79282198828128
30
0
0
VERTEX
8
AI4M_02_EDGE_CHAIN
10
486.4855511658352
20
-171.78711798828135
30
0
0
VERTEX
8
AI4M_02_EDGE_CHAIN
10
486.45044816583595
20
-166.42401298828122
30
0
0
VERTEX
8
AI4M_02_EDGE_CHAIN
10
486.10459216583513
20
-161.5860899882813
30
0
0
VERTEX
8
AI4M_02_EDGE_CHAIN
10
485.40515916583536
20
-155.32078198828128
30
0
0
VERTEX
8
AI4M_02_EDGE_CHAIN
10
484.4028491658355
20
-148.67985398828125
30
0
0
VERTEX
8
AI4M_02_EDGE_CHAIN
10
483.0421831658359
20
-141.3064509882813
30
0
0
VERTEX
8
AI4M_02_EDGE_CHAIN
10
481.8674931658352
20
-136.13231098828123
30
0
0
VERTEX
8
AI4M_02_EDGE_CHAIN
10
481.2223771658355
20
-133.59385098828125
30
0
0
VERTEX
8
AI4M_02_EDGE_CHAIN
10
481.2211481658351
20
-133.58898198828126
30
0
0
VERTEX
8
AI4M_02_EDGE_CHAIN
10
479.2929511658358
20
-126.17509798828132
30
0
0
VERTEX
8
AI4M_02_EDGE_CHAIN
10
477.27801016583544
20
-119.64060498828121
30
0
0
VERTEX
8
AI4M_02_EDGE_CHAIN
10
474.3809621658356
20
-111.0985579882813
30
0
0
VERTEX
8
AI4M_02_EDGE_CHAIN
10
471.279551165836
20
-102.72596898828124
30
0
0
VERTEX
8
AI4M_02_EDGE_CHAIN
10
467.2747061658347
20
-92.6842399882812
30
0
0
VERTEX
8
AI4M_02_EDGE_CHAIN
10
462.3989141658358
20
-81.16068298828122
30
0
0
VERTEX
8
AI4M_02_EDGE_CHAIN
10
456.78924116583494
20
-68.09372998828121
30
0
0
SEQEND
8
AI4M_02_EDGE_CHAIN
0
TEXT
8
AI4M_02_EDGE_CHAIN
10
437.5294751658357
20
-215.2148239882813
30
0
40
2.5
1
CHAIN_piece_02_left_side_seam_side_seam
1001
AI4MANUFACTURING
1000
WRITEBACK_PHASE=02_EDGE_CHAIN
1000
CHAIN=piece_02_left_side_seam
1000
PIECE_ID=piece_02
1000
EDGE=side_seam
1000
LINE_ROLE=net_boundary
1000
SOURCE=geometry_bbox_edge_chain_candidate
0
POLYLINE
8
AI4M_02_EDGE_CHAIN
66
1
70
0
1001
AI4MANUFACTURING
1000
WRITEBACK_PHASE=02_EDGE_CHAIN
1000
CHAIN=piece_02_bottom_hem
1000
PIECE_ID=piece_02
1000
EDGE=hem
1000
LINE_ROLE=net_boundary
1000
SOURCE=geometry_bbox_edge_chain_candidate
0
VERTEX
8
AI4M_02_EDGE_CHAIN
10
456.78924116583494
20
-68.09372998828121
30
0
0
VERTEX
8
AI4M_02_EDGE_CHAIN
10
562.8971511658356
20
0.0000200117187887372
30
0
0
VERTEX
8
AI4M_02_EDGE_CHAIN
10
562.8971511658356
20
0.0000200117187887372
30
0
0
VERTEX
8
AI4M_02_EDGE_CHAIN
10
566.2676451658353
20
-14.752349988281367
30
0
0
VERTEX
8
AI4M_02_EDGE_CHAIN
10
568.3339351658351
20
-23.495431988281325
30
0
0
VERTEX
8
AI4M_02_EDGE_CHAIN
10
570.0541371658355
20
-29.789600988281336
30
0
0
VERTEX
8
AI4M_02_EDGE_CHAIN
10
571.8309241658353
20
-35.39450598828125
30
0
0
VERTEX
8
AI4M_02_EDGE_CHAIN
10
573.6916361658359
20
-40.479903988281194
30
0
0
VERTEX
8
AI4M_02_EDGE_CHAIN
10
575.6745801658353
20
-45.205931988281236
30
0
0
VERTEX
8
AI4M_02_EDGE_CHAIN
10
577.7877391658358
20
-49.624584988281185
30
0
0
VERTEX
8
AI4M_02_EDGE_CHAIN
10
580.0139781658354
20
-53.72663598828126
30
0
0
VERTEX
8
AI4M_02_EDGE_CHAIN
10
582.5608111658357
20
-57.89967198828117
30
0
0
VERTEX
8
AI4M_02_EDGE_CHAIN
10
584.8255171658357
20
-61.19407798828138
30
0
0
VERTEX
8
AI4M_02_EDGE_CHAIN
10
588.0122891658348
20
-65.23281898828122
30
0
0
VERTEX
8
AI4M_02_EDGE_CHAIN
10
588.2526731658354
20
-65.53336498828116
30
0
0
VERTEX
8
AI4M_02_EDGE_CHAIN
10
588.2541781658356
20
-65.53525398828128
30
0
0
VERTEX
8
AI4M_02_EDGE_CHAIN
10
590.1326201658349
20
-67.75676198828137
30
0
0
VERTEX
8
AI4M_02_EDGE_CHAIN
10
592.8348401658359
20
-70.50247598828128
30
0
0
VERTEX
8
AI4M_02_EDGE_CHAIN
10
595.792828165836
20
-73.19063098828133
30
0
0
VERTEX
8
AI4M_02_EDGE_CHAIN
10
598.6922861658359
20
-75.49473798828126
30
0
0
VERTEX
8
AI4M_02_EDGE_CHAIN
10
601.9025741658352
20
-77.72839298828126
30
0
0
VERTEX
8
AI4M_02_EDGE_CHAIN
10
605.2730331658358
20
-79.77529398828119
30
0
0
VERTEX
8
AI4M_02_EDGE_CHAIN
10
608.8132771658356
20
-81.63207398828126
30
0
0
VERTEX
8
AI4M_02_EDGE_CHAIN
10
612.5077141658358
20
-83.28766598828133
30
0
0
VERTEX
8
AI4M_02_EDGE_CHAIN
10
616.3715221658358
20
-84.74172298828125
30
0
0
VERTEX
8
AI4M_02_EDGE_CHAIN
10
620.6520201658359
20
-86.07840098828137
30
0
0
VERTEX
8
AI4M_02_EDGE_CHAIN
10
625.3188951658349
20
-87.27339298828133
30
0
0
VERTEX
8
AI4M_02_EDGE_CHAIN
10
630.2918401658353
20
-88.28793398828134
30
0
0
VERTEX
8
AI4M_02_EDGE_CHAIN
10
635.614876165836
20
-89.12351598828127
30
0
0
VERTEX
8
AI4M_02_EDGE_CHAIN
10
640.4355071658347
20
-89.64305598828128
30
0
0
VERTEX
8
AI4M_02_EDGE_CHAIN
10
646.1593581658353
20
-89.9804489882813
30
0
0
VERTEX
8
AI4M_02_EDGE_CHAIN
10
652.5068001658356
20
-89.59022598828119
30
0
0
VERTEX
8
AI4M_02_EDGE_CHAIN
10
657.2786191658352
20
-89.0455089882812
30
0
0
VERTEX
8
AI4M_02_EDGE_CHAIN
10
662.6766111658353
20
-88.16904698828125
30
0
0
VERTEX
8
AI4M_02_EDGE_CHAIN
10
667.6466561658353
20
-87.12266898828125
30
0
0
VERTEX
8
AI4M_02_EDGE_CHAIN
10
672.3050891658359
20
-85.89479498828132
30
0
0
VERTEX
8
AI4M_02_EDGE_CHAIN
10
676.5531921658358
20
-84.53082598828132
30
0
0
VERTEX
8
AI4M_02_EDGE_CHAIN
10
680.3523231658355
20
-83.0620319882812
30
0
0
VERTEX
8
AI4M_02_EDGE_CHAIN
10
684.0123731658359
20
-81.38343698828135
30
0
0
VERTEX
8
AI4M_02_EDGE_CHAIN
10
687.5360801658353
20
-79.49553798828128
30
0
0
VERTEX
8
AI4M_02_EDGE_CHAIN
10
690.8901421658347
20
-77.41712898828132
30
0
0
VERTEX
8
AI4M_02_EDGE_CHAIN
10
694.106706165835
20
-75.13429798828133
30
0
0
VERTEX
8
AI4M_02_EDGE_CHAIN
10
696.9820371658352
20
-72.79859498828137
30
0
0
VERTEX
8
AI4M_02_EDGE_CHAIN
10
696.9820371658352
20
-72.79859498828137
30
0
0
VERTEX
8
AI4M_02_EDGE_CHAIN
10
699.9264481658347
20
-70.0741989882813
30
0
0
VERTEX
8
AI4M_02_EDGE_CHAIN
10
702.5599911658355
20
-67.34237298828134
30
0
0
VERTEX
8
AI4M_02_EDGE_CHAIN
10
704.064758165835
20
-65.53497698828119
30
0
0
VERTEX
8
AI4M_02_EDGE_CHAIN
10
704.0652961658352
20
-65.53430198828119
30
0
0
VERTEX
8
AI4M_02_EDGE_CHAIN
10
707.0033241658357
20
-61.84848098828138
30
0
0
VERTEX
8
AI4M_02_EDGE_CHAIN
10
709.1841181658356
20
-58.774497988281155
30
0
0
VERTEX
8
AI4M_02_EDGE_CHAIN
10
711.7004091658355
20
-54.76071898828127
30
0
0
VERTEX
8
AI4M_02_EDGE_CHAIN
10
714.0349591658351
20
-50.584320988281206
30
0
0
VERTEX
8
AI4M_02_EDGE_CHAIN
10
716.1868551658354
20
-46.21234298828131
30
0
0
VERTEX
8
AI4M_02_EDGE_CHAIN
10
718.2187141658351
20
-41.507164988281374
30
0
0
VERTEX
8
AI4M_02_EDGE_CHAIN
10
720.0913761658348
20
-36.54050498828133
30
0
0
VERTEX
8
AI4M_02_EDGE_CHAIN
10
721.8718111658354
20
-31.102079988281275
30
0
0
VERTEX
8
AI4M_02_EDGE_CHAIN
10
723.5737501658359
20
-25.08594198828132
30
0
0
VERTEX
8
AI4M_02_EDGE_CHAIN
10
725.4084781658357
20
-17.582774988281244
30
0
0
VERTEX
8
AI4M_02_EDGE_CHAIN
10
728.7362551658352
20
-2.9270369882813156
30
0
0
VERTEX
8
AI4M_02_EDGE_CHAIN
10
729.4220531658348
20
0.0000200117187887372
30
0
0
VERTEX
8
AI4M_02_EDGE_CHAIN
10
729.4220531658348
20
0.0000200117187887372
30
0
0
VERTEX
8
AI4M_02_EDGE_CHAIN
10
835.5294751658357
20
-68.09372998828121
30
0
0
SEQEND
8
AI4M_02_EDGE_CHAIN
0
TEXT
8
AI4M_02_EDGE_CHAIN
10
456.78924116583494
20
-68.09372998828121
30
0
40
2.5
1
CHAIN_piece_02_bottom_hem_hem
1001
AI4MANUFACTURING
1000
WRITEBACK_PHASE=02_EDGE_CHAIN
1000
CHAIN=piece_02_bottom_hem
1000
PIECE_ID=piece_02
1000
EDGE=hem
1000
LINE_ROLE=net_boundary
1000
SOURCE=geometry_bbox_edge_chain_candidate
0
POLYLINE
8
AI4M_02_EDGE_CHAIN
66
1
70
0
1001
AI4MANUFACTURING
1000
WRITEBACK_PHASE=02_EDGE_CHAIN
1000
CHAIN=piece_02_right_side_seam
1000
PIECE_ID=piece_02
1000
EDGE=side_seam
1000
LINE_ROLE=net_boundary
1000
SOURCE=geometry_bbox_edge_chain_candidate
0
VERTEX
8
AI4M_02_EDGE_CHAIN
10
835.5294751658357
20
-68.09372998828121
30
0
0
VERTEX
8
AI4M_02_EDGE_CHAIN
10
829.5403331658354
20
-82.03901298828123
30
0
0
VERTEX
8
AI4M_02_EDGE_CHAIN
10
824.7133631658353
20
-93.49024198828124
30
0
0
VERTEX
8
AI4M_02_EDGE_CHAIN
10
820.7773891658353
20
-103.4084039882813
30
0
0
VERTEX
8
AI4M_02_EDGE_CHAIN
10
817.714082165835
20
-111.73280598828126
30
0
0
VERTEX
8
AI4M_02_EDGE_CHAIN
10
814.8322591658352
20
-120.28676598828133
30
0
0
VERTEX
8
AI4M_02_EDGE_CHAIN
10
812.8538251658347
20
-126.7819559882812
30
0
0
VERTEX
8
AI4M_02_EDGE_CHAIN
10
811.0975071658349
20
-133.58922498828133
30
0
0
VERTEX
8
AI4M_02_EDGE_CHAIN
10
811.0963531658354
20
-133.59379698828127
30
0
0
VERTEX
8
AI4M_02_EDGE_CHAIN
10
809.9281621658347
20
-138.30049698828134
30
0
0
VERTEX
8
AI4M_02_EDGE_CHAIN
10
808.7319221658354
20
-144.09476798828132
30
0
0
VERTEX
8
AI4M_02_EDGE_CHAIN
10
807.4422851658355
20
-151.62045298828127
30
0
0
VERTEX
8
AI4M_02_EDGE_CHAIN
10
806.5970741658357
20
-157.89490998828126
30
0
0
VERTEX
8
AI4M_02_EDGE_CHAIN
10
806.0049721658352
20
-164.10047198828124
30
0
0
VERTEX
8
AI4M_02_EDGE_CHAIN
10
805.8175611658353
20
-168.2656049882812
30
0
0
VERTEX
8
AI4M_02_EDGE_CHAIN
10
805.8331631658357
20
-171.78663498828132
30
0
0
VERTEX
8
AI4M_02_EDGE_CHAIN
10
805.8331861658353
20
-171.7928549882813
30
0
0
VERTEX
8
AI4M_02_EDGE_CHAIN
10
805.9193731658352
20
-176.10198998828128
30
0
0
VERTEX
8
AI4M_02_EDGE_CHAIN
10
806.300858165835
20
-180.33638098828123
30
0
0
VERTEX
8
AI4M_02_EDGE_CHAIN
10
806.9056411658357
20
-184.56066098828126
30
0
0
VERTEX
8
AI4M_02_EDGE_CHAIN
10
807.685355165836
20
-188.30083798828127
30
0
0
VERTEX
8
AI4M_02_EDGE_CHAIN
10
808.647708165835
20
-191.72986998828128
30
0
0
VERTEX
8
AI4M_02_EDGE_CHAIN
10
809.7525661658356
20
-194.77937998828133
30
0
0
VERTEX
8
AI4M_02_EDGE_CHAIN
10
811.003150165835
20
-197.5144939882813
30
0
0
VERTEX
8
AI4M_02_EDGE_CHAIN
10
812.3691821658349
20
-199.91094298828125
30
0
0
VERTEX
8
AI4M_02_EDGE_CHAIN
10
813.8089761658348
20
-201.95187198828125
30
0
0
VERTEX
8
AI4M_02_EDGE_CHAIN
10
815.3781881658351
20
-203.74897398828125
30
0
0
VERTEX
8
AI4M_02_EDGE_CHAIN
10
817.021021165835
20
-205.25829098828126
30
0
0
VERTEX
8
AI4M_02_EDGE_CHAIN
10
817.021021165835
20
-205.25829098828126
30
0
0
VERTEX
8
AI4M_02_EDGE_CHAIN
10
818.8575561658354
20
-206.59802798828127
30
0
0
VERTEX
8
AI4M_02_EDGE_CHAIN
10
821.1578421658351
20
-207.9453219882812
30
0
0
VERTEX
8
AI4M_02_EDGE_CHAIN
10
823.8333221658349
20
-209.21165998828133
30
0
0
VERTEX
8
AI4M_02_EDGE_CHAIN
10
827.0952261658358
20
-210.4636499882813
30
0
0
VERTEX
8
AI4M_02_EDGE_CHAIN
10
830.8362261658358
20
-211.62129098828132
30
0
0
VERTEX
8
AI4M_02_EDGE_CHAIN
10
834.696179165835
20
-212.5597859882812
30
0
0
VERTEX
8
AI4M_02_EDGE_CHAIN
10
838.7067001658352
20
-213.27530798828127
30
0
0
VERTEX
8
AI4M_02_EDGE_CHAIN
10
843.9803291658354
20
-213.91108598828123
30
0
0
VERTEX
8
AI4M_02_EDGE_CHAIN
10
851.6298501658357
20
-214.7862869882813
30
0
0
VERTEX
8
AI4M_02_EDGE_CHAIN
10
854.7892411658349
20
-215.2148239882813
30
0
0
SEQEND
8
AI4M_02_EDGE_CHAIN
0
TEXT
8
AI4M_02_EDGE_CHAIN
10
835.5294751658357
20
-68.09372998828121
30
0
40
2.5
1
CHAIN_piece_02_right_side_seam_side_seam
1001
AI4MANUFACTURING
1000
WRITEBACK_PHASE=02_EDGE_CHAIN
1000
CHAIN=piece_02_right_side_seam
1000
PIECE_ID=piece_02
1000
EDGE=side_seam
1000
LINE_ROLE=net_boundary
1000
SOURCE=geometry_bbox_edge_chain_candidate
0
POLYLINE
8
AI4M_02_EDGE_CHAIN
66
1
70
0
1001
AI4MANUFACTURING
1000
WRITEBACK_PHASE=02_EDGE_CHAIN
1000
CHAIN=piece_02_top_back_neckline
1000
PIECE_ID=piece_02
1000
EDGE=back_neckline
1000
LINE_ROLE=net_boundary
1000
SOURCE=geometry_bbox_edge_chain_candidate
0
VERTEX
8
AI4M_02_EDGE_CHAIN
10
838.8888501658357
20
-516.5624799882812
30
0
0
VERTEX
8
AI4M_02_EDGE_CHAIN
10
823.3430131658351
20
-518.0573449882813
30
0
0
VERTEX
8
AI4M_02_EDGE_CHAIN
10
808.0822271658353
20
-519.4698769882813
30
0
0
VERTEX
8
AI4M_02_EDGE_CHAIN
10
792.7527511658354
20
-520.8189499882812
30
0
0
VERTEX
8
AI4M_02_EDGE_CHAIN
10
777.2728151658348
20
-522.0950259882812
30
0
0
VERTEX
8
AI4M_02_EDGE_CHAIN
10
762.155714165835
20
-523.2578809882813
30
0
0
VERTEX
8
AI4M_02_EDGE_CHAIN
10
746.6623141658356
20
-524.3593219882813
30
0
0
VERTEX
8
AI4M_02_EDGE_CHAIN
10
731.5002761658352
20
-525.3331939882812
30
0
0
VERTEX
8
AI4M_02_EDGE_CHAIN
10
715.992436165835
20
-526.2066529882812
30
0
0
VERTEX
8
AI4M_02_EDGE_CHAIN
10
700.6682751658354
20
-526.9338959882813
30
0
0
VERTEX
8
AI4M_02_EDGE_CHAIN
10
685.1463691658355
20
-527.5097749882813
30
0
0
VERTEX
8
AI4M_02_EDGE_CHAIN
10
669.9315081658351
20
-527.8884499882813
30
0
0
VERTEX
8
AI4M_02_EDGE_CHAIN
10
654.7392291658352
20
-528.1153159882813
30
0
0
VERTEX
8
AI4M_02_EDGE_CHAIN
10
646.1124831658353
20
-528.1874799882812
30
0
0
VERTEX
8
AI4M_02_EDGE_CHAIN
10
630.4540101658358
20
-528.0248419882812
30
0
0
VERTEX
8
AI4M_02_EDGE_CHAIN
10
615.2232721658356
20
-527.7328799882813
30
0
0
VERTEX
8
AI4M_02_EDGE_CHAIN
10
599.8390731658355
20
-527.2600899882813
30
0
0
VERTEX
8
AI4M_02_EDGE_CHAIN
10
584.4897971658347
20
-526.6118139882813
30
0
0
VERTEX
8
AI4M_02_EDGE_CHAIN
10
568.9875981658352
20
-525.8096699882813
30
0
0
VERTEX
8
AI4M_02_EDGE_CHAIN
10
553.666933165835
20
-524.8876759882812
30
0
0
VERTEX
8
AI4M_02_EDGE_CHAIN
10
538.1794561658353
20
-523.8400979882813
30
0
0
VERTEX
8
AI4M_02_EDGE_CHAIN
10
523.0167901658351
20
-522.7183439882813
30
0
0
VERTEX
8
AI4M_02_EDGE_CHAIN
10
507.5427491658347
20
-521.4873209882812
30
0
0
VERTEX
8
AI4M_02_EDGE_CHAIN
10
492.0759301658354
20
-520.1701319882812
30
0
0
VERTEX
8
AI4M_02_EDGE_CHAIN
10
476.7407561658356
20
-518.7832499882813
30
0
0
VERTEX
8
AI4M_02_EDGE_CHAIN
10
461.8517891658348
20
-517.3794009882813
30
0
0
VERTEX
8
AI4M_02_EDGE_CHAIN
10
453.4303541658355
20
-516.5624799882812
30
0
0
SEQEND
8
AI4M_02_EDGE_CHAIN
0
TEXT
8
AI4M_02_EDGE_CHAIN
10
838.8888501658357
20
-516.5624799882812
30
0
40
2.5
1
CHAIN_piece_02_top_back_neckline_back_neckline
1001
AI4MANUFACTURING
1000
WRITEBACK_PHASE=02_EDGE_CHAIN
1000
CHAIN=piece_02_top_back_neckline
1000
PIECE_ID=piece_02
1000
EDGE=back_neckline
1000
LINE_ROLE=net_boundary
1000
SOURCE=geometry_bbox_edge_chain_candidate
0
POLYLINE
8
AI4M_02_EDGE_CHAIN
66
1
70
0
1001
AI4MANUFACTURING
1000
WRITEBACK_PHASE=02_EDGE_CHAIN
1000
CHAIN=piece_03_left_side_seam
1000
PIECE_ID=piece_03
1000
EDGE=side_seam
1000
LINE_ROLE=net_boundary
1000
SOURCE=geometry_bbox_edge_chain_candidate
0
VERTEX
8
AI4M_02_EDGE_CHAIN
10
920.5130686129214
20
-638.55363315625
30
0
0
VERTEX
8
AI4M_02_EDGE_CHAIN
10
922.1797216129216
20
-623.37123215625
30
0
0
VERTEX
8
AI4M_02_EDGE_CHAIN
10
922.6971506129221
20
-618.58488315625
30
0
0
VERTEX
8
AI4M_02_EDGE_CHAIN
10
921.3108376129212
20
-602.37918815625
30
0
0
VERTEX
8
AI4M_02_EDGE_CHAIN
10
920.0078216129214
20
-587.3220881562501
30
0
0
VERTEX
8
AI4M_02_EDGE_CHAIN
10
918.6928416129222
20
-572.2660241562501
30
0
0
VERTEX
8
AI4M_02_EDGE_CHAIN
10
917.3365176129219
20
-556.84949615625
30
0
0
VERTEX
8
AI4M_02_EDGE_CHAIN
10
916.003441612921
20
-541.7950231562501
30
0
0
VERTEX
8
AI4M_02_EDGE_CHAIN
10
914.6612756129216
20
-526.74136315625
30
0
0
VERTEX
8
AI4M_02_EDGE_CHAIN
10
913.3245926129212
20
-511.85832115625
30
0
0
VERTEX
8
AI4M_02_EDGE_CHAIN
10
911.9030056129222
20
-496.15205415624996
30
0
0
VERTEX
8
AI4M_02_EDGE_CHAIN
10
910.5308556129212
20
-481.10110115625
30
0
0
VERTEX
8
AI4M_02_EDGE_CHAIN
10
909.1500636129213
20
-466.05092715625005
30
0
0
VERTEX
8
AI4M_02_EDGE_CHAIN
10
907.7391506129215
20
-450.76230115625003
30
0
0
VERTEX
8
AI4M_02_EDGE_CHAIN
10
906.339435612922
20
-435.71386115625
30
0
0
VERTEX
8
AI4M_02_EDGE_CHAIN
10
904.923747612921
20
-420.66693215625
30
0
0
VERTEX
8
AI4M_02_EDGE_CHAIN
10
903.486881612921
20
-405.62202615625006
30
0
0
VERTEX
8
AI4M_02_EDGE_CHAIN
10
901.9961026129213
20
-390.25307515625
30
0
0
VERTEX
8
AI4M_02_EDGE_CHAIN
10
900.8056176129221
20
-378.02699415625
30
0
0
VERTEX
8
AI4M_02_EDGE_CHAIN
10
900.8055716129211
20
-378.02652115625006
30
0
0
VERTEX
8
AI4M_02_EDGE_CHAIN
10
900.4880606129218
20
-374.75614815625
30
0
0
VERTEX
8
AI4M_02_EDGE_CHAIN
10
899.0287276129211
20
-359.71339315625005
30
0
0
VERTEX
8
AI4M_02_EDGE_CHAIN
10
897.5502286129222
20
-344.63046515625
30
0
0
VERTEX
8
AI4M_02_EDGE_CHAIN
10
896.0526626129222
20
-329.59147215625
30
0
0
VERTEX
8
AI4M_02_EDGE_CHAIN
10
894.5367056129217
20
-314.55430315624994
30
0
0
VERTEX
8
AI4M_02_EDGE_CHAIN
10
893.0074866129216
20
-299.51847015625003
30
0
0
VERTEX
8
AI4M_02_EDGE_CHAIN
10
891.4585336129212
20
-284.37691415625
30
0
0
VERTEX
8
AI4M_02_EDGE_CHAIN
10
889.9126026129215
20
-269.34281515625
30
0
0
VERTEX
8
AI4M_02_EDGE_CHAIN
10
888.3585856129221
20
-254.30955215625
30
0
0
VERTEX
8
AI4M_02_EDGE_CHAIN
10
886.7974316129212
20
-239.28887615625
30
0
0
VERTEX
8
AI4M_02_EDGE_CHAIN
10
885.2254496129217
20
-224.25747015625006
30
0
0
VERTEX
8
AI4M_02_EDGE_CHAIN
10
883.6416746129216
20
-209.22730415625006
30
0
0
VERTEX
8
AI4M_02_EDGE_CHAIN
10
881.9960366129217
20
-193.75076815624993
30
0
0
VERTEX
8
AI4M_02_EDGE_CHAIN
10
880.383688612922
20
-178.72364915625008
30
0
0
VERTEX
8
AI4M_02_EDGE_CHAIN
10
878.7638946129218
20
-163.69732615625003
30
0
0
VERTEX
8
AI4M_02_EDGE_CHAIN
10
877.0957356129211
20
-148.21652415625
30
0
0
VERTEX
8
AI4M_02_EDGE_CHAIN
10
875.5100726129212
20
-133.44649515624997
30
0
0
VERTEX
8
AI4M_02_EDGE_CHAIN
10
875.0658036129216
20
-129.29972715625013
30
0
0
SEQEND
8
AI4M_02_EDGE_CHAIN
0
TEXT
8
AI4M_02_EDGE_CHAIN
10
920.5130686129214
20
-638.55363315625
30
0
40
2.5
1
CHAIN_piece_03_left_side_seam_side_seam
1001
AI4MANUFACTURING
1000
WRITEBACK_PHASE=02_EDGE_CHAIN
1000
CHAIN=piece_03_left_side_seam
1000
PIECE_ID=piece_03
1000
EDGE=side_seam
1000
LINE_ROLE=net_boundary
1000
SOURCE=geometry_bbox_edge_chain_candidate
0
POLYLINE
8
AI4M_02_EDGE_CHAIN
66
1
70
0
1001
AI4MANUFACTURING
1000
WRITEBACK_PHASE=02_EDGE_CHAIN
1000
CHAIN=piece_03_bottom_cuff_edge
1000
PIECE_ID=piece_03
1000
EDGE=cuff_edge
1000
LINE_ROLE=net_boundary
1000
SOURCE=geometry_bbox_edge_chain_candidate
0
VERTEX
8
AI4M_02_EDGE_CHAIN
10
875.0658036129216
20
-129.29972715625013
30
0
0
VERTEX
8
AI4M_02_EDGE_CHAIN
10
882.2840646129216
20
-127.33488315625004
30
0
0
VERTEX
8
AI4M_02_EDGE_CHAIN
10
888.6742016129219
20
-125.71769615624999
30
0
0
VERTEX
8
AI4M_02_EDGE_CHAIN
10
892.1728916129223
20
-124.56518015625011
30
0
0
VERTEX
8
AI4M_02_EDGE_CHAIN
10
895.5217226129216
20
-123.21387215625009
30
0
0
VERTEX
8
AI4M_02_EDGE_CHAIN
10
898.2621896129212
20
-121.85760415625009
30
0
0
VERTEX
8
AI4M_02_EDGE_CHAIN
10
900.5851326129223
20
-120.43965215625008
30
0
0
VERTEX
8
AI4M_02_EDGE_CHAIN
10
902.7814446129214
20
-118.80602315624992
30
0
0
VERTEX
8
AI4M_02_EDGE_CHAIN
10
905.0242636129215
20
-116.81603515625011
30
0
0
VERTEX
8
AI4M_02_EDGE_CHAIN
10
907.2863106129216
20
-114.46448315625003
30
0
0
VERTEX
8
AI4M_02_EDGE_CHAIN
10
909.6016836129211
20
-111.68991115624999
30
0
0
VERTEX
8
AI4M_02_EDGE_CHAIN
10
912.0382176129215
20
-108.36754515625012
30
0
0
VERTEX
8
AI4M_02_EDGE_CHAIN
10
914.664492612922
20
-104.33986415625009
30
0
0
VERTEX
8
AI4M_02_EDGE_CHAIN
10
917.8682696129217
20
-98.90586015625013
30
0
0
VERTEX
8
AI4M_02_EDGE_CHAIN
10
922.675163612922
20
-90.13885615625009
30
0
0
VERTEX
8
AI4M_02_EDGE_CHAIN
10
929.7094456129216
20
-76.88876515624997
30
0
0
VERTEX
8
AI4M_02_EDGE_CHAIN
10
930.0331486129217
20
-76.2722691562501
30
0
0
VERTEX
8
AI4M_02_EDGE_CHAIN
10
930.0338336129216
20
-76.27096315624999
30
0
0
VERTEX
8
AI4M_02_EDGE_CHAIN
10
935.3848896129211
20
-66.21968615624996
30
0
0
VERTEX
8
AI4M_02_EDGE_CHAIN
10
939.6095486129216
20
-58.81502415625005
30
0
0
VERTEX
8
AI4M_02_EDGE_CHAIN
10
944.114949612921
20
-51.39998715625006
30
0
0
VERTEX
8
AI4M_02_EDGE_CHAIN
10
948.080983612922
20
-45.311155156249924
30
0
0
VERTEX
8
AI4M_02_EDGE_CHAIN
10
951.8902156129216
20
-39.89076415625004
30
0
0
VERTEX
8
AI4M_02_EDGE_CHAIN
10
955.5872476129216
20
-35.03308015624998
30
0
0
VERTEX
8
AI4M_02_EDGE_CHAIN
10
959.2509166129212
20
-30.612986156249917
30
0
0
VERTEX
8
AI4M_02_EDGE_CHAIN
10
962.8392736129217
20
-26.65393015625
30
0
0
VERTEX
8
AI4M_02_EDGE_CHAIN
10
966.467847612922
20
-23.009580156249967
30
0
0
VERTEX
8
AI4M_02_EDGE_CHAIN
10
970.0497726129215
20
-19.75202215624995
30
0
0
VERTEX
8
AI4M_02_EDGE_CHAIN
10
973.674658612922
20
-16.778646156250034
30
0
0
VERTEX
8
AI4M_02_EDGE_CHAIN
10
977.2898176129211
20
-14.12282815625008
30
0
0
VERTEX
8
AI4M_02_EDGE_CHAIN
10
980.9929356129214
20
-11.708109156249975
30
0
0
VERTEX
8
AI4M_02_EDGE_CHAIN
10
984.7398646129213
20
-9.557975156249995
30
0
0
VERTEX
8
AI4M_02_EDGE_CHAIN
10
988.6104136129215
20
-7.617192156249985
30
0
0
VERTEX
8
AI4M_02_EDGE_CHAIN
10
992.6811166129219
20
-5.85217015624994
30
0
0
VERTEX
8
AI4M_02_EDGE_CHAIN
10
996.8275196129216
20
-4.319055156249988
30
0
0
VERTEX
8
AI4M_02_EDGE_CHAIN
10
1001.1261066129218
20
-2.9941871562500637
30
0
0
VERTEX
8
AI4M_02_EDGE_CHAIN
10
1005.5207236129218
20
-1.902786156249931
30
0
0
VERTEX
8
AI4M_02_EDGE_CHAIN
10
1009.8875806129217
20
-1.0692581562500436
30
0
0
VERTEX
8
AI4M_02_EDGE_CHAIN
10
1014.3731026129217
20
-0.46500815624995084
30
0
0
VERTEX
8
AI4M_02_EDGE_CHAIN
10
1018.8005616129221
20
-0.11607215625008394
30
0
0
VERTEX
8
AI4M_02_EDGE_CHAIN
10
1023.4993676129216
20
0.0000498437500482396
30
0
0
VERTEX
8
AI4M_02_EDGE_CHAIN
10
1028.234087612921
20
-0.1286731562499881
30
0
0
VERTEX
8
AI4M_02_EDGE_CHAIN
10
1032.9413116129217
20
-0.4962841562501126
30
0
0
VERTEX
8
AI4M_02_EDGE_CHAIN
10
1038.260214612922
20
-1.1956711562500004
30
0
0
VERTEX
8
AI4M_02_EDGE_CHAIN
10
1039.514045612922
20
-1.3661331562500436
30
0
0
VERTEX
8
AI4M_02_EDGE_CHAIN
10
1039.7924656129217
20
-1.4246221562500523
30
0
0
VERTEX
8
AI4M_02_EDGE_CHAIN
10
1039.792931612922
20
-1.424719156249921
30
0
0
VERTEX
8
AI4M_02_EDGE_CHAIN
10
1047.6320246129217
20
-3.0742711562500062
30
0
0
VERTEX
8
AI4M_02_EDGE_CHAIN
10
1051.399743612922
20
-4.177606156250022
30
0
0
VERTEX
8
AI4M_02_EDGE_CHAIN
10
1055.2981796129216
20
-5.575271156249983
30
0
0
VERTEX
8
AI4M_02_EDGE_CHAIN
10
1058.812916612921
20
-7.087886156250079
30
0
0
VERTEX
8
AI4M_02_EDGE_CHAIN
10
1062.2810276129212
20
-8.850113156250018
30
0
0
VERTEX
8
AI4M_02_EDGE_CHAIN
10
1065.6635246129217
20
-10.841865156249924
30
0
0
VERTEX
8
AI4M_02_EDGE_CHAIN
10
1068.972860612922
20
-13.077575156250077
30
0
0
VERTEX
8
AI4M_02_EDGE_CHAIN
10
1072.2136166129212
20
-15.567489156250076
30
0
0
VERTEX
8
AI4M_02_EDGE_CHAIN
10
1075.3812996129218
20
-18.314312156250026
30
0
0
VERTEX
8
AI4M_02_EDGE_CHAIN
10
1078.4728396129221
20
-21.327517156249996
30
0
0
VERTEX
8
AI4M_02_EDGE_CHAIN
10
1081.4389356129223
20
-24.561905156250077
30
0
0
VERTEX
8
AI4M_02_EDGE_CHAIN
10
1084.3354826129216
20
-28.084561156249947
30
0
0
VERTEX
8
AI4M_02_EDGE_CHAIN
10
1087.089620612921
20
-31.817447156249955
30
0
0
VERTEX
8
AI4M_02_EDGE_CHAIN
10
1089.7526586129216
20
-35.848624156250025
30
0
0
VERTEX
8
AI4M_02_EDGE_CHAIN
10
1092.7019666129218
20
-40.79069015625009
30
0
0
VERTEX
8
AI4M_02_EDGE_CHAIN
10
1094.6214126129216
20
-44.417174156249985
30
0
0
VERTEX
8
AI4M_02_EDGE_CHAIN
10
1095.5118946129214
20
-46.314925156249956
30
0
0
VERTEX
8
AI4M_02_EDGE_CHAIN
10
1095.5121366129215
20
-46.31544815625011
30
0
0
VERTEX
8
AI4M_02_EDGE_CHAIN
10
1098.5755016129215
20
-52.98398315625013
30
0
0
VERTEX
8
AI4M_02_EDGE_CHAIN
10
1100.4697316129214
20
-57.79904815625014
30
0
0
VERTEX
8
AI4M_02_EDGE_CHAIN
10
1102.579898612922
20
-63.87106715625009
30
0
0
VERTEX
8
AI4M_02_EDGE_CHAIN
10
1104.362448612922
20
-69.74296915624996
30
0
0
VERTEX
8
AI4M_02_EDGE_CHAIN
10
1106.6654316129216
20
-78.42058215625002
30
0
0
VERTEX
8
AI4M_02_EDGE_CHAIN
10
1108.5080446129223
20
-85.89866515624999
30
0
0
VERTEX
8
AI4M_02_EDGE_CHAIN
10
1108.5086866129213
20
-85.90134015624994
30
0
0
VERTEX
8
AI4M_02_EDGE_CHAIN
10
1110.2223056129214
20
-93.01269215625007
30
0
0
VERTEX
8
AI4M_02_EDGE_CHAIN
10
1111.8956056129218
20
-99.30593115624993
30
0
0
VERTEX
8
AI4M_02_EDGE_CHAIN
10
1113.4415426129217
20
-104.24333515624994
30
0
0
VERTEX
8
AI4M_02_EDGE_CHAIN
10
1114.9564636129217
20
-108.33112715624998
30
0
0
VERTEX
8
AI4M_02_EDGE_CHAIN
10
1116.4273486129214
20
-111.64698315624992
30
0
0
VERTEX
8
AI4M_02_EDGE_CHAIN
10
1117.9290836129212
20
-114.46950015624998
30
0
0
VERTEX
8
AI4M_02_EDGE_CHAIN
10
1119.4584946129216
20
-116.85279415624996
30
0
0
VERTEX
8
AI4M_02_EDGE_CHAIN
10
1121.0767026129215
20
-118.92420515625008
30
0
0
SEQEND
8
AI4M_02_EDGE_CHAIN
0
TEXT
8
AI4M_02_EDGE_CHAIN
10
875.0658036129216
20
-129.29972715625013
30
0
40
2.5
1
CHAIN_piece_03_bottom_cuff_edge_cuff_edge
1001
AI4MANUFACTURING
1000
WRITEBACK_PHASE=02_EDGE_CHAIN
1000
CHAIN=piece_03_bottom_cuff_edge
1000
PIECE_ID=piece_03
1000
EDGE=cuff_edge
1000
LINE_ROLE=net_boundary
1000
SOURCE=geometry_bbox_edge_chain_candidate
0
POLYLINE
8
AI4M_02_EDGE_CHAIN
66
1
70
0
1001
AI4MANUFACTURING
1000
WRITEBACK_PHASE=02_EDGE_CHAIN
1000
CHAIN=piece_03_right_side_seam
1000
PIECE_ID=piece_03
1000
EDGE=side_seam
1000
LINE_ROLE=net_boundary
1000
SOURCE=geometry_bbox_edge_chain_candidate
0
VERTEX
8
AI4M_02_EDGE_CHAIN
10
1121.0767026129215
20
-118.92420515625008
30
0
0
VERTEX
8
AI4M_02_EDGE_CHAIN
10
1122.7116186129215
20
-120.62786515624998
30
0
0
VERTEX
8
AI4M_02_EDGE_CHAIN
10
1124.446647612921
20
-122.08389415624993
30
0
0
VERTEX
8
AI4M_02_EDGE_CHAIN
10
1126.449299612922
20
-123.4218121562501
30
0
0
VERTEX
8
AI4M_02_EDGE_CHAIN
10
1128.775925612922
20
-124.66597215625006
30
0
0
VERTEX
8
AI4M_02_EDGE_CHAIN
10
1131.5814936129218
20
-125.87593015624998
30
0
0
VERTEX
8
AI4M_02_EDGE_CHAIN
10
1134.880260612922
20
-127.0142081562501
30
0
0
VERTEX
8
AI4M_02_EDGE_CHAIN
10
1138.5991476129211
20
-128.0211051562501
30
0
0
VERTEX
8
AI4M_02_EDGE_CHAIN
10
1142.8386016129216
20
-128.89639715625003
30
0
0
VERTEX
8
AI4M_02_EDGE_CHAIN
10
1147.0622436129215
20
-129.52415015625002
30
0
0
VERTEX
8
AI4M_02_EDGE_CHAIN
10
1158.011326612922
20
-130.66657015624992
30
0
0
VERTEX
8
AI4M_02_EDGE_CHAIN
10
1160.8309396129216
20
-131.02628915624996
30
0
0
VERTEX
8
AI4M_02_EDGE_CHAIN
10
1160.8309396129216
20
-131.02628915624996
30
0
0
VERTEX
8
AI4M_02_EDGE_CHAIN
10
1159.5643036129213
20
-146.93430415624994
30
0
0
VERTEX
8
AI4M_02_EDGE_CHAIN
10
1158.372767612921
20
-161.90736015624998
30
0
0
VERTEX
8
AI4M_02_EDGE_CHAIN
10
1157.1921026129212
20
-176.88127915625
30
0
0
VERTEX
8
AI4M_02_EDGE_CHAIN
10
1156.0205506129214
20
-191.85591715624992
30
0
0
VERTEX
8
AI4M_02_EDGE_CHAIN
10
1154.8138556129215
20
-207.38436315624995
30
0
0
VERTEX
8
AI4M_02_EDGE_CHAIN
10
1153.6581566129216
20
-222.36023015625005
30
0
0
VERTEX
8
AI4M_02_EDGE_CHAIN
10
1152.510904612921
20
-237.33674415625
30
0
0
VERTEX
8
AI4M_02_EDGE_CHAIN
10
1151.341189612921
20
-252.72919915625005
30
0
0
VERTEX
8
AI4M_02_EDGE_CHAIN
10
1150.211840612922
20
-267.7070711562501
30
0
0
VERTEX
8
AI4M_02_EDGE_CHAIN
10
1149.0903136129218
20
-282.68553615625
30
0
0
VERTEX
8
AI4M_02_EDGE_CHAIN
10
1147.9312096129215
20
-298.26505115625
30
0
0
VERTEX
8
AI4M_02_EDGE_CHAIN
10
1146.8248606129218
20
-313.24466015625
30
0
0
VERTEX
8
AI4M_02_EDGE_CHAIN
10
1145.7304436129216
20
-328.22513715624996
30
0
0
VERTEX
8
AI4M_02_EDGE_CHAIN
10
1144.6522196129217
20
-343.20677515625005
30
0
0
VERTEX
8
AI4M_02_EDGE_CHAIN
10
1143.5810276129223
20
-358.3671461562501
30
0
0
VERTEX
8
AI4M_02_EDGE_CHAIN
10
1142.5337106129218
20
-373.3509831562501
30
0
0
VERTEX
8
AI4M_02_EDGE_CHAIN
10
1142.0492046129211
20
-380.27624715625007
30
0
0
VERTEX
8
AI4M_02_EDGE_CHAIN
10
1142.049139612921
20
-380.27716815625
30
0
0
VERTEX
8
AI4M_02_EDGE_CHAIN
10
1141.4752886129218
20
-388.44910715624997
30
0
0
VERTEX
8
AI4M_02_EDGE_CHAIN
10
1140.385085612922
20
-404.05008815625
30
0
0
VERTEX
8
AI4M_02_EDGE_CHAIN
10
1139.3591916129217
20
-419.03539815625004
30
0
0
VERTEX
8
AI4M_02_EDGE_CHAIN
10
1138.352446612921
20
-434.02202115625005
30
0
0
VERTEX
8
AI4M_02_EDGE_CHAIN
10
1137.3598416129216
20
-449.00960015625003
30
0
0
VERTEX
8
AI4M_02_EDGE_CHAIN
10
1136.3691986129215
20
-464.10868715624997
30
0
0
VERTEX
8
AI4M_02_EDGE_CHAIN
10
1135.392672612922
20
-479.09730715625005
30
0
0
VERTEX
8
AI4M_02_EDGE_CHAIN
10
1134.423465612922
20
-494.08639415625
30
0
0
VERTEX
8
AI4M_02_EDGE_CHAIN
10
1133.4793776129218
20
-508.80753915624996
30
0
0
VERTEX
8
AI4M_02_EDGE_CHAIN
10
1132.4835016129218
20
-524.47906815625
30
0
0
VERTEX
8
AI4M_02_EDGE_CHAIN
10
1131.5402616129222
20
-539.4698181562501
30
0
0
VERTEX
8
AI4M_02_EDGE_CHAIN
10
1130.6066466129214
20
-554.4611701562501
30
0
0
VERTEX
8
AI4M_02_EDGE_CHAIN
10
1129.658598612922
20
-569.85237715625
30
0
0
VERTEX
8
AI4M_02_EDGE_CHAIN
10
1128.7364106129216
20
-584.97132115625
30
0
0
VERTEX
8
AI4M_02_EDGE_CHAIN
10
1127.8143556129216
20
-600.20666315625
30
0
0
VERTEX
8
AI4M_02_EDGE_CHAIN
10
1126.9141266129218
20
-615.18630115625
30
0
0
VERTEX
8
AI4M_02_EDGE_CHAIN
10
1126.5872876129215
20
-620.65519615625
30
0
0
VERTEX
8
AI4M_02_EDGE_CHAIN
10
1127.4427566129216
20
-640.65519615625
30
0
0
SEQEND
8
AI4M_02_EDGE_CHAIN
0
TEXT
8
AI4M_02_EDGE_CHAIN
10
1121.0767026129215
20
-118.92420515625008
30
0
40
2.5
1
CHAIN_piece_03_right_side_seam_side_seam
1001
AI4MANUFACTURING
1000
WRITEBACK_PHASE=02_EDGE_CHAIN
1000
CHAIN=piece_03_right_side_seam
1000
PIECE_ID=piece_03
1000
EDGE=side_seam
1000
LINE_ROLE=net_boundary
1000
SOURCE=geometry_bbox_edge_chain_candidate
0
POLYLINE
8
AI4M_02_EDGE_CHAIN
66
1
70
0
1001
AI4MANUFACTURING
1000
WRITEBACK_PHASE=02_EDGE_CHAIN
1000
CHAIN=piece_03_top_sleeve_cap
1000
PIECE_ID=piece_03
1000
EDGE=sleeve_cap
1000
LINE_ROLE=net_boundary
1000
SOURCE=geometry_bbox_edge_chain_candidate
0
VERTEX
8
AI4M_02_EDGE_CHAIN
10
1127.4427566129216
20
-640.65519615625
30
0
0
VERTEX
8
AI4M_02_EDGE_CHAIN
10
1111.6408556129218
20
-640.53497415625
30
0
0
VERTEX
8
AI4M_02_EDGE_CHAIN
10
1096.341130612921
20
-640.4130451562501
30
0
0
VERTEX
8
AI4M_02_EDGE_CHAIN
10
1081.2432236129216
20
-640.2873711562501
30
0
0
VERTEX
8
AI4M_02_EDGE_CHAIN
10
1066.181756612922
20
-640.15566015625
30
0
0
VERTEX
8
AI4M_02_EDGE_CHAIN
10
1051.055391612922
20
-640.01555915625
30
0
0
VERTEX
8
AI4M_02_EDGE_CHAIN
10
1035.832947612921
20
-639.8669371562501
30
0
0
VERTEX
8
AI4M_02_EDGE_CHAIN
10
1020.6105686129222
20
-639.71159915625
30
0
0
VERTEX
8
AI4M_02_EDGE_CHAIN
10
1004.9792956129213
20
-639.54604615625
30
0
0
VERTEX
8
AI4M_02_EDGE_CHAIN
10
989.7570396129222
20
-639.3792651562501
30
0
0
VERTEX
8
AI4M_02_EDGE_CHAIN
10
974.5348476129211
20
-639.20684315625
30
0
0
VERTEX
8
AI4M_02_EDGE_CHAIN
10
959.0005086129213
20
-639.02491515625
30
0
0
VERTEX
8
AI4M_02_EDGE_CHAIN
10
943.5093976129219
20
-638.83818715625
30
0
0
VERTEX
8
AI4M_02_EDGE_CHAIN
10
928.6964046129215
20
-638.65588515625
30
0
0
VERTEX
8
AI4M_02_EDGE_CHAIN
10
920.5130686129214
20
-638.55363315625
30
0
0
SEQEND
8
AI4M_02_EDGE_CHAIN
0
TEXT
8
AI4M_02_EDGE_CHAIN
10
1127.4427566129216
20
-640.65519615625
30
0
40
2.5
1
CHAIN_piece_03_top_sleeve_cap_sleeve_cap
1001
AI4MANUFACTURING
1000
WRITEBACK_PHASE=02_EDGE_CHAIN
1000
CHAIN=piece_03_top_sleeve_cap
1000
PIECE_ID=piece_03
1000
EDGE=sleeve_cap
1000
LINE_ROLE=net_boundary
1000
SOURCE=geometry_bbox_edge_chain_candidate
0
POLYLINE
8
AI4M_02_EDGE_CHAIN
66
1
70
0
1001
AI4MANUFACTURING
1000
WRITEBACK_PHASE=02_EDGE_CHAIN
1000
CHAIN=piece_04_left_side_seam
1000
PIECE_ID=piece_04
1000
EDGE=side_seam
1000
LINE_ROLE=net_boundary
1000
SOURCE=geometry_bbox_edge_chain_candidate
0
VERTEX
8
AI4M_02_EDGE_CHAIN
10
-0.00016328125002473826
20
-749.9511755486484
30
0
0
VERTEX
8
AI4M_02_EDGE_CHAIN
10
-0.00016328125002473826
20
-705.4394565486484
30
0
0
VERTEX
8
AI4M_02_EDGE_CHAIN
10
-0.00016328125002473826
20
-660.9316435486484
30
0
0
SEQEND
8
AI4M_02_EDGE_CHAIN
0
TEXT
8
AI4M_02_EDGE_CHAIN
10
-0.00016328125002473826
20
-749.9511755486484
30
0
40
2.5
1
CHAIN_piece_04_left_side_seam_side_seam
1001
AI4MANUFACTURING
1000
WRITEBACK_PHASE=02_EDGE_CHAIN
1000
CHAIN=piece_04_left_side_seam
1000
PIECE_ID=piece_04
1000
EDGE=side_seam
1000
LINE_ROLE=net_boundary
1000
SOURCE=geometry_bbox_edge_chain_candidate
0
POLYLINE
8
AI4M_02_EDGE_CHAIN
66
1
70
0
1001
AI4MANUFACTURING
1000
WRITEBACK_PHASE=02_EDGE_CHAIN
1000
CHAIN=piece_04_bottom_hem
1000
PIECE_ID=piece_04
1000
EDGE=hem
1000
LINE_ROLE=net_boundary
1000
SOURCE=geometry_bbox_edge_chain_candidate
0
VERTEX
8
AI4M_02_EDGE_CHAIN
10
-0.00016328125002473826
20
-660.9316435486484
30
0
0
VERTEX
8
AI4M_02_EDGE_CHAIN
10
55.83137971875021
20
-660.9316435486484
30
0
0
VERTEX
8
AI4M_02_EDGE_CHAIN
10
128.18977871874995
20
-660.9316435486484
30
0
0
VERTEX
8
AI4M_02_EDGE_CHAIN
10
179.74690771875066
20
-660.9316435486484
30
0
0
VERTEX
8
AI4M_02_EDGE_CHAIN
10
232.60384071874978
20
-660.9316435486484
30
0
0
VERTEX
8
AI4M_02_EDGE_CHAIN
10
285.46126271875073
20
-660.9316435486484
30
0
0
VERTEX
8
AI4M_02_EDGE_CHAIN
10
337.0183917187496
20
-660.9316435486484
30
0
0
VERTEX
8
AI4M_02_EDGE_CHAIN
10
371.14436871875023
20
-660.9316435486484
30
0
0
SEQEND
8
AI4M_02_EDGE_CHAIN
0
TEXT
8
AI4M_02_EDGE_CHAIN
10
-0.00016328125002473826
20
-660.9316435486484
30
0
40
2.5
1
CHAIN_piece_04_bottom_hem_hem
1001
AI4MANUFACTURING
1000
WRITEBACK_PHASE=02_EDGE_CHAIN
1000
CHAIN=piece_04_bottom_hem
1000
PIECE_ID=piece_04
1000
EDGE=hem
1000
LINE_ROLE=net_boundary
1000
SOURCE=geometry_bbox_edge_chain_candidate
0
POLYLINE
8
AI4M_02_EDGE_CHAIN
66
1
70
0
1001
AI4MANUFACTURING
1000
WRITEBACK_PHASE=02_EDGE_CHAIN
1000
CHAIN=piece_04_right_side_seam
1000
PIECE_ID=piece_04
1000
EDGE=side_seam
1000
LINE_ROLE=net_boundary
1000
SOURCE=geometry_bbox_edge_chain_candidate
0
VERTEX
8
AI4M_02_EDGE_CHAIN
10
371.14436871875023
20
-660.9316435486484
30
0
0
VERTEX
8
AI4M_02_EDGE_CHAIN
10
371.14436871875023
20
-705.4394565486484
30
0
0
VERTEX
8
AI4M_02_EDGE_CHAIN
10
371.14436871875023
20
-723.2949255486484
30
0
0
VERTEX
8
AI4M_02_EDGE_CHAIN
10
371.14436871875023
20
-749.9511755486484
30
0
0
SEQEND
8
AI4M_02_EDGE_CHAIN
0
TEXT
8
AI4M_02_EDGE_CHAIN
10
371.14436871875023
20
-660.9316435486484
30
0
40
2.5
1
CHAIN_piece_04_right_side_seam_side_seam
1001
AI4MANUFACTURING
1000
WRITEBACK_PHASE=02_EDGE_CHAIN
1000
CHAIN=piece_04_right_side_seam
1000
PIECE_ID=piece_04
1000
EDGE=side_seam
1000
LINE_ROLE=net_boundary
1000
SOURCE=geometry_bbox_edge_chain_candidate
999
AI4M_WRITEBACK_PHASE=03_PIECE
0
TEXT
8
AI4M_03_PIECE
10
208.62666712500004
20
-265.1972786210937
30
0
40
3
1
PIECE_piece_01_front_body
1001
AI4MANUFACTURING
1000
WRITEBACK_PHASE=03_PIECE
1000
PIECE_ID=piece_01
1000
PIECE_ROLE=front_body
1000
BOUNDARY_ROLE=net_boundary
1000
SOURCE=geometry_connected_boundary
0
TEXT
8
AI4M_03_PIECE
10
646.1593581658353
20
-264.0937299882812
30
0
40
3
1
PIECE_piece_02_back_body
1001
AI4MANUFACTURING
1000
WRITEBACK_PHASE=03_PIECE
1000
PIECE_ID=piece_02
1000
PIECE_ROLE=back_body
1000
BOUNDARY_ROLE=net_boundary
1000
SOURCE=geometry_connected_boundary
0
TEXT
8
AI4M_03_PIECE
10
1017.9483716129216
20
-320.32757315624997
30
0
40
3
1
PIECE_piece_03_sleeve
1001
AI4MANUFACTURING
1000
WRITEBACK_PHASE=03_PIECE
1000
PIECE_ID=piece_03
1000
PIECE_ROLE=sleeve
1000
BOUNDARY_ROLE=net_boundary
1000
SOURCE=geometry_connected_boundary
0
TEXT
8
AI4M_03_PIECE
10
185.5721027187501
20
-705.4414095486484
30
0
40
3
1
PIECE_piece_04_neck_binding
1001
AI4MANUFACTURING
1000
WRITEBACK_PHASE=03_PIECE
1000
PIECE_ID=piece_04
1000
PIECE_ROLE=neck_binding
1000
BOUNDARY_ROLE=net_boundary
1000
SOURCE=geometry_connected_boundary
0
TEXT
8
AI4M_03_PIECE
10
208.62666712500004
20
-265.1972786210937
30
0
40
3
1
PIECE_piece_01_front_body
1001
AI4MANUFACTURING
1000
WRITEBACK_PHASE=03_PIECE
1000
PIECE_ID=piece_01
1000
PIECE_ROLE=front_body
1000
BOUNDARY_ROLE=net_boundary
1000
SOURCE=geometry_connected_boundary
0
TEXT
8
AI4M_03_PIECE
10
646.1593581658353
20
-264.0937299882812
30
0
40
3
1
PIECE_piece_02_back_body
1001
AI4MANUFACTURING
1000
WRITEBACK_PHASE=03_PIECE
1000
PIECE_ID=piece_02
1000
PIECE_ROLE=back_body
1000
BOUNDARY_ROLE=net_boundary
1000
SOURCE=geometry_connected_boundary
0
TEXT
8
AI4M_03_PIECE
10
1017.9483716129216
20
-320.32757315624997
30
0
40
3
1
PIECE_piece_03_sleeve
1001
AI4MANUFACTURING
1000
WRITEBACK_PHASE=03_PIECE
1000
PIECE_ID=piece_03
1000
PIECE_ROLE=sleeve
1000
BOUNDARY_ROLE=net_boundary
1000
SOURCE=geometry_connected_boundary
0
TEXT
8
AI4M_03_PIECE
10
185.5721027187501
20
-705.4414095486484
30
0
40
3
1
PIECE_piece_04_neck_binding
1001
AI4MANUFACTURING
1000
WRITEBACK_PHASE=03_PIECE
1000
PIECE_ID=piece_04
1000
PIECE_ROLE=neck_binding
1000
BOUNDARY_ROLE=net_boundary
1000
SOURCE=geometry_connected_boundary
999
AI4M_WRITEBACK_PHASE=05_QA
0
TEXT
8
AI4M_05_QA
10
0
20
0
30
0
40
3
1
AI4M ordered writeback
1001
AI4MANUFACTURING
1000
WRITEBACK_PHASE=05_QA
1000
ROW=0
0
TEXT
8
AI4M_05_QA
10
0
20
-6
30
0
40
3
1
01 atom=140
1001
AI4MANUFACTURING
1000
WRITEBACK_PHASE=05_QA
1000
ROW=1
0
TEXT
8
AI4M_05_QA
10
0
20
-12
30
0
40
3
1
02 chains=39
1001
AI4MANUFACTURING
1000
WRITEBACK_PHASE=05_QA
1000
ROW=2
0
TEXT
8
AI4M_05_QA
10
0
20
-18
30
0
40
3
1
03 pieces=8
1001
AI4MANUFACTURING
1000
WRITEBACK_PHASE=05_QA
1000
ROW=3
0
TEXT
8
AI4M_05_QA
10
0
20
-24
30
0
40
3
1
04 seams=0
1001
AI4MANUFACTURING
1000
WRITEBACK_PHASE=05_QA
1000
ROW=4
0
TEXT
8
AI4M_05_QA
10
0
20
-30
30
0
40
3
1
04 notches=0
1001
AI4MANUFACTURING
1000
WRITEBACK_PHASE=05_QA
1000
ROW=5
  0
ENDSEC
  0
EOF
