999
ANSI/AAMA
  0
SECTION
  2
BLOCKS
0
BLOCK
  8
1
  2
C2490437.后片.38
 70
0
 10
0.0
 20
0.0
  0
POLYLINE
  8
1
  66
1
  70
1
  0
VERTEX
  8
1
  10
4249.649048
  20
77.241793
  0
VERTEX
  8
1
  10
4251.015930
  20
283.635292
  0
VERTEX
  8
1
  10
4251.115112
  20
298.634987
  0
VERTEX
  8
1
  10
4277.209167
  20
313.461094
  0
VERTEX
  8
1
  10
4277.661133
  20
383.459625
  0
VERTEX
  8
1
  10
4278.408813
  20
499.166718
  0
VERTEX
  8
1
  10
4285.178833
  20
502.695236
  0
VERTEX
  8
1
  10
4289.565735
  20
505.013313
  0
VERTEX
  8
1
  10
4294.532471
  20
507.951241
  0
VERTEX
  8
1
  10
4297.494812
  20
509.944878
  0
VERTEX
  8
1
  10
4299.071821
  20
511.166670
  0
VERTEX
  8
1
  10
4302.733154
  20
514.003296
  0
VERTEX
  8
1
  10
4305.580750
  20
516.644669
  0
VERTEX
  8
1
  10
4308.862305
  20
520.011864
  0
VERTEX
  8
1
  10
4311.008301
  20
522.548904
  0
VERTEX
  8
1
  10
4311.113005
  20
522.680167
  0
VERTEX
  8
1
  10
4315.864563
  20
528.636932
  0
VERTEX
  8
1
  10
4318.646240
  20
532.567177
  0
VERTEX
  8
1
  10
4321.999817
  20
537.820778
  0
VERTEX
  8
1
  10
4322.726959
  20
538.997861
  0
VERTEX
  8
1
  10
4326.604919
  20
545.275421
  0
VERTEX
  8
1
  10
4330.033569
  20
551.365471
  0
VERTEX
  8
1
  10
4332.666338
  20
556.364267
  0
VERTEX
  8
1
  10
4337.080078
  20
564.744568
  0
VERTEX
  8
1
  10
4344.115601
  20
578.051567
  0
VERTEX
  8
1
  10
4348.571817
  20
586.413211
  0
VERTEX
  8
1
  10
4351.200867
  20
591.346359
  0
VERTEX
  8
1
  10
4355.160522
  20
598.426857
  0
VERTEX
  8
1
  10
4360.385742
  20
607.215538
  0
VERTEX
  8
1
  10
4364.455566
  20
613.644142
  0
VERTEX
  8
1
  10
4367.716114
  20
618.495139
  0
VERTEX
  8
1
  10
4372.841187
  20
626.120148
  0
VERTEX
  8
1
  10
4377.863770
  20
633.219452
  0
VERTEX
  8
1
  10
4383.529053
  20
640.783920
  0
VERTEX
  8
1
  10
4384.213084
  20
641.681547
  0
VERTEX
  8
1
  10
4389.183425
  20
648.203927
  0
VERTEX
  8
1
  10
4392.665710
  20
652.773590
  0
VERTEX
  8
1
  10
4401.792297
  20
664.736938
  0
VERTEX
  8
1
  10
4410.947266
  20
676.697311
  0
VERTEX
  8
1
  10
4410.956335
  20
676.709134
  0
VERTEX
  8
1
  10
4420.124207
  20
688.659668
  0
VERTEX
  8
1
  10
4429.221802
  20
700.608902
  0
VERTEX
  8
1
  10
4434.358734
  20
707.416353
  0
VERTEX
  8
1
  10
4438.287048
  20
712.622147
  0
VERTEX
  8
1
  10
4439.232226
  20
713.874265
  0
VERTEX
  8
1
  10
4447.371521
  20
724.656754
  0
VERTEX
  8
1
  10
4456.420288
  20
736.637802
  0
VERTEX
  8
1
  10
4461.046448
  20
742.758179
  0
VERTEX
  8
1
  10
4474.260864
  20
741.462936
  0
VERTEX
  8
1
  10
4484.450073
  20
740.703049
  0
VERTEX
  8
1
  10
4494.037476
  20
740.243759
  0
VERTEX
  8
1
  10
4505.611267
  20
739.980850
  0
VERTEX
  8
1
  10
4520.697937
  20
739.840851
  0
VERTEX
  8
1
  10
4535.716248
  20
739.797668
  0
VERTEX
  8
1
  10
4550.000000
  20
739.801788
  0
VERTEX
  8
1
  10
4565.529480
  20
739.798737
  0
VERTEX
  8
1
  10
4580.547791
  20
739.848099
  0
VERTEX
  8
1
  10
4595.571594
  20
739.998016
  0
VERTEX
  8
1
  10
4606.831970
  20
740.274963
  0
VERTEX
  8
1
  10
4616.275330
  20
740.748138
  0
VERTEX
  8
1
  10
4626.283264
  20
741.510162
  0
VERTEX
  8
1
  10
4638.953552
  20
742.758179
  0
VERTEX
  8
1
  10
4648.135681
  20
730.607376
  0
VERTEX
  8
1
  10
4657.210999
  20
718.590088
  0
VERTEX
  8
1
  10
4660.766433
  20
713.873395
  0
VERTEX
  8
1
  10
4666.265869
  20
706.577759
  0
VERTEX
  8
1
  10
4675.386047
  20
694.541626
  0
VERTEX
  8
1
  10
4684.543152
  20
682.576447
  0
VERTEX
  8
1
  10
4689.041814
  20
676.707613
  0
VERTEX
  8
1
  10
4693.722534
  20
670.601273
  0
VERTEX
  8
1
  10
4702.852173
  20
658.653412
  0
VERTEX
  8
1
  10
4710.814883
  20
648.201872
  0
VERTEX
  8
1
  10
4711.980286
  20
646.672211
  0
VERTEX
  8
1
  10
4715.770354
  20
641.668919
  0
VERTEX
  8
1
  10
4721.130981
  20
634.592323
  0
VERTEX
  8
1
  10
4726.260681
  20
627.421646
  0
VERTEX
  8
1
  10
4732.284584
  20
618.495965
  0
VERTEX
  8
1
  10
4734.705811
  20
614.908409
  0
VERTEX
  8
1
  10
4738.581848
  20
608.888969
  0
VERTEX
  8
1
  10
4743.569031
  20
600.608406
  0
VERTEX
  8
1
  10
4747.852173
  20
593.086815
  0
VERTEX
  8
1
  10
4751.420044
  20
586.408701
  0
VERTEX
  8
1
  10
4754.970093
  20
579.763947
  0
VERTEX
  8
1
  10
4762.015686
  20
566.465149
  0
VERTEX
  8
1
  10
4767.323245
  20
556.358492
  0
VERTEX
  8
1
  10
4769.000854
  20
553.163986
  0
VERTEX
  8
1
  10
4772.642822
  20
546.567574
  0
VERTEX
  8
1
  10
4775.838013
  20
541.262131
  0
VERTEX
  8
1
  10
4777.277010
  20
539.000596
  0
VERTEX
  8
1
  10
4781.644897
  20
532.136002
  0
VERTEX
  8
1
  10
4784.445190
  20
528.225441
  0
VERTEX
  8
1
  10
4788.293762
  20
523.413544
  0
VERTEX
  8
1
  10
4788.898857
  20
522.689761
  0
VERTEX
  8
1
  10
4791.138611
  20
520.010681
  0
VERTEX
  8
1
  10
4794.176331
  20
516.883316
  0
VERTEX
  8
1
  10
4797.225647
  20
514.038925
  0
VERTEX
  8
1
  10
4799.738464
  20
512.036552
  0
VERTEX
  8
1
  10
4800.925897
  20
511.164324
  0
VERTEX
  8
1
  10
4804.103699
  20
508.830070
  0
VERTEX
  8
1
  10
4808.019409
  20
506.405754
  0
VERTEX
  8
1
  10
4812.631836
  20
503.817253
  0
VERTEX
  8
1
  10
4821.591187
  20
499.166718
  0
VERTEX
  8
1
  10
4822.338867
  20
383.459625
  0
VERTEX
  8
1
  10
4822.790833
  20
313.461094
  0
VERTEX
  8
1
  10
4848.884888
  20
298.634987
  0
VERTEX
  8
1
  10
4848.984070
  20
283.635292
  0
VERTEX
  8
1
  10
4850.350952
  20
77.241793
  0
VERTEX
  8
1
  10
4785.302734
  20
77.241793
  0
VERTEX
  8
1
  10
4694.847107
  20
77.241793
  0
VERTEX
  8
1
  10
4550.000000
  20
77.241793
  0
VERTEX
  8
1
  10
4405.152893
  20
77.241793
  0
VERTEX
  8
1
  10
4314.697266
  20
77.241793
  0
VERTEX
  8
1
  10
4249.649048
  20
77.241793
  0
SEQEND
  8
1
  0
POINT
  8
2
 10
4249.649048
 20
77.241793
  0
TEXT
  8
2
 10
4249.649048
 20
77.241793
 40
0.000000
 50
0.000000
  1
# 1
  0
POINT
  8
2
 10
4251.115112
 20
298.634987
  0
TEXT
  8
2
 10
4251.115112
 20
298.634987
 40
0.000000
 50
0.000000
  1
# 2
  0
POINT
  8
2
 10
4277.209167
 20
313.461094
  0
TEXT
  8
2
 10
4277.209167
 20
313.461094
 40
0.000000
 50
0.000000
  1
# 3
  0
POINT
  8
2
 10
4278.408813
 20
499.166718
  0
TEXT
  8
2
 10
4278.408813
 20
499.166718
 40
0.000000
 50
0.000000
  1
# 4
  0
POINT
  8
2
 10
4461.046448
 20
742.758179
  0
TEXT
  8
2
 10
4461.046448
 20
742.758179
 40
0.000000
 50
0.000000
  1
# 5
  0
POINT
  8
2
 10
4550.000000
 20
739.801788
  0
TEXT
  8
2
 10
4550.000000
 20
739.801788
 40
0.000000
 50
0.000000
  1
# 6
  0
POINT
  8
2
 10
4638.953552
 20
742.758179
  0
TEXT
  8
2
 10
4638.953552
 20
742.758179
 40
0.000000
 50
0.000000
  1
# 7
  0
POINT
  8
2
 10
4821.591187
 20
499.166718
  0
TEXT
  8
2
 10
4821.591187
 20
499.166718
 40
0.000000
 50
0.000000
  1
# 8
  0
POINT
  8
2
 10
4822.790833
 20
313.461094
  0
TEXT
  8
2
 10
4822.790833
 20
313.461094
 40
0.000000
 50
0.000000
  1
# 9
  0
POINT
  8
2
 10
4848.884888
 20
298.634987
  0
TEXT
  8
2
 10
4848.884888
 20
298.634987
 40
0.000000
 50
0.000000
  1
# 10
  0
POINT
  8
2
 10
4850.350952
 20
77.241793
  0
TEXT
  8
2
 10
4850.350952
 20
77.241793
 40
0.000000
 50
0.000000
  1
# 11
  0
POINT
  8
2
 10
4550.000000
 20
77.241793
  0
TEXT
  8
2
 10
4550.000000
 20
77.241793
 40
0.000000
 50
0.000000
  1
# 12
  0
POINT
  8
2
 10
4249.649048
 20
77.241793
  0
TEXT
  8
2
 10
4249.649048
 20
77.241793
 40
0.000000
 50
0.000000
  1
# 13
  0
POINT
  8
3
 10
4251.015930
 20
283.635292
  0
POINT
  8
3
 10
4277.661133
 20
383.459625
  0
POINT
  8
3
 10
4285.178833
 20
502.695236
  0
POINT
  8
3
 10
4289.565735
 20
505.013313
  0
POINT
  8
3
 10
4294.532471
 20
507.951241
  0
POINT
  8
3
 10
4297.494812
 20
509.944878
  0
POINT
  8
3
 10
4299.071821
 20
511.166670
  0
POINT
  8
3
 10
4302.733154
 20
514.003296
  0
POINT
  8
3
 10
4305.580750
 20
516.644669
  0
POINT
  8
3
 10
4308.862305
 20
520.011864
  0
POINT
  8
3
 10
4311.008301
 20
522.548904
  0
POINT
  8
3
 10
4311.113005
 20
522.680167
  0
POINT
  8
3
 10
4315.864563
 20
528.636932
  0
POINT
  8
3
 10
4318.646240
 20
532.567177
  0
POINT
  8
3
 10
4321.999817
 20
537.820778
  0
POINT
  8
3
 10
4322.726959
 20
538.997861
  0
POINT
  8
3
 10
4326.604919
 20
545.275421
  0
POINT
  8
3
 10
4330.033569
 20
551.365471
  0
POINT
  8
3
 10
4332.666338
 20
556.364267
  0
POINT
  8
3
 10
4337.080078
 20
564.744568
  0
POINT
  8
3
 10
4344.115601
 20
578.051567
  0
POINT
  8
3
 10
4348.571817
 20
586.413211
  0
POINT
  8
3
 10
4351.200867
 20
591.346359
  0
POINT
  8
3
 10
4355.160522
 20
598.426857
  0
POINT
  8
3
 10
4360.385742
 20
607.215538
  0
POINT
  8
3
 10
4364.455566
 20
613.644142
  0
POINT
  8
3
 10
4367.716114
 20
618.495139
  0
POINT
  8
3
 10
4372.841187
 20
626.120148
  0
POINT
  8
3
 10
4377.863770
 20
633.219452
  0
POINT
  8
3
 10
4383.529053
 20
640.783920
  0
POINT
  8
3
 10
4384.213084
 20
641.681547
  0
POINT
  8
3
 10
4389.183425
 20
648.203927
  0
POINT
  8
3
 10
4392.665710
 20
652.773590
  0
POINT
  8
3
 10
4401.792297
 20
664.736938
  0
POINT
  8
3
 10
4410.947266
 20
676.697311
  0
POINT
  8
3
 10
4410.956335
 20
676.709134
  0
POINT
  8
3
 10
4420.124207
 20
688.659668
  0
POINT
  8
3
 10
4429.221802
 20
700.608902
  0
POINT
  8
3
 10
4434.358734
 20
707.416353
  0
POINT
  8
3
 10
4438.287048
 20
712.622147
  0
POINT
  8
3
 10
4439.232226
 20
713.874265
  0
POINT
  8
3
 10
4447.371521
 20
724.656754
  0
POINT
  8
3
 10
4456.420288
 20
736.637802
  0
POINT
  8
3
 10
4474.260864
 20
741.462936
  0
POINT
  8
3
 10
4484.450073
 20
740.703049
  0
POINT
  8
3
 10
4494.037476
 20
740.243759
  0
POINT
  8
3
 10
4505.611267
 20
739.980850
  0
POINT
  8
3
 10
4520.697937
 20
739.840851
  0
POINT
  8
3
 10
4535.716248
 20
739.797668
  0
POINT
  8
3
 10
4565.529480
 20
739.798737
  0
POINT
  8
3
 10
4580.547791
 20
739.848099
  0
POINT
  8
3
 10
4595.571594
 20
739.998016
  0
POINT
  8
3
 10
4606.831970
 20
740.274963
  0
POINT
  8
3
 10
4616.275330
 20
740.748138
  0
POINT
  8
3
 10
4626.283264
 20
741.510162
  0
POINT
  8
3
 10
4648.135681
 20
730.607376
  0
POINT
  8
3
 10
4657.210999
 20
718.590088
  0
POINT
  8
3
 10
4660.766433
 20
713.873395
  0
POINT
  8
3
 10
4666.265869
 20
706.577759
  0
POINT
  8
3
 10
4675.386047
 20
694.541626
  0
POINT
  8
3
 10
4684.543152
 20
682.576447
  0
POINT
  8
3
 10
4689.041814
 20
676.707613
  0
POINT
  8
3
 10
4693.722534
 20
670.601273
  0
POINT
  8
3
 10
4702.852173
 20
658.653412
  0
POINT
  8
3
 10
4710.814883
 20
648.201872
  0
POINT
  8
3
 10
4711.980286
 20
646.672211
  0
POINT
  8
3
 10
4715.770354
 20
641.668919
  0
POINT
  8
3
 10
4721.130981
 20
634.592323
  0
POINT
  8
3
 10
4726.260681
 20
627.421646
  0
POINT
  8
3
 10
4732.284584
 20
618.495965
  0
POINT
  8
3
 10
4734.705811
 20
614.908409
  0
POINT
  8
3
 10
4738.581848
 20
608.888969
  0
POINT
  8
3
 10
4743.569031
 20
600.608406
  0
POINT
  8
3
 10
4747.852173
 20
593.086815
  0
POINT
  8
3
 10
4751.420044
 20
586.408701
  0
POINT
  8
3
 10
4754.970093
 20
579.763947
  0
POINT
  8
3
 10
4762.015686
 20
566.465149
  0
POINT
  8
3
 10
4767.323245
 20
556.358492
  0
POINT
  8
3
 10
4769.000854
 20
553.163986
  0
POINT
  8
3
 10
4772.642822
 20
546.567574
  0
POINT
  8
3
 10
4775.838013
 20
541.262131
  0
POINT
  8
3
 10
4777.277010
 20
539.000596
  0
POINT
  8
3
 10
4781.644897
 20
532.136002
  0
POINT
  8
3
 10
4784.445190
 20
528.225441
  0
POINT
  8
3
 10
4788.293762
 20
523.413544
  0
POINT
  8
3
 10
4788.898857
 20
522.689761
  0
POINT
  8
3
 10
4791.138611
 20
520.010681
  0
POINT
  8
3
 10
4794.176331
 20
516.883316
  0
POINT
  8
3
 10
4797.225647
 20
514.038925
  0
POINT
  8
3
 10
4799.738464
 20
512.036552
  0
POINT
  8
3
 10
4800.925897
 20
511.164324
  0
POINT
  8
3
 10
4804.103699
 20
508.830070
  0
POINT
  8
3
 10
4808.019409
 20
506.405754
  0
POINT
  8
3
 10
4812.631836
 20
503.817253
  0
POINT
  8
3
 10
4822.338867
 20
383.459625
  0
POINT
  8
3
 10
4848.984070
 20
283.635292
  0
POINT
  8
3
 10
4785.302734
 20
77.241793
  0
POINT
  8
3
 10
4694.847107
 20
77.241793
  0
POINT
  8
3
 10
4405.152893
 20
77.241793
  0
POINT
  8
3
 10
4314.697266
 20
77.241793
  0
POINT
  8
3
 10
4299.071821
 20
511.166670
  0
TEXT
  8
3
 10
4299.071821
 20
511.166670
 40
0.000000
 50
0.000000
  1
# 14
  0
POINT
  8
3
 10
4311.113005
 20
522.680167
  0
TEXT
  8
3
 10
4311.113005
 20
522.680167
 40
0.000000
 50
0.000000
  1
# 15
  0
POINT
  8
3
 10
4322.726959
 20
538.997861
  0
TEXT
  8
3
 10
4322.726959
 20
538.997861
 40
0.000000
 50
0.000000
  1
# 16
  0
POINT
  8
3
 10
4332.666338
 20
556.364267
  0
TEXT
  8
3
 10
4332.666338
 20
556.364267
 40
0.000000
 50
0.000000
  1
# 17
  0
POINT
  8
3
 10
4348.571817
 20
586.413211
  0
TEXT
  8
3
 10
4348.571817
 20
586.413211
 40
0.000000
 50
0.000000
  1
# 18
  0
POINT
  8
3
 10
4367.716114
 20
618.495139
  0
TEXT
  8
3
 10
4367.716114
 20
618.495139
 40
0.000000
 50
0.000000
  1
# 19
  0
POINT
  8
3
 10
4384.213084
 20
641.681547
  0
TEXT
  8
3
 10
4384.213084
 20
641.681547
 40
0.000000
 50
0.000000
  1
# 20
  0
POINT
  8
3
 10
4389.183425
 20
648.203927
  0
TEXT
  8
3
 10
4389.183425
 20
648.203927
 40
0.000000
 50
0.000000
  1
# 21
  0
POINT
  8
3
 10
4410.956335
 20
676.709134
  0
TEXT
  8
3
 10
4410.956335
 20
676.709134
 40
0.000000
 50
0.000000
  1
# 22
  0
POINT
  8
3
 10
4434.358734
 20
707.416353
  0
TEXT
  8
3
 10
4434.358734
 20
707.416353
 40
0.000000
 50
0.000000
  1
# 23
  0
POINT
  8
3
 10
4439.232226
 20
713.874265
  0
TEXT
  8
3
 10
4439.232226
 20
713.874265
 40
0.000000
 50
0.000000
  1
# 24
  0
POINT
  8
3
 10
4660.766433
 20
713.873395
  0
TEXT
  8
3
 10
4660.766433
 20
713.873395
 40
0.000000
 50
0.000000
  1
# 25
  0
POINT
  8
3
 10
4689.041814
 20
676.707613
  0
TEXT
  8
3
 10
4689.041814
 20
676.707613
 40
0.000000
 50
0.000000
  1
# 26
  0
POINT
  8
3
 10
4710.814883
 20
648.201872
  0
TEXT
  8
3
 10
4710.814883
 20
648.201872
 40
0.000000
 50
0.000000
  1
# 27
  0
POINT
  8
3
 10
4715.770354
 20
641.668919
  0
TEXT
  8
3
 10
4715.770354
 20
641.668919
 40
0.000000
 50
0.000000
  1
# 28
  0
POINT
  8
3
 10
4732.284584
 20
618.495965
  0
TEXT
  8
3
 10
4732.284584
 20
618.495965
 40
0.000000
 50
0.000000
  1
# 29
  0
POINT
  8
3
 10
4751.420044
 20
586.408701
  0
TEXT
  8
3
 10
4751.420044
 20
586.408701
 40
0.000000
 50
0.000000
  1
# 30
  0
POINT
  8
3
 10
4767.323245
 20
556.358492
  0
TEXT
  8
3
 10
4767.323245
 20
556.358492
 40
0.000000
 50
0.000000
  1
# 31
  0
POINT
  8
3
 10
4777.277010
 20
539.000596
  0
TEXT
  8
3
 10
4777.277010
 20
539.000596
 40
0.000000
 50
0.000000
  1
# 32
  0
POINT
  8
3
 10
4788.898857
 20
522.689761
  0
TEXT
  8
3
 10
4788.898857
 20
522.689761
 40
0.000000
 50
0.000000
  1
# 33
  0
POINT
  8
3
 10
4800.925897
 20
511.164324
  0
TEXT
  8
3
 10
4800.925897
 20
511.164324
 40
0.000000
 50
0.000000
  1
# 34
  0
POLYLINE
  8
8
  66
1
  70
1
  0
VERTEX
  8
8
  10
4249.649048
  20
77.241793
  0
VERTEX
  8
8
  10
4251.015930
  20
283.635292
  0
VERTEX
  8
8
  10
4251.015930
  20
283.635292
  0
VERTEX
  8
8
  10
4251.115112
  20
298.634987
  0
VERTEX
  8
8
  10
4277.209167
  20
313.461094
  0
VERTEX
  8
8
  10
4277.661133
  20
383.459625
  0
VERTEX
  8
8
  10
4277.661133
  20
383.459625
  0
VERTEX
  8
8
  10
4278.408813
  20
499.166718
  0
VERTEX
  8
8
  10
4285.179062
  20
502.695260
  0
VERTEX
  8
8
  10
4289.565854
  20
505.013345
  0
VERTEX
  8
8
  10
4294.532333
  20
507.951269
  0
VERTEX
  8
8
  10
4297.494835
  20
509.944938
  0
VERTEX
  8
8
  10
4299.083686
  20
511.151356
  0
VERTEX
  8
8
  10
4302.733207
  20
514.003361
  0
VERTEX
  8
8
  10
4305.580814
  20
516.644742
  0
VERTEX
  8
8
  10
4308.862534
  20
520.011966
  0
VERTEX
  8
8
  10
4311.008340
  20
522.548981
  0
VERTEX
  8
8
  10
4311.113354
  20
522.679888
  0
VERTEX
  8
8
  10
4315.864695
  20
528.637060
  0
VERTEX
  8
8
  10
4318.646455
  20
532.567296
  0
VERTEX
  8
8
  10
4321.999684
  20
537.820884
  0
VERTEX
  8
8
  10
4322.732546
  20
538.994410
  0
VERTEX
  8
8
  10
4326.605015
  20
545.275517
  0
VERTEX
  8
8
  10
4330.033701
  20
551.365585
  0
VERTEX
  8
8
  10
4332.681447
  20
556.356310
  0
VERTEX
  8
8
  10
4337.080284
  20
564.744684
  0
VERTEX
  8
8
  10
4344.115549
  20
578.051642
  0
VERTEX
  8
8
  10
4348.575274
  20
586.411368
  0
VERTEX
  8
8
  10
4351.200986
  20
591.346436
  0
VERTEX
  8
8
  10
4355.160659
  20
598.426919
  0
VERTEX
  8
8
  10
4360.385833
  20
607.215614
  0
VERTEX
  8
8
  10
4364.455444
  20
613.644227
  0
VERTEX
  8
8
  10
4367.712292
  20
618.497708
  0
VERTEX
  8
8
  10
4372.841250
  20
626.120250
  0
VERTEX
  8
8
  10
4377.863725
  20
633.219534
  0
VERTEX
  8
8
  10
4383.529156
  20
640.784010
  0
VERTEX
  8
8
  10
4384.214409
  20
641.680538
  0
VERTEX
  8
8
  10
4384.216309
  20
641.683044
  0
VERTEX
  8
8
  10
4389.184825
  20
648.202860
  0
VERTEX
  8
8
  10
4392.665650
  20
652.773616
  0
VERTEX
  8
8
  10
4401.792372
  20
664.737002
  0
VERTEX
  8
8
  10
4410.947415
  20
676.697421
  0
VERTEX
  8
8
  10
4410.956375
  20
676.709103
  0
VERTEX
  8
8
  10
4420.124275
  20
688.659790
  0
VERTEX
  8
8
  10
4429.221998
  20
700.608976
  0
VERTEX
  8
8
  10
4434.357932
  20
707.416957
  0
VERTEX
  8
8
  10
4434.358826
  20
707.418289
  0
VERTEX
  8
8
  10
4438.287094
  20
712.622280
  0
VERTEX
  8
8
  10
4439.232386
  20
713.874144
  0
VERTEX
  8
8
  10
4447.371637
  20
724.656855
  0
VERTEX
  8
8
  10
4456.420261
  20
736.637909
  0
VERTEX
  8
8
  10
4461.046448
  20
742.758179
  0
VERTEX
  8
8
  10
4474.260765
  20
741.462984
  0
VERTEX
  8
8
  10
4484.449661
  20
740.703033
  0
VERTEX
  8
8
  10
4494.037240
  20
740.243785
  0
VERTEX
  8
8
  10
4505.611016
  20
739.980853
  0
VERTEX
  8
8
  10
4520.697855
  20
739.840857
  0
VERTEX
  8
8
  10
4535.716221
  20
739.797634
  0
VERTEX
  8
8
  10
4550.000000
  20
739.801788
  0
VERTEX
  8
8
  10
4550.000000
  20
739.801788
  0
VERTEX
  8
8
  10
4565.529595
  20
739.798742
  0
VERTEX
  8
8
  10
4580.547867
  20
739.848078
  0
VERTEX
  8
8
  10
4595.571571
  20
739.998050
  0
VERTEX
  8
8
  10
4606.831944
  20
740.274947
  0
VERTEX
  8
8
  10
4616.275319
  20
740.748161
  0
VERTEX
  8
8
  10
4626.283267
  20
741.510150
  0
VERTEX
  8
8
  10
4638.953552
  20
742.758179
  0
VERTEX
  8
8
  10
4648.135670
  20
730.607286
  0
VERTEX
  8
8
  10
4657.211299
  20
718.589985
  0
VERTEX
  8
8
  10
4660.767586
  20
713.874264
  0
VERTEX
  8
8
  10
4666.265962
  20
706.577632
  0
VERTEX
  8
8
  10
4675.385989
  20
694.541548
  0
VERTEX
  8
8
  10
4684.543079
  20
682.576369
  0
VERTEX
  8
8
  10
4689.043564
  20
676.708955
  0
VERTEX
  8
8
  10
4693.722385
  20
670.601144
  0
VERTEX
  8
8
  10
4702.852128
  20
658.653237
  0
VERTEX
  8
8
  10
4710.815545
  20
648.202376
  0
VERTEX
  8
8
  10
4711.980422
  20
646.672054
  0
VERTEX
  8
8
  10
4715.783386
  20
641.683578
  0
VERTEX
  8
8
  10
4715.785626
  20
641.680488
  0
VERTEX
  8
8
  10
4721.130995
  20
634.592233
  0
VERTEX
  8
8
  10
4726.260781
  20
627.421519
  0
VERTEX
  8
8
  10
4732.287539
  20
618.497959
  0
VERTEX
  8
8
  10
4734.706052
  20
614.908243
  0
VERTEX
  8
8
  10
4738.581911
  20
608.888799
  0
VERTEX
  8
8
  10
4743.569229
  20
600.608244
  0
VERTEX
  8
8
  10
4747.852111
  20
593.086654
  0
VERTEX
  8
8
  10
4751.424795
  20
586.411239
  0
VERTEX
  8
8
  10
4754.970028
  20
579.763812
  0
VERTEX
  8
8
  10
4762.015814
  20
566.465017
  0
VERTEX
  8
8
  10
4767.318669
  20
556.356089
  0
VERTEX
  8
8
  10
4769.000869
  20
553.163867
  0
VERTEX
  8
8
  10
4772.643022
  20
546.567439
  0
VERTEX
  8
8
  10
4775.838134
  20
541.262001
  0
VERTEX
  8
8
  10
4777.267406
  20
538.994486
  0
VERTEX
  8
8
  10
4781.644768
  20
532.135897
  0
VERTEX
  8
8
  10
4784.445172
  20
528.225339
  0
VERTEX
  8
8
  10
4788.293869
  20
523.413439
  0
VERTEX
  8
8
  10
4788.886807
  20
522.679687
  0
VERTEX
  8
8
  10
4791.138727
  20
520.010581
  0
VERTEX
  8
8
  10
4794.176288
  20
516.883216
  0
VERTEX
  8
8
  10
4797.225694
  20
514.038822
  0
VERTEX
  8
8
  10
4799.738613
  20
512.036439
  0
VERTEX
  8
8
  10
4800.916351
  20
511.151328
  0
VERTEX
  8
8
  10
4804.103797
  20
508.829980
  0
VERTEX
  8
8
  10
4808.019532
  20
506.405668
  0
VERTEX
  8
8
  10
4812.631835
  20
503.817154
  0
VERTEX
  8
8
  10
4821.591187
  20
499.166718
  0
VERTEX
  8
8
  10
4822.338867
  20
383.459625
  0
VERTEX
  8
8
  10
4822.338867
  20
383.459625
  0
VERTEX
  8
8
  10
4822.790833
  20
313.461094
  0
VERTEX
  8
8
  10
4848.884888
  20
298.634987
  0
VERTEX
  8
8
  10
4848.984070
  20
283.635292
  0
VERTEX
  8
8
  10
4848.984070
  20
283.635292
  0
VERTEX
  8
8
  10
4850.350952
  20
77.241793
  0
VERTEX
  8
8
  10
4785.302734
  20
77.241793
  0
VERTEX
  8
8
  10
4694.847107
  20
77.241793
  0
VERTEX
  8
8
  10
4550.000000
  20
77.241793
  0
VERTEX
  8
8
  10
4405.152893
  20
77.241793
  0
VERTEX
  8
8
  10
4314.697266
  20
77.241793
  0
VERTEX
  8
8
  10
4249.649048
  20
77.241793
  0
SEQEND
  8
8
  0
POINT
  8
2
 10
4249.649048
 20
77.241793
  0
TEXT
  8
2
 10
4249.649048
 20
77.241793
 40
0.000000
 50
0.000000
  1
# 35
  0
POINT
  8
2
 10
4251.115112
 20
298.634987
  0
TEXT
  8
2
 10
4251.115112
 20
298.634987
 40
0.000000
 50
0.000000
  1
# 36
  0
POINT
  8
2
 10
4277.209167
 20
313.461094
  0
TEXT
  8
2
 10
4277.209167
 20
313.461094
 40
0.000000
 50
0.000000
  1
# 37
  0
POINT
  8
2
 10
4278.408813
 20
499.166718
  0
TEXT
  8
2
 10
4278.408813
 20
499.166718
 40
0.000000
 50
0.000000
  1
# 38
  0
POINT
  8
2
 10
4461.046448
 20
742.758179
  0
TEXT
  8
2
 10
4461.046448
 20
742.758179
 40
0.000000
 50
0.000000
  1
# 39
  0
POINT
  8
2
 10
4550.000000
 20
739.801788
  0
TEXT
  8
2
 10
4550.000000
 20
739.801788
 40
0.000000
 50
0.000000
  1
# 40
  0
POINT
  8
2
 10
4638.953552
 20
742.758179
  0
TEXT
  8
2
 10
4638.953552
 20
742.758179
 40
0.000000
 50
0.000000
  1
# 41
  0
POINT
  8
2
 10
4821.591187
 20
499.166718
  0
TEXT
  8
2
 10
4821.591187
 20
499.166718
 40
0.000000
 50
0.000000
  1
# 42
  0
POINT
  8
2
 10
4822.790833
 20
313.461094
  0
TEXT
  8
2
 10
4822.790833
 20
313.461094
 40
0.000000
 50
0.000000
  1
# 43
  0
POINT
  8
2
 10
4848.884888
 20
298.634987
  0
TEXT
  8
2
 10
4848.884888
 20
298.634987
 40
0.000000
 50
0.000000
  1
# 44
  0
POINT
  8
2
 10
4850.350952
 20
77.241793
  0
TEXT
  8
2
 10
4850.350952
 20
77.241793
 40
0.000000
 50
0.000000
  1
# 45
  0
POINT
  8
2
 10
4550.000000
 20
77.241793
  0
TEXT
  8
2
 10
4550.000000
 20
77.241793
 40
0.000000
 50
0.000000
  1
# 46
  0
POINT
  8
2
 10
4249.649048
 20
77.241793
  0
TEXT
  8
2
 10
4249.649048
 20
77.241793
 40
0.000000
 50
0.000000
  1
# 47
  0
POINT
  8
3
 10
4285.179062
 20
502.695260
  0
POINT
  8
3
 10
4289.565854
 20
505.013345
  0
POINT
  8
3
 10
4294.532333
 20
507.951269
  0
POINT
  8
3
 10
4297.494835
 20
509.944938
  0
POINT
  8
3
 10
4299.083686
 20
511.151356
  0
POINT
  8
3
 10
4302.733207
 20
514.003361
  0
POINT
  8
3
 10
4305.580814
 20
516.644742
  0
POINT
  8
3
 10
4308.862534
 20
520.011966
  0
POINT
  8
3
 10
4311.008340
 20
522.548981
  0
POINT
  8
3
 10
4311.113354
 20
522.679888
  0
POINT
  8
3
 10
4315.864695
 20
528.637060
  0
POINT
  8
3
 10
4318.646455
 20
532.567296
  0
POINT
  8
3
 10
4321.999684
 20
537.820884
  0
POINT
  8
3
 10
4322.732546
 20
538.994410
  0
POINT
  8
3
 10
4326.605015
 20
545.275517
  0
POINT
  8
3
 10
4330.033701
 20
551.365585
  0
POINT
  8
3
 10
4332.681447
 20
556.356310
  0
POINT
  8
3
 10
4337.080284
 20
564.744684
  0
POINT
  8
3
 10
4344.115549
 20
578.051642
  0
POINT
  8
3
 10
4348.575274
 20
586.411368
  0
POINT
  8
3
 10
4351.200986
 20
591.346436
  0
POINT
  8
3
 10
4355.160659
 20
598.426919
  0
POINT
  8
3
 10
4360.385833
 20
607.215614
  0
POINT
  8
3
 10
4364.455444
 20
613.644227
  0
POINT
  8
3
 10
4367.712292
 20
618.497708
  0
POINT
  8
3
 10
4372.841250
 20
626.120250
  0
POINT
  8
3
 10
4377.863725
 20
633.219534
  0
POINT
  8
3
 10
4383.529156
 20
640.784010
  0
POINT
  8
3
 10
4384.214409
 20
641.680538
  0
POINT
  8
3
 10
4384.216309
 20
641.683044
  0
POINT
  8
3
 10
4389.184825
 20
648.202860
  0
POINT
  8
3
 10
4392.665650
 20
652.773616
  0
POINT
  8
3
 10
4401.792372
 20
664.737002
  0
POINT
  8
3
 10
4410.947415
 20
676.697421
  0
POINT
  8
3
 10
4410.956375
 20
676.709103
  0
POINT
  8
3
 10
4420.124275
 20
688.659790
  0
POINT
  8
3
 10
4429.221998
 20
700.608976
  0
POINT
  8
3
 10
4434.357932
 20
707.416957
  0
POINT
  8
3
 10
4434.358826
 20
707.418289
  0
POINT
  8
3
 10
4438.287094
 20
712.622280
  0
POINT
  8
3
 10
4439.232386
 20
713.874144
  0
POINT
  8
3
 10
4447.371637
 20
724.656855
  0
POINT
  8
3
 10
4456.420261
 20
736.637909
  0
POINT
  8
3
 10
4474.260765
 20
741.462984
  0
POINT
  8
3
 10
4484.449661
 20
740.703033
  0
POINT
  8
3
 10
4494.037240
 20
740.243785
  0
POINT
  8
3
 10
4505.611016
 20
739.980853
  0
POINT
  8
3
 10
4520.697855
 20
739.840857
  0
POINT
  8
3
 10
4535.716221
 20
739.797634
  0
POINT
  8
3
 10
4550.000000
 20
739.801788
  0
POINT
  8
3
 10
4565.529595
 20
739.798742
  0
POINT
  8
3
 10
4580.547867
 20
739.848078
  0
POINT
  8
3
 10
4595.571571
 20
739.998050
  0
POINT
  8
3
 10
4606.831944
 20
740.274947
  0
POINT
  8
3
 10
4616.275319
 20
740.748161
  0
POINT
  8
3
 10
4626.283267
 20
741.510150
  0
POINT
  8
3
 10
4648.135670
 20
730.607286
  0
POINT
  8
3
 10
4657.211299
 20
718.589985
  0
POINT
  8
3
 10
4660.767586
 20
713.874264
  0
POINT
  8
3
 10
4666.265962
 20
706.577632
  0
POINT
  8
3
 10
4675.385989
 20
694.541548
  0
POINT
  8
3
 10
4684.543079
 20
682.576369
  0
POINT
  8
3
 10
4689.043564
 20
676.708955
  0
POINT
  8
3
 10
4693.722385
 20
670.601144
  0
POINT
  8
3
 10
4702.852128
 20
658.653237
  0
POINT
  8
3
 10
4710.815545
 20
648.202376
  0
POINT
  8
3
 10
4711.980422
 20
646.672054
  0
POINT
  8
3
 10
4715.783386
 20
641.683578
  0
POINT
  8
3
 10
4715.785626
 20
641.680488
  0
POINT
  8
3
 10
4721.130995
 20
634.592233
  0
POINT
  8
3
 10
4726.260781
 20
627.421519
  0
POINT
  8
3
 10
4732.287539
 20
618.497959
  0
POINT
  8
3
 10
4734.706052
 20
614.908243
  0
POINT
  8
3
 10
4738.581911
 20
608.888799
  0
POINT
  8
3
 10
4743.569229
 20
600.608244
  0
POINT
  8
3
 10
4747.852111
 20
593.086654
  0
POINT
  8
3
 10
4751.424795
 20
586.411239
  0
POINT
  8
3
 10
4754.970028
 20
579.763812
  0
POINT
  8
3
 10
4762.015814
 20
566.465017
  0
POINT
  8
3
 10
4767.318669
 20
556.356089
  0
POINT
  8
3
 10
4769.000869
 20
553.163867
  0
POINT
  8
3
 10
4772.643022
 20
546.567439
  0
POINT
  8
3
 10
4775.838134
 20
541.262001
  0
POINT
  8
3
 10
4777.267406
 20
538.994486
  0
POINT
  8
3
 10
4781.644768
 20
532.135897
  0
POINT
  8
3
 10
4784.445172
 20
528.225339
  0
POINT
  8
3
 10
4788.293869
 20
523.413439
  0
POINT
  8
3
 10
4788.886807
 20
522.679687
  0
POINT
  8
3
 10
4791.138727
 20
520.010581
  0
POINT
  8
3
 10
4794.176288
 20
516.883216
  0
POINT
  8
3
 10
4797.225694
 20
514.038822
  0
POINT
  8
3
 10
4799.738613
 20
512.036439
  0
POINT
  8
3
 10
4800.916351
 20
511.151328
  0
POINT
  8
3
 10
4804.103797
 20
508.829980
  0
POINT
  8
3
 10
4808.019532
 20
506.405668
  0
POINT
  8
3
 10
4812.631835
 20
503.817154
  0
POINT
  8
3
 10
4299.083686
 20
511.151356
  0
TEXT
  8
3
 10
4299.083686
 20
511.151356
 40
0.000000
 50
0.000000
  1
# 48
  0
POINT
  8
3
 10
4311.113354
 20
522.679888
  0
TEXT
  8
3
 10
4311.113354
 20
522.679888
 40
0.000000
 50
0.000000
  1
# 49
  0
POINT
  8
3
 10
4322.732546
 20
538.994410
  0
TEXT
  8
3
 10
4322.732546
 20
538.994410
 40
0.000000
 50
0.000000
  1
# 50
  0
POINT
  8
3
 10
4332.681447
 20
556.356310
  0
TEXT
  8
3
 10
4332.681447
 20
556.356310
 40
0.000000
 50
0.000000
  1
# 51
  0
POINT
  8
3
 10
4348.575274
 20
586.411368
  0
TEXT
  8
3
 10
4348.575274
 20
586.411368
 40
0.000000
 50
0.000000
  1
# 52
  0
POINT
  8
3
 10
4367.712292
 20
618.497708
  0
TEXT
  8
3
 10
4367.712292
 20
618.497708
 40
0.000000
 50
0.000000
  1
# 53
  0
POINT
  8
3
 10
4384.214409
 20
641.680538
  0
TEXT
  8
3
 10
4384.214409
 20
641.680538
 40
0.000000
 50
0.000000
  1
# 54
  0
POINT
  8
3
 10
4389.184825
 20
648.202860
  0
TEXT
  8
3
 10
4389.184825
 20
648.202860
 40
0.000000
 50
0.000000
  1
# 55
  0
POINT
  8
3
 10
4410.956375
 20
676.709103
  0
TEXT
  8
3
 10
4410.956375
 20
676.709103
 40
0.000000
 50
0.000000
  1
# 56
  0
POINT
  8
3
 10
4434.357932
 20
707.416957
  0
TEXT
  8
3
 10
4434.357932
 20
707.416957
 40
0.000000
 50
0.000000
  1
# 57
  0
POINT
  8
3
 10
4439.232386
 20
713.874144
  0
TEXT
  8
3
 10
4439.232386
 20
713.874144
 40
0.000000
 50
0.000000
  1
# 58
  0
POINT
  8
3
 10
4660.767586
 20
713.874264
  0
TEXT
  8
3
 10
4660.767586
 20
713.874264
 40
0.000000
 50
0.000000
  1
# 59
  0
POINT
  8
3
 10
4689.043564
 20
676.708955
  0
TEXT
  8
3
 10
4689.043564
 20
676.708955
 40
0.000000
 50
0.000000
  1
# 60
  0
POINT
  8
3
 10
4710.815545
 20
648.202376
  0
TEXT
  8
3
 10
4710.815545
 20
648.202376
 40
0.000000
 50
0.000000
  1
# 61
  0
POINT
  8
3
 10
4715.785626
 20
641.680488
  0
TEXT
  8
3
 10
4715.785626
 20
641.680488
 40
0.000000
 50
0.000000
  1
# 62
  0
POINT
  8
3
 10
4732.287539
 20
618.497959
  0
TEXT
  8
3
 10
4732.287539
 20
618.497959
 40
0.000000
 50
0.000000
  1
# 63
  0
POINT
  8
3
 10
4751.424795
 20
586.411239
  0
TEXT
  8
3
 10
4751.424795
 20
586.411239
 40
0.000000
 50
0.000000
  1
# 64
  0
POINT
  8
3
 10
4767.318669
 20
556.356089
  0
TEXT
  8
3
 10
4767.318669
 20
556.356089
 40
0.000000
 50
0.000000
  1
# 65
  0
POINT
  8
3
 10
4777.267406
 20
538.994486
  0
TEXT
  8
3
 10
4777.267406
 20
538.994486
 40
0.000000
 50
0.000000
  1
# 66
  0
POINT
  8
3
 10
4788.886807
 20
522.679687
  0
TEXT
  8
3
 10
4788.886807
 20
522.679687
 40
0.000000
 50
0.000000
  1
# 67
  0
POINT
  8
3
 10
4800.916351
 20
511.151328
  0
TEXT
  8
3
 10
4800.916351
 20
511.151328
 40
0.000000
 50
0.000000
  1
# 68
  0
POINT
  8
4
 10
4251.015930
 20
283.635292
 30
1.000000
 50
359.62
  0
TEXT
  8
4
 10
4251.015930
 20
283.635292
 40
0.000000
 50
0.000000
  1
# 69
  0
POINT
  8
4
 10
4277.661133
 20
383.459625
 30
1.000000
 50
359.63
  0
TEXT
  8
4
 10
4277.661133
 20
383.459625
 40
0.000000
 50
0.000000
  1
# 70
  0
POINT
  8
4
 10
4384.216309
 20
641.683044
 30
1.000000
 50
322.69
  0
TEXT
  8
4
 10
4384.216309
 20
641.683044
 40
0.000000
 50
0.000000
  1
# 71
  0
POINT
  8
4
 10
4434.358826
 20
707.418289
 30
1.000000
 50
322.95
  0
TEXT
  8
4
 10
4434.358826
 20
707.418289
 40
0.000000
 50
0.000000
  1
# 72
  0
POINT
  8
4
 10
4550.000000
 20
739.801788
 30
1.000000
 50
269.97
  0
TEXT
  8
4
 10
4550.000000
 20
739.801788
 40
0.000000
 50
0.000000
  1
# 73
  0
POINT
  8
4
 10
4715.783386
 20
641.683578
 30
1.000000
 50
217.31
  0
TEXT
  8
4
 10
4715.783386
 20
641.683578
 40
0.000000
 50
0.000000
  1
# 74
  0
POINT
  8
4
 10
4822.338867
 20
383.459625
 30
1.000000
 50
180.37
  0
TEXT
  8
4
 10
4822.338867
 20
383.459625
 40
0.000000
 50
0.000000
  1
# 75
  0
POINT
  8
4
 10
4848.984070
 20
283.635292
 30
1.000000
 50
180.38
  0
TEXT
  8
4
 10
4848.984070
 20
283.635292
 40
0.000000
 50
0.000000
  1
# 76
  0
POLYLINE
  8
11
  66
1
  70
0
  0
VERTEX
  8
1
  10
4284.848633
  20
107.241793
  0
VERTEX
  8
1
  10
4286.015015
  20
283.403587
  0
VERTEX
  8
1
  10
4286.015015
  20
283.403587
  0
SEQEND
  8
11
  0
POINT
  8
2
 10
4284.848633
 20
107.241793
  0
TEXT
  8
2
 10
4284.848633
 20
107.241793
 40
0.000000
 50
0.000000
  1
# 77
  0
POINT
  8
2
 10
4286.015015
 20
283.403587
  0
TEXT
  8
2
 10
4286.015015
 20
283.403587
 40
0.000000
 50
0.000000
  1
# 78
  0
POINT
  8
3
 10
4286.015015
 20
283.403587
  0
POINT
  8
4
 10
4286.015015
 20
283.403587
 30
1.000000
 50
359.62
  0
TEXT
  8
4
 10
4286.015015
 20
283.403587
 40
0.000000
 50
0.000000
  1
# 79
  0
POLYLINE
  8
11
  66
1
  70
0
  0
VERTEX
  8
1
  10
4286.015015
  20
283.403587
  0
VERTEX
  8
1
  10
4286.661072
  20
383.401527
  0
VERTEX
  8
1
  10
4286.661072
  20
383.401527
  0
VERTEX
  8
1
  10
4287.374268
  20
493.770485
  0
SEQEND
  8
11
  0
POINT
  8
2
 10
4286.015015
 20
283.403587
  0
TEXT
  8
2
 10
4286.015015
 20
283.403587
 40
0.000000
 50
0.000000
  1
# 80
  0
POINT
  8
2
 10
4287.374268
 20
493.770485
  0
TEXT
  8
2
 10
4287.374268
 20
493.770485
 40
0.000000
 50
0.000000
  1
# 81
  0
POINT
  8
4
 10
4286.661072
 20
383.401527
 30
1.000000
 50
359.63
  0
TEXT
  8
4
 10
4286.661072
 20
383.401527
 40
0.000000
 50
0.000000
  1
# 82
  0
POLYLINE
  8
11
  66
1
  70
0
  0
VERTEX
  8
1
  10
4287.374268
  20
493.770485
  0
VERTEX
  8
1
  10
4292.909454
  20
496.570765
  0
VERTEX
  8
1
  10
4297.253768
  20
499.068307
  0
VERTEX
  8
1
  10
4301.559005
  20
501.820944
  0
VERTEX
  8
1
  10
4304.561757
  20
503.951211
  0
VERTEX
  8
1
  10
4305.228813
  20
504.454235
  0
VERTEX
  8
1
  10
4308.422880
  20
507.043347
  0
VERTEX
  8
1
  10
4311.629071
  20
509.973281
  0
VERTEX
  8
1
  10
4314.830619
  20
513.241557
  0
VERTEX
  8
1
  10
4318.107034
  20
516.950221
  0
VERTEX
  8
1
  10
4318.148028
  20
516.998987
  0
VERTEX
  8
1
  10
4321.489044
  20
521.170487
  0
VERTEX
  8
1
  10
4324.957890
  20
525.908643
  0
VERTEX
  8
1
  10
4328.548191
  20
531.248255
  0
VERTEX
  8
1
  10
4330.401935
  20
534.175714
  0
VERTEX
  8
1
  10
4332.315016
  20
537.312506
  0
VERTEX
  8
1
  10
4336.664888
  20
544.824966
  0
VERTEX
  8
1
  10
4340.683227
  20
552.141193
  0
VERTEX
  8
1
  10
4342.024067
  20
554.643700
  0
VERTEX
  8
1
  10
4348.998366
  20
567.958770
  0
VERTEX
  8
1
  10
4356.020666
  20
581.354292
  0
VERTEX
  8
1
  10
4356.472262
  20
582.198748
  0
VERTEX
  8
1
  10
4361.250604
  20
590.917049
  0
VERTEX
  8
1
  10
4365.884834
  20
598.910332
  0
VERTEX
  8
1
  10
4370.623241
  20
606.584104
  0
VERTEX
  8
1
  10
4375.137052
  20
613.510783
  0
VERTEX
  8
1
  10
4375.880416
  20
614.621095
  0
VERTEX
  8
1
  10
4381.718296
  20
623.083654
  0
VERTEX
  8
1
  10
4388.378776
  20
632.282604
  0
VERTEX
  8
1
  10
4391.337797
  20
636.251852
  0
VERTEX
  8
1
  10
4391.339417
  20
636.253891
  0
VERTEX
  8
1
  10
4396.291359
  20
642.787025
  0
VERTEX
  8
1
  10
4397.103004
  20
643.848322
  0
VERTEX
  8
1
  10
4406.272683
  20
655.761084
  0
VERTEX
  8
1
  10
4415.431353
  20
667.679582
  0
VERTEX
  8
1
  10
4418.139503
  20
671.214736
  0
VERTEX
  8
1
  10
4424.630281
  20
679.707131
  0
VERTEX
  8
1
  10
4433.736320
  20
691.665975
  0
VERTEX
  8
1
  10
4441.560086
  20
701.980372
  0
VERTEX
  8
1
  10
4441.560364
  20
701.980972
  0
VERTEX
  8
1
  10
4442.870507
  20
703.711322
  0
VERTEX
  8
1
  10
4446.441053
  20
708.432654
  0
VERTEX
  8
1
  10
4451.909138
  20
715.676896
  0
VERTEX
  8
1
  10
4460.970129
  20
727.709521
  0
VERTEX
  8
1
  10
4465.910339
  20
734.283142
  0
SEQEND
  8
11
  0
POINT
  8
2
 10
4287.374268
 20
493.770485
  0
TEXT
  8
2
 10
4287.374268
 20
493.770485
 40
0.000000
 50
0.000000
  1
# 83
  0
POINT
  8
2
 10
4465.910339
 20
734.283142
  0
TEXT
  8
2
 10
4465.910339
 20
734.283142
 40
0.000000
 50
0.000000
  1
# 84
  0
POINT
  8
3
 10
4292.909454
 20
496.570765
  0
POINT
  8
3
 10
4297.253768
 20
499.068307
  0
POINT
  8
3
 10
4301.559005
 20
501.820944
  0
POINT
  8
3
 10
4304.561757
 20
503.951211
  0
POINT
  8
3
 10
4305.228813
 20
504.454235
  0
POINT
  8
3
 10
4308.422880
 20
507.043347
  0
POINT
  8
3
 10
4311.629071
 20
509.973281
  0
POINT
  8
3
 10
4314.830619
 20
513.241557
  0
POINT
  8
3
 10
4318.107034
 20
516.950221
  0
POINT
  8
3
 10
4318.148028
 20
516.998987
  0
POINT
  8
3
 10
4321.489044
 20
521.170487
  0
POINT
  8
3
 10
4324.957890
 20
525.908643
  0
POINT
  8
3
 10
4328.548191
 20
531.248255
  0
POINT
  8
3
 10
4330.401935
 20
534.175714
  0
POINT
  8
3
 10
4332.315016
 20
537.312506
  0
POINT
  8
3
 10
4336.664888
 20
544.824966
  0
POINT
  8
3
 10
4340.683227
 20
552.141193
  0
POINT
  8
3
 10
4342.024067
 20
554.643700
  0
POINT
  8
3
 10
4348.998366
 20
567.958770
  0
POINT
  8
3
 10
4356.020666
 20
581.354292
  0
POINT
  8
3
 10
4356.472262
 20
582.198748
  0
POINT
  8
3
 10
4361.250604
 20
590.917049
  0
POINT
  8
3
 10
4365.884834
 20
598.910332
  0
POINT
  8
3
 10
4370.623241
 20
606.584104
  0
POINT
  8
3
 10
4375.137052
 20
613.510783
  0
POINT
  8
3
 10
4375.880416
 20
614.621095
  0
POINT
  8
3
 10
4381.718296
 20
623.083654
  0
POINT
  8
3
 10
4388.378776
 20
632.282604
  0
POINT
  8
3
 10
4391.337797
 20
636.251852
  0
POINT
  8
3
 10
4391.339417
 20
636.253891
  0
POINT
  8
3
 10
4396.291359
 20
642.787025
  0
POINT
  8
3
 10
4397.103004
 20
643.848322
  0
POINT
  8
3
 10
4406.272683
 20
655.761084
  0
POINT
  8
3
 10
4415.431353
 20
667.679582
  0
POINT
  8
3
 10
4418.139503
 20
671.214736
  0
POINT
  8
3
 10
4424.630281
 20
679.707131
  0
POINT
  8
3
 10
4433.736320
 20
691.665975
  0
POINT
  8
3
 10
4441.560086
 20
701.980372
  0
POINT
  8
3
 10
4441.560364
 20
701.980972
  0
POINT
  8
3
 10
4442.870507
 20
703.711322
  0
POINT
  8
3
 10
4446.441053
 20
708.432654
  0
POINT
  8
3
 10
4451.909138
 20
715.676896
  0
POINT
  8
3
 10
4460.970129
 20
727.709521
  0
POINT
  8
3
 10
4304.561757
 20
503.951211
  0
TEXT
  8
3
 10
4304.561757
 20
503.951211
 40
0.000000
 50
0.000000
  1
# 85
  0
POINT
  8
3
 10
4318.148028
 20
516.998987
  0
TEXT
  8
3
 10
4318.148028
 20
516.998987
 40
0.000000
 50
0.000000
  1
# 86
  0
POINT
  8
3
 10
4330.401935
 20
534.175714
  0
TEXT
  8
3
 10
4330.401935
 20
534.175714
 40
0.000000
 50
0.000000
  1
# 87
  0
POINT
  8
3
 10
4340.683227
 20
552.141193
  0
TEXT
  8
3
 10
4340.683227
 20
552.141193
 40
0.000000
 50
0.000000
  1
# 88
  0
POINT
  8
3
 10
4356.472262
 20
582.198748
  0
TEXT
  8
3
 10
4356.472262
 20
582.198748
 40
0.000000
 50
0.000000
  1
# 89
  0
POINT
  8
3
 10
4375.137052
 20
613.510783
  0
TEXT
  8
3
 10
4375.137052
 20
613.510783
 40
0.000000
 50
0.000000
  1
# 90
  0
POINT
  8
3
 10
4391.337797
 20
636.251852
  0
TEXT
  8
3
 10
4391.337797
 20
636.251852
 40
0.000000
 50
0.000000
  1
# 91
  0
POINT
  8
3
 10
4396.291359
 20
642.787025
  0
TEXT
  8
3
 10
4396.291359
 20
642.787025
 40
0.000000
 50
0.000000
  1
# 92
  0
POINT
  8
3
 10
4418.139503
 20
671.214736
  0
TEXT
  8
3
 10
4418.139503
 20
671.214736
 40
0.000000
 50
0.000000
  1
# 93
  0
POINT
  8
3
 10
4441.560086
 20
701.980372
  0
TEXT
  8
3
 10
4441.560086
 20
701.980372
 40
0.000000
 50
0.000000
  1
# 94
  0
POINT
  8
3
 10
4446.441053
 20
708.432654
  0
TEXT
  8
3
 10
4446.441053
 20
708.432654
 40
0.000000
 50
0.000000
  1
# 95
  0
POINT
  8
4
 10
4391.339417
 20
636.253891
 30
1.000000
 50
323.10
  0
TEXT
  8
4
 10
4391.339417
 20
636.253891
 40
0.000000
 50
0.000000
  1
# 96
  0
POINT
  8
4
 10
4441.560364
 20
701.980972
 30
1.000000
 50
322.87
  0
TEXT
  8
4
 10
4441.560364
 20
701.980972
 40
0.000000
 50
0.000000
  1
# 97
  0
POLYLINE
  8
11
  66
1
  70
0
  0
VERTEX
  8
1
  10
4465.910339
  20
734.283142
  0
VERTEX
  8
1
  10
4477.922727
  20
733.146717
  0
VERTEX
  8
1
  10
4486.844903
  20
732.548351
  0
VERTEX
  8
1
  10
4496.562959
  20
732.162678
  0
VERTEX
  8
1
  10
4510.695805
  20
731.918601
  0
VERTEX
  8
1
  10
4525.728061
  20
731.816470
  0
VERTEX
  8
1
  10
4540.760582
  20
731.795862
  0
VERTEX
  8
1
  10
4550.000000
  20
731.801758
  0
VERTEX
  8
1
  10
4550.000000
  20
731.801758
  0
SEQEND
  8
11
  0
POINT
  8
2
 10
4465.910339
 20
734.283142
  0
TEXT
  8
2
 10
4465.910339
 20
734.283142
 40
0.000000
 50
0.000000
  1
# 98
  0
POINT
  8
2
 10
4550.000000
 20
731.801758
  0
TEXT
  8
2
 10
4550.000000
 20
731.801758
 40
0.000000
 50
0.000000
  1
# 99
  0
POINT
  8
3
 10
4477.922727
 20
733.146717
  0
POINT
  8
3
 10
4486.844903
 20
732.548351
  0
POINT
  8
3
 10
4496.562959
 20
732.162678
  0
POINT
  8
3
 10
4510.695805
 20
731.918601
  0
POINT
  8
3
 10
4525.728061
 20
731.816470
  0
POINT
  8
3
 10
4540.760582
 20
731.795862
  0
POINT
  8
3
 10
4550.000000
 20
731.801758
  0
POINT
  8
4
 10
4550.000000
 20
731.801758
 30
1.000000
 50
269.99
  0
TEXT
  8
4
 10
4550.000000
 20
731.801758
 40
0.000000
 50
0.000000
  1
# 100
  0
POLYLINE
  8
11
  66
1
  70
0
  0
VERTEX
  8
1
  10
4550.000000
  20
731.801758
  0
VERTEX
  8
1
  10
4565.217637
  20
731.808490
  0
VERTEX
  8
1
  10
4580.300270
  20
731.859745
  0
VERTEX
  8
1
  10
4595.448153
  20
731.993961
  0
VERTEX
  8
1
  10
4606.983814
  20
732.275257
  0
VERTEX
  8
1
  10
4616.189598
  20
732.723882
  0
VERTEX
  8
1
  10
4625.140335
  20
733.405384
  0
VERTEX
  8
1
  10
4634.089661
  20
734.283142
  0
SEQEND
  8
11
  0
POINT
  8
2
 10
4550.000000
 20
731.801758
  0
TEXT
  8
2
 10
4550.000000
 20
731.801758
 40
0.000000
 50
0.000000
  1
# 101
  0
POINT
  8
2
 10
4634.089661
 20
734.283142
  0
TEXT
  8
2
 10
4634.089661
 20
734.283142
 40
0.000000
 50
0.000000
  1
# 102
  0
POINT
  8
3
 10
4565.217637
 20
731.808490
  0
POINT
  8
3
 10
4580.300270
 20
731.859745
  0
POINT
  8
3
 10
4595.448153
 20
731.993961
  0
POINT
  8
3
 10
4606.983814
 20
732.275257
  0
POINT
  8
3
 10
4616.189598
 20
732.723882
  0
POINT
  8
3
 10
4625.140335
 20
733.405384
  0
POLYLINE
  8
11
  66
1
  70
0
  0
VERTEX
  8
1
  10
4634.089661
  20
734.283142
  0
VERTEX
  8
1
  10
4643.211342
  20
722.152904
  0
VERTEX
  8
1
  10
4652.283891
  20
710.120310
  0
VERTEX
  8
1
  10
4653.558941
  20
708.432654
  0
VERTEX
  8
1
  10
4661.393949
  20
698.081915
  0
VERTEX
  8
1
  10
4670.510025
  20
686.083175
  0
VERTEX
  8
1
  10
4679.668504
  20
674.079681
  0
VERTEX
  8
1
  10
4681.860516
  20
671.214706
  0
VERTEX
  8
1
  10
4688.816000
  20
662.145109
  0
VERTEX
  8
1
  10
4698.036820
  20
650.171148
  0
VERTEX
  8
1
  10
4703.708725
  20
642.786851
  0
VERTEX
  8
1
  10
4707.212137
  20
638.176816
  0
VERTEX
  8
1
  10
4708.659973
  20
636.254654
  0
VERTEX
  8
1
  10
4708.662176
  20
636.251826
  0
VERTEX
  8
1
  10
4714.783888
  20
627.967496
  0
VERTEX
  8
1
  10
4721.019035
  20
619.169380
  0
VERTEX
  8
1
  10
4724.862907
  20
613.510720
  0
VERTEX
  8
1
  10
4726.585318
  20
610.906495
  0
VERTEX
  8
1
  10
4731.593629
  20
603.050290
  0
VERTEX
  8
1
  10
4736.159433
  20
595.447559
  0
VERTEX
  8
1
  10
4740.943575
  20
586.967364
  0
VERTEX
  8
1
  10
4743.527867
  20
582.198545
  0
VERTEX
  8
1
  10
4746.895643
  20
575.838895
  0
VERTEX
  8
1
  10
4753.879564
  20
562.425097
  0
VERTEX
  8
1
  10
4759.316765
  20
552.141079
  0
VERTEX
  8
1
  10
4760.391577
  20
550.155510
  0
VERTEX
  8
1
  10
4765.296809
  20
541.378618
  0
VERTEX
  8
1
  10
4769.381113
  20
534.525354
  0
VERTEX
  8
1
  10
4769.598067
  20
534.175438
  0
VERTEX
  8
1
  10
4773.088612
  20
528.759358
  0
VERTEX
  8
1
  10
4776.610266
  20
523.715798
  0
VERTEX
  8
1
  10
4780.063924
  20
519.183770
  0
VERTEX
  8
1
  10
4781.852253
  20
516.998895
  0
VERTEX
  8
1
  10
4783.416083
  20
515.179721
  0
VERTEX
  8
1
  10
4786.679702
  20
511.656428
  0
VERTEX
  8
1
  10
4789.917385
  20
508.518300
  0
VERTEX
  8
1
  10
4793.121933
  20
505.751521
  0
VERTEX
  8
1
  10
4795.438061
  20
503.951379
  0
VERTEX
  8
1
  10
4796.462748
  20
503.201122
  0
VERTEX
  8
1
  10
4800.363426
  20
500.553597
  0
VERTEX
  8
1
  10
4804.859095
  20
497.819969
  0
VERTEX
  8
1
  10
4809.172682
  20
495.480085
  0
VERTEX
  8
1
  10
4812.626038
  20
493.770294
  0
SEQEND
  8
11
  0
POINT
  8
2
 10
4634.089661
 20
734.283142
  0
TEXT
  8
2
 10
4634.089661
 20
734.283142
 40
0.000000
 50
0.000000
  1
# 103
  0
POINT
  8
2
 10
4812.626038
 20
493.770294
  0
TEXT
  8
2
 10
4812.626038
 20
493.770294
 40
0.000000
 50
0.000000
  1
# 104
  0
POINT
  8
3
 10
4643.211342
 20
722.152904
  0
POINT
  8
3
 10
4652.283891
 20
710.120310
  0
POINT
  8
3
 10
4653.558941
 20
708.432654
  0
POINT
  8
3
 10
4661.393949
 20
698.081915
  0
POINT
  8
3
 10
4670.510025
 20
686.083175
  0
POINT
  8
3
 10
4679.668504
 20
674.079681
  0
POINT
  8
3
 10
4681.860516
 20
671.214706
  0
POINT
  8
3
 10
4688.816000
 20
662.145109
  0
POINT
  8
3
 10
4698.036820
 20
650.171148
  0
POINT
  8
3
 10
4703.708725
 20
642.786851
  0
POINT
  8
3
 10
4707.212137
 20
638.176816
  0
POINT
  8
3
 10
4708.659973
 20
636.254654
  0
POINT
  8
3
 10
4708.662176
 20
636.251826
  0
POINT
  8
3
 10
4714.783888
 20
627.967496
  0
POINT
  8
3
 10
4721.019035
 20
619.169380
  0
POINT
  8
3
 10
4724.862907
 20
613.510720
  0
POINT
  8
3
 10
4726.585318
 20
610.906495
  0
POINT
  8
3
 10
4731.593629
 20
603.050290
  0
POINT
  8
3
 10
4736.159433
 20
595.447559
  0
POINT
  8
3
 10
4740.943575
 20
586.967364
  0
POINT
  8
3
 10
4743.527867
 20
582.198545
  0
POINT
  8
3
 10
4746.895643
 20
575.838895
  0
POINT
  8
3
 10
4753.879564
 20
562.425097
  0
POINT
  8
3
 10
4759.316765
 20
552.141079
  0
POINT
  8
3
 10
4760.391577
 20
550.155510
  0
POINT
  8
3
 10
4765.296809
 20
541.378618
  0
POINT
  8
3
 10
4769.381113
 20
534.525354
  0
POINT
  8
3
 10
4769.598067
 20
534.175438
  0
POINT
  8
3
 10
4773.088612
 20
528.759358
  0
POINT
  8
3
 10
4776.610266
 20
523.715798
  0
POINT
  8
3
 10
4780.063924
 20
519.183770
  0
POINT
  8
3
 10
4781.852253
 20
516.998895
  0
POINT
  8
3
 10
4783.416083
 20
515.179721
  0
POINT
  8
3
 10
4786.679702
 20
511.656428
  0
POINT
  8
3
 10
4789.917385
 20
508.518300
  0
POINT
  8
3
 10
4793.121933
 20
505.751521
  0
POINT
  8
3
 10
4795.438061
 20
503.951379
  0
POINT
  8
3
 10
4796.462748
 20
503.201122
  0
POINT
  8
3
 10
4800.363426
 20
500.553597
  0
POINT
  8
3
 10
4804.859095
 20
497.819969
  0
POINT
  8
3
 10
4809.172682
 20
495.480085
  0
POINT
  8
3
 10
4653.558941
 20
708.432654
  0
TEXT
  8
3
 10
4653.558941
 20
708.432654
 40
0.000000
 50
0.000000
  1
# 105
  0
POINT
  8
3
 10
4681.860516
 20
671.214706
  0
TEXT
  8
3
 10
4681.860516
 20
671.214706
 40
0.000000
 50
0.000000
  1
# 106
  0
POINT
  8
3
 10
4703.708725
 20
642.786851
  0
TEXT
  8
3
 10
4703.708725
 20
642.786851
 40
0.000000
 50
0.000000
  1
# 107
  0
POINT
  8
3
 10
4708.662176
 20
636.251826
  0
TEXT
  8
3
 10
4708.662176
 20
636.251826
 40
0.000000
 50
0.000000
  1
# 108
  0
POINT
  8
3
 10
4724.862907
 20
613.510720
  0
TEXT
  8
3
 10
4724.862907
 20
613.510720
 40
0.000000
 50
0.000000
  1
# 109
  0
POINT
  8
3
 10
4743.527867
 20
582.198545
  0
TEXT
  8
3
 10
4743.527867
 20
582.198545
 40
0.000000
 50
0.000000
  1
# 110
  0
POINT
  8
3
 10
4759.316765
 20
552.141079
  0
TEXT
  8
3
 10
4759.316765
 20
552.141079
 40
0.000000
 50
0.000000
  1
# 111
  0
POINT
  8
3
 10
4769.598067
 20
534.175438
  0
TEXT
  8
3
 10
4769.598067
 20
534.175438
 40
0.000000
 50
0.000000
  1
# 112
  0
POINT
  8
3
 10
4781.852253
 20
516.998895
  0
TEXT
  8
3
 10
4781.852253
 20
516.998895
 40
0.000000
 50
0.000000
  1
# 113
  0
POINT
  8
3
 10
4795.438061
 20
503.951379
  0
TEXT
  8
3
 10
4795.438061
 20
503.951379
 40
0.000000
 50
0.000000
  1
# 114
  0
POINT
  8
4
 10
4708.659973
 20
636.254654
 30
1.000000
 50
216.90
  0
TEXT
  8
4
 10
4708.659973
 20
636.254654
 40
0.000000
 50
0.000000
  1
# 115
  0
POLYLINE
  8
11
  66
1
  70
0
  0
VERTEX
  8
1
  10
4812.626038
  20
493.770294
  0
VERTEX
  8
1
  10
4812.737142
  20
476.567924
  0
VERTEX
  8
1
  10
4812.841944
  20
460.341771
  0
VERTEX
  8
1
  10
4812.943493
  20
444.619820
  0
VERTEX
  8
1
  10
4813.042170
  20
429.342755
  0
VERTEX
  8
1
  10
4813.147479
  20
413.039538
  0
VERTEX
  8
1
  10
4813.256998
  20
396.085165
  0
VERTEX
  8
1
  10
4813.338932
  20
383.401664
  0
VERTEX
  8
1
  10
4813.338928
  20
383.401680
  0
VERTEX
  8
1
  10
4813.354857
  20
380.936507
  0
VERTEX
  8
1
  10
4813.465605
  20
363.793288
  0
VERTEX
  8
1
  10
4813.572984
  20
347.172136
  0
VERTEX
  8
1
  10
4813.674043
  20
331.529861
  0
VERTEX
  8
1
  10
4813.778011
  20
315.437592
  0
VERTEX
  8
1
  10
4813.875012
  20
300.424240
  0
VERTEX
  8
1
  10
4813.969567
  20
285.789904
  0
VERTEX
  8
1
  10
4813.984985
  20
283.403587
  0
VERTEX
  8
1
  10
4813.984985
  20
283.403587
  0
SEQEND
  8
11
  0
POINT
  8
2
 10
4812.626038
 20
493.770294
  0
TEXT
  8
2
 10
4812.626038
 20
493.770294
 40
0.000000
 50
0.000000
  1
# 116
  0
POINT
  8
2
 10
4813.984985
 20
283.403587
  0
TEXT
  8
2
 10
4813.984985
 20
283.403587
 40
0.000000
 50
0.000000
  1
# 117
  0
POINT
  8
3
 10
4812.737142
 20
476.567924
  0
POINT
  8
3
 10
4812.841944
 20
460.341771
  0
POINT
  8
3
 10
4812.943493
 20
444.619820
  0
POINT
  8
3
 10
4813.042170
 20
429.342755
  0
POINT
  8
3
 10
4813.147479
 20
413.039538
  0
POINT
  8
3
 10
4813.256998
 20
396.085165
  0
POINT
  8
3
 10
4813.338932
 20
383.401664
  0
POINT
  8
3
 10
4813.338928
 20
383.401680
  0
POINT
  8
3
 10
4813.354857
 20
380.936507
  0
POINT
  8
3
 10
4813.465605
 20
363.793288
  0
POINT
  8
3
 10
4813.572984
 20
347.172136
  0
POINT
  8
3
 10
4813.674043
 20
331.529861
  0
POINT
  8
3
 10
4813.778011
 20
315.437592
  0
POINT
  8
3
 10
4813.875012
 20
300.424240
  0
POINT
  8
3
 10
4813.969567
 20
285.789904
  0
POINT
  8
3
 10
4813.984985
 20
283.403587
  0
POINT
  8
3
 10
4813.338932
 20
383.401664
  0
TEXT
  8
3
 10
4813.338932
 20
383.401664
 40
0.000000
 50
0.000000
  1
# 118
  0
POINT
  8
4
 10
4813.338928
 20
383.401680
 30
1.000000
 50
180.37
  0
TEXT
  8
4
 10
4813.338928
 20
383.401680
 40
0.000000
 50
0.000000
  1
# 119
  0
POINT
  8
4
 10
4813.984985
 20
283.403587
 30
1.000000
 50
180.38
  0
TEXT
  8
4
 10
4813.984985
 20
283.403587
 40
0.000000
 50
0.000000
  1
# 120
  0
POLYLINE
  8
11
  66
1
  70
0
  0
VERTEX
  8
1
  10
4813.984985
  20
283.403587
  0
VERTEX
  8
1
  10
4815.151367
  20
107.241793
  0
SEQEND
  8
11
  0
POINT
  8
2
 10
4813.984985
 20
283.403587
  0
TEXT
  8
2
 10
4813.984985
 20
283.403587
 40
0.000000
 50
0.000000
  1
# 121
  0
POINT
  8
2
 10
4815.151367
 20
107.241793
  0
TEXT
  8
2
 10
4815.151367
 20
107.241793
 40
0.000000
 50
0.000000
  1
# 122
  0
POLYLINE
  8
11
  66
1
  70
0
  0
VERTEX
  8
1
  10
4815.151367
  20
107.241793
  0
VERTEX
  8
1
  10
4785.302734
  20
107.241793
  0
VERTEX
  8
1
  10
4694.847107
  20
107.241793
  0
VERTEX
  8
1
  10
4550.000000
  20
107.241793
  0
SEQEND
  8
11
  0
POINT
  8
2
 10
4815.151367
 20
107.241793
  0
TEXT
  8
2
 10
4815.151367
 20
107.241793
 40
0.000000
 50
0.000000
  1
# 123
  0
POINT
  8
2
 10
4550.000000
 20
107.241793
  0
TEXT
  8
2
 10
4550.000000
 20
107.241793
 40
0.000000
 50
0.000000
  1
# 124
  0
POLYLINE
  8
11
  66
1
  70
0
  0
VERTEX
  8
1
  10
4550.000000
  20
107.241793
  0
VERTEX
  8
1
  10
4405.152893
  20
107.241793
  0
VERTEX
  8
1
  10
4314.697266
  20
107.241793
  0
VERTEX
  8
1
  10
4284.848633
  20
107.241793
  0
SEQEND
  8
11
  0
POINT
  8
2
 10
4550.000000
 20
107.241793
  0
TEXT
  8
2
 10
4550.000000
 20
107.241793
 40
0.000000
 50
0.000000
  1
# 125
  0
POINT
  8
2
 10
4284.848633
 20
107.241793
  0
TEXT
  8
2
 10
4284.848633
 20
107.241793
 40
0.000000
 50
0.000000
  1
# 126
  0
POLYLINE
  8
11
  66
1
  70
0
  0
VERTEX
  8
1
  10
4550.000000
  20
107.241793
  0
VERTEX
  8
1
  10
4550.000000
  20
123.067677
  0
VERTEX
  8
1
  10
4550.000000
  20
138.562674
  0
VERTEX
  8
1
  10
4550.000000
  20
153.972309
  0
VERTEX
  8
1
  10
4550.000000
  20
169.296435
  0
VERTEX
  8
1
  10
4550.000000
  20
184.371108
  0
VERTEX
  8
1
  10
4550.000000
  20
199.445772
  0
VERTEX
  8
1
  10
4550.000000
  20
214.979896
  0
VERTEX
  8
1
  10
4550.000000
  20
230.054558
  0
VERTEX
  8
1
  10
4550.000000
  20
245.129220
  0
VERTEX
  8
1
  10
4550.000000
  20
260.423751
  0
VERTEX
  8
1
  10
4550.000000
  20
275.498422
  0
VERTEX
  8
1
  10
4550.000000
  20
290.573093
  0
VERTEX
  8
1
  10
4550.000000
  20
305.647745
  0
VERTEX
  8
1
  10
4550.000000
  20
321.214799
  0
VERTEX
  8
1
  10
4550.000000
  20
336.289471
  0
VERTEX
  8
1
  10
4550.000000
  20
351.364123
  0
VERTEX
  8
1
  10
4550.000000
  20
366.706260
  0
VERTEX
  8
1
  10
4550.000000
  20
381.780929
  0
VERTEX
  8
1
  10
4550.000000
  20
396.855599
  0
VERTEX
  8
1
  10
4550.000000
  20
411.977593
  0
VERTEX
  8
1
  10
4550.000000
  20
427.052250
  0
VERTEX
  8
1
  10
4550.000000
  20
442.126909
  0
VERTEX
  8
1
  10
4550.000000
  20
457.201606
  0
VERTEX
  8
1
  10
4550.000000
  20
472.522008
  0
VERTEX
  8
1
  10
4550.000000
  20
487.596666
  0
VERTEX
  8
1
  10
4550.000000
  20
502.671360
  0
VERTEX
  8
1
  10
4550.000000
  20
518.060192
  0
VERTEX
  8
1
  10
4550.000000
  20
533.134844
  0
VERTEX
  8
1
  10
4550.000000
  20
548.209496
  0
VERTEX
  8
1
  10
4550.000000
  20
563.812370
  0
VERTEX
  8
1
  10
4550.000000
  20
578.887063
  0
VERTEX
  8
1
  10
4550.000000
  20
593.961719
  0
VERTEX
  8
1
  10
4550.000000
  20
609.036375
  0
VERTEX
  8
1
  10
4550.000000
  20
624.394271
  0
VERTEX
  8
1
  10
4550.000000
  20
639.468925
  0
VERTEX
  8
1
  10
4550.000000
  20
654.543614
  0
VERTEX
  8
1
  10
4550.000000
  20
670.102921
  0
VERTEX
  8
1
  10
4550.000000
  20
685.177569
  0
VERTEX
  8
1
  10
4550.000000
  20
700.252218
  0
VERTEX
  8
1
  10
4550.000000
  20
715.589066
  0
VERTEX
  8
1
  10
4550.000000
  20
730.212011
  0
VERTEX
  8
1
  10
4550.000000
  20
731.801605
  0
VERTEX
  8
1
  10
4550.000000
  20
731.801605
  0
SEQEND
  8
11
  0
POINT
  8
2
 10
4550.000000
 20
107.241793
  0
TEXT
  8
2
 10
4550.000000
 20
107.241793
 40
0.000000
 50
0.000000
  1
# 127
  0
POINT
  8
2
 10
4550.000000
 20
731.801605
  0
TEXT
  8
2
 10
4550.000000
 20
731.801605
 40
0.000000
 50
0.000000
  1
# 128
  0
POINT
  8
3
 10
4550.000000
 20
123.067677
  0
POINT
  8
3
 10
4550.000000
 20
138.562674
  0
POINT
  8
3
 10
4550.000000
 20
153.972309
  0
POINT
  8
3
 10
4550.000000
 20
169.296435
  0
POINT
  8
3
 10
4550.000000
 20
184.371108
  0
POINT
  8
3
 10
4550.000000
 20
199.445772
  0
POINT
  8
3
 10
4550.000000
 20
214.979896
  0
POINT
  8
3
 10
4550.000000
 20
230.054558
  0
POINT
  8
3
 10
4550.000000
 20
245.129220
  0
POINT
  8
3
 10
4550.000000
 20
260.423751
  0
POINT
  8
3
 10
4550.000000
 20
275.498422
  0
POINT
  8
3
 10
4550.000000
 20
290.573093
  0
POINT
  8
3
 10
4550.000000
 20
305.647745
  0
POINT
  8
3
 10
4550.000000
 20
321.214799
  0
POINT
  8
3
 10
4550.000000
 20
336.289471
  0
POINT
  8
3
 10
4550.000000
 20
351.364123
  0
POINT
  8
3
 10
4550.000000
 20
366.706260
  0
POINT
  8
3
 10
4550.000000
 20
381.780929
  0
POINT
  8
3
 10
4550.000000
 20
396.855599
  0
POINT
  8
3
 10
4550.000000
 20
411.977593
  0
POINT
  8
3
 10
4550.000000
 20
427.052250
  0
POINT
  8
3
 10
4550.000000
 20
442.126909
  0
POINT
  8
3
 10
4550.000000
 20
457.201606
  0
POINT
  8
3
 10
4550.000000
 20
472.522008
  0
POINT
  8
3
 10
4550.000000
 20
487.596666
  0
POINT
  8
3
 10
4550.000000
 20
502.671360
  0
POINT
  8
3
 10
4550.000000
 20
518.060192
  0
POINT
  8
3
 10
4550.000000
 20
533.134844
  0
POINT
  8
3
 10
4550.000000
 20
548.209496
  0
POINT
  8
3
 10
4550.000000
 20
563.812370
  0
POINT
  8
3
 10
4550.000000
 20
578.887063
  0
POINT
  8
3
 10
4550.000000
 20
593.961719
  0
POINT
  8
3
 10
4550.000000
 20
609.036375
  0
POINT
  8
3
 10
4550.000000
 20
624.394271
  0
POINT
  8
3
 10
4550.000000
 20
639.468925
  0
POINT
  8
3
 10
4550.000000
 20
654.543614
  0
POINT
  8
3
 10
4550.000000
 20
670.102921
  0
POINT
  8
3
 10
4550.000000
 20
685.177569
  0
POINT
  8
3
 10
4550.000000
 20
700.252218
  0
POINT
  8
3
 10
4550.000000
 20
715.589066
  0
POINT
  8
3
 10
4550.000000
 20
730.212011
  0
POINT
  8
3
 10
4550.000000
 20
731.801605
  0
POINT
  8
4
 10
4550.000000
 20
731.801605
 30
1.000000
 50
270.00
  0
TEXT
  8
4
 10
4550.000000
 20
731.801605
 40
0.000000
 50
0.000000
  1
# 129
  0
POLYLINE
  8
11
  66
1
  70
0
  0
VERTEX
  8
1
  10
4287.373962
  20
483.407631
  0
VERTEX
  8
1
  10
4303.339018
  20
483.407631
  0
VERTEX
  8
1
  10
4318.971712
  20
483.407631
  0
VERTEX
  8
1
  10
4334.587352
  20
483.407631
  0
VERTEX
  8
1
  10
4350.346551
  20
483.407631
  0
VERTEX
  8
1
  10
4365.627531
  20
483.407631
  0
VERTEX
  8
1
  10
4380.908513
  20
483.407631
  0
VERTEX
  8
1
  10
4396.551658
  20
483.407631
  0
VERTEX
  8
1
  10
4411.832670
  20
483.407631
  0
VERTEX
  8
1
  10
4427.113681
  20
483.407631
  0
VERTEX
  8
1
  10
4442.335198
  20
483.407631
  0
VERTEX
  8
1
  10
4457.616215
  20
483.407631
  0
VERTEX
  8
1
  10
4472.897201
  20
483.407631
  0
VERTEX
  8
1
  10
4488.178190
  20
483.407631
  0
VERTEX
  8
1
  10
4503.423821
  20
483.407631
  0
VERTEX
  8
1
  10
4518.704776
  20
483.407631
  0
VERTEX
  8
1
  10
4533.985768
  20
483.407631
  0
VERTEX
  8
1
  10
4548.754702
  20
483.407631
  0
VERTEX
  8
1
  10
4550.000000
  20
483.407631
  0
SEQEND
  8
11
  0
POINT
  8
2
 10
4287.373962
 20
483.407631
  0
TEXT
  8
2
 10
4287.373962
 20
483.407631
 40
0.000000
 50
0.000000
  1
# 130
  0
POINT
  8
2
 10
4550.000000
 20
483.407631
  0
TEXT
  8
2
 10
4550.000000
 20
483.407631
 40
0.000000
 50
0.000000
  1
# 131
  0
POINT
  8
3
 10
4303.339018
 20
483.407631
  0
POINT
  8
3
 10
4318.971712
 20
483.407631
  0
POINT
  8
3
 10
4334.587352
 20
483.407631
  0
POINT
  8
3
 10
4350.346551
 20
483.407631
  0
POINT
  8
3
 10
4365.627531
 20
483.407631
  0
POINT
  8
3
 10
4380.908513
 20
483.407631
  0
POINT
  8
3
 10
4396.551658
 20
483.407631
  0
POINT
  8
3
 10
4411.832670
 20
483.407631
  0
POINT
  8
3
 10
4427.113681
 20
483.407631
  0
POINT
  8
3
 10
4442.335198
 20
483.407631
  0
POINT
  8
3
 10
4457.616215
 20
483.407631
  0
POINT
  8
3
 10
4472.897201
 20
483.407631
  0
POINT
  8
3
 10
4488.178190
 20
483.407631
  0
POINT
  8
3
 10
4503.423821
 20
483.407631
  0
POINT
  8
3
 10
4518.704776
 20
483.407631
  0
POINT
  8
3
 10
4533.985768
 20
483.407631
  0
POINT
  8
3
 10
4548.754702
 20
483.407631
  0
POLYLINE
  8
11
  66
1
  70
0
  0
VERTEX
  8
1
  10
4812.626038
  20
483.407631
  0
VERTEX
  8
1
  10
4797.308180
  20
483.407631
  0
VERTEX
  8
1
  10
4782.165095
  20
483.407631
  0
VERTEX
  8
1
  10
4767.156454
  20
483.407631
  0
VERTEX
  8
1
  10
4751.970553
  20
483.407631
  0
VERTEX
  8
1
  10
4736.775593
  20
483.407631
  0
VERTEX
  8
1
  10
4721.579001
  20
483.407631
  0
VERTEX
  8
1
  10
4706.427445
  20
483.407631
  0
VERTEX
  8
1
  10
4691.232583
  20
483.407631
  0
VERTEX
  8
1
  10
4676.209170
  20
483.407631
  0
VERTEX
  8
1
  10
4661.013384
  20
483.407631
  0
VERTEX
  8
1
  10
4645.822973
  20
483.407631
  0
VERTEX
  8
1
  10
4630.627312
  20
483.407631
  0
VERTEX
  8
1
  10
4615.437008
  20
483.407631
  0
VERTEX
  8
1
  10
4600.241777
  20
483.407631
  0
VERTEX
  8
1
  10
4585.168518
  20
483.407631
  0
VERTEX
  8
1
  10
4569.973103
  20
483.407631
  0
VERTEX
  8
1
  10
4554.893446
  20
483.407631
  0
VERTEX
  8
1
  10
4550.000000
  20
483.407631
  0
SEQEND
  8
11
  0
POINT
  8
2
 10
4812.626038
 20
483.407631
  0
TEXT
  8
2
 10
4812.626038
 20
483.407631
 40
0.000000
 50
0.000000
  1
# 132
  0
POINT
  8
2
 10
4550.000000
 20
483.407631
  0
TEXT
  8
2
 10
4550.000000
 20
483.407631
 40
0.000000
 50
0.000000
  1
# 133
  0
POINT
  8
3
 10
4797.308180
 20
483.407631
  0
POINT
  8
3
 10
4782.165095
 20
483.407631
  0
POINT
  8
3
 10
4767.156454
 20
483.407631
  0
POINT
  8
3
 10
4751.970553
 20
483.407631
  0
POINT
  8
3
 10
4736.775593
 20
483.407631
  0
POINT
  8
3
 10
4721.579001
 20
483.407631
  0
POINT
  8
3
 10
4706.427445
 20
483.407631
  0
POINT
  8
3
 10
4691.232583
 20
483.407631
  0
POINT
  8
3
 10
4676.209170
 20
483.407631
  0
POINT
  8
3
 10
4661.013384
 20
483.407631
  0
POINT
  8
3
 10
4645.822973
 20
483.407631
  0
POINT
  8
3
 10
4630.627312
 20
483.407631
  0
POINT
  8
3
 10
4615.437008
 20
483.407631
  0
POINT
  8
3
 10
4600.241777
 20
483.407631
  0
POINT
  8
3
 10
4585.168518
 20
483.407631
  0
POINT
  8
3
 10
4569.973103
 20
483.407631
  0
POINT
  8
3
 10
4554.893446
 20
483.407631
 0
LINE
 8
7
 10
4425.525208
 20
572.204208
 11
4425.525208
 21
247.356777
  0
TEXT
  8
1
 10
4550.000000
 20
409.999986
 40
10.000000
 50
0.000000
  1
Piece Name: C2490437.后片.38
  0
TEXT
  8
1
 10
4550.000000
 20
424.999986
 40
10.000000
 50
0.000000
  1
Size: 38
  0
TEXT
  8
1
 10
4550.000000
 20
439.999986
 40
10.000000
 50
0.000000
  1
Annotation: 面布X1
  0
TEXT
  8
1
 10
4550.000000
 20
454.999986
 40
10.000000
 50
0.000000
  1
Quantity: 1
  0
TEXT
  8
1
 10
4550.000000
 20
469.999986
 40
10.000000
 50
0.000000
  1
Material: 面布
  0
TEXT
  8
1
 10
4550.000000
 20
469.999986
 40
10.000000
 50
0.000000
  1
Category: 0
0
ENDBLK
0
BLOCK
  8
1
  2
C2490437.前身片.38
 70
0
 10
0.0
 20
0.0
  0
POLYLINE
  8
1
  66
1
  70
1
  0
VERTEX
  8
1
  10
3840.000000
  20
81.762981
  0
VERTEX
  8
1
  10
3823.908386
  20
81.836786
  0
VERTEX
  8
1
  10
3808.186035
  20
81.935120
  0
VERTEX
  8
1
  10
3792.593994
  20
82.067642
  0
VERTEX
  8
1
  10
3777.002258
  20
82.236109
  0
VERTEX
  8
1
  10
3761.410828
  20
82.439251
  0
VERTEX
  8
1
  10
3746.169739
  20
82.673454
  0
VERTEX
  8
1
  10
3730.579834
  20
82.970982
  0
VERTEX
  8
1
  10
3715.203247
  20
83.349838
  0
VERTEX
  8
1
  10
3699.617615
  20
83.819885
  0
VERTEX
  8
1
  10
3697.283062
  20
83.889454
  0
VERTEX
  8
1
  10
3684.408264
  20
84.273119
  0
VERTEX
  8
1
  10
3668.952942
  20
84.757376
  0
VERTEX
  8
1
  10
3653.370667
  20
85.328751
  0
VERTEX
  8
1
  10
3637.791443
  20
85.978012
  0
VERTEX
  8
1
  10
3622.146606
  20
86.694489
  0
VERTEX
  8
1
  10
3606.571960
  20
87.448788
  0
VERTEX
  8
1
  10
3602.941747
  20
87.625935
  0
VERTEX
  8
1
  10
3591.487122
  20
88.184900
  0
VERTEX
  8
1
  10
3575.970459
  20
88.936701
  0
VERTEX
  8
1
  10
3561.025696
  20
89.656506
  0
VERTEX
  8
1
  10
3546.054993
  20
90.373745
  0
VERTEX
  8
1
  10
3539.640808
  20
90.679674
  0
VERTEX
  8
1
  10
3540.990906
  20
295.409927
  0
VERTEX
  8
1
  10
3541.090088
  20
310.409622
  0
VERTEX
  8
1
  10
3567.172241
  20
325.232391
  0
VERTEX
  8
1
  10
3567.268982
  20
341.203003
  0
VERTEX
  8
1
  10
3567.361450
  20
356.244164
  0
VERTEX
  8
1
  10
3567.456360
  20
371.389351
  0
VERTEX
  8
1
  10
3567.551880
  20
386.534500
  0
VERTEX
  8
1
  10
3567.606500
  20
395.233371
  0
VERTEX
  8
1
  10
3567.649231
  20
402.038651
  0
VERTEX
  8
1
  10
3567.745972
  20
417.183838
  0
VERTEX
  8
1
  10
3567.844849
  20
432.328987
  0
VERTEX
  8
1
  10
3567.945251
  20
447.474098
  0
VERTEX
  8
1
  10
3568.049316
  20
463.044968
  0
VERTEX
  8
1
  10
3568.151550
  20
478.255310
  0
VERTEX
  8
1
  10
3568.255005
  20
493.591347
  0
VERTEX
  8
1
  10
3568.355103
  20
508.373642
  0
VERTEX
  8
1
  10
3568.393250
  20
513.980598
  0
VERTEX
  8
1
  10
3577.261047
  20
517.794037
  0
VERTEX
  8
1
  10
3583.053589
  20
520.408821
  0
VERTEX
  8
1
  10
3588.084412
  20
522.917633
  0
VERTEX
  8
1
  10
3591.360474
  20
524.800301
  0
VERTEX
  8
1
  10
3594.143415
  20
526.568667
  0
VERTEX
  8
1
  10
3597.822571
  20
528.906517
  0
VERTEX
  8
1
  10
3601.414795
  20
531.583939
  0
VERTEX
  8
1
  10
3605.658264
  20
535.041084
  0
VERTEX
  8
1
  10
3609.342041
  20
538.353920
  0
VERTEX
  8
1
  10
3611.233957
  20
540.226674
  0
VERTEX
  8
1
  10
3613.123474
  20
542.097054
  0
VERTEX
  8
1
  10
3617.216492
  20
546.510277
  0
VERTEX
  8
1
  10
3620.387573
  20
550.243568
  0
VERTEX
  8
1
  10
3622.673468
  20
553.255988
  0
VERTEX
  8
1
  10
3626.879883
  20
558.799324
  0
VERTEX
  8
1
  10
3628.233323
  20
560.796799
  0
VERTEX
  8
1
  10
3632.691040
  20
567.375717
  0
VERTEX
  8
1
  10
3633.868245
  20
569.292987
  0
VERTEX
  8
1
  10
3640.604248
  20
580.263672
  0
VERTEX
  8
1
  10
3644.709253
  20
586.907546
  0
VERTEX
  8
1
  10
3648.533630
  20
593.097229
  0
VERTEX
  8
1
  10
3653.275146
  20
600.585022
  0
VERTEX
  8
1
  10
3656.143737
  20
604.732275
  0
VERTEX
  8
1
  10
3661.875000
  20
613.018227
  0
VERTEX
  8
1
  10
3666.148376
  20
618.788414
  0
VERTEX
  8
1
  10
3668.279422
  20
621.580590
  0
VERTEX
  8
1
  10
3674.275818
  20
629.437294
  0
VERTEX
  8
1
  10
3679.496765
  20
635.833511
  0
VERTEX
  8
1
  10
3682.107486
  20
638.908302
  0
VERTEX
  8
1
  10
3689.262085
  20
647.334671
  0
VERTEX
  8
1
  10
3694.963668
  20
653.717911
  0
VERTEX
  8
1
  10
3699.344788
  20
658.622818
  0
VERTEX
  8
1
  10
3708.784180
  20
669.050140
  0
VERTEX
  8
1
  10
3719.096985
  20
680.096588
  0
VERTEX
  8
1
  10
3722.776246
  20
684.011013
  0
VERTEX
  8
1
  10
3729.388733
  20
691.046143
  0
VERTEX
  8
1
  10
3738.194580
  20
700.640488
  0
VERTEX
  8
1
  10
3748.226318
  20
711.873856
  0
VERTEX
  8
1
  10
3753.970337
  20
718.237000
  0
VERTEX
  8
1
  10
3761.360779
  20
716.151276
  0
VERTEX
  8
1
  10
3767.516785
  20
714.666290
  0
VERTEX
  8
1
  10
3772.764893
  20
713.644485
  0
VERTEX
  8
1
  10
3778.037109
  20
712.873383
  0
VERTEX
  8
1
  10
3785.049438
  20
712.134781
  0
VERTEX
  8
1
  10
3791.767578
  20
711.667938
  0
VERTEX
  8
1
  10
3801.207587
  20
711.320366
  0
VERTEX
  8
1
  10
3806.535645
  20
711.124191
  0
VERTEX
  8
1
  10
3821.586609
  20
711.085281
  0
VERTEX
  8
1
  10
3836.506348
  20
710.973282
  0
VERTEX
  8
1
  10
3840.019226
  20
710.926514
  0
VERTEX
  8
1
  10
3840.019226
  20
710.926514
  0
VERTEX
  8
1
  10
3855.226746
  20
711.073303
  0
VERTEX
  8
1
  10
3870.288696
  20
711.089478
  0
VERTEX
  8
1
  10
3877.869873
  20
711.244431
  0
VERTEX
  8
1
  10
3878.793600
  20
711.285477
  0
VERTEX
  8
1
  10
3890.892944
  20
711.823120
  0
VERTEX
  8
1
  10
3897.837524
  20
712.408524
  0
VERTEX
  8
1
  10
3904.322205
  20
713.189011
  0
VERTEX
  8
1
  10
3909.457092
  20
714.046249
  0
VERTEX
  8
1
  10
3914.852905
  20
715.206528
  0
VERTEX
  8
1
  10
3921.293640
  20
716.864548
  0
VERTEX
  8
1
  10
3926.029663
  20
718.237000
  0
VERTEX
  8
1
  10
3936.204529
  20
706.905518
  0
VERTEX
  8
1
  10
3945.607910
  20
696.458893
  0
VERTEX
  8
1
  10
3955.878601
  20
685.442886
  0
VERTEX
  8
1
  10
3957.217650
  20
684.004900
  0
VERTEX
  8
1
  10
3964.827276
  20
675.833025
  0
VERTEX
  8
1
  10
3966.121826
  20
674.442825
  0
VERTEX
  8
1
  10
3976.387329
  20
663.385696
  0
VERTEX
  8
1
  10
3985.048359
  20
653.728955
  0
VERTEX
  8
1
  10
3986.407471
  20
652.213593
  0
VERTEX
  8
1
  10
3991.790771
  20
646.111832
  0
VERTEX
  8
1
  10
3997.889714
  20
638.905924
  0
VERTEX
  8
1
  10
4001.561584
  20
634.567604
  0
VERTEX
  8
1
  10
4006.673889
  20
628.230476
  0
VERTEX
  8
1
  10
4011.720518
  20
621.580461
  0
VERTEX
  8
1
  10
4015.822144
  20
616.175690
  0
VERTEX
  8
1
  10
4019.860535
  20
610.551376
  0
VERTEX
  8
1
  10
4023.853308
  20
604.730512
  0
VERTEX
  8
1
  10
4027.302551
  20
599.702034
  0
VERTEX
  8
1
  10
4032.644653
  20
591.187706
  0
VERTEX
  8
1
  10
4035.290792
  20
586.907637
  0
VERTEX
  8
1
  10
4040.570374
  20
578.368034
  0
VERTEX
  8
1
  10
4046.161039
  20
569.311039
  0
VERTEX
  8
1
  10
4048.500366
  20
565.521278
  0
VERTEX
  8
1
  10
4051.791482
  20
560.814060
  0
VERTEX
  8
1
  10
4054.973145
  20
556.263390
  0
VERTEX
  8
1
  10
4057.323834
  20
553.254205
  0
VERTEX
  8
1
  10
4060.841675
  20
548.750916
  0
VERTEX
  8
1
  10
4064.546204
  20
544.564018
  0
VERTEX
  8
1
  10
4068.487549
  20
540.448074
  0
VERTEX
  8
1
  10
4068.743869
  20
540.204620
  0
VERTEX
  8
1
  10
4072.162781
  20
536.957321
  0
VERTEX
  8
1
  10
4076.037903
  20
533.622513
  0
VERTEX
  8
1
  10
4080.514526
  20
530.108681
  0
VERTEX
  8
1
  10
4083.739319
  20
527.854271
  0
VERTEX
  8
1
  10
4085.851818
  20
526.561373
  0
VERTEX
  8
1
  10
4090.894165
  20
523.475342
  0
VERTEX
  8
1
  10
4094.868774
  20
521.410675
  0
VERTEX
  8
1
  10
4100.834045
  20
518.624229
  0
VERTEX
  8
1
  10
4111.606750
  20
513.980598
  0
VERTEX
  8
1
  10
4111.713257
  20
498.275909
  0
VERTEX
  8
1
  10
4111.818542
  20
482.720070
  0
VERTEX
  8
1
  10
4111.922913
  20
467.191353
  0
VERTEX
  8
1
  10
4112.027588
  20
451.546822
  0
VERTEX
  8
1
  10
4112.128296
  20
436.401672
  0
VERTEX
  8
1
  10
4112.227478
  20
421.256523
  0
VERTEX
  8
1
  10
4112.324829
  20
406.111374
  0
VERTEX
  8
1
  10
4112.393385
  20
395.233283
  0
VERTEX
  8
1
  10
4112.420654
  20
390.906296
  0
VERTEX
  8
1
  10
4112.516174
  20
375.761108
  0
VERTEX
  8
1
  10
4112.611084
  20
360.615959
  0
VERTEX
  8
1
  10
4112.705383
  20
345.432854
  0
VERTEX
  8
1
  10
4112.796631
  20
330.407829
  0
VERTEX
  8
1
  10
4112.827759
  20
325.232391
  0
VERTEX
  8
1
  10
4138.909912
  20
310.409622
  0
VERTEX
  8
1
  10
4139.009094
  20
295.409927
  0
VERTEX
  8
1
  10
4140.359192
  20
90.679674
  0
VERTEX
  8
1
  10
4124.531555
  20
89.923191
  0
VERTEX
  8
1
  10
4109.019165
  20
89.177456
  0
VERTEX
  8
1
  10
4093.952332
  20
88.449011
  0
VERTEX
  8
1
  10
4078.562317
  20
87.699957
  0
VERTEX
  8
1
  10
4077.058172
  20
87.626578
  0
VERTEX
  8
1
  10
4063.515320
  20
86.965895
  0
VERTEX
  8
1
  10
4048.372498
  20
86.253386
  0
VERTEX
  8
1
  10
4032.794189
  20
85.577126
  0
VERTEX
  8
1
  10
4017.213135
  20
84.973278
  0
VERTEX
  8
1
  10
4001.560669
  20
84.452543
  0
VERTEX
  8
1
  10
3985.975037
  20
83.989191
  0
VERTEX
  8
1
  10
3982.716802
  20
83.889583
  0
VERTEX
  8
1
  10
3970.519104
  20
83.516684
  0
VERTEX
  8
1
  10
3955.308838
  20
83.104525
  0
VERTEX
  8
1
  10
3939.719543
  20
82.777424
  0
VERTEX
  8
1
  10
3924.128723
  20
82.519617
  0
VERTEX
  8
1
  10
3908.748779
  20
82.307062
  0
VERTEX
  8
1
  10
3893.157043
  20
82.125664
  0
VERTEX
  8
1
  10
3877.565002
  20
81.979733
  0
VERTEX
  8
1
  10
3862.392273
  20
81.872578
  0
VERTEX
  8
1
  10
3847.333069
  20
81.793509
  0
VERTEX
  8
1
  10
3840.000000
  20
81.762981
  0
SEQEND
  8
1
  0
POINT
  8
2
 10
3840.000000
 20
81.762981
  0
TEXT
  8
2
 10
3840.000000
 20
81.762981
 40
0.000000
 50
0.000000
  1
# 134
  0
POINT
  8
2
 10
3539.640808
 20
90.679674
  0
TEXT
  8
2
 10
3539.640808
 20
90.679674
 40
0.000000
 50
0.000000
  1
# 135
  0
POINT
  8
2
 10
3541.090088
 20
310.409622
  0
TEXT
  8
2
 10
3541.090088
 20
310.409622
 40
0.000000
 50
0.000000
  1
# 136
  0
POINT
  8
2
 10
3567.172241
 20
325.232391
  0
TEXT
  8
2
 10
3567.172241
 20
325.232391
 40
0.000000
 50
0.000000
  1
# 137
  0
POINT
  8
2
 10
3568.393250
 20
513.980598
  0
TEXT
  8
2
 10
3568.393250
 20
513.980598
 40
0.000000
 50
0.000000
  1
# 138
  0
POINT
  8
2
 10
3753.970337
 20
718.237000
  0
TEXT
  8
2
 10
3753.970337
 20
718.237000
 40
0.000000
 50
0.000000
  1
# 139
  0
POINT
  8
2
 10
3840.019226
 20
710.926514
  0
TEXT
  8
2
 10
3840.019226
 20
710.926514
 40
0.000000
 50
0.000000
  1
# 140
  0
POINT
  8
2
 10
3926.029663
 20
718.237000
  0
TEXT
  8
2
 10
3926.029663
 20
718.237000
 40
0.000000
 50
0.000000
  1
# 141
  0
POINT
  8
2
 10
4111.606750
 20
513.980598
  0
TEXT
  8
2
 10
4111.606750
 20
513.980598
 40
0.000000
 50
0.000000
  1
# 142
  0
POINT
  8
2
 10
4112.827759
 20
325.232391
  0
TEXT
  8
2
 10
4112.827759
 20
325.232391
 40
0.000000
 50
0.000000
  1
# 143
  0
POINT
  8
2
 10
4138.909912
 20
310.409622
  0
TEXT
  8
2
 10
4138.909912
 20
310.409622
 40
0.000000
 50
0.000000
  1
# 144
  0
POINT
  8
2
 10
4140.359192
 20
90.679674
  0
TEXT
  8
2
 10
4140.359192
 20
90.679674
 40
0.000000
 50
0.000000
  1
# 145
  0
POINT
  8
2
 10
3840.000000
 20
81.762981
  0
TEXT
  8
2
 10
3840.000000
 20
81.762981
 40
0.000000
 50
0.000000
  1
# 146
  0
POINT
  8
3
 10
3823.908386
 20
81.836786
  0
POINT
  8
3
 10
3808.186035
 20
81.935120
  0
POINT
  8
3
 10
3792.593994
 20
82.067642
  0
POINT
  8
3
 10
3777.002258
 20
82.236109
  0
POINT
  8
3
 10
3761.410828
 20
82.439251
  0
POINT
  8
3
 10
3746.169739
 20
82.673454
  0
POINT
  8
3
 10
3730.579834
 20
82.970982
  0
POINT
  8
3
 10
3715.203247
 20
83.349838
  0
POINT
  8
3
 10
3699.617615
 20
83.819885
  0
POINT
  8
3
 10
3697.283062
 20
83.889454
  0
POINT
  8
3
 10
3684.408264
 20
84.273119
  0
POINT
  8
3
 10
3668.952942
 20
84.757376
  0
POINT
  8
3
 10
3653.370667
 20
85.328751
  0
POINT
  8
3
 10
3637.791443
 20
85.978012
  0
POINT
  8
3
 10
3622.146606
 20
86.694489
  0
POINT
  8
3
 10
3606.571960
 20
87.448788
  0
POINT
  8
3
 10
3602.941747
 20
87.625935
  0
POINT
  8
3
 10
3591.487122
 20
88.184900
  0
POINT
  8
3
 10
3575.970459
 20
88.936701
  0
POINT
  8
3
 10
3561.025696
 20
89.656506
  0
POINT
  8
3
 10
3546.054993
 20
90.373745
  0
POINT
  8
3
 10
3540.990906
 20
295.409927
  0
POINT
  8
3
 10
3567.268982
 20
341.203003
  0
POINT
  8
3
 10
3567.361450
 20
356.244164
  0
POINT
  8
3
 10
3567.456360
 20
371.389351
  0
POINT
  8
3
 10
3567.551880
 20
386.534500
  0
POINT
  8
3
 10
3567.606500
 20
395.233371
  0
POINT
  8
3
 10
3567.649231
 20
402.038651
  0
POINT
  8
3
 10
3567.745972
 20
417.183838
  0
POINT
  8
3
 10
3567.844849
 20
432.328987
  0
POINT
  8
3
 10
3567.945251
 20
447.474098
  0
POINT
  8
3
 10
3568.049316
 20
463.044968
  0
POINT
  8
3
 10
3568.151550
 20
478.255310
  0
POINT
  8
3
 10
3568.255005
 20
493.591347
  0
POINT
  8
3
 10
3568.355103
 20
508.373642
  0
POINT
  8
3
 10
3577.261047
 20
517.794037
  0
POINT
  8
3
 10
3583.053589
 20
520.408821
  0
POINT
  8
3
 10
3588.084412
 20
522.917633
  0
POINT
  8
3
 10
3591.360474
 20
524.800301
  0
POINT
  8
3
 10
3594.143415
 20
526.568667
  0
POINT
  8
3
 10
3597.822571
 20
528.906517
  0
POINT
  8
3
 10
3601.414795
 20
531.583939
  0
POINT
  8
3
 10
3605.658264
 20
535.041084
  0
POINT
  8
3
 10
3609.342041
 20
538.353920
  0
POINT
  8
3
 10
3611.233957
 20
540.226674
  0
POINT
  8
3
 10
3613.123474
 20
542.097054
  0
POINT
  8
3
 10
3617.216492
 20
546.510277
  0
POINT
  8
3
 10
3620.387573
 20
550.243568
  0
POINT
  8
3
 10
3622.673468
 20
553.255988
  0
POINT
  8
3
 10
3626.879883
 20
558.799324
  0
POINT
  8
3
 10
3628.233323
 20
560.796799
  0
POINT
  8
3
 10
3632.691040
 20
567.375717
  0
POINT
  8
3
 10
3633.868245
 20
569.292987
  0
POINT
  8
3
 10
3640.604248
 20
580.263672
  0
POINT
  8
3
 10
3644.709253
 20
586.907546
  0
POINT
  8
3
 10
3648.533630
 20
593.097229
  0
POINT
  8
3
 10
3653.275146
 20
600.585022
  0
POINT
  8
3
 10
3656.143737
 20
604.732275
  0
POINT
  8
3
 10
3661.875000
 20
613.018227
  0
POINT
  8
3
 10
3666.148376
 20
618.788414
  0
POINT
  8
3
 10
3668.279422
 20
621.580590
  0
POINT
  8
3
 10
3674.275818
 20
629.437294
  0
POINT
  8
3
 10
3679.496765
 20
635.833511
  0
POINT
  8
3
 10
3682.107486
 20
638.908302
  0
POINT
  8
3
 10
3689.262085
 20
647.334671
  0
POINT
  8
3
 10
3694.963668
 20
653.717911
  0
POINT
  8
3
 10
3699.344788
 20
658.622818
  0
POINT
  8
3
 10
3708.784180
 20
669.050140
  0
POINT
  8
3
 10
3719.096985
 20
680.096588
  0
POINT
  8
3
 10
3722.776246
 20
684.011013
  0
POINT
  8
3
 10
3729.388733
 20
691.046143
  0
POINT
  8
3
 10
3738.194580
 20
700.640488
  0
POINT
  8
3
 10
3748.226318
 20
711.873856
  0
POINT
  8
3
 10
3761.360779
 20
716.151276
  0
POINT
  8
3
 10
3767.516785
 20
714.666290
  0
POINT
  8
3
 10
3772.764893
 20
713.644485
  0
POINT
  8
3
 10
3778.037109
 20
712.873383
  0
POINT
  8
3
 10
3785.049438
 20
712.134781
  0
POINT
  8
3
 10
3791.767578
 20
711.667938
  0
POINT
  8
3
 10
3801.207587
 20
711.320366
  0
POINT
  8
3
 10
3806.535645
 20
711.124191
  0
POINT
  8
3
 10
3821.586609
 20
711.085281
  0
POINT
  8
3
 10
3836.506348
 20
710.973282
  0
POINT
  8
3
 10
3840.019226
 20
710.926514
  0
POINT
  8
3
 10
3855.226746
 20
711.073303
  0
POINT
  8
3
 10
3870.288696
 20
711.089478
  0
POINT
  8
3
 10
3877.869873
 20
711.244431
  0
POINT
  8
3
 10
3878.793600
 20
711.285477
  0
POINT
  8
3
 10
3890.892944
 20
711.823120
  0
POINT
  8
3
 10
3897.837524
 20
712.408524
  0
POINT
  8
3
 10
3904.322205
 20
713.189011
  0
POINT
  8
3
 10
3909.457092
 20
714.046249
  0
POINT
  8
3
 10
3914.852905
 20
715.206528
  0
POINT
  8
3
 10
3921.293640
 20
716.864548
  0
POINT
  8
3
 10
3936.204529
 20
706.905518
  0
POINT
  8
3
 10
3945.607910
 20
696.458893
  0
POINT
  8
3
 10
3955.878601
 20
685.442886
  0
POINT
  8
3
 10
3957.217650
 20
684.004900
  0
POINT
  8
3
 10
3964.827276
 20
675.833025
  0
POINT
  8
3
 10
3966.121826
 20
674.442825
  0
POINT
  8
3
 10
3976.387329
 20
663.385696
  0
POINT
  8
3
 10
3985.048359
 20
653.728955
  0
POINT
  8
3
 10
3986.407471
 20
652.213593
  0
POINT
  8
3
 10
3991.790771
 20
646.111832
  0
POINT
  8
3
 10
3997.889714
 20
638.905924
  0
POINT
  8
3
 10
4001.561584
 20
634.567604
  0
POINT
  8
3
 10
4006.673889
 20
628.230476
  0
POINT
  8
3
 10
4011.720518
 20
621.580461
  0
POINT
  8
3
 10
4015.822144
 20
616.175690
  0
POINT
  8
3
 10
4019.860535
 20
610.551376
  0
POINT
  8
3
 10
4023.853308
 20
604.730512
  0
POINT
  8
3
 10
4027.302551
 20
599.702034
  0
POINT
  8
3
 10
4032.644653
 20
591.187706
  0
POINT
  8
3
 10
4035.290792
 20
586.907637
  0
POINT
  8
3
 10
4040.570374
 20
578.368034
  0
POINT
  8
3
 10
4046.161039
 20
569.311039
  0
POINT
  8
3
 10
4048.500366
 20
565.521278
  0
POINT
  8
3
 10
4051.791482
 20
560.814060
  0
POINT
  8
3
 10
4054.973145
 20
556.263390
  0
POINT
  8
3
 10
4057.323834
 20
553.254205
  0
POINT
  8
3
 10
4060.841675
 20
548.750916
  0
POINT
  8
3
 10
4064.546204
 20
544.564018
  0
POINT
  8
3
 10
4068.487549
 20
540.448074
  0
POINT
  8
3
 10
4068.743869
 20
540.204620
  0
POINT
  8
3
 10
4072.162781
 20
536.957321
  0
POINT
  8
3
 10
4076.037903
 20
533.622513
  0
POINT
  8
3
 10
4080.514526
 20
530.108681
  0
POINT
  8
3
 10
4083.739319
 20
527.854271
  0
POINT
  8
3
 10
4085.851818
 20
526.561373
  0
POINT
  8
3
 10
4090.894165
 20
523.475342
  0
POINT
  8
3
 10
4094.868774
 20
521.410675
  0
POINT
  8
3
 10
4100.834045
 20
518.624229
  0
POINT
  8
3
 10
4111.713257
 20
498.275909
  0
POINT
  8
3
 10
4111.818542
 20
482.720070
  0
POINT
  8
3
 10
4111.922913
 20
467.191353
  0
POINT
  8
3
 10
4112.027588
 20
451.546822
  0
POINT
  8
3
 10
4112.128296
 20
436.401672
  0
POINT
  8
3
 10
4112.227478
 20
421.256523
  0
POINT
  8
3
 10
4112.324829
 20
406.111374
  0
POINT
  8
3
 10
4112.393385
 20
395.233283
  0
POINT
  8
3
 10
4112.420654
 20
390.906296
  0
POINT
  8
3
 10
4112.516174
 20
375.761108
  0
POINT
  8
3
 10
4112.611084
 20
360.615959
  0
POINT
  8
3
 10
4112.705383
 20
345.432854
  0
POINT
  8
3
 10
4112.796631
 20
330.407829
  0
POINT
  8
3
 10
4139.009094
 20
295.409927
  0
POINT
  8
3
 10
4124.531555
 20
89.923191
  0
POINT
  8
3
 10
4109.019165
 20
89.177456
  0
POINT
  8
3
 10
4093.952332
 20
88.449011
  0
POINT
  8
3
 10
4078.562317
 20
87.699957
  0
POINT
  8
3
 10
4077.058172
 20
87.626578
  0
POINT
  8
3
 10
4063.515320
 20
86.965895
  0
POINT
  8
3
 10
4048.372498
 20
86.253386
  0
POINT
  8
3
 10
4032.794189
 20
85.577126
  0
POINT
  8
3
 10
4017.213135
 20
84.973278
  0
POINT
  8
3
 10
4001.560669
 20
84.452543
  0
POINT
  8
3
 10
3985.975037
 20
83.989191
  0
POINT
  8
3
 10
3982.716802
 20
83.889583
  0
POINT
  8
3
 10
3970.519104
 20
83.516684
  0
POINT
  8
3
 10
3955.308838
 20
83.104525
  0
POINT
  8
3
 10
3939.719543
 20
82.777424
  0
POINT
  8
3
 10
3924.128723
 20
82.519617
  0
POINT
  8
3
 10
3908.748779
 20
82.307062
  0
POINT
  8
3
 10
3893.157043
 20
82.125664
  0
POINT
  8
3
 10
3877.565002
 20
81.979733
  0
POINT
  8
3
 10
3862.392273
 20
81.872578
  0
POINT
  8
3
 10
3847.333069
 20
81.793509
  0
POINT
  8
3
 10
3697.283062
 20
83.889454
  0
TEXT
  8
3
 10
3697.283062
 20
83.889454
 40
0.000000
 50
0.000000
  1
# 147
  0
POINT
  8
3
 10
3602.941747
 20
87.625935
  0
TEXT
  8
3
 10
3602.941747
 20
87.625935
 40
0.000000
 50
0.000000
  1
# 148
  0
POINT
  8
3
 10
3567.606500
 20
395.233371
  0
TEXT
  8
3
 10
3567.606500
 20
395.233371
 40
0.000000
 50
0.000000
  1
# 149
  0
POINT
  8
3
 10
3594.143415
 20
526.568667
  0
TEXT
  8
3
 10
3594.143415
 20
526.568667
 40
0.000000
 50
0.000000
  1
# 150
  0
POINT
  8
3
 10
3611.233957
 20
540.226674
  0
TEXT
  8
3
 10
3611.233957
 20
540.226674
 40
0.000000
 50
0.000000
  1
# 151
  0
POINT
  8
3
 10
3622.673468
 20
553.255988
  0
TEXT
  8
3
 10
3622.673468
 20
553.255988
 40
0.000000
 50
0.000000
  1
# 152
  0
POINT
  8
3
 10
3628.233323
 20
560.796799
  0
TEXT
  8
3
 10
3628.233323
 20
560.796799
 40
0.000000
 50
0.000000
  1
# 153
  0
POINT
  8
3
 10
3633.868245
 20
569.292987
  0
TEXT
  8
3
 10
3633.868245
 20
569.292987
 40
0.000000
 50
0.000000
  1
# 154
  0
POINT
  8
3
 10
3644.709253
 20
586.907546
  0
TEXT
  8
3
 10
3644.709253
 20
586.907546
 40
0.000000
 50
0.000000
  1
# 155
  0
POINT
  8
3
 10
3656.143737
 20
604.732275
  0
TEXT
  8
3
 10
3656.143737
 20
604.732275
 40
0.000000
 50
0.000000
  1
# 156
  0
POINT
  8
3
 10
3668.279422
 20
621.580590
  0
TEXT
  8
3
 10
3668.279422
 20
621.580590
 40
0.000000
 50
0.000000
  1
# 157
  0
POINT
  8
3
 10
3682.107486
 20
638.908302
  0
TEXT
  8
3
 10
3682.107486
 20
638.908302
 40
0.000000
 50
0.000000
  1
# 158
  0
POINT
  8
3
 10
3694.963668
 20
653.717911
  0
TEXT
  8
3
 10
3694.963668
 20
653.717911
 40
0.000000
 50
0.000000
  1
# 159
  0
POINT
  8
3
 10
3722.776246
 20
684.011013
  0
TEXT
  8
3
 10
3722.776246
 20
684.011013
 40
0.000000
 50
0.000000
  1
# 160
  0
POINT
  8
3
 10
3801.207587
 20
711.320366
  0
TEXT
  8
3
 10
3801.207587
 20
711.320366
 40
0.000000
 50
0.000000
  1
# 161
  0
POINT
  8
3
 10
3840.019226
 20
710.926514
  0
TEXT
  8
3
 10
3840.019226
 20
710.926514
 40
0.000000
 50
0.000000
  1
# 162
  0
POINT
  8
3
 10
3878.793600
 20
711.285477
  0
TEXT
  8
3
 10
3878.793600
 20
711.285477
 40
0.000000
 50
0.000000
  1
# 163
  0
POINT
  8
3
 10
3957.217650
 20
684.004900
  0
TEXT
  8
3
 10
3957.217650
 20
684.004900
 40
0.000000
 50
0.000000
  1
# 164
  0
POINT
  8
3
 10
3964.827276
 20
675.833025
  0
TEXT
  8
3
 10
3964.827276
 20
675.833025
 40
0.000000
 50
0.000000
  1
# 165
  0
POINT
  8
3
 10
3985.048359
 20
653.728955
  0
TEXT
  8
3
 10
3985.048359
 20
653.728955
 40
0.000000
 50
0.000000
  1
# 166
  0
POINT
  8
3
 10
3997.889714
 20
638.905924
  0
TEXT
  8
3
 10
3997.889714
 20
638.905924
 40
0.000000
 50
0.000000
  1
# 167
  0
POINT
  8
3
 10
4011.720518
 20
621.580461
  0
TEXT
  8
3
 10
4011.720518
 20
621.580461
 40
0.000000
 50
0.000000
  1
# 168
  0
POINT
  8
3
 10
4023.853308
 20
604.730512
  0
TEXT
  8
3
 10
4023.853308
 20
604.730512
 40
0.000000
 50
0.000000
  1
# 169
  0
POINT
  8
3
 10
4035.290792
 20
586.907637
  0
TEXT
  8
3
 10
4035.290792
 20
586.907637
 40
0.000000
 50
0.000000
  1
# 170
  0
POINT
  8
3
 10
4046.161039
 20
569.311039
  0
TEXT
  8
3
 10
4046.161039
 20
569.311039
 40
0.000000
 50
0.000000
  1
# 171
  0
POINT
  8
3
 10
4051.791482
 20
560.814060
  0
TEXT
  8
3
 10
4051.791482
 20
560.814060
 40
0.000000
 50
0.000000
  1
# 172
  0
POINT
  8
3
 10
4057.323834
 20
553.254205
  0
TEXT
  8
3
 10
4057.323834
 20
553.254205
 40
0.000000
 50
0.000000
  1
# 173
  0
POINT
  8
3
 10
4068.743869
 20
540.204620
  0
TEXT
  8
3
 10
4068.743869
 20
540.204620
 40
0.000000
 50
0.000000
  1
# 174
  0
POINT
  8
3
 10
4085.851818
 20
526.561373
  0
TEXT
  8
3
 10
4085.851818
 20
526.561373
 40
0.000000
 50
0.000000
  1
# 175
  0
POINT
  8
3
 10
4112.393385
 20
395.233283
  0
TEXT
  8
3
 10
4112.393385
 20
395.233283
 40
0.000000
 50
0.000000
  1
# 176
  0
POINT
  8
3
 10
4077.058172
 20
87.626578
  0
TEXT
  8
3
 10
4077.058172
 20
87.626578
 40
0.000000
 50
0.000000
  1
# 177
  0
POINT
  8
3
 10
3982.716802
 20
83.889583
  0
TEXT
  8
3
 10
3982.716802
 20
83.889583
 40
0.000000
 50
0.000000
  1
# 178
  0
POLYLINE
  8
8
  66
1
  70
1
  0
VERTEX
  8
8
  10
3840.000000
  20
81.762981
  0
VERTEX
  8
8
  10
3823.908307
  20
81.836781
  0
VERTEX
  8
8
  10
3808.186019
  20
81.935116
  0
VERTEX
  8
8
  10
3792.593934
  20
82.067638
  0
VERTEX
  8
8
  10
3777.002124
  20
82.236105
  0
VERTEX
  8
8
  10
3761.410593
  20
82.439254
  0
VERTEX
  8
8
  10
3746.169495
  20
82.673455
  0
VERTEX
  8
8
  10
3730.579484
  20
82.970985
  0
VERTEX
  8
8
  10
3715.202877
  20
83.349842
  0
VERTEX
  8
8
  10
3699.617275
  20
83.819887
  0
VERTEX
  8
8
  10
3697.283116
  20
83.891260
  0
VERTEX
  8
8
  10
3684.407999
  20
84.273121
  0
VERTEX
  8
8
  10
3668.952757
  20
84.757383
  0
VERTEX
  8
8
  10
3653.370501
  20
85.328761
  0
VERTEX
  8
8
  10
3637.791167
  20
85.978022
  0
VERTEX
  8
8
  10
3622.146238
  20
86.694497
  0
VERTEX
  8
8
  10
3606.571823
  20
87.448796
  0
VERTEX
  8
8
  10
3602.941771
  20
87.626426
  0
VERTEX
  8
8
  10
3591.486889
  20
88.184906
  0
VERTEX
  8
8
  10
3575.970184
  20
88.936701
  0
VERTEX
  8
8
  10
3561.025660
  20
89.656505
  0
VERTEX
  8
8
  10
3546.054848
  20
90.373745
  0
VERTEX
  8
8
  10
3539.640808
  20
90.679674
  0
VERTEX
  8
8
  10
3540.990906
  20
295.409927
  0
VERTEX
  8
8
  10
3540.990906
  20
295.409927
  0
VERTEX
  8
8
  10
3541.090088
  20
310.409622
  0
VERTEX
  8
8
  10
3567.172241
  20
325.232391
  0
VERTEX
  8
8
  10
3567.268915
  20
341.203013
  0
VERTEX
  8
8
  10
3567.361571
  20
356.244180
  0
VERTEX
  8
8
  10
3567.456418
  20
371.389352
  0
VERTEX
  8
8
  10
3567.551864
  20
386.534522
  0
VERTEX
  8
8
  10
3567.606506
  20
395.232887
  0
VERTEX
  8
8
  10
3567.606567
  20
395.233370
  0
VERTEX
  8
8
  10
3567.649320
  20
402.038675
  0
VERTEX
  8
8
  10
3567.746142
  20
417.183831
  0
VERTEX
  8
8
  10
3567.845032
  20
432.328981
  0
VERTEX
  8
8
  10
3567.945379
  20
447.474111
  0
VERTEX
  8
8
  10
3568.049443
  20
463.044981
  0
VERTEX
  8
8
  10
3568.151631
  20
478.255304
  0
VERTEX
  8
8
  10
3568.255088
  20
493.591347
  0
VERTEX
  8
8
  10
3568.355176
  20
508.373636
  0
VERTEX
  8
8
  10
3568.393250
  20
513.980598
  0
VERTEX
  8
8
  10
3577.261055
  20
517.794071
  0
VERTEX
  8
8
  10
3583.053585
  20
520.408892
  0
VERTEX
  8
8
  10
3588.084410
  20
522.917695
  0
VERTEX
  8
8
  10
3591.360547
  20
524.800343
  0
VERTEX
  8
8
  10
3594.157424
  20
526.546621
  0
VERTEX
  8
8
  10
3597.822682
  20
528.906579
  0
VERTEX
  8
8
  10
3601.414724
  20
531.583982
  0
VERTEX
  8
8
  10
3605.658324
  20
535.041150
  0
VERTEX
  8
8
  10
3609.342034
  20
538.354007
  0
VERTEX
  8
8
  10
3611.255128
  20
540.205286
  0
VERTEX
  8
8
  10
3613.123595
  20
542.097161
  0
VERTEX
  8
8
  10
3617.216557
  20
546.510383
  0
VERTEX
  8
8
  10
3620.387566
  20
550.243677
  0
VERTEX
  8
8
  10
3622.693171
  20
553.241037
  0
VERTEX
  8
8
  10
3626.879964
  20
558.799437
  0
VERTEX
  8
8
  10
3628.237031
  20
560.794286
  0
VERTEX
  8
8
  10
3628.238831
  20
560.796814
  0
VERTEX
  8
8
  10
3632.691223
  20
567.375788
  0
VERTEX
  8
8
  10
3633.862155
  20
569.296726
  0
VERTEX
  8
8
  10
3640.604468
  20
580.263813
  0
VERTEX
  8
8
  10
3644.716280
  20
586.903205
  0
VERTEX
  8
8
  10
3648.533666
  20
593.097391
  0
VERTEX
  8
8
  10
3653.275166
  20
600.585160
  0
VERTEX
  8
8
  10
3656.115729
  20
604.751648
  0
VERTEX
  8
8
  10
3661.875252
  20
613.018337
  0
VERTEX
  8
8
  10
3666.148618
  20
618.788509
  0
VERTEX
  8
8
  10
3668.271571
  20
621.586582
  0
VERTEX
  8
8
  10
3674.275919
  20
629.437394
  0
VERTEX
  8
8
  10
3679.496977
  20
635.833603
  0
VERTEX
  8
8
  10
3682.109137
  20
638.906901
  0
VERTEX
  8
8
  10
3682.111206
  20
638.909569
  0
VERTEX
  8
8
  10
3689.262152
  20
647.334799
  0
VERTEX
  8
8
  10
3694.955701
  20
653.725027
  0
VERTEX
  8
8
  10
3699.344898
  20
658.622880
  0
VERTEX
  8
8
  10
3708.784176
  20
669.050235
  0
VERTEX
  8
8
  10
3719.096909
  20
680.096722
  0
VERTEX
  8
8
  10
3722.780404
  20
684.007105
  0
VERTEX
  8
8
  10
3729.388911
  20
691.046257
  0
VERTEX
  8
8
  10
3738.194487
  20
700.640577
  0
VERTEX
  8
8
  10
3748.226395
  20
711.873958
  0
VERTEX
  8
8
  10
3753.970337
  20
718.237000
  0
VERTEX
  8
8
  10
3761.360907
  20
716.151245
  0
VERTEX
  8
8
  10
3767.516874
  20
714.666248
  0
VERTEX
  8
8
  10
3772.765016
  20
713.644475
  0
VERTEX
  8
8
  10
3778.037159
  20
712.873317
  0
VERTEX
  8
8
  10
3785.049532
  20
712.134803
  0
VERTEX
  8
8
  10
3791.767751
  20
711.667911
  0
VERTEX
  8
8
  10
3801.206206
  20
711.282851
  0
VERTEX
  8
8
  10
3806.535972
  20
711.124187
  0
VERTEX
  8
8
  10
3821.586649
  20
711.085269
  0
VERTEX
  8
8
  10
3836.506516
  20
710.973238
  0
VERTEX
  8
8
  10
3840.019226
  20
710.926514
  0
VERTEX
  8
8
  10
3840.019226
  20
710.926514
  0
VERTEX
  8
8
  10
3840.019226
  20
710.926514
  0
VERTEX
  8
8
  10
3855.226618
  20
711.073303
  0
VERTEX
  8
8
  10
3870.288566
  20
711.089484
  0
VERTEX
  8
8
  10
3877.869972
  20
711.244402
  0
VERTEX
  8
8
  10
3878.793718
  20
711.282835
  0
VERTEX
  8
8
  10
3890.892778
  20
711.823101
  0
VERTEX
  8
8
  10
3897.837339
  20
712.408493
  0
VERTEX
  8
8
  10
3904.322073
  20
713.188960
  0
VERTEX
  8
8
  10
3909.457020
  20
714.046168
  0
VERTEX
  8
8
  10
3914.852829
  20
715.206486
  0
VERTEX
  8
8
  10
3921.293472
  20
716.864478
  0
VERTEX
  8
8
  10
3926.029663
  20
718.237000
  0
VERTEX
  8
8
  10
3936.204641
  20
706.905565
  0
VERTEX
  8
8
  10
3945.607762
  20
696.458911
  0
VERTEX
  8
8
  10
3955.878401
  20
685.443009
  0
VERTEX
  8
8
  10
3957.219729
  20
684.006835
  0
VERTEX
  8
8
  10
3964.823914
  20
675.831528
  0
VERTEX
  8
8
  10
3964.824672
  20
675.830599
  0
VERTEX
  8
8
  10
3966.121871
  20
674.442931
  0
VERTEX
  8
8
  10
3976.387116
  20
663.385767
  0
VERTEX
  8
8
  10
3985.044121
  20
653.725154
  0
VERTEX
  8
8
  10
3986.407296
  20
652.213663
  0
VERTEX
  8
8
  10
3991.790481
  20
646.111912
  0
VERTEX
  8
8
  10
3997.889099
  20
638.908958
  0
VERTEX
  8
8
  10
3997.890875
  20
638.906907
  0
VERTEX
  8
8
  10
4001.561518
  20
634.567666
  0
VERTEX
  8
8
  10
4006.673768
  20
628.230529
  0
VERTEX
  8
8
  10
4011.728486
  20
621.586507
  0
VERTEX
  8
8
  10
4015.821907
  20
616.175698
  0
VERTEX
  8
8
  10
4019.860601
  20
610.551403
  0
VERTEX
  8
8
  10
4023.884222
  20
604.751718
  0
VERTEX
  8
8
  10
4027.302648
  20
599.702113
  0
VERTEX
  8
8
  10
4032.644806
  20
591.187762
  0
VERTEX
  8
8
  10
4035.283684
  20
586.903243
  0
VERTEX
  8
8
  10
4040.570410
  20
578.368077
  0
VERTEX
  8
8
  10
4046.137847
  20
569.296723
  0
VERTEX
  8
8
  10
4048.500166
  20
565.521325
  0
VERTEX
  8
8
  10
4051.761169
  20
560.796967
  0
VERTEX
  8
8
  10
4051.763044
  20
560.794177
  0
VERTEX
  8
8
  10
4054.973096
  20
556.263416
  0
VERTEX
  8
8
  10
4057.306962
  20
553.241025
  0
VERTEX
  8
8
  10
4060.841568
  20
548.750944
  0
VERTEX
  8
8
  10
4064.546304
  20
544.564046
  0
VERTEX
  8
8
  10
4068.487554
  20
540.448092
  0
VERTEX
  8
8
  10
4068.738438
  20
540.198902
  0
VERTEX
  8
8
  10
4072.162718
  20
536.957305
  0
VERTEX
  8
8
  10
4076.037887
  20
533.622500
  0
VERTEX
  8
8
  10
4080.514410
  20
530.108660
  0
VERTEX
  8
8
  10
4083.739328
  20
527.854283
  0
VERTEX
  8
8
  10
4085.842735
  20
526.546533
  0
VERTEX
  8
8
  10
4090.894191
  20
523.475384
  0
VERTEX
  8
8
  10
4094.868678
  20
521.410678
  0
VERTEX
  8
8
  10
4100.834081
  20
518.624236
  0
VERTEX
  8
8
  10
4111.606750
  20
513.980598
  0
VERTEX
  8
8
  10
4111.713233
  20
498.275908
  0
VERTEX
  8
8
  10
4111.818291
  20
482.720056
  0
VERTEX
  8
8
  10
4111.922747
  20
467.191358
  0
VERTEX
  8
8
  10
4112.027467
  20
451.546807
  0
VERTEX
  8
8
  10
4112.128101
  20
436.401678
  0
VERTEX
  8
8
  10
4112.227443
  20
421.256531
  0
VERTEX
  8
8
  10
4112.324882
  20
406.111380
  0
VERTEX
  8
8
  10
4112.393433
  20
395.233284
  0
VERTEX
  8
8
  10
4112.393494
  20
395.232849
  0
VERTEX
  8
8
  10
4112.420616
  20
390.906267
  0
VERTEX
  8
8
  10
4112.516048
  20
375.761100
  0
VERTEX
  8
8
  10
4112.611171
  20
360.615924
  0
VERTEX
  8
8
  10
4112.705217
  20
345.432848
  0
VERTEX
  8
8
  10
4112.796594
  20
330.407839
  0
VERTEX
  8
8
  10
4112.827759
  20
325.232391
  0
VERTEX
  8
8
  10
4138.909912
  20
310.409622
  0
VERTEX
  8
8
  10
4139.009094
  20
295.409927
  0
VERTEX
  8
8
  10
4139.009094
  20
295.409927
  0
VERTEX
  8
8
  10
4140.359192
  20
90.679674
  0
VERTEX
  8
8
  10
4124.531525
  20
89.923199
  0
VERTEX
  8
8
  10
4109.019312
  20
89.177459
  0
VERTEX
  8
8
  10
4093.952532
  20
88.449020
  0
VERTEX
  8
8
  10
4078.562389
  20
87.699961
  0
VERTEX
  8
8
  10
4077.058180
  20
87.626429
  0
VERTEX
  8
8
  10
4063.515406
  20
86.965900
  0
VERTEX
  8
8
  10
4048.372723
  20
86.253396
  0
VERTEX
  8
8
  10
4032.794535
  20
85.577128
  0
VERTEX
  8
8
  10
4017.213453
  20
84.973282
  0
VERTEX
  8
8
  10
4001.560935
  20
84.452543
  0
VERTEX
  8
8
  10
3985.975105
  20
83.989198
  0
VERTEX
  8
8
  10
3982.716751
  20
83.891256
  0
VERTEX
  8
8
  10
3970.519404
  20
83.516683
  0
VERTEX
  8
8
  10
3955.309111
  20
83.104524
  0
VERTEX
  8
8
  10
3939.719805
  20
82.777427
  0
VERTEX
  8
8
  10
3924.128955
  20
82.519620
  0
VERTEX
  8
8
  10
3908.748818
  20
82.307067
  0
VERTEX
  8
8
  10
3893.157129
  20
82.125660
  0
VERTEX
  8
8
  10
3877.565144
  20
81.979733
  0
VERTEX
  8
8
  10
3862.392234
  20
81.872573
  0
VERTEX
  8
8
  10
3847.333043
  20
81.793501
  0
VERTEX
  8
8
  10
3840.000000
  20
81.762981
  0
SEQEND
  8
8
  0
POINT
  8
2
 10
3840.000000
 20
81.762981
  0
TEXT
  8
2
 10
3840.000000
 20
81.762981
 40
0.000000
 50
0.000000
  1
# 179
  0
POINT
  8
2
 10
3539.640808
 20
90.679674
  0
TEXT
  8
2
 10
3539.640808
 20
90.679674
 40
0.000000
 50
0.000000
  1
# 180
  0
POINT
  8
2
 10
3541.090088
 20
310.409622
  0
TEXT
  8
2
 10
3541.090088
 20
310.409622
 40
0.000000
 50
0.000000
  1
# 181
  0
POINT
  8
2
 10
3567.172241
 20
325.232391
  0
TEXT
  8
2
 10
3567.172241
 20
325.232391
 40
0.000000
 50
0.000000
  1
# 182
  0
POINT
  8
2
 10
3568.393250
 20
513.980598
  0
TEXT
  8
2
 10
3568.393250
 20
513.980598
 40
0.000000
 50
0.000000
  1
# 183
  0
POINT
  8
2
 10
3753.970337
 20
718.237000
  0
TEXT
  8
2
 10
3753.970337
 20
718.237000
 40
0.000000
 50
0.000000
  1
# 184
  0
POINT
  8
2
 10
3840.019226
 20
710.926514
  0
TEXT
  8
2
 10
3840.019226
 20
710.926514
 40
0.000000
 50
0.000000
  1
# 185
  0
POINT
  8
2
 10
3926.029663
 20
718.237000
  0
TEXT
  8
2
 10
3926.029663
 20
718.237000
 40
0.000000
 50
0.000000
  1
# 186
  0
POINT
  8
2
 10
4111.606750
 20
513.980598
  0
TEXT
  8
2
 10
4111.606750
 20
513.980598
 40
0.000000
 50
0.000000
  1
# 187
  0
POINT
  8
2
 10
4112.827759
 20
325.232391
  0
TEXT
  8
2
 10
4112.827759
 20
325.232391
 40
0.000000
 50
0.000000
  1
# 188
  0
POINT
  8
2
 10
4138.909912
 20
310.409622
  0
TEXT
  8
2
 10
4138.909912
 20
310.409622
 40
0.000000
 50
0.000000
  1
# 189
  0
POINT
  8
2
 10
4140.359192
 20
90.679674
  0
TEXT
  8
2
 10
4140.359192
 20
90.679674
 40
0.000000
 50
0.000000
  1
# 190
  0
POINT
  8
2
 10
3840.000000
 20
81.762981
  0
TEXT
  8
2
 10
3840.000000
 20
81.762981
 40
0.000000
 50
0.000000
  1
# 191
  0
POINT
  8
3
 10
3823.908307
 20
81.836781
  0
POINT
  8
3
 10
3808.186019
 20
81.935116
  0
POINT
  8
3
 10
3792.593934
 20
82.067638
  0
POINT
  8
3
 10
3777.002124
 20
82.236105
  0
POINT
  8
3
 10
3761.410593
 20
82.439254
  0
POINT
  8
3
 10
3746.169495
 20
82.673455
  0
POINT
  8
3
 10
3730.579484
 20
82.970985
  0
POINT
  8
3
 10
3715.202877
 20
83.349842
  0
POINT
  8
3
 10
3699.617275
 20
83.819887
  0
POINT
  8
3
 10
3697.283116
 20
83.891260
  0
POINT
  8
3
 10
3684.407999
 20
84.273121
  0
POINT
  8
3
 10
3668.952757
 20
84.757383
  0
POINT
  8
3
 10
3653.370501
 20
85.328761
  0
POINT
  8
3
 10
3637.791167
 20
85.978022
  0
POINT
  8
3
 10
3622.146238
 20
86.694497
  0
POINT
  8
3
 10
3606.571823
 20
87.448796
  0
POINT
  8
3
 10
3602.941771
 20
87.626426
  0
POINT
  8
3
 10
3591.486889
 20
88.184906
  0
POINT
  8
3
 10
3575.970184
 20
88.936701
  0
POINT
  8
3
 10
3561.025660
 20
89.656505
  0
POINT
  8
3
 10
3546.054848
 20
90.373745
  0
POINT
  8
3
 10
3567.268915
 20
341.203013
  0
POINT
  8
3
 10
3567.361571
 20
356.244180
  0
POINT
  8
3
 10
3567.456418
 20
371.389352
  0
POINT
  8
3
 10
3567.551864
 20
386.534522
  0
POINT
  8
3
 10
3567.606506
 20
395.232887
  0
POINT
  8
3
 10
3567.606567
 20
395.233370
  0
POINT
  8
3
 10
3567.649320
 20
402.038675
  0
POINT
  8
3
 10
3567.746142
 20
417.183831
  0
POINT
  8
3
 10
3567.845032
 20
432.328981
  0
POINT
  8
3
 10
3567.945379
 20
447.474111
  0
POINT
  8
3
 10
3568.049443
 20
463.044981
  0
POINT
  8
3
 10
3568.151631
 20
478.255304
  0
POINT
  8
3
 10
3568.255088
 20
493.591347
  0
POINT
  8
3
 10
3568.355176
 20
508.373636
  0
POINT
  8
3
 10
3577.261055
 20
517.794071
  0
POINT
  8
3
 10
3583.053585
 20
520.408892
  0
POINT
  8
3
 10
3588.084410
 20
522.917695
  0
POINT
  8
3
 10
3591.360547
 20
524.800343
  0
POINT
  8
3
 10
3594.157424
 20
526.546621
  0
POINT
  8
3
 10
3597.822682
 20
528.906579
  0
POINT
  8
3
 10
3601.414724
 20
531.583982
  0
POINT
  8
3
 10
3605.658324
 20
535.041150
  0
POINT
  8
3
 10
3609.342034
 20
538.354007
  0
POINT
  8
3
 10
3611.255128
 20
540.205286
  0
POINT
  8
3
 10
3613.123595
 20
542.097161
  0
POINT
  8
3
 10
3617.216557
 20
546.510383
  0
POINT
  8
3
 10
3620.387566
 20
550.243677
  0
POINT
  8
3
 10
3622.693171
 20
553.241037
  0
POINT
  8
3
 10
3626.879964
 20
558.799437
  0
POINT
  8
3
 10
3628.237031
 20
560.794286
  0
POINT
  8
3
 10
3628.238831
 20
560.796814
  0
POINT
  8
3
 10
3632.691223
 20
567.375788
  0
POINT
  8
3
 10
3633.862155
 20
569.296726
  0
POINT
  8
3
 10
3640.604468
 20
580.263813
  0
POINT
  8
3
 10
3644.716280
 20
586.903205
  0
POINT
  8
3
 10
3648.533666
 20
593.097391
  0
POINT
  8
3
 10
3653.275166
 20
600.585160
  0
POINT
  8
3
 10
3656.115729
 20
604.751648
  0
POINT
  8
3
 10
3661.875252
 20
613.018337
  0
POINT
  8
3
 10
3666.148618
 20
618.788509
  0
POINT
  8
3
 10
3668.271571
 20
621.586582
  0
POINT
  8
3
 10
3674.275919
 20
629.437394
  0
POINT
  8
3
 10
3679.496977
 20
635.833603
  0
POINT
  8
3
 10
3682.109137
 20
638.906901
  0
POINT
  8
3
 10
3682.111206
 20
638.909569
  0
POINT
  8
3
 10
3689.262152
 20
647.334799
  0
POINT
  8
3
 10
3694.955701
 20
653.725027
  0
POINT
  8
3
 10
3699.344898
 20
658.622880
  0
POINT
  8
3
 10
3708.784176
 20
669.050235
  0
POINT
  8
3
 10
3719.096909
 20
680.096722
  0
POINT
  8
3
 10
3722.780404
 20
684.007105
  0
POINT
  8
3
 10
3729.388911
 20
691.046257
  0
POINT
  8
3
 10
3738.194487
 20
700.640577
  0
POINT
  8
3
 10
3748.226395
 20
711.873958
  0
POINT
  8
3
 10
3761.360907
 20
716.151245
  0
POINT
  8
3
 10
3767.516874
 20
714.666248
  0
POINT
  8
3
 10
3772.765016
 20
713.644475
  0
POINT
  8
3
 10
3778.037159
 20
712.873317
  0
POINT
  8
3
 10
3785.049532
 20
712.134803
  0
POINT
  8
3
 10
3791.767751
 20
711.667911
  0
POINT
  8
3
 10
3801.206206
 20
711.282851
  0
POINT
  8
3
 10
3806.535972
 20
711.124187
  0
POINT
  8
3
 10
3821.586649
 20
711.085269
  0
POINT
  8
3
 10
3836.506516
 20
710.973238
  0
POINT
  8
3
 10
3840.019226
 20
710.926514
  0
POINT
  8
3
 10
3840.019226
 20
710.926514
  0
POINT
  8
3
 10
3855.226618
 20
711.073303
  0
POINT
  8
3
 10
3870.288566
 20
711.089484
  0
POINT
  8
3
 10
3877.869972
 20
711.244402
  0
POINT
  8
3
 10
3878.793718
 20
711.282835
  0
POINT
  8
3
 10
3890.892778
 20
711.823101
  0
POINT
  8
3
 10
3897.837339
 20
712.408493
  0
POINT
  8
3
 10
3904.322073
 20
713.188960
  0
POINT
  8
3
 10
3909.457020
 20
714.046168
  0
POINT
  8
3
 10
3914.852829
 20
715.206486
  0
POINT
  8
3
 10
3921.293472
 20
716.864478
  0
POINT
  8
3
 10
3936.204641
 20
706.905565
  0
POINT
  8
3
 10
3945.607762
 20
696.458911
  0
POINT
  8
3
 10
3955.878401
 20
685.443009
  0
POINT
  8
3
 10
3957.219729
 20
684.006835
  0
POINT
  8
3
 10
3964.823914
 20
675.831528
  0
POINT
  8
3
 10
3964.824672
 20
675.830599
  0
POINT
  8
3
 10
3966.121871
 20
674.442931
  0
POINT
  8
3
 10
3976.387116
 20
663.385767
  0
POINT
  8
3
 10
3985.044121
 20
653.725154
  0
POINT
  8
3
 10
3986.407296
 20
652.213663
  0
POINT
  8
3
 10
3991.790481
 20
646.111912
  0
POINT
  8
3
 10
3997.889099
 20
638.908958
  0
POINT
  8
3
 10
3997.890875
 20
638.906907
  0
POINT
  8
3
 10
4001.561518
 20
634.567666
  0
POINT
  8
3
 10
4006.673768
 20
628.230529
  0
POINT
  8
3
 10
4011.728486
 20
621.586507
  0
POINT
  8
3
 10
4015.821907
 20
616.175698
  0
POINT
  8
3
 10
4019.860601
 20
610.551403
  0
POINT
  8
3
 10
4023.884222
 20
604.751718
  0
POINT
  8
3
 10
4027.302648
 20
599.702113
  0
POINT
  8
3
 10
4032.644806
 20
591.187762
  0
POINT
  8
3
 10
4035.283684
 20
586.903243
  0
POINT
  8
3
 10
4040.570410
 20
578.368077
  0
POINT
  8
3
 10
4046.137847
 20
569.296723
  0
POINT
  8
3
 10
4048.500166
 20
565.521325
  0
POINT
  8
3
 10
4051.761169
 20
560.796967
  0
POINT
  8
3
 10
4051.763044
 20
560.794177
  0
POINT
  8
3
 10
4054.973096
 20
556.263416
  0
POINT
  8
3
 10
4057.306962
 20
553.241025
  0
POINT
  8
3
 10
4060.841568
 20
548.750944
  0
POINT
  8
3
 10
4064.546304
 20
544.564046
  0
POINT
  8
3
 10
4068.487554
 20
540.448092
  0
POINT
  8
3
 10
4068.738438
 20
540.198902
  0
POINT
  8
3
 10
4072.162718
 20
536.957305
  0
POINT
  8
3
 10
4076.037887
 20
533.622500
  0
POINT
  8
3
 10
4080.514410
 20
530.108660
  0
POINT
  8
3
 10
4083.739328
 20
527.854283
  0
POINT
  8
3
 10
4085.842735
 20
526.546533
  0
POINT
  8
3
 10
4090.894191
 20
523.475384
  0
POINT
  8
3
 10
4094.868678
 20
521.410678
  0
POINT
  8
3
 10
4100.834081
 20
518.624236
  0
POINT
  8
3
 10
4111.713233
 20
498.275908
  0
POINT
  8
3
 10
4111.818291
 20
482.720056
  0
POINT
  8
3
 10
4111.922747
 20
467.191358
  0
POINT
  8
3
 10
4112.027467
 20
451.546807
  0
POINT
  8
3
 10
4112.128101
 20
436.401678
  0
POINT
  8
3
 10
4112.227443
 20
421.256531
  0
POINT
  8
3
 10
4112.324882
 20
406.111380
  0
POINT
  8
3
 10
4112.393433
 20
395.233284
  0
POINT
  8
3
 10
4112.393494
 20
395.232849
  0
POINT
  8
3
 10
4112.420616
 20
390.906267
  0
POINT
  8
3
 10
4112.516048
 20
375.761100
  0
POINT
  8
3
 10
4112.611171
 20
360.615924
  0
POINT
  8
3
 10
4112.705217
 20
345.432848
  0
POINT
  8
3
 10
4112.796594
 20
330.407839
  0
POINT
  8
3
 10
4124.531525
 20
89.923199
  0
POINT
  8
3
 10
4109.019312
 20
89.177459
  0
POINT
  8
3
 10
4093.952532
 20
88.449020
  0
POINT
  8
3
 10
4078.562389
 20
87.699961
  0
POINT
  8
3
 10
4077.058180
 20
87.626429
  0
POINT
  8
3
 10
4063.515406
 20
86.965900
  0
POINT
  8
3
 10
4048.372723
 20
86.253396
  0
POINT
  8
3
 10
4032.794535
 20
85.577128
  0
POINT
  8
3
 10
4017.213453
 20
84.973282
  0
POINT
  8
3
 10
4001.560935
 20
84.452543
  0
POINT
  8
3
 10
3985.975105
 20
83.989198
  0
POINT
  8
3
 10
3982.716751
 20
83.891256
  0
POINT
  8
3
 10
3970.519404
 20
83.516683
  0
POINT
  8
3
 10
3955.309111
 20
83.104524
  0
POINT
  8
3
 10
3939.719805
 20
82.777427
  0
POINT
  8
3
 10
3924.128955
 20
82.519620
  0
POINT
  8
3
 10
3908.748818
 20
82.307067
  0
POINT
  8
3
 10
3893.157129
 20
82.125660
  0
POINT
  8
3
 10
3877.565144
 20
81.979733
  0
POINT
  8
3
 10
3862.392234
 20
81.872573
  0
POINT
  8
3
 10
3847.333043
 20
81.793501
  0
POINT
  8
3
 10
3697.283116
 20
83.891260
  0
TEXT
  8
3
 10
3697.283116
 20
83.891260
 40
0.000000
 50
0.000000
  1
# 192
  0
POINT
  8
3
 10
3602.941771
 20
87.626426
  0
TEXT
  8
3
 10
3602.941771
 20
87.626426
 40
0.000000
 50
0.000000
  1
# 193
  0
POINT
  8
3
 10
3567.606567
 20
395.233370
  0
TEXT
  8
3
 10
3567.606567
 20
395.233370
 40
0.000000
 50
0.000000
  1
# 194
  0
POINT
  8
3
 10
3594.157424
 20
526.546621
  0
TEXT
  8
3
 10
3594.157424
 20
526.546621
 40
0.000000
 50
0.000000
  1
# 195
  0
POINT
  8
3
 10
3611.255128
 20
540.205286
  0
TEXT
  8
3
 10
3611.255128
 20
540.205286
 40
0.000000
 50
0.000000
  1
# 196
  0
POINT
  8
3
 10
3622.693171
 20
553.241037
  0
TEXT
  8
3
 10
3622.693171
 20
553.241037
 40
0.000000
 50
0.000000
  1
# 197
  0
POINT
  8
3
 10
3628.237031
 20
560.794286
  0
TEXT
  8
3
 10
3628.237031
 20
560.794286
 40
0.000000
 50
0.000000
  1
# 198
  0
POINT
  8
3
 10
3633.862155
 20
569.296726
  0
TEXT
  8
3
 10
3633.862155
 20
569.296726
 40
0.000000
 50
0.000000
  1
# 199
  0
POINT
  8
3
 10
3644.716280
 20
586.903205
  0
TEXT
  8
3
 10
3644.716280
 20
586.903205
 40
0.000000
 50
0.000000
  1
# 200
  0
POINT
  8
3
 10
3656.115729
 20
604.751648
  0
TEXT
  8
3
 10
3656.115729
 20
604.751648
 40
0.000000
 50
0.000000
  1
# 201
  0
POINT
  8
3
 10
3668.271571
 20
621.586582
  0
TEXT
  8
3
 10
3668.271571
 20
621.586582
 40
0.000000
 50
0.000000
  1
# 202
  0
POINT
  8
3
 10
3682.109137
 20
638.906901
  0
TEXT
  8
3
 10
3682.109137
 20
638.906901
 40
0.000000
 50
0.000000
  1
# 203
  0
POINT
  8
3
 10
3694.955701
 20
653.725027
  0
TEXT
  8
3
 10
3694.955701
 20
653.725027
 40
0.000000
 50
0.000000
  1
# 204
  0
POINT
  8
3
 10
3722.780404
 20
684.007105
  0
TEXT
  8
3
 10
3722.780404
 20
684.007105
 40
0.000000
 50
0.000000
  1
# 205
  0
POINT
  8
3
 10
3801.206206
 20
711.282851
  0
TEXT
  8
3
 10
3801.206206
 20
711.282851
 40
0.000000
 50
0.000000
  1
# 206
  0
POINT
  8
3
 10
3840.019226
 20
710.926514
  0
TEXT
  8
3
 10
3840.019226
 20
710.926514
 40
0.000000
 50
0.000000
  1
# 207
  0
POINT
  8
3
 10
3878.793718
 20
711.282835
  0
TEXT
  8
3
 10
3878.793718
 20
711.282835
 40
0.000000
 50
0.000000
  1
# 208
  0
POINT
  8
3
 10
3957.219729
 20
684.006835
  0
TEXT
  8
3
 10
3957.219729
 20
684.006835
 40
0.000000
 50
0.000000
  1
# 209
  0
POINT
  8
3
 10
3964.824672
 20
675.830599
  0
TEXT
  8
3
 10
3964.824672
 20
675.830599
 40
0.000000
 50
0.000000
  1
# 210
  0
POINT
  8
3
 10
3985.044121
 20
653.725154
  0
TEXT
  8
3
 10
3985.044121
 20
653.725154
 40
0.000000
 50
0.000000
  1
# 211
  0
POINT
  8
3
 10
3997.890875
 20
638.906907
  0
TEXT
  8
3
 10
3997.890875
 20
638.906907
 40
0.000000
 50
0.000000
  1
# 212
  0
POINT
  8
3
 10
4011.728486
 20
621.586507
  0
TEXT
  8
3
 10
4011.728486
 20
621.586507
 40
0.000000
 50
0.000000
  1
# 213
  0
POINT
  8
3
 10
4023.884222
 20
604.751718
  0
TEXT
  8
3
 10
4023.884222
 20
604.751718
 40
0.000000
 50
0.000000
  1
# 214
  0
POINT
  8
3
 10
4035.283684
 20
586.903243
  0
TEXT
  8
3
 10
4035.283684
 20
586.903243
 40
0.000000
 50
0.000000
  1
# 215
  0
POINT
  8
3
 10
4046.137847
 20
569.296723
  0
TEXT
  8
3
 10
4046.137847
 20
569.296723
 40
0.000000
 50
0.000000
  1
# 216
  0
POINT
  8
3
 10
4051.763044
 20
560.794177
  0
TEXT
  8
3
 10
4051.763044
 20
560.794177
 40
0.000000
 50
0.000000
  1
# 217
  0
POINT
  8
3
 10
4057.306962
 20
553.241025
  0
TEXT
  8
3
 10
4057.306962
 20
553.241025
 40
0.000000
 50
0.000000
  1
# 218
  0
POINT
  8
3
 10
4068.738438
 20
540.198902
  0
TEXT
  8
3
 10
4068.738438
 20
540.198902
 40
0.000000
 50
0.000000
  1
# 219
  0
POINT
  8
3
 10
4085.842735
 20
526.546533
  0
TEXT
  8
3
 10
4085.842735
 20
526.546533
 40
0.000000
 50
0.000000
  1
# 220
  0
POINT
  8
3
 10
4112.393433
 20
395.233284
  0
TEXT
  8
3
 10
4112.393433
 20
395.233284
 40
0.000000
 50
0.000000
  1
# 221
  0
POINT
  8
3
 10
4077.058180
 20
87.626429
  0
TEXT
  8
3
 10
4077.058180
 20
87.626429
 40
0.000000
 50
0.000000
  1
# 222
  0
POINT
  8
3
 10
3982.716751
 20
83.891256
  0
TEXT
  8
3
 10
3982.716751
 20
83.891256
 40
0.000000
 50
0.000000
  1
# 223
  0
POINT
  8
4
 10
3540.990906
 20
295.409927
 30
1.000000
 50
359.62
  0
TEXT
  8
4
 10
3540.990906
 20
295.409927
 40
0.000000
 50
0.000000
  1
# 224
  0
POINT
  8
4
 10
3567.606506
 20
395.232887
 30
1.000000
 50
359.64
  0
TEXT
  8
4
 10
3567.606506
 20
395.232887
 40
0.000000
 50
0.000000
  1
# 225
  0
POINT
  8
4
 10
3628.238831
 20
560.796814
 30
1.000000
 50
325.61
  0
TEXT
  8
4
 10
3628.238831
 20
560.796814
 40
0.000000
 50
0.000000
  1
# 226
  0
POINT
  8
4
 10
3682.111206
 20
638.909569
 30
1.000000
 50
319.56
  0
TEXT
  8
4
 10
3682.111206
 20
638.909569
 40
0.000000
 50
0.000000
  1
# 227
  0
POINT
  8
4
 10
3840.019226
 20
710.926514
 30
1.000000
 50
269.75
  0
TEXT
  8
4
 10
3840.019226
 20
710.926514
 40
0.000000
 50
0.000000
  1
# 228
  0
POINT
  8
4
 10
3964.823914
 20
675.831528
 30
1.000000
 50
222.93
  0
TEXT
  8
4
 10
3964.823914
 20
675.831528
 40
0.000000
 50
0.000000
  1
# 229
  0
POINT
  8
4
 10
3997.889099
 20
638.908958
 30
1.000000
 50
220.44
  0
TEXT
  8
4
 10
3997.889099
 20
638.908958
 40
0.000000
 50
0.000000
  1
# 230
  0
POINT
  8
4
 10
4051.761169
 20
560.796967
 30
1.000000
 50
214.39
  0
TEXT
  8
4
 10
4051.761169
 20
560.796967
 40
0.000000
 50
0.000000
  1
# 231
  0
POINT
  8
4
 10
4112.393494
 20
395.232849
 30
1.000000
 50
180.36
  0
TEXT
  8
4
 10
4112.393494
 20
395.232849
 40
0.000000
 50
0.000000
  1
# 232
  0
POINT
  8
4
 10
4139.009094
 20
295.409927
 30
1.000000
 50
180.38
  0
TEXT
  8
4
 10
4139.009094
 20
295.409927
 40
0.000000
 50
0.000000
  1
# 233
  0
POLYLINE
  8
11
  66
1
  70
0
  0
VERTEX
  8
1
  10
3840.000000
  20
111.763411
  0
VERTEX
  8
1
  10
3824.357880
  20
111.834516
  0
VERTEX
  8
1
  10
3809.319365
  20
111.925480
  0
VERTEX
  8
1
  10
3793.901654
  20
112.051039
  0
VERTEX
  8
1
  10
3778.484299
  20
112.213664
  0
VERTEX
  8
1
  10
3763.111782
  20
112.416650
  0
VERTEX
  8
1
  10
3747.695588
  20
112.665322
  0
VERTEX
  8
1
  10
3732.280279
  20
112.964057
  0
VERTEX
  8
1
  10
3717.000265
  20
113.314189
  0
VERTEX
  8
1
  10
3701.587538
  20
113.724474
  0
VERTEX
  8
1
  10
3698.187948
  20
113.822889
  0
VERTEX
  8
1
  10
3686.256861
  20
114.191031
  0
VERTEX
  8
1
  10
3670.847702
  20
114.717072
  0
VERTEX
  8
1
  10
3655.631006
  20
115.289541
  0
VERTEX
  8
1
  10
3640.225661
  20
115.919004
  0
VERTEX
  8
1
  10
3624.958883
  20
116.588085
  0
VERTEX
  8
1
  10
3609.557121
  20
117.301376
  0
VERTEX
  8
1
  10
3604.384973
  20
117.547851
  0
VERTEX
  8
1
  10
3594.449630
  20
118.030098
  0
VERTEX
  8
1
  10
3579.604666
  20
118.773544
  0
VERTEX
  8
1
  10
3574.828491
  20
119.017315
  0
SEQEND
  8
11
  0
POINT
  8
2
 10
3840.000000
 20
111.763411
  0
TEXT
  8
2
 10
3840.000000
 20
111.763411
 40
0.000000
 50
0.000000
  1
# 234
  0
POINT
  8
2
 10
3574.828491
 20
119.017315
  0
TEXT
  8
2
 10
3574.828491
 20
119.017315
 40
0.000000
 50
0.000000
  1
# 235
  0
POINT
  8
3
 10
3824.357880
 20
111.834516
  0
POINT
  8
3
 10
3809.319365
 20
111.925480
  0
POINT
  8
3
 10
3793.901654
 20
112.051039
  0
POINT
  8
3
 10
3778.484299
 20
112.213664
  0
POINT
  8
3
 10
3763.111782
 20
112.416650
  0
POINT
  8
3
 10
3747.695588
 20
112.665322
  0
POINT
  8
3
 10
3732.280279
 20
112.964057
  0
POINT
  8
3
 10
3717.000265
 20
113.314189
  0
POINT
  8
3
 10
3701.587538
 20
113.724474
  0
POINT
  8
3
 10
3698.187948
 20
113.822889
  0
POINT
  8
3
 10
3686.256861
 20
114.191031
  0
POINT
  8
3
 10
3670.847702
 20
114.717072
  0
POINT
  8
3
 10
3655.631006
 20
115.289541
  0
POINT
  8
3
 10
3640.225661
 20
115.919004
  0
POINT
  8
3
 10
3624.958883
 20
116.588085
  0
POINT
  8
3
 10
3609.557121
 20
117.301376
  0
POINT
  8
3
 10
3604.384973
 20
117.547851
  0
POINT
  8
3
 10
3594.449630
 20
118.030098
  0
POINT
  8
3
 10
3579.604666
 20
118.773544
  0
POINT
  8
3
 10
3698.187948
 20
113.822889
  0
TEXT
  8
3
 10
3698.187948
 20
113.822889
 40
0.000000
 50
0.000000
  1
# 236
  0
POINT
  8
3
 10
3604.384973
 20
117.547851
  0
TEXT
  8
3
 10
3604.384973
 20
117.547851
 40
0.000000
 50
0.000000
  1
# 237
  0
POLYLINE
  8
11
  66
1
  70
0
  0
VERTEX
  8
1
  10
3574.828491
  20
119.017315
  0
VERTEX
  8
1
  10
3575.990295
  20
295.179157
  0
VERTEX
  8
1
  10
3575.990295
  20
295.179157
  0
SEQEND
  8
11
  0
POINT
  8
2
 10
3574.828491
 20
119.017315
  0
TEXT
  8
2
 10
3574.828491
 20
119.017315
 40
0.000000
 50
0.000000
  1
# 238
  0
POINT
  8
2
 10
3575.990295
 20
295.179157
  0
TEXT
  8
2
 10
3575.990295
 20
295.179157
 40
0.000000
 50
0.000000
  1
# 239
  0
POINT
  8
3
 10
3575.990295
 20
295.179157
  0
POINT
  8
4
 10
3575.990295
 20
295.179157
 30
1.000000
 50
359.62
  0
TEXT
  8
4
 10
3575.990295
 20
295.179157
 40
0.000000
 50
0.000000
  1
# 240
  0
POLYLINE
  8
11
  66
1
  70
0
  0
VERTEX
  8
1
  10
3575.990295
  20
295.179157
  0
VERTEX
  8
1
  10
3576.086328
  20
311.161619
  0
VERTEX
  8
1
  10
3576.178568
  20
326.410939
  0
VERTEX
  8
1
  10
3576.273533
  20
341.972725
  0
VERTEX
  8
1
  10
3576.368406
  20
357.359825
  0
VERTEX
  8
1
  10
3576.464291
  20
372.746929
  0
VERTEX
  8
1
  10
3576.561226
  20
388.134026
  0
VERTEX
  8
1
  10
3576.605958
  20
395.177189
  0
VERTEX
  8
1
  10
3576.605835
  20
395.177193
  0
VERTEX
  8
1
  10
3576.660017
  20
403.639964
  0
VERTEX
  8
1
  10
3576.761477
  20
419.375962
  0
VERTEX
  8
1
  10
3576.861844
  20
434.763037
  0
VERTEX
  8
1
  10
3576.963300
  20
450.150113
  0
VERTEX
  8
1
  10
3577.065790
  20
465.537173
  0
VERTEX
  8
1
  10
3577.167408
  20
480.650290
  0
VERTEX
  8
1
  10
3577.268197
  20
495.528533
  0
VERTEX
  8
1
  10
3577.353821
  20
508.103180
  0
SEQEND
  8
11
  0
POINT
  8
2
 10
3575.990295
 20
295.179157
  0
TEXT
  8
2
 10
3575.990295
 20
295.179157
 40
0.000000
 50
0.000000
  1
# 241
  0
POINT
  8
2
 10
3577.353821
 20
508.103180
  0
TEXT
  8
2
 10
3577.353821
 20
508.103180
 40
0.000000
 50
0.000000
  1
# 242
  0
POINT
  8
3
 10
3576.086328
 20
311.161619
  0
POINT
  8
3
 10
3576.178568
 20
326.410939
  0
POINT
  8
3
 10
3576.273533
 20
341.972725
  0
POINT
  8
3
 10
3576.368406
 20
357.359825
  0
POINT
  8
3
 10
3576.464291
 20
372.746929
  0
POINT
  8
3
 10
3576.561226
 20
388.134026
  0
POINT
  8
3
 10
3576.605958
 20
395.177189
  0
POINT
  8
3
 10
3576.605835
 20
395.177193
  0
POINT
  8
3
 10
3576.660017
 20
403.639964
  0
POINT
  8
3
 10
3576.761477
 20
419.375962
  0
POINT
  8
3
 10
3576.861844
 20
434.763037
  0
POINT
  8
3
 10
3576.963300
 20
450.150113
  0
POINT
  8
3
 10
3577.065790
 20
465.537173
  0
POINT
  8
3
 10
3577.167408
 20
480.650290
  0
POINT
  8
3
 10
3577.268197
 20
495.528533
  0
POINT
  8
3
 10
3576.605958
 20
395.177189
  0
TEXT
  8
3
 10
3576.605958
 20
395.177189
 40
0.000000
 50
0.000000
  1
# 243
  0
POINT
  8
4
 10
3576.605835
 20
395.177193
 30
1.000000
 50
359.64
  0
TEXT
  8
4
 10
3576.605835
 20
395.177193
 40
0.000000
 50
0.000000
  1
# 244
  0
POLYLINE
  8
11
  66
1
  70
0
  0
VERTEX
  8
1
  10
3577.353821
  20
508.103180
  0
VERTEX
  8
1
  10
3583.823313
  20
510.841642
  0
VERTEX
  8
1
  10
3589.397541
  20
513.486301
  0
VERTEX
  8
1
  10
3594.047952
  20
515.940582
  0
VERTEX
  8
1
  10
3598.345236
  20
518.485928
  0
VERTEX
  8
1
  10
3598.919160
  20
518.847895
  0
VERTEX
  8
1
  10
3602.542758
  20
521.257222
  0
VERTEX
  8
1
  10
3606.758389
  20
524.339787
  0
VERTEX
  8
1
  10
3610.838839
  20
527.629086
  0
VERTEX
  8
1
  10
3614.808700
  20
531.140946
  0
VERTEX
  8
1
  10
3617.409635
  20
533.622429
  0
VERTEX
  8
1
  10
3618.711384
  20
534.921649
  0
VERTEX
  8
1
  10
3622.584482
  20
539.022268
  0
VERTEX
  8
1
  10
3626.469676
  20
543.501800
  0
VERTEX
  8
1
  10
3629.898001
  20
547.769270
  0
VERTEX
  8
1
  10
3630.368115
  20
548.377785
  0
VERTEX
  8
1
  10
3634.389775
  20
553.814538
  0
VERTEX
  8
1
  10
3635.704912
  20
555.681735
  0
VERTEX
  8
1
  10
3635.706482
  20
555.683784
  0
VERTEX
  8
1
  10
3638.559492
  20
559.882641
  0
VERTEX
  8
1
  10
3641.582640
  20
564.537012
  0
VERTEX
  8
1
  10
3643.281226
  20
567.230681
  0
VERTEX
  8
1
  10
3651.140064
  20
580.112727
  0
VERTEX
  8
1
  10
3652.388342
  20
582.173291
  0
VERTEX
  8
1
  10
3657.720996
  20
590.811359
  0
VERTEX
  8
1
  10
3662.552199
  20
598.231427
  0
VERTEX
  8
1
  10
3663.472557
  20
599.596840
  0
VERTEX
  8
1
  10
3667.790907
  20
605.822381
  0
VERTEX
  8
1
  10
3673.437810
  20
613.568545
  0
VERTEX
  8
1
  10
3675.425673
  20
616.202606
  0
VERTEX
  8
1
  10
3679.573421
  20
621.562801
  0
VERTEX
  8
1
  10
3686.283729
  20
629.894972
  0
VERTEX
  8
1
  10
3688.935269
  20
633.087832
  0
VERTEX
  8
1
  10
3688.936768
  20
633.089600
  0
VERTEX
  8
1
  10
3693.730997
  20
638.740689
  0
VERTEX
  8
1
  10
3701.617405
  20
647.750517
  0
VERTEX
  8
1
  10
3702.202021
  20
648.406371
  0
VERTEX
  8
1
  10
3712.302480
  20
659.554020
  0
VERTEX
  8
1
  10
3722.491730
  20
670.589922
  0
VERTEX
  8
1
  10
3732.814525
  20
681.604443
  0
VERTEX
  8
1
  10
3743.080150
  20
692.620692
  0
VERTEX
  8
1
  10
3752.419638
  20
702.998768
  0
VERTEX
  8
1
  10
3757.693787
  20
708.986435
  0
SEQEND
  8
11
  0
POINT
  8
2
 10
3577.353821
 20
508.103180
  0
TEXT
  8
2
 10
3577.353821
 20
508.103180
 40
0.000000
 50
0.000000
  1
# 245
  0
POINT
  8
2
 10
3757.693787
 20
708.986435
  0
TEXT
  8
2
 10
3757.693787
 20
708.986435
 40
0.000000
 50
0.000000
  1
# 246
  0
POINT
  8
3
 10
3583.823313
 20
510.841642
  0
POINT
  8
3
 10
3589.397541
 20
513.486301
  0
POINT
  8
3
 10
3594.047952
 20
515.940582
  0
POINT
  8
3
 10
3598.345236
 20
518.485928
  0
POINT
  8
3
 10
3598.919160
 20
518.847895
  0
POINT
  8
3
 10
3602.542758
 20
521.257222
  0
POINT
  8
3
 10
3606.758389
 20
524.339787
  0
POINT
  8
3
 10
3610.838839
 20
527.629086
  0
POINT
  8
3
 10
3614.808700
 20
531.140946
  0
POINT
  8
3
 10
3617.409635
 20
533.622429
  0
POINT
  8
3
 10
3618.711384
 20
534.921649
  0
POINT
  8
3
 10
3622.584482
 20
539.022268
  0
POINT
  8
3
 10
3626.469676
 20
543.501800
  0
POINT
  8
3
 10
3629.898001
 20
547.769270
  0
POINT
  8
3
 10
3630.368115
 20
548.377785
  0
POINT
  8
3
 10
3634.389775
 20
553.814538
  0
POINT
  8
3
 10
3635.704912
 20
555.681735
  0
POINT
  8
3
 10
3635.706482
 20
555.683784
  0
POINT
  8
3
 10
3638.559492
 20
559.882641
  0
POINT
  8
3
 10
3641.582640
 20
564.537012
  0
POINT
  8
3
 10
3643.281226
 20
567.230681
  0
POINT
  8
3
 10
3651.140064
 20
580.112727
  0
POINT
  8
3
 10
3652.388342
 20
582.173291
  0
POINT
  8
3
 10
3657.720996
 20
590.811359
  0
POINT
  8
3
 10
3662.552199
 20
598.231427
  0
POINT
  8
3
 10
3663.472557
 20
599.596840
  0
POINT
  8
3
 10
3667.790907
 20
605.822381
  0
POINT
  8
3
 10
3673.437810
 20
613.568545
  0
POINT
  8
3
 10
3675.425673
 20
616.202606
  0
POINT
  8
3
 10
3679.573421
 20
621.562801
  0
POINT
  8
3
 10
3686.283729
 20
629.894972
  0
POINT
  8
3
 10
3688.935269
 20
633.087832
  0
POINT
  8
3
 10
3688.936768
 20
633.089600
  0
POINT
  8
3
 10
3693.730997
 20
638.740689
  0
POINT
  8
3
 10
3701.617405
 20
647.750517
  0
POINT
  8
3
 10
3702.202021
 20
648.406371
  0
POINT
  8
3
 10
3712.302480
 20
659.554020
  0
POINT
  8
3
 10
3722.491730
 20
670.589922
  0
POINT
  8
3
 10
3732.814525
 20
681.604443
  0
POINT
  8
3
 10
3743.080150
 20
692.620692
  0
POINT
  8
3
 10
3752.419638
 20
702.998768
  0
POINT
  8
3
 10
3598.919160
 20
518.847895
  0
TEXT
  8
3
 10
3598.919160
 20
518.847895
 40
0.000000
 50
0.000000
  1
# 247
  0
POINT
  8
3
 10
3617.409635
 20
533.622429
  0
TEXT
  8
3
 10
3617.409635
 20
533.622429
 40
0.000000
 50
0.000000
  1
# 248
  0
POINT
  8
3
 10
3629.898001
 20
547.769270
  0
TEXT
  8
3
 10
3629.898001
 20
547.769270
 40
0.000000
 50
0.000000
  1
# 249
  0
POINT
  8
3
 10
3635.704912
 20
555.681735
  0
TEXT
  8
3
 10
3635.704912
 20
555.681735
 40
0.000000
 50
0.000000
  1
# 250
  0
POINT
  8
3
 10
3641.582640
 20
564.537012
  0
TEXT
  8
3
 10
3641.582640
 20
564.537012
 40
0.000000
 50
0.000000
  1
# 251
  0
POINT
  8
3
 10
3652.388342
 20
582.173291
  0
TEXT
  8
3
 10
3652.388342
 20
582.173291
 40
0.000000
 50
0.000000
  1
# 252
  0
POINT
  8
3
 10
3663.472557
 20
599.596840
  0
TEXT
  8
3
 10
3663.472557
 20
599.596840
 40
0.000000
 50
0.000000
  1
# 253
  0
POINT
  8
3
 10
3675.425673
 20
616.202606
  0
TEXT
  8
3
 10
3675.425673
 20
616.202606
 40
0.000000
 50
0.000000
  1
# 254
  0
POINT
  8
3
 10
3688.935269
 20
633.087832
  0
TEXT
  8
3
 10
3688.935269
 20
633.087832
 40
0.000000
 50
0.000000
  1
# 255
  0
POINT
  8
3
 10
3701.617405
 20
647.750517
  0
TEXT
  8
3
 10
3701.617405
 20
647.750517
 40
0.000000
 50
0.000000
  1
# 256
  0
POINT
  8
4
 10
3635.706482
 20
555.683784
 30
1.000000
 50
325.15
  0
TEXT
  8
4
 10
3635.706482
 20
555.683784
 40
0.000000
 50
0.000000
  1
# 257
  0
POINT
  8
4
 10
3688.936768
 20
633.089600
 30
1.000000
 50
320.07
  0
TEXT
  8
4
 10
3688.936768
 20
633.089600
 40
0.000000
 50
0.000000
  1
# 258
  0
POLYLINE
  8
11
  66
1
  70
0
  0
VERTEX
  8
1
  10
3757.693787
  20
708.986435
  0
VERTEX
  8
1
  10
3764.290199
  20
707.207176
  0
VERTEX
  8
1
  10
3769.004637
  20
706.187279
  0
VERTEX
  8
1
  10
3774.237652
  20
705.317068
  0
VERTEX
  8
1
  10
3780.592574
  20
704.528479
  0
VERTEX
  8
1
  10
3787.719833
  20
703.904718
  0
VERTEX
  8
1
  10
3795.950476
  20
703.446818
  0
VERTEX
  8
1
  10
3800.867360
  20
703.279155
  0
VERTEX
  8
1
  10
3805.624163
  20
703.176507
  0
VERTEX
  8
1
  10
3820.737027
  20
703.084553
  0
VERTEX
  8
1
  10
3835.735688
  20
702.989537
  0
VERTEX
  8
1
  10
3840.000000
  20
702.926178
  0
VERTEX
  8
1
  10
3840.000000
  20
702.926178
  0
SEQEND
  8
11
  0
POINT
  8
2
 10
3757.693787
 20
708.986435
  0
TEXT
  8
2
 10
3757.693787
 20
708.986435
 40
0.000000
 50
0.000000
  1
# 259
  0
POINT
  8
2
 10
3840.000000
 20
702.926178
  0
TEXT
  8
2
 10
3840.000000
 20
702.926178
 40
0.000000
 50
0.000000
  1
# 260
  0
POINT
  8
3
 10
3764.290199
 20
707.207176
  0
POINT
  8
3
 10
3769.004637
 20
706.187279
  0
POINT
  8
3
 10
3774.237652
 20
705.317068
  0
POINT
  8
3
 10
3780.592574
 20
704.528479
  0
POINT
  8
3
 10
3787.719833
 20
703.904718
  0
POINT
  8
3
 10
3795.950476
 20
703.446818
  0
POINT
  8
3
 10
3800.867360
 20
703.279155
  0
POINT
  8
3
 10
3805.624163
 20
703.176507
  0
POINT
  8
3
 10
3820.737027
 20
703.084553
  0
POINT
  8
3
 10
3835.735688
 20
702.989537
  0
POINT
  8
3
 10
3840.000000
 20
702.926178
  0
POINT
  8
3
 10
3800.867360
 20
703.279155
  0
TEXT
  8
3
 10
3800.867360
 20
703.279155
 40
0.000000
 50
0.000000
  1
# 261
  0
POINT
  8
4
 10
3840.000000
 20
702.926178
 30
1.000000
 50
270.09
  0
TEXT
  8
4
 10
3840.000000
 20
702.926178
 40
0.000000
 50
0.000000
  1
# 262
  0
POLYLINE
  8
11
  66
1
  70
0
  0
VERTEX
  8
1
  10
3840.000000
  20
702.926178
  0
VERTEX
  8
1
  10
3855.244745
  20
703.049202
  0
VERTEX
  8
1
  10
3870.366358
  20
703.132666
  0
VERTEX
  8
1
  10
3879.132992
  20
703.279187
  0
VERTEX
  8
1
  10
3880.859246
  20
703.330289
  0
VERTEX
  8
1
  10
3889.485652
  20
703.721278
  0
VERTEX
  8
1
  10
3897.035208
  20
704.293966
  0
VERTEX
  8
1
  10
3903.659581
  20
705.026403
  0
VERTEX
  8
1
  10
3909.367161
  20
705.890850
  0
VERTEX
  8
1
  10
3914.211144
  20
706.856764
  0
VERTEX
  8
1
  10
3919.525032
  20
708.194964
  0
VERTEX
  8
1
  10
3922.306213
  20
708.986435
  0
SEQEND
  8
11
  0
POINT
  8
2
 10
3840.000000
 20
702.926178
  0
TEXT
  8
2
 10
3840.000000
 20
702.926178
 40
0.000000
 50
0.000000
  1
# 263
  0
POINT
  8
2
 10
3922.306213
 20
708.986435
  0
TEXT
  8
2
 10
3922.306213
 20
708.986435
 40
0.000000
 50
0.000000
  1
# 264
  0
POINT
  8
3
 10
3855.244745
 20
703.049202
  0
POINT
  8
3
 10
3870.366358
 20
703.132666
  0
POINT
  8
3
 10
3879.132992
 20
703.279187
  0
POINT
  8
3
 10
3880.859246
 20
703.330289
  0
POINT
  8
3
 10
3889.485652
 20
703.721278
  0
POINT
  8
3
 10
3897.035208
 20
704.293966
  0
POINT
  8
3
 10
3903.659581
 20
705.026403
  0
POINT
  8
3
 10
3909.367161
 20
705.890850
  0
POINT
  8
3
 10
3914.211144
 20
706.856764
  0
POINT
  8
3
 10
3919.525032
 20
708.194964
  0
POINT
  8
3
 10
3879.132992
 20
703.279187
  0
TEXT
  8
3
 10
3879.132992
 20
703.279187
 40
0.000000
 50
0.000000
  1
# 265
  0
POLYLINE
  8
11
  66
1
  70
0
  0
VERTEX
  8
1
  10
3922.306213
  20
708.986435
  0
VERTEX
  8
1
  10
3932.402410
  20
697.604768
  0
VERTEX
  8
1
  10
3941.738220
  20
687.398988
  0
VERTEX
  8
1
  10
3952.094742
  20
676.358094
  0
VERTEX
  8
1
  10
3958.288269
  20
669.751740
  0
VERTEX
  8
1
  10
3958.288759
  20
669.751047
  0
VERTEX
  8
1
  10
3962.407080
  20
665.312354
  0
VERTEX
  8
1
  10
3972.594047
  20
654.184600
  0
VERTEX
  8
1
  10
3978.382545
  20
647.750597
  0
VERTEX
  8
1
  10
3982.010542
  20
643.645515
  0
VERTEX
  8
1
  10
3990.035530
  20
634.313544
  0
VERTEX
  8
1
  10
3991.063232
  20
633.089600
  0
VERTEX
  8
1
  10
3991.064665
  20
633.087811
  0
VERTEX
  8
1
  10
3997.091835
  20
625.751821
  0
VERTEX
  8
1
  10
4003.547273
  20
617.546553
  0
VERTEX
  8
1
  10
4004.574250
  20
616.202744
  0
VERTEX
  8
1
  10
4009.483489
  20
609.612581
  0
VERTEX
  8
1
  10
4014.926360
  20
601.938829
  0
VERTEX
  8
1
  10
4016.527482
  20
599.596899
  0
VERTEX
  8
1
  10
4019.902888
  20
594.511935
  0
VERTEX
  8
1
  10
4025.032076
  20
586.397140
  0
VERTEX
  8
1
  10
4027.611633
  20
582.173410
  0
VERTEX
  8
1
  10
4032.837334
  20
573.539100
  0
VERTEX
  8
1
  10
4038.417376
  20
564.537115
  0
VERTEX
  8
1
  10
4038.727498
  20
564.050939
  0
VERTEX
  8
1
  10
4043.172955
  20
557.309488
  0
VERTEX
  8
1
  10
4044.293213
  20
555.684242
  0
VERTEX
  8
1
  10
4044.295024
  20
555.681830
  0
VERTEX
  8
1
  10
4047.237057
  20
551.565388
  0
VERTEX
  8
1
  10
4050.101715
  20
547.769500
  0
VERTEX
  8
1
  10
4051.259236
  20
546.295282
  0
VERTEX
  8
1
  10
4055.186287
  20
541.546819
  0
VERTEX
  8
1
  10
4059.071937
  20
537.224882
  0
VERTEX
  8
1
  10
4062.590224
  20
533.622682
  0
VERTEX
  8
1
  10
4063.002545
  20
533.219288
  0
VERTEX
  8
1
  10
4067.014502
  20
529.488333
  0
VERTEX
  8
1
  10
4071.038433
  20
526.077115
  0
VERTEX
  8
1
  10
4075.149384
  20
522.906386
  0
VERTEX
  8
1
  10
4079.395988
  20
519.941311
  0
VERTEX
  8
1
  10
4081.080694
  20
518.848040
  0
VERTEX
  8
1
  10
4083.659909
  20
517.262026
  0
VERTEX
  8
1
  10
4088.043536
  20
514.804004
  0
VERTEX
  8
1
  10
4093.267741
  20
512.185420
  0
VERTEX
  8
1
  10
4098.786964
  20
509.694485
  0
VERTEX
  8
1
  10
4102.646179
  20
508.103180
  0
SEQEND
  8
11
  0
POINT
  8
2
 10
3922.306213
 20
708.986435
  0
TEXT
  8
2
 10
3922.306213
 20
708.986435
 40
0.000000
 50
0.000000
  1
# 266
  0
POINT
  8
2
 10
4102.646179
 20
508.103180
  0
TEXT
  8
2
 10
4102.646179
 20
508.103180
 40
0.000000
 50
0.000000
  1
# 267
  0
POINT
  8
3
 10
3932.402410
 20
697.604768
  0
POINT
  8
3
 10
3941.738220
 20
687.398988
  0
POINT
  8
3
 10
3952.094742
 20
676.358094
  0
POINT
  8
3
 10
3958.288269
 20
669.751740
  0
POINT
  8
3
 10
3958.288759
 20
669.751047
  0
POINT
  8
3
 10
3962.407080
 20
665.312354
  0
POINT
  8
3
 10
3972.594047
 20
654.184600
  0
POINT
  8
3
 10
3978.382545
 20
647.750597
  0
POINT
  8
3
 10
3982.010542
 20
643.645515
  0
POINT
  8
3
 10
3990.035530
 20
634.313544
  0
POINT
  8
3
 10
3991.063232
 20
633.089600
  0
POINT
  8
3
 10
3991.064665
 20
633.087811
  0
POINT
  8
3
 10
3997.091835
 20
625.751821
  0
POINT
  8
3
 10
4003.547273
 20
617.546553
  0
POINT
  8
3
 10
4004.574250
 20
616.202744
  0
POINT
  8
3
 10
4009.483489
 20
609.612581
  0
POINT
  8
3
 10
4014.926360
 20
601.938829
  0
POINT
  8
3
 10
4016.527482
 20
599.596899
  0
POINT
  8
3
 10
4019.902888
 20
594.511935
  0
POINT
  8
3
 10
4025.032076
 20
586.397140
  0
POINT
  8
3
 10
4027.611633
 20
582.173410
  0
POINT
  8
3
 10
4032.837334
 20
573.539100
  0
POINT
  8
3
 10
4038.417376
 20
564.537115
  0
POINT
  8
3
 10
4038.727498
 20
564.050939
  0
POINT
  8
3
 10
4043.172955
 20
557.309488
  0
POINT
  8
3
 10
4044.293213
 20
555.684242
  0
POINT
  8
3
 10
4044.295024
 20
555.681830
  0
POINT
  8
3
 10
4047.237057
 20
551.565388
  0
POINT
  8
3
 10
4050.101715
 20
547.769500
  0
POINT
  8
3
 10
4051.259236
 20
546.295282
  0
POINT
  8
3
 10
4055.186287
 20
541.546819
  0
POINT
  8
3
 10
4059.071937
 20
537.224882
  0
POINT
  8
3
 10
4062.590224
 20
533.622682
  0
POINT
  8
3
 10
4063.002545
 20
533.219288
  0
POINT
  8
3
 10
4067.014502
 20
529.488333
  0
POINT
  8
3
 10
4071.038433
 20
526.077115
  0
POINT
  8
3
 10
4075.149384
 20
522.906386
  0
POINT
  8
3
 10
4079.395988
 20
519.941311
  0
POINT
  8
3
 10
4081.080694
 20
518.848040
  0
POINT
  8
3
 10
4083.659909
 20
517.262026
  0
POINT
  8
3
 10
4088.043536
 20
514.804004
  0
POINT
  8
3
 10
4093.267741
 20
512.185420
  0
POINT
  8
3
 10
4098.786964
 20
509.694485
  0
POINT
  8
3
 10
3958.288759
 20
669.751047
  0
TEXT
  8
3
 10
3958.288759
 20
669.751047
 40
0.000000
 50
0.000000
  1
# 268
  0
POINT
  8
3
 10
3978.382545
 20
647.750597
  0
TEXT
  8
3
 10
3978.382545
 20
647.750597
 40
0.000000
 50
0.000000
  1
# 269
  0
POINT
  8
3
 10
3991.064665
 20
633.087811
  0
TEXT
  8
3
 10
3991.064665
 20
633.087811
 40
0.000000
 50
0.000000
  1
# 270
  0
POINT
  8
3
 10
4004.574250
 20
616.202744
  0
TEXT
  8
3
 10
4004.574250
 20
616.202744
 40
0.000000
 50
0.000000
  1
# 271
  0
POINT
  8
3
 10
4016.527482
 20
599.596899
  0
TEXT
  8
3
 10
4016.527482
 20
599.596899
 40
0.000000
 50
0.000000
  1
# 272
  0
POINT
  8
3
 10
4027.611633
 20
582.173410
  0
TEXT
  8
3
 10
4027.611633
 20
582.173410
 40
0.000000
 50
0.000000
  1
# 273
  0
POINT
  8
3
 10
4038.417376
 20
564.537115
  0
TEXT
  8
3
 10
4038.417376
 20
564.537115
 40
0.000000
 50
0.000000
  1
# 274
  0
POINT
  8
3
 10
4044.295024
 20
555.681830
  0
TEXT
  8
3
 10
4044.295024
 20
555.681830
 40
0.000000
 50
0.000000
  1
# 275
  0
POINT
  8
3
 10
4050.101715
 20
547.769500
  0
TEXT
  8
3
 10
4050.101715
 20
547.769500
 40
0.000000
 50
0.000000
  1
# 276
  0
POINT
  8
3
 10
4062.590224
 20
533.622682
  0
TEXT
  8
3
 10
4062.590224
 20
533.622682
 40
0.000000
 50
0.000000
  1
# 277
  0
POINT
  8
3
 10
4081.080694
 20
518.848040
  0
TEXT
  8
3
 10
4081.080694
 20
518.848040
 40
0.000000
 50
0.000000
  1
# 278
  0
POINT
  8
4
 10
3958.288269
 20
669.751740
 30
1.000000
 50
222.90
  0
TEXT
  8
4
 10
3958.288269
 20
669.751740
 40
0.000000
 50
0.000000
  1
# 279
  0
POINT
  8
4
 10
3991.063232
 20
633.089600
 30
1.000000
 50
219.93
  0
TEXT
  8
4
 10
3991.063232
 20
633.089600
 40
0.000000
 50
0.000000
  1
# 280
  0
POINT
  8
4
 10
4044.293213
 20
555.684242
 30
1.000000
 50
214.85
  0
TEXT
  8
4
 10
4044.293213
 20
555.684242
 40
0.000000
 50
0.000000
  1
# 281
  0
POLYLINE
  8
11
  66
1
  70
0
  0
VERTEX
  8
1
  10
4102.646179
  20
508.103180
  0
VERTEX
  8
1
  10
4102.752835
  20
492.419737
  0
VERTEX
  8
1
  10
4102.855108
  20
477.285677
  0
VERTEX
  8
1
  10
4102.956484
  20
462.185767
  0
VERTEX
  8
1
  10
4103.060263
  20
446.596265
  0
VERTEX
  8
1
  10
4103.160390
  20
431.396562
  0
VERTEX
  8
1
  10
4103.259390
  20
416.196843
  0
VERTEX
  8
1
  10
4103.357192
  20
400.997120
  0
VERTEX
  8
1
  10
4103.394165
  20
395.177345
  0
VERTEX
  8
1
  10
4103.394310
  20
395.176908
  0
VERTEX
  8
1
  10
4103.454509
  20
385.677276
  0
VERTEX
  8
1
  10
4103.549922
  20
370.477542
  0
VERTEX
  8
1
  10
4103.644371
  20
355.277790
  0
VERTEX
  8
1
  10
4103.738363
  20
340.022396
  0
VERTEX
  8
1
  10
4103.831233
  20
324.822635
  0
VERTEX
  8
1
  10
4103.923212
  20
309.622870
  0
VERTEX
  8
1
  10
4104.009705
  20
295.179157
  0
VERTEX
  8
1
  10
4104.009705
  20
295.179157
  0
SEQEND
  8
11
  0
POINT
  8
2
 10
4102.646179
 20
508.103180
  0
TEXT
  8
2
 10
4102.646179
 20
508.103180
 40
0.000000
 50
0.000000
  1
# 282
  0
POINT
  8
2
 10
4104.009705
 20
295.179157
  0
TEXT
  8
2
 10
4104.009705
 20
295.179157
 40
0.000000
 50
0.000000
  1
# 283
  0
POINT
  8
3
 10
4102.752835
 20
492.419737
  0
POINT
  8
3
 10
4102.855108
 20
477.285677
  0
POINT
  8
3
 10
4102.956484
 20
462.185767
  0
POINT
  8
3
 10
4103.060263
 20
446.596265
  0
POINT
  8
3
 10
4103.160390
 20
431.396562
  0
POINT
  8
3
 10
4103.259390
 20
416.196843
  0
POINT
  8
3
 10
4103.357192
 20
400.997120
  0
POINT
  8
3
 10
4103.394165
 20
395.177345
  0
POINT
  8
3
 10
4103.394310
 20
395.176908
  0
POINT
  8
3
 10
4103.454509
 20
385.677276
  0
POINT
  8
3
 10
4103.549922
 20
370.477542
  0
POINT
  8
3
 10
4103.644371
 20
355.277790
  0
POINT
  8
3
 10
4103.738363
 20
340.022396
  0
POINT
  8
3
 10
4103.831233
 20
324.822635
  0
POINT
  8
3
 10
4103.923212
 20
309.622870
  0
POINT
  8
3
 10
4104.009705
 20
295.179157
  0
POINT
  8
3
 10
4103.394310
 20
395.176908
  0
TEXT
  8
3
 10
4103.394310
 20
395.176908
 40
0.000000
 50
0.000000
  1
# 284
  0
POINT
  8
4
 10
4103.394165
 20
395.177345
 30
1.000000
 50
180.36
  0
TEXT
  8
4
 10
4103.394165
 20
395.177345
 40
0.000000
 50
0.000000
  1
# 285
  0
POINT
  8
4
 10
4104.009705
 20
295.179157
 30
1.000000
 50
180.38
  0
TEXT
  8
4
 10
4104.009705
 20
295.179157
 40
0.000000
 50
0.000000
  1
# 286
  0
POLYLINE
  8
11
  66
1
  70
0
  0
VERTEX
  8
1
  10
4104.009705
  20
295.179157
  0
VERTEX
  8
1
  10
4105.171509
  20
119.017315
  0
SEQEND
  8
11
  0
POINT
  8
2
 10
4104.009705
 20
295.179157
  0
TEXT
  8
2
 10
4104.009705
 20
295.179157
 40
0.000000
 50
0.000000
  1
# 287
  0
POINT
  8
2
 10
4105.171509
 20
119.017315
  0
TEXT
  8
2
 10
4105.171509
 20
119.017315
 40
0.000000
 50
0.000000
  1
# 288
  0
POLYLINE
  8
11
  66
1
  70
0
  0
VERTEX
  8
1
  10
4105.171509
  20
119.017315
  0
VERTEX
  8
1
  10
4089.529742
  20
118.229539
  0
VERTEX
  8
1
  10
4075.614975
  20
117.547840
  0
VERTEX
  8
1
  10
4074.464247
  20
117.492493
  0
VERTEX
  8
1
  10
4058.930936
  20
116.764353
  0
VERTEX
  8
1
  10
4043.719632
  20
116.088745
  0
VERTEX
  8
1
  10
4028.182593
  20
115.441947
  0
VERTEX
  8
1
  10
4012.643629
  20
114.844191
  0
VERTEX
  8
1
  10
3997.389643
  20
114.310321
  0
VERTEX
  8
1
  10
3981.846901
  20
113.823916
  0
VERTEX
  8
1
  10
3981.812104
  20
113.822895
  0
VERTEX
  8
1
  10
3966.843278
  20
113.411233
  0
VERTEX
  8
1
  10
3951.380241
  20
113.043423
  0
VERTEX
  8
1
  10
3935.832995
  20
112.729238
  0
VERTEX
  8
1
  10
3920.284782
  20
112.466873
  0
VERTEX
  8
1
  10
3904.847504
  20
112.253675
  0
VERTEX
  8
1
  10
3889.298073
  20
112.082142
  0
VERTEX
  8
1
  10
3873.748258
  20
111.949424
  0
VERTEX
  8
1
  10
3858.305061
  20
111.850652
  0
VERTEX
  8
1
  10
3843.275442
  20
111.776816
  0
VERTEX
  8
1
  10
3840.000000
  20
111.763411
  0
SEQEND
  8
11
  0
POINT
  8
2
 10
4105.171509
 20
119.017315
  0
TEXT
  8
2
 10
4105.171509
 20
119.017315
 40
0.000000
 50
0.000000
  1
# 289
  0
POINT
  8
2
 10
3840.000000
 20
111.763411
  0
TEXT
  8
2
 10
3840.000000
 20
111.763411
 40
0.000000
 50
0.000000
  1
# 290
  0
POINT
  8
3
 10
4089.529742
 20
118.229539
  0
POINT
  8
3
 10
4075.614975
 20
117.547840
  0
POINT
  8
3
 10
4074.464247
 20
117.492493
  0
POINT
  8
3
 10
4058.930936
 20
116.764353
  0
POINT
  8
3
 10
4043.719632
 20
116.088745
  0
POINT
  8
3
 10
4028.182593
 20
115.441947
  0
POINT
  8
3
 10
4012.643629
 20
114.844191
  0
POINT
  8
3
 10
3997.389643
 20
114.310321
  0
POINT
  8
3
 10
3981.846901
 20
113.823916
  0
POINT
  8
3
 10
3981.812104
 20
113.822895
  0
POINT
  8
3
 10
3966.843278
 20
113.411233
  0
POINT
  8
3
 10
3951.380241
 20
113.043423
  0
POINT
  8
3
 10
3935.832995
 20
112.729238
  0
POINT
  8
3
 10
3920.284782
 20
112.466873
  0
POINT
  8
3
 10
3904.847504
 20
112.253675
  0
POINT
  8
3
 10
3889.298073
 20
112.082142
  0
POINT
  8
3
 10
3873.748258
 20
111.949424
  0
POINT
  8
3
 10
3858.305061
 20
111.850652
  0
POINT
  8
3
 10
3843.275442
 20
111.776816
  0
POINT
  8
3
 10
4075.614975
 20
117.547840
  0
TEXT
  8
3
 10
4075.614975
 20
117.547840
 40
0.000000
 50
0.000000
  1
# 291
  0
POINT
  8
3
 10
3981.812104
 20
113.822895
  0
TEXT
  8
3
 10
3981.812104
 20
113.822895
 40
0.000000
 50
0.000000
  1
# 292
  0
POLYLINE
  8
11
  66
1
  70
0
  0
VERTEX
  8
1
  10
3840.000000
  20
702.926178
  0
VERTEX
  8
1
  10
3840.000000
  20
702.926178
  0
VERTEX
  8
1
  10
3840.000000
  20
111.763411
  0
SEQEND
  8
11
  0
POINT
  8
2
 10
3840.000000
 20
702.926178
  0
TEXT
  8
2
 10
3840.000000
 20
702.926178
 40
0.000000
 50
0.000000
  1
# 293
  0
POINT
  8
2
 10
3840.000000
 20
111.763411
  0
TEXT
  8
2
 10
3840.000000
 20
111.763411
 40
0.000000
 50
0.000000
  1
# 294
  0
POINT
  8
3
 10
3840.000000
 20
702.926178
  0
POINT
  8
4
 10
3840.000000
 20
702.926178
 30
1.000000
 50
270.00
  0
TEXT
  8
4
 10
3840.000000
 20
702.926178
 40
0.000000
 50
0.000000
  1
# 295
  0
POLYLINE
  8
11
  66
1
  70
0
  0
VERTEX
  8
1
  10
4102.646179
  20
497.740326
  0
VERTEX
  8
1
  10
3840.000000
  20
497.740326
  0
SEQEND
  8
11
  0
POINT
  8
2
 10
4102.646179
 20
497.740326
  0
TEXT
  8
2
 10
4102.646179
 20
497.740326
 40
0.000000
 50
0.000000
  1
# 296
  0
POINT
  8
2
 10
3840.000000
 20
497.740326
  0
TEXT
  8
2
 10
3840.000000
 20
497.740326
 40
0.000000
 50
0.000000
  1
# 297
  0
POLYLINE
  8
11
  66
1
  70
0
  0
VERTEX
  8
1
  10
3577.353821
  20
497.740326
  0
VERTEX
  8
1
  10
3840.000000
  20
497.740326
  0
SEQEND
  8
11
  0
POINT
  8
2
 10
3577.353821
 20
497.740326
  0
TEXT
  8
2
 10
3577.353821
 20
497.740326
 40
0.000000
 50
0.000000
  1
# 298
  0
POINT
  8
2
 10
3840.000000
 20
497.740326
  0
TEXT
  8
2
 10
3840.000000
 20
497.740326
 40
0.000000
 50
0.000000
  1
# 299
 0
LINE
 8
7
 10
3869.364014
 20
549.433784
 11
3869.364014
 21
268.822651
  0
TEXT
  8
1
 10
3840.000000
 20
399.999990
 40
10.000000
 50
0.000000
  1
Piece Name: C2490437.前身片.38
  0
TEXT
  8
1
 10
3840.000000
 20
414.999990
 40
10.000000
 50
0.000000
  1
Size: 38
  0
TEXT
  8
1
 10
3840.000000
 20
429.999990
 40
10.000000
 50
0.000000
  1
Annotation: 面布X1
  0
TEXT
  8
1
 10
3840.000000
 20
444.999990
 40
10.000000
 50
0.000000
  1
Quantity: 1
  0
TEXT
  8
1
 10
3840.000000
 20
459.999990
 40
10.000000
 50
0.000000
  1
Material: 面布
  0
TEXT
  8
1
 10
3840.000000
 20
459.999990
 40
10.000000
 50
0.000000
  1
Category: 1
0
ENDBLK
0
BLOCK
  8
1
  2
C2490437.袖口.38
 70
0
 10
0.0
 20
0.0
  0
POLYLINE
  8
1
  66
1
  70
1
  0
VERTEX
  8
1
  10
3049.989929
  20
78.823900
  0
VERTEX
  8
1
  10
3049.989929
  20
150.000000
  0
VERTEX
  8
1
  10
3049.989929
  20
166.126022
  0
VERTEX
  8
1
  10
3049.989929
  20
181.824493
  0
VERTEX
  8
1
  10
3049.989929
  20
197.265644
  0
VERTEX
  8
1
  10
3049.989929
  20
212.431278
  0
VERTEX
  8
1
  10
3049.989929
  20
221.176109
  0
VERTEX
  8
1
  10
3147.091064
  20
221.176109
  0
VERTEX
  8
1
  10
3224.393311
  20
221.176109
  0
VERTEX
  8
1
  10
3270.010071
  20
221.176109
  0
VERTEX
  8
1
  10
3270.010071
  20
205.378075
  0
VERTEX
  8
1
  10
3270.010071
  20
189.934788
  0
VERTEX
  8
1
  10
3270.010071
  20
174.240074
  0
VERTEX
  8
1
  10
3270.010071
  20
158.910885
  0
VERTEX
  8
1
  10
3270.010071
  20
150.000000
  0
VERTEX
  8
1
  10
3270.010071
  20
133.873978
  0
VERTEX
  8
1
  10
3270.010071
  20
118.175507
  0
VERTEX
  8
1
  10
3270.010071
  20
102.734346
  0
VERTEX
  8
1
  10
3270.010071
  20
87.568731
  0
VERTEX
  8
1
  10
3270.010071
  20
78.823900
  0
VERTEX
  8
1
  10
3049.989929
  20
78.823900
  0
SEQEND
  8
1
  0
POINT
  8
2
 10
3049.989929
 20
78.823900
  0
TEXT
  8
2
 10
3049.989929
 20
78.823900
 40
0.000000
 50
0.000000
  1
# 300
  0
POINT
  8
2
 10
3049.989929
 20
150.000000
  0
TEXT
  8
2
 10
3049.989929
 20
150.000000
 40
0.000000
 50
0.000000
  1
# 301
  0
POINT
  8
2
 10
3049.989929
 20
221.176109
  0
TEXT
  8
2
 10
3049.989929
 20
221.176109
 40
0.000000
 50
0.000000
  1
# 302
  0
POINT
  8
2
 10
3270.010071
 20
221.176109
  0
TEXT
  8
2
 10
3270.010071
 20
221.176109
 40
0.000000
 50
0.000000
  1
# 303
  0
POINT
  8
2
 10
3270.010071
 20
150.000000
  0
TEXT
  8
2
 10
3270.010071
 20
150.000000
 40
0.000000
 50
0.000000
  1
# 304
  0
POINT
  8
2
 10
3270.010071
 20
78.823900
  0
TEXT
  8
2
 10
3270.010071
 20
78.823900
 40
0.000000
 50
0.000000
  1
# 305
  0
POINT
  8
2
 10
3049.989929
 20
78.823900
  0
TEXT
  8
2
 10
3049.989929
 20
78.823900
 40
0.000000
 50
0.000000
  1
# 306
  0
POINT
  8
3
 10
3049.989929
 20
166.126022
  0
POINT
  8
3
 10
3049.989929
 20
181.824493
  0
POINT
  8
3
 10
3049.989929
 20
197.265644
  0
POINT
  8
3
 10
3049.989929
 20
212.431278
  0
POINT
  8
3
 10
3147.091064
 20
221.176109
  0
POINT
  8
3
 10
3224.393311
 20
221.176109
  0
POINT
  8
3
 10
3270.010071
 20
205.378075
  0
POINT
  8
3
 10
3270.010071
 20
189.934788
  0
POINT
  8
3
 10
3270.010071
 20
174.240074
  0
POINT
  8
3
 10
3270.010071
 20
158.910885
  0
POINT
  8
3
 10
3270.010071
 20
133.873978
  0
POINT
  8
3
 10
3270.010071
 20
118.175507
  0
POINT
  8
3
 10
3270.010071
 20
102.734346
  0
POINT
  8
3
 10
3270.010071
 20
87.568731
  0
POLYLINE
  8
8
  66
1
  70
1
  0
VERTEX
  8
8
  10
3049.989929
  20
78.823900
  0
VERTEX
  8
8
  10
3049.989929
  20
150.000000
  0
VERTEX
  8
8
  10
3049.989929
  20
166.126016
  0
VERTEX
  8
8
  10
3049.989929
  20
181.824486
  0
VERTEX
  8
8
  10
3049.989929
  20
197.265648
  0
VERTEX
  8
8
  10
3049.989929
  20
212.431286
  0
VERTEX
  8
8
  10
3049.989929
  20
221.176109
  0
VERTEX
  8
8
  10
3147.091064
  20
221.176109
  0
VERTEX
  8
8
  10
3147.091064
  20
221.176109
  0
VERTEX
  8
8
  10
3224.393311
  20
221.176109
  0
VERTEX
  8
8
  10
3224.393311
  20
221.176109
  0
VERTEX
  8
8
  10
3270.010071
  20
221.176109
  0
VERTEX
  8
8
  10
3270.010071
  20
205.378080
  0
VERTEX
  8
8
  10
3270.010071
  20
189.934794
  0
VERTEX
  8
8
  10
3270.010071
  20
174.240071
  0
VERTEX
  8
8
  10
3270.010071
  20
158.910888
  0
VERTEX
  8
8
  10
3270.010071
  20
150.000000
  0
VERTEX
  8
8
  10
3270.010071
  20
133.873978
  0
VERTEX
  8
8
  10
3270.010071
  20
118.175503
  0
VERTEX
  8
8
  10
3270.010071
  20
102.734340
  0
VERTEX
  8
8
  10
3270.010071
  20
87.568724
  0
VERTEX
  8
8
  10
3270.010071
  20
78.823900
  0
VERTEX
  8
8
  10
3049.989929
  20
78.823900
  0
SEQEND
  8
8
  0
POINT
  8
2
 10
3049.989929
 20
78.823900
  0
TEXT
  8
2
 10
3049.989929
 20
78.823900
 40
0.000000
 50
0.000000
  1
# 307
  0
POINT
  8
2
 10
3049.989929
 20
150.000000
  0
TEXT
  8
2
 10
3049.989929
 20
150.000000
 40
0.000000
 50
0.000000
  1
# 308
  0
POINT
  8
2
 10
3049.989929
 20
221.176109
  0
TEXT
  8
2
 10
3049.989929
 20
221.176109
 40
0.000000
 50
0.000000
  1
# 309
  0
POINT
  8
2
 10
3270.010071
 20
221.176109
  0
TEXT
  8
2
 10
3270.010071
 20
221.176109
 40
0.000000
 50
0.000000
  1
# 310
  0
POINT
  8
2
 10
3270.010071
 20
150.000000
  0
TEXT
  8
2
 10
3270.010071
 20
150.000000
 40
0.000000
 50
0.000000
  1
# 311
  0
POINT
  8
2
 10
3270.010071
 20
78.823900
  0
TEXT
  8
2
 10
3270.010071
 20
78.823900
 40
0.000000
 50
0.000000
  1
# 312
  0
POINT
  8
2
 10
3049.989929
 20
78.823900
  0
TEXT
  8
2
 10
3049.989929
 20
78.823900
 40
0.000000
 50
0.000000
  1
# 313
  0
POINT
  8
3
 10
3049.989929
 20
166.126016
  0
POINT
  8
3
 10
3049.989929
 20
181.824486
  0
POINT
  8
3
 10
3049.989929
 20
197.265648
  0
POINT
  8
3
 10
3049.989929
 20
212.431286
  0
POINT
  8
3
 10
3270.010071
 20
205.378080
  0
POINT
  8
3
 10
3270.010071
 20
189.934794
  0
POINT
  8
3
 10
3270.010071
 20
174.240071
  0
POINT
  8
3
 10
3270.010071
 20
158.910888
  0
POINT
  8
3
 10
3270.010071
 20
133.873978
  0
POINT
  8
3
 10
3270.010071
 20
118.175503
  0
POINT
  8
3
 10
3270.010071
 20
102.734340
  0
POINT
  8
3
 10
3270.010071
 20
87.568724
  0
POINT
  8
4
 10
3147.091064
 20
221.176109
 30
1.000000
 50
270.00
  0
TEXT
  8
4
 10
3147.091064
 20
221.176109
 40
0.000000
 50
0.000000
  1
# 314
  0
POINT
  8
4
 10
3224.393311
 20
221.176109
 30
1.000000
 50
270.00
  0
TEXT
  8
4
 10
3224.393311
 20
221.176109
 40
0.000000
 50
0.000000
  1
# 315
  0
POLYLINE
  8
11
  66
1
  70
0
  0
VERTEX
  8
1
  10
3058.989868
  20
87.823896
  0
VERTEX
  8
1
  10
3058.989868
  20
150.000000
  0
SEQEND
  8
11
  0
POINT
  8
2
 10
3058.989868
 20
87.823896
  0
TEXT
  8
2
 10
3058.989868
 20
87.823896
 40
0.000000
 50
0.000000
  1
# 316
  0
POINT
  8
2
 10
3058.989868
 20
150.000000
  0
TEXT
  8
2
 10
3058.989868
 20
150.000000
 40
0.000000
 50
0.000000
  1
# 317
  0
POLYLINE
  8
11
  66
1
  70
0
  0
VERTEX
  8
1
  10
3058.989868
  20
150.000000
  0
VERTEX
  8
1
  10
3058.989868
  20
165.765064
  0
VERTEX
  8
1
  10
3058.989868
  20
181.250774
  0
VERTEX
  8
1
  10
3058.989868
  20
196.834332
  0
VERTEX
  8
1
  10
3058.989868
  20
212.176094
  0
SEQEND
  8
11
  0
POINT
  8
2
 10
3058.989868
 20
150.000000
  0
TEXT
  8
2
 10
3058.989868
 20
150.000000
 40
0.000000
 50
0.000000
  1
# 318
  0
POINT
  8
2
 10
3058.989868
 20
212.176094
  0
TEXT
  8
2
 10
3058.989868
 20
212.176094
 40
0.000000
 50
0.000000
  1
# 319
  0
POINT
  8
3
 10
3058.989868
 20
165.765064
  0
POINT
  8
3
 10
3058.989868
 20
181.250774
  0
POINT
  8
3
 10
3058.989868
 20
196.834332
  0
POLYLINE
  8
11
  66
1
  70
0
  0
VERTEX
  8
1
  10
3058.989868
  20
212.176094
  0
VERTEX
  8
1
  10
3147.091064
  20
212.176094
  0
VERTEX
  8
1
  10
3147.091064
  20
212.176094
  0
VERTEX
  8
1
  10
3224.393311
  20
212.176094
  0
VERTEX
  8
1
  10
3224.393311
  20
212.176094
  0
VERTEX
  8
1
  10
3261.010132
  20
212.176094
  0
SEQEND
  8
11
  0
POINT
  8
2
 10
3058.989868
 20
212.176094
  0
TEXT
  8
2
 10
3058.989868
 20
212.176094
 40
0.000000
 50
0.000000
  1
# 320
  0
POINT
  8
2
 10
3261.010132
 20
212.176094
  0
TEXT
  8
2
 10
3261.010132
 20
212.176094
 40
0.000000
 50
0.000000
  1
# 321
  0
POINT
  8
4
 10
3147.091064
 20
212.176094
 30
1.000000
 50
270.00
  0
TEXT
  8
4
 10
3147.091064
 20
212.176094
 40
0.000000
 50
0.000000
  1
# 322
  0
POINT
  8
4
 10
3224.393311
 20
212.176094
 30
1.000000
 50
270.00
  0
TEXT
  8
4
 10
3224.393311
 20
212.176094
 40
0.000000
 50
0.000000
  1
# 323
  0
POLYLINE
  8
11
  66
1
  70
0
  0
VERTEX
  8
1
  10
3261.010132
  20
212.176094
  0
VERTEX
  8
1
  10
3261.010132
  20
196.454615
  0
VERTEX
  8
1
  10
3261.010132
  20
180.998033
  0
VERTEX
  8
1
  10
3261.010132
  20
165.428716
  0
VERTEX
  8
1
  10
3261.010132
  20
150.000000
  0
SEQEND
  8
11
  0
POINT
  8
2
 10
3261.010132
 20
212.176094
  0
TEXT
  8
2
 10
3261.010132
 20
212.176094
 40
0.000000
 50
0.000000
  1
# 324
  0
POINT
  8
2
 10
3261.010132
 20
150.000000
  0
TEXT
  8
2
 10
3261.010132
 20
150.000000
 40
0.000000
 50
0.000000
  1
# 325
  0
POINT
  8
3
 10
3261.010132
 20
196.454615
  0
POINT
  8
3
 10
3261.010132
 20
180.998033
  0
POINT
  8
3
 10
3261.010132
 20
165.428716
  0
POLYLINE
  8
11
  66
1
  70
0
  0
VERTEX
  8
1
  10
3261.010132
  20
150.000000
  0
VERTEX
  8
1
  10
3261.010132
  20
134.234933
  0
VERTEX
  8
1
  10
3261.010132
  20
118.749220
  0
VERTEX
  8
1
  10
3261.010132
  20
103.165660
  0
VERTEX
  8
1
  10
3261.010132
  20
87.823896
  0
SEQEND
  8
11
  0
POINT
  8
2
 10
3261.010132
 20
150.000000
  0
TEXT
  8
2
 10
3261.010132
 20
150.000000
 40
0.000000
 50
0.000000
  1
# 326
  0
POINT
  8
2
 10
3261.010132
 20
87.823896
  0
TEXT
  8
2
 10
3261.010132
 20
87.823896
 40
0.000000
 50
0.000000
  1
# 327
  0
POINT
  8
3
 10
3261.010132
 20
134.234933
  0
POINT
  8
3
 10
3261.010132
 20
118.749220
  0
POINT
  8
3
 10
3261.010132
 20
103.165660
  0
POLYLINE
  8
11
  66
1
  70
0
  0
VERTEX
  8
1
  10
3261.010132
  20
87.823896
  0
VERTEX
  8
1
  10
3058.989868
  20
87.823896
  0
SEQEND
  8
11
  0
POINT
  8
2
 10
3261.010132
 20
87.823896
  0
TEXT
  8
2
 10
3261.010132
 20
87.823896
 40
0.000000
 50
0.000000
  1
# 328
  0
POINT
  8
2
 10
3058.989868
 20
87.823896
  0
TEXT
  8
2
 10
3058.989868
 20
87.823896
 40
0.000000
 50
0.000000
  1
# 329
  0
POLYLINE
  8
11
  66
1
  70
0
  0
VERTEX
  8
1
  10
3058.989868
  20
87.823896
  0
VERTEX
  8
1
  10
3058.989868
  20
103.545399
  0
VERTEX
  8
1
  10
3058.989868
  20
119.001995
  0
VERTEX
  8
1
  10
3058.989868
  20
134.571319
  0
VERTEX
  8
1
  10
3058.989868
  20
150.000000
  0
SEQEND
  8
11
  0
POINT
  8
2
 10
3058.989868
 20
87.823896
  0
TEXT
  8
2
 10
3058.989868
 20
87.823896
 40
0.000000
 50
0.000000
  1
# 330
  0
POINT
  8
2
 10
3058.989868
 20
150.000000
  0
TEXT
  8
2
 10
3058.989868
 20
150.000000
 40
0.000000
 50
0.000000
  1
# 331
  0
POINT
  8
3
 10
3058.989868
 20
103.545399
  0
POINT
  8
3
 10
3058.989868
 20
119.001995
  0
POINT
  8
3
 10
3058.989868
 20
134.571319
  0
POLYLINE
  8
11
  66
1
  70
0
  0
VERTEX
  8
1
  10
3058.989868
  20
150.000000
  0
VERTEX
  8
1
  10
3261.010132
  20
150.000000
  0
SEQEND
  8
11
  0
POINT
  8
2
 10
3058.989868
 20
150.000000
  0
TEXT
  8
2
 10
3058.989868
 20
150.000000
 40
0.000000
 50
0.000000
  1
# 332
  0
POINT
  8
2
 10
3261.010132
 20
150.000000
  0
TEXT
  8
2
 10
3261.010132
 20
150.000000
 40
0.000000
 50
0.000000
  1
# 333
  0
POLYLINE
  8
11
  66
1
  70
0
  0
VERTEX
  8
1
  10
3058.989868
  20
150.000000
  0
VERTEX
  8
1
  10
3058.989868
  20
212.176094
  0
SEQEND
  8
11
  0
POINT
  8
2
 10
3058.989868
 20
150.000000
  0
TEXT
  8
2
 10
3058.989868
 20
150.000000
 40
0.000000
 50
0.000000
  1
# 334
  0
POINT
  8
2
 10
3058.989868
 20
212.176094
  0
TEXT
  8
2
 10
3058.989868
 20
212.176094
 40
0.000000
 50
0.000000
  1
# 335
 0
LINE
 8
7
 10
3154.949341
 20
192.486992
 11
3154.949341
 21
117.875700
  0
TEXT
  8
1
 10
3160.000000
 20
150.000005
 40
10.000000
 50
0.000000
  1
Piece Name: C2490437.袖口.38
  0
TEXT
  8
1
 10
3160.000000
 20
165.000005
 40
10.000000
 50
0.000000
  1
Size: 38
  0
TEXT
  8
1
 10
3160.000000
 20
180.000005
 40
10.000000
 50
0.000000
  1
Annotation: 面布X2
  0
TEXT
  8
1
 10
3160.000000
 20
195.000005
 40
10.000000
 50
0.000000
  1
Quantity: 1
  0
TEXT
  8
1
 10
3160.000000
 20
210.000005
 40
10.000000
 50
0.000000
  1
Material: 面布
  0
TEXT
  8
1
 10
3160.000000
 20
210.000005
 40
10.000000
 50
0.000000
  1
Category: 2
0
ENDBLK
0
BLOCK
  8
1
  2
C2490437.后领.38
 70
0
 10
0.0
 20
0.0
  0
POLYLINE
  8
1
  66
1
  70
1
  0
VERTEX
  8
1
  10
2716.744690
  20
70.549316
  0
VERTEX
  8
1
  10
2701.102600
  20
70.549316
  0
VERTEX
  8
1
  10
2685.891113
  20
70.549316
  0
VERTEX
  8
1
  10
2670.718994
  20
70.549316
  0
VERTEX
  8
1
  10
2667.497631
  20
70.549316
  0
VERTEX
  8
1
  10
2655.365295
  20
70.549316
  0
VERTEX
  8
1
  10
2644.714661
  20
70.549316
  0
VERTEX
  8
1
  10
2654.324646
  20
120.000000
  0
VERTEX
  8
1
  10
2644.714661
  20
169.450684
  0
VERTEX
  8
1
  10
2660.497742
  20
169.450684
  0
VERTEX
  8
1
  10
2675.682373
  20
169.450684
  0
VERTEX
  8
1
  10
2686.090340
  20
169.450684
  0
VERTEX
  8
1
  10
2691.148376
  20
169.450684
  0
VERTEX
  8
1
  10
2706.286316
  20
169.450684
  0
VERTEX
  8
1
  10
2716.744690
  20
169.450684
  0
VERTEX
  8
1
  10
2733.143005
  20
169.450684
  0
VERTEX
  8
1
  10
2748.409119
  20
169.450684
  0
VERTEX
  8
1
  10
2763.794556
  20
169.450684
  0
VERTEX
  8
1
  10
2779.144897
  20
169.450684
  0
VERTEX
  8
1
  10
2790.000000
  20
169.450684
  0
VERTEX
  8
1
  10
2805.874634
  20
169.450684
  0
VERTEX
  8
1
  10
2820.994568
  20
169.450684
  0
VERTEX
  8
1
  10
2836.403809
  20
169.450684
  0
VERTEX
  8
1
  10
2851.299744
  20
169.450684
  0
VERTEX
  8
1
  10
2863.255615
  20
169.450684
  0
VERTEX
  8
1
  10
2879.445190
  20
169.450684
  0
VERTEX
  8
1
  10
2895.246582
  20
169.450684
  0
VERTEX
  8
1
  10
2910.832825
  20
169.450684
  0
VERTEX
  8
1
  10
2926.206665
  20
169.450684
  0
VERTEX
  8
1
  10
2935.285339
  20
169.450684
  0
VERTEX
  8
1
  10
2925.675049
  20
120.000000
  0
VERTEX
  8
1
  10
2935.285339
  20
70.549316
  0
VERTEX
  8
1
  10
2919.263000
  20
70.549316
  0
VERTEX
  8
1
  10
2912.502293
  20
70.549316
  0
VERTEX
  8
1
  10
2904.193726
  20
70.549316
  0
VERTEX
  8
1
  10
2888.922119
  20
70.549316
  0
VERTEX
  8
1
  10
2873.741150
  20
70.549316
  0
VERTEX
  8
1
  10
2863.255615
  20
70.549316
  0
VERTEX
  8
1
  10
2847.196655
  20
70.549316
  0
VERTEX
  8
1
  10
2831.924133
  20
70.549316
  0
VERTEX
  8
1
  10
2816.109619
  20
70.549316
  0
VERTEX
  8
1
  10
2800.879822
  20
70.549316
  0
VERTEX
  8
1
  10
2790.000000
  20
70.549316
  0
VERTEX
  8
1
  10
2773.772278
  20
70.549316
  0
VERTEX
  8
1
  10
2758.390808
  20
70.549316
  0
VERTEX
  8
1
  10
2742.521362
  20
70.549316
  0
VERTEX
  8
1
  10
2727.514038
  20
70.549316
  0
VERTEX
  8
1
  10
2716.744690
  20
70.549316
  0
SEQEND
  8
1
  0
POINT
  8
2
 10
2716.744690
 20
70.549316
  0
TEXT
  8
2
 10
2716.744690
 20
70.549316
 40
0.000000
 50
0.000000
  1
# 336
  0
POINT
  8
2
 10
2644.714661
 20
70.549316
  0
TEXT
  8
2
 10
2644.714661
 20
70.549316
 40
0.000000
 50
0.000000
  1
# 337
  0
POINT
  8
2
 10
2654.324646
 20
120.000000
  0
TEXT
  8
2
 10
2654.324646
 20
120.000000
 40
0.000000
 50
0.000000
  1
# 338
  0
POINT
  8
2
 10
2644.714661
 20
169.450684
  0
TEXT
  8
2
 10
2644.714661
 20
169.450684
 40
0.000000
 50
0.000000
  1
# 339
  0
POINT
  8
2
 10
2716.744690
 20
169.450684
  0
TEXT
  8
2
 10
2716.744690
 20
169.450684
 40
0.000000
 50
0.000000
  1
# 340
  0
POINT
  8
2
 10
2790.000000
 20
169.450684
  0
TEXT
  8
2
 10
2790.000000
 20
169.450684
 40
0.000000
 50
0.000000
  1
# 341
  0
POINT
  8
2
 10
2863.255615
 20
169.450684
  0
TEXT
  8
2
 10
2863.255615
 20
169.450684
 40
0.000000
 50
0.000000
  1
# 342
  0
POINT
  8
2
 10
2935.285339
 20
169.450684
  0
TEXT
  8
2
 10
2935.285339
 20
169.450684
 40
0.000000
 50
0.000000
  1
# 343
  0
POINT
  8
2
 10
2925.675049
 20
120.000000
  0
TEXT
  8
2
 10
2925.675049
 20
120.000000
 40
0.000000
 50
0.000000
  1
# 344
  0
POINT
  8
2
 10
2935.285339
 20
70.549316
  0
TEXT
  8
2
 10
2935.285339
 20
70.549316
 40
0.000000
 50
0.000000
  1
# 345
  0
POINT
  8
2
 10
2863.255615
 20
70.549316
  0
TEXT
  8
2
 10
2863.255615
 20
70.549316
 40
0.000000
 50
0.000000
  1
# 346
  0
POINT
  8
2
 10
2790.000000
 20
70.549316
  0
TEXT
  8
2
 10
2790.000000
 20
70.549316
 40
0.000000
 50
0.000000
  1
# 347
  0
POINT
  8
2
 10
2716.744690
 20
70.549316
  0
TEXT
  8
2
 10
2716.744690
 20
70.549316
 40
0.000000
 50
0.000000
  1
# 348
  0
POINT
  8
3
 10
2701.102600
 20
70.549316
  0
POINT
  8
3
 10
2685.891113
 20
70.549316
  0
POINT
  8
3
 10
2670.718994
 20
70.549316
  0
POINT
  8
3
 10
2667.497631
 20
70.549316
  0
POINT
  8
3
 10
2655.365295
 20
70.549316
  0
POINT
  8
3
 10
2660.497742
 20
169.450684
  0
POINT
  8
3
 10
2675.682373
 20
169.450684
  0
POINT
  8
3
 10
2686.090340
 20
169.450684
  0
POINT
  8
3
 10
2691.148376
 20
169.450684
  0
POINT
  8
3
 10
2706.286316
 20
169.450684
  0
POINT
  8
3
 10
2733.143005
 20
169.450684
  0
POINT
  8
3
 10
2748.409119
 20
169.450684
  0
POINT
  8
3
 10
2763.794556
 20
169.450684
  0
POINT
  8
3
 10
2779.144897
 20
169.450684
  0
POINT
  8
3
 10
2805.874634
 20
169.450684
  0
POINT
  8
3
 10
2820.994568
 20
169.450684
  0
POINT
  8
3
 10
2836.403809
 20
169.450684
  0
POINT
  8
3
 10
2851.299744
 20
169.450684
  0
POINT
  8
3
 10
2879.445190
 20
169.450684
  0
POINT
  8
3
 10
2895.246582
 20
169.450684
  0
POINT
  8
3
 10
2910.832825
 20
169.450684
  0
POINT
  8
3
 10
2926.206665
 20
169.450684
  0
POINT
  8
3
 10
2919.263000
 20
70.549316
  0
POINT
  8
3
 10
2912.502293
 20
70.549316
  0
POINT
  8
3
 10
2904.193726
 20
70.549316
  0
POINT
  8
3
 10
2888.922119
 20
70.549316
  0
POINT
  8
3
 10
2873.741150
 20
70.549316
  0
POINT
  8
3
 10
2847.196655
 20
70.549316
  0
POINT
  8
3
 10
2831.924133
 20
70.549316
  0
POINT
  8
3
 10
2816.109619
 20
70.549316
  0
POINT
  8
3
 10
2800.879822
 20
70.549316
  0
POINT
  8
3
 10
2773.772278
 20
70.549316
  0
POINT
  8
3
 10
2758.390808
 20
70.549316
  0
POINT
  8
3
 10
2742.521362
 20
70.549316
  0
POINT
  8
3
 10
2727.514038
 20
70.549316
  0
POINT
  8
3
 10
2667.497631
 20
70.549316
  0
TEXT
  8
3
 10
2667.497631
 20
70.549316
 40
0.000000
 50
0.000000
  1
# 349
  0
POINT
  8
3
 10
2686.090340
 20
169.450684
  0
TEXT
  8
3
 10
2686.090340
 20
169.450684
 40
0.000000
 50
0.000000
  1
# 350
  0
POINT
  8
3
 10
2912.502293
 20
70.549316
  0
TEXT
  8
3
 10
2912.502293
 20
70.549316
 40
0.000000
 50
0.000000
  1
# 351
  0
POLYLINE
  8
8
  66
1
  70
1
  0
VERTEX
  8
8
  10
2716.744690
  20
70.549316
  0
VERTEX
  8
8
  10
2716.744690
  20
70.549316
  0
VERTEX
  8
8
  10
2701.102824
  20
70.549316
  0
VERTEX
  8
8
  10
2685.891074
  20
70.549316
  0
VERTEX
  8
8
  10
2670.719194
  20
70.549316
  0
VERTEX
  8
8
  10
2667.497631
  20
70.549316
  0
VERTEX
  8
8
  10
2667.497864
  20
70.549316
  0
VERTEX
  8
8
  10
2655.365425
  20
70.549316
  0
VERTEX
  8
8
  10
2644.714661
  20
70.549316
  0
VERTEX
  8
8
  10
2654.324646
  20
120.000000
  0
VERTEX
  8
8
  10
2644.714661
  20
169.450684
  0
VERTEX
  8
8
  10
2660.497867
  20
169.450684
  0
VERTEX
  8
8
  10
2675.682464
  20
169.450684
  0
VERTEX
  8
8
  10
2686.090340
  20
169.450684
  0
VERTEX
  8
8
  10
2686.091309
  20
169.450684
  0
VERTEX
  8
8
  10
2691.148375
  20
169.450684
  0
VERTEX
  8
8
  10
2706.286402
  20
169.450684
  0
VERTEX
  8
8
  10
2716.744690
  20
169.450684
  0
VERTEX
  8
8
  10
2733.143174
  20
169.450684
  0
VERTEX
  8
8
  10
2748.409270
  20
169.450684
  0
VERTEX
  8
8
  10
2763.794550
  20
169.450684
  0
VERTEX
  8
8
  10
2779.144952
  20
169.450684
  0
VERTEX
  8
8
  10
2790.000000
  20
169.450684
  0
VERTEX
  8
8
  10
2805.874751
  20
169.450684
  0
VERTEX
  8
8
  10
2820.994647
  20
169.450684
  0
VERTEX
  8
8
  10
2836.403862
  20
169.450684
  0
VERTEX
  8
8
  10
2851.299738
  20
169.450684
  0
VERTEX
  8
8
  10
2863.255615
  20
169.450684
  0
VERTEX
  8
8
  10
2879.445341
  20
169.450684
  0
VERTEX
  8
8
  10
2895.246736
  20
169.450684
  0
VERTEX
  8
8
  10
2910.832775
  20
169.450684
  0
VERTEX
  8
8
  10
2926.206813
  20
169.450684
  0
VERTEX
  8
8
  10
2935.285339
  20
169.450684
  0
VERTEX
  8
8
  10
2925.675049
  20
120.000000
  0
VERTEX
  8
8
  10
2935.285339
  20
70.549316
  0
VERTEX
  8
8
  10
2919.263063
  20
70.549316
  0
VERTEX
  8
8
  10
2912.502747
  20
70.549316
  0
VERTEX
  8
8
  10
2912.502293
  20
70.549316
  0
VERTEX
  8
8
  10
2904.193695
  20
70.549316
  0
VERTEX
  8
8
  10
2888.921978
  20
70.549316
  0
VERTEX
  8
8
  10
2873.740978
  20
70.549316
  0
VERTEX
  8
8
  10
2863.255615
  20
70.549316
  0
VERTEX
  8
8
  10
2863.255615
  20
70.549316
  0
VERTEX
  8
8
  10
2847.196741
  20
70.549316
  0
VERTEX
  8
8
  10
2831.924144
  20
70.549316
  0
VERTEX
  8
8
  10
2816.109806
  20
70.549316
  0
VERTEX
  8
8
  10
2800.879768
  20
70.549316
  0
VERTEX
  8
8
  10
2790.000000
  20
70.549316
  0
VERTEX
  8
8
  10
2790.000000
  20
70.549316
  0
VERTEX
  8
8
  10
2773.772363
  20
70.549316
  0
VERTEX
  8
8
  10
2758.390691
  20
70.549316
  0
VERTEX
  8
8
  10
2742.521199
  20
70.549316
  0
VERTEX
  8
8
  10
2727.514150
  20
70.549316
  0
VERTEX
  8
8
  10
2716.744690
  20
70.549316
  0
SEQEND
  8
8
  0
POINT
  8
2
 10
2716.744690
 20
70.549316
  0
TEXT
  8
2
 10
2716.744690
 20
70.549316
 40
0.000000
 50
0.000000
  1
# 352
  0
POINT
  8
2
 10
2644.714661
 20
70.549316
  0
TEXT
  8
2
 10
2644.714661
 20
70.549316
 40
0.000000
 50
0.000000
  1
# 353
  0
POINT
  8
2
 10
2654.324646
 20
120.000000
  0
TEXT
  8
2
 10
2654.324646
 20
120.000000
 40
0.000000
 50
0.000000
  1
# 354
  0
POINT
  8
2
 10
2644.714661
 20
169.450684
  0
TEXT
  8
2
 10
2644.714661
 20
169.450684
 40
0.000000
 50
0.000000
  1
# 355
  0
POINT
  8
2
 10
2716.744690
 20
169.450684
  0
TEXT
  8
2
 10
2716.744690
 20
169.450684
 40
0.000000
 50
0.000000
  1
# 356
  0
POINT
  8
2
 10
2790.000000
 20
169.450684
  0
TEXT
  8
2
 10
2790.000000
 20
169.450684
 40
0.000000
 50
0.000000
  1
# 357
  0
POINT
  8
2
 10
2863.255615
 20
169.450684
  0
TEXT
  8
2
 10
2863.255615
 20
169.450684
 40
0.000000
 50
0.000000
  1
# 358
  0
POINT
  8
2
 10
2935.285339
 20
169.450684
  0
TEXT
  8
2
 10
2935.285339
 20
169.450684
 40
0.000000
 50
0.000000
  1
# 359
  0
POINT
  8
2
 10
2925.675049
 20
120.000000
  0
TEXT
  8
2
 10
2925.675049
 20
120.000000
 40
0.000000
 50
0.000000
  1
# 360
  0
POINT
  8
2
 10
2935.285339
 20
70.549316
  0
TEXT
  8
2
 10
2935.285339
 20
70.549316
 40
0.000000
 50
0.000000
  1
# 361
  0
POINT
  8
2
 10
2863.255615
 20
70.549316
  0
TEXT
  8
2
 10
2863.255615
 20
70.549316
 40
0.000000
 50
0.000000
  1
# 362
  0
POINT
  8
2
 10
2790.000000
 20
70.549316
  0
TEXT
  8
2
 10
2790.000000
 20
70.549316
 40
0.000000
 50
0.000000
  1
# 363
  0
POINT
  8
2
 10
2716.744690
 20
70.549316
  0
TEXT
  8
2
 10
2716.744690
 20
70.549316
 40
0.000000
 50
0.000000
  1
# 364
  0
POINT
  8
3
 10
2716.744690
 20
70.549316
  0
POINT
  8
3
 10
2701.102824
 20
70.549316
  0
POINT
  8
3
 10
2685.891074
 20
70.549316
  0
POINT
  8
3
 10
2670.719194
 20
70.549316
  0
POINT
  8
3
 10
2667.497631
 20
70.549316
  0
POINT
  8
3
 10
2667.497864
 20
70.549316
  0
POINT
  8
3
 10
2655.365425
 20
70.549316
  0
POINT
  8
3
 10
2660.497867
 20
169.450684
  0
POINT
  8
3
 10
2675.682464
 20
169.450684
  0
POINT
  8
3
 10
2686.090340
 20
169.450684
  0
POINT
  8
3
 10
2686.091309
 20
169.450684
  0
POINT
  8
3
 10
2691.148375
 20
169.450684
  0
POINT
  8
3
 10
2706.286402
 20
169.450684
  0
POINT
  8
3
 10
2733.143174
 20
169.450684
  0
POINT
  8
3
 10
2748.409270
 20
169.450684
  0
POINT
  8
3
 10
2763.794550
 20
169.450684
  0
POINT
  8
3
 10
2779.144952
 20
169.450684
  0
POINT
  8
3
 10
2805.874751
 20
169.450684
  0
POINT
  8
3
 10
2820.994647
 20
169.450684
  0
POINT
  8
3
 10
2836.403862
 20
169.450684
  0
POINT
  8
3
 10
2851.299738
 20
169.450684
  0
POINT
  8
3
 10
2879.445341
 20
169.450684
  0
POINT
  8
3
 10
2895.246736
 20
169.450684
  0
POINT
  8
3
 10
2910.832775
 20
169.450684
  0
POINT
  8
3
 10
2926.206813
 20
169.450684
  0
POINT
  8
3
 10
2919.263063
 20
70.549316
  0
POINT
  8
3
 10
2912.502747
 20
70.549316
  0
POINT
  8
3
 10
2912.502293
 20
70.549316
  0
POINT
  8
3
 10
2904.193695
 20
70.549316
  0
POINT
  8
3
 10
2888.921978
 20
70.549316
  0
POINT
  8
3
 10
2873.740978
 20
70.549316
  0
POINT
  8
3
 10
2863.255615
 20
70.549316
  0
POINT
  8
3
 10
2847.196741
 20
70.549316
  0
POINT
  8
3
 10
2831.924144
 20
70.549316
  0
POINT
  8
3
 10
2816.109806
 20
70.549316
  0
POINT
  8
3
 10
2800.879768
 20
70.549316
  0
POINT
  8
3
 10
2790.000000
 20
70.549316
  0
POINT
  8
3
 10
2773.772363
 20
70.549316
  0
POINT
  8
3
 10
2758.390691
 20
70.549316
  0
POINT
  8
3
 10
2742.521199
 20
70.549316
  0
POINT
  8
3
 10
2727.514150
 20
70.549316
  0
POINT
  8
3
 10
2667.497631
 20
70.549316
  0
TEXT
  8
3
 10
2667.497631
 20
70.549316
 40
0.000000
 50
0.000000
  1
# 365
  0
POINT
  8
3
 10
2686.090340
 20
169.450684
  0
TEXT
  8
3
 10
2686.090340
 20
169.450684
 40
0.000000
 50
0.000000
  1
# 366
  0
POINT
  8
3
 10
2912.502293
 20
70.549316
  0
TEXT
  8
3
 10
2912.502293
 20
70.549316
 40
0.000000
 50
0.000000
  1
# 367
  0
POINT
  8
4
 10
2716.744690
 20
70.549316
 30
1.000000
 50
 90.00
  0
TEXT
  8
4
 10
2716.744690
 20
70.549316
 40
0.000000
 50
0.000000
  1
# 368
  0
POINT
  8
4
 10
2667.497864
 20
70.549316
 30
1.000000
 50
 90.00
  0
TEXT
  8
4
 10
2667.497864
 20
70.549316
 40
0.000000
 50
0.000000
  1
# 369
  0
POINT
  8
4
 10
2686.091309
 20
169.450684
 30
1.000000
 50
270.00
  0
TEXT
  8
4
 10
2686.091309
 20
169.450684
 40
0.000000
 50
0.000000
  1
# 370
  0
POINT
  8
4
 10
2912.502747
 20
70.549316
 30
1.000000
 50
 90.00
  0
TEXT
  8
4
 10
2912.502747
 20
70.549316
 40
0.000000
 50
0.000000
  1
# 371
  0
POINT
  8
4
 10
2863.255615
 20
70.549316
 30
1.000000
 50
 90.00
  0
TEXT
  8
4
 10
2863.255615
 20
70.549316
 40
0.000000
 50
0.000000
  1
# 372
  0
POINT
  8
4
 10
2790.000000
 20
70.549316
 30
1.000000
 50
 90.00
  0
TEXT
  8
4
 10
2790.000000
 20
70.549316
 40
0.000000
 50
0.000000
  1
# 373
  0
POLYLINE
  8
11
  66
1
  70
0
  0
VERTEX
  8
1
  10
2716.744690
  20
78.549318
  0
VERTEX
  8
1
  10
2716.744690
  20
78.549318
  0
VERTEX
  8
1
  10
2701.059700
  20
78.549318
  0
VERTEX
  8
1
  10
2685.693282
  20
78.549318
  0
VERTEX
  8
1
  10
2670.491507
  20
78.549318
  0
VERTEX
  8
1
  10
2667.497719
  20
78.549318
  0
VERTEX
  8
1
  10
2667.497559
  20
78.549318
  0
VERTEX
  8
1
  10
2655.437622
  20
78.549318
  0
SEQEND
  8
11
  0
POINT
  8
2
 10
2716.744690
 20
78.549318
  0
TEXT
  8
2
 10
2716.744690
 20
78.549318
 40
0.000000
 50
0.000000
  1
# 374
  0
POINT
  8
2
 10
2655.437622
 20
78.549318
  0
TEXT
  8
2
 10
2655.437622
 20
78.549318
 40
0.000000
 50
0.000000
  1
# 375
  0
POINT
  8
3
 10
2716.744690
 20
78.549318
  0
POINT
  8
3
 10
2701.059700
 20
78.549318
  0
POINT
  8
3
 10
2685.693282
 20
78.549318
  0
POINT
  8
3
 10
2670.491507
 20
78.549318
  0
POINT
  8
3
 10
2667.497719
 20
78.549318
  0
POINT
  8
3
 10
2667.497559
 20
78.549318
  0
POINT
  8
3
 10
2667.497719
 20
78.549318
  0
TEXT
  8
3
 10
2667.497719
 20
78.549318
 40
0.000000
 50
0.000000
  1
# 376
  0
POINT
  8
4
 10
2716.744690
 20
78.549318
 30
1.000000
 50
 90.00
  0
TEXT
  8
4
 10
2716.744690
 20
78.549318
 40
0.000000
 50
0.000000
  1
# 377
  0
POINT
  8
4
 10
2667.497559
 20
78.549318
 30
1.000000
 50
 90.00
  0
TEXT
  8
4
 10
2667.497559
 20
78.549318
 40
0.000000
 50
0.000000
  1
# 378
  0
POLYLINE
  8
11
  66
1
  70
0
  0
VERTEX
  8
1
  10
2655.437622
  20
78.549318
  0
VERTEX
  8
1
  10
2663.493042
  20
120.000000
  0
SEQEND
  8
11
  0
POINT
  8
2
 10
2655.437622
 20
78.549318
  0
TEXT
  8
2
 10
2655.437622
 20
78.549318
 40
0.000000
 50
0.000000
  1
# 379
  0
POINT
  8
2
 10
2663.493042
 20
120.000000
  0
TEXT
  8
2
 10
2663.493042
 20
120.000000
 40
0.000000
 50
0.000000
  1
# 380
  0
POLYLINE
  8
11
  66
1
  70
0
  0
VERTEX
  8
1
  10
2663.493042
  20
120.000000
  0
VERTEX
  8
1
  10
2655.437622
  20
161.450691
  0
SEQEND
  8
11
  0
POINT
  8
2
 10
2663.493042
 20
120.000000
  0
TEXT
  8
2
 10
2663.493042
 20
120.000000
 40
0.000000
 50
0.000000
  1
# 381
  0
POINT
  8
2
 10
2655.437622
 20
161.450691
  0
TEXT
  8
2
 10
2655.437622
 20
161.450691
 40
0.000000
 50
0.000000
  1
# 382
  0
POLYLINE
  8
11
  66
1
  70
0
  0
VERTEX
  8
1
  10
2655.437622
  20
161.450691
  0
VERTEX
  8
1
  10
2670.954512
  20
161.450691
  0
VERTEX
  8
1
  10
2686.090312
  20
161.450691
  0
VERTEX
  8
1
  10
2686.090804
  20
161.450691
  0
VERTEX
  8
1
  10
2686.092224
  20
161.450691
  0
VERTEX
  8
1
  10
2701.545645
  20
161.450691
  0
VERTEX
  8
1
  10
2716.744690
  20
161.450691
  0
SEQEND
  8
11
  0
POINT
  8
2
 10
2655.437622
 20
161.450691
  0
TEXT
  8
2
 10
2655.437622
 20
161.450691
 40
0.000000
 50
0.000000
  1
# 383
  0
POINT
  8
2
 10
2716.744690
 20
161.450691
  0
TEXT
  8
2
 10
2716.744690
 20
161.450691
 40
0.000000
 50
0.000000
  1
# 384
  0
POINT
  8
3
 10
2670.954512
 20
161.450691
  0
POINT
  8
3
 10
2686.090312
 20
161.450691
  0
POINT
  8
3
 10
2686.090804
 20
161.450691
  0
POINT
  8
3
 10
2686.092224
 20
161.450691
  0
POINT
  8
3
 10
2701.545645
 20
161.450691
  0
POINT
  8
3
 10
2686.090804
 20
161.450691
  0
TEXT
  8
3
 10
2686.090804
 20
161.450691
 40
0.000000
 50
0.000000
  1
# 385
  0
POINT
  8
4
 10
2686.092224
 20
161.450691
 30
1.000000
 50
270.00
  0
TEXT
  8
4
 10
2686.092224
 20
161.450691
 40
0.000000
 50
0.000000
  1
# 386
  0
POLYLINE
  8
11
  66
1
  70
0
  0
VERTEX
  8
1
  10
2716.744690
  20
161.450691
  0
VERTEX
  8
1
  10
2733.143174
  20
161.450691
  0
VERTEX
  8
1
  10
2748.409270
  20
161.450691
  0
VERTEX
  8
1
  10
2763.794550
  20
161.450691
  0
VERTEX
  8
1
  10
2779.144952
  20
161.450691
  0
VERTEX
  8
1
  10
2790.000000
  20
161.450691
  0
SEQEND
  8
11
  0
POINT
  8
2
 10
2716.744690
 20
161.450691
  0
TEXT
  8
2
 10
2716.744690
 20
161.450691
 40
0.000000
 50
0.000000
  1
# 387
  0
POINT
  8
2
 10
2790.000000
 20
161.450691
  0
TEXT
  8
2
 10
2790.000000
 20
161.450691
 40
0.000000
 50
0.000000
  1
# 388
  0
POINT
  8
3
 10
2733.143174
 20
161.450691
  0
POINT
  8
3
 10
2748.409270
 20
161.450691
  0
POINT
  8
3
 10
2763.794550
 20
161.450691
  0
POINT
  8
3
 10
2779.144952
 20
161.450691
  0
POLYLINE
  8
11
  66
1
  70
0
  0
VERTEX
  8
1
  10
2790.000000
  20
161.450691
  0
VERTEX
  8
1
  10
2805.874751
  20
161.450691
  0
VERTEX
  8
1
  10
2820.994647
  20
161.450691
  0
VERTEX
  8
1
  10
2836.403862
  20
161.450691
  0
VERTEX
  8
1
  10
2851.299738
  20
161.450691
  0
VERTEX
  8
1
  10
2863.255615
  20
161.450691
  0
SEQEND
  8
11
  0
POINT
  8
2
 10
2790.000000
 20
161.450691
  0
TEXT
  8
2
 10
2790.000000
 20
161.450691
 40
0.000000
 50
0.000000
  1
# 389
  0
POINT
  8
2
 10
2863.255615
 20
161.450691
  0
TEXT
  8
2
 10
2863.255615
 20
161.450691
 40
0.000000
 50
0.000000
  1
# 390
  0
POINT
  8
3
 10
2805.874751
 20
161.450691
  0
POINT
  8
3
 10
2820.994647
 20
161.450691
  0
POINT
  8
3
 10
2836.403862
 20
161.450691
  0
POINT
  8
3
 10
2851.299738
 20
161.450691
  0
POLYLINE
  8
11
  66
1
  70
0
  0
VERTEX
  8
1
  10
2863.255615
  20
161.450691
  0
VERTEX
  8
1
  10
2878.885146
  20
161.450691
  0
VERTEX
  8
1
  10
2894.649460
  20
161.450691
  0
VERTEX
  8
1
  10
2909.961463
  20
161.450691
  0
VERTEX
  8
1
  10
2924.562378
  20
161.450691
  0
SEQEND
  8
11
  0
POINT
  8
2
 10
2863.255615
 20
161.450691
  0
TEXT
  8
2
 10
2863.255615
 20
161.450691
 40
0.000000
 50
0.000000
  1
# 391
  0
POINT
  8
2
 10
2924.562378
 20
161.450691
  0
TEXT
  8
2
 10
2924.562378
 20
161.450691
 40
0.000000
 50
0.000000
  1
# 392
  0
POINT
  8
3
 10
2878.885146
 20
161.450691
  0
POINT
  8
3
 10
2894.649460
 20
161.450691
  0
POINT
  8
3
 10
2909.961463
 20
161.450691
  0
POLYLINE
  8
11
  66
1
  70
0
  0
VERTEX
  8
1
  10
2924.562378
  20
161.450691
  0
VERTEX
  8
1
  10
2916.506958
  20
120.000000
  0
SEQEND
  8
11
  0
POINT
  8
2
 10
2924.562378
 20
161.450691
  0
TEXT
  8
2
 10
2924.562378
 20
161.450691
 40
0.000000
 50
0.000000
  1
# 393
  0
POINT
  8
2
 10
2916.506958
 20
120.000000
  0
TEXT
  8
2
 10
2916.506958
 20
120.000000
 40
0.000000
 50
0.000000
  1
# 394
  0
POLYLINE
  8
11
  66
1
  70
0
  0
VERTEX
  8
1
  10
2916.506958
  20
120.000000
  0
VERTEX
  8
1
  10
2924.562378
  20
78.549318
  0
SEQEND
  8
11
  0
POINT
  8
2
 10
2916.506958
 20
120.000000
  0
TEXT
  8
2
 10
2916.506958
 20
120.000000
 40
0.000000
 50
0.000000
  1
# 395
  0
POINT
  8
2
 10
2924.562378
 20
78.549318
  0
TEXT
  8
2
 10
2924.562378
 20
78.549318
 40
0.000000
 50
0.000000
  1
# 396
  0
POLYLINE
  8
11
  66
1
  70
0
  0
VERTEX
  8
1
  10
2924.562378
  20
78.549318
  0
VERTEX
  8
1
  10
2912.502560
  20
78.549318
  0
VERTEX
  8
1
  10
2912.502441
  20
78.549318
  0
VERTEX
  8
1
  10
2908.725604
  20
78.549318
  0
VERTEX
  8
1
  10
2893.573962
  20
78.549318
  0
VERTEX
  8
1
  10
2878.351942
  20
78.549318
  0
VERTEX
  8
1
  10
2863.255615
  20
78.549318
  0
VERTEX
  8
1
  10
2863.255615
  20
78.549318
  0
SEQEND
  8
11
  0
POINT
  8
2
 10
2924.562378
 20
78.549318
  0
TEXT
  8
2
 10
2924.562378
 20
78.549318
 40
0.000000
 50
0.000000
  1
# 397
  0
POINT
  8
2
 10
2863.255615
 20
78.549318
  0
TEXT
  8
2
 10
2863.255615
 20
78.549318
 40
0.000000
 50
0.000000
  1
# 398
  0
POINT
  8
3
 10
2912.502560
 20
78.549318
  0
POINT
  8
3
 10
2912.502441
 20
78.549318
  0
POINT
  8
3
 10
2908.725604
 20
78.549318
  0
POINT
  8
3
 10
2893.573962
 20
78.549318
  0
POINT
  8
3
 10
2878.351942
 20
78.549318
  0
POINT
  8
3
 10
2863.255615
 20
78.549318
  0
POINT
  8
3
 10
2912.502560
 20
78.549318
  0
TEXT
  8
3
 10
2912.502560
 20
78.549318
 40
0.000000
 50
0.000000
  1
# 399
  0
POINT
  8
4
 10
2912.502441
 20
78.549318
 30
1.000000
 50
 90.00
  0
TEXT
  8
4
 10
2912.502441
 20
78.549318
 40
0.000000
 50
0.000000
  1
# 400
  0
POINT
  8
4
 10
2863.255615
 20
78.549318
 30
1.000000
 50
 90.00
  0
TEXT
  8
4
 10
2863.255615
 20
78.549318
 40
0.000000
 50
0.000000
  1
# 401
  0
POLYLINE
  8
11
  66
1
  70
0
  0
VERTEX
  8
1
  10
2863.255615
  20
78.549318
  0
VERTEX
  8
1
  10
2847.196741
  20
78.549318
  0
VERTEX
  8
1
  10
2831.924144
  20
78.549318
  0
VERTEX
  8
1
  10
2816.109806
  20
78.549318
  0
VERTEX
  8
1
  10
2800.879768
  20
78.549318
  0
VERTEX
  8
1
  10
2790.000000
  20
78.549318
  0
VERTEX
  8
1
  10
2790.000000
  20
78.549318
  0
SEQEND
  8
11
  0
POINT
  8
2
 10
2863.255615
 20
78.549318
  0
TEXT
  8
2
 10
2863.255615
 20
78.549318
 40
0.000000
 50
0.000000
  1
# 402
  0
POINT
  8
2
 10
2790.000000
 20
78.549318
  0
TEXT
  8
2
 10
2790.000000
 20
78.549318
 40
0.000000
 50
0.000000
  1
# 403
  0
POINT
  8
3
 10
2847.196741
 20
78.549318
  0
POINT
  8
3
 10
2831.924144
 20
78.549318
  0
POINT
  8
3
 10
2816.109806
 20
78.549318
  0
POINT
  8
3
 10
2800.879768
 20
78.549318
  0
POINT
  8
3
 10
2790.000000
 20
78.549318
  0
POINT
  8
4
 10
2790.000000
 20
78.549318
 30
1.000000
 50
 90.00
  0
TEXT
  8
4
 10
2790.000000
 20
78.549318
 40
0.000000
 50
0.000000
  1
# 404
  0
POLYLINE
  8
11
  66
1
  70
0
  0
VERTEX
  8
1
  10
2790.000000
  20
78.549318
  0
VERTEX
  8
1
  10
2773.772363
  20
78.549318
  0
VERTEX
  8
1
  10
2758.390691
  20
78.549318
  0
VERTEX
  8
1
  10
2742.521199
  20
78.549318
  0
VERTEX
  8
1
  10
2727.514150
  20
78.549318
  0
VERTEX
  8
1
  10
2716.744690
  20
78.549318
  0
SEQEND
  8
11
  0
POINT
  8
2
 10
2790.000000
 20
78.549318
  0
TEXT
  8
2
 10
2790.000000
 20
78.549318
 40
0.000000
 50
0.000000
  1
# 405
  0
POINT
  8
2
 10
2716.744690
 20
78.549318
  0
TEXT
  8
2
 10
2716.744690
 20
78.549318
 40
0.000000
 50
0.000000
  1
# 406
  0
POINT
  8
3
 10
2773.772363
 20
78.549318
  0
POINT
  8
3
 10
2758.390691
 20
78.549318
  0
POINT
  8
3
 10
2742.521199
 20
78.549318
  0
POINT
  8
3
 10
2727.514150
 20
78.549318
  0
POLYLINE
  8
11
  66
1
  70
0
  0
VERTEX
  8
1
  10
2863.256531
  20
120.000000
  0
VERTEX
  8
1
  10
2790.000000
  20
120.000000
  0
SEQEND
  8
11
  0
POINT
  8
2
 10
2863.256531
 20
120.000000
  0
TEXT
  8
2
 10
2863.256531
 20
120.000000
 40
0.000000
 50
0.000000
  1
# 407
  0
POINT
  8
2
 10
2790.000000
 20
120.000000
  0
TEXT
  8
2
 10
2790.000000
 20
120.000000
 40
0.000000
 50
0.000000
  1
# 408
  0
POLYLINE
  8
11
  66
1
  70
0
  0
VERTEX
  8
1
  10
2790.000000
  20
120.000000
  0
VERTEX
  8
1
  10
2773.989076
  20
120.000000
  0
VERTEX
  8
1
  10
2758.747795
  20
120.000000
  0
VERTEX
  8
1
  10
2742.949825
  20
120.000000
  0
VERTEX
  8
1
  10
2727.438729
  20
120.000000
  0
VERTEX
  8
1
  10
2716.744690
  20
120.000000
  0
SEQEND
  8
11
  0
POINT
  8
2
 10
2790.000000
 20
120.000000
  0
TEXT
  8
2
 10
2790.000000
 20
120.000000
 40
0.000000
 50
0.000000
  1
# 409
  0
POINT
  8
2
 10
2716.744690
 20
120.000000
  0
TEXT
  8
2
 10
2716.744690
 20
120.000000
 40
0.000000
 50
0.000000
  1
# 410
  0
POINT
  8
3
 10
2773.989076
 20
120.000000
  0
POINT
  8
3
 10
2758.747795
 20
120.000000
  0
POINT
  8
3
 10
2742.949825
 20
120.000000
  0
POINT
  8
3
 10
2727.438729
 20
120.000000
  0
POLYLINE
  8
11
  66
1
  70
0
  0
VERTEX
  8
1
  10
2716.744690
  20
120.000000
  0
VERTEX
  8
1
  10
2700.935368
  20
120.000000
  0
VERTEX
  8
1
  10
2685.586644
  20
120.000000
  0
VERTEX
  8
1
  10
2670.455626
  20
120.000000
  0
VERTEX
  8
1
  10
2663.493042
  20
120.000000
  0
SEQEND
  8
11
  0
POINT
  8
2
 10
2716.744690
 20
120.000000
  0
TEXT
  8
2
 10
2716.744690
 20
120.000000
 40
0.000000
 50
0.000000
  1
# 411
  0
POINT
  8
2
 10
2663.493042
 20
120.000000
  0
TEXT
  8
2
 10
2663.493042
 20
120.000000
 40
0.000000
 50
0.000000
  1
# 412
  0
POINT
  8
3
 10
2700.935368
 20
120.000000
  0
POINT
  8
3
 10
2685.586644
 20
120.000000
  0
POINT
  8
3
 10
2670.455626
 20
120.000000
  0
POLYLINE
  8
11
  66
1
  70
0
  0
VERTEX
  8
1
  10
2863.255615
  20
120.000000
  0
VERTEX
  8
1
  10
2879.064793
  20
120.000000
  0
VERTEX
  8
1
  10
2894.413423
  20
120.000000
  0
VERTEX
  8
1
  10
2909.544387
  20
120.000000
  0
VERTEX
  8
1
  10
2916.506958
  20
120.000000
  0
SEQEND
  8
11
  0
POINT
  8
2
 10
2863.255615
 20
120.000000
  0
TEXT
  8
2
 10
2863.255615
 20
120.000000
 40
0.000000
 50
0.000000
  1
# 413
  0
POINT
  8
2
 10
2916.506958
 20
120.000000
  0
TEXT
  8
2
 10
2916.506958
 20
120.000000
 40
0.000000
 50
0.000000
  1
# 414
  0
POINT
  8
3
 10
2879.064793
 20
120.000000
  0
POINT
  8
3
 10
2894.413423
 20
120.000000
  0
POINT
  8
3
 10
2909.544387
 20
120.000000
 0
LINE
 8
7
 10
2793.781738
 20
141.335449
 11
2793.781738
 21
88.420162
  0
TEXT
  8
1
 10
2790.000000
 20
120.000000
 40
10.000000
 50
0.000000
  1
Piece Name: C2490437.后领.38
  0
TEXT
  8
1
 10
2790.000000
 20
135.000000
 40
10.000000
 50
0.000000
  1
Size: 38
  0
TEXT
  8
1
 10
2790.000000
 20
150.000000
 40
10.000000
 50
0.000000
  1
Annotation: 面布X1
  0
TEXT
  8
1
 10
2790.000000
 20
165.000000
 40
10.000000
 50
0.000000
  1
Quantity: 1
  0
TEXT
  8
1
 10
2790.000000
 20
180.000000
 40
10.000000
 50
0.000000
  1
Material: 面布
  0
TEXT
  8
1
 10
2790.000000
 20
180.000000
 40
10.000000
 50
0.000000
  1
Category: 3
0
ENDBLK
0
BLOCK
  8
1
  2
C2490437.前领.38
 70
0
 10
0.0
 20
0.0
  0
POLYLINE
  8
1
  66
1
  70
1
  0
VERTEX
  8
1
  10
2442.822876
  20
70.549073
  0
VERTEX
  8
1
  10
2426.867218
  20
70.549073
  0
VERTEX
  8
1
  10
2411.203308
  20
70.549073
  0
VERTEX
  8
1
  10
2395.656281
  20
70.549073
  0
VERTEX
  8
1
  10
2380.686340
  20
70.549073
  0
VERTEX
  8
1
  10
2370.509186
  20
70.549073
  0
VERTEX
  8
1
  10
2354.479218
  20
70.549073
  0
VERTEX
  8
1
  10
2338.765106
  20
70.549073
  0
VERTEX
  8
1
  10
2323.192444
  20
70.549073
  0
VERTEX
  8
1
  10
2307.920532
  20
70.549073
  0
VERTEX
  8
1
  10
2298.198395
  20
70.549073
  0
VERTEX
  8
1
  10
2298.195801
  20
70.549073
  0
VERTEX
  8
1
  10
2282.691040
  20
70.549073
  0
VERTEX
  8
1
  10
2267.582092
  20
70.549073
  0
VERTEX
  8
1
  10
2263.655758
  20
70.549073
  0
VERTEX
  8
1
  10
2252.216339
  20
70.549073
  0
VERTEX
  8
1
  10
2241.177180
  20
70.549073
  0
VERTEX
  8
1
  10
2236.962280
  20
70.549073
  0
VERTEX
  8
1
  10
2221.953888
  20
70.549073
  0
VERTEX
  8
1
  10
2218.394470
  20
70.549073
  0
VERTEX
  8
1
  10
2228.004608
  20
120.000000
  0
VERTEX
  8
1
  10
2218.394470
  20
169.450932
  0
VERTEX
  8
1
  10
2234.225311
  20
169.450932
  0
VERTEX
  8
1
  10
2249.444122
  20
169.450932
  0
VERTEX
  8
1
  10
2263.655502
  20
169.450932
  0
VERTEX
  8
1
  10
2264.813385
  20
169.450932
  0
VERTEX
  8
1
  10
2279.856873
  20
169.450932
  0
VERTEX
  8
1
  10
2294.669800
  20
169.450932
  0
VERTEX
  8
1
  10
2298.198395
  20
169.450932
  0
VERTEX
  8
1
  10
2314.737396
  20
169.450932
  0
VERTEX
  8
1
  10
2330.280609
  20
169.450932
  0
VERTEX
  8
1
  10
2345.220642
  20
169.450932
  0
VERTEX
  8
1
  10
2360.525665
  20
169.450932
  0
VERTEX
  8
1
  10
2370.509186
  20
169.450932
  0
VERTEX
  8
1
  10
2386.360779
  20
169.450932
  0
VERTEX
  8
1
  10
2401.457977
  20
169.450932
  0
VERTEX
  8
1
  10
2416.499329
  20
169.450932
  0
VERTEX
  8
1
  10
2431.530762
  20
169.450932
  0
VERTEX
  8
1
  10
2442.822876
  20
169.450932
  0
VERTEX
  8
1
  10
2458.993225
  20
169.450932
  0
VERTEX
  8
1
  10
2474.700165
  20
169.450932
  0
VERTEX
  8
1
  10
2489.940491
  20
169.450932
  0
VERTEX
  8
1
  10
2505.274200
  20
169.450932
  0
VERTEX
  8
1
  10
2519.994507
  20
169.450932
  0
VERTEX
  8
1
  10
2521.605530
  20
169.450932
  0
VERTEX
  8
1
  10
2511.995087
  20
120.000000
  0
VERTEX
  8
1
  10
2521.605530
  20
70.549073
  0
VERTEX
  8
1
  10
2505.689545
  20
70.549073
  0
VERTEX
  8
1
  10
2499.841102
  20
70.549073
  0
VERTEX
  8
1
  10
2490.372925
  20
70.549073
  0
VERTEX
  8
1
  10
2477.361624
  20
70.549073
  0
VERTEX
  8
1
  10
2475.135498
  20
70.549073
  0
VERTEX
  8
1
  10
2459.753571
  20
70.549073
  0
VERTEX
  8
1
  10
2444.841614
  20
70.549073
  0
VERTEX
  8
1
  10
2442.822876
  20
70.549073
  0
SEQEND
  8
1
  0
POINT
  8
2
 10
2442.822876
 20
70.549073
  0
TEXT
  8
2
 10
2442.822876
 20
70.549073
 40
0.000000
 50
0.000000
  1
# 415
  0
POINT
  8
2
 10
2370.509186
 20
70.549073
  0
TEXT
  8
2
 10
2370.509186
 20
70.549073
 40
0.000000
 50
0.000000
  1
# 416
  0
POINT
  8
2
 10
2298.195801
 20
70.549073
  0
TEXT
  8
2
 10
2298.195801
 20
70.549073
 40
0.000000
 50
0.000000
  1
# 417
  0
POINT
  8
2
 10
2218.394470
 20
70.549073
  0
TEXT
  8
2
 10
2218.394470
 20
70.549073
 40
0.000000
 50
0.000000
  1
# 418
  0
POINT
  8
2
 10
2228.004608
 20
120.000000
  0
TEXT
  8
2
 10
2228.004608
 20
120.000000
 40
0.000000
 50
0.000000
  1
# 419
  0
POINT
  8
2
 10
2218.394470
 20
169.450932
  0
TEXT
  8
2
 10
2218.394470
 20
169.450932
 40
0.000000
 50
0.000000
  1
# 420
  0
POINT
  8
2
 10
2298.198395
 20
169.450932
  0
TEXT
  8
2
 10
2298.198395
 20
169.450932
 40
0.000000
 50
0.000000
  1
# 421
  0
POINT
  8
2
 10
2370.509186
 20
169.450932
  0
TEXT
  8
2
 10
2370.509186
 20
169.450932
 40
0.000000
 50
0.000000
  1
# 422
  0
POINT
  8
2
 10
2442.822876
 20
169.450932
  0
TEXT
  8
2
 10
2442.822876
 20
169.450932
 40
0.000000
 50
0.000000
  1
# 423
  0
POINT
  8
2
 10
2521.605530
 20
169.450932
  0
TEXT
  8
2
 10
2521.605530
 20
169.450932
 40
0.000000
 50
0.000000
  1
# 424
  0
POINT
  8
2
 10
2511.995087
 20
120.000000
  0
TEXT
  8
2
 10
2511.995087
 20
120.000000
 40
0.000000
 50
0.000000
  1
# 425
  0
POINT
  8
2
 10
2521.605530
 20
70.549073
  0
TEXT
  8
2
 10
2521.605530
 20
70.549073
 40
0.000000
 50
0.000000
  1
# 426
  0
POINT
  8
2
 10
2442.822876
 20
70.549073
  0
TEXT
  8
2
 10
2442.822876
 20
70.549073
 40
0.000000
 50
0.000000
  1
# 427
  0
POINT
  8
3
 10
2426.867218
 20
70.549073
  0
POINT
  8
3
 10
2411.203308
 20
70.549073
  0
POINT
  8
3
 10
2395.656281
 20
70.549073
  0
POINT
  8
3
 10
2380.686340
 20
70.549073
  0
POINT
  8
3
 10
2354.479218
 20
70.549073
  0
POINT
  8
3
 10
2338.765106
 20
70.549073
  0
POINT
  8
3
 10
2323.192444
 20
70.549073
  0
POINT
  8
3
 10
2307.920532
 20
70.549073
  0
POINT
  8
3
 10
2298.198395
 20
70.549073
  0
POINT
  8
3
 10
2282.691040
 20
70.549073
  0
POINT
  8
3
 10
2267.582092
 20
70.549073
  0
POINT
  8
3
 10
2263.655758
 20
70.549073
  0
POINT
  8
3
 10
2252.216339
 20
70.549073
  0
POINT
  8
3
 10
2241.177180
 20
70.549073
  0
POINT
  8
3
 10
2236.962280
 20
70.549073
  0
POINT
  8
3
 10
2221.953888
 20
70.549073
  0
POINT
  8
3
 10
2234.225311
 20
169.450932
  0
POINT
  8
3
 10
2249.444122
 20
169.450932
  0
POINT
  8
3
 10
2263.655502
 20
169.450932
  0
POINT
  8
3
 10
2264.813385
 20
169.450932
  0
POINT
  8
3
 10
2279.856873
 20
169.450932
  0
POINT
  8
3
 10
2294.669800
 20
169.450932
  0
POINT
  8
3
 10
2314.737396
 20
169.450932
  0
POINT
  8
3
 10
2330.280609
 20
169.450932
  0
POINT
  8
3
 10
2345.220642
 20
169.450932
  0
POINT
  8
3
 10
2360.525665
 20
169.450932
  0
POINT
  8
3
 10
2386.360779
 20
169.450932
  0
POINT
  8
3
 10
2401.457977
 20
169.450932
  0
POINT
  8
3
 10
2416.499329
 20
169.450932
  0
POINT
  8
3
 10
2431.530762
 20
169.450932
  0
POINT
  8
3
 10
2458.993225
 20
169.450932
  0
POINT
  8
3
 10
2474.700165
 20
169.450932
  0
POINT
  8
3
 10
2489.940491
 20
169.450932
  0
POINT
  8
3
 10
2505.274200
 20
169.450932
  0
POINT
  8
3
 10
2519.994507
 20
169.450932
  0
POINT
  8
3
 10
2505.689545
 20
70.549073
  0
POINT
  8
3
 10
2499.841102
 20
70.549073
  0
POINT
  8
3
 10
2490.372925
 20
70.549073
  0
POINT
  8
3
 10
2477.361624
 20
70.549073
  0
POINT
  8
3
 10
2475.135498
 20
70.549073
  0
POINT
  8
3
 10
2459.753571
 20
70.549073
  0
POINT
  8
3
 10
2444.841614
 20
70.549073
  0
POINT
  8
3
 10
2298.198395
 20
70.549073
  0
TEXT
  8
3
 10
2298.198395
 20
70.549073
 40
0.000000
 50
0.000000
  1
# 428
  0
POINT
  8
3
 10
2263.655758
 20
70.549073
  0
TEXT
  8
3
 10
2263.655758
 20
70.549073
 40
0.000000
 50
0.000000
  1
# 429
  0
POINT
  8
3
 10
2241.177180
 20
70.549073
  0
TEXT
  8
3
 10
2241.177180
 20
70.549073
 40
0.000000
 50
0.000000
  1
# 430
  0
POINT
  8
3
 10
2263.655502
 20
169.450932
  0
TEXT
  8
3
 10
2263.655502
 20
169.450932
 40
0.000000
 50
0.000000
  1
# 431
  0
POINT
  8
3
 10
2499.841102
 20
70.549073
  0
TEXT
  8
3
 10
2499.841102
 20
70.549073
 40
0.000000
 50
0.000000
  1
# 432
  0
POINT
  8
3
 10
2477.361624
 20
70.549073
  0
TEXT
  8
3
 10
2477.361624
 20
70.549073
 40
0.000000
 50
0.000000
  1
# 433
  0
POLYLINE
  8
8
  66
1
  70
1
  0
VERTEX
  8
8
  10
2442.822876
  20
70.549073
  0
VERTEX
  8
8
  10
2442.822876
  20
70.549073
  0
VERTEX
  8
8
  10
2426.867213
  20
70.549073
  0
VERTEX
  8
8
  10
2411.203375
  20
70.549073
  0
VERTEX
  8
8
  10
2395.656288
  20
70.549073
  0
VERTEX
  8
8
  10
2380.686388
  20
70.549073
  0
VERTEX
  8
8
  10
2370.509186
  20
70.549073
  0
VERTEX
  8
8
  10
2370.509186
  20
70.549073
  0
VERTEX
  8
8
  10
2354.479127
  20
70.549073
  0
VERTEX
  8
8
  10
2338.765078
  20
70.549073
  0
VERTEX
  8
8
  10
2323.192311
  20
70.549073
  0
VERTEX
  8
8
  10
2307.920494
  20
70.549073
  0
VERTEX
  8
8
  10
2298.198395
  20
70.549073
  0
VERTEX
  8
8
  10
2298.198395
  20
70.549073
  0
VERTEX
  8
8
  10
2298.195801
  20
70.549073
  0
VERTEX
  8
8
  10
2282.691115
  20
70.549073
  0
VERTEX
  8
8
  10
2267.582078
  20
70.549073
  0
VERTEX
  8
8
  10
2263.656158
  20
70.549073
  0
VERTEX
  8
8
  10
2263.655758
  20
70.549073
  0
VERTEX
  8
8
  10
2252.216300
  20
70.549073
  0
VERTEX
  8
8
  10
2241.177180
  20
70.549073
  0
VERTEX
  8
8
  10
2241.177216
  20
70.549073
  0
VERTEX
  8
8
  10
2236.962258
  20
70.549073
  0
VERTEX
  8
8
  10
2221.953881
  20
70.549073
  0
VERTEX
  8
8
  10
2218.394470
  20
70.549073
  0
VERTEX
  8
8
  10
2228.004608
  20
120.000000
  0
VERTEX
  8
8
  10
2218.394470
  20
169.450932
  0
VERTEX
  8
8
  10
2234.225376
  20
169.450932
  0
VERTEX
  8
8
  10
2249.444064
  20
169.450932
  0
VERTEX
  8
8
  10
2263.655502
  20
169.450932
  0
VERTEX
  8
8
  10
2263.656006
  20
169.450932
  0
VERTEX
  8
8
  10
2264.813370
  20
169.450932
  0
VERTEX
  8
8
  10
2279.856908
  20
169.450932
  0
VERTEX
  8
8
  10
2294.669807
  20
169.450932
  0
VERTEX
  8
8
  10
2298.198395
  20
169.450932
  0
VERTEX
  8
8
  10
2314.737368
  20
169.450932
  0
VERTEX
  8
8
  10
2330.280572
  20
169.450932
  0
VERTEX
  8
8
  10
2345.220583
  20
169.450932
  0
VERTEX
  8
8
  10
2360.525663
  20
169.450932
  0
VERTEX
  8
8
  10
2370.509186
  20
169.450932
  0
VERTEX
  8
8
  10
2386.360709
  20
169.450932
  0
VERTEX
  8
8
  10
2401.457870
  20
169.450932
  0
VERTEX
  8
8
  10
2416.499263
  20
169.450932
  0
VERTEX
  8
8
  10
2431.530760
  20
169.450932
  0
VERTEX
  8
8
  10
2442.822876
  20
169.450932
  0
VERTEX
  8
8
  10
2458.993259
  20
169.450932
  0
VERTEX
  8
8
  10
2474.700131
  20
169.450932
  0
VERTEX
  8
8
  10
2489.940555
  20
169.450932
  0
VERTEX
  8
8
  10
2505.274240
  20
169.450932
  0
VERTEX
  8
8
  10
2519.994429
  20
169.450932
  0
VERTEX
  8
8
  10
2521.605530
  20
169.450932
  0
VERTEX
  8
8
  10
2511.995087
  20
120.000000
  0
VERTEX
  8
8
  10
2521.605530
  20
70.549073
  0
VERTEX
  8
8
  10
2505.689452
  20
70.549073
  0
VERTEX
  8
8
  10
2499.841614
  20
70.549073
  0
VERTEX
  8
8
  10
2499.841102
  20
70.549073
  0
VERTEX
  8
8
  10
2490.372869
  20
70.549073
  0
VERTEX
  8
8
  10
2477.362671
  20
70.549073
  0
VERTEX
  8
8
  10
2477.361624
  20
70.549073
  0
VERTEX
  8
8
  10
2475.135395
  20
70.549073
  0
VERTEX
  8
8
  10
2459.753491
  20
70.549073
  0
VERTEX
  8
8
  10
2444.841567
  20
70.549073
  0
VERTEX
  8
8
  10
2442.822876
  20
70.549073
  0
SEQEND
  8
8
  0
POINT
  8
2
 10
2442.822876
 20
70.549073
  0
TEXT
  8
2
 10
2442.822876
 20
70.549073
 40
0.000000
 50
0.000000
  1
# 434
  0
POINT
  8
2
 10
2370.509186
 20
70.549073
  0
TEXT
  8
2
 10
2370.509186
 20
70.549073
 40
0.000000
 50
0.000000
  1
# 435
  0
POINT
  8
2
 10
2298.195801
 20
70.549073
  0
TEXT
  8
2
 10
2298.195801
 20
70.549073
 40
0.000000
 50
0.000000
  1
# 436
  0
POINT
  8
2
 10
2218.394470
 20
70.549073
  0
TEXT
  8
2
 10
2218.394470
 20
70.549073
 40
0.000000
 50
0.000000
  1
# 437
  0
POINT
  8
2
 10
2228.004608
 20
120.000000
  0
TEXT
  8
2
 10
2228.004608
 20
120.000000
 40
0.000000
 50
0.000000
  1
# 438
  0
POINT
  8
2
 10
2218.394470
 20
169.450932
  0
TEXT
  8
2
 10
2218.394470
 20
169.450932
 40
0.000000
 50
0.000000
  1
# 439
  0
POINT
  8
2
 10
2298.198395
 20
169.450932
  0
TEXT
  8
2
 10
2298.198395
 20
169.450932
 40
0.000000
 50
0.000000
  1
# 440
  0
POINT
  8
2
 10
2370.509186
 20
169.450932
  0
TEXT
  8
2
 10
2370.509186
 20
169.450932
 40
0.000000
 50
0.000000
  1
# 441
  0
POINT
  8
2
 10
2442.822876
 20
169.450932
  0
TEXT
  8
2
 10
2442.822876
 20
169.450932
 40
0.000000
 50
0.000000
  1
# 442
  0
POINT
  8
2
 10
2521.605530
 20
169.450932
  0
TEXT
  8
2
 10
2521.605530
 20
169.450932
 40
0.000000
 50
0.000000
  1
# 443
  0
POINT
  8
2
 10
2511.995087
 20
120.000000
  0
TEXT
  8
2
 10
2511.995087
 20
120.000000
 40
0.000000
 50
0.000000
  1
# 444
  0
POINT
  8
2
 10
2521.605530
 20
70.549073
  0
TEXT
  8
2
 10
2521.605530
 20
70.549073
 40
0.000000
 50
0.000000
  1
# 445
  0
POINT
  8
2
 10
2442.822876
 20
70.549073
  0
TEXT
  8
2
 10
2442.822876
 20
70.549073
 40
0.000000
 50
0.000000
  1
# 446
  0
POINT
  8
3
 10
2442.822876
 20
70.549073
  0
POINT
  8
3
 10
2426.867213
 20
70.549073
  0
POINT
  8
3
 10
2411.203375
 20
70.549073
  0
POINT
  8
3
 10
2395.656288
 20
70.549073
  0
POINT
  8
3
 10
2380.686388
 20
70.549073
  0
POINT
  8
3
 10
2370.509186
 20
70.549073
  0
POINT
  8
3
 10
2354.479127
 20
70.549073
  0
POINT
  8
3
 10
2338.765078
 20
70.549073
  0
POINT
  8
3
 10
2323.192311
 20
70.549073
  0
POINT
  8
3
 10
2307.920494
 20
70.549073
  0
POINT
  8
3
 10
2298.198395
 20
70.549073
  0
POINT
  8
3
 10
2298.198395
 20
70.549073
  0
POINT
  8
3
 10
2282.691115
 20
70.549073
  0
POINT
  8
3
 10
2267.582078
 20
70.549073
  0
POINT
  8
3
 10
2263.656158
 20
70.549073
  0
POINT
  8
3
 10
2263.655758
 20
70.549073
  0
POINT
  8
3
 10
2252.216300
 20
70.549073
  0
POINT
  8
3
 10
2241.177180
 20
70.549073
  0
POINT
  8
3
 10
2241.177216
 20
70.549073
  0
POINT
  8
3
 10
2236.962258
 20
70.549073
  0
POINT
  8
3
 10
2221.953881
 20
70.549073
  0
POINT
  8
3
 10
2234.225376
 20
169.450932
  0
POINT
  8
3
 10
2249.444064
 20
169.450932
  0
POINT
  8
3
 10
2263.655502
 20
169.450932
  0
POINT
  8
3
 10
2263.656006
 20
169.450932
  0
POINT
  8
3
 10
2264.813370
 20
169.450932
  0
POINT
  8
3
 10
2279.856908
 20
169.450932
  0
POINT
  8
3
 10
2294.669807
 20
169.450932
  0
POINT
  8
3
 10
2314.737368
 20
169.450932
  0
POINT
  8
3
 10
2330.280572
 20
169.450932
  0
POINT
  8
3
 10
2345.220583
 20
169.450932
  0
POINT
  8
3
 10
2360.525663
 20
169.450932
  0
POINT
  8
3
 10
2386.360709
 20
169.450932
  0
POINT
  8
3
 10
2401.457870
 20
169.450932
  0
POINT
  8
3
 10
2416.499263
 20
169.450932
  0
POINT
  8
3
 10
2431.530760
 20
169.450932
  0
POINT
  8
3
 10
2458.993259
 20
169.450932
  0
POINT
  8
3
 10
2474.700131
 20
169.450932
  0
POINT
  8
3
 10
2489.940555
 20
169.450932
  0
POINT
  8
3
 10
2505.274240
 20
169.450932
  0
POINT
  8
3
 10
2519.994429
 20
169.450932
  0
POINT
  8
3
 10
2505.689452
 20
70.549073
  0
POINT
  8
3
 10
2499.841614
 20
70.549073
  0
POINT
  8
3
 10
2499.841102
 20
70.549073
  0
POINT
  8
3
 10
2490.372869
 20
70.549073
  0
POINT
  8
3
 10
2477.362671
 20
70.549073
  0
POINT
  8
3
 10
2477.361624
 20
70.549073
  0
POINT
  8
3
 10
2475.135395
 20
70.549073
  0
POINT
  8
3
 10
2459.753491
 20
70.549073
  0
POINT
  8
3
 10
2444.841567
 20
70.549073
  0
POINT
  8
3
 10
2298.198395
 20
70.549073
  0
TEXT
  8
3
 10
2298.198395
 20
70.549073
 40
0.000000
 50
0.000000
  1
# 447
  0
POINT
  8
3
 10
2263.655758
 20
70.549073
  0
TEXT
  8
3
 10
2263.655758
 20
70.549073
 40
0.000000
 50
0.000000
  1
# 448
  0
POINT
  8
3
 10
2241.177180
 20
70.549073
  0
TEXT
  8
3
 10
2241.177180
 20
70.549073
 40
0.000000
 50
0.000000
  1
# 449
  0
POINT
  8
3
 10
2263.655502
 20
169.450932
  0
TEXT
  8
3
 10
2263.655502
 20
169.450932
 40
0.000000
 50
0.000000
  1
# 450
  0
POINT
  8
3
 10
2499.841102
 20
70.549073
  0
TEXT
  8
3
 10
2499.841102
 20
70.549073
 40
0.000000
 50
0.000000
  1
# 451
  0
POINT
  8
3
 10
2477.361624
 20
70.549073
  0
TEXT
  8
3
 10
2477.361624
 20
70.549073
 40
0.000000
 50
0.000000
  1
# 452
  0
POINT
  8
4
 10
2442.822876
 20
70.549073
 30
1.000000
 50
 90.00
  0
TEXT
  8
4
 10
2442.822876
 20
70.549073
 40
0.000000
 50
0.000000
  1
# 453
  0
POINT
  8
4
 10
2370.509186
 20
70.549073
 30
1.000000
 50
 90.00
  0
TEXT
  8
4
 10
2370.509186
 20
70.549073
 40
0.000000
 50
0.000000
  1
# 454
  0
POINT
  8
4
 10
2298.198395
 20
70.549073
 30
1.000000
 50
 90.00
  0
TEXT
  8
4
 10
2298.198395
 20
70.549073
 40
0.000000
 50
0.000000
  1
# 455
  0
POINT
  8
4
 10
2263.656158
 20
70.549073
 30
1.000000
 50
 90.00
  0
TEXT
  8
4
 10
2263.656158
 20
70.549073
 40
0.000000
 50
0.000000
  1
# 456
  0
POINT
  8
4
 10
2241.177216
 20
70.549073
 30
1.000000
 50
 90.00
  0
TEXT
  8
4
 10
2241.177216
 20
70.549073
 40
0.000000
 50
0.000000
  1
# 457
  0
POINT
  8
4
 10
2263.656006
 20
169.450932
 30
1.000000
 50
270.00
  0
TEXT
  8
4
 10
2263.656006
 20
169.450932
 40
0.000000
 50
0.000000
  1
# 458
  0
POINT
  8
4
 10
2499.841614
 20
70.549073
 30
1.000000
 50
 90.00
  0
TEXT
  8
4
 10
2499.841614
 20
70.549073
 40
0.000000
 50
0.000000
  1
# 459
  0
POINT
  8
4
 10
2477.362671
 20
70.549073
 30
1.000000
 50
 90.00
  0
TEXT
  8
4
 10
2477.362671
 20
70.549073
 40
0.000000
 50
0.000000
  1
# 460
  0
POLYLINE
  8
11
  66
1
  70
0
  0
VERTEX
  8
1
  10
2442.822876
  20
78.549070
  0
VERTEX
  8
1
  10
2442.822876
  20
78.549070
  0
VERTEX
  8
1
  10
2426.867213
  20
78.549070
  0
VERTEX
  8
1
  10
2411.203375
  20
78.549070
  0
VERTEX
  8
1
  10
2395.656288
  20
78.549070
  0
VERTEX
  8
1
  10
2380.686388
  20
78.549070
  0
VERTEX
  8
1
  10
2370.509186
  20
78.549070
  0
VERTEX
  8
1
  10
2370.509186
  20
78.549070
  0
SEQEND
  8
11
  0
POINT
  8
2
 10
2442.822876
 20
78.549070
  0
TEXT
  8
2
 10
2442.822876
 20
78.549070
 40
0.000000
 50
0.000000
  1
# 461
  0
POINT
  8
2
 10
2370.509186
 20
78.549070
  0
TEXT
  8
2
 10
2370.509186
 20
78.549070
 40
0.000000
 50
0.000000
  1
# 462
  0
POINT
  8
3
 10
2442.822876
 20
78.549070
  0
POINT
  8
3
 10
2426.867213
 20
78.549070
  0
POINT
  8
3
 10
2411.203375
 20
78.549070
  0
POINT
  8
3
 10
2395.656288
 20
78.549070
  0
POINT
  8
3
 10
2380.686388
 20
78.549070
  0
POINT
  8
3
 10
2370.509186
 20
78.549070
  0
POINT
  8
4
 10
2442.822876
 20
78.549070
 30
1.000000
 50
 90.00
  0
TEXT
  8
4
 10
2442.822876
 20
78.549070
 40
0.000000
 50
0.000000
  1
# 463
  0
POINT
  8
4
 10
2370.509186
 20
78.549070
 30
1.000000
 50
 90.00
  0
TEXT
  8
4
 10
2370.509186
 20
78.549070
 40
0.000000
 50
0.000000
  1
# 464
  0
POLYLINE
  8
11
  66
1
  70
0
  0
VERTEX
  8
1
  10
2370.509186
  20
78.549070
  0
VERTEX
  8
1
  10
2354.479127
  20
78.549070
  0
VERTEX
  8
1
  10
2338.765078
  20
78.549070
  0
VERTEX
  8
1
  10
2323.192311
  20
78.549070
  0
VERTEX
  8
1
  10
2307.920494
  20
78.549070
  0
VERTEX
  8
1
  10
2298.198395
  20
78.549070
  0
VERTEX
  8
1
  10
2298.198395
  20
78.549070
  0
SEQEND
  8
11
  0
POINT
  8
2
 10
2370.509186
 20
78.549070
  0
TEXT
  8
2
 10
2370.509186
 20
78.549070
 40
0.000000
 50
0.000000
  1
# 465
  0
POINT
  8
2
 10
2298.198395
 20
78.549070
  0
TEXT
  8
2
 10
2298.198395
 20
78.549070
 40
0.000000
 50
0.000000
  1
# 466
  0
POINT
  8
3
 10
2354.479127
 20
78.549070
  0
POINT
  8
3
 10
2338.765078
 20
78.549070
  0
POINT
  8
3
 10
2323.192311
 20
78.549070
  0
POINT
  8
3
 10
2307.920494
 20
78.549070
  0
POINT
  8
3
 10
2298.198395
 20
78.549070
  0
POINT
  8
4
 10
2298.198395
 20
78.549070
 30
1.000000
 50
 90.00
  0
TEXT
  8
4
 10
2298.198395
 20
78.549070
 40
0.000000
 50
0.000000
  1
# 467
  0
POLYLINE
  8
11
  66
1
  70
0
  0
VERTEX
  8
1
  10
2298.198395
  20
78.549070
  0
VERTEX
  8
1
  10
2282.711425
  20
78.549070
  0
VERTEX
  8
1
  10
2267.467337
  20
78.549070
  0
VERTEX
  8
1
  10
2263.655644
  20
78.549070
  0
VERTEX
  8
1
  10
2263.655243
  20
78.549070
  0
VERTEX
  8
1
  10
2252.107929
  20
78.549070
  0
VERTEX
  8
1
  10
2241.178284
  20
78.549070
  0
VERTEX
  8
1
  10
2241.177352
  20
78.549070
  0
VERTEX
  8
1
  10
2236.929737
  20
78.549070
  0
VERTEX
  8
1
  10
2229.117432
  20
78.549070
  0
SEQEND
  8
11
  0
POINT
  8
2
 10
2298.198395
 20
78.549070
  0
TEXT
  8
2
 10
2298.198395
 20
78.549070
 40
0.000000
 50
0.000000
  1
# 468
  0
POINT
  8
2
 10
2229.117432
 20
78.549070
  0
TEXT
  8
2
 10
2229.117432
 20
78.549070
 40
0.000000
 50
0.000000
  1
# 469
  0
POINT
  8
3
 10
2282.711425
 20
78.549070
  0
POINT
  8
3
 10
2267.467337
 20
78.549070
  0
POINT
  8
3
 10
2263.655644
 20
78.549070
  0
POINT
  8
3
 10
2263.655243
 20
78.549070
  0
POINT
  8
3
 10
2252.107929
 20
78.549070
  0
POINT
  8
3
 10
2241.178284
 20
78.549070
  0
POINT
  8
3
 10
2241.177352
 20
78.549070
  0
POINT
  8
3
 10
2236.929737
 20
78.549070
  0
POINT
  8
3
 10
2263.655644
 20
78.549070
  0
TEXT
  8
3
 10
2263.655644
 20
78.549070
 40
0.000000
 50
0.000000
  1
# 470
  0
POINT
  8
3
 10
2241.177352
 20
78.549070
  0
TEXT
  8
3
 10
2241.177352
 20
78.549070
 40
0.000000
 50
0.000000
  1
# 471
  0
POINT
  8
4
 10
2263.655243
 20
78.549070
 30
1.000000
 50
 90.00
  0
TEXT
  8
4
 10
2263.655243
 20
78.549070
 40
0.000000
 50
0.000000
  1
# 472
  0
POINT
  8
4
 10
2241.178284
 20
78.549070
 30
1.000000
 50
 90.00
  0
TEXT
  8
4
 10
2241.178284
 20
78.549070
 40
0.000000
 50
0.000000
  1
# 473
  0
POLYLINE
  8
11
  66
1
  70
0
  0
VERTEX
  8
1
  10
2229.117432
  20
78.549070
  0
VERTEX
  8
1
  10
2237.173004
  20
120.000000
  0
SEQEND
  8
11
  0
POINT
  8
2
 10
2229.117432
 20
78.549070
  0
TEXT
  8
2
 10
2229.117432
 20
78.549070
 40
0.000000
 50
0.000000
  1
# 474
  0
POINT
  8
2
 10
2237.173004
 20
120.000000
  0
TEXT
  8
2
 10
2237.173004
 20
120.000000
 40
0.000000
 50
0.000000
  1
# 475
  0
POLYLINE
  8
11
  66
1
  70
0
  0
VERTEX
  8
1
  10
2237.173004
  20
120.000000
  0
VERTEX
  8
1
  10
2229.117432
  20
161.450920
  0
SEQEND
  8
11
  0
POINT
  8
2
 10
2237.173004
 20
120.000000
  0
TEXT
  8
2
 10
2237.173004
 20
120.000000
 40
0.000000
 50
0.000000
  1
# 476
  0
POINT
  8
2
 10
2229.117432
 20
161.450920
  0
TEXT
  8
2
 10
2229.117432
 20
161.450920
 40
0.000000
 50
0.000000
  1
# 477
  0
POLYLINE
  8
11
  66
1
  70
0
  0
VERTEX
  8
1
  10
2229.117432
  20
161.450920
  0
VERTEX
  8
1
  10
2244.666894
  20
161.450920
  0
VERTEX
  8
1
  10
2259.918318
  20
161.450920
  0
VERTEX
  8
1
  10
2263.655710
  20
161.450920
  0
VERTEX
  8
1
  10
2263.655853
  20
161.450920
  0
VERTEX
  8
1
  10
2275.330751
  20
161.450920
  0
VERTEX
  8
1
  10
2290.438411
  20
161.450920
  0
VERTEX
  8
1
  10
2298.198395
  20
161.450920
  0
SEQEND
  8
11
  0
POINT
  8
2
 10
2229.117432
 20
161.450920
  0
TEXT
  8
2
 10
2229.117432
 20
161.450920
 40
0.000000
 50
0.000000
  1
# 478
  0
POINT
  8
2
 10
2298.198395
 20
161.450920
  0
TEXT
  8
2
 10
2298.198395
 20
161.450920
 40
0.000000
 50
0.000000
  1
# 479
  0
POINT
  8
3
 10
2244.666894
 20
161.450920
  0
POINT
  8
3
 10
2259.918318
 20
161.450920
  0
POINT
  8
3
 10
2263.655710
 20
161.450920
  0
POINT
  8
3
 10
2263.655853
 20
161.450920
  0
POINT
  8
3
 10
2275.330751
 20
161.450920
  0
POINT
  8
3
 10
2290.438411
 20
161.450920
  0
POINT
  8
3
 10
2263.655710
 20
161.450920
  0
TEXT
  8
3
 10
2263.655710
 20
161.450920
 40
0.000000
 50
0.000000
  1
# 480
  0
POINT
  8
4
 10
2263.655853
 20
161.450920
 30
1.000000
 50
270.00
  0
TEXT
  8
4
 10
2263.655853
 20
161.450920
 40
0.000000
 50
0.000000
  1
# 481
  0
POLYLINE
  8
11
  66
1
  70
0
  0
VERTEX
  8
1
  10
2298.198395
  20
161.450920
  0
VERTEX
  8
1
  10
2314.737368
  20
161.450920
  0
VERTEX
  8
1
  10
2330.280572
  20
161.450920
  0
VERTEX
  8
1
  10
2345.220583
  20
161.450920
  0
VERTEX
  8
1
  10
2360.525663
  20
161.450920
  0
VERTEX
  8
1
  10
2370.509186
  20
161.450920
  0
SEQEND
  8
11
  0
POINT
  8
2
 10
2298.198395
 20
161.450920
  0
TEXT
  8
2
 10
2298.198395
 20
161.450920
 40
0.000000
 50
0.000000
  1
# 482
  0
POINT
  8
2
 10
2370.509186
 20
161.450920
  0
TEXT
  8
2
 10
2370.509186
 20
161.450920
 40
0.000000
 50
0.000000
  1
# 483
  0
POINT
  8
3
 10
2314.737368
 20
161.450920
  0
POINT
  8
3
 10
2330.280572
 20
161.450920
  0
POINT
  8
3
 10
2345.220583
 20
161.450920
  0
POINT
  8
3
 10
2360.525663
 20
161.450920
  0
POLYLINE
  8
11
  66
1
  70
0
  0
VERTEX
  8
1
  10
2370.509186
  20
161.450920
  0
VERTEX
  8
1
  10
2386.360709
  20
161.450920
  0
VERTEX
  8
1
  10
2401.457870
  20
161.450920
  0
VERTEX
  8
1
  10
2416.499263
  20
161.450920
  0
VERTEX
  8
1
  10
2431.530760
  20
161.450920
  0
VERTEX
  8
1
  10
2442.822876
  20
161.450920
  0
SEQEND
  8
11
  0
POINT
  8
2
 10
2370.509186
 20
161.450920
  0
TEXT
  8
2
 10
2370.509186
 20
161.450920
 40
0.000000
 50
0.000000
  1
# 484
  0
POINT
  8
2
 10
2442.822876
 20
161.450920
  0
TEXT
  8
2
 10
2442.822876
 20
161.450920
 40
0.000000
 50
0.000000
  1
# 485
  0
POINT
  8
3
 10
2386.360709
 20
161.450920
  0
POINT
  8
3
 10
2401.457870
 20
161.450920
  0
POINT
  8
3
 10
2416.499263
 20
161.450920
  0
POINT
  8
3
 10
2431.530760
 20
161.450920
  0
POLYLINE
  8
11
  66
1
  70
0
  0
VERTEX
  8
1
  10
2442.822876
  20
161.450920
  0
VERTEX
  8
1
  10
2458.449693
  20
161.450920
  0
VERTEX
  8
1
  10
2474.165675
  20
161.450920
  0
VERTEX
  8
1
  10
2489.861295
  20
161.450920
  0
VERTEX
  8
1
  10
2505.092508
  20
161.450920
  0
VERTEX
  8
1
  10
2511.901245
  20
161.450920
  0
SEQEND
  8
11
  0
POINT
  8
2
 10
2442.822876
 20
161.450920
  0
TEXT
  8
2
 10
2442.822876
 20
161.450920
 40
0.000000
 50
0.000000
  1
# 486
  0
POINT
  8
2
 10
2511.901245
 20
161.450920
  0
TEXT
  8
2
 10
2511.901245
 20
161.450920
 40
0.000000
 50
0.000000
  1
# 487
  0
POINT
  8
3
 10
2458.449693
 20
161.450920
  0
POINT
  8
3
 10
2474.165675
 20
161.450920
  0
POINT
  8
3
 10
2489.861295
 20
161.450920
  0
POINT
  8
3
 10
2505.092508
 20
161.450920
  0
POLYLINE
  8
11
  66
1
  70
0
  0
VERTEX
  8
1
  10
2511.901245
  20
161.450920
  0
VERTEX
  8
1
  10
2503.845520
  20
120.000000
  0
SEQEND
  8
11
  0
POINT
  8
2
 10
2511.901245
 20
161.450920
  0
TEXT
  8
2
 10
2511.901245
 20
161.450920
 40
0.000000
 50
0.000000
  1
# 488
  0
POINT
  8
2
 10
2503.845520
 20
120.000000
  0
TEXT
  8
2
 10
2503.845520
 20
120.000000
 40
0.000000
 50
0.000000
  1
# 489
  0
POLYLINE
  8
11
  66
1
  70
0
  0
VERTEX
  8
1
  10
2503.845520
  20
120.000000
  0
VERTEX
  8
1
  10
2511.901245
  20
78.549070
  0
SEQEND
  8
11
  0
POINT
  8
2
 10
2503.845520
 20
120.000000
  0
TEXT
  8
2
 10
2503.845520
 20
120.000000
 40
0.000000
 50
0.000000
  1
# 490
  0
POINT
  8
2
 10
2511.901245
 20
78.549070
  0
TEXT
  8
2
 10
2511.901245
 20
78.549070
 40
0.000000
 50
0.000000
  1
# 491
  0
POLYLINE
  8
11
  66
1
  70
0
  0
VERTEX
  8
1
  10
2511.901245
  20
78.549070
  0
VERTEX
  8
1
  10
2499.841266
  20
78.549070
  0
VERTEX
  8
1
  10
2499.840546
  20
78.549070
  0
VERTEX
  8
1
  10
2495.992137
  20
78.549070
  0
VERTEX
  8
1
  10
2480.595813
  20
78.549070
  0
VERTEX
  8
1
  10
2477.362008
  20
78.549070
  0
VERTEX
  8
1
  10
2477.361450
  20
78.549070
  0
VERTEX
  8
1
  10
2465.549754
  20
78.549070
  0
VERTEX
  8
1
  10
2450.509065
  20
78.549070
  0
VERTEX
  8
1
  10
2442.822876
  20
78.549070
  0
SEQEND
  8
11
  0
POINT
  8
2
 10
2511.901245
 20
78.549070
  0
TEXT
  8
2
 10
2511.901245
 20
78.549070
 40
0.000000
 50
0.000000
  1
# 492
  0
POINT
  8
2
 10
2442.822876
 20
78.549070
  0
TEXT
  8
2
 10
2442.822876
 20
78.549070
 40
0.000000
 50
0.000000
  1
# 493
  0
POINT
  8
3
 10
2499.841266
 20
78.549070
  0
POINT
  8
3
 10
2499.840546
 20
78.549070
  0
POINT
  8
3
 10
2495.992137
 20
78.549070
  0
POINT
  8
3
 10
2480.595813
 20
78.549070
  0
POINT
  8
3
 10
2477.362008
 20
78.549070
  0
POINT
  8
3
 10
2477.361450
 20
78.549070
  0
POINT
  8
3
 10
2465.549754
 20
78.549070
  0
POINT
  8
3
 10
2450.509065
 20
78.549070
  0
POINT
  8
3
 10
2499.841266
 20
78.549070
  0
TEXT
  8
3
 10
2499.841266
 20
78.549070
 40
0.000000
 50
0.000000
  1
# 494
  0
POINT
  8
3
 10
2477.362008
 20
78.549070
  0
TEXT
  8
3
 10
2477.362008
 20
78.549070
 40
0.000000
 50
0.000000
  1
# 495
  0
POINT
  8
4
 10
2499.840546
 20
78.549070
 30
1.000000
 50
 90.00
  0
TEXT
  8
4
 10
2499.840546
 20
78.549070
 40
0.000000
 50
0.000000
  1
# 496
  0
POINT
  8
4
 10
2477.361450
 20
78.549070
 30
1.000000
 50
 90.00
  0
TEXT
  8
4
 10
2477.361450
 20
78.549070
 40
0.000000
 50
0.000000
  1
# 497
  0
POLYLINE
  8
11
  66
1
  70
0
  0
VERTEX
  8
1
  10
2298.198395
  20
120.000000
  0
VERTEX
  8
1
  10
2314.158473
  20
120.000000
  0
VERTEX
  8
1
  10
2329.825120
  20
120.000000
  0
VERTEX
  8
1
  10
2345.373372
  20
120.000000
  0
VERTEX
  8
1
  10
2360.312368
  20
120.000000
  0
VERTEX
  8
1
  10
2370.509186
  20
120.000000
  0
SEQEND
  8
11
  0
POINT
  8
2
 10
2298.198395
 20
120.000000
  0
TEXT
  8
2
 10
2298.198395
 20
120.000000
 40
0.000000
 50
0.000000
  1
# 498
  0
POINT
  8
2
 10
2370.509186
 20
120.000000
  0
TEXT
  8
2
 10
2370.509186
 20
120.000000
 40
0.000000
 50
0.000000
  1
# 499
  0
POINT
  8
3
 10
2314.158473
 20
120.000000
  0
POINT
  8
3
 10
2329.825120
 20
120.000000
  0
POINT
  8
3
 10
2345.373372
 20
120.000000
  0
POINT
  8
3
 10
2360.312368
 20
120.000000
  0
POLYLINE
  8
11
  66
1
  70
0
  0
VERTEX
  8
1
  10
2442.822876
  20
120.000000
  0
VERTEX
  8
1
  10
2458.379944
  20
120.000000
  0
VERTEX
  8
1
  10
2474.071177
  20
120.000000
  0
VERTEX
  8
1
  10
2489.312193
  20
120.000000
  0
VERTEX
  8
1
  10
2503.845520
  20
120.000000
  0
SEQEND
  8
11
  0
POINT
  8
2
 10
2442.822876
 20
120.000000
  0
TEXT
  8
2
 10
2442.822876
 20
120.000000
 40
0.000000
 50
0.000000
  1
# 500
  0
POINT
  8
2
 10
2503.845520
 20
120.000000
  0
TEXT
  8
2
 10
2503.845520
 20
120.000000
 40
0.000000
 50
0.000000
  1
# 501
  0
POINT
  8
3
 10
2458.379944
 20
120.000000
  0
POINT
  8
3
 10
2474.071177
 20
120.000000
  0
POINT
  8
3
 10
2489.312193
 20
120.000000
  0
POLYLINE
  8
11
  66
1
  70
0
  0
VERTEX
  8
1
  10
2370.509186
  20
120.000000
  0
VERTEX
  8
1
  10
2442.822876
  20
120.000000
  0
SEQEND
  8
11
  0
POINT
  8
2
 10
2370.509186
 20
120.000000
  0
TEXT
  8
2
 10
2370.509186
 20
120.000000
 40
0.000000
 50
0.000000
  1
# 502
  0
POINT
  8
2
 10
2442.822876
 20
120.000000
  0
TEXT
  8
2
 10
2442.822876
 20
120.000000
 40
0.000000
 50
0.000000
  1
# 503
  0
POLYLINE
  8
11
  66
1
  70
0
  0
VERTEX
  8
1
  10
2298.195801
  20
120.000000
  0
VERTEX
  8
1
  10
2282.638623
  20
120.000000
  0
VERTEX
  8
1
  10
2266.947309
  20
120.000000
  0
VERTEX
  8
1
  10
2251.706238
  20
120.000000
  0
VERTEX
  8
1
  10
2237.173004
  20
120.000000
  0
SEQEND
  8
11
  0
POINT
  8
2
 10
2298.195801
 20
120.000000
  0
TEXT
  8
2
 10
2298.195801
 20
120.000000
 40
0.000000
 50
0.000000
  1
# 504
  0
POINT
  8
2
 10
2237.173004
 20
120.000000
  0
TEXT
  8
2
 10
2237.173004
 20
120.000000
 40
0.000000
 50
0.000000
  1
# 505
  0
POINT
  8
3
 10
2282.638623
 20
120.000000
  0
POINT
  8
3
 10
2266.947309
 20
120.000000
  0
POINT
  8
3
 10
2251.706238
 20
120.000000
  0
POLYLINE
  8
11
  66
1
  70
0
  0
VERTEX
  8
1
  10
2347.667542
  20
104.699221
  0
VERTEX
  8
1
  10
2347.667542
  20
94.389648
  0
SEQEND
  8
11
  0
POINT
  8
2
 10
2347.667542
 20
104.699221
  0
TEXT
  8
2
 10
2347.667542
 20
104.699221
 40
0.000000
 50
0.000000
  1
# 506
  0
POINT
  8
2
 10
2347.667542
 20
94.389648
  0
TEXT
  8
2
 10
2347.667542
 20
94.389648
 40
0.000000
 50
0.000000
  1
# 507
  0
POLYLINE
  8
11
  66
1
  70
0
  0
VERTEX
  8
1
  10
2342.592010
  20
99.544678
  0
VERTEX
  8
1
  10
2352.743683
  20
99.544678
  0
SEQEND
  8
11
  0
POINT
  8
2
 10
2342.592010
 20
99.544678
  0
TEXT
  8
2
 10
2342.592010
 20
99.544678
 40
0.000000
 50
0.000000
  1
# 508
  0
POINT
  8
2
 10
2352.743683
 20
99.544678
  0
TEXT
  8
2
 10
2352.743683
 20
99.544678
 40
0.000000
 50
0.000000
  1
# 509
  0
POLYLINE
  8
11
  66
1
  70
0
  0
VERTEX
  8
1
  10
2347.667542
  20
94.389648
  0
VERTEX
  8
1
  10
2349.057804
  20
94.588645
  0
VERTEX
  8
1
  10
2350.023504
  20
94.975635
  0
VERTEX
  8
1
  10
2350.950832
  20
95.614374
  0
VERTEX
  8
1
  10
2351.720876
  20
96.440767
  0
VERTEX
  8
1
  10
2352.288381
  20
97.410089
  0
VERTEX
  8
1
  10
2352.635872
  20
98.489765
  0
VERTEX
  8
1
  10
2352.742583
  20
99.628756
  0
VERTEX
  8
1
  10
2352.604271
  20
100.743585
  0
VERTEX
  8
1
  10
2352.230699
  20
101.801961
  0
VERTEX
  8
1
  10
2351.637981
  20
102.755731
  0
VERTEX
  8
1
  10
2350.862997
  20
103.549493
  0
VERTEX
  8
1
  10
2349.933035
  20
104.157288
  0
VERTEX
  8
1
  10
2348.900900
  20
104.544729
  0
VERTEX
  8
1
  10
2347.812385
  20
104.697172
  0
VERTEX
  8
1
  10
2346.717383
  20
104.608100
  0
VERTEX
  8
1
  10
2345.670688
  20
104.283442
  0
VERTEX
  8
1
  10
2344.716062
  20
103.737975
  0
VERTEX
  8
1
  10
2343.885451
  20
102.982235
  0
VERTEX
  8
1
  10
2343.235509
  20
102.056897
  0
VERTEX
  8
1
  10
2342.801996
  20
101.012213
  0
VERTEX
  8
1
  10
2342.604645
  20
99.910302
  0
VERTEX
  8
1
  10
2342.646773
  20
98.787161
  0
VERTEX
  8
1
  10
2342.927790
  20
97.699883
  0
VERTEX
  8
1
  10
2343.431183
  20
96.704478
  0
VERTEX
  8
1
  10
2344.139862
  20
95.838960
  0
VERTEX
  8
1
  10
2345.033590
  20
95.136802
  0
VERTEX
  8
1
  10
2346.003641
  20
94.672704
  0
VERTEX
  8
1
  10
2347.667542
  20
94.389648
  0
SEQEND
  8
11
  0
POINT
  8
2
 10
2347.667542
 20
94.389648
  0
TEXT
  8
2
 10
2347.667542
 20
94.389648
 40
0.000000
 50
0.000000
  1
# 510
  0
POINT
  8
2
 10
2347.667542
 20
94.389648
  0
TEXT
  8
2
 10
2347.667542
 20
94.389648
 40
0.000000
 50
0.000000
  1
# 511
  0
POINT
  8
3
 10
2349.057804
 20
94.588645
  0
POINT
  8
3
 10
2350.023504
 20
94.975635
  0
POINT
  8
3
 10
2350.950832
 20
95.614374
  0
POINT
  8
3
 10
2351.720876
 20
96.440767
  0
POINT
  8
3
 10
2352.288381
 20
97.410089
  0
POINT
  8
3
 10
2352.635872
 20
98.489765
  0
POINT
  8
3
 10
2352.742583
 20
99.628756
  0
POINT
  8
3
 10
2352.604271
 20
100.743585
  0
POINT
  8
3
 10
2352.230699
 20
101.801961
  0
POINT
  8
3
 10
2351.637981
 20
102.755731
  0
POINT
  8
3
 10
2350.862997
 20
103.549493
  0
POINT
  8
3
 10
2349.933035
 20
104.157288
  0
POINT
  8
3
 10
2348.900900
 20
104.544729
  0
POINT
  8
3
 10
2347.812385
 20
104.697172
  0
POINT
  8
3
 10
2346.717383
 20
104.608100
  0
POINT
  8
3
 10
2345.670688
 20
104.283442
  0
POINT
  8
3
 10
2344.716062
 20
103.737975
  0
POINT
  8
3
 10
2343.885451
 20
102.982235
  0
POINT
  8
3
 10
2343.235509
 20
102.056897
  0
POINT
  8
3
 10
2342.801996
 20
101.012213
  0
POINT
  8
3
 10
2342.604645
 20
99.910302
  0
POINT
  8
3
 10
2342.646773
 20
98.787161
  0
POINT
  8
3
 10
2342.927790
 20
97.699883
  0
POINT
  8
3
 10
2343.431183
 20
96.704478
  0
POINT
  8
3
 10
2344.139862
 20
95.838960
  0
POINT
  8
3
 10
2345.033590
 20
95.136802
  0
POINT
  8
3
 10
2346.003641
 20
94.672704
  0
POLYLINE
  8
11
  66
1
  70
0
  0
VERTEX
  8
1
  10
2393.350677
  20
104.699221
  0
VERTEX
  8
1
  10
2393.350677
  20
94.389648
  0
SEQEND
  8
11
  0
POINT
  8
2
 10
2393.350677
 20
104.699221
  0
TEXT
  8
2
 10
2393.350677
 20
104.699221
 40
0.000000
 50
0.000000
  1
# 512
  0
POINT
  8
2
 10
2393.350677
 20
94.389648
  0
TEXT
  8
2
 10
2393.350677
 20
94.389648
 40
0.000000
 50
0.000000
  1
# 513
  0
POLYLINE
  8
11
  66
1
  70
0
  0
VERTEX
  8
1
  10
2388.274689
  20
99.544678
  0
VERTEX
  8
1
  10
2398.426666
  20
99.544678
  0
SEQEND
  8
11
  0
POINT
  8
2
 10
2388.274689
 20
99.544678
  0
TEXT
  8
2
 10
2388.274689
 20
99.544678
 40
0.000000
 50
0.000000
  1
# 514
  0
POINT
  8
2
 10
2398.426666
 20
99.544678
  0
TEXT
  8
2
 10
2398.426666
 20
99.544678
 40
0.000000
 50
0.000000
  1
# 515
  0
POLYLINE
  8
11
  66
1
  70
0
  0
VERTEX
  8
1
  10
2393.350677
  20
94.389648
  0
VERTEX
  8
1
  10
2394.741681
  20
94.588874
  0
VERTEX
  8
1
  10
2395.706866
  20
94.975836
  0
VERTEX
  8
1
  10
2396.634152
  20
95.614562
  0
VERTEX
  8
1
  10
2397.389725
  20
96.421759
  0
VERTEX
  8
1
  10
2397.961610
  20
97.388874
  0
VERTEX
  8
1
  10
2398.313642
  20
98.463981
  0
VERTEX
  8
1
  10
2398.426168
  20
99.577981
  0
VERTEX
  8
1
  10
2398.298614
  20
100.694254
  0
VERTEX
  8
1
  10
2397.936002
  20
101.755868
  0
VERTEX
  8
1
  10
2397.352330
  20
102.715660
  0
VERTEX
  8
1
  10
2396.585115
  20
103.516954
  0
VERTEX
  8
1
  10
2395.661236
  20
104.134136
  0
VERTEX
  8
1
  10
2394.633212
  20
104.531996
  0
VERTEX
  8
1
  10
2393.545875
  20
104.695426
  0
VERTEX
  8
1
  10
2392.450232
  20
104.617484
  0
VERTEX
  8
1
  10
2391.400180
  20
104.303370
  0
VERTEX
  8
1
  10
2390.420805
  20
103.753636
  0
VERTEX
  8
1
  10
2389.585929
  20
103.001995
  0
VERTEX
  8
1
  10
2388.931422
  20
102.080167
  0
VERTEX
  8
1
  10
2388.492442
  20
101.037866
  0
VERTEX
  8
1
  10
2388.289419
  20
99.937006
  0
VERTEX
  8
1
  10
2388.325989
  20
98.813732
  0
VERTEX
  8
1
  10
2388.601576
  20
97.724634
  0
VERTEX
  8
1
  10
2389.099798
  20
96.726769
  0
VERTEX
  8
1
  10
2389.803828
  20
95.857788
  0
VERTEX
  8
1
  10
2390.693785
  20
95.151018
  0
VERTEX
  8
1
  10
2391.661753
  20
94.681684
  0
VERTEX
  8
1
  10
2393.350677
  20
94.389648
  0
SEQEND
  8
11
  0
POINT
  8
2
 10
2393.350677
 20
94.389648
  0
TEXT
  8
2
 10
2393.350677
 20
94.389648
 40
0.000000
 50
0.000000
  1
# 516
  0
POINT
  8
2
 10
2393.350677
 20
94.389648
  0
TEXT
  8
2
 10
2393.350677
 20
94.389648
 40
0.000000
 50
0.000000
  1
# 517
  0
POINT
  8
3
 10
2394.741681
 20
94.588874
  0
POINT
  8
3
 10
2395.706866
 20
94.975836
  0
POINT
  8
3
 10
2396.634152
 20
95.614562
  0
POINT
  8
3
 10
2397.389725
 20
96.421759
  0
POINT
  8
3
 10
2397.961610
 20
97.388874
  0
POINT
  8
3
 10
2398.313642
 20
98.463981
  0
POINT
  8
3
 10
2398.426168
 20
99.577981
  0
POINT
  8
3
 10
2398.298614
 20
100.694254
  0
POINT
  8
3
 10
2397.936002
 20
101.755868
  0
POINT
  8
3
 10
2397.352330
 20
102.715660
  0
POINT
  8
3
 10
2396.585115
 20
103.516954
  0
POINT
  8
3
 10
2395.661236
 20
104.134136
  0
POINT
  8
3
 10
2394.633212
 20
104.531996
  0
POINT
  8
3
 10
2393.545875
 20
104.695426
  0
POINT
  8
3
 10
2392.450232
 20
104.617484
  0
POINT
  8
3
 10
2391.400180
 20
104.303370
  0
POINT
  8
3
 10
2390.420805
 20
103.753636
  0
POINT
  8
3
 10
2389.585929
 20
103.001995
  0
POINT
  8
3
 10
2388.931422
 20
102.080167
  0
POINT
  8
3
 10
2388.492442
 20
101.037866
  0
POINT
  8
3
 10
2388.289419
 20
99.937006
  0
POINT
  8
3
 10
2388.325989
 20
98.813732
  0
POINT
  8
3
 10
2388.601576
 20
97.724634
  0
POINT
  8
3
 10
2389.099798
 20
96.726769
  0
POINT
  8
3
 10
2389.803828
 20
95.857788
  0
POINT
  8
3
 10
2390.693785
 20
95.151018
  0
POINT
  8
3
 10
2391.661753
 20
94.681684
 0
LINE
 8
7
 10
2378.928833
 20
142.988644
 11
2378.928833
 21
97.589359
  0
TEXT
  8
1
 10
2370.000000
 20
120.000002
 40
10.000000
 50
0.000000
  1
Piece Name: C2490437.前领.38
  0
TEXT
  8
1
 10
2370.000000
 20
135.000002
 40
10.000000
 50
0.000000
  1
Size: 38
  0
TEXT
  8
1
 10
2370.000000
 20
150.000002
 40
10.000000
 50
0.000000
  1
Annotation: 面布X1
  0
TEXT
  8
1
 10
2370.000000
 20
165.000002
 40
10.000000
 50
0.000000
  1
Quantity: 1
  0
TEXT
  8
1
 10
2370.000000
 20
180.000002
 40
10.000000
 50
0.000000
  1
Material: 面布
  0
TEXT
  8
1
 10
2370.000000
 20
180.000002
 40
10.000000
 50
0.000000
  1
Category: 4
0
ENDBLK
0
BLOCK
  8
1
  2
C2490437.袖片.38
 70
0
 10
0.0
 20
0.0
  0
POLYLINE
  8
1
  66
1
  70
1
  0
VERTEX
  8
1
  10
5057.338257
  20
79.761443
  0
VERTEX
  8
1
  10
5016.668396
  20
283.056145
  0
VERTEX
  8
1
  10
4976.166077
  20
485.513992
  0
VERTEX
  8
1
  10
4989.186707
  20
492.890091
  0
VERTEX
  8
1
  10
4991.850947
  20
494.667548
  0
VERTEX
  8
1
  10
4996.502380
  20
497.770767
  0
VERTEX
  8
1
  10
4999.640503
  20
500.196190
  0
VERTEX
  8
1
  10
5001.773147
  20
502.037182
  0
VERTEX
  8
1
  10
5005.708313
  20
505.434189
  0
VERTEX
  8
1
  10
5008.304138
  20
508.049202
  0
VERTEX
  8
1
  10
5010.759888
  20
510.902481
  0
VERTEX
  8
1
  10
5011.423257
  20
511.724771
  0
VERTEX
  8
1
  10
5013.648376
  20
514.482956
  0
VERTEX
  8
1
  10
5015.734863
  20
517.518921
  0
VERTEX
  8
1
  10
5018.413653
  20
521.990319
  0
VERTEX
  8
1
  10
5020.933838
  20
526.196976
  0
VERTEX
  8
1
  10
5022.870789
  20
529.980164
  0
VERTEX
  8
1
  10
5023.988192
  20
532.480831
  0
VERTEX
  8
1
  10
5026.425424
  20
537.935177
  0
VERTEX
  8
1
  10
5028.343201
  20
542.227020
  0
VERTEX
  8
1
  10
5030.029366
  20
546.640267
  0
VERTEX
  8
1
  10
5032.723694
  20
553.692207
  0
VERTEX
  8
1
  10
5035.735779
  20
562.769012
  0
VERTEX
  8
1
  10
5038.539734
  20
571.833038
  0
VERTEX
  8
1
  10
5039.905485
  20
576.754183
  0
VERTEX
  8
1
  10
5042.556152
  20
586.305199
  0
VERTEX
  8
1
  10
5045.340271
  20
596.868820
  0
VERTEX
  8
1
  10
5048.085327
  20
608.297348
  0
VERTEX
  8
1
  10
5048.153827
  20
608.604879
  0
VERTEX
  8
1
  10
5051.355591
  20
622.979240
  0
VERTEX
  8
1
  10
5052.286946
  20
627.289745
  0
VERTEX
  8
1
  10
5054.260559
  20
636.424026
  0
VERTEX
  8
1
  10
5057.170715
  20
651.149750
  0
VERTEX
  8
1
  10
5058.264693
  20
656.654346
  0
VERTEX
  8
1
  10
5060.114136
  20
665.960236
  0
VERTEX
  8
1
  10
5061.622426
  20
673.429112
  0
VERTEX
  8
1
  10
5063.096619
  20
680.729141
  0
VERTEX
  8
1
  10
5063.870994
  20
684.552471
  0
VERTEX
  8
1
  10
5066.091614
  20
695.516357
  0
VERTEX
  8
1
  10
5069.067078
  20
710.228348
  0
VERTEX
  8
1
  10
5072.052612
  20
724.998779
  0
VERTEX
  8
1
  10
5075.012817
  20
739.643936
  0
VERTEX
  8
1
  10
5075.474243
  20
741.926270
  0
VERTEX
  8
1
  10
5084.781189
  20
735.495911
  0
VERTEX
  8
1
  10
5093.385315
  20
729.368515
  0
VERTEX
  8
1
  10
5097.368164
  20
726.826935
  0
VERTEX
  8
1
  10
5101.063538
  20
724.758224
  0
VERTEX
  8
1
  10
5105.353394
  20
722.653198
  0
VERTEX
  8
1
  10
5109.882507
  20
720.707626
  0
VERTEX
  8
1
  10
5114.447937
  20
719.009018
  0
VERTEX
  8
1
  10
5119.130859
  20
717.533646
  0
VERTEX
  8
1
  10
5120.251417
  20
717.240544
  0
VERTEX
  8
1
  10
5123.925781
  20
716.279449
  0
VERTEX
  8
1
  10
5128.615723
  20
715.304108
  0
VERTEX
  8
1
  10
5133.210449
  20
714.599380
  0
VERTEX
  8
1
  10
5138.214111
  20
714.097977
  0
VERTEX
  8
1
  10
5142.479858
  20
713.883209
  0
VERTEX
  8
1
  10
5145.773106
  20
713.966617
  0
VERTEX
  8
1
  10
5150.833130
  20
714.094772
  0
VERTEX
  8
1
  10
5154.064941
  20
714.458313
  0
VERTEX
  8
1
  10
5156.573319
  20
714.804851
  0
VERTEX
  8
1
  10
5156.240234
  20
714.758835
  0
VERTEX
  8
1
  10
5161.185303
  20
715.604477
  0
VERTEX
  8
1
  10
5164.769897
  20
716.463928
  0
VERTEX
  8
1
  10
5166.926654
  20
717.123391
  0
VERTEX
  8
1
  10
5168.922119
  20
717.733536
  0
VERTEX
  8
1
  10
5173.152466
  20
719.284286
  0
VERTEX
  8
1
  10
5177.552490
  20
721.170578
  0
VERTEX
  8
1
  10
5181.854858
  20
723.276062
  0
VERTEX
  8
1
  10
5185.808716
  20
725.475693
  0
VERTEX
  8
1
  10
5189.388428
  20
727.736206
  0
VERTEX
  8
1
  10
5192.730713
  20
730.133362
  0
VERTEX
  8
1
  10
5196.112671
  20
732.874756
  0
VERTEX
  8
1
  10
5199.749146
  20
736.157150
  0
VERTEX
  8
1
  10
5203.501587
  20
739.869080
  0
VERTEX
  8
1
  10
5206.738281
  20
743.403549
  0
VERTEX
  8
1
  10
5216.456909
  20
754.902573
  0
VERTEX
  8
1
  10
5221.051025
  20
760.281219
  0
VERTEX
  8
1
  10
5226.552734
  20
745.973511
  0
VERTEX
  8
1
  10
5231.967773
  20
731.818619
  0
VERTEX
  8
1
  10
5234.628090
  20
724.847540
  0
VERTEX
  8
1
  10
5237.318115
  20
717.798615
  0
VERTEX
  8
1
  10
5242.258365
  20
704.860747
  0
VERTEX
  8
1
  10
5242.694092
  20
703.719635
  0
VERTEX
  8
1
  10
5248.161621
  20
689.655304
  0
VERTEX
  8
1
  10
5253.765259
  20
675.644302
  0
VERTEX
  8
1
  10
5254.559826
  20
673.699136
  0
VERTEX
  8
1
  10
5259.493408
  20
661.621323
  0
VERTEX
  8
1
  10
5265.236816
  20
647.667389
  0
VERTEX
  8
1
  10
5265.826207
  20
646.233209
  0
VERTEX
  8
1
  10
5270.970459
  20
633.715553
  0
VERTEX
  8
1
  10
5272.018249
  20
631.167856
  0
VERTEX
  8
1
  10
5276.707764
  20
619.765320
  0
VERTEX
  8
1
  10
5282.087336
  20
606.681446
  0
VERTEX
  8
1
  10
5282.437134
  20
605.830688
  0
VERTEX
  8
1
  10
5288.163452
  20
591.870270
  0
VERTEX
  8
1
  10
5293.908691
  20
577.916908
  0
VERTEX
  8
1
  10
5295.181416
  20
574.897011
  0
VERTEX
  8
1
  10
5299.790039
  20
563.961754
  0
VERTEX
  8
1
  10
5303.585815
  20
555.513153
  0
VERTEX
  8
1
  10
5304.753764
  20
553.027174
  0
VERTEX
  8
1
  10
5309.928589
  20
542.012558
  0
VERTEX
  8
1
  10
5312.719116
  20
536.618423
  0
VERTEX
  8
1
  10
5314.270030
  20
533.889032
  0
VERTEX
  8
1
  10
5318.789673
  20
525.935097
  0
VERTEX
  8
1
  10
5321.354980
  20
521.895485
  0
VERTEX
  8
1
  10
5323.698109
  20
518.627711
  0
VERTEX
  8
1
  10
5326.783447
  20
514.324837
  0
VERTEX
  8
1
  10
5329.483643
  20
511.063957
  0
VERTEX
  8
1
  10
5332.645874
  20
507.625694
  0
VERTEX
  8
1
  10
5335.765991
  20
504.600677
  0
VERTEX
  8
1
  10
5337.812881
  20
502.822776
  0
VERTEX
  8
1
  10
5339.340820
  20
501.495628
  0
VERTEX
  8
1
  10
5343.527832
  20
498.198738
  0
VERTEX
  8
1
  10
5347.861328
  20
495.084000
  0
VERTEX
  8
1
  10
5352.276611
  20
492.218971
  0
VERTEX
  8
1
  10
5363.834229
  20
485.321236
  0
VERTEX
  8
1
  10
5324.645996
  20
283.089352
  0
VERTEX
  8
1
  10
5285.238037
  20
79.718752
  0
VERTEX
  8
1
  10
5269.668579
  20
79.721608
  0
VERTEX
  8
1
  10
5254.244995
  20
79.725552
  0
VERTEX
  8
1
  10
5239.132080
  20
79.730511
  0
VERTEX
  8
1
  10
5223.931274
  20
79.736834
  0
VERTEX
  8
1
  10
5208.861084
  20
79.744320
  0
VERTEX
  8
1
  10
5193.790283
  20
79.751425
  0
VERTEX
  8
1
  10
5178.720093
  20
79.756284
  0
VERTEX
  8
1
  10
5169.251524
  20
79.757345
  0
VERTEX
  8
1
  10
5163.535767
  20
79.757986
  0
VERTEX
  8
1
  10
5157.634765
  20
79.758532
  0
VERTEX
  8
1
  10
5148.280640
  20
79.759398
  0
VERTEX
  8
1
  10
5146.019708
  20
79.759629
  0
VERTEX
  8
1
  10
5133.027954
  20
79.760962
  0
VERTEX
  8
1
  10
5117.992249
  20
79.761887
  0
VERTEX
  8
1
  10
5102.921753
  20
79.761686
  0
VERTEX
  8
1
  10
5087.851563
  20
79.761062
  0
VERTEX
  8
1
  10
5072.375183
  20
79.760823
  0
VERTEX
  8
1
  10
5057.338257
  20
79.761443
  0
SEQEND
  8
1
  0
POINT
  8
2
 10
5057.338257
 20
79.761443
  0
TEXT
  8
2
 10
5057.338257
 20
79.761443
 40
0.000000
 50
0.000000
  1
# 518
  0
POINT
  8
2
 10
4976.166077
 20
485.513992
  0
TEXT
  8
2
 10
4976.166077
 20
485.513992
 40
0.000000
 50
0.000000
  1
# 519
  0
POINT
  8
2
 10
5075.474243
 20
741.926270
  0
TEXT
  8
2
 10
5075.474243
 20
741.926270
 40
0.000000
 50
0.000000
  1
# 520
  0
POINT
  8
2
 10
5156.240234
 20
714.758835
  0
TEXT
  8
2
 10
5156.240234
 20
714.758835
 40
0.000000
 50
0.000000
  1
# 521
  0
POINT
  8
2
 10
5221.051025
 20
760.281219
  0
TEXT
  8
2
 10
5221.051025
 20
760.281219
 40
0.000000
 50
0.000000
  1
# 522
  0
POINT
  8
2
 10
5363.834229
 20
485.321236
  0
TEXT
  8
2
 10
5363.834229
 20
485.321236
 40
0.000000
 50
0.000000
  1
# 523
  0
POINT
  8
2
 10
5285.238037
 20
79.718752
  0
TEXT
  8
2
 10
5285.238037
 20
79.718752
 40
0.000000
 50
0.000000
  1
# 524
  0
POINT
  8
2
 10
5057.338257
 20
79.761443
  0
TEXT
  8
2
 10
5057.338257
 20
79.761443
 40
0.000000
 50
0.000000
  1
# 525
  0
POINT
  8
3
 10
5016.668396
 20
283.056145
  0
POINT
  8
3
 10
4989.186707
 20
492.890091
  0
POINT
  8
3
 10
4991.850947
 20
494.667548
  0
POINT
  8
3
 10
4996.502380
 20
497.770767
  0
POINT
  8
3
 10
4999.640503
 20
500.196190
  0
POINT
  8
3
 10
5001.773147
 20
502.037182
  0
POINT
  8
3
 10
5005.708313
 20
505.434189
  0
POINT
  8
3
 10
5008.304138
 20
508.049202
  0
POINT
  8
3
 10
5010.759888
 20
510.902481
  0
POINT
  8
3
 10
5011.423257
 20
511.724771
  0
POINT
  8
3
 10
5013.648376
 20
514.482956
  0
POINT
  8
3
 10
5015.734863
 20
517.518921
  0
POINT
  8
3
 10
5018.413653
 20
521.990319
  0
POINT
  8
3
 10
5020.933838
 20
526.196976
  0
POINT
  8
3
 10
5022.870789
 20
529.980164
  0
POINT
  8
3
 10
5023.988192
 20
532.480831
  0
POINT
  8
3
 10
5026.425424
 20
537.935177
  0
POINT
  8
3
 10
5028.343201
 20
542.227020
  0
POINT
  8
3
 10
5030.029366
 20
546.640267
  0
POINT
  8
3
 10
5032.723694
 20
553.692207
  0
POINT
  8
3
 10
5035.735779
 20
562.769012
  0
POINT
  8
3
 10
5038.539734
 20
571.833038
  0
POINT
  8
3
 10
5039.905485
 20
576.754183
  0
POINT
  8
3
 10
5042.556152
 20
586.305199
  0
POINT
  8
3
 10
5045.340271
 20
596.868820
  0
POINT
  8
3
 10
5048.085327
 20
608.297348
  0
POINT
  8
3
 10
5048.153827
 20
608.604879
  0
POINT
  8
3
 10
5051.355591
 20
622.979240
  0
POINT
  8
3
 10
5052.286946
 20
627.289745
  0
POINT
  8
3
 10
5054.260559
 20
636.424026
  0
POINT
  8
3
 10
5057.170715
 20
651.149750
  0
POINT
  8
3
 10
5058.264693
 20
656.654346
  0
POINT
  8
3
 10
5060.114136
 20
665.960236
  0
POINT
  8
3
 10
5061.622426
 20
673.429112
  0
POINT
  8
3
 10
5063.096619
 20
680.729141
  0
POINT
  8
3
 10
5063.870994
 20
684.552471
  0
POINT
  8
3
 10
5066.091614
 20
695.516357
  0
POINT
  8
3
 10
5069.067078
 20
710.228348
  0
POINT
  8
3
 10
5072.052612
 20
724.998779
  0
POINT
  8
3
 10
5075.012817
 20
739.643936
  0
POINT
  8
3
 10
5084.781189
 20
735.495911
  0
POINT
  8
3
 10
5093.385315
 20
729.368515
  0
POINT
  8
3
 10
5097.368164
 20
726.826935
  0
POINT
  8
3
 10
5101.063538
 20
724.758224
  0
POINT
  8
3
 10
5105.353394
 20
722.653198
  0
POINT
  8
3
 10
5109.882507
 20
720.707626
  0
POINT
  8
3
 10
5114.447937
 20
719.009018
  0
POINT
  8
3
 10
5119.130859
 20
717.533646
  0
POINT
  8
3
 10
5120.251417
 20
717.240544
  0
POINT
  8
3
 10
5123.925781
 20
716.279449
  0
POINT
  8
3
 10
5128.615723
 20
715.304108
  0
POINT
  8
3
 10
5133.210449
 20
714.599380
  0
POINT
  8
3
 10
5138.214111
 20
714.097977
  0
POINT
  8
3
 10
5142.479858
 20
713.883209
  0
POINT
  8
3
 10
5145.773106
 20
713.966617
  0
POINT
  8
3
 10
5150.833130
 20
714.094772
  0
POINT
  8
3
 10
5154.064941
 20
714.458313
  0
POINT
  8
3
 10
5156.573319
 20
714.804851
  0
POINT
  8
3
 10
5161.185303
 20
715.604477
  0
POINT
  8
3
 10
5164.769897
 20
716.463928
  0
POINT
  8
3
 10
5166.926654
 20
717.123391
  0
POINT
  8
3
 10
5168.922119
 20
717.733536
  0
POINT
  8
3
 10
5173.152466
 20
719.284286
  0
POINT
  8
3
 10
5177.552490
 20
721.170578
  0
POINT
  8
3
 10
5181.854858
 20
723.276062
  0
POINT
  8
3
 10
5185.808716
 20
725.475693
  0
POINT
  8
3
 10
5189.388428
 20
727.736206
  0
POINT
  8
3
 10
5192.730713
 20
730.133362
  0
POINT
  8
3
 10
5196.112671
 20
732.874756
  0
POINT
  8
3
 10
5199.749146
 20
736.157150
  0
POINT
  8
3
 10
5203.501587
 20
739.869080
  0
POINT
  8
3
 10
5206.738281
 20
743.403549
  0
POINT
  8
3
 10
5216.456909
 20
754.902573
  0
POINT
  8
3
 10
5226.552734
 20
745.973511
  0
POINT
  8
3
 10
5231.967773
 20
731.818619
  0
POINT
  8
3
 10
5234.628090
 20
724.847540
  0
POINT
  8
3
 10
5237.318115
 20
717.798615
  0
POINT
  8
3
 10
5242.258365
 20
704.860747
  0
POINT
  8
3
 10
5242.694092
 20
703.719635
  0
POINT
  8
3
 10
5248.161621
 20
689.655304
  0
POINT
  8
3
 10
5253.765259
 20
675.644302
  0
POINT
  8
3
 10
5254.559826
 20
673.699136
  0
POINT
  8
3
 10
5259.493408
 20
661.621323
  0
POINT
  8
3
 10
5265.236816
 20
647.667389
  0
POINT
  8
3
 10
5265.826207
 20
646.233209
  0
POINT
  8
3
 10
5270.970459
 20
633.715553
  0
POINT
  8
3
 10
5272.018249
 20
631.167856
  0
POINT
  8
3
 10
5276.707764
 20
619.765320
  0
POINT
  8
3
 10
5282.087336
 20
606.681446
  0
POINT
  8
3
 10
5282.437134
 20
605.830688
  0
POINT
  8
3
 10
5288.163452
 20
591.870270
  0
POINT
  8
3
 10
5293.908691
 20
577.916908
  0
POINT
  8
3
 10
5295.181416
 20
574.897011
  0
POINT
  8
3
 10
5299.790039
 20
563.961754
  0
POINT
  8
3
 10
5303.585815
 20
555.513153
  0
POINT
  8
3
 10
5304.753764
 20
553.027174
  0
POINT
  8
3
 10
5309.928589
 20
542.012558
  0
POINT
  8
3
 10
5312.719116
 20
536.618423
  0
POINT
  8
3
 10
5314.270030
 20
533.889032
  0
POINT
  8
3
 10
5318.789673
 20
525.935097
  0
POINT
  8
3
 10
5321.354980
 20
521.895485
  0
POINT
  8
3
 10
5323.698109
 20
518.627711
  0
POINT
  8
3
 10
5326.783447
 20
514.324837
  0
POINT
  8
3
 10
5329.483643
 20
511.063957
  0
POINT
  8
3
 10
5332.645874
 20
507.625694
  0
POINT
  8
3
 10
5335.765991
 20
504.600677
  0
POINT
  8
3
 10
5337.812881
 20
502.822776
  0
POINT
  8
3
 10
5339.340820
 20
501.495628
  0
POINT
  8
3
 10
5343.527832
 20
498.198738
  0
POINT
  8
3
 10
5347.861328
 20
495.084000
  0
POINT
  8
3
 10
5352.276611
 20
492.218971
  0
POINT
  8
3
 10
5324.645996
 20
283.089352
  0
POINT
  8
3
 10
5269.668579
 20
79.721608
  0
POINT
  8
3
 10
5254.244995
 20
79.725552
  0
POINT
  8
3
 10
5239.132080
 20
79.730511
  0
POINT
  8
3
 10
5223.931274
 20
79.736834
  0
POINT
  8
3
 10
5208.861084
 20
79.744320
  0
POINT
  8
3
 10
5193.790283
 20
79.751425
  0
POINT
  8
3
 10
5178.720093
 20
79.756284
  0
POINT
  8
3
 10
5169.251524
 20
79.757345
  0
POINT
  8
3
 10
5163.535767
 20
79.757986
  0
POINT
  8
3
 10
5157.634765
 20
79.758532
  0
POINT
  8
3
 10
5148.280640
 20
79.759398
  0
POINT
  8
3
 10
5146.019708
 20
79.759629
  0
POINT
  8
3
 10
5133.027954
 20
79.760962
  0
POINT
  8
3
 10
5117.992249
 20
79.761887
  0
POINT
  8
3
 10
5102.921753
 20
79.761686
  0
POINT
  8
3
 10
5087.851563
 20
79.761062
  0
POINT
  8
3
 10
5072.375183
 20
79.760823
  0
POINT
  8
3
 10
4991.850947
 20
494.667548
  0
TEXT
  8
3
 10
4991.850947
 20
494.667548
 40
0.000000
 50
0.000000
  1
# 526
  0
POINT
  8
3
 10
5001.773147
 20
502.037182
  0
TEXT
  8
3
 10
5001.773147
 20
502.037182
 40
0.000000
 50
0.000000
  1
# 527
  0
POINT
  8
3
 10
5011.423257
 20
511.724771
  0
TEXT
  8
3
 10
5011.423257
 20
511.724771
 40
0.000000
 50
0.000000
  1
# 528
  0
POINT
  8
3
 10
5018.413653
 20
521.990319
  0
TEXT
  8
3
 10
5018.413653
 20
521.990319
 40
0.000000
 50
0.000000
  1
# 529
  0
POINT
  8
3
 10
5023.988192
 20
532.480831
  0
TEXT
  8
3
 10
5023.988192
 20
532.480831
 40
0.000000
 50
0.000000
  1
# 530
  0
POINT
  8
3
 10
5026.425424
 20
537.935177
  0
TEXT
  8
3
 10
5026.425424
 20
537.935177
 40
0.000000
 50
0.000000
  1
# 531
  0
POINT
  8
3
 10
5030.029366
 20
546.640267
  0
TEXT
  8
3
 10
5030.029366
 20
546.640267
 40
0.000000
 50
0.000000
  1
# 532
  0
POINT
  8
3
 10
5039.905485
 20
576.754183
  0
TEXT
  8
3
 10
5039.905485
 20
576.754183
 40
0.000000
 50
0.000000
  1
# 533
  0
POINT
  8
3
 10
5048.153827
 20
608.604879
  0
TEXT
  8
3
 10
5048.153827
 20
608.604879
 40
0.000000
 50
0.000000
  1
# 534
  0
POINT
  8
3
 10
5052.286946
 20
627.289745
  0
TEXT
  8
3
 10
5052.286946
 20
627.289745
 40
0.000000
 50
0.000000
  1
# 535
  0
POINT
  8
3
 10
5058.264693
 20
656.654346
  0
TEXT
  8
3
 10
5058.264693
 20
656.654346
 40
0.000000
 50
0.000000
  1
# 536
  0
POINT
  8
3
 10
5061.622426
 20
673.429112
  0
TEXT
  8
3
 10
5061.622426
 20
673.429112
 40
0.000000
 50
0.000000
  1
# 537
  0
POINT
  8
3
 10
5063.870994
 20
684.552471
  0
TEXT
  8
3
 10
5063.870994
 20
684.552471
 40
0.000000
 50
0.000000
  1
# 538
  0
POINT
  8
3
 10
5120.251417
 20
717.240544
  0
TEXT
  8
3
 10
5120.251417
 20
717.240544
 40
0.000000
 50
0.000000
  1
# 539
  0
POINT
  8
3
 10
5145.773106
 20
713.966617
  0
TEXT
  8
3
 10
5145.773106
 20
713.966617
 40
0.000000
 50
0.000000
  1
# 540
  0
POINT
  8
3
 10
5156.573319
 20
714.804851
  0
TEXT
  8
3
 10
5156.573319
 20
714.804851
 40
0.000000
 50
0.000000
  1
# 541
  0
POINT
  8
3
 10
5166.926654
 20
717.123391
  0
TEXT
  8
3
 10
5166.926654
 20
717.123391
 40
0.000000
 50
0.000000
  1
# 542
  0
POINT
  8
3
 10
5234.628090
 20
724.847540
  0
TEXT
  8
3
 10
5234.628090
 20
724.847540
 40
0.000000
 50
0.000000
  1
# 543
  0
POINT
  8
3
 10
5242.258365
 20
704.860747
  0
TEXT
  8
3
 10
5242.258365
 20
704.860747
 40
0.000000
 50
0.000000
  1
# 544
  0
POINT
  8
3
 10
5254.559826
 20
673.699136
  0
TEXT
  8
3
 10
5254.559826
 20
673.699136
 40
0.000000
 50
0.000000
  1
# 545
  0
POINT
  8
3
 10
5265.826207
 20
646.233209
  0
TEXT
  8
3
 10
5265.826207
 20
646.233209
 40
0.000000
 50
0.000000
  1
# 546
  0
POINT
  8
3
 10
5272.018249
 20
631.167856
  0
TEXT
  8
3
 10
5272.018249
 20
631.167856
 40
0.000000
 50
0.000000
  1
# 547
  0
POINT
  8
3
 10
5282.087336
 20
606.681446
  0
TEXT
  8
3
 10
5282.087336
 20
606.681446
 40
0.000000
 50
0.000000
  1
# 548
  0
POINT
  8
3
 10
5295.181416
 20
574.897011
  0
TEXT
  8
3
 10
5295.181416
 20
574.897011
 40
0.000000
 50
0.000000
  1
# 549
  0
POINT
  8
3
 10
5304.753764
 20
553.027174
  0
TEXT
  8
3
 10
5304.753764
 20
553.027174
 40
0.000000
 50
0.000000
  1
# 550
  0
POINT
  8
3
 10
5314.270030
 20
533.889032
  0
TEXT
  8
3
 10
5314.270030
 20
533.889032
 40
0.000000
 50
0.000000
  1
# 551
  0
POINT
  8
3
 10
5323.698109
 20
518.627711
  0
TEXT
  8
3
 10
5323.698109
 20
518.627711
 40
0.000000
 50
0.000000
  1
# 552
  0
POINT
  8
3
 10
5337.812881
 20
502.822776
  0
TEXT
  8
3
 10
5337.812881
 20
502.822776
 40
0.000000
 50
0.000000
  1
# 553
  0
POINT
  8
3
 10
5169.251524
 20
79.757345
  0
TEXT
  8
3
 10
5169.251524
 20
79.757345
 40
0.000000
 50
0.000000
  1
# 554
  0
POINT
  8
3
 10
5157.634765
 20
79.758532
  0
TEXT
  8
3
 10
5157.634765
 20
79.758532
 40
0.000000
 50
0.000000
  1
# 555
  0
POINT
  8
3
 10
5146.019708
 20
79.759629
  0
TEXT
  8
3
 10
5146.019708
 20
79.759629
 40
0.000000
 50
0.000000
  1
# 556
  0
POLYLINE
  8
8
  66
1
  70
1
  0
VERTEX
  8
8
  10
5057.338257
  20
79.761443
  0
VERTEX
  8
8
  10
5016.668396
  20
283.056145
  0
VERTEX
  8
8
  10
5016.668396
  20
283.056145
  0
VERTEX
  8
8
  10
4976.166077
  20
485.513992
  0
VERTEX
  8
8
  10
4989.186906
  20
492.890137
  0
VERTEX
  8
8
  10
4991.862785
  20
494.649804
  0
VERTEX
  8
8
  10
4996.502283
  20
497.770822
  0
VERTEX
  8
8
  10
4999.640410
  20
500.196267
  0
VERTEX
  8
8
  10
5001.788922
  20
502.018908
  0
VERTEX
  8
8
  10
5005.708594
  20
505.434353
  0
VERTEX
  8
8
  10
5008.304414
  20
508.049372
  0
VERTEX
  8
8
  10
5010.760134
  20
510.902649
  0
VERTEX
  8
8
  10
5011.433713
  20
511.716335
  0
VERTEX
  8
8
  10
5013.648421
  20
514.483085
  0
VERTEX
  8
8
  10
5015.734931
  20
517.519077
  0
VERTEX
  8
8
  10
5018.441066
  20
521.973896
  0
VERTEX
  8
8
  10
5020.933989
  20
526.197155
  0
VERTEX
  8
8
  10
5022.870752
  20
529.980371
  0
VERTEX
  8
8
  10
5024.014342
  20
532.469146
  0
VERTEX
  8
8
  10
5026.465322
  20
537.917349
  0
VERTEX
  8
8
  10
5026.467590
  20
537.922401
  0
VERTEX
  8
8
  10
5028.343246
  20
542.227182
  0
VERTEX
  8
8
  10
5030.047351
  20
546.633396
  0
VERTEX
  8
8
  10
5032.723712
  20
553.692351
  0
VERTEX
  8
8
  10
5035.735950
  20
562.769150
  0
VERTEX
  8
8
  10
5038.539740
  20
571.833193
  0
VERTEX
  8
8
  10
5039.922367
  20
576.749497
  0
VERTEX
  8
8
  10
5042.555973
  20
586.305348
  0
VERTEX
  8
8
  10
5045.340150
  20
596.868972
  0
VERTEX
  8
8
  10
5048.085424
  20
608.297493
  0
VERTEX
  8
8
  10
5048.155945
  20
608.604408
  0
VERTEX
  8
8
  10
5051.355478
  20
622.979424
  0
VERTEX
  8
8
  10
5052.306373
  20
627.285547
  0
VERTEX
  8
8
  10
5052.307434
  20
627.289886
  0
VERTEX
  8
8
  10
5054.260663
  20
636.424201
  0
VERTEX
  8
8
  10
5057.170942
  20
651.149901
  0
VERTEX
  8
8
  10
5058.249328
  20
656.657399
  0
VERTEX
  8
8
  10
5060.114262
  20
665.960402
  0
VERTEX
  8
8
  10
5061.624766
  20
673.428640
  0
VERTEX
  8
8
  10
5061.625061
  20
673.430710
  0
VERTEX
  8
8
  10
5063.096570
  20
680.729330
  0
VERTEX
  8
8
  10
5063.871140
  20
684.552442
  0
VERTEX
  8
8
  10
5066.091606
  20
695.516526
  0
VERTEX
  8
8
  10
5069.067273
  20
710.228507
  0
VERTEX
  8
8
  10
5072.052890
  20
724.998918
  0
VERTEX
  8
8
  10
5075.012965
  20
739.644029
  0
VERTEX
  8
8
  10
5075.474243
  20
741.926270
  0
VERTEX
  8
8
  10
5084.781441
  20
735.495838
  0
VERTEX
  8
8
  10
5093.385618
  20
729.368463
  0
VERTEX
  8
8
  10
5097.368202
  20
726.826872
  0
VERTEX
  8
8
  10
5101.063744
  20
724.758179
  0
VERTEX
  8
8
  10
5105.353364
  20
722.653120
  0
VERTEX
  8
8
  10
5109.882740
  20
720.707587
  0
VERTEX
  8
8
  10
5114.448260
  20
719.008981
  0
VERTEX
  8
8
  10
5119.130894
  20
717.533574
  0
VERTEX
  8
8
  10
5119.807129
  20
717.341385
  0
VERTEX
  8
8
  10
5120.245888
  20
717.219406
  0
VERTEX
  8
8
  10
5123.925750
  20
716.279457
  0
VERTEX
  8
8
  10
5128.615906
  20
715.304098
  0
VERTEX
  8
8
  10
5133.210782
  20
714.599377
  0
VERTEX
  8
8
  10
5138.214336
  20
714.097962
  0
VERTEX
  8
8
  10
5142.479928
  20
713.883242
  0
VERTEX
  8
8
  10
5145.773941
  20
713.933666
  0
VERTEX
  8
8
  10
5150.833420
  20
714.094816
  0
VERTEX
  8
8
  10
5154.065339
  20
714.458380
  0
VERTEX
  8
8
  10
5155.906982
  20
714.729462
  0
VERTEX
  8
8
  10
5156.570393
  20
714.826029
  0
VERTEX
  8
8
  10
5156.240234
  20
714.758835
  0
VERTEX
  8
8
  10
5161.185133
  20
715.604460
  0
VERTEX
  8
8
  10
5164.769359
  20
716.463856
  0
VERTEX
  8
8
  10
5166.935442
  20
717.094648
  0
VERTEX
  8
8
  10
5168.921388
  20
717.733433
  0
VERTEX
  8
8
  10
5173.151769
  20
719.284163
  0
VERTEX
  8
8
  10
5177.551669
  20
721.170374
  0
VERTEX
  8
8
  10
5181.854304
  20
723.275804
  0
VERTEX
  8
8
  10
5185.808604
  20
725.475412
  0
VERTEX
  8
8
  10
5189.387794
  20
727.735949
  0
VERTEX
  8
8
  10
5192.730583
  20
730.133107
  0
VERTEX
  8
8
  10
5196.112443
  20
732.874463
  0
VERTEX
  8
8
  10
5199.748733
  20
736.156878
  0
VERTEX
  8
8
  10
5203.501083
  20
739.868779
  0
VERTEX
  8
8
  10
5206.737696
  20
743.403198
  0
VERTEX
  8
8
  10
5216.456619
  20
754.902275
  0
VERTEX
  8
8
  10
5221.051025
  20
760.281219
  0
VERTEX
  8
8
  10
5226.552653
  20
745.973400
  0
VERTEX
  8
8
  10
5231.967681
  20
731.818531
  0
VERTEX
  8
8
  10
5234.627387
  20
724.847272
  0
VERTEX
  8
8
  10
5237.317901
  20
717.798555
  0
VERTEX
  8
8
  10
5242.258118
  20
704.860653
  0
VERTEX
  8
8
  10
5242.694075
  20
703.719551
  0
VERTEX
  8
8
  10
5248.161923
  20
689.655248
  0
VERTEX
  8
8
  10
5253.765223
  20
675.644153
  0
VERTEX
  8
8
  10
5254.554650
  20
673.697022
  0
VERTEX
  8
8
  10
5259.493743
  20
661.621194
  0
VERTEX
  8
8
  10
5265.236977
  20
647.667253
  0
VERTEX
  8
8
  10
5265.826015
  20
646.233130
  0
VERTEX
  8
8
  10
5270.970568
  20
633.715405
  0
VERTEX
  8
8
  10
5272.017212
  20
631.171570
  0
VERTEX
  8
8
  10
5272.018707
  20
631.168044
  0
VERTEX
  8
8
  10
5276.707493
  20
619.765195
  0
VERTEX
  8
8
  10
5282.087453
  20
606.681494
  0
VERTEX
  8
8
  10
5282.437382
  20
605.830581
  0
VERTEX
  8
8
  10
5288.163496
  20
591.870163
  0
VERTEX
  8
8
  10
5293.908690
  20
577.916837
  0
VERTEX
  8
8
  10
5295.164980
  20
574.890084
  0
VERTEX
  8
8
  10
5299.789679
  20
563.961689
  0
VERTEX
  8
8
  10
5303.585867
  20
555.513061
  0
VERTEX
  8
8
  10
5304.746814
  20
553.023909
  0
VERTEX
  8
8
  10
5309.928457
  20
542.012496
  0
VERTEX
  8
8
  10
5312.719246
  20
536.618414
  0
VERTEX
  8
8
  10
5314.253642
  20
533.879720
  0
VERTEX
  8
8
  10
5318.789595
  20
525.935054
  0
VERTEX
  8
8
  10
5321.354999
  20
521.895425
  0
VERTEX
  8
8
  10
5323.673933
  20
518.610376
  0
VERTEX
  8
8
  10
5326.783664
  20
514.324775
  0
VERTEX
  8
8
  10
5329.483838
  20
511.063892
  0
VERTEX
  8
8
  10
5332.645816
  20
507.625634
  0
VERTEX
  8
8
  10
5335.765833
  20
504.600583
  0
VERTEX
  8
8
  10
5337.793675
  20
502.800663
  0
VERTEX
  8
8
  10
5339.341115
  20
501.495536
  0
VERTEX
  8
8
  10
5343.527695
  20
498.198623
  0
VERTEX
  8
8
  10
5347.861861
  20
495.083884
  0
VERTEX
  8
8
  10
5352.276925
  20
492.218873
  0
VERTEX
  8
8
  10
5363.834229
  20
485.321236
  0
VERTEX
  8
8
  10
5324.645996
  20
283.089352
  0
VERTEX
  8
8
  10
5324.645996
  20
283.089352
  0
VERTEX
  8
8
  10
5285.238037
  20
79.718752
  0
VERTEX
  8
8
  10
5269.669217
  20
79.721608
  0
VERTEX
  8
8
  10
5254.245417
  20
79.725552
  0
VERTEX
  8
8
  10
5239.132774
  20
79.730512
  0
VERTEX
  8
8
  10
5223.932057
  20
79.736835
  0
VERTEX
  8
8
  10
5208.861714
  20
79.744317
  0
VERTEX
  8
8
  10
5193.791308
  20
79.751422
  0
VERTEX
  8
8
  10
5178.720787
  20
79.756284
  0
VERTEX
  8
8
  10
5169.251524
  20
79.757477
  0
VERTEX
  8
8
  10
5163.535962
  20
79.757985
  0
VERTEX
  8
8
  10
5157.634765
  20
79.758544
  0
VERTEX
  8
8
  10
5157.634277
  20
79.758544
  0
VERTEX
  8
8
  10
5148.280985
  20
79.759395
  0
VERTEX
  8
8
  10
5146.019708
  20
79.759613
  0
VERTEX
  8
8
  10
5133.028380
  20
79.760963
  0
VERTEX
  8
8
  10
5117.992645
  20
79.761888
  0
VERTEX
  8
8
  10
5102.922233
  20
79.761685
  0
VERTEX
  8
8
  10
5087.851812
  20
79.761061
  0
VERTEX
  8
8
  10
5072.375397
  20
79.760821
  0
VERTEX
  8
8
  10
5057.338257
  20
79.761443
  0
SEQEND
  8
8
  0
POINT
  8
2
 10
5057.338257
 20
79.761443
  0
TEXT
  8
2
 10
5057.338257
 20
79.761443
 40
0.000000
 50
0.000000
  1
# 557
  0
POINT
  8
2
 10
4976.166077
 20
485.513992
  0
TEXT
  8
2
 10
4976.166077
 20
485.513992
 40
0.000000
 50
0.000000
  1
# 558
  0
POINT
  8
2
 10
5075.474243
 20
741.926270
  0
TEXT
  8
2
 10
5075.474243
 20
741.926270
 40
0.000000
 50
0.000000
  1
# 559
  0
POINT
  8
2
 10
5156.240234
 20
714.758835
  0
TEXT
  8
2
 10
5156.240234
 20
714.758835
 40
0.000000
 50
0.000000
  1
# 560
  0
POINT
  8
2
 10
5221.051025
 20
760.281219
  0
TEXT
  8
2
 10
5221.051025
 20
760.281219
 40
0.000000
 50
0.000000
  1
# 561
  0
POINT
  8
2
 10
5363.834229
 20
485.321236
  0
TEXT
  8
2
 10
5363.834229
 20
485.321236
 40
0.000000
 50
0.000000
  1
# 562
  0
POINT
  8
2
 10
5285.238037
 20
79.718752
  0
TEXT
  8
2
 10
5285.238037
 20
79.718752
 40
0.000000
 50
0.000000
  1
# 563
  0
POINT
  8
2
 10
5057.338257
 20
79.761443
  0
TEXT
  8
2
 10
5057.338257
 20
79.761443
 40
0.000000
 50
0.000000
  1
# 564
  0
POINT
  8
3
 10
4989.186906
 20
492.890137
  0
POINT
  8
3
 10
4991.862785
 20
494.649804
  0
POINT
  8
3
 10
4996.502283
 20
497.770822
  0
POINT
  8
3
 10
4999.640410
 20
500.196267
  0
POINT
  8
3
 10
5001.788922
 20
502.018908
  0
POINT
  8
3
 10
5005.708594
 20
505.434353
  0
POINT
  8
3
 10
5008.304414
 20
508.049372
  0
POINT
  8
3
 10
5010.760134
 20
510.902649
  0
POINT
  8
3
 10
5011.433713
 20
511.716335
  0
POINT
  8
3
 10
5013.648421
 20
514.483085
  0
POINT
  8
3
 10
5015.734931
 20
517.519077
  0
POINT
  8
3
 10
5018.441066
 20
521.973896
  0
POINT
  8
3
 10
5020.933989
 20
526.197155
  0
POINT
  8
3
 10
5022.870752
 20
529.980371
  0
POINT
  8
3
 10
5024.014342
 20
532.469146
  0
POINT
  8
3
 10
5026.465322
 20
537.917349
  0
POINT
  8
3
 10
5026.467590
 20
537.922401
  0
POINT
  8
3
 10
5028.343246
 20
542.227182
  0
POINT
  8
3
 10
5030.047351
 20
546.633396
  0
POINT
  8
3
 10
5032.723712
 20
553.692351
  0
POINT
  8
3
 10
5035.735950
 20
562.769150
  0
POINT
  8
3
 10
5038.539740
 20
571.833193
  0
POINT
  8
3
 10
5039.922367
 20
576.749497
  0
POINT
  8
3
 10
5042.555973
 20
586.305348
  0
POINT
  8
3
 10
5045.340150
 20
596.868972
  0
POINT
  8
3
 10
5048.085424
 20
608.297493
  0
POINT
  8
3
 10
5048.155945
 20
608.604408
  0
POINT
  8
3
 10
5051.355478
 20
622.979424
  0
POINT
  8
3
 10
5052.306373
 20
627.285547
  0
POINT
  8
3
 10
5052.307434
 20
627.289886
  0
POINT
  8
3
 10
5054.260663
 20
636.424201
  0
POINT
  8
3
 10
5057.170942
 20
651.149901
  0
POINT
  8
3
 10
5058.249328
 20
656.657399
  0
POINT
  8
3
 10
5060.114262
 20
665.960402
  0
POINT
  8
3
 10
5061.624766
 20
673.428640
  0
POINT
  8
3
 10
5061.625061
 20
673.430710
  0
POINT
  8
3
 10
5063.096570
 20
680.729330
  0
POINT
  8
3
 10
5063.871140
 20
684.552442
  0
POINT
  8
3
 10
5066.091606
 20
695.516526
  0
POINT
  8
3
 10
5069.067273
 20
710.228507
  0
POINT
  8
3
 10
5072.052890
 20
724.998918
  0
POINT
  8
3
 10
5075.012965
 20
739.644029
  0
POINT
  8
3
 10
5084.781441
 20
735.495838
  0
POINT
  8
3
 10
5093.385618
 20
729.368463
  0
POINT
  8
3
 10
5097.368202
 20
726.826872
  0
POINT
  8
3
 10
5101.063744
 20
724.758179
  0
POINT
  8
3
 10
5105.353364
 20
722.653120
  0
POINT
  8
3
 10
5109.882740
 20
720.707587
  0
POINT
  8
3
 10
5114.448260
 20
719.008981
  0
POINT
  8
3
 10
5119.130894
 20
717.533574
  0
POINT
  8
3
 10
5119.807129
 20
717.341385
  0
POINT
  8
3
 10
5120.245888
 20
717.219406
  0
POINT
  8
3
 10
5123.925750
 20
716.279457
  0
POINT
  8
3
 10
5128.615906
 20
715.304098
  0
POINT
  8
3
 10
5133.210782
 20
714.599377
  0
POINT
  8
3
 10
5138.214336
 20
714.097962
  0
POINT
  8
3
 10
5142.479928
 20
713.883242
  0
POINT
  8
3
 10
5145.773941
 20
713.933666
  0
POINT
  8
3
 10
5150.833420
 20
714.094816
  0
POINT
  8
3
 10
5154.065339
 20
714.458380
  0
POINT
  8
3
 10
5155.906982
 20
714.729462
  0
POINT
  8
3
 10
5156.570393
 20
714.826029
  0
POINT
  8
3
 10
5161.185133
 20
715.604460
  0
POINT
  8
3
 10
5164.769359
 20
716.463856
  0
POINT
  8
3
 10
5166.935442
 20
717.094648
  0
POINT
  8
3
 10
5168.921388
 20
717.733433
  0
POINT
  8
3
 10
5173.151769
 20
719.284163
  0
POINT
  8
3
 10
5177.551669
 20
721.170374
  0
POINT
  8
3
 10
5181.854304
 20
723.275804
  0
POINT
  8
3
 10
5185.808604
 20
725.475412
  0
POINT
  8
3
 10
5189.387794
 20
727.735949
  0
POINT
  8
3
 10
5192.730583
 20
730.133107
  0
POINT
  8
3
 10
5196.112443
 20
732.874463
  0
POINT
  8
3
 10
5199.748733
 20
736.156878
  0
POINT
  8
3
 10
5203.501083
 20
739.868779
  0
POINT
  8
3
 10
5206.737696
 20
743.403198
  0
POINT
  8
3
 10
5216.456619
 20
754.902275
  0
POINT
  8
3
 10
5226.552653
 20
745.973400
  0
POINT
  8
3
 10
5231.967681
 20
731.818531
  0
POINT
  8
3
 10
5234.627387
 20
724.847272
  0
POINT
  8
3
 10
5237.317901
 20
717.798555
  0
POINT
  8
3
 10
5242.258118
 20
704.860653
  0
POINT
  8
3
 10
5242.694075
 20
703.719551
  0
POINT
  8
3
 10
5248.161923
 20
689.655248
  0
POINT
  8
3
 10
5253.765223
 20
675.644153
  0
POINT
  8
3
 10
5254.554650
 20
673.697022
  0
POINT
  8
3
 10
5259.493743
 20
661.621194
  0
POINT
  8
3
 10
5265.236977
 20
647.667253
  0
POINT
  8
3
 10
5265.826015
 20
646.233130
  0
POINT
  8
3
 10
5270.970568
 20
633.715405
  0
POINT
  8
3
 10
5272.017212
 20
631.171570
  0
POINT
  8
3
 10
5272.018707
 20
631.168044
  0
POINT
  8
3
 10
5276.707493
 20
619.765195
  0
POINT
  8
3
 10
5282.087453
 20
606.681494
  0
POINT
  8
3
 10
5282.437382
 20
605.830581
  0
POINT
  8
3
 10
5288.163496
 20
591.870163
  0
POINT
  8
3
 10
5293.908690
 20
577.916837
  0
POINT
  8
3
 10
5295.164980
 20
574.890084
  0
POINT
  8
3
 10
5299.789679
 20
563.961689
  0
POINT
  8
3
 10
5303.585867
 20
555.513061
  0
POINT
  8
3
 10
5304.746814
 20
553.023909
  0
POINT
  8
3
 10
5309.928457
 20
542.012496
  0
POINT
  8
3
 10
5312.719246
 20
536.618414
  0
POINT
  8
3
 10
5314.253642
 20
533.879720
  0
POINT
  8
3
 10
5318.789595
 20
525.935054
  0
POINT
  8
3
 10
5321.354999
 20
521.895425
  0
POINT
  8
3
 10
5323.673933
 20
518.610376
  0
POINT
  8
3
 10
5326.783664
 20
514.324775
  0
POINT
  8
3
 10
5329.483838
 20
511.063892
  0
POINT
  8
3
 10
5332.645816
 20
507.625634
  0
POINT
  8
3
 10
5335.765833
 20
504.600583
  0
POINT
  8
3
 10
5337.793675
 20
502.800663
  0
POINT
  8
3
 10
5339.341115
 20
501.495536
  0
POINT
  8
3
 10
5343.527695
 20
498.198623
  0
POINT
  8
3
 10
5347.861861
 20
495.083884
  0
POINT
  8
3
 10
5352.276925
 20
492.218873
  0
POINT
  8
3
 10
5269.669217
 20
79.721608
  0
POINT
  8
3
 10
5254.245417
 20
79.725552
  0
POINT
  8
3
 10
5239.132774
 20
79.730512
  0
POINT
  8
3
 10
5223.932057
 20
79.736835
  0
POINT
  8
3
 10
5208.861714
 20
79.744317
  0
POINT
  8
3
 10
5193.791308
 20
79.751422
  0
POINT
  8
3
 10
5178.720787
 20
79.756284
  0
POINT
  8
3
 10
5169.251524
 20
79.757477
  0
POINT
  8
3
 10
5163.535962
 20
79.757985
  0
POINT
  8
3
 10
5157.634765
 20
79.758544
  0
POINT
  8
3
 10
5157.634277
 20
79.758544
  0
POINT
  8
3
 10
5148.280985
 20
79.759395
  0
POINT
  8
3
 10
5146.019708
 20
79.759613
  0
POINT
  8
3
 10
5133.028380
 20
79.760963
  0
POINT
  8
3
 10
5117.992645
 20
79.761888
  0
POINT
  8
3
 10
5102.922233
 20
79.761685
  0
POINT
  8
3
 10
5087.851812
 20
79.761061
  0
POINT
  8
3
 10
5072.375397
 20
79.760821
  0
POINT
  8
3
 10
4991.862785
 20
494.649804
  0
TEXT
  8
3
 10
4991.862785
 20
494.649804
 40
0.000000
 50
0.000000
  1
# 565
  0
POINT
  8
3
 10
5001.788922
 20
502.018908
  0
TEXT
  8
3
 10
5001.788922
 20
502.018908
 40
0.000000
 50
0.000000
  1
# 566
  0
POINT
  8
3
 10
5011.433713
 20
511.716335
  0
TEXT
  8
3
 10
5011.433713
 20
511.716335
 40
0.000000
 50
0.000000
  1
# 567
  0
POINT
  8
3
 10
5018.441066
 20
521.973896
  0
TEXT
  8
3
 10
5018.441066
 20
521.973896
 40
0.000000
 50
0.000000
  1
# 568
  0
POINT
  8
3
 10
5024.014342
 20
532.469146
  0
TEXT
  8
3
 10
5024.014342
 20
532.469146
 40
0.000000
 50
0.000000
  1
# 569
  0
POINT
  8
3
 10
5026.465322
 20
537.917349
  0
TEXT
  8
3
 10
5026.465322
 20
537.917349
 40
0.000000
 50
0.000000
  1
# 570
  0
POINT
  8
3
 10
5030.047351
 20
546.633396
  0
TEXT
  8
3
 10
5030.047351
 20
546.633396
 40
0.000000
 50
0.000000
  1
# 571
  0
POINT
  8
3
 10
5039.922367
 20
576.749497
  0
TEXT
  8
3
 10
5039.922367
 20
576.749497
 40
0.000000
 50
0.000000
  1
# 572
  0
POINT
  8
3
 10
5048.155945
 20
608.604408
  0
TEXT
  8
3
 10
5048.155945
 20
608.604408
 40
0.000000
 50
0.000000
  1
# 573
  0
POINT
  8
3
 10
5052.306373
 20
627.285547
  0
TEXT
  8
3
 10
5052.306373
 20
627.285547
 40
0.000000
 50
0.000000
  1
# 574
  0
POINT
  8
3
 10
5058.249328
 20
656.657399
  0
TEXT
  8
3
 10
5058.249328
 20
656.657399
 40
0.000000
 50
0.000000
  1
# 575
  0
POINT
  8
3
 10
5061.624766
 20
673.428640
  0
TEXT
  8
3
 10
5061.624766
 20
673.428640
 40
0.000000
 50
0.000000
  1
# 576
  0
POINT
  8
3
 10
5063.871140
 20
684.552442
  0
TEXT
  8
3
 10
5063.871140
 20
684.552442
 40
0.000000
 50
0.000000
  1
# 577
  0
POINT
  8
3
 10
5120.245888
 20
717.219406
  0
TEXT
  8
3
 10
5120.245888
 20
717.219406
 40
0.000000
 50
0.000000
  1
# 578
  0
POINT
  8
3
 10
5145.773941
 20
713.933666
  0
TEXT
  8
3
 10
5145.773941
 20
713.933666
 40
0.000000
 50
0.000000
  1
# 579
  0
POINT
  8
3
 10
5156.570393
 20
714.826029
  0
TEXT
  8
3
 10
5156.570393
 20
714.826029
 40
0.000000
 50
0.000000
  1
# 580
  0
POINT
  8
3
 10
5166.935442
 20
717.094648
  0
TEXT
  8
3
 10
5166.935442
 20
717.094648
 40
0.000000
 50
0.000000
  1
# 581
  0
POINT
  8
3
 10
5234.627387
 20
724.847272
  0
TEXT
  8
3
 10
5234.627387
 20
724.847272
 40
0.000000
 50
0.000000
  1
# 582
  0
POINT
  8
3
 10
5242.258118
 20
704.860653
  0
TEXT
  8
3
 10
5242.258118
 20
704.860653
 40
0.000000
 50
0.000000
  1
# 583
  0
POINT
  8
3
 10
5254.554650
 20
673.697022
  0
TEXT
  8
3
 10
5254.554650
 20
673.697022
 40
0.000000
 50
0.000000
  1
# 584
  0
POINT
  8
3
 10
5265.826015
 20
646.233130
  0
TEXT
  8
3
 10
5265.826015
 20
646.233130
 40
0.000000
 50
0.000000
  1
# 585
  0
POINT
  8
3
 10
5272.018707
 20
631.168044
  0
TEXT
  8
3
 10
5272.018707
 20
631.168044
 40
0.000000
 50
0.000000
  1
# 586
  0
POINT
  8
3
 10
5282.087453
 20
606.681494
  0
TEXT
  8
3
 10
5282.087453
 20
606.681494
 40
0.000000
 50
0.000000
  1
# 587
  0
POINT
  8
3
 10
5295.164980
 20
574.890084
  0
TEXT
  8
3
 10
5295.164980
 20
574.890084
 40
0.000000
 50
0.000000
  1
# 588
  0
POINT
  8
3
 10
5304.746814
 20
553.023909
  0
TEXT
  8
3
 10
5304.746814
 20
553.023909
 40
0.000000
 50
0.000000
  1
# 589
  0
POINT
  8
3
 10
5314.253642
 20
533.879720
  0
TEXT
  8
3
 10
5314.253642
 20
533.879720
 40
0.000000
 50
0.000000
  1
# 590
  0
POINT
  8
3
 10
5323.673933
 20
518.610376
  0
TEXT
  8
3
 10
5323.673933
 20
518.610376
 40
0.000000
 50
0.000000
  1
# 591
  0
POINT
  8
3
 10
5337.793675
 20
502.800663
  0
TEXT
  8
3
 10
5337.793675
 20
502.800663
 40
0.000000
 50
0.000000
  1
# 592
  0
POINT
  8
3
 10
5169.251524
 20
79.757477
  0
TEXT
  8
3
 10
5169.251524
 20
79.757477
 40
0.000000
 50
0.000000
  1
# 593
  0
POINT
  8
3
 10
5157.634765
 20
79.758544
  0
TEXT
  8
3
 10
5157.634765
 20
79.758544
 40
0.000000
 50
0.000000
  1
# 594
  0
POINT
  8
3
 10
5146.019708
 20
79.759613
  0
TEXT
  8
3
 10
5146.019708
 20
79.759613
 40
0.000000
 50
0.000000
  1
# 595
  0
POINT
  8
4
 10
5016.668396
 20
283.056145
 30
1.000000
 50
 11.31
  0
TEXT
  8
4
 10
5016.668396
 20
283.056145
 40
0.000000
 50
0.000000
  1
# 596
  0
POINT
  8
4
 10
5026.467590
 20
537.922401
 30
1.000000
 50
335.78
  0
TEXT
  8
4
 10
5026.467590
 20
537.922401
 40
0.000000
 50
0.000000
  1
# 597
  0
POINT
  8
4
 10
5052.307434
 20
627.289886
 30
1.000000
 50
347.49
  0
TEXT
  8
4
 10
5052.307434
 20
627.289886
 40
0.000000
 50
0.000000
  1
# 598
  0
POINT
  8
4
 10
5061.625061
 20
673.430710
 30
1.000000
 50
348.62
  0
TEXT
  8
4
 10
5061.625061
 20
673.430710
 40
0.000000
 50
0.000000
  1
# 599
  0
POINT
  8
4
 10
5119.807129
 20
717.341385
 30
1.000000
 50
252.60
  0
TEXT
  8
4
 10
5119.807129
 20
717.341385
 40
0.000000
 50
0.000000
  1
# 600
  0
POINT
  8
4
 10
5155.906982
 20
714.729462
 30
1.000000
 50
 94.62
  0
TEXT
  8
4
 10
5155.906982
 20
714.729462
 40
0.000000
 50
0.000000
  1
# 601
  0
POINT
  8
4
 10
5272.017212
 20
631.171570
 30
1.000000
 50
202.35
  0
TEXT
  8
4
 10
5272.017212
 20
631.171570
 40
0.000000
 50
0.000000
  1
# 602
  0
POINT
  8
4
 10
5324.645996
 20
283.089352
 30
1.000000
 50
169.03
  0
TEXT
  8
4
 10
5324.645996
 20
283.089352
 40
0.000000
 50
0.000000
  1
# 603
  0
POINT
  8
4
 10
5157.634277
 20
79.758544
 30
1.000000
 50
 89.99
  0
TEXT
  8
4
 10
5157.634277
 20
79.758544
 40
0.000000
 50
0.000000
  1
# 604
  0
POLYLINE
  8
11
  66
1
  70
0
  0
VERTEX
  8
1
  10
5064.716187
  20
88.761139
  0
VERTEX
  8
1
  10
5025.493469
  20
284.821663
  0
VERTEX
  8
1
  10
5025.493469
  20
284.821663
  0
VERTEX
  8
1
  10
4986.270752
  20
480.882149
  0
SEQEND
  8
11
  0
POINT
  8
2
 10
5064.716187
 20
88.761139
  0
TEXT
  8
2
 10
5064.716187
 20
88.761139
 40
0.000000
 50
0.000000
  1
# 605
  0
POINT
  8
2
 10
4986.270752
 20
480.882149
  0
TEXT
  8
2
 10
4986.270752
 20
480.882149
 40
0.000000
 50
0.000000
  1
# 606
  0
POINT
  8
4
 10
5025.493469
 20
284.821663
 30
1.000000
 50
 11.31
  0
TEXT
  8
4
 10
5025.493469
 20
284.821663
 40
0.000000
 50
0.000000
  1
# 607
  0
POLYLINE
  8
11
  66
1
  70
0
  0
VERTEX
  8
1
  10
4986.270752
  20
480.882149
  0
VERTEX
  8
1
  10
4990.571544
  20
483.213977
  0
VERTEX
  8
1
  10
4995.399260
  20
486.155614
  0
VERTEX
  8
1
  10
4996.814467
  20
487.073071
  0
VERTEX
  8
1
  10
4999.941288
  20
489.200977
  0
VERTEX
  8
1
  10
5004.205279
  20
492.346030
  0
VERTEX
  8
1
  10
5007.649033
  20
495.128010
  0
VERTEX
  8
1
  10
5008.123808
  20
495.531248
  0
VERTEX
  8
1
  10
5011.663430
  20
498.714982
  0
VERTEX
  8
1
  10
5014.856850
  20
501.914586
  0
VERTEX
  8
1
  10
5017.631786
  20
505.034468
  0
VERTEX
  8
1
  10
5018.372828
  20
505.931106
  0
VERTEX
  8
1
  10
5020.391295
  20
508.519313
  0
VERTEX
  8
1
  10
5023.091057
  20
512.336466
  0
VERTEX
  8
1
  10
5025.767995
  20
516.556443
  0
VERTEX
  8
1
  10
5026.195636
  20
517.273196
  0
VERTEX
  8
1
  10
5028.494048
  20
521.336065
  0
VERTEX
  8
1
  10
5031.273748
  20
526.740626
  0
VERTEX
  8
1
  10
5032.248217
  20
528.764923
  0
VERTEX
  8
1
  10
5034.133768
  20
532.871149
  0
VERTEX
  8
1
  10
5034.721231
  20
534.202883
  0
VERTEX
  8
1
  10
5034.722900
  20
534.206657
  0
VERTEX
  8
1
  10
5036.948432
  20
539.491065
  0
VERTEX
  8
1
  10
5038.461730
  20
543.314781
  0
VERTEX
  8
1
  10
5039.753574
  20
546.736836
  0
VERTEX
  8
1
  10
5042.551339
  20
554.672509
  0
VERTEX
  8
1
  10
5045.486382
  20
563.783076
  0
VERTEX
  8
1
  10
5048.623604
  20
574.367319
  0
VERTEX
  8
1
  10
5048.709036
  20
574.666776
  0
VERTEX
  8
1
  10
5051.921356
  20
586.388635
  0
VERTEX
  8
1
  10
5055.149206
  20
599.125194
  0
VERTEX
  8
1
  10
5056.898835
  20
606.453885
  0
VERTEX
  8
1
  10
5058.399503
  20
612.984209
  0
VERTEX
  8
1
  10
5061.106894
  20
625.332563
  0
VERTEX
  8
1
  10
5061.107788
  20
625.336800
  0
VERTEX
  8
1
  10
5061.609811
  20
627.704223
  0
VERTEX
  8
1
  10
5064.656665
  20
642.508466
  0
VERTEX
  8
1
  10
5067.124855
  20
654.871521
  0
VERTEX
  8
1
  10
5067.609729
  20
657.316914
  0
VERTEX
  8
1
  10
5070.454024
  20
671.651280
  0
VERTEX
  8
1
  10
5070.454407
  20
671.653214
  0
VERTEX
  8
1
  10
5070.545410
  20
672.109876
  0
VERTEX
  8
1
  10
5073.501986
  20
686.869468
  0
VERTEX
  8
1
  10
5076.493133
  20
701.689160
  0
VERTEX
  8
1
  10
5079.478675
  20
716.392439
  0
VERTEX
  8
1
  10
5081.603699
  20
726.804199
  0
SEQEND
  8
11
  0
POINT
  8
2
 10
4986.270752
 20
480.882149
  0
TEXT
  8
2
 10
4986.270752
 20
480.882149
 40
0.000000
 50
0.000000
  1
# 608
  0
POINT
  8
2
 10
5081.603699
 20
726.804199
  0
TEXT
  8
2
 10
5081.603699
 20
726.804199
 40
0.000000
 50
0.000000
  1
# 609
  0
POINT
  8
3
 10
4990.571544
 20
483.213977
  0
POINT
  8
3
 10
4995.399260
 20
486.155614
  0
POINT
  8
3
 10
4996.814467
 20
487.073071
  0
POINT
  8
3
 10
4999.941288
 20
489.200977
  0
POINT
  8
3
 10
5004.205279
 20
492.346030
  0
POINT
  8
3
 10
5007.649033
 20
495.128010
  0
POINT
  8
3
 10
5008.123808
 20
495.531248
  0
POINT
  8
3
 10
5011.663430
 20
498.714982
  0
POINT
  8
3
 10
5014.856850
 20
501.914586
  0
POINT
  8
3
 10
5017.631786
 20
505.034468
  0
POINT
  8
3
 10
5018.372828
 20
505.931106
  0
POINT
  8
3
 10
5020.391295
 20
508.519313
  0
POINT
  8
3
 10
5023.091057
 20
512.336466
  0
POINT
  8
3
 10
5025.767995
 20
516.556443
  0
POINT
  8
3
 10
5026.195636
 20
517.273196
  0
POINT
  8
3
 10
5028.494048
 20
521.336065
  0
POINT
  8
3
 10
5031.273748
 20
526.740626
  0
POINT
  8
3
 10
5032.248217
 20
528.764923
  0
POINT
  8
3
 10
5034.133768
 20
532.871149
  0
POINT
  8
3
 10
5034.721231
 20
534.202883
  0
POINT
  8
3
 10
5034.722900
 20
534.206657
  0
POINT
  8
3
 10
5036.948432
 20
539.491065
  0
POINT
  8
3
 10
5038.461730
 20
543.314781
  0
POINT
  8
3
 10
5039.753574
 20
546.736836
  0
POINT
  8
3
 10
5042.551339
 20
554.672509
  0
POINT
  8
3
 10
5045.486382
 20
563.783076
  0
POINT
  8
3
 10
5048.623604
 20
574.367319
  0
POINT
  8
3
 10
5048.709036
 20
574.666776
  0
POINT
  8
3
 10
5051.921356
 20
586.388635
  0
POINT
  8
3
 10
5055.149206
 20
599.125194
  0
POINT
  8
3
 10
5056.898835
 20
606.453885
  0
POINT
  8
3
 10
5058.399503
 20
612.984209
  0
POINT
  8
3
 10
5061.106894
 20
625.332563
  0
POINT
  8
3
 10
5061.107788
 20
625.336800
  0
POINT
  8
3
 10
5061.609811
 20
627.704223
  0
POINT
  8
3
 10
5064.656665
 20
642.508466
  0
POINT
  8
3
 10
5067.124855
 20
654.871521
  0
POINT
  8
3
 10
5067.609729
 20
657.316914
  0
POINT
  8
3
 10
5070.454024
 20
671.651280
  0
POINT
  8
3
 10
5070.454407
 20
671.653214
  0
POINT
  8
3
 10
5070.545410
 20
672.109876
  0
POINT
  8
3
 10
5073.501986
 20
686.869468
  0
POINT
  8
3
 10
5076.493133
 20
701.689160
  0
POINT
  8
3
 10
5079.478675
 20
716.392439
  0
POINT
  8
3
 10
4996.814467
 20
487.073071
  0
TEXT
  8
3
 10
4996.814467
 20
487.073071
 40
0.000000
 50
0.000000
  1
# 610
  0
POINT
  8
3
 10
5007.649033
 20
495.128010
  0
TEXT
  8
3
 10
5007.649033
 20
495.128010
 40
0.000000
 50
0.000000
  1
# 611
  0
POINT
  8
3
 10
5018.372828
 20
505.931106
  0
TEXT
  8
3
 10
5018.372828
 20
505.931106
 40
0.000000
 50
0.000000
  1
# 612
  0
POINT
  8
3
 10
5026.195636
 20
517.273196
  0
TEXT
  8
3
 10
5026.195636
 20
517.273196
 40
0.000000
 50
0.000000
  1
# 613
  0
POINT
  8
3
 10
5032.248217
 20
528.764923
  0
TEXT
  8
3
 10
5032.248217
 20
528.764923
 40
0.000000
 50
0.000000
  1
# 614
  0
POINT
  8
3
 10
5034.721231
 20
534.202883
  0
TEXT
  8
3
 10
5034.721231
 20
534.202883
 40
0.000000
 50
0.000000
  1
# 615
  0
POINT
  8
3
 10
5038.461730
 20
543.314781
  0
TEXT
  8
3
 10
5038.461730
 20
543.314781
 40
0.000000
 50
0.000000
  1
# 616
  0
POINT
  8
3
 10
5048.623604
 20
574.367319
  0
TEXT
  8
3
 10
5048.623604
 20
574.367319
 40
0.000000
 50
0.000000
  1
# 617
  0
POINT
  8
3
 10
5056.898835
 20
606.453885
  0
TEXT
  8
3
 10
5056.898835
 20
606.453885
 40
0.000000
 50
0.000000
  1
# 618
  0
POINT
  8
3
 10
5061.106894
 20
625.332563
  0
TEXT
  8
3
 10
5061.106894
 20
625.332563
 40
0.000000
 50
0.000000
  1
# 619
  0
POINT
  8
3
 10
5067.124855
 20
654.871521
  0
TEXT
  8
3
 10
5067.124855
 20
654.871521
 40
0.000000
 50
0.000000
  1
# 620
  0
POINT
  8
3
 10
5070.454024
 20
671.651280
  0
TEXT
  8
3
 10
5070.454024
 20
671.651280
 40
0.000000
 50
0.000000
  1
# 621
  0
POINT
  8
4
 10
5034.722900
 20
534.206657
 30
1.000000
 50
336.39
  0
TEXT
  8
4
 10
5034.722900
 20
534.206657
 40
0.000000
 50
0.000000
  1
# 622
  0
POINT
  8
4
 10
5061.107788
 20
625.336800
 30
1.000000
 50
347.97
  0
TEXT
  8
4
 10
5061.107788
 20
625.336800
 40
0.000000
 50
0.000000
  1
# 623
  0
POINT
  8
4
 10
5070.454407
 20
671.653214
 30
1.000000
 50
348.73
  0
TEXT
  8
4
 10
5070.454407
 20
671.653214
 40
0.000000
 50
0.000000
  1
# 624
  0
POLYLINE
  8
11
  66
1
  70
0
  0
VERTEX
  8
1
  10
5081.603699
  20
726.804199
  0
VERTEX
  8
1
  10
5087.082625
  20
722.781973
  0
VERTEX
  8
1
  10
5091.160397
  20
720.074354
  0
VERTEX
  8
1
  10
5095.042272
  20
717.781751
  0
VERTEX
  8
1
  10
5099.278687
  20
715.574258
  0
VERTEX
  8
1
  10
5103.905341
  20
713.446652
  0
VERTEX
  8
1
  10
5108.706818
  20
711.511130
  0
VERTEX
  8
1
  10
5113.525059
  20
709.830705
  0
VERTEX
  8
1
  10
5117.587891
  20
708.610840
  0
VERTEX
  8
1
  10
5117.588443
  20
708.610746
  0
VERTEX
  8
1
  10
5118.422820
  20
708.382001
  0
VERTEX
  8
1
  10
5123.370264
  20
707.175541
  0
VERTEX
  8
1
  10
5128.297581
  20
706.226627
  0
VERTEX
  8
1
  10
5133.233327
  20
705.527827
  0
VERTEX
  8
1
  10
5138.140499
  20
705.083343
  0
VERTEX
  8
1
  10
5143.036970
  20
704.889136
  0
VERTEX
  8
1
  10
5146.020381
  20
704.892783
  0
VERTEX
  8
1
  10
5147.845730
  20
704.941472
  0
VERTEX
  8
1
  10
5152.273665
  20
705.226482
  0
VERTEX
  8
1
  10
5157.636719
  20
705.865784
  0
VERTEX
  8
1
  10
5157.636719
  20
705.865784
  0
SEQEND
  8
11
  0
POINT
  8
2
 10
5081.603699
 20
726.804199
  0
TEXT
  8
2
 10
5081.603699
 20
726.804199
 40
0.000000
 50
0.000000
  1
# 625
  0
POINT
  8
2
 10
5157.636719
 20
705.865784
  0
TEXT
  8
2
 10
5157.636719
 20
705.865784
 40
0.000000
 50
0.000000
  1
# 626
  0
POINT
  8
3
 10
5087.082625
 20
722.781973
  0
POINT
  8
3
 10
5091.160397
 20
720.074354
  0
POINT
  8
3
 10
5095.042272
 20
717.781751
  0
POINT
  8
3
 10
5099.278687
 20
715.574258
  0
POINT
  8
3
 10
5103.905341
 20
713.446652
  0
POINT
  8
3
 10
5108.706818
 20
711.511130
  0
POINT
  8
3
 10
5113.525059
 20
709.830705
  0
POINT
  8
3
 10
5117.587891
 20
708.610840
  0
POINT
  8
3
 10
5117.588443
 20
708.610746
  0
POINT
  8
3
 10
5118.422820
 20
708.382001
  0
POINT
  8
3
 10
5123.370264
 20
707.175541
  0
POINT
  8
3
 10
5128.297581
 20
706.226627
  0
POINT
  8
3
 10
5133.233327
 20
705.527827
  0
POINT
  8
3
 10
5138.140499
 20
705.083343
  0
POINT
  8
3
 10
5143.036970
 20
704.889136
  0
POINT
  8
3
 10
5146.020381
 20
704.892783
  0
POINT
  8
3
 10
5147.845730
 20
704.941472
  0
POINT
  8
3
 10
5152.273665
 20
705.226482
  0
POINT
  8
3
 10
5157.636719
 20
705.865784
  0
POINT
  8
3
 10
5117.588443
 20
708.610746
  0
TEXT
  8
3
 10
5117.588443
 20
708.610746
 40
0.000000
 50
0.000000
  1
# 627
  0
POINT
  8
3
 10
5146.020381
 20
704.892783
  0
TEXT
  8
3
 10
5146.020381
 20
704.892783
 40
0.000000
 50
0.000000
  1
# 628
  0
POINT
  8
4
 10
5117.587891
 20
708.610840
 30
1.000000
 50
254.43
  0
TEXT
  8
4
 10
5117.587891
 20
708.610840
 40
0.000000
 50
0.000000
  1
# 629
  0
POINT
  8
4
 10
5157.636719
 20
705.865784
 30
1.000000
 50
275.80
  0
TEXT
  8
4
 10
5157.636719
 20
705.865784
 40
0.000000
 50
0.000000
  1
# 630
  0
POLYLINE
  8
11
  66
1
  70
0
  0
VERTEX
  8
1
  10
5157.636719
  20
705.865784
  0
VERTEX
  8
1
  10
5162.898899
  20
706.769474
  0
VERTEX
  8
1
  10
5166.769453
  20
707.681150
  0
VERTEX
  8
1
  10
5169.269394
  20
708.397055
  0
VERTEX
  8
1
  10
5171.098192
  20
708.973460
  0
VERTEX
  8
1
  10
5175.543793
  20
710.555674
  0
VERTEX
  8
1
  10
5180.109387
  20
712.450492
  0
VERTEX
  8
1
  10
5184.762535
  20
714.653045
  0
VERTEX
  8
1
  10
5188.993172
  20
716.917851
  0
VERTEX
  8
1
  10
5192.957266
  20
719.312786
  0
VERTEX
  8
1
  10
5196.624675
  20
721.813552
  0
VERTEX
  8
1
  10
5200.106598
  20
724.487576
  0
VERTEX
  8
1
  10
5203.756550
  20
727.609327
  0
VERTEX
  8
1
  10
5207.673371
  20
731.296785
  0
VERTEX
  8
1
  10
5211.401694
  20
735.129311
  0
VERTEX
  8
1
  10
5215.020703
  20
739.211826
  0
VERTEX
  8
1
  10
5218.103638
  20
742.956772
  0
SEQEND
  8
11
  0
POINT
  8
2
 10
5157.636719
 20
705.865784
  0
TEXT
  8
2
 10
5157.636719
 20
705.865784
 40
0.000000
 50
0.000000
  1
# 631
  0
POINT
  8
2
 10
5218.103638
 20
742.956772
  0
TEXT
  8
2
 10
5218.103638
 20
742.956772
 40
0.000000
 50
0.000000
  1
# 632
  0
POINT
  8
3
 10
5162.898899
 20
706.769474
  0
POINT
  8
3
 10
5166.769453
 20
707.681150
  0
POINT
  8
3
 10
5169.269394
 20
708.397055
  0
POINT
  8
3
 10
5171.098192
 20
708.973460
  0
POINT
  8
3
 10
5175.543793
 20
710.555674
  0
POINT
  8
3
 10
5180.109387
 20
712.450492
  0
POINT
  8
3
 10
5184.762535
 20
714.653045
  0
POINT
  8
3
 10
5188.993172
 20
716.917851
  0
POINT
  8
3
 10
5192.957266
 20
719.312786
  0
POINT
  8
3
 10
5196.624675
 20
721.813552
  0
POINT
  8
3
 10
5200.106598
 20
724.487576
  0
POINT
  8
3
 10
5203.756550
 20
727.609327
  0
POINT
  8
3
 10
5207.673371
 20
731.296785
  0
POINT
  8
3
 10
5211.401694
 20
735.129311
  0
POINT
  8
3
 10
5215.020703
 20
739.211826
  0
POINT
  8
3
 10
5169.269394
 20
708.397055
  0
TEXT
  8
3
 10
5169.269394
 20
708.397055
 40
0.000000
 50
0.000000
  1
# 633
  0
POLYLINE
  8
11
  66
1
  70
0
  0
VERTEX
  8
1
  10
5218.103638
  20
742.956772
  0
VERTEX
  8
1
  10
5223.501136
  20
728.649999
  0
VERTEX
  8
1
  10
5226.171580
  20
721.619464
  0
VERTEX
  8
1
  10
5228.862302
  20
714.578378
  0
VERTEX
  8
1
  10
5233.846562
  20
701.649371
  0
VERTEX
  8
1
  10
5234.310309
  20
700.453611
  0
VERTEX
  8
1
  10
5239.799530
  20
686.413280
  0
VERTEX
  8
1
  10
5245.372344
  20
672.405996
  0
VERTEX
  8
1
  10
5246.228000
  20
670.280059
  0
VERTEX
  8
1
  10
5251.025132
  20
658.478777
  0
VERTEX
  8
1
  10
5256.771550
  20
644.541938
  0
VERTEX
  8
1
  10
5257.489211
  20
642.812183
  0
VERTEX
  8
1
  10
5262.577986
  20
630.558853
  0
VERTEX
  8
1
  10
5263.734131
  20
627.764626
  0
VERTEX
  8
1
  10
5263.735378
  20
627.762201
  0
VERTEX
  8
1
  10
5268.320625
  20
616.608043
  0
VERTEX
  8
1
  10
5273.761757
  20
603.256943
  0
VERTEX
  8
1
  10
5274.045525
  20
602.558669
  0
VERTEX
  8
1
  10
5279.736591
  20
588.599137
  0
VERTEX
  8
1
  10
5285.498316
  20
574.668589
  0
VERTEX
  8
1
  10
5286.904897
  20
571.316694
  0
VERTEX
  8
1
  10
5291.420448
  20
560.740138
  0
VERTEX
  8
1
  10
5296.548236
  20
549.207324
  0
VERTEX
  8
1
  10
5296.548360
  20
549.207053
  0
VERTEX
  8
1
  10
5300.725564
  20
540.375079
  0
VERTEX
  8
1
  10
5304.481964
  20
532.983134
  0
VERTEX
  8
1
  10
5306.393367
  20
529.431396
  0
VERTEX
  8
1
  10
5308.141026
  20
526.306958
  0
VERTEX
  8
1
  10
5311.594066
  20
520.490613
  0
VERTEX
  8
1
  10
5314.897717
  20
515.388747
  0
VERTEX
  8
1
  10
5316.304840
  20
513.356238
  0
VERTEX
  8
1
  10
5318.075862
  20
510.916641
  0
VERTEX
  8
1
  10
5321.188084
  20
506.942192
  0
VERTEX
  8
1
  10
5324.381157
  20
503.265469
  0
VERTEX
  8
1
  10
5327.580464
  20
499.959048
  0
VERTEX
  8
1
  10
5331.033998
  20
496.754465
  0
VERTEX
  8
1
  10
5331.696179
  20
496.175475
  0
VERTEX
  8
1
  10
5335.027433
  20
493.403245
  0
VERTEX
  8
1
  10
5339.608768
  20
489.900505
  0
VERTEX
  8
1
  10
5344.174282
  20
486.717115
  0
VERTEX
  8
1
  10
5348.954353
  20
483.698202
  0
VERTEX
  8
1
  10
5353.806152
  20
480.882187
  0
SEQEND
  8
11
  0
POINT
  8
2
 10
5218.103638
 20
742.956772
  0
TEXT
  8
2
 10
5218.103638
 20
742.956772
 40
0.000000
 50
0.000000
  1
# 634
  0
POINT
  8
2
 10
5353.806152
 20
480.882187
  0
TEXT
  8
2
 10
5353.806152
 20
480.882187
 40
0.000000
 50
0.000000
  1
# 635
  0
POINT
  8
3
 10
5223.501136
 20
728.649999
  0
POINT
  8
3
 10
5226.171580
 20
721.619464
  0
POINT
  8
3
 10
5228.862302
 20
714.578378
  0
POINT
  8
3
 10
5233.846562
 20
701.649371
  0
POINT
  8
3
 10
5234.310309
 20
700.453611
  0
POINT
  8
3
 10
5239.799530
 20
686.413280
  0
POINT
  8
3
 10
5245.372344
 20
672.405996
  0
POINT
  8
3
 10
5246.228000
 20
670.280059
  0
POINT
  8
3
 10
5251.025132
 20
658.478777
  0
POINT
  8
3
 10
5256.771550
 20
644.541938
  0
POINT
  8
3
 10
5257.489211
 20
642.812183
  0
POINT
  8
3
 10
5262.577986
 20
630.558853
  0
POINT
  8
3
 10
5263.734131
 20
627.764626
  0
POINT
  8
3
 10
5263.735378
 20
627.762201
  0
POINT
  8
3
 10
5268.320625
 20
616.608043
  0
POINT
  8
3
 10
5273.761757
 20
603.256943
  0
POINT
  8
3
 10
5274.045525
 20
602.558669
  0
POINT
  8
3
 10
5279.736591
 20
588.599137
  0
POINT
  8
3
 10
5285.498316
 20
574.668589
  0
POINT
  8
3
 10
5286.904897
 20
571.316694
  0
POINT
  8
3
 10
5291.420448
 20
560.740138
  0
POINT
  8
3
 10
5296.548236
 20
549.207324
  0
POINT
  8
3
 10
5296.548360
 20
549.207053
  0
POINT
  8
3
 10
5300.725564
 20
540.375079
  0
POINT
  8
3
 10
5304.481964
 20
532.983134
  0
POINT
  8
3
 10
5306.393367
 20
529.431396
  0
POINT
  8
3
 10
5308.141026
 20
526.306958
  0
POINT
  8
3
 10
5311.594066
 20
520.490613
  0
POINT
  8
3
 10
5314.897717
 20
515.388747
  0
POINT
  8
3
 10
5316.304840
 20
513.356238
  0
POINT
  8
3
 10
5318.075862
 20
510.916641
  0
POINT
  8
3
 10
5321.188084
 20
506.942192
  0
POINT
  8
3
 10
5324.381157
 20
503.265469
  0
POINT
  8
3
 10
5327.580464
 20
499.959048
  0
POINT
  8
3
 10
5331.033998
 20
496.754465
  0
POINT
  8
3
 10
5331.696179
 20
496.175475
  0
POINT
  8
3
 10
5335.027433
 20
493.403245
  0
POINT
  8
3
 10
5339.608768
 20
489.900505
  0
POINT
  8
3
 10
5344.174282
 20
486.717115
  0
POINT
  8
3
 10
5348.954353
 20
483.698202
  0
POINT
  8
3
 10
5226.171580
 20
721.619464
  0
TEXT
  8
3
 10
5226.171580
 20
721.619464
 40
0.000000
 50
0.000000
  1
# 636
  0
POINT
  8
3
 10
5233.846562
 20
701.649371
  0
TEXT
  8
3
 10
5233.846562
 20
701.649371
 40
0.000000
 50
0.000000
  1
# 637
  0
POINT
  8
3
 10
5246.228000
 20
670.280059
  0
TEXT
  8
3
 10
5246.228000
 20
670.280059
 40
0.000000
 50
0.000000
  1
# 638
  0
POINT
  8
3
 10
5257.489211
 20
642.812183
  0
TEXT
  8
3
 10
5257.489211
 20
642.812183
 40
0.000000
 50
0.000000
  1
# 639
  0
POINT
  8
3
 10
5263.735378
 20
627.762201
  0
TEXT
  8
3
 10
5263.735378
 20
627.762201
 40
0.000000
 50
0.000000
  1
# 640
  0
POINT
  8
3
 10
5273.761757
 20
603.256943
  0
TEXT
  8
3
 10
5273.761757
 20
603.256943
 40
0.000000
 50
0.000000
  1
# 641
  0
POINT
  8
3
 10
5286.904897
 20
571.316694
  0
TEXT
  8
3
 10
5286.904897
 20
571.316694
 40
0.000000
 50
0.000000
  1
# 642
  0
POINT
  8
3
 10
5296.548360
 20
549.207053
  0
TEXT
  8
3
 10
5296.548360
 20
549.207053
 40
0.000000
 50
0.000000
  1
# 643
  0
POINT
  8
3
 10
5306.393367
 20
529.431396
  0
TEXT
  8
3
 10
5306.393367
 20
529.431396
 40
0.000000
 50
0.000000
  1
# 644
  0
POINT
  8
3
 10
5316.304840
 20
513.356238
  0
TEXT
  8
3
 10
5316.304840
 20
513.356238
 40
0.000000
 50
0.000000
  1
# 645
  0
POINT
  8
3
 10
5331.696179
 20
496.175475
  0
TEXT
  8
3
 10
5331.696179
 20
496.175475
 40
0.000000
 50
0.000000
  1
# 646
  0
POINT
  8
4
 10
5263.734131
 20
627.764626
 30
1.000000
 50
202.47
  0
TEXT
  8
4
 10
5263.734131
 20
627.764626
 40
0.000000
 50
0.000000
  1
# 647
  0
POLYLINE
  8
11
  66
1
  70
0
  0
VERTEX
  8
1
  10
5353.806152
  20
480.882187
  0
VERTEX
  8
1
  10
5315.810547
  20
284.801521
  0
VERTEX
  8
1
  10
5315.810547
  20
284.801521
  0
VERTEX
  8
1
  10
5277.819214
  20
88.720884
  0
SEQEND
  8
11
  0
POINT
  8
2
 10
5353.806152
 20
480.882187
  0
TEXT
  8
2
 10
5353.806152
 20
480.882187
 40
0.000000
 50
0.000000
  1
# 648
  0
POINT
  8
2
 10
5277.819214
 20
88.720884
  0
TEXT
  8
2
 10
5277.819214
 20
88.720884
 40
0.000000
 50
0.000000
  1
# 649
  0
POINT
  8
4
 10
5315.810547
 20
284.801521
 30
1.000000
 50
169.03
  0
TEXT
  8
4
 10
5315.810547
 20
284.801521
 40
0.000000
 50
0.000000
  1
# 650
  0
POLYLINE
  8
11
  66
1
  70
0
  0
VERTEX
  8
1
  10
5277.819214
  20
88.720884
  0
VERTEX
  8
1
  10
5262.313341
  20
88.724511
  0
VERTEX
  8
1
  10
5247.178106
  20
88.728739
  0
VERTEX
  8
1
  10
5232.043085
  20
88.733694
  0
VERTEX
  8
1
  10
5216.920184
  20
88.739557
  0
VERTEX
  8
1
  10
5201.678075
  20
88.746109
  0
VERTEX
  8
1
  10
5186.435923
  20
88.752542
  0
VERTEX
  8
1
  10
5171.173548
  20
88.758079
  0
VERTEX
  8
1
  10
5169.252523
  20
88.758667
  0
VERTEX
  8
1
  10
5157.636108
  20
88.761387
  0
VERTEX
  8
1
  10
5157.635424
  20
88.761385
  0
VERTEX
  8
1
  10
5155.729986
  20
88.761671
  0
VERTEX
  8
1
  10
5146.020545
  20
88.762454
  0
VERTEX
  8
1
  10
5140.304808
  20
88.762487
  0
VERTEX
  8
1
  10
5125.062663
  20
88.761771
  0
VERTEX
  8
1
  10
5109.894864
  20
88.761023
  0
VERTEX
  8
1
  10
5094.652731
  20
88.760639
  0
VERTEX
  8
1
  10
5079.410624
  20
88.760677
  0
VERTEX
  8
1
  10
5064.716187
  20
88.761139
  0
SEQEND
  8
11
  0
POINT
  8
2
 10
5277.819214
 20
88.720884
  0
TEXT
  8
2
 10
5277.819214
 20
88.720884
 40
0.000000
 50
0.000000
  1
# 651
  0
POINT
  8
2
 10
5064.716187
 20
88.761139
  0
TEXT
  8
2
 10
5064.716187
 20
88.761139
 40
0.000000
 50
0.000000
  1
# 652
  0
POINT
  8
3
 10
5262.313341
 20
88.724511
  0
POINT
  8
3
 10
5247.178106
 20
88.728739
  0
POINT
  8
3
 10
5232.043085
 20
88.733694
  0
POINT
  8
3
 10
5216.920184
 20
88.739557
  0
POINT
  8
3
 10
5201.678075
 20
88.746109
  0
POINT
  8
3
 10
5186.435923
 20
88.752542
  0
POINT
  8
3
 10
5171.173548
 20
88.758079
  0
POINT
  8
3
 10
5169.252523
 20
88.758667
  0
POINT
  8
3
 10
5157.636108
 20
88.761387
  0
POINT
  8
3
 10
5157.635424
 20
88.761385
  0
POINT
  8
3
 10
5155.729986
 20
88.761671
  0
POINT
  8
3
 10
5146.020545
 20
88.762454
  0
POINT
  8
3
 10
5140.304808
 20
88.762487
  0
POINT
  8
3
 10
5125.062663
 20
88.761771
  0
POINT
  8
3
 10
5109.894864
 20
88.761023
  0
POINT
  8
3
 10
5094.652731
 20
88.760639
  0
POINT
  8
3
 10
5079.410624
 20
88.760677
  0
POINT
  8
3
 10
5169.252523
 20
88.758667
  0
TEXT
  8
3
 10
5169.252523
 20
88.758667
 40
0.000000
 50
0.000000
  1
# 653
  0
POINT
  8
3
 10
5157.635424
 20
88.761385
  0
TEXT
  8
3
 10
5157.635424
 20
88.761385
 40
0.000000
 50
0.000000
  1
# 654
  0
POINT
  8
3
 10
5146.020545
 20
88.762454
  0
TEXT
  8
3
 10
5146.020545
 20
88.762454
 40
0.000000
 50
0.000000
  1
# 655
  0
POINT
  8
4
 10
5157.636108
 20
88.761387
 30
1.000000
 50
 89.99
  0
TEXT
  8
4
 10
5157.636108
 20
88.761387
 40
0.000000
 50
0.000000
  1
# 656
  0
POLYLINE
  8
11
  66
1
  70
0
  0
VERTEX
  8
1
  10
4988.558655
  20
470.519638
  0
VERTEX
  8
1
  10
5351.582031
  20
470.519638
  0
SEQEND
  8
11
  0
POINT
  8
2
 10
4988.558655
 20
470.519638
  0
TEXT
  8
2
 10
4988.558655
 20
470.519638
 40
0.000000
 50
0.000000
  1
# 657
  0
POINT
  8
2
 10
5351.582031
 20
470.519638
  0
TEXT
  8
2
 10
5351.582031
 20
470.519638
 40
0.000000
 50
0.000000
  1
# 658
  0
POLYLINE
  8
11
  66
1
  70
0
  0
VERTEX
  8
1
  10
5157.636719
  20
705.865784
  0
VERTEX
  8
1
  10
5157.636719
  20
705.865784
  0
VERTEX
  8
1
  10
5157.636538
  20
690.126641
  0
VERTEX
  8
1
  10
5157.636390
  20
674.804266
  0
VERTEX
  8
1
  10
5157.636268
  20
659.361187
  0
VERTEX
  8
1
  10
5157.636182
  20
644.235265
  0
VERTEX
  8
1
  10
5157.636137
  20
628.702098
  0
VERTEX
  8
1
  10
5157.636138
  20
613.168943
  0
VERTEX
  8
1
  10
5157.636188
  20
597.635789
  0
VERTEX
  8
1
  10
5157.636282
  20
582.590915
  0
VERTEX
  8
1
  10
5157.636408
  20
567.057767
  0
VERTEX
  8
1
  10
5157.636536
  20
551.524589
  0
VERTEX
  8
1
  10
5157.636635
  20
536.119829
  0
VERTEX
  8
1
  10
5157.636686
  20
520.586665
  0
VERTEX
  8
1
  10
5157.636688
  20
505.053499
  0
VERTEX
  8
1
  10
5157.636639
  20
489.520334
  0
VERTEX
  8
1
  10
5157.636544
  20
474.115498
  0
VERTEX
  8
1
  10
5157.636429
  20
458.582338
  0
VERTEX
  8
1
  10
5157.636339
  20
443.049177
  0
VERTEX
  8
1
  10
5157.636317
  20
427.644417
  0
VERTEX
  8
1
  10
5157.636379
  20
412.111234
  0
VERTEX
  8
1
  10
5157.636488
  20
396.578087
  0
VERTEX
  8
1
  10
5157.636600
  20
381.044902
  0
VERTEX
  8
1
  10
5157.636675
  20
365.640161
  0
VERTEX
  8
1
  10
5157.636709
  20
350.106981
  0
VERTEX
  8
1
  10
5157.636718
  20
334.573842
  0
VERTEX
  8
1
  10
5157.636719
  20
319.409204
  0
VERTEX
  8
1
  10
5157.636719
  20
303.876068
  0
VERTEX
  8
1
  10
5157.636719
  20
288.342893
  0
VERTEX
  8
1
  10
5157.636719
  20
273.443339
  0
VERTEX
  8
1
  10
5157.636719
  20
257.047239
  0
VERTEX
  8
1
  10
5157.636719
  20
241.514060
  0
VERTEX
  8
1
  10
5157.636719
  20
225.980918
  0
VERTEX
  8
1
  10
5157.636719
  20
210.786826
  0
VERTEX
  8
1
  10
5157.636719
  20
195.253683
  0
VERTEX
  8
1
  10
5157.636719
  20
179.720503
  0
VERTEX
  8
1
  10
5157.636719
  20
163.981938
  0
VERTEX
  8
1
  10
5157.636719
  20
148.448755
  0
VERTEX
  8
1
  10
5157.636719
  20
132.915611
  0
VERTEX
  8
1
  10
5157.636719
  20
117.561515
  0
VERTEX
  8
1
  10
5157.636719
  20
102.273527
  0
VERTEX
  8
1
  10
5157.636719
  20
88.761387
  0
SEQEND
  8
11
  0
POINT
  8
2
 10
5157.636719
 20
705.865784
  0
TEXT
  8
2
 10
5157.636719
 20
705.865784
 40
0.000000
 50
0.000000
  1
# 659
  0
POINT
  8
2
 10
5157.636719
 20
88.761387
  0
TEXT
  8
2
 10
5157.636719
 20
88.761387
 40
0.000000
 50
0.000000
  1
# 660
  0
POINT
  8
3
 10
5157.636719
 20
705.865784
  0
POINT
  8
3
 10
5157.636538
 20
690.126641
  0
POINT
  8
3
 10
5157.636390
 20
674.804266
  0
POINT
  8
3
 10
5157.636268
 20
659.361187
  0
POINT
  8
3
 10
5157.636182
 20
644.235265
  0
POINT
  8
3
 10
5157.636137
 20
628.702098
  0
POINT
  8
3
 10
5157.636138
 20
613.168943
  0
POINT
  8
3
 10
5157.636188
 20
597.635789
  0
POINT
  8
3
 10
5157.636282
 20
582.590915
  0
POINT
  8
3
 10
5157.636408
 20
567.057767
  0
POINT
  8
3
 10
5157.636536
 20
551.524589
  0
POINT
  8
3
 10
5157.636635
 20
536.119829
  0
POINT
  8
3
 10
5157.636686
 20
520.586665
  0
POINT
  8
3
 10
5157.636688
 20
505.053499
  0
POINT
  8
3
 10
5157.636639
 20
489.520334
  0
POINT
  8
3
 10
5157.636544
 20
474.115498
  0
POINT
  8
3
 10
5157.636429
 20
458.582338
  0
POINT
  8
3
 10
5157.636339
 20
443.049177
  0
POINT
  8
3
 10
5157.636317
 20
427.644417
  0
POINT
  8
3
 10
5157.636379
 20
412.111234
  0
POINT
  8
3
 10
5157.636488
 20
396.578087
  0
POINT
  8
3
 10
5157.636600
 20
381.044902
  0
POINT
  8
3
 10
5157.636675
 20
365.640161
  0
POINT
  8
3
 10
5157.636709
 20
350.106981
  0
POINT
  8
3
 10
5157.636718
 20
334.573842
  0
POINT
  8
3
 10
5157.636719
 20
319.409204
  0
POINT
  8
3
 10
5157.636719
 20
303.876068
  0
POINT
  8
3
 10
5157.636719
 20
288.342893
  0
POINT
  8
3
 10
5157.636719
 20
273.443339
  0
POINT
  8
3
 10
5157.636719
 20
257.047239
  0
POINT
  8
3
 10
5157.636719
 20
241.514060
  0
POINT
  8
3
 10
5157.636719
 20
225.980918
  0
POINT
  8
3
 10
5157.636719
 20
210.786826
  0
POINT
  8
3
 10
5157.636719
 20
195.253683
  0
POINT
  8
3
 10
5157.636719
 20
179.720503
  0
POINT
  8
3
 10
5157.636719
 20
163.981938
  0
POINT
  8
3
 10
5157.636719
 20
148.448755
  0
POINT
  8
3
 10
5157.636719
 20
132.915611
  0
POINT
  8
3
 10
5157.636719
 20
117.561515
  0
POINT
  8
3
 10
5157.636719
 20
102.273527
  0
POINT
  8
4
 10
5157.636719
 20
705.865784
 30
1.000000
 50
276.78
  0
TEXT
  8
4
 10
5157.636719
 20
705.865784
 40
0.000000
 50
0.000000
  1
# 661
 0
LINE
 8
7
 10
5130.233765
 20
578.011971
 11
5130.233765
 21
279.376888
  0
TEXT
  8
1
 10
5170.000153
 20
419.999986
 40
10.000000
 50
0.000000
  1
Piece Name: C2490437.袖片.38
  0
TEXT
  8
1
 10
5170.000153
 20
434.999986
 40
10.000000
 50
0.000000
  1
Size: 38
  0
TEXT
  8
1
 10
5170.000153
 20
449.999986
 40
10.000000
 50
0.000000
  1
Annotation: 面布X2
  0
TEXT
  8
1
 10
5170.000153
 20
464.999986
 40
10.000000
 50
0.000000
  1
Quantity: 1
  0
TEXT
  8
1
 10
5170.000153
 20
479.999986
 40
10.000000
 50
0.000000
  1
Material: 面布
  0
TEXT
  8
1
 10
5170.000153
 20
479.999986
 40
10.000000
 50
0.000000
  1
Category: 5
0
ENDBLK
  0
ENDSEC
  0
SECTION
  2
ENTITIES
  0
INSERT
  8
1
  2
C2490437.后片.38
  10
4550.000042
  20
389.832092
  0
INSERT
  8
1
  2
C2490437.前身片.38
  10
3840.001555
  20
392.027861
  0
INSERT
  8
1
  2
C2490437.袖口.38
  10
3160.000000
  20
149.999987
  0
INSERT
  8
1
  2
C2490437.后领.38
  10
2790.000045
  20
120.000000
  0
INSERT
  8
1
  2
C2490437.前领.38
  10
2370.254893
  20
120.000002
  0
INSERT
  8
1
  2
C2490437.袖片.38
  10
5162.645356
  20
476.462828
  0
TEXT
  8
1
 10
3791.114349
 20
80.549073
 40
10.000000
 50
0.000000
  1
STYLE NAME: ETSYSTEM
  0
TEXT
  8
1
 10
3791.114349
 20
65.549073
 40
10.000000
 50
0.000000
  1
CREATION DATE: 
  0
TEXT
  8
1
 10
3791.114349
 20
50.549073
 40
10.000000
 50
0.000000
  1
AUTHOR: BUYI-TECH
  0
TEXT
  8
1
 10
3791.114349
 20
35.549073
 40
10.000000
 50
0.000000
  1
SAMPLE SIZE: 38
  0
TEXT
  8
1
 10
3791.114349
 20
20.549073
 40
10.000000
 50
0.000000
  1
GRADE RULE TABLE: C2490437
  0
TEXT
  8
1
 10
3791.114349
 20
5.549073
 40
10.000000
 50
0.000000
  1
UNITS: METRIC
999
AI4M_WRITEBACK_PHASE=00_INDEX
0
TEXT
8
AI4M_00_INDEX
10
0
20
0
30
0
40
2.5
1
0. AI4M_00_INDEX
1001
AI4MANUFACTURING
1000
WRITEBACK_PHASE=00_INDEX
1000
LAYER=AI4M_00_INDEX
0
TEXT
8
AI4M_00_INDEX
10
0
20
-5
30
0
40
2.5
1
1. AI4M_01_ATOM_NET
1001
AI4MANUFACTURING
1000
WRITEBACK_PHASE=00_INDEX
1000
LAYER=AI4M_01_ATOM_NET
0
TEXT
8
AI4M_00_INDEX
10
0
20
-10
30
0
40
2.5
1
2. AI4M_01_ATOM_CUT
1001
AI4MANUFACTURING
1000
WRITEBACK_PHASE=00_INDEX
1000
LAYER=AI4M_01_ATOM_CUT
0
TEXT
8
AI4M_00_INDEX
10
0
20
-15
30
0
40
2.5
1
3. AI4M_01_ATOM_SEAM_ALLOWANCE
1001
AI4MANUFACTURING
1000
WRITEBACK_PHASE=00_INDEX
1000
LAYER=AI4M_01_ATOM_SEAM_ALLOWANCE
0
TEXT
8
AI4M_00_INDEX
10
0
20
-20
30
0
40
2.5
1
4. AI4M_01_ATOM_STITCH
1001
AI4MANUFACTURING
1000
WRITEBACK_PHASE=00_INDEX
1000
LAYER=AI4M_01_ATOM_STITCH
0
TEXT
8
AI4M_00_INDEX
10
0
20
-25
30
0
40
2.5
1
5. AI4M_01_ATOM_INTERNAL
1001
AI4MANUFACTURING
1000
WRITEBACK_PHASE=00_INDEX
1000
LAYER=AI4M_01_ATOM_INTERNAL
0
TEXT
8
AI4M_00_INDEX
10
0
20
-30
30
0
40
2.5
1
6. AI4M_01_ATOM_FOLD
1001
AI4MANUFACTURING
1000
WRITEBACK_PHASE=00_INDEX
1000
LAYER=AI4M_01_ATOM_FOLD
0
TEXT
8
AI4M_00_INDEX
10
0
20
-35
30
0
40
2.5
1
7. AI4M_01_ATOM_DART
1001
AI4MANUFACTURING
1000
WRITEBACK_PHASE=00_INDEX
1000
LAYER=AI4M_01_ATOM_DART
0
TEXT
8
AI4M_00_INDEX
10
0
20
-40
30
0
40
2.5
1
8. AI4M_01_ATOM_GRAIN
1001
AI4MANUFACTURING
1000
WRITEBACK_PHASE=00_INDEX
1000
LAYER=AI4M_01_ATOM_GRAIN
0
TEXT
8
AI4M_00_INDEX
10
0
20
-45
30
0
40
2.5
1
9. AI4M_01_ATOM_NOTCH
1001
AI4MANUFACTURING
1000
WRITEBACK_PHASE=00_INDEX
1000
LAYER=AI4M_01_ATOM_NOTCH
0
TEXT
8
AI4M_00_INDEX
10
0
20
-50
30
0
40
2.5
1
10. AI4M_01_ATOM_UNKNOWN
1001
AI4MANUFACTURING
1000
WRITEBACK_PHASE=00_INDEX
1000
LAYER=AI4M_01_ATOM_UNKNOWN
0
TEXT
8
AI4M_00_INDEX
10
0
20
-55
30
0
40
2.5
1
11. AI4M_02_EDGE_CHAIN
1001
AI4MANUFACTURING
1000
WRITEBACK_PHASE=00_INDEX
1000
LAYER=AI4M_02_EDGE_CHAIN
0
TEXT
8
AI4M_00_INDEX
10
0
20
-60
30
0
40
2.5
1
12. AI4M_03_PIECE
1001
AI4MANUFACTURING
1000
WRITEBACK_PHASE=00_INDEX
1000
LAYER=AI4M_03_PIECE
0
TEXT
8
AI4M_00_INDEX
10
0
20
-65
30
0
40
2.5
1
13. AI4M_04_RELATION
1001
AI4MANUFACTURING
1000
WRITEBACK_PHASE=00_INDEX
1000
LAYER=AI4M_04_RELATION
0
TEXT
8
AI4M_00_INDEX
10
0
20
-70
30
0
40
2.5
1
14. AI4M_05_QA
1001
AI4MANUFACTURING
1000
WRITEBACK_PHASE=00_INDEX
1000
LAYER=AI4M_05_QA
999
AI4M_WRITEBACK_PHASE=01_ATOM
999
AI4M_ENTITY=line_0002__seg_01;LINE_ROLE=net_boundary;EDGE=front_neckline;SOURCE_LAYER=1
0
LWPOLYLINE
8
AI4M_01_ATOM_NET
90
3
70
0
10
8799.649089999999
20
467.073885
10
8801.015972
20
673.467384
10
8801.115154
20
688.467079
1001
AI4MANUFACTURING
1000
WRITEBACK_PHASE=01_ATOM
1000
ENTITY_ID=line_0002__seg_01
1000
SOURCE_HANDLE=100
1000
LINE_ROLE=net_boundary
1000
EDGE=front_neckline
1000
CHAIN=piece_01_top_front_neckline
1000
PIECE_ID=piece_01
1000
SEAM_PAIR=
1000
PAIRED_CHAIN=
1000
NOTCH_CHAIN=
1000
NOTCH_SOURCE=
1000
PIECE_ROLE=front_body
1000
SEAM_ALLOWANCE_MM=
1000
SOURCE_LAYER=1
0
TEXT
8
AI4M_01_ATOM_NET
10
8799.649089999999
20
467.073885
30
0
40
2.5
1
AI4M_line_0002__seg_01_net_boundary_front_neckline
1001
AI4MANUFACTURING
1000
WRITEBACK_PHASE=01_ATOM_LABEL
1000
ENTITY_ID=line_0002__seg_01
999
AI4M_ENTITY=line_0002__seg_02;LINE_ROLE=net_boundary;EDGE=front_neckline;SOURCE_LAYER=1
0
LWPOLYLINE
8
AI4M_01_ATOM_NET
90
2
70
0
10
8801.115154
20
688.467079
10
8827.209209
20
703.293186
1001
AI4MANUFACTURING
1000
WRITEBACK_PHASE=01_ATOM
1000
ENTITY_ID=line_0002__seg_02
1000
SOURCE_HANDLE=100
1000
LINE_ROLE=net_boundary
1000
EDGE=front_neckline
1000
CHAIN=piece_01_top_front_neckline
1000
PIECE_ID=piece_01
1000
SEAM_PAIR=
1000
PAIRED_CHAIN=
1000
NOTCH_CHAIN=
1000
NOTCH_SOURCE=
1000
PIECE_ROLE=front_body
1000
SEAM_ALLOWANCE_MM=
1000
SOURCE_LAYER=1
0
TEXT
8
AI4M_01_ATOM_NET
10
8801.115154
20
688.467079
30
0
40
2.5
1
AI4M_line_0002__seg_02_net_boundary_front_neckline
1001
AI4MANUFACTURING
1000
WRITEBACK_PHASE=01_ATOM_LABEL
1000
ENTITY_ID=line_0002__seg_02
999
AI4M_ENTITY=line_0002__seg_03;LINE_ROLE=net_boundary;EDGE=front_neckline;SOURCE_LAYER=1
0
LWPOLYLINE
8
AI4M_01_ATOM_NET
90
3
70
0
10
8827.209209
20
703.293186
10
8827.661175
20
773.2917170000001
10
8828.408855
20
888.99881
1001
AI4MANUFACTURING
1000
WRITEBACK_PHASE=01_ATOM
1000
ENTITY_ID=line_0002__seg_03
1000
SOURCE_HANDLE=100
1000
LINE_ROLE=net_boundary
1000
EDGE=front_neckline
1000
CHAIN=piece_01_top_front_neckline
1000
PIECE_ID=piece_01
1000
SEAM_PAIR=
1000
PAIRED_CHAIN=
1000
NOTCH_CHAIN=
1000
NOTCH_SOURCE=
1000
PIECE_ROLE=front_body
1000
SEAM_ALLOWANCE_MM=
1000
SOURCE_LAYER=1
0
TEXT
8
AI4M_01_ATOM_NET
10
8827.209209
20
703.293186
30
0
40
2.5
1
AI4M_line_0002__seg_03_net_boundary_front_neckline
1001
AI4MANUFACTURING
1000
WRITEBACK_PHASE=01_ATOM_LABEL
1000
ENTITY_ID=line_0002__seg_03
999
AI4M_ENTITY=line_0002__seg_04;LINE_ROLE=net_boundary;EDGE=front_neckline;SOURCE_LAYER=1
0
LWPOLYLINE
8
AI4M_01_ATOM_NET
90
43
70
0
10
8828.408855
20
888.99881
10
8835.178875
20
892.527328
10
8839.565777
20
894.845405
10
8844.532513
20
897.783333
10
8847.494854
20
899.77697
10
8849.071863000001
20
900.9987619999999
10
8852.733196
20
903.835388
10
8855.580792
20
906.476761
10
8858.862346999998
20
909.8439559999999
10
8861.008343
20
912.380996
10
8861.113046999999
20
912.512259
10
8865.864604999999
20
918.469024
10
8868.646282
20
922.399269
10
8871.999859
20
927.65287
10
8872.727001
20
928.8299529999999
10
8876.604961000001
20
935.107513
10
8880.033610999999
20
941.197563
10
8882.666379999999
20
946.196359
10
8887.080119999999
20
954.57666
10
8894.115643000001
20
967.883659
10
8898.571859
20
976.245303
10
8901.200909
20
981.178451
10
8905.160564
20
988.258949
10
8910.385784
20
997.04763
10
8914.455608
20
1003.476234
10
8917.716155999999
20
1008.327231
10
8922.841229
20
1015.95224
10
8927.863812
20
1023.051544
10
8933.529095
20
1030.616012
10
8934.213125999999
20
1031.513639
10
8939.183466999999
20
1038.0360190000001
10
8942.665752
20
1042.605682
10
8951.792339
20
1054.56903
10
8960.947307999999
20
1066.529403
10
8960.956376999999
20
1066.5412259999998
10
8970.124249
20
1078.4917599999999
10
8979.221844
20
1090.440994
10
8984.358776000001
20
1097.248445
10
8988.28709
20
1102.4542390000001
10
8989.232268
20
1103.706357
10
8997.371563
20
1114.488846
10
9006.42033
20
1126.4698939999998
10
9011.04649
20
1132.590271
1001
AI4MANUFACTURING
1000
WRITEBACK_PHASE=01_ATOM
1000
ENTITY_ID=line_0002__seg_04
1000
SOURCE_HANDLE=100
1000
LINE_ROLE=net_boundary
1000
EDGE=front_neckline
1000
CHAIN=piece_01_top_front_neckline
1000
PIECE_ID=piece_01
1000
SEAM_PAIR=
1000
PAIRED_CHAIN=
1000
NOTCH_CHAIN=
1000
NOTCH_SOURCE=
1000
PIECE_ROLE=front_body
1000
SEAM_ALLOWANCE_MM=
1000
SOURCE_LAYER=1
0
TEXT
8
AI4M_01_ATOM_NET
10
8828.408855
20
888.99881
30
0
40
2.5
1
AI4M_line_0002__seg_04_net_boundary_front_neckline
1001
AI4MANUFACTURING
1000
WRITEBACK_PHASE=01_ATOM_LABEL
1000
ENTITY_ID=line_0002__seg_04
999
AI4M_ENTITY=line_0002__seg_05;LINE_ROLE=net_boundary;EDGE=front_neckline;SOURCE_LAYER=1
0
LWPOLYLINE
8
AI4M_01_ATOM_NET
90
15
70
0
10
9011.04649
20
1132.590271
10
9024.260906
20
1131.295028
10
9034.450115
20
1130.5351409999998
10
9044.037518000001
20
1130.075851
10
9055.611309
20
1129.812942
10
9070.697979
20
1129.672943
10
9085.71629
20
1129.62976
10
9100.000042
20
1129.6338799999999
10
9115.529522
20
1129.630829
10
9130.547833
20
1129.680191
10
9145.571636
20
1129.830108
10
9156.832011999999
20
1130.107055
10
9166.275372
20
1130.58023
10
9176.283306
20
1131.3422540000001
10
9188.953593999999
20
1132.590271
1001
AI4MANUFACTURING
1000
WRITEBACK_PHASE=01_ATOM
1000
ENTITY_ID=line_0002__seg_05
1000
SOURCE_HANDLE=100
1000
LINE_ROLE=net_boundary
1000
EDGE=front_neckline
1000
CHAIN=piece_01_top_front_neckline
1000
PIECE_ID=piece_01
1000
SEAM_PAIR=
1000
PAIRED_CHAIN=
1000
NOTCH_CHAIN=
1000
NOTCH_SOURCE=
1000
PIECE_ROLE=front_body
1000
SEAM_ALLOWANCE_MM=
1000
SOURCE_LAYER=1
0
TEXT
8
AI4M_01_ATOM_NET
10
9011.04649
20
1132.590271
30
0
40
2.5
1
AI4M_line_0002__seg_05_net_boundary_front_neckline
1001
AI4MANUFACTURING
1000
WRITEBACK_PHASE=01_ATOM_LABEL
1000
ENTITY_ID=line_0002__seg_05
999
AI4M_ENTITY=line_0002__seg_06;LINE_ROLE=net_boundary;EDGE=front_neckline;SOURCE_LAYER=1
0
LWPOLYLINE
8
AI4M_01_ATOM_NET
90
41
70
0
10
9188.953593999999
20
1132.590271
10
9198.135723
20
1120.439468
10
9207.211040999999
20
1108.42218
10
9210.766475
20
1103.705487
10
9216.265910999999
20
1096.409851
10
9225.386089
20
1084.3737179999998
10
9234.543194
20
1072.408539
10
9239.041856
20
1066.5397050000001
10
9243.722576
20
1060.4333649999999
10
9252.852214999999
20
1048.485504
10
9260.814924999999
20
1038.033964
10
9261.980328
20
1036.504303
10
9265.770396
20
1031.5010109999998
10
9271.131023
20
1024.424415
10
9276.260723
20
1017.253738
10
9282.284626
20
1008.328057
10
9284.705853
20
1004.740501
10
9288.58189
20
998.721061
10
9293.569072999999
20
990.4404979999999
10
9297.852214999999
20
982.918907
10
9301.420086
20
976.2407929999999
10
9304.970135
20
969.596039
10
9312.015727999998
20
956.297241
10
9317.323287
20
946.190584
10
9319.000896
20
942.996078
10
9322.642864
20
936.399666
10
9325.838055
20
931.0942229999999
10
9327.277052
20
928.832688
10
9331.644939
20
921.968094
10
9334.445232
20
918.057533
10
9338.293804
20
913.245636
10
9338.898899
20
912.521853
10
9341.138653
20
909.842773
10
9344.176372999998
20
906.715408
10
9347.225688999999
20
903.8710169999999
10
9349.738506
20
901.868644
10
9350.925939
20
900.996416
10
9354.103740999999
20
898.662162
10
9358.019451
20
896.237846
10
9362.631878
20
893.649345
10
9371.591229
20
888.99881
1001
AI4MANUFACTURING
1000
WRITEBACK_PHASE=01_ATOM
1000
ENTITY_ID=line_0002__seg_06
1000
SOURCE_HANDLE=100
1000
LINE_ROLE=net_boundary
1000
EDGE=front_neckline
1000
CHAIN=piece_01_top_front_neckline
1000
PIECE_ID=piece_01
1000
SEAM_PAIR=
1000
PAIRED_CHAIN=
1000
NOTCH_CHAIN=
1000
NOTCH_SOURCE=
1000
PIECE_ROLE=front_body
1000
SEAM_ALLOWANCE_MM=
1000
SOURCE_LAYER=1
0
TEXT
8
AI4M_01_ATOM_NET
10
9188.953593999999
20
1132.590271
30
0
40
2.5
1
AI4M_line_0002__seg_06_net_boundary_front_neckline
1001
AI4MANUFACTURING
1000
WRITEBACK_PHASE=01_ATOM_LABEL
1000
ENTITY_ID=line_0002__seg_06
999
AI4M_ENTITY=line_0002__seg_07;LINE_ROLE=net_boundary;EDGE=front_neckline;SOURCE_LAYER=1
0
LWPOLYLINE
8
AI4M_01_ATOM_NET
90
3
70
0
10
9371.591229
20
888.99881
10
9372.338909
20
773.2917170000001
10
9372.790874999999
20
703.293186
1001
AI4MANUFACTURING
1000
WRITEBACK_PHASE=01_ATOM
1000
ENTITY_ID=line_0002__seg_07
1000
SOURCE_HANDLE=100
1000
LINE_ROLE=net_boundary
1000
EDGE=front_neckline
1000
CHAIN=piece_01_top_front_neckline
1000
PIECE_ID=piece_01
1000
SEAM_PAIR=
1000
PAIRED_CHAIN=
1000
NOTCH_CHAIN=
1000
NOTCH_SOURCE=
1000
PIECE_ROLE=front_body
1000
SEAM_ALLOWANCE_MM=
1000
SOURCE_LAYER=1
0
TEXT
8
AI4M_01_ATOM_NET
10
9371.591229
20
888.99881
30
0
40
2.5
1
AI4M_line_0002__seg_07_net_boundary_front_neckline
1001
AI4MANUFACTURING
1000
WRITEBACK_PHASE=01_ATOM_LABEL
1000
ENTITY_ID=line_0002__seg_07
999
AI4M_ENTITY=line_0002__seg_08;LINE_ROLE=net_boundary;EDGE=front_neckline;SOURCE_LAYER=1
0
LWPOLYLINE
8
AI4M_01_ATOM_NET
90
2
70
0
10
9372.790874999999
20
703.293186
10
9398.88493
20
688.467079
1001
AI4MANUFACTURING
1000
WRITEBACK_PHASE=01_ATOM
1000
ENTITY_ID=line_0002__seg_08
1000
SOURCE_HANDLE=100
1000
LINE_ROLE=net_boundary
1000
EDGE=front_neckline
1000
CHAIN=piece_01_top_front_neckline
1000
PIECE_ID=piece_01
1000
SEAM_PAIR=
1000
PAIRED_CHAIN=
1000
NOTCH_CHAIN=
1000
NOTCH_SOURCE=
1000
PIECE_ROLE=front_body
1000
SEAM_ALLOWANCE_MM=
1000
SOURCE_LAYER=1
0
TEXT
8
AI4M_01_ATOM_NET
10
9372.790874999999
20
703.293186
30
0
40
2.5
1
AI4M_line_0002__seg_08_net_boundary_front_neckline
1001
AI4MANUFACTURING
1000
WRITEBACK_PHASE=01_ATOM_LABEL
1000
ENTITY_ID=line_0002__seg_08
999
AI4M_ENTITY=line_0002__seg_09;LINE_ROLE=net_boundary;EDGE=front_neckline;SOURCE_LAYER=1
0
LWPOLYLINE
8
AI4M_01_ATOM_NET
90
3
70
0
10
9398.88493
20
688.467079
10
9398.984112
20
673.467384
10
9400.350994
20
467.073885
1001
AI4MANUFACTURING
1000
WRITEBACK_PHASE=01_ATOM
1000
ENTITY_ID=line_0002__seg_09
1000
SOURCE_HANDLE=100
1000
LINE_ROLE=net_boundary
1000
EDGE=front_neckline
1000
CHAIN=piece_01_top_front_neckline
1000
PIECE_ID=piece_01
1000
SEAM_PAIR=
1000
PAIRED_CHAIN=
1000
NOTCH_CHAIN=
1000
NOTCH_SOURCE=
1000
PIECE_ROLE=front_body
1000
SEAM_ALLOWANCE_MM=
1000
SOURCE_LAYER=1
0
TEXT
8
AI4M_01_ATOM_NET
10
9398.88493
20
688.467079
30
0
40
2.5
1
AI4M_line_0002__seg_09_net_boundary_front_neckline
1001
AI4MANUFACTURING
1000
WRITEBACK_PHASE=01_ATOM_LABEL
1000
ENTITY_ID=line_0002__seg_09
999
AI4M_ENTITY=line_0002__seg_10;LINE_ROLE=net_boundary;EDGE=front_neckline;SOURCE_LAYER=1
0
LWPOLYLINE
8
AI4M_01_ATOM_NET
90
7
70
0
10
9400.350994
20
467.073885
10
9335.302776
20
467.073885
10
9244.847149
20
467.073885
10
9100.000042
20
467.073885
10
8955.152935
20
467.073885
10
8864.697307999999
20
467.073885
10
8799.649089999999
20
467.073885
1001
AI4MANUFACTURING
1000
WRITEBACK_PHASE=01_ATOM
1000
ENTITY_ID=line_0002__seg_10
1000
SOURCE_HANDLE=100
1000
LINE_ROLE=net_boundary
1000
EDGE=front_neckline
1000
CHAIN=piece_01_top_front_neckline
1000
PIECE_ID=piece_01
1000
SEAM_PAIR=
1000
PAIRED_CHAIN=
1000
NOTCH_CHAIN=
1000
NOTCH_SOURCE=
1000
PIECE_ROLE=front_body
1000
SEAM_ALLOWANCE_MM=
1000
SOURCE_LAYER=1
0
TEXT
8
AI4M_01_ATOM_NET
10
9400.350994
20
467.073885
30
0
40
2.5
1
AI4M_line_0002__seg_10_net_boundary_front_neckline
1001
AI4MANUFACTURING
1000
WRITEBACK_PHASE=01_ATOM_LABEL
1000
ENTITY_ID=line_0002__seg_10
999
AI4M_ENTITY=line_0677__seg_01;LINE_ROLE=net_boundary;EDGE=side_seam;SOURCE_LAYER=1
0
LWPOLYLINE
8
AI4M_01_ATOM_NET
90
3
70
0
10
7379.642363
20
482.707535
10
7380.992461
20
687.437788
10
7381.091643
20
702.4374829999999
1001
AI4MANUFACTURING
1000
WRITEBACK_PHASE=01_ATOM
1000
ENTITY_ID=line_0677__seg_01
1000
SOURCE_HANDLE=
1000
LINE_ROLE=net_boundary
1000
EDGE=side_seam
1000
CHAIN=piece_02_left_side_seam
1000
PIECE_ID=piece_02
1000
SEAM_PAIR=
1000
PAIRED_CHAIN=
1000
NOTCH_CHAIN=
1000
NOTCH_SOURCE=
1000
PIECE_ROLE=back_body
1000
SEAM_ALLOWANCE_MM=
1000
SOURCE_LAYER=1
0
TEXT
8
AI4M_01_ATOM_NET
10
7379.642363
20
482.707535
30
0
40
2.5
1
AI4M_line_0677__seg_01_net_boundary_side_seam
1001
AI4MANUFACTURING
1000
WRITEBACK_PHASE=01_ATOM_LABEL
1000
ENTITY_ID=line_0677__seg_01
999
AI4M_ENTITY=line_0677__seg_02;LINE_ROLE=net_boundary;EDGE=side_seam;SOURCE_LAYER=1
0
LWPOLYLINE
8
AI4M_01_ATOM_NET
90
2
70
0
10
7381.091643
20
702.4374829999999
10
7407.173796
20
717.260252
1001
AI4MANUFACTURING
1000
WRITEBACK_PHASE=01_ATOM
1000
ENTITY_ID=line_0677__seg_02
1000
SOURCE_HANDLE=
1000
LINE_ROLE=net_boundary
1000
EDGE=side_seam
1000
CHAIN=piece_02_left_side_seam
1000
PIECE_ID=piece_02
1000
SEAM_PAIR=
1000
PAIRED_CHAIN=
1000
NOTCH_CHAIN=
1000
NOTCH_SOURCE=
1000
PIECE_ROLE=back_body
1000
SEAM_ALLOWANCE_MM=
1000
SOURCE_LAYER=1
0
TEXT
8
AI4M_01_ATOM_NET
10
7381.091643
20
702.4374829999999
30
0
40
2.5
1
AI4M_line_0677__seg_02_net_boundary_side_seam
1001
AI4MANUFACTURING
1000
WRITEBACK_PHASE=01_ATOM_LABEL
1000
ENTITY_ID=line_0677__seg_02
999
AI4M_ENTITY=line_0677__seg_03;LINE_ROLE=net_boundary;EDGE=side_seam;SOURCE_LAYER=1
0
LWPOLYLINE
8
AI4M_01_ATOM_NET
90
15
70
0
10
7407.173796
20
717.260252
10
7407.270537
20
733.230864
10
7407.363004999999
20
748.272025
10
7407.457915
20
763.417212
10
7407.553435
20
778.562361
10
7407.608055
20
787.261232
10
7407.650786
20
794.066512
10
7407.7475269999995
20
809.211699
10
7407.846404
20
824.3568479999999
10
7407.946806
20
839.5019589999999
10
7408.0508709999995
20
855.072829
10
7408.153104999999
20
870.283171
10
7408.25656
20
885.619208
10
7408.356658
20
900.401503
10
7408.394805
20
906.0084589999999
1001
AI4MANUFACTURING
1000
WRITEBACK_PHASE=01_ATOM
1000
ENTITY_ID=line_0677__seg_03
1000
SOURCE_HANDLE=
1000
LINE_ROLE=net_boundary
1000
EDGE=side_seam
1000
CHAIN=piece_02_left_side_seam
1000
PIECE_ID=piece_02
1000
SEAM_PAIR=
1000
PAIRED_CHAIN=
1000
NOTCH_CHAIN=
1000
NOTCH_SOURCE=
1000
PIECE_ROLE=back_body
1000
SEAM_ALLOWANCE_MM=
1000
SOURCE_LAYER=1
0
TEXT
8
AI4M_01_ATOM_NET
10
7407.173796
20
717.260252
30
0
40
2.5
1
AI4M_line_0677__seg_03_net_boundary_side_seam
1001
AI4MANUFACTURING
1000
WRITEBACK_PHASE=01_ATOM_LABEL
1000
ENTITY_ID=line_0677__seg_03
999
AI4M_ENTITY=line_0677__seg_04;LINE_ROLE=net_boundary;EDGE=hem;SOURCE_LAYER=1
0
LWPOLYLINE
8
AI4M_01_ATOM_NET
90
40
70
0
10
7408.394805
20
906.0084589999999
10
7417.262602
20
909.8218979999999
10
7423.055144
20
912.436682
10
7428.085967
20
914.945494
10
7431.362029
20
916.828162
10
7434.144969999999
20
918.596528
10
7437.8241259999995
20
920.9343779999999
10
7441.4163499999995
20
923.6117999999999
10
7445.659819
20
927.068945
10
7449.343596
20
930.381781
10
7451.235511999999
20
932.254535
10
7453.125029
20
934.1249149999999
10
7457.218047
20
938.5381379999999
10
7460.389128
20
942.2714289999999
10
7462.675023
20
945.2838489999999
10
7466.881438
20
950.8271849999999
10
7468.234877999999
20
952.82466
10
7472.692595
20
959.4035779999999
10
7473.8698
20
961.3208480000001
10
7480.605803
20
972.2915330000001
10
7484.710808
20
978.9354069999999
10
7488.535185
20
985.12509
10
7493.276701
20
992.612883
10
7496.145291999999
20
996.7601359999999
10
7501.876555
20
1005.046088
10
7506.149931
20
1010.8162749999999
10
7508.280977
20
1013.6084510000001
10
7514.277373
20
1021.4651549999999
10
7519.49832
20
1027.861372
10
7522.109041
20
1030.936163
10
7529.263639999999
20
1039.3625319999999
10
7534.965222999999
20
1045.745772
10
7539.346342999999
20
1050.650679
10
7548.7857349999995
20
1061.078001
10
7559.09854
20
1072.124449
10
7562.777801
20
1076.038874
10
7569.390288
20
1083.074004
10
7578.196135
20
1092.668349
10
7588.227873
20
1103.901717
10
7593.971892
20
1110.2648609999999
1001
AI4MANUFACTURING
1000
WRITEBACK_PHASE=01_ATOM
1000
ENTITY_ID=line_0677__seg_04
1000
SOURCE_HANDLE=
1000
LINE_ROLE=net_boundary
1000
EDGE=hem
1000
CHAIN=piece_02_bottom_hem
1000
PIECE_ID=piece_02
1000
SEAM_PAIR=
1000
PAIRED_CHAIN=
1000
NOTCH_CHAIN=
1000
NOTCH_SOURCE=
1000
PIECE_ROLE=back_body
1000
SEAM_ALLOWANCE_MM=
1000
SOURCE_LAYER=1
0
TEXT
8
AI4M_01_ATOM_NET
10
7408.394805
20
906.0084589999999
30
0
40
2.5
1
AI4M_line_0677__seg_04_net_boundary_hem
1001
AI4MANUFACTURING
1000
WRITEBACK_PHASE=01_ATOM_LABEL
1000
ENTITY_ID=line_0677__seg_04
999
AI4M_ENTITY=line_0677__seg_05;LINE_ROLE=net_boundary;EDGE=hem;SOURCE_LAYER=1
0
LWPOLYLINE
8
AI4M_01_ATOM_NET
90
23
70
0
10
7593.971892
20
1110.2648609999999
10
7601.3623339999995
20
1108.179137
10
7607.51834
20
1106.694151
10
7612.766448
20
1105.672346
10
7618.038664
20
1104.901244
10
7625.050993
20
1104.162642
10
7631.769133
20
1103.695799
10
7641.209142
20
1103.348227
10
7646.5372
20
1103.152052
10
7661.588164
20
1103.113142
10
7676.507903
20
1103.001143
10
7680.020780999999
20
1102.954375
10
7695.228300999999
20
1103.101164
10
7710.290251
20
1103.117339
10
7717.871428
20
1103.2722919999999
10
7718.795155
20
1103.313338
10
7730.894499
20
1103.850981
10
7737.839078999999
20
1104.436385
10
7744.323759999999
20
1105.216872
10
7749.4586469999995
20
1106.07411
10
7754.8544600000005
20
1107.234389
10
7761.295195
20
1108.892409
10
7766.031218
20
1110.2648609999999
1001
AI4MANUFACTURING
1000
WRITEBACK_PHASE=01_ATOM
1000
ENTITY_ID=line_0677__seg_05
1000
SOURCE_HANDLE=
1000
LINE_ROLE=net_boundary
1000
EDGE=hem
1000
CHAIN=piece_02_bottom_hem
1000
PIECE_ID=piece_02
1000
SEAM_PAIR=
1000
PAIRED_CHAIN=
1000
NOTCH_CHAIN=
1000
NOTCH_SOURCE=
1000
PIECE_ROLE=back_body
1000
SEAM_ALLOWANCE_MM=
1000
SOURCE_LAYER=1
0
TEXT
8
AI4M_01_ATOM_NET
10
7593.971892
20
1110.2648609999999
30
0
40
2.5
1
AI4M_line_0677__seg_05_net_boundary_hem
1001
AI4MANUFACTURING
1000
WRITEBACK_PHASE=01_ATOM_LABEL
1000
ENTITY_ID=line_0677__seg_05
999
AI4M_ENTITY=line_0677__seg_06;LINE_ROLE=net_boundary;EDGE=hem;SOURCE_LAYER=1
0
LWPOLYLINE
8
AI4M_01_ATOM_NET
90
40
70
0
10
7766.031218
20
1110.2648609999999
10
7776.2060839999995
20
1098.933379
10
7785.609465
20
1088.486754
10
7795.880155999999
20
1077.470747
10
7797.219204999999
20
1076.032761
10
7804.828831
20
1067.860886
10
7806.123380999999
20
1066.470686
10
7816.388884
20
1055.413557
10
7825.049913999999
20
1045.756816
10
7826.409025999999
20
1044.241454
10
7831.792326
20
1038.139693
10
7837.891269
20
1030.933785
10
7841.563139
20
1026.5954649999999
10
7846.675444
20
1020.258337
10
7851.722073
20
1013.608322
10
7855.8236990000005
20
1008.2035510000001
10
7859.86209
20
1002.5792369999999
10
7863.8548630000005
20
996.7583729999999
10
7867.304106
20
991.7298949999999
10
7872.646208
20
983.215567
10
7875.292347
20
978.935498
10
7880.571929
20
970.3958949999999
10
7886.162593999999
20
961.3389
10
7888.501921
20
957.549139
10
7891.7930369999995
20
952.841921
10
7894.9747
20
948.2912509999999
10
7897.325389
20
945.282066
10
7900.84323
20
940.778777
10
7904.547759
20
936.5918790000001
10
7908.489104
20
932.4759349999999
10
7908.745424
20
932.232481
10
7912.164336
20
928.9851819999999
10
7916.039457999999
20
925.650374
10
7920.516081
20
922.136542
10
7923.740873999999
20
919.882132
10
7925.853373
20
918.589234
10
7930.89572
20
915.503203
10
7934.870328999999
20
913.4385359999999
10
7940.835599999999
20
910.65209
10
7951.608305
20
906.0084589999999
1001
AI4MANUFACTURING
1000
WRITEBACK_PHASE=01_ATOM
1000
ENTITY_ID=line_0677__seg_06
1000
SOURCE_HANDLE=
1000
LINE_ROLE=net_boundary
1000
EDGE=hem
1000
CHAIN=piece_02_bottom_hem
1000
PIECE_ID=piece_02
1000
SEAM_PAIR=
1000
PAIRED_CHAIN=
1000
NOTCH_CHAIN=
1000
NOTCH_SOURCE=
1000
PIECE_ROLE=back_body
1000
SEAM_ALLOWANCE_MM=
1000
SOURCE_LAYER=1
0
TEXT
8
AI4M_01_ATOM_NET
10
7766.031218
20
1110.2648609999999
30
0
40
2.5
1
AI4M_line_0677__seg_06_net_boundary_hem
1001
AI4MANUFACTURING
1000
WRITEBACK_PHASE=01_ATOM_LABEL
1000
ENTITY_ID=line_0677__seg_06
999
AI4M_ENTITY=line_0677__seg_07;LINE_ROLE=net_boundary;EDGE=side_seam;SOURCE_LAYER=1
0
LWPOLYLINE
8
AI4M_01_ATOM_NET
90
15
70
0
10
7951.608305
20
906.0084589999999
10
7951.714812
20
890.30377
10
7951.820097
20
874.747931
10
7951.924468
20
859.219214
10
7952.029143
20
843.574683
10
7952.129851
20
828.429533
10
7952.229033
20
813.284384
10
7952.326384
20
798.139235
10
7952.39494
20
787.261144
10
7952.422208999999
20
782.9341569999999
10
7952.517729
20
767.788969
10
7952.612639
20
752.64382
10
7952.706938
20
737.4607149999999
10
7952.798186
20
722.43569
10
7952.829314
20
717.260252
1001
AI4MANUFACTURING
1000
WRITEBACK_PHASE=01_ATOM
1000
ENTITY_ID=line_0677__seg_07
1000
SOURCE_HANDLE=
1000
LINE_ROLE=net_boundary
1000
EDGE=side_seam
1000
CHAIN=piece_02_right_side_seam
1000
PIECE_ID=piece_02
1000
SEAM_PAIR=
1000
PAIRED_CHAIN=
1000
NOTCH_CHAIN=
1000
NOTCH_SOURCE=
1000
PIECE_ROLE=back_body
1000
SEAM_ALLOWANCE_MM=
1000
SOURCE_LAYER=1
0
TEXT
8
AI4M_01_ATOM_NET
10
7951.608305
20
906.0084589999999
30
0
40
2.5
1
AI4M_line_0677__seg_07_net_boundary_side_seam
1001
AI4MANUFACTURING
1000
WRITEBACK_PHASE=01_ATOM_LABEL
1000
ENTITY_ID=line_0677__seg_07
999
AI4M_ENTITY=line_0677__seg_08;LINE_ROLE=net_boundary;EDGE=side_seam;SOURCE_LAYER=1
0
LWPOLYLINE
8
AI4M_01_ATOM_NET
90
2
70
0
10
7952.829314
20
717.260252
10
7978.911467
20
702.4374829999999
1001
AI4MANUFACTURING
1000
WRITEBACK_PHASE=01_ATOM
1000
ENTITY_ID=line_0677__seg_08
1000
SOURCE_HANDLE=
1000
LINE_ROLE=net_boundary
1000
EDGE=side_seam
1000
CHAIN=piece_02_right_side_seam
1000
PIECE_ID=piece_02
1000
SEAM_PAIR=
1000
PAIRED_CHAIN=
1000
NOTCH_CHAIN=
1000
NOTCH_SOURCE=
1000
PIECE_ROLE=back_body
1000
SEAM_ALLOWANCE_MM=
1000
SOURCE_LAYER=1
0
TEXT
8
AI4M_01_ATOM_NET
10
7952.829314
20
717.260252
30
0
40
2.5
1
AI4M_line_0677__seg_08_net_boundary_side_seam
1001
AI4MANUFACTURING
1000
WRITEBACK_PHASE=01_ATOM_LABEL
1000
ENTITY_ID=line_0677__seg_08
999
AI4M_ENTITY=line_0677__seg_09;LINE_ROLE=net_boundary;EDGE=side_seam;SOURCE_LAYER=1
0
LWPOLYLINE
8
AI4M_01_ATOM_NET
90
3
70
0
10
7978.911467
20
702.4374829999999
10
7979.010649
20
687.437788
10
7980.360747
20
482.707535
1001
AI4MANUFACTURING
1000
WRITEBACK_PHASE=01_ATOM
1000
ENTITY_ID=line_0677__seg_09
1000
SOURCE_HANDLE=
1000
LINE_ROLE=net_boundary
1000
EDGE=side_seam
1000
CHAIN=piece_02_right_side_seam
1000
PIECE_ID=piece_02
1000
SEAM_PAIR=
1000
PAIRED_CHAIN=
1000
NOTCH_CHAIN=
1000
NOTCH_SOURCE=
1000
PIECE_ROLE=back_body
1000
SEAM_ALLOWANCE_MM=
1000
SOURCE_LAYER=1
0
TEXT
8
AI4M_01_ATOM_NET
10
7978.911467
20
702.4374829999999
30
0
40
2.5
1
AI4M_line_0677__seg_09_net_boundary_side_seam
1001
AI4MANUFACTURING
1000
WRITEBACK_PHASE=01_ATOM_LABEL
1000
ENTITY_ID=line_0677__seg_09
999
AI4M_ENTITY=line_0677__seg_10;LINE_ROLE=net_boundary;EDGE=back_neckline;SOURCE_LAYER=1
0
LWPOLYLINE
8
AI4M_01_ATOM_NET
90
45
70
0
10
7980.360747
20
482.707535
10
7964.533109999999
20
481.951052
10
7949.0207199999995
20
481.205317
10
7933.953887
20
480.47687199999996
10
7918.563872
20
479.72781799999996
10
7917.059727
20
479.65443899999997
10
7903.516874999999
20
478.99375599999996
10
7888.374053
20
478.281247
10
7872.795744
20
477.604987
10
7857.21469
20
477.00113899999997
10
7841.562223999999
20
476.48040399999996
10
7825.976592
20
476.017052
10
7822.718357
20
475.917444
10
7810.520659
20
475.54454499999997
10
7795.310393
20
475.132386
10
7779.721098
20
474.80528499999997
10
7764.130278
20
474.54747799999996
10
7748.750334
20
474.334923
10
7733.158598
20
474.15352499999995
10
7717.566557
20
474.007594
10
7702.393828
20
473.900439
10
7687.334623999999
20
473.82137
10
7680.001555
20
473.790842
10
7663.909941
20
473.864647
10
7648.18759
20
473.96298099999996
10
7632.595549
20
474.095503
10
7617.003812999999
20
474.26397
10
7601.412383
20
474.467112
10
7586.171294
20
474.70131499999997
10
7570.581389
20
474.99884299999997
10
7555.204802
20
475.377699
10
7539.61917
20
475.847746
10
7537.284616999999
20
475.917315
10
7524.409819
20
476.30098
10
7508.954497
20
476.78523699999994
10
7493.372222
20
477.356612
10
7477.792998
20
478.00587299999995
10
7462.148160999999
20
478.72235
10
7446.573515
20
479.47664899999995
10
7442.943302
20
479.65379599999994
10
7431.488676999999
20
480.212761
10
7415.972014
20
480.964562
10
7401.0272509999995
20
481.68436699999995
10
7386.0565480000005
20
482.40160599999996
10
7379.642363
20
482.707535
1001
AI4MANUFACTURING
1000
WRITEBACK_PHASE=01_ATOM
1000
ENTITY_ID=line_0677__seg_10
1000
SOURCE_HANDLE=
1000
LINE_ROLE=net_boundary
1000
EDGE=back_neckline
1000
CHAIN=piece_02_top_back_neckline
1000
PIECE_ID=piece_02
1000
SEAM_PAIR=
1000
PAIRED_CHAIN=
1000
NOTCH_CHAIN=
1000
NOTCH_SOURCE=
1000
PIECE_ROLE=back_body
1000
SEAM_ALLOWANCE_MM=
1000
SOURCE_LAYER=1
0
TEXT
8
AI4M_01_ATOM_NET
10
7980.360747
20
482.707535
30
0
40
2.5
1
AI4M_line_0677__seg_10_net_boundary_back_neckline
1001
AI4MANUFACTURING
1000
WRITEBACK_PHASE=01_ATOM_LABEL
1000
ENTITY_ID=line_0677__seg_10
999
AI4M_ENTITY=line_1548__seg_01;LINE_ROLE=net_boundary;EDGE=sleeve_cap;SOURCE_LAYER=1
0
LWPOLYLINE
8
AI4M_01_ATOM_NET
90
7
70
0
10
6209.989928999999
20
228.823887
10
6209.989928999999
20
299.99998700000003
10
6209.989928999999
20
316.126009
10
6209.989928999999
20
331.82448
10
6209.989928999999
20
347.265631
10
6209.989928999999
20
362.431265
10
6209.989928999999
20
371.17609600000003
1001
AI4MANUFACTURING
1000
WRITEBACK_PHASE=01_ATOM
1000
ENTITY_ID=line_1548__seg_01
1000
SOURCE_HANDLE=104
1000
LINE_ROLE=net_boundary
1000
EDGE=sleeve_cap
1000
CHAIN=piece_03_top_sleeve_cap
1000
PIECE_ID=piece_03
1000
SEAM_PAIR=
1000
PAIRED_CHAIN=
1000
NOTCH_CHAIN=
1000
NOTCH_SOURCE=
1000
PIECE_ROLE=unknown
1000
SEAM_ALLOWANCE_MM=
1000
SOURCE_LAYER=1
0
TEXT
8
AI4M_01_ATOM_NET
10
6209.989928999999
20
228.823887
30
0
40
2.5
1
AI4M_line_1548__seg_01_net_boundary_sleeve_cap
1001
AI4MANUFACTURING
1000
WRITEBACK_PHASE=01_ATOM_LABEL
1000
ENTITY_ID=line_1548__seg_01
999
AI4M_ENTITY=line_1548__seg_02;LINE_ROLE=net_boundary;EDGE=sleeve_cap;SOURCE_LAYER=1
0
LWPOLYLINE
8
AI4M_01_ATOM_NET
90
4
70
0
10
6209.989928999999
20
371.17609600000003
10
6307.091064
20
371.17609600000003
10
6384.393311
20
371.17609600000003
10
6430.010071000001
20
371.17609600000003
1001
AI4MANUFACTURING
1000
WRITEBACK_PHASE=01_ATOM
1000
ENTITY_ID=line_1548__seg_02
1000
SOURCE_HANDLE=104
1000
LINE_ROLE=net_boundary
1000
EDGE=sleeve_cap
1000
CHAIN=piece_03_top_sleeve_cap
1000
PIECE_ID=piece_03
1000
SEAM_PAIR=
1000
PAIRED_CHAIN=
1000
NOTCH_CHAIN=
1000
NOTCH_SOURCE=
1000
PIECE_ROLE=unknown
1000
SEAM_ALLOWANCE_MM=
1000
SOURCE_LAYER=1
0
TEXT
8
AI4M_01_ATOM_NET
10
6209.989928999999
20
371.17609600000003
30
0
40
2.5
1
AI4M_line_1548__seg_02_net_boundary_sleeve_cap
1001
AI4MANUFACTURING
1000
WRITEBACK_PHASE=01_ATOM_LABEL
1000
ENTITY_ID=line_1548__seg_02
999
AI4M_ENTITY=line_1548__seg_03;LINE_ROLE=net_boundary;EDGE=sleeve_cap;SOURCE_LAYER=1
0
LWPOLYLINE
8
AI4M_01_ATOM_NET
90
11
70
0
10
6430.010071000001
20
371.17609600000003
10
6430.010071000001
20
355.378062
10
6430.010071000001
20
339.934775
10
6430.010071000001
20
324.24006099999997
10
6430.010071000001
20
308.91087200000004
10
6430.010071000001
20
299.99998700000003
10
6430.010071000001
20
283.873965
10
6430.010071000001
20
268.175494
10
6430.010071000001
20
252.734333
10
6430.010071000001
20
237.568718
10
6430.010071000001
20
228.823887
1001
AI4MANUFACTURING
1000
WRITEBACK_PHASE=01_ATOM
1000
ENTITY_ID=line_1548__seg_03
1000
SOURCE_HANDLE=104
1000
LINE_ROLE=net_boundary
1000
EDGE=sleeve_cap
1000
CHAIN=piece_03_top_sleeve_cap
1000
PIECE_ID=piece_03
1000
SEAM_PAIR=
1000
PAIRED_CHAIN=
1000
NOTCH_CHAIN=
1000
NOTCH_SOURCE=
1000
PIECE_ROLE=unknown
1000
SEAM_ALLOWANCE_MM=
1000
SOURCE_LAYER=1
0
TEXT
8
AI4M_01_ATOM_NET
10
6430.010071000001
20
371.17609600000003
30
0
40
2.5
1
AI4M_line_1548__seg_03_net_boundary_sleeve_cap
1001
AI4MANUFACTURING
1000
WRITEBACK_PHASE=01_ATOM_LABEL
1000
ENTITY_ID=line_1548__seg_03
999
AI4M_ENTITY=line_1548__seg_04;LINE_ROLE=net_boundary;EDGE=sleeve_cap;SOURCE_LAYER=1
0
LWPOLYLINE
8
AI4M_01_ATOM_NET
90
2
70
0
10
6430.010071000001
20
228.823887
10
6209.989928999999
20
228.823887
1001
AI4MANUFACTURING
1000
WRITEBACK_PHASE=01_ATOM
1000
ENTITY_ID=line_1548__seg_04
1000
SOURCE_HANDLE=104
1000
LINE_ROLE=net_boundary
1000
EDGE=sleeve_cap
1000
CHAIN=piece_03_top_sleeve_cap
1000
PIECE_ID=piece_03
1000
SEAM_PAIR=
1000
PAIRED_CHAIN=
1000
NOTCH_CHAIN=
1000
NOTCH_SOURCE=
1000
PIECE_ROLE=unknown
1000
SEAM_ALLOWANCE_MM=
1000
SOURCE_LAYER=1
0
TEXT
8
AI4M_01_ATOM_NET
10
6430.010071000001
20
228.823887
30
0
40
2.5
1
AI4M_line_1548__seg_04_net_boundary_sleeve_cap
1001
AI4MANUFACTURING
1000
WRITEBACK_PHASE=01_ATOM_LABEL
1000
ENTITY_ID=line_1548__seg_04
999
AI4M_ENTITY=line_1677__seg_01;LINE_ROLE=net_boundary;EDGE=sleeve_cap;SOURCE_LAYER=1
0
LWPOLYLINE
8
AI4M_01_ATOM_NET
90
3
70
0
10
5434.714706
20
190.549316
10
5444.324691
20
240
10
5434.714706
20
289.450684
1001
AI4MANUFACTURING
1000
WRITEBACK_PHASE=01_ATOM
1000
ENTITY_ID=line_1677__seg_01
1000
SOURCE_HANDLE=106
1000
LINE_ROLE=net_boundary
1000
EDGE=sleeve_cap
1000
CHAIN=piece_04_top_sleeve_cap
1000
PIECE_ID=piece_04
1000
SEAM_PAIR=
1000
PAIRED_CHAIN=
1000
NOTCH_CHAIN=
1000
NOTCH_SOURCE=
1000
PIECE_ROLE=sleeve
1000
SEAM_ALLOWANCE_MM=
1000
SOURCE_LAYER=1
0
TEXT
8
AI4M_01_ATOM_NET
10
5434.714706
20
190.549316
30
0
40
2.5
1
AI4M_line_1677__seg_01_net_boundary_sleeve_cap
1001
AI4MANUFACTURING
1000
WRITEBACK_PHASE=01_ATOM_LABEL
1000
ENTITY_ID=line_1677__seg_01
999
AI4M_ENTITY=line_1677__seg_02;LINE_ROLE=net_boundary;EDGE=sleeve_cap;SOURCE_LAYER=1
0
LWPOLYLINE
8
AI4M_01_ATOM_NET
90
22
70
0
10
5434.714706
20
289.450684
10
5450.497787
20
289.450684
10
5465.682418
20
289.450684
10
5476.0903849999995
20
289.450684
10
5481.148421
20
289.450684
10
5496.286361
20
289.450684
10
5506.744735
20
289.450684
10
5523.14305
20
289.450684
10
5538.409164
20
289.450684
10
5553.794601
20
289.450684
10
5569.144942
20
289.450684
10
5580.000045
20
289.450684
10
5595.874679
20
289.450684
10
5610.994613
20
289.450684
10
5626.403854
20
289.450684
10
5641.299789
20
289.450684
10
5653.25566
20
289.450684
10
5669.445234999999
20
289.450684
10
5685.246627
20
289.450684
10
5700.83287
20
289.450684
10
5716.20671
20
289.450684
10
5725.285384
20
289.450684
1001
AI4MANUFACTURING
1000
WRITEBACK_PHASE=01_ATOM
1000
ENTITY_ID=line_1677__seg_02
1000
SOURCE_HANDLE=106
1000
LINE_ROLE=net_boundary
1000
EDGE=sleeve_cap
1000
CHAIN=piece_04_top_sleeve_cap
1000
PIECE_ID=piece_04
1000
SEAM_PAIR=
1000
PAIRED_CHAIN=
1000
NOTCH_CHAIN=
1000
NOTCH_SOURCE=
1000
PIECE_ROLE=sleeve
1000
SEAM_ALLOWANCE_MM=
1000
SOURCE_LAYER=1
0
TEXT
8
AI4M_01_ATOM_NET
10
5434.714706
20
289.450684
30
0
40
2.5
1
AI4M_line_1677__seg_02_net_boundary_sleeve_cap
1001
AI4MANUFACTURING
1000
WRITEBACK_PHASE=01_ATOM_LABEL
1000
ENTITY_ID=line_1677__seg_02
999
AI4M_ENTITY=line_1677__seg_03;LINE_ROLE=net_boundary;EDGE=sleeve_cap;SOURCE_LAYER=1
0
LWPOLYLINE
8
AI4M_01_ATOM_NET
90
3
70
0
10
5725.285384
20
289.450684
10
5715.675094
20
240
10
5725.285384
20
190.549316
1001
AI4MANUFACTURING
1000
WRITEBACK_PHASE=01_ATOM
1000
ENTITY_ID=line_1677__seg_03
1000
SOURCE_HANDLE=106
1000
LINE_ROLE=net_boundary
1000
EDGE=sleeve_cap
1000
CHAIN=piece_04_top_sleeve_cap
1000
PIECE_ID=piece_04
1000
SEAM_PAIR=
1000
PAIRED_CHAIN=
1000
NOTCH_CHAIN=
1000
NOTCH_SOURCE=
1000
PIECE_ROLE=sleeve
1000
SEAM_ALLOWANCE_MM=
1000
SOURCE_LAYER=1
0
TEXT
8
AI4M_01_ATOM_NET
10
5725.285384
20
289.450684
30
0
40
2.5
1
AI4M_line_1677__seg_03_net_boundary_sleeve_cap
1001
AI4MANUFACTURING
1000
WRITEBACK_PHASE=01_ATOM_LABEL
1000
ENTITY_ID=line_1677__seg_03
999
AI4M_ENTITY=line_1677__seg_04;LINE_ROLE=net_boundary;EDGE=sleeve_cap;SOURCE_LAYER=1
0
LWPOLYLINE
8
AI4M_01_ATOM_NET
90
23
70
0
10
5725.285384
20
190.549316
10
5709.263045
20
190.549316
10
5702.502338
20
190.549316
10
5694.193771
20
190.549316
10
5678.922164
20
190.549316
10
5663.741195
20
190.549316
10
5653.25566
20
190.549316
10
5637.1967
20
190.549316
10
5621.924177999999
20
190.549316
10
5606.109664
20
190.549316
10
5590.879867
20
190.549316
10
5580.000045
20
190.549316
10
5563.772322999999
20
190.549316
10
5548.390853
20
190.549316
10
5532.521407
20
190.549316
10
5517.514083
20
190.549316
10
5506.744735
20
190.549316
10
5491.102645
20
190.549316
10
5475.891158
20
190.549316
10
5460.719039
20
190.549316
10
5457.497676
20
190.549316
10
5445.36534
20
190.549316
10
5434.714706
20
190.549316
1001
AI4MANUFACTURING
1000
WRITEBACK_PHASE=01_ATOM
1000
ENTITY_ID=line_1677__seg_04
1000
SOURCE_HANDLE=106
1000
LINE_ROLE=net_boundary
1000
EDGE=sleeve_cap
1000
CHAIN=piece_04_top_sleeve_cap
1000
PIECE_ID=piece_04
1000
SEAM_PAIR=
1000
PAIRED_CHAIN=
1000
NOTCH_CHAIN=
1000
NOTCH_SOURCE=
1000
PIECE_ROLE=sleeve
1000
SEAM_ALLOWANCE_MM=
1000
SOURCE_LAYER=1
0
TEXT
8
AI4M_01_ATOM_NET
10
5725.285384
20
190.549316
30
0
40
2.5
1
AI4M_line_1677__seg_04_net_boundary_sleeve_cap
1001
AI4MANUFACTURING
1000
WRITEBACK_PHASE=01_ATOM_LABEL
1000
ENTITY_ID=line_1677__seg_04
999
AI4M_ENTITY=line_1984__seg_01;LINE_ROLE=net_boundary;EDGE=unknown;SOURCE_LAYER=1
0
LWPOLYLINE
8
AI4M_01_ATOM_NET
90
3
70
0
10
4588.649363
20
190.54907500000002
10
4598.2595010000005
20
240.000002
10
4588.649363
20
289.45093399999996
1001
AI4MANUFACTURING
1000
WRITEBACK_PHASE=01_ATOM
1000
ENTITY_ID=line_1984__seg_01
1000
SOURCE_HANDLE=108
1000
LINE_ROLE=net_boundary
1000
EDGE=unknown
1000
CHAIN=piece_05_top_unknown
1000
PIECE_ID=piece_05
1000
SEAM_PAIR=
1000
PAIRED_CHAIN=
1000
NOTCH_CHAIN=
1000
NOTCH_SOURCE=
1000
PIECE_ROLE=neck_binding
1000
SEAM_ALLOWANCE_MM=
1000
SOURCE_LAYER=1
0
TEXT
8
AI4M_01_ATOM_NET
10
4588.649363
20
190.54907500000002
30
0
40
2.5
1
AI4M_line_1984__seg_01_net_boundary_unknown
1001
AI4MANUFACTURING
1000
WRITEBACK_PHASE=01_ATOM_LABEL
1000
ENTITY_ID=line_1984__seg_01
999
AI4M_ENTITY=line_1984__seg_02;LINE_ROLE=net_boundary;EDGE=unknown;SOURCE_LAYER=1
0
LWPOLYLINE
8
AI4M_01_ATOM_NET
90
24
70
0
10
4588.649363
20
289.45093399999996
10
4604.4802039999995
20
289.45093399999996
10
4619.699015
20
289.45093399999996
10
4633.910395
20
289.45093399999996
10
4635.068278
20
289.45093399999996
10
4650.111766
20
289.45093399999996
10
4664.924693
20
289.45093399999996
10
4668.453288
20
289.45093399999996
10
4684.992289
20
289.45093399999996
10
4700.535502
20
289.45093399999996
10
4715.475535
20
289.45093399999996
10
4730.780558
20
289.45093399999996
10
4740.7640790000005
20
289.45093399999996
10
4756.615672
20
289.45093399999996
10
4771.712869999999
20
289.45093399999996
10
4786.754222
20
289.45093399999996
10
4801.785655
20
289.45093399999996
10
4813.0777689999995
20
289.45093399999996
10
4829.2481179999995
20
289.45093399999996
10
4844.955058
20
289.45093399999996
10
4860.195384
20
289.45093399999996
10
4875.529092999999
20
289.45093399999996
10
4890.2494
20
289.45093399999996
10
4891.860423
20
289.45093399999996
1001
AI4MANUFACTURING
1000
WRITEBACK_PHASE=01_ATOM
1000
ENTITY_ID=line_1984__seg_02
1000
SOURCE_HANDLE=108
1000
LINE_ROLE=net_boundary
1000
EDGE=unknown
1000
CHAIN=piece_05_top_unknown
1000
PIECE_ID=piece_05
1000
SEAM_PAIR=
1000
PAIRED_CHAIN=
1000
NOTCH_CHAIN=
1000
NOTCH_SOURCE=
1000
PIECE_ROLE=neck_binding
1000
SEAM_ALLOWANCE_MM=
1000
SOURCE_LAYER=1
0
TEXT
8
AI4M_01_ATOM_NET
10
4588.649363
20
289.45093399999996
30
0
40
2.5
1
AI4M_line_1984__seg_02_net_boundary_unknown
1001
AI4MANUFACTURING
1000
WRITEBACK_PHASE=01_ATOM_LABEL
1000
ENTITY_ID=line_1984__seg_02
999
AI4M_ENTITY=line_1984__seg_03;LINE_ROLE=net_boundary;EDGE=unknown;SOURCE_LAYER=1
0
LWPOLYLINE
8
AI4M_01_ATOM_NET
90
3
70
0
10
4891.860423
20
289.45093399999996
10
4882.24998
20
240.000002
10
4891.860423
20
190.54907500000002
1001
AI4MANUFACTURING
1000
WRITEBACK_PHASE=01_ATOM
1000
ENTITY_ID=line_1984__seg_03
1000
SOURCE_HANDLE=108
1000
LINE_ROLE=net_boundary
1000
EDGE=unknown
1000
CHAIN=piece_05_top_unknown
1000
PIECE_ID=piece_05
1000
SEAM_PAIR=
1000
PAIRED_CHAIN=
1000
NOTCH_CHAIN=
1000
NOTCH_SOURCE=
1000
PIECE_ROLE=neck_binding
1000
SEAM_ALLOWANCE_MM=
1000
SOURCE_LAYER=1
0
TEXT
8
AI4M_01_ATOM_NET
10
4891.860423
20
289.45093399999996
30
0
40
2.5
1
AI4M_line_1984__seg_03_net_boundary_unknown
1001
AI4MANUFACTURING
1000
WRITEBACK_PHASE=01_ATOM_LABEL
1000
ENTITY_ID=line_1984__seg_03
999
AI4M_ENTITY=line_1984__seg_04;LINE_ROLE=net_boundary;EDGE=unknown;SOURCE_LAYER=1
0
LWPOLYLINE
8
AI4M_01_ATOM_NET
90
28
70
0
10
4891.860423
20
190.54907500000002
10
4875.944438
20
190.54907500000002
10
4870.095995
20
190.54907500000002
10
4860.627818
20
190.54907500000002
10
4847.616517
20
190.54907500000002
10
4845.390391
20
190.54907500000002
10
4830.0084640000005
20
190.54907500000002
10
4815.096507
20
190.54907500000002
10
4813.0777689999995
20
190.54907500000002
10
4797.122111
20
190.54907500000002
10
4781.4582009999995
20
190.54907500000002
10
4765.911174
20
190.54907500000002
10
4750.941233
20
190.54907500000002
10
4740.7640790000005
20
190.54907500000002
10
4724.734111
20
190.54907500000002
10
4709.019999
20
190.54907500000002
10
4693.447337
20
190.54907500000002
10
4678.175424999999
20
190.54907500000002
10
4668.453288
20
190.54907500000002
10
4668.450693999999
20
190.54907500000002
10
4652.945933
20
190.54907500000002
10
4637.836985
20
190.54907500000002
10
4633.910651
20
190.54907500000002
10
4622.471232
20
190.54907500000002
10
4611.432073
20
190.54907500000002
10
4607.217173
20
190.54907500000002
10
4592.208780999999
20
190.54907500000002
10
4588.649363
20
190.54907500000002
1001
AI4MANUFACTURING
1000
WRITEBACK_PHASE=01_ATOM
1000
ENTITY_ID=line_1984__seg_04
1000
SOURCE_HANDLE=108
1000
LINE_ROLE=net_boundary
1000
EDGE=unknown
1000
CHAIN=piece_05_top_unknown
1000
PIECE_ID=piece_05
1000
SEAM_PAIR=
1000
PAIRED_CHAIN=
1000
NOTCH_CHAIN=
1000
NOTCH_SOURCE=
1000
PIECE_ROLE=neck_binding
1000
SEAM_ALLOWANCE_MM=
1000
SOURCE_LAYER=1
0
TEXT
8
AI4M_01_ATOM_NET
10
4891.860423
20
190.54907500000002
30
0
40
2.5
1
AI4M_line_1984__seg_04_net_boundary_unknown
1001
AI4MANUFACTURING
1000
WRITEBACK_PHASE=01_ATOM_LABEL
1000
ENTITY_ID=line_1984__seg_04
999
AI4M_ENTITY=line_2423__seg_01;LINE_ROLE=net_boundary;EDGE=side_seam;SOURCE_LAYER=1
0
LWPOLYLINE
8
AI4M_01_ATOM_NET
90
3
70
0
10
10219.983613
20
556.224271
10
10179.313752
20
759.518973
10
10138.811432999999
20
961.97682
1001
AI4MANUFACTURING
1000
WRITEBACK_PHASE=01_ATOM
1000
ENTITY_ID=line_2423__seg_01
1000
SOURCE_HANDLE=
1000
LINE_ROLE=net_boundary
1000
EDGE=side_seam
1000
CHAIN=piece_06_left_side_seam
1000
PIECE_ID=piece_06
1000
SEAM_PAIR=
1000
PAIRED_CHAIN=
1000
NOTCH_CHAIN=
1000
NOTCH_SOURCE=
1000
PIECE_ROLE=sleeve
1000
SEAM_ALLOWANCE_MM=
1000
SOURCE_LAYER=1
0
TEXT
8
AI4M_01_ATOM_NET
10
10219.983613
20
556.224271
30
0
40
2.5
1
AI4M_line_2423__seg_01_net_boundary_side_seam
1001
AI4MANUFACTURING
1000
WRITEBACK_PHASE=01_ATOM_LABEL
1000
ENTITY_ID=line_2423__seg_01
999
AI4M_ENTITY=line_2423__seg_02;LINE_ROLE=net_boundary;EDGE=side_seam;SOURCE_LAYER=1
0
LWPOLYLINE
8
AI4M_01_ATOM_NET
90
41
70
0
10
10138.811432999999
20
961.97682
10
10151.832063
20
969.3529189999999
10
10154.496303
20
971.1303760000001
10
10159.147735999999
20
974.2335949999999
10
10162.285859
20
976.6590180000001
10
10164.418503
20
978.50001
10
10168.353669
20
981.897017
10
10170.949494
20
984.51203
10
10173.405244
20
987.365309
10
10174.068613
20
988.187599
10
10176.293732
20
990.945784
10
10178.380218999999
20
993.981749
10
10181.059009
20
998.453147
10
10183.579194
20
1002.6598039999999
10
10185.516145
20
1006.442992
10
10186.633548
20
1008.943659
10
10189.07078
20
1014.398005
10
10190.988557
20
1018.689848
10
10192.674722
20
1023.1030949999999
10
10195.369050000001
20
1030.155035
10
10198.381135
20
1039.23184
10
10201.185089999999
20
1048.295866
10
10202.550841
20
1053.217011
10
10205.201508
20
1062.768027
10
10207.985627
20
1073.331648
10
10210.730683
20
1084.760176
10
10210.799183
20
1085.067707
10
10214.000947
20
1099.442068
10
10214.932302000001
20
1103.752573
10
10216.905915
20
1112.886854
10
10219.816071000001
20
1127.612578
10
10220.910049
20
1133.117174
10
10222.759492000001
20
1142.423064
10
10224.267781999999
20
1149.89194
10
10225.741975
20
1157.191969
10
10226.51635
20
1161.015299
10
10228.73697
20
1171.979185
10
10231.712434000001
20
1186.691176
10
10234.697968
20
1201.461607
10
10237.658173
20
1216.106764
10
10238.119599
20
1218.389098
1001
AI4MANUFACTURING
1000
WRITEBACK_PHASE=01_ATOM
1000
ENTITY_ID=line_2423__seg_02
1000
SOURCE_HANDLE=
1000
LINE_ROLE=net_boundary
1000
EDGE=side_seam
1000
CHAIN=piece_06_left_side_seam
1000
PIECE_ID=piece_06
1000
SEAM_PAIR=
1000
PAIRED_CHAIN=
1000
NOTCH_CHAIN=
1000
NOTCH_SOURCE=
1000
PIECE_ROLE=sleeve
1000
SEAM_ALLOWANCE_MM=
1000
SOURCE_LAYER=1
0
TEXT
8
AI4M_01_ATOM_NET
10
10138.811432999999
20
961.97682
30
0
40
2.5
1
AI4M_line_2423__seg_02_net_boundary_side_seam
1001
AI4MANUFACTURING
1000
WRITEBACK_PHASE=01_ATOM_LABEL
1000
ENTITY_ID=line_2423__seg_02
999
AI4M_ENTITY=line_2423__seg_03;LINE_ROLE=net_boundary;EDGE=cuff_edge;SOURCE_LAYER=1
0
LWPOLYLINE
8
AI4M_01_ATOM_NET
90
36
70
0
10
10238.119599
20
1218.389098
10
10247.426545
20
1211.958739
10
10256.030671
20
1205.831343
10
10260.01352
20
1203.289763
10
10263.708894
20
1201.221052
10
10267.998749999999
20
1199.116026
10
10272.527863
20
1197.170454
10
10277.093293
20
1195.471846
10
10281.776215
20
1193.996474
10
10282.896773
20
1193.703372
10
10286.571136999999
20
1192.742277
10
10291.261079
20
1191.766936
10
10295.855805
20
1191.062208
10
10300.859467
20
1190.560805
10
10305.125214
20
1190.346037
10
10308.418462
20
1190.429445
10
10313.478486
20
1190.5576
10
10316.710297
20
1190.921141
10
10319.218675
20
1191.267679
10
10318.88559
20
1191.221663
10
10323.830659
20
1192.067305
10
10327.415253
20
1192.926756
10
10329.57201
20
1193.586219
10
10331.567475
20
1194.196364
10
10335.797822
20
1195.747114
10
10340.197846
20
1197.633406
10
10344.500214
20
1199.73889
10
10348.454072
20
1201.938521
10
10352.033784
20
1204.199034
10
10355.376069
20
1206.59619
10
10358.758027
20
1209.337584
10
10362.394502
20
1212.619978
10
10366.146943
20
1216.331908
10
10369.383636999999
20
1219.866377
10
10379.102265000001
20
1231.365401
10
10383.696381
20
1236.744047
1001
AI4MANUFACTURING
1000
WRITEBACK_PHASE=01_ATOM
1000
ENTITY_ID=line_2423__seg_03
1000
SOURCE_HANDLE=
1000
LINE_ROLE=net_boundary
1000
EDGE=cuff_edge
1000
CHAIN=piece_06_bottom_cuff_edge
1000
PIECE_ID=piece_06
1000
SEAM_PAIR=
1000
PAIRED_CHAIN=
1000
NOTCH_CHAIN=
1000
NOTCH_SOURCE=
1000
PIECE_ROLE=sleeve
1000
SEAM_ALLOWANCE_MM=
1000
SOURCE_LAYER=1
0
TEXT
8
AI4M_01_ATOM_NET
10
10238.119599
20
1218.389098
30
0
40
2.5
1
AI4M_line_2423__seg_03_net_boundary_cuff_edge
1001
AI4MANUFACTURING
1000
WRITEBACK_PHASE=01_ATOM_LABEL
1000
ENTITY_ID=line_2423__seg_03
999
AI4M_ENTITY=line_2423__seg_04;LINE_ROLE=net_boundary;EDGE=side_seam;SOURCE_LAYER=1
0
LWPOLYLINE
8
AI4M_01_ATOM_NET
90
40
70
0
10
10383.696381
20
1236.744047
10
10389.19809
20
1222.436339
10
10394.613129000001
20
1208.281447
10
10397.273446
20
1201.310368
10
10399.963471
20
1194.261443
10
10404.903720999999
20
1181.323575
10
10405.339447999999
20
1180.182463
10
10410.806977
20
1166.118132
10
10416.410615
20
1152.10713
10
10417.205182
20
1150.161964
10
10422.138764
20
1138.084151
10
10427.882172
20
1124.130217
10
10428.471563
20
1122.696037
10
10433.615815000001
20
1110.178381
10
10434.663605
20
1107.630684
10
10439.35312
20
1096.228148
10
10444.732692
20
1083.144274
10
10445.08249
20
1082.293516
10
10450.808808
20
1068.333098
10
10456.554047
20
1054.379736
10
10457.826772
20
1051.359839
10
10462.435395
20
1040.424582
10
10466.231171
20
1031.975981
10
10467.39912
20
1029.490002
10
10472.573945
20
1018.4753860000001
10
10475.364472000001
20
1013.0812510000001
10
10476.915386
20
1010.35186
10
10481.435029
20
1002.397925
10
10484.000336000001
20
998.358313
10
10486.343465
20
995.090539
10
10489.428802999999
20
990.7876650000001
10
10492.128999
20
987.526785
10
10495.291229999999
20
984.088522
10
10498.411347000001
20
981.0635050000001
10
10500.458236999999
20
979.2856039999999
10
10501.986176
20
977.9584560000001
10
10506.173188
20
974.661566
10
10510.506684
20
971.546828
10
10514.921967
20
968.681799
10
10526.479585000001
20
961.784064
1001
AI4MANUFACTURING
1000
WRITEBACK_PHASE=01_ATOM
1000
ENTITY_ID=line_2423__seg_04
1000
SOURCE_HANDLE=
1000
LINE_ROLE=net_boundary
1000
EDGE=side_seam
1000
CHAIN=piece_06_right_side_seam
1000
PIECE_ID=piece_06
1000
SEAM_PAIR=
1000
PAIRED_CHAIN=
1000
NOTCH_CHAIN=
1000
NOTCH_SOURCE=
1000
PIECE_ROLE=sleeve
1000
SEAM_ALLOWANCE_MM=
1000
SOURCE_LAYER=1
0
TEXT
8
AI4M_01_ATOM_NET
10
10383.696381
20
1236.744047
30
0
40
2.5
1
AI4M_line_2423__seg_04_net_boundary_side_seam
1001
AI4MANUFACTURING
1000
WRITEBACK_PHASE=01_ATOM_LABEL
1000
ENTITY_ID=line_2423__seg_04
999
AI4M_ENTITY=line_2423__seg_05;LINE_ROLE=net_boundary;EDGE=side_seam;SOURCE_LAYER=1
0
LWPOLYLINE
8
AI4M_01_ATOM_NET
90
3
70
0
10
10526.479585000001
20
961.784064
10
10487.291352
20
759.55218
10
10447.883393
20
556.1815799999999
1001
AI4MANUFACTURING
1000
WRITEBACK_PHASE=01_ATOM
1000
ENTITY_ID=line_2423__seg_05
1000
SOURCE_HANDLE=
1000
LINE_ROLE=net_boundary
1000
EDGE=side_seam
1000
CHAIN=piece_06_right_side_seam
1000
PIECE_ID=piece_06
1000
SEAM_PAIR=
1000
PAIRED_CHAIN=
1000
NOTCH_CHAIN=
1000
NOTCH_SOURCE=
1000
PIECE_ROLE=sleeve
1000
SEAM_ALLOWANCE_MM=
1000
SOURCE_LAYER=1
0
TEXT
8
AI4M_01_ATOM_NET
10
10526.479585000001
20
961.784064
30
0
40
2.5
1
AI4M_line_2423__seg_05_net_boundary_side_seam
1001
AI4MANUFACTURING
1000
WRITEBACK_PHASE=01_ATOM_LABEL
1000
ENTITY_ID=line_2423__seg_05
999
AI4M_ENTITY=line_2423__seg_06;LINE_ROLE=net_boundary;EDGE=sleeve_cap;SOURCE_LAYER=1
0
LWPOLYLINE
8
AI4M_01_ATOM_NET
90
19
70
0
10
10447.883393
20
556.1815799999999
10
10432.313935
20
556.184436
10
10416.890351
20
556.18838
10
10401.777436
20
556.193339
10
10386.57663
20
556.199662
10
10371.506440000001
20
556.207148
10
10356.435639
20
556.214253
10
10341.365449
20
556.219112
10
10331.89688
20
556.220173
10
10326.181123
20
556.220814
10
10320.280121
20
556.22136
10
10310.925996
20
556.222226
10
10308.665064
20
556.222457
10
10295.67331
20
556.22379
10
10280.637605
20
556.2247150000001
10
10265.567109
20
556.224514
10
10250.496919000001
20
556.22389
10
10235.020539000001
20
556.223651
10
10219.983613
20
556.224271
1001
AI4MANUFACTURING
1000
WRITEBACK_PHASE=01_ATOM
1000
ENTITY_ID=line_2423__seg_06
1000
SOURCE_HANDLE=
1000
LINE_ROLE=net_boundary
1000
EDGE=sleeve_cap
1000
CHAIN=piece_06_top_sleeve_cap
1000
PIECE_ID=piece_06
1000
SEAM_PAIR=
1000
PAIRED_CHAIN=
1000
NOTCH_CHAIN=
1000
NOTCH_SOURCE=
1000
PIECE_ROLE=sleeve
1000
SEAM_ALLOWANCE_MM=
1000
SOURCE_LAYER=1
0
TEXT
8
AI4M_01_ATOM_NET
10
10447.883393
20
556.1815799999999
30
0
40
2.5
1
AI4M_line_2423__seg_06_net_boundary_sleeve_cap
1001
AI4MANUFACTURING
1000
WRITEBACK_PHASE=01_ATOM_LABEL
1000
ENTITY_ID=line_2423__seg_06
999
AI4M_ENTITY=line_0171__seg_01;LINE_ROLE=side_seam;EDGE=side_seam;SOURCE_LAYER=8
0
LWPOLYLINE
8
AI4M_01_ATOM_UNKNOWN
90
3
70
0
10
8799.649089999999
20
467.073885
10
8801.015972
20
673.467384
10
8801.115154
20
688.467079
1001
AI4MANUFACTURING
1000
WRITEBACK_PHASE=01_ATOM
1000
ENTITY_ID=line_0171__seg_01
1000
SOURCE_HANDLE=100
1000
LINE_ROLE=side_seam
1000
EDGE=side_seam
1000
CHAIN=piece_01_left_side_seam
1000
PIECE_ID=piece_01
1000
SEAM_PAIR=
1000
PAIRED_CHAIN=
1000
NOTCH_CHAIN=
1000
NOTCH_SOURCE=
1000
PIECE_ROLE=front_body
1000
SEAM_ALLOWANCE_MM=
1000
SOURCE_LAYER=8
0
TEXT
8
AI4M_01_ATOM_UNKNOWN
10
8799.649089999999
20
467.073885
30
0
40
2.5
1
AI4M_line_0171__seg_01_side_seam_side_seam
1001
AI4MANUFACTURING
1000
WRITEBACK_PHASE=01_ATOM_LABEL
1000
ENTITY_ID=line_0171__seg_01
999
AI4M_ENTITY=line_0171__seg_02;LINE_ROLE=armhole_front;EDGE=side_seam;SOURCE_LAYER=8
0
LWPOLYLINE
8
AI4M_01_ATOM_UNKNOWN
90
2
70
0
10
8801.115154
20
688.467079
10
8827.209209
20
703.293186
1001
AI4MANUFACTURING
1000
WRITEBACK_PHASE=01_ATOM
1000
ENTITY_ID=line_0171__seg_02
1000
SOURCE_HANDLE=
1000
LINE_ROLE=armhole_front
1000
EDGE=side_seam
1000
CHAIN=piece_01_left_side_seam
1000
PIECE_ID=piece_01
1000
SEAM_PAIR=
1000
PAIRED_CHAIN=
1000
NOTCH_CHAIN=
1000
NOTCH_SOURCE=
1000
PIECE_ROLE=front_body
1000
SEAM_ALLOWANCE_MM=
1000
SOURCE_LAYER=8
0
TEXT
8
AI4M_01_ATOM_UNKNOWN
10
8801.115154
20
688.467079
30
0
40
2.5
1
AI4M_line_0171__seg_02_armhole_front_side_seam
1001
AI4MANUFACTURING
1000
WRITEBACK_PHASE=01_ATOM_LABEL
1000
ENTITY_ID=line_0171__seg_02
999
AI4M_ENTITY=line_0171__seg_03;LINE_ROLE=armhole_front;EDGE=side_seam;SOURCE_LAYER=8
0
LWPOLYLINE
8
AI4M_01_ATOM_UNKNOWN
90
3
70
0
10
8827.209209
20
703.293186
10
8827.661175
20
773.2917170000001
10
8828.408855
20
888.99881
1001
AI4MANUFACTURING
1000
WRITEBACK_PHASE=01_ATOM
1000
ENTITY_ID=line_0171__seg_03
1000
SOURCE_HANDLE=
1000
LINE_ROLE=armhole_front
1000
EDGE=side_seam
1000
CHAIN=piece_01_left_side_seam
1000
PIECE_ID=piece_01
1000
SEAM_PAIR=
1000
PAIRED_CHAIN=
1000
NOTCH_CHAIN=
1000
NOTCH_SOURCE=
1000
PIECE_ROLE=front_body
1000
SEAM_ALLOWANCE_MM=
1000
SOURCE_LAYER=8
0
TEXT
8
AI4M_01_ATOM_UNKNOWN
10
8827.209209
20
703.293186
30
0
40
2.5
1
AI4M_line_0171__seg_03_armhole_front_side_seam
1001
AI4MANUFACTURING
1000
WRITEBACK_PHASE=01_ATOM_LABEL
1000
ENTITY_ID=line_0171__seg_03
999
AI4M_ENTITY=line_0171__seg_04;LINE_ROLE=armhole_front;EDGE=hem;SOURCE_LAYER=8
0
LWPOLYLINE
8
AI4M_01_ATOM_UNKNOWN
90
45
70
0
10
8828.408855
20
888.99881
10
8835.179103999999
20
892.5273520000001
10
8839.565896
20
894.845437
10
8844.532374999999
20
897.783361
10
8847.494877000001
20
899.77703
10
8849.083728
20
900.983448
10
8852.733249
20
903.835453
10
8855.580856
20
906.4768339999999
10
8858.862576
20
909.844058
10
8861.008382
20
912.381073
10
8861.113396
20
912.51198
10
8865.864737
20
918.469152
10
8868.646497
20
922.399388
10
8871.999726
20
927.652976
10
8872.732587999999
20
928.826502
10
8876.605057
20
935.107609
10
8880.033743
20
941.197677
10
8882.681488999999
20
946.188402
10
8887.080326
20
954.576776
10
8894.115591
20
967.883734
10
8898.575315999999
20
976.24346
10
8901.201028
20
981.178528
10
8905.160701
20
988.259011
10
8910.385875
20
997.047706
10
8914.455485999999
20
1003.476319
10
8917.712334
20
1008.3298
10
8922.841292000001
20
1015.952342
10
8927.863766999999
20
1023.0516259999999
10
8933.529198
20
1030.616102
10
8934.214451
20
1031.51263
10
8934.216351
20
1031.515136
10
8939.184867
20
1038.034952
10
8942.665691999999
20
1042.605708
10
8951.792414
20
1054.569094
10
8960.947456999998
20
1066.529513
10
8960.956417
20
1066.541195
10
8970.124317
20
1078.491882
10
8979.22204
20
1090.441068
10
8984.357973999999
20
1097.249049
10
8984.358868
20
1097.2503809999998
10
8988.287135999999
20
1102.4543720000001
10
8989.232428
20
1103.706236
10
8997.371679
20
1114.4889469999998
10
9006.420302999999
20
1126.4700010000001
10
9011.04649
20
1132.590271
1001
AI4MANUFACTURING
1000
WRITEBACK_PHASE=01_ATOM
1000
ENTITY_ID=line_0171__seg_04
1000
SOURCE_HANDLE=
1000
LINE_ROLE=armhole_front
1000
EDGE=hem
1000
CHAIN=piece_01_bottom_hem
1000
PIECE_ID=piece_01
1000
SEAM_PAIR=
1000
PAIRED_CHAIN=
1000
NOTCH_CHAIN=
1000
NOTCH_SOURCE=
1000
PIECE_ROLE=front_body
1000
SEAM_ALLOWANCE_MM=
1000
SOURCE_LAYER=8
0
TEXT
8
AI4M_01_ATOM_UNKNOWN
10
8828.408855
20
888.99881
30
0
40
2.5
1
AI4M_line_0171__seg_04_armhole_front_hem
1001
AI4MANUFACTURING
1000
WRITEBACK_PHASE=01_ATOM_LABEL
1000
ENTITY_ID=line_0171__seg_04
999
AI4M_ENTITY=line_0171__seg_05;LINE_ROLE=neckline;EDGE=neckline;SOURCE_LAYER=8
0
LWPOLYLINE
8
AI4M_01_ATOM_UNKNOWN
90
15
70
0
10
9011.04649
20
1132.590271
10
9024.260806999999
20
1131.2950759999999
10
9034.449702999998
20
1130.5351249999999
10
9044.037282
20
1130.075877
10
9055.611057999999
20
1129.8129450000001
10
9070.697897
20
1129.672949
10
9085.716262999998
20
1129.6297260000001
10
9100.000042
20
1129.6338799999999
10
9115.529637
20
1129.630834
10
9130.547909
20
1129.68017
10
9145.571613
20
1129.830142
10
9156.831986
20
1130.107039
10
9166.275361
20
1130.580253
10
9176.283308999999
20
1131.342242
10
9188.953593999999
20
1132.590271
1001
AI4MANUFACTURING
1000
WRITEBACK_PHASE=01_ATOM
1000
ENTITY_ID=line_0171__seg_05
1000
SOURCE_HANDLE=100
1000
LINE_ROLE=neckline
1000
EDGE=neckline
1000
CHAIN=piece_01_bottom_hem
1000
PIECE_ID=piece_01
1000
SEAM_PAIR=
1000
PAIRED_CHAIN=
1000
NOTCH_CHAIN=
1000
NOTCH_SOURCE=
1000
PIECE_ROLE=front_body
1000
SEAM_ALLOWANCE_MM=
1000
SOURCE_LAYER=8
0
TEXT
8
AI4M_01_ATOM_UNKNOWN
10
9011.04649
20
1132.590271
30
0
40
2.5
1
AI4M_line_0171__seg_05_neckline_neckline
1001
AI4MANUFACTURING
1000
WRITEBACK_PHASE=01_ATOM_LABEL
1000
ENTITY_ID=line_0171__seg_05
999
AI4M_ENTITY=line_0171__seg_06;LINE_ROLE=armhole_front;EDGE=hem;SOURCE_LAYER=8
0
LWPOLYLINE
8
AI4M_01_ATOM_UNKNOWN
90
42
70
0
10
9188.953593999999
20
1132.590271
10
9198.135712
20
1120.439378
10
9207.211340999998
20
1108.422077
10
9210.767628
20
1103.7063560000001
10
9216.266004000001
20
1096.409724
10
9225.386031
20
1084.37364
10
9234.543120999999
20
1072.408461
10
9239.043606
20
1066.541047
10
9243.722427
20
1060.4332359999999
10
9252.85217
20
1048.485329
10
9260.815587000001
20
1038.0344679999998
10
9261.980464
20
1036.504146
10
9265.783427999999
20
1031.51567
10
9265.785668
20
1031.51258
10
9271.131037
20
1024.424325
10
9276.260823
20
1017.253611
10
9282.287581
20
1008.330051
10
9284.706094000001
20
1004.740335
10
9288.581953
20
998.7208909999999
10
9293.569271
20
990.440336
10
9297.852153
20
982.9187459999999
10
9301.424836999999
20
976.243331
10
9304.97007
20
969.595904
10
9312.015856
20
956.297109
10
9317.318711
20
946.188181
10
9319.000911
20
942.995959
10
9322.643064
20
936.399531
10
9325.838176
20
931.094093
10
9327.267447999999
20
928.826578
10
9331.64481
20
921.967989
10
9334.445214
20
918.057431
10
9338.293911
20
913.245531
10
9338.886848999999
20
912.5117789999999
10
9341.138769
20
909.842673
10
9344.176329999998
20
906.7153079999999
10
9347.225736
20
903.870914
10
9349.738655000001
20
901.868531
10
9350.916393
20
900.98342
10
9354.103839
20
898.662072
10
9358.019574
20
896.23776
10
9362.631877
20
893.649246
10
9371.591229
20
888.99881
1001
AI4MANUFACTURING
1000
WRITEBACK_PHASE=01_ATOM
1000
ENTITY_ID=line_0171__seg_06
1000
SOURCE_HANDLE=
1000
LINE_ROLE=armhole_front
1000
EDGE=hem
1000
CHAIN=piece_01_bottom_hem
1000
PIECE_ID=piece_01
1000
SEAM_PAIR=
1000
PAIRED_CHAIN=
1000
NOTCH_CHAIN=
1000
NOTCH_SOURCE=
1000
PIECE_ROLE=front_body
1000
SEAM_ALLOWANCE_MM=
1000
SOURCE_LAYER=8
0
TEXT
8
AI4M_01_ATOM_UNKNOWN
10
9188.953593999999
20
1132.590271
30
0
40
2.5
1
AI4M_line_0171__seg_06_armhole_front_hem
1001
AI4MANUFACTURING
1000
WRITEBACK_PHASE=01_ATOM_LABEL
1000
ENTITY_ID=line_0171__seg_06
999
AI4M_ENTITY=line_0171__seg_07;LINE_ROLE=armhole_front;EDGE=side_seam;SOURCE_LAYER=8
0
LWPOLYLINE
8
AI4M_01_ATOM_UNKNOWN
90
3
70
0
10
9371.591229
20
888.99881
10
9372.338909
20
773.2917170000001
10
9372.790874999999
20
703.293186
1001
AI4MANUFACTURING
1000
WRITEBACK_PHASE=01_ATOM
1000
ENTITY_ID=line_0171__seg_07
1000
SOURCE_HANDLE=
1000
LINE_ROLE=armhole_front
1000
EDGE=side_seam
1000
CHAIN=piece_01_right_side_seam
1000
PIECE_ID=piece_01
1000
SEAM_PAIR=
1000
PAIRED_CHAIN=
1000
NOTCH_CHAIN=
1000
NOTCH_SOURCE=
1000
PIECE_ROLE=front_body
1000
SEAM_ALLOWANCE_MM=
1000
SOURCE_LAYER=8
0
TEXT
8
AI4M_01_ATOM_UNKNOWN
10
9371.591229
20
888.99881
30
0
40
2.5
1
AI4M_line_0171__seg_07_armhole_front_side_seam
1001
AI4MANUFACTURING
1000
WRITEBACK_PHASE=01_ATOM_LABEL
1000
ENTITY_ID=line_0171__seg_07
999
AI4M_ENTITY=line_0171__seg_08;LINE_ROLE=armhole_front;EDGE=side_seam;SOURCE_LAYER=8
0
LWPOLYLINE
8
AI4M_01_ATOM_UNKNOWN
90
2
70
0
10
9372.790874999999
20
703.293186
10
9398.88493
20
688.467079
1001
AI4MANUFACTURING
1000
WRITEBACK_PHASE=01_ATOM
1000
ENTITY_ID=line_0171__seg_08
1000
SOURCE_HANDLE=
1000
LINE_ROLE=armhole_front
1000
EDGE=side_seam
1000
CHAIN=piece_01_right_side_seam
1000
PIECE_ID=piece_01
1000
SEAM_PAIR=
1000
PAIRED_CHAIN=
1000
NOTCH_CHAIN=
1000
NOTCH_SOURCE=
1000
PIECE_ROLE=front_body
1000
SEAM_ALLOWANCE_MM=
1000
SOURCE_LAYER=8
0
TEXT
8
AI4M_01_ATOM_UNKNOWN
10
9372.790874999999
20
703.293186
30
0
40
2.5
1
AI4M_line_0171__seg_08_armhole_front_side_seam
1001
AI4MANUFACTURING
1000
WRITEBACK_PHASE=01_ATOM_LABEL
1000
ENTITY_ID=line_0171__seg_08
999
AI4M_ENTITY=line_0171__seg_09;LINE_ROLE=armhole_front;EDGE=side_seam;SOURCE_LAYER=8
0
LWPOLYLINE
8
AI4M_01_ATOM_UNKNOWN
90
3
70
0
10
9398.88493
20
688.467079
10
9398.984112
20
673.467384
10
9400.350994
20
467.073885
1001
AI4MANUFACTURING
1000
WRITEBACK_PHASE=01_ATOM
1000
ENTITY_ID=line_0171__seg_09
1000
SOURCE_HANDLE=
1000
LINE_ROLE=armhole_front
1000
EDGE=side_seam
1000
CHAIN=piece_01_right_side_seam
1000
PIECE_ID=piece_01
1000
SEAM_PAIR=
1000
PAIRED_CHAIN=
1000
NOTCH_CHAIN=
1000
NOTCH_SOURCE=
1000
PIECE_ROLE=front_body
1000
SEAM_ALLOWANCE_MM=
1000
SOURCE_LAYER=8
0
TEXT
8
AI4M_01_ATOM_UNKNOWN
10
9398.88493
20
688.467079
30
0
40
2.5
1
AI4M_line_0171__seg_09_armhole_front_side_seam
1001
AI4MANUFACTURING
1000
WRITEBACK_PHASE=01_ATOM_LABEL
1000
ENTITY_ID=line_0171__seg_09
999
AI4M_ENTITY=line_0171__seg_10;LINE_ROLE=hem_line;EDGE=hem_line;SOURCE_LAYER=8
0
LWPOLYLINE
8
AI4M_01_ATOM_UNKNOWN
90
7
70
0
10
9400.350994
20
467.073885
10
9335.302776
20
467.073885
10
9244.847149
20
467.073885
10
9100.000042
20
467.073885
10
8955.152935
20
467.073885
10
8864.697307999999
20
467.073885
10
8799.649089999999
20
467.073885
1001
AI4MANUFACTURING
1000
WRITEBACK_PHASE=01_ATOM
1000
ENTITY_ID=line_0171__seg_10
1000
SOURCE_HANDLE=100
1000
LINE_ROLE=hem_line
1000
EDGE=hem_line
1000
CHAIN=piece_01_top_front_neckline
1000
PIECE_ID=piece_01
1000
SEAM_PAIR=
1000
PAIRED_CHAIN=
1000
NOTCH_CHAIN=
1000
NOTCH_SOURCE=
1000
PIECE_ROLE=front_body
1000
SEAM_ALLOWANCE_MM=
1000
SOURCE_LAYER=8
0
TEXT
8
AI4M_01_ATOM_UNKNOWN
10
9400.350994
20
467.073885
30
0
40
2.5
1
AI4M_line_0171__seg_10_hem_line_hem_line
1001
AI4MANUFACTURING
1000
WRITEBACK_PHASE=01_ATOM_LABEL
1000
ENTITY_ID=line_0171__seg_10
999
AI4M_ENTITY=line_0935__seg_01;LINE_ROLE=side_seam;EDGE=side_seam;SOURCE_LAYER=8
0
LWPOLYLINE
8
AI4M_01_ATOM_UNKNOWN
90
3
70
0
10
7379.642363
20
482.707535
10
7380.992461
20
687.437788
10
7381.091643
20
702.4374829999999
1001
AI4MANUFACTURING
1000
WRITEBACK_PHASE=01_ATOM
1000
ENTITY_ID=line_0935__seg_01
1000
SOURCE_HANDLE=102
1000
LINE_ROLE=side_seam
1000
EDGE=side_seam
1000
CHAIN=piece_02_left_side_seam
1000
PIECE_ID=piece_02
1000
SEAM_PAIR=
1000
PAIRED_CHAIN=
1000
NOTCH_CHAIN=
1000
NOTCH_SOURCE=
1000
PIECE_ROLE=back_body
1000
SEAM_ALLOWANCE_MM=
1000
SOURCE_LAYER=8
0
TEXT
8
AI4M_01_ATOM_UNKNOWN
10
7379.642363
20
482.707535
30
0
40
2.5
1
AI4M_line_0935__seg_01_side_seam_side_seam
1001
AI4MANUFACTURING
1000
WRITEBACK_PHASE=01_ATOM_LABEL
1000
ENTITY_ID=line_0935__seg_01
999
AI4M_ENTITY=line_0935__seg_02;LINE_ROLE=armhole_front;EDGE=side_seam;SOURCE_LAYER=8
0
LWPOLYLINE
8
AI4M_01_ATOM_UNKNOWN
90
2
70
0
10
7381.091643
20
702.4374829999999
10
7407.173796
20
717.260252
1001
AI4MANUFACTURING
1000
WRITEBACK_PHASE=01_ATOM
1000
ENTITY_ID=line_0935__seg_02
1000
SOURCE_HANDLE=
1000
LINE_ROLE=armhole_front
1000
EDGE=side_seam
1000
CHAIN=piece_02_left_side_seam
1000
PIECE_ID=piece_02
1000
SEAM_PAIR=
1000
PAIRED_CHAIN=
1000
NOTCH_CHAIN=
1000
NOTCH_SOURCE=
1000
PIECE_ROLE=back_body
1000
SEAM_ALLOWANCE_MM=
1000
SOURCE_LAYER=8
0
TEXT
8
AI4M_01_ATOM_UNKNOWN
10
7381.091643
20
702.4374829999999
30
0
40
2.5
1
AI4M_line_0935__seg_02_armhole_front_side_seam
1001
AI4MANUFACTURING
1000
WRITEBACK_PHASE=01_ATOM_LABEL
1000
ENTITY_ID=line_0935__seg_02
999
AI4M_ENTITY=line_0935__seg_03;LINE_ROLE=side_seam;EDGE=side_seam;SOURCE_LAYER=8
0
LWPOLYLINE
8
AI4M_01_ATOM_UNKNOWN
90
16
70
0
10
7407.173796
20
717.260252
10
7407.2704699999995
20
733.230874
10
7407.363126
20
748.272041
10
7407.4579730000005
20
763.417213
10
7407.553419
20
778.562383
10
7407.608061
20
787.2607479999999
10
7407.608122
20
787.261231
10
7407.650874999999
20
794.066536
10
7407.747697
20
809.211692
10
7407.846587
20
824.3568419999999
10
7407.946934
20
839.501972
10
7408.050998
20
855.072842
10
7408.153186
20
870.283165
10
7408.256643
20
885.619208
10
7408.356731
20
900.401497
10
7408.394805
20
906.0084589999999
1001
AI4MANUFACTURING
1000
WRITEBACK_PHASE=01_ATOM
1000
ENTITY_ID=line_0935__seg_03
1000
SOURCE_HANDLE=102
1000
LINE_ROLE=side_seam
1000
EDGE=side_seam
1000
CHAIN=piece_02_left_side_seam
1000
PIECE_ID=piece_02
1000
SEAM_PAIR=
1000
PAIRED_CHAIN=
1000
NOTCH_CHAIN=
1000
NOTCH_SOURCE=
1000
PIECE_ROLE=back_body
1000
SEAM_ALLOWANCE_MM=
1000
SOURCE_LAYER=8
0
TEXT
8
AI4M_01_ATOM_UNKNOWN
10
7407.173796
20
717.260252
30
0
40
2.5
1
AI4M_line_0935__seg_03_side_seam_side_seam
1001
AI4MANUFACTURING
1000
WRITEBACK_PHASE=01_ATOM_LABEL
1000
ENTITY_ID=line_0935__seg_03
999
AI4M_ENTITY=line_0935__seg_04;LINE_ROLE=armhole_back;EDGE=armhole_back;SOURCE_LAYER=8
0
LWPOLYLINE
8
AI4M_01_ATOM_UNKNOWN
90
42
70
0
10
7408.394805
20
906.0084589999999
10
7417.26261
20
909.8219320000001
10
7423.05514
20
912.436753
10
7428.085965
20
914.9455559999999
10
7431.362102
20
916.8282039999999
10
7434.158979
20
918.574482
10
7437.824237
20
920.93444
10
7441.416279
20
923.6118429999999
10
7445.659879
20
927.069011
10
7449.343589
20
930.3818679999999
10
7451.256683
20
932.2331469999999
10
7453.12515
20
934.125022
10
7457.2181120000005
20
938.5382440000001
10
7460.389121
20
942.271538
10
7462.694726
20
945.268898
10
7466.8815190000005
20
950.8272979999999
10
7468.2385859999995
20
952.8221470000001
10
7468.2403859999995
20
952.8246750000001
10
7472.692778
20
959.4036489999999
10
7473.86371
20
961.3245870000001
10
7480.606023
20
972.2916740000001
10
7484.7178349999995
20
978.9310659999999
10
7488.535221
20
985.125252
10
7493.276721
20
992.6130209999999
10
7496.117284
20
996.779509
10
7501.876807
20
1005.046198
10
7506.150173
20
1010.81637
10
7508.273126
20
1013.6144429999999
10
7514.277474
20
1021.4652550000001
10
7519.498532
20
1027.861464
10
7522.110692
20
1030.9347619999999
10
7522.112761
20
1030.93743
10
7529.263707
20
1039.36266
10
7534.957256
20
1045.752888
10
7539.346453
20
1050.650741
10
7548.785731
20
1061.078096
10
7559.098464
20
1072.124583
10
7562.781959
20
1076.034966
10
7569.390466
20
1083.074118
10
7578.196042
20
1092.668438
10
7588.22795
20
1103.901819
10
7593.971892
20
1110.2648609999999
1001
AI4MANUFACTURING
1000
WRITEBACK_PHASE=01_ATOM
1000
ENTITY_ID=line_0935__seg_04
1000
SOURCE_HANDLE=102
1000
LINE_ROLE=armhole_back
1000
EDGE=armhole_back
1000
CHAIN=piece_02_bottom_hem
1000
PIECE_ID=piece_02
1000
SEAM_PAIR=
1000
PAIRED_CHAIN=
1000
NOTCH_CHAIN=
1000
NOTCH_SOURCE=
1000
PIECE_ROLE=back_body
1000
SEAM_ALLOWANCE_MM=
1000
SOURCE_LAYER=8
0
TEXT
8
AI4M_01_ATOM_UNKNOWN
10
7408.394805
20
906.0084589999999
30
0
40
2.5
1
AI4M_line_0935__seg_04_armhole_back_armhole_back
1001
AI4MANUFACTURING
1000
WRITEBACK_PHASE=01_ATOM_LABEL
1000
ENTITY_ID=line_0935__seg_04
999
AI4M_ENTITY=line_0935__seg_05;LINE_ROLE=neckline;EDGE=neckline;SOURCE_LAYER=8
0
LWPOLYLINE
8
AI4M_01_ATOM_UNKNOWN
90
23
70
0
10
7593.971892
20
1110.2648609999999
10
7601.362462
20
1108.179106
10
7607.518429
20
1106.694109
10
7612.766571
20
1105.672336
10
7618.038714
20
1104.901178
10
7625.051087
20
1104.162664
10
7631.769306
20
1103.695772
10
7641.207761
20
1103.310712
10
7646.537527
20
1103.152048
10
7661.588204
20
1103.11313
10
7676.508071
20
1103.001099
10
7680.020780999999
20
1102.954375
10
7695.2281729999995
20
1103.101164
10
7710.290121
20
1103.117345
10
7717.871526999999
20
1103.272263
10
7718.795273
20
1103.310696
10
7730.894333
20
1103.850962
10
7737.838894
20
1104.436354
10
7744.323628
20
1105.216821
10
7749.458575
20
1106.0740289999999
10
7754.854384
20
1107.234347
10
7761.295027
20
1108.892339
10
7766.031218
20
1110.2648609999999
1001
AI4MANUFACTURING
1000
WRITEBACK_PHASE=01_ATOM
1000
ENTITY_ID=line_0935__seg_05
1000
SOURCE_HANDLE=102
1000
LINE_ROLE=neckline
1000
EDGE=neckline
1000
CHAIN=piece_02_bottom_hem
1000
PIECE_ID=piece_02
1000
SEAM_PAIR=
1000
PAIRED_CHAIN=
1000
NOTCH_CHAIN=
1000
NOTCH_SOURCE=
1000
PIECE_ROLE=back_body
1000
SEAM_ALLOWANCE_MM=
1000
SOURCE_LAYER=8
0
TEXT
8
AI4M_01_ATOM_UNKNOWN
10
7593.971892
20
1110.2648609999999
30
0
40
2.5
1
AI4M_line_0935__seg_05_neckline_neckline
1001
AI4MANUFACTURING
1000
WRITEBACK_PHASE=01_ATOM_LABEL
1000
ENTITY_ID=line_0935__seg_05
999
AI4M_ENTITY=line_0935__seg_06;LINE_ROLE=armhole_back;EDGE=armhole_back;SOURCE_LAYER=8
0
LWPOLYLINE
8
AI4M_01_ATOM_UNKNOWN
90
43
70
0
10
7766.031218
20
1110.2648609999999
10
7776.206195999999
20
1098.933426
10
7785.609317
20
1088.486772
10
7795.879956
20
1077.4708699999999
10
7797.221283999999
20
1076.034696
10
7804.825468999999
20
1067.859389
10
7804.826227
20
1067.85846
10
7806.123426
20
1066.470792
10
7816.388671
20
1055.413628
10
7825.045676
20
1045.753015
10
7826.408851
20
1044.241524
10
7831.792036
20
1038.1397729999999
10
7837.890654
20
1030.936819
10
7837.89243
20
1030.934768
10
7841.563072999999
20
1026.595527
10
7846.6753229999995
20
1020.25839
10
7851.730041
20
1013.614368
10
7855.823462
20
1008.203559
10
7859.862155999999
20
1002.579264
10
7863.8857769999995
20
996.779579
10
7867.304203
20
991.7299740000001
10
7872.646360999999
20
983.215623
10
7875.285239
20
978.931104
10
7880.571964999999
20
970.3959379999999
10
7886.139402
20
961.324584
10
7888.501721
20
957.549186
10
7891.762724
20
952.824828
10
7891.764599
20
952.822038
10
7894.974651
20
948.291277
10
7897.3085169999995
20
945.2688860000001
10
7900.843123
20
940.7788049999999
10
7904.547859
20
936.591907
10
7908.489109
20
932.4759529999999
10
7908.739992999999
20
932.2267629999999
10
7912.164273
20
928.9851659999999
10
7916.039441999999
20
925.650361
10
7920.5159650000005
20
922.1365209999999
10
7923.740883
20
919.8821439999999
10
7925.84429
20
918.574394
10
7930.895746
20
915.5032449999999
10
7934.870233
20
913.438539
10
7940.835636
20
910.6520969999999
10
7951.608305
20
906.0084589999999
1001
AI4MANUFACTURING
1000
WRITEBACK_PHASE=01_ATOM
1000
ENTITY_ID=line_0935__seg_06
1000
SOURCE_HANDLE=102
1000
LINE_ROLE=armhole_back
1000
EDGE=armhole_back
1000
CHAIN=piece_02_bottom_hem
1000
PIECE_ID=piece_02
1000
SEAM_PAIR=
1000
PAIRED_CHAIN=
1000
NOTCH_CHAIN=
1000
NOTCH_SOURCE=
1000
PIECE_ROLE=back_body
1000
SEAM_ALLOWANCE_MM=
1000
SOURCE_LAYER=8
0
TEXT
8
AI4M_01_ATOM_UNKNOWN
10
7766.031218
20
1110.2648609999999
30
0
40
2.5
1
AI4M_line_0935__seg_06_armhole_back_armhole_back
1001
AI4MANUFACTURING
1000
WRITEBACK_PHASE=01_ATOM_LABEL
1000
ENTITY_ID=line_0935__seg_06
999
AI4M_ENTITY=line_0935__seg_07;LINE_ROLE=side_seam;EDGE=side_seam;SOURCE_LAYER=8
0
LWPOLYLINE
8
AI4M_01_ATOM_UNKNOWN
90
16
70
0
10
7951.608305
20
906.0084589999999
10
7951.714788
20
890.303769
10
7951.819845999999
20
874.7479169999999
10
7951.924301999999
20
859.219219
10
7952.029022
20
843.574668
10
7952.129656
20
828.429539
10
7952.228998
20
813.284392
10
7952.326437
20
798.139241
10
7952.394988
20
787.2611449999999
10
7952.395049
20
787.26071
10
7952.422171
20
782.934128
10
7952.517603
20
767.788961
10
7952.612725999999
20
752.643785
10
7952.706772
20
737.460709
10
7952.798149
20
722.4357
10
7952.829314
20
717.260252
1001
AI4MANUFACTURING
1000
WRITEBACK_PHASE=01_ATOM
1000
ENTITY_ID=line_0935__seg_07
1000
SOURCE_HANDLE=102
1000
LINE_ROLE=side_seam
1000
EDGE=side_seam
1000
CHAIN=piece_02_right_side_seam
1000
PIECE_ID=piece_02
1000
SEAM_PAIR=
1000
PAIRED_CHAIN=
1000
NOTCH_CHAIN=
1000
NOTCH_SOURCE=
1000
PIECE_ROLE=back_body
1000
SEAM_ALLOWANCE_MM=
1000
SOURCE_LAYER=8
0
TEXT
8
AI4M_01_ATOM_UNKNOWN
10
7951.608305
20
906.0084589999999
30
0
40
2.5
1
AI4M_line_0935__seg_07_side_seam_side_seam
1001
AI4MANUFACTURING
1000
WRITEBACK_PHASE=01_ATOM_LABEL
1000
ENTITY_ID=line_0935__seg_07
999
AI4M_ENTITY=line_0935__seg_08;LINE_ROLE=armhole_front;EDGE=side_seam;SOURCE_LAYER=8
0
LWPOLYLINE
8
AI4M_01_ATOM_UNKNOWN
90
2
70
0
10
7952.829314
20
717.260252
10
7978.911467
20
702.4374829999999
1001
AI4MANUFACTURING
1000
WRITEBACK_PHASE=01_ATOM
1000
ENTITY_ID=line_0935__seg_08
1000
SOURCE_HANDLE=
1000
LINE_ROLE=armhole_front
1000
EDGE=side_seam
1000
CHAIN=piece_02_right_side_seam
1000
PIECE_ID=piece_02
1000
SEAM_PAIR=
1000
PAIRED_CHAIN=
1000
NOTCH_CHAIN=
1000
NOTCH_SOURCE=
1000
PIECE_ROLE=back_body
1000
SEAM_ALLOWANCE_MM=
1000
SOURCE_LAYER=8
0
TEXT
8
AI4M_01_ATOM_UNKNOWN
10
7952.829314
20
717.260252
30
0
40
2.5
1
AI4M_line_0935__seg_08_armhole_front_side_seam
1001
AI4MANUFACTURING
1000
WRITEBACK_PHASE=01_ATOM_LABEL
1000
ENTITY_ID=line_0935__seg_08
999
AI4M_ENTITY=line_0935__seg_09;LINE_ROLE=side_seam;EDGE=side_seam;SOURCE_LAYER=8
0
LWPOLYLINE
8
AI4M_01_ATOM_UNKNOWN
90
3
70
0
10
7978.911467
20
702.4374829999999
10
7979.010649
20
687.437788
10
7980.360747
20
482.707535
1001
AI4MANUFACTURING
1000
WRITEBACK_PHASE=01_ATOM
1000
ENTITY_ID=line_0935__seg_09
1000
SOURCE_HANDLE=102
1000
LINE_ROLE=side_seam
1000
EDGE=side_seam
1000
CHAIN=piece_02_right_side_seam
1000
PIECE_ID=piece_02
1000
SEAM_PAIR=
1000
PAIRED_CHAIN=
1000
NOTCH_CHAIN=
1000
NOTCH_SOURCE=
1000
PIECE_ROLE=back_body
1000
SEAM_ALLOWANCE_MM=
1000
SOURCE_LAYER=8
0
TEXT
8
AI4M_01_ATOM_UNKNOWN
10
7978.911467
20
702.4374829999999
30
0
40
2.5
1
AI4M_line_0935__seg_09_side_seam_side_seam
1001
AI4MANUFACTURING
1000
WRITEBACK_PHASE=01_ATOM_LABEL
1000
ENTITY_ID=line_0935__seg_09
999
AI4M_ENTITY=line_0935__seg_10;LINE_ROLE=hem_line;EDGE=hem_line;SOURCE_LAYER=8
0
LWPOLYLINE
8
AI4M_01_ATOM_UNKNOWN
90
45
70
0
10
7980.360747
20
482.707535
10
7964.53308
20
481.95106
10
7949.020867
20
481.20532
10
7933.954087
20
480.476881
10
7918.5639439999995
20
479.72782199999995
10
7917.059735
20
479.65428999999995
10
7903.516960999999
20
478.99376099999995
10
7888.374277999999
20
478.281257
10
7872.79609
20
477.604989
10
7857.215007999999
20
477.00114299999996
10
7841.56249
20
476.48040399999996
10
7825.97666
20
476.01705899999996
10
7822.718306
20
475.91911699999997
10
7810.5209589999995
20
475.544544
10
7795.310665999999
20
475.132385
10
7779.72136
20
474.80528799999996
10
7764.13051
20
474.54748099999995
10
7748.750373
20
474.334928
10
7733.158684
20
474.15352099999996
10
7717.566699
20
474.007594
10
7702.393789
20
473.90043399999996
10
7687.3345979999995
20
473.82136199999997
10
7680.001555
20
473.790842
10
7663.909862
20
473.864642
10
7648.187574
20
473.96297699999997
10
7632.595488999999
20
474.09549899999996
10
7617.0036789999995
20
474.263966
10
7601.412147999999
20
474.467115
10
7586.17105
20
474.70131599999996
10
7570.581039
20
474.99884599999996
10
7555.204432
20
475.377703
10
7539.618829999999
20
475.84774799999997
10
7537.284670999999
20
475.91912099999996
10
7524.409554
20
476.300982
10
7508.954312
20
476.785244
10
7493.372056
20
477.35662199999996
10
7477.792722
20
478.005883
10
7462.147793
20
478.722358
10
7446.573378
20
479.476657
10
7442.943326
20
479.65428699999995
10
7431.488444
20
480.212767
10
7415.971739
20
480.964562
10
7401.027215
20
481.68436599999995
10
7386.0564030000005
20
482.40160599999996
10
7379.642363
20
482.707535
1001
AI4MANUFACTURING
1000
WRITEBACK_PHASE=01_ATOM
1000
ENTITY_ID=line_0935__seg_10
1000
SOURCE_HANDLE=102
1000
LINE_ROLE=hem_line
1000
EDGE=hem_line
1000
CHAIN=piece_02_top_back_neckline
1000
PIECE_ID=piece_02
1000
SEAM_PAIR=
1000
PAIRED_CHAIN=
1000
NOTCH_CHAIN=
1000
NOTCH_SOURCE=
1000
PIECE_ROLE=back_body
1000
SEAM_ALLOWANCE_MM=
1000
SOURCE_LAYER=8
0
TEXT
8
AI4M_01_ATOM_UNKNOWN
10
7980.360747
20
482.707535
30
0
40
2.5
1
AI4M_line_0935__seg_10_hem_line_hem_line
1001
AI4MANUFACTURING
1000
WRITEBACK_PHASE=01_ATOM_LABEL
1000
ENTITY_ID=line_0935__seg_10
999
AI4M_ENTITY=line_1577__seg_01;LINE_ROLE=armhole_front;EDGE=side_seam;SOURCE_LAYER=8
0
LWPOLYLINE
8
AI4M_01_ATOM_UNKNOWN
90
7
70
0
10
6209.989928999999
20
228.823887
10
6209.989928999999
20
299.99998700000003
10
6209.989928999999
20
316.12600299999997
10
6209.989928999999
20
331.824473
10
6209.989928999999
20
347.265635
10
6209.989928999999
20
362.43127300000003
10
6209.989928999999
20
371.17609600000003
1001
AI4MANUFACTURING
1000
WRITEBACK_PHASE=01_ATOM
1000
ENTITY_ID=line_1577__seg_01
1000
SOURCE_HANDLE=
1000
LINE_ROLE=armhole_front
1000
EDGE=side_seam
1000
CHAIN=piece_03_left_side_seam
1000
PIECE_ID=piece_03
1000
SEAM_PAIR=
1000
PAIRED_CHAIN=
1000
NOTCH_CHAIN=
1000
NOTCH_SOURCE=
1000
PIECE_ROLE=sleeve
1000
SEAM_ALLOWANCE_MM=
1000
SOURCE_LAYER=8
0
TEXT
8
AI4M_01_ATOM_UNKNOWN
10
6209.989928999999
20
228.823887
30
0
40
2.5
1
AI4M_line_1577__seg_01_armhole_front_side_seam
1001
AI4MANUFACTURING
1000
WRITEBACK_PHASE=01_ATOM_LABEL
1000
ENTITY_ID=line_1577__seg_01
999
AI4M_ENTITY=line_1577__seg_02;LINE_ROLE=armhole_front;EDGE=cuff_edge;SOURCE_LAYER=8
0
LWPOLYLINE
8
AI4M_01_ATOM_UNKNOWN
90
4
70
0
10
6209.989928999999
20
371.17609600000003
10
6307.091064
20
371.17609600000003
10
6384.393311
20
371.17609600000003
10
6430.010071000001
20
371.17609600000003
1001
AI4MANUFACTURING
1000
WRITEBACK_PHASE=01_ATOM
1000
ENTITY_ID=line_1577__seg_02
1000
SOURCE_HANDLE=
1000
LINE_ROLE=armhole_front
1000
EDGE=cuff_edge
1000
CHAIN=piece_03_bottom_cuff_edge
1000
PIECE_ID=piece_03
1000
SEAM_PAIR=
1000
PAIRED_CHAIN=
1000
NOTCH_CHAIN=
1000
NOTCH_SOURCE=
1000
PIECE_ROLE=sleeve
1000
SEAM_ALLOWANCE_MM=
1000
SOURCE_LAYER=8
0
TEXT
8
AI4M_01_ATOM_UNKNOWN
10
6209.989928999999
20
371.17609600000003
30
0
40
2.5
1
AI4M_line_1577__seg_02_armhole_front_cuff_edge
1001
AI4MANUFACTURING
1000
WRITEBACK_PHASE=01_ATOM_LABEL
1000
ENTITY_ID=line_1577__seg_02
999
AI4M_ENTITY=line_1577__seg_03;LINE_ROLE=armhole_front;EDGE=side_seam;SOURCE_LAYER=8
0
LWPOLYLINE
8
AI4M_01_ATOM_UNKNOWN
90
11
70
0
10
6430.010071000001
20
371.17609600000003
10
6430.010071000001
20
355.378067
10
6430.010071000001
20
339.93478100000004
10
6430.010071000001
20
324.240058
10
6430.010071000001
20
308.91087500000003
10
6430.010071000001
20
299.99998700000003
10
6430.010071000001
20
283.873965
10
6430.010071000001
20
268.17549
10
6430.010071000001
20
252.734327
10
6430.010071000001
20
237.568711
10
6430.010071000001
20
228.823887
1001
AI4MANUFACTURING
1000
WRITEBACK_PHASE=01_ATOM
1000
ENTITY_ID=line_1577__seg_03
1000
SOURCE_HANDLE=
1000
LINE_ROLE=armhole_front
1000
EDGE=side_seam
1000
CHAIN=piece_03_right_side_seam
1000
PIECE_ID=piece_03
1000
SEAM_PAIR=
1000
PAIRED_CHAIN=
1000
NOTCH_CHAIN=
1000
NOTCH_SOURCE=
1000
PIECE_ROLE=sleeve
1000
SEAM_ALLOWANCE_MM=
1000
SOURCE_LAYER=8
0
TEXT
8
AI4M_01_ATOM_UNKNOWN
10
6430.010071000001
20
371.17609600000003
30
0
40
2.5
1
AI4M_line_1577__seg_03_armhole_front_side_seam
1001
AI4MANUFACTURING
1000
WRITEBACK_PHASE=01_ATOM_LABEL
1000
ENTITY_ID=line_1577__seg_03
999
AI4M_ENTITY=line_1577__seg_04;LINE_ROLE=armhole_front;EDGE=sleeve_cap;SOURCE_LAYER=8
0
LWPOLYLINE
8
AI4M_01_ATOM_UNKNOWN
90
2
70
0
10
6430.010071000001
20
228.823887
10
6209.989928999999
20
228.823887
1001
AI4MANUFACTURING
1000
WRITEBACK_PHASE=01_ATOM
1000
ENTITY_ID=line_1577__seg_04
1000
SOURCE_HANDLE=
1000
LINE_ROLE=armhole_front
1000
EDGE=sleeve_cap
1000
CHAIN=piece_03_top_sleeve_cap
1000
PIECE_ID=piece_03
1000
SEAM_PAIR=
1000
PAIRED_CHAIN=
1000
NOTCH_CHAIN=
1000
NOTCH_SOURCE=
1000
PIECE_ROLE=sleeve
1000
SEAM_ALLOWANCE_MM=
1000
SOURCE_LAYER=8
0
TEXT
8
AI4M_01_ATOM_UNKNOWN
10
6430.010071000001
20
228.823887
30
0
40
2.5
1
AI4M_line_1577__seg_04_armhole_front_sleeve_cap
1001
AI4MANUFACTURING
1000
WRITEBACK_PHASE=01_ATOM_LABEL
1000
ENTITY_ID=line_1577__seg_04
999
AI4M_ENTITY=line_1745__seg_01;LINE_ROLE=armhole_front;EDGE=side_seam;SOURCE_LAYER=8
0
LWPOLYLINE
8
AI4M_01_ATOM_UNKNOWN
90
3
70
0
10
5434.714706
20
190.549316
10
5444.324691
20
240
10
5434.714706
20
289.450684
1001
AI4MANUFACTURING
1000
WRITEBACK_PHASE=01_ATOM
1000
ENTITY_ID=line_1745__seg_01
1000
SOURCE_HANDLE=
1000
LINE_ROLE=armhole_front
1000
EDGE=side_seam
1000
CHAIN=piece_04_left_side_seam
1000
PIECE_ID=piece_04
1000
SEAM_PAIR=
1000
PAIRED_CHAIN=
1000
NOTCH_CHAIN=
1000
NOTCH_SOURCE=
1000
PIECE_ROLE=sleeve
1000
SEAM_ALLOWANCE_MM=
1000
SOURCE_LAYER=8
0
TEXT
8
AI4M_01_ATOM_UNKNOWN
10
5434.714706
20
190.549316
30
0
40
2.5
1
AI4M_line_1745__seg_01_armhole_front_side_seam
1001
AI4MANUFACTURING
1000
WRITEBACK_PHASE=01_ATOM_LABEL
1000
ENTITY_ID=line_1745__seg_01
999
AI4M_ENTITY=line_1745__seg_02;LINE_ROLE=armhole_front;EDGE=cuff_edge;SOURCE_LAYER=8
0
LWPOLYLINE
8
AI4M_01_ATOM_UNKNOWN
90
23
70
0
10
5434.714706
20
289.450684
10
5450.497912
20
289.450684
10
5465.682509
20
289.450684
10
5476.0903849999995
20
289.450684
10
5476.091354
20
289.450684
10
5481.1484199999995
20
289.450684
10
5496.286447
20
289.450684
10
5506.744735
20
289.450684
10
5523.143219
20
289.450684
10
5538.409315
20
289.450684
10
5553.794594999999
20
289.450684
10
5569.144996999999
20
289.450684
10
5580.000045
20
289.450684
10
5595.874796
20
289.450684
10
5610.994692
20
289.450684
10
5626.403907
20
289.450684
10
5641.299783
20
289.450684
10
5653.25566
20
289.450684
10
5669.445385999999
20
289.450684
10
5685.246781
20
289.450684
10
5700.83282
20
289.450684
10
5716.206858
20
289.450684
10
5725.285384
20
289.450684
1001
AI4MANUFACTURING
1000
WRITEBACK_PHASE=01_ATOM
1000
ENTITY_ID=line_1745__seg_02
1000
SOURCE_HANDLE=
1000
LINE_ROLE=armhole_front
1000
EDGE=cuff_edge
1000
CHAIN=piece_04_bottom_cuff_edge
1000
PIECE_ID=piece_04
1000
SEAM_PAIR=
1000
PAIRED_CHAIN=
1000
NOTCH_CHAIN=
1000
NOTCH_SOURCE=
1000
PIECE_ROLE=sleeve
1000
SEAM_ALLOWANCE_MM=
1000
SOURCE_LAYER=8
0
TEXT
8
AI4M_01_ATOM_UNKNOWN
10
5434.714706
20
289.450684
30
0
40
2.5
1
AI4M_line_1745__seg_02_armhole_front_cuff_edge
1001
AI4MANUFACTURING
1000
WRITEBACK_PHASE=01_ATOM_LABEL
1000
ENTITY_ID=line_1745__seg_02
999
AI4M_ENTITY=line_1745__seg_03;LINE_ROLE=armhole_front;EDGE=side_seam;SOURCE_LAYER=8
0
LWPOLYLINE
8
AI4M_01_ATOM_UNKNOWN
90
3
70
0
10
5725.285384
20
289.450684
10
5715.675094
20
240
10
5725.285384
20
190.549316
1001
AI4MANUFACTURING
1000
WRITEBACK_PHASE=01_ATOM
1000
ENTITY_ID=line_1745__seg_03
1000
SOURCE_HANDLE=
1000
LINE_ROLE=armhole_front
1000
EDGE=side_seam
1000
CHAIN=piece_04_right_side_seam
1000
PIECE_ID=piece_04
1000
SEAM_PAIR=
1000
PAIRED_CHAIN=
1000
NOTCH_CHAIN=
1000
NOTCH_SOURCE=
1000
PIECE_ROLE=sleeve
1000
SEAM_ALLOWANCE_MM=
1000
SOURCE_LAYER=8
0
TEXT
8
AI4M_01_ATOM_UNKNOWN
10
5725.285384
20
289.450684
30
0
40
2.5
1
AI4M_line_1745__seg_03_armhole_front_side_seam
1001
AI4MANUFACTURING
1000
WRITEBACK_PHASE=01_ATOM_LABEL
1000
ENTITY_ID=line_1745__seg_03
999
AI4M_ENTITY=line_1745__seg_04;LINE_ROLE=armhole_front;EDGE=sleeve_cap;SOURCE_LAYER=8
0
LWPOLYLINE
8
AI4M_01_ATOM_UNKNOWN
90
25
70
0
10
5725.285384
20
190.549316
10
5709.263107999999
20
190.549316
10
5702.502791999999
20
190.549316
10
5702.502338
20
190.549316
10
5694.19374
20
190.549316
10
5678.922022999999
20
190.549316
10
5663.741023
20
190.549316
10
5653.25566
20
190.549316
10
5637.196786
20
190.549316
10
5621.924188999999
20
190.549316
10
5606.109850999999
20
190.549316
10
5590.879813
20
190.549316
10
5580.000045
20
190.549316
10
5563.772408
20
190.549316
10
5548.390735999999
20
190.549316
10
5532.521244
20
190.549316
10
5517.514195
20
190.549316
10
5506.744735
20
190.549316
10
5491.102869
20
190.549316
10
5475.891119
20
190.549316
10
5460.719239
20
190.549316
10
5457.497676
20
190.549316
10
5457.497909
20
190.549316
10
5445.36547
20
190.549316
10
5434.714706
20
190.549316
1001
AI4MANUFACTURING
1000
WRITEBACK_PHASE=01_ATOM
1000
ENTITY_ID=line_1745__seg_04
1000
SOURCE_HANDLE=
1000
LINE_ROLE=armhole_front
1000
EDGE=sleeve_cap
1000
CHAIN=piece_04_top_sleeve_cap
1000
PIECE_ID=piece_04
1000
SEAM_PAIR=
1000
PAIRED_CHAIN=
1000
NOTCH_CHAIN=
1000
NOTCH_SOURCE=
1000
PIECE_ROLE=sleeve
1000
SEAM_ALLOWANCE_MM=
1000
SOURCE_LAYER=8
0
TEXT
8
AI4M_01_ATOM_UNKNOWN
10
5725.285384
20
190.549316
30
0
40
2.5
1
AI4M_line_1745__seg_04_armhole_front_sleeve_cap
1001
AI4MANUFACTURING
1000
WRITEBACK_PHASE=01_ATOM_LABEL
1000
ENTITY_ID=line_1745__seg_04
999
AI4M_ENTITY=line_2065__seg_01;LINE_ROLE=armhole_front;EDGE=side_seam;SOURCE_LAYER=8
0
LWPOLYLINE
8
AI4M_01_ATOM_UNKNOWN
90
3
70
0
10
4588.649363
20
190.54907500000002
10
4598.2595010000005
20
240.000002
10
4588.649363
20
289.45093399999996
1001
AI4MANUFACTURING
1000
WRITEBACK_PHASE=01_ATOM
1000
ENTITY_ID=line_2065__seg_01
1000
SOURCE_HANDLE=
1000
LINE_ROLE=armhole_front
1000
EDGE=side_seam
1000
CHAIN=piece_05_left_side_seam
1000
PIECE_ID=piece_05
1000
SEAM_PAIR=
1000
PAIRED_CHAIN=
1000
NOTCH_CHAIN=
1000
NOTCH_SOURCE=
1000
PIECE_ROLE=neck_binding
1000
SEAM_ALLOWANCE_MM=
1000
SOURCE_LAYER=8
0
TEXT
8
AI4M_01_ATOM_UNKNOWN
10
4588.649363
20
190.54907500000002
30
0
40
2.5
1
AI4M_line_2065__seg_01_armhole_front_side_seam
1001
AI4MANUFACTURING
1000
WRITEBACK_PHASE=01_ATOM_LABEL
1000
ENTITY_ID=line_2065__seg_01
999
AI4M_ENTITY=line_2065__seg_02;LINE_ROLE=armhole_front;EDGE=hem;SOURCE_LAYER=8
0
LWPOLYLINE
8
AI4M_01_ATOM_UNKNOWN
90
25
70
0
10
4588.649363
20
289.45093399999996
10
4604.480269
20
289.45093399999996
10
4619.698957
20
289.45093399999996
10
4633.910395
20
289.45093399999996
10
4633.910899
20
289.45093399999996
10
4635.068262999999
20
289.45093399999996
10
4650.111801
20
289.45093399999996
10
4664.9247
20
289.45093399999996
10
4668.453288
20
289.45093399999996
10
4684.992260999999
20
289.45093399999996
10
4700.535465
20
289.45093399999996
10
4715.475476
20
289.45093399999996
10
4730.780556
20
289.45093399999996
10
4740.7640790000005
20
289.45093399999996
10
4756.615602
20
289.45093399999996
10
4771.7127629999995
20
289.45093399999996
10
4786.754156
20
289.45093399999996
10
4801.785653
20
289.45093399999996
10
4813.0777689999995
20
289.45093399999996
10
4829.248152
20
289.45093399999996
10
4844.955024
20
289.45093399999996
10
4860.195448
20
289.45093399999996
10
4875.529133
20
289.45093399999996
10
4890.249322
20
289.45093399999996
10
4891.860423
20
289.45093399999996
1001
AI4MANUFACTURING
1000
WRITEBACK_PHASE=01_ATOM
1000
ENTITY_ID=line_2065__seg_02
1000
SOURCE_HANDLE=
1000
LINE_ROLE=armhole_front
1000
EDGE=hem
1000
CHAIN=piece_05_bottom_hem
1000
PIECE_ID=piece_05
1000
SEAM_PAIR=
1000
PAIRED_CHAIN=
1000
NOTCH_CHAIN=
1000
NOTCH_SOURCE=
1000
PIECE_ROLE=neck_binding
1000
SEAM_ALLOWANCE_MM=
1000
SOURCE_LAYER=8
0
TEXT
8
AI4M_01_ATOM_UNKNOWN
10
4588.649363
20
289.45093399999996
30
0
40
2.5
1
AI4M_line_2065__seg_02_armhole_front_hem
1001
AI4MANUFACTURING
1000
WRITEBACK_PHASE=01_ATOM_LABEL
1000
ENTITY_ID=line_2065__seg_02
999
AI4M_ENTITY=line_2065__seg_03;LINE_ROLE=armhole_front;EDGE=side_seam;SOURCE_LAYER=8
0
LWPOLYLINE
8
AI4M_01_ATOM_UNKNOWN
90
3
70
0
10
4891.860423
20
289.45093399999996
10
4882.24998
20
240.000002
10
4891.860423
20
190.54907500000002
1001
AI4MANUFACTURING
1000
WRITEBACK_PHASE=01_ATOM
1000
ENTITY_ID=line_2065__seg_03
1000
SOURCE_HANDLE=
1000
LINE_ROLE=armhole_front
1000
EDGE=side_seam
1000
CHAIN=piece_05_right_side_seam
1000
PIECE_ID=piece_05
1000
SEAM_PAIR=
1000
PAIRED_CHAIN=
1000
NOTCH_CHAIN=
1000
NOTCH_SOURCE=
1000
PIECE_ROLE=neck_binding
1000
SEAM_ALLOWANCE_MM=
1000
SOURCE_LAYER=8
0
TEXT
8
AI4M_01_ATOM_UNKNOWN
10
4891.860423
20
289.45093399999996
30
0
40
2.5
1
AI4M_line_2065__seg_03_armhole_front_side_seam
1001
AI4MANUFACTURING
1000
WRITEBACK_PHASE=01_ATOM_LABEL
1000
ENTITY_ID=line_2065__seg_03
999
AI4M_ENTITY=line_2065__seg_04;LINE_ROLE=armhole_front;EDGE=unknown;SOURCE_LAYER=8
0
LWPOLYLINE
8
AI4M_01_ATOM_UNKNOWN
90
32
70
0
10
4891.860423
20
190.54907500000002
10
4875.944345
20
190.54907500000002
10
4870.096507
20
190.54907500000002
10
4870.095995
20
190.54907500000002
10
4860.627762
20
190.54907500000002
10
4847.617564
20
190.54907500000002
10
4847.616517
20
190.54907500000002
10
4845.390288
20
190.54907500000002
10
4830.008384
20
190.54907500000002
10
4815.09646
20
190.54907500000002
10
4813.0777689999995
20
190.54907500000002
10
4797.122106
20
190.54907500000002
10
4781.458268
20
190.54907500000002
10
4765.9111809999995
20
190.54907500000002
10
4750.941280999999
20
190.54907500000002
10
4740.7640790000005
20
190.54907500000002
10
4724.73402
20
190.54907500000002
10
4709.019971
20
190.54907500000002
10
4693.447204
20
190.54907500000002
10
4678.175386999999
20
190.54907500000002
10
4668.453288
20
190.54907500000002
10
4668.450693999999
20
190.54907500000002
10
4652.946008
20
190.54907500000002
10
4637.836971
20
190.54907500000002
10
4633.911050999999
20
190.54907500000002
10
4633.910651
20
190.54907500000002
10
4622.471192999999
20
190.54907500000002
10
4611.432073
20
190.54907500000002
10
4611.432108999999
20
190.54907500000002
10
4607.217151
20
190.54907500000002
10
4592.208774
20
190.54907500000002
10
4588.649363
20
190.54907500000002
1001
AI4MANUFACTURING
1000
WRITEBACK_PHASE=01_ATOM
1000
ENTITY_ID=line_2065__seg_04
1000
SOURCE_HANDLE=
1000
LINE_ROLE=armhole_front
1000
EDGE=unknown
1000
CHAIN=piece_05_top_unknown
1000
PIECE_ID=piece_05
1000
SEAM_PAIR=
1000
PAIRED_CHAIN=
1000
NOTCH_CHAIN=
1000
NOTCH_SOURCE=
1000
PIECE_ROLE=neck_binding
1000
SEAM_ALLOWANCE_MM=
1000
SOURCE_LAYER=8
0
TEXT
8
AI4M_01_ATOM_UNKNOWN
10
4891.860423
20
190.54907500000002
30
0
40
2.5
1
AI4M_line_2065__seg_04_armhole_front_unknown
1001
AI4MANUFACTURING
1000
WRITEBACK_PHASE=01_ATOM_LABEL
1000
ENTITY_ID=line_2065__seg_04
999
AI4M_ENTITY=line_2631__seg_01;LINE_ROLE=sleeve_underarm_seam;EDGE=sleeve_underarm_seam;SOURCE_LAYER=8
0
LWPOLYLINE
8
AI4M_01_ATOM_UNKNOWN
90
3
70
0
10
10219.983613
20
556.224271
10
10179.313752
20
759.518973
10
10138.811432999999
20
961.97682
1001
AI4MANUFACTURING
1000
WRITEBACK_PHASE=01_ATOM
1000
ENTITY_ID=line_2631__seg_01
1000
SOURCE_HANDLE=10A
1000
LINE_ROLE=sleeve_underarm_seam
1000
EDGE=sleeve_underarm_seam
1000
CHAIN=piece_06_left_side_seam
1000
PIECE_ID=piece_06
1000
SEAM_PAIR=
1000
PAIRED_CHAIN=
1000
NOTCH_CHAIN=
1000
NOTCH_SOURCE=
1000
PIECE_ROLE=sleeve
1000
SEAM_ALLOWANCE_MM=
1000
SOURCE_LAYER=8
0
TEXT
8
AI4M_01_ATOM_UNKNOWN
10
10219.983613
20
556.224271
30
0
40
2.5
1
AI4M_line_2631__seg_01_sleeve_underarm_seam_sleeve_underarm_seam
1001
AI4MANUFACTURING
1000
WRITEBACK_PHASE=01_ATOM_LABEL
1000
ENTITY_ID=line_2631__seg_01
999
AI4M_ENTITY=line_2631__seg_02;LINE_ROLE=sleeve_underarm_seam;EDGE=sleeve_underarm_seam;SOURCE_LAYER=8
0
LWPOLYLINE
8
AI4M_01_ATOM_UNKNOWN
90
44
70
0
10
10138.811432999999
20
961.97682
10
10151.832262
20
969.352965
10
10154.508141
20
971.1126320000001
10
10159.147638999999
20
974.23365
10
10162.285766
20
976.659095
10
10164.434278
20
978.481736
10
10168.35395
20
981.897181
10
10170.94977
20
984.5122
10
10173.405490000001
20
987.365477
10
10174.079069
20
988.179163
10
10176.293776999999
20
990.945913
10
10178.380287
20
993.9819050000001
10
10181.086422
20
998.4367239999999
10
10183.579345
20
1002.659983
10
10185.516108
20
1006.443199
10
10186.659698
20
1008.9319740000001
10
10189.110678000001
20
1014.380177
10
10189.112946000001
20
1014.385229
10
10190.988602000001
20
1018.69001
10
10192.692707
20
1023.0962239999999
10
10195.369068
20
1030.155179
10
10198.381306
20
1039.231978
10
10201.185096000001
20
1048.296021
10
10202.567723
20
1053.212325
10
10205.201329
20
1062.768176
10
10207.985506
20
1073.3318
10
10210.73078
20
1084.760321
10
10210.801301
20
1085.067236
10
10214.000834
20
1099.442252
10
10214.951729
20
1103.748375
10
10214.95279
20
1103.752714
10
10216.906019
20
1112.887029
10
10219.816298
20
1127.612729
10
10220.894683999999
20
1133.120227
10
10222.759618
20
1142.42323
10
10224.270122
20
1149.891468
10
10224.270417
20
1149.893538
10
10225.741925999999
20
1157.192158
10
10226.516496
20
1161.01527
10
10228.736961999999
20
1171.979354
10
10231.712629
20
1186.691335
10
10234.698246
20
1201.461746
10
10237.658320999999
20
1216.106857
10
10238.119599
20
1218.389098
1001
AI4MANUFACTURING
1000
WRITEBACK_PHASE=01_ATOM
1000
ENTITY_ID=line_2631__seg_02
1000
SOURCE_HANDLE=10A
1000
LINE_ROLE=sleeve_underarm_seam
1000
EDGE=sleeve_underarm_seam
1000
CHAIN=piece_06_left_side_seam
1000
PIECE_ID=piece_06
1000
SEAM_PAIR=
1000
PAIRED_CHAIN=
1000
NOTCH_CHAIN=
1000
NOTCH_SOURCE=
1000
PIECE_ROLE=sleeve
1000
SEAM_ALLOWANCE_MM=
1000
SOURCE_LAYER=8
0
TEXT
8
AI4M_01_ATOM_UNKNOWN
10
10138.811432999999
20
961.97682
30
0
40
2.5
1
AI4M_line_2631__seg_02_sleeve_underarm_seam_sleeve_underarm_seam
1001
AI4MANUFACTURING
1000
WRITEBACK_PHASE=01_ATOM_LABEL
1000
ENTITY_ID=line_2631__seg_02
999
AI4M_ENTITY=line_2631__seg_03;LINE_ROLE=armhole_seam;EDGE=armhole_seam;SOURCE_LAYER=8
0
LWPOLYLINE
8
AI4M_01_ATOM_UNKNOWN
90
38
70
0
10
10238.119599
20
1218.389098
10
10247.426797
20
1211.958666
10
10256.030974000001
20
1205.831291
10
10260.013557999999
20
1203.2897
10
10263.7091
20
1201.221007
10
10267.99872
20
1199.115948
10
10272.528096
20
1197.170415
10
10277.093616
20
1195.471809
10
10281.776249999999
20
1193.996402
10
10282.452485
20
1193.804213
10
10282.891244
20
1193.682234
10
10286.571106
20
1192.742285
10
10291.261262
20
1191.766926
10
10295.856138
20
1191.062205
10
10300.859692
20
1190.56079
10
10305.125284
20
1190.34607
10
10308.419297
20
1190.396494
10
10313.478776
20
1190.557644
10
10316.710695
20
1190.921208
10
10318.552338000001
20
1191.19229
10
10319.215748999999
20
1191.288857
10
10318.88559
20
1191.221663
10
10323.830489
20
1192.067288
10
10327.414714999999
20
1192.926684
10
10329.580797999999
20
1193.557476
10
10331.566744
20
1194.196261
10
10335.797125000001
20
1195.746991
10
10340.197025000001
20
1197.633202
10
10344.499660000001
20
1199.738632
10
10348.453959999999
20
1201.93824
10
10352.03315
20
1204.198777
10
10355.375939
20
1206.595935
10
10358.757798999999
20
1209.337291
10
10362.394089000001
20
1212.619706
10
10366.146439
20
1216.331607
10
10369.383052000001
20
1219.866026
10
10379.101975
20
1231.365103
10
10383.696381
20
1236.744047
1001
AI4MANUFACTURING
1000
WRITEBACK_PHASE=01_ATOM
1000
ENTITY_ID=line_2631__seg_03
1000
SOURCE_HANDLE=10A
1000
LINE_ROLE=armhole_seam
1000
EDGE=armhole_seam
1000
CHAIN=piece_06_bottom_cuff_edge
1000
PIECE_ID=piece_06
1000
SEAM_PAIR=
1000
PAIRED_CHAIN=
1000
NOTCH_CHAIN=
1000
NOTCH_SOURCE=
1000
PIECE_ROLE=sleeve
1000
SEAM_ALLOWANCE_MM=
1000
SOURCE_LAYER=8
0
TEXT
8
AI4M_01_ATOM_UNKNOWN
10
10238.119599
20
1218.389098
30
0
40
2.5
1
AI4M_line_2631__seg_03_armhole_seam_armhole_seam
1001
AI4MANUFACTURING
1000
WRITEBACK_PHASE=01_ATOM_LABEL
1000
ENTITY_ID=line_2631__seg_03
999
AI4M_ENTITY=line_2631__seg_04;LINE_ROLE=sleeve_underarm_seam;EDGE=sleeve_underarm_seam;SOURCE_LAYER=8
0
LWPOLYLINE
8
AI4M_01_ATOM_UNKNOWN
90
41
70
0
10
10383.696381
20
1236.744047
10
10389.198009
20
1222.436228
10
10394.613037
20
1208.281359
10
10397.272743000001
20
1201.3101
10
10399.963257
20
1194.261383
10
10404.903473999999
20
1181.323481
10
10405.339431
20
1180.182379
10
10410.807279
20
1166.118076
10
10416.410579
20
1152.106981
10
10417.200006
20
1150.15985
10
10422.139099
20
1138.084022
10
10427.882333
20
1124.130081
10
10428.471371
20
1122.695958
10
10433.615924
20
1110.178233
10
10434.662568
20
1107.634398
10
10434.664063
20
1107.630872
10
10439.352848999999
20
1096.228023
10
10444.732809000001
20
1083.144322
10
10445.082738000001
20
1082.293409
10
10450.808852
20
1068.332991
10
10456.554046000001
20
1054.379665
10
10457.810335999999
20
1051.352912
10
10462.435035
20
1040.424517
10
10466.231222999999
20
1031.975889
10
10467.39217
20
1029.486737
10
10472.573812999999
20
1018.475324
10
10475.364602
20
1013.081242
10
10476.898998
20
1010.3425480000001
10
10481.434951
20
1002.397882
10
10484.000355
20
998.3582530000001
10
10486.319289
20
995.073204
10
10489.42902
20
990.787603
10
10492.129194000001
20
987.5267200000001
10
10495.291172000001
20
984.0884619999999
10
10498.411189
20
981.063411
10
10500.439031
20
979.2634909999999
10
10501.986471
20
977.9583640000001
10
10506.173051
20
974.6614509999999
10
10510.507217
20
971.5467120000001
10
10514.922281
20
968.681701
10
10526.479585000001
20
961.784064
1001
AI4MANUFACTURING
1000
WRITEBACK_PHASE=01_ATOM
1000
ENTITY_ID=line_2631__seg_04
1000
SOURCE_HANDLE=10A
1000
LINE_ROLE=sleeve_underarm_seam
1000
EDGE=sleeve_underarm_seam
1000
CHAIN=piece_06_right_side_seam
1000
PIECE_ID=piece_06
1000
SEAM_PAIR=
1000
PAIRED_CHAIN=
1000
NOTCH_CHAIN=
1000
NOTCH_SOURCE=
1000
PIECE_ROLE=sleeve
1000
SEAM_ALLOWANCE_MM=
1000
SOURCE_LAYER=8
0
TEXT
8
AI4M_01_ATOM_UNKNOWN
10
10383.696381
20
1236.744047
30
0
40
2.5
1
AI4M_line_2631__seg_04_sleeve_underarm_seam_sleeve_underarm_seam
1001
AI4MANUFACTURING
1000
WRITEBACK_PHASE=01_ATOM_LABEL
1000
ENTITY_ID=line_2631__seg_04
999
AI4M_ENTITY=line_2631__seg_05;LINE_ROLE=sleeve_underarm_seam;EDGE=sleeve_underarm_seam;SOURCE_LAYER=8
0
LWPOLYLINE
8
AI4M_01_ATOM_UNKNOWN
90
3
70
0
10
10526.479585000001
20
961.784064
10
10487.291352
20
759.55218
10
10447.883393
20
556.1815799999999
1001
AI4MANUFACTURING
1000
WRITEBACK_PHASE=01_ATOM
1000
ENTITY_ID=line_2631__seg_05
1000
SOURCE_HANDLE=10A
1000
LINE_ROLE=sleeve_underarm_seam
1000
EDGE=sleeve_underarm_seam
1000
CHAIN=piece_06_right_side_seam
1000
PIECE_ID=piece_06
1000
SEAM_PAIR=
1000
PAIRED_CHAIN=
1000
NOTCH_CHAIN=
1000
NOTCH_SOURCE=
1000
PIECE_ROLE=sleeve
1000
SEAM_ALLOWANCE_MM=
1000
SOURCE_LAYER=8
0
TEXT
8
AI4M_01_ATOM_UNKNOWN
10
10526.479585000001
20
961.784064
30
0
40
2.5
1
AI4M_line_2631__seg_05_sleeve_underarm_seam_sleeve_underarm_seam
1001
AI4MANUFACTURING
1000
WRITEBACK_PHASE=01_ATOM_LABEL
1000
ENTITY_ID=line_2631__seg_05
999
AI4M_ENTITY=line_2631__seg_06;LINE_ROLE=sleeve_hem;EDGE=sleeve_hem;SOURCE_LAYER=8
0
LWPOLYLINE
8
AI4M_01_ATOM_UNKNOWN
90
20
70
0
10
10447.883393
20
556.1815799999999
10
10432.314573
20
556.184436
10
10416.890773
20
556.18838
10
10401.778129999999
20
556.19334
10
10386.577412999999
20
556.199663
10
10371.50707
20
556.207145
10
10356.436664
20
556.21425
10
10341.366143
20
556.219112
10
10331.89688
20
556.220305
10
10326.181317999999
20
556.220813
10
10320.280121
20
556.221372
10
10320.279633
20
556.221372
10
10310.926341
20
556.222223
10
10308.665064
20
556.222441
10
10295.673736
20
556.223791
10
10280.638001
20
556.224716
10
10265.567589
20
556.224513
10
10250.497168
20
556.223889
10
10235.020753
20
556.223649
10
10219.983613
20
556.224271
1001
AI4MANUFACTURING
1000
WRITEBACK_PHASE=01_ATOM
1000
ENTITY_ID=line_2631__seg_06
1000
SOURCE_HANDLE=10A
1000
LINE_ROLE=sleeve_hem
1000
EDGE=sleeve_hem
1000
CHAIN=piece_06_top_sleeve_cap
1000
PIECE_ID=piece_06
1000
SEAM_PAIR=
1000
PAIRED_CHAIN=
1000
NOTCH_CHAIN=
1000
NOTCH_SOURCE=
1000
PIECE_ROLE=sleeve
1000
SEAM_ALLOWANCE_MM=
1000
SOURCE_LAYER=8
0
TEXT
8
AI4M_01_ATOM_UNKNOWN
10
10447.883393
20
556.1815799999999
30
0
40
2.5
1
AI4M_line_2631__seg_06_sleeve_hem_sleeve_hem
1001
AI4MANUFACTURING
1000
WRITEBACK_PHASE=01_ATOM_LABEL
1000
ENTITY_ID=line_2631__seg_06
999
AI4M_ENTITY=line_0669;LINE_ROLE=grainline;EDGE=grainline;SOURCE_LAYER=7
0
LWPOLYLINE
8
AI4M_01_ATOM_GRAIN
90
2
70
0
10
8975.525249999999
20
962.0363
10
8975.525249999999
20
637.188869
1001
AI4MANUFACTURING
1000
WRITEBACK_PHASE=01_ATOM
1000
ENTITY_ID=line_0669
1000
SOURCE_HANDLE=
1000
LINE_ROLE=grainline
1000
EDGE=grainline
1000
CHAIN=
1000
PIECE_ID=
1000
SEAM_PAIR=
1000
PAIRED_CHAIN=
1000
NOTCH_CHAIN=
1000
NOTCH_SOURCE=
1000
PIECE_ROLE=unknown
1000
SEAM_ALLOWANCE_MM=
1000
SOURCE_LAYER=7
0
TEXT
8
AI4M_01_ATOM_GRAIN
10
8975.525249999999
20
962.0363
30
0
40
2.5
1
AI4M_line_0669_grainline_grainline
1001
AI4MANUFACTURING
1000
WRITEBACK_PHASE=01_ATOM_LABEL
1000
ENTITY_ID=line_0669
999
AI4M_ENTITY=line_1540;LINE_ROLE=grainline;EDGE=grainline;SOURCE_LAYER=7
0
LWPOLYLINE
8
AI4M_01_ATOM_GRAIN
90
2
70
0
10
7709.365569
20
941.4616449999999
10
7709.365569
20
660.850512
1001
AI4MANUFACTURING
1000
WRITEBACK_PHASE=01_ATOM
1000
ENTITY_ID=line_1540
1000
SOURCE_HANDLE=
1000
LINE_ROLE=grainline
1000
EDGE=grainline
1000
CHAIN=
1000
PIECE_ID=
1000
SEAM_PAIR=
1000
PAIRED_CHAIN=
1000
NOTCH_CHAIN=
1000
NOTCH_SOURCE=
1000
PIECE_ROLE=unknown
1000
SEAM_ALLOWANCE_MM=
1000
SOURCE_LAYER=7
0
TEXT
8
AI4M_01_ATOM_GRAIN
10
7709.365569
20
941.4616449999999
30
0
40
2.5
1
AI4M_line_1540_grainline_grainline
1001
AI4MANUFACTURING
1000
WRITEBACK_PHASE=01_ATOM_LABEL
1000
ENTITY_ID=line_1540
999
AI4M_ENTITY=line_1669;LINE_ROLE=grainline;EDGE=grainline;SOURCE_LAYER=7
0
LWPOLYLINE
8
AI4M_01_ATOM_GRAIN
90
2
70
0
10
6314.949341
20
342.486979
10
6314.949341
20
267.87568699999997
1001
AI4MANUFACTURING
1000
WRITEBACK_PHASE=01_ATOM
1000
ENTITY_ID=line_1669
1000
SOURCE_HANDLE=
1000
LINE_ROLE=grainline
1000
EDGE=grainline
1000
CHAIN=
1000
PIECE_ID=
1000
SEAM_PAIR=
1000
PAIRED_CHAIN=
1000
NOTCH_CHAIN=
1000
NOTCH_SOURCE=
1000
PIECE_ROLE=unknown
1000
SEAM_ALLOWANCE_MM=
1000
SOURCE_LAYER=7
0
TEXT
8
AI4M_01_ATOM_GRAIN
10
6314.949341
20
342.486979
30
0
40
2.5
1
AI4M_line_1669_grainline_grainline
1001
AI4MANUFACTURING
1000
WRITEBACK_PHASE=01_ATOM_LABEL
1000
ENTITY_ID=line_1669
999
AI4M_ENTITY=line_1976;LINE_ROLE=grainline;EDGE=grainline;SOURCE_LAYER=7
0
LWPOLYLINE
8
AI4M_01_ATOM_GRAIN
90
2
70
0
10
5583.781783
20
261.33544900000004
10
5583.781783
20
208.420162
1001
AI4MANUFACTURING
1000
WRITEBACK_PHASE=01_ATOM
1000
ENTITY_ID=line_1976
1000
SOURCE_HANDLE=
1000
LINE_ROLE=grainline
1000
EDGE=grainline
1000
CHAIN=
1000
PIECE_ID=
1000
SEAM_PAIR=
1000
PAIRED_CHAIN=
1000
NOTCH_CHAIN=
1000
NOTCH_SOURCE=
1000
PIECE_ROLE=unknown
1000
SEAM_ALLOWANCE_MM=
1000
SOURCE_LAYER=7
0
TEXT
8
AI4M_01_ATOM_GRAIN
10
5583.781783
20
261.33544900000004
30
0
40
2.5
1
AI4M_line_1976_grainline_grainline
1001
AI4MANUFACTURING
1000
WRITEBACK_PHASE=01_ATOM_LABEL
1000
ENTITY_ID=line_1976
999
AI4M_ENTITY=line_2415;LINE_ROLE=grainline;EDGE=grainline;SOURCE_LAYER=7
0
LWPOLYLINE
8
AI4M_01_ATOM_GRAIN
90
2
70
0
10
4749.183725999999
20
262.988646
10
4749.183725999999
20
217.589361
1001
AI4MANUFACTURING
1000
WRITEBACK_PHASE=01_ATOM
1000
ENTITY_ID=line_2415
1000
SOURCE_HANDLE=
1000
LINE_ROLE=grainline
1000
EDGE=grainline
1000
CHAIN=
1000
PIECE_ID=
1000
SEAM_PAIR=
1000
PAIRED_CHAIN=
1000
NOTCH_CHAIN=
1000
NOTCH_SOURCE=
1000
PIECE_ROLE=unknown
1000
SEAM_ALLOWANCE_MM=
1000
SOURCE_LAYER=7
0
TEXT
8
AI4M_01_ATOM_GRAIN
10
4749.183725999999
20
262.988646
30
0
40
2.5
1
AI4M_line_2415_grainline_grainline
1001
AI4MANUFACTURING
1000
WRITEBACK_PHASE=01_ATOM_LABEL
1000
ENTITY_ID=line_2415
999
AI4M_ENTITY=line_3160;LINE_ROLE=grainline;EDGE=grainline;SOURCE_LAYER=7
0
LWPOLYLINE
8
AI4M_01_ATOM_GRAIN
90
2
70
0
10
10292.879121
20
1054.474799
10
10292.879121
20
755.839716
1001
AI4MANUFACTURING
1000
WRITEBACK_PHASE=01_ATOM
1000
ENTITY_ID=line_3160
1000
SOURCE_HANDLE=
1000
LINE_ROLE=grainline
1000
EDGE=grainline
1000
CHAIN=
1000
PIECE_ID=
1000
SEAM_PAIR=
1000
PAIRED_CHAIN=
1000
NOTCH_CHAIN=
1000
NOTCH_SOURCE=
1000
PIECE_ROLE=unknown
1000
SEAM_ALLOWANCE_MM=
1000
SOURCE_LAYER=7
0
TEXT
8
AI4M_01_ATOM_GRAIN
10
10292.879121
20
1054.474799
30
0
40
2.5
1
AI4M_line_3160_grainline_grainline
1001
AI4MANUFACTURING
1000
WRITEBACK_PHASE=01_ATOM_LABEL
1000
ENTITY_ID=line_3160
999
AI4M_ENTITY=line_0352__seg_01;LINE_ROLE=construction;EDGE=construction_vertical;SOURCE_LAYER=11
0
LWPOLYLINE
8
AI4M_01_ATOM_INTERNAL
90
2
70
0
10
8834.848675
20
497.073885
10
8836.015057
20
673.235679
1001
AI4MANUFACTURING
1000
WRITEBACK_PHASE=01_ATOM
1000
ENTITY_ID=line_0352__seg_01
1000
SOURCE_HANDLE=
1000
LINE_ROLE=construction
1000
EDGE=construction_vertical
1000
CHAIN=
1000
PIECE_ID=
1000
SEAM_PAIR=
1000
PAIRED_CHAIN=
1000
NOTCH_CHAIN=
1000
NOTCH_SOURCE=
1000
PIECE_ROLE=unknown
1000
SEAM_ALLOWANCE_MM=
1000
SOURCE_LAYER=11
0
TEXT
8
AI4M_01_ATOM_INTERNAL
10
8834.848675
20
497.073885
30
0
40
2.5
1
AI4M_line_0352__seg_01_construction_construction_vertical
1001
AI4MANUFACTURING
1000
WRITEBACK_PHASE=01_ATOM_LABEL
1000
ENTITY_ID=line_0352__seg_01
999
AI4M_ENTITY=line_0360__seg_01;LINE_ROLE=construction;EDGE=construction_vertical;SOURCE_LAYER=11
0
LWPOLYLINE
8
AI4M_01_ATOM_INTERNAL
90
3
70
0
10
8836.015057
20
673.235679
10
8836.661113999999
20
773.233619
10
8837.37431
20
883.602577
1001
AI4MANUFACTURING
1000
WRITEBACK_PHASE=01_ATOM
1000
ENTITY_ID=line_0360__seg_01
1000
SOURCE_HANDLE=
1000
LINE_ROLE=construction
1000
EDGE=construction_vertical
1000
CHAIN=
1000
PIECE_ID=
1000
SEAM_PAIR=
1000
PAIRED_CHAIN=
1000
NOTCH_CHAIN=
1000
NOTCH_SOURCE=
1000
PIECE_ROLE=unknown
1000
SEAM_ALLOWANCE_MM=
1000
SOURCE_LAYER=11
0
TEXT
8
AI4M_01_ATOM_INTERNAL
10
8836.015057
20
673.235679
30
0
40
2.5
1
AI4M_line_0360__seg_01_construction_construction_vertical
1001
AI4MANUFACTURING
1000
WRITEBACK_PHASE=01_ATOM_LABEL
1000
ENTITY_ID=line_0360__seg_01
999
AI4M_ENTITY=line_0367__seg_01;LINE_ROLE=construction;EDGE=construction_vertical;SOURCE_LAYER=11
0
LWPOLYLINE
8
AI4M_01_ATOM_INTERNAL
90
45
70
0
10
8837.37431
20
883.602577
10
8842.909496
20
886.402857
10
8847.253809999998
20
888.900399
10
8851.559046999999
20
891.6530359999999
10
8854.561799
20
893.7833029999999
10
8855.228855
20
894.286327
10
8858.422922
20
896.8754389999999
10
8861.629112999999
20
899.8053729999999
10
8864.830661
20
903.0736489999999
10
8868.107076
20
906.782313
10
8868.14807
20
906.831079
10
8871.489086
20
911.002579
10
8874.957932
20
915.740735
10
8878.548233
20
921.080347
10
8880.401977
20
924.007806
10
8882.315058
20
927.144598
10
8886.664929999999
20
934.657058
10
8890.683269000001
20
941.973285
10
8892.024109
20
944.475792
10
8898.998408
20
957.790862
10
8906.020708
20
971.186384
10
8906.472303999999
20
972.03084
10
8911.250646
20
980.749141
10
8915.884876
20
988.742424
10
8920.623283
20
996.416196
10
8925.137094
20
1003.3428749999999
10
8925.880458
20
1004.453187
10
8931.718337999999
20
1012.915746
10
8938.378818
20
1022.114696
10
8941.337839
20
1026.083944
10
8941.339458999999
20
1026.085983
10
8946.291400999999
20
1032.619117
10
8947.103046
20
1033.680414
10
8956.272724999999
20
1045.5931759999999
10
8965.431395
20
1057.5116739999999
10
8968.139545
20
1061.046828
10
8974.630323
20
1069.539223
10
8983.736362
20
1081.498067
10
8991.560128000001
20
1091.812464
10
8991.560406
20
1091.813064
10
8992.870549
20
1093.543414
10
8996.441094999998
20
1098.2647459999998
10
9001.909179999999
20
1105.508988
10
9010.970171
20
1117.5416129999999
10
9015.910381
20
1124.1152339999999
1001
AI4MANUFACTURING
1000
WRITEBACK_PHASE=01_ATOM
1000
ENTITY_ID=line_0367__seg_01
1000
SOURCE_HANDLE=
1000
LINE_ROLE=construction
1000
EDGE=construction_vertical
1000
CHAIN=
1000
PIECE_ID=
1000
SEAM_PAIR=
1000
PAIRED_CHAIN=
1000
NOTCH_CHAIN=
1000
NOTCH_SOURCE=
1000
PIECE_ROLE=unknown
1000
SEAM_ALLOWANCE_MM=
1000
SOURCE_LAYER=11
0
TEXT
8
AI4M_01_ATOM_INTERNAL
10
8837.37431
20
883.602577
30
0
40
2.5
1
AI4M_line_0367__seg_01_construction_construction_vertical
1001
AI4MANUFACTURING
1000
WRITEBACK_PHASE=01_ATOM_LABEL
1000
ENTITY_ID=line_0367__seg_01
999
AI4M_ENTITY=line_0441__seg_01;LINE_ROLE=construction;EDGE=construction_horizontal;SOURCE_LAYER=11
0
LWPOLYLINE
8
AI4M_01_ATOM_INTERNAL
90
8
70
0
10
9015.910381
20
1124.1152339999999
10
9027.922769
20
1122.978809
10
9036.844945
20
1122.380443
10
9046.563000999999
20
1121.99477
10
9060.695846999999
20
1121.750693
10
9075.728103
20
1121.6485619999999
10
9090.760623999999
20
1121.627954
10
9100.000042
20
1121.63385
1001
AI4MANUFACTURING
1000
WRITEBACK_PHASE=01_ATOM
1000
ENTITY_ID=line_0441__seg_01
1000
SOURCE_HANDLE=
1000
LINE_ROLE=construction
1000
EDGE=construction_horizontal
1000
CHAIN=
1000
PIECE_ID=
1000
SEAM_PAIR=
1000
PAIRED_CHAIN=
1000
NOTCH_CHAIN=
1000
NOTCH_SOURCE=
1000
PIECE_ROLE=unknown
1000
SEAM_ALLOWANCE_MM=
1000
SOURCE_LAYER=11
0
TEXT
8
AI4M_01_ATOM_INTERNAL
10
9015.910381
20
1124.1152339999999
30
0
40
2.5
1
AI4M_line_0441__seg_01_construction_construction_horizontal
1001
AI4MANUFACTURING
1000
WRITEBACK_PHASE=01_ATOM_LABEL
1000
ENTITY_ID=line_0441__seg_01
999
AI4M_ENTITY=line_0455__seg_01;LINE_ROLE=construction;EDGE=construction_horizontal;SOURCE_LAYER=11
0
LWPOLYLINE
8
AI4M_01_ATOM_INTERNAL
90
8
70
0
10
9100.000042
20
1121.63385
10
9115.217679
20
1121.640582
10
9130.300312
20
1121.6918369999999
10
9145.448195
20
1121.826053
10
9156.983855999999
20
1122.1073489999999
10
9166.18964
20
1122.5559739999999
10
9175.140377
20
1123.237476
10
9184.089703
20
1124.1152339999999
1001
AI4MANUFACTURING
1000
WRITEBACK_PHASE=01_ATOM
1000
ENTITY_ID=line_0455__seg_01
1000
SOURCE_HANDLE=
1000
LINE_ROLE=construction
1000
EDGE=construction_horizontal
1000
CHAIN=
1000
PIECE_ID=
1000
SEAM_PAIR=
1000
PAIRED_CHAIN=
1000
NOTCH_CHAIN=
1000
NOTCH_SOURCE=
1000
PIECE_ROLE=unknown
1000
SEAM_ALLOWANCE_MM=
1000
SOURCE_LAYER=11
0
TEXT
8
AI4M_01_ATOM_INTERNAL
10
9100.000042
20
1121.63385
30
0
40
2.5
1
AI4M_line_0455__seg_01_construction_construction_horizontal
1001
AI4MANUFACTURING
1000
WRITEBACK_PHASE=01_ATOM_LABEL
1000
ENTITY_ID=line_0455__seg_01
999
AI4M_ENTITY=line_0466__seg_01;LINE_ROLE=construction;EDGE=construction_vertical;SOURCE_LAYER=11
0
LWPOLYLINE
8
AI4M_01_ATOM_INTERNAL
90
43
70
0
10
9184.089703
20
1124.1152339999999
10
9193.211383999998
20
1111.9849960000001
10
9202.283932999999
20
1099.952402
10
9203.558982999999
20
1098.2647459999998
10
9211.393991
20
1087.9140069999999
10
9220.510067
20
1075.9152669999999
10
9229.668546
20
1063.911773
10
9231.860558
20
1061.0467979999999
10
9238.816041999999
20
1051.9772010000002
10
9248.036862
20
1040.00324
10
9253.708767
20
1032.618943
10
9257.212179
20
1028.008908
10
9258.660015
20
1026.086746
10
9258.662218
20
1026.083918
10
9264.78393
20
1017.799588
10
9271.019077
20
1009.001472
10
9274.862948999998
20
1003.342812
10
9276.585360000001
20
1000.7385869999999
10
9281.593670999999
20
992.882382
10
9286.159475
20
985.279651
10
9290.943617
20
976.799456
10
9293.527909
20
972.030637
10
9296.895685
20
965.670987
10
9303.879605999999
20
952.257189
10
9309.316807
20
941.973171
10
9310.391619
20
939.987602
10
9315.296851
20
931.21071
10
9319.381155
20
924.357446
10
9319.598108999999
20
924.00753
10
9323.088654
20
918.59145
10
9326.610308
20
913.5478899999999
10
9330.063966
20
909.015862
10
9331.852295
20
906.8309869999999
10
9333.416125
20
905.011813
10
9336.679744000001
20
901.48852
10
9339.917427
20
898.350392
10
9343.121975
20
895.583613
10
9345.438103
20
893.783471
10
9346.46279
20
893.033214
10
9350.363468
20
890.385689
10
9354.859137
20
887.652061
10
9359.172724
20
885.312177
10
9362.62608
20
883.602386
1001
AI4MANUFACTURING
1000
WRITEBACK_PHASE=01_ATOM
1000
ENTITY_ID=line_0466__seg_01
1000
SOURCE_HANDLE=
1000
LINE_ROLE=construction
1000
EDGE=construction_vertical
1000
CHAIN=
1000
PIECE_ID=
1000
SEAM_PAIR=
1000
PAIRED_CHAIN=
1000
NOTCH_CHAIN=
1000
NOTCH_SOURCE=
1000
PIECE_ROLE=unknown
1000
SEAM_ALLOWANCE_MM=
1000
SOURCE_LAYER=11
0
TEXT
8
AI4M_01_ATOM_INTERNAL
10
9184.089703
20
1124.1152339999999
30
0
40
2.5
1
AI4M_line_0466__seg_01_construction_construction_vertical
1001
AI4MANUFACTURING
1000
WRITEBACK_PHASE=01_ATOM_LABEL
1000
ENTITY_ID=line_0466__seg_01
999
AI4M_ENTITY=line_0534__seg_01;LINE_ROLE=construction;EDGE=construction_vertical;SOURCE_LAYER=11
0
LWPOLYLINE
8
AI4M_01_ATOM_INTERNAL
90
17
70
0
10
9362.62608
20
883.602386
10
9362.737184
20
866.400016
10
9362.841986
20
850.173863
10
9362.943534999999
20
834.451912
10
9363.042212
20
819.174847
10
9363.147520999999
20
802.87163
10
9363.25704
20
785.9172570000001
10
9363.338973999998
20
773.233756
10
9363.33897
20
773.233772
10
9363.354899
20
770.768599
10
9363.465647
20
753.62538
10
9363.573026
20
737.004228
10
9363.674084999999
20
721.361953
10
9363.778053
20
705.269684
10
9363.875054
20
690.2563319999999
10
9363.969609
20
675.621996
10
9363.985026999999
20
673.235679
1001
AI4MANUFACTURING
1000
WRITEBACK_PHASE=01_ATOM
1000
ENTITY_ID=line_0534__seg_01
1000
SOURCE_HANDLE=
1000
LINE_ROLE=construction
1000
EDGE=construction_vertical
1000
CHAIN=
1000
PIECE_ID=
1000
SEAM_PAIR=
1000
PAIRED_CHAIN=
1000
NOTCH_CHAIN=
1000
NOTCH_SOURCE=
1000
PIECE_ROLE=unknown
1000
SEAM_ALLOWANCE_MM=
1000
SOURCE_LAYER=11
0
TEXT
8
AI4M_01_ATOM_INTERNAL
10
9362.62608
20
883.602386
30
0
40
2.5
1
AI4M_line_0534__seg_01_construction_construction_vertical
1001
AI4MANUFACTURING
1000
WRITEBACK_PHASE=01_ATOM_LABEL
1000
ENTITY_ID=line_0534__seg_01
999
AI4M_ENTITY=line_0561;LINE_ROLE=construction;EDGE=construction_vertical;SOURCE_LAYER=11
0
LWPOLYLINE
8
AI4M_01_ATOM_INTERNAL
90
2
70
0
10
9363.985026999999
20
673.235679
10
9365.151409
20
497.073885
1001
AI4MANUFACTURING
1000
WRITEBACK_PHASE=01_ATOM
1000
ENTITY_ID=line_0561
1000
SOURCE_HANDLE=
1000
LINE_ROLE=construction
1000
EDGE=construction_vertical
1000
CHAIN=
1000
PIECE_ID=
1000
SEAM_PAIR=
1000
PAIRED_CHAIN=
1000
NOTCH_CHAIN=
1000
NOTCH_SOURCE=
1000
PIECE_ROLE=unknown
1000
SEAM_ALLOWANCE_MM=
1000
SOURCE_LAYER=11
0
TEXT
8
AI4M_01_ATOM_INTERNAL
10
9363.985026999999
20
673.235679
30
0
40
2.5
1
AI4M_line_0561_construction_construction_vertical
1001
AI4MANUFACTURING
1000
WRITEBACK_PHASE=01_ATOM_LABEL
1000
ENTITY_ID=line_0561
999
AI4M_ENTITY=line_0566__seg_01;LINE_ROLE=construction;EDGE=construction_horizontal;SOURCE_LAYER=11
0
LWPOLYLINE
8
AI4M_01_ATOM_INTERNAL
90
4
70
0
10
9365.151409
20
497.073885
10
9335.302776
20
497.073885
10
9244.847149
20
497.073885
10
9100.000042
20
497.073885
1001
AI4MANUFACTURING
1000
WRITEBACK_PHASE=01_ATOM
1000
ENTITY_ID=line_0566__seg_01
1000
SOURCE_HANDLE=
1000
LINE_ROLE=construction
1000
EDGE=construction_horizontal
1000
CHAIN=
1000
PIECE_ID=
1000
SEAM_PAIR=
1000
PAIRED_CHAIN=
1000
NOTCH_CHAIN=
1000
NOTCH_SOURCE=
1000
PIECE_ROLE=unknown
1000
SEAM_ALLOWANCE_MM=
1000
SOURCE_LAYER=11
0
TEXT
8
AI4M_01_ATOM_INTERNAL
10
9365.151409
20
497.073885
30
0
40
2.5
1
AI4M_line_0566__seg_01_construction_construction_horizontal
1001
AI4MANUFACTURING
1000
WRITEBACK_PHASE=01_ATOM_LABEL
1000
ENTITY_ID=line_0566__seg_01
999
AI4M_ENTITY=line_0571__seg_01;LINE_ROLE=construction;EDGE=construction_horizontal;SOURCE_LAYER=11
0
LWPOLYLINE
8
AI4M_01_ATOM_INTERNAL
90
4
70
0
10
9100.000042
20
497.073885
10
8955.152935
20
497.073885
10
8864.697307999999
20
497.073885
10
8834.848675
20
497.073885
1001
AI4MANUFACTURING
1000
WRITEBACK_PHASE=01_ATOM
1000
ENTITY_ID=line_0571__seg_01
1000
SOURCE_HANDLE=
1000
LINE_ROLE=construction
1000
EDGE=construction_horizontal
1000
CHAIN=
1000
PIECE_ID=
1000
SEAM_PAIR=
1000
PAIRED_CHAIN=
1000
NOTCH_CHAIN=
1000
NOTCH_SOURCE=
1000
PIECE_ROLE=unknown
1000
SEAM_ALLOWANCE_MM=
1000
SOURCE_LAYER=11
0
TEXT
8
AI4M_01_ATOM_INTERNAL
10
9100.000042
20
497.073885
30
0
40
2.5
1
AI4M_line_0571__seg_01_construction_construction_horizontal
1001
AI4MANUFACTURING
1000
WRITEBACK_PHASE=01_ATOM_LABEL
1000
ENTITY_ID=line_0571__seg_01
999
AI4M_ENTITY=line_0576__seg_01;LINE_ROLE=construction;EDGE=construction_vertical;SOURCE_LAYER=11
0
LWPOLYLINE
8
AI4M_01_ATOM_INTERNAL
90
43
70
0
10
9100.000042
20
497.073885
10
9100.000042
20
512.899769
10
9100.000042
20
528.394766
10
9100.000042
20
543.804401
10
9100.000042
20
559.128527
10
9100.000042
20
574.2031999999999
10
9100.000042
20
589.277864
10
9100.000042
20
604.8119879999999
10
9100.000042
20
619.8866499999999
10
9100.000042
20
634.961312
10
9100.000042
20
650.2558429999999
10
9100.000042
20
665.330514
10
9100.000042
20
680.405185
10
9100.000042
20
695.479837
10
9100.000042
20
711.046891
10
9100.000042
20
726.1215629999999
10
9100.000042
20
741.1962149999999
10
9100.000042
20
756.538352
10
9100.000042
20
771.613021
10
9100.000042
20
786.687691
10
9100.000042
20
801.809685
10
9100.000042
20
816.8843420000001
10
9100.000042
20
831.959001
10
9100.000042
20
847.033698
10
9100.000042
20
862.3541
10
9100.000042
20
877.428758
10
9100.000042
20
892.5034519999999
10
9100.000042
20
907.892284
10
9100.000042
20
922.966936
10
9100.000042
20
938.0415879999999
10
9100.000042
20
953.644462
10
9100.000042
20
968.719155
10
9100.000042
20
983.793811
10
9100.000042
20
998.868467
10
9100.000042
20
1014.226363
10
9100.000042
20
1029.301017
10
9100.000042
20
1044.375706
10
9100.000042
20
1059.935013
10
9100.000042
20
1075.009661
10
9100.000042
20
1090.08431
10
9100.000042
20
1105.421158
10
9100.000042
20
1120.044103
10
9100.000042
20
1121.633697
1001
AI4MANUFACTURING
1000
WRITEBACK_PHASE=01_ATOM
1000
ENTITY_ID=line_0576__seg_01
1000
SOURCE_HANDLE=
1000
LINE_ROLE=construction
1000
EDGE=construction_vertical
1000
CHAIN=
1000
PIECE_ID=
1000
SEAM_PAIR=
1000
PAIRED_CHAIN=
1000
NOTCH_CHAIN=
1000
NOTCH_SOURCE=
1000
PIECE_ROLE=unknown
1000
SEAM_ALLOWANCE_MM=
1000
SOURCE_LAYER=11
0
TEXT
8
AI4M_01_ATOM_INTERNAL
10
9100.000042
20
497.073885
30
0
40
2.5
1
AI4M_line_0576__seg_01_construction_construction_vertical
1001
AI4MANUFACTURING
1000
WRITEBACK_PHASE=01_ATOM_LABEL
1000
ENTITY_ID=line_0576__seg_01
999
AI4M_ENTITY=line_0625__seg_01;LINE_ROLE=construction;EDGE=construction_horizontal;SOURCE_LAYER=11
0
LWPOLYLINE
8
AI4M_01_ATOM_INTERNAL
90
19
70
0
10
8837.374004
20
873.2397229999999
10
8853.339059999998
20
873.2397229999999
10
8868.971753999998
20
873.2397229999999
10
8884.587393999998
20
873.2397229999999
10
8900.346592999998
20
873.2397229999999
10
8915.627573
20
873.2397229999999
10
8930.908555
20
873.2397229999999
10
8946.5517
20
873.2397229999999
10
8961.832712
20
873.2397229999999
10
8977.113722999999
20
873.2397229999999
10
8992.33524
20
873.2397229999999
10
9007.616257
20
873.2397229999999
10
9022.897243
20
873.2397229999999
10
9038.178231999998
20
873.2397229999999
10
9053.423863
20
873.2397229999999
10
9068.704817999998
20
873.2397229999999
10
9083.985809999998
20
873.2397229999999
10
9098.754744
20
873.2397229999999
10
9100.000042
20
873.2397229999999
1001
AI4MANUFACTURING
1000
WRITEBACK_PHASE=01_ATOM
1000
ENTITY_ID=line_0625__seg_01
1000
SOURCE_HANDLE=
1000
LINE_ROLE=construction
1000
EDGE=construction_horizontal
1000
CHAIN=
1000
PIECE_ID=
1000
SEAM_PAIR=
1000
PAIRED_CHAIN=
1000
NOTCH_CHAIN=
1000
NOTCH_SOURCE=
1000
PIECE_ROLE=unknown
1000
SEAM_ALLOWANCE_MM=
1000
SOURCE_LAYER=11
0
TEXT
8
AI4M_01_ATOM_INTERNAL
10
8837.374004
20
873.2397229999999
30
0
40
2.5
1
AI4M_line_0625__seg_01_construction_construction_horizontal
1001
AI4MANUFACTURING
1000
WRITEBACK_PHASE=01_ATOM_LABEL
1000
ENTITY_ID=line_0625__seg_01
999
AI4M_ENTITY=line_0647__seg_01;LINE_ROLE=construction;EDGE=construction_horizontal;SOURCE_LAYER=11
0
LWPOLYLINE
8
AI4M_01_ATOM_INTERNAL
90
19
70
0
10
9362.62608
20
873.2397229999999
10
9347.308222
20
873.2397229999999
10
9332.165137
20
873.2397229999999
10
9317.156496
20
873.2397229999999
10
9301.970594999999
20
873.2397229999999
10
9286.775635
20
873.2397229999999
10
9271.579043
20
873.2397229999999
10
9256.427487
20
873.2397229999999
10
9241.232625
20
873.2397229999999
10
9226.209212
20
873.2397229999999
10
9211.013426
20
873.2397229999999
10
9195.823015
20
873.2397229999999
10
9180.627354
20
873.2397229999999
10
9165.43705
20
873.2397229999999
10
9150.241818999999
20
873.2397229999999
10
9135.16856
20
873.2397229999999
10
9119.973145
20
873.2397229999999
10
9104.893488
20
873.2397229999999
10
9100.000042
20
873.2397229999999
1001
AI4MANUFACTURING
1000
WRITEBACK_PHASE=01_ATOM
1000
ENTITY_ID=line_0647__seg_01
1000
SOURCE_HANDLE=
1000
LINE_ROLE=construction
1000
EDGE=construction_horizontal
1000
CHAIN=
1000
PIECE_ID=
1000
SEAM_PAIR=
1000
PAIRED_CHAIN=
1000
NOTCH_CHAIN=
1000
NOTCH_SOURCE=
1000
PIECE_ROLE=unknown
1000
SEAM_ALLOWANCE_MM=
1000
SOURCE_LAYER=11
0
TEXT
8
AI4M_01_ATOM_INTERNAL
10
9362.62608
20
873.2397229999999
30
0
40
2.5
1
AI4M_line_0647__seg_01_construction_construction_horizontal
1001
AI4MANUFACTURING
1000
WRITEBACK_PHASE=01_ATOM_LABEL
1000
ENTITY_ID=line_0647__seg_01
999
AI4M_ENTITY=line_1219__seg_01;LINE_ROLE=construction;EDGE=construction_horizontal;SOURCE_LAYER=11
0
LWPOLYLINE
8
AI4M_01_ATOM_INTERNAL
90
21
70
0
10
7680.001555
20
503.791272
10
7664.359435
20
503.862377
10
7649.32092
20
503.95334099999997
10
7633.903209
20
504.0789
10
7618.4858540000005
20
504.24152499999997
10
7603.113337
20
504.444511
10
7587.697142999999
20
504.693183
10
7572.281833999999
20
504.99191799999994
10
7557.0018199999995
20
505.34205
10
7541.5890930000005
20
505.75233499999996
10
7538.189503
20
505.85074999999995
10
7526.258416
20
506.218892
10
7510.849257
20
506.74493299999995
10
7495.632561
20
507.31740199999996
10
7480.227215999999
20
507.946865
10
7464.960438
20
508.615946
10
7449.558676
20
509.329237
10
7444.386528
20
509.57571199999995
10
7434.451185
20
510.057959
10
7419.606221
20
510.801405
10
7414.830046
20
511.04517599999997
1001
AI4MANUFACTURING
1000
WRITEBACK_PHASE=01_ATOM
1000
ENTITY_ID=line_1219__seg_01
1000
SOURCE_HANDLE=
1000
LINE_ROLE=construction
1000
EDGE=construction_horizontal
1000
CHAIN=
1000
PIECE_ID=
1000
SEAM_PAIR=
1000
PAIRED_CHAIN=
1000
NOTCH_CHAIN=
1000
NOTCH_SOURCE=
1000
PIECE_ROLE=unknown
1000
SEAM_ALLOWANCE_MM=
1000
SOURCE_LAYER=11
0
TEXT
8
AI4M_01_ATOM_INTERNAL
10
7680.001555
20
503.791272
30
0
40
2.5
1
AI4M_line_1219__seg_01_construction_construction_horizontal
1001
AI4MANUFACTURING
1000
WRITEBACK_PHASE=01_ATOM_LABEL
1000
ENTITY_ID=line_1219__seg_01
999
AI4M_ENTITY=line_1247__seg_01;LINE_ROLE=construction;EDGE=construction_vertical;SOURCE_LAYER=11
0
LWPOLYLINE
8
AI4M_01_ATOM_INTERNAL
90
2
70
0
10
7414.830046
20
511.04517599999997
10
7415.99185
20
687.207018
1001
AI4MANUFACTURING
1000
WRITEBACK_PHASE=01_ATOM
1000
ENTITY_ID=line_1247__seg_01
1000
SOURCE_HANDLE=
1000
LINE_ROLE=construction
1000
EDGE=construction_vertical
1000
CHAIN=
1000
PIECE_ID=
1000
SEAM_PAIR=
1000
PAIRED_CHAIN=
1000
NOTCH_CHAIN=
1000
NOTCH_SOURCE=
1000
PIECE_ROLE=unknown
1000
SEAM_ALLOWANCE_MM=
1000
SOURCE_LAYER=11
0
TEXT
8
AI4M_01_ATOM_INTERNAL
10
7414.830046
20
511.04517599999997
30
0
40
2.5
1
AI4M_line_1247__seg_01_construction_construction_vertical
1001
AI4MANUFACTURING
1000
WRITEBACK_PHASE=01_ATOM_LABEL
1000
ENTITY_ID=line_1247__seg_01
999
AI4M_ENTITY=line_1255__seg_01;LINE_ROLE=construction;EDGE=construction_vertical;SOURCE_LAYER=11
0
LWPOLYLINE
8
AI4M_01_ATOM_INTERNAL
90
17
70
0
10
7415.99185
20
687.207018
10
7416.087883
20
703.18948
10
7416.180123
20
718.4387999999999
10
7416.275088
20
734.000586
10
7416.369961
20
749.387686
10
7416.465845999999
20
764.7747899999999
10
7416.562781
20
780.161887
10
7416.607513
20
787.20505
10
7416.607389999999
20
787.205054
10
7416.661572
20
795.667825
10
7416.763032
20
811.403823
10
7416.863399
20
826.790898
10
7416.964855
20
842.177974
10
7417.0673449999995
20
857.565034
10
7417.168963
20
872.678151
10
7417.269752
20
887.556394
10
7417.3553759999995
20
900.131041
1001
AI4MANUFACTURING
1000
WRITEBACK_PHASE=01_ATOM
1000
ENTITY_ID=line_1255__seg_01
1000
SOURCE_HANDLE=
1000
LINE_ROLE=construction
1000
EDGE=construction_vertical
1000
CHAIN=
1000
PIECE_ID=
1000
SEAM_PAIR=
1000
PAIRED_CHAIN=
1000
NOTCH_CHAIN=
1000
NOTCH_SOURCE=
1000
PIECE_ROLE=unknown
1000
SEAM_ALLOWANCE_MM=
1000
SOURCE_LAYER=11
0
TEXT
8
AI4M_01_ATOM_INTERNAL
10
7415.99185
20
687.207018
30
0
40
2.5
1
AI4M_line_1255__seg_01_construction_construction_vertical
1001
AI4MANUFACTURING
1000
WRITEBACK_PHASE=01_ATOM_LABEL
1000
ENTITY_ID=line_1255__seg_01
999
AI4M_ENTITY=line_1279__seg_01;LINE_ROLE=construction;EDGE=construction_vertical;SOURCE_LAYER=11
0
LWPOLYLINE
8
AI4M_01_ATOM_INTERNAL
90
43
70
0
10
7417.3553759999995
20
900.131041
10
7423.824868
20
902.8695029999999
10
7429.399095999999
20
905.5141619999999
10
7434.049507
20
907.968443
10
7438.346791
20
910.5137889999999
10
7438.920715
20
910.8757559999999
10
7442.544313
20
913.285083
10
7446.759943999999
20
916.3676479999999
10
7450.840394
20
919.656947
10
7454.810255
20
923.168807
10
7457.41119
20
925.65029
10
7458.712939
20
926.9495099999999
10
7462.586037
20
931.050129
10
7466.4712309999995
20
935.529661
10
7469.899556
20
939.797131
10
7470.36967
20
940.4056459999999
10
7474.39133
20
945.8423989999999
10
7475.706467
20
947.7095959999999
10
7475.708037
20
947.7116449999999
10
7478.561046999999
20
951.910502
10
7481.584194999999
20
956.564873
10
7483.282781
20
959.258542
10
7491.141619
20
972.140588
10
7492.389897
20
974.2011519999999
10
7497.722551
20
982.8392200000001
10
7502.5537540000005
20
990.259288
10
7503.474112
20
991.624701
10
7507.792461999999
20
997.850242
10
7513.439365
20
1005.5964059999999
10
7515.4272280000005
20
1008.2304669999999
10
7519.574976
20
1013.5906620000001
10
7526.285284
20
1021.9228330000001
10
7528.936824
20
1025.115693
10
7528.938323
20
1025.117461
10
7533.7325519999995
20
1030.76855
10
7541.61896
20
1039.778378
10
7542.203576
20
1040.434232
10
7552.304034999999
20
1051.581881
10
7562.4932850000005
20
1062.617783
10
7572.81608
20
1073.632304
10
7583.081705
20
1084.648553
10
7592.421193
20
1095.026629
10
7597.695342
20
1101.014296
1001
AI4MANUFACTURING
1000
WRITEBACK_PHASE=01_ATOM
1000
ENTITY_ID=line_1279__seg_01
1000
SOURCE_HANDLE=
1000
LINE_ROLE=construction
1000
EDGE=construction_vertical
1000
CHAIN=
1000
PIECE_ID=
1000
SEAM_PAIR=
1000
PAIRED_CHAIN=
1000
NOTCH_CHAIN=
1000
NOTCH_SOURCE=
1000
PIECE_ROLE=unknown
1000
SEAM_ALLOWANCE_MM=
1000
SOURCE_LAYER=11
0
TEXT
8
AI4M_01_ATOM_INTERNAL
10
7417.3553759999995
20
900.131041
30
0
40
2.5
1
AI4M_line_1279__seg_01_construction_construction_vertical
1001
AI4MANUFACTURING
1000
WRITEBACK_PHASE=01_ATOM_LABEL
1000
ENTITY_ID=line_1279__seg_01
999
AI4M_ENTITY=line_1349__seg_01;LINE_ROLE=construction;EDGE=construction_horizontal;SOURCE_LAYER=11
0
LWPOLYLINE
8
AI4M_01_ATOM_INTERNAL
90
12
70
0
10
7597.695342
20
1101.014296
10
7604.291754
20
1099.235037
10
7609.006192
20
1098.21514
10
7614.239207
20
1097.3449289999999
10
7620.594128999999
20
1096.5563399999999
10
7627.721388
20
1095.932579
10
7635.952031
20
1095.474679
10
7640.868915
20
1095.307016
10
7645.625717999999
20
1095.204368
10
7660.738582
20
1095.112414
10
7675.737243
20
1095.017398
10
7680.001555
20
1094.954039
1001
AI4MANUFACTURING
1000
WRITEBACK_PHASE=01_ATOM
1000
ENTITY_ID=line_1349__seg_01
1000
SOURCE_HANDLE=
1000
LINE_ROLE=construction
1000
EDGE=construction_horizontal
1000
CHAIN=
1000
PIECE_ID=
1000
SEAM_PAIR=
1000
PAIRED_CHAIN=
1000
NOTCH_CHAIN=
1000
NOTCH_SOURCE=
1000
PIECE_ROLE=unknown
1000
SEAM_ALLOWANCE_MM=
1000
SOURCE_LAYER=11
0
TEXT
8
AI4M_01_ATOM_INTERNAL
10
7597.695342
20
1101.014296
30
0
40
2.5
1
AI4M_line_1349__seg_01_construction_construction_horizontal
1001
AI4MANUFACTURING
1000
WRITEBACK_PHASE=01_ATOM_LABEL
1000
ENTITY_ID=line_1349__seg_01
999
AI4M_ENTITY=line_1369__seg_01;LINE_ROLE=construction;EDGE=construction_horizontal;SOURCE_LAYER=11
0
LWPOLYLINE
8
AI4M_01_ATOM_INTERNAL
90
12
70
0
10
7680.001555
20
1094.954039
10
7695.2463
20
1095.077063
10
7710.367913
20
1095.160527
10
7719.134547
20
1095.307048
10
7720.860801
20
1095.35815
10
7729.487207
20
1095.749139
10
7737.036763
20
1096.321827
10
7743.661136
20
1097.0542639999999
10
7749.368716
20
1097.918711
10
7754.212699
20
1098.884625
10
7759.526587
20
1100.222825
10
7762.307768
20
1101.014296
1001
AI4MANUFACTURING
1000
WRITEBACK_PHASE=01_ATOM
1000
ENTITY_ID=line_1369__seg_01
1000
SOURCE_HANDLE=
1000
LINE_ROLE=construction
1000
EDGE=construction_horizontal
1000
CHAIN=
1000
PIECE_ID=
1000
SEAM_PAIR=
1000
PAIRED_CHAIN=
1000
NOTCH_CHAIN=
1000
NOTCH_SOURCE=
1000
PIECE_ROLE=unknown
1000
SEAM_ALLOWANCE_MM=
1000
SOURCE_LAYER=11
0
TEXT
8
AI4M_01_ATOM_INTERNAL
10
7680.001555
20
1094.954039
30
0
40
2.5
1
AI4M_line_1369__seg_01_construction_construction_horizontal
1001
AI4MANUFACTURING
1000
WRITEBACK_PHASE=01_ATOM_LABEL
1000
ENTITY_ID=line_1369__seg_01
999
AI4M_ENTITY=line_1386__seg_01;LINE_ROLE=construction;EDGE=construction_vertical;SOURCE_LAYER=11
0
LWPOLYLINE
8
AI4M_01_ATOM_INTERNAL
90
45
70
0
10
7762.307768
20
1101.014296
10
7772.4039649999995
20
1089.632629
10
7781.739775
20
1079.426849
10
7792.096297
20
1068.385955
10
7798.2898239999995
20
1061.779601
10
7798.290314
20
1061.778908
10
7802.408635
20
1057.340215
10
7812.595601999999
20
1046.212461
10
7818.384099999999
20
1039.778458
10
7822.012097
20
1035.673376
10
7830.037085
20
1026.341405
10
7831.064786999999
20
1025.117461
10
7831.06622
20
1025.115672
10
7837.09339
20
1017.7796819999999
10
7843.548828
20
1009.5744139999999
10
7844.575805
20
1008.230605
10
7849.485044
20
1001.6404419999999
10
7854.927915
20
993.96669
10
7856.529037
20
991.6247599999999
10
7859.904442999999
20
986.539796
10
7865.033631
20
978.4250010000001
10
7867.613187999999
20
974.2012709999999
10
7872.838889
20
965.566961
10
7878.418931
20
956.5649759999999
10
7878.729053
20
956.0788
10
7883.17451
20
949.3373489999999
10
7884.294768
20
947.7121030000001
10
7884.296579
20
947.709691
10
7887.238611999999
20
943.593249
10
7890.10327
20
939.7973609999999
10
7891.260791
20
938.3231430000001
10
7895.187841999999
20
933.57468
10
7899.0734919999995
20
929.252743
10
7902.591779
20
925.650543
10
7903.0041
20
925.247149
10
7907.016057
20
921.516194
10
7911.039988
20
918.1049760000001
10
7915.150938999999
20
914.9342469999999
10
7919.397543
20
911.9691720000001
10
7921.082249
20
910.8759009999999
10
7923.661464
20
909.2898869999999
10
7928.045091
20
906.8318649999999
10
7933.269296
20
904.213281
10
7938.788519
20
901.722346
10
7942.647734
20
900.131041
1001
AI4MANUFACTURING
1000
WRITEBACK_PHASE=01_ATOM
1000
ENTITY_ID=line_1386__seg_01
1000
SOURCE_HANDLE=
1000
LINE_ROLE=construction
1000
EDGE=construction_vertical
1000
CHAIN=
1000
PIECE_ID=
1000
SEAM_PAIR=
1000
PAIRED_CHAIN=
1000
NOTCH_CHAIN=
1000
NOTCH_SOURCE=
1000
PIECE_ROLE=unknown
1000
SEAM_ALLOWANCE_MM=
1000
SOURCE_LAYER=11
0
TEXT
8
AI4M_01_ATOM_INTERNAL
10
7762.307768
20
1101.014296
30
0
40
2.5
1
AI4M_line_1386__seg_01_construction_construction_vertical
1001
AI4MANUFACTURING
1000
WRITEBACK_PHASE=01_ATOM_LABEL
1000
ENTITY_ID=line_1386__seg_01
999
AI4M_ENTITY=line_1462__seg_01;LINE_ROLE=construction;EDGE=construction_vertical;SOURCE_LAYER=11
0
LWPOLYLINE
8
AI4M_01_ATOM_INTERNAL
90
17
70
0
10
7942.647734
20
900.131041
10
7942.75439
20
884.447598
10
7942.856663
20
869.313538
10
7942.958039
20
854.213628
10
7943.061818
20
838.6241259999999
10
7943.161945
20
823.4244229999999
10
7943.260945
20
808.224704
10
7943.358747
20
793.024981
10
7943.3957199999995
20
787.205206
10
7943.3958649999995
20
787.2047689999999
10
7943.456064
20
777.7051369999999
10
7943.551477
20
762.505403
10
7943.645926
20
747.3056509999999
10
7943.739918
20
732.050257
10
7943.832788
20
716.850496
10
7943.9247669999995
20
701.650731
10
7944.01126
20
687.207018
1001
AI4MANUFACTURING
1000
WRITEBACK_PHASE=01_ATOM
1000
ENTITY_ID=line_1462__seg_01
1000
SOURCE_HANDLE=
1000
LINE_ROLE=construction
1000
EDGE=construction_vertical
1000
CHAIN=
1000
PIECE_ID=
1000
SEAM_PAIR=
1000
PAIRED_CHAIN=
1000
NOTCH_CHAIN=
1000
NOTCH_SOURCE=
1000
PIECE_ROLE=unknown
1000
SEAM_ALLOWANCE_MM=
1000
SOURCE_LAYER=11
0
TEXT
8
AI4M_01_ATOM_INTERNAL
10
7942.647734
20
900.131041
30
0
40
2.5
1
AI4M_line_1462__seg_01_construction_construction_vertical
1001
AI4MANUFACTURING
1000
WRITEBACK_PHASE=01_ATOM_LABEL
1000
ENTITY_ID=line_1462__seg_01
999
AI4M_ENTITY=line_1489;LINE_ROLE=construction;EDGE=construction_vertical;SOURCE_LAYER=11
0
LWPOLYLINE
8
AI4M_01_ATOM_INTERNAL
90
2
70
0
10
7944.01126
20
687.207018
10
7945.173064
20
511.04517599999997
1001
AI4MANUFACTURING
1000
WRITEBACK_PHASE=01_ATOM
1000
ENTITY_ID=line_1489
1000
SOURCE_HANDLE=
1000
LINE_ROLE=construction
1000
EDGE=construction_vertical
1000
CHAIN=
1000
PIECE_ID=
1000
SEAM_PAIR=
1000
PAIRED_CHAIN=
1000
NOTCH_CHAIN=
1000
NOTCH_SOURCE=
1000
PIECE_ROLE=unknown
1000
SEAM_ALLOWANCE_MM=
1000
SOURCE_LAYER=11
0
TEXT
8
AI4M_01_ATOM_INTERNAL
10
7944.01126
20
687.207018
30
0
40
2.5
1
AI4M_line_1489_construction_construction_vertical
1001
AI4MANUFACTURING
1000
WRITEBACK_PHASE=01_ATOM_LABEL
1000
ENTITY_ID=line_1489
999
AI4M_ENTITY=line_1494__seg_01;LINE_ROLE=construction;EDGE=construction_horizontal;SOURCE_LAYER=11
0
LWPOLYLINE
8
AI4M_01_ATOM_INTERNAL
90
21
70
0
10
7945.173064
20
511.04517599999997
10
7929.5312969999995
20
510.25739999999996
10
7915.616529999999
20
509.575701
10
7914.465802
20
509.520354
10
7898.932491
20
508.79221399999994
10
7883.721186999999
20
508.116606
10
7868.184148
20
507.46980799999994
10
7852.645184
20
506.87205199999994
10
7837.391197999999
20
506.33818199999996
10
7821.848456
20
505.85177699999997
10
7821.8136589999995
20
505.850756
10
7806.844832999999
20
505.43909399999995
10
7791.381796
20
505.071284
10
7775.83455
20
504.757099
10
7760.286337
20
504.494734
10
7744.849059
20
504.28153599999996
10
7729.299628
20
504.110003
10
7713.749813
20
503.97728499999994
10
7698.306616
20
503.878513
10
7683.276997
20
503.80467699999997
10
7680.001555
20
503.791272
1001
AI4MANUFACTURING
1000
WRITEBACK_PHASE=01_ATOM
1000
ENTITY_ID=line_1494__seg_01
1000
SOURCE_HANDLE=
1000
LINE_ROLE=construction
1000
EDGE=construction_horizontal
1000
CHAIN=
1000
PIECE_ID=
1000
SEAM_PAIR=
1000
PAIRED_CHAIN=
1000
NOTCH_CHAIN=
1000
NOTCH_SOURCE=
1000
PIECE_ROLE=unknown
1000
SEAM_ALLOWANCE_MM=
1000
SOURCE_LAYER=11
0
TEXT
8
AI4M_01_ATOM_INTERNAL
10
7945.173064
20
511.04517599999997
30
0
40
2.5
1
AI4M_line_1494__seg_01_construction_construction_horizontal
1001
AI4MANUFACTURING
1000
WRITEBACK_PHASE=01_ATOM_LABEL
1000
ENTITY_ID=line_1494__seg_01
999
AI4M_ENTITY=line_1522__seg_01;LINE_ROLE=construction;EDGE=construction_vertical;SOURCE_LAYER=11
0
LWPOLYLINE
8
AI4M_01_ATOM_INTERNAL
90
2
70
0
10
7680.001555
20
1094.954039
10
7680.001555
20
503.791272
1001
AI4MANUFACTURING
1000
WRITEBACK_PHASE=01_ATOM
1000
ENTITY_ID=line_1522__seg_01
1000
SOURCE_HANDLE=
1000
LINE_ROLE=construction
1000
EDGE=construction_vertical
1000
CHAIN=
1000
PIECE_ID=
1000
SEAM_PAIR=
1000
PAIRED_CHAIN=
1000
NOTCH_CHAIN=
1000
NOTCH_SOURCE=
1000
PIECE_ROLE=unknown
1000
SEAM_ALLOWANCE_MM=
1000
SOURCE_LAYER=11
0
TEXT
8
AI4M_01_ATOM_INTERNAL
10
7680.001555
20
1094.954039
30
0
40
2.5
1
AI4M_line_1522__seg_01_construction_construction_vertical
1001
AI4MANUFACTURING
1000
WRITEBACK_PHASE=01_ATOM_LABEL
1000
ENTITY_ID=line_1522__seg_01
999
AI4M_ENTITY=line_1530;LINE_ROLE=construction;EDGE=construction_horizontal;SOURCE_LAYER=11
0
LWPOLYLINE
8
AI4M_01_ATOM_INTERNAL
90
2
70
0
10
7942.647734
20
889.7681869999999
10
7680.001555
20
889.7681869999999
1001
AI4MANUFACTURING
1000
WRITEBACK_PHASE=01_ATOM
1000
ENTITY_ID=line_1530
1000
SOURCE_HANDLE=
1000
LINE_ROLE=construction
1000
EDGE=construction_horizontal
1000
CHAIN=
1000
PIECE_ID=
1000
SEAM_PAIR=
1000
PAIRED_CHAIN=
1000
NOTCH_CHAIN=
1000
NOTCH_SOURCE=
1000
PIECE_ROLE=unknown
1000
SEAM_ALLOWANCE_MM=
1000
SOURCE_LAYER=11
0
TEXT
8
AI4M_01_ATOM_INTERNAL
10
7942.647734
20
889.7681869999999
30
0
40
2.5
1
AI4M_line_1530_construction_construction_horizontal
1001
AI4MANUFACTURING
1000
WRITEBACK_PHASE=01_ATOM_LABEL
1000
ENTITY_ID=line_1530
999
AI4M_ENTITY=line_1535;LINE_ROLE=construction;EDGE=construction_horizontal;SOURCE_LAYER=11
0
LWPOLYLINE
8
AI4M_01_ATOM_INTERNAL
90
2
70
0
10
7417.3553759999995
20
889.7681869999999
10
7680.001555
20
889.7681869999999
1001
AI4MANUFACTURING
1000
WRITEBACK_PHASE=01_ATOM
1000
ENTITY_ID=line_1535
1000
SOURCE_HANDLE=
1000
LINE_ROLE=construction
1000
EDGE=construction_horizontal
1000
CHAIN=
1000
PIECE_ID=
1000
SEAM_PAIR=
1000
PAIRED_CHAIN=
1000
NOTCH_CHAIN=
1000
NOTCH_SOURCE=
1000
PIECE_ROLE=unknown
1000
SEAM_ALLOWANCE_MM=
1000
SOURCE_LAYER=11
0
TEXT
8
AI4M_01_ATOM_INTERNAL
10
7417.3553759999995
20
889.7681869999999
30
0
40
2.5
1
AI4M_line_1535_construction_construction_horizontal
1001
AI4MANUFACTURING
1000
WRITEBACK_PHASE=01_ATOM_LABEL
1000
ENTITY_ID=line_1535
999
AI4M_ENTITY=line_1608;LINE_ROLE=construction;EDGE=construction_vertical;SOURCE_LAYER=11
0
LWPOLYLINE
8
AI4M_01_ATOM_INTERNAL
90
2
70
0
10
6218.989868000001
20
237.82388300000002
10
6218.989868000001
20
299.99998700000003
1001
AI4MANUFACTURING
1000
WRITEBACK_PHASE=01_ATOM
1000
ENTITY_ID=line_1608
1000
SOURCE_HANDLE=
1000
LINE_ROLE=construction
1000
EDGE=construction_vertical
1000
CHAIN=
1000
PIECE_ID=
1000
SEAM_PAIR=
1000
PAIRED_CHAIN=
1000
NOTCH_CHAIN=
1000
NOTCH_SOURCE=
1000
PIECE_ROLE=unknown
1000
SEAM_ALLOWANCE_MM=
1000
SOURCE_LAYER=11
0
TEXT
8
AI4M_01_ATOM_INTERNAL
10
6218.989868000001
20
237.82388300000002
30
0
40
2.5
1
AI4M_line_1608_construction_construction_vertical
1001
AI4MANUFACTURING
1000
WRITEBACK_PHASE=01_ATOM_LABEL
1000
ENTITY_ID=line_1608
999
AI4M_ENTITY=line_1613__seg_01;LINE_ROLE=construction;EDGE=construction_vertical;SOURCE_LAYER=11
0
LWPOLYLINE
8
AI4M_01_ATOM_INTERNAL
90
5
70
0
10
6218.989868000001
20
299.99998700000003
10
6218.989868000001
20
315.76505099999997
10
6218.989868000001
20
331.250761
10
6218.989868000001
20
346.834319
10
6218.989868000001
20
362.176081
1001
AI4MANUFACTURING
1000
WRITEBACK_PHASE=01_ATOM
1000
ENTITY_ID=line_1613__seg_01
1000
SOURCE_HANDLE=
1000
LINE_ROLE=construction
1000
EDGE=construction_vertical
1000
CHAIN=
1000
PIECE_ID=
1000
SEAM_PAIR=
1000
PAIRED_CHAIN=
1000
NOTCH_CHAIN=
1000
NOTCH_SOURCE=
1000
PIECE_ROLE=unknown
1000
SEAM_ALLOWANCE_MM=
1000
SOURCE_LAYER=11
0
TEXT
8
AI4M_01_ATOM_INTERNAL
10
6218.989868000001
20
299.99998700000003
30
0
40
2.5
1
AI4M_line_1613__seg_01_construction_construction_vertical
1001
AI4MANUFACTURING
1000
WRITEBACK_PHASE=01_ATOM_LABEL
1000
ENTITY_ID=line_1613__seg_01
999
AI4M_ENTITY=line_1621__seg_01;LINE_ROLE=construction;EDGE=construction_horizontal;SOURCE_LAYER=11
0
LWPOLYLINE
8
AI4M_01_ATOM_INTERNAL
90
4
70
0
10
6218.989868000001
20
362.176081
10
6307.091064
20
362.176081
10
6384.393311
20
362.176081
10
6421.010131999999
20
362.176081
1001
AI4MANUFACTURING
1000
WRITEBACK_PHASE=01_ATOM
1000
ENTITY_ID=line_1621__seg_01
1000
SOURCE_HANDLE=
1000
LINE_ROLE=construction
1000
EDGE=construction_horizontal
1000
CHAIN=
1000
PIECE_ID=
1000
SEAM_PAIR=
1000
PAIRED_CHAIN=
1000
NOTCH_CHAIN=
1000
NOTCH_SOURCE=
1000
PIECE_ROLE=unknown
1000
SEAM_ALLOWANCE_MM=
1000
SOURCE_LAYER=11
0
TEXT
8
AI4M_01_ATOM_INTERNAL
10
6218.989868000001
20
362.176081
30
0
40
2.5
1
AI4M_line_1621__seg_01_construction_construction_horizontal
1001
AI4MANUFACTURING
1000
WRITEBACK_PHASE=01_ATOM_LABEL
1000
ENTITY_ID=line_1621__seg_01
999
AI4M_ENTITY=line_1630__seg_01;LINE_ROLE=construction;EDGE=construction_vertical;SOURCE_LAYER=11
0
LWPOLYLINE
8
AI4M_01_ATOM_INTERNAL
90
5
70
0
10
6421.010131999999
20
362.176081
10
6421.010131999999
20
346.454602
10
6421.010131999999
20
330.99802
10
6421.010131999999
20
315.42870300000004
10
6421.010131999999
20
299.99998700000003
1001
AI4MANUFACTURING
1000
WRITEBACK_PHASE=01_ATOM
1000
ENTITY_ID=line_1630__seg_01
1000
SOURCE_HANDLE=
1000
LINE_ROLE=construction
1000
EDGE=construction_vertical
1000
CHAIN=
1000
PIECE_ID=
1000
SEAM_PAIR=
1000
PAIRED_CHAIN=
1000
NOTCH_CHAIN=
1000
NOTCH_SOURCE=
1000
PIECE_ROLE=unknown
1000
SEAM_ALLOWANCE_MM=
1000
SOURCE_LAYER=11
0
TEXT
8
AI4M_01_ATOM_INTERNAL
10
6421.010131999999
20
362.176081
30
0
40
2.5
1
AI4M_line_1630__seg_01_construction_construction_vertical
1001
AI4MANUFACTURING
1000
WRITEBACK_PHASE=01_ATOM_LABEL
1000
ENTITY_ID=line_1630__seg_01
999
AI4M_ENTITY=line_1638__seg_01;LINE_ROLE=construction;EDGE=construction_vertical;SOURCE_LAYER=11
0
LWPOLYLINE
8
AI4M_01_ATOM_INTERNAL
90
5
70
0
10
6421.010131999999
20
299.99998700000003
10
6421.010131999999
20
284.23492
10
6421.010131999999
20
268.749207
10
6421.010131999999
20
253.165647
10
6421.010131999999
20
237.82388300000002
1001
AI4MANUFACTURING
1000
WRITEBACK_PHASE=01_ATOM
1000
ENTITY_ID=line_1638__seg_01
1000
SOURCE_HANDLE=
1000
LINE_ROLE=construction
1000
EDGE=construction_vertical
1000
CHAIN=
1000
PIECE_ID=
1000
SEAM_PAIR=
1000
PAIRED_CHAIN=
1000
NOTCH_CHAIN=
1000
NOTCH_SOURCE=
1000
PIECE_ROLE=unknown
1000
SEAM_ALLOWANCE_MM=
1000
SOURCE_LAYER=11
0
TEXT
8
AI4M_01_ATOM_INTERNAL
10
6421.010131999999
20
299.99998700000003
30
0
40
2.5
1
AI4M_line_1638__seg_01_construction_construction_vertical
1001
AI4MANUFACTURING
1000
WRITEBACK_PHASE=01_ATOM_LABEL
1000
ENTITY_ID=line_1638__seg_01
999
AI4M_ENTITY=line_1646;LINE_ROLE=construction;EDGE=construction_horizontal;SOURCE_LAYER=11
0
LWPOLYLINE
8
AI4M_01_ATOM_INTERNAL
90
2
70
0
10
6421.010131999999
20
237.82388300000002
10
6218.989868000001
20
237.82388300000002
1001
AI4MANUFACTURING
1000
WRITEBACK_PHASE=01_ATOM
1000
ENTITY_ID=line_1646
1000
SOURCE_HANDLE=
1000
LINE_ROLE=construction
1000
EDGE=construction_horizontal
1000
CHAIN=
1000
PIECE_ID=
1000
SEAM_PAIR=
1000
PAIRED_CHAIN=
1000
NOTCH_CHAIN=
1000
NOTCH_SOURCE=
1000
PIECE_ROLE=unknown
1000
SEAM_ALLOWANCE_MM=
1000
SOURCE_LAYER=11
0
TEXT
8
AI4M_01_ATOM_INTERNAL
10
6421.010131999999
20
237.82388300000002
30
0
40
2.5
1
AI4M_line_1646_construction_construction_horizontal
1001
AI4MANUFACTURING
1000
WRITEBACK_PHASE=01_ATOM_LABEL
1000
ENTITY_ID=line_1646
999
AI4M_ENTITY=line_1651__seg_01;LINE_ROLE=construction;EDGE=construction_vertical;SOURCE_LAYER=11
0
LWPOLYLINE
8
AI4M_01_ATOM_INTERNAL
90
5
70
0
10
6218.989868000001
20
237.82388300000002
10
6218.989868000001
20
253.545386
10
6218.989868000001
20
269.001982
10
6218.989868000001
20
284.571306
10
6218.989868000001
20
299.99998700000003
1001
AI4MANUFACTURING
1000
WRITEBACK_PHASE=01_ATOM
1000
ENTITY_ID=line_1651__seg_01
1000
SOURCE_HANDLE=
1000
LINE_ROLE=construction
1000
EDGE=construction_vertical
1000
CHAIN=
1000
PIECE_ID=
1000
SEAM_PAIR=
1000
PAIRED_CHAIN=
1000
NOTCH_CHAIN=
1000
NOTCH_SOURCE=
1000
PIECE_ROLE=unknown
1000
SEAM_ALLOWANCE_MM=
1000
SOURCE_LAYER=11
0
TEXT
8
AI4M_01_ATOM_INTERNAL
10
6218.989868000001
20
237.82388300000002
30
0
40
2.5
1
AI4M_line_1651__seg_01_construction_construction_vertical
1001
AI4MANUFACTURING
1000
WRITEBACK_PHASE=01_ATOM_LABEL
1000
ENTITY_ID=line_1651__seg_01
999
AI4M_ENTITY=line_1659;LINE_ROLE=construction;EDGE=construction_horizontal;SOURCE_LAYER=11
0
LWPOLYLINE
8
AI4M_01_ATOM_INTERNAL
90
2
70
0
10
6218.989868000001
20
299.99998700000003
10
6421.010131999999
20
299.99998700000003
1001
AI4MANUFACTURING
1000
WRITEBACK_PHASE=01_ATOM
1000
ENTITY_ID=line_1659
1000
SOURCE_HANDLE=
1000
LINE_ROLE=construction
1000
EDGE=construction_horizontal
1000
CHAIN=
1000
PIECE_ID=
1000
SEAM_PAIR=
1000
PAIRED_CHAIN=
1000
NOTCH_CHAIN=
1000
NOTCH_SOURCE=
1000
PIECE_ROLE=unknown
1000
SEAM_ALLOWANCE_MM=
1000
SOURCE_LAYER=11
0
TEXT
8
AI4M_01_ATOM_INTERNAL
10
6218.989868000001
20
299.99998700000003
30
0
40
2.5
1
AI4M_line_1659_construction_construction_horizontal
1001
AI4MANUFACTURING
1000
WRITEBACK_PHASE=01_ATOM_LABEL
1000
ENTITY_ID=line_1659
999
AI4M_ENTITY=line_1664;LINE_ROLE=construction;EDGE=construction_vertical;SOURCE_LAYER=11
0
LWPOLYLINE
8
AI4M_01_ATOM_INTERNAL
90
2
70
0
10
6218.989868000001
20
299.99998700000003
10
6218.989868000001
20
362.176081
1001
AI4MANUFACTURING
1000
WRITEBACK_PHASE=01_ATOM
1000
ENTITY_ID=line_1664
1000
SOURCE_HANDLE=
1000
LINE_ROLE=construction
1000
EDGE=construction_vertical
1000
CHAIN=
1000
PIECE_ID=
1000
SEAM_PAIR=
1000
PAIRED_CHAIN=
1000
NOTCH_CHAIN=
1000
NOTCH_SOURCE=
1000
PIECE_ROLE=unknown
1000
SEAM_ALLOWANCE_MM=
1000
SOURCE_LAYER=11
0
TEXT
8
AI4M_01_ATOM_INTERNAL
10
6218.989868000001
20
299.99998700000003
30
0
40
2.5
1
AI4M_line_1664_construction_construction_vertical
1001
AI4MANUFACTURING
1000
WRITEBACK_PHASE=01_ATOM_LABEL
1000
ENTITY_ID=line_1664
999
AI4M_ENTITY=line_1831__seg_01;LINE_ROLE=construction;EDGE=construction_horizontal;SOURCE_LAYER=11
0
LWPOLYLINE
8
AI4M_01_ATOM_INTERNAL
90
7
70
0
10
5506.744735
20
198.549318
10
5491.059745
20
198.549318
10
5475.693327
20
198.549318
10
5460.4915519999995
20
198.549318
10
5457.497764
20
198.549318
10
5457.497604
20
198.549318
10
5445.437667
20
198.549318
1001
AI4MANUFACTURING
1000
WRITEBACK_PHASE=01_ATOM
1000
ENTITY_ID=line_1831__seg_01
1000
SOURCE_HANDLE=
1000
LINE_ROLE=construction
1000
EDGE=construction_horizontal
1000
CHAIN=
1000
PIECE_ID=
1000
SEAM_PAIR=
1000
PAIRED_CHAIN=
1000
NOTCH_CHAIN=
1000
NOTCH_SOURCE=
1000
PIECE_ROLE=unknown
1000
SEAM_ALLOWANCE_MM=
1000
SOURCE_LAYER=11
0
TEXT
8
AI4M_01_ATOM_INTERNAL
10
5506.744735
20
198.549318
30
0
40
2.5
1
AI4M_line_1831__seg_01_construction_construction_horizontal
1001
AI4MANUFACTURING
1000
WRITEBACK_PHASE=01_ATOM_LABEL
1000
ENTITY_ID=line_1831__seg_01
999
AI4M_ENTITY=line_1848;LINE_ROLE=construction;EDGE=construction_vertical;SOURCE_LAYER=11
0
LWPOLYLINE
8
AI4M_01_ATOM_INTERNAL
90
2
70
0
10
5445.437667
20
198.549318
10
5453.493087
20
240
1001
AI4MANUFACTURING
1000
WRITEBACK_PHASE=01_ATOM
1000
ENTITY_ID=line_1848
1000
SOURCE_HANDLE=
1000
LINE_ROLE=construction
1000
EDGE=construction_vertical
1000
CHAIN=
1000
PIECE_ID=
1000
SEAM_PAIR=
1000
PAIRED_CHAIN=
1000
NOTCH_CHAIN=
1000
NOTCH_SOURCE=
1000
PIECE_ROLE=unknown
1000
SEAM_ALLOWANCE_MM=
1000
SOURCE_LAYER=11
0
TEXT
8
AI4M_01_ATOM_INTERNAL
10
5445.437667
20
198.549318
30
0
40
2.5
1
AI4M_line_1848_construction_construction_vertical
1001
AI4MANUFACTURING
1000
WRITEBACK_PHASE=01_ATOM_LABEL
1000
ENTITY_ID=line_1848
999
AI4M_ENTITY=line_1853;LINE_ROLE=construction;EDGE=construction_vertical;SOURCE_LAYER=11
0
LWPOLYLINE
8
AI4M_01_ATOM_INTERNAL
90
2
70
0
10
5453.493087
20
240
10
5445.437667
20
281.450691
1001
AI4MANUFACTURING
1000
WRITEBACK_PHASE=01_ATOM
1000
ENTITY_ID=line_1853
1000
SOURCE_HANDLE=
1000
LINE_ROLE=construction
1000
EDGE=construction_vertical
1000
CHAIN=
1000
PIECE_ID=
1000
SEAM_PAIR=
1000
PAIRED_CHAIN=
1000
NOTCH_CHAIN=
1000
NOTCH_SOURCE=
1000
PIECE_ROLE=unknown
1000
SEAM_ALLOWANCE_MM=
1000
SOURCE_LAYER=11
0
TEXT
8
AI4M_01_ATOM_INTERNAL
10
5453.493087
20
240
30
0
40
2.5
1
AI4M_line_1853_construction_construction_vertical
1001
AI4MANUFACTURING
1000
WRITEBACK_PHASE=01_ATOM_LABEL
1000
ENTITY_ID=line_1853
999
AI4M_ENTITY=line_1858__seg_01;LINE_ROLE=construction;EDGE=construction_horizontal;SOURCE_LAYER=11
0
LWPOLYLINE
8
AI4M_01_ATOM_INTERNAL
90
7
70
0
10
5445.437667
20
281.450691
10
5460.954556999999
20
281.450691
10
5476.090356999999
20
281.450691
10
5476.090849
20
281.450691
10
5476.092269
20
281.450691
10
5491.54569
20
281.450691
10
5506.744735
20
281.450691
1001
AI4MANUFACTURING
1000
WRITEBACK_PHASE=01_ATOM
1000
ENTITY_ID=line_1858__seg_01
1000
SOURCE_HANDLE=
1000
LINE_ROLE=construction
1000
EDGE=construction_horizontal
1000
CHAIN=
1000
PIECE_ID=
1000
SEAM_PAIR=
1000
PAIRED_CHAIN=
1000
NOTCH_CHAIN=
1000
NOTCH_SOURCE=
1000
PIECE_ROLE=unknown
1000
SEAM_ALLOWANCE_MM=
1000
SOURCE_LAYER=11
0
TEXT
8
AI4M_01_ATOM_INTERNAL
10
5445.437667
20
281.450691
30
0
40
2.5
1
AI4M_line_1858__seg_01_construction_construction_horizontal
1001
AI4MANUFACTURING
1000
WRITEBACK_PHASE=01_ATOM_LABEL
1000
ENTITY_ID=line_1858__seg_01
999
AI4M_ENTITY=line_1872__seg_01;LINE_ROLE=construction;EDGE=construction_horizontal;SOURCE_LAYER=11
0
LWPOLYLINE
8
AI4M_01_ATOM_INTERNAL
90
6
70
0
10
5506.744735
20
281.450691
10
5523.143219
20
281.450691
10
5538.409315
20
281.450691
10
5553.794594999999
20
281.450691
10
5569.144996999999
20
281.450691
10
5580.000045
20
281.450691
1001
AI4MANUFACTURING
1000
WRITEBACK_PHASE=01_ATOM
1000
ENTITY_ID=line_1872__seg_01
1000
SOURCE_HANDLE=
1000
LINE_ROLE=construction
1000
EDGE=construction_horizontal
1000
CHAIN=
1000
PIECE_ID=
1000
SEAM_PAIR=
1000
PAIRED_CHAIN=
1000
NOTCH_CHAIN=
1000
NOTCH_SOURCE=
1000
PIECE_ROLE=unknown
1000
SEAM_ALLOWANCE_MM=
1000
SOURCE_LAYER=11
0
TEXT
8
AI4M_01_ATOM_INTERNAL
10
5506.744735
20
281.450691
30
0
40
2.5
1
AI4M_line_1872__seg_01_construction_construction_horizontal
1001
AI4MANUFACTURING
1000
WRITEBACK_PHASE=01_ATOM_LABEL
1000
ENTITY_ID=line_1872__seg_01
999
AI4M_ENTITY=line_1881__seg_01;LINE_ROLE=construction;EDGE=construction_horizontal;SOURCE_LAYER=11
0
LWPOLYLINE
8
AI4M_01_ATOM_INTERNAL
90
6
70
0
10
5580.000045
20
281.450691
10
5595.874796
20
281.450691
10
5610.994692
20
281.450691
10
5626.403907
20
281.450691
10
5641.299783
20
281.450691
10
5653.25566
20
281.450691
1001
AI4MANUFACTURING
1000
WRITEBACK_PHASE=01_ATOM
1000
ENTITY_ID=line_1881__seg_01
1000
SOURCE_HANDLE=
1000
LINE_ROLE=construction
1000
EDGE=construction_horizontal
1000
CHAIN=
1000
PIECE_ID=
1000
SEAM_PAIR=
1000
PAIRED_CHAIN=
1000
NOTCH_CHAIN=
1000
NOTCH_SOURCE=
1000
PIECE_ROLE=unknown
1000
SEAM_ALLOWANCE_MM=
1000
SOURCE_LAYER=11
0
TEXT
8
AI4M_01_ATOM_INTERNAL
10
5580.000045
20
281.450691
30
0
40
2.5
1
AI4M_line_1881__seg_01_construction_construction_horizontal
1001
AI4MANUFACTURING
1000
WRITEBACK_PHASE=01_ATOM_LABEL
1000
ENTITY_ID=line_1881__seg_01
999
AI4M_ENTITY=line_1890__seg_01;LINE_ROLE=construction;EDGE=construction_horizontal;SOURCE_LAYER=11
0
LWPOLYLINE
8
AI4M_01_ATOM_INTERNAL
90
5
70
0
10
5653.25566
20
281.450691
10
5668.885190999999
20
281.450691
10
5684.649504999999
20
281.450691
10
5699.961508
20
281.450691
10
5714.562422999999
20
281.450691
1001
AI4MANUFACTURING
1000
WRITEBACK_PHASE=01_ATOM
1000
ENTITY_ID=line_1890__seg_01
1000
SOURCE_HANDLE=
1000
LINE_ROLE=construction
1000
EDGE=construction_horizontal
1000
CHAIN=
1000
PIECE_ID=
1000
SEAM_PAIR=
1000
PAIRED_CHAIN=
1000
NOTCH_CHAIN=
1000
NOTCH_SOURCE=
1000
PIECE_ROLE=unknown
1000
SEAM_ALLOWANCE_MM=
1000
SOURCE_LAYER=11
0
TEXT
8
AI4M_01_ATOM_INTERNAL
10
5653.25566
20
281.450691
30
0
40
2.5
1
AI4M_line_1890__seg_01_construction_construction_horizontal
1001
AI4MANUFACTURING
1000
WRITEBACK_PHASE=01_ATOM_LABEL
1000
ENTITY_ID=line_1890__seg_01
999
AI4M_ENTITY=line_1898;LINE_ROLE=construction;EDGE=construction_vertical;SOURCE_LAYER=11
0
LWPOLYLINE
8
AI4M_01_ATOM_INTERNAL
90
2
70
0
10
5714.562422999999
20
281.450691
10
5706.507003
20
240
1001
AI4MANUFACTURING
1000
WRITEBACK_PHASE=01_ATOM
1000
ENTITY_ID=line_1898
1000
SOURCE_HANDLE=
1000
LINE_ROLE=construction
1000
EDGE=construction_vertical
1000
CHAIN=
1000
PIECE_ID=
1000
SEAM_PAIR=
1000
PAIRED_CHAIN=
1000
NOTCH_CHAIN=
1000
NOTCH_SOURCE=
1000
PIECE_ROLE=unknown
1000
SEAM_ALLOWANCE_MM=
1000
SOURCE_LAYER=11
0
TEXT
8
AI4M_01_ATOM_INTERNAL
10
5714.562422999999
20
281.450691
30
0
40
2.5
1
AI4M_line_1898_construction_construction_vertical
1001
AI4MANUFACTURING
1000
WRITEBACK_PHASE=01_ATOM_LABEL
1000
ENTITY_ID=line_1898
999
AI4M_ENTITY=line_1903;LINE_ROLE=construction;EDGE=construction_vertical;SOURCE_LAYER=11
0
LWPOLYLINE
8
AI4M_01_ATOM_INTERNAL
90
2
70
0
10
5706.507003
20
240
10
5714.562422999999
20
198.549318
1001
AI4MANUFACTURING
1000
WRITEBACK_PHASE=01_ATOM
1000
ENTITY_ID=line_1903
1000
SOURCE_HANDLE=
1000
LINE_ROLE=construction
1000
EDGE=construction_vertical
1000
CHAIN=
1000
PIECE_ID=
1000
SEAM_PAIR=
1000
PAIRED_CHAIN=
1000
NOTCH_CHAIN=
1000
NOTCH_SOURCE=
1000
PIECE_ROLE=unknown
1000
SEAM_ALLOWANCE_MM=
1000
SOURCE_LAYER=11
0
TEXT
8
AI4M_01_ATOM_INTERNAL
10
5706.507003
20
240
30
0
40
2.5
1
AI4M_line_1903_construction_construction_vertical
1001
AI4MANUFACTURING
1000
WRITEBACK_PHASE=01_ATOM_LABEL
1000
ENTITY_ID=line_1903
999
AI4M_ENTITY=line_1908__seg_01;LINE_ROLE=construction;EDGE=construction_horizontal;SOURCE_LAYER=11
0
LWPOLYLINE
8
AI4M_01_ATOM_INTERNAL
90
7
70
0
10
5714.562422999999
20
198.549318
10
5702.502605
20
198.549318
10
5702.502485999999
20
198.549318
10
5698.725649
20
198.549318
10
5683.574006999999
20
198.549318
10
5668.351987
20
198.549318
10
5653.25566
20
198.549318
1001
AI4MANUFACTURING
1000
WRITEBACK_PHASE=01_ATOM
1000
ENTITY_ID=line_1908__seg_01
1000
SOURCE_HANDLE=
1000
LINE_ROLE=construction
1000
EDGE=construction_horizontal
1000
CHAIN=
1000
PIECE_ID=
1000
SEAM_PAIR=
1000
PAIRED_CHAIN=
1000
NOTCH_CHAIN=
1000
NOTCH_SOURCE=
1000
PIECE_ROLE=unknown
1000
SEAM_ALLOWANCE_MM=
1000
SOURCE_LAYER=11
0
TEXT
8
AI4M_01_ATOM_INTERNAL
10
5714.562422999999
20
198.549318
30
0
40
2.5
1
AI4M_line_1908__seg_01_construction_construction_horizontal
1001
AI4MANUFACTURING
1000
WRITEBACK_PHASE=01_ATOM_LABEL
1000
ENTITY_ID=line_1908__seg_01
999
AI4M_ENTITY=line_1925__seg_01;LINE_ROLE=construction;EDGE=construction_horizontal;SOURCE_LAYER=11
0
LWPOLYLINE
8
AI4M_01_ATOM_INTERNAL
90
6
70
0
10
5653.25566
20
198.549318
10
5637.196786
20
198.549318
10
5621.924188999999
20
198.549318
10
5606.109850999999
20
198.549318
10
5590.879813
20
198.549318
10
5580.000045
20
198.549318
1001
AI4MANUFACTURING
1000
WRITEBACK_PHASE=01_ATOM
1000
ENTITY_ID=line_1925__seg_01
1000
SOURCE_HANDLE=
1000
LINE_ROLE=construction
1000
EDGE=construction_horizontal
1000
CHAIN=
1000
PIECE_ID=
1000
SEAM_PAIR=
1000
PAIRED_CHAIN=
1000
NOTCH_CHAIN=
1000
NOTCH_SOURCE=
1000
PIECE_ROLE=unknown
1000
SEAM_ALLOWANCE_MM=
1000
SOURCE_LAYER=11
0
TEXT
8
AI4M_01_ATOM_INTERNAL
10
5653.25566
20
198.549318
30
0
40
2.5
1
AI4M_line_1925__seg_01_construction_construction_horizontal
1001
AI4MANUFACTURING
1000
WRITEBACK_PHASE=01_ATOM_LABEL
1000
ENTITY_ID=line_1925__seg_01
999
AI4M_ENTITY=line_1937__seg_01;LINE_ROLE=construction;EDGE=construction_horizontal;SOURCE_LAYER=11
0
LWPOLYLINE
8
AI4M_01_ATOM_INTERNAL
90
6
70
0
10
5580.000045
20
198.549318
10
5563.772408
20
198.549318
10
5548.390735999999
20
198.549318
10
5532.521244
20
198.549318
10
5517.514195
20
198.549318
10
5506.744735
20
198.549318
1001
AI4MANUFACTURING
1000
WRITEBACK_PHASE=01_ATOM
1000
ENTITY_ID=line_1937__seg_01
1000
SOURCE_HANDLE=
1000
LINE_ROLE=construction
1000
EDGE=construction_horizontal
1000
CHAIN=
1000
PIECE_ID=
1000
SEAM_PAIR=
1000
PAIRED_CHAIN=
1000
NOTCH_CHAIN=
1000
NOTCH_SOURCE=
1000
PIECE_ROLE=unknown
1000
SEAM_ALLOWANCE_MM=
1000
SOURCE_LAYER=11
0
TEXT
8
AI4M_01_ATOM_INTERNAL
10
5580.000045
20
198.549318
30
0
40
2.5
1
AI4M_line_1937__seg_01_construction_construction_horizontal
1001
AI4MANUFACTURING
1000
WRITEBACK_PHASE=01_ATOM_LABEL
1000
ENTITY_ID=line_1937__seg_01
999
AI4M_ENTITY=line_1946;LINE_ROLE=construction;EDGE=construction_horizontal;SOURCE_LAYER=11
0
LWPOLYLINE
8
AI4M_01_ATOM_INTERNAL
90
2
70
0
10
5653.256576
20
240
10
5580.000045
20
240
1001
AI4MANUFACTURING
1000
WRITEBACK_PHASE=01_ATOM
1000
ENTITY_ID=line_1946
1000
SOURCE_HANDLE=
1000
LINE_ROLE=construction
1000
EDGE=construction_horizontal
1000
CHAIN=
1000
PIECE_ID=
1000
SEAM_PAIR=
1000
PAIRED_CHAIN=
1000
NOTCH_CHAIN=
1000
NOTCH_SOURCE=
1000
PIECE_ROLE=unknown
1000
SEAM_ALLOWANCE_MM=
1000
SOURCE_LAYER=11
0
TEXT
8
AI4M_01_ATOM_INTERNAL
10
5653.256576
20
240
30
0
40
2.5
1
AI4M_line_1946_construction_construction_horizontal
1001
AI4MANUFACTURING
1000
WRITEBACK_PHASE=01_ATOM_LABEL
1000
ENTITY_ID=line_1946
999
AI4M_ENTITY=line_1951__seg_01;LINE_ROLE=construction;EDGE=construction_horizontal;SOURCE_LAYER=11
0
LWPOLYLINE
8
AI4M_01_ATOM_INTERNAL
90
6
70
0
10
5580.000045
20
240
10
5563.989121
20
240
10
5548.74784
20
240
10
5532.94987
20
240
10
5517.438774
20
240
10
5506.744735
20
240
1001
AI4MANUFACTURING
1000
WRITEBACK_PHASE=01_ATOM
1000
ENTITY_ID=line_1951__seg_01
1000
SOURCE_HANDLE=
1000
LINE_ROLE=construction
1000
EDGE=construction_horizontal
1000
CHAIN=
1000
PIECE_ID=
1000
SEAM_PAIR=
1000
PAIRED_CHAIN=
1000
NOTCH_CHAIN=
1000
NOTCH_SOURCE=
1000
PIECE_ROLE=unknown
1000
SEAM_ALLOWANCE_MM=
1000
SOURCE_LAYER=11
0
TEXT
8
AI4M_01_ATOM_INTERNAL
10
5580.000045
20
240
30
0
40
2.5
1
AI4M_line_1951__seg_01_construction_construction_horizontal
1001
AI4MANUFACTURING
1000
WRITEBACK_PHASE=01_ATOM_LABEL
1000
ENTITY_ID=line_1951__seg_01
999
AI4M_ENTITY=line_1960__seg_01;LINE_ROLE=construction;EDGE=construction_horizontal;SOURCE_LAYER=11
0
LWPOLYLINE
8
AI4M_01_ATOM_INTERNAL
90
5
70
0
10
5506.744735
20
240
10
5490.935412999999
20
240
10
5475.586689
20
240
10
5460.455671
20
240
10
5453.493087
20
240
1001
AI4MANUFACTURING
1000
WRITEBACK_PHASE=01_ATOM
1000
ENTITY_ID=line_1960__seg_01
1000
SOURCE_HANDLE=
1000
LINE_ROLE=construction
1000
EDGE=construction_horizontal
1000
CHAIN=
1000
PIECE_ID=
1000
SEAM_PAIR=
1000
PAIRED_CHAIN=
1000
NOTCH_CHAIN=
1000
NOTCH_SOURCE=
1000
PIECE_ROLE=unknown
1000
SEAM_ALLOWANCE_MM=
1000
SOURCE_LAYER=11
0
TEXT
8
AI4M_01_ATOM_INTERNAL
10
5506.744735
20
240
30
0
40
2.5
1
AI4M_line_1960__seg_01_construction_construction_horizontal
1001
AI4MANUFACTURING
1000
WRITEBACK_PHASE=01_ATOM_LABEL
1000
ENTITY_ID=line_1960__seg_01
999
AI4M_ENTITY=line_1968__seg_01;LINE_ROLE=construction;EDGE=construction_horizontal;SOURCE_LAYER=11
0
LWPOLYLINE
8
AI4M_01_ATOM_INTERNAL
90
5
70
0
10
5653.25566
20
240
10
5669.064838
20
240
10
5684.413468
20
240
10
5699.544432
20
240
10
5706.507003
20
240
1001
AI4MANUFACTURING
1000
WRITEBACK_PHASE=01_ATOM
1000
ENTITY_ID=line_1968__seg_01
1000
SOURCE_HANDLE=
1000
LINE_ROLE=construction
1000
EDGE=construction_horizontal
1000
CHAIN=
1000
PIECE_ID=
1000
SEAM_PAIR=
1000
PAIRED_CHAIN=
1000
NOTCH_CHAIN=
1000
NOTCH_SOURCE=
1000
PIECE_ROLE=unknown
1000
SEAM_ALLOWANCE_MM=
1000
SOURCE_LAYER=11
0
TEXT
8
AI4M_01_ATOM_INTERNAL
10
5653.25566
20
240
30
0
40
2.5
1
AI4M_line_1968__seg_01_construction_construction_horizontal
1001
AI4MANUFACTURING
1000
WRITEBACK_PHASE=01_ATOM_LABEL
1000
ENTITY_ID=line_1968__seg_01
999
AI4M_ENTITY=line_2170__seg_01;LINE_ROLE=construction;EDGE=construction_horizontal;SOURCE_LAYER=11
0
LWPOLYLINE
8
AI4M_01_ATOM_INTERNAL
90
6
70
0
10
4813.0777689999995
20
198.549072
10
4797.122106
20
198.549072
10
4781.458268
20
198.549072
10
4765.9111809999995
20
198.549072
10
4750.941280999999
20
198.549072
10
4740.7640790000005
20
198.549072
1001
AI4MANUFACTURING
1000
WRITEBACK_PHASE=01_ATOM
1000
ENTITY_ID=line_2170__seg_01
1000
SOURCE_HANDLE=
1000
LINE_ROLE=construction
1000
EDGE=construction_horizontal
1000
CHAIN=
1000
PIECE_ID=
1000
SEAM_PAIR=
1000
PAIRED_CHAIN=
1000
NOTCH_CHAIN=
1000
NOTCH_SOURCE=
1000
PIECE_ROLE=unknown
1000
SEAM_ALLOWANCE_MM=
1000
SOURCE_LAYER=11
0
TEXT
8
AI4M_01_ATOM_INTERNAL
10
4813.0777689999995
20
198.549072
30
0
40
2.5
1
AI4M_line_2170__seg_01_construction_construction_horizontal
1001
AI4MANUFACTURING
1000
WRITEBACK_PHASE=01_ATOM_LABEL
1000
ENTITY_ID=line_2170__seg_01
999
AI4M_ENTITY=line_2185__seg_01;LINE_ROLE=construction;EDGE=construction_horizontal;SOURCE_LAYER=11
0
LWPOLYLINE
8
AI4M_01_ATOM_INTERNAL
90
6
70
0
10
4740.7640790000005
20
198.549072
10
4724.73402
20
198.549072
10
4709.019971
20
198.549072
10
4693.447204
20
198.549072
10
4678.175386999999
20
198.549072
10
4668.453288
20
198.549072
1001
AI4MANUFACTURING
1000
WRITEBACK_PHASE=01_ATOM
1000
ENTITY_ID=line_2185__seg_01
1000
SOURCE_HANDLE=
1000
LINE_ROLE=construction
1000
EDGE=construction_horizontal
1000
CHAIN=
1000
PIECE_ID=
1000
SEAM_PAIR=
1000
PAIRED_CHAIN=
1000
NOTCH_CHAIN=
1000
NOTCH_SOURCE=
1000
PIECE_ROLE=unknown
1000
SEAM_ALLOWANCE_MM=
1000
SOURCE_LAYER=11
0
TEXT
8
AI4M_01_ATOM_INTERNAL
10
4740.7640790000005
20
198.549072
30
0
40
2.5
1
AI4M_line_2185__seg_01_construction_construction_horizontal
1001
AI4MANUFACTURING
1000
WRITEBACK_PHASE=01_ATOM_LABEL
1000
ENTITY_ID=line_2185__seg_01
999
AI4M_ENTITY=line_2197__seg_01;LINE_ROLE=construction;EDGE=construction_horizontal;SOURCE_LAYER=11
0
LWPOLYLINE
8
AI4M_01_ATOM_INTERNAL
90
10
70
0
10
4668.453288
20
198.549072
10
4652.966318
20
198.549072
10
4637.722229999999
20
198.549072
10
4633.910537
20
198.549072
10
4633.910136
20
198.549072
10
4622.362821999999
20
198.549072
10
4611.433177
20
198.549072
10
4611.432245
20
198.549072
10
4607.18463
20
198.549072
10
4599.372325
20
198.549072
1001
AI4MANUFACTURING
1000
WRITEBACK_PHASE=01_ATOM
1000
ENTITY_ID=line_2197__seg_01
1000
SOURCE_HANDLE=
1000
LINE_ROLE=construction
1000
EDGE=construction_horizontal
1000
CHAIN=
1000
PIECE_ID=
1000
SEAM_PAIR=
1000
PAIRED_CHAIN=
1000
NOTCH_CHAIN=
1000
NOTCH_SOURCE=
1000
PIECE_ROLE=unknown
1000
SEAM_ALLOWANCE_MM=
1000
SOURCE_LAYER=11
0
TEXT
8
AI4M_01_ATOM_INTERNAL
10
4668.453288
20
198.549072
30
0
40
2.5
1
AI4M_line_2197__seg_01_construction_construction_horizontal
1001
AI4MANUFACTURING
1000
WRITEBACK_PHASE=01_ATOM_LABEL
1000
ENTITY_ID=line_2197__seg_01
999
AI4M_ENTITY=line_2218;LINE_ROLE=construction;EDGE=construction_vertical;SOURCE_LAYER=11
0
LWPOLYLINE
8
AI4M_01_ATOM_INTERNAL
90
2
70
0
10
4599.372325
20
198.549072
10
4607.427897
20
240.000002
1001
AI4MANUFACTURING
1000
WRITEBACK_PHASE=01_ATOM
1000
ENTITY_ID=line_2218
1000
SOURCE_HANDLE=
1000
LINE_ROLE=construction
1000
EDGE=construction_vertical
1000
CHAIN=
1000
PIECE_ID=
1000
SEAM_PAIR=
1000
PAIRED_CHAIN=
1000
NOTCH_CHAIN=
1000
NOTCH_SOURCE=
1000
PIECE_ROLE=unknown
1000
SEAM_ALLOWANCE_MM=
1000
SOURCE_LAYER=11
0
TEXT
8
AI4M_01_ATOM_INTERNAL
10
4599.372325
20
198.549072
30
0
40
2.5
1
AI4M_line_2218_construction_construction_vertical
1001
AI4MANUFACTURING
1000
WRITEBACK_PHASE=01_ATOM_LABEL
1000
ENTITY_ID=line_2218
999
AI4M_ENTITY=line_2223;LINE_ROLE=construction;EDGE=construction_vertical;SOURCE_LAYER=11
0
LWPOLYLINE
8
AI4M_01_ATOM_INTERNAL
90
2
70
0
10
4607.427897
20
240.000002
10
4599.372325
20
281.450922
1001
AI4MANUFACTURING
1000
WRITEBACK_PHASE=01_ATOM
1000
ENTITY_ID=line_2223
1000
SOURCE_HANDLE=
1000
LINE_ROLE=construction
1000
EDGE=construction_vertical
1000
CHAIN=
1000
PIECE_ID=
1000
SEAM_PAIR=
1000
PAIRED_CHAIN=
1000
NOTCH_CHAIN=
1000
NOTCH_SOURCE=
1000
PIECE_ROLE=unknown
1000
SEAM_ALLOWANCE_MM=
1000
SOURCE_LAYER=11
0
TEXT
8
AI4M_01_ATOM_INTERNAL
10
4607.427897
20
240.000002
30
0
40
2.5
1
AI4M_line_2223_construction_construction_vertical
1001
AI4MANUFACTURING
1000
WRITEBACK_PHASE=01_ATOM_LABEL
1000
ENTITY_ID=line_2223
999
AI4M_ENTITY=line_2228__seg_01;LINE_ROLE=construction;EDGE=construction_horizontal;SOURCE_LAYER=11
0
LWPOLYLINE
8
AI4M_01_ATOM_INTERNAL
90
8
70
0
10
4599.372325
20
281.450922
10
4614.921786999999
20
281.450922
10
4630.173210999999
20
281.450922
10
4633.910603
20
281.450922
10
4633.910746
20
281.450922
10
4645.585644
20
281.450922
10
4660.693304
20
281.450922
10
4668.453288
20
281.450922
1001
AI4MANUFACTURING
1000
WRITEBACK_PHASE=01_ATOM
1000
ENTITY_ID=line_2228__seg_01
1000
SOURCE_HANDLE=
1000
LINE_ROLE=construction
1000
EDGE=construction_horizontal
1000
CHAIN=
1000
PIECE_ID=
1000
SEAM_PAIR=
1000
PAIRED_CHAIN=
1000
NOTCH_CHAIN=
1000
NOTCH_SOURCE=
1000
PIECE_ROLE=unknown
1000
SEAM_ALLOWANCE_MM=
1000
SOURCE_LAYER=11
0
TEXT
8
AI4M_01_ATOM_INTERNAL
10
4599.372325
20
281.450922
30
0
40
2.5
1
AI4M_line_2228__seg_01_construction_construction_horizontal
1001
AI4MANUFACTURING
1000
WRITEBACK_PHASE=01_ATOM_LABEL
1000
ENTITY_ID=line_2228__seg_01
999
AI4M_ENTITY=line_2243__seg_01;LINE_ROLE=construction;EDGE=construction_horizontal;SOURCE_LAYER=11
0
LWPOLYLINE
8
AI4M_01_ATOM_INTERNAL
90
6
70
0
10
4668.453288
20
281.450922
10
4684.992260999999
20
281.450922
10
4700.535465
20
281.450922
10
4715.475476
20
281.450922
10
4730.780556
20
281.450922
10
4740.7640790000005
20
281.450922
1001
AI4MANUFACTURING
1000
WRITEBACK_PHASE=01_ATOM
1000
ENTITY_ID=line_2243__seg_01
1000
SOURCE_HANDLE=
1000
LINE_ROLE=construction
1000
EDGE=construction_horizontal
1000
CHAIN=
1000
PIECE_ID=
1000
SEAM_PAIR=
1000
PAIRED_CHAIN=
1000
NOTCH_CHAIN=
1000
NOTCH_SOURCE=
1000
PIECE_ROLE=unknown
1000
SEAM_ALLOWANCE_MM=
1000
SOURCE_LAYER=11
0
TEXT
8
AI4M_01_ATOM_INTERNAL
10
4668.453288
20
281.450922
30
0
40
2.5
1
AI4M_line_2243__seg_01_construction_construction_horizontal
1001
AI4MANUFACTURING
1000
WRITEBACK_PHASE=01_ATOM_LABEL
1000
ENTITY_ID=line_2243__seg_01
999
AI4M_ENTITY=line_2252__seg_01;LINE_ROLE=construction;EDGE=construction_horizontal;SOURCE_LAYER=11
0
LWPOLYLINE
8
AI4M_01_ATOM_INTERNAL
90
6
70
0
10
4740.7640790000005
20
281.450922
10
4756.615602
20
281.450922
10
4771.7127629999995
20
281.450922
10
4786.754156
20
281.450922
10
4801.785653
20
281.450922
10
4813.0777689999995
20
281.450922
1001
AI4MANUFACTURING
1000
WRITEBACK_PHASE=01_ATOM
1000
ENTITY_ID=line_2252__seg_01
1000
SOURCE_HANDLE=
1000
LINE_ROLE=construction
1000
EDGE=construction_horizontal
1000
CHAIN=
1000
PIECE_ID=
1000
SEAM_PAIR=
1000
PAIRED_CHAIN=
1000
NOTCH_CHAIN=
1000
NOTCH_SOURCE=
1000
PIECE_ROLE=unknown
1000
SEAM_ALLOWANCE_MM=
1000
SOURCE_LAYER=11
0
TEXT
8
AI4M_01_ATOM_INTERNAL
10
4740.7640790000005
20
281.450922
30
0
40
2.5
1
AI4M_line_2252__seg_01_construction_construction_horizontal
1001
AI4MANUFACTURING
1000
WRITEBACK_PHASE=01_ATOM_LABEL
1000
ENTITY_ID=line_2252__seg_01
999
AI4M_ENTITY=line_2261__seg_01;LINE_ROLE=construction;EDGE=construction_horizontal;SOURCE_LAYER=11
0
LWPOLYLINE
8
AI4M_01_ATOM_INTERNAL
90
6
70
0
10
4813.0777689999995
20
281.450922
10
4828.704586
20
281.450922
10
4844.420568
20
281.450922
10
4860.116188
20
281.450922
10
4875.347401
20
281.450922
10
4882.156138
20
281.450922
1001
AI4MANUFACTURING
1000
WRITEBACK_PHASE=01_ATOM
1000
ENTITY_ID=line_2261__seg_01
1000
SOURCE_HANDLE=
1000
LINE_ROLE=construction
1000
EDGE=construction_horizontal
1000
CHAIN=
1000
PIECE_ID=
1000
SEAM_PAIR=
1000
PAIRED_CHAIN=
1000
NOTCH_CHAIN=
1000
NOTCH_SOURCE=
1000
PIECE_ROLE=unknown
1000
SEAM_ALLOWANCE_MM=
1000
SOURCE_LAYER=11
0
TEXT
8
AI4M_01_ATOM_INTERNAL
10
4813.0777689999995
20
281.450922
30
0
40
2.5
1
AI4M_line_2261__seg_01_construction_construction_horizontal
1001
AI4MANUFACTURING
1000
WRITEBACK_PHASE=01_ATOM_LABEL
1000
ENTITY_ID=line_2261__seg_01
999
AI4M_ENTITY=line_2270;LINE_ROLE=construction;EDGE=construction_vertical;SOURCE_LAYER=11
0
LWPOLYLINE
8
AI4M_01_ATOM_INTERNAL
90
2
70
0
10
4882.156138
20
281.450922
10
4874.100413
20
240.000002
1001
AI4MANUFACTURING
1000
WRITEBACK_PHASE=01_ATOM
1000
ENTITY_ID=line_2270
1000
SOURCE_HANDLE=
1000
LINE_ROLE=construction
1000
EDGE=construction_vertical
1000
CHAIN=
1000
PIECE_ID=
1000
SEAM_PAIR=
1000
PAIRED_CHAIN=
1000
NOTCH_CHAIN=
1000
NOTCH_SOURCE=
1000
PIECE_ROLE=unknown
1000
SEAM_ALLOWANCE_MM=
1000
SOURCE_LAYER=11
0
TEXT
8
AI4M_01_ATOM_INTERNAL
10
4882.156138
20
281.450922
30
0
40
2.5
1
AI4M_line_2270_construction_construction_vertical
1001
AI4MANUFACTURING
1000
WRITEBACK_PHASE=01_ATOM_LABEL
1000
ENTITY_ID=line_2270
999
AI4M_ENTITY=line_2275;LINE_ROLE=construction;EDGE=construction_vertical;SOURCE_LAYER=11
0
LWPOLYLINE
8
AI4M_01_ATOM_INTERNAL
90
2
70
0
10
4874.100413
20
240.000002
10
4882.156138
20
198.549072
1001
AI4MANUFACTURING
1000
WRITEBACK_PHASE=01_ATOM
1000
ENTITY_ID=line_2275
1000
SOURCE_HANDLE=
1000
LINE_ROLE=construction
1000
EDGE=construction_vertical
1000
CHAIN=
1000
PIECE_ID=
1000
SEAM_PAIR=
1000
PAIRED_CHAIN=
1000
NOTCH_CHAIN=
1000
NOTCH_SOURCE=
1000
PIECE_ROLE=unknown
1000
SEAM_ALLOWANCE_MM=
1000
SOURCE_LAYER=11
0
TEXT
8
AI4M_01_ATOM_INTERNAL
10
4874.100413
20
240.000002
30
0
40
2.5
1
AI4M_line_2275_construction_construction_vertical
1001
AI4MANUFACTURING
1000
WRITEBACK_PHASE=01_ATOM_LABEL
1000
ENTITY_ID=line_2275
999
AI4M_ENTITY=line_2280__seg_01;LINE_ROLE=construction;EDGE=construction_horizontal;SOURCE_LAYER=11
0
LWPOLYLINE
8
AI4M_01_ATOM_INTERNAL
90
10
70
0
10
4882.156138
20
198.549072
10
4870.096159
20
198.549072
10
4870.095439
20
198.549072
10
4866.24703
20
198.549072
10
4850.850705999999
20
198.549072
10
4847.616900999999
20
198.549072
10
4847.616343
20
198.549072
10
4835.804647
20
198.549072
10
4820.763958
20
198.549072
10
4813.0777689999995
20
198.549072
1001
AI4MANUFACTURING
1000
WRITEBACK_PHASE=01_ATOM
1000
ENTITY_ID=line_2280__seg_01
1000
SOURCE_HANDLE=
1000
LINE_ROLE=construction
1000
EDGE=construction_horizontal
1000
CHAIN=
1000
PIECE_ID=
1000
SEAM_PAIR=
1000
PAIRED_CHAIN=
1000
NOTCH_CHAIN=
1000
NOTCH_SOURCE=
1000
PIECE_ROLE=unknown
1000
SEAM_ALLOWANCE_MM=
1000
SOURCE_LAYER=11
0
TEXT
8
AI4M_01_ATOM_INTERNAL
10
4882.156138
20
198.549072
30
0
40
2.5
1
AI4M_line_2280__seg_01_construction_construction_horizontal
1001
AI4MANUFACTURING
1000
WRITEBACK_PHASE=01_ATOM_LABEL
1000
ENTITY_ID=line_2280__seg_01
999
AI4M_ENTITY=line_2301__seg_01;LINE_ROLE=construction;EDGE=construction_horizontal;SOURCE_LAYER=11
0
LWPOLYLINE
8
AI4M_01_ATOM_INTERNAL
90
6
70
0
10
4668.453288
20
240.000002
10
4684.413366
20
240.000002
10
4700.080013
20
240.000002
10
4715.628264999999
20
240.000002
10
4730.567261
20
240.000002
10
4740.7640790000005
20
240.000002
1001
AI4MANUFACTURING
1000
WRITEBACK_PHASE=01_ATOM
1000
ENTITY_ID=line_2301__seg_01
1000
SOURCE_HANDLE=
1000
LINE_ROLE=construction
1000
EDGE=construction_horizontal
1000
CHAIN=
1000
PIECE_ID=
1000
SEAM_PAIR=
1000
PAIRED_CHAIN=
1000
NOTCH_CHAIN=
1000
NOTCH_SOURCE=
1000
PIECE_ROLE=unknown
1000
SEAM_ALLOWANCE_MM=
1000
SOURCE_LAYER=11
0
TEXT
8
AI4M_01_ATOM_INTERNAL
10
4668.453288
20
240.000002
30
0
40
2.5
1
AI4M_line_2301__seg_01_construction_construction_horizontal
1001
AI4MANUFACTURING
1000
WRITEBACK_PHASE=01_ATOM_LABEL
1000
ENTITY_ID=line_2301__seg_01
999
AI4M_ENTITY=line_2310__seg_01;LINE_ROLE=construction;EDGE=construction_horizontal;SOURCE_LAYER=11
0
LWPOLYLINE
8
AI4M_01_ATOM_INTERNAL
90
5
70
0
10
4813.0777689999995
20
240.000002
10
4828.634837
20
240.000002
10
4844.326069999999
20
240.000002
10
4859.567086
20
240.000002
10
4874.100413
20
240.000002
1001
AI4MANUFACTURING
1000
WRITEBACK_PHASE=01_ATOM
1000
ENTITY_ID=line_2310__seg_01
1000
SOURCE_HANDLE=
1000
LINE_ROLE=construction
1000
EDGE=construction_horizontal
1000
CHAIN=
1000
PIECE_ID=
1000
SEAM_PAIR=
1000
PAIRED_CHAIN=
1000
NOTCH_CHAIN=
1000
NOTCH_SOURCE=
1000
PIECE_ROLE=unknown
1000
SEAM_ALLOWANCE_MM=
1000
SOURCE_LAYER=11
0
TEXT
8
AI4M_01_ATOM_INTERNAL
10
4813.0777689999995
20
240.000002
30
0
40
2.5
1
AI4M_line_2310__seg_01_construction_construction_horizontal
1001
AI4MANUFACTURING
1000
WRITEBACK_PHASE=01_ATOM_LABEL
1000
ENTITY_ID=line_2310__seg_01
999
AI4M_ENTITY=line_2318;LINE_ROLE=construction;EDGE=construction_horizontal;SOURCE_LAYER=11
0
LWPOLYLINE
8
AI4M_01_ATOM_INTERNAL
90
2
70
0
10
4740.7640790000005
20
240.000002
10
4813.0777689999995
20
240.000002
1001
AI4MANUFACTURING
1000
WRITEBACK_PHASE=01_ATOM
1000
ENTITY_ID=line_2318
1000
SOURCE_HANDLE=
1000
LINE_ROLE=construction
1000
EDGE=construction_horizontal
1000
CHAIN=
1000
PIECE_ID=
1000
SEAM_PAIR=
1000
PAIRED_CHAIN=
1000
NOTCH_CHAIN=
1000
NOTCH_SOURCE=
1000
PIECE_ROLE=unknown
1000
SEAM_ALLOWANCE_MM=
1000
SOURCE_LAYER=11
0
TEXT
8
AI4M_01_ATOM_INTERNAL
10
4740.7640790000005
20
240.000002
30
0
40
2.5
1
AI4M_line_2318_construction_construction_horizontal
1001
AI4MANUFACTURING
1000
WRITEBACK_PHASE=01_ATOM_LABEL
1000
ENTITY_ID=line_2318
999
AI4M_ENTITY=line_2323__seg_01;LINE_ROLE=construction;EDGE=construction_horizontal;SOURCE_LAYER=11
0
LWPOLYLINE
8
AI4M_01_ATOM_INTERNAL
90
5
70
0
10
4668.450693999999
20
240.000002
10
4652.893516
20
240.000002
10
4637.202202
20
240.000002
10
4621.961131
20
240.000002
10
4607.427897
20
240.000002
1001
AI4MANUFACTURING
1000
WRITEBACK_PHASE=01_ATOM
1000
ENTITY_ID=line_2323__seg_01
1000
SOURCE_HANDLE=
1000
LINE_ROLE=construction
1000
EDGE=construction_horizontal
1000
CHAIN=
1000
PIECE_ID=
1000
SEAM_PAIR=
1000
PAIRED_CHAIN=
1000
NOTCH_CHAIN=
1000
NOTCH_SOURCE=
1000
PIECE_ROLE=unknown
1000
SEAM_ALLOWANCE_MM=
1000
SOURCE_LAYER=11
0
TEXT
8
AI4M_01_ATOM_INTERNAL
10
4668.450693999999
20
240.000002
30
0
40
2.5
1
AI4M_line_2323__seg_01_construction_construction_horizontal
1001
AI4MANUFACTURING
1000
WRITEBACK_PHASE=01_ATOM_LABEL
1000
ENTITY_ID=line_2323__seg_01
999
AI4M_ENTITY=line_2331;LINE_ROLE=construction;EDGE=construction_vertical;SOURCE_LAYER=11
0
LWPOLYLINE
8
AI4M_01_ATOM_INTERNAL
90
2
70
0
10
4717.922435
20
224.699223
10
4717.922435
20
214.38965
1001
AI4MANUFACTURING
1000
WRITEBACK_PHASE=01_ATOM
1000
ENTITY_ID=line_2331
1000
SOURCE_HANDLE=
1000
LINE_ROLE=construction
1000
EDGE=construction_vertical
1000
CHAIN=
1000
PIECE_ID=
1000
SEAM_PAIR=
1000
PAIRED_CHAIN=
1000
NOTCH_CHAIN=
1000
NOTCH_SOURCE=
1000
PIECE_ROLE=unknown
1000
SEAM_ALLOWANCE_MM=
1000
SOURCE_LAYER=11
0
TEXT
8
AI4M_01_ATOM_INTERNAL
10
4717.922435
20
224.699223
30
0
40
2.5
1
AI4M_line_2331_construction_construction_vertical
1001
AI4MANUFACTURING
1000
WRITEBACK_PHASE=01_ATOM_LABEL
1000
ENTITY_ID=line_2331
999
AI4M_ENTITY=line_2336;LINE_ROLE=construction;EDGE=construction_horizontal;SOURCE_LAYER=11
0
LWPOLYLINE
8
AI4M_01_ATOM_INTERNAL
90
2
70
0
10
4712.846903
20
219.54468
10
4722.998576
20
219.54468
1001
AI4MANUFACTURING
1000
WRITEBACK_PHASE=01_ATOM
1000
ENTITY_ID=line_2336
1000
SOURCE_HANDLE=
1000
LINE_ROLE=construction
1000
EDGE=construction_horizontal
1000
CHAIN=
1000
PIECE_ID=
1000
SEAM_PAIR=
1000
PAIRED_CHAIN=
1000
NOTCH_CHAIN=
1000
NOTCH_SOURCE=
1000
PIECE_ROLE=unknown
1000
SEAM_ALLOWANCE_MM=
1000
SOURCE_LAYER=11
0
TEXT
8
AI4M_01_ATOM_INTERNAL
10
4712.846903
20
219.54468
30
0
40
2.5
1
AI4M_line_2336_construction_construction_horizontal
1001
AI4MANUFACTURING
1000
WRITEBACK_PHASE=01_ATOM_LABEL
1000
ENTITY_ID=line_2336
999
AI4M_ENTITY=line_2341__seg_01;LINE_ROLE=construction;EDGE=construction_horizontal;SOURCE_LAYER=11
0
LWPOLYLINE
8
AI4M_01_ATOM_INTERNAL
90
2
70
0
10
4717.922435
20
214.38965
10
4719.312696999999
20
214.58864699999998
1001
AI4MANUFACTURING
1000
WRITEBACK_PHASE=01_ATOM
1000
ENTITY_ID=line_2341__seg_01
1000
SOURCE_HANDLE=
1000
LINE_ROLE=construction
1000
EDGE=construction_horizontal
1000
CHAIN=
1000
PIECE_ID=
1000
SEAM_PAIR=
1000
PAIRED_CHAIN=
1000
NOTCH_CHAIN=
1000
NOTCH_SOURCE=
1000
PIECE_ROLE=unknown
1000
SEAM_ALLOWANCE_MM=
1000
SOURCE_LAYER=11
0
TEXT
8
AI4M_01_ATOM_INTERNAL
10
4717.922435
20
214.38965
30
0
40
2.5
1
AI4M_line_2341__seg_01_construction_construction_horizontal
1001
AI4MANUFACTURING
1000
WRITEBACK_PHASE=01_ATOM_LABEL
1000
ENTITY_ID=line_2341__seg_01
999
AI4M_ENTITY=line_2341__seg_02;LINE_ROLE=construction;EDGE=construction_horizontal;SOURCE_LAYER=11
0
LWPOLYLINE
8
AI4M_01_ATOM_INTERNAL
90
2
70
0
10
4719.312696999999
20
214.58864699999998
10
4720.278397
20
214.975637
1001
AI4MANUFACTURING
1000
WRITEBACK_PHASE=01_ATOM
1000
ENTITY_ID=line_2341__seg_02
1000
SOURCE_HANDLE=
1000
LINE_ROLE=construction
1000
EDGE=construction_horizontal
1000
CHAIN=
1000
PIECE_ID=
1000
SEAM_PAIR=
1000
PAIRED_CHAIN=
1000
NOTCH_CHAIN=
1000
NOTCH_SOURCE=
1000
PIECE_ROLE=unknown
1000
SEAM_ALLOWANCE_MM=
1000
SOURCE_LAYER=11
0
TEXT
8
AI4M_01_ATOM_INTERNAL
10
4719.312696999999
20
214.58864699999998
30
0
40
2.5
1
AI4M_line_2341__seg_02_construction_construction_horizontal
1001
AI4MANUFACTURING
1000
WRITEBACK_PHASE=01_ATOM_LABEL
1000
ENTITY_ID=line_2341__seg_02
999
AI4M_ENTITY=line_2341__seg_03;LINE_ROLE=construction;EDGE=construction_horizontal;SOURCE_LAYER=11
0
LWPOLYLINE
8
AI4M_01_ATOM_INTERNAL
90
2
70
0
10
4720.278397
20
214.975637
10
4721.205725
20
215.614376
1001
AI4MANUFACTURING
1000
WRITEBACK_PHASE=01_ATOM
1000
ENTITY_ID=line_2341__seg_03
1000
SOURCE_HANDLE=
1000
LINE_ROLE=construction
1000
EDGE=construction_horizontal
1000
CHAIN=
1000
PIECE_ID=
1000
SEAM_PAIR=
1000
PAIRED_CHAIN=
1000
NOTCH_CHAIN=
1000
NOTCH_SOURCE=
1000
PIECE_ROLE=unknown
1000
SEAM_ALLOWANCE_MM=
1000
SOURCE_LAYER=11
0
TEXT
8
AI4M_01_ATOM_INTERNAL
10
4720.278397
20
214.975637
30
0
40
2.5
1
AI4M_line_2341__seg_03_construction_construction_horizontal
1001
AI4MANUFACTURING
1000
WRITEBACK_PHASE=01_ATOM_LABEL
1000
ENTITY_ID=line_2341__seg_03
999
AI4M_ENTITY=line_2341__seg_04;LINE_ROLE=construction;EDGE=construction_vertical;SOURCE_LAYER=11
0
LWPOLYLINE
8
AI4M_01_ATOM_INTERNAL
90
2
70
0
10
4721.205725
20
215.614376
10
4721.975769
20
216.440769
1001
AI4MANUFACTURING
1000
WRITEBACK_PHASE=01_ATOM
1000
ENTITY_ID=line_2341__seg_04
1000
SOURCE_HANDLE=
1000
LINE_ROLE=construction
1000
EDGE=construction_vertical
1000
CHAIN=
1000
PIECE_ID=
1000
SEAM_PAIR=
1000
PAIRED_CHAIN=
1000
NOTCH_CHAIN=
1000
NOTCH_SOURCE=
1000
PIECE_ROLE=unknown
1000
SEAM_ALLOWANCE_MM=
1000
SOURCE_LAYER=11
0
TEXT
8
AI4M_01_ATOM_INTERNAL
10
4721.205725
20
215.614376
30
0
40
2.5
1
AI4M_line_2341__seg_04_construction_construction_vertical
1001
AI4MANUFACTURING
1000
WRITEBACK_PHASE=01_ATOM_LABEL
1000
ENTITY_ID=line_2341__seg_04
999
AI4M_ENTITY=line_2341__seg_05;LINE_ROLE=construction;EDGE=construction_vertical;SOURCE_LAYER=11
0
LWPOLYLINE
8
AI4M_01_ATOM_INTERNAL
90
2
70
0
10
4721.975769
20
216.440769
10
4722.543274
20
217.410091
1001
AI4MANUFACTURING
1000
WRITEBACK_PHASE=01_ATOM
1000
ENTITY_ID=line_2341__seg_05
1000
SOURCE_HANDLE=
1000
LINE_ROLE=construction
1000
EDGE=construction_vertical
1000
CHAIN=
1000
PIECE_ID=
1000
SEAM_PAIR=
1000
PAIRED_CHAIN=
1000
NOTCH_CHAIN=
1000
NOTCH_SOURCE=
1000
PIECE_ROLE=unknown
1000
SEAM_ALLOWANCE_MM=
1000
SOURCE_LAYER=11
0
TEXT
8
AI4M_01_ATOM_INTERNAL
10
4721.975769
20
216.440769
30
0
40
2.5
1
AI4M_line_2341__seg_05_construction_construction_vertical
1001
AI4MANUFACTURING
1000
WRITEBACK_PHASE=01_ATOM_LABEL
1000
ENTITY_ID=line_2341__seg_05
999
AI4M_ENTITY=line_2341__seg_06;LINE_ROLE=construction;EDGE=construction_vertical;SOURCE_LAYER=11
0
LWPOLYLINE
8
AI4M_01_ATOM_INTERNAL
90
2
70
0
10
4722.543274
20
217.410091
10
4722.890765
20
218.489767
1001
AI4MANUFACTURING
1000
WRITEBACK_PHASE=01_ATOM
1000
ENTITY_ID=line_2341__seg_06
1000
SOURCE_HANDLE=
1000
LINE_ROLE=construction
1000
EDGE=construction_vertical
1000
CHAIN=
1000
PIECE_ID=
1000
SEAM_PAIR=
1000
PAIRED_CHAIN=
1000
NOTCH_CHAIN=
1000
NOTCH_SOURCE=
1000
PIECE_ROLE=unknown
1000
SEAM_ALLOWANCE_MM=
1000
SOURCE_LAYER=11
0
TEXT
8
AI4M_01_ATOM_INTERNAL
10
4722.543274
20
217.410091
30
0
40
2.5
1
AI4M_line_2341__seg_06_construction_construction_vertical
1001
AI4MANUFACTURING
1000
WRITEBACK_PHASE=01_ATOM_LABEL
1000
ENTITY_ID=line_2341__seg_06
999
AI4M_ENTITY=line_2341__seg_07;LINE_ROLE=construction;EDGE=construction_vertical;SOURCE_LAYER=11
0
LWPOLYLINE
8
AI4M_01_ATOM_INTERNAL
90
2
70
0
10
4722.890765
20
218.489767
10
4722.9974760000005
20
219.628758
1001
AI4MANUFACTURING
1000
WRITEBACK_PHASE=01_ATOM
1000
ENTITY_ID=line_2341__seg_07
1000
SOURCE_HANDLE=
1000
LINE_ROLE=construction
1000
EDGE=construction_vertical
1000
CHAIN=
1000
PIECE_ID=
1000
SEAM_PAIR=
1000
PAIRED_CHAIN=
1000
NOTCH_CHAIN=
1000
NOTCH_SOURCE=
1000
PIECE_ROLE=unknown
1000
SEAM_ALLOWANCE_MM=
1000
SOURCE_LAYER=11
0
TEXT
8
AI4M_01_ATOM_INTERNAL
10
4722.890765
20
218.489767
30
0
40
2.5
1
AI4M_line_2341__seg_07_construction_construction_vertical
1001
AI4MANUFACTURING
1000
WRITEBACK_PHASE=01_ATOM_LABEL
1000
ENTITY_ID=line_2341__seg_07
999
AI4M_ENTITY=line_2341__seg_08;LINE_ROLE=construction;EDGE=construction_vertical;SOURCE_LAYER=11
0
LWPOLYLINE
8
AI4M_01_ATOM_INTERNAL
90
2
70
0
10
4722.9974760000005
20
219.628758
10
4722.8591639999995
20
220.743587
1001
AI4MANUFACTURING
1000
WRITEBACK_PHASE=01_ATOM
1000
ENTITY_ID=line_2341__seg_08
1000
SOURCE_HANDLE=
1000
LINE_ROLE=construction
1000
EDGE=construction_vertical
1000
CHAIN=
1000
PIECE_ID=
1000
SEAM_PAIR=
1000
PAIRED_CHAIN=
1000
NOTCH_CHAIN=
1000
NOTCH_SOURCE=
1000
PIECE_ROLE=unknown
1000
SEAM_ALLOWANCE_MM=
1000
SOURCE_LAYER=11
0
TEXT
8
AI4M_01_ATOM_INTERNAL
10
4722.9974760000005
20
219.628758
30
0
40
2.5
1
AI4M_line_2341__seg_08_construction_construction_vertical
1001
AI4MANUFACTURING
1000
WRITEBACK_PHASE=01_ATOM_LABEL
1000
ENTITY_ID=line_2341__seg_08
999
AI4M_ENTITY=line_2341__seg_09;LINE_ROLE=construction;EDGE=construction_vertical;SOURCE_LAYER=11
0
LWPOLYLINE
8
AI4M_01_ATOM_INTERNAL
90
2
70
0
10
4722.8591639999995
20
220.743587
10
4722.485592
20
221.801963
1001
AI4MANUFACTURING
1000
WRITEBACK_PHASE=01_ATOM
1000
ENTITY_ID=line_2341__seg_09
1000
SOURCE_HANDLE=
1000
LINE_ROLE=construction
1000
EDGE=construction_vertical
1000
CHAIN=
1000
PIECE_ID=
1000
SEAM_PAIR=
1000
PAIRED_CHAIN=
1000
NOTCH_CHAIN=
1000
NOTCH_SOURCE=
1000
PIECE_ROLE=unknown
1000
SEAM_ALLOWANCE_MM=
1000
SOURCE_LAYER=11
0
TEXT
8
AI4M_01_ATOM_INTERNAL
10
4722.8591639999995
20
220.743587
30
0
40
2.5
1
AI4M_line_2341__seg_09_construction_construction_vertical
1001
AI4MANUFACTURING
1000
WRITEBACK_PHASE=01_ATOM_LABEL
1000
ENTITY_ID=line_2341__seg_09
999
AI4M_ENTITY=line_2341__seg_10;LINE_ROLE=construction;EDGE=construction_vertical;SOURCE_LAYER=11
0
LWPOLYLINE
8
AI4M_01_ATOM_INTERNAL
90
2
70
0
10
4722.485592
20
221.801963
10
4721.892873999999
20
222.755733
1001
AI4MANUFACTURING
1000
WRITEBACK_PHASE=01_ATOM
1000
ENTITY_ID=line_2341__seg_10
1000
SOURCE_HANDLE=
1000
LINE_ROLE=construction
1000
EDGE=construction_vertical
1000
CHAIN=
1000
PIECE_ID=
1000
SEAM_PAIR=
1000
PAIRED_CHAIN=
1000
NOTCH_CHAIN=
1000
NOTCH_SOURCE=
1000
PIECE_ROLE=unknown
1000
SEAM_ALLOWANCE_MM=
1000
SOURCE_LAYER=11
0
TEXT
8
AI4M_01_ATOM_INTERNAL
10
4722.485592
20
221.801963
30
0
40
2.5
1
AI4M_line_2341__seg_10_construction_construction_vertical
1001
AI4MANUFACTURING
1000
WRITEBACK_PHASE=01_ATOM_LABEL
1000
ENTITY_ID=line_2341__seg_10
999
AI4M_ENTITY=line_2341__seg_11;LINE_ROLE=construction;EDGE=construction_vertical;SOURCE_LAYER=11
0
LWPOLYLINE
8
AI4M_01_ATOM_INTERNAL
90
2
70
0
10
4721.892873999999
20
222.755733
10
4721.1178899999995
20
223.54949499999998
1001
AI4MANUFACTURING
1000
WRITEBACK_PHASE=01_ATOM
1000
ENTITY_ID=line_2341__seg_11
1000
SOURCE_HANDLE=
1000
LINE_ROLE=construction
1000
EDGE=construction_vertical
1000
CHAIN=
1000
PIECE_ID=
1000
SEAM_PAIR=
1000
PAIRED_CHAIN=
1000
NOTCH_CHAIN=
1000
NOTCH_SOURCE=
1000
PIECE_ROLE=unknown
1000
SEAM_ALLOWANCE_MM=
1000
SOURCE_LAYER=11
0
TEXT
8
AI4M_01_ATOM_INTERNAL
10
4721.892873999999
20
222.755733
30
0
40
2.5
1
AI4M_line_2341__seg_11_construction_construction_vertical
1001
AI4MANUFACTURING
1000
WRITEBACK_PHASE=01_ATOM_LABEL
1000
ENTITY_ID=line_2341__seg_11
999
AI4M_ENTITY=line_2341__seg_12;LINE_ROLE=construction;EDGE=construction_horizontal;SOURCE_LAYER=11
0
LWPOLYLINE
8
AI4M_01_ATOM_INTERNAL
90
2
70
0
10
4721.1178899999995
20
223.54949499999998
10
4720.187927999999
20
224.15729
1001
AI4MANUFACTURING
1000
WRITEBACK_PHASE=01_ATOM
1000
ENTITY_ID=line_2341__seg_12
1000
SOURCE_HANDLE=
1000
LINE_ROLE=construction
1000
EDGE=construction_horizontal
1000
CHAIN=
1000
PIECE_ID=
1000
SEAM_PAIR=
1000
PAIRED_CHAIN=
1000
NOTCH_CHAIN=
1000
NOTCH_SOURCE=
1000
PIECE_ROLE=unknown
1000
SEAM_ALLOWANCE_MM=
1000
SOURCE_LAYER=11
0
TEXT
8
AI4M_01_ATOM_INTERNAL
10
4721.1178899999995
20
223.54949499999998
30
0
40
2.5
1
AI4M_line_2341__seg_12_construction_construction_horizontal
1001
AI4MANUFACTURING
1000
WRITEBACK_PHASE=01_ATOM_LABEL
1000
ENTITY_ID=line_2341__seg_12
999
AI4M_ENTITY=line_2341__seg_13;LINE_ROLE=construction;EDGE=construction_horizontal;SOURCE_LAYER=11
0
LWPOLYLINE
8
AI4M_01_ATOM_INTERNAL
90
2
70
0
10
4720.187927999999
20
224.15729
10
4719.155793
20
224.544731
1001
AI4MANUFACTURING
1000
WRITEBACK_PHASE=01_ATOM
1000
ENTITY_ID=line_2341__seg_13
1000
SOURCE_HANDLE=
1000
LINE_ROLE=construction
1000
EDGE=construction_horizontal
1000
CHAIN=
1000
PIECE_ID=
1000
SEAM_PAIR=
1000
PAIRED_CHAIN=
1000
NOTCH_CHAIN=
1000
NOTCH_SOURCE=
1000
PIECE_ROLE=unknown
1000
SEAM_ALLOWANCE_MM=
1000
SOURCE_LAYER=11
0
TEXT
8
AI4M_01_ATOM_INTERNAL
10
4720.187927999999
20
224.15729
30
0
40
2.5
1
AI4M_line_2341__seg_13_construction_construction_horizontal
1001
AI4MANUFACTURING
1000
WRITEBACK_PHASE=01_ATOM_LABEL
1000
ENTITY_ID=line_2341__seg_13
999
AI4M_ENTITY=line_2341__seg_14;LINE_ROLE=construction;EDGE=construction_horizontal;SOURCE_LAYER=11
0
LWPOLYLINE
8
AI4M_01_ATOM_INTERNAL
90
2
70
0
10
4719.155793
20
224.544731
10
4718.067278
20
224.697174
1001
AI4MANUFACTURING
1000
WRITEBACK_PHASE=01_ATOM
1000
ENTITY_ID=line_2341__seg_14
1000
SOURCE_HANDLE=
1000
LINE_ROLE=construction
1000
EDGE=construction_horizontal
1000
CHAIN=
1000
PIECE_ID=
1000
SEAM_PAIR=
1000
PAIRED_CHAIN=
1000
NOTCH_CHAIN=
1000
NOTCH_SOURCE=
1000
PIECE_ROLE=unknown
1000
SEAM_ALLOWANCE_MM=
1000
SOURCE_LAYER=11
0
TEXT
8
AI4M_01_ATOM_INTERNAL
10
4719.155793
20
224.544731
30
0
40
2.5
1
AI4M_line_2341__seg_14_construction_construction_horizontal
1001
AI4MANUFACTURING
1000
WRITEBACK_PHASE=01_ATOM_LABEL
1000
ENTITY_ID=line_2341__seg_14
999
AI4M_ENTITY=line_2341__seg_15;LINE_ROLE=construction;EDGE=construction_horizontal;SOURCE_LAYER=11
0
LWPOLYLINE
8
AI4M_01_ATOM_INTERNAL
90
2
70
0
10
4718.067278
20
224.697174
10
4716.972276
20
224.60810199999997
1001
AI4MANUFACTURING
1000
WRITEBACK_PHASE=01_ATOM
1000
ENTITY_ID=line_2341__seg_15
1000
SOURCE_HANDLE=
1000
LINE_ROLE=construction
1000
EDGE=construction_horizontal
1000
CHAIN=
1000
PIECE_ID=
1000
SEAM_PAIR=
1000
PAIRED_CHAIN=
1000
NOTCH_CHAIN=
1000
NOTCH_SOURCE=
1000
PIECE_ROLE=unknown
1000
SEAM_ALLOWANCE_MM=
1000
SOURCE_LAYER=11
0
TEXT
8
AI4M_01_ATOM_INTERNAL
10
4718.067278
20
224.697174
30
0
40
2.5
1
AI4M_line_2341__seg_15_construction_construction_horizontal
1001
AI4MANUFACTURING
1000
WRITEBACK_PHASE=01_ATOM_LABEL
1000
ENTITY_ID=line_2341__seg_15
999
AI4M_ENTITY=line_2341__seg_16;LINE_ROLE=construction;EDGE=construction_horizontal;SOURCE_LAYER=11
0
LWPOLYLINE
8
AI4M_01_ATOM_INTERNAL
90
2
70
0
10
4716.972276
20
224.60810199999997
10
4715.9255809999995
20
224.28344399999997
1001
AI4MANUFACTURING
1000
WRITEBACK_PHASE=01_ATOM
1000
ENTITY_ID=line_2341__seg_16
1000
SOURCE_HANDLE=
1000
LINE_ROLE=construction
1000
EDGE=construction_horizontal
1000
CHAIN=
1000
PIECE_ID=
1000
SEAM_PAIR=
1000
PAIRED_CHAIN=
1000
NOTCH_CHAIN=
1000
NOTCH_SOURCE=
1000
PIECE_ROLE=unknown
1000
SEAM_ALLOWANCE_MM=
1000
SOURCE_LAYER=11
0
TEXT
8
AI4M_01_ATOM_INTERNAL
10
4716.972276
20
224.60810199999997
30
0
40
2.5
1
AI4M_line_2341__seg_16_construction_construction_horizontal
1001
AI4MANUFACTURING
1000
WRITEBACK_PHASE=01_ATOM_LABEL
1000
ENTITY_ID=line_2341__seg_16
999
AI4M_ENTITY=line_2341__seg_17;LINE_ROLE=construction;EDGE=construction_horizontal;SOURCE_LAYER=11
0
LWPOLYLINE
8
AI4M_01_ATOM_INTERNAL
90
2
70
0
10
4715.9255809999995
20
224.28344399999997
10
4714.970955
20
223.737977
1001
AI4MANUFACTURING
1000
WRITEBACK_PHASE=01_ATOM
1000
ENTITY_ID=line_2341__seg_17
1000
SOURCE_HANDLE=
1000
LINE_ROLE=construction
1000
EDGE=construction_horizontal
1000
CHAIN=
1000
PIECE_ID=
1000
SEAM_PAIR=
1000
PAIRED_CHAIN=
1000
NOTCH_CHAIN=
1000
NOTCH_SOURCE=
1000
PIECE_ROLE=unknown
1000
SEAM_ALLOWANCE_MM=
1000
SOURCE_LAYER=11
0
TEXT
8
AI4M_01_ATOM_INTERNAL
10
4715.9255809999995
20
224.28344399999997
30
0
40
2.5
1
AI4M_line_2341__seg_17_construction_construction_horizontal
1001
AI4MANUFACTURING
1000
WRITEBACK_PHASE=01_ATOM_LABEL
1000
ENTITY_ID=line_2341__seg_17
999
AI4M_ENTITY=line_2341__seg_18;LINE_ROLE=construction;EDGE=construction_horizontal;SOURCE_LAYER=11
0
LWPOLYLINE
8
AI4M_01_ATOM_INTERNAL
90
2
70
0
10
4714.970955
20
223.737977
10
4714.1403439999995
20
222.982237
1001
AI4MANUFACTURING
1000
WRITEBACK_PHASE=01_ATOM
1000
ENTITY_ID=line_2341__seg_18
1000
SOURCE_HANDLE=
1000
LINE_ROLE=construction
1000
EDGE=construction_horizontal
1000
CHAIN=
1000
PIECE_ID=
1000
SEAM_PAIR=
1000
PAIRED_CHAIN=
1000
NOTCH_CHAIN=
1000
NOTCH_SOURCE=
1000
PIECE_ROLE=unknown
1000
SEAM_ALLOWANCE_MM=
1000
SOURCE_LAYER=11
0
TEXT
8
AI4M_01_ATOM_INTERNAL
10
4714.970955
20
223.737977
30
0
40
2.5
1
AI4M_line_2341__seg_18_construction_construction_horizontal
1001
AI4MANUFACTURING
1000
WRITEBACK_PHASE=01_ATOM_LABEL
1000
ENTITY_ID=line_2341__seg_18
999
AI4M_ENTITY=line_2341__seg_19;LINE_ROLE=construction;EDGE=construction_vertical;SOURCE_LAYER=11
0
LWPOLYLINE
8
AI4M_01_ATOM_INTERNAL
90
2
70
0
10
4714.1403439999995
20
222.982237
10
4713.490401999999
20
222.056899
1001
AI4MANUFACTURING
1000
WRITEBACK_PHASE=01_ATOM
1000
ENTITY_ID=line_2341__seg_19
1000
SOURCE_HANDLE=
1000
LINE_ROLE=construction
1000
EDGE=construction_vertical
1000
CHAIN=
1000
PIECE_ID=
1000
SEAM_PAIR=
1000
PAIRED_CHAIN=
1000
NOTCH_CHAIN=
1000
NOTCH_SOURCE=
1000
PIECE_ROLE=unknown
1000
SEAM_ALLOWANCE_MM=
1000
SOURCE_LAYER=11
0
TEXT
8
AI4M_01_ATOM_INTERNAL
10
4714.1403439999995
20
222.982237
30
0
40
2.5
1
AI4M_line_2341__seg_19_construction_construction_vertical
1001
AI4MANUFACTURING
1000
WRITEBACK_PHASE=01_ATOM_LABEL
1000
ENTITY_ID=line_2341__seg_19
999
AI4M_ENTITY=line_2341__seg_20;LINE_ROLE=construction;EDGE=construction_vertical;SOURCE_LAYER=11
0
LWPOLYLINE
8
AI4M_01_ATOM_INTERNAL
90
2
70
0
10
4713.490401999999
20
222.056899
10
4713.0568889999995
20
221.012215
1001
AI4MANUFACTURING
1000
WRITEBACK_PHASE=01_ATOM
1000
ENTITY_ID=line_2341__seg_20
1000
SOURCE_HANDLE=
1000
LINE_ROLE=construction
1000
EDGE=construction_vertical
1000
CHAIN=
1000
PIECE_ID=
1000
SEAM_PAIR=
1000
PAIRED_CHAIN=
1000
NOTCH_CHAIN=
1000
NOTCH_SOURCE=
1000
PIECE_ROLE=unknown
1000
SEAM_ALLOWANCE_MM=
1000
SOURCE_LAYER=11
0
TEXT
8
AI4M_01_ATOM_INTERNAL
10
4713.490401999999
20
222.056899
30
0
40
2.5
1
AI4M_line_2341__seg_20_construction_construction_vertical
1001
AI4MANUFACTURING
1000
WRITEBACK_PHASE=01_ATOM_LABEL
1000
ENTITY_ID=line_2341__seg_20
999
AI4M_ENTITY=line_2341__seg_21;LINE_ROLE=construction;EDGE=construction_vertical;SOURCE_LAYER=11
0
LWPOLYLINE
8
AI4M_01_ATOM_INTERNAL
90
2
70
0
10
4713.0568889999995
20
221.012215
10
4712.859538
20
219.910304
1001
AI4MANUFACTURING
1000
WRITEBACK_PHASE=01_ATOM
1000
ENTITY_ID=line_2341__seg_21
1000
SOURCE_HANDLE=
1000
LINE_ROLE=construction
1000
EDGE=construction_vertical
1000
CHAIN=
1000
PIECE_ID=
1000
SEAM_PAIR=
1000
PAIRED_CHAIN=
1000
NOTCH_CHAIN=
1000
NOTCH_SOURCE=
1000
PIECE_ROLE=unknown
1000
SEAM_ALLOWANCE_MM=
1000
SOURCE_LAYER=11
0
TEXT
8
AI4M_01_ATOM_INTERNAL
10
4713.0568889999995
20
221.012215
30
0
40
2.5
1
AI4M_line_2341__seg_21_construction_construction_vertical
1001
AI4MANUFACTURING
1000
WRITEBACK_PHASE=01_ATOM_LABEL
1000
ENTITY_ID=line_2341__seg_21
999
AI4M_ENTITY=line_2341__seg_22;LINE_ROLE=construction;EDGE=construction_vertical;SOURCE_LAYER=11
0
LWPOLYLINE
8
AI4M_01_ATOM_INTERNAL
90
2
70
0
10
4712.859538
20
219.910304
10
4712.901666
20
218.787163
1001
AI4MANUFACTURING
1000
WRITEBACK_PHASE=01_ATOM
1000
ENTITY_ID=line_2341__seg_22
1000
SOURCE_HANDLE=
1000
LINE_ROLE=construction
1000
EDGE=construction_vertical
1000
CHAIN=
1000
PIECE_ID=
1000
SEAM_PAIR=
1000
PAIRED_CHAIN=
1000
NOTCH_CHAIN=
1000
NOTCH_SOURCE=
1000
PIECE_ROLE=unknown
1000
SEAM_ALLOWANCE_MM=
1000
SOURCE_LAYER=11
0
TEXT
8
AI4M_01_ATOM_INTERNAL
10
4712.859538
20
219.910304
30
0
40
2.5
1
AI4M_line_2341__seg_22_construction_construction_vertical
1001
AI4MANUFACTURING
1000
WRITEBACK_PHASE=01_ATOM_LABEL
1000
ENTITY_ID=line_2341__seg_22
999
AI4M_ENTITY=line_2341__seg_23;LINE_ROLE=construction;EDGE=construction_vertical;SOURCE_LAYER=11
0
LWPOLYLINE
8
AI4M_01_ATOM_INTERNAL
90
2
70
0
10
4712.901666
20
218.787163
10
4713.182683
20
217.699885
1001
AI4MANUFACTURING
1000
WRITEBACK_PHASE=01_ATOM
1000
ENTITY_ID=line_2341__seg_23
1000
SOURCE_HANDLE=
1000
LINE_ROLE=construction
1000
EDGE=construction_vertical
1000
CHAIN=
1000
PIECE_ID=
1000
SEAM_PAIR=
1000
PAIRED_CHAIN=
1000
NOTCH_CHAIN=
1000
NOTCH_SOURCE=
1000
PIECE_ROLE=unknown
1000
SEAM_ALLOWANCE_MM=
1000
SOURCE_LAYER=11
0
TEXT
8
AI4M_01_ATOM_INTERNAL
10
4712.901666
20
218.787163
30
0
40
2.5
1
AI4M_line_2341__seg_23_construction_construction_vertical
1001
AI4MANUFACTURING
1000
WRITEBACK_PHASE=01_ATOM_LABEL
1000
ENTITY_ID=line_2341__seg_23
999
AI4M_ENTITY=line_2341__seg_24;LINE_ROLE=construction;EDGE=construction_vertical;SOURCE_LAYER=11
0
LWPOLYLINE
8
AI4M_01_ATOM_INTERNAL
90
2
70
0
10
4713.182683
20
217.699885
10
4713.686076
20
216.70448
1001
AI4MANUFACTURING
1000
WRITEBACK_PHASE=01_ATOM
1000
ENTITY_ID=line_2341__seg_24
1000
SOURCE_HANDLE=
1000
LINE_ROLE=construction
1000
EDGE=construction_vertical
1000
CHAIN=
1000
PIECE_ID=
1000
SEAM_PAIR=
1000
PAIRED_CHAIN=
1000
NOTCH_CHAIN=
1000
NOTCH_SOURCE=
1000
PIECE_ROLE=unknown
1000
SEAM_ALLOWANCE_MM=
1000
SOURCE_LAYER=11
0
TEXT
8
AI4M_01_ATOM_INTERNAL
10
4713.182683
20
217.699885
30
0
40
2.5
1
AI4M_line_2341__seg_24_construction_construction_vertical
1001
AI4MANUFACTURING
1000
WRITEBACK_PHASE=01_ATOM_LABEL
1000
ENTITY_ID=line_2341__seg_24
999
AI4M_ENTITY=line_2341__seg_25;LINE_ROLE=construction;EDGE=construction_vertical;SOURCE_LAYER=11
0
LWPOLYLINE
8
AI4M_01_ATOM_INTERNAL
90
2
70
0
10
4713.686076
20
216.70448
10
4714.394754999999
20
215.83896199999998
1001
AI4MANUFACTURING
1000
WRITEBACK_PHASE=01_ATOM
1000
ENTITY_ID=line_2341__seg_25
1000
SOURCE_HANDLE=
1000
LINE_ROLE=construction
1000
EDGE=construction_vertical
1000
CHAIN=
1000
PIECE_ID=
1000
SEAM_PAIR=
1000
PAIRED_CHAIN=
1000
NOTCH_CHAIN=
1000
NOTCH_SOURCE=
1000
PIECE_ROLE=unknown
1000
SEAM_ALLOWANCE_MM=
1000
SOURCE_LAYER=11
0
TEXT
8
AI4M_01_ATOM_INTERNAL
10
4713.686076
20
216.70448
30
0
40
2.5
1
AI4M_line_2341__seg_25_construction_construction_vertical
1001
AI4MANUFACTURING
1000
WRITEBACK_PHASE=01_ATOM_LABEL
1000
ENTITY_ID=line_2341__seg_25
999
AI4M_ENTITY=line_2341__seg_26;LINE_ROLE=construction;EDGE=construction_horizontal;SOURCE_LAYER=11
0
LWPOLYLINE
8
AI4M_01_ATOM_INTERNAL
90
2
70
0
10
4714.394754999999
20
215.83896199999998
10
4715.288483
20
215.13680399999998
1001
AI4MANUFACTURING
1000
WRITEBACK_PHASE=01_ATOM
1000
ENTITY_ID=line_2341__seg_26
1000
SOURCE_HANDLE=
1000
LINE_ROLE=construction
1000
EDGE=construction_horizontal
1000
CHAIN=
1000
PIECE_ID=
1000
SEAM_PAIR=
1000
PAIRED_CHAIN=
1000
NOTCH_CHAIN=
1000
NOTCH_SOURCE=
1000
PIECE_ROLE=unknown
1000
SEAM_ALLOWANCE_MM=
1000
SOURCE_LAYER=11
0
TEXT
8
AI4M_01_ATOM_INTERNAL
10
4714.394754999999
20
215.83896199999998
30
0
40
2.5
1
AI4M_line_2341__seg_26_construction_construction_horizontal
1001
AI4MANUFACTURING
1000
WRITEBACK_PHASE=01_ATOM_LABEL
1000
ENTITY_ID=line_2341__seg_26
999
AI4M_ENTITY=line_2341__seg_27;LINE_ROLE=construction;EDGE=construction_horizontal;SOURCE_LAYER=11
0
LWPOLYLINE
8
AI4M_01_ATOM_INTERNAL
90
2
70
0
10
4715.288483
20
215.13680399999998
10
4716.258534
20
214.672706
1001
AI4MANUFACTURING
1000
WRITEBACK_PHASE=01_ATOM
1000
ENTITY_ID=line_2341__seg_27
1000
SOURCE_HANDLE=
1000
LINE_ROLE=construction
1000
EDGE=construction_horizontal
1000
CHAIN=
1000
PIECE_ID=
1000
SEAM_PAIR=
1000
PAIRED_CHAIN=
1000
NOTCH_CHAIN=
1000
NOTCH_SOURCE=
1000
PIECE_ROLE=unknown
1000
SEAM_ALLOWANCE_MM=
1000
SOURCE_LAYER=11
0
TEXT
8
AI4M_01_ATOM_INTERNAL
10
4715.288483
20
215.13680399999998
30
0
40
2.5
1
AI4M_line_2341__seg_27_construction_construction_horizontal
1001
AI4MANUFACTURING
1000
WRITEBACK_PHASE=01_ATOM_LABEL
1000
ENTITY_ID=line_2341__seg_27
999
AI4M_ENTITY=line_2341__seg_28;LINE_ROLE=construction;EDGE=construction_horizontal;SOURCE_LAYER=11
0
LWPOLYLINE
8
AI4M_01_ATOM_INTERNAL
90
2
70
0
10
4716.258534
20
214.672706
10
4717.922435
20
214.38965
1001
AI4MANUFACTURING
1000
WRITEBACK_PHASE=01_ATOM
1000
ENTITY_ID=line_2341__seg_28
1000
SOURCE_HANDLE=
1000
LINE_ROLE=construction
1000
EDGE=construction_horizontal
1000
CHAIN=
1000
PIECE_ID=
1000
SEAM_PAIR=
1000
PAIRED_CHAIN=
1000
NOTCH_CHAIN=
1000
NOTCH_SOURCE=
1000
PIECE_ROLE=unknown
1000
SEAM_ALLOWANCE_MM=
1000
SOURCE_LAYER=11
0
TEXT
8
AI4M_01_ATOM_INTERNAL
10
4716.258534
20
214.672706
30
0
40
2.5
1
AI4M_line_2341__seg_28_construction_construction_horizontal
1001
AI4MANUFACTURING
1000
WRITEBACK_PHASE=01_ATOM_LABEL
1000
ENTITY_ID=line_2341__seg_28
999
AI4M_ENTITY=line_2373;LINE_ROLE=construction;EDGE=construction_vertical;SOURCE_LAYER=11
0
LWPOLYLINE
8
AI4M_01_ATOM_INTERNAL
90
2
70
0
10
4763.60557
20
224.699223
10
4763.60557
20
214.38965
1001
AI4MANUFACTURING
1000
WRITEBACK_PHASE=01_ATOM
1000
ENTITY_ID=line_2373
1000
SOURCE_HANDLE=
1000
LINE_ROLE=construction
1000
EDGE=construction_vertical
1000
CHAIN=
1000
PIECE_ID=
1000
SEAM_PAIR=
1000
PAIRED_CHAIN=
1000
NOTCH_CHAIN=
1000
NOTCH_SOURCE=
1000
PIECE_ROLE=unknown
1000
SEAM_ALLOWANCE_MM=
1000
SOURCE_LAYER=11
0
TEXT
8
AI4M_01_ATOM_INTERNAL
10
4763.60557
20
224.699223
30
0
40
2.5
1
AI4M_line_2373_construction_construction_vertical
1001
AI4MANUFACTURING
1000
WRITEBACK_PHASE=01_ATOM_LABEL
1000
ENTITY_ID=line_2373
999
AI4M_ENTITY=line_2378;LINE_ROLE=construction;EDGE=construction_horizontal;SOURCE_LAYER=11
0
LWPOLYLINE
8
AI4M_01_ATOM_INTERNAL
90
2
70
0
10
4758.529581999999
20
219.54468
10
4768.681559
20
219.54468
1001
AI4MANUFACTURING
1000
WRITEBACK_PHASE=01_ATOM
1000
ENTITY_ID=line_2378
1000
SOURCE_HANDLE=
1000
LINE_ROLE=construction
1000
EDGE=construction_horizontal
1000
CHAIN=
1000
PIECE_ID=
1000
SEAM_PAIR=
1000
PAIRED_CHAIN=
1000
NOTCH_CHAIN=
1000
NOTCH_SOURCE=
1000
PIECE_ROLE=unknown
1000
SEAM_ALLOWANCE_MM=
1000
SOURCE_LAYER=11
0
TEXT
8
AI4M_01_ATOM_INTERNAL
10
4758.529581999999
20
219.54468
30
0
40
2.5
1
AI4M_line_2378_construction_construction_horizontal
1001
AI4MANUFACTURING
1000
WRITEBACK_PHASE=01_ATOM_LABEL
1000
ENTITY_ID=line_2378
999
AI4M_ENTITY=line_2383__seg_01;LINE_ROLE=construction;EDGE=construction_horizontal;SOURCE_LAYER=11
0
LWPOLYLINE
8
AI4M_01_ATOM_INTERNAL
90
2
70
0
10
4763.60557
20
214.38965
10
4764.996574
20
214.588876
1001
AI4MANUFACTURING
1000
WRITEBACK_PHASE=01_ATOM
1000
ENTITY_ID=line_2383__seg_01
1000
SOURCE_HANDLE=
1000
LINE_ROLE=construction
1000
EDGE=construction_horizontal
1000
CHAIN=
1000
PIECE_ID=
1000
SEAM_PAIR=
1000
PAIRED_CHAIN=
1000
NOTCH_CHAIN=
1000
NOTCH_SOURCE=
1000
PIECE_ROLE=unknown
1000
SEAM_ALLOWANCE_MM=
1000
SOURCE_LAYER=11
0
TEXT
8
AI4M_01_ATOM_INTERNAL
10
4763.60557
20
214.38965
30
0
40
2.5
1
AI4M_line_2383__seg_01_construction_construction_horizontal
1001
AI4MANUFACTURING
1000
WRITEBACK_PHASE=01_ATOM_LABEL
1000
ENTITY_ID=line_2383__seg_01
999
AI4M_ENTITY=line_2383__seg_02;LINE_ROLE=construction;EDGE=construction_horizontal;SOURCE_LAYER=11
0
LWPOLYLINE
8
AI4M_01_ATOM_INTERNAL
90
2
70
0
10
4764.996574
20
214.588876
10
4765.961759
20
214.975838
1001
AI4MANUFACTURING
1000
WRITEBACK_PHASE=01_ATOM
1000
ENTITY_ID=line_2383__seg_02
1000
SOURCE_HANDLE=
1000
LINE_ROLE=construction
1000
EDGE=construction_horizontal
1000
CHAIN=
1000
PIECE_ID=
1000
SEAM_PAIR=
1000
PAIRED_CHAIN=
1000
NOTCH_CHAIN=
1000
NOTCH_SOURCE=
1000
PIECE_ROLE=unknown
1000
SEAM_ALLOWANCE_MM=
1000
SOURCE_LAYER=11
0
TEXT
8
AI4M_01_ATOM_INTERNAL
10
4764.996574
20
214.588876
30
0
40
2.5
1
AI4M_line_2383__seg_02_construction_construction_horizontal
1001
AI4MANUFACTURING
1000
WRITEBACK_PHASE=01_ATOM_LABEL
1000
ENTITY_ID=line_2383__seg_02
999
AI4M_ENTITY=line_2383__seg_03;LINE_ROLE=construction;EDGE=construction_horizontal;SOURCE_LAYER=11
0
LWPOLYLINE
8
AI4M_01_ATOM_INTERNAL
90
2
70
0
10
4765.961759
20
214.975838
10
4766.889045
20
215.614564
1001
AI4MANUFACTURING
1000
WRITEBACK_PHASE=01_ATOM
1000
ENTITY_ID=line_2383__seg_03
1000
SOURCE_HANDLE=
1000
LINE_ROLE=construction
1000
EDGE=construction_horizontal
1000
CHAIN=
1000
PIECE_ID=
1000
SEAM_PAIR=
1000
PAIRED_CHAIN=
1000
NOTCH_CHAIN=
1000
NOTCH_SOURCE=
1000
PIECE_ROLE=unknown
1000
SEAM_ALLOWANCE_MM=
1000
SOURCE_LAYER=11
0
TEXT
8
AI4M_01_ATOM_INTERNAL
10
4765.961759
20
214.975838
30
0
40
2.5
1
AI4M_line_2383__seg_03_construction_construction_horizontal
1001
AI4MANUFACTURING
1000
WRITEBACK_PHASE=01_ATOM_LABEL
1000
ENTITY_ID=line_2383__seg_03
999
AI4M_ENTITY=line_2383__seg_04;LINE_ROLE=construction;EDGE=construction_vertical;SOURCE_LAYER=11
0
LWPOLYLINE
8
AI4M_01_ATOM_INTERNAL
90
2
70
0
10
4766.889045
20
215.614564
10
4767.644618
20
216.421761
1001
AI4MANUFACTURING
1000
WRITEBACK_PHASE=01_ATOM
1000
ENTITY_ID=line_2383__seg_04
1000
SOURCE_HANDLE=
1000
LINE_ROLE=construction
1000
EDGE=construction_vertical
1000
CHAIN=
1000
PIECE_ID=
1000
SEAM_PAIR=
1000
PAIRED_CHAIN=
1000
NOTCH_CHAIN=
1000
NOTCH_SOURCE=
1000
PIECE_ROLE=unknown
1000
SEAM_ALLOWANCE_MM=
1000
SOURCE_LAYER=11
0
TEXT
8
AI4M_01_ATOM_INTERNAL
10
4766.889045
20
215.614564
30
0
40
2.5
1
AI4M_line_2383__seg_04_construction_construction_vertical
1001
AI4MANUFACTURING
1000
WRITEBACK_PHASE=01_ATOM_LABEL
1000
ENTITY_ID=line_2383__seg_04
999
AI4M_ENTITY=line_2383__seg_05;LINE_ROLE=construction;EDGE=construction_vertical;SOURCE_LAYER=11
0
LWPOLYLINE
8
AI4M_01_ATOM_INTERNAL
90
2
70
0
10
4767.644618
20
216.421761
10
4768.216503
20
217.38887599999998
1001
AI4MANUFACTURING
1000
WRITEBACK_PHASE=01_ATOM
1000
ENTITY_ID=line_2383__seg_05
1000
SOURCE_HANDLE=
1000
LINE_ROLE=construction
1000
EDGE=construction_vertical
1000
CHAIN=
1000
PIECE_ID=
1000
SEAM_PAIR=
1000
PAIRED_CHAIN=
1000
NOTCH_CHAIN=
1000
NOTCH_SOURCE=
1000
PIECE_ROLE=unknown
1000
SEAM_ALLOWANCE_MM=
1000
SOURCE_LAYER=11
0
TEXT
8
AI4M_01_ATOM_INTERNAL
10
4767.644618
20
216.421761
30
0
40
2.5
1
AI4M_line_2383__seg_05_construction_construction_vertical
1001
AI4MANUFACTURING
1000
WRITEBACK_PHASE=01_ATOM_LABEL
1000
ENTITY_ID=line_2383__seg_05
999
AI4M_ENTITY=line_2383__seg_06;LINE_ROLE=construction;EDGE=construction_vertical;SOURCE_LAYER=11
0
LWPOLYLINE
8
AI4M_01_ATOM_INTERNAL
90
2
70
0
10
4768.216503
20
217.38887599999998
10
4768.568535
20
218.46398299999998
1001
AI4MANUFACTURING
1000
WRITEBACK_PHASE=01_ATOM
1000
ENTITY_ID=line_2383__seg_06
1000
SOURCE_HANDLE=
1000
LINE_ROLE=construction
1000
EDGE=construction_vertical
1000
CHAIN=
1000
PIECE_ID=
1000
SEAM_PAIR=
1000
PAIRED_CHAIN=
1000
NOTCH_CHAIN=
1000
NOTCH_SOURCE=
1000
PIECE_ROLE=unknown
1000
SEAM_ALLOWANCE_MM=
1000
SOURCE_LAYER=11
0
TEXT
8
AI4M_01_ATOM_INTERNAL
10
4768.216503
20
217.38887599999998
30
0
40
2.5
1
AI4M_line_2383__seg_06_construction_construction_vertical
1001
AI4MANUFACTURING
1000
WRITEBACK_PHASE=01_ATOM_LABEL
1000
ENTITY_ID=line_2383__seg_06
999
AI4M_ENTITY=line_2383__seg_07;LINE_ROLE=construction;EDGE=construction_vertical;SOURCE_LAYER=11
0
LWPOLYLINE
8
AI4M_01_ATOM_INTERNAL
90
2
70
0
10
4768.568535
20
218.46398299999998
10
4768.681060999999
20
219.577983
1001
AI4MANUFACTURING
1000
WRITEBACK_PHASE=01_ATOM
1000
ENTITY_ID=line_2383__seg_07
1000
SOURCE_HANDLE=
1000
LINE_ROLE=construction
1000
EDGE=construction_vertical
1000
CHAIN=
1000
PIECE_ID=
1000
SEAM_PAIR=
1000
PAIRED_CHAIN=
1000
NOTCH_CHAIN=
1000
NOTCH_SOURCE=
1000
PIECE_ROLE=unknown
1000
SEAM_ALLOWANCE_MM=
1000
SOURCE_LAYER=11
0
TEXT
8
AI4M_01_ATOM_INTERNAL
10
4768.568535
20
218.46398299999998
30
0
40
2.5
1
AI4M_line_2383__seg_07_construction_construction_vertical
1001
AI4MANUFACTURING
1000
WRITEBACK_PHASE=01_ATOM_LABEL
1000
ENTITY_ID=line_2383__seg_07
999
AI4M_ENTITY=line_2383__seg_08;LINE_ROLE=construction;EDGE=construction_vertical;SOURCE_LAYER=11
0
LWPOLYLINE
8
AI4M_01_ATOM_INTERNAL
90
2
70
0
10
4768.681060999999
20
219.577983
10
4768.553507
20
220.694256
1001
AI4MANUFACTURING
1000
WRITEBACK_PHASE=01_ATOM
1000
ENTITY_ID=line_2383__seg_08
1000
SOURCE_HANDLE=
1000
LINE_ROLE=construction
1000
EDGE=construction_vertical
1000
CHAIN=
1000
PIECE_ID=
1000
SEAM_PAIR=
1000
PAIRED_CHAIN=
1000
NOTCH_CHAIN=
1000
NOTCH_SOURCE=
1000
PIECE_ROLE=unknown
1000
SEAM_ALLOWANCE_MM=
1000
SOURCE_LAYER=11
0
TEXT
8
AI4M_01_ATOM_INTERNAL
10
4768.681060999999
20
219.577983
30
0
40
2.5
1
AI4M_line_2383__seg_08_construction_construction_vertical
1001
AI4MANUFACTURING
1000
WRITEBACK_PHASE=01_ATOM_LABEL
1000
ENTITY_ID=line_2383__seg_08
999
AI4M_ENTITY=line_2383__seg_09;LINE_ROLE=construction;EDGE=construction_vertical;SOURCE_LAYER=11
0
LWPOLYLINE
8
AI4M_01_ATOM_INTERNAL
90
2
70
0
10
4768.553507
20
220.694256
10
4768.190895
20
221.75587000000002
1001
AI4MANUFACTURING
1000
WRITEBACK_PHASE=01_ATOM
1000
ENTITY_ID=line_2383__seg_09
1000
SOURCE_HANDLE=
1000
LINE_ROLE=construction
1000
EDGE=construction_vertical
1000
CHAIN=
1000
PIECE_ID=
1000
SEAM_PAIR=
1000
PAIRED_CHAIN=
1000
NOTCH_CHAIN=
1000
NOTCH_SOURCE=
1000
PIECE_ROLE=unknown
1000
SEAM_ALLOWANCE_MM=
1000
SOURCE_LAYER=11
0
TEXT
8
AI4M_01_ATOM_INTERNAL
10
4768.553507
20
220.694256
30
0
40
2.5
1
AI4M_line_2383__seg_09_construction_construction_vertical
1001
AI4MANUFACTURING
1000
WRITEBACK_PHASE=01_ATOM_LABEL
1000
ENTITY_ID=line_2383__seg_09
999
AI4M_ENTITY=line_2383__seg_10;LINE_ROLE=construction;EDGE=construction_vertical;SOURCE_LAYER=11
0
LWPOLYLINE
8
AI4M_01_ATOM_INTERNAL
90
2
70
0
10
4768.190895
20
221.75587000000002
10
4767.607223
20
222.715662
1001
AI4MANUFACTURING
1000
WRITEBACK_PHASE=01_ATOM
1000
ENTITY_ID=line_2383__seg_10
1000
SOURCE_HANDLE=
1000
LINE_ROLE=construction
1000
EDGE=construction_vertical
1000
CHAIN=
1000
PIECE_ID=
1000
SEAM_PAIR=
1000
PAIRED_CHAIN=
1000
NOTCH_CHAIN=
1000
NOTCH_SOURCE=
1000
PIECE_ROLE=unknown
1000
SEAM_ALLOWANCE_MM=
1000
SOURCE_LAYER=11
0
TEXT
8
AI4M_01_ATOM_INTERNAL
10
4768.190895
20
221.75587000000002
30
0
40
2.5
1
AI4M_line_2383__seg_10_construction_construction_vertical
1001
AI4MANUFACTURING
1000
WRITEBACK_PHASE=01_ATOM_LABEL
1000
ENTITY_ID=line_2383__seg_10
999
AI4M_ENTITY=line_2383__seg_11;LINE_ROLE=construction;EDGE=construction_vertical;SOURCE_LAYER=11
0
LWPOLYLINE
8
AI4M_01_ATOM_INTERNAL
90
2
70
0
10
4767.607223
20
222.715662
10
4766.840007999999
20
223.516956
1001
AI4MANUFACTURING
1000
WRITEBACK_PHASE=01_ATOM
1000
ENTITY_ID=line_2383__seg_11
1000
SOURCE_HANDLE=
1000
LINE_ROLE=construction
1000
EDGE=construction_vertical
1000
CHAIN=
1000
PIECE_ID=
1000
SEAM_PAIR=
1000
PAIRED_CHAIN=
1000
NOTCH_CHAIN=
1000
NOTCH_SOURCE=
1000
PIECE_ROLE=unknown
1000
SEAM_ALLOWANCE_MM=
1000
SOURCE_LAYER=11
0
TEXT
8
AI4M_01_ATOM_INTERNAL
10
4767.607223
20
222.715662
30
0
40
2.5
1
AI4M_line_2383__seg_11_construction_construction_vertical
1001
AI4MANUFACTURING
1000
WRITEBACK_PHASE=01_ATOM_LABEL
1000
ENTITY_ID=line_2383__seg_11
999
AI4M_ENTITY=line_2383__seg_12;LINE_ROLE=construction;EDGE=construction_horizontal;SOURCE_LAYER=11
0
LWPOLYLINE
8
AI4M_01_ATOM_INTERNAL
90
2
70
0
10
4766.840007999999
20
223.516956
10
4765.916128999999
20
224.134138
1001
AI4MANUFACTURING
1000
WRITEBACK_PHASE=01_ATOM
1000
ENTITY_ID=line_2383__seg_12
1000
SOURCE_HANDLE=
1000
LINE_ROLE=construction
1000
EDGE=construction_horizontal
1000
CHAIN=
1000
PIECE_ID=
1000
SEAM_PAIR=
1000
PAIRED_CHAIN=
1000
NOTCH_CHAIN=
1000
NOTCH_SOURCE=
1000
PIECE_ROLE=unknown
1000
SEAM_ALLOWANCE_MM=
1000
SOURCE_LAYER=11
0
TEXT
8
AI4M_01_ATOM_INTERNAL
10
4766.840007999999
20
223.516956
30
0
40
2.5
1
AI4M_line_2383__seg_12_construction_construction_horizontal
1001
AI4MANUFACTURING
1000
WRITEBACK_PHASE=01_ATOM_LABEL
1000
ENTITY_ID=line_2383__seg_12
999
AI4M_ENTITY=line_2383__seg_13;LINE_ROLE=construction;EDGE=construction_horizontal;SOURCE_LAYER=11
0
LWPOLYLINE
8
AI4M_01_ATOM_INTERNAL
90
2
70
0
10
4765.916128999999
20
224.134138
10
4764.888105
20
224.531998
1001
AI4MANUFACTURING
1000
WRITEBACK_PHASE=01_ATOM
1000
ENTITY_ID=line_2383__seg_13
1000
SOURCE_HANDLE=
1000
LINE_ROLE=construction
1000
EDGE=construction_horizontal
1000
CHAIN=
1000
PIECE_ID=
1000
SEAM_PAIR=
1000
PAIRED_CHAIN=
1000
NOTCH_CHAIN=
1000
NOTCH_SOURCE=
1000
PIECE_ROLE=unknown
1000
SEAM_ALLOWANCE_MM=
1000
SOURCE_LAYER=11
0
TEXT
8
AI4M_01_ATOM_INTERNAL
10
4765.916128999999
20
224.134138
30
0
40
2.5
1
AI4M_line_2383__seg_13_construction_construction_horizontal
1001
AI4MANUFACTURING
1000
WRITEBACK_PHASE=01_ATOM_LABEL
1000
ENTITY_ID=line_2383__seg_13
999
AI4M_ENTITY=line_2383__seg_14;LINE_ROLE=construction;EDGE=construction_horizontal;SOURCE_LAYER=11
0
LWPOLYLINE
8
AI4M_01_ATOM_INTERNAL
90
2
70
0
10
4764.888105
20
224.531998
10
4763.800767999999
20
224.695428
1001
AI4MANUFACTURING
1000
WRITEBACK_PHASE=01_ATOM
1000
ENTITY_ID=line_2383__seg_14
1000
SOURCE_HANDLE=
1000
LINE_ROLE=construction
1000
EDGE=construction_horizontal
1000
CHAIN=
1000
PIECE_ID=
1000
SEAM_PAIR=
1000
PAIRED_CHAIN=
1000
NOTCH_CHAIN=
1000
NOTCH_SOURCE=
1000
PIECE_ROLE=unknown
1000
SEAM_ALLOWANCE_MM=
1000
SOURCE_LAYER=11
0
TEXT
8
AI4M_01_ATOM_INTERNAL
10
4764.888105
20
224.531998
30
0
40
2.5
1
AI4M_line_2383__seg_14_construction_construction_horizontal
1001
AI4MANUFACTURING
1000
WRITEBACK_PHASE=01_ATOM_LABEL
1000
ENTITY_ID=line_2383__seg_14
999
AI4M_ENTITY=line_2383__seg_15;LINE_ROLE=construction;EDGE=construction_horizontal;SOURCE_LAYER=11
0
LWPOLYLINE
8
AI4M_01_ATOM_INTERNAL
90
2
70
0
10
4763.800767999999
20
224.695428
10
4762.705125
20
224.61748599999999
1001
AI4MANUFACTURING
1000
WRITEBACK_PHASE=01_ATOM
1000
ENTITY_ID=line_2383__seg_15
1000
SOURCE_HANDLE=
1000
LINE_ROLE=construction
1000
EDGE=construction_horizontal
1000
CHAIN=
1000
PIECE_ID=
1000
SEAM_PAIR=
1000
PAIRED_CHAIN=
1000
NOTCH_CHAIN=
1000
NOTCH_SOURCE=
1000
PIECE_ROLE=unknown
1000
SEAM_ALLOWANCE_MM=
1000
SOURCE_LAYER=11
0
TEXT
8
AI4M_01_ATOM_INTERNAL
10
4763.800767999999
20
224.695428
30
0
40
2.5
1
AI4M_line_2383__seg_15_construction_construction_horizontal
1001
AI4MANUFACTURING
1000
WRITEBACK_PHASE=01_ATOM_LABEL
1000
ENTITY_ID=line_2383__seg_15
999
AI4M_ENTITY=line_2383__seg_16;LINE_ROLE=construction;EDGE=construction_horizontal;SOURCE_LAYER=11
0
LWPOLYLINE
8
AI4M_01_ATOM_INTERNAL
90
2
70
0
10
4762.705125
20
224.61748599999999
10
4761.655073
20
224.303372
1001
AI4MANUFACTURING
1000
WRITEBACK_PHASE=01_ATOM
1000
ENTITY_ID=line_2383__seg_16
1000
SOURCE_HANDLE=
1000
LINE_ROLE=construction
1000
EDGE=construction_horizontal
1000
CHAIN=
1000
PIECE_ID=
1000
SEAM_PAIR=
1000
PAIRED_CHAIN=
1000
NOTCH_CHAIN=
1000
NOTCH_SOURCE=
1000
PIECE_ROLE=unknown
1000
SEAM_ALLOWANCE_MM=
1000
SOURCE_LAYER=11
0
TEXT
8
AI4M_01_ATOM_INTERNAL
10
4762.705125
20
224.61748599999999
30
0
40
2.5
1
AI4M_line_2383__seg_16_construction_construction_horizontal
1001
AI4MANUFACTURING
1000
WRITEBACK_PHASE=01_ATOM_LABEL
1000
ENTITY_ID=line_2383__seg_16
999
AI4M_ENTITY=line_2383__seg_17;LINE_ROLE=construction;EDGE=construction_horizontal;SOURCE_LAYER=11
0
LWPOLYLINE
8
AI4M_01_ATOM_INTERNAL
90
2
70
0
10
4761.655073
20
224.303372
10
4760.675698
20
223.753638
1001
AI4MANUFACTURING
1000
WRITEBACK_PHASE=01_ATOM
1000
ENTITY_ID=line_2383__seg_17
1000
SOURCE_HANDLE=
1000
LINE_ROLE=construction
1000
EDGE=construction_horizontal
1000
CHAIN=
1000
PIECE_ID=
1000
SEAM_PAIR=
1000
PAIRED_CHAIN=
1000
NOTCH_CHAIN=
1000
NOTCH_SOURCE=
1000
PIECE_ROLE=unknown
1000
SEAM_ALLOWANCE_MM=
1000
SOURCE_LAYER=11
0
TEXT
8
AI4M_01_ATOM_INTERNAL
10
4761.655073
20
224.303372
30
0
40
2.5
1
AI4M_line_2383__seg_17_construction_construction_horizontal
1001
AI4MANUFACTURING
1000
WRITEBACK_PHASE=01_ATOM_LABEL
1000
ENTITY_ID=line_2383__seg_17
999
AI4M_ENTITY=line_2383__seg_18;LINE_ROLE=construction;EDGE=construction_horizontal;SOURCE_LAYER=11
0
LWPOLYLINE
8
AI4M_01_ATOM_INTERNAL
90
2
70
0
10
4760.675698
20
223.753638
10
4759.840822
20
223.001997
1001
AI4MANUFACTURING
1000
WRITEBACK_PHASE=01_ATOM
1000
ENTITY_ID=line_2383__seg_18
1000
SOURCE_HANDLE=
1000
LINE_ROLE=construction
1000
EDGE=construction_horizontal
1000
CHAIN=
1000
PIECE_ID=
1000
SEAM_PAIR=
1000
PAIRED_CHAIN=
1000
NOTCH_CHAIN=
1000
NOTCH_SOURCE=
1000
PIECE_ROLE=unknown
1000
SEAM_ALLOWANCE_MM=
1000
SOURCE_LAYER=11
0
TEXT
8
AI4M_01_ATOM_INTERNAL
10
4760.675698
20
223.753638
30
0
40
2.5
1
AI4M_line_2383__seg_18_construction_construction_horizontal
1001
AI4MANUFACTURING
1000
WRITEBACK_PHASE=01_ATOM_LABEL
1000
ENTITY_ID=line_2383__seg_18
999
AI4M_ENTITY=line_2383__seg_19;LINE_ROLE=construction;EDGE=construction_vertical;SOURCE_LAYER=11
0
LWPOLYLINE
8
AI4M_01_ATOM_INTERNAL
90
2
70
0
10
4759.840822
20
223.001997
10
4759.186315
20
222.080169
1001
AI4MANUFACTURING
1000
WRITEBACK_PHASE=01_ATOM
1000
ENTITY_ID=line_2383__seg_19
1000
SOURCE_HANDLE=
1000
LINE_ROLE=construction
1000
EDGE=construction_vertical
1000
CHAIN=
1000
PIECE_ID=
1000
SEAM_PAIR=
1000
PAIRED_CHAIN=
1000
NOTCH_CHAIN=
1000
NOTCH_SOURCE=
1000
PIECE_ROLE=unknown
1000
SEAM_ALLOWANCE_MM=
1000
SOURCE_LAYER=11
0
TEXT
8
AI4M_01_ATOM_INTERNAL
10
4759.840822
20
223.001997
30
0
40
2.5
1
AI4M_line_2383__seg_19_construction_construction_vertical
1001
AI4MANUFACTURING
1000
WRITEBACK_PHASE=01_ATOM_LABEL
1000
ENTITY_ID=line_2383__seg_19
999
AI4M_ENTITY=line_2383__seg_20;LINE_ROLE=construction;EDGE=construction_vertical;SOURCE_LAYER=11
0
LWPOLYLINE
8
AI4M_01_ATOM_INTERNAL
90
2
70
0
10
4759.186315
20
222.080169
10
4758.747335
20
221.037868
1001
AI4MANUFACTURING
1000
WRITEBACK_PHASE=01_ATOM
1000
ENTITY_ID=line_2383__seg_20
1000
SOURCE_HANDLE=
1000
LINE_ROLE=construction
1000
EDGE=construction_vertical
1000
CHAIN=
1000
PIECE_ID=
1000
SEAM_PAIR=
1000
PAIRED_CHAIN=
1000
NOTCH_CHAIN=
1000
NOTCH_SOURCE=
1000
PIECE_ROLE=unknown
1000
SEAM_ALLOWANCE_MM=
1000
SOURCE_LAYER=11
0
TEXT
8
AI4M_01_ATOM_INTERNAL
10
4759.186315
20
222.080169
30
0
40
2.5
1
AI4M_line_2383__seg_20_construction_construction_vertical
1001
AI4MANUFACTURING
1000
WRITEBACK_PHASE=01_ATOM_LABEL
1000
ENTITY_ID=line_2383__seg_20
999
AI4M_ENTITY=line_2383__seg_21;LINE_ROLE=construction;EDGE=construction_vertical;SOURCE_LAYER=11
0
LWPOLYLINE
8
AI4M_01_ATOM_INTERNAL
90
2
70
0
10
4758.747335
20
221.037868
10
4758.544312
20
219.937008
1001
AI4MANUFACTURING
1000
WRITEBACK_PHASE=01_ATOM
1000
ENTITY_ID=line_2383__seg_21
1000
SOURCE_HANDLE=
1000
LINE_ROLE=construction
1000
EDGE=construction_vertical
1000
CHAIN=
1000
PIECE_ID=
1000
SEAM_PAIR=
1000
PAIRED_CHAIN=
1000
NOTCH_CHAIN=
1000
NOTCH_SOURCE=
1000
PIECE_ROLE=unknown
1000
SEAM_ALLOWANCE_MM=
1000
SOURCE_LAYER=11
0
TEXT
8
AI4M_01_ATOM_INTERNAL
10
4758.747335
20
221.037868
30
0
40
2.5
1
AI4M_line_2383__seg_21_construction_construction_vertical
1001
AI4MANUFACTURING
1000
WRITEBACK_PHASE=01_ATOM_LABEL
1000
ENTITY_ID=line_2383__seg_21
999
AI4M_ENTITY=line_2383__seg_22;LINE_ROLE=construction;EDGE=construction_vertical;SOURCE_LAYER=11
0
LWPOLYLINE
8
AI4M_01_ATOM_INTERNAL
90
2
70
0
10
4758.544312
20
219.937008
10
4758.580882
20
218.813734
1001
AI4MANUFACTURING
1000
WRITEBACK_PHASE=01_ATOM
1000
ENTITY_ID=line_2383__seg_22
1000
SOURCE_HANDLE=
1000
LINE_ROLE=construction
1000
EDGE=construction_vertical
1000
CHAIN=
1000
PIECE_ID=
1000
SEAM_PAIR=
1000
PAIRED_CHAIN=
1000
NOTCH_CHAIN=
1000
NOTCH_SOURCE=
1000
PIECE_ROLE=unknown
1000
SEAM_ALLOWANCE_MM=
1000
SOURCE_LAYER=11
0
TEXT
8
AI4M_01_ATOM_INTERNAL
10
4758.544312
20
219.937008
30
0
40
2.5
1
AI4M_line_2383__seg_22_construction_construction_vertical
1001
AI4MANUFACTURING
1000
WRITEBACK_PHASE=01_ATOM_LABEL
1000
ENTITY_ID=line_2383__seg_22
999
AI4M_ENTITY=line_2383__seg_23;LINE_ROLE=construction;EDGE=construction_vertical;SOURCE_LAYER=11
0
LWPOLYLINE
8
AI4M_01_ATOM_INTERNAL
90
2
70
0
10
4758.580882
20
218.813734
10
4758.856469
20
217.72463599999998
1001
AI4MANUFACTURING
1000
WRITEBACK_PHASE=01_ATOM
1000
ENTITY_ID=line_2383__seg_23
1000
SOURCE_HANDLE=
1000
LINE_ROLE=construction
1000
EDGE=construction_vertical
1000
CHAIN=
1000
PIECE_ID=
1000
SEAM_PAIR=
1000
PAIRED_CHAIN=
1000
NOTCH_CHAIN=
1000
NOTCH_SOURCE=
1000
PIECE_ROLE=unknown
1000
SEAM_ALLOWANCE_MM=
1000
SOURCE_LAYER=11
0
TEXT
8
AI4M_01_ATOM_INTERNAL
10
4758.580882
20
218.813734
30
0
40
2.5
1
AI4M_line_2383__seg_23_construction_construction_vertical
1001
AI4MANUFACTURING
1000
WRITEBACK_PHASE=01_ATOM_LABEL
1000
ENTITY_ID=line_2383__seg_23
999
AI4M_ENTITY=line_2383__seg_24;LINE_ROLE=construction;EDGE=construction_vertical;SOURCE_LAYER=11
0
LWPOLYLINE
8
AI4M_01_ATOM_INTERNAL
90
2
70
0
10
4758.856469
20
217.72463599999998
10
4759.3546910000005
20
216.72677099999999
1001
AI4MANUFACTURING
1000
WRITEBACK_PHASE=01_ATOM
1000
ENTITY_ID=line_2383__seg_24
1000
SOURCE_HANDLE=
1000
LINE_ROLE=construction
1000
EDGE=construction_vertical
1000
CHAIN=
1000
PIECE_ID=
1000
SEAM_PAIR=
1000
PAIRED_CHAIN=
1000
NOTCH_CHAIN=
1000
NOTCH_SOURCE=
1000
PIECE_ROLE=unknown
1000
SEAM_ALLOWANCE_MM=
1000
SOURCE_LAYER=11
0
TEXT
8
AI4M_01_ATOM_INTERNAL
10
4758.856469
20
217.72463599999998
30
0
40
2.5
1
AI4M_line_2383__seg_24_construction_construction_vertical
1001
AI4MANUFACTURING
1000
WRITEBACK_PHASE=01_ATOM_LABEL
1000
ENTITY_ID=line_2383__seg_24
999
AI4M_ENTITY=line_2383__seg_25;LINE_ROLE=construction;EDGE=construction_vertical;SOURCE_LAYER=11
0
LWPOLYLINE
8
AI4M_01_ATOM_INTERNAL
90
2
70
0
10
4759.3546910000005
20
216.72677099999999
10
4760.058720999999
20
215.85779
1001
AI4MANUFACTURING
1000
WRITEBACK_PHASE=01_ATOM
1000
ENTITY_ID=line_2383__seg_25
1000
SOURCE_HANDLE=
1000
LINE_ROLE=construction
1000
EDGE=construction_vertical
1000
CHAIN=
1000
PIECE_ID=
1000
SEAM_PAIR=
1000
PAIRED_CHAIN=
1000
NOTCH_CHAIN=
1000
NOTCH_SOURCE=
1000
PIECE_ROLE=unknown
1000
SEAM_ALLOWANCE_MM=
1000
SOURCE_LAYER=11
0
TEXT
8
AI4M_01_ATOM_INTERNAL
10
4759.3546910000005
20
216.72677099999999
30
0
40
2.5
1
AI4M_line_2383__seg_25_construction_construction_vertical
1001
AI4MANUFACTURING
1000
WRITEBACK_PHASE=01_ATOM_LABEL
1000
ENTITY_ID=line_2383__seg_25
999
AI4M_ENTITY=line_2383__seg_26;LINE_ROLE=construction;EDGE=construction_horizontal;SOURCE_LAYER=11
0
LWPOLYLINE
8
AI4M_01_ATOM_INTERNAL
90
2
70
0
10
4760.058720999999
20
215.85779
10
4760.948678
20
215.15102
1001
AI4MANUFACTURING
1000
WRITEBACK_PHASE=01_ATOM
1000
ENTITY_ID=line_2383__seg_26
1000
SOURCE_HANDLE=
1000
LINE_ROLE=construction
1000
EDGE=construction_horizontal
1000
CHAIN=
1000
PIECE_ID=
1000
SEAM_PAIR=
1000
PAIRED_CHAIN=
1000
NOTCH_CHAIN=
1000
NOTCH_SOURCE=
1000
PIECE_ROLE=unknown
1000
SEAM_ALLOWANCE_MM=
1000
SOURCE_LAYER=11
0
TEXT
8
AI4M_01_ATOM_INTERNAL
10
4760.058720999999
20
215.85779
30
0
40
2.5
1
AI4M_line_2383__seg_26_construction_construction_horizontal
1001
AI4MANUFACTURING
1000
WRITEBACK_PHASE=01_ATOM_LABEL
1000
ENTITY_ID=line_2383__seg_26
999
AI4M_ENTITY=line_2383__seg_27;LINE_ROLE=construction;EDGE=construction_horizontal;SOURCE_LAYER=11
0
LWPOLYLINE
8
AI4M_01_ATOM_INTERNAL
90
2
70
0
10
4760.948678
20
215.15102
10
4761.916646
20
214.681686
1001
AI4MANUFACTURING
1000
WRITEBACK_PHASE=01_ATOM
1000
ENTITY_ID=line_2383__seg_27
1000
SOURCE_HANDLE=
1000
LINE_ROLE=construction
1000
EDGE=construction_horizontal
1000
CHAIN=
1000
PIECE_ID=
1000
SEAM_PAIR=
1000
PAIRED_CHAIN=
1000
NOTCH_CHAIN=
1000
NOTCH_SOURCE=
1000
PIECE_ROLE=unknown
1000
SEAM_ALLOWANCE_MM=
1000
SOURCE_LAYER=11
0
TEXT
8
AI4M_01_ATOM_INTERNAL
10
4760.948678
20
215.15102
30
0
40
2.5
1
AI4M_line_2383__seg_27_construction_construction_horizontal
1001
AI4MANUFACTURING
1000
WRITEBACK_PHASE=01_ATOM_LABEL
1000
ENTITY_ID=line_2383__seg_27
999
AI4M_ENTITY=line_2383__seg_28;LINE_ROLE=construction;EDGE=construction_horizontal;SOURCE_LAYER=11
0
LWPOLYLINE
8
AI4M_01_ATOM_INTERNAL
90
2
70
0
10
4761.916646
20
214.681686
10
4763.60557
20
214.38965
1001
AI4MANUFACTURING
1000
WRITEBACK_PHASE=01_ATOM
1000
ENTITY_ID=line_2383__seg_28
1000
SOURCE_HANDLE=
1000
LINE_ROLE=construction
1000
EDGE=construction_horizontal
1000
CHAIN=
1000
PIECE_ID=
1000
SEAM_PAIR=
1000
PAIRED_CHAIN=
1000
NOTCH_CHAIN=
1000
NOTCH_SOURCE=
1000
PIECE_ROLE=unknown
1000
SEAM_ALLOWANCE_MM=
1000
SOURCE_LAYER=11
0
TEXT
8
AI4M_01_ATOM_INTERNAL
10
4761.916646
20
214.681686
30
0
40
2.5
1
AI4M_line_2383__seg_28_construction_construction_horizontal
1001
AI4MANUFACTURING
1000
WRITEBACK_PHASE=01_ATOM_LABEL
1000
ENTITY_ID=line_2383__seg_28
999
AI4M_ENTITY=line_2862__seg_01;LINE_ROLE=construction;EDGE=construction_vertical;SOURCE_LAYER=11
0
LWPOLYLINE
8
AI4M_01_ATOM_INTERNAL
90
3
70
0
10
10227.361542999999
20
565.223967
10
10188.138825
20
761.284491
10
10148.916108000001
20
957.344977
1001
AI4MANUFACTURING
1000
WRITEBACK_PHASE=01_ATOM
1000
ENTITY_ID=line_2862__seg_01
1000
SOURCE_HANDLE=
1000
LINE_ROLE=construction
1000
EDGE=construction_vertical
1000
CHAIN=
1000
PIECE_ID=
1000
SEAM_PAIR=
1000
PAIRED_CHAIN=
1000
NOTCH_CHAIN=
1000
NOTCH_SOURCE=
1000
PIECE_ROLE=unknown
1000
SEAM_ALLOWANCE_MM=
1000
SOURCE_LAYER=11
0
TEXT
8
AI4M_01_ATOM_INTERNAL
10
10227.361542999999
20
565.223967
30
0
40
2.5
1
AI4M_line_2862__seg_01_construction_construction_vertical
1001
AI4MANUFACTURING
1000
WRITEBACK_PHASE=01_ATOM_LABEL
1000
ENTITY_ID=line_2862__seg_01
999
AI4M_ENTITY=line_2869__seg_01;LINE_ROLE=construction;EDGE=construction_vertical;SOURCE_LAYER=11
0
LWPOLYLINE
8
AI4M_01_ATOM_INTERNAL
90
46
70
0
10
10148.916108000001
20
957.344977
10
10153.2169
20
959.6768050000001
10
10158.044616
20
962.618442
10
10159.459823000001
20
963.535899
10
10162.586643999999
20
965.663805
10
10166.850634999999
20
968.808858
10
10170.294388999999
20
971.5908380000001
10
10170.769164000001
20
971.994076
10
10174.308786
20
975.17781
10
10177.502206000001
20
978.377414
10
10180.277141999999
20
981.497296
10
10181.018184
20
982.393934
10
10183.036651
20
984.982141
10
10185.736412999999
20
988.7992939999999
10
10188.413351
20
993.0192709999999
10
10188.840992000001
20
993.736024
10
10191.139404
20
997.7988929999999
10
10193.919104
20
1003.203454
10
10194.893573000001
20
1005.2277509999999
10
10196.779124
20
1009.333977
10
10197.366587
20
1010.6657110000001
10
10197.368256
20
1010.6694849999999
10
10199.593788
20
1015.9538930000001
10
10201.107086
20
1019.777609
10
10202.39893
20
1023.199664
10
10205.196694999999
20
1031.135337
10
10208.131738
20
1040.245904
10
10211.268960000001
20
1050.830147
10
10211.354392000001
20
1051.129604
10
10214.566712
20
1062.851463
10
10217.794562
20
1075.588022
10
10219.544191
20
1082.916713
10
10221.044859
20
1089.447037
10
10223.75225
20
1101.795391
10
10223.753144
20
1101.799628
10
10224.255167
20
1104.167051
10
10227.302021
20
1118.971294
10
10229.770211
20
1131.334349
10
10230.255085
20
1133.779742
10
10233.09938
20
1148.114108
10
10233.099763
20
1148.116042
10
10233.190766
20
1148.572704
10
10236.147342
20
1163.332296
10
10239.138489
20
1178.151988
10
10242.124031
20
1192.855267
10
10244.249055
20
1203.267027
1001
AI4MANUFACTURING
1000
WRITEBACK_PHASE=01_ATOM
1000
ENTITY_ID=line_2869__seg_01
1000
SOURCE_HANDLE=
1000
LINE_ROLE=construction
1000
EDGE=construction_vertical
1000
CHAIN=
1000
PIECE_ID=
1000
SEAM_PAIR=
1000
PAIRED_CHAIN=
1000
NOTCH_CHAIN=
1000
NOTCH_SOURCE=
1000
PIECE_ROLE=unknown
1000
SEAM_ALLOWANCE_MM=
1000
SOURCE_LAYER=11
0
TEXT
8
AI4M_01_ATOM_INTERNAL
10
10148.916108000001
20
957.344977
30
0
40
2.5
1
AI4M_line_2869__seg_01_construction_construction_vertical
1001
AI4MANUFACTURING
1000
WRITEBACK_PHASE=01_ATOM_LABEL
1000
ENTITY_ID=line_2869__seg_01
999
AI4M_ENTITY=line_2948__seg_01;LINE_ROLE=construction;EDGE=construction_horizontal;SOURCE_LAYER=11
0
LWPOLYLINE
8
AI4M_01_ATOM_INTERNAL
90
20
70
0
10
10244.249055
20
1203.267027
10
10249.727981
20
1199.244801
10
10253.805753
20
1196.537182
10
10257.687628
20
1194.244579
10
10261.924042999999
20
1192.037086
10
10266.550696999999
20
1189.90948
10
10271.352174
20
1187.973958
10
10276.170415
20
1186.293533
10
10280.233247
20
1185.073668
10
10280.233799
20
1185.073574
10
10281.068176
20
1184.844829
10
10286.01562
20
1183.638369
10
10290.942937
20
1182.689455
10
10295.878682999999
20
1181.990655
10
10300.785855
20
1181.546171
10
10305.682326
20
1181.351964
10
10308.665737
20
1181.355611
10
10310.491086
20
1181.4043
10
10314.919021
20
1181.68931
10
10320.282075
20
1182.328612
1001
AI4MANUFACTURING
1000
WRITEBACK_PHASE=01_ATOM
1000
ENTITY_ID=line_2948__seg_01
1000
SOURCE_HANDLE=
1000
LINE_ROLE=construction
1000
EDGE=construction_horizontal
1000
CHAIN=
1000
PIECE_ID=
1000
SEAM_PAIR=
1000
PAIRED_CHAIN=
1000
NOTCH_CHAIN=
1000
NOTCH_SOURCE=
1000
PIECE_ROLE=unknown
1000
SEAM_ALLOWANCE_MM=
1000
SOURCE_LAYER=11
0
TEXT
8
AI4M_01_ATOM_INTERNAL
10
10244.249055
20
1203.267027
30
0
40
2.5
1
AI4M_line_2948__seg_01_construction_construction_horizontal
1001
AI4MANUFACTURING
1000
WRITEBACK_PHASE=01_ATOM_LABEL
1000
ENTITY_ID=line_2948__seg_01
999
AI4M_ENTITY=line_2980__seg_01;LINE_ROLE=construction;EDGE=construction_horizontal;SOURCE_LAYER=11
0
LWPOLYLINE
8
AI4M_01_ATOM_INTERNAL
90
17
70
0
10
10320.282075
20
1182.328612
10
10325.544255
20
1183.232302
10
10329.414809
20
1184.143978
10
10331.91475
20
1184.859883
10
10333.743548
20
1185.436288
10
10338.189149
20
1187.018502
10
10342.754743000001
20
1188.91332
10
10347.407890999999
20
1191.115873
10
10351.638528
20
1193.380679
10
10355.602622
20
1195.775614
10
10359.270031
20
1198.27638
10
10362.751954
20
1200.950404
10
10366.401906
20
1204.072155
10
10370.318727
20
1207.759613
10
10374.047050000001
20
1211.592139
10
10377.666059
20
1215.674654
10
10380.748994
20
1219.4196
1001
AI4MANUFACTURING
1000
WRITEBACK_PHASE=01_ATOM
1000
ENTITY_ID=line_2980__seg_01
1000
SOURCE_HANDLE=
1000
LINE_ROLE=construction
1000
EDGE=construction_horizontal
1000
CHAIN=
1000
PIECE_ID=
1000
SEAM_PAIR=
1000
PAIRED_CHAIN=
1000
NOTCH_CHAIN=
1000
NOTCH_SOURCE=
1000
PIECE_ROLE=unknown
1000
SEAM_ALLOWANCE_MM=
1000
SOURCE_LAYER=11
0
TEXT
8
AI4M_01_ATOM_INTERNAL
10
10320.282075
20
1182.328612
30
0
40
2.5
1
AI4M_line_2980__seg_01_construction_construction_horizontal
1001
AI4MANUFACTURING
1000
WRITEBACK_PHASE=01_ATOM_LABEL
1000
ENTITY_ID=line_2980__seg_01
999
AI4M_ENTITY=line_3002__seg_01;LINE_ROLE=construction;EDGE=construction_vertical;SOURCE_LAYER=11
0
LWPOLYLINE
8
AI4M_01_ATOM_INTERNAL
90
42
70
0
10
10380.748994
20
1219.4196
10
10386.146492
20
1205.112827
10
10388.816936
20
1198.082292
10
10391.507658
20
1191.041206
10
10396.491918
20
1178.112199
10
10396.955665000001
20
1176.916439
10
10402.444886000001
20
1162.876108
10
10408.0177
20
1148.868824
10
10408.873356
20
1146.742887
10
10413.670488
20
1134.941605
10
10419.416906
20
1121.004766
10
10420.134567000001
20
1119.275011
10
10425.223342000001
20
1107.021681
10
10426.379487
20
1104.227454
10
10426.380734
20
1104.225029
10
10430.965981000001
20
1093.070871
10
10436.407113000001
20
1079.719771
10
10436.690881
20
1079.021497
10
10442.381947
20
1065.061965
10
10448.143672
20
1051.131417
10
10449.550253000001
20
1047.779522
10
10454.065804
20
1037.202966
10
10459.193592
20
1025.670152
10
10459.193716
20
1025.669881
10
10463.370920000001
20
1016.8379070000001
10
10467.12732
20
1009.445962
10
10469.038723
20
1005.8942239999999
10
10470.786382
20
1002.7697860000001
10
10474.239421999999
20
996.9534410000001
10
10477.543073
20
991.8515749999999
10
10478.950196
20
989.819066
10
10480.721217999999
20
987.379469
10
10483.83344
20
983.4050199999999
10
10487.026513
20
979.728297
10
10490.22582
20
976.421876
10
10493.679354
20
973.2172929999999
10
10494.341535
20
972.638303
10
10497.672789
20
969.866073
10
10502.254124
20
966.363333
10
10506.819638
20
963.179943
10
10511.599709
20
960.16103
10
10516.451508
20
957.345015
1001
AI4MANUFACTURING
1000
WRITEBACK_PHASE=01_ATOM
1000
ENTITY_ID=line_3002__seg_01
1000
SOURCE_HANDLE=
1000
LINE_ROLE=construction
1000
EDGE=construction_vertical
1000
CHAIN=
1000
PIECE_ID=
1000
SEAM_PAIR=
1000
PAIRED_CHAIN=
1000
NOTCH_CHAIN=
1000
NOTCH_SOURCE=
1000
PIECE_ROLE=unknown
1000
SEAM_ALLOWANCE_MM=
1000
SOURCE_LAYER=11
0
TEXT
8
AI4M_01_ATOM_INTERNAL
10
10380.748994
20
1219.4196
30
0
40
2.5
1
AI4M_line_3002__seg_01_construction_construction_vertical
1001
AI4MANUFACTURING
1000
WRITEBACK_PHASE=01_ATOM_LABEL
1000
ENTITY_ID=line_3002__seg_01
999
AI4M_ENTITY=line_3071__seg_01;LINE_ROLE=construction;EDGE=construction_vertical;SOURCE_LAYER=11
0
LWPOLYLINE
8
AI4M_01_ATOM_INTERNAL
90
3
70
0
10
10516.451508
20
957.345015
10
10478.455903
20
761.264349
10
10440.46457
20
565.183712
1001
AI4MANUFACTURING
1000
WRITEBACK_PHASE=01_ATOM
1000
ENTITY_ID=line_3071__seg_01
1000
SOURCE_HANDLE=
1000
LINE_ROLE=construction
1000
EDGE=construction_vertical
1000
CHAIN=
1000
PIECE_ID=
1000
SEAM_PAIR=
1000
PAIRED_CHAIN=
1000
NOTCH_CHAIN=
1000
NOTCH_SOURCE=
1000
PIECE_ROLE=unknown
1000
SEAM_ALLOWANCE_MM=
1000
SOURCE_LAYER=11
0
TEXT
8
AI4M_01_ATOM_INTERNAL
10
10516.451508
20
957.345015
30
0
40
2.5
1
AI4M_line_3071__seg_01_construction_construction_vertical
1001
AI4MANUFACTURING
1000
WRITEBACK_PHASE=01_ATOM_LABEL
1000
ENTITY_ID=line_3071__seg_01
999
AI4M_ENTITY=line_3078__seg_01;LINE_ROLE=construction;EDGE=construction_horizontal;SOURCE_LAYER=11
0
LWPOLYLINE
8
AI4M_01_ATOM_INTERNAL
90
19
70
0
10
10440.46457
20
565.183712
10
10424.958697
20
565.1873390000001
10
10409.823462
20
565.191567
10
10394.688441
20
565.196522
10
10379.56554
20
565.202385
10
10364.323431
20
565.208937
10
10349.081279
20
565.21537
10
10333.818904
20
565.220907
10
10331.897879
20
565.221495
10
10320.281464
20
565.224215
10
10320.280780000001
20
565.224213
10
10318.375342
20
565.224499
10
10308.665901
20
565.225282
10
10302.950164
20
565.225315
10
10287.708019
20
565.224599
10
10272.540219999999
20
565.223851
10
10257.298087
20
565.223467
10
10242.055980000001
20
565.223505
10
10227.361542999999
20
565.223967
1001
AI4MANUFACTURING
1000
WRITEBACK_PHASE=01_ATOM
1000
ENTITY_ID=line_3078__seg_01
1000
SOURCE_HANDLE=
1000
LINE_ROLE=construction
1000
EDGE=construction_horizontal
1000
CHAIN=
1000
PIECE_ID=
1000
SEAM_PAIR=
1000
PAIRED_CHAIN=
1000
NOTCH_CHAIN=
1000
NOTCH_SOURCE=
1000
PIECE_ROLE=unknown
1000
SEAM_ALLOWANCE_MM=
1000
SOURCE_LAYER=11
0
TEXT
8
AI4M_01_ATOM_INTERNAL
10
10440.46457
20
565.183712
30
0
40
2.5
1
AI4M_line_3078__seg_01_construction_construction_horizontal
1001
AI4MANUFACTURING
1000
WRITEBACK_PHASE=01_ATOM_LABEL
1000
ENTITY_ID=line_3078__seg_01
999
AI4M_ENTITY=line_3108;LINE_ROLE=construction;EDGE=construction_horizontal;SOURCE_LAYER=11
0
LWPOLYLINE
8
AI4M_01_ATOM_INTERNAL
90
2
70
0
10
10151.204011
20
946.9824659999999
10
10514.227386999999
20
946.9824659999999
1001
AI4MANUFACTURING
1000
WRITEBACK_PHASE=01_ATOM
1000
ENTITY_ID=line_3108
1000
SOURCE_HANDLE=
1000
LINE_ROLE=construction
1000
EDGE=construction_horizontal
1000
CHAIN=
1000
PIECE_ID=
1000
SEAM_PAIR=
1000
PAIRED_CHAIN=
1000
NOTCH_CHAIN=
1000
NOTCH_SOURCE=
1000
PIECE_ROLE=unknown
1000
SEAM_ALLOWANCE_MM=
1000
SOURCE_LAYER=11
0
TEXT
8
AI4M_01_ATOM_INTERNAL
10
10151.204011
20
946.9824659999999
30
0
40
2.5
1
AI4M_line_3108_construction_construction_horizontal
1001
AI4MANUFACTURING
1000
WRITEBACK_PHASE=01_ATOM_LABEL
1000
ENTITY_ID=line_3108
999
AI4M_ENTITY=line_3113__seg_01;LINE_ROLE=construction;EDGE=construction_vertical;SOURCE_LAYER=11
0
LWPOLYLINE
8
AI4M_01_ATOM_INTERNAL
90
41
70
0
10
10320.282075
20
1182.328612
10
10320.281894
20
1166.589469
10
10320.281746
20
1151.267094
10
10320.281624
20
1135.824015
10
10320.281538
20
1120.698093
10
10320.281493
20
1105.164926
10
10320.281493999999
20
1089.631771
10
10320.281544000001
20
1074.098617
10
10320.281638
20
1059.053743
10
10320.281764
20
1043.520595
10
10320.281891999999
20
1027.987417
10
10320.281991
20
1012.5826569999999
10
10320.282041999999
20
997.049493
10
10320.282044
20
981.516327
10
10320.281995000001
20
965.983162
10
10320.2819
20
950.5783260000001
10
10320.281785
20
935.045166
10
10320.281695
20
919.512005
10
10320.281673000001
20
904.1072449999999
10
10320.281735
20
888.574062
10
10320.281844000001
20
873.040915
10
10320.281955999999
20
857.50773
10
10320.282030999999
20
842.102989
10
10320.282065
20
826.5698090000001
10
10320.282073999999
20
811.03667
10
10320.282075
20
795.872032
10
10320.282075
20
780.338896
10
10320.282075
20
764.805721
10
10320.282075
20
749.906167
10
10320.282075
20
733.5100669999999
10
10320.282075
20
717.976888
10
10320.282075
20
702.443746
10
10320.282075
20
687.249654
10
10320.282075
20
671.716511
10
10320.282075
20
656.183331
10
10320.282075
20
640.4447660000001
10
10320.282075
20
624.9115830000001
10
10320.282075
20
609.3784390000001
10
10320.282075
20
594.024343
10
10320.282075
20
578.736355
10
10320.282075
20
565.224215
1001
AI4MANUFACTURING
1000
WRITEBACK_PHASE=01_ATOM
1000
ENTITY_ID=line_3113__seg_01
1000
SOURCE_HANDLE=
1000
LINE_ROLE=construction
1000
EDGE=construction_vertical
1000
CHAIN=
1000
PIECE_ID=
1000
SEAM_PAIR=
1000
PAIRED_CHAIN=
1000
NOTCH_CHAIN=
1000
NOTCH_SOURCE=
1000
PIECE_ROLE=unknown
1000
SEAM_ALLOWANCE_MM=
1000
SOURCE_LAYER=11
0
TEXT
8
AI4M_01_ATOM_INTERNAL
10
10320.282075
20
1182.328612
30
0
40
2.5
1
AI4M_line_3113__seg_01_construction_construction_vertical
1001
AI4MANUFACTURING
1000
WRITEBACK_PHASE=01_ATOM_LABEL
1000
ENTITY_ID=line_3113__seg_01
999
AI4M_ENTITY=notch_pair_4_1;LINE_ROLE=notch;EDGE=;SOURCE_LAYER=4
0
LWPOLYLINE
8
AI4M_01_ATOM_NOTCH
90
2
70
0
10
8801.015972
20
673.467384
10
8836.015057
20
673.235679
1001
AI4MANUFACTURING
1000
WRITEBACK_PHASE=01_ATOM
1000
ENTITY_ID=notch_pair_4_1
1000
SOURCE_HANDLE=
1000
LINE_ROLE=notch
1000
EDGE=
1000
CHAIN=
1000
PIECE_ID=
1000
SEAM_PAIR=
1000
PAIRED_CHAIN=
1000
NOTCH_CHAIN=
1000
NOTCH_SOURCE=
1000
PIECE_ROLE=
1000
SEAM_ALLOWANCE_MM=
1000
SOURCE_LAYER=4
0
TEXT
8
AI4M_01_ATOM_NOTCH
10
8801.015972
20
673.467384
30
0
40
2.5
1
AI4M_notch_pair_4_1_notch_
1001
AI4MANUFACTURING
1000
WRITEBACK_PHASE=01_ATOM_LABEL
1000
ENTITY_ID=notch_pair_4_1
999
AI4M_ENTITY=notch_pair_4_18;LINE_ROLE=notch;EDGE=;SOURCE_LAYER=4
0
LWPOLYLINE
8
AI4M_01_ATOM_NOTCH
90
2
70
0
10
7979.010649
20
687.437788
10
7944.01126
20
687.207018
1001
AI4MANUFACTURING
1000
WRITEBACK_PHASE=01_ATOM
1000
ENTITY_ID=notch_pair_4_18
1000
SOURCE_HANDLE=
1000
LINE_ROLE=notch
1000
EDGE=
1000
CHAIN=
1000
PIECE_ID=
1000
SEAM_PAIR=
1000
PAIRED_CHAIN=
1000
NOTCH_CHAIN=
1000
NOTCH_SOURCE=
1000
PIECE_ROLE=
1000
SEAM_ALLOWANCE_MM=
1000
SOURCE_LAYER=4
0
TEXT
8
AI4M_01_ATOM_NOTCH
10
7979.010649
20
687.437788
30
0
40
2.5
1
AI4M_notch_pair_4_18_notch_
1001
AI4MANUFACTURING
1000
WRITEBACK_PHASE=01_ATOM_LABEL
1000
ENTITY_ID=notch_pair_4_18
999
AI4M_ENTITY=notch_pair_4_8;LINE_ROLE=notch;EDGE=;SOURCE_LAYER=4
0
LWPOLYLINE
8
AI4M_01_ATOM_NOTCH
90
2
70
0
10
9398.984112
20
673.467384
10
9363.985026999999
20
673.235679
1001
AI4MANUFACTURING
1000
WRITEBACK_PHASE=01_ATOM
1000
ENTITY_ID=notch_pair_4_8
1000
SOURCE_HANDLE=
1000
LINE_ROLE=notch
1000
EDGE=
1000
CHAIN=
1000
PIECE_ID=
1000
SEAM_PAIR=
1000
PAIRED_CHAIN=
1000
NOTCH_CHAIN=
1000
NOTCH_SOURCE=
1000
PIECE_ROLE=
1000
SEAM_ALLOWANCE_MM=
1000
SOURCE_LAYER=4
0
TEXT
8
AI4M_01_ATOM_NOTCH
10
9398.984112
20
673.467384
30
0
40
2.5
1
AI4M_notch_pair_4_8_notch_
1001
AI4MANUFACTURING
1000
WRITEBACK_PHASE=01_ATOM_LABEL
1000
ENTITY_ID=notch_pair_4_8
999
AI4M_ENTITY=notch_pair_4_9;LINE_ROLE=notch;EDGE=;SOURCE_LAYER=4
0
LWPOLYLINE
8
AI4M_01_ATOM_NOTCH
90
2
70
0
10
7380.992461
20
687.437788
10
7415.99185
20
687.207018
1001
AI4MANUFACTURING
1000
WRITEBACK_PHASE=01_ATOM
1000
ENTITY_ID=notch_pair_4_9
1000
SOURCE_HANDLE=
1000
LINE_ROLE=notch
1000
EDGE=
1000
CHAIN=
1000
PIECE_ID=
1000
SEAM_PAIR=
1000
PAIRED_CHAIN=
1000
NOTCH_CHAIN=
1000
NOTCH_SOURCE=
1000
PIECE_ROLE=
1000
SEAM_ALLOWANCE_MM=
1000
SOURCE_LAYER=4
0
TEXT
8
AI4M_01_ATOM_NOTCH
10
7380.992461
20
687.437788
30
0
40
2.5
1
AI4M_notch_pair_4_9_notch_
1001
AI4MANUFACTURING
1000
WRITEBACK_PHASE=01_ATOM_LABEL
1000
ENTITY_ID=notch_pair_4_9
999
AI4M_ENTITY=notch_pair_4_39;LINE_ROLE=notch;EDGE=;SOURCE_LAYER=4
0
LWPOLYLINE
8
AI4M_01_ATOM_NOTCH
90
2
70
0
10
10282.452485
20
1193.804213
10
10280.233247
20
1185.073668
1001
AI4MANUFACTURING
1000
WRITEBACK_PHASE=01_ATOM
1000
ENTITY_ID=notch_pair_4_39
1000
SOURCE_HANDLE=
1000
LINE_ROLE=notch
1000
EDGE=
1000
CHAIN=
1000
PIECE_ID=
1000
SEAM_PAIR=
1000
PAIRED_CHAIN=
1000
NOTCH_CHAIN=
1000
NOTCH_SOURCE=
1000
PIECE_ROLE=
1000
SEAM_ALLOWANCE_MM=
1000
SOURCE_LAYER=4
0
TEXT
8
AI4M_01_ATOM_NOTCH
10
10282.452485
20
1193.804213
30
0
40
2.5
1
AI4M_notch_pair_4_39_notch_
1001
AI4MANUFACTURING
1000
WRITEBACK_PHASE=01_ATOM_LABEL
1000
ENTITY_ID=notch_pair_4_39
999
AI4M_ENTITY=notch_pair_4_38;LINE_ROLE=notch;EDGE=;SOURCE_LAYER=4
0
LWPOLYLINE
8
AI4M_01_ATOM_NOTCH
90
2
70
0
10
10224.270417
20
1149.893538
10
10233.099763
20
1148.116042
1001
AI4MANUFACTURING
1000
WRITEBACK_PHASE=01_ATOM
1000
ENTITY_ID=notch_pair_4_38
1000
SOURCE_HANDLE=
1000
LINE_ROLE=notch
1000
EDGE=
1000
CHAIN=
1000
PIECE_ID=
1000
SEAM_PAIR=
1000
PAIRED_CHAIN=
1000
NOTCH_CHAIN=
1000
NOTCH_SOURCE=
1000
PIECE_ROLE=
1000
SEAM_ALLOWANCE_MM=
1000
SOURCE_LAYER=4
0
TEXT
8
AI4M_01_ATOM_NOTCH
10
10224.270417
20
1149.893538
30
0
40
2.5
1
AI4M_notch_pair_4_38_notch_
1001
AI4MANUFACTURING
1000
WRITEBACK_PHASE=01_ATOM_LABEL
1000
ENTITY_ID=notch_pair_4_38
999
AI4M_ENTITY=notch_pair_4_15;LINE_ROLE=notch;EDGE=;SOURCE_LAYER=4
0
LWPOLYLINE
8
AI4M_01_ATOM_NOTCH
90
2
70
0
10
7837.890654
20
1030.936819
10
7831.064786999999
20
1025.117461
1001
AI4MANUFACTURING
1000
WRITEBACK_PHASE=01_ATOM
1000
ENTITY_ID=notch_pair_4_15
1000
SOURCE_HANDLE=
1000
LINE_ROLE=notch
1000
EDGE=
1000
CHAIN=
1000
PIECE_ID=
1000
SEAM_PAIR=
1000
PAIRED_CHAIN=
1000
NOTCH_CHAIN=
1000
NOTCH_SOURCE=
1000
PIECE_ROLE=
1000
SEAM_ALLOWANCE_MM=
1000
SOURCE_LAYER=4
0
TEXT
8
AI4M_01_ATOM_NOTCH
10
7837.890654
20
1030.936819
30
0
40
2.5
1
AI4M_notch_pair_4_15_notch_
1001
AI4MANUFACTURING
1000
WRITEBACK_PHASE=01_ATOM_LABEL
1000
ENTITY_ID=notch_pair_4_15
999
AI4M_ENTITY=notch_pair_4_14;LINE_ROLE=notch;EDGE=;SOURCE_LAYER=4
0
LWPOLYLINE
8
AI4M_01_ATOM_NOTCH
90
2
70
0
10
7804.825468999999
20
1067.859389
10
7798.2898239999995
20
1061.779601
1001
AI4MANUFACTURING
1000
WRITEBACK_PHASE=01_ATOM
1000
ENTITY_ID=notch_pair_4_14
1000
SOURCE_HANDLE=
1000
LINE_ROLE=notch
1000
EDGE=
1000
CHAIN=
1000
PIECE_ID=
1000
SEAM_PAIR=
1000
PAIRED_CHAIN=
1000
NOTCH_CHAIN=
1000
NOTCH_SOURCE=
1000
PIECE_ROLE=
1000
SEAM_ALLOWANCE_MM=
1000
SOURCE_LAYER=4
0
TEXT
8
AI4M_01_ATOM_NOTCH
10
7804.825468999999
20
1067.859389
30
0
40
2.5
1
AI4M_notch_pair_4_14_notch_
1001
AI4MANUFACTURING
1000
WRITEBACK_PHASE=01_ATOM_LABEL
1000
ENTITY_ID=notch_pair_4_14
999
AI4M_ENTITY=notch_pair_4_36;LINE_ROLE=notch;EDGE=;SOURCE_LAYER=4
0
LWPOLYLINE
8
AI4M_01_ATOM_NOTCH
90
2
70
0
10
10189.112946000001
20
1014.385229
10
10197.368256
20
1010.6694849999999
1001
AI4MANUFACTURING
1000
WRITEBACK_PHASE=01_ATOM
1000
ENTITY_ID=notch_pair_4_36
1000
SOURCE_HANDLE=
1000
LINE_ROLE=notch
1000
EDGE=
1000
CHAIN=
1000
PIECE_ID=
1000
SEAM_PAIR=
1000
PAIRED_CHAIN=
1000
NOTCH_CHAIN=
1000
NOTCH_SOURCE=
1000
PIECE_ROLE=
1000
SEAM_ALLOWANCE_MM=
1000
SOURCE_LAYER=4
0
TEXT
8
AI4M_01_ATOM_NOTCH
10
10189.112946000001
20
1014.385229
30
0
40
2.5
1
AI4M_notch_pair_4_36_notch_
1001
AI4MANUFACTURING
1000
WRITEBACK_PHASE=01_ATOM_LABEL
1000
ENTITY_ID=notch_pair_4_36
999
AI4M_ENTITY=notch_pair_4_16;LINE_ROLE=notch;EDGE=;SOURCE_LAYER=4
0
LWPOLYLINE
8
AI4M_01_ATOM_NOTCH
90
2
70
0
10
7891.762724
20
952.824828
10
7884.294768
20
947.7121030000001
1001
AI4MANUFACTURING
1000
WRITEBACK_PHASE=01_ATOM
1000
ENTITY_ID=notch_pair_4_16
1000
SOURCE_HANDLE=
1000
LINE_ROLE=notch
1000
EDGE=
1000
CHAIN=
1000
PIECE_ID=
1000
SEAM_PAIR=
1000
PAIRED_CHAIN=
1000
NOTCH_CHAIN=
1000
NOTCH_SOURCE=
1000
PIECE_ROLE=
1000
SEAM_ALLOWANCE_MM=
1000
SOURCE_LAYER=4
0
TEXT
8
AI4M_01_ATOM_NOTCH
10
7891.762724
20
952.824828
30
0
40
2.5
1
AI4M_notch_pair_4_16_notch_
1001
AI4MANUFACTURING
1000
WRITEBACK_PHASE=01_ATOM_LABEL
1000
ENTITY_ID=notch_pair_4_16
999
AI4M_WRITEBACK_PHASE=02_EDGE_CHAIN
0
LWPOLYLINE
8
AI4M_02_EDGE_CHAIN
90
3
70
0
10
8799.649089999999
20
467.073885
10
8801.015972
20
673.467384
10
8801.115154
20
688.467079
1001
AI4MANUFACTURING
1000
WRITEBACK_PHASE=02_EDGE_CHAIN
1000
CHAIN=piece_01_left_front_neckline
1000
PIECE_ID=piece_01
1000
EDGE=front_neckline
1000
LINE_ROLE=net_boundary
1000
SOURCE=geometry_bbox_edge_chain_candidate
0
TEXT
8
AI4M_02_EDGE_CHAIN
10
8799.649089999999
20
467.073885
30
0
40
2.5
1
CHAIN_piece_01_left_front_neckline_front_neckline
1001
AI4MANUFACTURING
1000
WRITEBACK_PHASE=02_EDGE_CHAIN
1000
CHAIN=piece_01_left_front_neckline
1000
PIECE_ID=piece_01
1000
EDGE=front_neckline
1000
LINE_ROLE=net_boundary
1000
SOURCE=geometry_bbox_edge_chain_candidate
0
LWPOLYLINE
8
AI4M_02_EDGE_CHAIN
90
5
70
0
10
8801.115154
20
688.467079
10
8827.209209
20
703.293186
10
8827.209209
20
703.293186
10
8827.661175
20
773.2917170000001
10
8828.408855
20
888.99881
1001
AI4MANUFACTURING
1000
WRITEBACK_PHASE=02_EDGE_CHAIN
1000
CHAIN=piece_01_left_side_seam
1000
PIECE_ID=piece_01
1000
EDGE=side_seam
1000
LINE_ROLE=net_boundary
1000
SOURCE=geometry_bbox_edge_chain_candidate
0
TEXT
8
AI4M_02_EDGE_CHAIN
10
8801.115154
20
688.467079
30
0
40
2.5
1
CHAIN_piece_01_left_side_seam_side_seam
1001
AI4MANUFACTURING
1000
WRITEBACK_PHASE=02_EDGE_CHAIN
1000
CHAIN=piece_01_left_side_seam
1000
PIECE_ID=piece_01
1000
EDGE=side_seam
1000
LINE_ROLE=net_boundary
1000
SOURCE=geometry_bbox_edge_chain_candidate
0
LWPOLYLINE
8
AI4M_02_EDGE_CHAIN
90
43
70
0
10
8828.408855
20
888.99881
10
8835.178875
20
892.527328
10
8839.565777
20
894.845405
10
8844.532513
20
897.783333
10
8847.494854
20
899.77697
10
8849.071863000001
20
900.9987619999999
10
8852.733196
20
903.835388
10
8855.580792
20
906.476761
10
8858.862346999998
20
909.8439559999999
10
8861.008343
20
912.380996
10
8861.113046999999
20
912.512259
10
8865.864604999999
20
918.469024
10
8868.646282
20
922.399269
10
8871.999859
20
927.65287
10
8872.727001
20
928.8299529999999
10
8876.604961000001
20
935.107513
10
8880.033610999999
20
941.197563
10
8882.666379999999
20
946.196359
10
8887.080119999999
20
954.57666
10
8894.115643000001
20
967.883659
10
8898.571859
20
976.245303
10
8901.200909
20
981.178451
10
8905.160564
20
988.258949
10
8910.385784
20
997.04763
10
8914.455608
20
1003.476234
10
8917.716155999999
20
1008.327231
10
8922.841229
20
1015.95224
10
8927.863812
20
1023.051544
10
8933.529095
20
1030.616012
10
8934.213125999999
20
1031.513639
10
8939.183466999999
20
1038.0360190000001
10
8942.665752
20
1042.605682
10
8951.792339
20
1054.56903
10
8960.947307999999
20
1066.529403
10
8960.956376999999
20
1066.5412259999998
10
8970.124249
20
1078.4917599999999
10
8979.221844
20
1090.440994
10
8984.358776000001
20
1097.248445
10
8988.28709
20
1102.4542390000001
10
8989.232268
20
1103.706357
10
8997.371563
20
1114.488846
10
9006.42033
20
1126.4698939999998
10
9011.04649
20
1132.590271
1001
AI4MANUFACTURING
1000
WRITEBACK_PHASE=02_EDGE_CHAIN
1000
CHAIN=piece_01_bottom_back_neckline
1000
PIECE_ID=piece_01
1000
EDGE=back_neckline
1000
LINE_ROLE=net_boundary
1000
SOURCE=geometry_bbox_edge_chain_candidate
0
TEXT
8
AI4M_02_EDGE_CHAIN
10
8828.408855
20
888.99881
30
0
40
2.5
1
CHAIN_piece_01_bottom_back_neckline_back_neckline
1001
AI4MANUFACTURING
1000
WRITEBACK_PHASE=02_EDGE_CHAIN
1000
CHAIN=piece_01_bottom_back_neckline
1000
PIECE_ID=piece_01
1000
EDGE=back_neckline
1000
LINE_ROLE=net_boundary
1000
SOURCE=geometry_bbox_edge_chain_candidate
0
LWPOLYLINE
8
AI4M_02_EDGE_CHAIN
90
56
70
0
10
9011.04649
20
1132.590271
10
9024.260906
20
1131.295028
10
9034.450115
20
1130.5351409999998
10
9044.037518000001
20
1130.075851
10
9055.611309
20
1129.812942
10
9070.697979
20
1129.672943
10
9085.71629
20
1129.62976
10
9100.000042
20
1129.6338799999999
10
9115.529522
20
1129.630829
10
9130.547833
20
1129.680191
10
9145.571636
20
1129.830108
10
9156.832011999999
20
1130.107055
10
9166.275372
20
1130.58023
10
9176.283306
20
1131.3422540000001
10
9188.953593999999
20
1132.590271
10
9188.953593999999
20
1132.590271
10
9198.135723
20
1120.439468
10
9207.211040999999
20
1108.42218
10
9210.766475
20
1103.705487
10
9216.265910999999
20
1096.409851
10
9225.386089
20
1084.3737179999998
10
9234.543194
20
1072.408539
10
9239.041856
20
1066.5397050000001
10
9243.722576
20
1060.4333649999999
10
9252.852214999999
20
1048.485504
10
9260.814924999999
20
1038.033964
10
9261.980328
20
1036.504303
10
9265.770396
20
1031.5010109999998
10
9271.131023
20
1024.424415
10
9276.260723
20
1017.253738
10
9282.284626
20
1008.328057
10
9284.705853
20
1004.740501
10
9288.58189
20
998.721061
10
9293.569072999999
20
990.4404979999999
10
9297.852214999999
20
982.918907
10
9301.420086
20
976.2407929999999
10
9304.970135
20
969.596039
10
9312.015727999998
20
956.297241
10
9317.323287
20
946.190584
10
9319.000896
20
942.996078
10
9322.642864
20
936.399666
10
9325.838055
20
931.0942229999999
10
9327.277052
20
928.832688
10
9331.644939
20
921.968094
10
9334.445232
20
918.057533
10
9338.293804
20
913.245636
10
9338.898899
20
912.521853
10
9341.138653
20
909.842773
10
9344.176372999998
20
906.715408
10
9347.225688999999
20
903.8710169999999
10
9349.738506
20
901.868644
10
9350.925939
20
900.996416
10
9354.103740999999
20
898.662162
10
9358.019451
20
896.237846
10
9362.631878
20
893.649345
10
9371.591229
20
888.99881
1001
AI4MANUFACTURING
1000
WRITEBACK_PHASE=02_EDGE_CHAIN
1000
CHAIN=piece_01_bottom_hem
1000
PIECE_ID=piece_01
1000
EDGE=hem
1000
LINE_ROLE=net_boundary
1000
SOURCE=geometry_bbox_edge_chain_candidate
0
TEXT
8
AI4M_02_EDGE_CHAIN
10
9011.04649
20
1132.590271
30
0
40
2.5
1
CHAIN_piece_01_bottom_hem_hem
1001
AI4MANUFACTURING
1000
WRITEBACK_PHASE=02_EDGE_CHAIN
1000
CHAIN=piece_01_bottom_hem
1000
PIECE_ID=piece_01
1000
EDGE=hem
1000
LINE_ROLE=net_boundary
1000
SOURCE=geometry_bbox_edge_chain_candidate
0
LWPOLYLINE
8
AI4M_02_EDGE_CHAIN
90
3
70
0
10
9371.591229
20
888.99881
10
9372.338909
20
773.2917170000001
10
9372.790874999999
20
703.293186
1001
AI4MANUFACTURING
1000
WRITEBACK_PHASE=02_EDGE_CHAIN
1000
CHAIN=piece_01_right_armhole_front
1000
PIECE_ID=piece_01
1000
EDGE=armhole_front
1000
LINE_ROLE=net_boundary
1000
SOURCE=geometry_bbox_edge_chain_candidate
0
TEXT
8
AI4M_02_EDGE_CHAIN
10
9371.591229
20
888.99881
30
0
40
2.5
1
CHAIN_piece_01_right_armhole_front_armhole_front
1001
AI4MANUFACTURING
1000
WRITEBACK_PHASE=02_EDGE_CHAIN
1000
CHAIN=piece_01_right_armhole_front
1000
PIECE_ID=piece_01
1000
EDGE=armhole_front
1000
LINE_ROLE=net_boundary
1000
SOURCE=geometry_bbox_edge_chain_candidate
0
LWPOLYLINE
8
AI4M_02_EDGE_CHAIN
90
5
70
0
10
9372.790874999999
20
703.293186
10
9398.88493
20
688.467079
10
9398.88493
20
688.467079
10
9398.984112
20
673.467384
10
9400.350994
20
467.073885
1001
AI4MANUFACTURING
1000
WRITEBACK_PHASE=02_EDGE_CHAIN
1000
CHAIN=piece_01_right_side_seam
1000
PIECE_ID=piece_01
1000
EDGE=side_seam
1000
LINE_ROLE=net_boundary
1000
SOURCE=geometry_bbox_edge_chain_candidate
0
TEXT
8
AI4M_02_EDGE_CHAIN
10
9372.790874999999
20
703.293186
30
0
40
2.5
1
CHAIN_piece_01_right_side_seam_side_seam
1001
AI4MANUFACTURING
1000
WRITEBACK_PHASE=02_EDGE_CHAIN
1000
CHAIN=piece_01_right_side_seam
1000
PIECE_ID=piece_01
1000
EDGE=side_seam
1000
LINE_ROLE=net_boundary
1000
SOURCE=geometry_bbox_edge_chain_candidate
0
LWPOLYLINE
8
AI4M_02_EDGE_CHAIN
90
7
70
0
10
9400.350994
20
467.073885
10
9335.302776
20
467.073885
10
9244.847149
20
467.073885
10
9100.000042
20
467.073885
10
8955.152935
20
467.073885
10
8864.697307999999
20
467.073885
10
8799.649089999999
20
467.073885
1001
AI4MANUFACTURING
1000
WRITEBACK_PHASE=02_EDGE_CHAIN
1000
CHAIN=piece_01_top_front_neckline
1000
PIECE_ID=piece_01
1000
EDGE=front_neckline
1000
LINE_ROLE=net_boundary
1000
SOURCE=geometry_bbox_edge_chain_candidate
0
TEXT
8
AI4M_02_EDGE_CHAIN
10
9400.350994
20
467.073885
30
0
40
2.5
1
CHAIN_piece_01_top_front_neckline_front_neckline
1001
AI4MANUFACTURING
1000
WRITEBACK_PHASE=02_EDGE_CHAIN
1000
CHAIN=piece_01_top_front_neckline
1000
PIECE_ID=piece_01
1000
EDGE=front_neckline
1000
LINE_ROLE=net_boundary
1000
SOURCE=geometry_bbox_edge_chain_candidate
0
LWPOLYLINE
8
AI4M_02_EDGE_CHAIN
90
20
70
0
10
7379.642363
20
482.707535
10
7380.992461
20
687.437788
10
7381.091643
20
702.4374829999999
10
7381.091643
20
702.4374829999999
10
7407.173796
20
717.260252
10
7407.173796
20
717.260252
10
7407.270537
20
733.230864
10
7407.363004999999
20
748.272025
10
7407.457915
20
763.417212
10
7407.553435
20
778.562361
10
7407.608055
20
787.261232
10
7407.650786
20
794.066512
10
7407.7475269999995
20
809.211699
10
7407.846404
20
824.3568479999999
10
7407.946806
20
839.5019589999999
10
7408.0508709999995
20
855.072829
10
7408.153104999999
20
870.283171
10
7408.25656
20
885.619208
10
7408.356658
20
900.401503
10
7408.394805
20
906.0084589999999
1001
AI4MANUFACTURING
1000
WRITEBACK_PHASE=02_EDGE_CHAIN
1000
CHAIN=piece_02_left_side_seam
1000
PIECE_ID=piece_02
1000
EDGE=side_seam
1000
LINE_ROLE=net_boundary
1000
SOURCE=geometry_bbox_edge_chain_candidate
0
TEXT
8
AI4M_02_EDGE_CHAIN
10
7379.642363
20
482.707535
30
0
40
2.5
1
CHAIN_piece_02_left_side_seam_side_seam
1001
AI4MANUFACTURING
1000
WRITEBACK_PHASE=02_EDGE_CHAIN
1000
CHAIN=piece_02_left_side_seam
1000
PIECE_ID=piece_02
1000
EDGE=side_seam
1000
LINE_ROLE=net_boundary
1000
SOURCE=geometry_bbox_edge_chain_candidate
0
LWPOLYLINE
8
AI4M_02_EDGE_CHAIN
90
103
70
0
10
7408.394805
20
906.0084589999999
10
7417.262602
20
909.8218979999999
10
7423.055144
20
912.436682
10
7428.085967
20
914.945494
10
7431.362029
20
916.828162
10
7434.144969999999
20
918.596528
10
7437.8241259999995
20
920.9343779999999
10
7441.4163499999995
20
923.6117999999999
10
7445.659819
20
927.068945
10
7449.343596
20
930.381781
10
7451.235511999999
20
932.254535
10
7453.125029
20
934.1249149999999
10
7457.218047
20
938.5381379999999
10
7460.389128
20
942.2714289999999
10
7462.675023
20
945.2838489999999
10
7466.881438
20
950.8271849999999
10
7468.234877999999
20
952.82466
10
7472.692595
20
959.4035779999999
10
7473.8698
20
961.3208480000001
10
7480.605803
20
972.2915330000001
10
7484.710808
20
978.9354069999999
10
7488.535185
20
985.12509
10
7493.276701
20
992.612883
10
7496.145291999999
20
996.7601359999999
10
7501.876555
20
1005.046088
10
7506.149931
20
1010.8162749999999
10
7508.280977
20
1013.6084510000001
10
7514.277373
20
1021.4651549999999
10
7519.49832
20
1027.861372
10
7522.109041
20
1030.936163
10
7529.263639999999
20
1039.3625319999999
10
7534.965222999999
20
1045.745772
10
7539.346342999999
20
1050.650679
10
7548.7857349999995
20
1061.078001
10
7559.09854
20
1072.124449
10
7562.777801
20
1076.038874
10
7569.390288
20
1083.074004
10
7578.196135
20
1092.668349
10
7588.227873
20
1103.901717
10
7593.971892
20
1110.2648609999999
10
7593.971892
20
1110.2648609999999
10
7601.3623339999995
20
1108.179137
10
7607.51834
20
1106.694151
10
7612.766448
20
1105.672346
10
7618.038664
20
1104.901244
10
7625.050993
20
1104.162642
10
7631.769133
20
1103.695799
10
7641.209142
20
1103.348227
10
7646.5372
20
1103.152052
10
7661.588164
20
1103.113142
10
7676.507903
20
1103.001143
10
7680.020780999999
20
1102.954375
10
7695.228300999999
20
1103.101164
10
7710.290251
20
1103.117339
10
7717.871428
20
1103.2722919999999
10
7718.795155
20
1103.313338
10
7730.894499
20
1103.850981
10
7737.839078999999
20
1104.436385
10
7744.323759999999
20
1105.216872
10
7749.4586469999995
20
1106.07411
10
7754.8544600000005
20
1107.234389
10
7761.295195
20
1108.892409
10
7766.031218
20
1110.2648609999999
10
7766.031218
20
1110.2648609999999
10
7776.2060839999995
20
1098.933379
10
7785.609465
20
1088.486754
10
7795.880155999999
20
1077.470747
10
7797.219204999999
20
1076.032761
10
7804.828831
20
1067.860886
10
7806.123380999999
20
1066.470686
10
7816.388884
20
1055.413557
10
7825.049913999999
20
1045.756816
10
7826.409025999999
20
1044.241454
10
7831.792326
20
1038.139693
10
7837.891269
20
1030.933785
10
7841.563139
20
1026.5954649999999
10
7846.675444
20
1020.258337
10
7851.722073
20
1013.608322
10
7855.8236990000005
20
1008.2035510000001
10
7859.86209
20
1002.5792369999999
10
7863.8548630000005
20
996.7583729999999
10
7867.304106
20
991.7298949999999
10
7872.646208
20
983.215567
10
7875.292347
20
978.935498
10
7880.571929
20
970.3958949999999
10
7886.162593999999
20
961.3389
10
7888.501921
20
957.549139
10
7891.7930369999995
20
952.841921
10
7894.9747
20
948.2912509999999
10
7897.325389
20
945.282066
10
7900.84323
20
940.778777
10
7904.547759
20
936.5918790000001
10
7908.489104
20
932.4759349999999
10
7908.745424
20
932.232481
10
7912.164336
20
928.9851819999999
10
7916.039457999999
20
925.650374
10
7920.516081
20
922.136542
10
7923.740873999999
20
919.882132
10
7925.853373
20
918.589234
10
7930.89572
20
915.503203
10
7934.870328999999
20
913.4385359999999
10
7940.835599999999
20
910.65209
10
7951.608305
20
906.0084589999999
1001
AI4MANUFACTURING
1000
WRITEBACK_PHASE=02_EDGE_CHAIN
1000
CHAIN=piece_02_bottom_hem
1000
PIECE_ID=piece_02
1000
EDGE=hem
1000
LINE_ROLE=net_boundary
1000
SOURCE=geometry_bbox_edge_chain_candidate
0
TEXT
8
AI4M_02_EDGE_CHAIN
10
7408.394805
20
906.0084589999999
30
0
40
2.5
1
CHAIN_piece_02_bottom_hem_hem
1001
AI4MANUFACTURING
1000
WRITEBACK_PHASE=02_EDGE_CHAIN
1000
CHAIN=piece_02_bottom_hem
1000
PIECE_ID=piece_02
1000
EDGE=hem
1000
LINE_ROLE=net_boundary
1000
SOURCE=geometry_bbox_edge_chain_candidate
0
LWPOLYLINE
8
AI4M_02_EDGE_CHAIN
90
20
70
0
10
7951.608305
20
906.0084589999999
10
7951.714812
20
890.30377
10
7951.820097
20
874.747931
10
7951.924468
20
859.219214
10
7952.029143
20
843.574683
10
7952.129851
20
828.429533
10
7952.229033
20
813.284384
10
7952.326384
20
798.139235
10
7952.39494
20
787.261144
10
7952.422208999999
20
782.9341569999999
10
7952.517729
20
767.788969
10
7952.612639
20
752.64382
10
7952.706938
20
737.4607149999999
10
7952.798186
20
722.43569
10
7952.829314
20
717.260252
10
7952.829314
20
717.260252
10
7978.911467
20
702.4374829999999
10
7978.911467
20
702.4374829999999
10
7979.010649
20
687.437788
10
7980.360747
20
482.707535
1001
AI4MANUFACTURING
1000
WRITEBACK_PHASE=02_EDGE_CHAIN
1000
CHAIN=piece_02_right_side_seam
1000
PIECE_ID=piece_02
1000
EDGE=side_seam
1000
LINE_ROLE=net_boundary
1000
SOURCE=geometry_bbox_edge_chain_candidate
0
TEXT
8
AI4M_02_EDGE_CHAIN
10
7951.608305
20
906.0084589999999
30
0
40
2.5
1
CHAIN_piece_02_right_side_seam_side_seam
1001
AI4MANUFACTURING
1000
WRITEBACK_PHASE=02_EDGE_CHAIN
1000
CHAIN=piece_02_right_side_seam
1000
PIECE_ID=piece_02
1000
EDGE=side_seam
1000
LINE_ROLE=net_boundary
1000
SOURCE=geometry_bbox_edge_chain_candidate
0
LWPOLYLINE
8
AI4M_02_EDGE_CHAIN
90
45
70
0
10
7980.360747
20
482.707535
10
7964.533109999999
20
481.951052
10
7949.0207199999995
20
481.205317
10
7933.953887
20
480.47687199999996
10
7918.563872
20
479.72781799999996
10
7917.059727
20
479.65443899999997
10
7903.516874999999
20
478.99375599999996
10
7888.374053
20
478.281247
10
7872.795744
20
477.604987
10
7857.21469
20
477.00113899999997
10
7841.562223999999
20
476.48040399999996
10
7825.976592
20
476.017052
10
7822.718357
20
475.917444
10
7810.520659
20
475.54454499999997
10
7795.310393
20
475.132386
10
7779.721098
20
474.80528499999997
10
7764.130278
20
474.54747799999996
10
7748.750334
20
474.334923
10
7733.158598
20
474.15352499999995
10
7717.566557
20
474.007594
10
7702.393828
20
473.900439
10
7687.334623999999
20
473.82137
10
7680.001555
20
473.790842
10
7663.909941
20
473.864647
10
7648.18759
20
473.96298099999996
10
7632.595549
20
474.095503
10
7617.003812999999
20
474.26397
10
7601.412383
20
474.467112
10
7586.171294
20
474.70131499999997
10
7570.581389
20
474.99884299999997
10
7555.204802
20
475.377699
10
7539.61917
20
475.847746
10
7537.284616999999
20
475.917315
10
7524.409819
20
476.30098
10
7508.954497
20
476.78523699999994
10
7493.372222
20
477.356612
10
7477.792998
20
478.00587299999995
10
7462.148160999999
20
478.72235
10
7446.573515
20
479.47664899999995
10
7442.943302
20
479.65379599999994
10
7431.488676999999
20
480.212761
10
7415.972014
20
480.964562
10
7401.0272509999995
20
481.68436699999995
10
7386.0565480000005
20
482.40160599999996
10
7379.642363
20
482.707535
1001
AI4MANUFACTURING
1000
WRITEBACK_PHASE=02_EDGE_CHAIN
1000
CHAIN=piece_02_top_back_neckline
1000
PIECE_ID=piece_02
1000
EDGE=back_neckline
1000
LINE_ROLE=net_boundary
1000
SOURCE=geometry_bbox_edge_chain_candidate
0
TEXT
8
AI4M_02_EDGE_CHAIN
10
7980.360747
20
482.707535
30
0
40
2.5
1
CHAIN_piece_02_top_back_neckline_back_neckline
1001
AI4MANUFACTURING
1000
WRITEBACK_PHASE=02_EDGE_CHAIN
1000
CHAIN=piece_02_top_back_neckline
1000
PIECE_ID=piece_02
1000
EDGE=back_neckline
1000
LINE_ROLE=net_boundary
1000
SOURCE=geometry_bbox_edge_chain_candidate
0
LWPOLYLINE
8
AI4M_02_EDGE_CHAIN
90
44
70
0
10
10219.983613
20
556.224271
10
10179.313752
20
759.518973
10
10138.811432999999
20
961.97682
10
10138.811432999999
20
961.97682
10
10151.832063
20
969.3529189999999
10
10154.496303
20
971.1303760000001
10
10159.147735999999
20
974.2335949999999
10
10162.285859
20
976.6590180000001
10
10164.418503
20
978.50001
10
10168.353669
20
981.897017
10
10170.949494
20
984.51203
10
10173.405244
20
987.365309
10
10174.068613
20
988.187599
10
10176.293732
20
990.945784
10
10178.380218999999
20
993.981749
10
10181.059009
20
998.453147
10
10183.579194
20
1002.6598039999999
10
10185.516145
20
1006.442992
10
10186.633548
20
1008.943659
10
10189.07078
20
1014.398005
10
10190.988557
20
1018.689848
10
10192.674722
20
1023.1030949999999
10
10195.369050000001
20
1030.155035
10
10198.381135
20
1039.23184
10
10201.185089999999
20
1048.295866
10
10202.550841
20
1053.217011
10
10205.201508
20
1062.768027
10
10207.985627
20
1073.331648
10
10210.730683
20
1084.760176
10
10210.799183
20
1085.067707
10
10214.000947
20
1099.442068
10
10214.932302000001
20
1103.752573
10
10216.905915
20
1112.886854
10
10219.816071000001
20
1127.612578
10
10220.910049
20
1133.117174
10
10222.759492000001
20
1142.423064
10
10224.267781999999
20
1149.89194
10
10225.741975
20
1157.191969
10
10226.51635
20
1161.015299
10
10228.73697
20
1171.979185
10
10231.712434000001
20
1186.691176
10
10234.697968
20
1201.461607
10
10237.658173
20
1216.106764
10
10238.119599
20
1218.389098
1001
AI4MANUFACTURING
1000
WRITEBACK_PHASE=02_EDGE_CHAIN
1000
CHAIN=piece_06_left_side_seam
1000
PIECE_ID=piece_06
1000
EDGE=side_seam
1000
LINE_ROLE=net_boundary
1000
SOURCE=geometry_bbox_edge_chain_candidate
0
TEXT
8
AI4M_02_EDGE_CHAIN
10
10219.983613
20
556.224271
30
0
40
2.5
1
CHAIN_piece_06_left_side_seam_side_seam
1001
AI4MANUFACTURING
1000
WRITEBACK_PHASE=02_EDGE_CHAIN
1000
CHAIN=piece_06_left_side_seam
1000
PIECE_ID=piece_06
1000
EDGE=side_seam
1000
LINE_ROLE=net_boundary
1000
SOURCE=geometry_bbox_edge_chain_candidate
0
LWPOLYLINE
8
AI4M_02_EDGE_CHAIN
90
36
70
0
10
10238.119599
20
1218.389098
10
10247.426545
20
1211.958739
10
10256.030671
20
1205.831343
10
10260.01352
20
1203.289763
10
10263.708894
20
1201.221052
10
10267.998749999999
20
1199.116026
10
10272.527863
20
1197.170454
10
10277.093293
20
1195.471846
10
10281.776215
20
1193.996474
10
10282.896773
20
1193.703372
10
10286.571136999999
20
1192.742277
10
10291.261079
20
1191.766936
10
10295.855805
20
1191.062208
10
10300.859467
20
1190.560805
10
10305.125214
20
1190.346037
10
10308.418462
20
1190.429445
10
10313.478486
20
1190.5576
10
10316.710297
20
1190.921141
10
10319.218675
20
1191.267679
10
10318.88559
20
1191.221663
10
10323.830659
20
1192.067305
10
10327.415253
20
1192.926756
10
10329.57201
20
1193.586219
10
10331.567475
20
1194.196364
10
10335.797822
20
1195.747114
10
10340.197846
20
1197.633406
10
10344.500214
20
1199.73889
10
10348.454072
20
1201.938521
10
10352.033784
20
1204.199034
10
10355.376069
20
1206.59619
10
10358.758027
20
1209.337584
10
10362.394502
20
1212.619978
10
10366.146943
20
1216.331908
10
10369.383636999999
20
1219.866377
10
10379.102265000001
20
1231.365401
10
10383.696381
20
1236.744047
1001
AI4MANUFACTURING
1000
WRITEBACK_PHASE=02_EDGE_CHAIN
1000
CHAIN=piece_06_bottom_cuff_edge
1000
PIECE_ID=piece_06
1000
EDGE=cuff_edge
1000
LINE_ROLE=net_boundary
1000
SOURCE=geometry_bbox_edge_chain_candidate
0
TEXT
8
AI4M_02_EDGE_CHAIN
10
10238.119599
20
1218.389098
30
0
40
2.5
1
CHAIN_piece_06_bottom_cuff_edge_cuff_edge
1001
AI4MANUFACTURING
1000
WRITEBACK_PHASE=02_EDGE_CHAIN
1000
CHAIN=piece_06_bottom_cuff_edge
1000
PIECE_ID=piece_06
1000
EDGE=cuff_edge
1000
LINE_ROLE=net_boundary
1000
SOURCE=geometry_bbox_edge_chain_candidate
0
LWPOLYLINE
8
AI4M_02_EDGE_CHAIN
90
43
70
0
10
10383.696381
20
1236.744047
10
10389.19809
20
1222.436339
10
10394.613129000001
20
1208.281447
10
10397.273446
20
1201.310368
10
10399.963471
20
1194.261443
10
10404.903720999999
20
1181.323575
10
10405.339447999999
20
1180.182463
10
10410.806977
20
1166.118132
10
10416.410615
20
1152.10713
10
10417.205182
20
1150.161964
10
10422.138764
20
1138.084151
10
10427.882172
20
1124.130217
10
10428.471563
20
1122.696037
10
10433.615815000001
20
1110.178381
10
10434.663605
20
1107.630684
10
10439.35312
20
1096.228148
10
10444.732692
20
1083.144274
10
10445.08249
20
1082.293516
10
10450.808808
20
1068.333098
10
10456.554047
20
1054.379736
10
10457.826772
20
1051.359839
10
10462.435395
20
1040.424582
10
10466.231171
20
1031.975981
10
10467.39912
20
1029.490002
10
10472.573945
20
1018.4753860000001
10
10475.364472000001
20
1013.0812510000001
10
10476.915386
20
1010.35186
10
10481.435029
20
1002.397925
10
10484.000336000001
20
998.358313
10
10486.343465
20
995.090539
10
10489.428802999999
20
990.7876650000001
10
10492.128999
20
987.526785
10
10495.291229999999
20
984.088522
10
10498.411347000001
20
981.0635050000001
10
10500.458236999999
20
979.2856039999999
10
10501.986176
20
977.9584560000001
10
10506.173188
20
974.661566
10
10510.506684
20
971.546828
10
10514.921967
20
968.681799
10
10526.479585000001
20
961.784064
10
10526.479585000001
20
961.784064
10
10487.291352
20
759.55218
10
10447.883393
20
556.1815799999999
1001
AI4MANUFACTURING
1000
WRITEBACK_PHASE=02_EDGE_CHAIN
1000
CHAIN=piece_06_right_side_seam
1000
PIECE_ID=piece_06
1000
EDGE=side_seam
1000
LINE_ROLE=net_boundary
1000
SOURCE=geometry_bbox_edge_chain_candidate
0
TEXT
8
AI4M_02_EDGE_CHAIN
10
10383.696381
20
1236.744047
30
0
40
2.5
1
CHAIN_piece_06_right_side_seam_side_seam
1001
AI4MANUFACTURING
1000
WRITEBACK_PHASE=02_EDGE_CHAIN
1000
CHAIN=piece_06_right_side_seam
1000
PIECE_ID=piece_06
1000
EDGE=side_seam
1000
LINE_ROLE=net_boundary
1000
SOURCE=geometry_bbox_edge_chain_candidate
0
LWPOLYLINE
8
AI4M_02_EDGE_CHAIN
90
19
70
0
10
10447.883393
20
556.1815799999999
10
10432.313935
20
556.184436
10
10416.890351
20
556.18838
10
10401.777436
20
556.193339
10
10386.57663
20
556.199662
10
10371.506440000001
20
556.207148
10
10356.435639
20
556.214253
10
10341.365449
20
556.219112
10
10331.89688
20
556.220173
10
10326.181123
20
556.220814
10
10320.280121
20
556.22136
10
10310.925996
20
556.222226
10
10308.665064
20
556.222457
10
10295.67331
20
556.22379
10
10280.637605
20
556.2247150000001
10
10265.567109
20
556.224514
10
10250.496919000001
20
556.22389
10
10235.020539000001
20
556.223651
10
10219.983613
20
556.224271
1001
AI4MANUFACTURING
1000
WRITEBACK_PHASE=02_EDGE_CHAIN
1000
CHAIN=piece_06_top_sleeve_cap
1000
PIECE_ID=piece_06
1000
EDGE=sleeve_cap
1000
LINE_ROLE=net_boundary
1000
SOURCE=geometry_bbox_edge_chain_candidate
0
TEXT
8
AI4M_02_EDGE_CHAIN
10
10447.883393
20
556.1815799999999
30
0
40
2.5
1
CHAIN_piece_06_top_sleeve_cap_sleeve_cap
1001
AI4MANUFACTURING
1000
WRITEBACK_PHASE=02_EDGE_CHAIN
1000
CHAIN=piece_06_top_sleeve_cap
1000
PIECE_ID=piece_06
1000
EDGE=sleeve_cap
1000
LINE_ROLE=net_boundary
1000
SOURCE=geometry_bbox_edge_chain_candidate
0
LWPOLYLINE
8
AI4M_02_EDGE_CHAIN
90
7
70
0
10
6209.989928999999
20
228.823887
10
6209.989928999999
20
299.99998700000003
10
6209.989928999999
20
316.126009
10
6209.989928999999
20
331.82448
10
6209.989928999999
20
347.265631
10
6209.989928999999
20
362.431265
10
6209.989928999999
20
371.17609600000003
1001
AI4MANUFACTURING
1000
WRITEBACK_PHASE=02_EDGE_CHAIN
1000
CHAIN=piece_03_left_side_seam
1000
PIECE_ID=piece_03
1000
EDGE=side_seam
1000
LINE_ROLE=net_boundary
1000
SOURCE=geometry_bbox_edge_chain_candidate
0
TEXT
8
AI4M_02_EDGE_CHAIN
10
6209.989928999999
20
228.823887
30
0
40
2.5
1
CHAIN_piece_03_left_side_seam_side_seam
1001
AI4MANUFACTURING
1000
WRITEBACK_PHASE=02_EDGE_CHAIN
1000
CHAIN=piece_03_left_side_seam
1000
PIECE_ID=piece_03
1000
EDGE=side_seam
1000
LINE_ROLE=net_boundary
1000
SOURCE=geometry_bbox_edge_chain_candidate
0
LWPOLYLINE
8
AI4M_02_EDGE_CHAIN
90
4
70
0
10
6209.989928999999
20
371.17609600000003
10
6307.091064
20
371.17609600000003
10
6384.393311
20
371.17609600000003
10
6430.010071000001
20
371.17609600000003
1001
AI4MANUFACTURING
1000
WRITEBACK_PHASE=02_EDGE_CHAIN
1000
CHAIN=piece_03_bottom_cuff_edge
1000
PIECE_ID=piece_03
1000
EDGE=cuff_edge
1000
LINE_ROLE=net_boundary
1000
SOURCE=geometry_bbox_edge_chain_candidate
0
TEXT
8
AI4M_02_EDGE_CHAIN
10
6209.989928999999
20
371.17609600000003
30
0
40
2.5
1
CHAIN_piece_03_bottom_cuff_edge_cuff_edge
1001
AI4MANUFACTURING
1000
WRITEBACK_PHASE=02_EDGE_CHAIN
1000
CHAIN=piece_03_bottom_cuff_edge
1000
PIECE_ID=piece_03
1000
EDGE=cuff_edge
1000
LINE_ROLE=net_boundary
1000
SOURCE=geometry_bbox_edge_chain_candidate
0
LWPOLYLINE
8
AI4M_02_EDGE_CHAIN
90
11
70
0
10
6430.010071000001
20
371.17609600000003
10
6430.010071000001
20
355.378062
10
6430.010071000001
20
339.934775
10
6430.010071000001
20
324.24006099999997
10
6430.010071000001
20
308.91087200000004
10
6430.010071000001
20
299.99998700000003
10
6430.010071000001
20
283.873965
10
6430.010071000001
20
268.175494
10
6430.010071000001
20
252.734333
10
6430.010071000001
20
237.568718
10
6430.010071000001
20
228.823887
1001
AI4MANUFACTURING
1000
WRITEBACK_PHASE=02_EDGE_CHAIN
1000
CHAIN=piece_03_right_side_seam
1000
PIECE_ID=piece_03
1000
EDGE=side_seam
1000
LINE_ROLE=net_boundary
1000
SOURCE=geometry_bbox_edge_chain_candidate
0
TEXT
8
AI4M_02_EDGE_CHAIN
10
6430.010071000001
20
371.17609600000003
30
0
40
2.5
1
CHAIN_piece_03_right_side_seam_side_seam
1001
AI4MANUFACTURING
1000
WRITEBACK_PHASE=02_EDGE_CHAIN
1000
CHAIN=piece_03_right_side_seam
1000
PIECE_ID=piece_03
1000
EDGE=side_seam
1000
LINE_ROLE=net_boundary
1000
SOURCE=geometry_bbox_edge_chain_candidate
0
LWPOLYLINE
8
AI4M_02_EDGE_CHAIN
90
2
70
0
10
6430.010071000001
20
228.823887
10
6209.989928999999
20
228.823887
1001
AI4MANUFACTURING
1000
WRITEBACK_PHASE=02_EDGE_CHAIN
1000
CHAIN=piece_03_top_sleeve_cap
1000
PIECE_ID=piece_03
1000
EDGE=sleeve_cap
1000
LINE_ROLE=net_boundary
1000
SOURCE=geometry_bbox_edge_chain_candidate
0
TEXT
8
AI4M_02_EDGE_CHAIN
10
6430.010071000001
20
228.823887
30
0
40
2.5
1
CHAIN_piece_03_top_sleeve_cap_sleeve_cap
1001
AI4MANUFACTURING
1000
WRITEBACK_PHASE=02_EDGE_CHAIN
1000
CHAIN=piece_03_top_sleeve_cap
1000
PIECE_ID=piece_03
1000
EDGE=sleeve_cap
1000
LINE_ROLE=net_boundary
1000
SOURCE=geometry_bbox_edge_chain_candidate
0
LWPOLYLINE
8
AI4M_02_EDGE_CHAIN
90
3
70
0
10
4588.649363
20
190.54907500000002
10
4598.2595010000005
20
240.000002
10
4588.649363
20
289.45093399999996
1001
AI4MANUFACTURING
1000
WRITEBACK_PHASE=02_EDGE_CHAIN
1000
CHAIN=piece_05_left_side_seam
1000
PIECE_ID=piece_05
1000
EDGE=side_seam
1000
LINE_ROLE=net_boundary
1000
SOURCE=geometry_bbox_edge_chain_candidate
0
TEXT
8
AI4M_02_EDGE_CHAIN
10
4588.649363
20
190.54907500000002
30
0
40
2.5
1
CHAIN_piece_05_left_side_seam_side_seam
1001
AI4MANUFACTURING
1000
WRITEBACK_PHASE=02_EDGE_CHAIN
1000
CHAIN=piece_05_left_side_seam
1000
PIECE_ID=piece_05
1000
EDGE=side_seam
1000
LINE_ROLE=net_boundary
1000
SOURCE=geometry_bbox_edge_chain_candidate
0
LWPOLYLINE
8
AI4M_02_EDGE_CHAIN
90
24
70
0
10
4588.649363
20
289.45093399999996
10
4604.4802039999995
20
289.45093399999996
10
4619.699015
20
289.45093399999996
10
4633.910395
20
289.45093399999996
10
4635.068278
20
289.45093399999996
10
4650.111766
20
289.45093399999996
10
4664.924693
20
289.45093399999996
10
4668.453288
20
289.45093399999996
10
4684.992289
20
289.45093399999996
10
4700.535502
20
289.45093399999996
10
4715.475535
20
289.45093399999996
10
4730.780558
20
289.45093399999996
10
4740.7640790000005
20
289.45093399999996
10
4756.615672
20
289.45093399999996
10
4771.712869999999
20
289.45093399999996
10
4786.754222
20
289.45093399999996
10
4801.785655
20
289.45093399999996
10
4813.0777689999995
20
289.45093399999996
10
4829.2481179999995
20
289.45093399999996
10
4844.955058
20
289.45093399999996
10
4860.195384
20
289.45093399999996
10
4875.529092999999
20
289.45093399999996
10
4890.2494
20
289.45093399999996
10
4891.860423
20
289.45093399999996
1001
AI4MANUFACTURING
1000
WRITEBACK_PHASE=02_EDGE_CHAIN
1000
CHAIN=piece_05_bottom_hem
1000
PIECE_ID=piece_05
1000
EDGE=hem
1000
LINE_ROLE=net_boundary
1000
SOURCE=geometry_bbox_edge_chain_candidate
0
TEXT
8
AI4M_02_EDGE_CHAIN
10
4588.649363
20
289.45093399999996
30
0
40
2.5
1
CHAIN_piece_05_bottom_hem_hem
1001
AI4MANUFACTURING
1000
WRITEBACK_PHASE=02_EDGE_CHAIN
1000
CHAIN=piece_05_bottom_hem
1000
PIECE_ID=piece_05
1000
EDGE=hem
1000
LINE_ROLE=net_boundary
1000
SOURCE=geometry_bbox_edge_chain_candidate
0
LWPOLYLINE
8
AI4M_02_EDGE_CHAIN
90
3
70
0
10
4891.860423
20
289.45093399999996
10
4882.24998
20
240.000002
10
4891.860423
20
190.54907500000002
1001
AI4MANUFACTURING
1000
WRITEBACK_PHASE=02_EDGE_CHAIN
1000
CHAIN=piece_05_right_side_seam
1000
PIECE_ID=piece_05
1000
EDGE=side_seam
1000
LINE_ROLE=net_boundary
1000
SOURCE=geometry_bbox_edge_chain_candidate
0
TEXT
8
AI4M_02_EDGE_CHAIN
10
4891.860423
20
289.45093399999996
30
0
40
2.5
1
CHAIN_piece_05_right_side_seam_side_seam
1001
AI4MANUFACTURING
1000
WRITEBACK_PHASE=02_EDGE_CHAIN
1000
CHAIN=piece_05_right_side_seam
1000
PIECE_ID=piece_05
1000
EDGE=side_seam
1000
LINE_ROLE=net_boundary
1000
SOURCE=geometry_bbox_edge_chain_candidate
0
LWPOLYLINE
8
AI4M_02_EDGE_CHAIN
90
28
70
0
10
4891.860423
20
190.54907500000002
10
4875.944438
20
190.54907500000002
10
4870.095995
20
190.54907500000002
10
4860.627818
20
190.54907500000002
10
4847.616517
20
190.54907500000002
10
4845.390391
20
190.54907500000002
10
4830.0084640000005
20
190.54907500000002
10
4815.096507
20
190.54907500000002
10
4813.0777689999995
20
190.54907500000002
10
4797.122111
20
190.54907500000002
10
4781.4582009999995
20
190.54907500000002
10
4765.911174
20
190.54907500000002
10
4750.941233
20
190.54907500000002
10
4740.7640790000005
20
190.54907500000002
10
4724.734111
20
190.54907500000002
10
4709.019999
20
190.54907500000002
10
4693.447337
20
190.54907500000002
10
4678.175424999999
20
190.54907500000002
10
4668.453288
20
190.54907500000002
10
4668.450693999999
20
190.54907500000002
10
4652.945933
20
190.54907500000002
10
4637.836985
20
190.54907500000002
10
4633.910651
20
190.54907500000002
10
4622.471232
20
190.54907500000002
10
4611.432073
20
190.54907500000002
10
4607.217173
20
190.54907500000002
10
4592.208780999999
20
190.54907500000002
10
4588.649363
20
190.54907500000002
1001
AI4MANUFACTURING
1000
WRITEBACK_PHASE=02_EDGE_CHAIN
1000
CHAIN=piece_05_top_unknown
1000
PIECE_ID=piece_05
1000
EDGE=unknown
1000
LINE_ROLE=net_boundary
1000
SOURCE=geometry_bbox_edge_chain_candidate
0
TEXT
8
AI4M_02_EDGE_CHAIN
10
4891.860423
20
190.54907500000002
30
0
40
2.5
1
CHAIN_piece_05_top_unknown_unknown
1001
AI4MANUFACTURING
1000
WRITEBACK_PHASE=02_EDGE_CHAIN
1000
CHAIN=piece_05_top_unknown
1000
PIECE_ID=piece_05
1000
EDGE=unknown
1000
LINE_ROLE=net_boundary
1000
SOURCE=geometry_bbox_edge_chain_candidate
0
LWPOLYLINE
8
AI4M_02_EDGE_CHAIN
90
3
70
0
10
5434.714706
20
190.549316
10
5444.324691
20
240
10
5434.714706
20
289.450684
1001
AI4MANUFACTURING
1000
WRITEBACK_PHASE=02_EDGE_CHAIN
1000
CHAIN=piece_04_left_side_seam
1000
PIECE_ID=piece_04
1000
EDGE=side_seam
1000
LINE_ROLE=net_boundary
1000
SOURCE=geometry_bbox_edge_chain_candidate
0
TEXT
8
AI4M_02_EDGE_CHAIN
10
5434.714706
20
190.549316
30
0
40
2.5
1
CHAIN_piece_04_left_side_seam_side_seam
1001
AI4MANUFACTURING
1000
WRITEBACK_PHASE=02_EDGE_CHAIN
1000
CHAIN=piece_04_left_side_seam
1000
PIECE_ID=piece_04
1000
EDGE=side_seam
1000
LINE_ROLE=net_boundary
1000
SOURCE=geometry_bbox_edge_chain_candidate
0
LWPOLYLINE
8
AI4M_02_EDGE_CHAIN
90
22
70
0
10
5434.714706
20
289.450684
10
5450.497787
20
289.450684
10
5465.682418
20
289.450684
10
5476.0903849999995
20
289.450684
10
5481.148421
20
289.450684
10
5496.286361
20
289.450684
10
5506.744735
20
289.450684
10
5523.14305
20
289.450684
10
5538.409164
20
289.450684
10
5553.794601
20
289.450684
10
5569.144942
20
289.450684
10
5580.000045
20
289.450684
10
5595.874679
20
289.450684
10
5610.994613
20
289.450684
10
5626.403854
20
289.450684
10
5641.299789
20
289.450684
10
5653.25566
20
289.450684
10
5669.445234999999
20
289.450684
10
5685.246627
20
289.450684
10
5700.83287
20
289.450684
10
5716.20671
20
289.450684
10
5725.285384
20
289.450684
1001
AI4MANUFACTURING
1000
WRITEBACK_PHASE=02_EDGE_CHAIN
1000
CHAIN=piece_04_bottom_cuff_edge
1000
PIECE_ID=piece_04
1000
EDGE=cuff_edge
1000
LINE_ROLE=net_boundary
1000
SOURCE=geometry_bbox_edge_chain_candidate
0
TEXT
8
AI4M_02_EDGE_CHAIN
10
5434.714706
20
289.450684
30
0
40
2.5
1
CHAIN_piece_04_bottom_cuff_edge_cuff_edge
1001
AI4MANUFACTURING
1000
WRITEBACK_PHASE=02_EDGE_CHAIN
1000
CHAIN=piece_04_bottom_cuff_edge
1000
PIECE_ID=piece_04
1000
EDGE=cuff_edge
1000
LINE_ROLE=net_boundary
1000
SOURCE=geometry_bbox_edge_chain_candidate
0
LWPOLYLINE
8
AI4M_02_EDGE_CHAIN
90
3
70
0
10
5725.285384
20
289.450684
10
5715.675094
20
240
10
5725.285384
20
190.549316
1001
AI4MANUFACTURING
1000
WRITEBACK_PHASE=02_EDGE_CHAIN
1000
CHAIN=piece_04_right_side_seam
1000
PIECE_ID=piece_04
1000
EDGE=side_seam
1000
LINE_ROLE=net_boundary
1000
SOURCE=geometry_bbox_edge_chain_candidate
0
TEXT
8
AI4M_02_EDGE_CHAIN
10
5725.285384
20
289.450684
30
0
40
2.5
1
CHAIN_piece_04_right_side_seam_side_seam
1001
AI4MANUFACTURING
1000
WRITEBACK_PHASE=02_EDGE_CHAIN
1000
CHAIN=piece_04_right_side_seam
1000
PIECE_ID=piece_04
1000
EDGE=side_seam
1000
LINE_ROLE=net_boundary
1000
SOURCE=geometry_bbox_edge_chain_candidate
0
LWPOLYLINE
8
AI4M_02_EDGE_CHAIN
90
23
70
0
10
5725.285384
20
190.549316
10
5709.263045
20
190.549316
10
5702.502338
20
190.549316
10
5694.193771
20
190.549316
10
5678.922164
20
190.549316
10
5663.741195
20
190.549316
10
5653.25566
20
190.549316
10
5637.1967
20
190.549316
10
5621.924177999999
20
190.549316
10
5606.109664
20
190.549316
10
5590.879867
20
190.549316
10
5580.000045
20
190.549316
10
5563.772322999999
20
190.549316
10
5548.390853
20
190.549316
10
5532.521407
20
190.549316
10
5517.514083
20
190.549316
10
5506.744735
20
190.549316
10
5491.102645
20
190.549316
10
5475.891158
20
190.549316
10
5460.719039
20
190.549316
10
5457.497676
20
190.549316
10
5445.36534
20
190.549316
10
5434.714706
20
190.549316
1001
AI4MANUFACTURING
1000
WRITEBACK_PHASE=02_EDGE_CHAIN
1000
CHAIN=piece_04_top_sleeve_cap
1000
PIECE_ID=piece_04
1000
EDGE=sleeve_cap
1000
LINE_ROLE=net_boundary
1000
SOURCE=geometry_bbox_edge_chain_candidate
0
TEXT
8
AI4M_02_EDGE_CHAIN
10
5725.285384
20
190.549316
30
0
40
2.5
1
CHAIN_piece_04_top_sleeve_cap_sleeve_cap
1001
AI4MANUFACTURING
1000
WRITEBACK_PHASE=02_EDGE_CHAIN
1000
CHAIN=piece_04_top_sleeve_cap
1000
PIECE_ID=piece_04
1000
EDGE=sleeve_cap
1000
LINE_ROLE=net_boundary
1000
SOURCE=geometry_bbox_edge_chain_candidate
0
LWPOLYLINE
8
AI4M_02_EDGE_CHAIN
90
8
70
0
10
8799.649089999999
20
467.073885
10
8801.015972
20
673.467384
10
8801.115154
20
688.467079
10
8801.115154
20
688.467079
10
8827.209209
20
703.293186
10
8827.209209
20
703.293186
10
8827.661175
20
773.2917170000001
10
8828.408855
20
888.99881
1001
AI4MANUFACTURING
1000
WRITEBACK_PHASE=02_EDGE_CHAIN
1000
CHAIN=piece_01_left_side_seam
1000
PIECE_ID=piece_01
1000
EDGE=side_seam
1000
LINE_ROLE=net_boundary
1000
SOURCE=geometry_bbox_edge_chain_candidate
0
TEXT
8
AI4M_02_EDGE_CHAIN
10
8799.649089999999
20
467.073885
30
0
40
2.5
1
CHAIN_piece_01_left_side_seam_side_seam
1001
AI4MANUFACTURING
1000
WRITEBACK_PHASE=02_EDGE_CHAIN
1000
CHAIN=piece_01_left_side_seam
1000
PIECE_ID=piece_01
1000
EDGE=side_seam
1000
LINE_ROLE=net_boundary
1000
SOURCE=geometry_bbox_edge_chain_candidate
0
LWPOLYLINE
8
AI4M_02_EDGE_CHAIN
90
102
70
0
10
8828.408855
20
888.99881
10
8835.179103999999
20
892.5273520000001
10
8839.565896
20
894.845437
10
8844.532374999999
20
897.783361
10
8847.494877000001
20
899.77703
10
8849.083728
20
900.983448
10
8852.733249
20
903.835453
10
8855.580856
20
906.4768339999999
10
8858.862576
20
909.844058
10
8861.008382
20
912.381073
10
8861.113396
20
912.51198
10
8865.864737
20
918.469152
10
8868.646497
20
922.399388
10
8871.999726
20
927.652976
10
8872.732587999999
20
928.826502
10
8876.605057
20
935.107609
10
8880.033743
20
941.197677
10
8882.681488999999
20
946.188402
10
8887.080326
20
954.576776
10
8894.115591
20
967.883734
10
8898.575315999999
20
976.24346
10
8901.201028
20
981.178528
10
8905.160701
20
988.259011
10
8910.385875
20
997.047706
10
8914.455485999999
20
1003.476319
10
8917.712334
20
1008.3298
10
8922.841292000001
20
1015.952342
10
8927.863766999999
20
1023.0516259999999
10
8933.529198
20
1030.616102
10
8934.214451
20
1031.51263
10
8934.216351
20
1031.515136
10
8939.184867
20
1038.034952
10
8942.665691999999
20
1042.605708
10
8951.792414
20
1054.569094
10
8960.947456999998
20
1066.529513
10
8960.956417
20
1066.541195
10
8970.124317
20
1078.491882
10
8979.22204
20
1090.441068
10
8984.357973999999
20
1097.249049
10
8984.358868
20
1097.2503809999998
10
8988.287135999999
20
1102.4543720000001
10
8989.232428
20
1103.706236
10
8997.371679
20
1114.4889469999998
10
9006.420302999999
20
1126.4700010000001
10
9011.04649
20
1132.590271
10
9011.04649
20
1132.590271
10
9024.260806999999
20
1131.2950759999999
10
9034.449702999998
20
1130.5351249999999
10
9044.037282
20
1130.075877
10
9055.611057999999
20
1129.8129450000001
10
9070.697897
20
1129.672949
10
9085.716262999998
20
1129.6297260000001
10
9100.000042
20
1129.6338799999999
10
9115.529637
20
1129.630834
10
9130.547909
20
1129.68017
10
9145.571613
20
1129.830142
10
9156.831986
20
1130.107039
10
9166.275361
20
1130.580253
10
9176.283308999999
20
1131.342242
10
9188.953593999999
20
1132.590271
10
9188.953593999999
20
1132.590271
10
9198.135712
20
1120.439378
10
9207.211340999998
20
1108.422077
10
9210.767628
20
1103.7063560000001
10
9216.266004000001
20
1096.409724
10
9225.386031
20
1084.37364
10
9234.543120999999
20
1072.408461
10
9239.043606
20
1066.541047
10
9243.722427
20
1060.4332359999999
10
9252.85217
20
1048.485329
10
9260.815587000001
20
1038.0344679999998
10
9261.980464
20
1036.504146
10
9265.783427999999
20
1031.51567
10
9265.785668
20
1031.51258
10
9271.131037
20
1024.424325
10
9276.260823
20
1017.253611
10
9282.287581
20
1008.330051
10
9284.706094000001
20
1004.740335
10
9288.581953
20
998.7208909999999
10
9293.569271
20
990.440336
10
9297.852153
20
982.9187459999999
10
9301.424836999999
20
976.243331
10
9304.97007
20
969.595904
10
9312.015856
20
956.297109
10
9317.318711
20
946.188181
10
9319.000911
20
942.995959
10
9322.643064
20
936.399531
10
9325.838176
20
931.094093
10
9327.267447999999
20
928.826578
10
9331.64481
20
921.967989
10
9334.445214
20
918.057431
10
9338.293911
20
913.245531
10
9338.886848999999
20
912.5117789999999
10
9341.138769
20
909.842673
10
9344.176329999998
20
906.7153079999999
10
9347.225736
20
903.870914
10
9349.738655000001
20
901.868531
10
9350.916393
20
900.98342
10
9354.103839
20
898.662072
10
9358.019574
20
896.23776
10
9362.631877
20
893.649246
10
9371.591229
20
888.99881
1001
AI4MANUFACTURING
1000
WRITEBACK_PHASE=02_EDGE_CHAIN
1000
CHAIN=piece_01_bottom_hem
1000
PIECE_ID=piece_01
1000
EDGE=hem
1000
LINE_ROLE=net_boundary
1000
SOURCE=geometry_bbox_edge_chain_candidate
0
TEXT
8
AI4M_02_EDGE_CHAIN
10
8828.408855
20
888.99881
30
0
40
2.5
1
CHAIN_piece_01_bottom_hem_hem
1001
AI4MANUFACTURING
1000
WRITEBACK_PHASE=02_EDGE_CHAIN
1000
CHAIN=piece_01_bottom_hem
1000
PIECE_ID=piece_01
1000
EDGE=hem
1000
LINE_ROLE=net_boundary
1000
SOURCE=geometry_bbox_edge_chain_candidate
0
LWPOLYLINE
8
AI4M_02_EDGE_CHAIN
90
8
70
0
10
9371.591229
20
888.99881
10
9372.338909
20
773.2917170000001
10
9372.790874999999
20
703.293186
10
9372.790874999999
20
703.293186
10
9398.88493
20
688.467079
10
9398.88493
20
688.467079
10
9398.984112
20
673.467384
10
9400.350994
20
467.073885
1001
AI4MANUFACTURING
1000
WRITEBACK_PHASE=02_EDGE_CHAIN
1000
CHAIN=piece_01_right_side_seam
1000
PIECE_ID=piece_01
1000
EDGE=side_seam
1000
LINE_ROLE=net_boundary
1000
SOURCE=geometry_bbox_edge_chain_candidate
0
TEXT
8
AI4M_02_EDGE_CHAIN
10
9371.591229
20
888.99881
30
0
40
2.5
1
CHAIN_piece_01_right_side_seam_side_seam
1001
AI4MANUFACTURING
1000
WRITEBACK_PHASE=02_EDGE_CHAIN
1000
CHAIN=piece_01_right_side_seam
1000
PIECE_ID=piece_01
1000
EDGE=side_seam
1000
LINE_ROLE=net_boundary
1000
SOURCE=geometry_bbox_edge_chain_candidate
0
LWPOLYLINE
8
AI4M_02_EDGE_CHAIN
90
7
70
0
10
9400.350994
20
467.073885
10
9335.302776
20
467.073885
10
9244.847149
20
467.073885
10
9100.000042
20
467.073885
10
8955.152935
20
467.073885
10
8864.697307999999
20
467.073885
10
8799.649089999999
20
467.073885
1001
AI4MANUFACTURING
1000
WRITEBACK_PHASE=02_EDGE_CHAIN
1000
CHAIN=piece_01_top_front_neckline
1000
PIECE_ID=piece_01
1000
EDGE=front_neckline
1000
LINE_ROLE=net_boundary
1000
SOURCE=geometry_bbox_edge_chain_candidate
0
TEXT
8
AI4M_02_EDGE_CHAIN
10
9400.350994
20
467.073885
30
0
40
2.5
1
CHAIN_piece_01_top_front_neckline_front_neckline
1001
AI4MANUFACTURING
1000
WRITEBACK_PHASE=02_EDGE_CHAIN
1000
CHAIN=piece_01_top_front_neckline
1000
PIECE_ID=piece_01
1000
EDGE=front_neckline
1000
LINE_ROLE=net_boundary
1000
SOURCE=geometry_bbox_edge_chain_candidate
0
LWPOLYLINE
8
AI4M_02_EDGE_CHAIN
90
21
70
0
10
7379.642363
20
482.707535
10
7380.992461
20
687.437788
10
7381.091643
20
702.4374829999999
10
7381.091643
20
702.4374829999999
10
7407.173796
20
717.260252
10
7407.173796
20
717.260252
10
7407.2704699999995
20
733.230874
10
7407.363126
20
748.272041
10
7407.4579730000005
20
763.417213
10
7407.553419
20
778.562383
10
7407.608061
20
787.2607479999999
10
7407.608122
20
787.261231
10
7407.650874999999
20
794.066536
10
7407.747697
20
809.211692
10
7407.846587
20
824.3568419999999
10
7407.946934
20
839.501972
10
7408.050998
20
855.072842
10
7408.153186
20
870.283165
10
7408.256643
20
885.619208
10
7408.356731
20
900.401497
10
7408.394805
20
906.0084589999999
1001
AI4MANUFACTURING
1000
WRITEBACK_PHASE=02_EDGE_CHAIN
1000
CHAIN=piece_02_left_side_seam
1000
PIECE_ID=piece_02
1000
EDGE=side_seam
1000
LINE_ROLE=net_boundary
1000
SOURCE=geometry_bbox_edge_chain_candidate
0
TEXT
8
AI4M_02_EDGE_CHAIN
10
7379.642363
20
482.707535
30
0
40
2.5
1
CHAIN_piece_02_left_side_seam_side_seam
1001
AI4MANUFACTURING
1000
WRITEBACK_PHASE=02_EDGE_CHAIN
1000
CHAIN=piece_02_left_side_seam
1000
PIECE_ID=piece_02
1000
EDGE=side_seam
1000
LINE_ROLE=net_boundary
1000
SOURCE=geometry_bbox_edge_chain_candidate
0
LWPOLYLINE
8
AI4M_02_EDGE_CHAIN
90
108
70
0
10
7408.394805
20
906.0084589999999
10
7417.26261
20
909.8219320000001
10
7423.05514
20
912.436753
10
7428.085965
20
914.9455559999999
10
7431.362102
20
916.8282039999999
10
7434.158979
20
918.574482
10
7437.824237
20
920.93444
10
7441.416279
20
923.6118429999999
10
7445.659879
20
927.069011
10
7449.343589
20
930.3818679999999
10
7451.256683
20
932.2331469999999
10
7453.12515
20
934.125022
10
7457.2181120000005
20
938.5382440000001
10
7460.389121
20
942.271538
10
7462.694726
20
945.268898
10
7466.8815190000005
20
950.8272979999999
10
7468.2385859999995
20
952.8221470000001
10
7468.2403859999995
20
952.8246750000001
10
7472.692778
20
959.4036489999999
10
7473.86371
20
961.3245870000001
10
7480.606023
20
972.2916740000001
10
7484.7178349999995
20
978.9310659999999
10
7488.535221
20
985.125252
10
7493.276721
20
992.6130209999999
10
7496.117284
20
996.779509
10
7501.876807
20
1005.046198
10
7506.150173
20
1010.81637
10
7508.273126
20
1013.6144429999999
10
7514.277474
20
1021.4652550000001
10
7519.498532
20
1027.861464
10
7522.110692
20
1030.9347619999999
10
7522.112761
20
1030.93743
10
7529.263707
20
1039.36266
10
7534.957256
20
1045.752888
10
7539.346453
20
1050.650741
10
7548.785731
20
1061.078096
10
7559.098464
20
1072.124583
10
7562.781959
20
1076.034966
10
7569.390466
20
1083.074118
10
7578.196042
20
1092.668438
10
7588.22795
20
1103.901819
10
7593.971892
20
1110.2648609999999
10
7593.971892
20
1110.2648609999999
10
7601.362462
20
1108.179106
10
7607.518429
20
1106.694109
10
7612.766571
20
1105.672336
10
7618.038714
20
1104.901178
10
7625.051087
20
1104.162664
10
7631.769306
20
1103.695772
10
7641.207761
20
1103.310712
10
7646.537527
20
1103.152048
10
7661.588204
20
1103.11313
10
7676.508071
20
1103.001099
10
7680.020780999999
20
1102.954375
10
7695.2281729999995
20
1103.101164
10
7710.290121
20
1103.117345
10
7717.871526999999
20
1103.272263
10
7718.795273
20
1103.310696
10
7730.894333
20
1103.850962
10
7737.838894
20
1104.436354
10
7744.323628
20
1105.216821
10
7749.458575
20
1106.0740289999999
10
7754.854384
20
1107.234347
10
7761.295027
20
1108.892339
10
7766.031218
20
1110.2648609999999
10
7766.031218
20
1110.2648609999999
10
7776.206195999999
20
1098.933426
10
7785.609317
20
1088.486772
10
7795.879956
20
1077.4708699999999
10
7797.221283999999
20
1076.034696
10
7804.825468999999
20
1067.859389
10
7804.826227
20
1067.85846
10
7806.123426
20
1066.470792
10
7816.388671
20
1055.413628
10
7825.045676
20
1045.753015
10
7826.408851
20
1044.241524
10
7831.792036
20
1038.1397729999999
10
7837.890654
20
1030.936819
10
7837.89243
20
1030.934768
10
7841.563072999999
20
1026.595527
10
7846.6753229999995
20
1020.25839
10
7851.730041
20
1013.614368
10
7855.823462
20
1008.203559
10
7859.862155999999
20
1002.579264
10
7863.8857769999995
20
996.779579
10
7867.304203
20
991.7299740000001
10
7872.646360999999
20
983.215623
10
7875.285239
20
978.931104
10
7880.571964999999
20
970.3959379999999
10
7886.139402
20
961.324584
10
7888.501721
20
957.549186
10
7891.762724
20
952.824828
10
7891.764599
20
952.822038
10
7894.974651
20
948.291277
10
7897.3085169999995
20
945.2688860000001
10
7900.843123
20
940.7788049999999
10
7904.547859
20
936.591907
10
7908.489109
20
932.4759529999999
10
7908.739992999999
20
932.2267629999999
10
7912.164273
20
928.9851659999999
10
7916.039441999999
20
925.650361
10
7920.5159650000005
20
922.1365209999999
10
7923.740883
20
919.8821439999999
10
7925.84429
20
918.574394
10
7930.895746
20
915.5032449999999
10
7934.870233
20
913.438539
10
7940.835636
20
910.6520969999999
10
7951.608305
20
906.0084589999999
1001
AI4MANUFACTURING
1000
WRITEBACK_PHASE=02_EDGE_CHAIN
1000
CHAIN=piece_02_bottom_hem
1000
PIECE_ID=piece_02
1000
EDGE=hem
1000
LINE_ROLE=net_boundary
1000
SOURCE=geometry_bbox_edge_chain_candidate
0
TEXT
8
AI4M_02_EDGE_CHAIN
10
7408.394805
20
906.0084589999999
30
0
40
2.5
1
CHAIN_piece_02_bottom_hem_hem
1001
AI4MANUFACTURING
1000
WRITEBACK_PHASE=02_EDGE_CHAIN
1000
CHAIN=piece_02_bottom_hem
1000
PIECE_ID=piece_02
1000
EDGE=hem
1000
LINE_ROLE=net_boundary
1000
SOURCE=geometry_bbox_edge_chain_candidate
0
LWPOLYLINE
8
AI4M_02_EDGE_CHAIN
90
21
70
0
10
7951.608305
20
906.0084589999999
10
7951.714788
20
890.303769
10
7951.819845999999
20
874.7479169999999
10
7951.924301999999
20
859.219219
10
7952.029022
20
843.574668
10
7952.129656
20
828.429539
10
7952.228998
20
813.284392
10
7952.326437
20
798.139241
10
7952.394988
20
787.2611449999999
10
7952.395049
20
787.26071
10
7952.422171
20
782.934128
10
7952.517603
20
767.788961
10
7952.612725999999
20
752.643785
10
7952.706772
20
737.460709
10
7952.798149
20
722.4357
10
7952.829314
20
717.260252
10
7952.829314
20
717.260252
10
7978.911467
20
702.4374829999999
10
7978.911467
20
702.4374829999999
10
7979.010649
20
687.437788
10
7980.360747
20
482.707535
1001
AI4MANUFACTURING
1000
WRITEBACK_PHASE=02_EDGE_CHAIN
1000
CHAIN=piece_02_right_side_seam
1000
PIECE_ID=piece_02
1000
EDGE=side_seam
1000
LINE_ROLE=net_boundary
1000
SOURCE=geometry_bbox_edge_chain_candidate
0
TEXT
8
AI4M_02_EDGE_CHAIN
10
7951.608305
20
906.0084589999999
30
0
40
2.5
1
CHAIN_piece_02_right_side_seam_side_seam
1001
AI4MANUFACTURING
1000
WRITEBACK_PHASE=02_EDGE_CHAIN
1000
CHAIN=piece_02_right_side_seam
1000
PIECE_ID=piece_02
1000
EDGE=side_seam
1000
LINE_ROLE=net_boundary
1000
SOURCE=geometry_bbox_edge_chain_candidate
0
LWPOLYLINE
8
AI4M_02_EDGE_CHAIN
90
45
70
0
10
7980.360747
20
482.707535
10
7964.53308
20
481.95106
10
7949.020867
20
481.20532
10
7933.954087
20
480.476881
10
7918.5639439999995
20
479.72782199999995
10
7917.059735
20
479.65428999999995
10
7903.516960999999
20
478.99376099999995
10
7888.374277999999
20
478.281257
10
7872.79609
20
477.604989
10
7857.215007999999
20
477.00114299999996
10
7841.56249
20
476.48040399999996
10
7825.97666
20
476.01705899999996
10
7822.718306
20
475.91911699999997
10
7810.5209589999995
20
475.544544
10
7795.310665999999
20
475.132385
10
7779.72136
20
474.80528799999996
10
7764.13051
20
474.54748099999995
10
7748.750373
20
474.334928
10
7733.158684
20
474.15352099999996
10
7717.566699
20
474.007594
10
7702.393789
20
473.90043399999996
10
7687.3345979999995
20
473.82136199999997
10
7680.001555
20
473.790842
10
7663.909862
20
473.864642
10
7648.187574
20
473.96297699999997
10
7632.595488999999
20
474.09549899999996
10
7617.0036789999995
20
474.263966
10
7601.412147999999
20
474.467115
10
7586.17105
20
474.70131599999996
10
7570.581039
20
474.99884599999996
10
7555.204432
20
475.377703
10
7539.618829999999
20
475.84774799999997
10
7537.284670999999
20
475.91912099999996
10
7524.409554
20
476.300982
10
7508.954312
20
476.785244
10
7493.372056
20
477.35662199999996
10
7477.792722
20
478.005883
10
7462.147793
20
478.722358
10
7446.573378
20
479.476657
10
7442.943326
20
479.65428699999995
10
7431.488444
20
480.212767
10
7415.971739
20
480.964562
10
7401.027215
20
481.68436599999995
10
7386.0564030000005
20
482.40160599999996
10
7379.642363
20
482.707535
1001
AI4MANUFACTURING
1000
WRITEBACK_PHASE=02_EDGE_CHAIN
1000
CHAIN=piece_02_top_back_neckline
1000
PIECE_ID=piece_02
1000
EDGE=back_neckline
1000
LINE_ROLE=net_boundary
1000
SOURCE=geometry_bbox_edge_chain_candidate
0
TEXT
8
AI4M_02_EDGE_CHAIN
10
7980.360747
20
482.707535
30
0
40
2.5
1
CHAIN_piece_02_top_back_neckline_back_neckline
1001
AI4MANUFACTURING
1000
WRITEBACK_PHASE=02_EDGE_CHAIN
1000
CHAIN=piece_02_top_back_neckline
1000
PIECE_ID=piece_02
1000
EDGE=back_neckline
1000
LINE_ROLE=net_boundary
1000
SOURCE=geometry_bbox_edge_chain_candidate
0
LWPOLYLINE
8
AI4M_02_EDGE_CHAIN
90
47
70
0
10
10219.983613
20
556.224271
10
10179.313752
20
759.518973
10
10138.811432999999
20
961.97682
10
10138.811432999999
20
961.97682
10
10151.832262
20
969.352965
10
10154.508141
20
971.1126320000001
10
10159.147638999999
20
974.23365
10
10162.285766
20
976.659095
10
10164.434278
20
978.481736
10
10168.35395
20
981.897181
10
10170.94977
20
984.5122
10
10173.405490000001
20
987.365477
10
10174.079069
20
988.179163
10
10176.293776999999
20
990.945913
10
10178.380287
20
993.9819050000001
10
10181.086422
20
998.4367239999999
10
10183.579345
20
1002.659983
10
10185.516108
20
1006.443199
10
10186.659698
20
1008.9319740000001
10
10189.110678000001
20
1014.380177
10
10189.112946000001
20
1014.385229
10
10190.988602000001
20
1018.69001
10
10192.692707
20
1023.0962239999999
10
10195.369068
20
1030.155179
10
10198.381306
20
1039.231978
10
10201.185096000001
20
1048.296021
10
10202.567723
20
1053.212325
10
10205.201329
20
1062.768176
10
10207.985506
20
1073.3318
10
10210.73078
20
1084.760321
10
10210.801301
20
1085.067236
10
10214.000834
20
1099.442252
10
10214.951729
20
1103.748375
10
10214.95279
20
1103.752714
10
10216.906019
20
1112.887029
10
10219.816298
20
1127.612729
10
10220.894683999999
20
1133.120227
10
10222.759618
20
1142.42323
10
10224.270122
20
1149.891468
10
10224.270417
20
1149.893538
10
10225.741925999999
20
1157.192158
10
10226.516496
20
1161.01527
10
10228.736961999999
20
1171.979354
10
10231.712629
20
1186.691335
10
10234.698246
20
1201.461746
10
10237.658320999999
20
1216.106857
10
10238.119599
20
1218.389098
1001
AI4MANUFACTURING
1000
WRITEBACK_PHASE=02_EDGE_CHAIN
1000
CHAIN=piece_06_left_side_seam
1000
PIECE_ID=piece_06
1000
EDGE=side_seam
1000
LINE_ROLE=net_boundary
1000
SOURCE=geometry_bbox_edge_chain_candidate
0
TEXT
8
AI4M_02_EDGE_CHAIN
10
10219.983613
20
556.224271
30
0
40
2.5
1
CHAIN_piece_06_left_side_seam_side_seam
1001
AI4MANUFACTURING
1000
WRITEBACK_PHASE=02_EDGE_CHAIN
1000
CHAIN=piece_06_left_side_seam
1000
PIECE_ID=piece_06
1000
EDGE=side_seam
1000
LINE_ROLE=net_boundary
1000
SOURCE=geometry_bbox_edge_chain_candidate
0
LWPOLYLINE
8
AI4M_02_EDGE_CHAIN
90
38
70
0
10
10238.119599
20
1218.389098
10
10247.426797
20
1211.958666
10
10256.030974000001
20
1205.831291
10
10260.013557999999
20
1203.2897
10
10263.7091
20
1201.221007
10
10267.99872
20
1199.115948
10
10272.528096
20
1197.170415
10
10277.093616
20
1195.471809
10
10281.776249999999
20
1193.996402
10
10282.452485
20
1193.804213
10
10282.891244
20
1193.682234
10
10286.571106
20
1192.742285
10
10291.261262
20
1191.766926
10
10295.856138
20
1191.062205
10
10300.859692
20
1190.56079
10
10305.125284
20
1190.34607
10
10308.419297
20
1190.396494
10
10313.478776
20
1190.557644
10
10316.710695
20
1190.921208
10
10318.552338000001
20
1191.19229
10
10319.215748999999
20
1191.288857
10
10318.88559
20
1191.221663
10
10323.830489
20
1192.067288
10
10327.414714999999
20
1192.926684
10
10329.580797999999
20
1193.557476
10
10331.566744
20
1194.196261
10
10335.797125000001
20
1195.746991
10
10340.197025000001
20
1197.633202
10
10344.499660000001
20
1199.738632
10
10348.453959999999
20
1201.93824
10
10352.03315
20
1204.198777
10
10355.375939
20
1206.595935
10
10358.757798999999
20
1209.337291
10
10362.394089000001
20
1212.619706
10
10366.146439
20
1216.331607
10
10369.383052000001
20
1219.866026
10
10379.101975
20
1231.365103
10
10383.696381
20
1236.744047
1001
AI4MANUFACTURING
1000
WRITEBACK_PHASE=02_EDGE_CHAIN
1000
CHAIN=piece_06_bottom_cuff_edge
1000
PIECE_ID=piece_06
1000
EDGE=cuff_edge
1000
LINE_ROLE=net_boundary
1000
SOURCE=geometry_bbox_edge_chain_candidate
0
TEXT
8
AI4M_02_EDGE_CHAIN
10
10238.119599
20
1218.389098
30
0
40
2.5
1
CHAIN_piece_06_bottom_cuff_edge_cuff_edge
1001
AI4MANUFACTURING
1000
WRITEBACK_PHASE=02_EDGE_CHAIN
1000
CHAIN=piece_06_bottom_cuff_edge
1000
PIECE_ID=piece_06
1000
EDGE=cuff_edge
1000
LINE_ROLE=net_boundary
1000
SOURCE=geometry_bbox_edge_chain_candidate
0
LWPOLYLINE
8
AI4M_02_EDGE_CHAIN
90
44
70
0
10
10383.696381
20
1236.744047
10
10389.198009
20
1222.436228
10
10394.613037
20
1208.281359
10
10397.272743000001
20
1201.3101
10
10399.963257
20
1194.261383
10
10404.903473999999
20
1181.323481
10
10405.339431
20
1180.182379
10
10410.807279
20
1166.118076
10
10416.410579
20
1152.106981
10
10417.200006
20
1150.15985
10
10422.139099
20
1138.084022
10
10427.882333
20
1124.130081
10
10428.471371
20
1122.695958
10
10433.615924
20
1110.178233
10
10434.662568
20
1107.634398
10
10434.664063
20
1107.630872
10
10439.352848999999
20
1096.228023
10
10444.732809000001
20
1083.144322
10
10445.082738000001
20
1082.293409
10
10450.808852
20
1068.332991
10
10456.554046000001
20
1054.379665
10
10457.810335999999
20
1051.352912
10
10462.435035
20
1040.424517
10
10466.231222999999
20
1031.975889
10
10467.39217
20
1029.486737
10
10472.573812999999
20
1018.475324
10
10475.364602
20
1013.081242
10
10476.898998
20
1010.3425480000001
10
10481.434951
20
1002.397882
10
10484.000355
20
998.3582530000001
10
10486.319289
20
995.073204
10
10489.42902
20
990.787603
10
10492.129194000001
20
987.5267200000001
10
10495.291172000001
20
984.0884619999999
10
10498.411189
20
981.063411
10
10500.439031
20
979.2634909999999
10
10501.986471
20
977.9583640000001
10
10506.173051
20
974.6614509999999
10
10510.507217
20
971.5467120000001
10
10514.922281
20
968.681701
10
10526.479585000001
20
961.784064
10
10526.479585000001
20
961.784064
10
10487.291352
20
759.55218
10
10447.883393
20
556.1815799999999
1001
AI4MANUFACTURING
1000
WRITEBACK_PHASE=02_EDGE_CHAIN
1000
CHAIN=piece_06_right_side_seam
1000
PIECE_ID=piece_06
1000
EDGE=side_seam
1000
LINE_ROLE=net_boundary
1000
SOURCE=geometry_bbox_edge_chain_candidate
0
TEXT
8
AI4M_02_EDGE_CHAIN
10
10383.696381
20
1236.744047
30
0
40
2.5
1
CHAIN_piece_06_right_side_seam_side_seam
1001
AI4MANUFACTURING
1000
WRITEBACK_PHASE=02_EDGE_CHAIN
1000
CHAIN=piece_06_right_side_seam
1000
PIECE_ID=piece_06
1000
EDGE=side_seam
1000
LINE_ROLE=net_boundary
1000
SOURCE=geometry_bbox_edge_chain_candidate
0
LWPOLYLINE
8
AI4M_02_EDGE_CHAIN
90
20
70
0
10
10447.883393
20
556.1815799999999
10
10432.314573
20
556.184436
10
10416.890773
20
556.18838
10
10401.778129999999
20
556.19334
10
10386.577412999999
20
556.199663
10
10371.50707
20
556.207145
10
10356.436664
20
556.21425
10
10341.366143
20
556.219112
10
10331.89688
20
556.220305
10
10326.181317999999
20
556.220813
10
10320.280121
20
556.221372
10
10320.279633
20
556.221372
10
10310.926341
20
556.222223
10
10308.665064
20
556.222441
10
10295.673736
20
556.223791
10
10280.638001
20
556.224716
10
10265.567589
20
556.224513
10
10250.497168
20
556.223889
10
10235.020753
20
556.223649
10
10219.983613
20
556.224271
1001
AI4MANUFACTURING
1000
WRITEBACK_PHASE=02_EDGE_CHAIN
1000
CHAIN=piece_06_top_sleeve_cap
1000
PIECE_ID=piece_06
1000
EDGE=sleeve_cap
1000
LINE_ROLE=net_boundary
1000
SOURCE=geometry_bbox_edge_chain_candidate
0
TEXT
8
AI4M_02_EDGE_CHAIN
10
10447.883393
20
556.1815799999999
30
0
40
2.5
1
CHAIN_piece_06_top_sleeve_cap_sleeve_cap
1001
AI4MANUFACTURING
1000
WRITEBACK_PHASE=02_EDGE_CHAIN
1000
CHAIN=piece_06_top_sleeve_cap
1000
PIECE_ID=piece_06
1000
EDGE=sleeve_cap
1000
LINE_ROLE=net_boundary
1000
SOURCE=geometry_bbox_edge_chain_candidate
0
LWPOLYLINE
8
AI4M_02_EDGE_CHAIN
90
7
70
0
10
6209.989928999999
20
228.823887
10
6209.989928999999
20
299.99998700000003
10
6209.989928999999
20
316.12600299999997
10
6209.989928999999
20
331.824473
10
6209.989928999999
20
347.265635
10
6209.989928999999
20
362.43127300000003
10
6209.989928999999
20
371.17609600000003
1001
AI4MANUFACTURING
1000
WRITEBACK_PHASE=02_EDGE_CHAIN
1000
CHAIN=piece_03_left_side_seam
1000
PIECE_ID=piece_03
1000
EDGE=side_seam
1000
LINE_ROLE=net_boundary
1000
SOURCE=geometry_bbox_edge_chain_candidate
0
TEXT
8
AI4M_02_EDGE_CHAIN
10
6209.989928999999
20
228.823887
30
0
40
2.5
1
CHAIN_piece_03_left_side_seam_side_seam
1001
AI4MANUFACTURING
1000
WRITEBACK_PHASE=02_EDGE_CHAIN
1000
CHAIN=piece_03_left_side_seam
1000
PIECE_ID=piece_03
1000
EDGE=side_seam
1000
LINE_ROLE=net_boundary
1000
SOURCE=geometry_bbox_edge_chain_candidate
0
LWPOLYLINE
8
AI4M_02_EDGE_CHAIN
90
4
70
0
10
6209.989928999999
20
371.17609600000003
10
6307.091064
20
371.17609600000003
10
6384.393311
20
371.17609600000003
10
6430.010071000001
20
371.17609600000003
1001
AI4MANUFACTURING
1000
WRITEBACK_PHASE=02_EDGE_CHAIN
1000
CHAIN=piece_03_bottom_cuff_edge
1000
PIECE_ID=piece_03
1000
EDGE=cuff_edge
1000
LINE_ROLE=net_boundary
1000
SOURCE=geometry_bbox_edge_chain_candidate
0
TEXT
8
AI4M_02_EDGE_CHAIN
10
6209.989928999999
20
371.17609600000003
30
0
40
2.5
1
CHAIN_piece_03_bottom_cuff_edge_cuff_edge
1001
AI4MANUFACTURING
1000
WRITEBACK_PHASE=02_EDGE_CHAIN
1000
CHAIN=piece_03_bottom_cuff_edge
1000
PIECE_ID=piece_03
1000
EDGE=cuff_edge
1000
LINE_ROLE=net_boundary
1000
SOURCE=geometry_bbox_edge_chain_candidate
0
LWPOLYLINE
8
AI4M_02_EDGE_CHAIN
90
11
70
0
10
6430.010071000001
20
371.17609600000003
10
6430.010071000001
20
355.378067
10
6430.010071000001
20
339.93478100000004
10
6430.010071000001
20
324.240058
10
6430.010071000001
20
308.91087500000003
10
6430.010071000001
20
299.99998700000003
10
6430.010071000001
20
283.873965
10
6430.010071000001
20
268.17549
10
6430.010071000001
20
252.734327
10
6430.010071000001
20
237.568711
10
6430.010071000001
20
228.823887
1001
AI4MANUFACTURING
1000
WRITEBACK_PHASE=02_EDGE_CHAIN
1000
CHAIN=piece_03_right_side_seam
1000
PIECE_ID=piece_03
1000
EDGE=side_seam
1000
LINE_ROLE=net_boundary
1000
SOURCE=geometry_bbox_edge_chain_candidate
0
TEXT
8
AI4M_02_EDGE_CHAIN
10
6430.010071000001
20
371.17609600000003
30
0
40
2.5
1
CHAIN_piece_03_right_side_seam_side_seam
1001
AI4MANUFACTURING
1000
WRITEBACK_PHASE=02_EDGE_CHAIN
1000
CHAIN=piece_03_right_side_seam
1000
PIECE_ID=piece_03
1000
EDGE=side_seam
1000
LINE_ROLE=net_boundary
1000
SOURCE=geometry_bbox_edge_chain_candidate
0
LWPOLYLINE
8
AI4M_02_EDGE_CHAIN
90
2
70
0
10
6430.010071000001
20
228.823887
10
6209.989928999999
20
228.823887
1001
AI4MANUFACTURING
1000
WRITEBACK_PHASE=02_EDGE_CHAIN
1000
CHAIN=piece_03_top_sleeve_cap
1000
PIECE_ID=piece_03
1000
EDGE=sleeve_cap
1000
LINE_ROLE=net_boundary
1000
SOURCE=geometry_bbox_edge_chain_candidate
0
TEXT
8
AI4M_02_EDGE_CHAIN
10
6430.010071000001
20
228.823887
30
0
40
2.5
1
CHAIN_piece_03_top_sleeve_cap_sleeve_cap
1001
AI4MANUFACTURING
1000
WRITEBACK_PHASE=02_EDGE_CHAIN
1000
CHAIN=piece_03_top_sleeve_cap
1000
PIECE_ID=piece_03
1000
EDGE=sleeve_cap
1000
LINE_ROLE=net_boundary
1000
SOURCE=geometry_bbox_edge_chain_candidate
0
LWPOLYLINE
8
AI4M_02_EDGE_CHAIN
90
3
70
0
10
4588.649363
20
190.54907500000002
10
4598.2595010000005
20
240.000002
10
4588.649363
20
289.45093399999996
1001
AI4MANUFACTURING
1000
WRITEBACK_PHASE=02_EDGE_CHAIN
1000
CHAIN=piece_05_left_side_seam
1000
PIECE_ID=piece_05
1000
EDGE=side_seam
1000
LINE_ROLE=net_boundary
1000
SOURCE=geometry_bbox_edge_chain_candidate
0
TEXT
8
AI4M_02_EDGE_CHAIN
10
4588.649363
20
190.54907500000002
30
0
40
2.5
1
CHAIN_piece_05_left_side_seam_side_seam
1001
AI4MANUFACTURING
1000
WRITEBACK_PHASE=02_EDGE_CHAIN
1000
CHAIN=piece_05_left_side_seam
1000
PIECE_ID=piece_05
1000
EDGE=side_seam
1000
LINE_ROLE=net_boundary
1000
SOURCE=geometry_bbox_edge_chain_candidate
0
LWPOLYLINE
8
AI4M_02_EDGE_CHAIN
90
25
70
0
10
4588.649363
20
289.45093399999996
10
4604.480269
20
289.45093399999996
10
4619.698957
20
289.45093399999996
10
4633.910395
20
289.45093399999996
10
4633.910899
20
289.45093399999996
10
4635.068262999999
20
289.45093399999996
10
4650.111801
20
289.45093399999996
10
4664.9247
20
289.45093399999996
10
4668.453288
20
289.45093399999996
10
4684.992260999999
20
289.45093399999996
10
4700.535465
20
289.45093399999996
10
4715.475476
20
289.45093399999996
10
4730.780556
20
289.45093399999996
10
4740.7640790000005
20
289.45093399999996
10
4756.615602
20
289.45093399999996
10
4771.7127629999995
20
289.45093399999996
10
4786.754156
20
289.45093399999996
10
4801.785653
20
289.45093399999996
10
4813.0777689999995
20
289.45093399999996
10
4829.248152
20
289.45093399999996
10
4844.955024
20
289.45093399999996
10
4860.195448
20
289.45093399999996
10
4875.529133
20
289.45093399999996
10
4890.249322
20
289.45093399999996
10
4891.860423
20
289.45093399999996
1001
AI4MANUFACTURING
1000
WRITEBACK_PHASE=02_EDGE_CHAIN
1000
CHAIN=piece_05_bottom_hem
1000
PIECE_ID=piece_05
1000
EDGE=hem
1000
LINE_ROLE=net_boundary
1000
SOURCE=geometry_bbox_edge_chain_candidate
0
TEXT
8
AI4M_02_EDGE_CHAIN
10
4588.649363
20
289.45093399999996
30
0
40
2.5
1
CHAIN_piece_05_bottom_hem_hem
1001
AI4MANUFACTURING
1000
WRITEBACK_PHASE=02_EDGE_CHAIN
1000
CHAIN=piece_05_bottom_hem
1000
PIECE_ID=piece_05
1000
EDGE=hem
1000
LINE_ROLE=net_boundary
1000
SOURCE=geometry_bbox_edge_chain_candidate
0
LWPOLYLINE
8
AI4M_02_EDGE_CHAIN
90
3
70
0
10
4891.860423
20
289.45093399999996
10
4882.24998
20
240.000002
10
4891.860423
20
190.54907500000002
1001
AI4MANUFACTURING
1000
WRITEBACK_PHASE=02_EDGE_CHAIN
1000
CHAIN=piece_05_right_side_seam
1000
PIECE_ID=piece_05
1000
EDGE=side_seam
1000
LINE_ROLE=net_boundary
1000
SOURCE=geometry_bbox_edge_chain_candidate
0
TEXT
8
AI4M_02_EDGE_CHAIN
10
4891.860423
20
289.45093399999996
30
0
40
2.5
1
CHAIN_piece_05_right_side_seam_side_seam
1001
AI4MANUFACTURING
1000
WRITEBACK_PHASE=02_EDGE_CHAIN
1000
CHAIN=piece_05_right_side_seam
1000
PIECE_ID=piece_05
1000
EDGE=side_seam
1000
LINE_ROLE=net_boundary
1000
SOURCE=geometry_bbox_edge_chain_candidate
0
LWPOLYLINE
8
AI4M_02_EDGE_CHAIN
90
32
70
0
10
4891.860423
20
190.54907500000002
10
4875.944345
20
190.54907500000002
10
4870.096507
20
190.54907500000002
10
4870.095995
20
190.54907500000002
10
4860.627762
20
190.54907500000002
10
4847.617564
20
190.54907500000002
10
4847.616517
20
190.54907500000002
10
4845.390288
20
190.54907500000002
10
4830.008384
20
190.54907500000002
10
4815.09646
20
190.54907500000002
10
4813.0777689999995
20
190.54907500000002
10
4797.122106
20
190.54907500000002
10
4781.458268
20
190.54907500000002
10
4765.9111809999995
20
190.54907500000002
10
4750.941280999999
20
190.54907500000002
10
4740.7640790000005
20
190.54907500000002
10
4724.73402
20
190.54907500000002
10
4709.019971
20
190.54907500000002
10
4693.447204
20
190.54907500000002
10
4678.175386999999
20
190.54907500000002
10
4668.453288
20
190.54907500000002
10
4668.450693999999
20
190.54907500000002
10
4652.946008
20
190.54907500000002
10
4637.836971
20
190.54907500000002
10
4633.911050999999
20
190.54907500000002
10
4633.910651
20
190.54907500000002
10
4622.471192999999
20
190.54907500000002
10
4611.432073
20
190.54907500000002
10
4611.432108999999
20
190.54907500000002
10
4607.217151
20
190.54907500000002
10
4592.208774
20
190.54907500000002
10
4588.649363
20
190.54907500000002
1001
AI4MANUFACTURING
1000
WRITEBACK_PHASE=02_EDGE_CHAIN
1000
CHAIN=piece_05_top_unknown
1000
PIECE_ID=piece_05
1000
EDGE=unknown
1000
LINE_ROLE=net_boundary
1000
SOURCE=geometry_bbox_edge_chain_candidate
0
TEXT
8
AI4M_02_EDGE_CHAIN
10
4891.860423
20
190.54907500000002
30
0
40
2.5
1
CHAIN_piece_05_top_unknown_unknown
1001
AI4MANUFACTURING
1000
WRITEBACK_PHASE=02_EDGE_CHAIN
1000
CHAIN=piece_05_top_unknown
1000
PIECE_ID=piece_05
1000
EDGE=unknown
1000
LINE_ROLE=net_boundary
1000
SOURCE=geometry_bbox_edge_chain_candidate
0
LWPOLYLINE
8
AI4M_02_EDGE_CHAIN
90
3
70
0
10
5434.714706
20
190.549316
10
5444.324691
20
240
10
5434.714706
20
289.450684
1001
AI4MANUFACTURING
1000
WRITEBACK_PHASE=02_EDGE_CHAIN
1000
CHAIN=piece_04_left_side_seam
1000
PIECE_ID=piece_04
1000
EDGE=side_seam
1000
LINE_ROLE=net_boundary
1000
SOURCE=geometry_bbox_edge_chain_candidate
0
TEXT
8
AI4M_02_EDGE_CHAIN
10
5434.714706
20
190.549316
30
0
40
2.5
1
CHAIN_piece_04_left_side_seam_side_seam
1001
AI4MANUFACTURING
1000
WRITEBACK_PHASE=02_EDGE_CHAIN
1000
CHAIN=piece_04_left_side_seam
1000
PIECE_ID=piece_04
1000
EDGE=side_seam
1000
LINE_ROLE=net_boundary
1000
SOURCE=geometry_bbox_edge_chain_candidate
0
LWPOLYLINE
8
AI4M_02_EDGE_CHAIN
90
23
70
0
10
5434.714706
20
289.450684
10
5450.497912
20
289.450684
10
5465.682509
20
289.450684
10
5476.0903849999995
20
289.450684
10
5476.091354
20
289.450684
10
5481.1484199999995
20
289.450684
10
5496.286447
20
289.450684
10
5506.744735
20
289.450684
10
5523.143219
20
289.450684
10
5538.409315
20
289.450684
10
5553.794594999999
20
289.450684
10
5569.144996999999
20
289.450684
10
5580.000045
20
289.450684
10
5595.874796
20
289.450684
10
5610.994692
20
289.450684
10
5626.403907
20
289.450684
10
5641.299783
20
289.450684
10
5653.25566
20
289.450684
10
5669.445385999999
20
289.450684
10
5685.246781
20
289.450684
10
5700.83282
20
289.450684
10
5716.206858
20
289.450684
10
5725.285384
20
289.450684
1001
AI4MANUFACTURING
1000
WRITEBACK_PHASE=02_EDGE_CHAIN
1000
CHAIN=piece_04_bottom_cuff_edge
1000
PIECE_ID=piece_04
1000
EDGE=cuff_edge
1000
LINE_ROLE=net_boundary
1000
SOURCE=geometry_bbox_edge_chain_candidate
0
TEXT
8
AI4M_02_EDGE_CHAIN
10
5434.714706
20
289.450684
30
0
40
2.5
1
CHAIN_piece_04_bottom_cuff_edge_cuff_edge
1001
AI4MANUFACTURING
1000
WRITEBACK_PHASE=02_EDGE_CHAIN
1000
CHAIN=piece_04_bottom_cuff_edge
1000
PIECE_ID=piece_04
1000
EDGE=cuff_edge
1000
LINE_ROLE=net_boundary
1000
SOURCE=geometry_bbox_edge_chain_candidate
0
LWPOLYLINE
8
AI4M_02_EDGE_CHAIN
90
3
70
0
10
5725.285384
20
289.450684
10
5715.675094
20
240
10
5725.285384
20
190.549316
1001
AI4MANUFACTURING
1000
WRITEBACK_PHASE=02_EDGE_CHAIN
1000
CHAIN=piece_04_right_side_seam
1000
PIECE_ID=piece_04
1000
EDGE=side_seam
1000
LINE_ROLE=net_boundary
1000
SOURCE=geometry_bbox_edge_chain_candidate
0
TEXT
8
AI4M_02_EDGE_CHAIN
10
5725.285384
20
289.450684
30
0
40
2.5
1
CHAIN_piece_04_right_side_seam_side_seam
1001
AI4MANUFACTURING
1000
WRITEBACK_PHASE=02_EDGE_CHAIN
1000
CHAIN=piece_04_right_side_seam
1000
PIECE_ID=piece_04
1000
EDGE=side_seam
1000
LINE_ROLE=net_boundary
1000
SOURCE=geometry_bbox_edge_chain_candidate
0
LWPOLYLINE
8
AI4M_02_EDGE_CHAIN
90
25
70
0
10
5725.285384
20
190.549316
10
5709.263107999999
20
190.549316
10
5702.502791999999
20
190.549316
10
5702.502338
20
190.549316
10
5694.19374
20
190.549316
10
5678.922022999999
20
190.549316
10
5663.741023
20
190.549316
10
5653.25566
20
190.549316
10
5637.196786
20
190.549316
10
5621.924188999999
20
190.549316
10
5606.109850999999
20
190.549316
10
5590.879813
20
190.549316
10
5580.000045
20
190.549316
10
5563.772408
20
190.549316
10
5548.390735999999
20
190.549316
10
5532.521244
20
190.549316
10
5517.514195
20
190.549316
10
5506.744735
20
190.549316
10
5491.102869
20
190.549316
10
5475.891119
20
190.549316
10
5460.719239
20
190.549316
10
5457.497676
20
190.549316
10
5457.497909
20
190.549316
10
5445.36547
20
190.549316
10
5434.714706
20
190.549316
1001
AI4MANUFACTURING
1000
WRITEBACK_PHASE=02_EDGE_CHAIN
1000
CHAIN=piece_04_top_sleeve_cap
1000
PIECE_ID=piece_04
1000
EDGE=sleeve_cap
1000
LINE_ROLE=net_boundary
1000
SOURCE=geometry_bbox_edge_chain_candidate
0
TEXT
8
AI4M_02_EDGE_CHAIN
10
5725.285384
20
190.549316
30
0
40
2.5
1
CHAIN_piece_04_top_sleeve_cap_sleeve_cap
1001
AI4MANUFACTURING
1000
WRITEBACK_PHASE=02_EDGE_CHAIN
1000
CHAIN=piece_04_top_sleeve_cap
1000
PIECE_ID=piece_04
1000
EDGE=sleeve_cap
1000
LINE_ROLE=net_boundary
1000
SOURCE=geometry_bbox_edge_chain_candidate
999
AI4M_WRITEBACK_PHASE=03_PIECE
0
LWPOLYLINE
8
AI4M_03_PIECE
90
5
70
1
10
8799.649089999999
20
467.073885
10
9400.350994
20
467.073885
10
9400.350994
20
1132.590271
10
8799.649089999999
20
1132.590271
10
8799.649089999999
20
467.073885
1001
AI4MANUFACTURING
1000
WRITEBACK_PHASE=03_PIECE
1000
PIECE_ID=piece_01
1000
PIECE_ROLE=front_body
1000
BOUNDARY_ROLE=net_boundary
1000
SOURCE=geometry_connected_boundary
0
TEXT
8
AI4M_03_PIECE
10
9100.000042
20
799.832078
30
0
40
3
1
PIECE_piece_01_front_body
1001
AI4MANUFACTURING
1000
WRITEBACK_PHASE=03_PIECE
1000
PIECE_ID=piece_01
1000
PIECE_ROLE=front_body
1000
BOUNDARY_ROLE=net_boundary
1000
SOURCE=geometry_connected_boundary
0
LWPOLYLINE
8
AI4M_03_PIECE
90
5
70
1
10
7379.642363
20
473.790842
10
7980.360747
20
473.790842
10
7980.360747
20
1110.2648609999999
10
7379.642363
20
1110.2648609999999
10
7379.642363
20
473.790842
1001
AI4MANUFACTURING
1000
WRITEBACK_PHASE=03_PIECE
1000
PIECE_ID=piece_02
1000
PIECE_ROLE=back_body
1000
BOUNDARY_ROLE=net_boundary
1000
SOURCE=geometry_connected_boundary
0
TEXT
8
AI4M_03_PIECE
10
7680.001555
20
792.0278515
30
0
40
3
1
PIECE_piece_02_back_body
1001
AI4MANUFACTURING
1000
WRITEBACK_PHASE=03_PIECE
1000
PIECE_ID=piece_02
1000
PIECE_ROLE=back_body
1000
BOUNDARY_ROLE=net_boundary
1000
SOURCE=geometry_connected_boundary
0
LWPOLYLINE
8
AI4M_03_PIECE
90
5
70
1
10
10138.811432999999
20
556.1815799999999
10
10526.479585000001
20
556.1815799999999
10
10526.479585000001
20
1236.744047
10
10138.811432999999
20
1236.744047
10
10138.811432999999
20
556.1815799999999
1001
AI4MANUFACTURING
1000
WRITEBACK_PHASE=03_PIECE
1000
PIECE_ID=piece_06
1000
PIECE_ROLE=sleeve
1000
BOUNDARY_ROLE=net_boundary
1000
SOURCE=geometry_connected_boundary
0
TEXT
8
AI4M_03_PIECE
10
10332.645509
20
896.4628134999999
30
0
40
3
1
PIECE_piece_06_sleeve
1001
AI4MANUFACTURING
1000
WRITEBACK_PHASE=03_PIECE
1000
PIECE_ID=piece_06
1000
PIECE_ROLE=sleeve
1000
BOUNDARY_ROLE=net_boundary
1000
SOURCE=geometry_connected_boundary
0
LWPOLYLINE
8
AI4M_03_PIECE
90
5
70
1
10
6209.989928999999
20
228.823887
10
6430.010071000001
20
228.823887
10
6430.010071000001
20
371.17609600000003
10
6209.989928999999
20
371.17609600000003
10
6209.989928999999
20
228.823887
1001
AI4MANUFACTURING
1000
WRITEBACK_PHASE=03_PIECE
1000
PIECE_ID=piece_03
1000
PIECE_ROLE=sleeve
1000
BOUNDARY_ROLE=net_boundary
1000
SOURCE=geometry_connected_boundary
0
TEXT
8
AI4M_03_PIECE
10
6320
20
299.9999915
30
0
40
3
1
PIECE_piece_03_sleeve
1001
AI4MANUFACTURING
1000
WRITEBACK_PHASE=03_PIECE
1000
PIECE_ID=piece_03
1000
PIECE_ROLE=sleeve
1000
BOUNDARY_ROLE=net_boundary
1000
SOURCE=geometry_connected_boundary
0
LWPOLYLINE
8
AI4M_03_PIECE
90
5
70
1
10
4588.649363
20
190.54907500000002
10
4891.860423
20
190.54907500000002
10
4891.860423
20
289.45093399999996
10
4588.649363
20
289.45093399999996
10
4588.649363
20
190.54907500000002
1001
AI4MANUFACTURING
1000
WRITEBACK_PHASE=03_PIECE
1000
PIECE_ID=piece_05
1000
PIECE_ROLE=neck_binding
1000
BOUNDARY_ROLE=net_boundary
1000
SOURCE=geometry_connected_boundary
0
TEXT
8
AI4M_03_PIECE
10
4740.254893
20
240.0000045
30
0
40
3
1
PIECE_piece_05_neck_binding
1001
AI4MANUFACTURING
1000
WRITEBACK_PHASE=03_PIECE
1000
PIECE_ID=piece_05
1000
PIECE_ROLE=neck_binding
1000
BOUNDARY_ROLE=net_boundary
1000
SOURCE=geometry_connected_boundary
0
LWPOLYLINE
8
AI4M_03_PIECE
90
5
70
1
10
5434.714706
20
190.549316
10
5725.285384
20
190.549316
10
5725.285384
20
289.450684
10
5434.714706
20
289.450684
10
5434.714706
20
190.549316
1001
AI4MANUFACTURING
1000
WRITEBACK_PHASE=03_PIECE
1000
PIECE_ID=piece_04
1000
PIECE_ROLE=sleeve
1000
BOUNDARY_ROLE=net_boundary
1000
SOURCE=geometry_connected_boundary
0
TEXT
8
AI4M_03_PIECE
10
5580.000045
20
240
30
0
40
3
1
PIECE_piece_04_sleeve
1001
AI4MANUFACTURING
1000
WRITEBACK_PHASE=03_PIECE
1000
PIECE_ID=piece_04
1000
PIECE_ROLE=sleeve
1000
BOUNDARY_ROLE=net_boundary
1000
SOURCE=geometry_connected_boundary
0
LWPOLYLINE
8
AI4M_03_PIECE
90
5
70
1
10
8799.649089999999
20
467.073885
10
9400.350994
20
467.073885
10
9400.350994
20
1132.590271
10
8799.649089999999
20
1132.590271
10
8799.649089999999
20
467.073885
1001
AI4MANUFACTURING
1000
WRITEBACK_PHASE=03_PIECE
1000
PIECE_ID=piece_01
1000
PIECE_ROLE=front_body
1000
BOUNDARY_ROLE=net_boundary
1000
SOURCE=geometry_connected_boundary
0
TEXT
8
AI4M_03_PIECE
10
9100.000042
20
799.832078
30
0
40
3
1
PIECE_piece_01_front_body
1001
AI4MANUFACTURING
1000
WRITEBACK_PHASE=03_PIECE
1000
PIECE_ID=piece_01
1000
PIECE_ROLE=front_body
1000
BOUNDARY_ROLE=net_boundary
1000
SOURCE=geometry_connected_boundary
0
LWPOLYLINE
8
AI4M_03_PIECE
90
5
70
1
10
7379.642363
20
473.790842
10
7980.360747
20
473.790842
10
7980.360747
20
1110.2648609999999
10
7379.642363
20
1110.2648609999999
10
7379.642363
20
473.790842
1001
AI4MANUFACTURING
1000
WRITEBACK_PHASE=03_PIECE
1000
PIECE_ID=piece_02
1000
PIECE_ROLE=back_body
1000
BOUNDARY_ROLE=net_boundary
1000
SOURCE=geometry_connected_boundary
0
TEXT
8
AI4M_03_PIECE
10
7680.001555
20
792.0278515
30
0
40
3
1
PIECE_piece_02_back_body
1001
AI4MANUFACTURING
1000
WRITEBACK_PHASE=03_PIECE
1000
PIECE_ID=piece_02
1000
PIECE_ROLE=back_body
1000
BOUNDARY_ROLE=net_boundary
1000
SOURCE=geometry_connected_boundary
0
LWPOLYLINE
8
AI4M_03_PIECE
90
5
70
1
10
10138.811432999999
20
556.1815799999999
10
10526.479585000001
20
556.1815799999999
10
10526.479585000001
20
1236.744047
10
10138.811432999999
20
1236.744047
10
10138.811432999999
20
556.1815799999999
1001
AI4MANUFACTURING
1000
WRITEBACK_PHASE=03_PIECE
1000
PIECE_ID=piece_06
1000
PIECE_ROLE=sleeve
1000
BOUNDARY_ROLE=net_boundary
1000
SOURCE=geometry_connected_boundary
0
TEXT
8
AI4M_03_PIECE
10
10332.645509
20
896.4628134999999
30
0
40
3
1
PIECE_piece_06_sleeve
1001
AI4MANUFACTURING
1000
WRITEBACK_PHASE=03_PIECE
1000
PIECE_ID=piece_06
1000
PIECE_ROLE=sleeve
1000
BOUNDARY_ROLE=net_boundary
1000
SOURCE=geometry_connected_boundary
0
LWPOLYLINE
8
AI4M_03_PIECE
90
5
70
1
10
6209.989928999999
20
228.823887
10
6430.010071000001
20
228.823887
10
6430.010071000001
20
371.17609600000003
10
6209.989928999999
20
371.17609600000003
10
6209.989928999999
20
228.823887
1001
AI4MANUFACTURING
1000
WRITEBACK_PHASE=03_PIECE
1000
PIECE_ID=piece_03
1000
PIECE_ROLE=sleeve
1000
BOUNDARY_ROLE=net_boundary
1000
SOURCE=geometry_connected_boundary
0
TEXT
8
AI4M_03_PIECE
10
6320
20
299.9999915
30
0
40
3
1
PIECE_piece_03_sleeve
1001
AI4MANUFACTURING
1000
WRITEBACK_PHASE=03_PIECE
1000
PIECE_ID=piece_03
1000
PIECE_ROLE=sleeve
1000
BOUNDARY_ROLE=net_boundary
1000
SOURCE=geometry_connected_boundary
0
LWPOLYLINE
8
AI4M_03_PIECE
90
5
70
1
10
4588.649363
20
190.54907500000002
10
4891.860423
20
190.54907500000002
10
4891.860423
20
289.45093399999996
10
4588.649363
20
289.45093399999996
10
4588.649363
20
190.54907500000002
1001
AI4MANUFACTURING
1000
WRITEBACK_PHASE=03_PIECE
1000
PIECE_ID=piece_05
1000
PIECE_ROLE=neck_binding
1000
BOUNDARY_ROLE=net_boundary
1000
SOURCE=geometry_connected_boundary
0
TEXT
8
AI4M_03_PIECE
10
4740.254893
20
240.0000045
30
0
40
3
1
PIECE_piece_05_neck_binding
1001
AI4MANUFACTURING
1000
WRITEBACK_PHASE=03_PIECE
1000
PIECE_ID=piece_05
1000
PIECE_ROLE=neck_binding
1000
BOUNDARY_ROLE=net_boundary
1000
SOURCE=geometry_connected_boundary
0
LWPOLYLINE
8
AI4M_03_PIECE
90
5
70
1
10
5434.714706
20
190.549316
10
5725.285384
20
190.549316
10
5725.285384
20
289.450684
10
5434.714706
20
289.450684
10
5434.714706
20
190.549316
1001
AI4MANUFACTURING
1000
WRITEBACK_PHASE=03_PIECE
1000
PIECE_ID=piece_04
1000
PIECE_ROLE=sleeve
1000
BOUNDARY_ROLE=net_boundary
1000
SOURCE=geometry_connected_boundary
0
TEXT
8
AI4M_03_PIECE
10
5580.000045
20
240
30
0
40
3
1
PIECE_piece_04_sleeve
1001
AI4MANUFACTURING
1000
WRITEBACK_PHASE=03_PIECE
1000
PIECE_ID=piece_04
1000
PIECE_ROLE=sleeve
1000
BOUNDARY_ROLE=net_boundary
1000
SOURCE=geometry_connected_boundary
999
AI4M_WRITEBACK_PHASE=05_QA
0
TEXT
8
AI4M_05_QA
10
0
20
0
30
0
40
3
1
AI4M ordered writeback
1001
AI4MANUFACTURING
1000
WRITEBACK_PHASE=05_QA
1000
ROW=0
0
TEXT
8
AI4M_05_QA
10
0
20
-6
30
0
40
3
1
01 atom=228
1001
AI4MANUFACTURING
1000
WRITEBACK_PHASE=05_QA
1000
ROW=1
0
TEXT
8
AI4M_05_QA
10
0
20
-12
30
0
40
3
1
02 chains=51
1001
AI4MANUFACTURING
1000
WRITEBACK_PHASE=05_QA
1000
ROW=2
0
TEXT
8
AI4M_05_QA
10
0
20
-18
30
0
40
3
1
03 pieces=12
1001
AI4MANUFACTURING
1000
WRITEBACK_PHASE=05_QA
1000
ROW=3
0
TEXT
8
AI4M_05_QA
10
0
20
-24
30
0
40
3
1
04 seams=0
1001
AI4MANUFACTURING
1000
WRITEBACK_PHASE=05_QA
1000
ROW=4
0
TEXT
8
AI4M_05_QA
10
0
20
-30
30
0
40
3
1
04 notches=0
1001
AI4MANUFACTURING
1000
WRITEBACK_PHASE=05_QA
1000
ROW=5
  0
ENDSEC
  0
EOF
