  0
SECTION
  2
ENTITIES
  0
POLYLINE
  8
11
  66
1
  70
0
  0
VERTEX
  8
11
  10
3665.872192
  20
86.379309
  0
VERTEX
  8
11
  10
3666.221924
  20
106.327629
  0
SEQEND
  8
11
  0
POLYLINE
  8
11
  66
1
  70
0
  0
VERTEX
  8
11
  10
3666.221924
  20
106.327629
  0
VERTEX
  8
11
  10
3666.966353
  20
122.007435
  0
VERTEX
  8
11
  10
3667.698562
  20
137.303848
  0
VERTEX
  8
11
  10
3668.425056
  20
152.355126
  0
VERTEX
  8
11
  10
3669.166600
  20
167.561383
  0
VERTEX
  8
11
  10
3669.918198
  20
182.822881
  0
VERTEX
  8
11
  10
3670.672672
  20
198.084241
  0
VERTEX
  8
11
  10
3671.417417
  20
213.180163
  0
VERTEX
  8
11
  10
3672.187742
  20
228.440669
  0
VERTEX
  8
11
  10
3672.961068
  20
243.701006
  0
VERTEX
  8
11
  10
3673.697081
  20
258.963352
  0
VERTEX
  8
11
  10
3674.346398
  20
274.029641
  0
VERTEX
  8
11
  10
3674.870437
  20
289.301082
  0
VERTEX
  8
11
  10
3675.196289
  20
304.801264
  0
VERTEX
  8
11
  10
3675.272563
  20
320.081635
  0
VERTEX
  8
11
  10
3675.109285
  20
335.312639
  0
VERTEX
  8
11
  10
3674.722785
  20
350.587845
  0
VERTEX
  8
11
  10
3674.135894
  20
366.139532
  0
VERTEX
  8
11
  10
3673.376759
  20
381.401663
  0
VERTEX
  8
11
  10
3672.420946
  20
396.089180
  0
VERTEX
  8
11
  10
3671.193289
  20
411.319577
  0
VERTEX
  8
11
  10
3669.910594
  20
426.604375
  0
VERTEX
  8
11
  10
3668.555264
  20
441.976101
  0
VERTEX
  8
11
  10
3667.061198
  20
456.805156
  0
VERTEX
  8
11
  10
3666.646423
  20
460.643997
  0
SEQEND
  8
11
 0
LINE
 8
11
 10
3668.756924
 20
209.986605
 11
3673.750827
 21
209.739762
 0
LINE
 8
11
 10
3667.603146
 20
424.142500
 11
3672.586193
 21
424.553898
  0
POLYLINE
  8
11
  66
1
  70
0
  0
VERTEX
  8
11
  10
3666.646423
  20
460.643997
  0
VERTEX
  8
11
  10
3672.242271
  20
462.986905
  0
VERTEX
  8
11
  10
3677.114365
  20
464.719013
  0
VERTEX
  8
11
  10
3681.214236
  20
466.218815
  0
VERTEX
  8
11
  10
3684.003523
  20
467.494053
  0
VERTEX
  8
11
  10
3686.791031
  20
469.057491
  0
VERTEX
  8
11
  10
3689.529367
  20
470.886662
  0
VERTEX
  8
11
  10
3692.176511
  20
472.956792
  0
VERTEX
  8
11
  10
3694.693794
  20
475.248177
  0
VERTEX
  8
11
  10
3697.003940
  20
477.689111
  0
VERTEX
  8
11
  10
3699.162427
  20
480.343322
  0
VERTEX
  8
11
  10
3701.179833
  20
483.239175
  0
VERTEX
  8
11
  10
3703.022604
  20
486.329032
  0
VERTEX
  8
11
  10
3704.774138
  20
489.773001
  0
VERTEX
  8
11
  10
3706.399954
  20
493.545849
  0
VERTEX
  8
11
  10
3707.886958
  20
497.653380
  0
VERTEX
  8
11
  10
3709.226776
  20
502.105618
  0
VERTEX
  8
11
  10
3710.437601
  20
507.023349
  0
VERTEX
  8
11
  10
3711.476319
  20
512.297032
  0
VERTEX
  8
11
  10
3712.319418
  20
517.895260
  0
VERTEX
  8
11
  10
3712.984024
  20
524.073950
  0
VERTEX
  8
11
  10
3713.458347
  20
530.895115
  0
VERTEX
  8
11
  10
3713.671678
  20
537.441786
  0
VERTEX
  8
11
  10
3713.634956
  20
545.045972
  0
VERTEX
  8
11
  10
3713.377112
  20
560.094624
  0
VERTEX
  8
11
  10
3712.978953
  20
568.315621
  0
VERTEX
  8
11
  10
3712.312460
  20
576.918280
  0
VERTEX
  8
11
  10
3710.844056
  20
591.957449
  0
VERTEX
  8
11
  10
3709.996529
  20
599.752633
  0
VERTEX
  8
11
  10
3708.802555
  20
608.234542
  0
VERTEX
  8
11
  10
3706.943557
  20
619.382726
  0
VERTEX
  8
11
  10
3704.893694
  20
630.275741
  0
VERTEX
  8
11
  10
3702.760310
  20
640.301999
  0
VERTEX
  8
11
  10
3699.306814
  20
655.017319
  0
VERTEX
  8
11
  10
3696.573792
  20
666.592102
  0
SEQEND
  8
11
 0
LINE
 8
11
 10
3708.657682
 20
588.541612
 11
3713.634077
 21
589.026887
  0
POLYLINE
  8
11
  66
1
  70
0
  0
VERTEX
  8
11
  10
3696.573792
  20
666.592102
  0
VERTEX
  8
11
  10
3754.453430
  20
684.671326
  0
VERTEX
  8
11
  10
3800.401001
  20
699.023438
  0
SEQEND
  8
11
 0
LINE
 8
11
 10
3753.707910
 20
687.057578
 11
3755.198949
 21
682.285073
  0
POLYLINE
  8
11
  66
1
  70
0
  0
VERTEX
  8
11
  10
3800.401001
  20
699.023438
  0
VERTEX
  8
11
  10
3806.203012
  20
692.477223
  0
VERTEX
  8
11
  10
3814.400847
  20
682.716207
  0
VERTEX
  8
11
  10
3817.244607
  20
679.742464
  0
VERTEX
  8
11
  10
3819.821234
  20
677.393947
  0
VERTEX
  8
11
  10
3822.903592
  20
674.977718
  0
VERTEX
  8
11
  10
3828.088491
  20
671.116086
  0
VERTEX
  8
11
  10
3830.936601
  20
669.391998
  0
VERTEX
  8
11
  10
3834.865019
  20
667.355392
  0
VERTEX
  8
11
  10
3839.048446
  20
665.453776
  0
VERTEX
  8
11
  10
3843.139701
  20
663.861752
  0
VERTEX
  8
11
  10
3847.508489
  20
662.432202
  0
VERTEX
  8
11
  10
3852.445346
  20
661.091724
  0
VERTEX
  8
11
  10
3857.706184
  20
659.929135
  0
VERTEX
  8
11
  10
3863.504445
  20
658.913962
  0
VERTEX
  8
11
  10
3869.787531
  20
658.077550
  0
VERTEX
  8
11
  10
3876.695297
  20
657.419067
  0
VERTEX
  8
11
  10
3884.602909
  20
656.931103
  0
VERTEX
  8
11
  10
3893.839093
  20
656.624852
  0
VERTEX
  8
11
  10
3905.588368
  20
656.512606
  0
VERTEX
  8
11
  10
3909.999695
  20
656.517868
  0
SEQEND
  8
11
 0
LINE
 8
11
 10
3826.151529
 20
675.653995
 11
3823.105650
 21
671.688818
 0
LINE
 8
11
 10
3910.003040
 20
659.017866
 11
3909.996364
 21
654.017870
  0
POLYLINE
  8
11
  66
1
  70
0
  0
VERTEX
  8
11
  10
3909.999695
  20
656.517868
  0
VERTEX
  8
11
  10
3924.080325
  20
656.586282
  0
VERTEX
  8
11
  10
3933.860144
  20
656.862907
  0
VERTEX
  8
11
  10
3942.094517
  20
657.327636
  0
VERTEX
  8
11
  10
3949.194782
  20
657.964725
  0
VERTEX
  8
11
  10
3955.495922
  20
658.764187
  0
VERTEX
  8
11
  10
3961.440732
  20
659.763087
  0
VERTEX
  8
11
  10
3966.813284
  20
660.910902
  0
VERTEX
  8
11
  10
3971.650797
  20
662.186288
  0
VERTEX
  8
11
  10
3976.231780
  20
663.644697
  0
VERTEX
  8
11
  10
3980.520893
  20
665.267995
  0
VERTEX
  8
11
  10
3984.444424
  20
667.009051
  0
VERTEX
  8
11
  10
3988.079904
  20
668.881252
  0
VERTEX
  8
11
  10
3991.624344
  20
670.983947
  0
VERTEX
  8
11
  10
3995.027239
  20
673.294669
  0
VERTEX
  8
11
  10
3998.290864
  20
675.810678
  0
VERTEX
  8
11
  10
4001.519433
  20
678.617084
  0
VERTEX
  8
11
  10
4004.463338
  20
681.500685
  0
VERTEX
  8
11
  10
4007.326886
  20
684.671268
  0
VERTEX
  8
11
  10
4015.445293
  20
694.391816
  0
VERTEX
  8
11
  10
4019.598999
  20
699.023438
  0
SEQEND
  8
11
  0
POLYLINE
  8
11
  66
1
  70
0
  0
VERTEX
  8
11
  10
4019.598999
  20
699.023438
  0
VERTEX
  8
11
  10
4123.426514
  20
666.592102
  0
SEQEND
  8
11
  0
POLYLINE
  8
11
  66
1
  70
0
  0
VERTEX
  8
11
  10
4123.426514
  20
666.592102
  0
VERTEX
  8
11
  10
4119.907755
  20
651.740991
  0
VERTEX
  8
11
  10
4116.799539
  20
638.325197
  0
VERTEX
  8
11
  10
4114.748821
  20
628.471286
  0
VERTEX
  8
11
  10
4112.710021
  20
617.404744
  0
VERTEX
  8
11
  10
4110.951888
  20
606.620046
  0
VERTEX
  8
11
  10
4109.825505
  20
598.298940
  0
VERTEX
  8
11
  10
4108.928811
  20
589.565880
  0
VERTEX
  8
11
  10
4107.482168
  20
574.575876
  0
VERTEX
  8
11
  10
4106.885962
  20
566.029932
  0
VERTEX
  8
11
  10
4106.556592
  20
557.806313
  0
VERTEX
  8
11
  10
4106.330538
  20
542.659902
  0
VERTEX
  8
11
  10
4106.358616
  20
535.810199
  0
VERTEX
  8
11
  10
4106.632521
  20
529.265360
  0
VERTEX
  8
11
  10
4107.160151
  20
522.519142
  0
VERTEX
  8
11
  10
4107.865077
  20
516.514293
  0
VERTEX
  8
11
  10
4108.769352
  20
510.926038
  0
VERTEX
  8
11
  10
4109.860391
  20
505.712913
  0
VERTEX
  8
11
  10
4111.129542
  20
500.836181
  0
VERTEX
  8
11
  10
4112.508196
  20
496.488330
  0
VERTEX
  8
11
  10
4114.062481
  20
492.405936
  0
VERTEX
  8
11
  10
4115.701301
  20
488.781466
  0
VERTEX
  8
11
  10
4117.518257
  20
485.371621
  0
VERTEX
  8
11
  10
4119.430715
  20
482.314941
  0
VERTEX
  8
11
  10
4121.514279
  20
479.466593
  0
VERTEX
  8
11
  10
4123.743130
  20
476.859506
  0
VERTEX
  8
11
  10
4126.112502
  20
474.476275
  0
VERTEX
  8
11
  10
4128.697543
  20
472.237606
  0
VERTEX
  8
11
  10
4131.294810
  20
470.304462
  0
VERTEX
  8
11
  10
4134.138072
  20
468.503567
  0
VERTEX
  8
11
  10
4136.966019
  20
467.018576
  0
VERTEX
  8
11
  10
4139.836815
  20
465.804891
  0
VERTEX
  8
11
  10
4148.833043
  20
462.564419
  0
VERTEX
  8
11
  10
4153.353271
  20
460.643997
  0
SEQEND
  8
11
 0
LINE
 8
11
 10
4111.342207
 20
588.541823
 11
4106.365811
 21
589.027097
  0
POLYLINE
  8
11
  66
1
  70
0
  0
VERTEX
  8
11
  10
4153.353271
  20
460.643997
  0
VERTEX
  8
11
  10
4151.737625
  20
445.011022
  0
VERTEX
  8
11
  10
4150.358136
  20
429.873957
  0
VERTEX
  8
11
  10
4149.098695
  20
414.760988
  0
VERTEX
  8
11
  10
4147.840020
  20
399.532876
  0
VERTEX
  8
11
  10
4146.856645
  20
385.361139
  0
VERTEX
  8
11
  10
4146.042043
  20
370.102165
  0
VERTEX
  8
11
  10
4145.419571
  20
354.828940
  0
VERTEX
  8
11
  10
4144.977001
  20
339.555114
  0
VERTEX
  8
11
  10
4144.746793
  20
323.994819
  0
VERTEX
  8
11
  10
4144.760963
  20
308.714217
  0
VERTEX
  8
11
  10
4145.018575
  20
293.484681
  0
VERTEX
  8
11
  10
4145.494161
  20
278.211839
  0
VERTEX
  8
11
  10
4146.132291
  20
262.720770
  0
VERTEX
  8
11
  10
4146.852763
  20
247.457592
  0
VERTEX
  8
11
  10
4147.620455
  20
232.196954
  0
VERTEX
  8
11
  10
4148.395138
  20
216.936690
  0
VERTEX
  8
11
  10
4149.136062
  20
201.949465
  0
VERTEX
  8
11
  10
4149.890497
  20
186.688099
  0
VERTEX
  8
11
  10
4150.643301
  20
171.426640
  0
VERTEX
  8
11
  10
4151.384708
  20
156.267631
  0
VERTEX
  8
11
  10
4152.126687
  20
140.932462
  0
VERTEX
  8
11
  10
4152.851709
  20
125.816916
  0
VERTEX
  8
11
  10
4153.564269
  20
110.846248
  0
VERTEX
  8
11
  10
4153.778076
  20
106.327629
  0
SEQEND
  8
11
 0
LINE
 8
11
 10
4152.396500
 20
424.142403
 11
4147.413459
 21
424.553863
 0
LINE
 8
11
 10
4151.242825
 20
209.985507
 11
4146.248922
 21
209.738666
  0
POLYLINE
  8
11
  66
1
  70
0
  0
VERTEX
  8
11
  10
4153.778076
  20
106.327629
  0
VERTEX
  8
11
  10
4154.127808
  20
86.379309
  0
SEQEND
  8
11
  0
POLYLINE
  8
11
  66
1
  70
0
  0
VERTEX
  8
11
  10
4154.127808
  20
86.379309
  0
VERTEX
  8
11
  10
4137.973418
  20
85.743867
  0
VERTEX
  8
11
  10
4122.833817
  20
85.163436
  0
VERTEX
  8
11
  10
4107.526706
  20
84.596365
  0
VERTEX
  8
11
  10
4092.189024
  20
84.055046
  0
VERTEX
  8
11
  10
4076.850264
  20
83.546156
  0
VERTEX
  8
11
  10
4061.651539
  20
83.079346
  0
VERTEX
  8
11
  10
4046.310402
  20
82.650131
  0
VERTEX
  8
11
  10
4030.968088
  20
82.264685
  0
VERTEX
  8
11
  10
4015.624648
  20
81.924353
  0
VERTEX
  8
11
  10
4000.564394
  20
81.636003
  0
VERTEX
  8
11
  10
3985.219025
  20
81.393016
  0
VERTEX
  8
11
  10
3969.872957
  20
81.206311
  0
VERTEX
  8
11
  10
3954.559158
  20
81.080446
  0
VERTEX
  8
11
  10
3939.054605
  20
81.007124
  0
VERTEX
  8
11
  10
3923.670245
  20
80.976527
  0
VERTEX
  8
11
  10
3909.999695
  20
80.983076
  0
SEQEND
  8
11
 0
LINE
 8
11
 10
3909.999611
 20
78.483074
 11
3910.001740
 21
83.483074
  0
POLYLINE
  8
11
  66
1
  70
0
  0
VERTEX
  8
11
  10
3909.999695
  20
80.983076
  0
VERTEX
  8
11
  10
3894.045899
  20
80.978643
  0
VERTEX
  8
11
  10
3878.874916
  20
81.014278
  0
VERTEX
  8
11
  10
3863.191949
  20
81.095231
  0
VERTEX
  8
11
  10
3847.414839
  20
81.234997
  0
VERTEX
  8
11
  10
3832.068943
  20
81.432016
  0
VERTEX
  8
11
  10
3816.723757
  20
81.684425
  0
VERTEX
  8
11
  10
3801.383447
  20
81.987116
  0
VERTEX
  8
11
  10
3786.040219
  20
82.336347
  0
VERTEX
  8
11
  10
3770.698117
  20
82.730429
  0
VERTEX
  8
11
  10
3755.357226
  20
83.168018
  0
VERTEX
  8
11
  10
3740.301357
  20
83.637941
  0
VERTEX
  8
11
  10
3724.962888
  20
84.153265
  0
VERTEX
  8
11
  10
3709.625506
  20
84.699996
  0
VERTEX
  8
11
  10
3694.489014
  20
85.264871
  0
VERTEX
  8
11
  10
3679.064910
  20
85.859153
  0
VERTEX
  8
11
  10
3665.872192
  20
86.379309
  0
SEQEND
  8
11
  0
POLYLINE
  8
11
  66
1
  70
0
  0
VERTEX
  8
11
  10
3675.218201
  20
106.032925
  0
VERTEX
  8
11
  10
3675.957453
  20
121.524166
  0
VERTEX
  8
11
  10
3676.695368
  20
136.919155
  0
VERTEX
  8
11
  10
3677.430045
  20
152.176849
  0
VERTEX
  8
11
  10
3678.175414
  20
167.568166
  0
VERTEX
  8
11
  10
3678.931346
  20
183.051254
  0
VERTEX
  8
11
  10
3679.695770
  20
198.533934
  0
VERTEX
  8
11
  10
3680.462068
  20
213.832281
  0
VERTEX
  8
11
  10
3681.252497
  20
229.313562
  0
VERTEX
  8
11
  10
3682.032693
  20
244.795355
  0
VERTEX
  8
11
  10
3682.767605
  20
260.279605
  0
VERTEX
  8
11
  10
3683.414386
  20
275.635799
  0
VERTEX
  8
11
  10
3683.923820
  20
291.129281
  0
VERTEX
  8
11
  10
3684.213737
  20
306.200233
  0
VERTEX
  8
11
  10
3684.265374
  20
321.702213
  0
VERTEX
  8
11
  10
3684.080665
  20
336.999565
  0
VERTEX
  8
11
  10
3683.670843
  20
352.496024
  0
VERTEX
  8
11
  10
3683.077791
  20
367.547678
  0
VERTEX
  8
11
  10
3682.277641
  20
383.028976
  0
VERTEX
  8
11
  10
3681.289664
  20
398.336642
  0
VERTEX
  8
11
  10
3680.096653
  20
413.792395
  0
VERTEX
  8
11
  10
3678.759454
  20
429.026614
  0
VERTEX
  8
11
  10
3677.282169
  20
444.299531
  0
VERTEX
  8
11
  10
3676.182861
  20
455.024643
  0
SEQEND
  8
11
 0
LINE
 8
11
 10
3682.735994
 20
209.284563
 11
3677.742309
 21
209.535788
 0
LINE
 8
11
 10
3681.601332
 20
425.393364
 11
3676.621833
 21
424.941054
  0
POLYLINE
  8
11
  66
1
  70
0
  0
VERTEX
  8
11
  10
3676.182861
  20
455.024643
  0
VERTEX
  8
11
  10
3680.835687
  20
456.458508
  0
VERTEX
  8
11
  10
3684.701045
  20
457.916561
  0
VERTEX
  8
11
  10
3687.962347
  20
459.416569
  0
VERTEX
  8
11
  10
3690.994870
  20
461.086347
  0
VERTEX
  8
11
  10
3693.956276
  20
462.993366
  0
VERTEX
  8
11
  10
3696.875965
  20
465.169611
  0
VERTEX
  8
11
  10
3699.640116
  20
467.537850
  0
VERTEX
  8
11
  10
3702.283150
  20
470.129594
  0
VERTEX
  8
11
  10
3704.704934
  20
472.848220
  0
VERTEX
  8
11
  10
3706.970365
  20
475.766942
  0
VERTEX
  8
11
  10
3709.109143
  20
478.936264
  0
VERTEX
  8
11
  10
3711.084838
  20
482.313952
  0
VERTEX
  8
11
  10
3712.969300
  20
486.051444
  0
VERTEX
  8
11
  10
3714.703021
  20
490.069336
  0
VERTEX
  8
11
  10
3716.269532
  20
494.341534
  0
VERTEX
  8
11
  10
3717.694197
  20
498.959964
  0
VERTEX
  8
11
  10
3718.998257
  20
504.073318
  0
VERTEX
  8
11
  10
3720.126118
  20
509.541426
  0
VERTEX
  8
11
  10
3721.057696
  20
515.334779
  0
VERTEX
  8
11
  10
3721.784250
  20
521.478258
  0
VERTEX
  8
11
  10
3722.305208
  20
528.074571
  0
VERTEX
  8
11
  10
3722.618169
  20
535.345612
  0
VERTEX
  8
11
  10
3722.709364
  20
543.632271
  0
VERTEX
  8
11
  10
3722.547636
  20
553.777285
  0
VERTEX
  8
11
  10
3722.133490
  20
564.559071
  0
VERTEX
  8
11
  10
3721.477016
  20
575.273340
  0
VERTEX
  8
11
  10
3720.583852
  20
585.849227
  0
VERTEX
  8
11
  10
3719.465088
  20
596.236941
  0
VERTEX
  8
11
  10
3718.107104
  20
606.589032
  0
VERTEX
  8
11
  10
3716.538571
  20
616.724138
  0
VERTEX
  8
11
  10
3714.650174
  20
627.290973
  0
VERTEX
  8
11
  10
3712.487572
  20
637.979911
  0
VERTEX
  8
11
  10
3709.852603
  20
649.694704
  0
VERTEX
  8
11
  10
3707.231445
  20
660.492325
  0
SEQEND
  8
11
 0
LINE
 8
11
 10
3722.680275
 20
589.992849
 11
3717.707483
 21
589.471940
  0
POLYLINE
  8
11
  66
1
  70
0
  0
VERTEX
  8
11
  10
3707.231445
  20
660.492325
  0
VERTEX
  8
11
  10
3757.136841
  20
676.080627
  0
VERTEX
  8
11
  10
3807.042542
  20
691.669159
  0
SEQEND
  8
11
 0
LINE
 8
11
 10
3756.391438
 20
678.466916
 11
3757.882479
 21
673.694412
  0
POLYLINE
  8
11
  66
1
  70
0
  0
VERTEX
  8
11
  10
3909.999695
  20
656.517868
  0
VERTEX
  8
11
  10
3924.275037
  20
656.596126
  0
VERTEX
  8
11
  10
3933.919861
  20
656.865755
  0
VERTEX
  8
11
  10
3941.920696
  20
657.314449
  0
VERTEX
  8
11
  10
3949.011651
  20
657.945054
  0
VERTEX
  8
11
  10
3955.384541
  20
658.748266
  0
VERTEX
  8
11
  10
3961.210084
  20
659.719288
  0
VERTEX
  8
11
  10
3966.565674
  20
660.852190
  0
VERTEX
  8
11
  10
3971.427463
  20
662.121715
  0
VERTEX
  8
11
  10
3975.934868
  20
663.541672
  0
VERTEX
  8
11
  10
3980.178136
  20
665.128270
  0
VERTEX
  8
11
  10
3984.129267
  20
666.859921
  0
VERTEX
  8
11
  10
3987.876933
  20
668.768072
  0
VERTEX
  8
11
  10
3991.335808
  20
670.800097
  0
VERTEX
  8
11
  10
3994.703971
  20
673.062007
  0
VERTEX
  8
11
  10
3997.971558
  20
675.549909
  0
VERTEX
  8
11
  10
4001.123697
  20
678.256925
  0
VERTEX
  8
11
  10
4004.172235
  20
681.205163
  0
VERTEX
  8
11
  10
4007.188400
  20
684.482639
  0
VERTEX
  8
11
  10
4010.597719
  20
688.583262
  0
VERTEX
  8
11
  10
4012.957153
  20
691.669159
  0
SEQEND
  8
11
  0
POLYLINE
  8
11
  66
1
  70
0
  0
VERTEX
  8
11
  10
4012.957153
  20
691.669159
  0
VERTEX
  8
11
  10
4112.768860
  20
660.492325
  0
SEQEND
  8
11
  0
POLYLINE
  8
11
  66
1
  70
0
  0
VERTEX
  8
11
  10
4112.768860
  20
660.492325
  0
VERTEX
  8
11
  10
4109.229686
  20
645.747811
  0
VERTEX
  8
11
  10
4106.814764
  20
634.658203
  0
VERTEX
  8
11
  10
4104.728042
  20
623.960630
  0
VERTEX
  8
11
  10
4102.959127
  20
613.643860
  0
VERTEX
  8
11
  10
4101.444671
  20
603.373838
  0
VERTEX
  8
11
  10
4100.155426
  20
592.951531
  0
VERTEX
  8
11
  10
4099.120715
  20
582.660698
  0
VERTEX
  8
11
  10
4098.303701
  20
572.112890
  0
VERTEX
  8
11
  10
4097.722556
  20
561.462762
  0
VERTEX
  8
11
  10
4097.378120
  20
550.671684
  0
VERTEX
  8
11
  10
4097.292469
  20
541.178536
  0
VERTEX
  8
11
  10
4097.446570
  20
533.256386
  0
VERTEX
  8
11
  10
4097.815572
  20
526.233159
  0
VERTEX
  8
11
  10
4098.390934
  20
519.786813
  0
VERTEX
  8
11
  10
4099.161702
  20
513.817555
  0
VERTEX
  8
11
  10
4100.121775
  20
508.227430
  0
VERTEX
  8
11
  10
4101.276919
  20
502.904381
  0
VERTEX
  8
11
  10
4102.588426
  20
497.976032
  0
VERTEX
  8
11
  10
4104.050976
  20
493.407123
  0
VERTEX
  8
11
  10
4105.655836
  20
489.183394
  0
VERTEX
  8
11
  10
4107.390461
  20
485.293307
  0
VERTEX
  8
11
  10
4109.241043
  20
481.722605
  0
VERTEX
  8
11
  10
4111.241339
  20
478.383931
  0
VERTEX
  8
11
  10
4113.390699
  20
475.272021
  0
VERTEX
  8
11
  10
4115.687539
  20
472.382387
  0
VERTEX
  8
11
  10
4118.161316
  20
469.669147
  0
VERTEX
  8
11
  10
4120.817120
  20
467.123421
  0
VERTEX
  8
11
  10
4123.618524
  20
464.778791
  0
VERTEX
  8
11
  10
4126.565818
  20
462.636218
  0
VERTEX
  8
11
  10
4129.551739
  20
460.764582
  0
VERTEX
  8
11
  10
4132.631131
  20
459.121953
  0
VERTEX
  8
11
  10
4135.869569
  20
457.679789
  0
VERTEX
  8
11
  10
4139.450148
  20
456.363548
  0
VERTEX
  8
11
  10
4143.817139
  20
455.024643
  0
SEQEND
  8
11
 0
LINE
 8
11
 10
4097.319241
 20
589.991161
 11
4102.292038
 21
589.470312
  0
POLYLINE
  8
11
  66
1
  70
0
  0
VERTEX
  8
11
  10
4143.817139
  20
455.024643
  0
VERTEX
  8
11
  10
4142.246599
  20
439.554297
  0
VERTEX
  8
11
  10
4140.823409
  20
424.444195
  0
VERTEX
  8
11
  10
4139.531258
  20
409.253770
  0
VERTEX
  8
11
  10
4138.425505
  20
394.221436
  0
VERTEX
  8
11
  10
4137.499142
  20
379.059426
  0
VERTEX
  8
11
  10
4136.758897
  20
363.832007
  0
VERTEX
  8
11
  10
4136.209268
  20
348.648960
  0
VERTEX
  8
11
  10
4135.856035
  20
333.407620
  0
VERTEX
  8
11
  10
4135.722007
  20
318.066835
  0
VERTEX
  8
11
  10
4135.825612
  20
303.091740
  0
VERTEX
  8
11
  10
4136.171155
  20
287.784483
  0
VERTEX
  8
11
  10
4136.706044
  20
272.534931
  0
VERTEX
  8
11
  10
4137.371587
  20
257.304184
  0
VERTEX
  8
11
  10
4138.114833
  20
241.993216
  0
VERTEX
  8
11
  10
4138.881943
  20
226.767280
  0
VERTEX
  8
11
  10
4139.648765
  20
211.638891
  0
VERTEX
  8
11
  10
4140.412402
  20
196.359037
  0
VERTEX
  8
11
  10
4141.162708
  20
181.132261
  0
VERTEX
  8
11
  10
4141.896855
  20
166.078988
  0
VERTEX
  8
11
  10
4142.634226
  20
150.851585
  0
VERTEX
  8
11
  10
4143.367250
  20
135.623973
  0
VERTEX
  8
11
  10
4144.093224
  20
120.466539
  0
VERTEX
  8
11
  10
4144.782104
  20
106.032925
  0
SEQEND
  8
11
 0
LINE
 8
11
 10
4138.398708
 20
425.393266
 11
4143.378212
 21
424.941002
 0
LINE
 8
11
 10
4137.264100
 20
209.284370
 11
4142.257783
 21
209.535622
  0
POLYLINE
  8
11
  66
1
  70
0
  0
VERTEX
  8
11
  10
4144.782104
  20
106.032925
  0
VERTEX
  8
11
  10
4128.968191
  20
105.413991
  0
VERTEX
  8
11
  10
4113.770926
  20
104.837790
  0
VERTEX
  8
11
  10
4098.735993
  20
104.291918
  0
VERTEX
  8
11
  10
4083.726870
  20
103.778072
  0
VERTEX
  8
11
  10
4068.490394
  20
103.293175
  0
VERTEX
  8
11
  10
4053.478873
  20
102.854523
  0
VERTEX
  8
11
  10
4038.242807
  20
102.450005
  0
VERTEX
  8
11
  10
4023.229052
  20
102.093011
  0
VERTEX
  8
11
  10
4007.986830
  20
101.775388
  0
VERTEX
  8
11
  10
3992.971165
  20
101.510019
  0
VERTEX
  8
11
  10
3977.954652
  20
101.297470
  0
VERTEX
  8
11
  10
3962.714403
  20
101.140583
  0
VERTEX
  8
11
  10
3947.696680
  20
101.041547
  0
VERTEX
  8
11
  10
3932.622409
  20
100.991692
  0
VERTEX
  8
11
  10
3917.640998
  20
100.978181
  0
VERTEX
  8
11
  10
3909.999695
  20
100.983162
  0
SEQEND
  8
11
 0
LINE
 8
11
 10
3909.999806
 20
98.483161
 11
3910.000668
 21
103.483161
  0
POLYLINE
  8
11
  66
1
  70
0
  0
VERTEX
  8
11
  10
3909.999695
  20
100.983162
  0
VERTEX
  8
11
  10
3894.098971
  20
100.978612
  0
VERTEX
  8
11
  10
3878.922808
  20
101.014229
  0
VERTEX
  8
11
  10
3863.147671
  20
101.095999
  0
VERTEX
  8
11
  10
3848.053261
  20
101.229202
  0
VERTEX
  8
11
  10
3832.577295
  20
101.426610
  0
VERTEX
  8
11
  10
3817.102065
  20
101.680754
  0
VERTEX
  8
11
  10
3801.967984
  20
101.979260
  0
VERTEX
  8
11
  10
3786.494767
  20
102.331523
  0
VERTEX
  8
11
  10
3771.022703
  20
102.729400
  0
VERTEX
  8
11
  10
3755.551844
  20
103.171175
  0
VERTEX
  8
11
  10
3739.866325
  20
103.661700
  0
VERTEX
  8
11
  10
3724.397922
  20
104.183344
  0
VERTEX
  8
11
  10
3708.930620
  20
104.738005
  0
VERTEX
  8
11
  10
3693.194261
  20
105.330994
  0
VERTEX
  8
11
  10
3678.336184
  20
105.909472
  0
VERTEX
  8
11
  10
3675.218201
  20
106.032925
  0
SEQEND
  8
11
  0
POLYLINE
  8
11
  66
1
  70
0
  0
VERTEX
  8
11
  10
3909.999695
  20
656.517868
  0
VERTEX
  8
11
  10
3909.999695
  20
638.061079
  0
VERTEX
  8
11
  10
3909.999695
  20
620.931644
  0
VERTEX
  8
11
  10
3909.999695
  20
603.991852
  0
VERTEX
  8
11
  10
3909.999695
  20
584.594442
  0
VERTEX
  8
11
  10
3909.999695
  20
568.666258
  0
VERTEX
  8
11
  10
3909.999695
  20
551.736397
  0
VERTEX
  8
11
  10
3909.999695
  20
533.968071
  0
VERTEX
  8
11
  10
3909.999695
  20
515.524426
  0
VERTEX
  8
11
  10
3909.999695
  20
496.568657
  0
VERTEX
  8
11
  10
3909.999695
  20
477.263965
  0
VERTEX
  8
11
  10
3909.999695
  20
457.773490
  0
VERTEX
  8
11
  10
3909.999695
  20
442.052846
  0
VERTEX
  8
11
  10
3909.999695
  20
422.560485
  0
VERTEX
  8
11
  10
3909.999695
  20
403.156132
  0
VERTEX
  8
11
  10
3909.999695
  20
383.892623
  0
VERTEX
  8
11
  10
3909.999695
  20
364.822810
  0
VERTEX
  8
11
  10
3909.999695
  20
345.999436
  0
VERTEX
  8
11
  10
3909.999695
  20
327.475355
  0
VERTEX
  8
11
  10
3909.999695
  20
309.303383
  0
VERTEX
  8
11
  10
3909.999695
  20
291.536370
  0
VERTEX
  8
11
  10
3909.999695
  20
274.227063
  0
VERTEX
  8
11
  10
3909.999695
  20
257.428313
  0
VERTEX
  8
11
  10
3909.999695
  20
241.192938
  0
VERTEX
  8
11
  10
3909.999695
  20
225.573753
  0
VERTEX
  8
11
  10
3909.999695
  20
210.623603
  0
VERTEX
  8
11
  10
3909.999695
  20
191.822003
  0
VERTEX
  8
11
  10
3909.999695
  20
174.428836
  0
VERTEX
  8
11
  10
3909.999695
  20
158.569297
  0
VERTEX
  8
11
  10
3909.999695
  20
141.092247
  0
VERTEX
  8
11
  10
3909.999695
  20
126.451662
  0
VERTEX
  8
11
  10
3909.999695
  20
111.185571
  0
VERTEX
  8
11
  10
3909.999695
  20
100.983162
  0
SEQEND
  8
11
 0
LINE
 8
11
 10
3909.999695
 20
659.017868
 11
3909.999694
 21
654.017868
 0
LINE
 8
11
 10
3909.999695
 20
98.483162
 11
3909.999695
 21
103.483162
  0
POLYLINE
  8
11
  66
1
  70
0
  0
VERTEX
  8
11
  10
3906.963196
  20
631.265526
  0
VERTEX
  8
11
  10
3913.036499
  20
631.265526
  0
SEQEND
  8
11
  0
POLYLINE
  8
11
  66
1
  70
0
  0
VERTEX
  8
11
  10
3913.036804
  20
631.265526
  0
VERTEX
  8
11
  10
3906.963501
  20
631.265526
  0
SEQEND
  8
11
  0
POLYLINE
  8
11
  66
1
  70
0
  0
VERTEX
  8
11
  10
3909.487915
  20
626.215477
  0
VERTEX
  8
11
  10
3910.499878
  20
626.215477
  0
SEQEND
  8
11
  0
POLYLINE
  8
11
  66
1
  70
0
  0
VERTEX
  8
11
  10
3909.993896
  20
625.710487
  0
VERTEX
  8
11
  10
3909.993896
  20
626.720505
  0
SEQEND
  8
11
  0
POLYLINE
  8
11
  66
1
  70
0
  0
VERTEX
  8
11
  10
3676.182861
  20
455.024643
  0
VERTEX
  8
11
  10
3909.999695
  20
455.024643
  0
SEQEND
  8
11
  0
POLYLINE
  8
11
  66
1
  70
0
  0
VERTEX
  8
11
  10
3911.782837
  20
627.001152
  0
VERTEX
  8
11
  10
3910.905488
  20
627.553825
  0
VERTEX
  8
11
  10
3910.170065
  20
627.738947
  0
VERTEX
  8
11
  10
3909.384677
  20
627.667468
  0
VERTEX
  8
11
  10
3908.654688
  20
627.356933
  0
VERTEX
  8
11
  10
3908.060906
  20
626.844785
  0
VERTEX
  8
11
  10
3907.649311
  20
626.162591
  0
VERTEX
  8
11
  10
3907.469828
  20
625.397206
  0
VERTEX
  8
11
  10
3907.539374
  20
624.604137
  0
VERTEX
  8
11
  10
3907.845852
  20
623.881519
  0
VERTEX
  8
11
  10
3908.360708
  20
623.287862
  0
VERTEX
  8
11
  10
3909.042233
  20
622.875785
  0
VERTEX
  8
11
  10
3909.807368
  20
622.697314
  0
VERTEX
  8
11
  10
3910.592732
  20
622.762803
  0
VERTEX
  8
11
  10
3911.318349
  20
623.064435
  0
VERTEX
  8
11
  10
3911.906793
  20
623.563220
  0
VERTEX
  8
11
  10
3912.323614
  20
624.230145
  0
VERTEX
  8
11
  10
3912.518105
  20
624.999986
  0
VERTEX
  8
11
  10
3912.468972
  20
625.739502
  0
VERTEX
  8
11
  10
3911.782837
  20
627.001152
  0
SEQEND
  8
11
  0
POLYLINE
  8
11
  66
1
  70
0
  0
VERTEX
  8
11
  10
3795.986938
  20
688.213272
  0
VERTEX
  8
11
  10
3800.549797
  20
682.426586
  0
VERTEX
  8
11
  10
3804.625849
  20
677.658940
  0
VERTEX
  8
11
  10
3808.135290
  20
673.911138
  0
VERTEX
  8
11
  10
3811.590760
  20
670.577212
  0
VERTEX
  8
11
  10
3815.028834
  20
667.603774
  0
VERTEX
  8
11
  10
3818.636305
  20
664.815561
  0
VERTEX
  8
11
  10
3822.300113
  20
662.296755
  0
VERTEX
  8
11
  10
3826.085340
  20
660.002505
  0
VERTEX
  8
11
  10
3830.014456
  20
657.922052
  0
VERTEX
  8
11
  10
3834.254760
  20
655.972172
  0
VERTEX
  8
11
  10
3838.718766
  20
654.204384
  0
VERTEX
  8
11
  10
3843.425256
  20
652.613758
  0
VERTEX
  8
11
  10
3848.385084
  20
651.200349
  0
VERTEX
  8
11
  10
3853.790609
  20
649.925386
  0
VERTEX
  8
11
  10
3859.554819
  20
648.827556
  0
VERTEX
  8
11
  10
3865.851069
  20
647.889518
  0
VERTEX
  8
11
  10
3872.632894
  20
647.136201
  0
VERTEX
  8
11
  10
3880.255451
  20
646.549936
  0
VERTEX
  8
11
  10
3889.156503
  20
646.130630
  0
VERTEX
  8
11
  10
3899.288357
  20
645.906946
  0
VERTEX
  8
11
  10
3909.999695
  20
645.896530
  0
SEQEND
  8
11
  0
POLYLINE
  8
11
  66
1
  70
0
  0
VERTEX
  8
11
  10
4143.817139
  20
455.024643
  0
VERTEX
  8
11
  10
3909.999695
  20
455.024643
  0
SEQEND
  8
11
  0
POLYLINE
  8
11
  66
1
  70
0
  0
VERTEX
  8
11
  10
4024.013062
  20
688.213272
  0
VERTEX
  8
11
  10
4018.720922
  20
681.568195
  0
VERTEX
  8
11
  10
4014.832853
  20
677.057887
  0
VERTEX
  8
11
  10
4011.499039
  20
673.534438
  0
VERTEX
  8
11
  10
4008.138774
  20
670.331378
  0
VERTEX
  8
11
  10
4004.704393
  20
667.387832
  0
VERTEX
  8
11
  10
4001.140438
  20
664.653041
  0
VERTEX
  8
11
  10
3997.484339
  20
662.157700
  0
VERTEX
  8
11
  10
3993.826438
  20
659.952611
  0
VERTEX
  8
11
  10
3989.913167
  20
657.886144
  0
VERTEX
  8
11
  10
3985.823034
  20
656.005589
  0
VERTEX
  8
11
  10
3981.425622
  20
654.257636
  0
VERTEX
  8
11
  10
3976.752326
  20
652.668927
  0
VERTEX
  8
11
  10
3971.798258
  20
651.248022
  0
VERTEX
  8
11
  10
3966.514048
  20
649.990865
  0
VERTEX
  8
11
  10
3960.802737
  20
648.888603
  0
VERTEX
  8
11
  10
3954.572475
  20
647.945379
  0
VERTEX
  8
11
  10
3947.789611
  20
647.176218
  0
VERTEX
  8
11
  10
3940.307187
  20
646.582776
  0
VERTEX
  8
11
  10
3931.690052
  20
646.162403
  0
VERTEX
  8
11
  10
3921.582683
  20
645.927510
  0
VERTEX
  8
11
  10
3909.999695
  20
645.896530
  0
SEQEND
  8
11
  0
POLYLINE
  8
11
  66
1
  70
0
  0
VERTEX
  8
11
  10
3909.999695
  20
80.983076
  0
VERTEX
  8
11
  10
3894.046021
  20
80.978642
  0
VERTEX
  8
11
  10
3878.875122
  20
81.014271
  0
VERTEX
  8
11
  10
3863.192139
  20
81.095228
  0
VERTEX
  8
11
  10
3847.414856
  20
81.234989
  0
VERTEX
  8
11
  10
3832.069092
  20
81.432009
  0
VERTEX
  8
11
  10
3816.723938
  20
81.684418
  0
VERTEX
  8
11
  10
3801.383667
  20
81.987114
  0
VERTEX
  8
11
  10
3786.040344
  20
82.336340
  0
VERTEX
  8
11
  10
3770.698242
  20
82.730427
  0
VERTEX
  8
11
  10
3755.357361
  20
83.168011
  0
VERTEX
  8
11
  10
3740.301514
  20
83.637934
  0
VERTEX
  8
11
  10
3724.963074
  20
84.153261
  0
VERTEX
  8
11
  10
3709.625549
  20
84.699993
  0
VERTEX
  8
11
  10
3694.489136
  20
85.264874
  0
VERTEX
  8
11
  10
3679.064941
  20
85.859156
  0
VERTEX
  8
11
  10
3665.872192
  20
86.379309
  0
SEQEND
  8
11
  0
POLYLINE
  8
11
  66
1
  70
0
  0
VERTEX
  8
11
  10
4154.127808
  20
86.379309
  0
VERTEX
  8
11
  10
4137.973328
  20
85.743866
  0
VERTEX
  8
11
  10
4122.833557
  20
85.163431
  0
VERTEX
  8
11
  10
4107.526550
  20
84.596357
  0
VERTEX
  8
11
  10
4092.189026
  20
84.055042
  0
VERTEX
  8
11
  10
4076.850281
  20
83.546152
  0
VERTEX
  8
11
  10
4061.651611
  20
83.079348
  0
VERTEX
  8
11
  10
4046.310425
  20
82.650127
  0
VERTEX
  8
11
  10
4030.968018
  20
82.264681
  0
VERTEX
  8
11
  10
4015.624390
  20
81.924353
  0
VERTEX
  8
11
  10
4000.564270
  20
81.636009
  0
VERTEX
  8
11
  10
3985.218811
  20
81.393023
  0
VERTEX
  8
11
  10
3969.872742
  20
81.206312
  0
VERTEX
  8
11
  10
3954.559021
  20
81.080446
  0
VERTEX
  8
11
  10
3939.054565
  20
81.007128
  0
VERTEX
  8
11
  10
3923.670044
  20
80.976524
  0
VERTEX
  8
11
  10
3909.999695
  20
80.983076
  0
SEQEND
  8
11
  0
POLYLINE
  8
11
  66
1
  70
0
  0
VERTEX
  8
11
  10
4153.778076
  20
106.327629
  0
VERTEX
  8
11
  10
4154.127808
  20
86.379309
  0
SEQEND
  8
11
  0
POLYLINE
  8
11
  66
1
  70
0
  0
VERTEX
  8
11
  10
4153.353271
  20
460.643997
  0
VERTEX
  8
11
  10
4151.737671
  20
445.011024
  0
VERTEX
  8
11
  10
4150.358276
  20
429.873962
  0
VERTEX
  8
11
  10
4149.098816
  20
414.761009
  0
VERTEX
  8
11
  10
4147.840271
  20
399.532890
  0
VERTEX
  8
11
  10
4146.856689
  20
385.361137
  0
VERTEX
  8
11
  10
4146.042175
  20
370.102158
  0
VERTEX
  8
11
  10
4145.419617
  20
354.828949
  0
VERTEX
  8
11
  10
4144.977112
  20
339.555092
  0
VERTEX
  8
11
  10
4144.746704
  20
323.994789
  0
VERTEX
  8
11
  10
4144.761047
  20
308.714199
  0
VERTEX
  8
11
  10
4145.018616
  20
293.484669
  0
VERTEX
  8
11
  10
4145.494080
  20
278.211823
  0
VERTEX
  8
11
  10
4146.132202
  20
262.720757
  0
VERTEX
  8
11
  10
4146.852722
  20
247.457581
  0
VERTEX
  8
11
  10
4147.620544
  20
232.196941
  0
VERTEX
  8
11
  10
4148.395081
  20
216.936665
  0
VERTEX
  8
11
  10
4149.136047
  20
201.949444
  0
VERTEX
  8
11
  10
4149.890442
  20
186.688080
  0
VERTEX
  8
11
  10
4150.643311
  20
171.426640
  0
VERTEX
  8
11
  10
4151.384888
  20
156.267633
  0
VERTEX
  8
11
  10
4152.126770
  20
140.932446
  0
VERTEX
  8
11
  10
4152.851868
  20
125.816908
  0
VERTEX
  8
11
  10
4153.564148
  20
110.846233
  0
VERTEX
  8
11
  10
4153.778076
  20
106.327629
  0
SEQEND
  8
11
  0
POLYLINE
  8
11
  66
1
  70
0
  0
VERTEX
  8
11
  10
4123.426514
  20
666.592102
  0
VERTEX
  8
11
  10
4119.907837
  20
651.741028
  0
VERTEX
  8
11
  10
4116.799622
  20
638.325272
  0
VERTEX
  8
11
  10
4114.748840
  20
628.471336
  0
VERTEX
  8
11
  10
4112.709961
  20
617.404823
  0
VERTEX
  8
11
  10
4110.951843
  20
606.620102
  0
VERTEX
  8
11
  10
4109.825439
  20
598.299026
  0
VERTEX
  8
11
  10
4108.928833
  20
589.565964
  0
VERTEX
  8
11
  10
4107.482300
  20
574.575958
  0
VERTEX
  8
11
  10
4106.885986
  20
566.030006
  0
VERTEX
  8
11
  10
4106.556396
  20
557.806358
  0
VERTEX
  8
11
  10
4106.330566
  20
542.659950
  0
VERTEX
  8
11
  10
4106.358643
  20
535.810280
  0
VERTEX
  8
11
  10
4106.632385
  20
529.265442
  0
VERTEX
  8
11
  10
4107.160339
  20
522.519226
  0
VERTEX
  8
11
  10
4107.864990
  20
516.514359
  0
VERTEX
  8
11
  10
4108.769226
  20
510.926094
  0
VERTEX
  8
11
  10
4109.860229
  20
505.712967
  0
VERTEX
  8
11
  10
4111.129456
  20
500.836258
  0
VERTEX
  8
11
  10
4112.508240
  20
496.488419
  0
VERTEX
  8
11
  10
4114.062500
  20
492.406006
  0
VERTEX
  8
11
  10
4115.701294
  20
488.781548
  0
VERTEX
  8
11
  10
4117.518311
  20
485.371704
  0
VERTEX
  8
11
  10
4119.430847
  20
482.315025
  0
VERTEX
  8
11
  10
4121.514282
  20
479.466667
  0
VERTEX
  8
11
  10
4123.742981
  20
476.859550
  0
VERTEX
  8
11
  10
4126.112366
  20
474.476357
  0
VERTEX
  8
11
  10
4128.697510
  20
472.237663
  0
VERTEX
  8
11
  10
4131.294556
  20
470.304527
  0
VERTEX
  8
11
  10
4134.137878
  20
468.503609
  0
VERTEX
  8
11
  10
4136.965942
  20
467.018623
  0
VERTEX
  8
11
  10
4139.836731
  20
465.804939
  0
VERTEX
  8
11
  10
4148.833008
  20
462.564430
  0
VERTEX
  8
11
  10
4153.353271
  20
460.643997
  0
SEQEND
  8
11
  0
POLYLINE
  8
11
  66
1
  70
0
  0
VERTEX
  8
11
  10
4019.598999
  20
699.023438
  0
VERTEX
  8
11
  10
4123.426514
  20
666.592102
  0
SEQEND
  8
11
  0
POLYLINE
  8
11
  66
1
  70
0
  0
VERTEX
  8
11
  10
3909.999695
  20
656.517868
  0
VERTEX
  8
11
  10
3924.080200
  20
656.586304
  0
VERTEX
  8
11
  10
3933.860168
  20
656.862869
  0
VERTEX
  8
11
  10
3942.094421
  20
657.327652
  0
VERTEX
  8
11
  10
3949.194946
  20
657.964706
  0
VERTEX
  8
11
  10
3955.495911
  20
658.764191
  0
VERTEX
  8
11
  10
3961.440735
  20
659.763107
  0
VERTEX
  8
11
  10
3966.813354
  20
660.910950
  0
VERTEX
  8
11
  10
3971.650696
  20
662.186279
  0
VERTEX
  8
11
  10
3976.231689
  20
663.644714
  0
VERTEX
  8
11
  10
3980.520935
  20
665.267944
  0
VERTEX
  8
11
  10
3984.444275
  20
667.009048
  0
VERTEX
  8
11
  10
3988.079834
  20
668.881226
  0
VERTEX
  8
11
  10
3991.624451
  20
670.983887
  0
VERTEX
  8
11
  10
3995.027161
  20
673.294601
  0
VERTEX
  8
11
  10
3998.290710
  20
675.810623
  0
VERTEX
  8
11
  10
4001.519470
  20
678.617020
  0
VERTEX
  8
11
  10
4004.463501
  20
681.500626
  0
VERTEX
  8
11
  10
4007.326965
  20
684.671249
  0
VERTEX
  8
11
  10
4015.445251
  20
694.391861
  0
VERTEX
  8
11
  10
4019.598999
  20
699.023438
  0
SEQEND
  8
11
  0
POLYLINE
  8
11
  66
1
  70
0
  0
VERTEX
  8
11
  10
3800.401001
  20
699.023438
  0
VERTEX
  8
11
  10
3806.203003
  20
692.477112
  0
VERTEX
  8
11
  10
3814.400940
  20
682.716064
  0
VERTEX
  8
11
  10
3817.244568
  20
679.742355
  0
VERTEX
  8
11
  10
3819.821472
  20
677.393875
  0
VERTEX
  8
11
  10
3822.903748
  20
674.977646
  0
VERTEX
  8
11
  10
3828.088684
  20
671.116028
  0
VERTEX
  8
11
  10
3830.936890
  20
669.391937
  0
VERTEX
  8
11
  10
3834.865112
  20
667.355347
  0
VERTEX
  8
11
  10
3839.048462
  20
665.453720
  0
VERTEX
  8
11
  10
3843.139954
  20
663.861694
  0
VERTEX
  8
11
  10
3847.508545
  20
662.432175
  0
VERTEX
  8
11
  10
3852.445679
  20
661.091690
  0
VERTEX
  8
11
  10
3857.706299
  20
659.929047
  0
VERTEX
  8
11
  10
3863.504639
  20
658.913879
  0
VERTEX
  8
11
  10
3869.787903
  20
658.077545
  0
VERTEX
  8
11
  10
3876.695557
  20
657.419052
  0
VERTEX
  8
11
  10
3884.602966
  20
656.931076
  0
VERTEX
  8
11
  10
3893.839111
  20
656.624832
  0
VERTEX
  8
11
  10
3905.588379
  20
656.512604
  0
VERTEX
  8
11
  10
3909.999695
  20
656.517868
  0
SEQEND
  8
11
  0
POLYLINE
  8
11
  66
1
  70
0
  0
VERTEX
  8
11
  10
3696.573792
  20
666.592102
  0
VERTEX
  8
11
  10
3754.453430
  20
684.671326
  0
VERTEX
  8
11
  10
3800.401001
  20
699.023438
  0
SEQEND
  8
11
  0
POLYLINE
  8
11
  66
1
  70
0
  0
VERTEX
  8
11
  10
3666.646423
  20
460.643997
  0
VERTEX
  8
11
  10
3672.242432
  20
462.986946
  0
VERTEX
  8
11
  10
3677.114563
  20
464.719048
  0
VERTEX
  8
11
  10
3681.214294
  20
466.218872
  0
VERTEX
  8
11
  10
3684.003601
  20
467.494125
  0
VERTEX
  8
11
  10
3686.791077
  20
469.057541
  0
VERTEX
  8
11
  10
3689.529419
  20
470.886726
  0
VERTEX
  8
11
  10
3692.176514
  20
472.956848
  0
VERTEX
  8
11
  10
3694.693909
  20
475.248222
  0
VERTEX
  8
11
  10
3697.004089
  20
477.689133
  0
VERTEX
  8
11
  10
3699.162598
  20
480.343323
  0
VERTEX
  8
11
  10
3701.179810
  20
483.239174
  0
VERTEX
  8
11
  10
3703.022461
  20
486.329041
  0
VERTEX
  8
11
  10
3704.774170
  20
489.773026
  0
VERTEX
  8
11
  10
3706.399841
  20
493.545876
  0
VERTEX
  8
11
  10
3707.886963
  20
497.653427
  0
VERTEX
  8
11
  10
3709.226685
  20
502.105675
  0
VERTEX
  8
11
  10
3710.437622
  20
507.023392
  0
VERTEX
  8
11
  10
3711.476440
  20
512.297096
  0
VERTEX
  8
11
  10
3712.319336
  20
517.895317
  0
VERTEX
  8
11
  10
3712.984009
  20
524.074020
  0
VERTEX
  8
11
  10
3713.458252
  20
530.895157
  0
VERTEX
  8
11
  10
3713.671570
  20
537.441826
  0
VERTEX
  8
11
  10
3713.634949
  20
545.046005
  0
VERTEX
  8
11
  10
3713.377075
  20
560.094681
  0
VERTEX
  8
11
  10
3712.978821
  20
568.315659
  0
VERTEX
  8
11
  10
3712.312317
  20
576.918335
  0
VERTEX
  8
11
  10
3710.844116
  20
591.957512
  0
VERTEX
  8
11
  10
3709.996643
  20
599.752693
  0
VERTEX
  8
11
  10
3708.802490
  20
608.234558
  0
VERTEX
  8
11
  10
3706.943359
  20
619.382744
  0
VERTEX
  8
11
  10
3704.893799
  20
630.275803
  0
VERTEX
  8
11
  10
3702.760315
  20
640.302048
  0
VERTEX
  8
11
  10
3699.306641
  20
655.017319
  0
VERTEX
  8
11
  10
3696.573792
  20
666.592102
  0
SEQEND
  8
11
  0
POLYLINE
  8
11
  66
1
  70
0
  0
VERTEX
  8
11
  10
3666.221924
  20
106.327629
  0
VERTEX
  8
11
  10
3666.966248
  20
122.007437
  0
VERTEX
  8
11
  10
3667.698364
  20
137.303848
  0
VERTEX
  8
11
  10
3668.424988
  20
152.355127
  0
VERTEX
  8
11
  10
3669.166565
  20
167.561378
  0
VERTEX
  8
11
  10
3669.918213
  20
182.822876
  0
VERTEX
  8
11
  10
3670.672607
  20
198.084240
  0
VERTEX
  8
11
  10
3671.417542
  20
213.180161
  0
VERTEX
  8
11
  10
3672.187805
  20
228.440666
  0
VERTEX
  8
11
  10
3672.961121
  20
243.701000
  0
VERTEX
  8
11
  10
3673.697205
  20
258.963356
  0
VERTEX
  8
11
  10
3674.346313
  20
274.029655
  0
VERTEX
  8
11
  10
3674.870300
  20
289.301090
  0
VERTEX
  8
11
  10
3675.196228
  20
304.801273
  0
VERTEX
  8
11
  10
3675.272522
  20
320.081673
  0
VERTEX
  8
11
  10
3675.109253
  20
335.312653
  0
VERTEX
  8
11
  10
3674.722900
  20
350.587845
  0
VERTEX
  8
11
  10
3674.136047
  20
366.139526
  0
VERTEX
  8
11
  10
3673.376770
  20
381.401672
  0
VERTEX
  8
11
  10
3672.420959
  20
396.089172
  0
VERTEX
  8
11
  10
3671.193237
  20
411.319580
  0
VERTEX
  8
11
  10
3669.910583
  20
426.604385
  0
VERTEX
  8
11
  10
3668.555298
  20
441.976089
  0
VERTEX
  8
11
  10
3667.061157
  20
456.805153
  0
VERTEX
  8
11
  10
3666.646423
  20
460.643997
  0
SEQEND
  8
11
  0
POLYLINE
  8
11
  66
1
  70
0
  0
VERTEX
  8
11
  10
3665.872192
  20
86.379309
  0
VERTEX
  8
11
  10
3666.221924
  20
106.327629
  0
SEQEND
  8
11
 0
LINE
 8
11
 10
3872.805481
 20
372.913170
 11
3872.805481
 21
270.317631
 0
LINE
 8
11
 10
3872.805481
 20
270.317631
 11
3876.189128
 21
290.029326
 0
LINE
 8
11
 10
3872.805481
 20
270.317631
 11
3872.805481
 21
270.317631
  0
TEXT
  8
11
 10
3910.000000
 20
359.999981
 40
10.000000
 50
0.000000
  1
Piece Name: 
  0
TEXT
  8
11
 10
3910.000000
 20
374.999981
 40
10.000000
 50
0.000000
  1
Size: M
  0
TEXT
  8
11
 10
3910.000000
 20
389.999981
 40
10.000000
 50
0.000000
  1
Annotation: 面料X1
  0
TEXT
  8
11
 10
3910.000000
 20
404.999981
 40
10.000000
 50
0.000000
  1
Quantity: 1
  0
TEXT
  8
11
 10
3910.000000
 20
419.999981
 40
10.000000
 50
0.000000
  1
Material: 面料
  0
POLYLINE
  8
11
  66
1
  70
0
  0
VERTEX
  8
11
  10
2594.848022
  20
77.935128
  0
VERTEX
  8
11
  10
2596.771545
  20
97.935123
  0
SEQEND
  8
11
  0
POLYLINE
  8
11
  66
1
  70
0
  0
VERTEX
  8
11
  10
2596.771545
  20
97.935123
  0
VERTEX
  8
11
  10
2593.601685
  20
130.897074
  0
SEQEND
  8
11
  0
POLYLINE
  8
11
  66
1
  70
0
  0
VERTEX
  8
11
  10
2593.601685
  20
130.897074
  0
VERTEX
  8
11
  10
2600.514275
  20
132.639781
  0
VERTEX
  8
11
  10
2611.757200
  20
135.047413
  0
VERTEX
  8
11
  10
2615.264518
  20
136.094217
  0
VERTEX
  8
11
  10
2618.865151
  20
137.432895
  0
VERTEX
  8
11
  10
2622.530220
  20
139.064735
  0
VERTEX
  8
11
  10
2626.080425
  20
140.917683
  0
VERTEX
  8
11
  10
2629.478077
  20
142.966968
  0
VERTEX
  8
11
  10
2632.924679
  20
145.336783
  0
VERTEX
  8
11
  10
2636.353753
  20
147.995335
  0
VERTEX
  8
11
  10
2639.879001
  20
151.047130
  0
VERTEX
  8
11
  10
2643.491768
  20
154.512207
  0
VERTEX
  8
11
  10
2647.218619
  20
158.442742
  0
VERTEX
  8
11
  10
2651.050035
  20
162.850158
  0
VERTEX
  8
11
  10
2655.164708
  20
167.973799
  0
VERTEX
  8
11
  10
2659.762203
  20
174.118647
  0
VERTEX
  8
11
  10
2665.602037
  20
182.397049
  0
VERTEX
  8
11
  10
2674.067196
  20
194.808018
  0
VERTEX
  8
11
  10
2680.736039
  20
204.393940
  0
VERTEX
  8
11
  10
2685.769969
  20
211.246084
  0
VERTEX
  8
11
  10
2690.420764
  20
217.177386
  0
VERTEX
  8
11
  10
2695.348531
  20
223.064645
  0
VERTEX
  8
11
  10
2699.677562
  20
227.901561
  0
VERTEX
  8
11
  10
2703.075251
  20
231.345901
  0
VERTEX
  8
11
  10
2706.731197
  20
234.651549
  0
VERTEX
  8
11
  10
2712.226383
  20
239.489263
  0
VERTEX
  8
11
  10
2715.778285
  20
242.259998
  0
VERTEX
  8
11
  10
2719.883946
  20
245.131683
  0
VERTEX
  8
11
  10
2724.613771
  20
248.122260
  0
VERTEX
  8
11
  10
2729.253304
  20
250.764542
  0
VERTEX
  8
11
  10
2733.721548
  20
253.026356
  0
VERTEX
  8
11
  10
2738.296736
  20
255.060144
  0
VERTEX
  8
11
  10
2742.856913
  20
256.818989
  0
VERTEX
  8
11
  10
2747.456224
  20
258.329725
  0
VERTEX
  8
11
  10
2751.965891
  20
259.552564
  0
VERTEX
  8
11
  10
2756.457047
  20
260.516948
  0
VERTEX
  8
11
  10
2761.236118
  20
261.286984
  0
VERTEX
  8
11
  10
2766.102249
  20
261.819259
  0
VERTEX
  8
11
  10
2770.601850
  20
262.064874
  0
VERTEX
  8
11
  10
2775.051326
  20
262.049404
  0
VERTEX
  8
11
  10
2781.878052
  20
261.883526
  0
SEQEND
  8
11
 0
LINE
 8
11
 10
2704.946016
 20
236.409781
 11
2708.264274
 21
232.669573
 0
LINE
 8
11
 10
2781.263463
 20
264.394277
 11
2781.178833
 21
259.394993
  0
POLYLINE
  8
11
  66
1
  70
0
  0
VERTEX
  8
11
  10
2781.878052
  20
261.883526
  0
VERTEX
  8
11
  10
2788.542036
  20
260.909938
  0
VERTEX
  8
11
  10
2793.387665
  20
260.162349
  0
VERTEX
  8
11
  10
2796.871225
  20
259.371408
  0
VERTEX
  8
11
  10
2800.433903
  20
258.301118
  0
VERTEX
  8
11
  10
2804.288481
  20
256.878202
  0
VERTEX
  8
11
  10
2808.376177
  20
255.099303
  0
VERTEX
  8
11
  10
2812.678761
  20
252.949301
  0
VERTEX
  8
11
  10
2816.297555
  20
250.883108
  0
VERTEX
  8
11
  10
2819.264594
  20
248.906588
  0
VERTEX
  8
11
  10
2828.824587
  20
241.450842
  0
VERTEX
  8
11
  10
2831.652997
  20
238.821315
  0
VERTEX
  8
11
  10
2835.055244
  20
235.275999
  0
VERTEX
  8
11
  10
2838.753998
  20
231.094405
  0
VERTEX
  8
11
  10
2841.433960
  20
227.722480
  0
VERTEX
  8
11
  10
2843.887461
  20
224.202288
  0
VERTEX
  8
11
  10
2849.590808
  20
215.570996
  0
VERTEX
  8
11
  10
2852.184316
  20
211.063048
  0
VERTEX
  8
11
  10
2856.934235
  20
202.013042
  0
VERTEX
  8
11
  10
2863.845960
  20
188.687832
  0
VERTEX
  8
11
  10
2868.261718
  20
180.607066
  0
VERTEX
  8
11
  10
2871.990353
  20
174.250152
  0
VERTEX
  8
11
  10
2875.346015
  20
168.986261
  0
VERTEX
  8
11
  10
2878.538601
  20
164.420996
  0
VERTEX
  8
11
  10
2881.628273
  20
160.421802
  0
VERTEX
  8
11
  10
2884.676168
  20
156.870779
  0
VERTEX
  8
11
  10
2887.658540
  20
153.758330
  0
VERTEX
  8
11
  10
2890.698073
  20
150.931586
  0
VERTEX
  8
11
  10
2893.880101
  20
148.301686
  0
VERTEX
  8
11
  10
2897.241259
  20
145.845500
  0
VERTEX
  8
11
  10
2900.493031
  20
143.754736
  0
VERTEX
  8
11
  10
2904.126129
  20
141.722908
  0
VERTEX
  8
11
  10
2907.768616
  20
139.977554
  0
VERTEX
  8
11
  10
2911.487601
  20
138.468399
  0
VERTEX
  8
11
  10
2915.502581
  20
137.115011
  0
VERTEX
  8
11
  10
2919.803930
  20
135.938948
  0
VERTEX
  8
11
  10
2924.528133
  20
134.911399
  0
VERTEX
  8
11
  10
2929.805524
  20
134.028692
  0
VERTEX
  8
11
  10
2943.798673
  20
132.206443
  0
VERTEX
  8
11
  10
2946.398315
  20
131.813641
  0
SEQEND
  8
11
 0
LINE
 8
11
 10
2824.806483
 20
247.787910
 11
2821.750224
 21
243.830729
 0
LINE
 8
11
 10
2847.575314
 20
223.169007
 11
2843.430197
 21
220.372938
 0
LINE
 8
11
 10
2884.194336
 20
161.233186
 11
2880.518564
 21
157.843688
  0
POLYLINE
  8
11
  66
1
  70
0
  0
VERTEX
  8
11
  10
2946.398315
  20
131.813641
  0
VERTEX
  8
11
  10
2943.137817
  20
97.935123
  0
SEQEND
  8
11
  0
POLYLINE
  8
11
  66
1
  70
0
  0
VERTEX
  8
11
  10
2943.137817
  20
97.935123
  0
VERTEX
  8
11
  10
2945.062866
  20
77.935128
  0
SEQEND
  8
11
  0
POLYLINE
  8
11
  66
1
  70
0
  0
VERTEX
  8
11
  10
2945.062866
  20
77.935128
  0
VERTEX
  8
11
  10
2780.774231
  20
77.935128
  0
VERTEX
  8
11
  10
2594.848022
  20
77.935128
  0
SEQEND
  8
11
  0
POLYLINE
  8
11
  66
1
  70
0
  0
VERTEX
  8
11
  10
2605.812988
  20
97.935123
  0
VERTEX
  8
11
  10
2603.289185
  20
124.180002
  0
SEQEND
  8
11
  0
POLYLINE
  8
11
  66
1
  70
0
  0
VERTEX
  8
11
  10
2603.289185
  20
124.180002
  0
VERTEX
  8
11
  10
2608.900860
  20
125.154439
  0
VERTEX
  8
11
  10
2613.616026
  20
126.229717
  0
VERTEX
  8
11
  10
2617.482818
  20
127.355874
  0
VERTEX
  8
11
  10
2621.369282
  20
128.744411
  0
VERTEX
  8
11
  10
2625.211976
  20
130.378057
  0
VERTEX
  8
11
  10
2629.074209
  20
132.295469
  0
VERTEX
  8
11
  10
2632.728755
  20
134.383540
  0
VERTEX
  8
11
  10
2636.500436
  20
136.836595
  0
VERTEX
  8
11
  10
2640.184326
  20
139.539162
  0
VERTEX
  8
11
  10
2643.953620
  20
142.629940
  0
VERTEX
  8
11
  10
2647.731390
  20
146.065619
  0
VERTEX
  8
11
  10
2651.573185
  20
149.911372
  0
VERTEX
  8
11
  10
2655.435011
  20
154.133451
  0
VERTEX
  8
11
  10
2659.542126
  20
159.006444
  0
VERTEX
  8
11
  10
2663.891639
  20
164.569949
  0
VERTEX
  8
11
  10
2668.873372
  20
171.375942
  0
VERTEX
  8
11
  10
2675.743465
  20
181.267965
  0
VERTEX
  8
11
  10
2684.311154
  20
193.803859
  0
VERTEX
  8
11
  10
2690.163209
  20
202.057343
  0
VERTEX
  8
11
  10
2695.007195
  20
208.499783
  0
VERTEX
  8
11
  10
2699.473119
  20
214.048272
  0
VERTEX
  8
11
  10
2703.750002
  20
218.978108
  0
VERTEX
  8
11
  10
2707.860085
  20
223.347599
  0
VERTEX
  8
11
  10
2711.895583
  20
227.279409
  0
VERTEX
  8
11
  10
2715.864354
  20
230.803669
  0
VERTEX
  8
11
  10
2719.806870
  20
233.980392
  0
VERTEX
  8
11
  10
2723.898904
  20
236.960938
  0
VERTEX
  8
11
  10
2728.075954
  20
239.699692
  0
VERTEX
  8
11
  10
2732.278994
  20
242.167911
  0
VERTEX
  8
11
  10
2736.570467
  20
244.406758
  0
VERTEX
  8
11
  10
2741.003163
  20
246.434235
  0
VERTEX
  8
11
  10
2745.307383
  20
248.135099
  0
VERTEX
  8
11
  10
2749.753397
  20
249.621028
  0
VERTEX
  8
11
  10
2754.093788
  20
250.807614
  0
VERTEX
  8
11
  10
2758.391313
  20
251.727156
  0
VERTEX
  8
11
  10
2762.837186
  20
252.421933
  0
VERTEX
  8
11
  10
2767.318706
  20
252.869773
  0
VERTEX
  8
11
  10
2772.000640
  20
253.080186
  0
VERTEX
  8
11
  10
2777.113282
  20
253.041196
  0
VERTEX
  8
11
  10
2781.069031
  20
252.872467
  0
SEQEND
  8
11
 0
LINE
 8
11
 10
2714.314192
 20
226.109292
 11
2710.940001
 21
229.799121
 0
LINE
 8
11
 10
2781.168036
 20
255.370505
 11
2780.970399
 21
250.374413
  0
POLYLINE
  8
11
  66
1
  70
0
  0
VERTEX
  8
11
  10
2781.069031
  20
252.872467
  0
VERTEX
  8
11
  10
2786.349411
  20
252.272523
  0
VERTEX
  8
11
  10
2790.758302
  20
251.527359
  0
VERTEX
  8
11
  10
2794.500803
  20
250.657749
  0
VERTEX
  8
11
  10
2798.133325
  20
249.560557
  0
VERTEX
  8
11
  10
2801.799239
  20
248.186120
  0
VERTEX
  8
11
  10
2805.402403
  20
246.565264
  0
VERTEX
  8
11
  10
2809.128598
  20
244.607015
  0
VERTEX
  8
11
  10
2812.781104
  20
242.401000
  0
VERTEX
  8
11
  10
2816.343187
  20
239.958927
  0
VERTEX
  8
11
  10
2819.857086
  20
237.246612
  0
VERTEX
  8
11
  10
2823.302697
  20
234.268694
  0
VERTEX
  8
11
  10
2826.604081
  20
231.089989
  0
VERTEX
  8
11
  10
2829.838908
  20
227.630103
  0
VERTEX
  8
11
  10
2832.894223
  20
224.005153
  0
VERTEX
  8
11
  10
2835.845257
  20
220.120933
  0
VERTEX
  8
11
  10
2838.806095
  20
215.795922
  0
VERTEX
  8
11
  10
2841.804547
  20
210.962381
  0
VERTEX
  8
11
  10
2845.234146
  20
204.916194
  0
VERTEX
  8
11
  10
2850.312758
  20
195.311258
  0
VERTEX
  8
11
  10
2857.246481
  20
182.000566
  0
VERTEX
  8
11
  10
2861.365989
  20
174.533155
  0
VERTEX
  8
11
  10
2864.937231
  20
168.532844
  0
VERTEX
  8
11
  10
2868.372370
  20
163.227634
  0
VERTEX
  8
11
  10
2871.632633
  20
158.624163
  0
VERTEX
  8
11
  10
2874.836463
  20
154.510227
  0
VERTEX
  8
11
  10
2878.012734
  20
150.821126
  0
VERTEX
  8
11
  10
2881.179055
  20
147.508336
  0
VERTEX
  8
11
  10
2884.475391
  20
144.419205
  0
VERTEX
  8
11
  10
2887.868165
  20
141.578944
  0
VERTEX
  8
11
  10
2891.379323
  20
138.958775
  0
VERTEX
  8
11
  10
2894.937720
  20
136.603167
  0
VERTEX
  8
11
  10
2898.589018
  20
134.474403
  0
VERTEX
  8
11
  10
2902.392520
  20
132.540115
  0
VERTEX
  8
11
  10
2906.292795
  20
130.830927
  0
VERTEX
  8
11
  10
2910.440391
  20
129.290081
  0
VERTEX
  8
11
  10
2914.747732
  20
127.961439
  0
VERTEX
  8
11
  10
2919.498632
  20
126.766692
  0
VERTEX
  8
11
  10
2924.634255
  20
125.737537
  0
VERTEX
  8
11
  10
2930.090972
  20
124.904914
  0
VERTEX
  8
11
  10
2936.622009
  20
124.180002
  0
SEQEND
  8
11
 0
LINE
 8
11
 10
2819.397028
 20
240.798339
 11
2816.356575
 21
236.829000
 0
LINE
 8
11
 10
2836.031074
 20
215.464014
 11
2840.192817
 21
218.235277
 0
LINE
 8
11
 10
2873.528191
 20
152.169030
 11
2877.366857
 21
155.372879
  0
POLYLINE
  8
11
  66
1
  70
0
  0
VERTEX
  8
11
  10
2936.622009
  20
124.180002
  0
VERTEX
  8
11
  10
2934.096069
  20
97.935123
  0
SEQEND
  8
11
  0
POLYLINE
  8
11
  66
1
  70
0
  0
VERTEX
  8
11
  10
2934.096069
  20
97.935123
  0
VERTEX
  8
11
  10
2780.774231
  20
97.935123
  0
VERTEX
  8
11
  10
2605.812988
  20
97.935123
  0
SEQEND
  8
11
  0
POLYLINE
  8
11
  66
1
  70
0
  0
VERTEX
  8
11
  10
2781.069031
  20
252.872467
  0
VERTEX
  8
11
  10
2781.069031
  20
236.835466
  0
VERTEX
  8
11
  10
2781.069031
  20
221.069907
  0
VERTEX
  8
11
  10
2781.069031
  20
205.804168
  0
VERTEX
  8
11
  10
2781.069031
  20
190.046448
  0
VERTEX
  8
11
  10
2781.069031
  20
175.007947
  0
VERTEX
  8
11
  10
2781.069031
  20
159.969435
  0
VERTEX
  8
11
  10
2781.069031
  20
144.930934
  0
VERTEX
  8
11
  10
2781.069031
  20
129.288975
  0
VERTEX
  8
11
  10
2781.069031
  20
114.013271
  0
VERTEX
  8
11
  10
2781.069031
  20
99.445898
  0
VERTEX
  8
11
  10
2781.069031
  20
97.935123
  0
SEQEND
  8
11
 0
LINE
 8
11
 10
2781.192027
 20
255.369440
 11
2780.946034
 21
250.375495
  0
POLYLINE
  8
11
  66
1
  70
0
  0
VERTEX
  8
11
  10
2945.062866
  20
77.935128
  0
VERTEX
  8
11
  10
2780.774231
  20
77.935128
  0
VERTEX
  8
11
  10
2594.848022
  20
77.935128
  0
SEQEND
  8
11
  0
POLYLINE
  8
11
  66
1
  70
0
  0
VERTEX
  8
11
  10
2943.137817
  20
97.935123
  0
VERTEX
  8
11
  10
2945.062866
  20
77.935128
  0
SEQEND
  8
11
  0
POLYLINE
  8
11
  66
1
  70
0
  0
VERTEX
  8
11
  10
2946.398315
  20
131.813641
  0
VERTEX
  8
11
  10
2943.137817
  20
97.935123
  0
SEQEND
  8
11
  0
POLYLINE
  8
11
  66
1
  70
0
  0
VERTEX
  8
11
  10
2781.878052
  20
261.883526
  0
VERTEX
  8
11
  10
2788.542175
  20
260.909920
  0
VERTEX
  8
11
  10
2793.387756
  20
260.162315
  0
VERTEX
  8
11
  10
2796.871338
  20
259.371357
  0
VERTEX
  8
11
  10
2800.434265
  20
258.301048
  0
VERTEX
  8
11
  10
2804.288635
  20
256.878128
  0
VERTEX
  8
11
  10
2808.376465
  20
255.099220
  0
VERTEX
  8
11
  10
2812.678833
  20
252.949219
  0
VERTEX
  8
11
  10
2816.297607
  20
250.883026
  0
VERTEX
  8
11
  10
2819.264832
  20
248.906498
  0
VERTEX
  8
11
  10
2828.824768
  20
241.450748
  0
VERTEX
  8
11
  10
2831.653137
  20
238.821220
  0
VERTEX
  8
11
  10
2835.055237
  20
235.275898
  0
VERTEX
  8
11
  10
2838.754272
  20
231.094303
  0
VERTEX
  8
11
  10
2841.434021
  20
227.722359
  0
VERTEX
  8
11
  10
2843.887634
  20
224.202175
  0
VERTEX
  8
11
  10
2849.590759
  20
215.570908
  0
VERTEX
  8
11
  10
2852.184448
  20
211.062946
  0
VERTEX
  8
11
  10
2856.934204
  20
202.012939
  0
VERTEX
  8
11
  10
2863.846130
  20
188.687725
  0
VERTEX
  8
11
  10
2868.261719
  20
180.606956
  0
VERTEX
  8
11
  10
2871.990662
  20
174.250031
  0
VERTEX
  8
11
  10
2875.346069
  20
168.986149
  0
VERTEX
  8
11
  10
2878.538818
  20
164.420891
  0
VERTEX
  8
11
  10
2881.628418
  20
160.421715
  0
VERTEX
  8
11
  10
2884.676208
  20
156.870680
  0
VERTEX
  8
11
  10
2887.658691
  20
153.758230
  0
VERTEX
  8
11
  10
2890.698242
  20
150.931492
  0
VERTEX
  8
11
  10
2893.880310
  20
148.301601
  0
VERTEX
  8
11
  10
2897.241516
  20
145.845413
  0
VERTEX
  8
11
  10
2900.493164
  20
143.754644
  0
VERTEX
  8
11
  10
2904.126282
  20
141.722822
  0
VERTEX
  8
11
  10
2907.768860
  20
139.977484
  0
VERTEX
  8
11
  10
2911.487732
  20
138.468351
  0
VERTEX
  8
11
  10
2915.502625
  20
137.114973
  0
VERTEX
  8
11
  10
2919.804077
  20
135.938921
  0
VERTEX
  8
11
  10
2924.528198
  20
134.911385
  0
VERTEX
  8
11
  10
2929.805603
  20
134.028683
  0
VERTEX
  8
11
  10
2943.798828
  20
132.206440
  0
VERTEX
  8
11
  10
2946.398315
  20
131.813641
  0
SEQEND
  8
11
  0
POLYLINE
  8
11
  66
1
  70
0
  0
VERTEX
  8
11
  10
2593.601685
  20
130.897074
  0
VERTEX
  8
11
  10
2600.514221
  20
132.639751
  0
VERTEX
  8
11
  10
2611.756897
  20
135.047359
  0
VERTEX
  8
11
  10
2615.264282
  20
136.094151
  0
VERTEX
  8
11
  10
2618.865051
  20
137.432814
  0
VERTEX
  8
11
  10
2622.530212
  20
139.064636
  0
VERTEX
  8
11
  10
2626.080322
  20
140.917568
  0
VERTEX
  8
11
  10
2629.477844
  20
142.966843
  0
VERTEX
  8
11
  10
2632.924500
  20
145.336657
  0
VERTEX
  8
11
  10
2636.353455
  20
147.995205
  0
VERTEX
  8
11
  10
2639.878845
  20
151.047010
  0
VERTEX
  8
11
  10
2643.491516
  20
154.512081
  0
VERTEX
  8
11
  10
2647.218323
  20
158.442621
  0
VERTEX
  8
11
  10
2651.049805
  20
162.850037
  0
VERTEX
  8
11
  10
2655.164490
  20
167.973671
  0
VERTEX
  8
11
  10
2659.761963
  20
174.118500
  0
VERTEX
  8
11
  10
2665.601807
  20
182.396889
  0
VERTEX
  8
11
  10
2674.067078
  20
194.807873
  0
VERTEX
  8
11
  10
2680.735779
  20
204.393806
  0
VERTEX
  8
11
  10
2685.769958
  20
211.245956
  0
VERTEX
  8
11
  10
2690.420532
  20
217.177277
  0
VERTEX
  8
11
  10
2695.348511
  20
223.064518
  0
VERTEX
  8
11
  10
2699.677429
  20
227.901440
  0
VERTEX
  8
11
  10
2703.075256
  20
231.345768
  0
VERTEX
  8
11
  10
2706.730957
  20
234.651413
  0
VERTEX
  8
11
  10
2712.226257
  20
239.489136
  0
VERTEX
  8
11
  10
2715.778198
  20
242.259865
  0
VERTEX
  8
11
  10
2719.883728
  20
245.131550
  0
VERTEX
  8
11
  10
2724.613342
  20
248.122139
  0
VERTEX
  8
11
  10
2729.252930
  20
250.764446
  0
VERTEX
  8
11
  10
2733.721313
  20
253.026257
  0
VERTEX
  8
11
  10
2738.296509
  20
255.060062
  0
VERTEX
  8
11
  10
2742.856750
  20
256.818905
  0
VERTEX
  8
11
  10
2747.456055
  20
258.329659
  0
VERTEX
  8
11
  10
2751.965637
  20
259.552517
  0
VERTEX
  8
11
  10
2756.456909
  20
260.516911
  0
VERTEX
  8
11
  10
2761.235962
  20
261.286964
  0
VERTEX
  8
11
  10
2766.101990
  20
261.819248
  0
VERTEX
  8
11
  10
2770.601501
  20
262.064877
  0
VERTEX
  8
11
  10
2775.050964
  20
262.049408
  0
VERTEX
  8
11
  10
2781.878052
  20
261.883526
  0
SEQEND
  8
11
  0
POLYLINE
  8
11
  66
1
  70
0
  0
VERTEX
  8
11
  10
2596.771545
  20
97.935123
  0
VERTEX
  8
11
  10
2593.601685
  20
130.897074
  0
SEQEND
  8
11
  0
POLYLINE
  8
11
  66
1
  70
0
  0
VERTEX
  8
11
  10
2594.848022
  20
77.935128
  0
VERTEX
  8
11
  10
2596.771545
  20
97.935123
  0
SEQEND
  8
11
 0
LINE
 8
11
 10
2797.431030
 20
162.710228
 11
2797.431030
 21
114.383488
 0
LINE
 8
11
 10
2797.431030
 20
114.383488
 11
2799.066237
 21
123.909508
 0
LINE
 8
11
 10
2797.431030
 20
114.383488
 11
2797.431030
 21
114.383488
  0
TEXT
  8
11
 10
2770.000000
 20
140.000002
 40
10.000000
 50
0.000000
  1
Piece Name: 
  0
TEXT
  8
11
 10
2770.000000
 20
155.000002
 40
10.000000
 50
0.000000
  1
Size: M
  0
TEXT
  8
11
 10
2770.000000
 20
170.000002
 40
10.000000
 50
0.000000
  1
Annotation: 面料X2
  0
TEXT
  8
11
 10
2770.000000
 20
185.000002
 40
10.000000
 50
0.000000
  1
Quantity: 1
  0
TEXT
  8
11
 10
2770.000000
 20
200.000002
 40
10.000000
 50
0.000000
  1
Material: 面料
  0
POLYLINE
  8
11
  66
1
  70
0
  0
VERTEX
  8
11
  10
3310.000000
  20
74.647021
  0
VERTEX
  8
11
  10
3293.898343
  20
74.821361
  0
VERTEX
  8
11
  10
3278.267525
  20
75.133421
  0
VERTEX
  8
11
  10
3263.116969
  20
75.606161
  0
VERTEX
  8
11
  10
3247.689870
  20
76.248565
  0
VERTEX
  8
11
  10
3232.551756
  20
77.023837
  0
VERTEX
  8
11
  10
3217.420931
  20
77.930967
  0
VERTEX
  8
11
  10
3202.316005
  20
78.957917
  0
VERTEX
  8
11
  10
3187.201402
  20
80.103061
  0
VERTEX
  8
11
  10
3172.096228
  20
81.366243
  0
VERTEX
  8
11
  10
3156.656368
  20
82.780239
  0
VERTEX
  8
11
  10
3141.572287
  20
84.275251
  0
VERTEX
  8
11
  10
3126.438489
  20
85.879754
  0
VERTEX
  8
11
  10
3111.540135
  20
87.549821
  0
VERTEX
  8
11
  10
3096.133764
  20
89.351959
  0
VERTEX
  8
11
  10
3081.089553
  20
91.173725
  0
VERTEX
  8
11
  10
3066.379830
  20
93.012472
  0
VERTEX
  8
11
  10
3064.075317
  20
93.307304
  0
SEQEND
  8
11
  0
POLYLINE
  8
11
  66
1
  70
0
  0
VERTEX
  8
11
  10
3064.075317
  20
93.307304
  0
VERTEX
  8
11
  10
3067.072144
  20
112.971125
  0
SEQEND
  8
11
  0
POLYLINE
  8
11
  66
1
  70
0
  0
VERTEX
  8
11
  10
3067.072144
  20
112.971125
  0
VERTEX
  8
11
  10
3068.003925
  20
128.821122
  0
VERTEX
  8
11
  10
3068.916667
  20
144.329779
  0
VERTEX
  8
11
  10
3069.810529
  20
159.516110
  0
VERTEX
  8
11
  10
3070.693679
  20
174.645081
  0
VERTEX
  8
11
  10
3071.560052
  20
189.775007
  0
VERTEX
  8
11
  10
3072.403383
  20
204.950806
  0
VERTEX
  8
11
  10
3073.257302
  20
220.410978
  0
VERTEX
  8
11
  10
3074.105613
  20
235.541886
  0
VERTEX
  8
11
  10
3074.921666
  20
250.674677
  0
VERTEX
  8
11
  10
3075.662927
  20
265.964172
  0
VERTEX
  8
11
  10
3076.268963
  20
281.106969
  0
VERTEX
  8
11
  10
3076.705656
  20
296.318622
  0
VERTEX
  8
11
  10
3076.939185
  20
311.471917
  0
VERTEX
  8
11
  10
3076.953899
  20
326.941757
  0
VERTEX
  8
11
  10
3076.759138
  20
342.095723
  0
VERTEX
  8
11
  10
3076.386505
  20
357.280251
  0
VERTEX
  8
11
  10
3075.862857
  20
372.425772
  0
VERTEX
  8
11
  10
3075.203381
  20
387.566790
  0
VERTEX
  8
11
  10
3074.398905
  20
402.722460
  0
VERTEX
  8
11
  10
3073.440399
  20
416.721703
  0
VERTEX
  8
11
  10
3072.125788
  20
431.730103
  0
VERTEX
  8
11
  10
3070.738518
  20
446.956955
  0
VERTEX
  8
11
  10
3069.409665
  20
461.904405
  0
VERTEX
  8
11
  10
3068.539429
  20
471.874008
  0
SEQEND
  8
11
 0
LINE
 8
11
 10
3070.479816
 20
215.504824
 11
3075.472165
 21
215.228324
 0
LINE
 8
11
 10
3069.495074
 20
433.031090
 11
3074.475356
 21
433.474694
  0
POLYLINE
  8
11
  66
1
  70
0
  0
VERTEX
  8
11
  10
3068.539429
  20
471.874008
  0
VERTEX
  8
11
  10
3076.488617
  20
472.698342
  0
VERTEX
  8
11
  10
3083.846555
  20
473.328796
  0
VERTEX
  8
11
  10
3087.391286
  20
473.874750
  0
VERTEX
  8
11
  10
3090.378922
  20
474.583783
  0
VERTEX
  8
11
  10
3093.531456
  20
475.601832
  0
VERTEX
  8
11
  10
3096.912995
  20
476.973707
  0
VERTEX
  8
11
  10
3100.261688
  20
478.603598
  0
VERTEX
  8
11
  10
3103.725709
  20
480.574993
  0
VERTEX
  8
11
  10
3107.069373
  20
482.771281
  0
VERTEX
  8
11
  10
3110.216378
  20
485.134434
  0
VERTEX
  8
11
  10
3113.153540
  20
487.642142
  0
VERTEX
  8
11
  10
3115.987140
  20
490.389606
  0
VERTEX
  8
11
  10
3118.831208
  20
493.509311
  0
VERTEX
  8
11
  10
3121.256961
  20
496.520429
  0
VERTEX
  8
11
  10
3123.144293
  20
499.238145
  0
VERTEX
  8
11
  10
3125.253788
  20
502.824631
  0
VERTEX
  8
11
  10
3127.866669
  20
507.517977
  0
VERTEX
  8
11
  10
3129.201877
  20
510.548860
  0
VERTEX
  8
11
  10
3130.963429
  20
515.317158
  0
VERTEX
  8
11
  10
3132.323896
  20
519.657150
  0
VERTEX
  8
11
  10
3133.381644
  20
523.875237
  0
VERTEX
  8
11
  10
3134.303207
  20
528.616994
  0
VERTEX
  8
11
  10
3135.002537
  20
533.422362
  0
VERTEX
  8
11
  10
3135.349362
  20
537.406858
  0
VERTEX
  8
11
  10
3135.420434
  20
541.032483
  0
VERTEX
  8
11
  10
3135.195050
  20
551.763963
  0
VERTEX
  8
11
  10
3134.770295
  20
556.019672
  0
VERTEX
  8
11
  10
3133.988873
  20
561.069452
  0
VERTEX
  8
11
  10
3131.152216
  20
575.397812
  0
VERTEX
  8
11
  10
3129.838672
  20
580.471197
  0
VERTEX
  8
11
  10
3127.757680
  20
587.341420
  0
VERTEX
  8
11
  10
3125.328843
  20
594.526052
  0
VERTEX
  8
11
  10
3122.750314
  20
601.395038
  0
VERTEX
  8
11
  10
3119.951765
  20
608.147775
  0
VERTEX
  8
11
  10
3116.944636
  20
614.763665
  0
VERTEX
  8
11
  10
3110.323354
  20
628.369333
  0
VERTEX
  8
11
  10
3105.632324
  20
638.376312
  0
SEQEND
  8
11
 0
LINE
 8
11
 10
3124.076708
 20
505.803755
 11
3128.399775
 21
503.291567
 0
LINE
 8
11
 10
3129.825724
 20
569.414223
 11
3134.734040
 21
570.367341
  0
POLYLINE
  8
11
  66
1
  70
0
  0
VERTEX
  8
11
  10
3105.632324
  20
638.376312
  0
VERTEX
  8
11
  10
3119.773491
  20
645.371480
  0
VERTEX
  8
11
  10
3133.455445
  20
652.006307
  0
VERTEX
  8
11
  10
3147.321792
  20
658.539650
  0
VERTEX
  8
11
  10
3161.172151
  20
664.818225
  0
VERTEX
  8
11
  10
3173.737049
  20
670.246821
  0
VERTEX
  8
11
  10
3187.799656
  20
676.030653
  0
VERTEX
  8
11
  10
3202.035292
  20
681.805287
  0
VERTEX
  8
11
  10
3210.690002
  20
685.353012
  0
SEQEND
  8
11
  0
POLYLINE
  8
11
  66
1
  70
0
  0
VERTEX
  8
11
  10
3210.690002
  20
685.353012
  0
VERTEX
  8
11
  10
3213.789981
  20
670.476720
  0
VERTEX
  8
11
  10
3215.981051
  20
660.522562
  0
VERTEX
  8
11
  10
3218.006355
  20
652.410547
  0
VERTEX
  8
11
  10
3220.180164
  20
644.701869
  0
VERTEX
  8
11
  10
3222.493875
  20
637.394695
  0
VERTEX
  8
11
  10
3224.867851
  20
630.704525
  0
VERTEX
  8
11
  10
3227.387918
  20
624.350888
  0
VERTEX
  8
11
  10
3230.085891
  20
618.224061
  0
VERTEX
  8
11
  10
3232.948903
  20
612.329534
  0
VERTEX
  8
11
  10
3236.037067
  20
606.540200
  0
VERTEX
  8
11
  10
3239.160808
  20
601.196493
  0
VERTEX
  8
11
  10
3242.307369
  20
596.294014
  0
VERTEX
  8
11
  10
3245.458090
  20
591.833026
  0
VERTEX
  8
11
  10
3248.650452
  20
587.741657
  0
VERTEX
  8
11
  10
3251.867194
  20
584.024281
  0
VERTEX
  8
11
  10
3255.054015
  20
580.712116
  0
VERTEX
  8
11
  10
3258.387618
  20
577.610799
  0
VERTEX
  8
11
  10
3261.754810
  20
574.824954
  0
VERTEX
  8
11
  10
3265.151533
  20
572.338926
  0
VERTEX
  8
11
  10
3268.671362
  20
570.068347
  0
VERTEX
  8
11
  10
3272.417083
  20
567.957372
  0
VERTEX
  8
11
  10
3276.187090
  20
566.129769
  0
VERTEX
  8
11
  10
3279.925014
  20
564.600707
  0
VERTEX
  8
11
  10
3283.892178
  20
563.259919
  0
VERTEX
  8
11
  10
3288.231044
  20
562.068988
  0
VERTEX
  8
11
  10
3292.680045
  20
561.102648
  0
VERTEX
  8
11
  10
3297.334024
  20
560.350118
  0
VERTEX
  8
11
  10
3302.704267
  20
559.760162
  0
VERTEX
  8
11
  10
3308.623335
  20
559.362420
  0
VERTEX
  8
11
  10
3310.000000
  20
559.308167
  0
SEQEND
  8
11
  0
POLYLINE
  8
11
  66
1
  70
0
  0
VERTEX
  8
11
  10
3310.000000
  20
559.308167
  0
VERTEX
  8
11
  10
3316.543373
  20
559.696087
  0
VERTEX
  8
11
  10
3322.178672
  20
560.285760
  0
VERTEX
  8
11
  10
3326.798228
  20
561.005426
  0
VERTEX
  8
11
  10
3331.252954
  20
561.944150
  0
VERTEX
  8
11
  10
3335.636370
  20
563.117568
  0
VERTEX
  8
11
  10
3339.613048
  20
564.430531
  0
VERTEX
  8
11
  10
3343.282720
  20
565.895925
  0
VERTEX
  8
11
  10
3346.905983
  20
567.607630
  0
VERTEX
  8
11
  10
3350.608640
  20
569.639035
  0
VERTEX
  8
11
  10
3354.155153
  20
571.868247
  0
VERTEX
  8
11
  10
3357.563822
  20
574.301226
  0
VERTEX
  8
11
  10
3360.907932
  20
577.000197
  0
VERTEX
  8
11
  10
3364.146386
  20
579.935792
  0
VERTEX
  8
11
  10
3367.360892
  20
583.189514
  0
VERTEX
  8
11
  10
3370.505393
  20
586.728144
  0
VERTEX
  8
11
  10
3373.610360
  20
590.595859
  0
VERTEX
  8
11
  10
3376.716244
  20
594.864916
  0
VERTEX
  8
11
  10
3379.878303
  20
599.649972
  0
VERTEX
  8
11
  10
3382.975530
  20
604.797546
  0
VERTEX
  8
11
  10
3386.043827
  20
610.381961
  0
VERTEX
  8
11
  10
3388.980611
  20
616.240146
  0
VERTEX
  8
11
  10
3391.700502
  20
622.210861
  0
VERTEX
  8
11
  10
3394.264800
  20
628.438781
  0
VERTEX
  8
11
  10
3396.648119
  20
634.888876
  0
VERTEX
  8
11
  10
3398.933229
  20
641.802311
  0
VERTEX
  8
11
  10
3401.176600
  20
649.405715
  0
VERTEX
  8
11
  10
3403.251840
  20
657.329587
  0
VERTEX
  8
11
  10
3405.264091
  20
666.037797
  0
VERTEX
  8
11
  10
3408.334255
  20
680.806243
  0
VERTEX
  8
11
  10
3409.309998
  20
685.353012
  0
SEQEND
  8
11
  0
POLYLINE
  8
11
  66
1
  70
0
  0
VERTEX
  8
11
  10
3409.309998
  20
685.353012
  0
VERTEX
  8
11
  10
3423.818275
  20
679.423347
  0
VERTEX
  8
11
  10
3437.909406
  20
673.707634
  0
VERTEX
  8
11
  10
3451.050132
  20
668.211684
  0
VERTEX
  8
11
  10
3463.867764
  20
662.566235
  0
VERTEX
  8
11
  10
3477.756185
  20
656.172603
  0
VERTEX
  8
11
  10
3491.482976
  20
649.630408
  0
VERTEX
  8
11
  10
3505.248477
  20
642.899163
  0
VERTEX
  8
11
  10
3514.367676
  20
638.376312
  0
SEQEND
  8
11
  0
POLYLINE
  8
11
  66
1
  70
0
  0
VERTEX
  8
11
  10
3514.367676
  20
638.376312
  0
VERTEX
  8
11
  10
3508.338788
  20
625.600347
  0
VERTEX
  8
11
  10
3501.774856
  20
612.019266
  0
VERTEX
  8
11
  10
3498.852094
  20
605.477918
  0
VERTEX
  8
11
  10
3496.733077
  20
600.184420
  0
VERTEX
  8
11
  10
3491.831672
  20
585.991926
  0
VERTEX
  8
11
  10
3490.153608
  20
580.516994
  0
VERTEX
  8
11
  10
3488.866924
  20
575.506573
  0
VERTEX
  8
11
  10
3487.787838
  20
570.245344
  0
VERTEX
  8
11
  10
3485.771055
  20
559.672270
  0
VERTEX
  8
11
  10
3485.083904
  20
554.807609
  0
VERTEX
  8
11
  10
3484.741564
  20
550.711257
  0
VERTEX
  8
11
  10
3484.653229
  20
546.242208
  0
VERTEX
  8
11
  10
3484.614962
  20
538.176066
  0
VERTEX
  8
11
  10
3484.895310
  20
534.342030
  0
VERTEX
  8
11
  10
3485.491810
  20
529.866504
  0
VERTEX
  8
11
  10
3486.400371
  20
524.886470
  0
VERTEX
  8
11
  10
3487.443150
  20
520.502528
  0
VERTEX
  8
11
  10
3488.699465
  20
516.320273
  0
VERTEX
  8
11
  10
3490.434376
  20
511.472459
  0
VERTEX
  8
11
  10
3491.879885
  20
508.047451
  0
VERTEX
  8
11
  10
3493.225352
  20
505.464012
  0
VERTEX
  8
11
  10
3497.127152
  20
498.818848
  0
VERTEX
  8
11
  10
3499.048402
  20
496.117392
  0
VERTEX
  8
11
  10
3501.439771
  20
493.195611
  0
VERTEX
  8
11
  10
3504.319250
  20
490.075760
  0
VERTEX
  8
11
  10
3507.168172
  20
487.351516
  0
VERTEX
  8
11
  10
3510.214660
  20
484.792013
  0
VERTEX
  8
11
  10
3513.393572
  20
482.448595
  0
VERTEX
  8
11
  10
3516.738591
  20
480.293448
  0
VERTEX
  8
11
  10
3520.174315
  20
478.376085
  0
VERTEX
  8
11
  10
3523.527291
  20
476.779363
  0
VERTEX
  8
11
  10
3526.856401
  20
475.462368
  0
VERTEX
  8
11
  10
3530.023315
  20
474.473344
  0
VERTEX
  8
11
  10
3533.056858
  20
473.790103
  0
VERTEX
  8
11
  10
3536.601758
  20
473.276932
  0
VERTEX
  8
11
  10
3542.960511
  20
472.742411
  0
VERTEX
  8
11
  10
3549.787994
  20
472.072768
  0
VERTEX
  8
11
  10
3551.460571
  20
471.874008
  0
SEQEND
  8
11
 0
LINE
 8
11
 10
3497.208363
 20
593.968710
 11
3492.475103
 21
595.579996
 0
LINE
 8
11
 10
3490.173854
 20
569.414006
 11
3485.265557
 21
570.367225
 0
LINE
 8
11
 10
3495.922815
 20
505.804046
 11
3491.599778
 21
503.291806
  0
POLYLINE
  8
11
  66
1
  70
0
  0
VERTEX
  8
11
  10
3551.460571
  20
471.874008
  0
VERTEX
  8
11
  10
3550.086189
  20
456.197910
  0
VERTEX
  8
11
  10
3548.707096
  20
440.823252
  0
VERTEX
  8
11
  10
3547.297024
  20
425.428064
  0
VERTEX
  8
11
  10
3546.217582
  20
412.155678
  0
VERTEX
  8
11
  10
3545.307112
  20
397.590193
  0
VERTEX
  8
11
  10
3544.563323
  20
382.541055
  0
VERTEX
  8
11
  10
3543.947379
  20
367.398610
  0
VERTEX
  8
11
  10
3543.486566
  20
352.791724
  0
VERTEX
  8
11
  10
3543.155284
  20
337.078730
  0
VERTEX
  8
11
  10
3543.025778
  20
321.924134
  0
VERTEX
  8
11
  10
3543.111014
  20
306.735286
  0
VERTEX
  8
11
  10
3543.409202
  20
291.583126
  0
VERTEX
  8
11
  10
3543.913379
  20
276.121666
  0
VERTEX
  8
11
  10
3544.566153
  20
260.980722
  0
VERTEX
  8
11
  10
3545.335269
  20
245.782153
  0
VERTEX
  8
11
  10
3546.167484
  20
230.650309
  0
VERTEX
  8
11
  10
3547.015573
  20
215.519376
  0
VERTEX
  8
11
  10
3547.855571
  20
200.235356
  0
VERTEX
  8
11
  10
3548.723446
  20
184.775962
  0
VERTEX
  8
11
  10
3549.596501
  20
169.646408
  0
VERTEX
  8
11
  10
3550.483250
  20
154.517635
  0
VERTEX
  8
11
  10
3551.374879
  20
139.377473
  0
VERTEX
  8
11
  10
3552.265819
  20
124.231853
  0
VERTEX
  8
11
  10
3552.927551
  20
112.971125
  0
SEQEND
  8
11
 0
LINE
 8
11
 10
3550.504647
 20
433.031257
 11
3545.524365
 21
433.474868
 0
LINE
 8
11
 10
3549.520230
 20
215.504643
 11
3544.527882
 21
215.228139
  0
POLYLINE
  8
11
  66
1
  70
0
  0
VERTEX
  8
11
  10
3552.927551
  20
112.971125
  0
VERTEX
  8
11
  10
3555.924683
  20
93.307304
  0
SEQEND
  8
11
  0
POLYLINE
  8
11
  66
1
  70
0
  0
VERTEX
  8
11
  10
3555.924683
  20
93.307304
  0
VERTEX
  8
11
  10
3540.115500
  20
91.322157
  0
VERTEX
  8
11
  10
3524.724672
  20
89.454354
  0
VERTEX
  8
11
  10
3509.408239
  20
87.658738
  0
VERTEX
  8
11
  10
3493.788065
  20
85.904545
  0
VERTEX
  8
11
  10
3478.488001
  20
84.281450
  0
VERTEX
  8
11
  10
3463.403975
  20
82.785999
  0
VERTEX
  8
11
  10
3449.003905
  20
81.462908
  0
VERTEX
  8
11
  10
3433.143979
  20
80.130599
  0
VERTEX
  8
11
  10
3418.029582
  20
78.982772
  0
VERTEX
  8
11
  10
3402.560875
  20
77.929798
  0
VERTEX
  8
11
  10
3387.430022
  20
77.022826
  0
VERTEX
  8
11
  10
3372.291895
  20
76.247722
  0
VERTEX
  8
11
  10
3357.164937
  20
75.616491
  0
VERTEX
  8
11
  10
3342.014454
  20
75.140704
  0
VERTEX
  8
11
  10
3326.688438
  20
74.830139
  0
VERTEX
  8
11
  10
3312.029739
  20
74.661662
  0
VERTEX
  8
11
  10
3310.000000
  20
74.647021
  0
SEQEND
  8
11
  0
POLYLINE
  8
11
  66
1
  70
0
  0
VERTEX
  8
11
  10
3310.000000
  20
94.648705
  0
VERTEX
  8
11
  10
3294.464728
  20
94.816023
  0
VERTEX
  8
11
  10
3279.271157
  20
95.108736
  0
VERTEX
  8
11
  10
3264.208900
  20
95.572799
  0
VERTEX
  8
11
  10
3249.156446
  20
96.204649
  0
VERTEX
  8
11
  10
3234.125380
  20
96.974093
  0
VERTEX
  8
11
  10
3219.136654
  20
97.864366
  0
VERTEX
  8
11
  10
3204.068515
  20
98.881610
  0
VERTEX
  8
11
  10
3189.048077
  20
100.016836
  0
VERTEX
  8
11
  10
3174.046304
  20
101.271760
  0
VERTEX
  8
11
  10
3159.001766
  20
102.649359
  0
VERTEX
  8
11
  10
3144.064824
  20
104.126643
  0
VERTEX
  8
11
  10
3129.090466
  20
105.708911
  0
VERTEX
  8
11
  10
3113.896391
  20
107.414369
  0
VERTEX
  8
11
  10
3098.782644
  20
109.204480
  0
VERTEX
  8
11
  10
3083.930862
  20
111.031242
  0
VERTEX
  8
11
  10
3076.032410
  20
112.026825
  0
SEQEND
  8
11
  0
POLYLINE
  8
11
  66
1
  70
0
  0
VERTEX
  8
11
  10
3076.032410
  20
112.026825
  0
VERTEX
  8
11
  10
3076.938462
  20
127.390471
  0
VERTEX
  8
11
  10
3077.823030
  20
142.459360
  0
VERTEX
  8
11
  10
3078.707658
  20
157.615834
  0
VERTEX
  8
11
  10
3079.582405
  20
172.711109
  0
VERTEX
  8
11
  10
3080.449341
  20
187.779584
  0
VERTEX
  8
11
  10
3081.311924
  20
202.875556
  0
VERTEX
  8
11
  10
3082.170398
  20
217.998688
  0
VERTEX
  8
11
  10
3083.010549
  20
233.095938
  0
VERTEX
  8
11
  10
3083.815814
  20
248.321176
  0
VERTEX
  8
11
  10
3084.552410
  20
263.542007
  0
VERTEX
  8
11
  10
3085.179842
  20
278.649616
  0
VERTEX
  8
11
  10
3085.651582
  20
293.700355
  0
VERTEX
  8
11
  10
3085.920597
  20
308.837683
  0
VERTEX
  8
11
  10
3085.966440
  20
323.870752
  0
VERTEX
  8
11
  10
3085.813925
  20
338.873286
  0
VERTEX
  8
11
  10
3085.480512
  20
354.130132
  0
VERTEX
  8
11
  10
3084.998106
  20
369.218944
  0
VERTEX
  8
11
  10
3084.366820
  20
384.389911
  0
VERTEX
  8
11
  10
3083.569083
  20
399.609081
  0
VERTEX
  8
11
  10
3082.596231
  20
414.705980
  0
VERTEX
  8
11
  10
3081.413082
  20
429.950664
  0
VERTEX
  8
11
  10
3080.077994
  20
444.919587
  0
VERTEX
  8
11
  10
3078.623729
  20
459.740257
  0
VERTEX
  8
11
  10
3078.196716
  20
463.904953
  0
SEQEND
  8
11
 0
LINE
 8
11
 10
3084.488409
 20
214.710757
 11
3079.496500
 21
214.995087
 0
LINE
 8
11
 10
3083.553753
 20
434.258535
 11
3078.572481
 21
433.826184
  0
POLYLINE
  8
11
  66
1
  70
0
  0
VERTEX
  8
11
  10
3078.196716
  20
463.904953
  0
VERTEX
  8
11
  10
3082.842135
  20
464.172489
  0
VERTEX
  8
11
  10
3086.918243
  20
464.656495
  0
VERTEX
  8
11
  10
3090.289174
  20
465.285565
  0
VERTEX
  8
11
  10
3093.657859
  20
466.167863
  0
VERTEX
  8
11
  10
3097.083372
  20
467.320461
  0
VERTEX
  8
11
  10
3100.624627
  20
468.774737
  0
VERTEX
  8
11
  10
3104.272151
  20
470.545111
  0
VERTEX
  8
11
  10
3107.872047
  20
472.563246
  0
VERTEX
  8
11
  10
3111.360615
  20
474.795367
  0
VERTEX
  8
11
  10
3114.722073
  20
477.231456
  0
VERTEX
  8
11
  10
3117.990374
  20
479.903180
  0
VERTEX
  8
11
  10
3121.096292
  20
482.761093
  0
VERTEX
  8
11
  10
3124.003251
  20
485.768045
  0
VERTEX
  8
11
  10
3126.708452
  20
488.913920
  0
VERTEX
  8
11
  10
3129.218066
  20
492.204147
  0
VERTEX
  8
11
  10
3131.529104
  20
495.633442
  0
VERTEX
  8
11
  10
3133.687643
  20
499.272855
  0
VERTEX
  8
11
  10
3135.684412
  20
503.120234
  0
VERTEX
  8
11
  10
3137.507271
  20
507.167899
  0
VERTEX
  8
11
  10
3139.148710
  20
511.416783
  0
VERTEX
  8
11
  10
3140.581923
  20
515.811425
  0
VERTEX
  8
11
  10
3141.810341
  20
520.373513
  0
VERTEX
  8
11
  10
3142.816161
  20
525.057051
  0
VERTEX
  8
11
  10
3143.600847
  20
529.895365
  0
VERTEX
  8
11
  10
3144.146112
  20
534.749509
  0
VERTEX
  8
11
  10
3144.425470
  20
539.350171
  0
VERTEX
  8
11
  10
3144.496460
  20
545.038338
  0
SEQEND
  8
11
 0
LINE
 8
11
 10
3136.431613
 20
499.082317
 11
3132.024588
 21
501.444124
  0
POLYLINE
  8
11
  66
1
  70
0
  0
VERTEX
  8
11
  10
3144.496460
  20
545.038338
  0
VERTEX
  8
11
  10
3144.225833
  20
550.989805
  0
VERTEX
  8
11
  10
3143.682950
  20
556.609067
  0
VERTEX
  8
11
  10
3142.843442
  20
562.656107
  0
VERTEX
  8
11
  10
3141.686508
  20
569.198784
  0
VERTEX
  8
11
  10
3140.286903
  20
575.725972
  0
VERTEX
  8
11
  10
3138.621527
  20
582.332499
  0
VERTEX
  8
11
  10
3136.696644
  20
588.963914
  0
VERTEX
  8
11
  10
3134.520059
  20
595.580365
  0
VERTEX
  8
11
  10
3132.045235
  20
602.305650
  0
VERTEX
  8
11
  10
3129.089706
  20
609.602768
  0
VERTEX
  8
11
  10
3125.548724
  20
617.667161
  0
VERTEX
  8
11
  10
3121.942257
  20
625.303919
  0
VERTEX
  8
11
  10
3117.434998
  20
634.181366
  0
SEQEND
  8
11
 0
LINE
 8
11
 10
3143.613678
 20
572.272146
 11
3138.720715
 21
571.243109
  0
POLYLINE
  8
11
  66
1
  70
0
  0
VERTEX
  8
11
  10
3117.434998
  20
634.181366
  0
VERTEX
  8
11
  10
3131.322570
  20
640.996116
  0
VERTEX
  8
11
  10
3144.858433
  20
647.460733
  0
VERTEX
  8
11
  10
3158.657874
  20
653.811844
  0
VERTEX
  8
11
  10
3172.468934
  20
659.912165
  0
VERTEX
  8
11
  10
3186.430216
  20
665.826146
  0
VERTEX
  8
11
  10
3200.401387
  20
671.547097
  0
VERTEX
  8
11
  10
3212.604980
  20
676.412506
  0
SEQEND
  8
11
  0
POLYLINE
  8
11
  66
1
  70
0
  0
VERTEX
  8
11
  10
3212.604980
  20
676.412506
  0
VERTEX
  8
11
  10
3214.746225
  20
665.876215
  0
VERTEX
  8
11
  10
3216.723072
  20
657.448387
  0
VERTEX
  8
11
  10
3218.955706
  20
648.963036
  0
VERTEX
  8
11
  10
3221.150111
  20
641.526365
  0
VERTEX
  8
11
  10
3223.383274
  20
634.787902
  0
VERTEX
  8
11
  10
3225.759934
  20
628.378409
  0
VERTEX
  8
11
  10
3228.325482
  20
622.152824
  0
VERTEX
  8
11
  10
3231.047739
  20
616.178763
  0
VERTEX
  8
11
  10
3233.944011
  20
610.402558
  0
VERTEX
  8
11
  10
3237.003386
  20
604.837451
  0
VERTEX
  8
11
  10
3240.138135
  20
599.625681
  0
VERTEX
  8
11
  10
3243.221287
  20
594.954296
  0
VERTEX
  8
11
  10
3246.336012
  20
590.665738
  0
VERTEX
  8
11
  10
3249.483095
  20
586.741908
  0
VERTEX
  8
11
  10
3252.613423
  20
583.216998
  0
VERTEX
  8
11
  10
3255.820028
  20
579.967543
  0
VERTEX
  8
11
  10
3259.050121
  20
577.035691
  0
VERTEX
  8
11
  10
3262.358576
  20
574.360145
  0
VERTEX
  8
11
  10
3265.761340
  20
571.923938
  0
VERTEX
  8
11
  10
3269.266430
  20
569.712344
  0
VERTEX
  8
11
  10
3272.848769
  20
567.735622
  0
VERTEX
  8
11
  10
3276.524963
  20
565.983019
  0
VERTEX
  8
11
  10
3280.270451
  20
564.469529
  0
VERTEX
  8
11
  10
3284.080703
  20
563.197144
  0
VERTEX
  8
11
  10
3288.278078
  20
562.060387
  0
VERTEX
  8
11
  10
3292.894631
  20
561.072692
  0
VERTEX
  8
11
  10
3297.829346
  20
560.273254
  0
VERTEX
  8
11
  10
3303.078523
  20
559.679694
  0
VERTEX
  8
11
  10
3307.696620
  20
559.377129
  0
VERTEX
  8
11
  10
3310.000000
  20
559.308167
  0
SEQEND
  8
11
  0
POLYLINE
  8
11
  66
1
  70
0
  0
VERTEX
  8
11
  10
3310.000000
  20
559.308167
  0
VERTEX
  8
11
  10
3316.528943
  20
559.694898
  0
VERTEX
  8
11
  10
3322.154630
  20
560.282647
  0
VERTEX
  8
11
  10
3326.794341
  20
561.004714
  0
VERTEX
  8
11
  10
3331.243452
  20
561.941882
  0
VERTEX
  8
11
  10
3335.632803
  20
563.116504
  0
VERTEX
  8
11
  10
3339.604527
  20
564.427429
  0
VERTEX
  8
11
  10
3343.280161
  20
565.894810
  0
VERTEX
  8
11
  10
3346.898935
  20
567.604039
  0
VERTEX
  8
11
  10
3350.608241
  20
569.638800
  0
VERTEX
  8
11
  10
3354.150321
  20
571.865009
  0
VERTEX
  8
11
  10
3357.554930
  20
574.294477
  0
VERTEX
  8
11
  10
3360.904221
  20
576.997019
  0
VERTEX
  8
11
  10
3364.138828
  20
579.928553
  0
VERTEX
  8
11
  10
3367.358509
  20
583.186968
  0
VERTEX
  8
11
  10
3370.499244
  20
586.720862
  0
VERTEX
  8
11
  10
3373.608524
  20
590.593456
  0
VERTEX
  8
11
  10
3376.710676
  20
594.856889
  0
VERTEX
  8
11
  10
3379.876071
  20
599.646429
  0
VERTEX
  8
11
  10
3382.969662
  20
604.787261
  0
VERTEX
  8
11
  10
3386.042070
  20
610.378230
  0
VERTEX
  8
11
  10
3388.975442
  20
616.228808
  0
VERTEX
  8
11
  10
3391.698332
  20
622.206445
  0
VERTEX
  8
11
  10
3394.259527
  20
628.426299
  0
VERTEX
  8
11
  10
3396.647402
  20
634.882668
  0
VERTEX
  8
11
  10
3398.929648
  20
641.787199
  0
VERTEX
  8
11
  10
3401.118238
  20
649.224365
  0
VERTEX
  8
11
  10
3403.328977
  20
657.665824
  0
VERTEX
  8
11
  10
3405.449457
  20
666.733345
  0
VERTEX
  8
11
  10
3407.053474
  20
674.577105
  0
VERTEX
  8
11
  10
3407.395020
  20
676.412506
  0
SEQEND
  8
11
  0
POLYLINE
  8
11
  66
1
  70
0
  0
VERTEX
  8
11
  10
3407.395020
  20
676.412506
  0
VERTEX
  8
11
  10
3421.889892
  20
670.622815
  0
VERTEX
  8
11
  10
3435.797747
  20
664.902901
  0
VERTEX
  8
11
  10
3449.887985
  20
658.886254
  0
VERTEX
  8
11
  10
3463.628726
  20
652.774780
  0
VERTEX
  8
11
  10
3477.529946
  20
646.338123
  0
VERTEX
  8
11
  10
3491.087406
  20
639.830856
  0
VERTEX
  8
11
  10
3502.565002
  20
634.181366
  0
SEQEND
  8
11
  0
POLYLINE
  8
11
  66
1
  70
0
  0
VERTEX
  8
11
  10
3502.565002
  20
634.181366
  0
VERTEX
  8
11
  10
3497.467277
  20
624.014423
  0
VERTEX
  8
11
  10
3493.620167
  20
615.824985
  0
VERTEX
  8
11
  10
3490.376821
  20
608.351194
  0
VERTEX
  8
11
  10
3487.500336
  20
601.119967
  0
VERTEX
  8
11
  10
3485.006509
  20
594.207197
  0
VERTEX
  8
11
  10
3482.858539
  20
587.506875
  0
VERTEX
  8
11
  10
3480.989939
  20
580.876226
  0
VERTEX
  8
11
  10
3479.368212
  20
574.220477
  0
VERTEX
  8
11
  10
3478.005013
  20
567.579470
  0
VERTEX
  8
11
  10
3476.866543
  20
560.769219
  0
VERTEX
  8
11
  10
3476.115601
  20
554.889214
  0
VERTEX
  8
11
  10
3475.686369
  20
549.631634
  0
VERTEX
  8
11
  10
3475.503540
  20
545.038338
  0
SEQEND
  8
11
 0
LINE
 8
11
 10
3488.583636
 20
596.852461
 11
3483.881027
 21
598.551126
 0
LINE
 8
11
 10
3476.386072
 20
572.271728
 11
3481.278970
 21
571.242382
  0
POLYLINE
  8
11
  66
1
  70
0
  0
VERTEX
  8
11
  10
3475.503540
  20
545.038338
  0
VERTEX
  8
11
  10
3475.596866
  20
538.694280
  0
VERTEX
  8
11
  10
3475.918167
  20
533.997361
  0
VERTEX
  8
11
  10
3476.493604
  20
529.204179
  0
VERTEX
  8
11
  10
3477.328026
  20
524.316888
  0
VERTEX
  8
11
  10
3478.379258
  20
519.606625
  0
VERTEX
  8
11
  10
3479.647931
  20
515.049341
  0
VERTEX
  8
11
  10
3481.104042
  20
510.715548
  0
VERTEX
  8
11
  10
3482.802343
  20
506.436401
  0
VERTEX
  8
11
  10
3484.667604
  20
502.401909
  0
VERTEX
  8
11
  10
3486.693653
  20
498.594514
  0
VERTEX
  8
11
  10
3488.937260
  20
494.905431
  0
VERTEX
  8
11
  10
3491.297759
  20
491.495411
  0
VERTEX
  8
11
  10
3493.882320
  20
488.195007
  0
VERTEX
  8
11
  10
3496.651229
  20
485.059514
  0
VERTEX
  8
11
  10
3499.604997
  20
482.085748
  0
VERTEX
  8
11
  10
3502.780750
  20
479.243274
  0
VERTEX
  8
11
  10
3506.062435
  20
476.635821
  0
VERTEX
  8
11
  10
3509.549861
  20
474.185654
  0
VERTEX
  8
11
  10
3513.115585
  20
471.982419
  0
VERTEX
  8
11
  10
3516.751641
  20
470.018967
  0
VERTEX
  8
11
  10
3520.322466
  20
468.359362
  0
VERTEX
  8
11
  10
3523.910101
  20
466.960205
  0
VERTEX
  8
11
  10
3527.426063
  20
465.856010
  0
VERTEX
  8
11
  10
3530.764187
  20
465.062005
  0
VERTEX
  8
11
  10
3534.399908
  20
464.466498
  0
VERTEX
  8
11
  10
3538.390526
  20
464.080088
  0
VERTEX
  8
11
  10
3541.803284
  20
463.904953
  0
SEQEND
  8
11
 0
LINE
 8
11
 10
3483.568526
 20
499.082091
 11
3487.975467
 21
501.444054
  0
POLYLINE
  8
11
  66
1
  70
0
  0
VERTEX
  8
11
  10
3541.803284
  20
463.904953
  0
VERTEX
  8
11
  10
3540.260437
  20
448.431465
  0
VERTEX
  8
11
  10
3538.842263
  20
432.955224
  0
VERTEX
  8
11
  10
3537.635425
  20
417.913976
  0
VERTEX
  8
11
  10
3536.614118
  20
402.678408
  0
VERTEX
  8
11
  10
3535.781348
  20
387.487271
  0
VERTEX
  8
11
  10
3535.111619
  20
372.232235
  0
VERTEX
  8
11
  10
3534.597945
  20
356.971049
  0
VERTEX
  8
11
  10
3534.232698
  20
341.580039
  0
VERTEX
  8
11
  10
3534.043857
  20
326.311296
  0
VERTEX
  8
11
  10
3534.064719
  20
310.857983
  0
VERTEX
  8
11
  10
3534.307121
  20
295.589959
  0
VERTEX
  8
11
  10
3534.747033
  20
280.563616
  0
VERTEX
  8
11
  10
3535.363470
  20
265.306370
  0
VERTEX
  8
11
  10
3536.106311
  20
249.864833
  0
VERTEX
  8
11
  10
3536.908859
  20
234.616331
  0
VERTEX
  8
11
  10
3537.752835
  20
219.370208
  0
VERTEX
  8
11
  10
3538.625444
  20
203.964335
  0
VERTEX
  8
11
  10
3539.511030
  20
188.473143
  0
VERTEX
  8
11
  10
3540.388207
  20
173.228828
  0
VERTEX
  8
11
  10
3541.271244
  20
157.984836
  0
VERTEX
  8
11
  10
3542.156593
  20
142.806398
  0
VERTEX
  8
11
  10
3543.036926
  20
127.808218
  0
VERTEX
  8
11
  10
3543.903475
  20
113.111340
  0
VERTEX
  8
11
  10
3543.967590
  20
112.026825
  0
SEQEND
  8
11
 0
LINE
 8
11
 10
3536.446048
 20
434.257869
 11
3541.427325
 21
433.825568
 0
LINE
 8
11
 10
3535.511538
 20
214.710782
 11
3540.503447
 21
214.995112
  0
POLYLINE
  8
11
  66
1
  70
0
  0
VERTEX
  8
11
  10
3543.967590
  20
112.026825
  0
VERTEX
  8
11
  10
3528.266231
  20
110.066305
  0
VERTEX
  8
11
  10
3512.972933
  20
108.227409
  0
VERTEX
  8
11
  10
3497.335053
  20
106.423712
  0
VERTEX
  8
11
  10
3482.096804
  20
104.761329
  0
VERTEX
  8
11
  10
3466.486748
  20
103.174054
  0
VERTEX
  8
11
  10
3450.864827
  20
101.707438
  0
VERTEX
  8
11
  10
3435.873581
  20
100.418129
  0
VERTEX
  8
11
  10
3420.230657
  20
99.197259
  0
VERTEX
  8
11
  10
3405.141417
  20
98.140015
  0
VERTEX
  8
11
  10
3389.480769
  20
97.170692
  0
VERTEX
  8
11
  10
3373.812076
  20
96.342068
  0
VERTEX
  8
11
  10
3358.328023
  20
95.673918
  0
VERTEX
  8
11
  10
3342.645661
  20
95.164232
  0
VERTEX
  8
11
  10
3327.415201
  20
94.843846
  0
VERTEX
  8
11
  10
3312.530039
  20
94.667349
  0
VERTEX
  8
11
  10
3310.000000
  20
94.648705
  0
SEQEND
  8
11
  0
POLYLINE
  8
11
  66
1
  70
0
  0
VERTEX
  8
11
  10
3310.000000
  20
559.308167
  0
VERTEX
  8
11
  10
3310.000000
  20
94.648705
  0
SEQEND
  8
11
  0
POLYLINE
  8
11
  66
1
  70
0
  0
VERTEX
  8
11
  10
3541.803284
  20
463.904953
  0
VERTEX
  8
11
  10
3310.000000
  20
463.904953
  0
SEQEND
  8
11
  0
POLYLINE
  8
11
  66
1
  70
0
  0
VERTEX
  8
11
  10
3310.000000
  20
548.677254
  0
VERTEX
  8
11
  10
3316.684876
  20
549.041505
  0
VERTEX
  8
11
  10
3322.050264
  20
549.580332
  0
VERTEX
  8
11
  10
3326.918012
  20
550.330711
  0
VERTEX
  8
11
  10
3331.814909
  20
551.345033
  0
VERTEX
  8
11
  10
3336.398521
  20
552.541159
  0
VERTEX
  8
11
  10
3340.551258
  20
553.881847
  0
VERTEX
  8
11
  10
3344.435224
  20
555.396076
  0
VERTEX
  8
11
  10
3348.311925
  20
557.174624
  0
VERTEX
  8
11
  10
3352.162043
  20
559.216261
  0
VERTEX
  8
11
  10
3356.087150
  20
561.584506
  0
VERTEX
  8
11
  10
3360.005293
  20
564.245848
  0
VERTEX
  8
11
  10
3363.827642
  20
567.142124
  0
VERTEX
  8
11
  10
3367.599593
  20
570.310133
  0
VERTEX
  8
11
  10
3371.374489
  20
573.814778
  0
VERTEX
  8
11
  10
3374.950494
  20
577.472486
  0
VERTEX
  8
11
  10
3378.483660
  20
581.442900
  0
VERTEX
  8
11
  10
3381.953956
  20
585.724426
  0
VERTEX
  8
11
  10
3385.330980
  20
590.295655
  0
VERTEX
  8
11
  10
3388.552862
  20
595.075354
  0
VERTEX
  8
11
  10
3391.728179
  20
600.239232
  0
VERTEX
  8
11
  10
3394.755107
  20
605.640119
  0
VERTEX
  8
11
  10
3397.682618
  20
611.377298
  0
VERTEX
  8
11
  10
3400.451382
  20
617.347308
  0
VERTEX
  8
11
  10
3403.168162
  20
623.808440
  0
VERTEX
  8
11
  10
3405.778003
  20
630.674132
  0
VERTEX
  8
11
  10
3408.256090
  20
637.879492
  0
VERTEX
  8
11
  10
3410.787222
  20
646.019358
  0
VERTEX
  8
11
  10
3413.240262
  20
654.774428
  0
VERTEX
  8
11
  10
3415.942452
  20
665.432458
  0
VERTEX
  8
11
  10
3417.570190
  20
672.328415
  0
SEQEND
  8
11
  0
POLYLINE
  8
11
  66
1
  70
0
  0
VERTEX
  8
11
  10
3078.196716
  20
463.904953
  0
VERTEX
  8
11
  10
3310.000000
  20
463.904953
  0
SEQEND
  8
11
  0
POLYLINE
  8
11
  66
1
  70
0
  0
VERTEX
  8
11
  10
3310.000000
  20
548.677254
  0
VERTEX
  8
11
  10
3303.485169
  20
548.999810
  0
VERTEX
  8
11
  10
3298.658918
  20
549.492662
  0
VERTEX
  8
11
  10
3293.389073
  20
550.289068
  0
VERTEX
  8
11
  10
3288.627920
  20
551.242358
  0
VERTEX
  8
11
  10
3284.143976
  20
552.385119
  0
VERTEX
  8
11
  10
3280.058954
  20
553.666927
  0
VERTEX
  8
11
  10
3276.181214
  20
555.136223
  0
VERTEX
  8
11
  10
3272.383505
  20
556.835840
  0
VERTEX
  8
11
  10
3268.526056
  20
558.831934
  0
VERTEX
  8
11
  10
3264.645951
  20
561.119691
  0
VERTEX
  8
11
  10
3260.783619
  20
563.685325
  0
VERTEX
  8
11
  10
3256.978072
  20
566.506266
  0
VERTEX
  8
11
  10
3253.207630
  20
569.605208
  0
VERTEX
  8
11
  10
3249.494971
  20
572.976098
  0
VERTEX
  8
11
  10
3245.857353
  20
576.615290
  0
VERTEX
  8
11
  10
3242.321789
  20
580.504383
  0
VERTEX
  8
11
  10
3238.903782
  20
584.628389
  0
VERTEX
  8
11
  10
3235.572240
  20
589.031219
  0
VERTEX
  8
11
  10
3232.314976
  20
593.744577
  0
VERTEX
  8
11
  10
3229.156951
  20
598.751172
  0
VERTEX
  8
11
  10
3226.108774
  20
604.047028
  0
VERTEX
  8
11
  10
3223.154475
  20
609.680094
  0
VERTEX
  8
11
  10
3220.356693
  20
615.544386
  0
VERTEX
  8
11
  10
3217.652269
  20
621.788380
  0
VERTEX
  8
11
  10
3215.052418
  20
628.413251
  0
VERTEX
  8
11
  10
3212.509558
  20
635.576226
  0
VERTEX
  8
11
  10
3210.016551
  20
643.344062
  0
VERTEX
  8
11
  10
3207.563983
  20
651.803510
  0
VERTEX
  8
11
  10
3205.067274
  20
661.340200
  0
VERTEX
  8
11
  10
3202.429810
  20
672.328415
  0
SEQEND
  8
11
  0
POLYLINE
  8
11
  66
1
  70
0
  0
VERTEX
  8
11
  10
3555.924683
  20
93.307304
  0
VERTEX
  8
11
  10
3540.115662
  20
91.322165
  0
VERTEX
  8
11
  10
3524.724731
  20
89.454365
  0
VERTEX
  8
11
  10
3509.408569
  20
87.658758
  0
VERTEX
  8
11
  10
3493.788147
  20
85.904570
  0
VERTEX
  8
11
  10
3478.488159
  20
84.281473
  0
VERTEX
  8
11
  10
3463.404236
  20
82.786026
  0
VERTEX
  8
11
  10
3449.004211
  20
81.462936
  0
VERTEX
  8
11
  10
3433.144226
  20
80.130625
  0
VERTEX
  8
11
  10
3418.029785
  20
78.982792
  0
VERTEX
  8
11
  10
3402.561035
  20
77.929816
  0
VERTEX
  8
11
  10
3387.430420
  20
77.022839
  0
VERTEX
  8
11
  10
3372.292175
  20
76.247735
  0
VERTEX
  8
11
  10
3357.165222
  20
75.616498
  0
VERTEX
  8
11
  10
3342.014771
  20
75.140710
  0
VERTEX
  8
11
  10
3326.688538
  20
74.830141
  0
VERTEX
  8
11
  10
3312.029724
  20
74.661660
  0
VERTEX
  8
11
  10
3310.000000
  20
74.647021
  0
SEQEND
  8
11
  0
POLYLINE
  8
11
  66
1
  70
0
  0
VERTEX
  8
11
  10
3552.927551
  20
112.971125
  0
VERTEX
  8
11
  10
3555.924683
  20
93.307304
  0
SEQEND
  8
11
  0
POLYLINE
  8
11
  66
1
  70
0
  0
VERTEX
  8
11
  10
3551.460571
  20
471.874008
  0
VERTEX
  8
11
  10
3550.086365
  20
456.197891
  0
VERTEX
  8
11
  10
3548.707275
  20
440.823250
  0
VERTEX
  8
11
  10
3547.297058
  20
425.428047
  0
VERTEX
  8
11
  10
3546.217651
  20
412.155685
  0
VERTEX
  8
11
  10
3545.307312
  20
397.590218
  0
VERTEX
  8
11
  10
3544.563293
  20
382.541046
  0
VERTEX
  8
11
  10
3543.947449
  20
367.398605
  0
VERTEX
  8
11
  10
3543.486633
  20
352.791748
  0
VERTEX
  8
11
  10
3543.155212
  20
337.078743
  0
VERTEX
  8
11
  10
3543.025818
  20
321.924171
  0
VERTEX
  8
11
  10
3543.110962
  20
306.735306
  0
VERTEX
  8
11
  10
3543.409119
  20
291.583157
  0
VERTEX
  8
11
  10
3543.913574
  20
276.121693
  0
VERTEX
  8
11
  10
3544.566345
  20
260.980740
  0
VERTEX
  8
11
  10
3545.335388
  20
245.782185
  0
VERTEX
  8
11
  10
3546.167603
  20
230.650330
  0
VERTEX
  8
11
  10
3547.015381
  20
215.519409
  0
VERTEX
  8
11
  10
3547.855530
  20
200.235386
  0
VERTEX
  8
11
  10
3548.723450
  20
184.775982
  0
VERTEX
  8
11
  10
3549.596558
  20
169.646435
  0
VERTEX
  8
11
  10
3550.483398
  20
154.517679
  0
VERTEX
  8
11
  10
3551.374817
  20
139.377489
  0
VERTEX
  8
11
  10
3552.265930
  20
124.231863
  0
VERTEX
  8
11
  10
3552.927551
  20
112.971125
  0
SEQEND
  8
11
  0
POLYLINE
  8
11
  66
1
  70
0
  0
VERTEX
  8
11
  10
3514.367676
  20
638.376312
  0
VERTEX
  8
11
  10
3508.338623
  20
625.600319
  0
VERTEX
  8
11
  10
3501.774597
  20
612.019234
  0
VERTEX
  8
11
  10
3498.851929
  20
605.477905
  0
VERTEX
  8
11
  10
3496.733093
  20
600.184402
  0
VERTEX
  8
11
  10
3491.831665
  20
585.991936
  0
VERTEX
  8
11
  10
3490.153503
  20
580.517006
  0
VERTEX
  8
11
  10
3488.866882
  20
575.506592
  0
VERTEX
  8
11
  10
3487.787781
  20
570.245361
  0
VERTEX
  8
11
  10
3485.771179
  20
559.672279
  0
VERTEX
  8
11
  10
3485.083923
  20
554.807587
  0
VERTEX
  8
11
  10
3484.741516
  20
550.711250
  0
VERTEX
  8
11
  10
3484.653320
  20
546.242180
  0
VERTEX
  8
11
  10
3484.615173
  20
538.176079
  0
VERTEX
  8
11
  10
3484.895325
  20
534.342041
  0
VERTEX
  8
11
  10
3485.491943
  20
529.866524
  0
VERTEX
  8
11
  10
3486.400452
  20
524.886475
  0
VERTEX
  8
11
  10
3487.443237
  20
520.502510
  0
VERTEX
  8
11
  10
3488.699646
  20
516.320267
  0
VERTEX
  8
11
  10
3490.434265
  20
511.472435
  0
VERTEX
  8
11
  10
3491.879883
  20
508.047447
  0
VERTEX
  8
11
  10
3493.225403
  20
505.464020
  0
VERTEX
  8
11
  10
3497.127075
  20
498.818817
  0
VERTEX
  8
11
  10
3499.048157
  20
496.117363
  0
VERTEX
  8
11
  10
3501.439819
  20
493.195610
  0
VERTEX
  8
11
  10
3504.319153
  20
490.075722
  0
VERTEX
  8
11
  10
3507.168274
  20
487.351494
  0
VERTEX
  8
11
  10
3510.214844
  20
484.791985
  0
VERTEX
  8
11
  10
3513.393555
  20
482.448578
  0
VERTEX
  8
11
  10
3516.738586
  20
480.293427
  0
VERTEX
  8
11
  10
3520.174255
  20
478.376045
  0
VERTEX
  8
11
  10
3523.527527
  20
476.779327
  0
VERTEX
  8
11
  10
3526.856384
  20
475.462341
  0
VERTEX
  8
11
  10
3530.023499
  20
474.473343
  0
VERTEX
  8
11
  10
3533.056946
  20
473.790092
  0
VERTEX
  8
11
  10
3536.601563
  20
473.276939
  0
VERTEX
  8
11
  10
3542.960510
  20
472.742424
  0
VERTEX
  8
11
  10
3549.787903
  20
472.072792
  0
VERTEX
  8
11
  10
3551.460571
  20
471.874008
  0
SEQEND
  8
11
  0
POLYLINE
  8
11
  66
1
  70
0
  0
VERTEX
  8
11
  10
3409.309998
  20
685.353012
  0
VERTEX
  8
11
  10
3423.818359
  20
679.423294
  0
VERTEX
  8
11
  10
3437.909546
  20
673.707581
  0
VERTEX
  8
11
  10
3451.050110
  20
668.211594
  0
VERTEX
  8
11
  10
3463.867798
  20
662.566223
  0
VERTEX
  8
11
  10
3477.756348
  20
656.172562
  0
VERTEX
  8
11
  10
3491.483154
  20
649.630356
  0
VERTEX
  8
11
  10
3505.248413
  20
642.899094
  0
VERTEX
  8
11
  10
3514.367676
  20
638.376312
  0
SEQEND
  8
11
  0
POLYLINE
  8
11
  66
1
  70
0
  0
VERTEX
  8
11
  10
3310.000000
  20
559.308167
  0
VERTEX
  8
11
  10
3316.543579
  20
559.696083
  0
VERTEX
  8
11
  10
3322.178955
  20
560.285759
  0
VERTEX
  8
11
  10
3326.798401
  20
561.005440
  0
VERTEX
  8
11
  10
3331.253052
  20
561.944199
  0
VERTEX
  8
11
  10
3335.636292
  20
563.117599
  0
VERTEX
  8
11
  10
3339.613037
  20
564.430580
  0
VERTEX
  8
11
  10
3343.282776
  20
565.895958
  0
VERTEX
  8
11
  10
3346.906128
  20
567.607651
  0
VERTEX
  8
11
  10
3350.608826
  20
569.639053
  0
VERTEX
  8
11
  10
3354.155273
  20
571.868248
  0
VERTEX
  8
11
  10
3357.563782
  20
574.301262
  0
VERTEX
  8
11
  10
3360.907898
  20
577.000237
  0
VERTEX
  8
11
  10
3364.146423
  20
579.935837
  0
VERTEX
  8
11
  10
3367.360840
  20
583.189545
  0
VERTEX
  8
11
  10
3370.505371
  20
586.728210
  0
VERTEX
  8
11
  10
3373.610535
  20
590.595894
  0
VERTEX
  8
11
  10
3376.716309
  20
594.864960
  0
VERTEX
  8
11
  10
3379.878540
  20
599.650040
  0
VERTEX
  8
11
  10
3382.975464
  20
604.797592
  0
VERTEX
  8
11
  10
3386.044006
  20
610.382004
  0
VERTEX
  8
11
  10
3388.980713
  20
616.240196
  0
VERTEX
  8
11
  10
3391.700439
  20
622.210922
  0
VERTEX
  8
11
  10
3394.264832
  20
628.438835
  0
VERTEX
  8
11
  10
3396.647949
  20
634.888954
  0
VERTEX
  8
11
  10
3398.933105
  20
641.802368
  0
VERTEX
  8
11
  10
3401.176453
  20
649.405746
  0
VERTEX
  8
11
  10
3403.251953
  20
657.329636
  0
VERTEX
  8
11
  10
3405.263977
  20
666.037827
  0
VERTEX
  8
11
  10
3408.334351
  20
680.806274
  0
VERTEX
  8
11
  10
3409.309998
  20
685.353012
  0
SEQEND
  8
11
  0
POLYLINE
  8
11
  66
1
  70
0
  0
VERTEX
  8
11
  10
3210.690002
  20
685.353012
  0
VERTEX
  8
11
  10
3213.789978
  20
670.476685
  0
VERTEX
  8
11
  10
3215.981140
  20
660.522537
  0
VERTEX
  8
11
  10
3218.006287
  20
652.410507
  0
VERTEX
  8
11
  10
3220.180054
  20
644.701843
  0
VERTEX
  8
11
  10
3222.493896
  20
637.394676
  0
VERTEX
  8
11
  10
3224.867859
  20
630.704498
  0
VERTEX
  8
11
  10
3227.388000
  20
624.350853
  0
VERTEX
  8
11
  10
3230.085754
  20
618.224030
  0
VERTEX
  8
11
  10
3232.948914
  20
612.329521
  0
VERTEX
  8
11
  10
3236.036987
  20
606.540146
  0
VERTEX
  8
11
  10
3239.160767
  20
601.196442
  0
VERTEX
  8
11
  10
3242.307434
  20
596.293983
  0
VERTEX
  8
11
  10
3245.458069
  20
591.833000
  0
VERTEX
  8
11
  10
3248.650513
  20
587.741623
  0
VERTEX
  8
11
  10
3251.867065
  20
584.024239
  0
VERTEX
  8
11
  10
3255.054016
  20
580.712090
  0
VERTEX
  8
11
  10
3258.387756
  20
577.610779
  0
VERTEX
  8
11
  10
3261.754761
  20
574.824944
  0
VERTEX
  8
11
  10
3265.151672
  20
572.338905
  0
VERTEX
  8
11
  10
3268.671265
  20
570.068321
  0
VERTEX
  8
11
  10
3272.416992
  20
567.957382
  0
VERTEX
  8
11
  10
3276.187134
  20
566.129761
  0
VERTEX
  8
11
  10
3279.924927
  20
564.600716
  0
VERTEX
  8
11
  10
3283.892212
  20
563.259926
  0
VERTEX
  8
11
  10
3288.230896
  20
562.068977
  0
VERTEX
  8
11
  10
3292.680054
  20
561.102638
  0
VERTEX
  8
11
  10
3297.333984
  20
560.350113
  0
VERTEX
  8
11
  10
3302.704163
  20
559.760170
  0
VERTEX
  8
11
  10
3308.623352
  20
559.362411
  0
VERTEX
  8
11
  10
3310.000000
  20
559.308167
  0
SEQEND
  8
11
  0
POLYLINE
  8
11
  66
1
  70
0
  0
VERTEX
  8
11
  10
3105.632324
  20
638.376312
  0
VERTEX
  8
11
  10
3119.773254
  20
645.371475
  0
VERTEX
  8
11
  10
3133.455200
  20
652.006302
  0
VERTEX
  8
11
  10
3147.321777
  20
658.539658
  0
VERTEX
  8
11
  10
3161.172180
  20
664.818192
  0
VERTEX
  8
11
  10
3173.736877
  20
670.246811
  0
VERTEX
  8
11
  10
3187.799683
  20
676.030655
  0
VERTEX
  8
11
  10
3202.035217
  20
681.805267
  0
VERTEX
  8
11
  10
3210.690002
  20
685.353012
  0
SEQEND
  8
11
  0
POLYLINE
  8
11
  66
1
  70
0
  0
VERTEX
  8
11
  10
3068.539429
  20
471.874008
  0
VERTEX
  8
11
  10
3076.488647
  20
472.698364
  0
VERTEX
  8
11
  10
3083.846436
  20
473.328781
  0
VERTEX
  8
11
  10
3087.391052
  20
473.874741
  0
VERTEX
  8
11
  10
3090.378723
  20
474.583740
  0
VERTEX
  8
11
  10
3093.531494
  20
475.601807
  0
VERTEX
  8
11
  10
3096.912842
  20
476.973648
  0
VERTEX
  8
11
  10
3100.261536
  20
478.603554
  0
VERTEX
  8
11
  10
3103.725586
  20
480.574913
  0
VERTEX
  8
11
  10
3107.069397
  20
482.771187
  0
VERTEX
  8
11
  10
3110.216370
  20
485.134354
  0
VERTEX
  8
11
  10
3113.153381
  20
487.642059
  0
VERTEX
  8
11
  10
3115.986938
  20
490.389519
  0
VERTEX
  8
11
  10
3118.831177
  20
493.509216
  0
VERTEX
  8
11
  10
3121.257019
  20
496.520348
  0
VERTEX
  8
11
  10
3123.144226
  20
499.238052
  0
VERTEX
  8
11
  10
3125.253601
  20
502.824554
  0
VERTEX
  8
11
  10
3127.866821
  20
507.517891
  0
VERTEX
  8
11
  10
3129.201965
  20
510.548782
  0
VERTEX
  8
11
  10
3130.963440
  20
515.317078
  0
VERTEX
  8
11
  10
3132.323914
  20
519.657059
  0
VERTEX
  8
11
  10
3133.381653
  20
523.875122
  0
VERTEX
  8
11
  10
3134.302979
  20
528.616905
  0
VERTEX
  8
11
  10
3135.002441
  20
533.422279
  0
VERTEX
  8
11
  10
3135.349426
  20
537.406769
  0
VERTEX
  8
11
  10
3135.420227
  20
541.032372
  0
VERTEX
  8
11
  10
3135.195007
  20
551.763840
  0
VERTEX
  8
11
  10
3134.770203
  20
556.019554
  0
VERTEX
  8
11
  10
3133.988953
  20
561.069336
  0
VERTEX
  8
11
  10
3131.152344
  20
575.397682
  0
VERTEX
  8
11
  10
3129.838867
  20
580.471077
  0
VERTEX
  8
11
  10
3127.757568
  20
587.341309
  0
VERTEX
  8
11
  10
3125.328674
  20
594.525948
  0
VERTEX
  8
11
  10
3122.750244
  20
601.394920
  0
VERTEX
  8
11
  10
3119.951782
  20
608.147659
  0
VERTEX
  8
11
  10
3116.944885
  20
614.763565
  0
VERTEX
  8
11
  10
3110.323486
  20
628.369217
  0
VERTEX
  8
11
  10
3105.632324
  20
638.376312
  0
SEQEND
  8
11
  0
POLYLINE
  8
11
  66
1
  70
0
  0
VERTEX
  8
11
  10
3067.072144
  20
112.971125
  0
VERTEX
  8
11
  10
3068.003845
  20
128.821125
  0
VERTEX
  8
11
  10
3068.916626
  20
144.329786
  0
VERTEX
  8
11
  10
3069.810486
  20
159.516115
  0
VERTEX
  8
11
  10
3070.693665
  20
174.645100
  0
VERTEX
  8
11
  10
3071.560059
  20
189.775009
  0
VERTEX
  8
11
  10
3072.403564
  20
204.950809
  0
VERTEX
  8
11
  10
3073.257446
  20
220.410976
  0
VERTEX
  8
11
  10
3074.105530
  20
235.541897
  0
VERTEX
  8
11
  10
3074.921570
  20
250.674686
  0
VERTEX
  8
11
  10
3075.662842
  20
265.964165
  0
VERTEX
  8
11
  10
3076.268921
  20
281.106987
  0
VERTEX
  8
11
  10
3076.705627
  20
296.318645
  0
VERTEX
  8
11
  10
3076.939087
  20
311.471920
  0
VERTEX
  8
11
  10
3076.954041
  20
326.941757
  0
VERTEX
  8
11
  10
3076.759033
  20
342.095718
  0
VERTEX
  8
11
  10
3076.386414
  20
357.280235
  0
VERTEX
  8
11
  10
3075.863037
  20
372.425766
  0
VERTEX
  8
11
  10
3075.203247
  20
387.566795
  0
VERTEX
  8
11
  10
3074.398804
  20
402.722435
  0
VERTEX
  8
11
  10
3073.440247
  20
416.721687
  0
VERTEX
  8
11
  10
3072.125854
  20
431.730080
  0
VERTEX
  8
11
  10
3070.738525
  20
446.956940
  0
VERTEX
  8
11
  10
3069.409485
  20
461.904411
  0
VERTEX
  8
11
  10
3068.539429
  20
471.874008
  0
SEQEND
  8
11
  0
POLYLINE
  8
11
  66
1
  70
0
  0
VERTEX
  8
11
  10
3064.075317
  20
93.307304
  0
VERTEX
  8
11
  10
3067.072144
  20
112.971125
  0
SEQEND
  8
11
  0
POLYLINE
  8
11
  66
1
  70
0
  0
VERTEX
  8
11
  10
3310.000000
  20
74.647021
  0
VERTEX
  8
11
  10
3293.898315
  20
74.821362
  0
VERTEX
  8
11
  10
3278.267517
  20
75.133424
  0
VERTEX
  8
11
  10
3263.116760
  20
75.606165
  0
VERTEX
  8
11
  10
3247.689514
  20
76.248569
  0
VERTEX
  8
11
  10
3232.551575
  20
77.023845
  0
VERTEX
  8
11
  10
3217.420654
  20
77.930975
  0
VERTEX
  8
11
  10
3202.315674
  20
78.957925
  0
VERTEX
  8
11
  10
3187.201233
  20
80.103073
  0
VERTEX
  8
11
  10
3172.095947
  20
81.366253
  0
VERTEX
  8
11
  10
3156.656189
  20
82.780247
  0
VERTEX
  8
11
  10
3141.572266
  20
84.275255
  0
VERTEX
  8
11
  10
3126.438293
  20
85.879765
  0
VERTEX
  8
11
  10
3111.539917
  20
87.549820
  0
VERTEX
  8
11
  10
3096.133728
  20
89.351959
  0
VERTEX
  8
11
  10
3081.089478
  20
91.173716
  0
VERTEX
  8
11
  10
3066.379700
  20
93.012466
  0
VERTEX
  8
11
  10
3064.075317
  20
93.307304
  0
SEQEND
  8
11
 0
LINE
 8
11
 10
3328.398438
 20
324.422989
 11
3328.398438
 21
198.984337
 0
LINE
 8
11
 10
3328.398438
 20
198.984337
 11
3331.782084
 21
218.696032
 0
LINE
 8
11
 10
3328.398438
 20
198.984337
 11
3328.398438
 21
198.984337
  0
TEXT
  8
11
 10
3310.000000
 20
350.000017
 40
10.000000
 50
0.000000
  1
Piece Name: 
  0
TEXT
  8
11
 10
3310.000000
 20
365.000017
 40
10.000000
 50
0.000000
  1
Size: M
  0
TEXT
  8
11
 10
3310.000000
 20
380.000017
 40
10.000000
 50
0.000000
  1
Annotation: 面料X1
  0
TEXT
  8
11
 10
3310.000000
 20
395.000017
 40
10.000000
 50
0.000000
  1
Quantity: 1
  0
TEXT
  8
11
 10
3310.000000
 20
410.000017
 40
10.000000
 50
0.000000
  1
Material: 面料
  0
POLYLINE
  8
11
  66
1
  70
0
  0
VERTEX
  8
11
  10
2579.479675
  20
77.935128
  0
VERTEX
  8
11
  10
2577.556152
  20
97.935123
  0
SEQEND
  8
11
  0
POLYLINE
  8
11
  66
1
  70
0
  0
VERTEX
  8
11
  10
2577.556152
  20
97.935123
  0
VERTEX
  8
11
  10
2580.726013
  20
130.897074
  0
SEQEND
  8
11
  0
POLYLINE
  8
11
  66
1
  70
0
  0
VERTEX
  8
11
  10
2580.726013
  20
130.897074
  0
VERTEX
  8
11
  10
2573.813430
  20
132.639779
  0
VERTEX
  8
11
  10
2562.570750
  20
135.047354
  0
VERTEX
  8
11
  10
2559.063331
  20
136.094190
  0
VERTEX
  8
11
  10
2555.462730
  20
137.432869
  0
VERTEX
  8
11
  10
2551.797763
  20
139.064669
  0
VERTEX
  8
11
  10
2548.247545
  20
140.917616
  0
VERTEX
  8
11
  10
2544.849834
  20
142.966929
  0
VERTEX
  8
11
  10
2541.403305
  20
145.336685
  0
VERTEX
  8
11
  10
2537.974233
  20
147.995224
  0
VERTEX
  8
11
  10
2534.448835
  20
151.047144
  0
VERTEX
  8
11
  10
2530.836075
  20
154.512214
  0
VERTEX
  8
11
  10
2527.109218
  20
158.442757
  0
VERTEX
  8
11
  10
2523.277809
  20
162.850166
  0
VERTEX
  8
11
  10
2519.163200
  20
167.973724
  0
VERTEX
  8
11
  10
2514.565708
  20
174.118563
  0
VERTEX
  8
11
  10
2508.725834
  20
182.397019
  0
VERTEX
  8
11
  10
2500.260686
  20
194.807971
  0
VERTEX
  8
11
  10
2493.591855
  20
204.393879
  0
VERTEX
  8
11
  10
2488.557933
  20
211.246016
  0
VERTEX
  8
11
  10
2483.907098
  20
217.177372
  0
VERTEX
  8
11
  10
2478.979344
  20
223.064617
  0
VERTEX
  8
11
  10
2474.650281
  20
227.901568
  0
VERTEX
  8
11
  10
2471.252592
  20
231.345908
  0
VERTEX
  8
11
  10
2467.596745
  20
234.651467
  0
VERTEX
  8
11
  10
2462.101488
  20
239.489245
  0
VERTEX
  8
11
  10
2458.549602
  20
242.259971
  0
VERTEX
  8
11
  10
2454.443943
  20
245.131657
  0
VERTEX
  8
11
  10
2449.714169
  20
248.122207
  0
VERTEX
  8
11
  10
2445.074621
  20
250.764502
  0
VERTEX
  8
11
  10
2440.606430
  20
253.026295
  0
VERTEX
  8
11
  10
2436.031246
  20
255.060090
  0
VERTEX
  8
11
  10
2431.470945
  20
256.818986
  0
VERTEX
  8
11
  10
2426.871652
  20
258.329717
  0
VERTEX
  8
11
  10
2422.361987
  20
259.552558
  0
VERTEX
  8
11
  10
2417.870943
  20
260.516922
  0
VERTEX
  8
11
  10
2413.091893
  20
261.286963
  0
VERTEX
  8
11
  10
2408.225629
  20
261.819257
  0
VERTEX
  8
11
  10
2403.726028
  20
262.064873
  0
VERTEX
  8
11
  10
2399.276495
  20
262.049403
  0
VERTEX
  8
11
  10
2392.449799
  20
261.883526
  0
SEQEND
  8
11
 0
LINE
 8
11
 10
2466.063666
 20
232.669492
 11
2469.381921
 21
236.409704
 0
LINE
 8
11
 10
2393.149013
 20
259.394993
 11
2393.064383
 21
264.394277
  0
POLYLINE
  8
11
  66
1
  70
0
  0
VERTEX
  8
11
  10
2392.449799
  20
261.883526
  0
VERTEX
  8
11
  10
2385.785722
  20
260.909926
  0
VERTEX
  8
11
  10
2380.940094
  20
260.162332
  0
VERTEX
  8
11
  10
2377.456420
  20
259.371353
  0
VERTEX
  8
11
  10
2373.893746
  20
258.301051
  0
VERTEX
  8
11
  10
2370.039115
  20
256.878100
  0
VERTEX
  8
11
  10
2365.951425
  20
255.099187
  0
VERTEX
  8
11
  10
2361.648900
  20
252.949200
  0
VERTEX
  8
11
  10
2358.030112
  20
250.882995
  0
VERTEX
  8
11
  10
2355.063083
  20
248.906463
  0
VERTEX
  8
11
  10
2345.503217
  20
241.450801
  0
VERTEX
  8
11
  10
2342.674810
  20
238.821271
  0
VERTEX
  8
11
  10
2339.272564
  20
235.275954
  0
VERTEX
  8
11
  10
2335.573733
  20
231.094262
  0
VERTEX
  8
11
  10
2332.893776
  20
227.722327
  0
VERTEX
  8
11
  10
2330.440299
  20
224.202153
  0
VERTEX
  8
11
  10
2324.736983
  20
215.570898
  0
VERTEX
  8
11
  10
2322.143479
  20
211.062948
  0
VERTEX
  8
11
  10
2317.393572
  20
202.012957
  0
VERTEX
  8
11
  10
2310.481850
  20
188.687756
  0
VERTEX
  8
11
  10
2306.066090
  20
180.606991
  0
VERTEX
  8
11
  10
2302.337403
  20
174.249997
  0
VERTEX
  8
11
  10
2298.981734
  20
168.986110
  0
VERTEX
  8
11
  10
2295.789204
  20
164.420934
  0
VERTEX
  8
11
  10
2292.699529
  20
160.421743
  0
VERTEX
  8
11
  10
2289.651555
  20
156.870637
  0
VERTEX
  8
11
  10
2286.669174
  20
153.758196
  0
VERTEX
  8
11
  10
2283.629692
  20
150.931511
  0
VERTEX
  8
11
  10
2280.447629
  20
148.301593
  0
VERTEX
  8
11
  10
2277.086465
  20
145.845414
  0
VERTEX
  8
11
  10
2273.834689
  20
143.754657
  0
VERTEX
  8
11
  10
2270.201569
  20
141.722829
  0
VERTEX
  8
11
  10
2266.558990
  20
139.977446
  0
VERTEX
  8
11
  10
2262.840016
  20
138.468313
  0
VERTEX
  8
11
  10
2258.825197
  20
137.114989
  0
VERTEX
  8
11
  10
2254.523846
  20
135.938930
  0
VERTEX
  8
11
  10
2249.799624
  20
134.911381
  0
VERTEX
  8
11
  10
2244.522232
  20
134.028679
  0
VERTEX
  8
11
  10
2230.529106
  20
132.206432
  0
VERTEX
  8
11
  10
2227.929535
  20
131.813641
  0
SEQEND
  8
11
 0
LINE
 8
11
 10
2352.577504
 20
243.830634
 11
2349.521251
 21
247.787820
 0
LINE
 8
11
 10
2330.897569
 20
220.372812
 11
2326.752455
 21
223.168887
 0
LINE
 8
11
 10
2293.809218
 20
157.843606
 11
2290.133450
 21
161.233108
  0
POLYLINE
  8
11
  66
1
  70
0
  0
VERTEX
  8
11
  10
2227.929535
  20
131.813641
  0
VERTEX
  8
11
  10
2231.190033
  20
97.935123
  0
SEQEND
  8
11
  0
POLYLINE
  8
11
  66
1
  70
0
  0
VERTEX
  8
11
  10
2231.190033
  20
97.935123
  0
VERTEX
  8
11
  10
2229.264984
  20
77.935128
  0
SEQEND
  8
11
  0
POLYLINE
  8
11
  66
1
  70
0
  0
VERTEX
  8
11
  10
2229.264984
  20
77.935128
  0
VERTEX
  8
11
  10
2393.553619
  20
77.935128
  0
VERTEX
  8
11
  10
2579.479675
  20
77.935128
  0
SEQEND
  8
11
  0
POLYLINE
  8
11
  66
1
  70
0
  0
VERTEX
  8
11
  10
2568.514709
  20
97.935123
  0
VERTEX
  8
11
  10
2571.038513
  20
124.180002
  0
SEQEND
  8
11
  0
POLYLINE
  8
11
  66
1
  70
0
  0
VERTEX
  8
11
  10
2571.038513
  20
124.180002
  0
VERTEX
  8
11
  10
2565.426837
  20
125.154442
  0
VERTEX
  8
11
  10
2560.711685
  20
126.229723
  0
VERTEX
  8
11
  10
2556.845064
  20
127.355838
  0
VERTEX
  8
11
  10
2552.958630
  20
128.744372
  0
VERTEX
  8
11
  10
2549.115827
  20
130.378074
  0
VERTEX
  8
11
  10
2545.253593
  20
132.295495
  0
VERTEX
  8
11
  10
2541.599126
  20
134.383521
  0
VERTEX
  8
11
  10
2537.827445
  20
136.836574
  0
VERTEX
  8
11
  10
2534.143591
  20
139.539110
  0
VERTEX
  8
11
  10
2530.374298
  20
142.629881
  0
VERTEX
  8
11
  10
2526.596560
  20
146.065524
  0
VERTEX
  8
11
  10
2522.754763
  20
149.911269
  0
VERTEX
  8
11
  10
2518.892930
  20
154.133348
  0
VERTEX
  8
11
  10
2514.785817
  20
159.006330
  0
VERTEX
  8
11
  10
2510.436223
  20
164.569935
  0
VERTEX
  8
11
  10
2505.454495
  20
171.375920
  0
VERTEX
  8
11
  10
2498.584444
  20
181.267879
  0
VERTEX
  8
11
  10
2490.016772
  20
193.803750
  0
VERTEX
  8
11
  10
2484.164725
  20
202.057228
  0
VERTEX
  8
11
  10
2479.320667
  20
208.499768
  0
VERTEX
  8
11
  10
2474.854749
  20
214.048251
  0
VERTEX
  8
11
  10
2470.577880
  20
218.978073
  0
VERTEX
  8
11
  10
2466.467805
  20
223.347559
  0
VERTEX
  8
11
  10
2462.432337
  20
227.279344
  0
VERTEX
  8
11
  10
2458.463474
  20
230.803688
  0
VERTEX
  8
11
  10
2454.520972
  20
233.980398
  0
VERTEX
  8
11
  10
2450.428954
  20
236.960933
  0
VERTEX
  8
11
  10
2446.251855
  20
239.699718
  0
VERTEX
  8
11
  10
2442.048831
  20
242.167926
  0
VERTEX
  8
11
  10
2437.757408
  20
244.406746
  0
VERTEX
  8
11
  10
2433.324713
  20
246.434224
  0
VERTEX
  8
11
  10
2429.020422
  20
248.135115
  0
VERTEX
  8
11
  10
2424.574407
  20
249.621042
  0
VERTEX
  8
11
  10
2420.234034
  20
250.807621
  0
VERTEX
  8
11
  10
2415.936490
  20
251.727164
  0
VERTEX
  8
11
  10
2411.490616
  20
252.421939
  0
VERTEX
  8
11
  10
2407.009287
  20
252.869762
  0
VERTEX
  8
11
  10
2402.327352
  20
253.080184
  0
VERTEX
  8
11
  10
2397.214527
  20
253.041195
  0
VERTEX
  8
11
  10
2393.258820
  20
252.872467
  0
SEQEND
  8
11
 0
LINE
 8
11
 10
2463.387903
 20
229.799072
 11
2460.013709
 21
226.109246
 0
LINE
 8
11
 10
2393.357307
 20
250.374407
 11
2393.159669
 21
255.370499
  0
POLYLINE
  8
11
  66
1
  70
0
  0
VERTEX
  8
11
  10
2393.258820
  20
252.872467
  0
VERTEX
  8
11
  10
2387.978434
  20
252.272522
  0
VERTEX
  8
11
  10
2383.569540
  20
251.527358
  0
VERTEX
  8
11
  10
2379.826786
  20
250.657679
  0
VERTEX
  8
11
  10
2376.194268
  20
249.560469
  0
VERTEX
  8
11
  10
2372.528415
  20
248.186039
  0
VERTEX
  8
11
  10
2368.925254
  20
246.565170
  0
VERTEX
  8
11
  10
2365.199111
  20
244.606935
  0
VERTEX
  8
11
  10
2361.546610
  20
242.400912
  0
VERTEX
  8
11
  10
2357.984452
  20
239.958772
  0
VERTEX
  8
11
  10
2354.470602
  20
237.246479
  0
VERTEX
  8
11
  10
2351.025068
  20
234.268616
  0
VERTEX
  8
11
  10
2347.723689
  20
231.089907
  0
VERTEX
  8
11
  10
2344.488772
  20
227.629910
  0
VERTEX
  8
11
  10
2341.433466
  20
224.004952
  0
VERTEX
  8
11
  10
2338.482477
  20
220.120771
  0
VERTEX
  8
11
  10
2335.521620
  20
215.795714
  0
VERTEX
  8
11
  10
2332.523177
  20
210.962168
  0
VERTEX
  8
11
  10
2329.093581
  20
204.915968
  0
VERTEX
  8
11
  10
2324.014987
  20
195.311055
  0
VERTEX
  8
11
  10
2317.081262
  20
182.000364
  0
VERTEX
  8
11
  10
2312.961743
  20
174.532948
  0
VERTEX
  8
11
  10
2309.390553
  20
168.532739
  0
VERTEX
  8
11
  10
2305.955406
  20
163.227523
  0
VERTEX
  8
11
  10
2302.695103
  20
158.624010
  0
VERTEX
  8
11
  10
2299.491267
  20
154.510080
  0
VERTEX
  8
11
  10
2296.315008
  20
150.821005
  0
VERTEX
  8
11
  10
2293.148680
  20
147.508222
  0
VERTEX
  8
11
  10
2289.852346
  20
144.419104
  0
VERTEX
  8
11
  10
2286.459566
  20
141.578850
  0
VERTEX
  8
11
  10
2282.948402
  20
138.958687
  0
VERTEX
  8
11
  10
2279.389984
  20
136.603077
  0
VERTEX
  8
11
  10
2275.738698
  20
134.474330
  0
VERTEX
  8
11
  10
2271.935193
  20
132.540049
  0
VERTEX
  8
11
  10
2268.034843
  20
130.830841
  0
VERTEX
  8
11
  10
2263.887261
  20
129.290014
  0
VERTEX
  8
11
  10
2259.579916
  20
127.961382
  0
VERTEX
  8
11
  10
2254.829014
  20
126.766646
  0
VERTEX
  8
11
  10
2249.693313
  20
125.737487
  0
VERTEX
  8
11
  10
2244.236671
  20
124.904887
  0
VERTEX
  8
11
  10
2237.705841
  20
124.180002
  0
SEQEND
  8
11
 0
LINE
 8
11
 10
2357.971091
 20
236.828859
 11
2354.930627
 21
240.798189
 0
LINE
 8
11
 10
2334.134900
 20
218.235076
 11
2338.296648
 21
215.463821
 0
LINE
 8
11
 10
2296.960878
 20
155.372741
 11
2300.799537
 21
152.168884
  0
POLYLINE
  8
11
  66
1
  70
0
  0
VERTEX
  8
11
  10
2237.705841
  20
124.180002
  0
VERTEX
  8
11
  10
2240.231781
  20
97.935123
  0
SEQEND
  8
11
  0
POLYLINE
  8
11
  66
1
  70
0
  0
VERTEX
  8
11
  10
2240.231781
  20
97.935123
  0
VERTEX
  8
11
  10
2393.553619
  20
97.935123
  0
VERTEX
  8
11
  10
2568.514709
  20
97.935123
  0
SEQEND
  8
11
  0
POLYLINE
  8
11
  66
1
  70
0
  0
VERTEX
  8
11
  10
2393.258820
  20
252.872467
  0
VERTEX
  8
11
  10
2393.258820
  20
236.835469
  0
VERTEX
  8
11
  10
2393.258820
  20
221.069907
  0
VERTEX
  8
11
  10
2393.258820
  20
205.804173
  0
VERTEX
  8
11
  10
2393.258820
  20
190.046477
  0
VERTEX
  8
11
  10
2393.258820
  20
175.007966
  0
VERTEX
  8
11
  10
2393.258820
  20
159.969464
  0
VERTEX
  8
11
  10
2393.258820
  20
144.930953
  0
VERTEX
  8
11
  10
2393.258820
  20
129.288993
  0
VERTEX
  8
11
  10
2393.258820
  20
114.013286
  0
VERTEX
  8
11
  10
2393.258820
  20
99.445903
  0
VERTEX
  8
11
  10
2393.258820
  20
97.935123
  0
SEQEND
  8
11
 0
LINE
 8
11
 10
2393.381816
 20
250.375494
 11
2393.135823
 21
255.369440
  0
POLYLINE
  8
11
  66
1
  70
0
  0
VERTEX
  8
11
  10
2229.264984
  20
77.935128
  0
VERTEX
  8
11
  10
2393.553619
  20
77.935128
  0
VERTEX
  8
11
  10
2579.479675
  20
77.935128
  0
SEQEND
  8
11
  0
POLYLINE
  8
11
  66
1
  70
0
  0
VERTEX
  8
11
  10
2231.190033
  20
97.935123
  0
VERTEX
  8
11
  10
2229.264984
  20
77.935128
  0
SEQEND
  8
11
  0
POLYLINE
  8
11
  66
1
  70
0
  0
VERTEX
  8
11
  10
2227.929535
  20
131.813641
  0
VERTEX
  8
11
  10
2231.190033
  20
97.935123
  0
SEQEND
  8
11
  0
POLYLINE
  8
11
  66
1
  70
0
  0
VERTEX
  8
11
  10
2392.449799
  20
261.883526
  0
VERTEX
  8
11
  10
2385.785675
  20
260.909920
  0
VERTEX
  8
11
  10
2380.940094
  20
260.162315
  0
VERTEX
  8
11
  10
2377.456512
  20
259.371357
  0
VERTEX
  8
11
  10
2373.893585
  20
258.301048
  0
VERTEX
  8
11
  10
2370.039215
  20
256.878128
  0
VERTEX
  8
11
  10
2365.951385
  20
255.099220
  0
VERTEX
  8
11
  10
2361.649017
  20
252.949219
  0
VERTEX
  8
11
  10
2358.030243
  20
250.883026
  0
VERTEX
  8
11
  10
2355.063019
  20
248.906498
  0
VERTEX
  8
11
  10
2345.503082
  20
241.450748
  0
VERTEX
  8
11
  10
2342.674713
  20
238.821220
  0
VERTEX
  8
11
  10
2339.272614
  20
235.275898
  0
VERTEX
  8
11
  10
2335.573578
  20
231.094303
  0
VERTEX
  8
11
  10
2332.893829
  20
227.722359
  0
VERTEX
  8
11
  10
2330.440216
  20
224.202175
  0
VERTEX
  8
11
  10
2324.737091
  20
215.570908
  0
VERTEX
  8
11
  10
2322.143402
  20
211.062946
  0
VERTEX
  8
11
  10
2317.393646
  20
202.012939
  0
VERTEX
  8
11
  10
2310.481720
  20
188.687725
  0
VERTEX
  8
11
  10
2306.066132
  20
180.606956
  0
VERTEX
  8
11
  10
2302.337189
  20
174.250031
  0
VERTEX
  8
11
  10
2298.981781
  20
168.986149
  0
VERTEX
  8
11
  10
2295.789032
  20
164.420891
  0
VERTEX
  8
11
  10
2292.699432
  20
160.421715
  0
VERTEX
  8
11
  10
2289.651642
  20
156.870680
  0
VERTEX
  8
11
  10
2286.669159
  20
153.758230
  0
VERTEX
  8
11
  10
2283.629608
  20
150.931492
  0
VERTEX
  8
11
  10
2280.447540
  20
148.301601
  0
VERTEX
  8
11
  10
2277.086334
  20
145.845413
  0
VERTEX
  8
11
  10
2273.834686
  20
143.754644
  0
VERTEX
  8
11
  10
2270.201569
  20
141.722822
  0
VERTEX
  8
11
  10
2266.558990
  20
139.977484
  0
VERTEX
  8
11
  10
2262.840118
  20
138.468351
  0
VERTEX
  8
11
  10
2258.825226
  20
137.114973
  0
VERTEX
  8
11
  10
2254.523773
  20
135.938921
  0
VERTEX
  8
11
  10
2249.799652
  20
134.911385
  0
VERTEX
  8
11
  10
2244.522247
  20
134.028683
  0
VERTEX
  8
11
  10
2230.529022
  20
132.206440
  0
VERTEX
  8
11
  10
2227.929535
  20
131.813641
  0
SEQEND
  8
11
 0
LINE
 8
11
 10
2349.529656
 20
247.761459
 11
2352.600827
 21
243.815841
 0
LINE
 8
11
 10
2326.747317
 20
223.148142
 11
2330.914712
 21
220.385387
 0
LINE
 8
11
 10
2290.139975
 20
161.273521
 11
2293.769064
 21
157.834086
  0
POLYLINE
  8
11
  66
1
  70
0
  0
VERTEX
  8
11
  10
2580.726013
  20
130.897074
  0
VERTEX
  8
11
  10
2573.813477
  20
132.639751
  0
VERTEX
  8
11
  10
2562.570801
  20
135.047359
  0
VERTEX
  8
11
  10
2559.063568
  20
136.094151
  0
VERTEX
  8
11
  10
2555.462799
  20
137.432814
  0
VERTEX
  8
11
  10
2551.797638
  20
139.064636
  0
VERTEX
  8
11
  10
2548.247528
  20
140.917568
  0
VERTEX
  8
11
  10
2544.850006
  20
142.966843
  0
VERTEX
  8
11
  10
2541.403351
  20
145.336657
  0
VERTEX
  8
11
  10
2537.974396
  20
147.995205
  0
VERTEX
  8
11
  10
2534.449005
  20
151.047010
  0
VERTEX
  8
11
  10
2530.836334
  20
154.512081
  0
VERTEX
  8
11
  10
2527.109528
  20
158.442621
  0
VERTEX
  8
11
  10
2523.278046
  20
162.850037
  0
VERTEX
  8
11
  10
2519.163361
  20
167.973671
  0
VERTEX
  8
11
  10
2514.565887
  20
174.118500
  0
VERTEX
  8
11
  10
2508.726044
  20
182.396889
  0
VERTEX
  8
11
  10
2500.260773
  20
194.807873
  0
VERTEX
  8
11
  10
2493.592072
  20
204.393806
  0
VERTEX
  8
11
  10
2488.557892
  20
211.245956
  0
VERTEX
  8
11
  10
2483.907318
  20
217.177277
  0
VERTEX
  8
11
  10
2478.979340
  20
223.064518
  0
VERTEX
  8
11
  10
2474.650421
  20
227.901440
  0
VERTEX
  8
11
  10
2471.252594
  20
231.345768
  0
VERTEX
  8
11
  10
2467.596893
  20
234.651413
  0
VERTEX
  8
11
  10
2462.101593
  20
239.489136
  0
VERTEX
  8
11
  10
2458.549652
  20
242.259865
  0
VERTEX
  8
11
  10
2454.444122
  20
245.131550
  0
VERTEX
  8
11
  10
2449.714508
  20
248.122139
  0
VERTEX
  8
11
  10
2445.074921
  20
250.764446
  0
VERTEX
  8
11
  10
2440.606537
  20
253.026257
  0
VERTEX
  8
11
  10
2436.031342
  20
255.060062
  0
VERTEX
  8
11
  10
2431.471100
  20
256.818905
  0
VERTEX
  8
11
  10
2426.871796
  20
258.329659
  0
VERTEX
  8
11
  10
2422.362213
  20
259.552517
  0
VERTEX
  8
11
  10
2417.870941
  20
260.516911
  0
VERTEX
  8
11
  10
2413.091888
  20
261.286964
  0
VERTEX
  8
11
  10
2408.225861
  20
261.819248
  0
VERTEX
  8
11
  10
2403.726349
  20
262.064877
  0
VERTEX
  8
11
  10
2399.276886
  20
262.049408
  0
VERTEX
  8
11
  10
2392.449799
  20
261.883526
  0
SEQEND
  8
11
 0
LINE
 8
11
 10
2469.399278
 20
236.392130
 11
2466.044302
 21
232.684821
 0
LINE
 8
11
 10
2393.043679
 20
264.398693
 11
2393.168943
 21
259.400262
  0
POLYLINE
  8
11
  66
1
  70
0
  0
VERTEX
  8
11
  10
2577.556152
  20
97.935123
  0
VERTEX
  8
11
  10
2580.726013
  20
130.897074
  0
SEQEND
  8
11
  0
POLYLINE
  8
11
  66
1
  70
0
  0
VERTEX
  8
11
  10
2579.479675
  20
77.935128
  0
VERTEX
  8
11
  10
2577.556152
  20
97.935123
  0
SEQEND
  8
11
 0
LINE
 8
11
 10
2376.896820
 20
162.710228
 11
2376.896820
 21
114.383488
 0
LINE
 8
11
 10
2376.896820
 20
114.383488
 11
2378.532026
 21
123.909508
 0
LINE
 8
11
 10
2376.896820
 20
114.383488
 11
2376.896820
 21
114.383488
  0
TEXT
  8
11
 10
2404.327774
 20
140.000002
 40
10.000000
 50
0.000000
  1
Piece Name: 
  0
TEXT
  8
11
 10
2404.327774
 20
155.000002
 40
10.000000
 50
0.000000
  1
Size: M
  0
TEXT
  8
11
 10
2404.327774
 20
170.000002
 40
10.000000
 50
0.000000
  1
Annotation: 面料X2
  0
TEXT
  8
11
 10
2404.327774
 20
185.000002
 40
10.000000
 50
0.000000
  1
Quantity: 1
  0
TEXT
  8
11
 10
2404.327774
 20
200.000002
 40
10.000000
 50
0.000000
  1
Material: 面料
999
AI4M_WRITEBACK_PHASE=00_INDEX
0
TEXT
8
AI4M_00_INDEX
10
0
20
0
30
0
40
2.5
1
0. AI4M_00_INDEX
1001
AI4MANUFACTURING
1000
WRITEBACK_PHASE=00_INDEX
1000
LAYER=AI4M_00_INDEX
0
TEXT
8
AI4M_00_INDEX
10
0
20
-5
30
0
40
2.5
1
1. AI4M_01_ATOM_NET
1001
AI4MANUFACTURING
1000
WRITEBACK_PHASE=00_INDEX
1000
LAYER=AI4M_01_ATOM_NET
0
TEXT
8
AI4M_00_INDEX
10
0
20
-10
30
0
40
2.5
1
2. AI4M_01_ATOM_CUT
1001
AI4MANUFACTURING
1000
WRITEBACK_PHASE=00_INDEX
1000
LAYER=AI4M_01_ATOM_CUT
0
TEXT
8
AI4M_00_INDEX
10
0
20
-15
30
0
40
2.5
1
3. AI4M_01_ATOM_SEAM_ALLOWANCE
1001
AI4MANUFACTURING
1000
WRITEBACK_PHASE=00_INDEX
1000
LAYER=AI4M_01_ATOM_SEAM_ALLOWANCE
0
TEXT
8
AI4M_00_INDEX
10
0
20
-20
30
0
40
2.5
1
4. AI4M_01_ATOM_STITCH
1001
AI4MANUFACTURING
1000
WRITEBACK_PHASE=00_INDEX
1000
LAYER=AI4M_01_ATOM_STITCH
0
TEXT
8
AI4M_00_INDEX
10
0
20
-25
30
0
40
2.5
1
5. AI4M_01_ATOM_INTERNAL
1001
AI4MANUFACTURING
1000
WRITEBACK_PHASE=00_INDEX
1000
LAYER=AI4M_01_ATOM_INTERNAL
0
TEXT
8
AI4M_00_INDEX
10
0
20
-30
30
0
40
2.5
1
6. AI4M_01_ATOM_FOLD
1001
AI4MANUFACTURING
1000
WRITEBACK_PHASE=00_INDEX
1000
LAYER=AI4M_01_ATOM_FOLD
0
TEXT
8
AI4M_00_INDEX
10
0
20
-35
30
0
40
2.5
1
7. AI4M_01_ATOM_DART
1001
AI4MANUFACTURING
1000
WRITEBACK_PHASE=00_INDEX
1000
LAYER=AI4M_01_ATOM_DART
0
TEXT
8
AI4M_00_INDEX
10
0
20
-40
30
0
40
2.5
1
8. AI4M_01_ATOM_GRAIN
1001
AI4MANUFACTURING
1000
WRITEBACK_PHASE=00_INDEX
1000
LAYER=AI4M_01_ATOM_GRAIN
0
TEXT
8
AI4M_00_INDEX
10
0
20
-45
30
0
40
2.5
1
9. AI4M_01_ATOM_NOTCH
1001
AI4MANUFACTURING
1000
WRITEBACK_PHASE=00_INDEX
1000
LAYER=AI4M_01_ATOM_NOTCH
0
TEXT
8
AI4M_00_INDEX
10
0
20
-50
30
0
40
2.5
1
10. AI4M_02_EDGE_CHAIN
1001
AI4MANUFACTURING
1000
WRITEBACK_PHASE=00_INDEX
1000
LAYER=AI4M_02_EDGE_CHAIN
0
TEXT
8
AI4M_00_INDEX
10
0
20
-55
30
0
40
2.5
1
11. AI4M_03_PIECE
1001
AI4MANUFACTURING
1000
WRITEBACK_PHASE=00_INDEX
1000
LAYER=AI4M_03_PIECE
0
TEXT
8
AI4M_00_INDEX
10
0
20
-60
30
0
40
2.5
1
12. AI4M_04_RELATION
1001
AI4MANUFACTURING
1000
WRITEBACK_PHASE=00_INDEX
1000
LAYER=AI4M_04_RELATION
0
TEXT
8
AI4M_00_INDEX
10
0
20
-65
30
0
40
2.5
1
13. AI4M_05_QA
1001
AI4MANUFACTURING
1000
WRITEBACK_PHASE=00_INDEX
1000
LAYER=AI4M_05_QA
999
AI4M_WRITEBACK_PHASE=01_ATOM
999
AI4M_ENTITY=line_0111__seg_01;LINE_ROLE=cut_line;EDGE=unknown;SOURCE_LAYER=11
0
POLYLINE
8
AI4M_01_ATOM_CUT
66
1
70
0
1001
AI4MANUFACTURING
1000
WRITEBACK_PHASE=01_ATOM
1000
ENTITY_ID=line_0111__seg_01
1000
SOURCE_HANDLE=5C0
1000
LINE_ROLE=cut_line
1000
EDGE=unknown
1000
CHAIN=chain_mryhfci4
1000
PIECE_ID=front_body_manual_01
1000
SEAM_PAIR=
1000
PAIRED_CHAIN=
1000
NOTCH_CHAIN=
1000
NOTCH_SOURCE=
1000
PIECE_ROLE=front_body
1000
SEAM_ALLOWANCE_MM=
1000
SOURCE_LAYER=11
0
VERTEX
8
AI4M_01_ATOM_CUT
10
3310
20
74.647021
30
0
0
VERTEX
8
AI4M_01_ATOM_CUT
10
3293.898343
20
74.821361
30
0
0
VERTEX
8
AI4M_01_ATOM_CUT
10
3278.267525
20
75.133421
30
0
0
VERTEX
8
AI4M_01_ATOM_CUT
10
3263.116969
20
75.606161
30
0
0
VERTEX
8
AI4M_01_ATOM_CUT
10
3247.68987
20
76.248565
30
0
0
VERTEX
8
AI4M_01_ATOM_CUT
10
3232.551756
20
77.023837
30
0
0
VERTEX
8
AI4M_01_ATOM_CUT
10
3217.420931
20
77.930967
30
0
0
VERTEX
8
AI4M_01_ATOM_CUT
10
3202.316005
20
78.957917
30
0
0
VERTEX
8
AI4M_01_ATOM_CUT
10
3187.201402
20
80.103061
30
0
0
VERTEX
8
AI4M_01_ATOM_CUT
10
3172.096228
20
81.366243
30
0
0
VERTEX
8
AI4M_01_ATOM_CUT
10
3156.656368
20
82.780239
30
0
0
VERTEX
8
AI4M_01_ATOM_CUT
10
3141.572287
20
84.275251
30
0
0
VERTEX
8
AI4M_01_ATOM_CUT
10
3126.438489
20
85.879754
30
0
0
VERTEX
8
AI4M_01_ATOM_CUT
10
3111.540135
20
87.549821
30
0
0
VERTEX
8
AI4M_01_ATOM_CUT
10
3096.133764
20
89.351959
30
0
0
VERTEX
8
AI4M_01_ATOM_CUT
10
3081.089553
20
91.173725
30
0
0
VERTEX
8
AI4M_01_ATOM_CUT
10
3066.37983
20
93.012472
30
0
0
VERTEX
8
AI4M_01_ATOM_CUT
10
3064.075317
20
93.307304
30
0
0
SEQEND
8
AI4M_01_ATOM_CUT
0
TEXT
8
AI4M_01_ATOM_CUT
10
3310
20
74.647021
30
0
40
2.5
1
AI4M_line_0111__seg_01_cut_line_unknown
1001
AI4MANUFACTURING
1000
WRITEBACK_PHASE=01_ATOM_LABEL
1000
ENTITY_ID=line_0111__seg_01
999
AI4M_ENTITY=line_0112;LINE_ROLE=cut_line;EDGE=unknown;SOURCE_LAYER=11
0
POLYLINE
8
AI4M_01_ATOM_CUT
66
1
70
0
1001
AI4MANUFACTURING
1000
WRITEBACK_PHASE=01_ATOM
1000
ENTITY_ID=line_0112
1000
SOURCE_HANDLE=5D5
1000
LINE_ROLE=cut_line
1000
EDGE=unknown
1000
CHAIN=chain_mryhfci4
1000
PIECE_ID=front_body_manual_01
1000
SEAM_PAIR=
1000
PAIRED_CHAIN=
1000
NOTCH_CHAIN=
1000
NOTCH_SOURCE=
1000
PIECE_ROLE=front_body
1000
SEAM_ALLOWANCE_MM=
1000
SOURCE_LAYER=11
0
VERTEX
8
AI4M_01_ATOM_CUT
10
3064.075317
20
93.307304
30
0
0
VERTEX
8
AI4M_01_ATOM_CUT
10
3067.072144
20
112.971125
30
0
0
SEQEND
8
AI4M_01_ATOM_CUT
0
TEXT
8
AI4M_01_ATOM_CUT
10
3064.075317
20
93.307304
30
0
40
2.5
1
AI4M_line_0112_cut_line_unknown
1001
AI4MANUFACTURING
1000
WRITEBACK_PHASE=01_ATOM_LABEL
1000
ENTITY_ID=line_0112
999
AI4M_ENTITY=line_0113__seg_01;LINE_ROLE=cut_line;EDGE=unknown;SOURCE_LAYER=11
0
POLYLINE
8
AI4M_01_ATOM_CUT
66
1
70
0
1001
AI4MANUFACTURING
1000
WRITEBACK_PHASE=01_ATOM
1000
ENTITY_ID=line_0113__seg_01
1000
SOURCE_HANDLE=5DA
1000
LINE_ROLE=cut_line
1000
EDGE=unknown
1000
CHAIN=chain_mryhfci4
1000
PIECE_ID=front_body_manual_01
1000
SEAM_PAIR=
1000
PAIRED_CHAIN=
1000
NOTCH_CHAIN=
1000
NOTCH_SOURCE=
1000
PIECE_ROLE=front_body
1000
SEAM_ALLOWANCE_MM=
1000
SOURCE_LAYER=11
0
VERTEX
8
AI4M_01_ATOM_CUT
10
3067.072144
20
112.971125
30
0
0
VERTEX
8
AI4M_01_ATOM_CUT
10
3068.003925
20
128.821122
30
0
0
VERTEX
8
AI4M_01_ATOM_CUT
10
3068.916667
20
144.329779
30
0
0
VERTEX
8
AI4M_01_ATOM_CUT
10
3069.810529
20
159.51611
30
0
0
VERTEX
8
AI4M_01_ATOM_CUT
10
3070.693679
20
174.645081
30
0
0
VERTEX
8
AI4M_01_ATOM_CUT
10
3071.560052
20
189.775007
30
0
0
VERTEX
8
AI4M_01_ATOM_CUT
10
3072.403383
20
204.950806
30
0
0
VERTEX
8
AI4M_01_ATOM_CUT
10
3073.257302
20
220.410978
30
0
0
VERTEX
8
AI4M_01_ATOM_CUT
10
3074.105613
20
235.541886
30
0
0
VERTEX
8
AI4M_01_ATOM_CUT
10
3074.921666
20
250.674677
30
0
0
VERTEX
8
AI4M_01_ATOM_CUT
10
3075.662927
20
265.964172
30
0
0
VERTEX
8
AI4M_01_ATOM_CUT
10
3076.268963
20
281.106969
30
0
0
VERTEX
8
AI4M_01_ATOM_CUT
10
3076.705656
20
296.318622
30
0
0
VERTEX
8
AI4M_01_ATOM_CUT
10
3076.939185
20
311.471917
30
0
0
VERTEX
8
AI4M_01_ATOM_CUT
10
3076.953899
20
326.941757
30
0
0
VERTEX
8
AI4M_01_ATOM_CUT
10
3076.759138
20
342.095723
30
0
0
VERTEX
8
AI4M_01_ATOM_CUT
10
3076.386505
20
357.280251
30
0
0
VERTEX
8
AI4M_01_ATOM_CUT
10
3075.862857
20
372.425772
30
0
0
VERTEX
8
AI4M_01_ATOM_CUT
10
3075.203381
20
387.56679
30
0
0
VERTEX
8
AI4M_01_ATOM_CUT
10
3074.398905
20
402.72246
30
0
0
VERTEX
8
AI4M_01_ATOM_CUT
10
3073.440399
20
416.721703
30
0
0
VERTEX
8
AI4M_01_ATOM_CUT
10
3072.125788
20
431.730103
30
0
0
VERTEX
8
AI4M_01_ATOM_CUT
10
3070.738518
20
446.956955
30
0
0
VERTEX
8
AI4M_01_ATOM_CUT
10
3069.409665
20
461.904405
30
0
0
VERTEX
8
AI4M_01_ATOM_CUT
10
3068.539429
20
471.874008
30
0
0
SEQEND
8
AI4M_01_ATOM_CUT
0
TEXT
8
AI4M_01_ATOM_CUT
10
3067.072144
20
112.971125
30
0
40
2.5
1
AI4M_line_0113__seg_01_cut_line_unknown
1001
AI4MANUFACTURING
1000
WRITEBACK_PHASE=01_ATOM_LABEL
1000
ENTITY_ID=line_0113__seg_01
999
AI4M_ENTITY=line_0114;LINE_ROLE=cut_line;EDGE=unknown;SOURCE_LAYER=11
0
POLYLINE
8
AI4M_01_ATOM_CUT
66
1
70
0
1001
AI4MANUFACTURING
1000
WRITEBACK_PHASE=01_ATOM
1000
ENTITY_ID=line_0114
1000
SOURCE_HANDLE=5F6
1000
LINE_ROLE=cut_line
1000
EDGE=unknown
1000
CHAIN=chain_mryhfci4
1000
PIECE_ID=front_body_manual_01
1000
SEAM_PAIR=
1000
PAIRED_CHAIN=
1000
NOTCH_CHAIN=
1000
NOTCH_SOURCE=
1000
PIECE_ROLE=front_body
1000
SEAM_ALLOWANCE_MM=
1000
SOURCE_LAYER=11
0
VERTEX
8
AI4M_01_ATOM_CUT
10
3070.479816
20
215.504824
30
0
0
VERTEX
8
AI4M_01_ATOM_CUT
10
3075.472165
20
215.228324
30
0
0
SEQEND
8
AI4M_01_ATOM_CUT
0
TEXT
8
AI4M_01_ATOM_CUT
10
3070.479816
20
215.504824
30
0
40
2.5
1
AI4M_line_0114_cut_line_unknown
1001
AI4MANUFACTURING
1000
WRITEBACK_PHASE=01_ATOM_LABEL
1000
ENTITY_ID=line_0114
999
AI4M_ENTITY=line_0115;LINE_ROLE=cut_line;EDGE=unknown;SOURCE_LAYER=11
0
POLYLINE
8
AI4M_01_ATOM_CUT
66
1
70
0
1001
AI4MANUFACTURING
1000
WRITEBACK_PHASE=01_ATOM
1000
ENTITY_ID=line_0115
1000
SOURCE_HANDLE=5F7
1000
LINE_ROLE=cut_line
1000
EDGE=unknown
1000
CHAIN=chain_mryhfci4
1000
PIECE_ID=front_body_manual_01
1000
SEAM_PAIR=
1000
PAIRED_CHAIN=
1000
NOTCH_CHAIN=
1000
NOTCH_SOURCE=
1000
PIECE_ROLE=front_body
1000
SEAM_ALLOWANCE_MM=
1000
SOURCE_LAYER=11
0
VERTEX
8
AI4M_01_ATOM_CUT
10
3069.495074
20
433.03109
30
0
0
VERTEX
8
AI4M_01_ATOM_CUT
10
3074.475356
20
433.474694
30
0
0
SEQEND
8
AI4M_01_ATOM_CUT
0
TEXT
8
AI4M_01_ATOM_CUT
10
3069.495074
20
433.03109
30
0
40
2.5
1
AI4M_line_0115_cut_line_unknown
1001
AI4MANUFACTURING
1000
WRITEBACK_PHASE=01_ATOM_LABEL
1000
ENTITY_ID=line_0115
999
AI4M_ENTITY=line_0116__seg_01;LINE_ROLE=armhole_front;EDGE=armhole_front;SOURCE_LAYER=11
0
POLYLINE
8
AI4M_01_ATOM_INTERNAL
66
1
70
0
1001
AI4MANUFACTURING
1000
WRITEBACK_PHASE=01_ATOM
1000
ENTITY_ID=line_0116__seg_01
1000
SOURCE_HANDLE=5F8
1000
LINE_ROLE=armhole_front
1000
EDGE=armhole_front
1000
CHAIN=chain_mryhfci4
1000
PIECE_ID=front_body_manual_01
1000
SEAM_PAIR=
1000
PAIRED_CHAIN=
1000
NOTCH_CHAIN=
1000
NOTCH_SOURCE=
1000
PIECE_ROLE=front_body
1000
SEAM_ALLOWANCE_MM=
1000
SOURCE_LAYER=11
0
VERTEX
8
AI4M_01_ATOM_INTERNAL
10
3068.539429
20
471.874008
30
0
0
VERTEX
8
AI4M_01_ATOM_INTERNAL
10
3076.488617
20
472.698342
30
0
0
VERTEX
8
AI4M_01_ATOM_INTERNAL
10
3083.846555
20
473.328796
30
0
0
VERTEX
8
AI4M_01_ATOM_INTERNAL
10
3087.391286
20
473.87475
30
0
0
VERTEX
8
AI4M_01_ATOM_INTERNAL
10
3090.378922
20
474.583783
30
0
0
VERTEX
8
AI4M_01_ATOM_INTERNAL
10
3093.531456
20
475.601832
30
0
0
VERTEX
8
AI4M_01_ATOM_INTERNAL
10
3096.912995
20
476.973707
30
0
0
VERTEX
8
AI4M_01_ATOM_INTERNAL
10
3100.261688
20
478.603598
30
0
0
VERTEX
8
AI4M_01_ATOM_INTERNAL
10
3103.725709
20
480.574993
30
0
0
VERTEX
8
AI4M_01_ATOM_INTERNAL
10
3107.069373
20
482.771281
30
0
0
VERTEX
8
AI4M_01_ATOM_INTERNAL
10
3110.216378
20
485.134434
30
0
0
VERTEX
8
AI4M_01_ATOM_INTERNAL
10
3113.15354
20
487.642142
30
0
0
VERTEX
8
AI4M_01_ATOM_INTERNAL
10
3115.98714
20
490.389606
30
0
0
VERTEX
8
AI4M_01_ATOM_INTERNAL
10
3118.831208
20
493.509311
30
0
0
VERTEX
8
AI4M_01_ATOM_INTERNAL
10
3121.256961
20
496.520429
30
0
0
VERTEX
8
AI4M_01_ATOM_INTERNAL
10
3123.144293
20
499.238145
30
0
0
VERTEX
8
AI4M_01_ATOM_INTERNAL
10
3125.253788
20
502.824631
30
0
0
VERTEX
8
AI4M_01_ATOM_INTERNAL
10
3127.866669
20
507.517977
30
0
0
VERTEX
8
AI4M_01_ATOM_INTERNAL
10
3129.201877
20
510.54886
30
0
0
VERTEX
8
AI4M_01_ATOM_INTERNAL
10
3130.963429
20
515.317158
30
0
0
VERTEX
8
AI4M_01_ATOM_INTERNAL
10
3132.323896
20
519.65715
30
0
0
VERTEX
8
AI4M_01_ATOM_INTERNAL
10
3133.381644
20
523.875237
30
0
0
VERTEX
8
AI4M_01_ATOM_INTERNAL
10
3134.303207
20
528.616994
30
0
0
VERTEX
8
AI4M_01_ATOM_INTERNAL
10
3135.002537
20
533.422362
30
0
0
VERTEX
8
AI4M_01_ATOM_INTERNAL
10
3135.349362
20
537.406858
30
0
0
VERTEX
8
AI4M_01_ATOM_INTERNAL
10
3135.420434
20
541.032483
30
0
0
VERTEX
8
AI4M_01_ATOM_INTERNAL
10
3135.19505
20
551.763963
30
0
0
VERTEX
8
AI4M_01_ATOM_INTERNAL
10
3134.770295
20
556.019672
30
0
0
VERTEX
8
AI4M_01_ATOM_INTERNAL
10
3133.988873
20
561.069452
30
0
0
VERTEX
8
AI4M_01_ATOM_INTERNAL
10
3131.152216
20
575.397812
30
0
0
VERTEX
8
AI4M_01_ATOM_INTERNAL
10
3129.838672
20
580.471197
30
0
0
VERTEX
8
AI4M_01_ATOM_INTERNAL
10
3127.75768
20
587.34142
30
0
0
VERTEX
8
AI4M_01_ATOM_INTERNAL
10
3125.328843
20
594.526052
30
0
0
VERTEX
8
AI4M_01_ATOM_INTERNAL
10
3122.750314
20
601.395038
30
0
0
VERTEX
8
AI4M_01_ATOM_INTERNAL
10
3119.951765
20
608.147775
30
0
0
VERTEX
8
AI4M_01_ATOM_INTERNAL
10
3116.944636
20
614.763665
30
0
0
VERTEX
8
AI4M_01_ATOM_INTERNAL
10
3110.323354
20
628.369333
30
0
0
VERTEX
8
AI4M_01_ATOM_INTERNAL
10
3105.632324
20
638.376312
30
0
0
SEQEND
8
AI4M_01_ATOM_INTERNAL
0
TEXT
8
AI4M_01_ATOM_INTERNAL
10
3068.539429
20
471.874008
30
0
40
2.5
1
AI4M_line_0116__seg_01_armhole_front_armhole_front
1001
AI4MANUFACTURING
1000
WRITEBACK_PHASE=01_ATOM_LABEL
1000
ENTITY_ID=line_0116__seg_01
999
AI4M_ENTITY=line_0117;LINE_ROLE=cut_line;EDGE=unknown;SOURCE_LAYER=11
0
POLYLINE
8
AI4M_01_ATOM_CUT
66
1
70
0
1001
AI4MANUFACTURING
1000
WRITEBACK_PHASE=01_ATOM
1000
ENTITY_ID=line_0117
1000
SOURCE_HANDLE=621
1000
LINE_ROLE=cut_line
1000
EDGE=unknown
1000
CHAIN=chain_mryhfci4
1000
PIECE_ID=front_body_manual_01
1000
SEAM_PAIR=
1000
PAIRED_CHAIN=
1000
NOTCH_CHAIN=
1000
NOTCH_SOURCE=
1000
PIECE_ROLE=front_body
1000
SEAM_ALLOWANCE_MM=
1000
SOURCE_LAYER=11
0
VERTEX
8
AI4M_01_ATOM_CUT
10
3124.076708
20
505.803755
30
0
0
VERTEX
8
AI4M_01_ATOM_CUT
10
3128.399775
20
503.291567
30
0
0
SEQEND
8
AI4M_01_ATOM_CUT
0
TEXT
8
AI4M_01_ATOM_CUT
10
3124.076708
20
505.803755
30
0
40
2.5
1
AI4M_line_0117_cut_line_unknown
1001
AI4MANUFACTURING
1000
WRITEBACK_PHASE=01_ATOM_LABEL
1000
ENTITY_ID=line_0117
999
AI4M_ENTITY=line_0118;LINE_ROLE=cut_line;EDGE=unknown;SOURCE_LAYER=11
0
POLYLINE
8
AI4M_01_ATOM_CUT
66
1
70
0
1001
AI4MANUFACTURING
1000
WRITEBACK_PHASE=01_ATOM
1000
ENTITY_ID=line_0118
1000
SOURCE_HANDLE=622
1000
LINE_ROLE=cut_line
1000
EDGE=unknown
1000
CHAIN=chain_mryhfci4
1000
PIECE_ID=front_body_manual_01
1000
SEAM_PAIR=
1000
PAIRED_CHAIN=
1000
NOTCH_CHAIN=
1000
NOTCH_SOURCE=
1000
PIECE_ROLE=front_body
1000
SEAM_ALLOWANCE_MM=
1000
SOURCE_LAYER=11
0
VERTEX
8
AI4M_01_ATOM_CUT
10
3129.825724
20
569.414223
30
0
0
VERTEX
8
AI4M_01_ATOM_CUT
10
3134.73404
20
570.367341
30
0
0
SEQEND
8
AI4M_01_ATOM_CUT
0
TEXT
8
AI4M_01_ATOM_CUT
10
3129.825724
20
569.414223
30
0
40
2.5
1
AI4M_line_0118_cut_line_unknown
1001
AI4MANUFACTURING
1000
WRITEBACK_PHASE=01_ATOM_LABEL
1000
ENTITY_ID=line_0118
999
AI4M_ENTITY=line_0119__seg_01;LINE_ROLE=shoulder_line;EDGE=shoulder_line;SOURCE_LAYER=11
0
POLYLINE
8
AI4M_01_ATOM_INTERNAL
66
1
70
0
1001
AI4MANUFACTURING
1000
WRITEBACK_PHASE=01_ATOM
1000
ENTITY_ID=line_0119__seg_01
1000
SOURCE_HANDLE=623
1000
LINE_ROLE=shoulder_line
1000
EDGE=shoulder_line
1000
CHAIN=chain_mryhfci4
1000
PIECE_ID=front_body_manual_01
1000
SEAM_PAIR=
1000
PAIRED_CHAIN=
1000
NOTCH_CHAIN=
1000
NOTCH_SOURCE=
1000
PIECE_ROLE=front_body
1000
SEAM_ALLOWANCE_MM=
1000
SOURCE_LAYER=11
0
VERTEX
8
AI4M_01_ATOM_INTERNAL
10
3105.632324
20
638.376312
30
0
0
VERTEX
8
AI4M_01_ATOM_INTERNAL
10
3119.773491
20
645.37148
30
0
0
VERTEX
8
AI4M_01_ATOM_INTERNAL
10
3133.455445
20
652.006307
30
0
0
VERTEX
8
AI4M_01_ATOM_INTERNAL
10
3147.321792
20
658.53965
30
0
0
VERTEX
8
AI4M_01_ATOM_INTERNAL
10
3161.172151
20
664.818225
30
0
0
VERTEX
8
AI4M_01_ATOM_INTERNAL
10
3173.737049
20
670.246821
30
0
0
VERTEX
8
AI4M_01_ATOM_INTERNAL
10
3187.799656
20
676.030653
30
0
0
VERTEX
8
AI4M_01_ATOM_INTERNAL
10
3202.035292
20
681.805287
30
0
0
VERTEX
8
AI4M_01_ATOM_INTERNAL
10
3210.690002
20
685.353012
30
0
0
SEQEND
8
AI4M_01_ATOM_INTERNAL
0
TEXT
8
AI4M_01_ATOM_INTERNAL
10
3105.632324
20
638.376312
30
0
40
2.5
1
AI4M_line_0119__seg_01_shoulder_line_shoulder_line
1001
AI4MANUFACTURING
1000
WRITEBACK_PHASE=01_ATOM_LABEL
1000
ENTITY_ID=line_0119__seg_01
999
AI4M_ENTITY=line_0120__seg_01;LINE_ROLE=cut_line;EDGE=unknown;SOURCE_LAYER=11
0
POLYLINE
8
AI4M_01_ATOM_CUT
66
1
70
0
1001
AI4MANUFACTURING
1000
WRITEBACK_PHASE=01_ATOM
1000
ENTITY_ID=line_0120__seg_01
1000
SOURCE_HANDLE=62F
1000
LINE_ROLE=cut_line
1000
EDGE=unknown
1000
CHAIN=chain_mryhfci4
1000
PIECE_ID=front_body_manual_01
1000
SEAM_PAIR=
1000
PAIRED_CHAIN=
1000
NOTCH_CHAIN=
1000
NOTCH_SOURCE=
1000
PIECE_ROLE=front_body
1000
SEAM_ALLOWANCE_MM=
1000
SOURCE_LAYER=11
0
VERTEX
8
AI4M_01_ATOM_CUT
10
3210.690002
20
685.353012
30
0
0
VERTEX
8
AI4M_01_ATOM_CUT
10
3213.789981
20
670.47672
30
0
0
VERTEX
8
AI4M_01_ATOM_CUT
10
3215.981051
20
660.522562
30
0
0
VERTEX
8
AI4M_01_ATOM_CUT
10
3218.006355
20
652.410547
30
0
0
VERTEX
8
AI4M_01_ATOM_CUT
10
3220.180164
20
644.701869
30
0
0
VERTEX
8
AI4M_01_ATOM_CUT
10
3222.493875
20
637.394695
30
0
0
VERTEX
8
AI4M_01_ATOM_CUT
10
3224.867851
20
630.704525
30
0
0
VERTEX
8
AI4M_01_ATOM_CUT
10
3227.387918
20
624.350888
30
0
0
VERTEX
8
AI4M_01_ATOM_CUT
10
3230.085891
20
618.224061
30
0
0
VERTEX
8
AI4M_01_ATOM_CUT
10
3232.948903
20
612.329534
30
0
0
VERTEX
8
AI4M_01_ATOM_CUT
10
3236.037067
20
606.5402
30
0
0
VERTEX
8
AI4M_01_ATOM_CUT
10
3239.160808
20
601.196493
30
0
0
VERTEX
8
AI4M_01_ATOM_CUT
10
3242.307369
20
596.294014
30
0
0
VERTEX
8
AI4M_01_ATOM_CUT
10
3245.45809
20
591.833026
30
0
0
VERTEX
8
AI4M_01_ATOM_CUT
10
3248.650452
20
587.741657
30
0
0
VERTEX
8
AI4M_01_ATOM_CUT
10
3251.867194
20
584.024281
30
0
0
VERTEX
8
AI4M_01_ATOM_CUT
10
3255.054015
20
580.712116
30
0
0
VERTEX
8
AI4M_01_ATOM_CUT
10
3258.387618
20
577.610799
30
0
0
VERTEX
8
AI4M_01_ATOM_CUT
10
3261.75481
20
574.824954
30
0
0
VERTEX
8
AI4M_01_ATOM_CUT
10
3265.151533
20
572.338926
30
0
0
VERTEX
8
AI4M_01_ATOM_CUT
10
3268.671362
20
570.068347
30
0
0
VERTEX
8
AI4M_01_ATOM_CUT
10
3272.417083
20
567.957372
30
0
0
VERTEX
8
AI4M_01_ATOM_CUT
10
3276.18709
20
566.129769
30
0
0
VERTEX
8
AI4M_01_ATOM_CUT
10
3279.925014
20
564.600707
30
0
0
VERTEX
8
AI4M_01_ATOM_CUT
10
3283.892178
20
563.259919
30
0
0
VERTEX
8
AI4M_01_ATOM_CUT
10
3288.231044
20
562.068988
30
0
0
VERTEX
8
AI4M_01_ATOM_CUT
10
3292.680045
20
561.102648
30
0
0
VERTEX
8
AI4M_01_ATOM_CUT
10
3297.334024
20
560.350118
30
0
0
VERTEX
8
AI4M_01_ATOM_CUT
10
3302.704267
20
559.760162
30
0
0
VERTEX
8
AI4M_01_ATOM_CUT
10
3308.623335
20
559.36242
30
0
0
VERTEX
8
AI4M_01_ATOM_CUT
10
3310
20
559.308167
30
0
0
SEQEND
8
AI4M_01_ATOM_CUT
0
TEXT
8
AI4M_01_ATOM_CUT
10
3210.690002
20
685.353012
30
0
40
2.5
1
AI4M_line_0120__seg_01_cut_line_unknown
1001
AI4MANUFACTURING
1000
WRITEBACK_PHASE=01_ATOM_LABEL
1000
ENTITY_ID=line_0120__seg_01
999
AI4M_ENTITY=line_0121__seg_01;LINE_ROLE=cut_line;EDGE=unknown;SOURCE_LAYER=11
0
POLYLINE
8
AI4M_01_ATOM_CUT
66
1
70
0
1001
AI4MANUFACTURING
1000
WRITEBACK_PHASE=01_ATOM
1000
ENTITY_ID=line_0121__seg_01
1000
SOURCE_HANDLE=651
1000
LINE_ROLE=cut_line
1000
EDGE=unknown
1000
CHAIN=chain_mryhfci4
1000
PIECE_ID=front_body_manual_01
1000
SEAM_PAIR=
1000
PAIRED_CHAIN=
1000
NOTCH_CHAIN=
1000
NOTCH_SOURCE=
1000
PIECE_ROLE=front_body
1000
SEAM_ALLOWANCE_MM=
1000
SOURCE_LAYER=11
0
VERTEX
8
AI4M_01_ATOM_CUT
10
3310
20
559.308167
30
0
0
VERTEX
8
AI4M_01_ATOM_CUT
10
3316.543373
20
559.696087
30
0
0
VERTEX
8
AI4M_01_ATOM_CUT
10
3322.178672
20
560.28576
30
0
0
VERTEX
8
AI4M_01_ATOM_CUT
10
3326.798228
20
561.005426
30
0
0
VERTEX
8
AI4M_01_ATOM_CUT
10
3331.252954
20
561.94415
30
0
0
VERTEX
8
AI4M_01_ATOM_CUT
10
3335.63637
20
563.117568
30
0
0
VERTEX
8
AI4M_01_ATOM_CUT
10
3339.613048
20
564.430531
30
0
0
VERTEX
8
AI4M_01_ATOM_CUT
10
3343.28272
20
565.895925
30
0
0
VERTEX
8
AI4M_01_ATOM_CUT
10
3346.905983
20
567.60763
30
0
0
VERTEX
8
AI4M_01_ATOM_CUT
10
3350.60864
20
569.639035
30
0
0
VERTEX
8
AI4M_01_ATOM_CUT
10
3354.155153
20
571.868247
30
0
0
VERTEX
8
AI4M_01_ATOM_CUT
10
3357.563822
20
574.301226
30
0
0
VERTEX
8
AI4M_01_ATOM_CUT
10
3360.907932
20
577.000197
30
0
0
VERTEX
8
AI4M_01_ATOM_CUT
10
3364.146386
20
579.935792
30
0
0
VERTEX
8
AI4M_01_ATOM_CUT
10
3367.360892
20
583.189514
30
0
0
VERTEX
8
AI4M_01_ATOM_CUT
10
3370.505393
20
586.728144
30
0
0
VERTEX
8
AI4M_01_ATOM_CUT
10
3373.61036
20
590.595859
30
0
0
VERTEX
8
AI4M_01_ATOM_CUT
10
3376.716244
20
594.864916
30
0
0
VERTEX
8
AI4M_01_ATOM_CUT
10
3379.878303
20
599.649972
30
0
0
VERTEX
8
AI4M_01_ATOM_CUT
10
3382.97553
20
604.797546
30
0
0
VERTEX
8
AI4M_01_ATOM_CUT
10
3386.043827
20
610.381961
30
0
0
VERTEX
8
AI4M_01_ATOM_CUT
10
3388.980611
20
616.240146
30
0
0
VERTEX
8
AI4M_01_ATOM_CUT
10
3391.700502
20
622.210861
30
0
0
VERTEX
8
AI4M_01_ATOM_CUT
10
3394.2648
20
628.438781
30
0
0
VERTEX
8
AI4M_01_ATOM_CUT
10
3396.648119
20
634.888876
30
0
0
VERTEX
8
AI4M_01_ATOM_CUT
10
3398.933229
20
641.802311
30
0
0
VERTEX
8
AI4M_01_ATOM_CUT
10
3401.1766
20
649.405715
30
0
0
VERTEX
8
AI4M_01_ATOM_CUT
10
3403.25184
20
657.329587
30
0
0
VERTEX
8
AI4M_01_ATOM_CUT
10
3405.264091
20
666.037797
30
0
0
VERTEX
8
AI4M_01_ATOM_CUT
10
3408.334255
20
680.806243
30
0
0
VERTEX
8
AI4M_01_ATOM_CUT
10
3409.309998
20
685.353012
30
0
0
SEQEND
8
AI4M_01_ATOM_CUT
0
TEXT
8
AI4M_01_ATOM_CUT
10
3310
20
559.308167
30
0
40
2.5
1
AI4M_line_0121__seg_01_cut_line_unknown
1001
AI4MANUFACTURING
1000
WRITEBACK_PHASE=01_ATOM_LABEL
1000
ENTITY_ID=line_0121__seg_01
999
AI4M_ENTITY=line_0122__seg_01;LINE_ROLE=shoulder_line;EDGE=shoulder_line;SOURCE_LAYER=11
0
POLYLINE
8
AI4M_01_ATOM_INTERNAL
66
1
70
0
1001
AI4MANUFACTURING
1000
WRITEBACK_PHASE=01_ATOM
1000
ENTITY_ID=line_0122__seg_01
1000
SOURCE_HANDLE=673
1000
LINE_ROLE=shoulder_line
1000
EDGE=shoulder_line
1000
CHAIN=chain_mryhfci4
1000
PIECE_ID=front_body_manual_01
1000
SEAM_PAIR=
1000
PAIRED_CHAIN=
1000
NOTCH_CHAIN=
1000
NOTCH_SOURCE=
1000
PIECE_ROLE=front_body
1000
SEAM_ALLOWANCE_MM=
1000
SOURCE_LAYER=11
0
VERTEX
8
AI4M_01_ATOM_INTERNAL
10
3409.309998
20
685.353012
30
0
0
VERTEX
8
AI4M_01_ATOM_INTERNAL
10
3423.818275
20
679.423347
30
0
0
VERTEX
8
AI4M_01_ATOM_INTERNAL
10
3437.909406
20
673.707634
30
0
0
VERTEX
8
AI4M_01_ATOM_INTERNAL
10
3451.050132
20
668.211684
30
0
0
VERTEX
8
AI4M_01_ATOM_INTERNAL
10
3463.867764
20
662.566235
30
0
0
VERTEX
8
AI4M_01_ATOM_INTERNAL
10
3477.756185
20
656.172603
30
0
0
VERTEX
8
AI4M_01_ATOM_INTERNAL
10
3491.482976
20
649.630408
30
0
0
VERTEX
8
AI4M_01_ATOM_INTERNAL
10
3505.248477
20
642.899163
30
0
0
VERTEX
8
AI4M_01_ATOM_INTERNAL
10
3514.367676
20
638.376312
30
0
0
SEQEND
8
AI4M_01_ATOM_INTERNAL
0
TEXT
8
AI4M_01_ATOM_INTERNAL
10
3409.309998
20
685.353012
30
0
40
2.5
1
AI4M_line_0122__seg_01_shoulder_line_shoulder_line
1001
AI4MANUFACTURING
1000
WRITEBACK_PHASE=01_ATOM_LABEL
1000
ENTITY_ID=line_0122__seg_01
999
AI4M_ENTITY=line_0123__seg_01;LINE_ROLE=cut_line;EDGE=unknown;SOURCE_LAYER=11
0
POLYLINE
8
AI4M_01_ATOM_CUT
66
1
70
0
1001
AI4MANUFACTURING
1000
WRITEBACK_PHASE=01_ATOM
1000
ENTITY_ID=line_0123__seg_01
1000
SOURCE_HANDLE=67F
1000
LINE_ROLE=cut_line
1000
EDGE=unknown
1000
CHAIN=chain_mryhfci4
1000
PIECE_ID=front_body_manual_01
1000
SEAM_PAIR=
1000
PAIRED_CHAIN=
1000
NOTCH_CHAIN=
1000
NOTCH_SOURCE=
1000
PIECE_ROLE=front_body
1000
SEAM_ALLOWANCE_MM=
1000
SOURCE_LAYER=11
0
VERTEX
8
AI4M_01_ATOM_CUT
10
3514.367676
20
638.376312
30
0
0
VERTEX
8
AI4M_01_ATOM_CUT
10
3508.338788
20
625.600347
30
0
0
VERTEX
8
AI4M_01_ATOM_CUT
10
3501.774856
20
612.019266
30
0
0
VERTEX
8
AI4M_01_ATOM_CUT
10
3498.852094
20
605.477918
30
0
0
VERTEX
8
AI4M_01_ATOM_CUT
10
3496.733077
20
600.18442
30
0
0
VERTEX
8
AI4M_01_ATOM_CUT
10
3491.831672
20
585.991926
30
0
0
VERTEX
8
AI4M_01_ATOM_CUT
10
3490.153608
20
580.516994
30
0
0
VERTEX
8
AI4M_01_ATOM_CUT
10
3488.866924
20
575.506573
30
0
0
VERTEX
8
AI4M_01_ATOM_CUT
10
3487.787838
20
570.245344
30
0
0
VERTEX
8
AI4M_01_ATOM_CUT
10
3485.771055
20
559.67227
30
0
0
VERTEX
8
AI4M_01_ATOM_CUT
10
3485.083904
20
554.807609
30
0
0
VERTEX
8
AI4M_01_ATOM_CUT
10
3484.741564
20
550.711257
30
0
0
VERTEX
8
AI4M_01_ATOM_CUT
10
3484.653229
20
546.242208
30
0
0
VERTEX
8
AI4M_01_ATOM_CUT
10
3484.614962
20
538.176066
30
0
0
VERTEX
8
AI4M_01_ATOM_CUT
10
3484.89531
20
534.34203
30
0
0
VERTEX
8
AI4M_01_ATOM_CUT
10
3485.49181
20
529.866504
30
0
0
VERTEX
8
AI4M_01_ATOM_CUT
10
3486.400371
20
524.88647
30
0
0
VERTEX
8
AI4M_01_ATOM_CUT
10
3487.44315
20
520.502528
30
0
0
VERTEX
8
AI4M_01_ATOM_CUT
10
3488.699465
20
516.320273
30
0
0
VERTEX
8
AI4M_01_ATOM_CUT
10
3490.434376
20
511.472459
30
0
0
VERTEX
8
AI4M_01_ATOM_CUT
10
3491.879885
20
508.047451
30
0
0
VERTEX
8
AI4M_01_ATOM_CUT
10
3493.225352
20
505.464012
30
0
0
VERTEX
8
AI4M_01_ATOM_CUT
10
3497.127152
20
498.818848
30
0
0
VERTEX
8
AI4M_01_ATOM_CUT
10
3499.048402
20
496.117392
30
0
0
VERTEX
8
AI4M_01_ATOM_CUT
10
3501.439771
20
493.195611
30
0
0
VERTEX
8
AI4M_01_ATOM_CUT
10
3504.31925
20
490.07576
30
0
0
VERTEX
8
AI4M_01_ATOM_CUT
10
3507.168172
20
487.351516
30
0
0
VERTEX
8
AI4M_01_ATOM_CUT
10
3510.21466
20
484.792013
30
0
0
VERTEX
8
AI4M_01_ATOM_CUT
10
3513.393572
20
482.448595
30
0
0
VERTEX
8
AI4M_01_ATOM_CUT
10
3516.738591
20
480.293448
30
0
0
VERTEX
8
AI4M_01_ATOM_CUT
10
3520.174315
20
478.376085
30
0
0
VERTEX
8
AI4M_01_ATOM_CUT
10
3523.527291
20
476.779363
30
0
0
VERTEX
8
AI4M_01_ATOM_CUT
10
3526.856401
20
475.462368
30
0
0
VERTEX
8
AI4M_01_ATOM_CUT
10
3530.023315
20
474.473344
30
0
0
VERTEX
8
AI4M_01_ATOM_CUT
10
3533.056858
20
473.790103
30
0
0
VERTEX
8
AI4M_01_ATOM_CUT
10
3536.601758
20
473.276932
30
0
0
VERTEX
8
AI4M_01_ATOM_CUT
10
3542.960511
20
472.742411
30
0
0
VERTEX
8
AI4M_01_ATOM_CUT
10
3549.787994
20
472.072768
30
0
0
VERTEX
8
AI4M_01_ATOM_CUT
10
3551.460571
20
471.874008
30
0
0
SEQEND
8
AI4M_01_ATOM_CUT
0
TEXT
8
AI4M_01_ATOM_CUT
10
3514.367676
20
638.376312
30
0
40
2.5
1
AI4M_line_0123__seg_01_cut_line_unknown
1001
AI4MANUFACTURING
1000
WRITEBACK_PHASE=01_ATOM_LABEL
1000
ENTITY_ID=line_0123__seg_01
999
AI4M_ENTITY=line_0124;LINE_ROLE=cut_line;EDGE=unknown;SOURCE_LAYER=11
0
POLYLINE
8
AI4M_01_ATOM_CUT
66
1
70
0
1001
AI4MANUFACTURING
1000
WRITEBACK_PHASE=01_ATOM
1000
ENTITY_ID=line_0124
1000
SOURCE_HANDLE=6A9
1000
LINE_ROLE=cut_line
1000
EDGE=unknown
1000
CHAIN=chain_mryhfci4
1000
PIECE_ID=front_body_manual_01
1000
SEAM_PAIR=
1000
PAIRED_CHAIN=
1000
NOTCH_CHAIN=
1000
NOTCH_SOURCE=
1000
PIECE_ROLE=front_body
1000
SEAM_ALLOWANCE_MM=
1000
SOURCE_LAYER=11
0
VERTEX
8
AI4M_01_ATOM_CUT
10
3497.208363
20
593.96871
30
0
0
VERTEX
8
AI4M_01_ATOM_CUT
10
3492.475103
20
595.579996
30
0
0
SEQEND
8
AI4M_01_ATOM_CUT
0
TEXT
8
AI4M_01_ATOM_CUT
10
3497.208363
20
593.96871
30
0
40
2.5
1
AI4M_line_0124_cut_line_unknown
1001
AI4MANUFACTURING
1000
WRITEBACK_PHASE=01_ATOM_LABEL
1000
ENTITY_ID=line_0124
999
AI4M_ENTITY=line_0125;LINE_ROLE=cut_line;EDGE=unknown;SOURCE_LAYER=11
0
POLYLINE
8
AI4M_01_ATOM_CUT
66
1
70
0
1001
AI4MANUFACTURING
1000
WRITEBACK_PHASE=01_ATOM
1000
ENTITY_ID=line_0125
1000
SOURCE_HANDLE=6AA
1000
LINE_ROLE=cut_line
1000
EDGE=unknown
1000
CHAIN=chain_mryhfci4
1000
PIECE_ID=front_body_manual_01
1000
SEAM_PAIR=
1000
PAIRED_CHAIN=
1000
NOTCH_CHAIN=
1000
NOTCH_SOURCE=
1000
PIECE_ROLE=front_body
1000
SEAM_ALLOWANCE_MM=
1000
SOURCE_LAYER=11
0
VERTEX
8
AI4M_01_ATOM_CUT
10
3490.173854
20
569.414006
30
0
0
VERTEX
8
AI4M_01_ATOM_CUT
10
3485.265557
20
570.367225
30
0
0
SEQEND
8
AI4M_01_ATOM_CUT
0
TEXT
8
AI4M_01_ATOM_CUT
10
3490.173854
20
569.414006
30
0
40
2.5
1
AI4M_line_0125_cut_line_unknown
1001
AI4MANUFACTURING
1000
WRITEBACK_PHASE=01_ATOM_LABEL
1000
ENTITY_ID=line_0125
999
AI4M_ENTITY=line_0126;LINE_ROLE=cut_line;EDGE=unknown;SOURCE_LAYER=11
0
POLYLINE
8
AI4M_01_ATOM_CUT
66
1
70
0
1001
AI4MANUFACTURING
1000
WRITEBACK_PHASE=01_ATOM
1000
ENTITY_ID=line_0126
1000
SOURCE_HANDLE=6AB
1000
LINE_ROLE=cut_line
1000
EDGE=unknown
1000
CHAIN=chain_mryhfci4
1000
PIECE_ID=front_body_manual_01
1000
SEAM_PAIR=
1000
PAIRED_CHAIN=
1000
NOTCH_CHAIN=
1000
NOTCH_SOURCE=
1000
PIECE_ROLE=front_body
1000
SEAM_ALLOWANCE_MM=
1000
SOURCE_LAYER=11
0
VERTEX
8
AI4M_01_ATOM_CUT
10
3495.922815
20
505.804046
30
0
0
VERTEX
8
AI4M_01_ATOM_CUT
10
3491.599778
20
503.291806
30
0
0
SEQEND
8
AI4M_01_ATOM_CUT
0
TEXT
8
AI4M_01_ATOM_CUT
10
3495.922815
20
505.804046
30
0
40
2.5
1
AI4M_line_0126_cut_line_unknown
1001
AI4MANUFACTURING
1000
WRITEBACK_PHASE=01_ATOM_LABEL
1000
ENTITY_ID=line_0126
999
AI4M_ENTITY=line_0127__seg_01;LINE_ROLE=side_seam;EDGE=side_seam;SOURCE_LAYER=11
0
POLYLINE
8
AI4M_01_ATOM_INTERNAL
66
1
70
0
1001
AI4MANUFACTURING
1000
WRITEBACK_PHASE=01_ATOM
1000
ENTITY_ID=line_0127__seg_01
1000
SOURCE_HANDLE=6AC
1000
LINE_ROLE=side_seam
1000
EDGE=side_seam
1000
CHAIN=chain_mryhfci4
1000
PIECE_ID=front_body_manual_01
1000
SEAM_PAIR=
1000
PAIRED_CHAIN=
1000
NOTCH_CHAIN=
1000
NOTCH_SOURCE=
1000
PIECE_ROLE=front_body
1000
SEAM_ALLOWANCE_MM=
1000
SOURCE_LAYER=11
0
VERTEX
8
AI4M_01_ATOM_INTERNAL
10
3551.460571
20
471.874008
30
0
0
VERTEX
8
AI4M_01_ATOM_INTERNAL
10
3550.086189
20
456.19791
30
0
0
VERTEX
8
AI4M_01_ATOM_INTERNAL
10
3548.707096
20
440.823252
30
0
0
VERTEX
8
AI4M_01_ATOM_INTERNAL
10
3547.297024
20
425.428064
30
0
0
VERTEX
8
AI4M_01_ATOM_INTERNAL
10
3546.217582
20
412.155678
30
0
0
VERTEX
8
AI4M_01_ATOM_INTERNAL
10
3545.307112
20
397.590193
30
0
0
VERTEX
8
AI4M_01_ATOM_INTERNAL
10
3544.563323
20
382.541055
30
0
0
VERTEX
8
AI4M_01_ATOM_INTERNAL
10
3543.947379
20
367.39861
30
0
0
VERTEX
8
AI4M_01_ATOM_INTERNAL
10
3543.486566
20
352.791724
30
0
0
VERTEX
8
AI4M_01_ATOM_INTERNAL
10
3543.155284
20
337.07873
30
0
0
VERTEX
8
AI4M_01_ATOM_INTERNAL
10
3543.025778
20
321.924134
30
0
0
VERTEX
8
AI4M_01_ATOM_INTERNAL
10
3543.111014
20
306.735286
30
0
0
VERTEX
8
AI4M_01_ATOM_INTERNAL
10
3543.409202
20
291.583126
30
0
0
VERTEX
8
AI4M_01_ATOM_INTERNAL
10
3543.913379
20
276.121666
30
0
0
VERTEX
8
AI4M_01_ATOM_INTERNAL
10
3544.566153
20
260.980722
30
0
0
VERTEX
8
AI4M_01_ATOM_INTERNAL
10
3545.335269
20
245.782153
30
0
0
VERTEX
8
AI4M_01_ATOM_INTERNAL
10
3546.167484
20
230.650309
30
0
0
VERTEX
8
AI4M_01_ATOM_INTERNAL
10
3547.015573
20
215.519376
30
0
0
VERTEX
8
AI4M_01_ATOM_INTERNAL
10
3547.855571
20
200.235356
30
0
0
VERTEX
8
AI4M_01_ATOM_INTERNAL
10
3548.723446
20
184.775962
30
0
0
VERTEX
8
AI4M_01_ATOM_INTERNAL
10
3549.596501
20
169.646408
30
0
0
VERTEX
8
AI4M_01_ATOM_INTERNAL
10
3550.48325
20
154.517635
30
0
0
VERTEX
8
AI4M_01_ATOM_INTERNAL
10
3551.374879
20
139.377473
30
0
0
VERTEX
8
AI4M_01_ATOM_INTERNAL
10
3552.265819
20
124.231853
30
0
0
VERTEX
8
AI4M_01_ATOM_INTERNAL
10
3552.927551
20
112.971125
30
0
0
SEQEND
8
AI4M_01_ATOM_INTERNAL
0
TEXT
8
AI4M_01_ATOM_INTERNAL
10
3551.460571
20
471.874008
30
0
40
2.5
1
AI4M_line_0127__seg_01_side_seam_side_seam
1001
AI4MANUFACTURING
1000
WRITEBACK_PHASE=01_ATOM_LABEL
1000
ENTITY_ID=line_0127__seg_01
999
AI4M_ENTITY=line_0128;LINE_ROLE=cut_line;EDGE=unknown;SOURCE_LAYER=11
0
POLYLINE
8
AI4M_01_ATOM_CUT
66
1
70
0
1001
AI4MANUFACTURING
1000
WRITEBACK_PHASE=01_ATOM
1000
ENTITY_ID=line_0128
1000
SOURCE_HANDLE=6C8
1000
LINE_ROLE=cut_line
1000
EDGE=unknown
1000
CHAIN=chain_mryhfci4
1000
PIECE_ID=front_body_manual_01
1000
SEAM_PAIR=
1000
PAIRED_CHAIN=
1000
NOTCH_CHAIN=
1000
NOTCH_SOURCE=
1000
PIECE_ROLE=front_body
1000
SEAM_ALLOWANCE_MM=
1000
SOURCE_LAYER=11
0
VERTEX
8
AI4M_01_ATOM_CUT
10
3550.504647
20
433.031257
30
0
0
VERTEX
8
AI4M_01_ATOM_CUT
10
3545.524365
20
433.474868
30
0
0
SEQEND
8
AI4M_01_ATOM_CUT
0
TEXT
8
AI4M_01_ATOM_CUT
10
3550.504647
20
433.031257
30
0
40
2.5
1
AI4M_line_0128_cut_line_unknown
1001
AI4MANUFACTURING
1000
WRITEBACK_PHASE=01_ATOM_LABEL
1000
ENTITY_ID=line_0128
999
AI4M_ENTITY=line_0129;LINE_ROLE=cut_line;EDGE=unknown;SOURCE_LAYER=11
0
POLYLINE
8
AI4M_01_ATOM_CUT
66
1
70
0
1001
AI4MANUFACTURING
1000
WRITEBACK_PHASE=01_ATOM
1000
ENTITY_ID=line_0129
1000
SOURCE_HANDLE=6C9
1000
LINE_ROLE=cut_line
1000
EDGE=unknown
1000
CHAIN=chain_mryhfci4
1000
PIECE_ID=front_body_manual_01
1000
SEAM_PAIR=
1000
PAIRED_CHAIN=
1000
NOTCH_CHAIN=
1000
NOTCH_SOURCE=
1000
PIECE_ROLE=front_body
1000
SEAM_ALLOWANCE_MM=
1000
SOURCE_LAYER=11
0
VERTEX
8
AI4M_01_ATOM_CUT
10
3549.52023
20
215.504643
30
0
0
VERTEX
8
AI4M_01_ATOM_CUT
10
3544.527882
20
215.228139
30
0
0
SEQEND
8
AI4M_01_ATOM_CUT
0
TEXT
8
AI4M_01_ATOM_CUT
10
3549.52023
20
215.504643
30
0
40
2.5
1
AI4M_line_0129_cut_line_unknown
1001
AI4MANUFACTURING
1000
WRITEBACK_PHASE=01_ATOM_LABEL
1000
ENTITY_ID=line_0129
999
AI4M_ENTITY=line_0130;LINE_ROLE=cut_line;EDGE=unknown;SOURCE_LAYER=11
0
POLYLINE
8
AI4M_01_ATOM_CUT
66
1
70
0
1001
AI4MANUFACTURING
1000
WRITEBACK_PHASE=01_ATOM
1000
ENTITY_ID=line_0130
1000
SOURCE_HANDLE=6CA
1000
LINE_ROLE=cut_line
1000
EDGE=unknown
1000
CHAIN=chain_mryhfci4
1000
PIECE_ID=front_body_manual_01
1000
SEAM_PAIR=
1000
PAIRED_CHAIN=
1000
NOTCH_CHAIN=
1000
NOTCH_SOURCE=
1000
PIECE_ROLE=front_body
1000
SEAM_ALLOWANCE_MM=
1000
SOURCE_LAYER=11
0
VERTEX
8
AI4M_01_ATOM_CUT
10
3552.927551
20
112.971125
30
0
0
VERTEX
8
AI4M_01_ATOM_CUT
10
3555.924683
20
93.307304
30
0
0
SEQEND
8
AI4M_01_ATOM_CUT
0
TEXT
8
AI4M_01_ATOM_CUT
10
3552.927551
20
112.971125
30
0
40
2.5
1
AI4M_line_0130_cut_line_unknown
1001
AI4MANUFACTURING
1000
WRITEBACK_PHASE=01_ATOM_LABEL
1000
ENTITY_ID=line_0130
999
AI4M_ENTITY=line_0131__seg_01;LINE_ROLE=cut_line;EDGE=unknown;SOURCE_LAYER=11
0
POLYLINE
8
AI4M_01_ATOM_CUT
66
1
70
0
1001
AI4MANUFACTURING
1000
WRITEBACK_PHASE=01_ATOM
1000
ENTITY_ID=line_0131__seg_01
1000
SOURCE_HANDLE=6CF
1000
LINE_ROLE=cut_line
1000
EDGE=unknown
1000
CHAIN=chain_mryhfci4
1000
PIECE_ID=front_body_manual_01
1000
SEAM_PAIR=
1000
PAIRED_CHAIN=
1000
NOTCH_CHAIN=
1000
NOTCH_SOURCE=
1000
PIECE_ROLE=front_body
1000
SEAM_ALLOWANCE_MM=
1000
SOURCE_LAYER=11
0
VERTEX
8
AI4M_01_ATOM_CUT
10
3555.924683
20
93.307304
30
0
0
VERTEX
8
AI4M_01_ATOM_CUT
10
3540.1155
20
91.322157
30
0
0
VERTEX
8
AI4M_01_ATOM_CUT
10
3524.724672
20
89.454354
30
0
0
VERTEX
8
AI4M_01_ATOM_CUT
10
3509.408239
20
87.658738
30
0
0
VERTEX
8
AI4M_01_ATOM_CUT
10
3493.788065
20
85.904545
30
0
0
VERTEX
8
AI4M_01_ATOM_CUT
10
3478.488001
20
84.28145
30
0
0
VERTEX
8
AI4M_01_ATOM_CUT
10
3463.403975
20
82.785999
30
0
0
VERTEX
8
AI4M_01_ATOM_CUT
10
3449.003905
20
81.462908
30
0
0
VERTEX
8
AI4M_01_ATOM_CUT
10
3433.143979
20
80.130599
30
0
0
VERTEX
8
AI4M_01_ATOM_CUT
10
3418.029582
20
78.982772
30
0
0
VERTEX
8
AI4M_01_ATOM_CUT
10
3402.560875
20
77.929798
30
0
0
VERTEX
8
AI4M_01_ATOM_CUT
10
3387.430022
20
77.022826
30
0
0
VERTEX
8
AI4M_01_ATOM_CUT
10
3372.291895
20
76.247722
30
0
0
VERTEX
8
AI4M_01_ATOM_CUT
10
3357.164937
20
75.616491
30
0
0
VERTEX
8
AI4M_01_ATOM_CUT
10
3342.014454
20
75.140704
30
0
0
VERTEX
8
AI4M_01_ATOM_CUT
10
3326.688438
20
74.830139
30
0
0
VERTEX
8
AI4M_01_ATOM_CUT
10
3312.029739
20
74.661662
30
0
0
VERTEX
8
AI4M_01_ATOM_CUT
10
3310
20
74.647021
30
0
0
SEQEND
8
AI4M_01_ATOM_CUT
0
TEXT
8
AI4M_01_ATOM_CUT
10
3555.924683
20
93.307304
30
0
40
2.5
1
AI4M_line_0131__seg_01_cut_line_unknown
1001
AI4MANUFACTURING
1000
WRITEBACK_PHASE=01_ATOM_LABEL
1000
ENTITY_ID=line_0131__seg_01
999
AI4M_ENTITY=line_0132__seg_01;LINE_ROLE=cut_line;EDGE=unknown;SOURCE_LAYER=11
0
POLYLINE
8
AI4M_01_ATOM_CUT
66
1
70
0
1001
AI4MANUFACTURING
1000
WRITEBACK_PHASE=01_ATOM
1000
ENTITY_ID=line_0132__seg_01
1000
SOURCE_HANDLE=6E4
1000
LINE_ROLE=cut_line
1000
EDGE=unknown
1000
CHAIN=chain_mryhfci4
1000
PIECE_ID=front_body_manual_01
1000
SEAM_PAIR=
1000
PAIRED_CHAIN=
1000
NOTCH_CHAIN=
1000
NOTCH_SOURCE=
1000
PIECE_ROLE=front_body
1000
SEAM_ALLOWANCE_MM=
1000
SOURCE_LAYER=11
0
VERTEX
8
AI4M_01_ATOM_CUT
10
3310
20
94.648705
30
0
0
VERTEX
8
AI4M_01_ATOM_CUT
10
3294.464728
20
94.816023
30
0
0
VERTEX
8
AI4M_01_ATOM_CUT
10
3279.271157
20
95.108736
30
0
0
VERTEX
8
AI4M_01_ATOM_CUT
10
3264.2089
20
95.572799
30
0
0
VERTEX
8
AI4M_01_ATOM_CUT
10
3249.156446
20
96.204649
30
0
0
VERTEX
8
AI4M_01_ATOM_CUT
10
3234.12538
20
96.974093
30
0
0
VERTEX
8
AI4M_01_ATOM_CUT
10
3219.136654
20
97.864366
30
0
0
VERTEX
8
AI4M_01_ATOM_CUT
10
3204.068515
20
98.88161
30
0
0
VERTEX
8
AI4M_01_ATOM_CUT
10
3189.048077
20
100.016836
30
0
0
VERTEX
8
AI4M_01_ATOM_CUT
10
3174.046304
20
101.27176
30
0
0
VERTEX
8
AI4M_01_ATOM_CUT
10
3159.001766
20
102.649359
30
0
0
VERTEX
8
AI4M_01_ATOM_CUT
10
3144.064824
20
104.126643
30
0
0
VERTEX
8
AI4M_01_ATOM_CUT
10
3129.090466
20
105.708911
30
0
0
VERTEX
8
AI4M_01_ATOM_CUT
10
3113.896391
20
107.414369
30
0
0
VERTEX
8
AI4M_01_ATOM_CUT
10
3098.782644
20
109.20448
30
0
0
VERTEX
8
AI4M_01_ATOM_CUT
10
3083.930862
20
111.031242
30
0
0
VERTEX
8
AI4M_01_ATOM_CUT
10
3076.03241
20
112.026825
30
0
0
SEQEND
8
AI4M_01_ATOM_CUT
0
TEXT
8
AI4M_01_ATOM_CUT
10
3310
20
94.648705
30
0
40
2.5
1
AI4M_line_0132__seg_01_cut_line_unknown
1001
AI4MANUFACTURING
1000
WRITEBACK_PHASE=01_ATOM_LABEL
1000
ENTITY_ID=line_0132__seg_01
999
AI4M_ENTITY=line_0133__seg_01;LINE_ROLE=cut_line;EDGE=unknown;SOURCE_LAYER=11
0
POLYLINE
8
AI4M_01_ATOM_CUT
66
1
70
0
1001
AI4MANUFACTURING
1000
WRITEBACK_PHASE=01_ATOM
1000
ENTITY_ID=line_0133__seg_01
1000
SOURCE_HANDLE=6F8
1000
LINE_ROLE=cut_line
1000
EDGE=unknown
1000
CHAIN=chain_mryhfci4
1000
PIECE_ID=front_body_manual_01
1000
SEAM_PAIR=
1000
PAIRED_CHAIN=
1000
NOTCH_CHAIN=
1000
NOTCH_SOURCE=
1000
PIECE_ROLE=front_body
1000
SEAM_ALLOWANCE_MM=
1000
SOURCE_LAYER=11
0
VERTEX
8
AI4M_01_ATOM_CUT
10
3076.03241
20
112.026825
30
0
0
VERTEX
8
AI4M_01_ATOM_CUT
10
3076.938462
20
127.390471
30
0
0
VERTEX
8
AI4M_01_ATOM_CUT
10
3077.82303
20
142.45936
30
0
0
VERTEX
8
AI4M_01_ATOM_CUT
10
3078.707658
20
157.615834
30
0
0
VERTEX
8
AI4M_01_ATOM_CUT
10
3079.582405
20
172.711109
30
0
0
VERTEX
8
AI4M_01_ATOM_CUT
10
3080.449341
20
187.779584
30
0
0
VERTEX
8
AI4M_01_ATOM_CUT
10
3081.311924
20
202.875556
30
0
0
VERTEX
8
AI4M_01_ATOM_CUT
10
3082.170398
20
217.998688
30
0
0
VERTEX
8
AI4M_01_ATOM_CUT
10
3083.010549
20
233.095938
30
0
0
VERTEX
8
AI4M_01_ATOM_CUT
10
3083.815814
20
248.321176
30
0
0
VERTEX
8
AI4M_01_ATOM_CUT
10
3084.55241
20
263.542007
30
0
0
VERTEX
8
AI4M_01_ATOM_CUT
10
3085.179842
20
278.649616
30
0
0
VERTEX
8
AI4M_01_ATOM_CUT
10
3085.651582
20
293.700355
30
0
0
VERTEX
8
AI4M_01_ATOM_CUT
10
3085.920597
20
308.837683
30
0
0
VERTEX
8
AI4M_01_ATOM_CUT
10
3085.96644
20
323.870752
30
0
0
VERTEX
8
AI4M_01_ATOM_CUT
10
3085.813925
20
338.873286
30
0
0
VERTEX
8
AI4M_01_ATOM_CUT
10
3085.480512
20
354.130132
30
0
0
VERTEX
8
AI4M_01_ATOM_CUT
10
3084.998106
20
369.218944
30
0
0
VERTEX
8
AI4M_01_ATOM_CUT
10
3084.36682
20
384.389911
30
0
0
VERTEX
8
AI4M_01_ATOM_CUT
10
3083.569083
20
399.609081
30
0
0
VERTEX
8
AI4M_01_ATOM_CUT
10
3082.596231
20
414.70598
30
0
0
VERTEX
8
AI4M_01_ATOM_CUT
10
3081.413082
20
429.950664
30
0
0
VERTEX
8
AI4M_01_ATOM_CUT
10
3080.077994
20
444.919587
30
0
0
VERTEX
8
AI4M_01_ATOM_CUT
10
3078.623729
20
459.740257
30
0
0
VERTEX
8
AI4M_01_ATOM_CUT
10
3078.196716
20
463.904953
30
0
0
SEQEND
8
AI4M_01_ATOM_CUT
0
TEXT
8
AI4M_01_ATOM_CUT
10
3076.03241
20
112.026825
30
0
40
2.5
1
AI4M_line_0133__seg_01_cut_line_unknown
1001
AI4MANUFACTURING
1000
WRITEBACK_PHASE=01_ATOM_LABEL
1000
ENTITY_ID=line_0133__seg_01
999
AI4M_ENTITY=line_0134;LINE_ROLE=cut_line;EDGE=unknown;SOURCE_LAYER=11
0
POLYLINE
8
AI4M_01_ATOM_CUT
66
1
70
0
1001
AI4MANUFACTURING
1000
WRITEBACK_PHASE=01_ATOM
1000
ENTITY_ID=line_0134
1000
SOURCE_HANDLE=714
1000
LINE_ROLE=cut_line
1000
EDGE=unknown
1000
CHAIN=chain_mryhfci4
1000
PIECE_ID=front_body_manual_01
1000
SEAM_PAIR=
1000
PAIRED_CHAIN=
1000
NOTCH_CHAIN=
1000
NOTCH_SOURCE=
1000
PIECE_ROLE=front_body
1000
SEAM_ALLOWANCE_MM=
1000
SOURCE_LAYER=11
0
VERTEX
8
AI4M_01_ATOM_CUT
10
3084.488409
20
214.710757
30
0
0
VERTEX
8
AI4M_01_ATOM_CUT
10
3079.4965
20
214.995087
30
0
0
SEQEND
8
AI4M_01_ATOM_CUT
0
TEXT
8
AI4M_01_ATOM_CUT
10
3084.488409
20
214.710757
30
0
40
2.5
1
AI4M_line_0134_cut_line_unknown
1001
AI4MANUFACTURING
1000
WRITEBACK_PHASE=01_ATOM_LABEL
1000
ENTITY_ID=line_0134
999
AI4M_ENTITY=line_0135;LINE_ROLE=cut_line;EDGE=unknown;SOURCE_LAYER=11
0
POLYLINE
8
AI4M_01_ATOM_CUT
66
1
70
0
1001
AI4MANUFACTURING
1000
WRITEBACK_PHASE=01_ATOM
1000
ENTITY_ID=line_0135
1000
SOURCE_HANDLE=715
1000
LINE_ROLE=cut_line
1000
EDGE=unknown
1000
CHAIN=chain_mryhfci4
1000
PIECE_ID=front_body_manual_01
1000
SEAM_PAIR=
1000
PAIRED_CHAIN=
1000
NOTCH_CHAIN=
1000
NOTCH_SOURCE=
1000
PIECE_ROLE=front_body
1000
SEAM_ALLOWANCE_MM=
1000
SOURCE_LAYER=11
0
VERTEX
8
AI4M_01_ATOM_CUT
10
3083.553753
20
434.258535
30
0
0
VERTEX
8
AI4M_01_ATOM_CUT
10
3078.572481
20
433.826184
30
0
0
SEQEND
8
AI4M_01_ATOM_CUT
0
TEXT
8
AI4M_01_ATOM_CUT
10
3083.553753
20
434.258535
30
0
40
2.5
1
AI4M_line_0135_cut_line_unknown
1001
AI4MANUFACTURING
1000
WRITEBACK_PHASE=01_ATOM_LABEL
1000
ENTITY_ID=line_0135
999
AI4M_ENTITY=line_0136__seg_01;LINE_ROLE=cut_line;EDGE=unknown;SOURCE_LAYER=11
0
POLYLINE
8
AI4M_01_ATOM_CUT
66
1
70
0
1001
AI4MANUFACTURING
1000
WRITEBACK_PHASE=01_ATOM
1000
ENTITY_ID=line_0136__seg_01
1000
SOURCE_HANDLE=716
1000
LINE_ROLE=cut_line
1000
EDGE=unknown
1000
CHAIN=chain_mryhfci4
1000
PIECE_ID=front_body_manual_01
1000
SEAM_PAIR=
1000
PAIRED_CHAIN=
1000
NOTCH_CHAIN=
1000
NOTCH_SOURCE=
1000
PIECE_ROLE=front_body
1000
SEAM_ALLOWANCE_MM=
1000
SOURCE_LAYER=11
0
VERTEX
8
AI4M_01_ATOM_CUT
10
3078.196716
20
463.904953
30
0
0
VERTEX
8
AI4M_01_ATOM_CUT
10
3082.842135
20
464.172489
30
0
0
VERTEX
8
AI4M_01_ATOM_CUT
10
3086.918243
20
464.656495
30
0
0
VERTEX
8
AI4M_01_ATOM_CUT
10
3090.289174
20
465.285565
30
0
0
VERTEX
8
AI4M_01_ATOM_CUT
10
3093.657859
20
466.167863
30
0
0
VERTEX
8
AI4M_01_ATOM_CUT
10
3097.083372
20
467.320461
30
0
0
VERTEX
8
AI4M_01_ATOM_CUT
10
3100.624627
20
468.774737
30
0
0
VERTEX
8
AI4M_01_ATOM_CUT
10
3104.272151
20
470.545111
30
0
0
VERTEX
8
AI4M_01_ATOM_CUT
10
3107.872047
20
472.563246
30
0
0
VERTEX
8
AI4M_01_ATOM_CUT
10
3111.360615
20
474.795367
30
0
0
VERTEX
8
AI4M_01_ATOM_CUT
10
3114.722073
20
477.231456
30
0
0
VERTEX
8
AI4M_01_ATOM_CUT
10
3117.990374
20
479.90318
30
0
0
VERTEX
8
AI4M_01_ATOM_CUT
10
3121.096292
20
482.761093
30
0
0
VERTEX
8
AI4M_01_ATOM_CUT
10
3124.003251
20
485.768045
30
0
0
VERTEX
8
AI4M_01_ATOM_CUT
10
3126.708452
20
488.91392
30
0
0
VERTEX
8
AI4M_01_ATOM_CUT
10
3129.218066
20
492.204147
30
0
0
VERTEX
8
AI4M_01_ATOM_CUT
10
3131.529104
20
495.633442
30
0
0
VERTEX
8
AI4M_01_ATOM_CUT
10
3133.687643
20
499.272855
30
0
0
VERTEX
8
AI4M_01_ATOM_CUT
10
3135.684412
20
503.120234
30
0
0
VERTEX
8
AI4M_01_ATOM_CUT
10
3137.507271
20
507.167899
30
0
0
VERTEX
8
AI4M_01_ATOM_CUT
10
3139.14871
20
511.416783
30
0
0
VERTEX
8
AI4M_01_ATOM_CUT
10
3140.581923
20
515.811425
30
0
0
VERTEX
8
AI4M_01_ATOM_CUT
10
3141.810341
20
520.373513
30
0
0
VERTEX
8
AI4M_01_ATOM_CUT
10
3142.816161
20
525.057051
30
0
0
VERTEX
8
AI4M_01_ATOM_CUT
10
3143.600847
20
529.895365
30
0
0
VERTEX
8
AI4M_01_ATOM_CUT
10
3144.146112
20
534.749509
30
0
0
VERTEX
8
AI4M_01_ATOM_CUT
10
3144.42547
20
539.350171
30
0
0
VERTEX
8
AI4M_01_ATOM_CUT
10
3144.49646
20
545.038338
30
0
0
SEQEND
8
AI4M_01_ATOM_CUT
0
TEXT
8
AI4M_01_ATOM_CUT
10
3078.196716
20
463.904953
30
0
40
2.5
1
AI4M_line_0136__seg_01_cut_line_unknown
1001
AI4MANUFACTURING
1000
WRITEBACK_PHASE=01_ATOM_LABEL
1000
ENTITY_ID=line_0136__seg_01
999
AI4M_ENTITY=line_0137;LINE_ROLE=cut_line;EDGE=unknown;SOURCE_LAYER=11
0
POLYLINE
8
AI4M_01_ATOM_CUT
66
1
70
0
1001
AI4MANUFACTURING
1000
WRITEBACK_PHASE=01_ATOM
1000
ENTITY_ID=line_0137
1000
SOURCE_HANDLE=735
1000
LINE_ROLE=cut_line
1000
EDGE=unknown
1000
CHAIN=chain_mryhfci4
1000
PIECE_ID=front_body_manual_01
1000
SEAM_PAIR=
1000
PAIRED_CHAIN=
1000
NOTCH_CHAIN=
1000
NOTCH_SOURCE=
1000
PIECE_ROLE=front_body
1000
SEAM_ALLOWANCE_MM=
1000
SOURCE_LAYER=11
0
VERTEX
8
AI4M_01_ATOM_CUT
10
3136.431613
20
499.082317
30
0
0
VERTEX
8
AI4M_01_ATOM_CUT
10
3132.024588
20
501.444124
30
0
0
SEQEND
8
AI4M_01_ATOM_CUT
0
TEXT
8
AI4M_01_ATOM_CUT
10
3136.431613
20
499.082317
30
0
40
2.5
1
AI4M_line_0137_cut_line_unknown
1001
AI4MANUFACTURING
1000
WRITEBACK_PHASE=01_ATOM_LABEL
1000
ENTITY_ID=line_0137
999
AI4M_ENTITY=line_0138__seg_01;LINE_ROLE=cut_line;EDGE=unknown;SOURCE_LAYER=11
0
POLYLINE
8
AI4M_01_ATOM_CUT
66
1
70
0
1001
AI4MANUFACTURING
1000
WRITEBACK_PHASE=01_ATOM
1000
ENTITY_ID=line_0138__seg_01
1000
SOURCE_HANDLE=736
1000
LINE_ROLE=cut_line
1000
EDGE=unknown
1000
CHAIN=chain_mryhfci4
1000
PIECE_ID=front_body_manual_01
1000
SEAM_PAIR=
1000
PAIRED_CHAIN=
1000
NOTCH_CHAIN=
1000
NOTCH_SOURCE=
1000
PIECE_ROLE=front_body
1000
SEAM_ALLOWANCE_MM=
1000
SOURCE_LAYER=11
0
VERTEX
8
AI4M_01_ATOM_CUT
10
3144.49646
20
545.038338
30
0
0
VERTEX
8
AI4M_01_ATOM_CUT
10
3144.225833
20
550.989805
30
0
0
VERTEX
8
AI4M_01_ATOM_CUT
10
3143.68295
20
556.609067
30
0
0
VERTEX
8
AI4M_01_ATOM_CUT
10
3142.843442
20
562.656107
30
0
0
VERTEX
8
AI4M_01_ATOM_CUT
10
3141.686508
20
569.198784
30
0
0
VERTEX
8
AI4M_01_ATOM_CUT
10
3140.286903
20
575.725972
30
0
0
VERTEX
8
AI4M_01_ATOM_CUT
10
3138.621527
20
582.332499
30
0
0
VERTEX
8
AI4M_01_ATOM_CUT
10
3136.696644
20
588.963914
30
0
0
VERTEX
8
AI4M_01_ATOM_CUT
10
3134.520059
20
595.580365
30
0
0
VERTEX
8
AI4M_01_ATOM_CUT
10
3132.045235
20
602.30565
30
0
0
VERTEX
8
AI4M_01_ATOM_CUT
10
3129.089706
20
609.602768
30
0
0
VERTEX
8
AI4M_01_ATOM_CUT
10
3125.548724
20
617.667161
30
0
0
VERTEX
8
AI4M_01_ATOM_CUT
10
3121.942257
20
625.303919
30
0
0
VERTEX
8
AI4M_01_ATOM_CUT
10
3117.434998
20
634.181366
30
0
0
SEQEND
8
AI4M_01_ATOM_CUT
0
TEXT
8
AI4M_01_ATOM_CUT
10
3144.49646
20
545.038338
30
0
40
2.5
1
AI4M_line_0138__seg_01_cut_line_unknown
1001
AI4MANUFACTURING
1000
WRITEBACK_PHASE=01_ATOM_LABEL
1000
ENTITY_ID=line_0138__seg_01
999
AI4M_ENTITY=line_0139;LINE_ROLE=cut_line;EDGE=unknown;SOURCE_LAYER=11
0
POLYLINE
8
AI4M_01_ATOM_CUT
66
1
70
0
1001
AI4MANUFACTURING
1000
WRITEBACK_PHASE=01_ATOM
1000
ENTITY_ID=line_0139
1000
SOURCE_HANDLE=747
1000
LINE_ROLE=cut_line
1000
EDGE=unknown
1000
CHAIN=chain_mryhfci4
1000
PIECE_ID=front_body_manual_01
1000
SEAM_PAIR=
1000
PAIRED_CHAIN=
1000
NOTCH_CHAIN=
1000
NOTCH_SOURCE=
1000
PIECE_ROLE=front_body
1000
SEAM_ALLOWANCE_MM=
1000
SOURCE_LAYER=11
0
VERTEX
8
AI4M_01_ATOM_CUT
10
3143.613678
20
572.272146
30
0
0
VERTEX
8
AI4M_01_ATOM_CUT
10
3138.720715
20
571.243109
30
0
0
SEQEND
8
AI4M_01_ATOM_CUT
0
TEXT
8
AI4M_01_ATOM_CUT
10
3143.613678
20
572.272146
30
0
40
2.5
1
AI4M_line_0139_cut_line_unknown
1001
AI4MANUFACTURING
1000
WRITEBACK_PHASE=01_ATOM_LABEL
1000
ENTITY_ID=line_0139
999
AI4M_ENTITY=line_0140__seg_01;LINE_ROLE=cut_line;EDGE=unknown;SOURCE_LAYER=11
0
POLYLINE
8
AI4M_01_ATOM_CUT
66
1
70
0
1001
AI4MANUFACTURING
1000
WRITEBACK_PHASE=01_ATOM
1000
ENTITY_ID=line_0140__seg_01
1000
SOURCE_HANDLE=748
1000
LINE_ROLE=cut_line
1000
EDGE=unknown
1000
CHAIN=chain_mryhfci4
1000
PIECE_ID=front_body_manual_01
1000
SEAM_PAIR=
1000
PAIRED_CHAIN=
1000
NOTCH_CHAIN=
1000
NOTCH_SOURCE=
1000
PIECE_ROLE=front_body
1000
SEAM_ALLOWANCE_MM=
1000
SOURCE_LAYER=11
0
VERTEX
8
AI4M_01_ATOM_CUT
10
3117.434998
20
634.181366
30
0
0
VERTEX
8
AI4M_01_ATOM_CUT
10
3131.32257
20
640.996116
30
0
0
VERTEX
8
AI4M_01_ATOM_CUT
10
3144.858433
20
647.460733
30
0
0
VERTEX
8
AI4M_01_ATOM_CUT
10
3158.657874
20
653.811844
30
0
0
VERTEX
8
AI4M_01_ATOM_CUT
10
3172.468934
20
659.912165
30
0
0
VERTEX
8
AI4M_01_ATOM_CUT
10
3186.430216
20
665.826146
30
0
0
VERTEX
8
AI4M_01_ATOM_CUT
10
3200.401387
20
671.547097
30
0
0
VERTEX
8
AI4M_01_ATOM_CUT
10
3212.60498
20
676.412506
30
0
0
SEQEND
8
AI4M_01_ATOM_CUT
0
TEXT
8
AI4M_01_ATOM_CUT
10
3117.434998
20
634.181366
30
0
40
2.5
1
AI4M_line_0140__seg_01_cut_line_unknown
1001
AI4MANUFACTURING
1000
WRITEBACK_PHASE=01_ATOM_LABEL
1000
ENTITY_ID=line_0140__seg_01
999
AI4M_ENTITY=line_0141__seg_01;LINE_ROLE=cut_line;EDGE=unknown;SOURCE_LAYER=11
0
POLYLINE
8
AI4M_01_ATOM_CUT
66
1
70
0
1001
AI4MANUFACTURING
1000
WRITEBACK_PHASE=01_ATOM
1000
ENTITY_ID=line_0141__seg_01
1000
SOURCE_HANDLE=753
1000
LINE_ROLE=cut_line
1000
EDGE=unknown
1000
CHAIN=chain_mryhfci4
1000
PIECE_ID=front_body_manual_01
1000
SEAM_PAIR=
1000
PAIRED_CHAIN=
1000
NOTCH_CHAIN=
1000
NOTCH_SOURCE=
1000
PIECE_ROLE=front_body
1000
SEAM_ALLOWANCE_MM=
1000
SOURCE_LAYER=11
0
VERTEX
8
AI4M_01_ATOM_CUT
10
3212.60498
20
676.412506
30
0
0
VERTEX
8
AI4M_01_ATOM_CUT
10
3214.746225
20
665.876215
30
0
0
VERTEX
8
AI4M_01_ATOM_CUT
10
3216.723072
20
657.448387
30
0
0
VERTEX
8
AI4M_01_ATOM_CUT
10
3218.955706
20
648.963036
30
0
0
VERTEX
8
AI4M_01_ATOM_CUT
10
3221.150111
20
641.526365
30
0
0
VERTEX
8
AI4M_01_ATOM_CUT
10
3223.383274
20
634.787902
30
0
0
VERTEX
8
AI4M_01_ATOM_CUT
10
3225.759934
20
628.378409
30
0
0
VERTEX
8
AI4M_01_ATOM_CUT
10
3228.325482
20
622.152824
30
0
0
VERTEX
8
AI4M_01_ATOM_CUT
10
3231.047739
20
616.178763
30
0
0
VERTEX
8
AI4M_01_ATOM_CUT
10
3233.944011
20
610.402558
30
0
0
VERTEX
8
AI4M_01_ATOM_CUT
10
3237.003386
20
604.837451
30
0
0
VERTEX
8
AI4M_01_ATOM_CUT
10
3240.138135
20
599.625681
30
0
0
VERTEX
8
AI4M_01_ATOM_CUT
10
3243.221287
20
594.954296
30
0
0
VERTEX
8
AI4M_01_ATOM_CUT
10
3246.336012
20
590.665738
30
0
0
VERTEX
8
AI4M_01_ATOM_CUT
10
3249.483095
20
586.741908
30
0
0
VERTEX
8
AI4M_01_ATOM_CUT
10
3252.613423
20
583.216998
30
0
0
VERTEX
8
AI4M_01_ATOM_CUT
10
3255.820028
20
579.967543
30
0
0
VERTEX
8
AI4M_01_ATOM_CUT
10
3259.050121
20
577.035691
30
0
0
VERTEX
8
AI4M_01_ATOM_CUT
10
3262.358576
20
574.360145
30
0
0
VERTEX
8
AI4M_01_ATOM_CUT
10
3265.76134
20
571.923938
30
0
0
VERTEX
8
AI4M_01_ATOM_CUT
10
3269.26643
20
569.712344
30
0
0
VERTEX
8
AI4M_01_ATOM_CUT
10
3272.848769
20
567.735622
30
0
0
VERTEX
8
AI4M_01_ATOM_CUT
10
3276.524963
20
565.983019
30
0
0
VERTEX
8
AI4M_01_ATOM_CUT
10
3280.270451
20
564.469529
30
0
0
VERTEX
8
AI4M_01_ATOM_CUT
10
3284.080703
20
563.197144
30
0
0
VERTEX
8
AI4M_01_ATOM_CUT
10
3288.278078
20
562.060387
30
0
0
VERTEX
8
AI4M_01_ATOM_CUT
10
3292.894631
20
561.072692
30
0
0
VERTEX
8
AI4M_01_ATOM_CUT
10
3297.829346
20
560.273254
30
0
0
VERTEX
8
AI4M_01_ATOM_CUT
10
3303.078523
20
559.679694
30
0
0
VERTEX
8
AI4M_01_ATOM_CUT
10
3307.69662
20
559.377129
30
0
0
VERTEX
8
AI4M_01_ATOM_CUT
10
3310
20
559.308167
30
0
0
SEQEND
8
AI4M_01_ATOM_CUT
0
TEXT
8
AI4M_01_ATOM_CUT
10
3212.60498
20
676.412506
30
0
40
2.5
1
AI4M_line_0141__seg_01_cut_line_unknown
1001
AI4MANUFACTURING
1000
WRITEBACK_PHASE=01_ATOM_LABEL
1000
ENTITY_ID=line_0141__seg_01
999
AI4M_ENTITY=line_0142__seg_01;LINE_ROLE=cut_line;EDGE=unknown;SOURCE_LAYER=11
0
POLYLINE
8
AI4M_01_ATOM_CUT
66
1
70
0
1001
AI4MANUFACTURING
1000
WRITEBACK_PHASE=01_ATOM
1000
ENTITY_ID=line_0142__seg_01
1000
SOURCE_HANDLE=775
1000
LINE_ROLE=cut_line
1000
EDGE=unknown
1000
CHAIN=chain_mryhfci4
1000
PIECE_ID=front_body_manual_01
1000
SEAM_PAIR=
1000
PAIRED_CHAIN=
1000
NOTCH_CHAIN=
1000
NOTCH_SOURCE=
1000
PIECE_ROLE=front_body
1000
SEAM_ALLOWANCE_MM=
1000
SOURCE_LAYER=11
0
VERTEX
8
AI4M_01_ATOM_CUT
10
3310
20
559.308167
30
0
0
VERTEX
8
AI4M_01_ATOM_CUT
10
3316.528943
20
559.694898
30
0
0
VERTEX
8
AI4M_01_ATOM_CUT
10
3322.15463
20
560.282647
30
0
0
VERTEX
8
AI4M_01_ATOM_CUT
10
3326.794341
20
561.004714
30
0
0
VERTEX
8
AI4M_01_ATOM_CUT
10
3331.243452
20
561.941882
30
0
0
VERTEX
8
AI4M_01_ATOM_CUT
10
3335.632803
20
563.116504
30
0
0
VERTEX
8
AI4M_01_ATOM_CUT
10
3339.604527
20
564.427429
30
0
0
VERTEX
8
AI4M_01_ATOM_CUT
10
3343.280161
20
565.89481
30
0
0
VERTEX
8
AI4M_01_ATOM_CUT
10
3346.898935
20
567.604039
30
0
0
VERTEX
8
AI4M_01_ATOM_CUT
10
3350.608241
20
569.6388
30
0
0
VERTEX
8
AI4M_01_ATOM_CUT
10
3354.150321
20
571.865009
30
0
0
VERTEX
8
AI4M_01_ATOM_CUT
10
3357.55493
20
574.294477
30
0
0
VERTEX
8
AI4M_01_ATOM_CUT
10
3360.904221
20
576.997019
30
0
0
VERTEX
8
AI4M_01_ATOM_CUT
10
3364.138828
20
579.928553
30
0
0
VERTEX
8
AI4M_01_ATOM_CUT
10
3367.358509
20
583.186968
30
0
0
VERTEX
8
AI4M_01_ATOM_CUT
10
3370.499244
20
586.720862
30
0
0
VERTEX
8
AI4M_01_ATOM_CUT
10
3373.608524
20
590.593456
30
0
0
VERTEX
8
AI4M_01_ATOM_CUT
10
3376.710676
20
594.856889
30
0
0
VERTEX
8
AI4M_01_ATOM_CUT
10
3379.876071
20
599.646429
30
0
0
VERTEX
8
AI4M_01_ATOM_CUT
10
3382.969662
20
604.787261
30
0
0
VERTEX
8
AI4M_01_ATOM_CUT
10
3386.04207
20
610.37823
30
0
0
VERTEX
8
AI4M_01_ATOM_CUT
10
3388.975442
20
616.228808
30
0
0
VERTEX
8
AI4M_01_ATOM_CUT
10
3391.698332
20
622.206445
30
0
0
VERTEX
8
AI4M_01_ATOM_CUT
10
3394.259527
20
628.426299
30
0
0
VERTEX
8
AI4M_01_ATOM_CUT
10
3396.647402
20
634.882668
30
0
0
VERTEX
8
AI4M_01_ATOM_CUT
10
3398.929648
20
641.787199
30
0
0
VERTEX
8
AI4M_01_ATOM_CUT
10
3401.118238
20
649.224365
30
0
0
VERTEX
8
AI4M_01_ATOM_CUT
10
3403.328977
20
657.665824
30
0
0
VERTEX
8
AI4M_01_ATOM_CUT
10
3405.449457
20
666.733345
30
0
0
VERTEX
8
AI4M_01_ATOM_CUT
10
3407.053474
20
674.577105
30
0
0
VERTEX
8
AI4M_01_ATOM_CUT
10
3407.39502
20
676.412506
30
0
0
SEQEND
8
AI4M_01_ATOM_CUT
0
TEXT
8
AI4M_01_ATOM_CUT
10
3310
20
559.308167
30
0
40
2.5
1
AI4M_line_0142__seg_01_cut_line_unknown
1001
AI4MANUFACTURING
1000
WRITEBACK_PHASE=01_ATOM_LABEL
1000
ENTITY_ID=line_0142__seg_01
999
AI4M_ENTITY=line_0143__seg_01;LINE_ROLE=cut_line;EDGE=unknown;SOURCE_LAYER=11
0
POLYLINE
8
AI4M_01_ATOM_CUT
66
1
70
0
1001
AI4MANUFACTURING
1000
WRITEBACK_PHASE=01_ATOM
1000
ENTITY_ID=line_0143__seg_01
1000
SOURCE_HANDLE=797
1000
LINE_ROLE=cut_line
1000
EDGE=unknown
1000
CHAIN=chain_mryhfci4
1000
PIECE_ID=front_body_manual_01
1000
SEAM_PAIR=
1000
PAIRED_CHAIN=
1000
NOTCH_CHAIN=
1000
NOTCH_SOURCE=
1000
PIECE_ROLE=front_body
1000
SEAM_ALLOWANCE_MM=
1000
SOURCE_LAYER=11
0
VERTEX
8
AI4M_01_ATOM_CUT
10
3407.39502
20
676.412506
30
0
0
VERTEX
8
AI4M_01_ATOM_CUT
10
3421.889892
20
670.622815
30
0
0
VERTEX
8
AI4M_01_ATOM_CUT
10
3435.797747
20
664.902901
30
0
0
VERTEX
8
AI4M_01_ATOM_CUT
10
3449.887985
20
658.886254
30
0
0
VERTEX
8
AI4M_01_ATOM_CUT
10
3463.628726
20
652.77478
30
0
0
VERTEX
8
AI4M_01_ATOM_CUT
10
3477.529946
20
646.338123
30
0
0
VERTEX
8
AI4M_01_ATOM_CUT
10
3491.087406
20
639.830856
30
0
0
VERTEX
8
AI4M_01_ATOM_CUT
10
3502.565002
20
634.181366
30
0
0
SEQEND
8
AI4M_01_ATOM_CUT
0
TEXT
8
AI4M_01_ATOM_CUT
10
3407.39502
20
676.412506
30
0
40
2.5
1
AI4M_line_0143__seg_01_cut_line_unknown
1001
AI4MANUFACTURING
1000
WRITEBACK_PHASE=01_ATOM_LABEL
1000
ENTITY_ID=line_0143__seg_01
999
AI4M_ENTITY=line_0144__seg_01;LINE_ROLE=cut_line;EDGE=unknown;SOURCE_LAYER=11
0
POLYLINE
8
AI4M_01_ATOM_CUT
66
1
70
0
1001
AI4MANUFACTURING
1000
WRITEBACK_PHASE=01_ATOM
1000
ENTITY_ID=line_0144__seg_01
1000
SOURCE_HANDLE=7A2
1000
LINE_ROLE=cut_line
1000
EDGE=unknown
1000
CHAIN=chain_mryhfci4
1000
PIECE_ID=front_body_manual_01
1000
SEAM_PAIR=
1000
PAIRED_CHAIN=
1000
NOTCH_CHAIN=
1000
NOTCH_SOURCE=
1000
PIECE_ROLE=front_body
1000
SEAM_ALLOWANCE_MM=
1000
SOURCE_LAYER=11
0
VERTEX
8
AI4M_01_ATOM_CUT
10
3502.565002
20
634.181366
30
0
0
VERTEX
8
AI4M_01_ATOM_CUT
10
3497.467277
20
624.014423
30
0
0
VERTEX
8
AI4M_01_ATOM_CUT
10
3493.620167
20
615.824985
30
0
0
VERTEX
8
AI4M_01_ATOM_CUT
10
3490.376821
20
608.351194
30
0
0
VERTEX
8
AI4M_01_ATOM_CUT
10
3487.500336
20
601.119967
30
0
0
VERTEX
8
AI4M_01_ATOM_CUT
10
3485.006509
20
594.207197
30
0
0
VERTEX
8
AI4M_01_ATOM_CUT
10
3482.858539
20
587.506875
30
0
0
VERTEX
8
AI4M_01_ATOM_CUT
10
3480.989939
20
580.876226
30
0
0
VERTEX
8
AI4M_01_ATOM_CUT
10
3479.368212
20
574.220477
30
0
0
VERTEX
8
AI4M_01_ATOM_CUT
10
3478.005013
20
567.57947
30
0
0
VERTEX
8
AI4M_01_ATOM_CUT
10
3476.866543
20
560.769219
30
0
0
VERTEX
8
AI4M_01_ATOM_CUT
10
3476.115601
20
554.889214
30
0
0
VERTEX
8
AI4M_01_ATOM_CUT
10
3475.686369
20
549.631634
30
0
0
VERTEX
8
AI4M_01_ATOM_CUT
10
3475.50354
20
545.038338
30
0
0
SEQEND
8
AI4M_01_ATOM_CUT
0
TEXT
8
AI4M_01_ATOM_CUT
10
3502.565002
20
634.181366
30
0
40
2.5
1
AI4M_line_0144__seg_01_cut_line_unknown
1001
AI4MANUFACTURING
1000
WRITEBACK_PHASE=01_ATOM_LABEL
1000
ENTITY_ID=line_0144__seg_01
999
AI4M_ENTITY=line_0145;LINE_ROLE=cut_line;EDGE=unknown;SOURCE_LAYER=11
0
POLYLINE
8
AI4M_01_ATOM_CUT
66
1
70
0
1001
AI4MANUFACTURING
1000
WRITEBACK_PHASE=01_ATOM
1000
ENTITY_ID=line_0145
1000
SOURCE_HANDLE=7B3
1000
LINE_ROLE=cut_line
1000
EDGE=unknown
1000
CHAIN=chain_mryhfci4
1000
PIECE_ID=front_body_manual_01
1000
SEAM_PAIR=
1000
PAIRED_CHAIN=
1000
NOTCH_CHAIN=
1000
NOTCH_SOURCE=
1000
PIECE_ROLE=front_body
1000
SEAM_ALLOWANCE_MM=
1000
SOURCE_LAYER=11
0
VERTEX
8
AI4M_01_ATOM_CUT
10
3488.583636
20
596.852461
30
0
0
VERTEX
8
AI4M_01_ATOM_CUT
10
3483.881027
20
598.551126
30
0
0
SEQEND
8
AI4M_01_ATOM_CUT
0
TEXT
8
AI4M_01_ATOM_CUT
10
3488.583636
20
596.852461
30
0
40
2.5
1
AI4M_line_0145_cut_line_unknown
1001
AI4MANUFACTURING
1000
WRITEBACK_PHASE=01_ATOM_LABEL
1000
ENTITY_ID=line_0145
999
AI4M_ENTITY=line_0146;LINE_ROLE=cut_line;EDGE=unknown;SOURCE_LAYER=11
0
POLYLINE
8
AI4M_01_ATOM_CUT
66
1
70
0
1001
AI4MANUFACTURING
1000
WRITEBACK_PHASE=01_ATOM
1000
ENTITY_ID=line_0146
1000
SOURCE_HANDLE=7B4
1000
LINE_ROLE=cut_line
1000
EDGE=unknown
1000
CHAIN=chain_mryhfci4
1000
PIECE_ID=front_body_manual_01
1000
SEAM_PAIR=
1000
PAIRED_CHAIN=
1000
NOTCH_CHAIN=
1000
NOTCH_SOURCE=
1000
PIECE_ROLE=front_body
1000
SEAM_ALLOWANCE_MM=
1000
SOURCE_LAYER=11
0
VERTEX
8
AI4M_01_ATOM_CUT
10
3476.386072
20
572.271728
30
0
0
VERTEX
8
AI4M_01_ATOM_CUT
10
3481.27897
20
571.242382
30
0
0
SEQEND
8
AI4M_01_ATOM_CUT
0
TEXT
8
AI4M_01_ATOM_CUT
10
3476.386072
20
572.271728
30
0
40
2.5
1
AI4M_line_0146_cut_line_unknown
1001
AI4MANUFACTURING
1000
WRITEBACK_PHASE=01_ATOM_LABEL
1000
ENTITY_ID=line_0146
999
AI4M_ENTITY=line_0147__seg_01;LINE_ROLE=cut_line;EDGE=unknown;SOURCE_LAYER=11
0
POLYLINE
8
AI4M_01_ATOM_CUT
66
1
70
0
1001
AI4MANUFACTURING
1000
WRITEBACK_PHASE=01_ATOM
1000
ENTITY_ID=line_0147__seg_01
1000
SOURCE_HANDLE=7B5
1000
LINE_ROLE=cut_line
1000
EDGE=unknown
1000
CHAIN=chain_mryhfci4
1000
PIECE_ID=front_body_manual_01
1000
SEAM_PAIR=
1000
PAIRED_CHAIN=
1000
NOTCH_CHAIN=
1000
NOTCH_SOURCE=
1000
PIECE_ROLE=front_body
1000
SEAM_ALLOWANCE_MM=
1000
SOURCE_LAYER=11
0
VERTEX
8
AI4M_01_ATOM_CUT
10
3475.50354
20
545.038338
30
0
0
VERTEX
8
AI4M_01_ATOM_CUT
10
3475.596866
20
538.69428
30
0
0
VERTEX
8
AI4M_01_ATOM_CUT
10
3475.918167
20
533.997361
30
0
0
VERTEX
8
AI4M_01_ATOM_CUT
10
3476.493604
20
529.204179
30
0
0
VERTEX
8
AI4M_01_ATOM_CUT
10
3477.328026
20
524.316888
30
0
0
VERTEX
8
AI4M_01_ATOM_CUT
10
3478.379258
20
519.606625
30
0
0
VERTEX
8
AI4M_01_ATOM_CUT
10
3479.647931
20
515.049341
30
0
0
VERTEX
8
AI4M_01_ATOM_CUT
10
3481.104042
20
510.715548
30
0
0
VERTEX
8
AI4M_01_ATOM_CUT
10
3482.802343
20
506.436401
30
0
0
VERTEX
8
AI4M_01_ATOM_CUT
10
3484.667604
20
502.401909
30
0
0
VERTEX
8
AI4M_01_ATOM_CUT
10
3486.693653
20
498.594514
30
0
0
VERTEX
8
AI4M_01_ATOM_CUT
10
3488.93726
20
494.905431
30
0
0
VERTEX
8
AI4M_01_ATOM_CUT
10
3491.297759
20
491.495411
30
0
0
VERTEX
8
AI4M_01_ATOM_CUT
10
3493.88232
20
488.195007
30
0
0
VERTEX
8
AI4M_01_ATOM_CUT
10
3496.651229
20
485.059514
30
0
0
VERTEX
8
AI4M_01_ATOM_CUT
10
3499.604997
20
482.085748
30
0
0
VERTEX
8
AI4M_01_ATOM_CUT
10
3502.78075
20
479.243274
30
0
0
VERTEX
8
AI4M_01_ATOM_CUT
10
3506.062435
20
476.635821
30
0
0
VERTEX
8
AI4M_01_ATOM_CUT
10
3509.549861
20
474.185654
30
0
0
VERTEX
8
AI4M_01_ATOM_CUT
10
3513.115585
20
471.982419
30
0
0
VERTEX
8
AI4M_01_ATOM_CUT
10
3516.751641
20
470.018967
30
0
0
VERTEX
8
AI4M_01_ATOM_CUT
10
3520.322466
20
468.359362
30
0
0
VERTEX
8
AI4M_01_ATOM_CUT
10
3523.910101
20
466.960205
30
0
0
VERTEX
8
AI4M_01_ATOM_CUT
10
3527.426063
20
465.85601
30
0
0
VERTEX
8
AI4M_01_ATOM_CUT
10
3530.764187
20
465.062005
30
0
0
VERTEX
8
AI4M_01_ATOM_CUT
10
3534.399908
20
464.466498
30
0
0
VERTEX
8
AI4M_01_ATOM_CUT
10
3538.390526
20
464.080088
30
0
0
VERTEX
8
AI4M_01_ATOM_CUT
10
3541.803284
20
463.904953
30
0
0
SEQEND
8
AI4M_01_ATOM_CUT
0
TEXT
8
AI4M_01_ATOM_CUT
10
3475.50354
20
545.038338
30
0
40
2.5
1
AI4M_line_0147__seg_01_cut_line_unknown
1001
AI4MANUFACTURING
1000
WRITEBACK_PHASE=01_ATOM_LABEL
1000
ENTITY_ID=line_0147__seg_01
999
AI4M_ENTITY=line_0148;LINE_ROLE=cut_line;EDGE=unknown;SOURCE_LAYER=11
0
POLYLINE
8
AI4M_01_ATOM_CUT
66
1
70
0
1001
AI4MANUFACTURING
1000
WRITEBACK_PHASE=01_ATOM
1000
ENTITY_ID=line_0148
1000
SOURCE_HANDLE=7D4
1000
LINE_ROLE=cut_line
1000
EDGE=unknown
1000
CHAIN=chain_mryhfci4
1000
PIECE_ID=front_body_manual_01
1000
SEAM_PAIR=
1000
PAIRED_CHAIN=
1000
NOTCH_CHAIN=
1000
NOTCH_SOURCE=
1000
PIECE_ROLE=front_body
1000
SEAM_ALLOWANCE_MM=
1000
SOURCE_LAYER=11
0
VERTEX
8
AI4M_01_ATOM_CUT
10
3483.568526
20
499.082091
30
0
0
VERTEX
8
AI4M_01_ATOM_CUT
10
3487.975467
20
501.444054
30
0
0
SEQEND
8
AI4M_01_ATOM_CUT
0
TEXT
8
AI4M_01_ATOM_CUT
10
3483.568526
20
499.082091
30
0
40
2.5
1
AI4M_line_0148_cut_line_unknown
1001
AI4MANUFACTURING
1000
WRITEBACK_PHASE=01_ATOM_LABEL
1000
ENTITY_ID=line_0148
999
AI4M_ENTITY=line_0149__seg_01;LINE_ROLE=cut_line;EDGE=unknown;SOURCE_LAYER=11
0
POLYLINE
8
AI4M_01_ATOM_CUT
66
1
70
0
1001
AI4MANUFACTURING
1000
WRITEBACK_PHASE=01_ATOM
1000
ENTITY_ID=line_0149__seg_01
1000
SOURCE_HANDLE=7D5
1000
LINE_ROLE=cut_line
1000
EDGE=unknown
1000
CHAIN=chain_mryhfci4
1000
PIECE_ID=front_body_manual_01
1000
SEAM_PAIR=
1000
PAIRED_CHAIN=
1000
NOTCH_CHAIN=
1000
NOTCH_SOURCE=
1000
PIECE_ROLE=front_body
1000
SEAM_ALLOWANCE_MM=
1000
SOURCE_LAYER=11
0
VERTEX
8
AI4M_01_ATOM_CUT
10
3541.803284
20
463.904953
30
0
0
VERTEX
8
AI4M_01_ATOM_CUT
10
3540.260437
20
448.431465
30
0
0
VERTEX
8
AI4M_01_ATOM_CUT
10
3538.842263
20
432.955224
30
0
0
VERTEX
8
AI4M_01_ATOM_CUT
10
3537.635425
20
417.913976
30
0
0
VERTEX
8
AI4M_01_ATOM_CUT
10
3536.614118
20
402.678408
30
0
0
VERTEX
8
AI4M_01_ATOM_CUT
10
3535.781348
20
387.487271
30
0
0
VERTEX
8
AI4M_01_ATOM_CUT
10
3535.111619
20
372.232235
30
0
0
VERTEX
8
AI4M_01_ATOM_CUT
10
3534.597945
20
356.971049
30
0
0
VERTEX
8
AI4M_01_ATOM_CUT
10
3534.232698
20
341.580039
30
0
0
VERTEX
8
AI4M_01_ATOM_CUT
10
3534.043857
20
326.311296
30
0
0
VERTEX
8
AI4M_01_ATOM_CUT
10
3534.064719
20
310.857983
30
0
0
VERTEX
8
AI4M_01_ATOM_CUT
10
3534.307121
20
295.589959
30
0
0
VERTEX
8
AI4M_01_ATOM_CUT
10
3534.747033
20
280.563616
30
0
0
VERTEX
8
AI4M_01_ATOM_CUT
10
3535.36347
20
265.30637
30
0
0
VERTEX
8
AI4M_01_ATOM_CUT
10
3536.106311
20
249.864833
30
0
0
VERTEX
8
AI4M_01_ATOM_CUT
10
3536.908859
20
234.616331
30
0
0
VERTEX
8
AI4M_01_ATOM_CUT
10
3537.752835
20
219.370208
30
0
0
VERTEX
8
AI4M_01_ATOM_CUT
10
3538.625444
20
203.964335
30
0
0
VERTEX
8
AI4M_01_ATOM_CUT
10
3539.51103
20
188.473143
30
0
0
VERTEX
8
AI4M_01_ATOM_CUT
10
3540.388207
20
173.228828
30
0
0
VERTEX
8
AI4M_01_ATOM_CUT
10
3541.271244
20
157.984836
30
0
0
VERTEX
8
AI4M_01_ATOM_CUT
10
3542.156593
20
142.806398
30
0
0
VERTEX
8
AI4M_01_ATOM_CUT
10
3543.036926
20
127.808218
30
0
0
VERTEX
8
AI4M_01_ATOM_CUT
10
3543.903475
20
113.11134
30
0
0
VERTEX
8
AI4M_01_ATOM_CUT
10
3543.96759
20
112.026825
30
0
0
SEQEND
8
AI4M_01_ATOM_CUT
0
TEXT
8
AI4M_01_ATOM_CUT
10
3541.803284
20
463.904953
30
0
40
2.5
1
AI4M_line_0149__seg_01_cut_line_unknown
1001
AI4MANUFACTURING
1000
WRITEBACK_PHASE=01_ATOM_LABEL
1000
ENTITY_ID=line_0149__seg_01
999
AI4M_ENTITY=line_0150;LINE_ROLE=cut_line;EDGE=unknown;SOURCE_LAYER=11
0
POLYLINE
8
AI4M_01_ATOM_CUT
66
1
70
0
1001
AI4MANUFACTURING
1000
WRITEBACK_PHASE=01_ATOM
1000
ENTITY_ID=line_0150
1000
SOURCE_HANDLE=7F1
1000
LINE_ROLE=cut_line
1000
EDGE=unknown
1000
CHAIN=chain_mryhfci4
1000
PIECE_ID=front_body_manual_01
1000
SEAM_PAIR=
1000
PAIRED_CHAIN=
1000
NOTCH_CHAIN=
1000
NOTCH_SOURCE=
1000
PIECE_ROLE=front_body
1000
SEAM_ALLOWANCE_MM=
1000
SOURCE_LAYER=11
0
VERTEX
8
AI4M_01_ATOM_CUT
10
3536.446048
20
434.257869
30
0
0
VERTEX
8
AI4M_01_ATOM_CUT
10
3541.427325
20
433.825568
30
0
0
SEQEND
8
AI4M_01_ATOM_CUT
0
TEXT
8
AI4M_01_ATOM_CUT
10
3536.446048
20
434.257869
30
0
40
2.5
1
AI4M_line_0150_cut_line_unknown
1001
AI4MANUFACTURING
1000
WRITEBACK_PHASE=01_ATOM_LABEL
1000
ENTITY_ID=line_0150
999
AI4M_ENTITY=line_0151;LINE_ROLE=cut_line;EDGE=unknown;SOURCE_LAYER=11
0
POLYLINE
8
AI4M_01_ATOM_CUT
66
1
70
0
1001
AI4MANUFACTURING
1000
WRITEBACK_PHASE=01_ATOM
1000
ENTITY_ID=line_0151
1000
SOURCE_HANDLE=7F2
1000
LINE_ROLE=cut_line
1000
EDGE=unknown
1000
CHAIN=chain_mryhfci4
1000
PIECE_ID=front_body_manual_01
1000
SEAM_PAIR=
1000
PAIRED_CHAIN=
1000
NOTCH_CHAIN=
1000
NOTCH_SOURCE=
1000
PIECE_ROLE=front_body
1000
SEAM_ALLOWANCE_MM=
1000
SOURCE_LAYER=11
0
VERTEX
8
AI4M_01_ATOM_CUT
10
3535.511538
20
214.710782
30
0
0
VERTEX
8
AI4M_01_ATOM_CUT
10
3540.503447
20
214.995112
30
0
0
SEQEND
8
AI4M_01_ATOM_CUT
0
TEXT
8
AI4M_01_ATOM_CUT
10
3535.511538
20
214.710782
30
0
40
2.5
1
AI4M_line_0151_cut_line_unknown
1001
AI4MANUFACTURING
1000
WRITEBACK_PHASE=01_ATOM_LABEL
1000
ENTITY_ID=line_0151
999
AI4M_ENTITY=line_0152__seg_01;LINE_ROLE=cut_line;EDGE=unknown;SOURCE_LAYER=11
0
POLYLINE
8
AI4M_01_ATOM_CUT
66
1
70
0
1001
AI4MANUFACTURING
1000
WRITEBACK_PHASE=01_ATOM
1000
ENTITY_ID=line_0152__seg_01
1000
SOURCE_HANDLE=7F3
1000
LINE_ROLE=cut_line
1000
EDGE=unknown
1000
CHAIN=chain_mryhfci4
1000
PIECE_ID=front_body_manual_01
1000
SEAM_PAIR=
1000
PAIRED_CHAIN=
1000
NOTCH_CHAIN=
1000
NOTCH_SOURCE=
1000
PIECE_ROLE=front_body
1000
SEAM_ALLOWANCE_MM=
1000
SOURCE_LAYER=11
0
VERTEX
8
AI4M_01_ATOM_CUT
10
3543.96759
20
112.026825
30
0
0
VERTEX
8
AI4M_01_ATOM_CUT
10
3528.266231
20
110.066305
30
0
0
VERTEX
8
AI4M_01_ATOM_CUT
10
3512.972933
20
108.227409
30
0
0
VERTEX
8
AI4M_01_ATOM_CUT
10
3497.335053
20
106.423712
30
0
0
VERTEX
8
AI4M_01_ATOM_CUT
10
3482.096804
20
104.761329
30
0
0
VERTEX
8
AI4M_01_ATOM_CUT
10
3466.486748
20
103.174054
30
0
0
VERTEX
8
AI4M_01_ATOM_CUT
10
3450.864827
20
101.707438
30
0
0
VERTEX
8
AI4M_01_ATOM_CUT
10
3435.873581
20
100.418129
30
0
0
VERTEX
8
AI4M_01_ATOM_CUT
10
3420.230657
20
99.197259
30
0
0
VERTEX
8
AI4M_01_ATOM_CUT
10
3405.141417
20
98.140015
30
0
0
VERTEX
8
AI4M_01_ATOM_CUT
10
3389.480769
20
97.170692
30
0
0
VERTEX
8
AI4M_01_ATOM_CUT
10
3373.812076
20
96.342068
30
0
0
VERTEX
8
AI4M_01_ATOM_CUT
10
3358.328023
20
95.673918
30
0
0
VERTEX
8
AI4M_01_ATOM_CUT
10
3342.645661
20
95.164232
30
0
0
VERTEX
8
AI4M_01_ATOM_CUT
10
3327.415201
20
94.843846
30
0
0
VERTEX
8
AI4M_01_ATOM_CUT
10
3312.530039
20
94.667349
30
0
0
VERTEX
8
AI4M_01_ATOM_CUT
10
3310
20
94.648705
30
0
0
SEQEND
8
AI4M_01_ATOM_CUT
0
TEXT
8
AI4M_01_ATOM_CUT
10
3543.96759
20
112.026825
30
0
40
2.5
1
AI4M_line_0152__seg_01_cut_line_unknown
1001
AI4MANUFACTURING
1000
WRITEBACK_PHASE=01_ATOM_LABEL
1000
ENTITY_ID=line_0152__seg_01
999
AI4M_ENTITY=line_0153;LINE_ROLE=cut_line;EDGE=unknown;SOURCE_LAYER=11
0
POLYLINE
8
AI4M_01_ATOM_CUT
66
1
70
0
1001
AI4MANUFACTURING
1000
WRITEBACK_PHASE=01_ATOM
1000
ENTITY_ID=line_0153
1000
SOURCE_HANDLE=807
1000
LINE_ROLE=cut_line
1000
EDGE=unknown
1000
CHAIN=chain_mryhfci4
1000
PIECE_ID=front_body_manual_01
1000
SEAM_PAIR=
1000
PAIRED_CHAIN=
1000
NOTCH_CHAIN=
1000
NOTCH_SOURCE=
1000
PIECE_ROLE=front_body
1000
SEAM_ALLOWANCE_MM=
1000
SOURCE_LAYER=11
0
VERTEX
8
AI4M_01_ATOM_CUT
10
3310
20
559.308167
30
0
0
VERTEX
8
AI4M_01_ATOM_CUT
10
3310
20
94.648705
30
0
0
SEQEND
8
AI4M_01_ATOM_CUT
0
TEXT
8
AI4M_01_ATOM_CUT
10
3310
20
559.308167
30
0
40
2.5
1
AI4M_line_0153_cut_line_unknown
1001
AI4MANUFACTURING
1000
WRITEBACK_PHASE=01_ATOM_LABEL
1000
ENTITY_ID=line_0153
999
AI4M_ENTITY=line_0154;LINE_ROLE=cut_line;EDGE=unknown;SOURCE_LAYER=11
0
POLYLINE
8
AI4M_01_ATOM_CUT
66
1
70
0
1001
AI4MANUFACTURING
1000
WRITEBACK_PHASE=01_ATOM
1000
ENTITY_ID=line_0154
1000
SOURCE_HANDLE=80C
1000
LINE_ROLE=cut_line
1000
EDGE=unknown
1000
CHAIN=chain_mryhfci4
1000
PIECE_ID=front_body_manual_01
1000
SEAM_PAIR=
1000
PAIRED_CHAIN=
1000
NOTCH_CHAIN=
1000
NOTCH_SOURCE=
1000
PIECE_ROLE=front_body
1000
SEAM_ALLOWANCE_MM=
1000
SOURCE_LAYER=11
0
VERTEX
8
AI4M_01_ATOM_CUT
10
3541.803284
20
463.904953
30
0
0
VERTEX
8
AI4M_01_ATOM_CUT
10
3310
20
463.904953
30
0
0
SEQEND
8
AI4M_01_ATOM_CUT
0
TEXT
8
AI4M_01_ATOM_CUT
10
3541.803284
20
463.904953
30
0
40
2.5
1
AI4M_line_0154_cut_line_unknown
1001
AI4MANUFACTURING
1000
WRITEBACK_PHASE=01_ATOM_LABEL
1000
ENTITY_ID=line_0154
999
AI4M_ENTITY=line_0155__seg_01;LINE_ROLE=cut_line;EDGE=unknown;SOURCE_LAYER=11
0
POLYLINE
8
AI4M_01_ATOM_CUT
66
1
70
0
1001
AI4MANUFACTURING
1000
WRITEBACK_PHASE=01_ATOM
1000
ENTITY_ID=line_0155__seg_01
1000
SOURCE_HANDLE=811
1000
LINE_ROLE=cut_line
1000
EDGE=unknown
1000
CHAIN=chain_mryhfci4
1000
PIECE_ID=front_body_manual_01
1000
SEAM_PAIR=
1000
PAIRED_CHAIN=
1000
NOTCH_CHAIN=
1000
NOTCH_SOURCE=
1000
PIECE_ROLE=front_body
1000
SEAM_ALLOWANCE_MM=
1000
SOURCE_LAYER=11
0
VERTEX
8
AI4M_01_ATOM_CUT
10
3310
20
548.677254
30
0
0
VERTEX
8
AI4M_01_ATOM_CUT
10
3316.684876
20
549.041505
30
0
0
VERTEX
8
AI4M_01_ATOM_CUT
10
3322.050264
20
549.580332
30
0
0
VERTEX
8
AI4M_01_ATOM_CUT
10
3326.918012
20
550.330711
30
0
0
VERTEX
8
AI4M_01_ATOM_CUT
10
3331.814909
20
551.345033
30
0
0
VERTEX
8
AI4M_01_ATOM_CUT
10
3336.398521
20
552.541159
30
0
0
VERTEX
8
AI4M_01_ATOM_CUT
10
3340.551258
20
553.881847
30
0
0
VERTEX
8
AI4M_01_ATOM_CUT
10
3344.435224
20
555.396076
30
0
0
VERTEX
8
AI4M_01_ATOM_CUT
10
3348.311925
20
557.174624
30
0
0
VERTEX
8
AI4M_01_ATOM_CUT
10
3352.162043
20
559.216261
30
0
0
VERTEX
8
AI4M_01_ATOM_CUT
10
3356.08715
20
561.584506
30
0
0
VERTEX
8
AI4M_01_ATOM_CUT
10
3360.005293
20
564.245848
30
0
0
VERTEX
8
AI4M_01_ATOM_CUT
10
3363.827642
20
567.142124
30
0
0
VERTEX
8
AI4M_01_ATOM_CUT
10
3367.599593
20
570.310133
30
0
0
VERTEX
8
AI4M_01_ATOM_CUT
10
3371.374489
20
573.814778
30
0
0
VERTEX
8
AI4M_01_ATOM_CUT
10
3374.950494
20
577.472486
30
0
0
VERTEX
8
AI4M_01_ATOM_CUT
10
3378.48366
20
581.4429
30
0
0
VERTEX
8
AI4M_01_ATOM_CUT
10
3381.953956
20
585.724426
30
0
0
VERTEX
8
AI4M_01_ATOM_CUT
10
3385.33098
20
590.295655
30
0
0
VERTEX
8
AI4M_01_ATOM_CUT
10
3388.552862
20
595.075354
30
0
0
VERTEX
8
AI4M_01_ATOM_CUT
10
3391.728179
20
600.239232
30
0
0
VERTEX
8
AI4M_01_ATOM_CUT
10
3394.755107
20
605.640119
30
0
0
VERTEX
8
AI4M_01_ATOM_CUT
10
3397.682618
20
611.377298
30
0
0
VERTEX
8
AI4M_01_ATOM_CUT
10
3400.451382
20
617.347308
30
0
0
VERTEX
8
AI4M_01_ATOM_CUT
10
3403.168162
20
623.80844
30
0
0
VERTEX
8
AI4M_01_ATOM_CUT
10
3405.778003
20
630.674132
30
0
0
VERTEX
8
AI4M_01_ATOM_CUT
10
3408.25609
20
637.879492
30
0
0
VERTEX
8
AI4M_01_ATOM_CUT
10
3410.787222
20
646.019358
30
0
0
VERTEX
8
AI4M_01_ATOM_CUT
10
3413.240262
20
654.774428
30
0
0
VERTEX
8
AI4M_01_ATOM_CUT
10
3415.942452
20
665.432458
30
0
0
VERTEX
8
AI4M_01_ATOM_CUT
10
3417.57019
20
672.328415
30
0
0
SEQEND
8
AI4M_01_ATOM_CUT
0
TEXT
8
AI4M_01_ATOM_CUT
10
3310
20
548.677254
30
0
40
2.5
1
AI4M_line_0155__seg_01_cut_line_unknown
1001
AI4MANUFACTURING
1000
WRITEBACK_PHASE=01_ATOM_LABEL
1000
ENTITY_ID=line_0155__seg_01
999
AI4M_ENTITY=line_0156;LINE_ROLE=cut_line;EDGE=unknown;SOURCE_LAYER=11
0
POLYLINE
8
AI4M_01_ATOM_CUT
66
1
70
0
1001
AI4MANUFACTURING
1000
WRITEBACK_PHASE=01_ATOM
1000
ENTITY_ID=line_0156
1000
SOURCE_HANDLE=833
1000
LINE_ROLE=cut_line
1000
EDGE=unknown
1000
CHAIN=chain_mryhfci4
1000
PIECE_ID=front_body_manual_01
1000
SEAM_PAIR=
1000
PAIRED_CHAIN=
1000
NOTCH_CHAIN=
1000
NOTCH_SOURCE=
1000
PIECE_ROLE=front_body
1000
SEAM_ALLOWANCE_MM=
1000
SOURCE_LAYER=11
0
VERTEX
8
AI4M_01_ATOM_CUT
10
3078.196716
20
463.904953
30
0
0
VERTEX
8
AI4M_01_ATOM_CUT
10
3310
20
463.904953
30
0
0
SEQEND
8
AI4M_01_ATOM_CUT
0
TEXT
8
AI4M_01_ATOM_CUT
10
3078.196716
20
463.904953
30
0
40
2.5
1
AI4M_line_0156_cut_line_unknown
1001
AI4MANUFACTURING
1000
WRITEBACK_PHASE=01_ATOM_LABEL
1000
ENTITY_ID=line_0156
999
AI4M_ENTITY=line_0157__seg_01;LINE_ROLE=cut_line;EDGE=unknown;SOURCE_LAYER=11
0
POLYLINE
8
AI4M_01_ATOM_CUT
66
1
70
0
1001
AI4MANUFACTURING
1000
WRITEBACK_PHASE=01_ATOM
1000
ENTITY_ID=line_0157__seg_01
1000
SOURCE_HANDLE=838
1000
LINE_ROLE=cut_line
1000
EDGE=unknown
1000
CHAIN=chain_mryhfci4
1000
PIECE_ID=front_body_manual_01
1000
SEAM_PAIR=
1000
PAIRED_CHAIN=
1000
NOTCH_CHAIN=
1000
NOTCH_SOURCE=
1000
PIECE_ROLE=front_body
1000
SEAM_ALLOWANCE_MM=
1000
SOURCE_LAYER=11
0
VERTEX
8
AI4M_01_ATOM_CUT
10
3310
20
548.677254
30
0
0
VERTEX
8
AI4M_01_ATOM_CUT
10
3303.485169
20
548.99981
30
0
0
VERTEX
8
AI4M_01_ATOM_CUT
10
3298.658918
20
549.492662
30
0
0
VERTEX
8
AI4M_01_ATOM_CUT
10
3293.389073
20
550.289068
30
0
0
VERTEX
8
AI4M_01_ATOM_CUT
10
3288.62792
20
551.242358
30
0
0
VERTEX
8
AI4M_01_ATOM_CUT
10
3284.143976
20
552.385119
30
0
0
VERTEX
8
AI4M_01_ATOM_CUT
10
3280.058954
20
553.666927
30
0
0
VERTEX
8
AI4M_01_ATOM_CUT
10
3276.181214
20
555.136223
30
0
0
VERTEX
8
AI4M_01_ATOM_CUT
10
3272.383505
20
556.83584
30
0
0
VERTEX
8
AI4M_01_ATOM_CUT
10
3268.526056
20
558.831934
30
0
0
VERTEX
8
AI4M_01_ATOM_CUT
10
3264.645951
20
561.119691
30
0
0
VERTEX
8
AI4M_01_ATOM_CUT
10
3260.783619
20
563.685325
30
0
0
VERTEX
8
AI4M_01_ATOM_CUT
10
3256.978072
20
566.506266
30
0
0
VERTEX
8
AI4M_01_ATOM_CUT
10
3253.20763
20
569.605208
30
0
0
VERTEX
8
AI4M_01_ATOM_CUT
10
3249.494971
20
572.976098
30
0
0
VERTEX
8
AI4M_01_ATOM_CUT
10
3245.857353
20
576.61529
30
0
0
VERTEX
8
AI4M_01_ATOM_CUT
10
3242.321789
20
580.504383
30
0
0
VERTEX
8
AI4M_01_ATOM_CUT
10
3238.903782
20
584.628389
30
0
0
VERTEX
8
AI4M_01_ATOM_CUT
10
3235.57224
20
589.031219
30
0
0
VERTEX
8
AI4M_01_ATOM_CUT
10
3232.314976
20
593.744577
30
0
0
VERTEX
8
AI4M_01_ATOM_CUT
10
3229.156951
20
598.751172
30
0
0
VERTEX
8
AI4M_01_ATOM_CUT
10
3226.108774
20
604.047028
30
0
0
VERTEX
8
AI4M_01_ATOM_CUT
10
3223.154475
20
609.680094
30
0
0
VERTEX
8
AI4M_01_ATOM_CUT
10
3220.356693
20
615.544386
30
0
0
VERTEX
8
AI4M_01_ATOM_CUT
10
3217.652269
20
621.78838
30
0
0
VERTEX
8
AI4M_01_ATOM_CUT
10
3215.052418
20
628.413251
30
0
0
VERTEX
8
AI4M_01_ATOM_CUT
10
3212.509558
20
635.576226
30
0
0
VERTEX
8
AI4M_01_ATOM_CUT
10
3210.016551
20
643.344062
30
0
0
VERTEX
8
AI4M_01_ATOM_CUT
10
3207.563983
20
651.80351
30
0
0
VERTEX
8
AI4M_01_ATOM_CUT
10
3205.067274
20
661.3402
30
0
0
VERTEX
8
AI4M_01_ATOM_CUT
10
3202.42981
20
672.328415
30
0
0
SEQEND
8
AI4M_01_ATOM_CUT
0
TEXT
8
AI4M_01_ATOM_CUT
10
3310
20
548.677254
30
0
40
2.5
1
AI4M_line_0157__seg_01_cut_line_unknown
1001
AI4MANUFACTURING
1000
WRITEBACK_PHASE=01_ATOM_LABEL
1000
ENTITY_ID=line_0157__seg_01
999
AI4M_ENTITY=line_0158__seg_01;LINE_ROLE=hem_line;EDGE=hem_line;SOURCE_LAYER=11
0
POLYLINE
8
AI4M_01_ATOM_INTERNAL
66
1
70
0
1001
AI4MANUFACTURING
1000
WRITEBACK_PHASE=01_ATOM
1000
ENTITY_ID=line_0158__seg_01
1000
SOURCE_HANDLE=85A
1000
LINE_ROLE=hem_line
1000
EDGE=hem_line
1000
CHAIN=chain_mryhfci4
1000
PIECE_ID=front_body_manual_01
1000
SEAM_PAIR=
1000
PAIRED_CHAIN=
1000
NOTCH_CHAIN=
1000
NOTCH_SOURCE=
1000
PIECE_ROLE=front_body
1000
SEAM_ALLOWANCE_MM=
1000
SOURCE_LAYER=11
0
VERTEX
8
AI4M_01_ATOM_INTERNAL
10
3555.924683
20
93.307304
30
0
0
VERTEX
8
AI4M_01_ATOM_INTERNAL
10
3540.115662
20
91.322165
30
0
0
VERTEX
8
AI4M_01_ATOM_INTERNAL
10
3524.724731
20
89.454365
30
0
0
VERTEX
8
AI4M_01_ATOM_INTERNAL
10
3509.408569
20
87.658758
30
0
0
VERTEX
8
AI4M_01_ATOM_INTERNAL
10
3493.788147
20
85.90457
30
0
0
VERTEX
8
AI4M_01_ATOM_INTERNAL
10
3478.488159
20
84.281473
30
0
0
VERTEX
8
AI4M_01_ATOM_INTERNAL
10
3463.404236
20
82.786026
30
0
0
VERTEX
8
AI4M_01_ATOM_INTERNAL
10
3449.004211
20
81.462936
30
0
0
VERTEX
8
AI4M_01_ATOM_INTERNAL
10
3433.144226
20
80.130625
30
0
0
VERTEX
8
AI4M_01_ATOM_INTERNAL
10
3418.029785
20
78.982792
30
0
0
VERTEX
8
AI4M_01_ATOM_INTERNAL
10
3402.561035
20
77.929816
30
0
0
VERTEX
8
AI4M_01_ATOM_INTERNAL
10
3387.43042
20
77.022839
30
0
0
VERTEX
8
AI4M_01_ATOM_INTERNAL
10
3372.292175
20
76.247735
30
0
0
VERTEX
8
AI4M_01_ATOM_INTERNAL
10
3357.165222
20
75.616498
30
0
0
VERTEX
8
AI4M_01_ATOM_INTERNAL
10
3342.014771
20
75.14071
30
0
0
VERTEX
8
AI4M_01_ATOM_INTERNAL
10
3326.688538
20
74.830141
30
0
0
VERTEX
8
AI4M_01_ATOM_INTERNAL
10
3312.029724
20
74.66166
30
0
0
VERTEX
8
AI4M_01_ATOM_INTERNAL
10
3310
20
74.647021
30
0
0
SEQEND
8
AI4M_01_ATOM_INTERNAL
0
TEXT
8
AI4M_01_ATOM_INTERNAL
10
3555.924683
20
93.307304
30
0
40
2.5
1
AI4M_line_0158__seg_01_hem_line_hem_line
1001
AI4MANUFACTURING
1000
WRITEBACK_PHASE=01_ATOM_LABEL
1000
ENTITY_ID=line_0158__seg_01
999
AI4M_ENTITY=line_0159;LINE_ROLE=cut_line;EDGE=unknown;SOURCE_LAYER=11
0
POLYLINE
8
AI4M_01_ATOM_CUT
66
1
70
0
1001
AI4MANUFACTURING
1000
WRITEBACK_PHASE=01_ATOM
1000
ENTITY_ID=line_0159
1000
SOURCE_HANDLE=86F
1000
LINE_ROLE=cut_line
1000
EDGE=unknown
1000
CHAIN=chain_mryhfci4
1000
PIECE_ID=front_body_manual_01
1000
SEAM_PAIR=
1000
PAIRED_CHAIN=
1000
NOTCH_CHAIN=
1000
NOTCH_SOURCE=
1000
PIECE_ROLE=front_body
1000
SEAM_ALLOWANCE_MM=
1000
SOURCE_LAYER=11
0
VERTEX
8
AI4M_01_ATOM_CUT
10
3552.927551
20
112.971125
30
0
0
VERTEX
8
AI4M_01_ATOM_CUT
10
3555.924683
20
93.307304
30
0
0
SEQEND
8
AI4M_01_ATOM_CUT
0
TEXT
8
AI4M_01_ATOM_CUT
10
3552.927551
20
112.971125
30
0
40
2.5
1
AI4M_line_0159_cut_line_unknown
1001
AI4MANUFACTURING
1000
WRITEBACK_PHASE=01_ATOM_LABEL
1000
ENTITY_ID=line_0159
999
AI4M_ENTITY=line_0160__seg_01;LINE_ROLE=cut_line;EDGE=unknown;SOURCE_LAYER=11
0
POLYLINE
8
AI4M_01_ATOM_CUT
66
1
70
0
1001
AI4MANUFACTURING
1000
WRITEBACK_PHASE=01_ATOM
1000
ENTITY_ID=line_0160__seg_01
1000
SOURCE_HANDLE=874
1000
LINE_ROLE=cut_line
1000
EDGE=unknown
1000
CHAIN=chain_mryhfci4
1000
PIECE_ID=front_body_manual_01
1000
SEAM_PAIR=
1000
PAIRED_CHAIN=
1000
NOTCH_CHAIN=
1000
NOTCH_SOURCE=
1000
PIECE_ROLE=front_body
1000
SEAM_ALLOWANCE_MM=
1000
SOURCE_LAYER=11
0
VERTEX
8
AI4M_01_ATOM_CUT
10
3551.460571
20
471.874008
30
0
0
VERTEX
8
AI4M_01_ATOM_CUT
10
3550.086365
20
456.197891
30
0
0
VERTEX
8
AI4M_01_ATOM_CUT
10
3548.707275
20
440.82325
30
0
0
VERTEX
8
AI4M_01_ATOM_CUT
10
3547.297058
20
425.428047
30
0
0
VERTEX
8
AI4M_01_ATOM_CUT
10
3546.217651
20
412.155685
30
0
0
VERTEX
8
AI4M_01_ATOM_CUT
10
3545.307312
20
397.590218
30
0
0
VERTEX
8
AI4M_01_ATOM_CUT
10
3544.563293
20
382.541046
30
0
0
VERTEX
8
AI4M_01_ATOM_CUT
10
3543.947449
20
367.398605
30
0
0
VERTEX
8
AI4M_01_ATOM_CUT
10
3543.486633
20
352.791748
30
0
0
VERTEX
8
AI4M_01_ATOM_CUT
10
3543.155212
20
337.078743
30
0
0
VERTEX
8
AI4M_01_ATOM_CUT
10
3543.025818
20
321.924171
30
0
0
VERTEX
8
AI4M_01_ATOM_CUT
10
3543.110962
20
306.735306
30
0
0
VERTEX
8
AI4M_01_ATOM_CUT
10
3543.409119
20
291.583157
30
0
0
VERTEX
8
AI4M_01_ATOM_CUT
10
3543.913574
20
276.121693
30
0
0
VERTEX
8
AI4M_01_ATOM_CUT
10
3544.566345
20
260.98074
30
0
0
VERTEX
8
AI4M_01_ATOM_CUT
10
3545.335388
20
245.782185
30
0
0
VERTEX
8
AI4M_01_ATOM_CUT
10
3546.167603
20
230.65033
30
0
0
VERTEX
8
AI4M_01_ATOM_CUT
10
3547.015381
20
215.519409
30
0
0
VERTEX
8
AI4M_01_ATOM_CUT
10
3547.85553
20
200.235386
30
0
0
VERTEX
8
AI4M_01_ATOM_CUT
10
3548.72345
20
184.775982
30
0
0
VERTEX
8
AI4M_01_ATOM_CUT
10
3549.596558
20
169.646435
30
0
0
VERTEX
8
AI4M_01_ATOM_CUT
10
3550.483398
20
154.517679
30
0
0
VERTEX
8
AI4M_01_ATOM_CUT
10
3551.374817
20
139.377489
30
0
0
VERTEX
8
AI4M_01_ATOM_CUT
10
3552.26593
20
124.231863
30
0
0
VERTEX
8
AI4M_01_ATOM_CUT
10
3552.927551
20
112.971125
30
0
0
SEQEND
8
AI4M_01_ATOM_CUT
0
TEXT
8
AI4M_01_ATOM_CUT
10
3551.460571
20
471.874008
30
0
40
2.5
1
AI4M_line_0160__seg_01_cut_line_unknown
1001
AI4MANUFACTURING
1000
WRITEBACK_PHASE=01_ATOM_LABEL
1000
ENTITY_ID=line_0160__seg_01
999
AI4M_ENTITY=line_0161__seg_01;LINE_ROLE=armhole_front;EDGE=armhole_front;SOURCE_LAYER=11
0
POLYLINE
8
AI4M_01_ATOM_INTERNAL
66
1
70
0
1001
AI4MANUFACTURING
1000
WRITEBACK_PHASE=01_ATOM
1000
ENTITY_ID=line_0161__seg_01
1000
SOURCE_HANDLE=890
1000
LINE_ROLE=armhole_front
1000
EDGE=armhole_front
1000
CHAIN=chain_mryhfci4
1000
PIECE_ID=front_body_manual_01
1000
SEAM_PAIR=
1000
PAIRED_CHAIN=
1000
NOTCH_CHAIN=
1000
NOTCH_SOURCE=
1000
PIECE_ROLE=front_body
1000
SEAM_ALLOWANCE_MM=
1000
SOURCE_LAYER=11
0
VERTEX
8
AI4M_01_ATOM_INTERNAL
10
3514.367676
20
638.376312
30
0
0
VERTEX
8
AI4M_01_ATOM_INTERNAL
10
3508.338623
20
625.600319
30
0
0
VERTEX
8
AI4M_01_ATOM_INTERNAL
10
3501.774597
20
612.019234
30
0
0
VERTEX
8
AI4M_01_ATOM_INTERNAL
10
3498.851929
20
605.477905
30
0
0
VERTEX
8
AI4M_01_ATOM_INTERNAL
10
3496.733093
20
600.184402
30
0
0
VERTEX
8
AI4M_01_ATOM_INTERNAL
10
3491.831665
20
585.991936
30
0
0
VERTEX
8
AI4M_01_ATOM_INTERNAL
10
3490.153503
20
580.517006
30
0
0
VERTEX
8
AI4M_01_ATOM_INTERNAL
10
3488.866882
20
575.506592
30
0
0
VERTEX
8
AI4M_01_ATOM_INTERNAL
10
3487.787781
20
570.245361
30
0
0
VERTEX
8
AI4M_01_ATOM_INTERNAL
10
3485.771179
20
559.672279
30
0
0
VERTEX
8
AI4M_01_ATOM_INTERNAL
10
3485.083923
20
554.807587
30
0
0
VERTEX
8
AI4M_01_ATOM_INTERNAL
10
3484.741516
20
550.71125
30
0
0
VERTEX
8
AI4M_01_ATOM_INTERNAL
10
3484.65332
20
546.24218
30
0
0
VERTEX
8
AI4M_01_ATOM_INTERNAL
10
3484.615173
20
538.176079
30
0
0
VERTEX
8
AI4M_01_ATOM_INTERNAL
10
3484.895325
20
534.342041
30
0
0
VERTEX
8
AI4M_01_ATOM_INTERNAL
10
3485.491943
20
529.866524
30
0
0
VERTEX
8
AI4M_01_ATOM_INTERNAL
10
3486.400452
20
524.886475
30
0
0
VERTEX
8
AI4M_01_ATOM_INTERNAL
10
3487.443237
20
520.50251
30
0
0
VERTEX
8
AI4M_01_ATOM_INTERNAL
10
3488.699646
20
516.320267
30
0
0
VERTEX
8
AI4M_01_ATOM_INTERNAL
10
3490.434265
20
511.472435
30
0
0
VERTEX
8
AI4M_01_ATOM_INTERNAL
10
3491.879883
20
508.047447
30
0
0
VERTEX
8
AI4M_01_ATOM_INTERNAL
10
3493.225403
20
505.46402
30
0
0
VERTEX
8
AI4M_01_ATOM_INTERNAL
10
3497.127075
20
498.818817
30
0
0
VERTEX
8
AI4M_01_ATOM_INTERNAL
10
3499.048157
20
496.117363
30
0
0
VERTEX
8
AI4M_01_ATOM_INTERNAL
10
3501.439819
20
493.19561
30
0
0
VERTEX
8
AI4M_01_ATOM_INTERNAL
10
3504.319153
20
490.075722
30
0
0
VERTEX
8
AI4M_01_ATOM_INTERNAL
10
3507.168274
20
487.351494
30
0
0
VERTEX
8
AI4M_01_ATOM_INTERNAL
10
3510.214844
20
484.791985
30
0
0
VERTEX
8
AI4M_01_ATOM_INTERNAL
10
3513.393555
20
482.448578
30
0
0
VERTEX
8
AI4M_01_ATOM_INTERNAL
10
3516.738586
20
480.293427
30
0
0
VERTEX
8
AI4M_01_ATOM_INTERNAL
10
3520.174255
20
478.376045
30
0
0
VERTEX
8
AI4M_01_ATOM_INTERNAL
10
3523.527527
20
476.779327
30
0
0
VERTEX
8
AI4M_01_ATOM_INTERNAL
10
3526.856384
20
475.462341
30
0
0
VERTEX
8
AI4M_01_ATOM_INTERNAL
10
3530.023499
20
474.473343
30
0
0
VERTEX
8
AI4M_01_ATOM_INTERNAL
10
3533.056946
20
473.790092
30
0
0
VERTEX
8
AI4M_01_ATOM_INTERNAL
10
3536.601563
20
473.276939
30
0
0
VERTEX
8
AI4M_01_ATOM_INTERNAL
10
3542.96051
20
472.742424
30
0
0
VERTEX
8
AI4M_01_ATOM_INTERNAL
10
3549.787903
20
472.072792
30
0
0
VERTEX
8
AI4M_01_ATOM_INTERNAL
10
3551.460571
20
471.874008
30
0
0
SEQEND
8
AI4M_01_ATOM_INTERNAL
0
TEXT
8
AI4M_01_ATOM_INTERNAL
10
3514.367676
20
638.376312
30
0
40
2.5
1
AI4M_line_0161__seg_01_armhole_front_armhole_front
1001
AI4MANUFACTURING
1000
WRITEBACK_PHASE=01_ATOM_LABEL
1000
ENTITY_ID=line_0161__seg_01
999
AI4M_ENTITY=line_0162__seg_01;LINE_ROLE=cut_line;EDGE=unknown;SOURCE_LAYER=11
0
POLYLINE
8
AI4M_01_ATOM_CUT
66
1
70
0
1001
AI4MANUFACTURING
1000
WRITEBACK_PHASE=01_ATOM
1000
ENTITY_ID=line_0162__seg_01
1000
SOURCE_HANDLE=8BA
1000
LINE_ROLE=cut_line
1000
EDGE=unknown
1000
CHAIN=chain_mryhfci4
1000
PIECE_ID=front_body_manual_01
1000
SEAM_PAIR=
1000
PAIRED_CHAIN=
1000
NOTCH_CHAIN=
1000
NOTCH_SOURCE=
1000
PIECE_ROLE=front_body
1000
SEAM_ALLOWANCE_MM=
1000
SOURCE_LAYER=11
0
VERTEX
8
AI4M_01_ATOM_CUT
10
3409.309998
20
685.353012
30
0
0
VERTEX
8
AI4M_01_ATOM_CUT
10
3423.818359
20
679.423294
30
0
0
VERTEX
8
AI4M_01_ATOM_CUT
10
3437.909546
20
673.707581
30
0
0
VERTEX
8
AI4M_01_ATOM_CUT
10
3451.05011
20
668.211594
30
0
0
VERTEX
8
AI4M_01_ATOM_CUT
10
3463.867798
20
662.566223
30
0
0
VERTEX
8
AI4M_01_ATOM_CUT
10
3477.756348
20
656.172562
30
0
0
VERTEX
8
AI4M_01_ATOM_CUT
10
3491.483154
20
649.630356
30
0
0
VERTEX
8
AI4M_01_ATOM_CUT
10
3505.248413
20
642.899094
30
0
0
VERTEX
8
AI4M_01_ATOM_CUT
10
3514.367676
20
638.376312
30
0
0
SEQEND
8
AI4M_01_ATOM_CUT
0
TEXT
8
AI4M_01_ATOM_CUT
10
3409.309998
20
685.353012
30
0
40
2.5
1
AI4M_line_0162__seg_01_cut_line_unknown
1001
AI4MANUFACTURING
1000
WRITEBACK_PHASE=01_ATOM_LABEL
1000
ENTITY_ID=line_0162__seg_01
999
AI4M_ENTITY=line_0163__seg_01;LINE_ROLE=neckline;EDGE=neckline;SOURCE_LAYER=11
0
POLYLINE
8
AI4M_01_ATOM_INTERNAL
66
1
70
0
1001
AI4MANUFACTURING
1000
WRITEBACK_PHASE=01_ATOM
1000
ENTITY_ID=line_0163__seg_01
1000
SOURCE_HANDLE=8C6
1000
LINE_ROLE=neckline
1000
EDGE=neckline
1000
CHAIN=chain_mryhfci4
1000
PIECE_ID=front_body_manual_01
1000
SEAM_PAIR=
1000
PAIRED_CHAIN=
1000
NOTCH_CHAIN=
1000
NOTCH_SOURCE=
1000
PIECE_ROLE=front_body
1000
SEAM_ALLOWANCE_MM=
1000
SOURCE_LAYER=11
0
VERTEX
8
AI4M_01_ATOM_INTERNAL
10
3310
20
559.308167
30
0
0
VERTEX
8
AI4M_01_ATOM_INTERNAL
10
3316.543579
20
559.696083
30
0
0
VERTEX
8
AI4M_01_ATOM_INTERNAL
10
3322.178955
20
560.285759
30
0
0
VERTEX
8
AI4M_01_ATOM_INTERNAL
10
3326.798401
20
561.00544
30
0
0
VERTEX
8
AI4M_01_ATOM_INTERNAL
10
3331.253052
20
561.944199
30
0
0
VERTEX
8
AI4M_01_ATOM_INTERNAL
10
3335.636292
20
563.117599
30
0
0
VERTEX
8
AI4M_01_ATOM_INTERNAL
10
3339.613037
20
564.43058
30
0
0
VERTEX
8
AI4M_01_ATOM_INTERNAL
10
3343.282776
20
565.895958
30
0
0
VERTEX
8
AI4M_01_ATOM_INTERNAL
10
3346.906128
20
567.607651
30
0
0
VERTEX
8
AI4M_01_ATOM_INTERNAL
10
3350.608826
20
569.639053
30
0
0
VERTEX
8
AI4M_01_ATOM_INTERNAL
10
3354.155273
20
571.868248
30
0
0
VERTEX
8
AI4M_01_ATOM_INTERNAL
10
3357.563782
20
574.301262
30
0
0
VERTEX
8
AI4M_01_ATOM_INTERNAL
10
3360.907898
20
577.000237
30
0
0
VERTEX
8
AI4M_01_ATOM_INTERNAL
10
3364.146423
20
579.935837
30
0
0
VERTEX
8
AI4M_01_ATOM_INTERNAL
10
3367.36084
20
583.189545
30
0
0
VERTEX
8
AI4M_01_ATOM_INTERNAL
10
3370.505371
20
586.72821
30
0
0
VERTEX
8
AI4M_01_ATOM_INTERNAL
10
3373.610535
20
590.595894
30
0
0
VERTEX
8
AI4M_01_ATOM_INTERNAL
10
3376.716309
20
594.86496
30
0
0
VERTEX
8
AI4M_01_ATOM_INTERNAL
10
3379.87854
20
599.65004
30
0
0
VERTEX
8
AI4M_01_ATOM_INTERNAL
10
3382.975464
20
604.797592
30
0
0
VERTEX
8
AI4M_01_ATOM_INTERNAL
10
3386.044006
20
610.382004
30
0
0
VERTEX
8
AI4M_01_ATOM_INTERNAL
10
3388.980713
20
616.240196
30
0
0
VERTEX
8
AI4M_01_ATOM_INTERNAL
10
3391.700439
20
622.210922
30
0
0
VERTEX
8
AI4M_01_ATOM_INTERNAL
10
3394.264832
20
628.438835
30
0
0
VERTEX
8
AI4M_01_ATOM_INTERNAL
10
3396.647949
20
634.888954
30
0
0
VERTEX
8
AI4M_01_ATOM_INTERNAL
10
3398.933105
20
641.802368
30
0
0
VERTEX
8
AI4M_01_ATOM_INTERNAL
10
3401.176453
20
649.405746
30
0
0
VERTEX
8
AI4M_01_ATOM_INTERNAL
10
3403.251953
20
657.329636
30
0
0
VERTEX
8
AI4M_01_ATOM_INTERNAL
10
3405.263977
20
666.037827
30
0
0
VERTEX
8
AI4M_01_ATOM_INTERNAL
10
3408.334351
20
680.806274
30
0
0
VERTEX
8
AI4M_01_ATOM_INTERNAL
10
3409.309998
20
685.353012
30
0
0
SEQEND
8
AI4M_01_ATOM_INTERNAL
0
TEXT
8
AI4M_01_ATOM_INTERNAL
10
3310
20
559.308167
30
0
40
2.5
1
AI4M_line_0163__seg_01_neckline_neckline
1001
AI4MANUFACTURING
1000
WRITEBACK_PHASE=01_ATOM_LABEL
1000
ENTITY_ID=line_0163__seg_01
999
AI4M_ENTITY=line_0164__seg_01;LINE_ROLE=neckline;EDGE=neckline;SOURCE_LAYER=11
0
POLYLINE
8
AI4M_01_ATOM_INTERNAL
66
1
70
0
1001
AI4MANUFACTURING
1000
WRITEBACK_PHASE=01_ATOM
1000
ENTITY_ID=line_0164__seg_01
1000
SOURCE_HANDLE=8E8
1000
LINE_ROLE=neckline
1000
EDGE=neckline
1000
CHAIN=chain_mryhfci4
1000
PIECE_ID=front_body_manual_01
1000
SEAM_PAIR=
1000
PAIRED_CHAIN=
1000
NOTCH_CHAIN=
1000
NOTCH_SOURCE=
1000
PIECE_ROLE=front_body
1000
SEAM_ALLOWANCE_MM=
1000
SOURCE_LAYER=11
0
VERTEX
8
AI4M_01_ATOM_INTERNAL
10
3210.690002
20
685.353012
30
0
0
VERTEX
8
AI4M_01_ATOM_INTERNAL
10
3213.789978
20
670.476685
30
0
0
VERTEX
8
AI4M_01_ATOM_INTERNAL
10
3215.98114
20
660.522537
30
0
0
VERTEX
8
AI4M_01_ATOM_INTERNAL
10
3218.006287
20
652.410507
30
0
0
VERTEX
8
AI4M_01_ATOM_INTERNAL
10
3220.180054
20
644.701843
30
0
0
VERTEX
8
AI4M_01_ATOM_INTERNAL
10
3222.493896
20
637.394676
30
0
0
VERTEX
8
AI4M_01_ATOM_INTERNAL
10
3224.867859
20
630.704498
30
0
0
VERTEX
8
AI4M_01_ATOM_INTERNAL
10
3227.388
20
624.350853
30
0
0
VERTEX
8
AI4M_01_ATOM_INTERNAL
10
3230.085754
20
618.22403
30
0
0
VERTEX
8
AI4M_01_ATOM_INTERNAL
10
3232.948914
20
612.329521
30
0
0
VERTEX
8
AI4M_01_ATOM_INTERNAL
10
3236.036987
20
606.540146
30
0
0
VERTEX
8
AI4M_01_ATOM_INTERNAL
10
3239.160767
20
601.196442
30
0
0
VERTEX
8
AI4M_01_ATOM_INTERNAL
10
3242.307434
20
596.293983
30
0
0
VERTEX
8
AI4M_01_ATOM_INTERNAL
10
3245.458069
20
591.833
30
0
0
VERTEX
8
AI4M_01_ATOM_INTERNAL
10
3248.650513
20
587.741623
30
0
0
VERTEX
8
AI4M_01_ATOM_INTERNAL
10
3251.867065
20
584.024239
30
0
0
VERTEX
8
AI4M_01_ATOM_INTERNAL
10
3255.054016
20
580.71209
30
0
0
VERTEX
8
AI4M_01_ATOM_INTERNAL
10
3258.387756
20
577.610779
30
0
0
VERTEX
8
AI4M_01_ATOM_INTERNAL
10
3261.754761
20
574.824944
30
0
0
VERTEX
8
AI4M_01_ATOM_INTERNAL
10
3265.151672
20
572.338905
30
0
0
VERTEX
8
AI4M_01_ATOM_INTERNAL
10
3268.671265
20
570.068321
30
0
0
VERTEX
8
AI4M_01_ATOM_INTERNAL
10
3272.416992
20
567.957382
30
0
0
VERTEX
8
AI4M_01_ATOM_INTERNAL
10
3276.187134
20
566.129761
30
0
0
VERTEX
8
AI4M_01_ATOM_INTERNAL
10
3279.924927
20
564.600716
30
0
0
VERTEX
8
AI4M_01_ATOM_INTERNAL
10
3283.892212
20
563.259926
30
0
0
VERTEX
8
AI4M_01_ATOM_INTERNAL
10
3288.230896
20
562.068977
30
0
0
VERTEX
8
AI4M_01_ATOM_INTERNAL
10
3292.680054
20
561.102638
30
0
0
VERTEX
8
AI4M_01_ATOM_INTERNAL
10
3297.333984
20
560.350113
30
0
0
VERTEX
8
AI4M_01_ATOM_INTERNAL
10
3302.704163
20
559.76017
30
0
0
VERTEX
8
AI4M_01_ATOM_INTERNAL
10
3308.623352
20
559.362411
30
0
0
VERTEX
8
AI4M_01_ATOM_INTERNAL
10
3310
20
559.308167
30
0
0
SEQEND
8
AI4M_01_ATOM_INTERNAL
0
TEXT
8
AI4M_01_ATOM_INTERNAL
10
3210.690002
20
685.353012
30
0
40
2.5
1
AI4M_line_0164__seg_01_neckline_neckline
1001
AI4MANUFACTURING
1000
WRITEBACK_PHASE=01_ATOM_LABEL
1000
ENTITY_ID=line_0164__seg_01
999
AI4M_ENTITY=line_0165__seg_01;LINE_ROLE=cut_line;EDGE=unknown;SOURCE_LAYER=11
0
POLYLINE
8
AI4M_01_ATOM_CUT
66
1
70
0
1001
AI4MANUFACTURING
1000
WRITEBACK_PHASE=01_ATOM
1000
ENTITY_ID=line_0165__seg_01
1000
SOURCE_HANDLE=90A
1000
LINE_ROLE=cut_line
1000
EDGE=unknown
1000
CHAIN=chain_mryhfci4
1000
PIECE_ID=front_body_manual_01
1000
SEAM_PAIR=
1000
PAIRED_CHAIN=
1000
NOTCH_CHAIN=
1000
NOTCH_SOURCE=
1000
PIECE_ROLE=front_body
1000
SEAM_ALLOWANCE_MM=
1000
SOURCE_LAYER=11
0
VERTEX
8
AI4M_01_ATOM_CUT
10
3105.632324
20
638.376312
30
0
0
VERTEX
8
AI4M_01_ATOM_CUT
10
3119.773254
20
645.371475
30
0
0
VERTEX
8
AI4M_01_ATOM_CUT
10
3133.4552
20
652.006302
30
0
0
VERTEX
8
AI4M_01_ATOM_CUT
10
3147.321777
20
658.539658
30
0
0
VERTEX
8
AI4M_01_ATOM_CUT
10
3161.17218
20
664.818192
30
0
0
VERTEX
8
AI4M_01_ATOM_CUT
10
3173.736877
20
670.246811
30
0
0
VERTEX
8
AI4M_01_ATOM_CUT
10
3187.799683
20
676.030655
30
0
0
VERTEX
8
AI4M_01_ATOM_CUT
10
3202.035217
20
681.805267
30
0
0
VERTEX
8
AI4M_01_ATOM_CUT
10
3210.690002
20
685.353012
30
0
0
SEQEND
8
AI4M_01_ATOM_CUT
0
TEXT
8
AI4M_01_ATOM_CUT
10
3105.632324
20
638.376312
30
0
40
2.5
1
AI4M_line_0165__seg_01_cut_line_unknown
1001
AI4MANUFACTURING
1000
WRITEBACK_PHASE=01_ATOM_LABEL
1000
ENTITY_ID=line_0165__seg_01
999
AI4M_ENTITY=line_0166__seg_01;LINE_ROLE=cut_line;EDGE=unknown;SOURCE_LAYER=11
0
POLYLINE
8
AI4M_01_ATOM_CUT
66
1
70
0
1001
AI4MANUFACTURING
1000
WRITEBACK_PHASE=01_ATOM
1000
ENTITY_ID=line_0166__seg_01
1000
SOURCE_HANDLE=916
1000
LINE_ROLE=cut_line
1000
EDGE=unknown
1000
CHAIN=chain_mryhfci4
1000
PIECE_ID=front_body_manual_01
1000
SEAM_PAIR=
1000
PAIRED_CHAIN=
1000
NOTCH_CHAIN=
1000
NOTCH_SOURCE=
1000
PIECE_ROLE=front_body
1000
SEAM_ALLOWANCE_MM=
1000
SOURCE_LAYER=11
0
VERTEX
8
AI4M_01_ATOM_CUT
10
3068.539429
20
471.874008
30
0
0
VERTEX
8
AI4M_01_ATOM_CUT
10
3076.488647
20
472.698364
30
0
0
VERTEX
8
AI4M_01_ATOM_CUT
10
3083.846436
20
473.328781
30
0
0
VERTEX
8
AI4M_01_ATOM_CUT
10
3087.391052
20
473.874741
30
0
0
VERTEX
8
AI4M_01_ATOM_CUT
10
3090.378723
20
474.58374
30
0
0
VERTEX
8
AI4M_01_ATOM_CUT
10
3093.531494
20
475.601807
30
0
0
VERTEX
8
AI4M_01_ATOM_CUT
10
3096.912842
20
476.973648
30
0
0
VERTEX
8
AI4M_01_ATOM_CUT
10
3100.261536
20
478.603554
30
0
0
VERTEX
8
AI4M_01_ATOM_CUT
10
3103.725586
20
480.574913
30
0
0
VERTEX
8
AI4M_01_ATOM_CUT
10
3107.069397
20
482.771187
30
0
0
VERTEX
8
AI4M_01_ATOM_CUT
10
3110.21637
20
485.134354
30
0
0
VERTEX
8
AI4M_01_ATOM_CUT
10
3113.153381
20
487.642059
30
0
0
VERTEX
8
AI4M_01_ATOM_CUT
10
3115.986938
20
490.389519
30
0
0
VERTEX
8
AI4M_01_ATOM_CUT
10
3118.831177
20
493.509216
30
0
0
VERTEX
8
AI4M_01_ATOM_CUT
10
3121.257019
20
496.520348
30
0
0
VERTEX
8
AI4M_01_ATOM_CUT
10
3123.144226
20
499.238052
30
0
0
VERTEX
8
AI4M_01_ATOM_CUT
10
3125.253601
20
502.824554
30
0
0
VERTEX
8
AI4M_01_ATOM_CUT
10
3127.866821
20
507.517891
30
0
0
VERTEX
8
AI4M_01_ATOM_CUT
10
3129.201965
20
510.548782
30
0
0
VERTEX
8
AI4M_01_ATOM_CUT
10
3130.96344
20
515.317078
30
0
0
VERTEX
8
AI4M_01_ATOM_CUT
10
3132.323914
20
519.657059
30
0
0
VERTEX
8
AI4M_01_ATOM_CUT
10
3133.381653
20
523.875122
30
0
0
VERTEX
8
AI4M_01_ATOM_CUT
10
3134.302979
20
528.616905
30
0
0
VERTEX
8
AI4M_01_ATOM_CUT
10
3135.002441
20
533.422279
30
0
0
VERTEX
8
AI4M_01_ATOM_CUT
10
3135.349426
20
537.406769
30
0
0
VERTEX
8
AI4M_01_ATOM_CUT
10
3135.420227
20
541.032372
30
0
0
VERTEX
8
AI4M_01_ATOM_CUT
10
3135.195007
20
551.76384
30
0
0
VERTEX
8
AI4M_01_ATOM_CUT
10
3134.770203
20
556.019554
30
0
0
VERTEX
8
AI4M_01_ATOM_CUT
10
3133.988953
20
561.069336
30
0
0
VERTEX
8
AI4M_01_ATOM_CUT
10
3131.152344
20
575.397682
30
0
0
VERTEX
8
AI4M_01_ATOM_CUT
10
3129.838867
20
580.471077
30
0
0
VERTEX
8
AI4M_01_ATOM_CUT
10
3127.757568
20
587.341309
30
0
0
VERTEX
8
AI4M_01_ATOM_CUT
10
3125.328674
20
594.525948
30
0
0
VERTEX
8
AI4M_01_ATOM_CUT
10
3122.750244
20
601.39492
30
0
0
VERTEX
8
AI4M_01_ATOM_CUT
10
3119.951782
20
608.147659
30
0
0
VERTEX
8
AI4M_01_ATOM_CUT
10
3116.944885
20
614.763565
30
0
0
VERTEX
8
AI4M_01_ATOM_CUT
10
3110.323486
20
628.369217
30
0
0
VERTEX
8
AI4M_01_ATOM_CUT
10
3105.632324
20
638.376312
30
0
0
SEQEND
8
AI4M_01_ATOM_CUT
0
TEXT
8
AI4M_01_ATOM_CUT
10
3068.539429
20
471.874008
30
0
40
2.5
1
AI4M_line_0166__seg_01_cut_line_unknown
1001
AI4MANUFACTURING
1000
WRITEBACK_PHASE=01_ATOM_LABEL
1000
ENTITY_ID=line_0166__seg_01
999
AI4M_ENTITY=line_0167__seg_01;LINE_ROLE=side_seam;EDGE=side_seam;SOURCE_LAYER=11
0
POLYLINE
8
AI4M_01_ATOM_INTERNAL
66
1
70
0
1001
AI4MANUFACTURING
1000
WRITEBACK_PHASE=01_ATOM
1000
ENTITY_ID=line_0167__seg_01
1000
SOURCE_HANDLE=93F
1000
LINE_ROLE=side_seam
1000
EDGE=side_seam
1000
CHAIN=chain_mryhfci4
1000
PIECE_ID=front_body_manual_01
1000
SEAM_PAIR=
1000
PAIRED_CHAIN=
1000
NOTCH_CHAIN=
1000
NOTCH_SOURCE=
1000
PIECE_ROLE=front_body
1000
SEAM_ALLOWANCE_MM=
1000
SOURCE_LAYER=11
0
VERTEX
8
AI4M_01_ATOM_INTERNAL
10
3067.072144
20
112.971125
30
0
0
VERTEX
8
AI4M_01_ATOM_INTERNAL
10
3068.003845
20
128.821125
30
0
0
VERTEX
8
AI4M_01_ATOM_INTERNAL
10
3068.916626
20
144.329786
30
0
0
VERTEX
8
AI4M_01_ATOM_INTERNAL
10
3069.810486
20
159.516115
30
0
0
VERTEX
8
AI4M_01_ATOM_INTERNAL
10
3070.693665
20
174.6451
30
0
0
VERTEX
8
AI4M_01_ATOM_INTERNAL
10
3071.560059
20
189.775009
30
0
0
VERTEX
8
AI4M_01_ATOM_INTERNAL
10
3072.403564
20
204.950809
30
0
0
VERTEX
8
AI4M_01_ATOM_INTERNAL
10
3073.257446
20
220.410976
30
0
0
VERTEX
8
AI4M_01_ATOM_INTERNAL
10
3074.10553
20
235.541897
30
0
0
VERTEX
8
AI4M_01_ATOM_INTERNAL
10
3074.92157
20
250.674686
30
0
0
VERTEX
8
AI4M_01_ATOM_INTERNAL
10
3075.662842
20
265.964165
30
0
0
VERTEX
8
AI4M_01_ATOM_INTERNAL
10
3076.268921
20
281.106987
30
0
0
VERTEX
8
AI4M_01_ATOM_INTERNAL
10
3076.705627
20
296.318645
30
0
0
VERTEX
8
AI4M_01_ATOM_INTERNAL
10
3076.939087
20
311.47192
30
0
0
VERTEX
8
AI4M_01_ATOM_INTERNAL
10
3076.954041
20
326.941757
30
0
0
VERTEX
8
AI4M_01_ATOM_INTERNAL
10
3076.759033
20
342.095718
30
0
0
VERTEX
8
AI4M_01_ATOM_INTERNAL
10
3076.386414
20
357.280235
30
0
0
VERTEX
8
AI4M_01_ATOM_INTERNAL
10
3075.863037
20
372.425766
30
0
0
VERTEX
8
AI4M_01_ATOM_INTERNAL
10
3075.203247
20
387.566795
30
0
0
VERTEX
8
AI4M_01_ATOM_INTERNAL
10
3074.398804
20
402.722435
30
0
0
VERTEX
8
AI4M_01_ATOM_INTERNAL
10
3073.440247
20
416.721687
30
0
0
VERTEX
8
AI4M_01_ATOM_INTERNAL
10
3072.125854
20
431.73008
30
0
0
VERTEX
8
AI4M_01_ATOM_INTERNAL
10
3070.738525
20
446.95694
30
0
0
VERTEX
8
AI4M_01_ATOM_INTERNAL
10
3069.409485
20
461.904411
30
0
0
VERTEX
8
AI4M_01_ATOM_INTERNAL
10
3068.539429
20
471.874008
30
0
0
SEQEND
8
AI4M_01_ATOM_INTERNAL
0
TEXT
8
AI4M_01_ATOM_INTERNAL
10
3067.072144
20
112.971125
30
0
40
2.5
1
AI4M_line_0167__seg_01_side_seam_side_seam
1001
AI4MANUFACTURING
1000
WRITEBACK_PHASE=01_ATOM_LABEL
1000
ENTITY_ID=line_0167__seg_01
999
AI4M_ENTITY=line_0168;LINE_ROLE=cut_line;EDGE=unknown;SOURCE_LAYER=11
0
POLYLINE
8
AI4M_01_ATOM_CUT
66
1
70
0
1001
AI4MANUFACTURING
1000
WRITEBACK_PHASE=01_ATOM
1000
ENTITY_ID=line_0168
1000
SOURCE_HANDLE=95B
1000
LINE_ROLE=cut_line
1000
EDGE=unknown
1000
CHAIN=chain_mryhfci4
1000
PIECE_ID=front_body_manual_01
1000
SEAM_PAIR=
1000
PAIRED_CHAIN=
1000
NOTCH_CHAIN=
1000
NOTCH_SOURCE=
1000
PIECE_ROLE=front_body
1000
SEAM_ALLOWANCE_MM=
1000
SOURCE_LAYER=11
0
VERTEX
8
AI4M_01_ATOM_CUT
10
3064.075317
20
93.307304
30
0
0
VERTEX
8
AI4M_01_ATOM_CUT
10
3067.072144
20
112.971125
30
0
0
SEQEND
8
AI4M_01_ATOM_CUT
0
TEXT
8
AI4M_01_ATOM_CUT
10
3064.075317
20
93.307304
30
0
40
2.5
1
AI4M_line_0168_cut_line_unknown
1001
AI4MANUFACTURING
1000
WRITEBACK_PHASE=01_ATOM_LABEL
1000
ENTITY_ID=line_0168
999
AI4M_ENTITY=line_0169__seg_01;LINE_ROLE=hem_line;EDGE=hem_line;SOURCE_LAYER=11
0
POLYLINE
8
AI4M_01_ATOM_INTERNAL
66
1
70
0
1001
AI4MANUFACTURING
1000
WRITEBACK_PHASE=01_ATOM
1000
ENTITY_ID=line_0169__seg_01
1000
SOURCE_HANDLE=960
1000
LINE_ROLE=hem_line
1000
EDGE=hem_line
1000
CHAIN=chain_mryhfci4
1000
PIECE_ID=front_body_manual_01
1000
SEAM_PAIR=
1000
PAIRED_CHAIN=
1000
NOTCH_CHAIN=
1000
NOTCH_SOURCE=
1000
PIECE_ROLE=front_body
1000
SEAM_ALLOWANCE_MM=
1000
SOURCE_LAYER=11
0
VERTEX
8
AI4M_01_ATOM_INTERNAL
10
3310
20
74.647021
30
0
0
VERTEX
8
AI4M_01_ATOM_INTERNAL
10
3293.898315
20
74.821362
30
0
0
VERTEX
8
AI4M_01_ATOM_INTERNAL
10
3278.267517
20
75.133424
30
0
0
VERTEX
8
AI4M_01_ATOM_INTERNAL
10
3263.11676
20
75.606165
30
0
0
VERTEX
8
AI4M_01_ATOM_INTERNAL
10
3247.689514
20
76.248569
30
0
0
VERTEX
8
AI4M_01_ATOM_INTERNAL
10
3232.551575
20
77.023845
30
0
0
VERTEX
8
AI4M_01_ATOM_INTERNAL
10
3217.420654
20
77.930975
30
0
0
VERTEX
8
AI4M_01_ATOM_INTERNAL
10
3202.315674
20
78.957925
30
0
0
VERTEX
8
AI4M_01_ATOM_INTERNAL
10
3187.201233
20
80.103073
30
0
0
VERTEX
8
AI4M_01_ATOM_INTERNAL
10
3172.095947
20
81.366253
30
0
0
VERTEX
8
AI4M_01_ATOM_INTERNAL
10
3156.656189
20
82.780247
30
0
0
VERTEX
8
AI4M_01_ATOM_INTERNAL
10
3141.572266
20
84.275255
30
0
0
VERTEX
8
AI4M_01_ATOM_INTERNAL
10
3126.438293
20
85.879765
30
0
0
VERTEX
8
AI4M_01_ATOM_INTERNAL
10
3111.539917
20
87.54982
30
0
0
VERTEX
8
AI4M_01_ATOM_INTERNAL
10
3096.133728
20
89.351959
30
0
0
VERTEX
8
AI4M_01_ATOM_INTERNAL
10
3081.089478
20
91.173716
30
0
0
VERTEX
8
AI4M_01_ATOM_INTERNAL
10
3066.3797
20
93.012466
30
0
0
VERTEX
8
AI4M_01_ATOM_INTERNAL
10
3064.075317
20
93.307304
30
0
0
SEQEND
8
AI4M_01_ATOM_INTERNAL
0
TEXT
8
AI4M_01_ATOM_INTERNAL
10
3310
20
74.647021
30
0
40
2.5
1
AI4M_line_0169__seg_01_hem_line_hem_line
1001
AI4MANUFACTURING
1000
WRITEBACK_PHASE=01_ATOM_LABEL
1000
ENTITY_ID=line_0169__seg_01
999
AI4M_ENTITY=line_0170;LINE_ROLE=cut_line;EDGE=unknown;SOURCE_LAYER=11
0
POLYLINE
8
AI4M_01_ATOM_CUT
66
1
70
0
1001
AI4MANUFACTURING
1000
WRITEBACK_PHASE=01_ATOM
1000
ENTITY_ID=line_0170
1000
SOURCE_HANDLE=975
1000
LINE_ROLE=cut_line
1000
EDGE=unknown
1000
CHAIN=chain_mryhfci4
1000
PIECE_ID=front_body_manual_01
1000
SEAM_PAIR=
1000
PAIRED_CHAIN=
1000
NOTCH_CHAIN=
1000
NOTCH_SOURCE=
1000
PIECE_ROLE=front_body
1000
SEAM_ALLOWANCE_MM=
1000
SOURCE_LAYER=11
0
VERTEX
8
AI4M_01_ATOM_CUT
10
3328.398438
20
324.422989
30
0
0
VERTEX
8
AI4M_01_ATOM_CUT
10
3328.398438
20
198.984337
30
0
0
SEQEND
8
AI4M_01_ATOM_CUT
0
TEXT
8
AI4M_01_ATOM_CUT
10
3328.398438
20
324.422989
30
0
40
2.5
1
AI4M_line_0170_cut_line_unknown
1001
AI4MANUFACTURING
1000
WRITEBACK_PHASE=01_ATOM_LABEL
1000
ENTITY_ID=line_0170
999
AI4M_ENTITY=line_0171;LINE_ROLE=cut_line;EDGE=unknown;SOURCE_LAYER=11
0
POLYLINE
8
AI4M_01_ATOM_CUT
66
1
70
0
1001
AI4MANUFACTURING
1000
WRITEBACK_PHASE=01_ATOM
1000
ENTITY_ID=line_0171
1000
SOURCE_HANDLE=976
1000
LINE_ROLE=cut_line
1000
EDGE=unknown
1000
CHAIN=chain_mryhfci4
1000
PIECE_ID=front_body_manual_01
1000
SEAM_PAIR=
1000
PAIRED_CHAIN=
1000
NOTCH_CHAIN=
1000
NOTCH_SOURCE=
1000
PIECE_ROLE=front_body
1000
SEAM_ALLOWANCE_MM=
1000
SOURCE_LAYER=11
0
VERTEX
8
AI4M_01_ATOM_CUT
10
3328.398438
20
198.984337
30
0
0
VERTEX
8
AI4M_01_ATOM_CUT
10
3331.782084
20
218.696032
30
0
0
SEQEND
8
AI4M_01_ATOM_CUT
0
TEXT
8
AI4M_01_ATOM_CUT
10
3328.398438
20
198.984337
30
0
40
2.5
1
AI4M_line_0171_cut_line_unknown
1001
AI4MANUFACTURING
1000
WRITEBACK_PHASE=01_ATOM_LABEL
1000
ENTITY_ID=line_0171
999
AI4M_ENTITY=line_0172;LINE_ROLE=cut_line;EDGE=unknown;SOURCE_LAYER=11
0
POLYLINE
8
AI4M_01_ATOM_CUT
66
1
70
0
1001
AI4MANUFACTURING
1000
WRITEBACK_PHASE=01_ATOM
1000
ENTITY_ID=line_0172
1000
SOURCE_HANDLE=977
1000
LINE_ROLE=cut_line
1000
EDGE=unknown
1000
CHAIN=chain_mryhfci4
1000
PIECE_ID=front_body_manual_01
1000
SEAM_PAIR=
1000
PAIRED_CHAIN=
1000
NOTCH_CHAIN=
1000
NOTCH_SOURCE=
1000
PIECE_ROLE=front_body
1000
SEAM_ALLOWANCE_MM=
1000
SOURCE_LAYER=11
0
VERTEX
8
AI4M_01_ATOM_CUT
10
3328.398438
20
198.984337
30
0
0
VERTEX
8
AI4M_01_ATOM_CUT
10
3328.398438
20
198.984337
30
0
0
SEQEND
8
AI4M_01_ATOM_CUT
0
TEXT
8
AI4M_01_ATOM_CUT
10
3328.398438
20
198.984337
30
0
40
2.5
1
AI4M_line_0172_cut_line_unknown
1001
AI4MANUFACTURING
1000
WRITEBACK_PHASE=01_ATOM_LABEL
1000
ENTITY_ID=line_0172
999
AI4M_ENTITY=line_0001;LINE_ROLE=cut_line;EDGE=unknown;SOURCE_LAYER=11
0
POLYLINE
8
AI4M_01_ATOM_CUT
66
1
70
0
1001
AI4MANUFACTURING
1000
WRITEBACK_PHASE=01_ATOM
1000
ENTITY_ID=line_0001
1000
SOURCE_HANDLE=100
1000
LINE_ROLE=cut_line
1000
EDGE=unknown
1000
CHAIN=chain_mryhfeu7
1000
PIECE_ID=back_body_manual_01
1000
SEAM_PAIR=
1000
PAIRED_CHAIN=
1000
NOTCH_CHAIN=
1000
NOTCH_SOURCE=
1000
PIECE_ROLE=back_body
1000
SEAM_ALLOWANCE_MM=
1000
SOURCE_LAYER=11
0
VERTEX
8
AI4M_01_ATOM_CUT
10
3665.872192
20
86.379309
30
0
0
VERTEX
8
AI4M_01_ATOM_CUT
10
3666.221924
20
106.327629
30
0
0
SEQEND
8
AI4M_01_ATOM_CUT
0
TEXT
8
AI4M_01_ATOM_CUT
10
3665.872192
20
86.379309
30
0
40
2.5
1
AI4M_line_0001_cut_line_unknown
1001
AI4MANUFACTURING
1000
WRITEBACK_PHASE=01_ATOM_LABEL
1000
ENTITY_ID=line_0001
999
AI4M_ENTITY=line_0002__seg_01;LINE_ROLE=side_seam;EDGE=side_seam;SOURCE_LAYER=11
0
POLYLINE
8
AI4M_01_ATOM_INTERNAL
66
1
70
0
1001
AI4MANUFACTURING
1000
WRITEBACK_PHASE=01_ATOM
1000
ENTITY_ID=line_0002__seg_01
1000
SOURCE_HANDLE=105
1000
LINE_ROLE=side_seam
1000
EDGE=side_seam
1000
CHAIN=chain_mryhfeu7
1000
PIECE_ID=back_body_manual_01
1000
SEAM_PAIR=
1000
PAIRED_CHAIN=
1000
NOTCH_CHAIN=
1000
NOTCH_SOURCE=
1000
PIECE_ROLE=back_body
1000
SEAM_ALLOWANCE_MM=
1000
SOURCE_LAYER=11
0
VERTEX
8
AI4M_01_ATOM_INTERNAL
10
3666.221924
20
106.327629
30
0
0
VERTEX
8
AI4M_01_ATOM_INTERNAL
10
3666.966353
20
122.007435
30
0
0
VERTEX
8
AI4M_01_ATOM_INTERNAL
10
3667.698562
20
137.303848
30
0
0
VERTEX
8
AI4M_01_ATOM_INTERNAL
10
3668.425056
20
152.355126
30
0
0
VERTEX
8
AI4M_01_ATOM_INTERNAL
10
3669.1666
20
167.561383
30
0
0
VERTEX
8
AI4M_01_ATOM_INTERNAL
10
3669.918198
20
182.822881
30
0
0
VERTEX
8
AI4M_01_ATOM_INTERNAL
10
3670.672672
20
198.084241
30
0
0
VERTEX
8
AI4M_01_ATOM_INTERNAL
10
3671.417417
20
213.180163
30
0
0
VERTEX
8
AI4M_01_ATOM_INTERNAL
10
3672.187742
20
228.440669
30
0
0
VERTEX
8
AI4M_01_ATOM_INTERNAL
10
3672.961068
20
243.701006
30
0
0
VERTEX
8
AI4M_01_ATOM_INTERNAL
10
3673.697081
20
258.963352
30
0
0
VERTEX
8
AI4M_01_ATOM_INTERNAL
10
3674.346398
20
274.029641
30
0
0
VERTEX
8
AI4M_01_ATOM_INTERNAL
10
3674.870437
20
289.301082
30
0
0
VERTEX
8
AI4M_01_ATOM_INTERNAL
10
3675.196289
20
304.801264
30
0
0
VERTEX
8
AI4M_01_ATOM_INTERNAL
10
3675.272563
20
320.081635
30
0
0
VERTEX
8
AI4M_01_ATOM_INTERNAL
10
3675.109285
20
335.312639
30
0
0
VERTEX
8
AI4M_01_ATOM_INTERNAL
10
3674.722785
20
350.587845
30
0
0
VERTEX
8
AI4M_01_ATOM_INTERNAL
10
3674.135894
20
366.139532
30
0
0
VERTEX
8
AI4M_01_ATOM_INTERNAL
10
3673.376759
20
381.401663
30
0
0
VERTEX
8
AI4M_01_ATOM_INTERNAL
10
3672.420946
20
396.08918
30
0
0
VERTEX
8
AI4M_01_ATOM_INTERNAL
10
3671.193289
20
411.319577
30
0
0
VERTEX
8
AI4M_01_ATOM_INTERNAL
10
3669.910594
20
426.604375
30
0
0
VERTEX
8
AI4M_01_ATOM_INTERNAL
10
3668.555264
20
441.976101
30
0
0
VERTEX
8
AI4M_01_ATOM_INTERNAL
10
3667.061198
20
456.805156
30
0
0
VERTEX
8
AI4M_01_ATOM_INTERNAL
10
3666.646423
20
460.643997
30
0
0
SEQEND
8
AI4M_01_ATOM_INTERNAL
0
TEXT
8
AI4M_01_ATOM_INTERNAL
10
3666.221924
20
106.327629
30
0
40
2.5
1
AI4M_line_0002__seg_01_side_seam_side_seam
1001
AI4MANUFACTURING
1000
WRITEBACK_PHASE=01_ATOM_LABEL
1000
ENTITY_ID=line_0002__seg_01
999
AI4M_ENTITY=line_0003;LINE_ROLE=cut_line;EDGE=unknown;SOURCE_LAYER=11
0
POLYLINE
8
AI4M_01_ATOM_CUT
66
1
70
0
1001
AI4MANUFACTURING
1000
WRITEBACK_PHASE=01_ATOM
1000
ENTITY_ID=line_0003
1000
SOURCE_HANDLE=121
1000
LINE_ROLE=cut_line
1000
EDGE=unknown
1000
CHAIN=chain_mryhfeu7
1000
PIECE_ID=back_body_manual_01
1000
SEAM_PAIR=
1000
PAIRED_CHAIN=
1000
NOTCH_CHAIN=
1000
NOTCH_SOURCE=
1000
PIECE_ROLE=back_body
1000
SEAM_ALLOWANCE_MM=
1000
SOURCE_LAYER=11
0
VERTEX
8
AI4M_01_ATOM_CUT
10
3668.756924
20
209.986605
30
0
0
VERTEX
8
AI4M_01_ATOM_CUT
10
3673.750827
20
209.739762
30
0
0
SEQEND
8
AI4M_01_ATOM_CUT
0
TEXT
8
AI4M_01_ATOM_CUT
10
3668.756924
20
209.986605
30
0
40
2.5
1
AI4M_line_0003_cut_line_unknown
1001
AI4MANUFACTURING
1000
WRITEBACK_PHASE=01_ATOM_LABEL
1000
ENTITY_ID=line_0003
999
AI4M_ENTITY=line_0004;LINE_ROLE=cut_line;EDGE=unknown;SOURCE_LAYER=11
0
POLYLINE
8
AI4M_01_ATOM_CUT
66
1
70
0
1001
AI4MANUFACTURING
1000
WRITEBACK_PHASE=01_ATOM
1000
ENTITY_ID=line_0004
1000
SOURCE_HANDLE=122
1000
LINE_ROLE=cut_line
1000
EDGE=unknown
1000
CHAIN=chain_mryhfeu7
1000
PIECE_ID=back_body_manual_01
1000
SEAM_PAIR=
1000
PAIRED_CHAIN=
1000
NOTCH_CHAIN=
1000
NOTCH_SOURCE=
1000
PIECE_ROLE=back_body
1000
SEAM_ALLOWANCE_MM=
1000
SOURCE_LAYER=11
0
VERTEX
8
AI4M_01_ATOM_CUT
10
3667.603146
20
424.1425
30
0
0
VERTEX
8
AI4M_01_ATOM_CUT
10
3672.586193
20
424.553898
30
0
0
SEQEND
8
AI4M_01_ATOM_CUT
0
TEXT
8
AI4M_01_ATOM_CUT
10
3667.603146
20
424.1425
30
0
40
2.5
1
AI4M_line_0004_cut_line_unknown
1001
AI4MANUFACTURING
1000
WRITEBACK_PHASE=01_ATOM_LABEL
1000
ENTITY_ID=line_0004
999
AI4M_ENTITY=line_0005__seg_01;LINE_ROLE=cut_line;EDGE=unknown;SOURCE_LAYER=11
0
POLYLINE
8
AI4M_01_ATOM_CUT
66
1
70
0
1001
AI4MANUFACTURING
1000
WRITEBACK_PHASE=01_ATOM
1000
ENTITY_ID=line_0005__seg_01
1000
SOURCE_HANDLE=123
1000
LINE_ROLE=cut_line
1000
EDGE=unknown
1000
CHAIN=chain_mryhfeu7
1000
PIECE_ID=back_body_manual_01
1000
SEAM_PAIR=
1000
PAIRED_CHAIN=
1000
NOTCH_CHAIN=
1000
NOTCH_SOURCE=
1000
PIECE_ROLE=back_body
1000
SEAM_ALLOWANCE_MM=
1000
SOURCE_LAYER=11
0
VERTEX
8
AI4M_01_ATOM_CUT
10
3666.646423
20
460.643997
30
0
0
VERTEX
8
AI4M_01_ATOM_CUT
10
3672.242271
20
462.986905
30
0
0
VERTEX
8
AI4M_01_ATOM_CUT
10
3677.114365
20
464.719013
30
0
0
VERTEX
8
AI4M_01_ATOM_CUT
10
3681.214236
20
466.218815
30
0
0
VERTEX
8
AI4M_01_ATOM_CUT
10
3684.003523
20
467.494053
30
0
0
VERTEX
8
AI4M_01_ATOM_CUT
10
3686.791031
20
469.057491
30
0
0
VERTEX
8
AI4M_01_ATOM_CUT
10
3689.529367
20
470.886662
30
0
0
VERTEX
8
AI4M_01_ATOM_CUT
10
3692.176511
20
472.956792
30
0
0
VERTEX
8
AI4M_01_ATOM_CUT
10
3694.693794
20
475.248177
30
0
0
VERTEX
8
AI4M_01_ATOM_CUT
10
3697.00394
20
477.689111
30
0
0
VERTEX
8
AI4M_01_ATOM_CUT
10
3699.162427
20
480.343322
30
0
0
VERTEX
8
AI4M_01_ATOM_CUT
10
3701.179833
20
483.239175
30
0
0
VERTEX
8
AI4M_01_ATOM_CUT
10
3703.022604
20
486.329032
30
0
0
VERTEX
8
AI4M_01_ATOM_CUT
10
3704.774138
20
489.773001
30
0
0
VERTEX
8
AI4M_01_ATOM_CUT
10
3706.399954
20
493.545849
30
0
0
VERTEX
8
AI4M_01_ATOM_CUT
10
3707.886958
20
497.65338
30
0
0
VERTEX
8
AI4M_01_ATOM_CUT
10
3709.226776
20
502.105618
30
0
0
VERTEX
8
AI4M_01_ATOM_CUT
10
3710.437601
20
507.023349
30
0
0
VERTEX
8
AI4M_01_ATOM_CUT
10
3711.476319
20
512.297032
30
0
0
VERTEX
8
AI4M_01_ATOM_CUT
10
3712.319418
20
517.89526
30
0
0
VERTEX
8
AI4M_01_ATOM_CUT
10
3712.984024
20
524.07395
30
0
0
VERTEX
8
AI4M_01_ATOM_CUT
10
3713.458347
20
530.895115
30
0
0
VERTEX
8
AI4M_01_ATOM_CUT
10
3713.671678
20
537.441786
30
0
0
VERTEX
8
AI4M_01_ATOM_CUT
10
3713.634956
20
545.045972
30
0
0
VERTEX
8
AI4M_01_ATOM_CUT
10
3713.377112
20
560.094624
30
0
0
VERTEX
8
AI4M_01_ATOM_CUT
10
3712.978953
20
568.315621
30
0
0
VERTEX
8
AI4M_01_ATOM_CUT
10
3712.31246
20
576.91828
30
0
0
VERTEX
8
AI4M_01_ATOM_CUT
10
3710.844056
20
591.957449
30
0
0
VERTEX
8
AI4M_01_ATOM_CUT
10
3709.996529
20
599.752633
30
0
0
VERTEX
8
AI4M_01_ATOM_CUT
10
3708.802555
20
608.234542
30
0
0
VERTEX
8
AI4M_01_ATOM_CUT
10
3706.943557
20
619.382726
30
0
0
VERTEX
8
AI4M_01_ATOM_CUT
10
3704.893694
20
630.275741
30
0
0
VERTEX
8
AI4M_01_ATOM_CUT
10
3702.76031
20
640.301999
30
0
0
VERTEX
8
AI4M_01_ATOM_CUT
10
3699.306814
20
655.017319
30
0
0
VERTEX
8
AI4M_01_ATOM_CUT
10
3696.573792
20
666.592102
30
0
0
SEQEND
8
AI4M_01_ATOM_CUT
0
TEXT
8
AI4M_01_ATOM_CUT
10
3666.646423
20
460.643997
30
0
40
2.5
1
AI4M_line_0005__seg_01_cut_line_unknown
1001
AI4MANUFACTURING
1000
WRITEBACK_PHASE=01_ATOM_LABEL
1000
ENTITY_ID=line_0005__seg_01
999
AI4M_ENTITY=line_0006;LINE_ROLE=cut_line;EDGE=unknown;SOURCE_LAYER=11
0
POLYLINE
8
AI4M_01_ATOM_CUT
66
1
70
0
1001
AI4MANUFACTURING
1000
WRITEBACK_PHASE=01_ATOM
1000
ENTITY_ID=line_0006
1000
SOURCE_HANDLE=149
1000
LINE_ROLE=cut_line
1000
EDGE=unknown
1000
CHAIN=chain_mryhfeu7
1000
PIECE_ID=back_body_manual_01
1000
SEAM_PAIR=
1000
PAIRED_CHAIN=
1000
NOTCH_CHAIN=
1000
NOTCH_SOURCE=
1000
PIECE_ROLE=back_body
1000
SEAM_ALLOWANCE_MM=
1000
SOURCE_LAYER=11
0
VERTEX
8
AI4M_01_ATOM_CUT
10
3708.657682
20
588.541612
30
0
0
VERTEX
8
AI4M_01_ATOM_CUT
10
3713.634077
20
589.026887
30
0
0
SEQEND
8
AI4M_01_ATOM_CUT
0
TEXT
8
AI4M_01_ATOM_CUT
10
3708.657682
20
588.541612
30
0
40
2.5
1
AI4M_line_0006_cut_line_unknown
1001
AI4MANUFACTURING
1000
WRITEBACK_PHASE=01_ATOM_LABEL
1000
ENTITY_ID=line_0006
999
AI4M_ENTITY=line_0007__seg_01;LINE_ROLE=shoulder_line;EDGE=shoulder_line;SOURCE_LAYER=11
0
POLYLINE
8
AI4M_01_ATOM_INTERNAL
66
1
70
0
1001
AI4MANUFACTURING
1000
WRITEBACK_PHASE=01_ATOM
1000
ENTITY_ID=line_0007__seg_01
1000
SOURCE_HANDLE=14A
1000
LINE_ROLE=shoulder_line
1000
EDGE=shoulder_line
1000
CHAIN=chain_mryhfeu7
1000
PIECE_ID=back_body_manual_01
1000
SEAM_PAIR=
1000
PAIRED_CHAIN=
1000
NOTCH_CHAIN=
1000
NOTCH_SOURCE=
1000
PIECE_ROLE=back_body
1000
SEAM_ALLOWANCE_MM=
1000
SOURCE_LAYER=11
0
VERTEX
8
AI4M_01_ATOM_INTERNAL
10
3696.573792
20
666.592102
30
0
0
VERTEX
8
AI4M_01_ATOM_INTERNAL
10
3754.45343
20
684.671326
30
0
0
VERTEX
8
AI4M_01_ATOM_INTERNAL
10
3800.401001
20
699.023438
30
0
0
SEQEND
8
AI4M_01_ATOM_INTERNAL
0
TEXT
8
AI4M_01_ATOM_INTERNAL
10
3696.573792
20
666.592102
30
0
40
2.5
1
AI4M_line_0007__seg_01_shoulder_line_shoulder_line
1001
AI4MANUFACTURING
1000
WRITEBACK_PHASE=01_ATOM_LABEL
1000
ENTITY_ID=line_0007__seg_01
999
AI4M_ENTITY=line_0008;LINE_ROLE=shoulder_line;EDGE=shoulder_line;SOURCE_LAYER=11
0
POLYLINE
8
AI4M_01_ATOM_INTERNAL
66
1
70
0
1001
AI4MANUFACTURING
1000
WRITEBACK_PHASE=01_ATOM
1000
ENTITY_ID=line_0008
1000
SOURCE_HANDLE=150
1000
LINE_ROLE=shoulder_line
1000
EDGE=shoulder_line
1000
CHAIN=chain_mryhfeu7
1000
PIECE_ID=back_body_manual_01
1000
SEAM_PAIR=
1000
PAIRED_CHAIN=
1000
NOTCH_CHAIN=
1000
NOTCH_SOURCE=
1000
PIECE_ROLE=back_body
1000
SEAM_ALLOWANCE_MM=
1000
SOURCE_LAYER=11
0
VERTEX
8
AI4M_01_ATOM_INTERNAL
10
3753.70791
20
687.057578
30
0
0
VERTEX
8
AI4M_01_ATOM_INTERNAL
10
3755.198949
20
682.285073
30
0
0
SEQEND
8
AI4M_01_ATOM_INTERNAL
0
TEXT
8
AI4M_01_ATOM_INTERNAL
10
3753.70791
20
687.057578
30
0
40
2.5
1
AI4M_line_0008_shoulder_line_shoulder_line
1001
AI4MANUFACTURING
1000
WRITEBACK_PHASE=01_ATOM_LABEL
1000
ENTITY_ID=line_0008
999
AI4M_ENTITY=line_0009__seg_01;LINE_ROLE=neckline;EDGE=neckline;SOURCE_LAYER=11
0
POLYLINE
8
AI4M_01_ATOM_INTERNAL
66
1
70
0
1001
AI4MANUFACTURING
1000
WRITEBACK_PHASE=01_ATOM
1000
ENTITY_ID=line_0009__seg_01
1000
SOURCE_HANDLE=151
1000
LINE_ROLE=neckline
1000
EDGE=neckline
1000
CHAIN=chain_mryhfeu7
1000
PIECE_ID=back_body_manual_01
1000
SEAM_PAIR=
1000
PAIRED_CHAIN=
1000
NOTCH_CHAIN=
1000
NOTCH_SOURCE=
1000
PIECE_ROLE=back_body
1000
SEAM_ALLOWANCE_MM=
1000
SOURCE_LAYER=11
0
VERTEX
8
AI4M_01_ATOM_INTERNAL
10
3800.401001
20
699.023438
30
0
0
VERTEX
8
AI4M_01_ATOM_INTERNAL
10
3806.203012
20
692.477223
30
0
0
VERTEX
8
AI4M_01_ATOM_INTERNAL
10
3814.400847
20
682.716207
30
0
0
VERTEX
8
AI4M_01_ATOM_INTERNAL
10
3817.244607
20
679.742464
30
0
0
VERTEX
8
AI4M_01_ATOM_INTERNAL
10
3819.821234
20
677.393947
30
0
0
VERTEX
8
AI4M_01_ATOM_INTERNAL
10
3822.903592
20
674.977718
30
0
0
VERTEX
8
AI4M_01_ATOM_INTERNAL
10
3828.088491
20
671.116086
30
0
0
VERTEX
8
AI4M_01_ATOM_INTERNAL
10
3830.936601
20
669.391998
30
0
0
VERTEX
8
AI4M_01_ATOM_INTERNAL
10
3834.865019
20
667.355392
30
0
0
VERTEX
8
AI4M_01_ATOM_INTERNAL
10
3839.048446
20
665.453776
30
0
0
VERTEX
8
AI4M_01_ATOM_INTERNAL
10
3843.139701
20
663.861752
30
0
0
VERTEX
8
AI4M_01_ATOM_INTERNAL
10
3847.508489
20
662.432202
30
0
0
VERTEX
8
AI4M_01_ATOM_INTERNAL
10
3852.445346
20
661.091724
30
0
0
VERTEX
8
AI4M_01_ATOM_INTERNAL
10
3857.706184
20
659.929135
30
0
0
VERTEX
8
AI4M_01_ATOM_INTERNAL
10
3863.504445
20
658.913962
30
0
0
VERTEX
8
AI4M_01_ATOM_INTERNAL
10
3869.787531
20
658.07755
30
0
0
VERTEX
8
AI4M_01_ATOM_INTERNAL
10
3876.695297
20
657.419067
30
0
0
VERTEX
8
AI4M_01_ATOM_INTERNAL
10
3884.602909
20
656.931103
30
0
0
VERTEX
8
AI4M_01_ATOM_INTERNAL
10
3893.839093
20
656.624852
30
0
0
VERTEX
8
AI4M_01_ATOM_INTERNAL
10
3905.588368
20
656.512606
30
0
0
VERTEX
8
AI4M_01_ATOM_INTERNAL
10
3909.999695
20
656.517868
30
0
0
SEQEND
8
AI4M_01_ATOM_INTERNAL
0
TEXT
8
AI4M_01_ATOM_INTERNAL
10
3800.401001
20
699.023438
30
0
40
2.5
1
AI4M_line_0009__seg_01_neckline_neckline
1001
AI4MANUFACTURING
1000
WRITEBACK_PHASE=01_ATOM_LABEL
1000
ENTITY_ID=line_0009__seg_01
999
AI4M_ENTITY=line_0010;LINE_ROLE=cut_line;EDGE=unknown;SOURCE_LAYER=11
0
POLYLINE
8
AI4M_01_ATOM_CUT
66
1
70
0
1001
AI4MANUFACTURING
1000
WRITEBACK_PHASE=01_ATOM
1000
ENTITY_ID=line_0010
1000
SOURCE_HANDLE=169
1000
LINE_ROLE=cut_line
1000
EDGE=unknown
1000
CHAIN=chain_mryhfeu7
1000
PIECE_ID=back_body_manual_01
1000
SEAM_PAIR=
1000
PAIRED_CHAIN=
1000
NOTCH_CHAIN=
1000
NOTCH_SOURCE=
1000
PIECE_ROLE=back_body
1000
SEAM_ALLOWANCE_MM=
1000
SOURCE_LAYER=11
0
VERTEX
8
AI4M_01_ATOM_CUT
10
3826.151529
20
675.653995
30
0
0
VERTEX
8
AI4M_01_ATOM_CUT
10
3823.10565
20
671.688818
30
0
0
SEQEND
8
AI4M_01_ATOM_CUT
0
TEXT
8
AI4M_01_ATOM_CUT
10
3826.151529
20
675.653995
30
0
40
2.5
1
AI4M_line_0010_cut_line_unknown
1001
AI4MANUFACTURING
1000
WRITEBACK_PHASE=01_ATOM_LABEL
1000
ENTITY_ID=line_0010
999
AI4M_ENTITY=line_0011;LINE_ROLE=cut_line;EDGE=unknown;SOURCE_LAYER=11
0
POLYLINE
8
AI4M_01_ATOM_CUT
66
1
70
0
1001
AI4MANUFACTURING
1000
WRITEBACK_PHASE=01_ATOM
1000
ENTITY_ID=line_0011
1000
SOURCE_HANDLE=16A
1000
LINE_ROLE=cut_line
1000
EDGE=unknown
1000
CHAIN=chain_mryhfeu7
1000
PIECE_ID=back_body_manual_01
1000
SEAM_PAIR=
1000
PAIRED_CHAIN=
1000
NOTCH_CHAIN=
1000
NOTCH_SOURCE=
1000
PIECE_ROLE=back_body
1000
SEAM_ALLOWANCE_MM=
1000
SOURCE_LAYER=11
0
VERTEX
8
AI4M_01_ATOM_CUT
10
3910.00304
20
659.017866
30
0
0
VERTEX
8
AI4M_01_ATOM_CUT
10
3909.996364
20
654.01787
30
0
0
SEQEND
8
AI4M_01_ATOM_CUT
0
TEXT
8
AI4M_01_ATOM_CUT
10
3910.00304
20
659.017866
30
0
40
2.5
1
AI4M_line_0011_cut_line_unknown
1001
AI4MANUFACTURING
1000
WRITEBACK_PHASE=01_ATOM_LABEL
1000
ENTITY_ID=line_0011
999
AI4M_ENTITY=line_0012__seg_01;LINE_ROLE=cut_line;EDGE=unknown;SOURCE_LAYER=11
0
POLYLINE
8
AI4M_01_ATOM_CUT
66
1
70
0
1001
AI4MANUFACTURING
1000
WRITEBACK_PHASE=01_ATOM
1000
ENTITY_ID=line_0012__seg_01
1000
SOURCE_HANDLE=16B
1000
LINE_ROLE=cut_line
1000
EDGE=unknown
1000
CHAIN=chain_mryhfeu7
1000
PIECE_ID=back_body_manual_01
1000
SEAM_PAIR=
1000
PAIRED_CHAIN=
1000
NOTCH_CHAIN=
1000
NOTCH_SOURCE=
1000
PIECE_ROLE=back_body
1000
SEAM_ALLOWANCE_MM=
1000
SOURCE_LAYER=11
0
VERTEX
8
AI4M_01_ATOM_CUT
10
3909.999695
20
656.517868
30
0
0
VERTEX
8
AI4M_01_ATOM_CUT
10
3924.080325
20
656.586282
30
0
0
VERTEX
8
AI4M_01_ATOM_CUT
10
3933.860144
20
656.862907
30
0
0
VERTEX
8
AI4M_01_ATOM_CUT
10
3942.094517
20
657.327636
30
0
0
VERTEX
8
AI4M_01_ATOM_CUT
10
3949.194782
20
657.964725
30
0
0
VERTEX
8
AI4M_01_ATOM_CUT
10
3955.495922
20
658.764187
30
0
0
VERTEX
8
AI4M_01_ATOM_CUT
10
3961.440732
20
659.763087
30
0
0
VERTEX
8
AI4M_01_ATOM_CUT
10
3966.813284
20
660.910902
30
0
0
VERTEX
8
AI4M_01_ATOM_CUT
10
3971.650797
20
662.186288
30
0
0
VERTEX
8
AI4M_01_ATOM_CUT
10
3976.23178
20
663.644697
30
0
0
VERTEX
8
AI4M_01_ATOM_CUT
10
3980.520893
20
665.267995
30
0
0
VERTEX
8
AI4M_01_ATOM_CUT
10
3984.444424
20
667.009051
30
0
0
VERTEX
8
AI4M_01_ATOM_CUT
10
3988.079904
20
668.881252
30
0
0
VERTEX
8
AI4M_01_ATOM_CUT
10
3991.624344
20
670.983947
30
0
0
VERTEX
8
AI4M_01_ATOM_CUT
10
3995.027239
20
673.294669
30
0
0
VERTEX
8
AI4M_01_ATOM_CUT
10
3998.290864
20
675.810678
30
0
0
VERTEX
8
AI4M_01_ATOM_CUT
10
4001.519433
20
678.617084
30
0
0
VERTEX
8
AI4M_01_ATOM_CUT
10
4004.463338
20
681.500685
30
0
0
VERTEX
8
AI4M_01_ATOM_CUT
10
4007.326886
20
684.671268
30
0
0
VERTEX
8
AI4M_01_ATOM_CUT
10
4015.445293
20
694.391816
30
0
0
VERTEX
8
AI4M_01_ATOM_CUT
10
4019.598999
20
699.023438
30
0
0
SEQEND
8
AI4M_01_ATOM_CUT
0
TEXT
8
AI4M_01_ATOM_CUT
10
3909.999695
20
656.517868
30
0
40
2.5
1
AI4M_line_0012__seg_01_cut_line_unknown
1001
AI4MANUFACTURING
1000
WRITEBACK_PHASE=01_ATOM_LABEL
1000
ENTITY_ID=line_0012__seg_01
999
AI4M_ENTITY=line_0013;LINE_ROLE=shoulder_line;EDGE=shoulder_line;SOURCE_LAYER=11
0
POLYLINE
8
AI4M_01_ATOM_INTERNAL
66
1
70
0
1001
AI4MANUFACTURING
1000
WRITEBACK_PHASE=01_ATOM
1000
ENTITY_ID=line_0013
1000
SOURCE_HANDLE=183
1000
LINE_ROLE=shoulder_line
1000
EDGE=shoulder_line
1000
CHAIN=chain_mryhfeu7
1000
PIECE_ID=back_body_manual_01
1000
SEAM_PAIR=
1000
PAIRED_CHAIN=
1000
NOTCH_CHAIN=
1000
NOTCH_SOURCE=
1000
PIECE_ROLE=back_body
1000
SEAM_ALLOWANCE_MM=
1000
SOURCE_LAYER=11
0
VERTEX
8
AI4M_01_ATOM_INTERNAL
10
4019.598999
20
699.023438
30
0
0
VERTEX
8
AI4M_01_ATOM_INTERNAL
10
4123.426514
20
666.592102
30
0
0
SEQEND
8
AI4M_01_ATOM_INTERNAL
0
TEXT
8
AI4M_01_ATOM_INTERNAL
10
4019.598999
20
699.023438
30
0
40
2.5
1
AI4M_line_0013_shoulder_line_shoulder_line
1001
AI4MANUFACTURING
1000
WRITEBACK_PHASE=01_ATOM_LABEL
1000
ENTITY_ID=line_0013
999
AI4M_ENTITY=line_0014__seg_01;LINE_ROLE=armhole_back;EDGE=armhole_back;SOURCE_LAYER=11
0
POLYLINE
8
AI4M_01_ATOM_INTERNAL
66
1
70
0
1001
AI4MANUFACTURING
1000
WRITEBACK_PHASE=01_ATOM
1000
ENTITY_ID=line_0014__seg_01
1000
SOURCE_HANDLE=188
1000
LINE_ROLE=armhole_back
1000
EDGE=armhole_back
1000
CHAIN=chain_mryhfeu7
1000
PIECE_ID=back_body_manual_01
1000
SEAM_PAIR=
1000
PAIRED_CHAIN=
1000
NOTCH_CHAIN=
1000
NOTCH_SOURCE=
1000
PIECE_ROLE=back_body
1000
SEAM_ALLOWANCE_MM=
1000
SOURCE_LAYER=11
0
VERTEX
8
AI4M_01_ATOM_INTERNAL
10
4123.426514
20
666.592102
30
0
0
VERTEX
8
AI4M_01_ATOM_INTERNAL
10
4119.907755
20
651.740991
30
0
0
VERTEX
8
AI4M_01_ATOM_INTERNAL
10
4116.799539
20
638.325197
30
0
0
VERTEX
8
AI4M_01_ATOM_INTERNAL
10
4114.748821
20
628.471286
30
0
0
VERTEX
8
AI4M_01_ATOM_INTERNAL
10
4112.710021
20
617.404744
30
0
0
VERTEX
8
AI4M_01_ATOM_INTERNAL
10
4110.951888
20
606.620046
30
0
0
VERTEX
8
AI4M_01_ATOM_INTERNAL
10
4109.825505
20
598.29894
30
0
0
VERTEX
8
AI4M_01_ATOM_INTERNAL
10
4108.928811
20
589.56588
30
0
0
VERTEX
8
AI4M_01_ATOM_INTERNAL
10
4107.482168
20
574.575876
30
0
0
VERTEX
8
AI4M_01_ATOM_INTERNAL
10
4106.885962
20
566.029932
30
0
0
VERTEX
8
AI4M_01_ATOM_INTERNAL
10
4106.556592
20
557.806313
30
0
0
VERTEX
8
AI4M_01_ATOM_INTERNAL
10
4106.330538
20
542.659902
30
0
0
VERTEX
8
AI4M_01_ATOM_INTERNAL
10
4106.358616
20
535.810199
30
0
0
VERTEX
8
AI4M_01_ATOM_INTERNAL
10
4106.632521
20
529.26536
30
0
0
VERTEX
8
AI4M_01_ATOM_INTERNAL
10
4107.160151
20
522.519142
30
0
0
VERTEX
8
AI4M_01_ATOM_INTERNAL
10
4107.865077
20
516.514293
30
0
0
VERTEX
8
AI4M_01_ATOM_INTERNAL
10
4108.769352
20
510.926038
30
0
0
VERTEX
8
AI4M_01_ATOM_INTERNAL
10
4109.860391
20
505.712913
30
0
0
VERTEX
8
AI4M_01_ATOM_INTERNAL
10
4111.129542
20
500.836181
30
0
0
VERTEX
8
AI4M_01_ATOM_INTERNAL
10
4112.508196
20
496.48833
30
0
0
VERTEX
8
AI4M_01_ATOM_INTERNAL
10
4114.062481
20
492.405936
30
0
0
VERTEX
8
AI4M_01_ATOM_INTERNAL
10
4115.701301
20
488.781466
30
0
0
VERTEX
8
AI4M_01_ATOM_INTERNAL
10
4117.518257
20
485.371621
30
0
0
VERTEX
8
AI4M_01_ATOM_INTERNAL
10
4119.430715
20
482.314941
30
0
0
VERTEX
8
AI4M_01_ATOM_INTERNAL
10
4121.514279
20
479.466593
30
0
0
VERTEX
8
AI4M_01_ATOM_INTERNAL
10
4123.74313
20
476.859506
30
0
0
VERTEX
8
AI4M_01_ATOM_INTERNAL
10
4126.112502
20
474.476275
30
0
0
VERTEX
8
AI4M_01_ATOM_INTERNAL
10
4128.697543
20
472.237606
30
0
0
VERTEX
8
AI4M_01_ATOM_INTERNAL
10
4131.29481
20
470.304462
30
0
0
VERTEX
8
AI4M_01_ATOM_INTERNAL
10
4134.138072
20
468.503567
30
0
0
VERTEX
8
AI4M_01_ATOM_INTERNAL
10
4136.966019
20
467.018576
30
0
0
VERTEX
8
AI4M_01_ATOM_INTERNAL
10
4139.836815
20
465.804891
30
0
0
VERTEX
8
AI4M_01_ATOM_INTERNAL
10
4148.833043
20
462.564419
30
0
0
VERTEX
8
AI4M_01_ATOM_INTERNAL
10
4153.353271
20
460.643997
30
0
0
SEQEND
8
AI4M_01_ATOM_INTERNAL
0
TEXT
8
AI4M_01_ATOM_INTERNAL
10
4123.426514
20
666.592102
30
0
40
2.5
1
AI4M_line_0014__seg_01_armhole_back_armhole_back
1001
AI4MANUFACTURING
1000
WRITEBACK_PHASE=01_ATOM_LABEL
1000
ENTITY_ID=line_0014__seg_01
999
AI4M_ENTITY=line_0015;LINE_ROLE=cut_line;EDGE=unknown;SOURCE_LAYER=11
0
POLYLINE
8
AI4M_01_ATOM_CUT
66
1
70
0
1001
AI4MANUFACTURING
1000
WRITEBACK_PHASE=01_ATOM
1000
ENTITY_ID=line_0015
1000
SOURCE_HANDLE=1AD
1000
LINE_ROLE=cut_line
1000
EDGE=unknown
1000
CHAIN=chain_mryhfeu7
1000
PIECE_ID=back_body_manual_01
1000
SEAM_PAIR=
1000
PAIRED_CHAIN=
1000
NOTCH_CHAIN=
1000
NOTCH_SOURCE=
1000
PIECE_ROLE=back_body
1000
SEAM_ALLOWANCE_MM=
1000
SOURCE_LAYER=11
0
VERTEX
8
AI4M_01_ATOM_CUT
10
4111.342207
20
588.541823
30
0
0
VERTEX
8
AI4M_01_ATOM_CUT
10
4106.365811
20
589.027097
30
0
0
SEQEND
8
AI4M_01_ATOM_CUT
0
TEXT
8
AI4M_01_ATOM_CUT
10
4111.342207
20
588.541823
30
0
40
2.5
1
AI4M_line_0015_cut_line_unknown
1001
AI4MANUFACTURING
1000
WRITEBACK_PHASE=01_ATOM_LABEL
1000
ENTITY_ID=line_0015
999
AI4M_ENTITY=line_0016__seg_01;LINE_ROLE=side_seam;EDGE=side_seam;SOURCE_LAYER=11
0
POLYLINE
8
AI4M_01_ATOM_INTERNAL
66
1
70
0
1001
AI4MANUFACTURING
1000
WRITEBACK_PHASE=01_ATOM
1000
ENTITY_ID=line_0016__seg_01
1000
SOURCE_HANDLE=1AE
1000
LINE_ROLE=side_seam
1000
EDGE=side_seam
1000
CHAIN=chain_mryhfeu7
1000
PIECE_ID=back_body_manual_01
1000
SEAM_PAIR=
1000
PAIRED_CHAIN=
1000
NOTCH_CHAIN=
1000
NOTCH_SOURCE=
1000
PIECE_ROLE=back_body
1000
SEAM_ALLOWANCE_MM=
1000
SOURCE_LAYER=11
0
VERTEX
8
AI4M_01_ATOM_INTERNAL
10
4153.353271
20
460.643997
30
0
0
VERTEX
8
AI4M_01_ATOM_INTERNAL
10
4151.737625
20
445.011022
30
0
0
VERTEX
8
AI4M_01_ATOM_INTERNAL
10
4150.358136
20
429.873957
30
0
0
VERTEX
8
AI4M_01_ATOM_INTERNAL
10
4149.098695
20
414.760988
30
0
0
VERTEX
8
AI4M_01_ATOM_INTERNAL
10
4147.84002
20
399.532876
30
0
0
VERTEX
8
AI4M_01_ATOM_INTERNAL
10
4146.856645
20
385.361139
30
0
0
VERTEX
8
AI4M_01_ATOM_INTERNAL
10
4146.042043
20
370.102165
30
0
0
VERTEX
8
AI4M_01_ATOM_INTERNAL
10
4145.419571
20
354.82894
30
0
0
VERTEX
8
AI4M_01_ATOM_INTERNAL
10
4144.977001
20
339.555114
30
0
0
VERTEX
8
AI4M_01_ATOM_INTERNAL
10
4144.746793
20
323.994819
30
0
0
VERTEX
8
AI4M_01_ATOM_INTERNAL
10
4144.760963
20
308.714217
30
0
0
VERTEX
8
AI4M_01_ATOM_INTERNAL
10
4145.018575
20
293.484681
30
0
0
VERTEX
8
AI4M_01_ATOM_INTERNAL
10
4145.494161
20
278.211839
30
0
0
VERTEX
8
AI4M_01_ATOM_INTERNAL
10
4146.132291
20
262.72077
30
0
0
VERTEX
8
AI4M_01_ATOM_INTERNAL
10
4146.852763
20
247.457592
30
0
0
VERTEX
8
AI4M_01_ATOM_INTERNAL
10
4147.620455
20
232.196954
30
0
0
VERTEX
8
AI4M_01_ATOM_INTERNAL
10
4148.395138
20
216.93669
30
0
0
VERTEX
8
AI4M_01_ATOM_INTERNAL
10
4149.136062
20
201.949465
30
0
0
VERTEX
8
AI4M_01_ATOM_INTERNAL
10
4149.890497
20
186.688099
30
0
0
VERTEX
8
AI4M_01_ATOM_INTERNAL
10
4150.643301
20
171.42664
30
0
0
VERTEX
8
AI4M_01_ATOM_INTERNAL
10
4151.384708
20
156.267631
30
0
0
VERTEX
8
AI4M_01_ATOM_INTERNAL
10
4152.126687
20
140.932462
30
0
0
VERTEX
8
AI4M_01_ATOM_INTERNAL
10
4152.851709
20
125.816916
30
0
0
VERTEX
8
AI4M_01_ATOM_INTERNAL
10
4153.564269
20
110.846248
30
0
0
VERTEX
8
AI4M_01_ATOM_INTERNAL
10
4153.778076
20
106.327629
30
0
0
SEQEND
8
AI4M_01_ATOM_INTERNAL
0
TEXT
8
AI4M_01_ATOM_INTERNAL
10
4153.353271
20
460.643997
30
0
40
2.5
1
AI4M_line_0016__seg_01_side_seam_side_seam
1001
AI4MANUFACTURING
1000
WRITEBACK_PHASE=01_ATOM_LABEL
1000
ENTITY_ID=line_0016__seg_01
999
AI4M_ENTITY=line_0017;LINE_ROLE=cut_line;EDGE=unknown;SOURCE_LAYER=11
0
POLYLINE
8
AI4M_01_ATOM_CUT
66
1
70
0
1001
AI4MANUFACTURING
1000
WRITEBACK_PHASE=01_ATOM
1000
ENTITY_ID=line_0017
1000
SOURCE_HANDLE=1CA
1000
LINE_ROLE=cut_line
1000
EDGE=unknown
1000
CHAIN=chain_mryhfeu7
1000
PIECE_ID=back_body_manual_01
1000
SEAM_PAIR=
1000
PAIRED_CHAIN=
1000
NOTCH_CHAIN=
1000
NOTCH_SOURCE=
1000
PIECE_ROLE=back_body
1000
SEAM_ALLOWANCE_MM=
1000
SOURCE_LAYER=11
0
VERTEX
8
AI4M_01_ATOM_CUT
10
4152.3965
20
424.142403
30
0
0
VERTEX
8
AI4M_01_ATOM_CUT
10
4147.413459
20
424.553863
30
0
0
SEQEND
8
AI4M_01_ATOM_CUT
0
TEXT
8
AI4M_01_ATOM_CUT
10
4152.3965
20
424.142403
30
0
40
2.5
1
AI4M_line_0017_cut_line_unknown
1001
AI4MANUFACTURING
1000
WRITEBACK_PHASE=01_ATOM_LABEL
1000
ENTITY_ID=line_0017
999
AI4M_ENTITY=line_0018;LINE_ROLE=cut_line;EDGE=unknown;SOURCE_LAYER=11
0
POLYLINE
8
AI4M_01_ATOM_CUT
66
1
70
0
1001
AI4MANUFACTURING
1000
WRITEBACK_PHASE=01_ATOM
1000
ENTITY_ID=line_0018
1000
SOURCE_HANDLE=1CB
1000
LINE_ROLE=cut_line
1000
EDGE=unknown
1000
CHAIN=chain_mryhfeu7
1000
PIECE_ID=back_body_manual_01
1000
SEAM_PAIR=
1000
PAIRED_CHAIN=
1000
NOTCH_CHAIN=
1000
NOTCH_SOURCE=
1000
PIECE_ROLE=back_body
1000
SEAM_ALLOWANCE_MM=
1000
SOURCE_LAYER=11
0
VERTEX
8
AI4M_01_ATOM_CUT
10
4151.242825
20
209.985507
30
0
0
VERTEX
8
AI4M_01_ATOM_CUT
10
4146.248922
20
209.738666
30
0
0
SEQEND
8
AI4M_01_ATOM_CUT
0
TEXT
8
AI4M_01_ATOM_CUT
10
4151.242825
20
209.985507
30
0
40
2.5
1
AI4M_line_0018_cut_line_unknown
1001
AI4MANUFACTURING
1000
WRITEBACK_PHASE=01_ATOM_LABEL
1000
ENTITY_ID=line_0018
999
AI4M_ENTITY=line_0019;LINE_ROLE=cut_line;EDGE=unknown;SOURCE_LAYER=11
0
POLYLINE
8
AI4M_01_ATOM_CUT
66
1
70
0
1001
AI4MANUFACTURING
1000
WRITEBACK_PHASE=01_ATOM
1000
ENTITY_ID=line_0019
1000
SOURCE_HANDLE=1CC
1000
LINE_ROLE=cut_line
1000
EDGE=unknown
1000
CHAIN=chain_mryhfeu7
1000
PIECE_ID=back_body_manual_01
1000
SEAM_PAIR=
1000
PAIRED_CHAIN=
1000
NOTCH_CHAIN=
1000
NOTCH_SOURCE=
1000
PIECE_ROLE=back_body
1000
SEAM_ALLOWANCE_MM=
1000
SOURCE_LAYER=11
0
VERTEX
8
AI4M_01_ATOM_CUT
10
4153.778076
20
106.327629
30
0
0
VERTEX
8
AI4M_01_ATOM_CUT
10
4154.127808
20
86.379309
30
0
0
SEQEND
8
AI4M_01_ATOM_CUT
0
TEXT
8
AI4M_01_ATOM_CUT
10
4153.778076
20
106.327629
30
0
40
2.5
1
AI4M_line_0019_cut_line_unknown
1001
AI4MANUFACTURING
1000
WRITEBACK_PHASE=01_ATOM_LABEL
1000
ENTITY_ID=line_0019
999
AI4M_ENTITY=line_0020__seg_01;LINE_ROLE=cut_line;EDGE=unknown;SOURCE_LAYER=11
0
POLYLINE
8
AI4M_01_ATOM_CUT
66
1
70
0
1001
AI4MANUFACTURING
1000
WRITEBACK_PHASE=01_ATOM
1000
ENTITY_ID=line_0020__seg_01
1000
SOURCE_HANDLE=1D1
1000
LINE_ROLE=cut_line
1000
EDGE=unknown
1000
CHAIN=chain_mryhfeu7
1000
PIECE_ID=back_body_manual_01
1000
SEAM_PAIR=
1000
PAIRED_CHAIN=
1000
NOTCH_CHAIN=
1000
NOTCH_SOURCE=
1000
PIECE_ROLE=back_body
1000
SEAM_ALLOWANCE_MM=
1000
SOURCE_LAYER=11
0
VERTEX
8
AI4M_01_ATOM_CUT
10
4154.127808
20
86.379309
30
0
0
VERTEX
8
AI4M_01_ATOM_CUT
10
4137.973418
20
85.743867
30
0
0
VERTEX
8
AI4M_01_ATOM_CUT
10
4122.833817
20
85.163436
30
0
0
VERTEX
8
AI4M_01_ATOM_CUT
10
4107.526706
20
84.596365
30
0
0
VERTEX
8
AI4M_01_ATOM_CUT
10
4092.189024
20
84.055046
30
0
0
VERTEX
8
AI4M_01_ATOM_CUT
10
4076.850264
20
83.546156
30
0
0
VERTEX
8
AI4M_01_ATOM_CUT
10
4061.651539
20
83.079346
30
0
0
VERTEX
8
AI4M_01_ATOM_CUT
10
4046.310402
20
82.650131
30
0
0
VERTEX
8
AI4M_01_ATOM_CUT
10
4030.968088
20
82.264685
30
0
0
VERTEX
8
AI4M_01_ATOM_CUT
10
4015.624648
20
81.924353
30
0
0
VERTEX
8
AI4M_01_ATOM_CUT
10
4000.564394
20
81.636003
30
0
0
VERTEX
8
AI4M_01_ATOM_CUT
10
3985.219025
20
81.393016
30
0
0
VERTEX
8
AI4M_01_ATOM_CUT
10
3969.872957
20
81.206311
30
0
0
VERTEX
8
AI4M_01_ATOM_CUT
10
3954.559158
20
81.080446
30
0
0
VERTEX
8
AI4M_01_ATOM_CUT
10
3939.054605
20
81.007124
30
0
0
VERTEX
8
AI4M_01_ATOM_CUT
10
3923.670245
20
80.976527
30
0
0
VERTEX
8
AI4M_01_ATOM_CUT
10
3909.999695
20
80.983076
30
0
0
SEQEND
8
AI4M_01_ATOM_CUT
0
TEXT
8
AI4M_01_ATOM_CUT
10
4154.127808
20
86.379309
30
0
40
2.5
1
AI4M_line_0020__seg_01_cut_line_unknown
1001
AI4MANUFACTURING
1000
WRITEBACK_PHASE=01_ATOM_LABEL
1000
ENTITY_ID=line_0020__seg_01
999
AI4M_ENTITY=line_0021;LINE_ROLE=cut_line;EDGE=unknown;SOURCE_LAYER=11
0
POLYLINE
8
AI4M_01_ATOM_CUT
66
1
70
0
1001
AI4MANUFACTURING
1000
WRITEBACK_PHASE=01_ATOM
1000
ENTITY_ID=line_0021
1000
SOURCE_HANDLE=1E5
1000
LINE_ROLE=cut_line
1000
EDGE=unknown
1000
CHAIN=chain_mryhfeu7
1000
PIECE_ID=back_body_manual_01
1000
SEAM_PAIR=
1000
PAIRED_CHAIN=
1000
NOTCH_CHAIN=
1000
NOTCH_SOURCE=
1000
PIECE_ROLE=back_body
1000
SEAM_ALLOWANCE_MM=
1000
SOURCE_LAYER=11
0
VERTEX
8
AI4M_01_ATOM_CUT
10
3909.999611
20
78.483074
30
0
0
VERTEX
8
AI4M_01_ATOM_CUT
10
3910.00174
20
83.483074
30
0
0
SEQEND
8
AI4M_01_ATOM_CUT
0
TEXT
8
AI4M_01_ATOM_CUT
10
3909.999611
20
78.483074
30
0
40
2.5
1
AI4M_line_0021_cut_line_unknown
1001
AI4MANUFACTURING
1000
WRITEBACK_PHASE=01_ATOM_LABEL
1000
ENTITY_ID=line_0021
999
AI4M_ENTITY=line_0022__seg_01;LINE_ROLE=hem_line;EDGE=hem_line;SOURCE_LAYER=11
0
POLYLINE
8
AI4M_01_ATOM_INTERNAL
66
1
70
0
1001
AI4MANUFACTURING
1000
WRITEBACK_PHASE=01_ATOM
1000
ENTITY_ID=line_0022__seg_01
1000
SOURCE_HANDLE=1E6
1000
LINE_ROLE=hem_line
1000
EDGE=hem_line
1000
CHAIN=chain_mryhfeu7
1000
PIECE_ID=back_body_manual_01
1000
SEAM_PAIR=
1000
PAIRED_CHAIN=
1000
NOTCH_CHAIN=
1000
NOTCH_SOURCE=
1000
PIECE_ROLE=back_body
1000
SEAM_ALLOWANCE_MM=
1000
SOURCE_LAYER=11
0
VERTEX
8
AI4M_01_ATOM_INTERNAL
10
3909.999695
20
80.983076
30
0
0
VERTEX
8
AI4M_01_ATOM_INTERNAL
10
3894.045899
20
80.978643
30
0
0
VERTEX
8
AI4M_01_ATOM_INTERNAL
10
3878.874916
20
81.014278
30
0
0
VERTEX
8
AI4M_01_ATOM_INTERNAL
10
3863.191949
20
81.095231
30
0
0
VERTEX
8
AI4M_01_ATOM_INTERNAL
10
3847.414839
20
81.234997
30
0
0
VERTEX
8
AI4M_01_ATOM_INTERNAL
10
3832.068943
20
81.432016
30
0
0
VERTEX
8
AI4M_01_ATOM_INTERNAL
10
3816.723757
20
81.684425
30
0
0
VERTEX
8
AI4M_01_ATOM_INTERNAL
10
3801.383447
20
81.987116
30
0
0
VERTEX
8
AI4M_01_ATOM_INTERNAL
10
3786.040219
20
82.336347
30
0
0
VERTEX
8
AI4M_01_ATOM_INTERNAL
10
3770.698117
20
82.730429
30
0
0
VERTEX
8
AI4M_01_ATOM_INTERNAL
10
3755.357226
20
83.168018
30
0
0
VERTEX
8
AI4M_01_ATOM_INTERNAL
10
3740.301357
20
83.637941
30
0
0
VERTEX
8
AI4M_01_ATOM_INTERNAL
10
3724.962888
20
84.153265
30
0
0
VERTEX
8
AI4M_01_ATOM_INTERNAL
10
3709.625506
20
84.699996
30
0
0
VERTEX
8
AI4M_01_ATOM_INTERNAL
10
3694.489014
20
85.264871
30
0
0
VERTEX
8
AI4M_01_ATOM_INTERNAL
10
3679.06491
20
85.859153
30
0
0
VERTEX
8
AI4M_01_ATOM_INTERNAL
10
3665.872192
20
86.379309
30
0
0
SEQEND
8
AI4M_01_ATOM_INTERNAL
0
TEXT
8
AI4M_01_ATOM_INTERNAL
10
3909.999695
20
80.983076
30
0
40
2.5
1
AI4M_line_0022__seg_01_hem_line_hem_line
1001
AI4MANUFACTURING
1000
WRITEBACK_PHASE=01_ATOM_LABEL
1000
ENTITY_ID=line_0022__seg_01
999
AI4M_ENTITY=line_0023__seg_01;LINE_ROLE=cut_line;EDGE=unknown;SOURCE_LAYER=11
0
POLYLINE
8
AI4M_01_ATOM_CUT
66
1
70
0
1001
AI4MANUFACTURING
1000
WRITEBACK_PHASE=01_ATOM
1000
ENTITY_ID=line_0023__seg_01
1000
SOURCE_HANDLE=1FA
1000
LINE_ROLE=cut_line
1000
EDGE=unknown
1000
CHAIN=chain_mryhfeu7
1000
PIECE_ID=back_body_manual_01
1000
SEAM_PAIR=
1000
PAIRED_CHAIN=
1000
NOTCH_CHAIN=
1000
NOTCH_SOURCE=
1000
PIECE_ROLE=back_body
1000
SEAM_ALLOWANCE_MM=
1000
SOURCE_LAYER=11
0
VERTEX
8
AI4M_01_ATOM_CUT
10
3675.218201
20
106.032925
30
0
0
VERTEX
8
AI4M_01_ATOM_CUT
10
3675.957453
20
121.524166
30
0
0
VERTEX
8
AI4M_01_ATOM_CUT
10
3676.695368
20
136.919155
30
0
0
VERTEX
8
AI4M_01_ATOM_CUT
10
3677.430045
20
152.176849
30
0
0
VERTEX
8
AI4M_01_ATOM_CUT
10
3678.175414
20
167.568166
30
0
0
VERTEX
8
AI4M_01_ATOM_CUT
10
3678.931346
20
183.051254
30
0
0
VERTEX
8
AI4M_01_ATOM_CUT
10
3679.69577
20
198.533934
30
0
0
VERTEX
8
AI4M_01_ATOM_CUT
10
3680.462068
20
213.832281
30
0
0
VERTEX
8
AI4M_01_ATOM_CUT
10
3681.252497
20
229.313562
30
0
0
VERTEX
8
AI4M_01_ATOM_CUT
10
3682.032693
20
244.795355
30
0
0
VERTEX
8
AI4M_01_ATOM_CUT
10
3682.767605
20
260.279605
30
0
0
VERTEX
8
AI4M_01_ATOM_CUT
10
3683.414386
20
275.635799
30
0
0
VERTEX
8
AI4M_01_ATOM_CUT
10
3683.92382
20
291.129281
30
0
0
VERTEX
8
AI4M_01_ATOM_CUT
10
3684.213737
20
306.200233
30
0
0
VERTEX
8
AI4M_01_ATOM_CUT
10
3684.265374
20
321.702213
30
0
0
VERTEX
8
AI4M_01_ATOM_CUT
10
3684.080665
20
336.999565
30
0
0
VERTEX
8
AI4M_01_ATOM_CUT
10
3683.670843
20
352.496024
30
0
0
VERTEX
8
AI4M_01_ATOM_CUT
10
3683.077791
20
367.547678
30
0
0
VERTEX
8
AI4M_01_ATOM_CUT
10
3682.277641
20
383.028976
30
0
0
VERTEX
8
AI4M_01_ATOM_CUT
10
3681.289664
20
398.336642
30
0
0
VERTEX
8
AI4M_01_ATOM_CUT
10
3680.096653
20
413.792395
30
0
0
VERTEX
8
AI4M_01_ATOM_CUT
10
3678.759454
20
429.026614
30
0
0
VERTEX
8
AI4M_01_ATOM_CUT
10
3677.282169
20
444.299531
30
0
0
VERTEX
8
AI4M_01_ATOM_CUT
10
3676.182861
20
455.024643
30
0
0
SEQEND
8
AI4M_01_ATOM_CUT
0
TEXT
8
AI4M_01_ATOM_CUT
10
3675.218201
20
106.032925
30
0
40
2.5
1
AI4M_line_0023__seg_01_cut_line_unknown
1001
AI4MANUFACTURING
1000
WRITEBACK_PHASE=01_ATOM_LABEL
1000
ENTITY_ID=line_0023__seg_01
999
AI4M_ENTITY=line_0024;LINE_ROLE=cut_line;EDGE=unknown;SOURCE_LAYER=11
0
POLYLINE
8
AI4M_01_ATOM_CUT
66
1
70
0
1001
AI4MANUFACTURING
1000
WRITEBACK_PHASE=01_ATOM
1000
ENTITY_ID=line_0024
1000
SOURCE_HANDLE=215
1000
LINE_ROLE=cut_line
1000
EDGE=unknown
1000
CHAIN=chain_mryhfeu7
1000
PIECE_ID=back_body_manual_01
1000
SEAM_PAIR=
1000
PAIRED_CHAIN=
1000
NOTCH_CHAIN=
1000
NOTCH_SOURCE=
1000
PIECE_ROLE=back_body
1000
SEAM_ALLOWANCE_MM=
1000
SOURCE_LAYER=11
0
VERTEX
8
AI4M_01_ATOM_CUT
10
3682.735994
20
209.284563
30
0
0
VERTEX
8
AI4M_01_ATOM_CUT
10
3677.742309
20
209.535788
30
0
0
SEQEND
8
AI4M_01_ATOM_CUT
0
TEXT
8
AI4M_01_ATOM_CUT
10
3682.735994
20
209.284563
30
0
40
2.5
1
AI4M_line_0024_cut_line_unknown
1001
AI4MANUFACTURING
1000
WRITEBACK_PHASE=01_ATOM_LABEL
1000
ENTITY_ID=line_0024
999
AI4M_ENTITY=line_0025;LINE_ROLE=cut_line;EDGE=unknown;SOURCE_LAYER=11
0
POLYLINE
8
AI4M_01_ATOM_CUT
66
1
70
0
1001
AI4MANUFACTURING
1000
WRITEBACK_PHASE=01_ATOM
1000
ENTITY_ID=line_0025
1000
SOURCE_HANDLE=216
1000
LINE_ROLE=cut_line
1000
EDGE=unknown
1000
CHAIN=chain_mryhfeu7
1000
PIECE_ID=back_body_manual_01
1000
SEAM_PAIR=
1000
PAIRED_CHAIN=
1000
NOTCH_CHAIN=
1000
NOTCH_SOURCE=
1000
PIECE_ROLE=back_body
1000
SEAM_ALLOWANCE_MM=
1000
SOURCE_LAYER=11
0
VERTEX
8
AI4M_01_ATOM_CUT
10
3681.601332
20
425.393364
30
0
0
VERTEX
8
AI4M_01_ATOM_CUT
10
3676.621833
20
424.941054
30
0
0
SEQEND
8
AI4M_01_ATOM_CUT
0
TEXT
8
AI4M_01_ATOM_CUT
10
3681.601332
20
425.393364
30
0
40
2.5
1
AI4M_line_0025_cut_line_unknown
1001
AI4MANUFACTURING
1000
WRITEBACK_PHASE=01_ATOM_LABEL
1000
ENTITY_ID=line_0025
999
AI4M_ENTITY=line_0026__seg_01;LINE_ROLE=cut_line;EDGE=unknown;SOURCE_LAYER=11
0
POLYLINE
8
AI4M_01_ATOM_CUT
66
1
70
0
1001
AI4MANUFACTURING
1000
WRITEBACK_PHASE=01_ATOM
1000
ENTITY_ID=line_0026__seg_01
1000
SOURCE_HANDLE=217
1000
LINE_ROLE=cut_line
1000
EDGE=unknown
1000
CHAIN=chain_mryhfeu7
1000
PIECE_ID=back_body_manual_01
1000
SEAM_PAIR=
1000
PAIRED_CHAIN=
1000
NOTCH_CHAIN=
1000
NOTCH_SOURCE=
1000
PIECE_ROLE=back_body
1000
SEAM_ALLOWANCE_MM=
1000
SOURCE_LAYER=11
0
VERTEX
8
AI4M_01_ATOM_CUT
10
3676.182861
20
455.024643
30
0
0
VERTEX
8
AI4M_01_ATOM_CUT
10
3680.835687
20
456.458508
30
0
0
VERTEX
8
AI4M_01_ATOM_CUT
10
3684.701045
20
457.916561
30
0
0
VERTEX
8
AI4M_01_ATOM_CUT
10
3687.962347
20
459.416569
30
0
0
VERTEX
8
AI4M_01_ATOM_CUT
10
3690.99487
20
461.086347
30
0
0
VERTEX
8
AI4M_01_ATOM_CUT
10
3693.956276
20
462.993366
30
0
0
VERTEX
8
AI4M_01_ATOM_CUT
10
3696.875965
20
465.169611
30
0
0
VERTEX
8
AI4M_01_ATOM_CUT
10
3699.640116
20
467.53785
30
0
0
VERTEX
8
AI4M_01_ATOM_CUT
10
3702.28315
20
470.129594
30
0
0
VERTEX
8
AI4M_01_ATOM_CUT
10
3704.704934
20
472.84822
30
0
0
VERTEX
8
AI4M_01_ATOM_CUT
10
3706.970365
20
475.766942
30
0
0
VERTEX
8
AI4M_01_ATOM_CUT
10
3709.109143
20
478.936264
30
0
0
VERTEX
8
AI4M_01_ATOM_CUT
10
3711.084838
20
482.313952
30
0
0
VERTEX
8
AI4M_01_ATOM_CUT
10
3712.9693
20
486.051444
30
0
0
VERTEX
8
AI4M_01_ATOM_CUT
10
3714.703021
20
490.069336
30
0
0
VERTEX
8
AI4M_01_ATOM_CUT
10
3716.269532
20
494.341534
30
0
0
VERTEX
8
AI4M_01_ATOM_CUT
10
3717.694197
20
498.959964
30
0
0
VERTEX
8
AI4M_01_ATOM_CUT
10
3718.998257
20
504.073318
30
0
0
VERTEX
8
AI4M_01_ATOM_CUT
10
3720.126118
20
509.541426
30
0
0
VERTEX
8
AI4M_01_ATOM_CUT
10
3721.057696
20
515.334779
30
0
0
VERTEX
8
AI4M_01_ATOM_CUT
10
3721.78425
20
521.478258
30
0
0
VERTEX
8
AI4M_01_ATOM_CUT
10
3722.305208
20
528.074571
30
0
0
VERTEX
8
AI4M_01_ATOM_CUT
10
3722.618169
20
535.345612
30
0
0
VERTEX
8
AI4M_01_ATOM_CUT
10
3722.709364
20
543.632271
30
0
0
VERTEX
8
AI4M_01_ATOM_CUT
10
3722.547636
20
553.777285
30
0
0
VERTEX
8
AI4M_01_ATOM_CUT
10
3722.13349
20
564.559071
30
0
0
VERTEX
8
AI4M_01_ATOM_CUT
10
3721.477016
20
575.27334
30
0
0
VERTEX
8
AI4M_01_ATOM_CUT
10
3720.583852
20
585.849227
30
0
0
VERTEX
8
AI4M_01_ATOM_CUT
10
3719.465088
20
596.236941
30
0
0
VERTEX
8
AI4M_01_ATOM_CUT
10
3718.107104
20
606.589032
30
0
0
VERTEX
8
AI4M_01_ATOM_CUT
10
3716.538571
20
616.724138
30
0
0
VERTEX
8
AI4M_01_ATOM_CUT
10
3714.650174
20
627.290973
30
0
0
VERTEX
8
AI4M_01_ATOM_CUT
10
3712.487572
20
637.979911
30
0
0
VERTEX
8
AI4M_01_ATOM_CUT
10
3709.852603
20
649.694704
30
0
0
VERTEX
8
AI4M_01_ATOM_CUT
10
3707.231445
20
660.492325
30
0
0
SEQEND
8
AI4M_01_ATOM_CUT
0
TEXT
8
AI4M_01_ATOM_CUT
10
3676.182861
20
455.024643
30
0
40
2.5
1
AI4M_line_0026__seg_01_cut_line_unknown
1001
AI4MANUFACTURING
1000
WRITEBACK_PHASE=01_ATOM_LABEL
1000
ENTITY_ID=line_0026__seg_01
999
AI4M_ENTITY=line_0027;LINE_ROLE=cut_line;EDGE=unknown;SOURCE_LAYER=11
0
POLYLINE
8
AI4M_01_ATOM_CUT
66
1
70
0
1001
AI4MANUFACTURING
1000
WRITEBACK_PHASE=01_ATOM
1000
ENTITY_ID=line_0027
1000
SOURCE_HANDLE=23D
1000
LINE_ROLE=cut_line
1000
EDGE=unknown
1000
CHAIN=chain_mryhfeu7
1000
PIECE_ID=back_body_manual_01
1000
SEAM_PAIR=
1000
PAIRED_CHAIN=
1000
NOTCH_CHAIN=
1000
NOTCH_SOURCE=
1000
PIECE_ROLE=back_body
1000
SEAM_ALLOWANCE_MM=
1000
SOURCE_LAYER=11
0
VERTEX
8
AI4M_01_ATOM_CUT
10
3722.680275
20
589.992849
30
0
0
VERTEX
8
AI4M_01_ATOM_CUT
10
3717.707483
20
589.47194
30
0
0
SEQEND
8
AI4M_01_ATOM_CUT
0
TEXT
8
AI4M_01_ATOM_CUT
10
3722.680275
20
589.992849
30
0
40
2.5
1
AI4M_line_0027_cut_line_unknown
1001
AI4MANUFACTURING
1000
WRITEBACK_PHASE=01_ATOM_LABEL
1000
ENTITY_ID=line_0027
999
AI4M_ENTITY=line_0028__seg_01;LINE_ROLE=cut_line;EDGE=unknown;SOURCE_LAYER=11
0
POLYLINE
8
AI4M_01_ATOM_CUT
66
1
70
0
1001
AI4MANUFACTURING
1000
WRITEBACK_PHASE=01_ATOM
1000
ENTITY_ID=line_0028__seg_01
1000
SOURCE_HANDLE=23E
1000
LINE_ROLE=cut_line
1000
EDGE=unknown
1000
CHAIN=chain_mryhfeu7
1000
PIECE_ID=back_body_manual_01
1000
SEAM_PAIR=
1000
PAIRED_CHAIN=
1000
NOTCH_CHAIN=
1000
NOTCH_SOURCE=
1000
PIECE_ROLE=back_body
1000
SEAM_ALLOWANCE_MM=
1000
SOURCE_LAYER=11
0
VERTEX
8
AI4M_01_ATOM_CUT
10
3707.231445
20
660.492325
30
0
0
VERTEX
8
AI4M_01_ATOM_CUT
10
3757.136841
20
676.080627
30
0
0
VERTEX
8
AI4M_01_ATOM_CUT
10
3807.042542
20
691.669159
30
0
0
SEQEND
8
AI4M_01_ATOM_CUT
0
TEXT
8
AI4M_01_ATOM_CUT
10
3707.231445
20
660.492325
30
0
40
2.5
1
AI4M_line_0028__seg_01_cut_line_unknown
1001
AI4MANUFACTURING
1000
WRITEBACK_PHASE=01_ATOM_LABEL
1000
ENTITY_ID=line_0028__seg_01
999
AI4M_ENTITY=line_0029;LINE_ROLE=cut_line;EDGE=unknown;SOURCE_LAYER=11
0
POLYLINE
8
AI4M_01_ATOM_CUT
66
1
70
0
1001
AI4MANUFACTURING
1000
WRITEBACK_PHASE=01_ATOM
1000
ENTITY_ID=line_0029
1000
SOURCE_HANDLE=244
1000
LINE_ROLE=cut_line
1000
EDGE=unknown
1000
CHAIN=chain_mryhfeu7
1000
PIECE_ID=back_body_manual_01
1000
SEAM_PAIR=
1000
PAIRED_CHAIN=
1000
NOTCH_CHAIN=
1000
NOTCH_SOURCE=
1000
PIECE_ROLE=back_body
1000
SEAM_ALLOWANCE_MM=
1000
SOURCE_LAYER=11
0
VERTEX
8
AI4M_01_ATOM_CUT
10
3756.391438
20
678.466916
30
0
0
VERTEX
8
AI4M_01_ATOM_CUT
10
3757.882479
20
673.694412
30
0
0
SEQEND
8
AI4M_01_ATOM_CUT
0
TEXT
8
AI4M_01_ATOM_CUT
10
3756.391438
20
678.466916
30
0
40
2.5
1
AI4M_line_0029_cut_line_unknown
1001
AI4MANUFACTURING
1000
WRITEBACK_PHASE=01_ATOM_LABEL
1000
ENTITY_ID=line_0029
999
AI4M_ENTITY=line_0030__seg_01;LINE_ROLE=cut_line;EDGE=unknown;SOURCE_LAYER=11
0
POLYLINE
8
AI4M_01_ATOM_CUT
66
1
70
0
1001
AI4MANUFACTURING
1000
WRITEBACK_PHASE=01_ATOM
1000
ENTITY_ID=line_0030__seg_01
1000
SOURCE_HANDLE=245
1000
LINE_ROLE=cut_line
1000
EDGE=unknown
1000
CHAIN=chain_mryhfeu7
1000
PIECE_ID=back_body_manual_01
1000
SEAM_PAIR=
1000
PAIRED_CHAIN=
1000
NOTCH_CHAIN=
1000
NOTCH_SOURCE=
1000
PIECE_ROLE=back_body
1000
SEAM_ALLOWANCE_MM=
1000
SOURCE_LAYER=11
0
VERTEX
8
AI4M_01_ATOM_CUT
10
3909.999695
20
656.517868
30
0
0
VERTEX
8
AI4M_01_ATOM_CUT
10
3924.275037
20
656.596126
30
0
0
VERTEX
8
AI4M_01_ATOM_CUT
10
3933.919861
20
656.865755
30
0
0
VERTEX
8
AI4M_01_ATOM_CUT
10
3941.920696
20
657.314449
30
0
0
VERTEX
8
AI4M_01_ATOM_CUT
10
3949.011651
20
657.945054
30
0
0
VERTEX
8
AI4M_01_ATOM_CUT
10
3955.384541
20
658.748266
30
0
0
VERTEX
8
AI4M_01_ATOM_CUT
10
3961.210084
20
659.719288
30
0
0
VERTEX
8
AI4M_01_ATOM_CUT
10
3966.565674
20
660.85219
30
0
0
VERTEX
8
AI4M_01_ATOM_CUT
10
3971.427463
20
662.121715
30
0
0
VERTEX
8
AI4M_01_ATOM_CUT
10
3975.934868
20
663.541672
30
0
0
VERTEX
8
AI4M_01_ATOM_CUT
10
3980.178136
20
665.12827
30
0
0
VERTEX
8
AI4M_01_ATOM_CUT
10
3984.129267
20
666.859921
30
0
0
VERTEX
8
AI4M_01_ATOM_CUT
10
3987.876933
20
668.768072
30
0
0
VERTEX
8
AI4M_01_ATOM_CUT
10
3991.335808
20
670.800097
30
0
0
VERTEX
8
AI4M_01_ATOM_CUT
10
3994.703971
20
673.062007
30
0
0
VERTEX
8
AI4M_01_ATOM_CUT
10
3997.971558
20
675.549909
30
0
0
VERTEX
8
AI4M_01_ATOM_CUT
10
4001.123697
20
678.256925
30
0
0
VERTEX
8
AI4M_01_ATOM_CUT
10
4004.172235
20
681.205163
30
0
0
VERTEX
8
AI4M_01_ATOM_CUT
10
4007.1884
20
684.482639
30
0
0
VERTEX
8
AI4M_01_ATOM_CUT
10
4010.597719
20
688.583262
30
0
0
VERTEX
8
AI4M_01_ATOM_CUT
10
4012.957153
20
691.669159
30
0
0
SEQEND
8
AI4M_01_ATOM_CUT
0
TEXT
8
AI4M_01_ATOM_CUT
10
3909.999695
20
656.517868
30
0
40
2.5
1
AI4M_line_0030__seg_01_cut_line_unknown
1001
AI4MANUFACTURING
1000
WRITEBACK_PHASE=01_ATOM_LABEL
1000
ENTITY_ID=line_0030__seg_01
999
AI4M_ENTITY=line_0031;LINE_ROLE=cut_line;EDGE=unknown;SOURCE_LAYER=11
0
POLYLINE
8
AI4M_01_ATOM_CUT
66
1
70
0
1001
AI4MANUFACTURING
1000
WRITEBACK_PHASE=01_ATOM
1000
ENTITY_ID=line_0031
1000
SOURCE_HANDLE=25D
1000
LINE_ROLE=cut_line
1000
EDGE=unknown
1000
CHAIN=chain_mryhfeu7
1000
PIECE_ID=back_body_manual_01
1000
SEAM_PAIR=
1000
PAIRED_CHAIN=
1000
NOTCH_CHAIN=
1000
NOTCH_SOURCE=
1000
PIECE_ROLE=back_body
1000
SEAM_ALLOWANCE_MM=
1000
SOURCE_LAYER=11
0
VERTEX
8
AI4M_01_ATOM_CUT
10
4012.957153
20
691.669159
30
0
0
VERTEX
8
AI4M_01_ATOM_CUT
10
4112.76886
20
660.492325
30
0
0
SEQEND
8
AI4M_01_ATOM_CUT
0
TEXT
8
AI4M_01_ATOM_CUT
10
4012.957153
20
691.669159
30
0
40
2.5
1
AI4M_line_0031_cut_line_unknown
1001
AI4MANUFACTURING
1000
WRITEBACK_PHASE=01_ATOM_LABEL
1000
ENTITY_ID=line_0031
999
AI4M_ENTITY=line_0032__seg_01;LINE_ROLE=cut_line;EDGE=unknown;SOURCE_LAYER=11
0
POLYLINE
8
AI4M_01_ATOM_CUT
66
1
70
0
1001
AI4MANUFACTURING
1000
WRITEBACK_PHASE=01_ATOM
1000
ENTITY_ID=line_0032__seg_01
1000
SOURCE_HANDLE=262
1000
LINE_ROLE=cut_line
1000
EDGE=unknown
1000
CHAIN=chain_mryhfeu7
1000
PIECE_ID=back_body_manual_01
1000
SEAM_PAIR=
1000
PAIRED_CHAIN=
1000
NOTCH_CHAIN=
1000
NOTCH_SOURCE=
1000
PIECE_ROLE=back_body
1000
SEAM_ALLOWANCE_MM=
1000
SOURCE_LAYER=11
0
VERTEX
8
AI4M_01_ATOM_CUT
10
4112.76886
20
660.492325
30
0
0
VERTEX
8
AI4M_01_ATOM_CUT
10
4109.229686
20
645.747811
30
0
0
VERTEX
8
AI4M_01_ATOM_CUT
10
4106.814764
20
634.658203
30
0
0
VERTEX
8
AI4M_01_ATOM_CUT
10
4104.728042
20
623.96063
30
0
0
VERTEX
8
AI4M_01_ATOM_CUT
10
4102.959127
20
613.64386
30
0
0
VERTEX
8
AI4M_01_ATOM_CUT
10
4101.444671
20
603.373838
30
0
0
VERTEX
8
AI4M_01_ATOM_CUT
10
4100.155426
20
592.951531
30
0
0
VERTEX
8
AI4M_01_ATOM_CUT
10
4099.120715
20
582.660698
30
0
0
VERTEX
8
AI4M_01_ATOM_CUT
10
4098.303701
20
572.11289
30
0
0
VERTEX
8
AI4M_01_ATOM_CUT
10
4097.722556
20
561.462762
30
0
0
VERTEX
8
AI4M_01_ATOM_CUT
10
4097.37812
20
550.671684
30
0
0
VERTEX
8
AI4M_01_ATOM_CUT
10
4097.292469
20
541.178536
30
0
0
VERTEX
8
AI4M_01_ATOM_CUT
10
4097.44657
20
533.256386
30
0
0
VERTEX
8
AI4M_01_ATOM_CUT
10
4097.815572
20
526.233159
30
0
0
VERTEX
8
AI4M_01_ATOM_CUT
10
4098.390934
20
519.786813
30
0
0
VERTEX
8
AI4M_01_ATOM_CUT
10
4099.161702
20
513.817555
30
0
0
VERTEX
8
AI4M_01_ATOM_CUT
10
4100.121775
20
508.22743
30
0
0
VERTEX
8
AI4M_01_ATOM_CUT
10
4101.276919
20
502.904381
30
0
0
VERTEX
8
AI4M_01_ATOM_CUT
10
4102.588426
20
497.976032
30
0
0
VERTEX
8
AI4M_01_ATOM_CUT
10
4104.050976
20
493.407123
30
0
0
VERTEX
8
AI4M_01_ATOM_CUT
10
4105.655836
20
489.183394
30
0
0
VERTEX
8
AI4M_01_ATOM_CUT
10
4107.390461
20
485.293307
30
0
0
VERTEX
8
AI4M_01_ATOM_CUT
10
4109.241043
20
481.722605
30
0
0
VERTEX
8
AI4M_01_ATOM_CUT
10
4111.241339
20
478.383931
30
0
0
VERTEX
8
AI4M_01_ATOM_CUT
10
4113.390699
20
475.272021
30
0
0
VERTEX
8
AI4M_01_ATOM_CUT
10
4115.687539
20
472.382387
30
0
0
VERTEX
8
AI4M_01_ATOM_CUT
10
4118.161316
20
469.669147
30
0
0
VERTEX
8
AI4M_01_ATOM_CUT
10
4120.81712
20
467.123421
30
0
0
VERTEX
8
AI4M_01_ATOM_CUT
10
4123.618524
20
464.778791
30
0
0
VERTEX
8
AI4M_01_ATOM_CUT
10
4126.565818
20
462.636218
30
0
0
VERTEX
8
AI4M_01_ATOM_CUT
10
4129.551739
20
460.764582
30
0
0
VERTEX
8
AI4M_01_ATOM_CUT
10
4132.631131
20
459.121953
30
0
0
VERTEX
8
AI4M_01_ATOM_CUT
10
4135.869569
20
457.679789
30
0
0
VERTEX
8
AI4M_01_ATOM_CUT
10
4139.450148
20
456.363548
30
0
0
VERTEX
8
AI4M_01_ATOM_CUT
10
4143.817139
20
455.024643
30
0
0
SEQEND
8
AI4M_01_ATOM_CUT
0
TEXT
8
AI4M_01_ATOM_CUT
10
4112.76886
20
660.492325
30
0
40
2.5
1
AI4M_line_0032__seg_01_cut_line_unknown
1001
AI4MANUFACTURING
1000
WRITEBACK_PHASE=01_ATOM_LABEL
1000
ENTITY_ID=line_0032__seg_01
999
AI4M_ENTITY=line_0033;LINE_ROLE=cut_line;EDGE=unknown;SOURCE_LAYER=11
0
POLYLINE
8
AI4M_01_ATOM_CUT
66
1
70
0
1001
AI4MANUFACTURING
1000
WRITEBACK_PHASE=01_ATOM
1000
ENTITY_ID=line_0033
1000
SOURCE_HANDLE=288
1000
LINE_ROLE=cut_line
1000
EDGE=unknown
1000
CHAIN=chain_mryhfeu7
1000
PIECE_ID=back_body_manual_01
1000
SEAM_PAIR=
1000
PAIRED_CHAIN=
1000
NOTCH_CHAIN=
1000
NOTCH_SOURCE=
1000
PIECE_ROLE=back_body
1000
SEAM_ALLOWANCE_MM=
1000
SOURCE_LAYER=11
0
VERTEX
8
AI4M_01_ATOM_CUT
10
4097.319241
20
589.991161
30
0
0
VERTEX
8
AI4M_01_ATOM_CUT
10
4102.292038
20
589.470312
30
0
0
SEQEND
8
AI4M_01_ATOM_CUT
0
TEXT
8
AI4M_01_ATOM_CUT
10
4097.319241
20
589.991161
30
0
40
2.5
1
AI4M_line_0033_cut_line_unknown
1001
AI4MANUFACTURING
1000
WRITEBACK_PHASE=01_ATOM_LABEL
1000
ENTITY_ID=line_0033
999
AI4M_ENTITY=line_0034__seg_01;LINE_ROLE=cut_line;EDGE=unknown;SOURCE_LAYER=11
0
POLYLINE
8
AI4M_01_ATOM_CUT
66
1
70
0
1001
AI4MANUFACTURING
1000
WRITEBACK_PHASE=01_ATOM
1000
ENTITY_ID=line_0034__seg_01
1000
SOURCE_HANDLE=289
1000
LINE_ROLE=cut_line
1000
EDGE=unknown
1000
CHAIN=chain_mryhfeu7
1000
PIECE_ID=back_body_manual_01
1000
SEAM_PAIR=
1000
PAIRED_CHAIN=
1000
NOTCH_CHAIN=
1000
NOTCH_SOURCE=
1000
PIECE_ROLE=back_body
1000
SEAM_ALLOWANCE_MM=
1000
SOURCE_LAYER=11
0
VERTEX
8
AI4M_01_ATOM_CUT
10
4143.817139
20
455.024643
30
0
0
VERTEX
8
AI4M_01_ATOM_CUT
10
4142.246599
20
439.554297
30
0
0
VERTEX
8
AI4M_01_ATOM_CUT
10
4140.823409
20
424.444195
30
0
0
VERTEX
8
AI4M_01_ATOM_CUT
10
4139.531258
20
409.25377
30
0
0
VERTEX
8
AI4M_01_ATOM_CUT
10
4138.425505
20
394.221436
30
0
0
VERTEX
8
AI4M_01_ATOM_CUT
10
4137.499142
20
379.059426
30
0
0
VERTEX
8
AI4M_01_ATOM_CUT
10
4136.758897
20
363.832007
30
0
0
VERTEX
8
AI4M_01_ATOM_CUT
10
4136.209268
20
348.64896
30
0
0
VERTEX
8
AI4M_01_ATOM_CUT
10
4135.856035
20
333.40762
30
0
0
VERTEX
8
AI4M_01_ATOM_CUT
10
4135.722007
20
318.066835
30
0
0
VERTEX
8
AI4M_01_ATOM_CUT
10
4135.825612
20
303.09174
30
0
0
VERTEX
8
AI4M_01_ATOM_CUT
10
4136.171155
20
287.784483
30
0
0
VERTEX
8
AI4M_01_ATOM_CUT
10
4136.706044
20
272.534931
30
0
0
VERTEX
8
AI4M_01_ATOM_CUT
10
4137.371587
20
257.304184
30
0
0
VERTEX
8
AI4M_01_ATOM_CUT
10
4138.114833
20
241.993216
30
0
0
VERTEX
8
AI4M_01_ATOM_CUT
10
4138.881943
20
226.76728
30
0
0
VERTEX
8
AI4M_01_ATOM_CUT
10
4139.648765
20
211.638891
30
0
0
VERTEX
8
AI4M_01_ATOM_CUT
10
4140.412402
20
196.359037
30
0
0
VERTEX
8
AI4M_01_ATOM_CUT
10
4141.162708
20
181.132261
30
0
0
VERTEX
8
AI4M_01_ATOM_CUT
10
4141.896855
20
166.078988
30
0
0
VERTEX
8
AI4M_01_ATOM_CUT
10
4142.634226
20
150.851585
30
0
0
VERTEX
8
AI4M_01_ATOM_CUT
10
4143.36725
20
135.623973
30
0
0
VERTEX
8
AI4M_01_ATOM_CUT
10
4144.093224
20
120.466539
30
0
0
VERTEX
8
AI4M_01_ATOM_CUT
10
4144.782104
20
106.032925
30
0
0
SEQEND
8
AI4M_01_ATOM_CUT
0
TEXT
8
AI4M_01_ATOM_CUT
10
4143.817139
20
455.024643
30
0
40
2.5
1
AI4M_line_0034__seg_01_cut_line_unknown
1001
AI4MANUFACTURING
1000
WRITEBACK_PHASE=01_ATOM_LABEL
1000
ENTITY_ID=line_0034__seg_01
999
AI4M_ENTITY=line_0035;LINE_ROLE=cut_line;EDGE=unknown;SOURCE_LAYER=11
0
POLYLINE
8
AI4M_01_ATOM_CUT
66
1
70
0
1001
AI4MANUFACTURING
1000
WRITEBACK_PHASE=01_ATOM
1000
ENTITY_ID=line_0035
1000
SOURCE_HANDLE=2A4
1000
LINE_ROLE=cut_line
1000
EDGE=unknown
1000
CHAIN=chain_mryhfeu7
1000
PIECE_ID=back_body_manual_01
1000
SEAM_PAIR=
1000
PAIRED_CHAIN=
1000
NOTCH_CHAIN=
1000
NOTCH_SOURCE=
1000
PIECE_ROLE=back_body
1000
SEAM_ALLOWANCE_MM=
1000
SOURCE_LAYER=11
0
VERTEX
8
AI4M_01_ATOM_CUT
10
4138.398708
20
425.393266
30
0
0
VERTEX
8
AI4M_01_ATOM_CUT
10
4143.378212
20
424.941002
30
0
0
SEQEND
8
AI4M_01_ATOM_CUT
0
TEXT
8
AI4M_01_ATOM_CUT
10
4138.398708
20
425.393266
30
0
40
2.5
1
AI4M_line_0035_cut_line_unknown
1001
AI4MANUFACTURING
1000
WRITEBACK_PHASE=01_ATOM_LABEL
1000
ENTITY_ID=line_0035
999
AI4M_ENTITY=line_0036;LINE_ROLE=cut_line;EDGE=unknown;SOURCE_LAYER=11
0
POLYLINE
8
AI4M_01_ATOM_CUT
66
1
70
0
1001
AI4MANUFACTURING
1000
WRITEBACK_PHASE=01_ATOM
1000
ENTITY_ID=line_0036
1000
SOURCE_HANDLE=2A5
1000
LINE_ROLE=cut_line
1000
EDGE=unknown
1000
CHAIN=chain_mryhfeu7
1000
PIECE_ID=back_body_manual_01
1000
SEAM_PAIR=
1000
PAIRED_CHAIN=
1000
NOTCH_CHAIN=
1000
NOTCH_SOURCE=
1000
PIECE_ROLE=back_body
1000
SEAM_ALLOWANCE_MM=
1000
SOURCE_LAYER=11
0
VERTEX
8
AI4M_01_ATOM_CUT
10
4137.2641
20
209.28437
30
0
0
VERTEX
8
AI4M_01_ATOM_CUT
10
4142.257783
20
209.535622
30
0
0
SEQEND
8
AI4M_01_ATOM_CUT
0
TEXT
8
AI4M_01_ATOM_CUT
10
4137.2641
20
209.28437
30
0
40
2.5
1
AI4M_line_0036_cut_line_unknown
1001
AI4MANUFACTURING
1000
WRITEBACK_PHASE=01_ATOM_LABEL
1000
ENTITY_ID=line_0036
999
AI4M_ENTITY=line_0037__seg_01;LINE_ROLE=cut_line;EDGE=unknown;SOURCE_LAYER=11
0
POLYLINE
8
AI4M_01_ATOM_CUT
66
1
70
0
1001
AI4MANUFACTURING
1000
WRITEBACK_PHASE=01_ATOM
1000
ENTITY_ID=line_0037__seg_01
1000
SOURCE_HANDLE=2A6
1000
LINE_ROLE=cut_line
1000
EDGE=unknown
1000
CHAIN=chain_mryhfeu7
1000
PIECE_ID=back_body_manual_01
1000
SEAM_PAIR=
1000
PAIRED_CHAIN=
1000
NOTCH_CHAIN=
1000
NOTCH_SOURCE=
1000
PIECE_ROLE=back_body
1000
SEAM_ALLOWANCE_MM=
1000
SOURCE_LAYER=11
0
VERTEX
8
AI4M_01_ATOM_CUT
10
4144.782104
20
106.032925
30
0
0
VERTEX
8
AI4M_01_ATOM_CUT
10
4128.968191
20
105.413991
30
0
0
VERTEX
8
AI4M_01_ATOM_CUT
10
4113.770926
20
104.83779
30
0
0
VERTEX
8
AI4M_01_ATOM_CUT
10
4098.735993
20
104.291918
30
0
0
VERTEX
8
AI4M_01_ATOM_CUT
10
4083.72687
20
103.778072
30
0
0
VERTEX
8
AI4M_01_ATOM_CUT
10
4068.490394
20
103.293175
30
0
0
VERTEX
8
AI4M_01_ATOM_CUT
10
4053.478873
20
102.854523
30
0
0
VERTEX
8
AI4M_01_ATOM_CUT
10
4038.242807
20
102.450005
30
0
0
VERTEX
8
AI4M_01_ATOM_CUT
10
4023.229052
20
102.093011
30
0
0
VERTEX
8
AI4M_01_ATOM_CUT
10
4007.98683
20
101.775388
30
0
0
VERTEX
8
AI4M_01_ATOM_CUT
10
3992.971165
20
101.510019
30
0
0
VERTEX
8
AI4M_01_ATOM_CUT
10
3977.954652
20
101.29747
30
0
0
VERTEX
8
AI4M_01_ATOM_CUT
10
3962.714403
20
101.140583
30
0
0
VERTEX
8
AI4M_01_ATOM_CUT
10
3947.69668
20
101.041547
30
0
0
VERTEX
8
AI4M_01_ATOM_CUT
10
3932.622409
20
100.991692
30
0
0
VERTEX
8
AI4M_01_ATOM_CUT
10
3917.640998
20
100.978181
30
0
0
VERTEX
8
AI4M_01_ATOM_CUT
10
3909.999695
20
100.983162
30
0
0
SEQEND
8
AI4M_01_ATOM_CUT
0
TEXT
8
AI4M_01_ATOM_CUT
10
4144.782104
20
106.032925
30
0
40
2.5
1
AI4M_line_0037__seg_01_cut_line_unknown
1001
AI4MANUFACTURING
1000
WRITEBACK_PHASE=01_ATOM_LABEL
1000
ENTITY_ID=line_0037__seg_01
999
AI4M_ENTITY=line_0038;LINE_ROLE=cut_line;EDGE=unknown;SOURCE_LAYER=11
0
POLYLINE
8
AI4M_01_ATOM_CUT
66
1
70
0
1001
AI4MANUFACTURING
1000
WRITEBACK_PHASE=01_ATOM
1000
ENTITY_ID=line_0038
1000
SOURCE_HANDLE=2BA
1000
LINE_ROLE=cut_line
1000
EDGE=unknown
1000
CHAIN=chain_mryhfeu7
1000
PIECE_ID=back_body_manual_01
1000
SEAM_PAIR=
1000
PAIRED_CHAIN=
1000
NOTCH_CHAIN=
1000
NOTCH_SOURCE=
1000
PIECE_ROLE=back_body
1000
SEAM_ALLOWANCE_MM=
1000
SOURCE_LAYER=11
0
VERTEX
8
AI4M_01_ATOM_CUT
10
3909.999806
20
98.483161
30
0
0
VERTEX
8
AI4M_01_ATOM_CUT
10
3910.000668
20
103.483161
30
0
0
SEQEND
8
AI4M_01_ATOM_CUT
0
TEXT
8
AI4M_01_ATOM_CUT
10
3909.999806
20
98.483161
30
0
40
2.5
1
AI4M_line_0038_cut_line_unknown
1001
AI4MANUFACTURING
1000
WRITEBACK_PHASE=01_ATOM_LABEL
1000
ENTITY_ID=line_0038
999
AI4M_ENTITY=line_0039__seg_01;LINE_ROLE=cut_line;EDGE=unknown;SOURCE_LAYER=11
0
POLYLINE
8
AI4M_01_ATOM_CUT
66
1
70
0
1001
AI4MANUFACTURING
1000
WRITEBACK_PHASE=01_ATOM
1000
ENTITY_ID=line_0039__seg_01
1000
SOURCE_HANDLE=2BB
1000
LINE_ROLE=cut_line
1000
EDGE=unknown
1000
CHAIN=chain_mryhfeu7
1000
PIECE_ID=back_body_manual_01
1000
SEAM_PAIR=
1000
PAIRED_CHAIN=
1000
NOTCH_CHAIN=
1000
NOTCH_SOURCE=
1000
PIECE_ROLE=back_body
1000
SEAM_ALLOWANCE_MM=
1000
SOURCE_LAYER=11
0
VERTEX
8
AI4M_01_ATOM_CUT
10
3909.999695
20
100.983162
30
0
0
VERTEX
8
AI4M_01_ATOM_CUT
10
3894.098971
20
100.978612
30
0
0
VERTEX
8
AI4M_01_ATOM_CUT
10
3878.922808
20
101.014229
30
0
0
VERTEX
8
AI4M_01_ATOM_CUT
10
3863.147671
20
101.095999
30
0
0
VERTEX
8
AI4M_01_ATOM_CUT
10
3848.053261
20
101.229202
30
0
0
VERTEX
8
AI4M_01_ATOM_CUT
10
3832.577295
20
101.42661
30
0
0
VERTEX
8
AI4M_01_ATOM_CUT
10
3817.102065
20
101.680754
30
0
0
VERTEX
8
AI4M_01_ATOM_CUT
10
3801.967984
20
101.97926
30
0
0
VERTEX
8
AI4M_01_ATOM_CUT
10
3786.494767
20
102.331523
30
0
0
VERTEX
8
AI4M_01_ATOM_CUT
10
3771.022703
20
102.7294
30
0
0
VERTEX
8
AI4M_01_ATOM_CUT
10
3755.551844
20
103.171175
30
0
0
VERTEX
8
AI4M_01_ATOM_CUT
10
3739.866325
20
103.6617
30
0
0
VERTEX
8
AI4M_01_ATOM_CUT
10
3724.397922
20
104.183344
30
0
0
VERTEX
8
AI4M_01_ATOM_CUT
10
3708.93062
20
104.738005
30
0
0
VERTEX
8
AI4M_01_ATOM_CUT
10
3693.194261
20
105.330994
30
0
0
VERTEX
8
AI4M_01_ATOM_CUT
10
3678.336184
20
105.909472
30
0
0
VERTEX
8
AI4M_01_ATOM_CUT
10
3675.218201
20
106.032925
30
0
0
SEQEND
8
AI4M_01_ATOM_CUT
0
TEXT
8
AI4M_01_ATOM_CUT
10
3909.999695
20
100.983162
30
0
40
2.5
1
AI4M_line_0039__seg_01_cut_line_unknown
1001
AI4MANUFACTURING
1000
WRITEBACK_PHASE=01_ATOM_LABEL
1000
ENTITY_ID=line_0039__seg_01
999
AI4M_ENTITY=line_0040__seg_01;LINE_ROLE=cut_line;EDGE=unknown;SOURCE_LAYER=11
0
POLYLINE
8
AI4M_01_ATOM_CUT
66
1
70
0
1001
AI4MANUFACTURING
1000
WRITEBACK_PHASE=01_ATOM
1000
ENTITY_ID=line_0040__seg_01
1000
SOURCE_HANDLE=2CF
1000
LINE_ROLE=cut_line
1000
EDGE=unknown
1000
CHAIN=chain_mryhfeu7
1000
PIECE_ID=back_body_manual_01
1000
SEAM_PAIR=
1000
PAIRED_CHAIN=
1000
NOTCH_CHAIN=
1000
NOTCH_SOURCE=
1000
PIECE_ROLE=back_body
1000
SEAM_ALLOWANCE_MM=
1000
SOURCE_LAYER=11
0
VERTEX
8
AI4M_01_ATOM_CUT
10
3909.999695
20
656.517868
30
0
0
VERTEX
8
AI4M_01_ATOM_CUT
10
3909.999695
20
638.061079
30
0
0
VERTEX
8
AI4M_01_ATOM_CUT
10
3909.999695
20
620.931644
30
0
0
VERTEX
8
AI4M_01_ATOM_CUT
10
3909.999695
20
603.991852
30
0
0
VERTEX
8
AI4M_01_ATOM_CUT
10
3909.999695
20
584.594442
30
0
0
VERTEX
8
AI4M_01_ATOM_CUT
10
3909.999695
20
568.666258
30
0
0
VERTEX
8
AI4M_01_ATOM_CUT
10
3909.999695
20
551.736397
30
0
0
VERTEX
8
AI4M_01_ATOM_CUT
10
3909.999695
20
533.968071
30
0
0
VERTEX
8
AI4M_01_ATOM_CUT
10
3909.999695
20
515.524426
30
0
0
VERTEX
8
AI4M_01_ATOM_CUT
10
3909.999695
20
496.568657
30
0
0
VERTEX
8
AI4M_01_ATOM_CUT
10
3909.999695
20
477.263965
30
0
0
VERTEX
8
AI4M_01_ATOM_CUT
10
3909.999695
20
457.77349
30
0
0
VERTEX
8
AI4M_01_ATOM_CUT
10
3909.999695
20
442.052846
30
0
0
VERTEX
8
AI4M_01_ATOM_CUT
10
3909.999695
20
422.560485
30
0
0
VERTEX
8
AI4M_01_ATOM_CUT
10
3909.999695
20
403.156132
30
0
0
VERTEX
8
AI4M_01_ATOM_CUT
10
3909.999695
20
383.892623
30
0
0
VERTEX
8
AI4M_01_ATOM_CUT
10
3909.999695
20
364.82281
30
0
0
VERTEX
8
AI4M_01_ATOM_CUT
10
3909.999695
20
345.999436
30
0
0
VERTEX
8
AI4M_01_ATOM_CUT
10
3909.999695
20
327.475355
30
0
0
VERTEX
8
AI4M_01_ATOM_CUT
10
3909.999695
20
309.303383
30
0
0
VERTEX
8
AI4M_01_ATOM_CUT
10
3909.999695
20
291.53637
30
0
0
VERTEX
8
AI4M_01_ATOM_CUT
10
3909.999695
20
274.227063
30
0
0
VERTEX
8
AI4M_01_ATOM_CUT
10
3909.999695
20
257.428313
30
0
0
VERTEX
8
AI4M_01_ATOM_CUT
10
3909.999695
20
241.192938
30
0
0
VERTEX
8
AI4M_01_ATOM_CUT
10
3909.999695
20
225.573753
30
0
0
VERTEX
8
AI4M_01_ATOM_CUT
10
3909.999695
20
210.623603
30
0
0
VERTEX
8
AI4M_01_ATOM_CUT
10
3909.999695
20
191.822003
30
0
0
VERTEX
8
AI4M_01_ATOM_CUT
10
3909.999695
20
174.428836
30
0
0
VERTEX
8
AI4M_01_ATOM_CUT
10
3909.999695
20
158.569297
30
0
0
VERTEX
8
AI4M_01_ATOM_CUT
10
3909.999695
20
141.092247
30
0
0
VERTEX
8
AI4M_01_ATOM_CUT
10
3909.999695
20
126.451662
30
0
0
VERTEX
8
AI4M_01_ATOM_CUT
10
3909.999695
20
111.185571
30
0
0
VERTEX
8
AI4M_01_ATOM_CUT
10
3909.999695
20
100.983162
30
0
0
SEQEND
8
AI4M_01_ATOM_CUT
0
TEXT
8
AI4M_01_ATOM_CUT
10
3909.999695
20
656.517868
30
0
40
2.5
1
AI4M_line_0040__seg_01_cut_line_unknown
1001
AI4MANUFACTURING
1000
WRITEBACK_PHASE=01_ATOM_LABEL
1000
ENTITY_ID=line_0040__seg_01
999
AI4M_ENTITY=line_0041;LINE_ROLE=cut_line;EDGE=unknown;SOURCE_LAYER=11
0
POLYLINE
8
AI4M_01_ATOM_CUT
66
1
70
0
1001
AI4MANUFACTURING
1000
WRITEBACK_PHASE=01_ATOM
1000
ENTITY_ID=line_0041
1000
SOURCE_HANDLE=2F3
1000
LINE_ROLE=cut_line
1000
EDGE=unknown
1000
CHAIN=chain_mryhfeu7
1000
PIECE_ID=back_body_manual_01
1000
SEAM_PAIR=
1000
PAIRED_CHAIN=
1000
NOTCH_CHAIN=
1000
NOTCH_SOURCE=
1000
PIECE_ROLE=back_body
1000
SEAM_ALLOWANCE_MM=
1000
SOURCE_LAYER=11
0
VERTEX
8
AI4M_01_ATOM_CUT
10
3909.999695
20
659.017868
30
0
0
VERTEX
8
AI4M_01_ATOM_CUT
10
3909.999694
20
654.017868
30
0
0
SEQEND
8
AI4M_01_ATOM_CUT
0
TEXT
8
AI4M_01_ATOM_CUT
10
3909.999695
20
659.017868
30
0
40
2.5
1
AI4M_line_0041_cut_line_unknown
1001
AI4MANUFACTURING
1000
WRITEBACK_PHASE=01_ATOM_LABEL
1000
ENTITY_ID=line_0041
999
AI4M_ENTITY=line_0042;LINE_ROLE=cut_line;EDGE=unknown;SOURCE_LAYER=11
0
POLYLINE
8
AI4M_01_ATOM_CUT
66
1
70
0
1001
AI4MANUFACTURING
1000
WRITEBACK_PHASE=01_ATOM
1000
ENTITY_ID=line_0042
1000
SOURCE_HANDLE=2F4
1000
LINE_ROLE=cut_line
1000
EDGE=unknown
1000
CHAIN=chain_mryhfeu7
1000
PIECE_ID=back_body_manual_01
1000
SEAM_PAIR=
1000
PAIRED_CHAIN=
1000
NOTCH_CHAIN=
1000
NOTCH_SOURCE=
1000
PIECE_ROLE=back_body
1000
SEAM_ALLOWANCE_MM=
1000
SOURCE_LAYER=11
0
VERTEX
8
AI4M_01_ATOM_CUT
10
3909.999695
20
98.483162
30
0
0
VERTEX
8
AI4M_01_ATOM_CUT
10
3909.999695
20
103.483162
30
0
0
SEQEND
8
AI4M_01_ATOM_CUT
0
TEXT
8
AI4M_01_ATOM_CUT
10
3909.999695
20
98.483162
30
0
40
2.5
1
AI4M_line_0042_cut_line_unknown
1001
AI4MANUFACTURING
1000
WRITEBACK_PHASE=01_ATOM_LABEL
1000
ENTITY_ID=line_0042
999
AI4M_ENTITY=line_0043;LINE_ROLE=cut_line;EDGE=unknown;SOURCE_LAYER=11
0
POLYLINE
8
AI4M_01_ATOM_CUT
66
1
70
0
1001
AI4MANUFACTURING
1000
WRITEBACK_PHASE=01_ATOM
1000
ENTITY_ID=line_0043
1000
SOURCE_HANDLE=2F5
1000
LINE_ROLE=cut_line
1000
EDGE=unknown
1000
CHAIN=chain_mryhfeu7
1000
PIECE_ID=back_body_manual_01
1000
SEAM_PAIR=
1000
PAIRED_CHAIN=
1000
NOTCH_CHAIN=
1000
NOTCH_SOURCE=
1000
PIECE_ROLE=back_body
1000
SEAM_ALLOWANCE_MM=
1000
SOURCE_LAYER=11
0
VERTEX
8
AI4M_01_ATOM_CUT
10
3906.963196
20
631.265526
30
0
0
VERTEX
8
AI4M_01_ATOM_CUT
10
3913.036499
20
631.265526
30
0
0
SEQEND
8
AI4M_01_ATOM_CUT
0
TEXT
8
AI4M_01_ATOM_CUT
10
3906.963196
20
631.265526
30
0
40
2.5
1
AI4M_line_0043_cut_line_unknown
1001
AI4MANUFACTURING
1000
WRITEBACK_PHASE=01_ATOM_LABEL
1000
ENTITY_ID=line_0043
999
AI4M_ENTITY=line_0044;LINE_ROLE=cut_line;EDGE=unknown;SOURCE_LAYER=11
0
POLYLINE
8
AI4M_01_ATOM_CUT
66
1
70
0
1001
AI4MANUFACTURING
1000
WRITEBACK_PHASE=01_ATOM
1000
ENTITY_ID=line_0044
1000
SOURCE_HANDLE=2FA
1000
LINE_ROLE=cut_line
1000
EDGE=unknown
1000
CHAIN=chain_mryhfeu7
1000
PIECE_ID=back_body_manual_01
1000
SEAM_PAIR=
1000
PAIRED_CHAIN=
1000
NOTCH_CHAIN=
1000
NOTCH_SOURCE=
1000
PIECE_ROLE=back_body
1000
SEAM_ALLOWANCE_MM=
1000
SOURCE_LAYER=11
0
VERTEX
8
AI4M_01_ATOM_CUT
10
3913.036804
20
631.265526
30
0
0
VERTEX
8
AI4M_01_ATOM_CUT
10
3906.963501
20
631.265526
30
0
0
SEQEND
8
AI4M_01_ATOM_CUT
0
TEXT
8
AI4M_01_ATOM_CUT
10
3913.036804
20
631.265526
30
0
40
2.5
1
AI4M_line_0044_cut_line_unknown
1001
AI4MANUFACTURING
1000
WRITEBACK_PHASE=01_ATOM_LABEL
1000
ENTITY_ID=line_0044
999
AI4M_ENTITY=line_0045;LINE_ROLE=cut_line;EDGE=unknown;SOURCE_LAYER=11
0
POLYLINE
8
AI4M_01_ATOM_CUT
66
1
70
0
1001
AI4MANUFACTURING
1000
WRITEBACK_PHASE=01_ATOM
1000
ENTITY_ID=line_0045
1000
SOURCE_HANDLE=2FF
1000
LINE_ROLE=cut_line
1000
EDGE=unknown
1000
CHAIN=chain_mryhfeu7
1000
PIECE_ID=back_body_manual_01
1000
SEAM_PAIR=
1000
PAIRED_CHAIN=
1000
NOTCH_CHAIN=
1000
NOTCH_SOURCE=
1000
PIECE_ROLE=back_body
1000
SEAM_ALLOWANCE_MM=
1000
SOURCE_LAYER=11
0
VERTEX
8
AI4M_01_ATOM_CUT
10
3909.487915
20
626.215477
30
0
0
VERTEX
8
AI4M_01_ATOM_CUT
10
3910.499878
20
626.215477
30
0
0
SEQEND
8
AI4M_01_ATOM_CUT
0
TEXT
8
AI4M_01_ATOM_CUT
10
3909.487915
20
626.215477
30
0
40
2.5
1
AI4M_line_0045_cut_line_unknown
1001
AI4MANUFACTURING
1000
WRITEBACK_PHASE=01_ATOM_LABEL
1000
ENTITY_ID=line_0045
999
AI4M_ENTITY=line_0046;LINE_ROLE=cut_line;EDGE=unknown;SOURCE_LAYER=11
0
POLYLINE
8
AI4M_01_ATOM_CUT
66
1
70
0
1001
AI4MANUFACTURING
1000
WRITEBACK_PHASE=01_ATOM
1000
ENTITY_ID=line_0046
1000
SOURCE_HANDLE=304
1000
LINE_ROLE=cut_line
1000
EDGE=unknown
1000
CHAIN=chain_mryhfeu7
1000
PIECE_ID=back_body_manual_01
1000
SEAM_PAIR=
1000
PAIRED_CHAIN=
1000
NOTCH_CHAIN=
1000
NOTCH_SOURCE=
1000
PIECE_ROLE=back_body
1000
SEAM_ALLOWANCE_MM=
1000
SOURCE_LAYER=11
0
VERTEX
8
AI4M_01_ATOM_CUT
10
3909.993896
20
625.710487
30
0
0
VERTEX
8
AI4M_01_ATOM_CUT
10
3909.993896
20
626.720505
30
0
0
SEQEND
8
AI4M_01_ATOM_CUT
0
TEXT
8
AI4M_01_ATOM_CUT
10
3909.993896
20
625.710487
30
0
40
2.5
1
AI4M_line_0046_cut_line_unknown
1001
AI4MANUFACTURING
1000
WRITEBACK_PHASE=01_ATOM_LABEL
1000
ENTITY_ID=line_0046
999
AI4M_ENTITY=line_0047;LINE_ROLE=cut_line;EDGE=unknown;SOURCE_LAYER=11
0
POLYLINE
8
AI4M_01_ATOM_CUT
66
1
70
0
1001
AI4MANUFACTURING
1000
WRITEBACK_PHASE=01_ATOM
1000
ENTITY_ID=line_0047
1000
SOURCE_HANDLE=309
1000
LINE_ROLE=cut_line
1000
EDGE=unknown
1000
CHAIN=chain_mryhfeu7
1000
PIECE_ID=back_body_manual_01
1000
SEAM_PAIR=
1000
PAIRED_CHAIN=
1000
NOTCH_CHAIN=
1000
NOTCH_SOURCE=
1000
PIECE_ROLE=back_body
1000
SEAM_ALLOWANCE_MM=
1000
SOURCE_LAYER=11
0
VERTEX
8
AI4M_01_ATOM_CUT
10
3676.182861
20
455.024643
30
0
0
VERTEX
8
AI4M_01_ATOM_CUT
10
3909.999695
20
455.024643
30
0
0
SEQEND
8
AI4M_01_ATOM_CUT
0
TEXT
8
AI4M_01_ATOM_CUT
10
3676.182861
20
455.024643
30
0
40
2.5
1
AI4M_line_0047_cut_line_unknown
1001
AI4MANUFACTURING
1000
WRITEBACK_PHASE=01_ATOM_LABEL
1000
ENTITY_ID=line_0047
999
AI4M_ENTITY=line_0048__seg_01;LINE_ROLE=cut_line;EDGE=unknown;SOURCE_LAYER=11
0
POLYLINE
8
AI4M_01_ATOM_CUT
66
1
70
0
1001
AI4MANUFACTURING
1000
WRITEBACK_PHASE=01_ATOM
1000
ENTITY_ID=line_0048__seg_01
1000
SOURCE_HANDLE=30E
1000
LINE_ROLE=cut_line
1000
EDGE=unknown
1000
CHAIN=chain_mryhfeu7
1000
PIECE_ID=back_body_manual_01
1000
SEAM_PAIR=
1000
PAIRED_CHAIN=
1000
NOTCH_CHAIN=
1000
NOTCH_SOURCE=
1000
PIECE_ROLE=back_body
1000
SEAM_ALLOWANCE_MM=
1000
SOURCE_LAYER=11
0
VERTEX
8
AI4M_01_ATOM_CUT
10
3911.782837
20
627.001152
30
0
0
VERTEX
8
AI4M_01_ATOM_CUT
10
3910.905488
20
627.553825
30
0
0
SEQEND
8
AI4M_01_ATOM_CUT
0
TEXT
8
AI4M_01_ATOM_CUT
10
3911.782837
20
627.001152
30
0
40
2.5
1
AI4M_line_0048__seg_01_cut_line_unknown
1001
AI4MANUFACTURING
1000
WRITEBACK_PHASE=01_ATOM_LABEL
1000
ENTITY_ID=line_0048__seg_01
999
AI4M_ENTITY=line_0048__seg_02;LINE_ROLE=cut_line;EDGE=unknown;SOURCE_LAYER=11
0
POLYLINE
8
AI4M_01_ATOM_CUT
66
1
70
0
1001
AI4MANUFACTURING
1000
WRITEBACK_PHASE=01_ATOM
1000
ENTITY_ID=line_0048__seg_02
1000
SOURCE_HANDLE=30E
1000
LINE_ROLE=cut_line
1000
EDGE=unknown
1000
CHAIN=chain_mryhfeu7
1000
PIECE_ID=back_body_manual_01
1000
SEAM_PAIR=
1000
PAIRED_CHAIN=
1000
NOTCH_CHAIN=
1000
NOTCH_SOURCE=
1000
PIECE_ROLE=back_body
1000
SEAM_ALLOWANCE_MM=
1000
SOURCE_LAYER=11
0
VERTEX
8
AI4M_01_ATOM_CUT
10
3910.905488
20
627.553825
30
0
0
VERTEX
8
AI4M_01_ATOM_CUT
10
3910.170065
20
627.738947
30
0
0
SEQEND
8
AI4M_01_ATOM_CUT
0
TEXT
8
AI4M_01_ATOM_CUT
10
3910.905488
20
627.553825
30
0
40
2.5
1
AI4M_line_0048__seg_02_cut_line_unknown
1001
AI4MANUFACTURING
1000
WRITEBACK_PHASE=01_ATOM_LABEL
1000
ENTITY_ID=line_0048__seg_02
999
AI4M_ENTITY=line_0048__seg_03;LINE_ROLE=cut_line;EDGE=unknown;SOURCE_LAYER=11
0
POLYLINE
8
AI4M_01_ATOM_CUT
66
1
70
0
1001
AI4MANUFACTURING
1000
WRITEBACK_PHASE=01_ATOM
1000
ENTITY_ID=line_0048__seg_03
1000
SOURCE_HANDLE=30E
1000
LINE_ROLE=cut_line
1000
EDGE=unknown
1000
CHAIN=chain_mryhfeu7
1000
PIECE_ID=back_body_manual_01
1000
SEAM_PAIR=
1000
PAIRED_CHAIN=
1000
NOTCH_CHAIN=
1000
NOTCH_SOURCE=
1000
PIECE_ROLE=back_body
1000
SEAM_ALLOWANCE_MM=
1000
SOURCE_LAYER=11
0
VERTEX
8
AI4M_01_ATOM_CUT
10
3910.170065
20
627.738947
30
0
0
VERTEX
8
AI4M_01_ATOM_CUT
10
3909.384677
20
627.667468
30
0
0
SEQEND
8
AI4M_01_ATOM_CUT
0
TEXT
8
AI4M_01_ATOM_CUT
10
3910.170065
20
627.738947
30
0
40
2.5
1
AI4M_line_0048__seg_03_cut_line_unknown
1001
AI4MANUFACTURING
1000
WRITEBACK_PHASE=01_ATOM_LABEL
1000
ENTITY_ID=line_0048__seg_03
999
AI4M_ENTITY=line_0048__seg_04;LINE_ROLE=cut_line;EDGE=unknown;SOURCE_LAYER=11
0
POLYLINE
8
AI4M_01_ATOM_CUT
66
1
70
0
1001
AI4MANUFACTURING
1000
WRITEBACK_PHASE=01_ATOM
1000
ENTITY_ID=line_0048__seg_04
1000
SOURCE_HANDLE=30E
1000
LINE_ROLE=cut_line
1000
EDGE=unknown
1000
CHAIN=chain_mryhfeu7
1000
PIECE_ID=back_body_manual_01
1000
SEAM_PAIR=
1000
PAIRED_CHAIN=
1000
NOTCH_CHAIN=
1000
NOTCH_SOURCE=
1000
PIECE_ROLE=back_body
1000
SEAM_ALLOWANCE_MM=
1000
SOURCE_LAYER=11
0
VERTEX
8
AI4M_01_ATOM_CUT
10
3909.384677
20
627.667468
30
0
0
VERTEX
8
AI4M_01_ATOM_CUT
10
3908.654688
20
627.356933
30
0
0
SEQEND
8
AI4M_01_ATOM_CUT
0
TEXT
8
AI4M_01_ATOM_CUT
10
3909.384677
20
627.667468
30
0
40
2.5
1
AI4M_line_0048__seg_04_cut_line_unknown
1001
AI4MANUFACTURING
1000
WRITEBACK_PHASE=01_ATOM_LABEL
1000
ENTITY_ID=line_0048__seg_04
999
AI4M_ENTITY=line_0048__seg_05;LINE_ROLE=cut_line;EDGE=unknown;SOURCE_LAYER=11
0
POLYLINE
8
AI4M_01_ATOM_CUT
66
1
70
0
1001
AI4MANUFACTURING
1000
WRITEBACK_PHASE=01_ATOM
1000
ENTITY_ID=line_0048__seg_05
1000
SOURCE_HANDLE=30E
1000
LINE_ROLE=cut_line
1000
EDGE=unknown
1000
CHAIN=chain_mryhfeu7
1000
PIECE_ID=back_body_manual_01
1000
SEAM_PAIR=
1000
PAIRED_CHAIN=
1000
NOTCH_CHAIN=
1000
NOTCH_SOURCE=
1000
PIECE_ROLE=back_body
1000
SEAM_ALLOWANCE_MM=
1000
SOURCE_LAYER=11
0
VERTEX
8
AI4M_01_ATOM_CUT
10
3908.654688
20
627.356933
30
0
0
VERTEX
8
AI4M_01_ATOM_CUT
10
3908.060906
20
626.844785
30
0
0
SEQEND
8
AI4M_01_ATOM_CUT
0
TEXT
8
AI4M_01_ATOM_CUT
10
3908.654688
20
627.356933
30
0
40
2.5
1
AI4M_line_0048__seg_05_cut_line_unknown
1001
AI4MANUFACTURING
1000
WRITEBACK_PHASE=01_ATOM_LABEL
1000
ENTITY_ID=line_0048__seg_05
999
AI4M_ENTITY=line_0048__seg_06;LINE_ROLE=cut_line;EDGE=unknown;SOURCE_LAYER=11
0
POLYLINE
8
AI4M_01_ATOM_CUT
66
1
70
0
1001
AI4MANUFACTURING
1000
WRITEBACK_PHASE=01_ATOM
1000
ENTITY_ID=line_0048__seg_06
1000
SOURCE_HANDLE=30E
1000
LINE_ROLE=cut_line
1000
EDGE=unknown
1000
CHAIN=chain_mryhfeu7
1000
PIECE_ID=back_body_manual_01
1000
SEAM_PAIR=
1000
PAIRED_CHAIN=
1000
NOTCH_CHAIN=
1000
NOTCH_SOURCE=
1000
PIECE_ROLE=back_body
1000
SEAM_ALLOWANCE_MM=
1000
SOURCE_LAYER=11
0
VERTEX
8
AI4M_01_ATOM_CUT
10
3908.060906
20
626.844785
30
0
0
VERTEX
8
AI4M_01_ATOM_CUT
10
3907.649311
20
626.162591
30
0
0
SEQEND
8
AI4M_01_ATOM_CUT
0
TEXT
8
AI4M_01_ATOM_CUT
10
3908.060906
20
626.844785
30
0
40
2.5
1
AI4M_line_0048__seg_06_cut_line_unknown
1001
AI4MANUFACTURING
1000
WRITEBACK_PHASE=01_ATOM_LABEL
1000
ENTITY_ID=line_0048__seg_06
999
AI4M_ENTITY=line_0048__seg_07;LINE_ROLE=cut_line;EDGE=unknown;SOURCE_LAYER=11
0
POLYLINE
8
AI4M_01_ATOM_CUT
66
1
70
0
1001
AI4MANUFACTURING
1000
WRITEBACK_PHASE=01_ATOM
1000
ENTITY_ID=line_0048__seg_07
1000
SOURCE_HANDLE=30E
1000
LINE_ROLE=cut_line
1000
EDGE=unknown
1000
CHAIN=chain_mryhfeu7
1000
PIECE_ID=back_body_manual_01
1000
SEAM_PAIR=
1000
PAIRED_CHAIN=
1000
NOTCH_CHAIN=
1000
NOTCH_SOURCE=
1000
PIECE_ROLE=back_body
1000
SEAM_ALLOWANCE_MM=
1000
SOURCE_LAYER=11
0
VERTEX
8
AI4M_01_ATOM_CUT
10
3907.649311
20
626.162591
30
0
0
VERTEX
8
AI4M_01_ATOM_CUT
10
3907.469828
20
625.397206
30
0
0
SEQEND
8
AI4M_01_ATOM_CUT
0
TEXT
8
AI4M_01_ATOM_CUT
10
3907.649311
20
626.162591
30
0
40
2.5
1
AI4M_line_0048__seg_07_cut_line_unknown
1001
AI4MANUFACTURING
1000
WRITEBACK_PHASE=01_ATOM_LABEL
1000
ENTITY_ID=line_0048__seg_07
999
AI4M_ENTITY=line_0048__seg_08;LINE_ROLE=cut_line;EDGE=unknown;SOURCE_LAYER=11
0
POLYLINE
8
AI4M_01_ATOM_CUT
66
1
70
0
1001
AI4MANUFACTURING
1000
WRITEBACK_PHASE=01_ATOM
1000
ENTITY_ID=line_0048__seg_08
1000
SOURCE_HANDLE=30E
1000
LINE_ROLE=cut_line
1000
EDGE=unknown
1000
CHAIN=chain_mryhfeu7
1000
PIECE_ID=back_body_manual_01
1000
SEAM_PAIR=
1000
PAIRED_CHAIN=
1000
NOTCH_CHAIN=
1000
NOTCH_SOURCE=
1000
PIECE_ROLE=back_body
1000
SEAM_ALLOWANCE_MM=
1000
SOURCE_LAYER=11
0
VERTEX
8
AI4M_01_ATOM_CUT
10
3907.469828
20
625.397206
30
0
0
VERTEX
8
AI4M_01_ATOM_CUT
10
3907.539374
20
624.604137
30
0
0
SEQEND
8
AI4M_01_ATOM_CUT
0
TEXT
8
AI4M_01_ATOM_CUT
10
3907.469828
20
625.397206
30
0
40
2.5
1
AI4M_line_0048__seg_08_cut_line_unknown
1001
AI4MANUFACTURING
1000
WRITEBACK_PHASE=01_ATOM_LABEL
1000
ENTITY_ID=line_0048__seg_08
999
AI4M_ENTITY=line_0048__seg_09;LINE_ROLE=cut_line;EDGE=unknown;SOURCE_LAYER=11
0
POLYLINE
8
AI4M_01_ATOM_CUT
66
1
70
0
1001
AI4MANUFACTURING
1000
WRITEBACK_PHASE=01_ATOM
1000
ENTITY_ID=line_0048__seg_09
1000
SOURCE_HANDLE=30E
1000
LINE_ROLE=cut_line
1000
EDGE=unknown
1000
CHAIN=chain_mryhfeu7
1000
PIECE_ID=back_body_manual_01
1000
SEAM_PAIR=
1000
PAIRED_CHAIN=
1000
NOTCH_CHAIN=
1000
NOTCH_SOURCE=
1000
PIECE_ROLE=back_body
1000
SEAM_ALLOWANCE_MM=
1000
SOURCE_LAYER=11
0
VERTEX
8
AI4M_01_ATOM_CUT
10
3907.539374
20
624.604137
30
0
0
VERTEX
8
AI4M_01_ATOM_CUT
10
3907.845852
20
623.881519
30
0
0
SEQEND
8
AI4M_01_ATOM_CUT
0
TEXT
8
AI4M_01_ATOM_CUT
10
3907.539374
20
624.604137
30
0
40
2.5
1
AI4M_line_0048__seg_09_cut_line_unknown
1001
AI4MANUFACTURING
1000
WRITEBACK_PHASE=01_ATOM_LABEL
1000
ENTITY_ID=line_0048__seg_09
999
AI4M_ENTITY=line_0048__seg_10;LINE_ROLE=cut_line;EDGE=unknown;SOURCE_LAYER=11
0
POLYLINE
8
AI4M_01_ATOM_CUT
66
1
70
0
1001
AI4MANUFACTURING
1000
WRITEBACK_PHASE=01_ATOM
1000
ENTITY_ID=line_0048__seg_10
1000
SOURCE_HANDLE=30E
1000
LINE_ROLE=cut_line
1000
EDGE=unknown
1000
CHAIN=chain_mryhfeu7
1000
PIECE_ID=back_body_manual_01
1000
SEAM_PAIR=
1000
PAIRED_CHAIN=
1000
NOTCH_CHAIN=
1000
NOTCH_SOURCE=
1000
PIECE_ROLE=back_body
1000
SEAM_ALLOWANCE_MM=
1000
SOURCE_LAYER=11
0
VERTEX
8
AI4M_01_ATOM_CUT
10
3907.845852
20
623.881519
30
0
0
VERTEX
8
AI4M_01_ATOM_CUT
10
3908.360708
20
623.287862
30
0
0
SEQEND
8
AI4M_01_ATOM_CUT
0
TEXT
8
AI4M_01_ATOM_CUT
10
3907.845852
20
623.881519
30
0
40
2.5
1
AI4M_line_0048__seg_10_cut_line_unknown
1001
AI4MANUFACTURING
1000
WRITEBACK_PHASE=01_ATOM_LABEL
1000
ENTITY_ID=line_0048__seg_10
999
AI4M_ENTITY=line_0048__seg_11;LINE_ROLE=cut_line;EDGE=unknown;SOURCE_LAYER=11
0
POLYLINE
8
AI4M_01_ATOM_CUT
66
1
70
0
1001
AI4MANUFACTURING
1000
WRITEBACK_PHASE=01_ATOM
1000
ENTITY_ID=line_0048__seg_11
1000
SOURCE_HANDLE=30E
1000
LINE_ROLE=cut_line
1000
EDGE=unknown
1000
CHAIN=chain_mryhfeu7
1000
PIECE_ID=back_body_manual_01
1000
SEAM_PAIR=
1000
PAIRED_CHAIN=
1000
NOTCH_CHAIN=
1000
NOTCH_SOURCE=
1000
PIECE_ROLE=back_body
1000
SEAM_ALLOWANCE_MM=
1000
SOURCE_LAYER=11
0
VERTEX
8
AI4M_01_ATOM_CUT
10
3908.360708
20
623.287862
30
0
0
VERTEX
8
AI4M_01_ATOM_CUT
10
3909.042233
20
622.875785
30
0
0
SEQEND
8
AI4M_01_ATOM_CUT
0
TEXT
8
AI4M_01_ATOM_CUT
10
3908.360708
20
623.287862
30
0
40
2.5
1
AI4M_line_0048__seg_11_cut_line_unknown
1001
AI4MANUFACTURING
1000
WRITEBACK_PHASE=01_ATOM_LABEL
1000
ENTITY_ID=line_0048__seg_11
999
AI4M_ENTITY=line_0048__seg_12;LINE_ROLE=cut_line;EDGE=unknown;SOURCE_LAYER=11
0
POLYLINE
8
AI4M_01_ATOM_CUT
66
1
70
0
1001
AI4MANUFACTURING
1000
WRITEBACK_PHASE=01_ATOM
1000
ENTITY_ID=line_0048__seg_12
1000
SOURCE_HANDLE=30E
1000
LINE_ROLE=cut_line
1000
EDGE=unknown
1000
CHAIN=chain_mryhfeu7
1000
PIECE_ID=back_body_manual_01
1000
SEAM_PAIR=
1000
PAIRED_CHAIN=
1000
NOTCH_CHAIN=
1000
NOTCH_SOURCE=
1000
PIECE_ROLE=back_body
1000
SEAM_ALLOWANCE_MM=
1000
SOURCE_LAYER=11
0
VERTEX
8
AI4M_01_ATOM_CUT
10
3909.042233
20
622.875785
30
0
0
VERTEX
8
AI4M_01_ATOM_CUT
10
3909.807368
20
622.697314
30
0
0
SEQEND
8
AI4M_01_ATOM_CUT
0
TEXT
8
AI4M_01_ATOM_CUT
10
3909.042233
20
622.875785
30
0
40
2.5
1
AI4M_line_0048__seg_12_cut_line_unknown
1001
AI4MANUFACTURING
1000
WRITEBACK_PHASE=01_ATOM_LABEL
1000
ENTITY_ID=line_0048__seg_12
999
AI4M_ENTITY=line_0048__seg_13;LINE_ROLE=cut_line;EDGE=unknown;SOURCE_LAYER=11
0
POLYLINE
8
AI4M_01_ATOM_CUT
66
1
70
0
1001
AI4MANUFACTURING
1000
WRITEBACK_PHASE=01_ATOM
1000
ENTITY_ID=line_0048__seg_13
1000
SOURCE_HANDLE=30E
1000
LINE_ROLE=cut_line
1000
EDGE=unknown
1000
CHAIN=chain_mryhfeu7
1000
PIECE_ID=back_body_manual_01
1000
SEAM_PAIR=
1000
PAIRED_CHAIN=
1000
NOTCH_CHAIN=
1000
NOTCH_SOURCE=
1000
PIECE_ROLE=back_body
1000
SEAM_ALLOWANCE_MM=
1000
SOURCE_LAYER=11
0
VERTEX
8
AI4M_01_ATOM_CUT
10
3909.807368
20
622.697314
30
0
0
VERTEX
8
AI4M_01_ATOM_CUT
10
3910.592732
20
622.762803
30
0
0
SEQEND
8
AI4M_01_ATOM_CUT
0
TEXT
8
AI4M_01_ATOM_CUT
10
3909.807368
20
622.697314
30
0
40
2.5
1
AI4M_line_0048__seg_13_cut_line_unknown
1001
AI4MANUFACTURING
1000
WRITEBACK_PHASE=01_ATOM_LABEL
1000
ENTITY_ID=line_0048__seg_13
999
AI4M_ENTITY=line_0048__seg_14;LINE_ROLE=cut_line;EDGE=unknown;SOURCE_LAYER=11
0
POLYLINE
8
AI4M_01_ATOM_CUT
66
1
70
0
1001
AI4MANUFACTURING
1000
WRITEBACK_PHASE=01_ATOM
1000
ENTITY_ID=line_0048__seg_14
1000
SOURCE_HANDLE=30E
1000
LINE_ROLE=cut_line
1000
EDGE=unknown
1000
CHAIN=chain_mryhfeu7
1000
PIECE_ID=back_body_manual_01
1000
SEAM_PAIR=
1000
PAIRED_CHAIN=
1000
NOTCH_CHAIN=
1000
NOTCH_SOURCE=
1000
PIECE_ROLE=back_body
1000
SEAM_ALLOWANCE_MM=
1000
SOURCE_LAYER=11
0
VERTEX
8
AI4M_01_ATOM_CUT
10
3910.592732
20
622.762803
30
0
0
VERTEX
8
AI4M_01_ATOM_CUT
10
3911.318349
20
623.064435
30
0
0
SEQEND
8
AI4M_01_ATOM_CUT
0
TEXT
8
AI4M_01_ATOM_CUT
10
3910.592732
20
622.762803
30
0
40
2.5
1
AI4M_line_0048__seg_14_cut_line_unknown
1001
AI4MANUFACTURING
1000
WRITEBACK_PHASE=01_ATOM_LABEL
1000
ENTITY_ID=line_0048__seg_14
999
AI4M_ENTITY=line_0048__seg_15;LINE_ROLE=cut_line;EDGE=unknown;SOURCE_LAYER=11
0
POLYLINE
8
AI4M_01_ATOM_CUT
66
1
70
0
1001
AI4MANUFACTURING
1000
WRITEBACK_PHASE=01_ATOM
1000
ENTITY_ID=line_0048__seg_15
1000
SOURCE_HANDLE=30E
1000
LINE_ROLE=cut_line
1000
EDGE=unknown
1000
CHAIN=chain_mryhfeu7
1000
PIECE_ID=back_body_manual_01
1000
SEAM_PAIR=
1000
PAIRED_CHAIN=
1000
NOTCH_CHAIN=
1000
NOTCH_SOURCE=
1000
PIECE_ROLE=back_body
1000
SEAM_ALLOWANCE_MM=
1000
SOURCE_LAYER=11
0
VERTEX
8
AI4M_01_ATOM_CUT
10
3911.318349
20
623.064435
30
0
0
VERTEX
8
AI4M_01_ATOM_CUT
10
3911.906793
20
623.56322
30
0
0
SEQEND
8
AI4M_01_ATOM_CUT
0
TEXT
8
AI4M_01_ATOM_CUT
10
3911.318349
20
623.064435
30
0
40
2.5
1
AI4M_line_0048__seg_15_cut_line_unknown
1001
AI4MANUFACTURING
1000
WRITEBACK_PHASE=01_ATOM_LABEL
1000
ENTITY_ID=line_0048__seg_15
999
AI4M_ENTITY=line_0048__seg_16;LINE_ROLE=cut_line;EDGE=unknown;SOURCE_LAYER=11
0
POLYLINE
8
AI4M_01_ATOM_CUT
66
1
70
0
1001
AI4MANUFACTURING
1000
WRITEBACK_PHASE=01_ATOM
1000
ENTITY_ID=line_0048__seg_16
1000
SOURCE_HANDLE=30E
1000
LINE_ROLE=cut_line
1000
EDGE=unknown
1000
CHAIN=chain_mryhfeu7
1000
PIECE_ID=back_body_manual_01
1000
SEAM_PAIR=
1000
PAIRED_CHAIN=
1000
NOTCH_CHAIN=
1000
NOTCH_SOURCE=
1000
PIECE_ROLE=back_body
1000
SEAM_ALLOWANCE_MM=
1000
SOURCE_LAYER=11
0
VERTEX
8
AI4M_01_ATOM_CUT
10
3911.906793
20
623.56322
30
0
0
VERTEX
8
AI4M_01_ATOM_CUT
10
3912.323614
20
624.230145
30
0
0
SEQEND
8
AI4M_01_ATOM_CUT
0
TEXT
8
AI4M_01_ATOM_CUT
10
3911.906793
20
623.56322
30
0
40
2.5
1
AI4M_line_0048__seg_16_cut_line_unknown
1001
AI4MANUFACTURING
1000
WRITEBACK_PHASE=01_ATOM_LABEL
1000
ENTITY_ID=line_0048__seg_16
999
AI4M_ENTITY=line_0048__seg_17;LINE_ROLE=cut_line;EDGE=unknown;SOURCE_LAYER=11
0
POLYLINE
8
AI4M_01_ATOM_CUT
66
1
70
0
1001
AI4MANUFACTURING
1000
WRITEBACK_PHASE=01_ATOM
1000
ENTITY_ID=line_0048__seg_17
1000
SOURCE_HANDLE=30E
1000
LINE_ROLE=cut_line
1000
EDGE=unknown
1000
CHAIN=chain_mryhfeu7
1000
PIECE_ID=back_body_manual_01
1000
SEAM_PAIR=
1000
PAIRED_CHAIN=
1000
NOTCH_CHAIN=
1000
NOTCH_SOURCE=
1000
PIECE_ROLE=back_body
1000
SEAM_ALLOWANCE_MM=
1000
SOURCE_LAYER=11
0
VERTEX
8
AI4M_01_ATOM_CUT
10
3912.323614
20
624.230145
30
0
0
VERTEX
8
AI4M_01_ATOM_CUT
10
3912.518105
20
624.999986
30
0
0
SEQEND
8
AI4M_01_ATOM_CUT
0
TEXT
8
AI4M_01_ATOM_CUT
10
3912.323614
20
624.230145
30
0
40
2.5
1
AI4M_line_0048__seg_17_cut_line_unknown
1001
AI4MANUFACTURING
1000
WRITEBACK_PHASE=01_ATOM_LABEL
1000
ENTITY_ID=line_0048__seg_17
999
AI4M_ENTITY=line_0048__seg_18;LINE_ROLE=cut_line;EDGE=unknown;SOURCE_LAYER=11
0
POLYLINE
8
AI4M_01_ATOM_CUT
66
1
70
0
1001
AI4MANUFACTURING
1000
WRITEBACK_PHASE=01_ATOM
1000
ENTITY_ID=line_0048__seg_18
1000
SOURCE_HANDLE=30E
1000
LINE_ROLE=cut_line
1000
EDGE=unknown
1000
CHAIN=chain_mryhfeu7
1000
PIECE_ID=back_body_manual_01
1000
SEAM_PAIR=
1000
PAIRED_CHAIN=
1000
NOTCH_CHAIN=
1000
NOTCH_SOURCE=
1000
PIECE_ROLE=back_body
1000
SEAM_ALLOWANCE_MM=
1000
SOURCE_LAYER=11
0
VERTEX
8
AI4M_01_ATOM_CUT
10
3912.518105
20
624.999986
30
0
0
VERTEX
8
AI4M_01_ATOM_CUT
10
3912.468972
20
625.739502
30
0
0
SEQEND
8
AI4M_01_ATOM_CUT
0
TEXT
8
AI4M_01_ATOM_CUT
10
3912.518105
20
624.999986
30
0
40
2.5
1
AI4M_line_0048__seg_18_cut_line_unknown
1001
AI4MANUFACTURING
1000
WRITEBACK_PHASE=01_ATOM_LABEL
1000
ENTITY_ID=line_0048__seg_18
999
AI4M_ENTITY=line_0048__seg_19;LINE_ROLE=cut_line;EDGE=unknown;SOURCE_LAYER=11
0
POLYLINE
8
AI4M_01_ATOM_CUT
66
1
70
0
1001
AI4MANUFACTURING
1000
WRITEBACK_PHASE=01_ATOM
1000
ENTITY_ID=line_0048__seg_19
1000
SOURCE_HANDLE=30E
1000
LINE_ROLE=cut_line
1000
EDGE=unknown
1000
CHAIN=chain_mryhfeu7
1000
PIECE_ID=back_body_manual_01
1000
SEAM_PAIR=
1000
PAIRED_CHAIN=
1000
NOTCH_CHAIN=
1000
NOTCH_SOURCE=
1000
PIECE_ROLE=back_body
1000
SEAM_ALLOWANCE_MM=
1000
SOURCE_LAYER=11
0
VERTEX
8
AI4M_01_ATOM_CUT
10
3912.468972
20
625.739502
30
0
0
VERTEX
8
AI4M_01_ATOM_CUT
10
3911.782837
20
627.001152
30
0
0
SEQEND
8
AI4M_01_ATOM_CUT
0
TEXT
8
AI4M_01_ATOM_CUT
10
3912.468972
20
625.739502
30
0
40
2.5
1
AI4M_line_0048__seg_19_cut_line_unknown
1001
AI4MANUFACTURING
1000
WRITEBACK_PHASE=01_ATOM_LABEL
1000
ENTITY_ID=line_0048__seg_19
999
AI4M_ENTITY=line_0049__seg_01;LINE_ROLE=cut_line;EDGE=unknown;SOURCE_LAYER=11
0
POLYLINE
8
AI4M_01_ATOM_CUT
66
1
70
0
1001
AI4MANUFACTURING
1000
WRITEBACK_PHASE=01_ATOM
1000
ENTITY_ID=line_0049__seg_01
1000
SOURCE_HANDLE=325
1000
LINE_ROLE=cut_line
1000
EDGE=unknown
1000
CHAIN=chain_mryhfeu7
1000
PIECE_ID=back_body_manual_01
1000
SEAM_PAIR=
1000
PAIRED_CHAIN=
1000
NOTCH_CHAIN=
1000
NOTCH_SOURCE=
1000
PIECE_ROLE=back_body
1000
SEAM_ALLOWANCE_MM=
1000
SOURCE_LAYER=11
0
VERTEX
8
AI4M_01_ATOM_CUT
10
3795.986938
20
688.213272
30
0
0
VERTEX
8
AI4M_01_ATOM_CUT
10
3800.549797
20
682.426586
30
0
0
VERTEX
8
AI4M_01_ATOM_CUT
10
3804.625849
20
677.65894
30
0
0
VERTEX
8
AI4M_01_ATOM_CUT
10
3808.13529
20
673.911138
30
0
0
VERTEX
8
AI4M_01_ATOM_CUT
10
3811.59076
20
670.577212
30
0
0
VERTEX
8
AI4M_01_ATOM_CUT
10
3815.028834
20
667.603774
30
0
0
VERTEX
8
AI4M_01_ATOM_CUT
10
3818.636305
20
664.815561
30
0
0
VERTEX
8
AI4M_01_ATOM_CUT
10
3822.300113
20
662.296755
30
0
0
VERTEX
8
AI4M_01_ATOM_CUT
10
3826.08534
20
660.002505
30
0
0
VERTEX
8
AI4M_01_ATOM_CUT
10
3830.014456
20
657.922052
30
0
0
VERTEX
8
AI4M_01_ATOM_CUT
10
3834.25476
20
655.972172
30
0
0
VERTEX
8
AI4M_01_ATOM_CUT
10
3838.718766
20
654.204384
30
0
0
VERTEX
8
AI4M_01_ATOM_CUT
10
3843.425256
20
652.613758
30
0
0
VERTEX
8
AI4M_01_ATOM_CUT
10
3848.385084
20
651.200349
30
0
0
VERTEX
8
AI4M_01_ATOM_CUT
10
3853.790609
20
649.925386
30
0
0
VERTEX
8
AI4M_01_ATOM_CUT
10
3859.554819
20
648.827556
30
0
0
VERTEX
8
AI4M_01_ATOM_CUT
10
3865.851069
20
647.889518
30
0
0
VERTEX
8
AI4M_01_ATOM_CUT
10
3872.632894
20
647.136201
30
0
0
VERTEX
8
AI4M_01_ATOM_CUT
10
3880.255451
20
646.549936
30
0
0
VERTEX
8
AI4M_01_ATOM_CUT
10
3889.156503
20
646.13063
30
0
0
VERTEX
8
AI4M_01_ATOM_CUT
10
3899.288357
20
645.906946
30
0
0
VERTEX
8
AI4M_01_ATOM_CUT
10
3909.999695
20
645.89653
30
0
0
SEQEND
8
AI4M_01_ATOM_CUT
0
TEXT
8
AI4M_01_ATOM_CUT
10
3795.986938
20
688.213272
30
0
40
2.5
1
AI4M_line_0049__seg_01_cut_line_unknown
1001
AI4MANUFACTURING
1000
WRITEBACK_PHASE=01_ATOM_LABEL
1000
ENTITY_ID=line_0049__seg_01
999
AI4M_ENTITY=line_0050;LINE_ROLE=cut_line;EDGE=unknown;SOURCE_LAYER=11
0
POLYLINE
8
AI4M_01_ATOM_CUT
66
1
70
0
1001
AI4MANUFACTURING
1000
WRITEBACK_PHASE=01_ATOM
1000
ENTITY_ID=line_0050
1000
SOURCE_HANDLE=33E
1000
LINE_ROLE=cut_line
1000
EDGE=unknown
1000
CHAIN=chain_mryhfeu7
1000
PIECE_ID=back_body_manual_01
1000
SEAM_PAIR=
1000
PAIRED_CHAIN=
1000
NOTCH_CHAIN=
1000
NOTCH_SOURCE=
1000
PIECE_ROLE=back_body
1000
SEAM_ALLOWANCE_MM=
1000
SOURCE_LAYER=11
0
VERTEX
8
AI4M_01_ATOM_CUT
10
4143.817139
20
455.024643
30
0
0
VERTEX
8
AI4M_01_ATOM_CUT
10
3909.999695
20
455.024643
30
0
0
SEQEND
8
AI4M_01_ATOM_CUT
0
TEXT
8
AI4M_01_ATOM_CUT
10
4143.817139
20
455.024643
30
0
40
2.5
1
AI4M_line_0050_cut_line_unknown
1001
AI4MANUFACTURING
1000
WRITEBACK_PHASE=01_ATOM_LABEL
1000
ENTITY_ID=line_0050
999
AI4M_ENTITY=line_0051__seg_01;LINE_ROLE=cut_line;EDGE=unknown;SOURCE_LAYER=11
0
POLYLINE
8
AI4M_01_ATOM_CUT
66
1
70
0
1001
AI4MANUFACTURING
1000
WRITEBACK_PHASE=01_ATOM
1000
ENTITY_ID=line_0051__seg_01
1000
SOURCE_HANDLE=343
1000
LINE_ROLE=cut_line
1000
EDGE=unknown
1000
CHAIN=chain_mryhfeu7
1000
PIECE_ID=back_body_manual_01
1000
SEAM_PAIR=
1000
PAIRED_CHAIN=
1000
NOTCH_CHAIN=
1000
NOTCH_SOURCE=
1000
PIECE_ROLE=back_body
1000
SEAM_ALLOWANCE_MM=
1000
SOURCE_LAYER=11
0
VERTEX
8
AI4M_01_ATOM_CUT
10
4024.013062
20
688.213272
30
0
0
VERTEX
8
AI4M_01_ATOM_CUT
10
4018.720922
20
681.568195
30
0
0
VERTEX
8
AI4M_01_ATOM_CUT
10
4014.832853
20
677.057887
30
0
0
VERTEX
8
AI4M_01_ATOM_CUT
10
4011.499039
20
673.534438
30
0
0
VERTEX
8
AI4M_01_ATOM_CUT
10
4008.138774
20
670.331378
30
0
0
VERTEX
8
AI4M_01_ATOM_CUT
10
4004.704393
20
667.387832
30
0
0
VERTEX
8
AI4M_01_ATOM_CUT
10
4001.140438
20
664.653041
30
0
0
VERTEX
8
AI4M_01_ATOM_CUT
10
3997.484339
20
662.1577
30
0
0
VERTEX
8
AI4M_01_ATOM_CUT
10
3993.826438
20
659.952611
30
0
0
VERTEX
8
AI4M_01_ATOM_CUT
10
3989.913167
20
657.886144
30
0
0
VERTEX
8
AI4M_01_ATOM_CUT
10
3985.823034
20
656.005589
30
0
0
VERTEX
8
AI4M_01_ATOM_CUT
10
3981.425622
20
654.257636
30
0
0
VERTEX
8
AI4M_01_ATOM_CUT
10
3976.752326
20
652.668927
30
0
0
VERTEX
8
AI4M_01_ATOM_CUT
10
3971.798258
20
651.248022
30
0
0
VERTEX
8
AI4M_01_ATOM_CUT
10
3966.514048
20
649.990865
30
0
0
VERTEX
8
AI4M_01_ATOM_CUT
10
3960.802737
20
648.888603
30
0
0
VERTEX
8
AI4M_01_ATOM_CUT
10
3954.572475
20
647.945379
30
0
0
VERTEX
8
AI4M_01_ATOM_CUT
10
3947.789611
20
647.176218
30
0
0
VERTEX
8
AI4M_01_ATOM_CUT
10
3940.307187
20
646.582776
30
0
0
VERTEX
8
AI4M_01_ATOM_CUT
10
3931.690052
20
646.162403
30
0
0
VERTEX
8
AI4M_01_ATOM_CUT
10
3921.582683
20
645.92751
30
0
0
VERTEX
8
AI4M_01_ATOM_CUT
10
3909.999695
20
645.89653
30
0
0
SEQEND
8
AI4M_01_ATOM_CUT
0
TEXT
8
AI4M_01_ATOM_CUT
10
4024.013062
20
688.213272
30
0
40
2.5
1
AI4M_line_0051__seg_01_cut_line_unknown
1001
AI4MANUFACTURING
1000
WRITEBACK_PHASE=01_ATOM_LABEL
1000
ENTITY_ID=line_0051__seg_01
999
AI4M_ENTITY=line_0052__seg_01;LINE_ROLE=cut_line;EDGE=unknown;SOURCE_LAYER=11
0
POLYLINE
8
AI4M_01_ATOM_CUT
66
1
70
0
1001
AI4MANUFACTURING
1000
WRITEBACK_PHASE=01_ATOM
1000
ENTITY_ID=line_0052__seg_01
1000
SOURCE_HANDLE=35C
1000
LINE_ROLE=cut_line
1000
EDGE=unknown
1000
CHAIN=chain_mryhfeu7
1000
PIECE_ID=back_body_manual_01
1000
SEAM_PAIR=
1000
PAIRED_CHAIN=
1000
NOTCH_CHAIN=
1000
NOTCH_SOURCE=
1000
PIECE_ROLE=back_body
1000
SEAM_ALLOWANCE_MM=
1000
SOURCE_LAYER=11
0
VERTEX
8
AI4M_01_ATOM_CUT
10
3909.999695
20
80.983076
30
0
0
VERTEX
8
AI4M_01_ATOM_CUT
10
3894.046021
20
80.978642
30
0
0
VERTEX
8
AI4M_01_ATOM_CUT
10
3878.875122
20
81.014271
30
0
0
VERTEX
8
AI4M_01_ATOM_CUT
10
3863.192139
20
81.095228
30
0
0
VERTEX
8
AI4M_01_ATOM_CUT
10
3847.414856
20
81.234989
30
0
0
VERTEX
8
AI4M_01_ATOM_CUT
10
3832.069092
20
81.432009
30
0
0
VERTEX
8
AI4M_01_ATOM_CUT
10
3816.723938
20
81.684418
30
0
0
VERTEX
8
AI4M_01_ATOM_CUT
10
3801.383667
20
81.987114
30
0
0
VERTEX
8
AI4M_01_ATOM_CUT
10
3786.040344
20
82.33634
30
0
0
VERTEX
8
AI4M_01_ATOM_CUT
10
3770.698242
20
82.730427
30
0
0
VERTEX
8
AI4M_01_ATOM_CUT
10
3755.357361
20
83.168011
30
0
0
VERTEX
8
AI4M_01_ATOM_CUT
10
3740.301514
20
83.637934
30
0
0
VERTEX
8
AI4M_01_ATOM_CUT
10
3724.963074
20
84.153261
30
0
0
VERTEX
8
AI4M_01_ATOM_CUT
10
3709.625549
20
84.699993
30
0
0
VERTEX
8
AI4M_01_ATOM_CUT
10
3694.489136
20
85.264874
30
0
0
VERTEX
8
AI4M_01_ATOM_CUT
10
3679.064941
20
85.859156
30
0
0
VERTEX
8
AI4M_01_ATOM_CUT
10
3665.872192
20
86.379309
30
0
0
SEQEND
8
AI4M_01_ATOM_CUT
0
TEXT
8
AI4M_01_ATOM_CUT
10
3909.999695
20
80.983076
30
0
40
2.5
1
AI4M_line_0052__seg_01_cut_line_unknown
1001
AI4MANUFACTURING
1000
WRITEBACK_PHASE=01_ATOM_LABEL
1000
ENTITY_ID=line_0052__seg_01
999
AI4M_ENTITY=line_0053__seg_01;LINE_ROLE=cut_line;EDGE=unknown;SOURCE_LAYER=11
0
POLYLINE
8
AI4M_01_ATOM_CUT
66
1
70
0
1001
AI4MANUFACTURING
1000
WRITEBACK_PHASE=01_ATOM
1000
ENTITY_ID=line_0053__seg_01
1000
SOURCE_HANDLE=370
1000
LINE_ROLE=cut_line
1000
EDGE=unknown
1000
CHAIN=chain_mryhfeu7
1000
PIECE_ID=back_body_manual_01
1000
SEAM_PAIR=
1000
PAIRED_CHAIN=
1000
NOTCH_CHAIN=
1000
NOTCH_SOURCE=
1000
PIECE_ROLE=back_body
1000
SEAM_ALLOWANCE_MM=
1000
SOURCE_LAYER=11
0
VERTEX
8
AI4M_01_ATOM_CUT
10
4154.127808
20
86.379309
30
0
0
VERTEX
8
AI4M_01_ATOM_CUT
10
4137.973328
20
85.743866
30
0
0
VERTEX
8
AI4M_01_ATOM_CUT
10
4122.833557
20
85.163431
30
0
0
VERTEX
8
AI4M_01_ATOM_CUT
10
4107.52655
20
84.596357
30
0
0
VERTEX
8
AI4M_01_ATOM_CUT
10
4092.189026
20
84.055042
30
0
0
VERTEX
8
AI4M_01_ATOM_CUT
10
4076.850281
20
83.546152
30
0
0
VERTEX
8
AI4M_01_ATOM_CUT
10
4061.651611
20
83.079348
30
0
0
VERTEX
8
AI4M_01_ATOM_CUT
10
4046.310425
20
82.650127
30
0
0
VERTEX
8
AI4M_01_ATOM_CUT
10
4030.968018
20
82.264681
30
0
0
VERTEX
8
AI4M_01_ATOM_CUT
10
4015.62439
20
81.924353
30
0
0
VERTEX
8
AI4M_01_ATOM_CUT
10
4000.56427
20
81.636009
30
0
0
VERTEX
8
AI4M_01_ATOM_CUT
10
3985.218811
20
81.393023
30
0
0
VERTEX
8
AI4M_01_ATOM_CUT
10
3969.872742
20
81.206312
30
0
0
VERTEX
8
AI4M_01_ATOM_CUT
10
3954.559021
20
81.080446
30
0
0
VERTEX
8
AI4M_01_ATOM_CUT
10
3939.054565
20
81.007128
30
0
0
VERTEX
8
AI4M_01_ATOM_CUT
10
3923.670044
20
80.976524
30
0
0
VERTEX
8
AI4M_01_ATOM_CUT
10
3909.999695
20
80.983076
30
0
0
SEQEND
8
AI4M_01_ATOM_CUT
0
TEXT
8
AI4M_01_ATOM_CUT
10
4154.127808
20
86.379309
30
0
40
2.5
1
AI4M_line_0053__seg_01_cut_line_unknown
1001
AI4MANUFACTURING
1000
WRITEBACK_PHASE=01_ATOM_LABEL
1000
ENTITY_ID=line_0053__seg_01
999
AI4M_ENTITY=line_0054;LINE_ROLE=cut_line;EDGE=unknown;SOURCE_LAYER=11
0
POLYLINE
8
AI4M_01_ATOM_CUT
66
1
70
0
1001
AI4MANUFACTURING
1000
WRITEBACK_PHASE=01_ATOM
1000
ENTITY_ID=line_0054
1000
SOURCE_HANDLE=384
1000
LINE_ROLE=cut_line
1000
EDGE=unknown
1000
CHAIN=chain_mryhfeu7
1000
PIECE_ID=back_body_manual_01
1000
SEAM_PAIR=
1000
PAIRED_CHAIN=
1000
NOTCH_CHAIN=
1000
NOTCH_SOURCE=
1000
PIECE_ROLE=back_body
1000
SEAM_ALLOWANCE_MM=
1000
SOURCE_LAYER=11
0
VERTEX
8
AI4M_01_ATOM_CUT
10
4153.778076
20
106.327629
30
0
0
VERTEX
8
AI4M_01_ATOM_CUT
10
4154.127808
20
86.379309
30
0
0
SEQEND
8
AI4M_01_ATOM_CUT
0
TEXT
8
AI4M_01_ATOM_CUT
10
4153.778076
20
106.327629
30
0
40
2.5
1
AI4M_line_0054_cut_line_unknown
1001
AI4MANUFACTURING
1000
WRITEBACK_PHASE=01_ATOM_LABEL
1000
ENTITY_ID=line_0054
999
AI4M_ENTITY=line_0055__seg_01;LINE_ROLE=cut_line;EDGE=unknown;SOURCE_LAYER=11
0
POLYLINE
8
AI4M_01_ATOM_CUT
66
1
70
0
1001
AI4MANUFACTURING
1000
WRITEBACK_PHASE=01_ATOM
1000
ENTITY_ID=line_0055__seg_01
1000
SOURCE_HANDLE=389
1000
LINE_ROLE=cut_line
1000
EDGE=unknown
1000
CHAIN=chain_mryhfeu7
1000
PIECE_ID=back_body_manual_01
1000
SEAM_PAIR=
1000
PAIRED_CHAIN=
1000
NOTCH_CHAIN=
1000
NOTCH_SOURCE=
1000
PIECE_ROLE=back_body
1000
SEAM_ALLOWANCE_MM=
1000
SOURCE_LAYER=11
0
VERTEX
8
AI4M_01_ATOM_CUT
10
4153.353271
20
460.643997
30
0
0
VERTEX
8
AI4M_01_ATOM_CUT
10
4151.737671
20
445.011024
30
0
0
VERTEX
8
AI4M_01_ATOM_CUT
10
4150.358276
20
429.873962
30
0
0
VERTEX
8
AI4M_01_ATOM_CUT
10
4149.098816
20
414.761009
30
0
0
VERTEX
8
AI4M_01_ATOM_CUT
10
4147.840271
20
399.53289
30
0
0
VERTEX
8
AI4M_01_ATOM_CUT
10
4146.856689
20
385.361137
30
0
0
VERTEX
8
AI4M_01_ATOM_CUT
10
4146.042175
20
370.102158
30
0
0
VERTEX
8
AI4M_01_ATOM_CUT
10
4145.419617
20
354.828949
30
0
0
VERTEX
8
AI4M_01_ATOM_CUT
10
4144.977112
20
339.555092
30
0
0
VERTEX
8
AI4M_01_ATOM_CUT
10
4144.746704
20
323.994789
30
0
0
VERTEX
8
AI4M_01_ATOM_CUT
10
4144.761047
20
308.714199
30
0
0
VERTEX
8
AI4M_01_ATOM_CUT
10
4145.018616
20
293.484669
30
0
0
VERTEX
8
AI4M_01_ATOM_CUT
10
4145.49408
20
278.211823
30
0
0
VERTEX
8
AI4M_01_ATOM_CUT
10
4146.132202
20
262.720757
30
0
0
VERTEX
8
AI4M_01_ATOM_CUT
10
4146.852722
20
247.457581
30
0
0
VERTEX
8
AI4M_01_ATOM_CUT
10
4147.620544
20
232.196941
30
0
0
VERTEX
8
AI4M_01_ATOM_CUT
10
4148.395081
20
216.936665
30
0
0
VERTEX
8
AI4M_01_ATOM_CUT
10
4149.136047
20
201.949444
30
0
0
VERTEX
8
AI4M_01_ATOM_CUT
10
4149.890442
20
186.68808
30
0
0
VERTEX
8
AI4M_01_ATOM_CUT
10
4150.643311
20
171.42664
30
0
0
VERTEX
8
AI4M_01_ATOM_CUT
10
4151.384888
20
156.267633
30
0
0
VERTEX
8
AI4M_01_ATOM_CUT
10
4152.12677
20
140.932446
30
0
0
VERTEX
8
AI4M_01_ATOM_CUT
10
4152.851868
20
125.816908
30
0
0
VERTEX
8
AI4M_01_ATOM_CUT
10
4153.564148
20
110.846233
30
0
0
VERTEX
8
AI4M_01_ATOM_CUT
10
4153.778076
20
106.327629
30
0
0
SEQEND
8
AI4M_01_ATOM_CUT
0
TEXT
8
AI4M_01_ATOM_CUT
10
4153.353271
20
460.643997
30
0
40
2.5
1
AI4M_line_0055__seg_01_cut_line_unknown
1001
AI4MANUFACTURING
1000
WRITEBACK_PHASE=01_ATOM_LABEL
1000
ENTITY_ID=line_0055__seg_01
999
AI4M_ENTITY=line_0056__seg_01;LINE_ROLE=cut_line;EDGE=unknown;SOURCE_LAYER=11
0
POLYLINE
8
AI4M_01_ATOM_CUT
66
1
70
0
1001
AI4MANUFACTURING
1000
WRITEBACK_PHASE=01_ATOM
1000
ENTITY_ID=line_0056__seg_01
1000
SOURCE_HANDLE=3A5
1000
LINE_ROLE=cut_line
1000
EDGE=unknown
1000
CHAIN=chain_mryhfeu7
1000
PIECE_ID=back_body_manual_01
1000
SEAM_PAIR=
1000
PAIRED_CHAIN=
1000
NOTCH_CHAIN=
1000
NOTCH_SOURCE=
1000
PIECE_ROLE=back_body
1000
SEAM_ALLOWANCE_MM=
1000
SOURCE_LAYER=11
0
VERTEX
8
AI4M_01_ATOM_CUT
10
4123.426514
20
666.592102
30
0
0
VERTEX
8
AI4M_01_ATOM_CUT
10
4119.907837
20
651.741028
30
0
0
VERTEX
8
AI4M_01_ATOM_CUT
10
4116.799622
20
638.325272
30
0
0
VERTEX
8
AI4M_01_ATOM_CUT
10
4114.74884
20
628.471336
30
0
0
VERTEX
8
AI4M_01_ATOM_CUT
10
4112.709961
20
617.404823
30
0
0
VERTEX
8
AI4M_01_ATOM_CUT
10
4110.951843
20
606.620102
30
0
0
VERTEX
8
AI4M_01_ATOM_CUT
10
4109.825439
20
598.299026
30
0
0
VERTEX
8
AI4M_01_ATOM_CUT
10
4108.928833
20
589.565964
30
0
0
VERTEX
8
AI4M_01_ATOM_CUT
10
4107.4823
20
574.575958
30
0
0
VERTEX
8
AI4M_01_ATOM_CUT
10
4106.885986
20
566.030006
30
0
0
VERTEX
8
AI4M_01_ATOM_CUT
10
4106.556396
20
557.806358
30
0
0
VERTEX
8
AI4M_01_ATOM_CUT
10
4106.330566
20
542.65995
30
0
0
VERTEX
8
AI4M_01_ATOM_CUT
10
4106.358643
20
535.81028
30
0
0
VERTEX
8
AI4M_01_ATOM_CUT
10
4106.632385
20
529.265442
30
0
0
VERTEX
8
AI4M_01_ATOM_CUT
10
4107.160339
20
522.519226
30
0
0
VERTEX
8
AI4M_01_ATOM_CUT
10
4107.86499
20
516.514359
30
0
0
VERTEX
8
AI4M_01_ATOM_CUT
10
4108.769226
20
510.926094
30
0
0
VERTEX
8
AI4M_01_ATOM_CUT
10
4109.860229
20
505.712967
30
0
0
VERTEX
8
AI4M_01_ATOM_CUT
10
4111.129456
20
500.836258
30
0
0
VERTEX
8
AI4M_01_ATOM_CUT
10
4112.50824
20
496.488419
30
0
0
VERTEX
8
AI4M_01_ATOM_CUT
10
4114.0625
20
492.406006
30
0
0
VERTEX
8
AI4M_01_ATOM_CUT
10
4115.701294
20
488.781548
30
0
0
VERTEX
8
AI4M_01_ATOM_CUT
10
4117.518311
20
485.371704
30
0
0
VERTEX
8
AI4M_01_ATOM_CUT
10
4119.430847
20
482.315025
30
0
0
VERTEX
8
AI4M_01_ATOM_CUT
10
4121.514282
20
479.466667
30
0
0
VERTEX
8
AI4M_01_ATOM_CUT
10
4123.742981
20
476.85955
30
0
0
VERTEX
8
AI4M_01_ATOM_CUT
10
4126.112366
20
474.476357
30
0
0
VERTEX
8
AI4M_01_ATOM_CUT
10
4128.69751
20
472.237663
30
0
0
VERTEX
8
AI4M_01_ATOM_CUT
10
4131.294556
20
470.304527
30
0
0
VERTEX
8
AI4M_01_ATOM_CUT
10
4134.137878
20
468.503609
30
0
0
VERTEX
8
AI4M_01_ATOM_CUT
10
4136.965942
20
467.018623
30
0
0
VERTEX
8
AI4M_01_ATOM_CUT
10
4139.836731
20
465.804939
30
0
0
VERTEX
8
AI4M_01_ATOM_CUT
10
4148.833008
20
462.56443
30
0
0
VERTEX
8
AI4M_01_ATOM_CUT
10
4153.353271
20
460.643997
30
0
0
SEQEND
8
AI4M_01_ATOM_CUT
0
TEXT
8
AI4M_01_ATOM_CUT
10
4123.426514
20
666.592102
30
0
40
2.5
1
AI4M_line_0056__seg_01_cut_line_unknown
1001
AI4MANUFACTURING
1000
WRITEBACK_PHASE=01_ATOM_LABEL
1000
ENTITY_ID=line_0056__seg_01
999
AI4M_ENTITY=line_0057;LINE_ROLE=cut_line;EDGE=unknown;SOURCE_LAYER=11
0
POLYLINE
8
AI4M_01_ATOM_CUT
66
1
70
0
1001
AI4MANUFACTURING
1000
WRITEBACK_PHASE=01_ATOM
1000
ENTITY_ID=line_0057
1000
SOURCE_HANDLE=3CA
1000
LINE_ROLE=cut_line
1000
EDGE=unknown
1000
CHAIN=chain_mryhfeu7
1000
PIECE_ID=back_body_manual_01
1000
SEAM_PAIR=
1000
PAIRED_CHAIN=
1000
NOTCH_CHAIN=
1000
NOTCH_SOURCE=
1000
PIECE_ROLE=back_body
1000
SEAM_ALLOWANCE_MM=
1000
SOURCE_LAYER=11
0
VERTEX
8
AI4M_01_ATOM_CUT
10
4019.598999
20
699.023438
30
0
0
VERTEX
8
AI4M_01_ATOM_CUT
10
4123.426514
20
666.592102
30
0
0
SEQEND
8
AI4M_01_ATOM_CUT
0
TEXT
8
AI4M_01_ATOM_CUT
10
4019.598999
20
699.023438
30
0
40
2.5
1
AI4M_line_0057_cut_line_unknown
1001
AI4MANUFACTURING
1000
WRITEBACK_PHASE=01_ATOM_LABEL
1000
ENTITY_ID=line_0057
999
AI4M_ENTITY=line_0058__seg_01;LINE_ROLE=neckline;EDGE=neckline;SOURCE_LAYER=11
0
POLYLINE
8
AI4M_01_ATOM_INTERNAL
66
1
70
0
1001
AI4MANUFACTURING
1000
WRITEBACK_PHASE=01_ATOM
1000
ENTITY_ID=line_0058__seg_01
1000
SOURCE_HANDLE=3CF
1000
LINE_ROLE=neckline
1000
EDGE=neckline
1000
CHAIN=chain_mryhfeu7
1000
PIECE_ID=back_body_manual_01
1000
SEAM_PAIR=
1000
PAIRED_CHAIN=
1000
NOTCH_CHAIN=
1000
NOTCH_SOURCE=
1000
PIECE_ROLE=back_body
1000
SEAM_ALLOWANCE_MM=
1000
SOURCE_LAYER=11
0
VERTEX
8
AI4M_01_ATOM_INTERNAL
10
3909.999695
20
656.517868
30
0
0
VERTEX
8
AI4M_01_ATOM_INTERNAL
10
3924.0802
20
656.586304
30
0
0
VERTEX
8
AI4M_01_ATOM_INTERNAL
10
3933.860168
20
656.862869
30
0
0
VERTEX
8
AI4M_01_ATOM_INTERNAL
10
3942.094421
20
657.327652
30
0
0
VERTEX
8
AI4M_01_ATOM_INTERNAL
10
3949.194946
20
657.964706
30
0
0
VERTEX
8
AI4M_01_ATOM_INTERNAL
10
3955.495911
20
658.764191
30
0
0
VERTEX
8
AI4M_01_ATOM_INTERNAL
10
3961.440735
20
659.763107
30
0
0
VERTEX
8
AI4M_01_ATOM_INTERNAL
10
3966.813354
20
660.91095
30
0
0
VERTEX
8
AI4M_01_ATOM_INTERNAL
10
3971.650696
20
662.186279
30
0
0
VERTEX
8
AI4M_01_ATOM_INTERNAL
10
3976.231689
20
663.644714
30
0
0
VERTEX
8
AI4M_01_ATOM_INTERNAL
10
3980.520935
20
665.267944
30
0
0
VERTEX
8
AI4M_01_ATOM_INTERNAL
10
3984.444275
20
667.009048
30
0
0
VERTEX
8
AI4M_01_ATOM_INTERNAL
10
3988.079834
20
668.881226
30
0
0
VERTEX
8
AI4M_01_ATOM_INTERNAL
10
3991.624451
20
670.983887
30
0
0
VERTEX
8
AI4M_01_ATOM_INTERNAL
10
3995.027161
20
673.294601
30
0
0
VERTEX
8
AI4M_01_ATOM_INTERNAL
10
3998.29071
20
675.810623
30
0
0
VERTEX
8
AI4M_01_ATOM_INTERNAL
10
4001.51947
20
678.61702
30
0
0
VERTEX
8
AI4M_01_ATOM_INTERNAL
10
4004.463501
20
681.500626
30
0
0
VERTEX
8
AI4M_01_ATOM_INTERNAL
10
4007.326965
20
684.671249
30
0
0
VERTEX
8
AI4M_01_ATOM_INTERNAL
10
4015.445251
20
694.391861
30
0
0
VERTEX
8
AI4M_01_ATOM_INTERNAL
10
4019.598999
20
699.023438
30
0
0
SEQEND
8
AI4M_01_ATOM_INTERNAL
0
TEXT
8
AI4M_01_ATOM_INTERNAL
10
3909.999695
20
656.517868
30
0
40
2.5
1
AI4M_line_0058__seg_01_neckline_neckline
1001
AI4MANUFACTURING
1000
WRITEBACK_PHASE=01_ATOM_LABEL
1000
ENTITY_ID=line_0058__seg_01
999
AI4M_ENTITY=line_0059__seg_01;LINE_ROLE=cut_line;EDGE=unknown;SOURCE_LAYER=11
0
POLYLINE
8
AI4M_01_ATOM_CUT
66
1
70
0
1001
AI4MANUFACTURING
1000
WRITEBACK_PHASE=01_ATOM
1000
ENTITY_ID=line_0059__seg_01
1000
SOURCE_HANDLE=3E7
1000
LINE_ROLE=cut_line
1000
EDGE=unknown
1000
CHAIN=chain_mryhfeu7
1000
PIECE_ID=back_body_manual_01
1000
SEAM_PAIR=
1000
PAIRED_CHAIN=
1000
NOTCH_CHAIN=
1000
NOTCH_SOURCE=
1000
PIECE_ROLE=back_body
1000
SEAM_ALLOWANCE_MM=
1000
SOURCE_LAYER=11
0
VERTEX
8
AI4M_01_ATOM_CUT
10
3800.401001
20
699.023438
30
0
0
VERTEX
8
AI4M_01_ATOM_CUT
10
3806.203003
20
692.477112
30
0
0
VERTEX
8
AI4M_01_ATOM_CUT
10
3814.40094
20
682.716064
30
0
0
VERTEX
8
AI4M_01_ATOM_CUT
10
3817.244568
20
679.742355
30
0
0
VERTEX
8
AI4M_01_ATOM_CUT
10
3819.821472
20
677.393875
30
0
0
VERTEX
8
AI4M_01_ATOM_CUT
10
3822.903748
20
674.977646
30
0
0
VERTEX
8
AI4M_01_ATOM_CUT
10
3828.088684
20
671.116028
30
0
0
VERTEX
8
AI4M_01_ATOM_CUT
10
3830.93689
20
669.391937
30
0
0
VERTEX
8
AI4M_01_ATOM_CUT
10
3834.865112
20
667.355347
30
0
0
VERTEX
8
AI4M_01_ATOM_CUT
10
3839.048462
20
665.45372
30
0
0
VERTEX
8
AI4M_01_ATOM_CUT
10
3843.139954
20
663.861694
30
0
0
VERTEX
8
AI4M_01_ATOM_CUT
10
3847.508545
20
662.432175
30
0
0
VERTEX
8
AI4M_01_ATOM_CUT
10
3852.445679
20
661.09169
30
0
0
VERTEX
8
AI4M_01_ATOM_CUT
10
3857.706299
20
659.929047
30
0
0
VERTEX
8
AI4M_01_ATOM_CUT
10
3863.504639
20
658.913879
30
0
0
VERTEX
8
AI4M_01_ATOM_CUT
10
3869.787903
20
658.077545
30
0
0
VERTEX
8
AI4M_01_ATOM_CUT
10
3876.695557
20
657.419052
30
0
0
VERTEX
8
AI4M_01_ATOM_CUT
10
3884.602966
20
656.931076
30
0
0
VERTEX
8
AI4M_01_ATOM_CUT
10
3893.839111
20
656.624832
30
0
0
VERTEX
8
AI4M_01_ATOM_CUT
10
3905.588379
20
656.512604
30
0
0
VERTEX
8
AI4M_01_ATOM_CUT
10
3909.999695
20
656.517868
30
0
0
SEQEND
8
AI4M_01_ATOM_CUT
0
TEXT
8
AI4M_01_ATOM_CUT
10
3800.401001
20
699.023438
30
0
40
2.5
1
AI4M_line_0059__seg_01_cut_line_unknown
1001
AI4MANUFACTURING
1000
WRITEBACK_PHASE=01_ATOM_LABEL
1000
ENTITY_ID=line_0059__seg_01
999
AI4M_ENTITY=line_0060__seg_01;LINE_ROLE=cut_line;EDGE=unknown;SOURCE_LAYER=11
0
POLYLINE
8
AI4M_01_ATOM_CUT
66
1
70
0
1001
AI4MANUFACTURING
1000
WRITEBACK_PHASE=01_ATOM
1000
ENTITY_ID=line_0060__seg_01
1000
SOURCE_HANDLE=3FF
1000
LINE_ROLE=cut_line
1000
EDGE=unknown
1000
CHAIN=chain_mryhfeu7
1000
PIECE_ID=back_body_manual_01
1000
SEAM_PAIR=
1000
PAIRED_CHAIN=
1000
NOTCH_CHAIN=
1000
NOTCH_SOURCE=
1000
PIECE_ROLE=back_body
1000
SEAM_ALLOWANCE_MM=
1000
SOURCE_LAYER=11
0
VERTEX
8
AI4M_01_ATOM_CUT
10
3696.573792
20
666.592102
30
0
0
VERTEX
8
AI4M_01_ATOM_CUT
10
3754.45343
20
684.671326
30
0
0
VERTEX
8
AI4M_01_ATOM_CUT
10
3800.401001
20
699.023438
30
0
0
SEQEND
8
AI4M_01_ATOM_CUT
0
TEXT
8
AI4M_01_ATOM_CUT
10
3696.573792
20
666.592102
30
0
40
2.5
1
AI4M_line_0060__seg_01_cut_line_unknown
1001
AI4MANUFACTURING
1000
WRITEBACK_PHASE=01_ATOM_LABEL
1000
ENTITY_ID=line_0060__seg_01
999
AI4M_ENTITY=line_0061__seg_01;LINE_ROLE=armhole_back;EDGE=armhole_back;SOURCE_LAYER=11
0
POLYLINE
8
AI4M_01_ATOM_INTERNAL
66
1
70
0
1001
AI4MANUFACTURING
1000
WRITEBACK_PHASE=01_ATOM
1000
ENTITY_ID=line_0061__seg_01
1000
SOURCE_HANDLE=405
1000
LINE_ROLE=armhole_back
1000
EDGE=armhole_back
1000
CHAIN=chain_mryhfeu7
1000
PIECE_ID=back_body_manual_01
1000
SEAM_PAIR=
1000
PAIRED_CHAIN=
1000
NOTCH_CHAIN=
1000
NOTCH_SOURCE=
1000
PIECE_ROLE=back_body
1000
SEAM_ALLOWANCE_MM=
1000
SOURCE_LAYER=11
0
VERTEX
8
AI4M_01_ATOM_INTERNAL
10
3666.646423
20
460.643997
30
0
0
VERTEX
8
AI4M_01_ATOM_INTERNAL
10
3672.242432
20
462.986946
30
0
0
VERTEX
8
AI4M_01_ATOM_INTERNAL
10
3677.114563
20
464.719048
30
0
0
VERTEX
8
AI4M_01_ATOM_INTERNAL
10
3681.214294
20
466.218872
30
0
0
VERTEX
8
AI4M_01_ATOM_INTERNAL
10
3684.003601
20
467.494125
30
0
0
VERTEX
8
AI4M_01_ATOM_INTERNAL
10
3686.791077
20
469.057541
30
0
0
VERTEX
8
AI4M_01_ATOM_INTERNAL
10
3689.529419
20
470.886726
30
0
0
VERTEX
8
AI4M_01_ATOM_INTERNAL
10
3692.176514
20
472.956848
30
0
0
VERTEX
8
AI4M_01_ATOM_INTERNAL
10
3694.693909
20
475.248222
30
0
0
VERTEX
8
AI4M_01_ATOM_INTERNAL
10
3697.004089
20
477.689133
30
0
0
VERTEX
8
AI4M_01_ATOM_INTERNAL
10
3699.162598
20
480.343323
30
0
0
VERTEX
8
AI4M_01_ATOM_INTERNAL
10
3701.17981
20
483.239174
30
0
0
VERTEX
8
AI4M_01_ATOM_INTERNAL
10
3703.022461
20
486.329041
30
0
0
VERTEX
8
AI4M_01_ATOM_INTERNAL
10
3704.77417
20
489.773026
30
0
0
VERTEX
8
AI4M_01_ATOM_INTERNAL
10
3706.399841
20
493.545876
30
0
0
VERTEX
8
AI4M_01_ATOM_INTERNAL
10
3707.886963
20
497.653427
30
0
0
VERTEX
8
AI4M_01_ATOM_INTERNAL
10
3709.226685
20
502.105675
30
0
0
VERTEX
8
AI4M_01_ATOM_INTERNAL
10
3710.437622
20
507.023392
30
0
0
VERTEX
8
AI4M_01_ATOM_INTERNAL
10
3711.47644
20
512.297096
30
0
0
VERTEX
8
AI4M_01_ATOM_INTERNAL
10
3712.319336
20
517.895317
30
0
0
VERTEX
8
AI4M_01_ATOM_INTERNAL
10
3712.984009
20
524.07402
30
0
0
VERTEX
8
AI4M_01_ATOM_INTERNAL
10
3713.458252
20
530.895157
30
0
0
VERTEX
8
AI4M_01_ATOM_INTERNAL
10
3713.67157
20
537.441826
30
0
0
VERTEX
8
AI4M_01_ATOM_INTERNAL
10
3713.634949
20
545.046005
30
0
0
VERTEX
8
AI4M_01_ATOM_INTERNAL
10
3713.377075
20
560.094681
30
0
0
VERTEX
8
AI4M_01_ATOM_INTERNAL
10
3712.978821
20
568.315659
30
0
0
VERTEX
8
AI4M_01_ATOM_INTERNAL
10
3712.312317
20
576.918335
30
0
0
VERTEX
8
AI4M_01_ATOM_INTERNAL
10
3710.844116
20
591.957512
30
0
0
VERTEX
8
AI4M_01_ATOM_INTERNAL
10
3709.996643
20
599.752693
30
0
0
VERTEX
8
AI4M_01_ATOM_INTERNAL
10
3708.80249
20
608.234558
30
0
0
VERTEX
8
AI4M_01_ATOM_INTERNAL
10
3706.943359
20
619.382744
30
0
0
VERTEX
8
AI4M_01_ATOM_INTERNAL
10
3704.893799
20
630.275803
30
0
0
VERTEX
8
AI4M_01_ATOM_INTERNAL
10
3702.760315
20
640.302048
30
0
0
VERTEX
8
AI4M_01_ATOM_INTERNAL
10
3699.306641
20
655.017319
30
0
0
VERTEX
8
AI4M_01_ATOM_INTERNAL
10
3696.573792
20
666.592102
30
0
0
SEQEND
8
AI4M_01_ATOM_INTERNAL
0
TEXT
8
AI4M_01_ATOM_INTERNAL
10
3666.646423
20
460.643997
30
0
40
2.5
1
AI4M_line_0061__seg_01_armhole_back_armhole_back
1001
AI4MANUFACTURING
1000
WRITEBACK_PHASE=01_ATOM_LABEL
1000
ENTITY_ID=line_0061__seg_01
999
AI4M_ENTITY=line_0062__seg_01;LINE_ROLE=cut_line;EDGE=unknown;SOURCE_LAYER=11
0
POLYLINE
8
AI4M_01_ATOM_CUT
66
1
70
0
1001
AI4MANUFACTURING
1000
WRITEBACK_PHASE=01_ATOM
1000
ENTITY_ID=line_0062__seg_01
1000
SOURCE_HANDLE=42B
1000
LINE_ROLE=cut_line
1000
EDGE=unknown
1000
CHAIN=chain_mryhfeu7
1000
PIECE_ID=back_body_manual_01
1000
SEAM_PAIR=
1000
PAIRED_CHAIN=
1000
NOTCH_CHAIN=
1000
NOTCH_SOURCE=
1000
PIECE_ROLE=back_body
1000
SEAM_ALLOWANCE_MM=
1000
SOURCE_LAYER=11
0
VERTEX
8
AI4M_01_ATOM_CUT
10
3666.221924
20
106.327629
30
0
0
VERTEX
8
AI4M_01_ATOM_CUT
10
3666.966248
20
122.007437
30
0
0
VERTEX
8
AI4M_01_ATOM_CUT
10
3667.698364
20
137.303848
30
0
0
VERTEX
8
AI4M_01_ATOM_CUT
10
3668.424988
20
152.355127
30
0
0
VERTEX
8
AI4M_01_ATOM_CUT
10
3669.166565
20
167.561378
30
0
0
VERTEX
8
AI4M_01_ATOM_CUT
10
3669.918213
20
182.822876
30
0
0
VERTEX
8
AI4M_01_ATOM_CUT
10
3670.672607
20
198.08424
30
0
0
VERTEX
8
AI4M_01_ATOM_CUT
10
3671.417542
20
213.180161
30
0
0
VERTEX
8
AI4M_01_ATOM_CUT
10
3672.187805
20
228.440666
30
0
0
VERTEX
8
AI4M_01_ATOM_CUT
10
3672.961121
20
243.701
30
0
0
VERTEX
8
AI4M_01_ATOM_CUT
10
3673.697205
20
258.963356
30
0
0
VERTEX
8
AI4M_01_ATOM_CUT
10
3674.346313
20
274.029655
30
0
0
VERTEX
8
AI4M_01_ATOM_CUT
10
3674.8703
20
289.30109
30
0
0
VERTEX
8
AI4M_01_ATOM_CUT
10
3675.196228
20
304.801273
30
0
0
VERTEX
8
AI4M_01_ATOM_CUT
10
3675.272522
20
320.081673
30
0
0
VERTEX
8
AI4M_01_ATOM_CUT
10
3675.109253
20
335.312653
30
0
0
VERTEX
8
AI4M_01_ATOM_CUT
10
3674.7229
20
350.587845
30
0
0
VERTEX
8
AI4M_01_ATOM_CUT
10
3674.136047
20
366.139526
30
0
0
VERTEX
8
AI4M_01_ATOM_CUT
10
3673.37677
20
381.401672
30
0
0
VERTEX
8
AI4M_01_ATOM_CUT
10
3672.420959
20
396.089172
30
0
0
VERTEX
8
AI4M_01_ATOM_CUT
10
3671.193237
20
411.31958
30
0
0
VERTEX
8
AI4M_01_ATOM_CUT
10
3669.910583
20
426.604385
30
0
0
VERTEX
8
AI4M_01_ATOM_CUT
10
3668.555298
20
441.976089
30
0
0
VERTEX
8
AI4M_01_ATOM_CUT
10
3667.061157
20
456.805153
30
0
0
VERTEX
8
AI4M_01_ATOM_CUT
10
3666.646423
20
460.643997
30
0
0
SEQEND
8
AI4M_01_ATOM_CUT
0
TEXT
8
AI4M_01_ATOM_CUT
10
3666.221924
20
106.327629
30
0
40
2.5
1
AI4M_line_0062__seg_01_cut_line_unknown
1001
AI4MANUFACTURING
1000
WRITEBACK_PHASE=01_ATOM_LABEL
1000
ENTITY_ID=line_0062__seg_01
999
AI4M_ENTITY=line_0063;LINE_ROLE=cut_line;EDGE=unknown;SOURCE_LAYER=11
0
POLYLINE
8
AI4M_01_ATOM_CUT
66
1
70
0
1001
AI4MANUFACTURING
1000
WRITEBACK_PHASE=01_ATOM
1000
ENTITY_ID=line_0063
1000
SOURCE_HANDLE=447
1000
LINE_ROLE=cut_line
1000
EDGE=unknown
1000
CHAIN=chain_mryhfeu7
1000
PIECE_ID=back_body_manual_01
1000
SEAM_PAIR=
1000
PAIRED_CHAIN=
1000
NOTCH_CHAIN=
1000
NOTCH_SOURCE=
1000
PIECE_ROLE=back_body
1000
SEAM_ALLOWANCE_MM=
1000
SOURCE_LAYER=11
0
VERTEX
8
AI4M_01_ATOM_CUT
10
3665.872192
20
86.379309
30
0
0
VERTEX
8
AI4M_01_ATOM_CUT
10
3666.221924
20
106.327629
30
0
0
SEQEND
8
AI4M_01_ATOM_CUT
0
TEXT
8
AI4M_01_ATOM_CUT
10
3665.872192
20
86.379309
30
0
40
2.5
1
AI4M_line_0063_cut_line_unknown
1001
AI4MANUFACTURING
1000
WRITEBACK_PHASE=01_ATOM_LABEL
1000
ENTITY_ID=line_0063
999
AI4M_ENTITY=line_0064;LINE_ROLE=cut_line;EDGE=unknown;SOURCE_LAYER=11
0
POLYLINE
8
AI4M_01_ATOM_CUT
66
1
70
0
1001
AI4MANUFACTURING
1000
WRITEBACK_PHASE=01_ATOM
1000
ENTITY_ID=line_0064
1000
SOURCE_HANDLE=44C
1000
LINE_ROLE=cut_line
1000
EDGE=unknown
1000
CHAIN=chain_mryhfeu7
1000
PIECE_ID=back_body_manual_01
1000
SEAM_PAIR=
1000
PAIRED_CHAIN=
1000
NOTCH_CHAIN=
1000
NOTCH_SOURCE=
1000
PIECE_ROLE=back_body
1000
SEAM_ALLOWANCE_MM=
1000
SOURCE_LAYER=11
0
VERTEX
8
AI4M_01_ATOM_CUT
10
3872.805481
20
372.91317
30
0
0
VERTEX
8
AI4M_01_ATOM_CUT
10
3872.805481
20
270.317631
30
0
0
SEQEND
8
AI4M_01_ATOM_CUT
0
TEXT
8
AI4M_01_ATOM_CUT
10
3872.805481
20
372.91317
30
0
40
2.5
1
AI4M_line_0064_cut_line_unknown
1001
AI4MANUFACTURING
1000
WRITEBACK_PHASE=01_ATOM_LABEL
1000
ENTITY_ID=line_0064
999
AI4M_ENTITY=line_0065;LINE_ROLE=cut_line;EDGE=unknown;SOURCE_LAYER=11
0
POLYLINE
8
AI4M_01_ATOM_CUT
66
1
70
0
1001
AI4MANUFACTURING
1000
WRITEBACK_PHASE=01_ATOM
1000
ENTITY_ID=line_0065
1000
SOURCE_HANDLE=44D
1000
LINE_ROLE=cut_line
1000
EDGE=unknown
1000
CHAIN=chain_mryhfeu7
1000
PIECE_ID=back_body_manual_01
1000
SEAM_PAIR=
1000
PAIRED_CHAIN=
1000
NOTCH_CHAIN=
1000
NOTCH_SOURCE=
1000
PIECE_ROLE=back_body
1000
SEAM_ALLOWANCE_MM=
1000
SOURCE_LAYER=11
0
VERTEX
8
AI4M_01_ATOM_CUT
10
3872.805481
20
270.317631
30
0
0
VERTEX
8
AI4M_01_ATOM_CUT
10
3876.189128
20
290.029326
30
0
0
SEQEND
8
AI4M_01_ATOM_CUT
0
TEXT
8
AI4M_01_ATOM_CUT
10
3872.805481
20
270.317631
30
0
40
2.5
1
AI4M_line_0065_cut_line_unknown
1001
AI4MANUFACTURING
1000
WRITEBACK_PHASE=01_ATOM_LABEL
1000
ENTITY_ID=line_0065
999
AI4M_ENTITY=line_0066;LINE_ROLE=cut_line;EDGE=unknown;SOURCE_LAYER=11
0
POLYLINE
8
AI4M_01_ATOM_CUT
66
1
70
0
1001
AI4MANUFACTURING
1000
WRITEBACK_PHASE=01_ATOM
1000
ENTITY_ID=line_0066
1000
SOURCE_HANDLE=44E
1000
LINE_ROLE=cut_line
1000
EDGE=unknown
1000
CHAIN=chain_mryhfeu7
1000
PIECE_ID=back_body_manual_01
1000
SEAM_PAIR=
1000
PAIRED_CHAIN=
1000
NOTCH_CHAIN=
1000
NOTCH_SOURCE=
1000
PIECE_ROLE=back_body
1000
SEAM_ALLOWANCE_MM=
1000
SOURCE_LAYER=11
0
VERTEX
8
AI4M_01_ATOM_CUT
10
3872.805481
20
270.317631
30
0
0
VERTEX
8
AI4M_01_ATOM_CUT
10
3872.805481
20
270.317631
30
0
0
SEQEND
8
AI4M_01_ATOM_CUT
0
TEXT
8
AI4M_01_ATOM_CUT
10
3872.805481
20
270.317631
30
0
40
2.5
1
AI4M_line_0066_cut_line_unknown
1001
AI4MANUFACTURING
1000
WRITEBACK_PHASE=01_ATOM_LABEL
1000
ENTITY_ID=line_0066
999
AI4M_ENTITY=line_0072;LINE_ROLE=sleeve_underarm_seam;EDGE=sleeve_underarm_seam;SOURCE_LAYER=11
0
POLYLINE
8
AI4M_01_ATOM_INTERNAL
66
1
70
0
1001
AI4MANUFACTURING
1000
WRITEBACK_PHASE=01_ATOM
1000
ENTITY_ID=line_0072
1000
SOURCE_HANDLE=454
1000
LINE_ROLE=sleeve_underarm_seam
1000
EDGE=sleeve_underarm_seam
1000
CHAIN=chain_mryhfhve
1000
PIECE_ID=sleeve_manual_01
1000
SEAM_PAIR=
1000
PAIRED_CHAIN=
1000
NOTCH_CHAIN=
1000
NOTCH_SOURCE=
1000
PIECE_ROLE=sleeve
1000
SEAM_ALLOWANCE_MM=
1000
SOURCE_LAYER=11
0
VERTEX
8
AI4M_01_ATOM_INTERNAL
10
2594.848022
20
77.935128
30
0
0
VERTEX
8
AI4M_01_ATOM_INTERNAL
10
2596.771545
20
97.935123
30
0
0
SEQEND
8
AI4M_01_ATOM_INTERNAL
0
TEXT
8
AI4M_01_ATOM_INTERNAL
10
2594.848022
20
77.935128
30
0
40
2.5
1
AI4M_line_0072_sleeve_underarm_seam_sleeve_underarm_seam
1001
AI4MANUFACTURING
1000
WRITEBACK_PHASE=01_ATOM_LABEL
1000
ENTITY_ID=line_0072
999
AI4M_ENTITY=line_0073;LINE_ROLE=cut_line;EDGE=unknown;SOURCE_LAYER=11
0
POLYLINE
8
AI4M_01_ATOM_CUT
66
1
70
0
1001
AI4MANUFACTURING
1000
WRITEBACK_PHASE=01_ATOM
1000
ENTITY_ID=line_0073
1000
SOURCE_HANDLE=459
1000
LINE_ROLE=cut_line
1000
EDGE=unknown
1000
CHAIN=chain_mryhfhve
1000
PIECE_ID=sleeve_manual_01
1000
SEAM_PAIR=
1000
PAIRED_CHAIN=
1000
NOTCH_CHAIN=
1000
NOTCH_SOURCE=
1000
PIECE_ROLE=sleeve
1000
SEAM_ALLOWANCE_MM=
1000
SOURCE_LAYER=11
0
VERTEX
8
AI4M_01_ATOM_CUT
10
2596.771545
20
97.935123
30
0
0
VERTEX
8
AI4M_01_ATOM_CUT
10
2593.601685
20
130.897074
30
0
0
SEQEND
8
AI4M_01_ATOM_CUT
0
TEXT
8
AI4M_01_ATOM_CUT
10
2596.771545
20
97.935123
30
0
40
2.5
1
AI4M_line_0073_cut_line_unknown
1001
AI4MANUFACTURING
1000
WRITEBACK_PHASE=01_ATOM_LABEL
1000
ENTITY_ID=line_0073
999
AI4M_ENTITY=line_0074__seg_01;LINE_ROLE=cut_line;EDGE=unknown;SOURCE_LAYER=11
0
POLYLINE
8
AI4M_01_ATOM_CUT
66
1
70
0
1001
AI4MANUFACTURING
1000
WRITEBACK_PHASE=01_ATOM
1000
ENTITY_ID=line_0074__seg_01
1000
SOURCE_HANDLE=45E
1000
LINE_ROLE=cut_line
1000
EDGE=unknown
1000
CHAIN=chain_mryhfhve
1000
PIECE_ID=sleeve_manual_01
1000
SEAM_PAIR=
1000
PAIRED_CHAIN=
1000
NOTCH_CHAIN=
1000
NOTCH_SOURCE=
1000
PIECE_ROLE=sleeve
1000
SEAM_ALLOWANCE_MM=
1000
SOURCE_LAYER=11
0
VERTEX
8
AI4M_01_ATOM_CUT
10
2593.601685
20
130.897074
30
0
0
VERTEX
8
AI4M_01_ATOM_CUT
10
2600.514275
20
132.639781
30
0
0
VERTEX
8
AI4M_01_ATOM_CUT
10
2611.7572
20
135.047413
30
0
0
VERTEX
8
AI4M_01_ATOM_CUT
10
2615.264518
20
136.094217
30
0
0
VERTEX
8
AI4M_01_ATOM_CUT
10
2618.865151
20
137.432895
30
0
0
VERTEX
8
AI4M_01_ATOM_CUT
10
2622.53022
20
139.064735
30
0
0
VERTEX
8
AI4M_01_ATOM_CUT
10
2626.080425
20
140.917683
30
0
0
VERTEX
8
AI4M_01_ATOM_CUT
10
2629.478077
20
142.966968
30
0
0
VERTEX
8
AI4M_01_ATOM_CUT
10
2632.924679
20
145.336783
30
0
0
VERTEX
8
AI4M_01_ATOM_CUT
10
2636.353753
20
147.995335
30
0
0
VERTEX
8
AI4M_01_ATOM_CUT
10
2639.879001
20
151.04713
30
0
0
VERTEX
8
AI4M_01_ATOM_CUT
10
2643.491768
20
154.512207
30
0
0
VERTEX
8
AI4M_01_ATOM_CUT
10
2647.218619
20
158.442742
30
0
0
VERTEX
8
AI4M_01_ATOM_CUT
10
2651.050035
20
162.850158
30
0
0
VERTEX
8
AI4M_01_ATOM_CUT
10
2655.164708
20
167.973799
30
0
0
VERTEX
8
AI4M_01_ATOM_CUT
10
2659.762203
20
174.118647
30
0
0
VERTEX
8
AI4M_01_ATOM_CUT
10
2665.602037
20
182.397049
30
0
0
VERTEX
8
AI4M_01_ATOM_CUT
10
2674.067196
20
194.808018
30
0
0
VERTEX
8
AI4M_01_ATOM_CUT
10
2680.736039
20
204.39394
30
0
0
VERTEX
8
AI4M_01_ATOM_CUT
10
2685.769969
20
211.246084
30
0
0
VERTEX
8
AI4M_01_ATOM_CUT
10
2690.420764
20
217.177386
30
0
0
VERTEX
8
AI4M_01_ATOM_CUT
10
2695.348531
20
223.064645
30
0
0
VERTEX
8
AI4M_01_ATOM_CUT
10
2699.677562
20
227.901561
30
0
0
VERTEX
8
AI4M_01_ATOM_CUT
10
2703.075251
20
231.345901
30
0
0
VERTEX
8
AI4M_01_ATOM_CUT
10
2706.731197
20
234.651549
30
0
0
VERTEX
8
AI4M_01_ATOM_CUT
10
2712.226383
20
239.489263
30
0
0
VERTEX
8
AI4M_01_ATOM_CUT
10
2715.778285
20
242.259998
30
0
0
VERTEX
8
AI4M_01_ATOM_CUT
10
2719.883946
20
245.131683
30
0
0
VERTEX
8
AI4M_01_ATOM_CUT
10
2724.613771
20
248.12226
30
0
0
VERTEX
8
AI4M_01_ATOM_CUT
10
2729.253304
20
250.764542
30
0
0
VERTEX
8
AI4M_01_ATOM_CUT
10
2733.721548
20
253.026356
30
0
0
VERTEX
8
AI4M_01_ATOM_CUT
10
2738.296736
20
255.060144
30
0
0
VERTEX
8
AI4M_01_ATOM_CUT
10
2742.856913
20
256.818989
30
0
0
VERTEX
8
AI4M_01_ATOM_CUT
10
2747.456224
20
258.329725
30
0
0
VERTEX
8
AI4M_01_ATOM_CUT
10
2751.965891
20
259.552564
30
0
0
VERTEX
8
AI4M_01_ATOM_CUT
10
2756.457047
20
260.516948
30
0
0
VERTEX
8
AI4M_01_ATOM_CUT
10
2761.236118
20
261.286984
30
0
0
VERTEX
8
AI4M_01_ATOM_CUT
10
2766.102249
20
261.819259
30
0
0
VERTEX
8
AI4M_01_ATOM_CUT
10
2770.60185
20
262.064874
30
0
0
VERTEX
8
AI4M_01_ATOM_CUT
10
2775.051326
20
262.049404
30
0
0
VERTEX
8
AI4M_01_ATOM_CUT
10
2781.878052
20
261.883526
30
0
0
SEQEND
8
AI4M_01_ATOM_CUT
0
TEXT
8
AI4M_01_ATOM_CUT
10
2593.601685
20
130.897074
30
0
40
2.5
1
AI4M_line_0074__seg_01_cut_line_unknown
1001
AI4MANUFACTURING
1000
WRITEBACK_PHASE=01_ATOM_LABEL
1000
ENTITY_ID=line_0074__seg_01
999
AI4M_ENTITY=line_0075;LINE_ROLE=cut_line;EDGE=unknown;SOURCE_LAYER=11
0
POLYLINE
8
AI4M_01_ATOM_CUT
66
1
70
0
1001
AI4MANUFACTURING
1000
WRITEBACK_PHASE=01_ATOM
1000
ENTITY_ID=line_0075
1000
SOURCE_HANDLE=48A
1000
LINE_ROLE=cut_line
1000
EDGE=unknown
1000
CHAIN=chain_mryhfhve
1000
PIECE_ID=sleeve_manual_01
1000
SEAM_PAIR=
1000
PAIRED_CHAIN=
1000
NOTCH_CHAIN=
1000
NOTCH_SOURCE=
1000
PIECE_ROLE=sleeve
1000
SEAM_ALLOWANCE_MM=
1000
SOURCE_LAYER=11
0
VERTEX
8
AI4M_01_ATOM_CUT
10
2704.946016
20
236.409781
30
0
0
VERTEX
8
AI4M_01_ATOM_CUT
10
2708.264274
20
232.669573
30
0
0
SEQEND
8
AI4M_01_ATOM_CUT
0
TEXT
8
AI4M_01_ATOM_CUT
10
2704.946016
20
236.409781
30
0
40
2.5
1
AI4M_line_0075_cut_line_unknown
1001
AI4MANUFACTURING
1000
WRITEBACK_PHASE=01_ATOM_LABEL
1000
ENTITY_ID=line_0075
999
AI4M_ENTITY=line_0076;LINE_ROLE=cut_line;EDGE=unknown;SOURCE_LAYER=11
0
POLYLINE
8
AI4M_01_ATOM_CUT
66
1
70
0
1001
AI4MANUFACTURING
1000
WRITEBACK_PHASE=01_ATOM
1000
ENTITY_ID=line_0076
1000
SOURCE_HANDLE=48B
1000
LINE_ROLE=cut_line
1000
EDGE=unknown
1000
CHAIN=chain_mryhfhve
1000
PIECE_ID=sleeve_manual_01
1000
SEAM_PAIR=
1000
PAIRED_CHAIN=
1000
NOTCH_CHAIN=
1000
NOTCH_SOURCE=
1000
PIECE_ROLE=sleeve
1000
SEAM_ALLOWANCE_MM=
1000
SOURCE_LAYER=11
0
VERTEX
8
AI4M_01_ATOM_CUT
10
2781.263463
20
264.394277
30
0
0
VERTEX
8
AI4M_01_ATOM_CUT
10
2781.178833
20
259.394993
30
0
0
SEQEND
8
AI4M_01_ATOM_CUT
0
TEXT
8
AI4M_01_ATOM_CUT
10
2781.263463
20
264.394277
30
0
40
2.5
1
AI4M_line_0076_cut_line_unknown
1001
AI4MANUFACTURING
1000
WRITEBACK_PHASE=01_ATOM_LABEL
1000
ENTITY_ID=line_0076
999
AI4M_ENTITY=line_0077__seg_01;LINE_ROLE=armhole_seam;EDGE=armhole_seam;SOURCE_LAYER=11
0
POLYLINE
8
AI4M_01_ATOM_INTERNAL
66
1
70
0
1001
AI4MANUFACTURING
1000
WRITEBACK_PHASE=01_ATOM
1000
ENTITY_ID=line_0077__seg_01
1000
SOURCE_HANDLE=48C
1000
LINE_ROLE=armhole_seam
1000
EDGE=armhole_seam
1000
CHAIN=chain_mryhfhve
1000
PIECE_ID=sleeve_manual_01
1000
SEAM_PAIR=
1000
PAIRED_CHAIN=
1000
NOTCH_CHAIN=
1000
NOTCH_SOURCE=
1000
PIECE_ROLE=sleeve
1000
SEAM_ALLOWANCE_MM=
1000
SOURCE_LAYER=11
0
VERTEX
8
AI4M_01_ATOM_INTERNAL
10
2781.878052
20
261.883526
30
0
0
VERTEX
8
AI4M_01_ATOM_INTERNAL
10
2788.542036
20
260.909938
30
0
0
VERTEX
8
AI4M_01_ATOM_INTERNAL
10
2793.387665
20
260.162349
30
0
0
VERTEX
8
AI4M_01_ATOM_INTERNAL
10
2796.871225
20
259.371408
30
0
0
VERTEX
8
AI4M_01_ATOM_INTERNAL
10
2800.433903
20
258.301118
30
0
0
VERTEX
8
AI4M_01_ATOM_INTERNAL
10
2804.288481
20
256.878202
30
0
0
VERTEX
8
AI4M_01_ATOM_INTERNAL
10
2808.376177
20
255.099303
30
0
0
VERTEX
8
AI4M_01_ATOM_INTERNAL
10
2812.678761
20
252.949301
30
0
0
VERTEX
8
AI4M_01_ATOM_INTERNAL
10
2816.297555
20
250.883108
30
0
0
VERTEX
8
AI4M_01_ATOM_INTERNAL
10
2819.264594
20
248.906588
30
0
0
VERTEX
8
AI4M_01_ATOM_INTERNAL
10
2828.824587
20
241.450842
30
0
0
VERTEX
8
AI4M_01_ATOM_INTERNAL
10
2831.652997
20
238.821315
30
0
0
VERTEX
8
AI4M_01_ATOM_INTERNAL
10
2835.055244
20
235.275999
30
0
0
VERTEX
8
AI4M_01_ATOM_INTERNAL
10
2838.753998
20
231.094405
30
0
0
VERTEX
8
AI4M_01_ATOM_INTERNAL
10
2841.43396
20
227.72248
30
0
0
VERTEX
8
AI4M_01_ATOM_INTERNAL
10
2843.887461
20
224.202288
30
0
0
VERTEX
8
AI4M_01_ATOM_INTERNAL
10
2849.590808
20
215.570996
30
0
0
VERTEX
8
AI4M_01_ATOM_INTERNAL
10
2852.184316
20
211.063048
30
0
0
VERTEX
8
AI4M_01_ATOM_INTERNAL
10
2856.934235
20
202.013042
30
0
0
VERTEX
8
AI4M_01_ATOM_INTERNAL
10
2863.84596
20
188.687832
30
0
0
VERTEX
8
AI4M_01_ATOM_INTERNAL
10
2868.261718
20
180.607066
30
0
0
VERTEX
8
AI4M_01_ATOM_INTERNAL
10
2871.990353
20
174.250152
30
0
0
VERTEX
8
AI4M_01_ATOM_INTERNAL
10
2875.346015
20
168.986261
30
0
0
VERTEX
8
AI4M_01_ATOM_INTERNAL
10
2878.538601
20
164.420996
30
0
0
VERTEX
8
AI4M_01_ATOM_INTERNAL
10
2881.628273
20
160.421802
30
0
0
VERTEX
8
AI4M_01_ATOM_INTERNAL
10
2884.676168
20
156.870779
30
0
0
VERTEX
8
AI4M_01_ATOM_INTERNAL
10
2887.65854
20
153.75833
30
0
0
VERTEX
8
AI4M_01_ATOM_INTERNAL
10
2890.698073
20
150.931586
30
0
0
VERTEX
8
AI4M_01_ATOM_INTERNAL
10
2893.880101
20
148.301686
30
0
0
VERTEX
8
AI4M_01_ATOM_INTERNAL
10
2897.241259
20
145.8455
30
0
0
VERTEX
8
AI4M_01_ATOM_INTERNAL
10
2900.493031
20
143.754736
30
0
0
VERTEX
8
AI4M_01_ATOM_INTERNAL
10
2904.126129
20
141.722908
30
0
0
VERTEX
8
AI4M_01_ATOM_INTERNAL
10
2907.768616
20
139.977554
30
0
0
VERTEX
8
AI4M_01_ATOM_INTERNAL
10
2911.487601
20
138.468399
30
0
0
VERTEX
8
AI4M_01_ATOM_INTERNAL
10
2915.502581
20
137.115011
30
0
0
VERTEX
8
AI4M_01_ATOM_INTERNAL
10
2919.80393
20
135.938948
30
0
0
VERTEX
8
AI4M_01_ATOM_INTERNAL
10
2924.528133
20
134.911399
30
0
0
VERTEX
8
AI4M_01_ATOM_INTERNAL
10
2929.805524
20
134.028692
30
0
0
VERTEX
8
AI4M_01_ATOM_INTERNAL
10
2943.798673
20
132.206443
30
0
0
VERTEX
8
AI4M_01_ATOM_INTERNAL
10
2946.398315
20
131.813641
30
0
0
SEQEND
8
AI4M_01_ATOM_INTERNAL
0
TEXT
8
AI4M_01_ATOM_INTERNAL
10
2781.878052
20
261.883526
30
0
40
2.5
1
AI4M_line_0077__seg_01_armhole_seam_armhole_seam
1001
AI4MANUFACTURING
1000
WRITEBACK_PHASE=01_ATOM_LABEL
1000
ENTITY_ID=line_0077__seg_01
999
AI4M_ENTITY=line_0078;LINE_ROLE=cut_line;EDGE=unknown;SOURCE_LAYER=11
0
POLYLINE
8
AI4M_01_ATOM_CUT
66
1
70
0
1001
AI4MANUFACTURING
1000
WRITEBACK_PHASE=01_ATOM
1000
ENTITY_ID=line_0078
1000
SOURCE_HANDLE=4B7
1000
LINE_ROLE=cut_line
1000
EDGE=unknown
1000
CHAIN=chain_mryhfhve
1000
PIECE_ID=sleeve_manual_01
1000
SEAM_PAIR=
1000
PAIRED_CHAIN=
1000
NOTCH_CHAIN=
1000
NOTCH_SOURCE=
1000
PIECE_ROLE=sleeve
1000
SEAM_ALLOWANCE_MM=
1000
SOURCE_LAYER=11
0
VERTEX
8
AI4M_01_ATOM_CUT
10
2824.806483
20
247.78791
30
0
0
VERTEX
8
AI4M_01_ATOM_CUT
10
2821.750224
20
243.830729
30
0
0
SEQEND
8
AI4M_01_ATOM_CUT
0
TEXT
8
AI4M_01_ATOM_CUT
10
2824.806483
20
247.78791
30
0
40
2.5
1
AI4M_line_0078_cut_line_unknown
1001
AI4MANUFACTURING
1000
WRITEBACK_PHASE=01_ATOM_LABEL
1000
ENTITY_ID=line_0078
999
AI4M_ENTITY=line_0079;LINE_ROLE=cut_line;EDGE=unknown;SOURCE_LAYER=11
0
POLYLINE
8
AI4M_01_ATOM_CUT
66
1
70
0
1001
AI4MANUFACTURING
1000
WRITEBACK_PHASE=01_ATOM
1000
ENTITY_ID=line_0079
1000
SOURCE_HANDLE=4B8
1000
LINE_ROLE=cut_line
1000
EDGE=unknown
1000
CHAIN=chain_mryhfhve
1000
PIECE_ID=sleeve_manual_01
1000
SEAM_PAIR=
1000
PAIRED_CHAIN=
1000
NOTCH_CHAIN=
1000
NOTCH_SOURCE=
1000
PIECE_ROLE=sleeve
1000
SEAM_ALLOWANCE_MM=
1000
SOURCE_LAYER=11
0
VERTEX
8
AI4M_01_ATOM_CUT
10
2847.575314
20
223.169007
30
0
0
VERTEX
8
AI4M_01_ATOM_CUT
10
2843.430197
20
220.372938
30
0
0
SEQEND
8
AI4M_01_ATOM_CUT
0
TEXT
8
AI4M_01_ATOM_CUT
10
2847.575314
20
223.169007
30
0
40
2.5
1
AI4M_line_0079_cut_line_unknown
1001
AI4MANUFACTURING
1000
WRITEBACK_PHASE=01_ATOM_LABEL
1000
ENTITY_ID=line_0079
999
AI4M_ENTITY=line_0080;LINE_ROLE=cut_line;EDGE=unknown;SOURCE_LAYER=11
0
POLYLINE
8
AI4M_01_ATOM_CUT
66
1
70
0
1001
AI4MANUFACTURING
1000
WRITEBACK_PHASE=01_ATOM
1000
ENTITY_ID=line_0080
1000
SOURCE_HANDLE=4B9
1000
LINE_ROLE=cut_line
1000
EDGE=unknown
1000
CHAIN=chain_mryhfhve
1000
PIECE_ID=sleeve_manual_01
1000
SEAM_PAIR=
1000
PAIRED_CHAIN=
1000
NOTCH_CHAIN=
1000
NOTCH_SOURCE=
1000
PIECE_ROLE=sleeve
1000
SEAM_ALLOWANCE_MM=
1000
SOURCE_LAYER=11
0
VERTEX
8
AI4M_01_ATOM_CUT
10
2884.194336
20
161.233186
30
0
0
VERTEX
8
AI4M_01_ATOM_CUT
10
2880.518564
20
157.843688
30
0
0
SEQEND
8
AI4M_01_ATOM_CUT
0
TEXT
8
AI4M_01_ATOM_CUT
10
2884.194336
20
161.233186
30
0
40
2.5
1
AI4M_line_0080_cut_line_unknown
1001
AI4MANUFACTURING
1000
WRITEBACK_PHASE=01_ATOM_LABEL
1000
ENTITY_ID=line_0080
999
AI4M_ENTITY=line_0081;LINE_ROLE=sleeve_underarm_seam;EDGE=sleeve_underarm_seam;SOURCE_LAYER=11
0
POLYLINE
8
AI4M_01_ATOM_INTERNAL
66
1
70
0
1001
AI4MANUFACTURING
1000
WRITEBACK_PHASE=01_ATOM
1000
ENTITY_ID=line_0081
1000
SOURCE_HANDLE=4BA
1000
LINE_ROLE=sleeve_underarm_seam
1000
EDGE=sleeve_underarm_seam
1000
CHAIN=chain_mryhfhve
1000
PIECE_ID=sleeve_manual_01
1000
SEAM_PAIR=
1000
PAIRED_CHAIN=
1000
NOTCH_CHAIN=
1000
NOTCH_SOURCE=
1000
PIECE_ROLE=sleeve
1000
SEAM_ALLOWANCE_MM=
1000
SOURCE_LAYER=11
0
VERTEX
8
AI4M_01_ATOM_INTERNAL
10
2946.398315
20
131.813641
30
0
0
VERTEX
8
AI4M_01_ATOM_INTERNAL
10
2943.137817
20
97.935123
30
0
0
SEQEND
8
AI4M_01_ATOM_INTERNAL
0
TEXT
8
AI4M_01_ATOM_INTERNAL
10
2946.398315
20
131.813641
30
0
40
2.5
1
AI4M_line_0081_sleeve_underarm_seam_sleeve_underarm_seam
1001
AI4MANUFACTURING
1000
WRITEBACK_PHASE=01_ATOM_LABEL
1000
ENTITY_ID=line_0081
999
AI4M_ENTITY=line_0082;LINE_ROLE=cut_line;EDGE=unknown;SOURCE_LAYER=11
0
POLYLINE
8
AI4M_01_ATOM_CUT
66
1
70
0
1001
AI4MANUFACTURING
1000
WRITEBACK_PHASE=01_ATOM
1000
ENTITY_ID=line_0082
1000
SOURCE_HANDLE=4BF
1000
LINE_ROLE=cut_line
1000
EDGE=unknown
1000
CHAIN=chain_mryhfhve
1000
PIECE_ID=sleeve_manual_01
1000
SEAM_PAIR=
1000
PAIRED_CHAIN=
1000
NOTCH_CHAIN=
1000
NOTCH_SOURCE=
1000
PIECE_ROLE=sleeve
1000
SEAM_ALLOWANCE_MM=
1000
SOURCE_LAYER=11
0
VERTEX
8
AI4M_01_ATOM_CUT
10
2943.137817
20
97.935123
30
0
0
VERTEX
8
AI4M_01_ATOM_CUT
10
2945.062866
20
77.935128
30
0
0
SEQEND
8
AI4M_01_ATOM_CUT
0
TEXT
8
AI4M_01_ATOM_CUT
10
2943.137817
20
97.935123
30
0
40
2.5
1
AI4M_line_0082_cut_line_unknown
1001
AI4MANUFACTURING
1000
WRITEBACK_PHASE=01_ATOM_LABEL
1000
ENTITY_ID=line_0082
999
AI4M_ENTITY=line_0083__seg_01;LINE_ROLE=sleeve_hem;EDGE=sleeve_hem;SOURCE_LAYER=11
0
POLYLINE
8
AI4M_01_ATOM_INTERNAL
66
1
70
0
1001
AI4MANUFACTURING
1000
WRITEBACK_PHASE=01_ATOM
1000
ENTITY_ID=line_0083__seg_01
1000
SOURCE_HANDLE=4C4
1000
LINE_ROLE=sleeve_hem
1000
EDGE=sleeve_hem
1000
CHAIN=chain_mryhfhve
1000
PIECE_ID=sleeve_manual_01
1000
SEAM_PAIR=
1000
PAIRED_CHAIN=
1000
NOTCH_CHAIN=
1000
NOTCH_SOURCE=
1000
PIECE_ROLE=sleeve
1000
SEAM_ALLOWANCE_MM=
1000
SOURCE_LAYER=11
0
VERTEX
8
AI4M_01_ATOM_INTERNAL
10
2945.062866
20
77.935128
30
0
0
VERTEX
8
AI4M_01_ATOM_INTERNAL
10
2780.774231
20
77.935128
30
0
0
VERTEX
8
AI4M_01_ATOM_INTERNAL
10
2594.848022
20
77.935128
30
0
0
SEQEND
8
AI4M_01_ATOM_INTERNAL
0
TEXT
8
AI4M_01_ATOM_INTERNAL
10
2945.062866
20
77.935128
30
0
40
2.5
1
AI4M_line_0083__seg_01_sleeve_hem_sleeve_hem
1001
AI4MANUFACTURING
1000
WRITEBACK_PHASE=01_ATOM_LABEL
1000
ENTITY_ID=line_0083__seg_01
999
AI4M_ENTITY=line_0084;LINE_ROLE=cut_line;EDGE=unknown;SOURCE_LAYER=11
0
POLYLINE
8
AI4M_01_ATOM_CUT
66
1
70
0
1001
AI4MANUFACTURING
1000
WRITEBACK_PHASE=01_ATOM
1000
ENTITY_ID=line_0084
1000
SOURCE_HANDLE=4CA
1000
LINE_ROLE=cut_line
1000
EDGE=unknown
1000
CHAIN=chain_mryhfhve
1000
PIECE_ID=sleeve_manual_01
1000
SEAM_PAIR=
1000
PAIRED_CHAIN=
1000
NOTCH_CHAIN=
1000
NOTCH_SOURCE=
1000
PIECE_ROLE=sleeve
1000
SEAM_ALLOWANCE_MM=
1000
SOURCE_LAYER=11
0
VERTEX
8
AI4M_01_ATOM_CUT
10
2605.812988
20
97.935123
30
0
0
VERTEX
8
AI4M_01_ATOM_CUT
10
2603.289185
20
124.180002
30
0
0
SEQEND
8
AI4M_01_ATOM_CUT
0
TEXT
8
AI4M_01_ATOM_CUT
10
2605.812988
20
97.935123
30
0
40
2.5
1
AI4M_line_0084_cut_line_unknown
1001
AI4MANUFACTURING
1000
WRITEBACK_PHASE=01_ATOM_LABEL
1000
ENTITY_ID=line_0084
999
AI4M_ENTITY=line_0085__seg_01;LINE_ROLE=cut_line;EDGE=unknown;SOURCE_LAYER=11
0
POLYLINE
8
AI4M_01_ATOM_CUT
66
1
70
0
1001
AI4MANUFACTURING
1000
WRITEBACK_PHASE=01_ATOM
1000
ENTITY_ID=line_0085__seg_01
1000
SOURCE_HANDLE=4CF
1000
LINE_ROLE=cut_line
1000
EDGE=unknown
1000
CHAIN=chain_mryhfhve
1000
PIECE_ID=sleeve_manual_01
1000
SEAM_PAIR=
1000
PAIRED_CHAIN=
1000
NOTCH_CHAIN=
1000
NOTCH_SOURCE=
1000
PIECE_ROLE=sleeve
1000
SEAM_ALLOWANCE_MM=
1000
SOURCE_LAYER=11
0
VERTEX
8
AI4M_01_ATOM_CUT
10
2603.289185
20
124.180002
30
0
0
VERTEX
8
AI4M_01_ATOM_CUT
10
2608.90086
20
125.154439
30
0
0
VERTEX
8
AI4M_01_ATOM_CUT
10
2613.616026
20
126.229717
30
0
0
VERTEX
8
AI4M_01_ATOM_CUT
10
2617.482818
20
127.355874
30
0
0
VERTEX
8
AI4M_01_ATOM_CUT
10
2621.369282
20
128.744411
30
0
0
VERTEX
8
AI4M_01_ATOM_CUT
10
2625.211976
20
130.378057
30
0
0
VERTEX
8
AI4M_01_ATOM_CUT
10
2629.074209
20
132.295469
30
0
0
VERTEX
8
AI4M_01_ATOM_CUT
10
2632.728755
20
134.38354
30
0
0
VERTEX
8
AI4M_01_ATOM_CUT
10
2636.500436
20
136.836595
30
0
0
VERTEX
8
AI4M_01_ATOM_CUT
10
2640.184326
20
139.539162
30
0
0
VERTEX
8
AI4M_01_ATOM_CUT
10
2643.95362
20
142.62994
30
0
0
VERTEX
8
AI4M_01_ATOM_CUT
10
2647.73139
20
146.065619
30
0
0
VERTEX
8
AI4M_01_ATOM_CUT
10
2651.573185
20
149.911372
30
0
0
VERTEX
8
AI4M_01_ATOM_CUT
10
2655.435011
20
154.133451
30
0
0
VERTEX
8
AI4M_01_ATOM_CUT
10
2659.542126
20
159.006444
30
0
0
VERTEX
8
AI4M_01_ATOM_CUT
10
2663.891639
20
164.569949
30
0
0
VERTEX
8
AI4M_01_ATOM_CUT
10
2668.873372
20
171.375942
30
0
0
VERTEX
8
AI4M_01_ATOM_CUT
10
2675.743465
20
181.267965
30
0
0
VERTEX
8
AI4M_01_ATOM_CUT
10
2684.311154
20
193.803859
30
0
0
VERTEX
8
AI4M_01_ATOM_CUT
10
2690.163209
20
202.057343
30
0
0
VERTEX
8
AI4M_01_ATOM_CUT
10
2695.007195
20
208.499783
30
0
0
VERTEX
8
AI4M_01_ATOM_CUT
10
2699.473119
20
214.048272
30
0
0
VERTEX
8
AI4M_01_ATOM_CUT
10
2703.750002
20
218.978108
30
0
0
VERTEX
8
AI4M_01_ATOM_CUT
10
2707.860085
20
223.347599
30
0
0
VERTEX
8
AI4M_01_ATOM_CUT
10
2711.895583
20
227.279409
30
0
0
VERTEX
8
AI4M_01_ATOM_CUT
10
2715.864354
20
230.803669
30
0
0
VERTEX
8
AI4M_01_ATOM_CUT
10
2719.80687
20
233.980392
30
0
0
VERTEX
8
AI4M_01_ATOM_CUT
10
2723.898904
20
236.960938
30
0
0
VERTEX
8
AI4M_01_ATOM_CUT
10
2728.075954
20
239.699692
30
0
0
VERTEX
8
AI4M_01_ATOM_CUT
10
2732.278994
20
242.167911
30
0
0
VERTEX
8
AI4M_01_ATOM_CUT
10
2736.570467
20
244.406758
30
0
0
VERTEX
8
AI4M_01_ATOM_CUT
10
2741.003163
20
246.434235
30
0
0
VERTEX
8
AI4M_01_ATOM_CUT
10
2745.307383
20
248.135099
30
0
0
VERTEX
8
AI4M_01_ATOM_CUT
10
2749.753397
20
249.621028
30
0
0
VERTEX
8
AI4M_01_ATOM_CUT
10
2754.093788
20
250.807614
30
0
0
VERTEX
8
AI4M_01_ATOM_CUT
10
2758.391313
20
251.727156
30
0
0
VERTEX
8
AI4M_01_ATOM_CUT
10
2762.837186
20
252.421933
30
0
0
VERTEX
8
AI4M_01_ATOM_CUT
10
2767.318706
20
252.869773
30
0
0
VERTEX
8
AI4M_01_ATOM_CUT
10
2772.00064
20
253.080186
30
0
0
VERTEX
8
AI4M_01_ATOM_CUT
10
2777.113282
20
253.041196
30
0
0
VERTEX
8
AI4M_01_ATOM_CUT
10
2781.069031
20
252.872467
30
0
0
SEQEND
8
AI4M_01_ATOM_CUT
0
TEXT
8
AI4M_01_ATOM_CUT
10
2603.289185
20
124.180002
30
0
40
2.5
1
AI4M_line_0085__seg_01_cut_line_unknown
1001
AI4MANUFACTURING
1000
WRITEBACK_PHASE=01_ATOM_LABEL
1000
ENTITY_ID=line_0085__seg_01
999
AI4M_ENTITY=line_0086;LINE_ROLE=cut_line;EDGE=unknown;SOURCE_LAYER=11
0
POLYLINE
8
AI4M_01_ATOM_CUT
66
1
70
0
1001
AI4MANUFACTURING
1000
WRITEBACK_PHASE=01_ATOM
1000
ENTITY_ID=line_0086
1000
SOURCE_HANDLE=4FB
1000
LINE_ROLE=cut_line
1000
EDGE=unknown
1000
CHAIN=chain_mryhfhve
1000
PIECE_ID=sleeve_manual_01
1000
SEAM_PAIR=
1000
PAIRED_CHAIN=
1000
NOTCH_CHAIN=
1000
NOTCH_SOURCE=
1000
PIECE_ROLE=sleeve
1000
SEAM_ALLOWANCE_MM=
1000
SOURCE_LAYER=11
0
VERTEX
8
AI4M_01_ATOM_CUT
10
2714.314192
20
226.109292
30
0
0
VERTEX
8
AI4M_01_ATOM_CUT
10
2710.940001
20
229.799121
30
0
0
SEQEND
8
AI4M_01_ATOM_CUT
0
TEXT
8
AI4M_01_ATOM_CUT
10
2714.314192
20
226.109292
30
0
40
2.5
1
AI4M_line_0086_cut_line_unknown
1001
AI4MANUFACTURING
1000
WRITEBACK_PHASE=01_ATOM_LABEL
1000
ENTITY_ID=line_0086
999
AI4M_ENTITY=line_0087;LINE_ROLE=cut_line;EDGE=unknown;SOURCE_LAYER=11
0
POLYLINE
8
AI4M_01_ATOM_CUT
66
1
70
0
1001
AI4MANUFACTURING
1000
WRITEBACK_PHASE=01_ATOM
1000
ENTITY_ID=line_0087
1000
SOURCE_HANDLE=4FC
1000
LINE_ROLE=cut_line
1000
EDGE=unknown
1000
CHAIN=chain_mryhfhve
1000
PIECE_ID=sleeve_manual_01
1000
SEAM_PAIR=
1000
PAIRED_CHAIN=
1000
NOTCH_CHAIN=
1000
NOTCH_SOURCE=
1000
PIECE_ROLE=sleeve
1000
SEAM_ALLOWANCE_MM=
1000
SOURCE_LAYER=11
0
VERTEX
8
AI4M_01_ATOM_CUT
10
2781.168036
20
255.370505
30
0
0
VERTEX
8
AI4M_01_ATOM_CUT
10
2780.970399
20
250.374413
30
0
0
SEQEND
8
AI4M_01_ATOM_CUT
0
TEXT
8
AI4M_01_ATOM_CUT
10
2781.168036
20
255.370505
30
0
40
2.5
1
AI4M_line_0087_cut_line_unknown
1001
AI4MANUFACTURING
1000
WRITEBACK_PHASE=01_ATOM_LABEL
1000
ENTITY_ID=line_0087
999
AI4M_ENTITY=line_0088__seg_01;LINE_ROLE=cut_line;EDGE=unknown;SOURCE_LAYER=11
0
POLYLINE
8
AI4M_01_ATOM_CUT
66
1
70
0
1001
AI4MANUFACTURING
1000
WRITEBACK_PHASE=01_ATOM
1000
ENTITY_ID=line_0088__seg_01
1000
SOURCE_HANDLE=4FD
1000
LINE_ROLE=cut_line
1000
EDGE=unknown
1000
CHAIN=chain_mryhfhve
1000
PIECE_ID=sleeve_manual_01
1000
SEAM_PAIR=
1000
PAIRED_CHAIN=
1000
NOTCH_CHAIN=
1000
NOTCH_SOURCE=
1000
PIECE_ROLE=sleeve
1000
SEAM_ALLOWANCE_MM=
1000
SOURCE_LAYER=11
0
VERTEX
8
AI4M_01_ATOM_CUT
10
2781.069031
20
252.872467
30
0
0
VERTEX
8
AI4M_01_ATOM_CUT
10
2786.349411
20
252.272523
30
0
0
VERTEX
8
AI4M_01_ATOM_CUT
10
2790.758302
20
251.527359
30
0
0
VERTEX
8
AI4M_01_ATOM_CUT
10
2794.500803
20
250.657749
30
0
0
VERTEX
8
AI4M_01_ATOM_CUT
10
2798.133325
20
249.560557
30
0
0
VERTEX
8
AI4M_01_ATOM_CUT
10
2801.799239
20
248.18612
30
0
0
VERTEX
8
AI4M_01_ATOM_CUT
10
2805.402403
20
246.565264
30
0
0
VERTEX
8
AI4M_01_ATOM_CUT
10
2809.128598
20
244.607015
30
0
0
VERTEX
8
AI4M_01_ATOM_CUT
10
2812.781104
20
242.401
30
0
0
VERTEX
8
AI4M_01_ATOM_CUT
10
2816.343187
20
239.958927
30
0
0
VERTEX
8
AI4M_01_ATOM_CUT
10
2819.857086
20
237.246612
30
0
0
VERTEX
8
AI4M_01_ATOM_CUT
10
2823.302697
20
234.268694
30
0
0
VERTEX
8
AI4M_01_ATOM_CUT
10
2826.604081
20
231.089989
30
0
0
VERTEX
8
AI4M_01_ATOM_CUT
10
2829.838908
20
227.630103
30
0
0
VERTEX
8
AI4M_01_ATOM_CUT
10
2832.894223
20
224.005153
30
0
0
VERTEX
8
AI4M_01_ATOM_CUT
10
2835.845257
20
220.120933
30
0
0
VERTEX
8
AI4M_01_ATOM_CUT
10
2838.806095
20
215.795922
30
0
0
VERTEX
8
AI4M_01_ATOM_CUT
10
2841.804547
20
210.962381
30
0
0
VERTEX
8
AI4M_01_ATOM_CUT
10
2845.234146
20
204.916194
30
0
0
VERTEX
8
AI4M_01_ATOM_CUT
10
2850.312758
20
195.311258
30
0
0
VERTEX
8
AI4M_01_ATOM_CUT
10
2857.246481
20
182.000566
30
0
0
VERTEX
8
AI4M_01_ATOM_CUT
10
2861.365989
20
174.533155
30
0
0
VERTEX
8
AI4M_01_ATOM_CUT
10
2864.937231
20
168.532844
30
0
0
VERTEX
8
AI4M_01_ATOM_CUT
10
2868.37237
20
163.227634
30
0
0
VERTEX
8
AI4M_01_ATOM_CUT
10
2871.632633
20
158.624163
30
0
0
VERTEX
8
AI4M_01_ATOM_CUT
10
2874.836463
20
154.510227
30
0
0
VERTEX
8
AI4M_01_ATOM_CUT
10
2878.012734
20
150.821126
30
0
0
VERTEX
8
AI4M_01_ATOM_CUT
10
2881.179055
20
147.508336
30
0
0
VERTEX
8
AI4M_01_ATOM_CUT
10
2884.475391
20
144.419205
30
0
0
VERTEX
8
AI4M_01_ATOM_CUT
10
2887.868165
20
141.578944
30
0
0
VERTEX
8
AI4M_01_ATOM_CUT
10
2891.379323
20
138.958775
30
0
0
VERTEX
8
AI4M_01_ATOM_CUT
10
2894.93772
20
136.603167
30
0
0
VERTEX
8
AI4M_01_ATOM_CUT
10
2898.589018
20
134.474403
30
0
0
VERTEX
8
AI4M_01_ATOM_CUT
10
2902.39252
20
132.540115
30
0
0
VERTEX
8
AI4M_01_ATOM_CUT
10
2906.292795
20
130.830927
30
0
0
VERTEX
8
AI4M_01_ATOM_CUT
10
2910.440391
20
129.290081
30
0
0
VERTEX
8
AI4M_01_ATOM_CUT
10
2914.747732
20
127.961439
30
0
0
VERTEX
8
AI4M_01_ATOM_CUT
10
2919.498632
20
126.766692
30
0
0
VERTEX
8
AI4M_01_ATOM_CUT
10
2924.634255
20
125.737537
30
0
0
VERTEX
8
AI4M_01_ATOM_CUT
10
2930.090972
20
124.904914
30
0
0
VERTEX
8
AI4M_01_ATOM_CUT
10
2936.622009
20
124.180002
30
0
0
SEQEND
8
AI4M_01_ATOM_CUT
0
TEXT
8
AI4M_01_ATOM_CUT
10
2781.069031
20
252.872467
30
0
40
2.5
1
AI4M_line_0088__seg_01_cut_line_unknown
1001
AI4MANUFACTURING
1000
WRITEBACK_PHASE=01_ATOM_LABEL
1000
ENTITY_ID=line_0088__seg_01
999
AI4M_ENTITY=line_0089;LINE_ROLE=cut_line;EDGE=unknown;SOURCE_LAYER=11
0
POLYLINE
8
AI4M_01_ATOM_CUT
66
1
70
0
1001
AI4MANUFACTURING
1000
WRITEBACK_PHASE=01_ATOM
1000
ENTITY_ID=line_0089
1000
SOURCE_HANDLE=529
1000
LINE_ROLE=cut_line
1000
EDGE=unknown
1000
CHAIN=chain_mryhfhve
1000
PIECE_ID=sleeve_manual_01
1000
SEAM_PAIR=
1000
PAIRED_CHAIN=
1000
NOTCH_CHAIN=
1000
NOTCH_SOURCE=
1000
PIECE_ROLE=sleeve
1000
SEAM_ALLOWANCE_MM=
1000
SOURCE_LAYER=11
0
VERTEX
8
AI4M_01_ATOM_CUT
10
2819.397028
20
240.798339
30
0
0
VERTEX
8
AI4M_01_ATOM_CUT
10
2816.356575
20
236.829
30
0
0
SEQEND
8
AI4M_01_ATOM_CUT
0
TEXT
8
AI4M_01_ATOM_CUT
10
2819.397028
20
240.798339
30
0
40
2.5
1
AI4M_line_0089_cut_line_unknown
1001
AI4MANUFACTURING
1000
WRITEBACK_PHASE=01_ATOM_LABEL
1000
ENTITY_ID=line_0089
999
AI4M_ENTITY=line_0090;LINE_ROLE=cut_line;EDGE=unknown;SOURCE_LAYER=11
0
POLYLINE
8
AI4M_01_ATOM_CUT
66
1
70
0
1001
AI4MANUFACTURING
1000
WRITEBACK_PHASE=01_ATOM
1000
ENTITY_ID=line_0090
1000
SOURCE_HANDLE=52A
1000
LINE_ROLE=cut_line
1000
EDGE=unknown
1000
CHAIN=chain_mryhfhve
1000
PIECE_ID=sleeve_manual_01
1000
SEAM_PAIR=
1000
PAIRED_CHAIN=
1000
NOTCH_CHAIN=
1000
NOTCH_SOURCE=
1000
PIECE_ROLE=sleeve
1000
SEAM_ALLOWANCE_MM=
1000
SOURCE_LAYER=11
0
VERTEX
8
AI4M_01_ATOM_CUT
10
2836.031074
20
215.464014
30
0
0
VERTEX
8
AI4M_01_ATOM_CUT
10
2840.192817
20
218.235277
30
0
0
SEQEND
8
AI4M_01_ATOM_CUT
0
TEXT
8
AI4M_01_ATOM_CUT
10
2836.031074
20
215.464014
30
0
40
2.5
1
AI4M_line_0090_cut_line_unknown
1001
AI4MANUFACTURING
1000
WRITEBACK_PHASE=01_ATOM_LABEL
1000
ENTITY_ID=line_0090
999
AI4M_ENTITY=line_0091;LINE_ROLE=cut_line;EDGE=unknown;SOURCE_LAYER=11
0
POLYLINE
8
AI4M_01_ATOM_CUT
66
1
70
0
1001
AI4MANUFACTURING
1000
WRITEBACK_PHASE=01_ATOM
1000
ENTITY_ID=line_0091
1000
SOURCE_HANDLE=52B
1000
LINE_ROLE=cut_line
1000
EDGE=unknown
1000
CHAIN=chain_mryhfhve
1000
PIECE_ID=sleeve_manual_01
1000
SEAM_PAIR=
1000
PAIRED_CHAIN=
1000
NOTCH_CHAIN=
1000
NOTCH_SOURCE=
1000
PIECE_ROLE=sleeve
1000
SEAM_ALLOWANCE_MM=
1000
SOURCE_LAYER=11
0
VERTEX
8
AI4M_01_ATOM_CUT
10
2873.528191
20
152.16903
30
0
0
VERTEX
8
AI4M_01_ATOM_CUT
10
2877.366857
20
155.372879
30
0
0
SEQEND
8
AI4M_01_ATOM_CUT
0
TEXT
8
AI4M_01_ATOM_CUT
10
2873.528191
20
152.16903
30
0
40
2.5
1
AI4M_line_0091_cut_line_unknown
1001
AI4MANUFACTURING
1000
WRITEBACK_PHASE=01_ATOM_LABEL
1000
ENTITY_ID=line_0091
999
AI4M_ENTITY=line_0092;LINE_ROLE=cut_line;EDGE=unknown;SOURCE_LAYER=11
0
POLYLINE
8
AI4M_01_ATOM_CUT
66
1
70
0
1001
AI4MANUFACTURING
1000
WRITEBACK_PHASE=01_ATOM
1000
ENTITY_ID=line_0092
1000
SOURCE_HANDLE=52C
1000
LINE_ROLE=cut_line
1000
EDGE=unknown
1000
CHAIN=chain_mryhfhve
1000
PIECE_ID=sleeve_manual_01
1000
SEAM_PAIR=
1000
PAIRED_CHAIN=
1000
NOTCH_CHAIN=
1000
NOTCH_SOURCE=
1000
PIECE_ROLE=sleeve
1000
SEAM_ALLOWANCE_MM=
1000
SOURCE_LAYER=11
0
VERTEX
8
AI4M_01_ATOM_CUT
10
2936.622009
20
124.180002
30
0
0
VERTEX
8
AI4M_01_ATOM_CUT
10
2934.096069
20
97.935123
30
0
0
SEQEND
8
AI4M_01_ATOM_CUT
0
TEXT
8
AI4M_01_ATOM_CUT
10
2936.622009
20
124.180002
30
0
40
2.5
1
AI4M_line_0092_cut_line_unknown
1001
AI4MANUFACTURING
1000
WRITEBACK_PHASE=01_ATOM_LABEL
1000
ENTITY_ID=line_0092
999
AI4M_ENTITY=line_0093__seg_01;LINE_ROLE=cut_line;EDGE=unknown;SOURCE_LAYER=11
0
POLYLINE
8
AI4M_01_ATOM_CUT
66
1
70
0
1001
AI4MANUFACTURING
1000
WRITEBACK_PHASE=01_ATOM
1000
ENTITY_ID=line_0093__seg_01
1000
SOURCE_HANDLE=531
1000
LINE_ROLE=cut_line
1000
EDGE=unknown
1000
CHAIN=chain_mryhfhve
1000
PIECE_ID=sleeve_manual_01
1000
SEAM_PAIR=
1000
PAIRED_CHAIN=
1000
NOTCH_CHAIN=
1000
NOTCH_SOURCE=
1000
PIECE_ROLE=sleeve
1000
SEAM_ALLOWANCE_MM=
1000
SOURCE_LAYER=11
0
VERTEX
8
AI4M_01_ATOM_CUT
10
2934.096069
20
97.935123
30
0
0
VERTEX
8
AI4M_01_ATOM_CUT
10
2780.774231
20
97.935123
30
0
0
VERTEX
8
AI4M_01_ATOM_CUT
10
2605.812988
20
97.935123
30
0
0
SEQEND
8
AI4M_01_ATOM_CUT
0
TEXT
8
AI4M_01_ATOM_CUT
10
2934.096069
20
97.935123
30
0
40
2.5
1
AI4M_line_0093__seg_01_cut_line_unknown
1001
AI4MANUFACTURING
1000
WRITEBACK_PHASE=01_ATOM_LABEL
1000
ENTITY_ID=line_0093__seg_01
999
AI4M_ENTITY=line_0094__seg_01;LINE_ROLE=cut_line;EDGE=unknown;SOURCE_LAYER=11
0
POLYLINE
8
AI4M_01_ATOM_CUT
66
1
70
0
1001
AI4MANUFACTURING
1000
WRITEBACK_PHASE=01_ATOM
1000
ENTITY_ID=line_0094__seg_01
1000
SOURCE_HANDLE=537
1000
LINE_ROLE=cut_line
1000
EDGE=unknown
1000
CHAIN=chain_mryhfhve
1000
PIECE_ID=sleeve_manual_01
1000
SEAM_PAIR=
1000
PAIRED_CHAIN=
1000
NOTCH_CHAIN=
1000
NOTCH_SOURCE=
1000
PIECE_ROLE=sleeve
1000
SEAM_ALLOWANCE_MM=
1000
SOURCE_LAYER=11
0
VERTEX
8
AI4M_01_ATOM_CUT
10
2781.069031
20
252.872467
30
0
0
VERTEX
8
AI4M_01_ATOM_CUT
10
2781.069031
20
236.835466
30
0
0
VERTEX
8
AI4M_01_ATOM_CUT
10
2781.069031
20
221.069907
30
0
0
VERTEX
8
AI4M_01_ATOM_CUT
10
2781.069031
20
205.804168
30
0
0
VERTEX
8
AI4M_01_ATOM_CUT
10
2781.069031
20
190.046448
30
0
0
VERTEX
8
AI4M_01_ATOM_CUT
10
2781.069031
20
175.007947
30
0
0
VERTEX
8
AI4M_01_ATOM_CUT
10
2781.069031
20
159.969435
30
0
0
VERTEX
8
AI4M_01_ATOM_CUT
10
2781.069031
20
144.930934
30
0
0
VERTEX
8
AI4M_01_ATOM_CUT
10
2781.069031
20
129.288975
30
0
0
VERTEX
8
AI4M_01_ATOM_CUT
10
2781.069031
20
114.013271
30
0
0
VERTEX
8
AI4M_01_ATOM_CUT
10
2781.069031
20
99.445898
30
0
0
VERTEX
8
AI4M_01_ATOM_CUT
10
2781.069031
20
97.935123
30
0
0
SEQEND
8
AI4M_01_ATOM_CUT
0
TEXT
8
AI4M_01_ATOM_CUT
10
2781.069031
20
252.872467
30
0
40
2.5
1
AI4M_line_0094__seg_01_cut_line_unknown
1001
AI4MANUFACTURING
1000
WRITEBACK_PHASE=01_ATOM_LABEL
1000
ENTITY_ID=line_0094__seg_01
999
AI4M_ENTITY=line_0095;LINE_ROLE=cut_line;EDGE=unknown;SOURCE_LAYER=11
0
POLYLINE
8
AI4M_01_ATOM_CUT
66
1
70
0
1001
AI4MANUFACTURING
1000
WRITEBACK_PHASE=01_ATOM
1000
ENTITY_ID=line_0095
1000
SOURCE_HANDLE=546
1000
LINE_ROLE=cut_line
1000
EDGE=unknown
1000
CHAIN=chain_mryhfhve
1000
PIECE_ID=sleeve_manual_01
1000
SEAM_PAIR=
1000
PAIRED_CHAIN=
1000
NOTCH_CHAIN=
1000
NOTCH_SOURCE=
1000
PIECE_ROLE=sleeve
1000
SEAM_ALLOWANCE_MM=
1000
SOURCE_LAYER=11
0
VERTEX
8
AI4M_01_ATOM_CUT
10
2781.192027
20
255.36944
30
0
0
VERTEX
8
AI4M_01_ATOM_CUT
10
2780.946034
20
250.375495
30
0
0
SEQEND
8
AI4M_01_ATOM_CUT
0
TEXT
8
AI4M_01_ATOM_CUT
10
2781.192027
20
255.36944
30
0
40
2.5
1
AI4M_line_0095_cut_line_unknown
1001
AI4MANUFACTURING
1000
WRITEBACK_PHASE=01_ATOM_LABEL
1000
ENTITY_ID=line_0095
999
AI4M_ENTITY=line_0096__seg_01;LINE_ROLE=cut_line;EDGE=unknown;SOURCE_LAYER=11
0
POLYLINE
8
AI4M_01_ATOM_CUT
66
1
70
0
1001
AI4MANUFACTURING
1000
WRITEBACK_PHASE=01_ATOM
1000
ENTITY_ID=line_0096__seg_01
1000
SOURCE_HANDLE=547
1000
LINE_ROLE=cut_line
1000
EDGE=unknown
1000
CHAIN=chain_mryhfhve
1000
PIECE_ID=sleeve_manual_01
1000
SEAM_PAIR=
1000
PAIRED_CHAIN=
1000
NOTCH_CHAIN=
1000
NOTCH_SOURCE=
1000
PIECE_ROLE=sleeve
1000
SEAM_ALLOWANCE_MM=
1000
SOURCE_LAYER=11
0
VERTEX
8
AI4M_01_ATOM_CUT
10
2945.062866
20
77.935128
30
0
0
VERTEX
8
AI4M_01_ATOM_CUT
10
2780.774231
20
77.935128
30
0
0
VERTEX
8
AI4M_01_ATOM_CUT
10
2594.848022
20
77.935128
30
0
0
SEQEND
8
AI4M_01_ATOM_CUT
0
TEXT
8
AI4M_01_ATOM_CUT
10
2945.062866
20
77.935128
30
0
40
2.5
1
AI4M_line_0096__seg_01_cut_line_unknown
1001
AI4MANUFACTURING
1000
WRITEBACK_PHASE=01_ATOM_LABEL
1000
ENTITY_ID=line_0096__seg_01
999
AI4M_ENTITY=line_0097;LINE_ROLE=cut_line;EDGE=unknown;SOURCE_LAYER=11
0
POLYLINE
8
AI4M_01_ATOM_CUT
66
1
70
0
1001
AI4MANUFACTURING
1000
WRITEBACK_PHASE=01_ATOM
1000
ENTITY_ID=line_0097
1000
SOURCE_HANDLE=54D
1000
LINE_ROLE=cut_line
1000
EDGE=unknown
1000
CHAIN=chain_mryhfhve
1000
PIECE_ID=sleeve_manual_01
1000
SEAM_PAIR=
1000
PAIRED_CHAIN=
1000
NOTCH_CHAIN=
1000
NOTCH_SOURCE=
1000
PIECE_ROLE=sleeve
1000
SEAM_ALLOWANCE_MM=
1000
SOURCE_LAYER=11
0
VERTEX
8
AI4M_01_ATOM_CUT
10
2943.137817
20
97.935123
30
0
0
VERTEX
8
AI4M_01_ATOM_CUT
10
2945.062866
20
77.935128
30
0
0
SEQEND
8
AI4M_01_ATOM_CUT
0
TEXT
8
AI4M_01_ATOM_CUT
10
2943.137817
20
97.935123
30
0
40
2.5
1
AI4M_line_0097_cut_line_unknown
1001
AI4MANUFACTURING
1000
WRITEBACK_PHASE=01_ATOM_LABEL
1000
ENTITY_ID=line_0097
999
AI4M_ENTITY=line_0098;LINE_ROLE=cut_line;EDGE=unknown;SOURCE_LAYER=11
0
POLYLINE
8
AI4M_01_ATOM_CUT
66
1
70
0
1001
AI4MANUFACTURING
1000
WRITEBACK_PHASE=01_ATOM
1000
ENTITY_ID=line_0098
1000
SOURCE_HANDLE=552
1000
LINE_ROLE=cut_line
1000
EDGE=unknown
1000
CHAIN=chain_mryhfhve
1000
PIECE_ID=sleeve_manual_01
1000
SEAM_PAIR=
1000
PAIRED_CHAIN=
1000
NOTCH_CHAIN=
1000
NOTCH_SOURCE=
1000
PIECE_ROLE=sleeve
1000
SEAM_ALLOWANCE_MM=
1000
SOURCE_LAYER=11
0
VERTEX
8
AI4M_01_ATOM_CUT
10
2946.398315
20
131.813641
30
0
0
VERTEX
8
AI4M_01_ATOM_CUT
10
2943.137817
20
97.935123
30
0
0
SEQEND
8
AI4M_01_ATOM_CUT
0
TEXT
8
AI4M_01_ATOM_CUT
10
2946.398315
20
131.813641
30
0
40
2.5
1
AI4M_line_0098_cut_line_unknown
1001
AI4MANUFACTURING
1000
WRITEBACK_PHASE=01_ATOM_LABEL
1000
ENTITY_ID=line_0098
999
AI4M_ENTITY=line_0099__seg_01;LINE_ROLE=cut_line;EDGE=unknown;SOURCE_LAYER=11
0
POLYLINE
8
AI4M_01_ATOM_CUT
66
1
70
0
1001
AI4MANUFACTURING
1000
WRITEBACK_PHASE=01_ATOM
1000
ENTITY_ID=line_0099__seg_01
1000
SOURCE_HANDLE=557
1000
LINE_ROLE=cut_line
1000
EDGE=unknown
1000
CHAIN=chain_mryhfhve
1000
PIECE_ID=sleeve_manual_01
1000
SEAM_PAIR=
1000
PAIRED_CHAIN=
1000
NOTCH_CHAIN=
1000
NOTCH_SOURCE=
1000
PIECE_ROLE=sleeve
1000
SEAM_ALLOWANCE_MM=
1000
SOURCE_LAYER=11
0
VERTEX
8
AI4M_01_ATOM_CUT
10
2781.878052
20
261.883526
30
0
0
VERTEX
8
AI4M_01_ATOM_CUT
10
2788.542175
20
260.90992
30
0
0
VERTEX
8
AI4M_01_ATOM_CUT
10
2793.387756
20
260.162315
30
0
0
VERTEX
8
AI4M_01_ATOM_CUT
10
2796.871338
20
259.371357
30
0
0
VERTEX
8
AI4M_01_ATOM_CUT
10
2800.434265
20
258.301048
30
0
0
VERTEX
8
AI4M_01_ATOM_CUT
10
2804.288635
20
256.878128
30
0
0
VERTEX
8
AI4M_01_ATOM_CUT
10
2808.376465
20
255.09922
30
0
0
VERTEX
8
AI4M_01_ATOM_CUT
10
2812.678833
20
252.949219
30
0
0
VERTEX
8
AI4M_01_ATOM_CUT
10
2816.297607
20
250.883026
30
0
0
VERTEX
8
AI4M_01_ATOM_CUT
10
2819.264832
20
248.906498
30
0
0
VERTEX
8
AI4M_01_ATOM_CUT
10
2828.824768
20
241.450748
30
0
0
VERTEX
8
AI4M_01_ATOM_CUT
10
2831.653137
20
238.82122
30
0
0
VERTEX
8
AI4M_01_ATOM_CUT
10
2835.055237
20
235.275898
30
0
0
VERTEX
8
AI4M_01_ATOM_CUT
10
2838.754272
20
231.094303
30
0
0
VERTEX
8
AI4M_01_ATOM_CUT
10
2841.434021
20
227.722359
30
0
0
VERTEX
8
AI4M_01_ATOM_CUT
10
2843.887634
20
224.202175
30
0
0
VERTEX
8
AI4M_01_ATOM_CUT
10
2849.590759
20
215.570908
30
0
0
VERTEX
8
AI4M_01_ATOM_CUT
10
2852.184448
20
211.062946
30
0
0
VERTEX
8
AI4M_01_ATOM_CUT
10
2856.934204
20
202.012939
30
0
0
VERTEX
8
AI4M_01_ATOM_CUT
10
2863.84613
20
188.687725
30
0
0
VERTEX
8
AI4M_01_ATOM_CUT
10
2868.261719
20
180.606956
30
0
0
VERTEX
8
AI4M_01_ATOM_CUT
10
2871.990662
20
174.250031
30
0
0
VERTEX
8
AI4M_01_ATOM_CUT
10
2875.346069
20
168.986149
30
0
0
VERTEX
8
AI4M_01_ATOM_CUT
10
2878.538818
20
164.420891
30
0
0
VERTEX
8
AI4M_01_ATOM_CUT
10
2881.628418
20
160.421715
30
0
0
VERTEX
8
AI4M_01_ATOM_CUT
10
2884.676208
20
156.87068
30
0
0
VERTEX
8
AI4M_01_ATOM_CUT
10
2887.658691
20
153.75823
30
0
0
VERTEX
8
AI4M_01_ATOM_CUT
10
2890.698242
20
150.931492
30
0
0
VERTEX
8
AI4M_01_ATOM_CUT
10
2893.88031
20
148.301601
30
0
0
VERTEX
8
AI4M_01_ATOM_CUT
10
2897.241516
20
145.845413
30
0
0
VERTEX
8
AI4M_01_ATOM_CUT
10
2900.493164
20
143.754644
30
0
0
VERTEX
8
AI4M_01_ATOM_CUT
10
2904.126282
20
141.722822
30
0
0
VERTEX
8
AI4M_01_ATOM_CUT
10
2907.76886
20
139.977484
30
0
0
VERTEX
8
AI4M_01_ATOM_CUT
10
2911.487732
20
138.468351
30
0
0
VERTEX
8
AI4M_01_ATOM_CUT
10
2915.502625
20
137.114973
30
0
0
VERTEX
8
AI4M_01_ATOM_CUT
10
2919.804077
20
135.938921
30
0
0
VERTEX
8
AI4M_01_ATOM_CUT
10
2924.528198
20
134.911385
30
0
0
VERTEX
8
AI4M_01_ATOM_CUT
10
2929.805603
20
134.028683
30
0
0
VERTEX
8
AI4M_01_ATOM_CUT
10
2943.798828
20
132.20644
30
0
0
VERTEX
8
AI4M_01_ATOM_CUT
10
2946.398315
20
131.813641
30
0
0
SEQEND
8
AI4M_01_ATOM_CUT
0
TEXT
8
AI4M_01_ATOM_CUT
10
2781.878052
20
261.883526
30
0
40
2.5
1
AI4M_line_0099__seg_01_cut_line_unknown
1001
AI4MANUFACTURING
1000
WRITEBACK_PHASE=01_ATOM_LABEL
1000
ENTITY_ID=line_0099__seg_01
999
AI4M_ENTITY=line_0100__seg_01;LINE_ROLE=armhole_seam;EDGE=armhole_seam;SOURCE_LAYER=11
0
POLYLINE
8
AI4M_01_ATOM_INTERNAL
66
1
70
0
1001
AI4MANUFACTURING
1000
WRITEBACK_PHASE=01_ATOM
1000
ENTITY_ID=line_0100__seg_01
1000
SOURCE_HANDLE=582
1000
LINE_ROLE=armhole_seam
1000
EDGE=armhole_seam
1000
CHAIN=chain_mryhfhve
1000
PIECE_ID=sleeve_manual_01
1000
SEAM_PAIR=
1000
PAIRED_CHAIN=
1000
NOTCH_CHAIN=
1000
NOTCH_SOURCE=
1000
PIECE_ROLE=sleeve
1000
SEAM_ALLOWANCE_MM=
1000
SOURCE_LAYER=11
0
VERTEX
8
AI4M_01_ATOM_INTERNAL
10
2593.601685
20
130.897074
30
0
0
VERTEX
8
AI4M_01_ATOM_INTERNAL
10
2600.514221
20
132.639751
30
0
0
VERTEX
8
AI4M_01_ATOM_INTERNAL
10
2611.756897
20
135.047359
30
0
0
VERTEX
8
AI4M_01_ATOM_INTERNAL
10
2615.264282
20
136.094151
30
0
0
VERTEX
8
AI4M_01_ATOM_INTERNAL
10
2618.865051
20
137.432814
30
0
0
VERTEX
8
AI4M_01_ATOM_INTERNAL
10
2622.530212
20
139.064636
30
0
0
VERTEX
8
AI4M_01_ATOM_INTERNAL
10
2626.080322
20
140.917568
30
0
0
VERTEX
8
AI4M_01_ATOM_INTERNAL
10
2629.477844
20
142.966843
30
0
0
VERTEX
8
AI4M_01_ATOM_INTERNAL
10
2632.9245
20
145.336657
30
0
0
VERTEX
8
AI4M_01_ATOM_INTERNAL
10
2636.353455
20
147.995205
30
0
0
VERTEX
8
AI4M_01_ATOM_INTERNAL
10
2639.878845
20
151.04701
30
0
0
VERTEX
8
AI4M_01_ATOM_INTERNAL
10
2643.491516
20
154.512081
30
0
0
VERTEX
8
AI4M_01_ATOM_INTERNAL
10
2647.218323
20
158.442621
30
0
0
VERTEX
8
AI4M_01_ATOM_INTERNAL
10
2651.049805
20
162.850037
30
0
0
VERTEX
8
AI4M_01_ATOM_INTERNAL
10
2655.16449
20
167.973671
30
0
0
VERTEX
8
AI4M_01_ATOM_INTERNAL
10
2659.761963
20
174.1185
30
0
0
VERTEX
8
AI4M_01_ATOM_INTERNAL
10
2665.601807
20
182.396889
30
0
0
VERTEX
8
AI4M_01_ATOM_INTERNAL
10
2674.067078
20
194.807873
30
0
0
VERTEX
8
AI4M_01_ATOM_INTERNAL
10
2680.735779
20
204.393806
30
0
0
VERTEX
8
AI4M_01_ATOM_INTERNAL
10
2685.769958
20
211.245956
30
0
0
VERTEX
8
AI4M_01_ATOM_INTERNAL
10
2690.420532
20
217.177277
30
0
0
VERTEX
8
AI4M_01_ATOM_INTERNAL
10
2695.348511
20
223.064518
30
0
0
VERTEX
8
AI4M_01_ATOM_INTERNAL
10
2699.677429
20
227.90144
30
0
0
VERTEX
8
AI4M_01_ATOM_INTERNAL
10
2703.075256
20
231.345768
30
0
0
VERTEX
8
AI4M_01_ATOM_INTERNAL
10
2706.730957
20
234.651413
30
0
0
VERTEX
8
AI4M_01_ATOM_INTERNAL
10
2712.226257
20
239.489136
30
0
0
VERTEX
8
AI4M_01_ATOM_INTERNAL
10
2715.778198
20
242.259865
30
0
0
VERTEX
8
AI4M_01_ATOM_INTERNAL
10
2719.883728
20
245.13155
30
0
0
VERTEX
8
AI4M_01_ATOM_INTERNAL
10
2724.613342
20
248.122139
30
0
0
VERTEX
8
AI4M_01_ATOM_INTERNAL
10
2729.25293
20
250.764446
30
0
0
VERTEX
8
AI4M_01_ATOM_INTERNAL
10
2733.721313
20
253.026257
30
0
0
VERTEX
8
AI4M_01_ATOM_INTERNAL
10
2738.296509
20
255.060062
30
0
0
VERTEX
8
AI4M_01_ATOM_INTERNAL
10
2742.85675
20
256.818905
30
0
0
VERTEX
8
AI4M_01_ATOM_INTERNAL
10
2747.456055
20
258.329659
30
0
0
VERTEX
8
AI4M_01_ATOM_INTERNAL
10
2751.965637
20
259.552517
30
0
0
VERTEX
8
AI4M_01_ATOM_INTERNAL
10
2756.456909
20
260.516911
30
0
0
VERTEX
8
AI4M_01_ATOM_INTERNAL
10
2761.235962
20
261.286964
30
0
0
VERTEX
8
AI4M_01_ATOM_INTERNAL
10
2766.10199
20
261.819248
30
0
0
VERTEX
8
AI4M_01_ATOM_INTERNAL
10
2770.601501
20
262.064877
30
0
0
VERTEX
8
AI4M_01_ATOM_INTERNAL
10
2775.050964
20
262.049408
30
0
0
VERTEX
8
AI4M_01_ATOM_INTERNAL
10
2781.878052
20
261.883526
30
0
0
SEQEND
8
AI4M_01_ATOM_INTERNAL
0
TEXT
8
AI4M_01_ATOM_INTERNAL
10
2593.601685
20
130.897074
30
0
40
2.5
1
AI4M_line_0100__seg_01_armhole_seam_armhole_seam
1001
AI4MANUFACTURING
1000
WRITEBACK_PHASE=01_ATOM_LABEL
1000
ENTITY_ID=line_0100__seg_01
999
AI4M_ENTITY=line_0101;LINE_ROLE=cut_line;EDGE=unknown;SOURCE_LAYER=11
0
POLYLINE
8
AI4M_01_ATOM_CUT
66
1
70
0
1001
AI4MANUFACTURING
1000
WRITEBACK_PHASE=01_ATOM
1000
ENTITY_ID=line_0101
1000
SOURCE_HANDLE=5AE
1000
LINE_ROLE=cut_line
1000
EDGE=unknown
1000
CHAIN=chain_mryhfhve
1000
PIECE_ID=sleeve_manual_01
1000
SEAM_PAIR=
1000
PAIRED_CHAIN=
1000
NOTCH_CHAIN=
1000
NOTCH_SOURCE=
1000
PIECE_ROLE=sleeve
1000
SEAM_ALLOWANCE_MM=
1000
SOURCE_LAYER=11
0
VERTEX
8
AI4M_01_ATOM_CUT
10
2596.771545
20
97.935123
30
0
0
VERTEX
8
AI4M_01_ATOM_CUT
10
2593.601685
20
130.897074
30
0
0
SEQEND
8
AI4M_01_ATOM_CUT
0
TEXT
8
AI4M_01_ATOM_CUT
10
2596.771545
20
97.935123
30
0
40
2.5
1
AI4M_line_0101_cut_line_unknown
1001
AI4MANUFACTURING
1000
WRITEBACK_PHASE=01_ATOM_LABEL
1000
ENTITY_ID=line_0101
999
AI4M_ENTITY=line_0102;LINE_ROLE=cut_line;EDGE=unknown;SOURCE_LAYER=11
0
POLYLINE
8
AI4M_01_ATOM_CUT
66
1
70
0
1001
AI4MANUFACTURING
1000
WRITEBACK_PHASE=01_ATOM
1000
ENTITY_ID=line_0102
1000
SOURCE_HANDLE=5B3
1000
LINE_ROLE=cut_line
1000
EDGE=unknown
1000
CHAIN=chain_mryhfhve
1000
PIECE_ID=sleeve_manual_01
1000
SEAM_PAIR=
1000
PAIRED_CHAIN=
1000
NOTCH_CHAIN=
1000
NOTCH_SOURCE=
1000
PIECE_ROLE=sleeve
1000
SEAM_ALLOWANCE_MM=
1000
SOURCE_LAYER=11
0
VERTEX
8
AI4M_01_ATOM_CUT
10
2594.848022
20
77.935128
30
0
0
VERTEX
8
AI4M_01_ATOM_CUT
10
2596.771545
20
97.935123
30
0
0
SEQEND
8
AI4M_01_ATOM_CUT
0
TEXT
8
AI4M_01_ATOM_CUT
10
2594.848022
20
77.935128
30
0
40
2.5
1
AI4M_line_0102_cut_line_unknown
1001
AI4MANUFACTURING
1000
WRITEBACK_PHASE=01_ATOM_LABEL
1000
ENTITY_ID=line_0102
999
AI4M_ENTITY=line_0103;LINE_ROLE=cut_line;EDGE=unknown;SOURCE_LAYER=11
0
POLYLINE
8
AI4M_01_ATOM_CUT
66
1
70
0
1001
AI4MANUFACTURING
1000
WRITEBACK_PHASE=01_ATOM
1000
ENTITY_ID=line_0103
1000
SOURCE_HANDLE=5B8
1000
LINE_ROLE=cut_line
1000
EDGE=unknown
1000
CHAIN=chain_mryhfhve
1000
PIECE_ID=sleeve_manual_01
1000
SEAM_PAIR=
1000
PAIRED_CHAIN=
1000
NOTCH_CHAIN=
1000
NOTCH_SOURCE=
1000
PIECE_ROLE=sleeve
1000
SEAM_ALLOWANCE_MM=
1000
SOURCE_LAYER=11
0
VERTEX
8
AI4M_01_ATOM_CUT
10
2797.43103
20
162.710228
30
0
0
VERTEX
8
AI4M_01_ATOM_CUT
10
2797.43103
20
114.383488
30
0
0
SEQEND
8
AI4M_01_ATOM_CUT
0
TEXT
8
AI4M_01_ATOM_CUT
10
2797.43103
20
162.710228
30
0
40
2.5
1
AI4M_line_0103_cut_line_unknown
1001
AI4MANUFACTURING
1000
WRITEBACK_PHASE=01_ATOM_LABEL
1000
ENTITY_ID=line_0103
999
AI4M_ENTITY=line_0104;LINE_ROLE=cut_line;EDGE=unknown;SOURCE_LAYER=11
0
POLYLINE
8
AI4M_01_ATOM_CUT
66
1
70
0
1001
AI4MANUFACTURING
1000
WRITEBACK_PHASE=01_ATOM
1000
ENTITY_ID=line_0104
1000
SOURCE_HANDLE=5B9
1000
LINE_ROLE=cut_line
1000
EDGE=unknown
1000
CHAIN=chain_mryhfhve
1000
PIECE_ID=sleeve_manual_01
1000
SEAM_PAIR=
1000
PAIRED_CHAIN=
1000
NOTCH_CHAIN=
1000
NOTCH_SOURCE=
1000
PIECE_ROLE=sleeve
1000
SEAM_ALLOWANCE_MM=
1000
SOURCE_LAYER=11
0
VERTEX
8
AI4M_01_ATOM_CUT
10
2797.43103
20
114.383488
30
0
0
VERTEX
8
AI4M_01_ATOM_CUT
10
2799.066237
20
123.909508
30
0
0
SEQEND
8
AI4M_01_ATOM_CUT
0
TEXT
8
AI4M_01_ATOM_CUT
10
2797.43103
20
114.383488
30
0
40
2.5
1
AI4M_line_0104_cut_line_unknown
1001
AI4MANUFACTURING
1000
WRITEBACK_PHASE=01_ATOM_LABEL
1000
ENTITY_ID=line_0104
999
AI4M_ENTITY=line_0105;LINE_ROLE=cut_line;EDGE=unknown;SOURCE_LAYER=11
0
POLYLINE
8
AI4M_01_ATOM_CUT
66
1
70
0
1001
AI4MANUFACTURING
1000
WRITEBACK_PHASE=01_ATOM
1000
ENTITY_ID=line_0105
1000
SOURCE_HANDLE=5BA
1000
LINE_ROLE=cut_line
1000
EDGE=unknown
1000
CHAIN=chain_mryhfhve
1000
PIECE_ID=sleeve_manual_01
1000
SEAM_PAIR=
1000
PAIRED_CHAIN=
1000
NOTCH_CHAIN=
1000
NOTCH_SOURCE=
1000
PIECE_ROLE=sleeve
1000
SEAM_ALLOWANCE_MM=
1000
SOURCE_LAYER=11
0
VERTEX
8
AI4M_01_ATOM_CUT
10
2797.43103
20
114.383488
30
0
0
VERTEX
8
AI4M_01_ATOM_CUT
10
2797.43103
20
114.383488
30
0
0
SEQEND
8
AI4M_01_ATOM_CUT
0
TEXT
8
AI4M_01_ATOM_CUT
10
2797.43103
20
114.383488
30
0
40
2.5
1
AI4M_line_0105_cut_line_unknown
1001
AI4MANUFACTURING
1000
WRITEBACK_PHASE=01_ATOM_LABEL
1000
ENTITY_ID=line_0105
999
AI4M_ENTITY=line_0178;LINE_ROLE=cut_line;EDGE=unknown;SOURCE_LAYER=11
0
POLYLINE
8
AI4M_01_ATOM_CUT
66
1
70
0
1001
AI4MANUFACTURING
1000
WRITEBACK_PHASE=01_ATOM
1000
ENTITY_ID=line_0178
1000
SOURCE_HANDLE=97D
1000
LINE_ROLE=cut_line
1000
EDGE=unknown
1000
CHAIN=chain_mryhfhve
1000
PIECE_ID=sleeve_manual_01
1000
SEAM_PAIR=
1000
PAIRED_CHAIN=
1000
NOTCH_CHAIN=
1000
NOTCH_SOURCE=
1000
PIECE_ROLE=sleeve
1000
SEAM_ALLOWANCE_MM=
1000
SOURCE_LAYER=11
0
VERTEX
8
AI4M_01_ATOM_CUT
10
2579.479675
20
77.935128
30
0
0
VERTEX
8
AI4M_01_ATOM_CUT
10
2577.556152
20
97.935123
30
0
0
SEQEND
8
AI4M_01_ATOM_CUT
0
TEXT
8
AI4M_01_ATOM_CUT
10
2579.479675
20
77.935128
30
0
40
2.5
1
AI4M_line_0178_cut_line_unknown
1001
AI4MANUFACTURING
1000
WRITEBACK_PHASE=01_ATOM_LABEL
1000
ENTITY_ID=line_0178
999
AI4M_ENTITY=line_0179;LINE_ROLE=sleeve_underarm_seam;EDGE=sleeve_underarm_seam;SOURCE_LAYER=11
0
POLYLINE
8
AI4M_01_ATOM_INTERNAL
66
1
70
0
1001
AI4MANUFACTURING
1000
WRITEBACK_PHASE=01_ATOM
1000
ENTITY_ID=line_0179
1000
SOURCE_HANDLE=982
1000
LINE_ROLE=sleeve_underarm_seam
1000
EDGE=sleeve_underarm_seam
1000
CHAIN=chain_mryhfhve
1000
PIECE_ID=sleeve_manual_01
1000
SEAM_PAIR=
1000
PAIRED_CHAIN=
1000
NOTCH_CHAIN=
1000
NOTCH_SOURCE=
1000
PIECE_ROLE=sleeve
1000
SEAM_ALLOWANCE_MM=
1000
SOURCE_LAYER=11
0
VERTEX
8
AI4M_01_ATOM_INTERNAL
10
2577.556152
20
97.935123
30
0
0
VERTEX
8
AI4M_01_ATOM_INTERNAL
10
2580.726013
20
130.897074
30
0
0
SEQEND
8
AI4M_01_ATOM_INTERNAL
0
TEXT
8
AI4M_01_ATOM_INTERNAL
10
2577.556152
20
97.935123
30
0
40
2.5
1
AI4M_line_0179_sleeve_underarm_seam_sleeve_underarm_seam
1001
AI4MANUFACTURING
1000
WRITEBACK_PHASE=01_ATOM_LABEL
1000
ENTITY_ID=line_0179
999
AI4M_ENTITY=line_0180__seg_01;LINE_ROLE=armhole_seam;EDGE=armhole_seam;SOURCE_LAYER=11
0
POLYLINE
8
AI4M_01_ATOM_INTERNAL
66
1
70
0
1001
AI4MANUFACTURING
1000
WRITEBACK_PHASE=01_ATOM
1000
ENTITY_ID=line_0180__seg_01
1000
SOURCE_HANDLE=987
1000
LINE_ROLE=armhole_seam
1000
EDGE=armhole_seam
1000
CHAIN=chain_mryhfhve
1000
PIECE_ID=sleeve_manual_01
1000
SEAM_PAIR=
1000
PAIRED_CHAIN=
1000
NOTCH_CHAIN=
1000
NOTCH_SOURCE=
1000
PIECE_ROLE=sleeve
1000
SEAM_ALLOWANCE_MM=
1000
SOURCE_LAYER=11
0
VERTEX
8
AI4M_01_ATOM_INTERNAL
10
2580.726013
20
130.897074
30
0
0
VERTEX
8
AI4M_01_ATOM_INTERNAL
10
2573.81343
20
132.639779
30
0
0
VERTEX
8
AI4M_01_ATOM_INTERNAL
10
2562.57075
20
135.047354
30
0
0
VERTEX
8
AI4M_01_ATOM_INTERNAL
10
2559.063331
20
136.09419
30
0
0
VERTEX
8
AI4M_01_ATOM_INTERNAL
10
2555.46273
20
137.432869
30
0
0
VERTEX
8
AI4M_01_ATOM_INTERNAL
10
2551.797763
20
139.064669
30
0
0
VERTEX
8
AI4M_01_ATOM_INTERNAL
10
2548.247545
20
140.917616
30
0
0
VERTEX
8
AI4M_01_ATOM_INTERNAL
10
2544.849834
20
142.966929
30
0
0
VERTEX
8
AI4M_01_ATOM_INTERNAL
10
2541.403305
20
145.336685
30
0
0
VERTEX
8
AI4M_01_ATOM_INTERNAL
10
2537.974233
20
147.995224
30
0
0
VERTEX
8
AI4M_01_ATOM_INTERNAL
10
2534.448835
20
151.047144
30
0
0
VERTEX
8
AI4M_01_ATOM_INTERNAL
10
2530.836075
20
154.512214
30
0
0
VERTEX
8
AI4M_01_ATOM_INTERNAL
10
2527.109218
20
158.442757
30
0
0
VERTEX
8
AI4M_01_ATOM_INTERNAL
10
2523.277809
20
162.850166
30
0
0
VERTEX
8
AI4M_01_ATOM_INTERNAL
10
2519.1632
20
167.973724
30
0
0
VERTEX
8
AI4M_01_ATOM_INTERNAL
10
2514.565708
20
174.118563
30
0
0
VERTEX
8
AI4M_01_ATOM_INTERNAL
10
2508.725834
20
182.397019
30
0
0
VERTEX
8
AI4M_01_ATOM_INTERNAL
10
2500.260686
20
194.807971
30
0
0
VERTEX
8
AI4M_01_ATOM_INTERNAL
10
2493.591855
20
204.393879
30
0
0
VERTEX
8
AI4M_01_ATOM_INTERNAL
10
2488.557933
20
211.246016
30
0
0
VERTEX
8
AI4M_01_ATOM_INTERNAL
10
2483.907098
20
217.177372
30
0
0
VERTEX
8
AI4M_01_ATOM_INTERNAL
10
2478.979344
20
223.064617
30
0
0
VERTEX
8
AI4M_01_ATOM_INTERNAL
10
2474.650281
20
227.901568
30
0
0
VERTEX
8
AI4M_01_ATOM_INTERNAL
10
2471.252592
20
231.345908
30
0
0
VERTEX
8
AI4M_01_ATOM_INTERNAL
10
2467.596745
20
234.651467
30
0
0
VERTEX
8
AI4M_01_ATOM_INTERNAL
10
2462.101488
20
239.489245
30
0
0
VERTEX
8
AI4M_01_ATOM_INTERNAL
10
2458.549602
20
242.259971
30
0
0
VERTEX
8
AI4M_01_ATOM_INTERNAL
10
2454.443943
20
245.131657
30
0
0
VERTEX
8
AI4M_01_ATOM_INTERNAL
10
2449.714169
20
248.122207
30
0
0
VERTEX
8
AI4M_01_ATOM_INTERNAL
10
2445.074621
20
250.764502
30
0
0
VERTEX
8
AI4M_01_ATOM_INTERNAL
10
2440.60643
20
253.026295
30
0
0
VERTEX
8
AI4M_01_ATOM_INTERNAL
10
2436.031246
20
255.06009
30
0
0
VERTEX
8
AI4M_01_ATOM_INTERNAL
10
2431.470945
20
256.818986
30
0
0
VERTEX
8
AI4M_01_ATOM_INTERNAL
10
2426.871652
20
258.329717
30
0
0
VERTEX
8
AI4M_01_ATOM_INTERNAL
10
2422.361987
20
259.552558
30
0
0
VERTEX
8
AI4M_01_ATOM_INTERNAL
10
2417.870943
20
260.516922
30
0
0
VERTEX
8
AI4M_01_ATOM_INTERNAL
10
2413.091893
20
261.286963
30
0
0
VERTEX
8
AI4M_01_ATOM_INTERNAL
10
2408.225629
20
261.819257
30
0
0
VERTEX
8
AI4M_01_ATOM_INTERNAL
10
2403.726028
20
262.064873
30
0
0
VERTEX
8
AI4M_01_ATOM_INTERNAL
10
2399.276495
20
262.049403
30
0
0
VERTEX
8
AI4M_01_ATOM_INTERNAL
10
2392.449799
20
261.883526
30
0
0
SEQEND
8
AI4M_01_ATOM_INTERNAL
0
TEXT
8
AI4M_01_ATOM_INTERNAL
10
2580.726013
20
130.897074
30
0
40
2.5
1
AI4M_line_0180__seg_01_armhole_seam_armhole_seam
1001
AI4MANUFACTURING
1000
WRITEBACK_PHASE=01_ATOM_LABEL
1000
ENTITY_ID=line_0180__seg_01
999
AI4M_ENTITY=line_0181;LINE_ROLE=cut_line;EDGE=unknown;SOURCE_LAYER=11
0
POLYLINE
8
AI4M_01_ATOM_CUT
66
1
70
0
1001
AI4MANUFACTURING
1000
WRITEBACK_PHASE=01_ATOM
1000
ENTITY_ID=line_0181
1000
SOURCE_HANDLE=9B3
1000
LINE_ROLE=cut_line
1000
EDGE=unknown
1000
CHAIN=chain_mryhfhve
1000
PIECE_ID=sleeve_manual_01
1000
SEAM_PAIR=
1000
PAIRED_CHAIN=
1000
NOTCH_CHAIN=
1000
NOTCH_SOURCE=
1000
PIECE_ROLE=sleeve
1000
SEAM_ALLOWANCE_MM=
1000
SOURCE_LAYER=11
0
VERTEX
8
AI4M_01_ATOM_CUT
10
2466.063666
20
232.669492
30
0
0
VERTEX
8
AI4M_01_ATOM_CUT
10
2469.381921
20
236.409704
30
0
0
SEQEND
8
AI4M_01_ATOM_CUT
0
TEXT
8
AI4M_01_ATOM_CUT
10
2466.063666
20
232.669492
30
0
40
2.5
1
AI4M_line_0181_cut_line_unknown
1001
AI4MANUFACTURING
1000
WRITEBACK_PHASE=01_ATOM_LABEL
1000
ENTITY_ID=line_0181
999
AI4M_ENTITY=line_0182;LINE_ROLE=cut_line;EDGE=unknown;SOURCE_LAYER=11
0
POLYLINE
8
AI4M_01_ATOM_CUT
66
1
70
0
1001
AI4MANUFACTURING
1000
WRITEBACK_PHASE=01_ATOM
1000
ENTITY_ID=line_0182
1000
SOURCE_HANDLE=9B4
1000
LINE_ROLE=cut_line
1000
EDGE=unknown
1000
CHAIN=chain_mryhfhve
1000
PIECE_ID=sleeve_manual_01
1000
SEAM_PAIR=
1000
PAIRED_CHAIN=
1000
NOTCH_CHAIN=
1000
NOTCH_SOURCE=
1000
PIECE_ROLE=sleeve
1000
SEAM_ALLOWANCE_MM=
1000
SOURCE_LAYER=11
0
VERTEX
8
AI4M_01_ATOM_CUT
10
2393.149013
20
259.394993
30
0
0
VERTEX
8
AI4M_01_ATOM_CUT
10
2393.064383
20
264.394277
30
0
0
SEQEND
8
AI4M_01_ATOM_CUT
0
TEXT
8
AI4M_01_ATOM_CUT
10
2393.149013
20
259.394993
30
0
40
2.5
1
AI4M_line_0182_cut_line_unknown
1001
AI4MANUFACTURING
1000
WRITEBACK_PHASE=01_ATOM_LABEL
1000
ENTITY_ID=line_0182
999
AI4M_ENTITY=line_0183__seg_01;LINE_ROLE=cut_line;EDGE=unknown;SOURCE_LAYER=11
0
POLYLINE
8
AI4M_01_ATOM_CUT
66
1
70
0
1001
AI4MANUFACTURING
1000
WRITEBACK_PHASE=01_ATOM
1000
ENTITY_ID=line_0183__seg_01
1000
SOURCE_HANDLE=9B5
1000
LINE_ROLE=cut_line
1000
EDGE=unknown
1000
CHAIN=chain_mryhfhve
1000
PIECE_ID=sleeve_manual_01
1000
SEAM_PAIR=
1000
PAIRED_CHAIN=
1000
NOTCH_CHAIN=
1000
NOTCH_SOURCE=
1000
PIECE_ROLE=sleeve
1000
SEAM_ALLOWANCE_MM=
1000
SOURCE_LAYER=11
0
VERTEX
8
AI4M_01_ATOM_CUT
10
2392.449799
20
261.883526
30
0
0
VERTEX
8
AI4M_01_ATOM_CUT
10
2385.785722
20
260.909926
30
0
0
VERTEX
8
AI4M_01_ATOM_CUT
10
2380.940094
20
260.162332
30
0
0
VERTEX
8
AI4M_01_ATOM_CUT
10
2377.45642
20
259.371353
30
0
0
VERTEX
8
AI4M_01_ATOM_CUT
10
2373.893746
20
258.301051
30
0
0
VERTEX
8
AI4M_01_ATOM_CUT
10
2370.039115
20
256.8781
30
0
0
VERTEX
8
AI4M_01_ATOM_CUT
10
2365.951425
20
255.099187
30
0
0
VERTEX
8
AI4M_01_ATOM_CUT
10
2361.6489
20
252.9492
30
0
0
VERTEX
8
AI4M_01_ATOM_CUT
10
2358.030112
20
250.882995
30
0
0
VERTEX
8
AI4M_01_ATOM_CUT
10
2355.063083
20
248.906463
30
0
0
VERTEX
8
AI4M_01_ATOM_CUT
10
2345.503217
20
241.450801
30
0
0
VERTEX
8
AI4M_01_ATOM_CUT
10
2342.67481
20
238.821271
30
0
0
VERTEX
8
AI4M_01_ATOM_CUT
10
2339.272564
20
235.275954
30
0
0
VERTEX
8
AI4M_01_ATOM_CUT
10
2335.573733
20
231.094262
30
0
0
VERTEX
8
AI4M_01_ATOM_CUT
10
2332.893776
20
227.722327
30
0
0
VERTEX
8
AI4M_01_ATOM_CUT
10
2330.440299
20
224.202153
30
0
0
VERTEX
8
AI4M_01_ATOM_CUT
10
2324.736983
20
215.570898
30
0
0
VERTEX
8
AI4M_01_ATOM_CUT
10
2322.143479
20
211.062948
30
0
0
VERTEX
8
AI4M_01_ATOM_CUT
10
2317.393572
20
202.012957
30
0
0
VERTEX
8
AI4M_01_ATOM_CUT
10
2310.48185
20
188.687756
30
0
0
VERTEX
8
AI4M_01_ATOM_CUT
10
2306.06609
20
180.606991
30
0
0
VERTEX
8
AI4M_01_ATOM_CUT
10
2302.337403
20
174.249997
30
0
0
VERTEX
8
AI4M_01_ATOM_CUT
10
2298.981734
20
168.98611
30
0
0
VERTEX
8
AI4M_01_ATOM_CUT
10
2295.789204
20
164.420934
30
0
0
VERTEX
8
AI4M_01_ATOM_CUT
10
2292.699529
20
160.421743
30
0
0
VERTEX
8
AI4M_01_ATOM_CUT
10
2289.651555
20
156.870637
30
0
0
VERTEX
8
AI4M_01_ATOM_CUT
10
2286.669174
20
153.758196
30
0
0
VERTEX
8
AI4M_01_ATOM_CUT
10
2283.629692
20
150.931511
30
0
0
VERTEX
8
AI4M_01_ATOM_CUT
10
2280.447629
20
148.301593
30
0
0
VERTEX
8
AI4M_01_ATOM_CUT
10
2277.086465
20
145.845414
30
0
0
VERTEX
8
AI4M_01_ATOM_CUT
10
2273.834689
20
143.754657
30
0
0
VERTEX
8
AI4M_01_ATOM_CUT
10
2270.201569
20
141.722829
30
0
0
VERTEX
8
AI4M_01_ATOM_CUT
10
2266.55899
20
139.977446
30
0
0
VERTEX
8
AI4M_01_ATOM_CUT
10
2262.840016
20
138.468313
30
0
0
VERTEX
8
AI4M_01_ATOM_CUT
10
2258.825197
20
137.114989
30
0
0
VERTEX
8
AI4M_01_ATOM_CUT
10
2254.523846
20
135.93893
30
0
0
VERTEX
8
AI4M_01_ATOM_CUT
10
2249.799624
20
134.911381
30
0
0
VERTEX
8
AI4M_01_ATOM_CUT
10
2244.522232
20
134.028679
30
0
0
VERTEX
8
AI4M_01_ATOM_CUT
10
2230.529106
20
132.206432
30
0
0
VERTEX
8
AI4M_01_ATOM_CUT
10
2227.929535
20
131.813641
30
0
0
SEQEND
8
AI4M_01_ATOM_CUT
0
TEXT
8
AI4M_01_ATOM_CUT
10
2392.449799
20
261.883526
30
0
40
2.5
1
AI4M_line_0183__seg_01_cut_line_unknown
1001
AI4MANUFACTURING
1000
WRITEBACK_PHASE=01_ATOM_LABEL
1000
ENTITY_ID=line_0183__seg_01
999
AI4M_ENTITY=line_0184;LINE_ROLE=cut_line;EDGE=unknown;SOURCE_LAYER=11
0
POLYLINE
8
AI4M_01_ATOM_CUT
66
1
70
0
1001
AI4MANUFACTURING
1000
WRITEBACK_PHASE=01_ATOM
1000
ENTITY_ID=line_0184
1000
SOURCE_HANDLE=9E0
1000
LINE_ROLE=cut_line
1000
EDGE=unknown
1000
CHAIN=chain_mryhfhve
1000
PIECE_ID=sleeve_manual_01
1000
SEAM_PAIR=
1000
PAIRED_CHAIN=
1000
NOTCH_CHAIN=
1000
NOTCH_SOURCE=
1000
PIECE_ROLE=sleeve
1000
SEAM_ALLOWANCE_MM=
1000
SOURCE_LAYER=11
0
VERTEX
8
AI4M_01_ATOM_CUT
10
2352.577504
20
243.830634
30
0
0
VERTEX
8
AI4M_01_ATOM_CUT
10
2349.521251
20
247.78782
30
0
0
SEQEND
8
AI4M_01_ATOM_CUT
0
TEXT
8
AI4M_01_ATOM_CUT
10
2352.577504
20
243.830634
30
0
40
2.5
1
AI4M_line_0184_cut_line_unknown
1001
AI4MANUFACTURING
1000
WRITEBACK_PHASE=01_ATOM_LABEL
1000
ENTITY_ID=line_0184
999
AI4M_ENTITY=line_0185;LINE_ROLE=cut_line;EDGE=unknown;SOURCE_LAYER=11
0
POLYLINE
8
AI4M_01_ATOM_CUT
66
1
70
0
1001
AI4MANUFACTURING
1000
WRITEBACK_PHASE=01_ATOM
1000
ENTITY_ID=line_0185
1000
SOURCE_HANDLE=9E1
1000
LINE_ROLE=cut_line
1000
EDGE=unknown
1000
CHAIN=chain_mryhfhve
1000
PIECE_ID=sleeve_manual_01
1000
SEAM_PAIR=
1000
PAIRED_CHAIN=
1000
NOTCH_CHAIN=
1000
NOTCH_SOURCE=
1000
PIECE_ROLE=sleeve
1000
SEAM_ALLOWANCE_MM=
1000
SOURCE_LAYER=11
0
VERTEX
8
AI4M_01_ATOM_CUT
10
2330.897569
20
220.372812
30
0
0
VERTEX
8
AI4M_01_ATOM_CUT
10
2326.752455
20
223.168887
30
0
0
SEQEND
8
AI4M_01_ATOM_CUT
0
TEXT
8
AI4M_01_ATOM_CUT
10
2330.897569
20
220.372812
30
0
40
2.5
1
AI4M_line_0185_cut_line_unknown
1001
AI4MANUFACTURING
1000
WRITEBACK_PHASE=01_ATOM_LABEL
1000
ENTITY_ID=line_0185
999
AI4M_ENTITY=line_0186;LINE_ROLE=cut_line;EDGE=unknown;SOURCE_LAYER=11
0
POLYLINE
8
AI4M_01_ATOM_CUT
66
1
70
0
1001
AI4MANUFACTURING
1000
WRITEBACK_PHASE=01_ATOM
1000
ENTITY_ID=line_0186
1000
SOURCE_HANDLE=9E2
1000
LINE_ROLE=cut_line
1000
EDGE=unknown
1000
CHAIN=chain_mryhfhve
1000
PIECE_ID=sleeve_manual_01
1000
SEAM_PAIR=
1000
PAIRED_CHAIN=
1000
NOTCH_CHAIN=
1000
NOTCH_SOURCE=
1000
PIECE_ROLE=sleeve
1000
SEAM_ALLOWANCE_MM=
1000
SOURCE_LAYER=11
0
VERTEX
8
AI4M_01_ATOM_CUT
10
2293.809218
20
157.843606
30
0
0
VERTEX
8
AI4M_01_ATOM_CUT
10
2290.13345
20
161.233108
30
0
0
SEQEND
8
AI4M_01_ATOM_CUT
0
TEXT
8
AI4M_01_ATOM_CUT
10
2293.809218
20
157.843606
30
0
40
2.5
1
AI4M_line_0186_cut_line_unknown
1001
AI4MANUFACTURING
1000
WRITEBACK_PHASE=01_ATOM_LABEL
1000
ENTITY_ID=line_0186
999
AI4M_ENTITY=line_0187;LINE_ROLE=sleeve_underarm_seam;EDGE=sleeve_underarm_seam;SOURCE_LAYER=11
0
POLYLINE
8
AI4M_01_ATOM_INTERNAL
66
1
70
0
1001
AI4MANUFACTURING
1000
WRITEBACK_PHASE=01_ATOM
1000
ENTITY_ID=line_0187
1000
SOURCE_HANDLE=9E3
1000
LINE_ROLE=sleeve_underarm_seam
1000
EDGE=sleeve_underarm_seam
1000
CHAIN=chain_mryhfhve
1000
PIECE_ID=sleeve_manual_01
1000
SEAM_PAIR=
1000
PAIRED_CHAIN=
1000
NOTCH_CHAIN=
1000
NOTCH_SOURCE=
1000
PIECE_ROLE=sleeve
1000
SEAM_ALLOWANCE_MM=
1000
SOURCE_LAYER=11
0
VERTEX
8
AI4M_01_ATOM_INTERNAL
10
2227.929535
20
131.813641
30
0
0
VERTEX
8
AI4M_01_ATOM_INTERNAL
10
2231.190033
20
97.935123
30
0
0
SEQEND
8
AI4M_01_ATOM_INTERNAL
0
TEXT
8
AI4M_01_ATOM_INTERNAL
10
2227.929535
20
131.813641
30
0
40
2.5
1
AI4M_line_0187_sleeve_underarm_seam_sleeve_underarm_seam
1001
AI4MANUFACTURING
1000
WRITEBACK_PHASE=01_ATOM_LABEL
1000
ENTITY_ID=line_0187
999
AI4M_ENTITY=line_0188;LINE_ROLE=sleeve_underarm_seam;EDGE=sleeve_underarm_seam;SOURCE_LAYER=11
0
POLYLINE
8
AI4M_01_ATOM_INTERNAL
66
1
70
0
1001
AI4MANUFACTURING
1000
WRITEBACK_PHASE=01_ATOM
1000
ENTITY_ID=line_0188
1000
SOURCE_HANDLE=9E8
1000
LINE_ROLE=sleeve_underarm_seam
1000
EDGE=sleeve_underarm_seam
1000
CHAIN=chain_mryhfhve
1000
PIECE_ID=sleeve_manual_01
1000
SEAM_PAIR=
1000
PAIRED_CHAIN=
1000
NOTCH_CHAIN=
1000
NOTCH_SOURCE=
1000
PIECE_ROLE=sleeve
1000
SEAM_ALLOWANCE_MM=
1000
SOURCE_LAYER=11
0
VERTEX
8
AI4M_01_ATOM_INTERNAL
10
2231.190033
20
97.935123
30
0
0
VERTEX
8
AI4M_01_ATOM_INTERNAL
10
2229.264984
20
77.935128
30
0
0
SEQEND
8
AI4M_01_ATOM_INTERNAL
0
TEXT
8
AI4M_01_ATOM_INTERNAL
10
2231.190033
20
97.935123
30
0
40
2.5
1
AI4M_line_0188_sleeve_underarm_seam_sleeve_underarm_seam
1001
AI4MANUFACTURING
1000
WRITEBACK_PHASE=01_ATOM_LABEL
1000
ENTITY_ID=line_0188
999
AI4M_ENTITY=line_0189__seg_01;LINE_ROLE=sleeve_hem;EDGE=sleeve_hem;SOURCE_LAYER=11
0
POLYLINE
8
AI4M_01_ATOM_INTERNAL
66
1
70
0
1001
AI4MANUFACTURING
1000
WRITEBACK_PHASE=01_ATOM
1000
ENTITY_ID=line_0189__seg_01
1000
SOURCE_HANDLE=9ED
1000
LINE_ROLE=sleeve_hem
1000
EDGE=sleeve_hem
1000
CHAIN=chain_mryhfhve
1000
PIECE_ID=sleeve_manual_01
1000
SEAM_PAIR=
1000
PAIRED_CHAIN=
1000
NOTCH_CHAIN=
1000
NOTCH_SOURCE=
1000
PIECE_ROLE=sleeve
1000
SEAM_ALLOWANCE_MM=
1000
SOURCE_LAYER=11
0
VERTEX
8
AI4M_01_ATOM_INTERNAL
10
2229.264984
20
77.935128
30
0
0
VERTEX
8
AI4M_01_ATOM_INTERNAL
10
2393.553619
20
77.935128
30
0
0
VERTEX
8
AI4M_01_ATOM_INTERNAL
10
2579.479675
20
77.935128
30
0
0
SEQEND
8
AI4M_01_ATOM_INTERNAL
0
TEXT
8
AI4M_01_ATOM_INTERNAL
10
2229.264984
20
77.935128
30
0
40
2.5
1
AI4M_line_0189__seg_01_sleeve_hem_sleeve_hem
1001
AI4MANUFACTURING
1000
WRITEBACK_PHASE=01_ATOM_LABEL
1000
ENTITY_ID=line_0189__seg_01
999
AI4M_ENTITY=line_0190;LINE_ROLE=cut_line;EDGE=unknown;SOURCE_LAYER=11
0
POLYLINE
8
AI4M_01_ATOM_CUT
66
1
70
0
1001
AI4MANUFACTURING
1000
WRITEBACK_PHASE=01_ATOM
1000
ENTITY_ID=line_0190
1000
SOURCE_HANDLE=9F3
1000
LINE_ROLE=cut_line
1000
EDGE=unknown
1000
CHAIN=chain_mryhfhve
1000
PIECE_ID=sleeve_manual_01
1000
SEAM_PAIR=
1000
PAIRED_CHAIN=
1000
NOTCH_CHAIN=
1000
NOTCH_SOURCE=
1000
PIECE_ROLE=sleeve
1000
SEAM_ALLOWANCE_MM=
1000
SOURCE_LAYER=11
0
VERTEX
8
AI4M_01_ATOM_CUT
10
2568.514709
20
97.935123
30
0
0
VERTEX
8
AI4M_01_ATOM_CUT
10
2571.038513
20
124.180002
30
0
0
SEQEND
8
AI4M_01_ATOM_CUT
0
TEXT
8
AI4M_01_ATOM_CUT
10
2568.514709
20
97.935123
30
0
40
2.5
1
AI4M_line_0190_cut_line_unknown
1001
AI4MANUFACTURING
1000
WRITEBACK_PHASE=01_ATOM_LABEL
1000
ENTITY_ID=line_0190
999
AI4M_ENTITY=line_0191__seg_01;LINE_ROLE=cut_line;EDGE=unknown;SOURCE_LAYER=11
0
POLYLINE
8
AI4M_01_ATOM_CUT
66
1
70
0
1001
AI4MANUFACTURING
1000
WRITEBACK_PHASE=01_ATOM
1000
ENTITY_ID=line_0191__seg_01
1000
SOURCE_HANDLE=9F8
1000
LINE_ROLE=cut_line
1000
EDGE=unknown
1000
CHAIN=chain_mryhfhve
1000
PIECE_ID=sleeve_manual_01
1000
SEAM_PAIR=
1000
PAIRED_CHAIN=
1000
NOTCH_CHAIN=
1000
NOTCH_SOURCE=
1000
PIECE_ROLE=sleeve
1000
SEAM_ALLOWANCE_MM=
1000
SOURCE_LAYER=11
0
VERTEX
8
AI4M_01_ATOM_CUT
10
2571.038513
20
124.180002
30
0
0
VERTEX
8
AI4M_01_ATOM_CUT
10
2565.426837
20
125.154442
30
0
0
VERTEX
8
AI4M_01_ATOM_CUT
10
2560.711685
20
126.229723
30
0
0
VERTEX
8
AI4M_01_ATOM_CUT
10
2556.845064
20
127.355838
30
0
0
VERTEX
8
AI4M_01_ATOM_CUT
10
2552.95863
20
128.744372
30
0
0
VERTEX
8
AI4M_01_ATOM_CUT
10
2549.115827
20
130.378074
30
0
0
VERTEX
8
AI4M_01_ATOM_CUT
10
2545.253593
20
132.295495
30
0
0
VERTEX
8
AI4M_01_ATOM_CUT
10
2541.599126
20
134.383521
30
0
0
VERTEX
8
AI4M_01_ATOM_CUT
10
2537.827445
20
136.836574
30
0
0
VERTEX
8
AI4M_01_ATOM_CUT
10
2534.143591
20
139.53911
30
0
0
VERTEX
8
AI4M_01_ATOM_CUT
10
2530.374298
20
142.629881
30
0
0
VERTEX
8
AI4M_01_ATOM_CUT
10
2526.59656
20
146.065524
30
0
0
VERTEX
8
AI4M_01_ATOM_CUT
10
2522.754763
20
149.911269
30
0
0
VERTEX
8
AI4M_01_ATOM_CUT
10
2518.89293
20
154.133348
30
0
0
VERTEX
8
AI4M_01_ATOM_CUT
10
2514.785817
20
159.00633
30
0
0
VERTEX
8
AI4M_01_ATOM_CUT
10
2510.436223
20
164.569935
30
0
0
VERTEX
8
AI4M_01_ATOM_CUT
10
2505.454495
20
171.37592
30
0
0
VERTEX
8
AI4M_01_ATOM_CUT
10
2498.584444
20
181.267879
30
0
0
VERTEX
8
AI4M_01_ATOM_CUT
10
2490.016772
20
193.80375
30
0
0
VERTEX
8
AI4M_01_ATOM_CUT
10
2484.164725
20
202.057228
30
0
0
VERTEX
8
AI4M_01_ATOM_CUT
10
2479.320667
20
208.499768
30
0
0
VERTEX
8
AI4M_01_ATOM_CUT
10
2474.854749
20
214.048251
30
0
0
VERTEX
8
AI4M_01_ATOM_CUT
10
2470.57788
20
218.978073
30
0
0
VERTEX
8
AI4M_01_ATOM_CUT
10
2466.467805
20
223.347559
30
0
0
VERTEX
8
AI4M_01_ATOM_CUT
10
2462.432337
20
227.279344
30
0
0
VERTEX
8
AI4M_01_ATOM_CUT
10
2458.463474
20
230.803688
30
0
0
VERTEX
8
AI4M_01_ATOM_CUT
10
2454.520972
20
233.980398
30
0
0
VERTEX
8
AI4M_01_ATOM_CUT
10
2450.428954
20
236.960933
30
0
0
VERTEX
8
AI4M_01_ATOM_CUT
10
2446.251855
20
239.699718
30
0
0
VERTEX
8
AI4M_01_ATOM_CUT
10
2442.048831
20
242.167926
30
0
0
VERTEX
8
AI4M_01_ATOM_CUT
10
2437.757408
20
244.406746
30
0
0
VERTEX
8
AI4M_01_ATOM_CUT
10
2433.324713
20
246.434224
30
0
0
VERTEX
8
AI4M_01_ATOM_CUT
10
2429.020422
20
248.135115
30
0
0
VERTEX
8
AI4M_01_ATOM_CUT
10
2424.574407
20
249.621042
30
0
0
VERTEX
8
AI4M_01_ATOM_CUT
10
2420.234034
20
250.807621
30
0
0
VERTEX
8
AI4M_01_ATOM_CUT
10
2415.93649
20
251.727164
30
0
0
VERTEX
8
AI4M_01_ATOM_CUT
10
2411.490616
20
252.421939
30
0
0
VERTEX
8
AI4M_01_ATOM_CUT
10
2407.009287
20
252.869762
30
0
0
VERTEX
8
AI4M_01_ATOM_CUT
10
2402.327352
20
253.080184
30
0
0
VERTEX
8
AI4M_01_ATOM_CUT
10
2397.214527
20
253.041195
30
0
0
VERTEX
8
AI4M_01_ATOM_CUT
10
2393.25882
20
252.872467
30
0
0
SEQEND
8
AI4M_01_ATOM_CUT
0
TEXT
8
AI4M_01_ATOM_CUT
10
2571.038513
20
124.180002
30
0
40
2.5
1
AI4M_line_0191__seg_01_cut_line_unknown
1001
AI4MANUFACTURING
1000
WRITEBACK_PHASE=01_ATOM_LABEL
1000
ENTITY_ID=line_0191__seg_01
999
AI4M_ENTITY=line_0192;LINE_ROLE=cut_line;EDGE=unknown;SOURCE_LAYER=11
0
POLYLINE
8
AI4M_01_ATOM_CUT
66
1
70
0
1001
AI4MANUFACTURING
1000
WRITEBACK_PHASE=01_ATOM
1000
ENTITY_ID=line_0192
1000
SOURCE_HANDLE=A24
1000
LINE_ROLE=cut_line
1000
EDGE=unknown
1000
CHAIN=chain_mryhfhve
1000
PIECE_ID=sleeve_manual_01
1000
SEAM_PAIR=
1000
PAIRED_CHAIN=
1000
NOTCH_CHAIN=
1000
NOTCH_SOURCE=
1000
PIECE_ROLE=sleeve
1000
SEAM_ALLOWANCE_MM=
1000
SOURCE_LAYER=11
0
VERTEX
8
AI4M_01_ATOM_CUT
10
2463.387903
20
229.799072
30
0
0
VERTEX
8
AI4M_01_ATOM_CUT
10
2460.013709
20
226.109246
30
0
0
SEQEND
8
AI4M_01_ATOM_CUT
0
TEXT
8
AI4M_01_ATOM_CUT
10
2463.387903
20
229.799072
30
0
40
2.5
1
AI4M_line_0192_cut_line_unknown
1001
AI4MANUFACTURING
1000
WRITEBACK_PHASE=01_ATOM_LABEL
1000
ENTITY_ID=line_0192
999
AI4M_ENTITY=line_0193;LINE_ROLE=cut_line;EDGE=unknown;SOURCE_LAYER=11
0
POLYLINE
8
AI4M_01_ATOM_CUT
66
1
70
0
1001
AI4MANUFACTURING
1000
WRITEBACK_PHASE=01_ATOM
1000
ENTITY_ID=line_0193
1000
SOURCE_HANDLE=A25
1000
LINE_ROLE=cut_line
1000
EDGE=unknown
1000
CHAIN=chain_mryhfhve
1000
PIECE_ID=sleeve_manual_01
1000
SEAM_PAIR=
1000
PAIRED_CHAIN=
1000
NOTCH_CHAIN=
1000
NOTCH_SOURCE=
1000
PIECE_ROLE=sleeve
1000
SEAM_ALLOWANCE_MM=
1000
SOURCE_LAYER=11
0
VERTEX
8
AI4M_01_ATOM_CUT
10
2393.357307
20
250.374407
30
0
0
VERTEX
8
AI4M_01_ATOM_CUT
10
2393.159669
20
255.370499
30
0
0
SEQEND
8
AI4M_01_ATOM_CUT
0
TEXT
8
AI4M_01_ATOM_CUT
10
2393.357307
20
250.374407
30
0
40
2.5
1
AI4M_line_0193_cut_line_unknown
1001
AI4MANUFACTURING
1000
WRITEBACK_PHASE=01_ATOM_LABEL
1000
ENTITY_ID=line_0193
999
AI4M_ENTITY=line_0194__seg_01;LINE_ROLE=cut_line;EDGE=unknown;SOURCE_LAYER=11
0
POLYLINE
8
AI4M_01_ATOM_CUT
66
1
70
0
1001
AI4MANUFACTURING
1000
WRITEBACK_PHASE=01_ATOM
1000
ENTITY_ID=line_0194__seg_01
1000
SOURCE_HANDLE=A26
1000
LINE_ROLE=cut_line
1000
EDGE=unknown
1000
CHAIN=chain_mryhfhve
1000
PIECE_ID=sleeve_manual_01
1000
SEAM_PAIR=
1000
PAIRED_CHAIN=
1000
NOTCH_CHAIN=
1000
NOTCH_SOURCE=
1000
PIECE_ROLE=sleeve
1000
SEAM_ALLOWANCE_MM=
1000
SOURCE_LAYER=11
0
VERTEX
8
AI4M_01_ATOM_CUT
10
2393.25882
20
252.872467
30
0
0
VERTEX
8
AI4M_01_ATOM_CUT
10
2387.978434
20
252.272522
30
0
0
VERTEX
8
AI4M_01_ATOM_CUT
10
2383.56954
20
251.527358
30
0
0
VERTEX
8
AI4M_01_ATOM_CUT
10
2379.826786
20
250.657679
30
0
0
VERTEX
8
AI4M_01_ATOM_CUT
10
2376.194268
20
249.560469
30
0
0
VERTEX
8
AI4M_01_ATOM_CUT
10
2372.528415
20
248.186039
30
0
0
VERTEX
8
AI4M_01_ATOM_CUT
10
2368.925254
20
246.56517
30
0
0
VERTEX
8
AI4M_01_ATOM_CUT
10
2365.199111
20
244.606935
30
0
0
VERTEX
8
AI4M_01_ATOM_CUT
10
2361.54661
20
242.400912
30
0
0
VERTEX
8
AI4M_01_ATOM_CUT
10
2357.984452
20
239.958772
30
0
0
VERTEX
8
AI4M_01_ATOM_CUT
10
2354.470602
20
237.246479
30
0
0
VERTEX
8
AI4M_01_ATOM_CUT
10
2351.025068
20
234.268616
30
0
0
VERTEX
8
AI4M_01_ATOM_CUT
10
2347.723689
20
231.089907
30
0
0
VERTEX
8
AI4M_01_ATOM_CUT
10
2344.488772
20
227.62991
30
0
0
VERTEX
8
AI4M_01_ATOM_CUT
10
2341.433466
20
224.004952
30
0
0
VERTEX
8
AI4M_01_ATOM_CUT
10
2338.482477
20
220.120771
30
0
0
VERTEX
8
AI4M_01_ATOM_CUT
10
2335.52162
20
215.795714
30
0
0
VERTEX
8
AI4M_01_ATOM_CUT
10
2332.523177
20
210.962168
30
0
0
VERTEX
8
AI4M_01_ATOM_CUT
10
2329.093581
20
204.915968
30
0
0
VERTEX
8
AI4M_01_ATOM_CUT
10
2324.014987
20
195.311055
30
0
0
VERTEX
8
AI4M_01_ATOM_CUT
10
2317.081262
20
182.000364
30
0
0
VERTEX
8
AI4M_01_ATOM_CUT
10
2312.961743
20
174.532948
30
0
0
VERTEX
8
AI4M_01_ATOM_CUT
10
2309.390553
20
168.532739
30
0
0
VERTEX
8
AI4M_01_ATOM_CUT
10
2305.955406
20
163.227523
30
0
0
VERTEX
8
AI4M_01_ATOM_CUT
10
2302.695103
20
158.62401
30
0
0
VERTEX
8
AI4M_01_ATOM_CUT
10
2299.491267
20
154.51008
30
0
0
VERTEX
8
AI4M_01_ATOM_CUT
10
2296.315008
20
150.821005
30
0
0
VERTEX
8
AI4M_01_ATOM_CUT
10
2293.14868
20
147.508222
30
0
0
VERTEX
8
AI4M_01_ATOM_CUT
10
2289.852346
20
144.419104
30
0
0
VERTEX
8
AI4M_01_ATOM_CUT
10
2286.459566
20
141.57885
30
0
0
VERTEX
8
AI4M_01_ATOM_CUT
10
2282.948402
20
138.958687
30
0
0
VERTEX
8
AI4M_01_ATOM_CUT
10
2279.389984
20
136.603077
30
0
0
VERTEX
8
AI4M_01_ATOM_CUT
10
2275.738698
20
134.47433
30
0
0
VERTEX
8
AI4M_01_ATOM_CUT
10
2271.935193
20
132.540049
30
0
0
VERTEX
8
AI4M_01_ATOM_CUT
10
2268.034843
20
130.830841
30
0
0
VERTEX
8
AI4M_01_ATOM_CUT
10
2263.887261
20
129.290014
30
0
0
VERTEX
8
AI4M_01_ATOM_CUT
10
2259.579916
20
127.961382
30
0
0
VERTEX
8
AI4M_01_ATOM_CUT
10
2254.829014
20
126.766646
30
0
0
VERTEX
8
AI4M_01_ATOM_CUT
10
2249.693313
20
125.737487
30
0
0
VERTEX
8
AI4M_01_ATOM_CUT
10
2244.236671
20
124.904887
30
0
0
VERTEX
8
AI4M_01_ATOM_CUT
10
2237.705841
20
124.180002
30
0
0
SEQEND
8
AI4M_01_ATOM_CUT
0
TEXT
8
AI4M_01_ATOM_CUT
10
2393.25882
20
252.872467
30
0
40
2.5
1
AI4M_line_0194__seg_01_cut_line_unknown
1001
AI4MANUFACTURING
1000
WRITEBACK_PHASE=01_ATOM_LABEL
1000
ENTITY_ID=line_0194__seg_01
999
AI4M_ENTITY=line_0195;LINE_ROLE=cut_line;EDGE=unknown;SOURCE_LAYER=11
0
POLYLINE
8
AI4M_01_ATOM_CUT
66
1
70
0
1001
AI4MANUFACTURING
1000
WRITEBACK_PHASE=01_ATOM
1000
ENTITY_ID=line_0195
1000
SOURCE_HANDLE=A52
1000
LINE_ROLE=cut_line
1000
EDGE=unknown
1000
CHAIN=chain_mryhfhve
1000
PIECE_ID=sleeve_manual_01
1000
SEAM_PAIR=
1000
PAIRED_CHAIN=
1000
NOTCH_CHAIN=
1000
NOTCH_SOURCE=
1000
PIECE_ROLE=sleeve
1000
SEAM_ALLOWANCE_MM=
1000
SOURCE_LAYER=11
0
VERTEX
8
AI4M_01_ATOM_CUT
10
2357.971091
20
236.828859
30
0
0
VERTEX
8
AI4M_01_ATOM_CUT
10
2354.930627
20
240.798189
30
0
0
SEQEND
8
AI4M_01_ATOM_CUT
0
TEXT
8
AI4M_01_ATOM_CUT
10
2357.971091
20
236.828859
30
0
40
2.5
1
AI4M_line_0195_cut_line_unknown
1001
AI4MANUFACTURING
1000
WRITEBACK_PHASE=01_ATOM_LABEL
1000
ENTITY_ID=line_0195
999
AI4M_ENTITY=line_0196;LINE_ROLE=cut_line;EDGE=unknown;SOURCE_LAYER=11
0
POLYLINE
8
AI4M_01_ATOM_CUT
66
1
70
0
1001
AI4MANUFACTURING
1000
WRITEBACK_PHASE=01_ATOM
1000
ENTITY_ID=line_0196
1000
SOURCE_HANDLE=A53
1000
LINE_ROLE=cut_line
1000
EDGE=unknown
1000
CHAIN=chain_mryhfhve
1000
PIECE_ID=sleeve_manual_01
1000
SEAM_PAIR=
1000
PAIRED_CHAIN=
1000
NOTCH_CHAIN=
1000
NOTCH_SOURCE=
1000
PIECE_ROLE=sleeve
1000
SEAM_ALLOWANCE_MM=
1000
SOURCE_LAYER=11
0
VERTEX
8
AI4M_01_ATOM_CUT
10
2334.1349
20
218.235076
30
0
0
VERTEX
8
AI4M_01_ATOM_CUT
10
2338.296648
20
215.463821
30
0
0
SEQEND
8
AI4M_01_ATOM_CUT
0
TEXT
8
AI4M_01_ATOM_CUT
10
2334.1349
20
218.235076
30
0
40
2.5
1
AI4M_line_0196_cut_line_unknown
1001
AI4MANUFACTURING
1000
WRITEBACK_PHASE=01_ATOM_LABEL
1000
ENTITY_ID=line_0196
999
AI4M_ENTITY=line_0197;LINE_ROLE=cut_line;EDGE=unknown;SOURCE_LAYER=11
0
POLYLINE
8
AI4M_01_ATOM_CUT
66
1
70
0
1001
AI4MANUFACTURING
1000
WRITEBACK_PHASE=01_ATOM
1000
ENTITY_ID=line_0197
1000
SOURCE_HANDLE=A54
1000
LINE_ROLE=cut_line
1000
EDGE=unknown
1000
CHAIN=chain_mryhfhve
1000
PIECE_ID=sleeve_manual_01
1000
SEAM_PAIR=
1000
PAIRED_CHAIN=
1000
NOTCH_CHAIN=
1000
NOTCH_SOURCE=
1000
PIECE_ROLE=sleeve
1000
SEAM_ALLOWANCE_MM=
1000
SOURCE_LAYER=11
0
VERTEX
8
AI4M_01_ATOM_CUT
10
2296.960878
20
155.372741
30
0
0
VERTEX
8
AI4M_01_ATOM_CUT
10
2300.799537
20
152.168884
30
0
0
SEQEND
8
AI4M_01_ATOM_CUT
0
TEXT
8
AI4M_01_ATOM_CUT
10
2296.960878
20
155.372741
30
0
40
2.5
1
AI4M_line_0197_cut_line_unknown
1001
AI4MANUFACTURING
1000
WRITEBACK_PHASE=01_ATOM_LABEL
1000
ENTITY_ID=line_0197
999
AI4M_ENTITY=line_0198;LINE_ROLE=cut_line;EDGE=unknown;SOURCE_LAYER=11
0
POLYLINE
8
AI4M_01_ATOM_CUT
66
1
70
0
1001
AI4MANUFACTURING
1000
WRITEBACK_PHASE=01_ATOM
1000
ENTITY_ID=line_0198
1000
SOURCE_HANDLE=A55
1000
LINE_ROLE=cut_line
1000
EDGE=unknown
1000
CHAIN=chain_mryhfhve
1000
PIECE_ID=sleeve_manual_01
1000
SEAM_PAIR=
1000
PAIRED_CHAIN=
1000
NOTCH_CHAIN=
1000
NOTCH_SOURCE=
1000
PIECE_ROLE=sleeve
1000
SEAM_ALLOWANCE_MM=
1000
SOURCE_LAYER=11
0
VERTEX
8
AI4M_01_ATOM_CUT
10
2237.705841
20
124.180002
30
0
0
VERTEX
8
AI4M_01_ATOM_CUT
10
2240.231781
20
97.935123
30
0
0
SEQEND
8
AI4M_01_ATOM_CUT
0
TEXT
8
AI4M_01_ATOM_CUT
10
2237.705841
20
124.180002
30
0
40
2.5
1
AI4M_line_0198_cut_line_unknown
1001
AI4MANUFACTURING
1000
WRITEBACK_PHASE=01_ATOM_LABEL
1000
ENTITY_ID=line_0198
999
AI4M_ENTITY=line_0199__seg_01;LINE_ROLE=cut_line;EDGE=unknown;SOURCE_LAYER=11
0
POLYLINE
8
AI4M_01_ATOM_CUT
66
1
70
0
1001
AI4MANUFACTURING
1000
WRITEBACK_PHASE=01_ATOM
1000
ENTITY_ID=line_0199__seg_01
1000
SOURCE_HANDLE=A5A
1000
LINE_ROLE=cut_line
1000
EDGE=unknown
1000
CHAIN=chain_mryhfhve
1000
PIECE_ID=sleeve_manual_01
1000
SEAM_PAIR=
1000
PAIRED_CHAIN=
1000
NOTCH_CHAIN=
1000
NOTCH_SOURCE=
1000
PIECE_ROLE=sleeve
1000
SEAM_ALLOWANCE_MM=
1000
SOURCE_LAYER=11
0
VERTEX
8
AI4M_01_ATOM_CUT
10
2240.231781
20
97.935123
30
0
0
VERTEX
8
AI4M_01_ATOM_CUT
10
2393.553619
20
97.935123
30
0
0
VERTEX
8
AI4M_01_ATOM_CUT
10
2568.514709
20
97.935123
30
0
0
SEQEND
8
AI4M_01_ATOM_CUT
0
TEXT
8
AI4M_01_ATOM_CUT
10
2240.231781
20
97.935123
30
0
40
2.5
1
AI4M_line_0199__seg_01_cut_line_unknown
1001
AI4MANUFACTURING
1000
WRITEBACK_PHASE=01_ATOM_LABEL
1000
ENTITY_ID=line_0199__seg_01
999
AI4M_ENTITY=line_0200__seg_01;LINE_ROLE=cut_line;EDGE=unknown;SOURCE_LAYER=11
0
POLYLINE
8
AI4M_01_ATOM_CUT
66
1
70
0
1001
AI4MANUFACTURING
1000
WRITEBACK_PHASE=01_ATOM
1000
ENTITY_ID=line_0200__seg_01
1000
SOURCE_HANDLE=A60
1000
LINE_ROLE=cut_line
1000
EDGE=unknown
1000
CHAIN=chain_mryhfhve
1000
PIECE_ID=sleeve_manual_01
1000
SEAM_PAIR=
1000
PAIRED_CHAIN=
1000
NOTCH_CHAIN=
1000
NOTCH_SOURCE=
1000
PIECE_ROLE=sleeve
1000
SEAM_ALLOWANCE_MM=
1000
SOURCE_LAYER=11
0
VERTEX
8
AI4M_01_ATOM_CUT
10
2393.25882
20
252.872467
30
0
0
VERTEX
8
AI4M_01_ATOM_CUT
10
2393.25882
20
236.835469
30
0
0
VERTEX
8
AI4M_01_ATOM_CUT
10
2393.25882
20
221.069907
30
0
0
VERTEX
8
AI4M_01_ATOM_CUT
10
2393.25882
20
205.804173
30
0
0
VERTEX
8
AI4M_01_ATOM_CUT
10
2393.25882
20
190.046477
30
0
0
VERTEX
8
AI4M_01_ATOM_CUT
10
2393.25882
20
175.007966
30
0
0
VERTEX
8
AI4M_01_ATOM_CUT
10
2393.25882
20
159.969464
30
0
0
VERTEX
8
AI4M_01_ATOM_CUT
10
2393.25882
20
144.930953
30
0
0
VERTEX
8
AI4M_01_ATOM_CUT
10
2393.25882
20
129.288993
30
0
0
VERTEX
8
AI4M_01_ATOM_CUT
10
2393.25882
20
114.013286
30
0
0
VERTEX
8
AI4M_01_ATOM_CUT
10
2393.25882
20
99.445903
30
0
0
VERTEX
8
AI4M_01_ATOM_CUT
10
2393.25882
20
97.935123
30
0
0
SEQEND
8
AI4M_01_ATOM_CUT
0
TEXT
8
AI4M_01_ATOM_CUT
10
2393.25882
20
252.872467
30
0
40
2.5
1
AI4M_line_0200__seg_01_cut_line_unknown
1001
AI4MANUFACTURING
1000
WRITEBACK_PHASE=01_ATOM_LABEL
1000
ENTITY_ID=line_0200__seg_01
999
AI4M_ENTITY=line_0201;LINE_ROLE=cut_line;EDGE=unknown;SOURCE_LAYER=11
0
POLYLINE
8
AI4M_01_ATOM_CUT
66
1
70
0
1001
AI4MANUFACTURING
1000
WRITEBACK_PHASE=01_ATOM
1000
ENTITY_ID=line_0201
1000
SOURCE_HANDLE=A6F
1000
LINE_ROLE=cut_line
1000
EDGE=unknown
1000
CHAIN=chain_mryhfhve
1000
PIECE_ID=sleeve_manual_01
1000
SEAM_PAIR=
1000
PAIRED_CHAIN=
1000
NOTCH_CHAIN=
1000
NOTCH_SOURCE=
1000
PIECE_ROLE=sleeve
1000
SEAM_ALLOWANCE_MM=
1000
SOURCE_LAYER=11
0
VERTEX
8
AI4M_01_ATOM_CUT
10
2393.381816
20
250.375494
30
0
0
VERTEX
8
AI4M_01_ATOM_CUT
10
2393.135823
20
255.36944
30
0
0
SEQEND
8
AI4M_01_ATOM_CUT
0
TEXT
8
AI4M_01_ATOM_CUT
10
2393.381816
20
250.375494
30
0
40
2.5
1
AI4M_line_0201_cut_line_unknown
1001
AI4MANUFACTURING
1000
WRITEBACK_PHASE=01_ATOM_LABEL
1000
ENTITY_ID=line_0201
999
AI4M_ENTITY=line_0202__seg_01;LINE_ROLE=cut_line;EDGE=unknown;SOURCE_LAYER=11
0
POLYLINE
8
AI4M_01_ATOM_CUT
66
1
70
0
1001
AI4MANUFACTURING
1000
WRITEBACK_PHASE=01_ATOM
1000
ENTITY_ID=line_0202__seg_01
1000
SOURCE_HANDLE=A70
1000
LINE_ROLE=cut_line
1000
EDGE=unknown
1000
CHAIN=chain_mryhfhve
1000
PIECE_ID=sleeve_manual_01
1000
SEAM_PAIR=
1000
PAIRED_CHAIN=
1000
NOTCH_CHAIN=
1000
NOTCH_SOURCE=
1000
PIECE_ROLE=sleeve
1000
SEAM_ALLOWANCE_MM=
1000
SOURCE_LAYER=11
0
VERTEX
8
AI4M_01_ATOM_CUT
10
2229.264984
20
77.935128
30
0
0
VERTEX
8
AI4M_01_ATOM_CUT
10
2393.553619
20
77.935128
30
0
0
VERTEX
8
AI4M_01_ATOM_CUT
10
2579.479675
20
77.935128
30
0
0
SEQEND
8
AI4M_01_ATOM_CUT
0
TEXT
8
AI4M_01_ATOM_CUT
10
2229.264984
20
77.935128
30
0
40
2.5
1
AI4M_line_0202__seg_01_cut_line_unknown
1001
AI4MANUFACTURING
1000
WRITEBACK_PHASE=01_ATOM_LABEL
1000
ENTITY_ID=line_0202__seg_01
999
AI4M_ENTITY=line_0203;LINE_ROLE=cut_line;EDGE=unknown;SOURCE_LAYER=11
0
POLYLINE
8
AI4M_01_ATOM_CUT
66
1
70
0
1001
AI4MANUFACTURING
1000
WRITEBACK_PHASE=01_ATOM
1000
ENTITY_ID=line_0203
1000
SOURCE_HANDLE=A76
1000
LINE_ROLE=cut_line
1000
EDGE=unknown
1000
CHAIN=chain_mryhfhve
1000
PIECE_ID=sleeve_manual_01
1000
SEAM_PAIR=
1000
PAIRED_CHAIN=
1000
NOTCH_CHAIN=
1000
NOTCH_SOURCE=
1000
PIECE_ROLE=sleeve
1000
SEAM_ALLOWANCE_MM=
1000
SOURCE_LAYER=11
0
VERTEX
8
AI4M_01_ATOM_CUT
10
2231.190033
20
97.935123
30
0
0
VERTEX
8
AI4M_01_ATOM_CUT
10
2229.264984
20
77.935128
30
0
0
SEQEND
8
AI4M_01_ATOM_CUT
0
TEXT
8
AI4M_01_ATOM_CUT
10
2231.190033
20
97.935123
30
0
40
2.5
1
AI4M_line_0203_cut_line_unknown
1001
AI4MANUFACTURING
1000
WRITEBACK_PHASE=01_ATOM_LABEL
1000
ENTITY_ID=line_0203
999
AI4M_ENTITY=line_0204;LINE_ROLE=cut_line;EDGE=unknown;SOURCE_LAYER=11
0
POLYLINE
8
AI4M_01_ATOM_CUT
66
1
70
0
1001
AI4MANUFACTURING
1000
WRITEBACK_PHASE=01_ATOM
1000
ENTITY_ID=line_0204
1000
SOURCE_HANDLE=A7B
1000
LINE_ROLE=cut_line
1000
EDGE=unknown
1000
CHAIN=chain_mryhfhve
1000
PIECE_ID=sleeve_manual_01
1000
SEAM_PAIR=
1000
PAIRED_CHAIN=
1000
NOTCH_CHAIN=
1000
NOTCH_SOURCE=
1000
PIECE_ROLE=sleeve
1000
SEAM_ALLOWANCE_MM=
1000
SOURCE_LAYER=11
0
VERTEX
8
AI4M_01_ATOM_CUT
10
2227.929535
20
131.813641
30
0
0
VERTEX
8
AI4M_01_ATOM_CUT
10
2231.190033
20
97.935123
30
0
0
SEQEND
8
AI4M_01_ATOM_CUT
0
TEXT
8
AI4M_01_ATOM_CUT
10
2227.929535
20
131.813641
30
0
40
2.5
1
AI4M_line_0204_cut_line_unknown
1001
AI4MANUFACTURING
1000
WRITEBACK_PHASE=01_ATOM_LABEL
1000
ENTITY_ID=line_0204
999
AI4M_ENTITY=line_0205__seg_01;LINE_ROLE=armhole_seam;EDGE=armhole_seam;SOURCE_LAYER=11
0
POLYLINE
8
AI4M_01_ATOM_INTERNAL
66
1
70
0
1001
AI4MANUFACTURING
1000
WRITEBACK_PHASE=01_ATOM
1000
ENTITY_ID=line_0205__seg_01
1000
SOURCE_HANDLE=A80
1000
LINE_ROLE=armhole_seam
1000
EDGE=armhole_seam
1000
CHAIN=chain_mryhfhve
1000
PIECE_ID=sleeve_manual_01
1000
SEAM_PAIR=
1000
PAIRED_CHAIN=
1000
NOTCH_CHAIN=
1000
NOTCH_SOURCE=
1000
PIECE_ROLE=sleeve
1000
SEAM_ALLOWANCE_MM=
1000
SOURCE_LAYER=11
0
VERTEX
8
AI4M_01_ATOM_INTERNAL
10
2392.449799
20
261.883526
30
0
0
VERTEX
8
AI4M_01_ATOM_INTERNAL
10
2385.785675
20
260.90992
30
0
0
VERTEX
8
AI4M_01_ATOM_INTERNAL
10
2380.940094
20
260.162315
30
0
0
VERTEX
8
AI4M_01_ATOM_INTERNAL
10
2377.456512
20
259.371357
30
0
0
VERTEX
8
AI4M_01_ATOM_INTERNAL
10
2373.893585
20
258.301048
30
0
0
VERTEX
8
AI4M_01_ATOM_INTERNAL
10
2370.039215
20
256.878128
30
0
0
VERTEX
8
AI4M_01_ATOM_INTERNAL
10
2365.951385
20
255.09922
30
0
0
VERTEX
8
AI4M_01_ATOM_INTERNAL
10
2361.649017
20
252.949219
30
0
0
VERTEX
8
AI4M_01_ATOM_INTERNAL
10
2358.030243
20
250.883026
30
0
0
VERTEX
8
AI4M_01_ATOM_INTERNAL
10
2355.063019
20
248.906498
30
0
0
VERTEX
8
AI4M_01_ATOM_INTERNAL
10
2345.503082
20
241.450748
30
0
0
VERTEX
8
AI4M_01_ATOM_INTERNAL
10
2342.674713
20
238.82122
30
0
0
VERTEX
8
AI4M_01_ATOM_INTERNAL
10
2339.272614
20
235.275898
30
0
0
VERTEX
8
AI4M_01_ATOM_INTERNAL
10
2335.573578
20
231.094303
30
0
0
VERTEX
8
AI4M_01_ATOM_INTERNAL
10
2332.893829
20
227.722359
30
0
0
VERTEX
8
AI4M_01_ATOM_INTERNAL
10
2330.440216
20
224.202175
30
0
0
VERTEX
8
AI4M_01_ATOM_INTERNAL
10
2324.737091
20
215.570908
30
0
0
VERTEX
8
AI4M_01_ATOM_INTERNAL
10
2322.143402
20
211.062946
30
0
0
VERTEX
8
AI4M_01_ATOM_INTERNAL
10
2317.393646
20
202.012939
30
0
0
VERTEX
8
AI4M_01_ATOM_INTERNAL
10
2310.48172
20
188.687725
30
0
0
VERTEX
8
AI4M_01_ATOM_INTERNAL
10
2306.066132
20
180.606956
30
0
0
VERTEX
8
AI4M_01_ATOM_INTERNAL
10
2302.337189
20
174.250031
30
0
0
VERTEX
8
AI4M_01_ATOM_INTERNAL
10
2298.981781
20
168.986149
30
0
0
VERTEX
8
AI4M_01_ATOM_INTERNAL
10
2295.789032
20
164.420891
30
0
0
VERTEX
8
AI4M_01_ATOM_INTERNAL
10
2292.699432
20
160.421715
30
0
0
VERTEX
8
AI4M_01_ATOM_INTERNAL
10
2289.651642
20
156.87068
30
0
0
VERTEX
8
AI4M_01_ATOM_INTERNAL
10
2286.669159
20
153.75823
30
0
0
VERTEX
8
AI4M_01_ATOM_INTERNAL
10
2283.629608
20
150.931492
30
0
0
VERTEX
8
AI4M_01_ATOM_INTERNAL
10
2280.44754
20
148.301601
30
0
0
VERTEX
8
AI4M_01_ATOM_INTERNAL
10
2277.086334
20
145.845413
30
0
0
VERTEX
8
AI4M_01_ATOM_INTERNAL
10
2273.834686
20
143.754644
30
0
0
VERTEX
8
AI4M_01_ATOM_INTERNAL
10
2270.201569
20
141.722822
30
0
0
VERTEX
8
AI4M_01_ATOM_INTERNAL
10
2266.55899
20
139.977484
30
0
0
VERTEX
8
AI4M_01_ATOM_INTERNAL
10
2262.840118
20
138.468351
30
0
0
VERTEX
8
AI4M_01_ATOM_INTERNAL
10
2258.825226
20
137.114973
30
0
0
VERTEX
8
AI4M_01_ATOM_INTERNAL
10
2254.523773
20
135.938921
30
0
0
VERTEX
8
AI4M_01_ATOM_INTERNAL
10
2249.799652
20
134.911385
30
0
0
VERTEX
8
AI4M_01_ATOM_INTERNAL
10
2244.522247
20
134.028683
30
0
0
VERTEX
8
AI4M_01_ATOM_INTERNAL
10
2230.529022
20
132.20644
30
0
0
VERTEX
8
AI4M_01_ATOM_INTERNAL
10
2227.929535
20
131.813641
30
0
0
SEQEND
8
AI4M_01_ATOM_INTERNAL
0
TEXT
8
AI4M_01_ATOM_INTERNAL
10
2392.449799
20
261.883526
30
0
40
2.5
1
AI4M_line_0205__seg_01_armhole_seam_armhole_seam
1001
AI4MANUFACTURING
1000
WRITEBACK_PHASE=01_ATOM_LABEL
1000
ENTITY_ID=line_0205__seg_01
999
AI4M_ENTITY=line_0206;LINE_ROLE=cut_line;EDGE=unknown;SOURCE_LAYER=11
0
POLYLINE
8
AI4M_01_ATOM_CUT
66
1
70
0
1001
AI4MANUFACTURING
1000
WRITEBACK_PHASE=01_ATOM
1000
ENTITY_ID=line_0206
1000
SOURCE_HANDLE=AAB
1000
LINE_ROLE=cut_line
1000
EDGE=unknown
1000
CHAIN=chain_mryhfhve
1000
PIECE_ID=sleeve_manual_01
1000
SEAM_PAIR=
1000
PAIRED_CHAIN=
1000
NOTCH_CHAIN=
1000
NOTCH_SOURCE=
1000
PIECE_ROLE=sleeve
1000
SEAM_ALLOWANCE_MM=
1000
SOURCE_LAYER=11
0
VERTEX
8
AI4M_01_ATOM_CUT
10
2349.529656
20
247.761459
30
0
0
VERTEX
8
AI4M_01_ATOM_CUT
10
2352.600827
20
243.815841
30
0
0
SEQEND
8
AI4M_01_ATOM_CUT
0
TEXT
8
AI4M_01_ATOM_CUT
10
2349.529656
20
247.761459
30
0
40
2.5
1
AI4M_line_0206_cut_line_unknown
1001
AI4MANUFACTURING
1000
WRITEBACK_PHASE=01_ATOM_LABEL
1000
ENTITY_ID=line_0206
999
AI4M_ENTITY=line_0207;LINE_ROLE=cut_line;EDGE=unknown;SOURCE_LAYER=11
0
POLYLINE
8
AI4M_01_ATOM_CUT
66
1
70
0
1001
AI4MANUFACTURING
1000
WRITEBACK_PHASE=01_ATOM
1000
ENTITY_ID=line_0207
1000
SOURCE_HANDLE=AAC
1000
LINE_ROLE=cut_line
1000
EDGE=unknown
1000
CHAIN=chain_mryhfhve
1000
PIECE_ID=sleeve_manual_01
1000
SEAM_PAIR=
1000
PAIRED_CHAIN=
1000
NOTCH_CHAIN=
1000
NOTCH_SOURCE=
1000
PIECE_ROLE=sleeve
1000
SEAM_ALLOWANCE_MM=
1000
SOURCE_LAYER=11
0
VERTEX
8
AI4M_01_ATOM_CUT
10
2326.747317
20
223.148142
30
0
0
VERTEX
8
AI4M_01_ATOM_CUT
10
2330.914712
20
220.385387
30
0
0
SEQEND
8
AI4M_01_ATOM_CUT
0
TEXT
8
AI4M_01_ATOM_CUT
10
2326.747317
20
223.148142
30
0
40
2.5
1
AI4M_line_0207_cut_line_unknown
1001
AI4MANUFACTURING
1000
WRITEBACK_PHASE=01_ATOM_LABEL
1000
ENTITY_ID=line_0207
999
AI4M_ENTITY=line_0208;LINE_ROLE=cut_line;EDGE=unknown;SOURCE_LAYER=11
0
POLYLINE
8
AI4M_01_ATOM_CUT
66
1
70
0
1001
AI4MANUFACTURING
1000
WRITEBACK_PHASE=01_ATOM
1000
ENTITY_ID=line_0208
1000
SOURCE_HANDLE=AAD
1000
LINE_ROLE=cut_line
1000
EDGE=unknown
1000
CHAIN=chain_mryhfhve
1000
PIECE_ID=sleeve_manual_01
1000
SEAM_PAIR=
1000
PAIRED_CHAIN=
1000
NOTCH_CHAIN=
1000
NOTCH_SOURCE=
1000
PIECE_ROLE=sleeve
1000
SEAM_ALLOWANCE_MM=
1000
SOURCE_LAYER=11
0
VERTEX
8
AI4M_01_ATOM_CUT
10
2290.139975
20
161.273521
30
0
0
VERTEX
8
AI4M_01_ATOM_CUT
10
2293.769064
20
157.834086
30
0
0
SEQEND
8
AI4M_01_ATOM_CUT
0
TEXT
8
AI4M_01_ATOM_CUT
10
2290.139975
20
161.273521
30
0
40
2.5
1
AI4M_line_0208_cut_line_unknown
1001
AI4MANUFACTURING
1000
WRITEBACK_PHASE=01_ATOM_LABEL
1000
ENTITY_ID=line_0208
999
AI4M_ENTITY=line_0209__seg_01;LINE_ROLE=cut_line;EDGE=unknown;SOURCE_LAYER=11
0
POLYLINE
8
AI4M_01_ATOM_CUT
66
1
70
0
1001
AI4MANUFACTURING
1000
WRITEBACK_PHASE=01_ATOM
1000
ENTITY_ID=line_0209__seg_01
1000
SOURCE_HANDLE=AAE
1000
LINE_ROLE=cut_line
1000
EDGE=unknown
1000
CHAIN=chain_mryhfhve
1000
PIECE_ID=sleeve_manual_01
1000
SEAM_PAIR=
1000
PAIRED_CHAIN=
1000
NOTCH_CHAIN=
1000
NOTCH_SOURCE=
1000
PIECE_ROLE=sleeve
1000
SEAM_ALLOWANCE_MM=
1000
SOURCE_LAYER=11
0
VERTEX
8
AI4M_01_ATOM_CUT
10
2580.726013
20
130.897074
30
0
0
VERTEX
8
AI4M_01_ATOM_CUT
10
2573.813477
20
132.639751
30
0
0
VERTEX
8
AI4M_01_ATOM_CUT
10
2562.570801
20
135.047359
30
0
0
VERTEX
8
AI4M_01_ATOM_CUT
10
2559.063568
20
136.094151
30
0
0
VERTEX
8
AI4M_01_ATOM_CUT
10
2555.462799
20
137.432814
30
0
0
VERTEX
8
AI4M_01_ATOM_CUT
10
2551.797638
20
139.064636
30
0
0
VERTEX
8
AI4M_01_ATOM_CUT
10
2548.247528
20
140.917568
30
0
0
VERTEX
8
AI4M_01_ATOM_CUT
10
2544.850006
20
142.966843
30
0
0
VERTEX
8
AI4M_01_ATOM_CUT
10
2541.403351
20
145.336657
30
0
0
VERTEX
8
AI4M_01_ATOM_CUT
10
2537.974396
20
147.995205
30
0
0
VERTEX
8
AI4M_01_ATOM_CUT
10
2534.449005
20
151.04701
30
0
0
VERTEX
8
AI4M_01_ATOM_CUT
10
2530.836334
20
154.512081
30
0
0
VERTEX
8
AI4M_01_ATOM_CUT
10
2527.109528
20
158.442621
30
0
0
VERTEX
8
AI4M_01_ATOM_CUT
10
2523.278046
20
162.850037
30
0
0
VERTEX
8
AI4M_01_ATOM_CUT
10
2519.163361
20
167.973671
30
0
0
VERTEX
8
AI4M_01_ATOM_CUT
10
2514.565887
20
174.1185
30
0
0
VERTEX
8
AI4M_01_ATOM_CUT
10
2508.726044
20
182.396889
30
0
0
VERTEX
8
AI4M_01_ATOM_CUT
10
2500.260773
20
194.807873
30
0
0
VERTEX
8
AI4M_01_ATOM_CUT
10
2493.592072
20
204.393806
30
0
0
VERTEX
8
AI4M_01_ATOM_CUT
10
2488.557892
20
211.245956
30
0
0
VERTEX
8
AI4M_01_ATOM_CUT
10
2483.907318
20
217.177277
30
0
0
VERTEX
8
AI4M_01_ATOM_CUT
10
2478.97934
20
223.064518
30
0
0
VERTEX
8
AI4M_01_ATOM_CUT
10
2474.650421
20
227.90144
30
0
0
VERTEX
8
AI4M_01_ATOM_CUT
10
2471.252594
20
231.345768
30
0
0
VERTEX
8
AI4M_01_ATOM_CUT
10
2467.596893
20
234.651413
30
0
0
VERTEX
8
AI4M_01_ATOM_CUT
10
2462.101593
20
239.489136
30
0
0
VERTEX
8
AI4M_01_ATOM_CUT
10
2458.549652
20
242.259865
30
0
0
VERTEX
8
AI4M_01_ATOM_CUT
10
2454.444122
20
245.13155
30
0
0
VERTEX
8
AI4M_01_ATOM_CUT
10
2449.714508
20
248.122139
30
0
0
VERTEX
8
AI4M_01_ATOM_CUT
10
2445.074921
20
250.764446
30
0
0
VERTEX
8
AI4M_01_ATOM_CUT
10
2440.606537
20
253.026257
30
0
0
VERTEX
8
AI4M_01_ATOM_CUT
10
2436.031342
20
255.060062
30
0
0
VERTEX
8
AI4M_01_ATOM_CUT
10
2431.4711
20
256.818905
30
0
0
VERTEX
8
AI4M_01_ATOM_CUT
10
2426.871796
20
258.329659
30
0
0
VERTEX
8
AI4M_01_ATOM_CUT
10
2422.362213
20
259.552517
30
0
0
VERTEX
8
AI4M_01_ATOM_CUT
10
2417.870941
20
260.516911
30
0
0
VERTEX
8
AI4M_01_ATOM_CUT
10
2413.091888
20
261.286964
30
0
0
VERTEX
8
AI4M_01_ATOM_CUT
10
2408.225861
20
261.819248
30
0
0
VERTEX
8
AI4M_01_ATOM_CUT
10
2403.726349
20
262.064877
30
0
0
VERTEX
8
AI4M_01_ATOM_CUT
10
2399.276886
20
262.049408
30
0
0
VERTEX
8
AI4M_01_ATOM_CUT
10
2392.449799
20
261.883526
30
0
0
SEQEND
8
AI4M_01_ATOM_CUT
0
TEXT
8
AI4M_01_ATOM_CUT
10
2580.726013
20
130.897074
30
0
40
2.5
1
AI4M_line_0209__seg_01_cut_line_unknown
1001
AI4MANUFACTURING
1000
WRITEBACK_PHASE=01_ATOM_LABEL
1000
ENTITY_ID=line_0209__seg_01
999
AI4M_ENTITY=line_0210;LINE_ROLE=cut_line;EDGE=unknown;SOURCE_LAYER=11
0
POLYLINE
8
AI4M_01_ATOM_CUT
66
1
70
0
1001
AI4MANUFACTURING
1000
WRITEBACK_PHASE=01_ATOM
1000
ENTITY_ID=line_0210
1000
SOURCE_HANDLE=ADA
1000
LINE_ROLE=cut_line
1000
EDGE=unknown
1000
CHAIN=chain_mryhfhve
1000
PIECE_ID=sleeve_manual_01
1000
SEAM_PAIR=
1000
PAIRED_CHAIN=
1000
NOTCH_CHAIN=
1000
NOTCH_SOURCE=
1000
PIECE_ROLE=sleeve
1000
SEAM_ALLOWANCE_MM=
1000
SOURCE_LAYER=11
0
VERTEX
8
AI4M_01_ATOM_CUT
10
2469.399278
20
236.39213
30
0
0
VERTEX
8
AI4M_01_ATOM_CUT
10
2466.044302
20
232.684821
30
0
0
SEQEND
8
AI4M_01_ATOM_CUT
0
TEXT
8
AI4M_01_ATOM_CUT
10
2469.399278
20
236.39213
30
0
40
2.5
1
AI4M_line_0210_cut_line_unknown
1001
AI4MANUFACTURING
1000
WRITEBACK_PHASE=01_ATOM_LABEL
1000
ENTITY_ID=line_0210
999
AI4M_ENTITY=line_0211;LINE_ROLE=cut_line;EDGE=unknown;SOURCE_LAYER=11
0
POLYLINE
8
AI4M_01_ATOM_CUT
66
1
70
0
1001
AI4MANUFACTURING
1000
WRITEBACK_PHASE=01_ATOM
1000
ENTITY_ID=line_0211
1000
SOURCE_HANDLE=ADB
1000
LINE_ROLE=cut_line
1000
EDGE=unknown
1000
CHAIN=chain_mryhfhve
1000
PIECE_ID=sleeve_manual_01
1000
SEAM_PAIR=
1000
PAIRED_CHAIN=
1000
NOTCH_CHAIN=
1000
NOTCH_SOURCE=
1000
PIECE_ROLE=sleeve
1000
SEAM_ALLOWANCE_MM=
1000
SOURCE_LAYER=11
0
VERTEX
8
AI4M_01_ATOM_CUT
10
2393.043679
20
264.398693
30
0
0
VERTEX
8
AI4M_01_ATOM_CUT
10
2393.168943
20
259.400262
30
0
0
SEQEND
8
AI4M_01_ATOM_CUT
0
TEXT
8
AI4M_01_ATOM_CUT
10
2393.043679
20
264.398693
30
0
40
2.5
1
AI4M_line_0211_cut_line_unknown
1001
AI4MANUFACTURING
1000
WRITEBACK_PHASE=01_ATOM_LABEL
1000
ENTITY_ID=line_0211
999
AI4M_ENTITY=line_0212;LINE_ROLE=cut_line;EDGE=unknown;SOURCE_LAYER=11
0
POLYLINE
8
AI4M_01_ATOM_CUT
66
1
70
0
1001
AI4MANUFACTURING
1000
WRITEBACK_PHASE=01_ATOM
1000
ENTITY_ID=line_0212
1000
SOURCE_HANDLE=ADC
1000
LINE_ROLE=cut_line
1000
EDGE=unknown
1000
CHAIN=chain_mryhfhve
1000
PIECE_ID=sleeve_manual_01
1000
SEAM_PAIR=
1000
PAIRED_CHAIN=
1000
NOTCH_CHAIN=
1000
NOTCH_SOURCE=
1000
PIECE_ROLE=sleeve
1000
SEAM_ALLOWANCE_MM=
1000
SOURCE_LAYER=11
0
VERTEX
8
AI4M_01_ATOM_CUT
10
2577.556152
20
97.935123
30
0
0
VERTEX
8
AI4M_01_ATOM_CUT
10
2580.726013
20
130.897074
30
0
0
SEQEND
8
AI4M_01_ATOM_CUT
0
TEXT
8
AI4M_01_ATOM_CUT
10
2577.556152
20
97.935123
30
0
40
2.5
1
AI4M_line_0212_cut_line_unknown
1001
AI4MANUFACTURING
1000
WRITEBACK_PHASE=01_ATOM_LABEL
1000
ENTITY_ID=line_0212
999
AI4M_ENTITY=line_0213;LINE_ROLE=cut_line;EDGE=unknown;SOURCE_LAYER=11
0
POLYLINE
8
AI4M_01_ATOM_CUT
66
1
70
0
1001
AI4MANUFACTURING
1000
WRITEBACK_PHASE=01_ATOM
1000
ENTITY_ID=line_0213
1000
SOURCE_HANDLE=AE1
1000
LINE_ROLE=cut_line
1000
EDGE=unknown
1000
CHAIN=chain_mryhfhve
1000
PIECE_ID=sleeve_manual_01
1000
SEAM_PAIR=
1000
PAIRED_CHAIN=
1000
NOTCH_CHAIN=
1000
NOTCH_SOURCE=
1000
PIECE_ROLE=sleeve
1000
SEAM_ALLOWANCE_MM=
1000
SOURCE_LAYER=11
0
VERTEX
8
AI4M_01_ATOM_CUT
10
2579.479675
20
77.935128
30
0
0
VERTEX
8
AI4M_01_ATOM_CUT
10
2577.556152
20
97.935123
30
0
0
SEQEND
8
AI4M_01_ATOM_CUT
0
TEXT
8
AI4M_01_ATOM_CUT
10
2579.479675
20
77.935128
30
0
40
2.5
1
AI4M_line_0213_cut_line_unknown
1001
AI4MANUFACTURING
1000
WRITEBACK_PHASE=01_ATOM_LABEL
1000
ENTITY_ID=line_0213
999
AI4M_ENTITY=line_0214;LINE_ROLE=cut_line;EDGE=unknown;SOURCE_LAYER=11
0
POLYLINE
8
AI4M_01_ATOM_CUT
66
1
70
0
1001
AI4MANUFACTURING
1000
WRITEBACK_PHASE=01_ATOM
1000
ENTITY_ID=line_0214
1000
SOURCE_HANDLE=AE6
1000
LINE_ROLE=cut_line
1000
EDGE=unknown
1000
CHAIN=chain_mryhfhve
1000
PIECE_ID=sleeve_manual_01
1000
SEAM_PAIR=
1000
PAIRED_CHAIN=
1000
NOTCH_CHAIN=
1000
NOTCH_SOURCE=
1000
PIECE_ROLE=sleeve
1000
SEAM_ALLOWANCE_MM=
1000
SOURCE_LAYER=11
0
VERTEX
8
AI4M_01_ATOM_CUT
10
2376.89682
20
162.710228
30
0
0
VERTEX
8
AI4M_01_ATOM_CUT
10
2376.89682
20
114.383488
30
0
0
SEQEND
8
AI4M_01_ATOM_CUT
0
TEXT
8
AI4M_01_ATOM_CUT
10
2376.89682
20
162.710228
30
0
40
2.5
1
AI4M_line_0214_cut_line_unknown
1001
AI4MANUFACTURING
1000
WRITEBACK_PHASE=01_ATOM_LABEL
1000
ENTITY_ID=line_0214
999
AI4M_ENTITY=line_0215;LINE_ROLE=cut_line;EDGE=unknown;SOURCE_LAYER=11
0
POLYLINE
8
AI4M_01_ATOM_CUT
66
1
70
0
1001
AI4MANUFACTURING
1000
WRITEBACK_PHASE=01_ATOM
1000
ENTITY_ID=line_0215
1000
SOURCE_HANDLE=AE7
1000
LINE_ROLE=cut_line
1000
EDGE=unknown
1000
CHAIN=chain_mryhfhve
1000
PIECE_ID=sleeve_manual_01
1000
SEAM_PAIR=
1000
PAIRED_CHAIN=
1000
NOTCH_CHAIN=
1000
NOTCH_SOURCE=
1000
PIECE_ROLE=sleeve
1000
SEAM_ALLOWANCE_MM=
1000
SOURCE_LAYER=11
0
VERTEX
8
AI4M_01_ATOM_CUT
10
2376.89682
20
114.383488
30
0
0
VERTEX
8
AI4M_01_ATOM_CUT
10
2378.532026
20
123.909508
30
0
0
SEQEND
8
AI4M_01_ATOM_CUT
0
TEXT
8
AI4M_01_ATOM_CUT
10
2376.89682
20
114.383488
30
0
40
2.5
1
AI4M_line_0215_cut_line_unknown
1001
AI4MANUFACTURING
1000
WRITEBACK_PHASE=01_ATOM_LABEL
1000
ENTITY_ID=line_0215
999
AI4M_ENTITY=line_0216;LINE_ROLE=cut_line;EDGE=unknown;SOURCE_LAYER=11
0
POLYLINE
8
AI4M_01_ATOM_CUT
66
1
70
0
1001
AI4MANUFACTURING
1000
WRITEBACK_PHASE=01_ATOM
1000
ENTITY_ID=line_0216
1000
SOURCE_HANDLE=AE8
1000
LINE_ROLE=cut_line
1000
EDGE=unknown
1000
CHAIN=chain_mryhfhve
1000
PIECE_ID=sleeve_manual_01
1000
SEAM_PAIR=
1000
PAIRED_CHAIN=
1000
NOTCH_CHAIN=
1000
NOTCH_SOURCE=
1000
PIECE_ROLE=sleeve
1000
SEAM_ALLOWANCE_MM=
1000
SOURCE_LAYER=11
0
VERTEX
8
AI4M_01_ATOM_CUT
10
2376.89682
20
114.383488
30
0
0
VERTEX
8
AI4M_01_ATOM_CUT
10
2376.89682
20
114.383488
30
0
0
SEQEND
8
AI4M_01_ATOM_CUT
0
TEXT
8
AI4M_01_ATOM_CUT
10
2376.89682
20
114.383488
30
0
40
2.5
1
AI4M_line_0216_cut_line_unknown
1001
AI4MANUFACTURING
1000
WRITEBACK_PHASE=01_ATOM_LABEL
1000
ENTITY_ID=line_0216
999
AI4M_WRITEBACK_PHASE=03_PIECE
0
POLYLINE
8
AI4M_03_PIECE
66
1
70
1
1001
AI4MANUFACTURING
1000
WRITEBACK_PHASE=03_PIECE
1000
PIECE_ID=front_body_manual_01
1000
PIECE_ROLE=front_body
1000
BOUNDARY_ROLE=
1000
SOURCE=human_piece_role
0
VERTEX
8
AI4M_03_PIECE
10
3064.075317
20
74.647021
30
0
0
VERTEX
8
AI4M_03_PIECE
10
3555.924683
20
74.647021
30
0
0
VERTEX
8
AI4M_03_PIECE
10
3555.924683
20
685.353012
30
0
0
VERTEX
8
AI4M_03_PIECE
10
3064.075317
20
685.353012
30
0
0
VERTEX
8
AI4M_03_PIECE
10
3064.075317
20
74.647021
30
0
0
SEQEND
8
AI4M_03_PIECE
0
TEXT
8
AI4M_03_PIECE
10
3310
20
380.0000165
30
0
40
3
1
PIECE_front_body_manual_01_front_body
1001
AI4MANUFACTURING
1000
WRITEBACK_PHASE=03_PIECE
1000
PIECE_ID=front_body_manual_01
1000
PIECE_ROLE=front_body
1000
BOUNDARY_ROLE=
1000
SOURCE=human_piece_role
0
POLYLINE
8
AI4M_03_PIECE
66
1
70
1
1001
AI4MANUFACTURING
1000
WRITEBACK_PHASE=03_PIECE
1000
PIECE_ID=back_body_manual_01
1000
PIECE_ROLE=back_body
1000
BOUNDARY_ROLE=
1000
SOURCE=human_piece_role
0
VERTEX
8
AI4M_03_PIECE
10
3665.872192
20
78.483074
30
0
0
VERTEX
8
AI4M_03_PIECE
10
4154.127808
20
78.483074
30
0
0
VERTEX
8
AI4M_03_PIECE
10
4154.127808
20
699.023438
30
0
0
VERTEX
8
AI4M_03_PIECE
10
3665.872192
20
699.023438
30
0
0
VERTEX
8
AI4M_03_PIECE
10
3665.872192
20
78.483074
30
0
0
SEQEND
8
AI4M_03_PIECE
0
TEXT
8
AI4M_03_PIECE
10
3910
20
388.753256
30
0
40
3
1
PIECE_back_body_manual_01_back_body
1001
AI4MANUFACTURING
1000
WRITEBACK_PHASE=03_PIECE
1000
PIECE_ID=back_body_manual_01
1000
PIECE_ROLE=back_body
1000
BOUNDARY_ROLE=
1000
SOURCE=human_piece_role
0
POLYLINE
8
AI4M_03_PIECE
66
1
70
1
1001
AI4MANUFACTURING
1000
WRITEBACK_PHASE=03_PIECE
1000
PIECE_ID=sleeve_manual_01
1000
PIECE_ROLE=sleeve
1000
BOUNDARY_ROLE=
1000
SOURCE=human_piece_role
0
VERTEX
8
AI4M_03_PIECE
10
2227.929535
20
77.935128
30
0
0
VERTEX
8
AI4M_03_PIECE
10
2946.398315
20
77.935128
30
0
0
VERTEX
8
AI4M_03_PIECE
10
2946.398315
20
264.398693
30
0
0
VERTEX
8
AI4M_03_PIECE
10
2227.929535
20
264.398693
30
0
0
VERTEX
8
AI4M_03_PIECE
10
2227.929535
20
77.935128
30
0
0
SEQEND
8
AI4M_03_PIECE
0
TEXT
8
AI4M_03_PIECE
10
2587.163925
20
171.1669105
30
0
40
3
1
PIECE_sleeve_manual_01_sleeve
1001
AI4MANUFACTURING
1000
WRITEBACK_PHASE=03_PIECE
1000
PIECE_ID=sleeve_manual_01
1000
PIECE_ROLE=sleeve
1000
BOUNDARY_ROLE=
1000
SOURCE=human_piece_role
999
AI4M_WRITEBACK_PHASE=05_QA
0
TEXT
8
AI4M_05_QA
10
0
20
0
30
0
40
3
1
AI4M ordered writeback
1001
AI4MANUFACTURING
1000
WRITEBACK_PHASE=05_QA
1000
ROW=0
0
TEXT
8
AI4M_05_QA
10
0
20
-6
30
0
40
3
1
01 atom=219
1001
AI4MANUFACTURING
1000
WRITEBACK_PHASE=05_QA
1000
ROW=1
0
TEXT
8
AI4M_05_QA
10
0
20
-12
30
0
40
3
1
02 chains=0
1001
AI4MANUFACTURING
1000
WRITEBACK_PHASE=05_QA
1000
ROW=2
0
TEXT
8
AI4M_05_QA
10
0
20
-18
30
0
40
3
1
03 pieces=3
1001
AI4MANUFACTURING
1000
WRITEBACK_PHASE=05_QA
1000
ROW=3
0
TEXT
8
AI4M_05_QA
10
0
20
-24
30
0
40
3
1
04 seams=0
1001
AI4MANUFACTURING
1000
WRITEBACK_PHASE=05_QA
1000
ROW=4
0
TEXT
8
AI4M_05_QA
10
0
20
-30
30
0
40
3
1
04 notches=0
1001
AI4MANUFACTURING
1000
WRITEBACK_PHASE=05_QA
1000
ROW=5
  0
ENDSEC
  0
EOF
