  0
SECTION
  2
ENTITIES
  0
POLYLINE
  8
11
  66
1
  70
0
  0
VERTEX
  8
11
  10
6374.114418
  20
12.393754
  0
VERTEX
  8
11
  10
6374.114418
  20
-2.606251
  0
SEQEND
  8
11
  0
POLYLINE
  8
11
  66
1
  70
0
  0
VERTEX
  8
11
  10
6374.114418
  20
-2.606251
  0
VERTEX
  8
11
  10
6359.098548
  20
-2.606251
  0
SEQEND
  8
11
  0
POLYLINE
  8
11
  66
1
  70
0
  0
VERTEX
  8
11
  10
6359.098548
  20
-2.606251
  0
VERTEX
  8
11
  10
6346.113929
  20
-2.597768
  0
SEQEND
  8
11
  0
POLYLINE
  8
11
  66
1
  70
0
  0
VERTEX
  8
11
  10
6346.113929
  20
-2.597768
  0
VERTEX
  8
11
  10
6318.114051
  20
-2.616016
  0
SEQEND
  8
11
  0
POLYLINE
  8
11
  66
1
  70
0
  0
VERTEX
  8
11
  10
6318.114051
  20
-2.616016
  0
VERTEX
  8
11
  10
6318.114051
  20
13.313475
  0
VERTEX
  8
11
  10
6318.114051
  20
29.135036
  0
VERTEX
  8
11
  10
6318.114051
  20
44.711118
  0
VERTEX
  8
11
  10
6318.114051
  20
60.425700
  0
VERTEX
  8
11
  10
6318.114051
  20
76.140283
  0
VERTEX
  8
11
  10
6318.114051
  20
91.817885
  0
VERTEX
  8
11
  10
6318.114051
  20
107.532466
  0
VERTEX
  8
11
  10
6318.114051
  20
123.247049
  0
VERTEX
  8
11
  10
6318.114051
  20
138.382840
  0
VERTEX
  8
11
  10
6318.114051
  20
154.097424
  0
VERTEX
  8
11
  10
6318.114051
  20
169.812007
  0
VERTEX
  8
11
  10
6318.114051
  20
185.238887
  0
VERTEX
  8
11
  10
6318.114051
  20
200.953468
  0
VERTEX
  8
11
  10
6318.114051
  20
216.668048
  0
VERTEX
  8
11
  10
6318.114051
  20
232.094887
  0
VERTEX
  8
11
  10
6318.114051
  20
247.809467
  0
VERTEX
  8
11
  10
6318.114051
  20
263.524046
  0
VERTEX
  8
11
  10
6318.114051
  20
279.238626
  0
VERTEX
  8
11
  10
6318.114051
  20
294.665391
  0
VERTEX
  8
11
  10
6318.114051
  20
310.379972
  0
VERTEX
  8
11
  10
6318.114051
  20
326.094553
  0
VERTEX
  8
11
  10
6318.114051
  20
341.449221
  0
VERTEX
  8
11
  10
6318.114051
  20
357.163802
  0
VERTEX
  8
11
  10
6318.114051
  20
372.878382
  0
VERTEX
  8
11
  10
6318.114051
  20
388.232933
  0
VERTEX
  8
11
  10
6318.114051
  20
403.947512
  0
VERTEX
  8
11
  10
6318.114051
  20
419.662092
  0
VERTEX
  8
11
  10
6318.114051
  20
435.016646
  0
VERTEX
  8
11
  10
6318.114051
  20
450.731232
  0
VERTEX
  8
11
  10
6318.114051
  20
466.445819
  0
VERTEX
  8
11
  10
6318.114051
  20
481.800416
  0
VERTEX
  8
11
  10
6318.114051
  20
497.515001
  0
VERTEX
  8
11
  10
6318.114051
  20
513.229584
  0
VERTEX
  8
11
  10
6318.114051
  20
528.944165
  0
VERTEX
  8
11
  10
6318.114051
  20
544.695620
  0
VERTEX
  8
11
  10
6318.114051
  20
560.120948
  0
VERTEX
  8
11
  10
6318.114051
  20
574.980610
  0
VERTEX
  8
11
  10
6318.114051
  20
588.099292
  0
SEQEND
  8
11
  0
POLYLINE
  8
11
  66
1
  70
0
  0
VERTEX
  8
11
  10
6318.114051
  20
588.099292
  0
VERTEX
  8
11
  10
6327.165570
  20
588.704613
  0
VERTEX
  8
11
  10
6335.223636
  20
589.494010
  0
VERTEX
  8
11
  10
6342.165406
  20
590.406190
  0
VERTEX
  8
11
  10
6346.113929
  20
591.025928
  0
SEQEND
  8
11
  0
POLYLINE
  8
11
  66
1
  70
0
  0
VERTEX
  8
11
  10
6346.113929
  20
591.025928
  0
VERTEX
  8
11
  10
6352.144466
  20
590.112755
  0
VERTEX
  8
11
  10
6357.574349
  20
589.582125
  0
VERTEX
  8
11
  10
6359.489173
  20
589.449923
  0
SEQEND
  8
11
  0
POLYLINE
  8
11
  66
1
  70
0
  0
VERTEX
  8
11
  10
6359.489173
  20
589.449923
  0
VERTEX
  8
11
  10
6366.858884
  20
589.312161
  0
VERTEX
  8
11
  10
6372.775177
  20
589.466568
  0
VERTEX
  8
11
  10
6374.114418
  20
589.531253
  0
SEQEND
  8
11
 0
LINE
 8
11
 10
6374.106884
 20
592.031222
 11
6374.121195
 21
587.031242
  0
POLYLINE
  8
11
  66
1
  70
0
  0
VERTEX
  8
11
  10
6374.114418
  20
589.531253
  0
VERTEX
  8
11
  10
6381.183891
  20
589.313029
  0
VERTEX
  8
11
  10
6387.654887
  20
589.409383
  0
VERTEX
  8
11
  10
6388.753090
  20
589.450076
  0
SEQEND
  8
11
  0
POLYLINE
  8
11
  66
1
  70
0
  0
VERTEX
  8
11
  10
6388.753090
  20
589.450076
  0
VERTEX
  8
11
  10
6396.769292
  20
590.197030
  0
VERTEX
  8
11
  10
6401.167842
  20
590.824617
  0
VERTEX
  8
11
  10
6405.137231
  20
591.645407
  0
VERTEX
  8
11
  10
6409.035447
  20
592.698741
  0
VERTEX
  8
11
  10
6412.846801
  20
593.981721
  0
VERTEX
  8
11
  10
6416.602133
  20
595.504532
  0
VERTEX
  8
11
  10
6420.375978
  20
597.301689
  0
VERTEX
  8
11
  10
6424.011201
  20
599.302632
  0
VERTEX
  8
11
  10
6427.571350
  20
601.540083
  0
VERTEX
  8
11
  10
6431.072236
  20
604.034819
  0
VERTEX
  8
11
  10
6434.361839
  20
606.681401
  0
VERTEX
  8
11
  10
6437.437954
  20
609.466861
  0
VERTEX
  8
11
  10
6440.319024
  20
612.398929
  0
VERTEX
  8
11
  10
6443.003878
  20
615.481940
  0
VERTEX
  8
11
  10
6445.474477
  20
618.696863
  0
VERTEX
  8
11
  10
6447.665943
  20
621.949870
  0
VERTEX
  8
11
  10
6449.616430
  20
625.281228
  0
VERTEX
  8
11
  10
6451.433488
  20
628.876173
  0
VERTEX
  8
11
  10
6453.177797
  20
632.886941
  0
VERTEX
  8
11
  10
6454.862097
  20
637.394725
  0
VERTEX
  8
11
  10
6456.359799
  20
642.083115
  0
VERTEX
  8
11
  10
6457.633859
  20
646.879707
  0
VERTEX
  8
11
  10
6458.761515
  20
652.129445
  0
VERTEX
  8
11
  10
6459.920692
  20
658.838809
  0
SEQEND
  8
11
 0
LINE
 8
11
 10
6436.006510
 20
611.558224
 11
6439.602606
 21
608.084308
  0
POLYLINE
  8
11
  66
1
  70
0
  0
VERTEX
  8
11
  10
6459.920692
  20
658.838809
  0
VERTEX
  8
11
  10
6460.369911
  20
668.316577
  0
SEQEND
  8
11
  0
POLYLINE
  8
11
  66
1
  70
0
  0
VERTEX
  8
11
  10
6460.369911
  20
668.316577
  0
VERTEX
  8
11
  10
6475.370446
  20
664.866352
  0
VERTEX
  8
11
  10
6490.068137
  20
661.561543
  0
VERTEX
  8
11
  10
6505.000690
  20
658.094460
  0
VERTEX
  8
11
  10
6519.622108
  20
654.466407
  0
VERTEX
  8
11
  10
6533.517519
  20
650.769143
  0
VERTEX
  8
11
  10
6547.187712
  20
646.870144
  0
VERTEX
  8
11
  10
6561.836412
  20
642.533543
  0
VERTEX
  8
11
  10
6576.271349
  20
638.217746
  0
VERTEX
  8
11
  10
6586.471585
  20
634.972947
  0
VERTEX
  8
11
  10
6601.122607
  20
629.976065
  0
VERTEX
  8
11
  10
6608.336843
  20
627.238210
  0
VERTEX
  8
11
  10
6620.319182
  20
622.343575
  0
VERTEX
  8
11
  10
6632.247079
  20
617.208368
  0
VERTEX
  8
11
  10
6646.160797
  20
610.946962
  0
VERTEX
  8
11
  10
6659.834990
  20
604.625349
  0
VERTEX
  8
11
  10
6673.615120
  20
598.101351
  0
VERTEX
  8
11
  10
6687.170301
  20
591.528696
  0
VERTEX
  8
11
  10
6700.620996
  20
584.852370
  0
VERTEX
  8
11
  10
6714.063541
  20
578.052331
  0
VERTEX
  8
11
  10
6727.706968
  20
571.070172
  0
VERTEX
  8
11
  10
6741.098624
  20
564.170536
  0
VERTEX
  8
11
  10
6754.475366
  20
557.242251
  0
VERTEX
  8
11
  10
6767.851952
  20
550.285732
  0
VERTEX
  8
11
  10
6781.349104
  20
543.253753
  0
VERTEX
  8
11
  10
6794.709214
  20
536.293431
  0
VERTEX
  8
11
  10
6808.069869
  20
529.334045
  0
VERTEX
  8
11
  10
6821.611373
  20
522.282604
  0
VERTEX
  8
11
  10
6834.974073
  20
515.327120
  0
VERTEX
  8
11
  10
6848.338202
  20
508.374363
  0
VERTEX
  8
11
  10
6861.670389
  20
501.442239
  0
VERTEX
  8
11
  10
6875.036630
  20
494.493486
  0
VERTEX
  8
11
  10
6885.307655
  20
489.150470
  0
SEQEND
  8
11
 0
LINE
 8
11
 10
6596.952680
 20
634.058111
 11
6595.346300
 21
629.323184
 0
LINE
 8
11
 10
6771.099585
 20
551.412744
 11
6768.789270
 21
546.978508
  0
POLYLINE
  8
11
  66
1
  70
0
  0
VERTEX
  8
11
  10
6885.307655
  20
489.150470
  0
VERTEX
  8
11
  10
6880.692176
  20
480.281718
  0
SEQEND
  8
11
  0
POLYLINE
  8
11
  66
1
  70
0
  0
VERTEX
  8
11
  10
6880.692176
  20
480.281718
  0
VERTEX
  8
11
  10
6874.868203
  20
465.914237
  0
VERTEX
  8
11
  10
6869.205134
  20
451.679753
  0
VERTEX
  8
11
  10
6863.733926
  20
437.573519
  0
VERTEX
  8
11
  10
6858.320935
  20
423.241199
  0
VERTEX
  8
11
  10
6853.023064
  20
408.845568
  0
VERTEX
  8
11
  10
6847.865493
  20
394.392350
  0
VERTEX
  8
11
  10
6842.884913
  20
379.904140
  0
VERTEX
  8
11
  10
6838.083630
  20
365.324130
  0
VERTEX
  8
11
  10
6833.550706
  20
350.906639
  0
VERTEX
  8
11
  10
6829.154773
  20
336.230528
  0
VERTEX
  8
11
  10
6825.025068
  20
321.698158
  0
VERTEX
  8
11
  10
6821.096898
  20
307.118693
  0
VERTEX
  8
11
  10
6817.317725
  20
292.271662
  0
VERTEX
  8
11
  10
6813.859654
  20
277.674310
  0
VERTEX
  8
11
  10
6810.426984
  20
263.027588
  0
VERTEX
  8
11
  10
6809.453773
  20
258.691676
  0
SEQEND
  8
11
 0
LINE
 8
11
 10
6815.788338
 20
274.944273
 11
6810.920047
 21
276.084335
  0
POLYLINE
  8
11
  66
1
  70
0
  0
VERTEX
  8
11
  10
6809.453773
  20
258.691676
  0
VERTEX
  8
11
  10
6813.555336
  20
248.701289
  0
SEQEND
  8
11
  0
POLYLINE
  8
11
  66
1
  70
0
  0
VERTEX
  8
11
  10
6813.555336
  20
248.701289
  0
VERTEX
  8
11
  10
6798.396484
  20
248.354705
  0
VERTEX
  8
11
  10
6793.062504
  20
247.970509
  0
VERTEX
  8
11
  10
6790.526161
  20
247.716144
  0
SEQEND
  8
11
  0
POLYLINE
  8
11
  66
1
  70
0
  0
VERTEX
  8
11
  10
6790.526161
  20
247.716144
  0
VERTEX
  8
11
  10
6786.027292
  20
246.781198
  0
VERTEX
  8
11
  10
6782.572110
  20
245.807574
  0
VERTEX
  8
11
  10
6779.507748
  20
244.700008
  0
VERTEX
  8
11
  10
6776.441952
  20
243.315582
  0
VERTEX
  8
11
  10
6773.347582
  20
241.635498
  0
VERTEX
  8
11
  10
6770.258312
  20
239.670631
  0
VERTEX
  8
11
  10
6767.208062
  20
237.431007
  0
VERTEX
  8
11
  10
6764.203839
  20
234.914049
  0
VERTEX
  8
11
  10
6761.334745
  20
232.194940
  0
VERTEX
  8
11
  10
6758.462547
  20
229.125113
  0
VERTEX
  8
11
  10
6755.730766
  20
225.828649
  0
VERTEX
  8
11
  10
6753.156789
  20
222.331517
  0
VERTEX
  8
11
  10
6750.762006
  20
218.659045
  0
VERTEX
  8
11
  10
6748.378167
  20
214.532550
  0
VERTEX
  8
11
  10
6746.224392
  20
210.342622
  0
VERTEX
  8
11
  10
6744.700646
  20
206.860222
  0
VERTEX
  8
11
  10
6741.729939
  20
199.210621
  0
VERTEX
  8
11
  10
6740.483444
  20
195.193749
  0
VERTEX
  8
11
  10
6738.144769
  20
185.896013
  0
VERTEX
  8
11
  10
6737.297178
  20
181.348770
  0
VERTEX
  8
11
  10
6736.209501
  20
173.796596
  0
VERTEX
  8
11
  10
6735.370600
  20
166.283934
  0
VERTEX
  8
11
  10
6734.599175
  20
156.785270
  0
VERTEX
  8
11
  10
6733.946080
  20
145.947460
  0
VERTEX
  8
11
  10
6733.613583
  20
136.382858
  0
VERTEX
  8
11
  10
6733.197209
  20
121.369312
  0
VERTEX
  8
11
  10
6732.966521
  20
109.500009
  0
VERTEX
  8
11
  10
6732.934694
  20
94.490263
  0
VERTEX
  8
11
  10
6733.031941
  20
79.355728
  0
VERTEX
  8
11
  10
6733.281244
  20
64.355880
  0
VERTEX
  8
11
  10
6733.689648
  20
49.383517
  0
VERTEX
  8
11
  10
6733.873939
  20
43.821300
  0
SEQEND
  8
11
 0
LINE
 8
11
 10
6746.078211
 20
203.544705
 11
6741.435840
 21
205.401689
 0
LINE
 8
11
 10
6736.173564
 20
138.549333
 11
6731.175459
 21
138.687012
 0
LINE
 8
11
 10
6735.732410
 20
122.557578
 11
6730.734312
 21
122.695470
  0
POLYLINE
  8
11
  66
1
  70
0
  0
VERTEX
  8
11
  10
6733.873939
  20
43.821300
  0
VERTEX
  8
11
  10
6735.381507
  20
34.013017
  0
SEQEND
  8
11
  0
POLYLINE
  8
11
  66
1
  70
0
  0
VERTEX
  8
11
  10
6735.381507
  20
34.013017
  0
VERTEX
  8
11
  10
6719.730768
  20
32.341944
  0
VERTEX
  8
11
  10
6704.559006
  20
30.753382
  0
VERTEX
  8
11
  10
6689.550858
  20
29.212444
  0
VERTEX
  8
11
  10
6674.162231
  20
27.670183
  0
VERTEX
  8
11
  10
6658.736904
  20
26.172482
  0
VERTEX
  8
11
  10
6643.776901
  20
24.770604
  0
VERTEX
  8
11
  10
6628.812112
  20
23.420586
  0
VERTEX
  8
11
  10
6613.329799
  20
22.082364
  0
VERTEX
  8
11
  10
6598.354810
  20
20.851480
  0
VERTEX
  8
11
  10
6582.934328
  20
19.657371
  0
VERTEX
  8
11
  10
6567.947870
  20
18.574808
  0
VERTEX
  8
11
  10
6552.955792
  20
17.572427
  0
VERTEX
  8
11
  10
6537.719234
  20
16.639405
  0
VERTEX
  8
11
  10
6522.716721
  20
15.806458
  0
VERTEX
  8
11
  10
6507.268126
  20
15.038399
  0
VERTEX
  8
11
  10
6492.257048
  20
14.381748
  0
VERTEX
  8
11
  10
6476.796710
  20
13.802067
  0
VERTEX
  8
11
  10
6461.778554
  20
13.333387
  0
VERTEX
  8
11
  10
6446.757715
  20
12.951698
  0
VERTEX
  8
11
  10
6431.284617
  20
12.649133
  0
VERTEX
  8
11
  10
6416.260127
  20
12.469790
  0
VERTEX
  8
11
  10
6400.935183
  20
12.418495
  0
VERTEX
  8
11
  10
6389.114418
  20
12.393754
  0
SEQEND
  8
11
  0
POLYLINE
  8
11
  66
1
  70
0
  0
VERTEX
  8
11
  10
6389.114418
  20
12.393754
  0
VERTEX
  8
11
  10
6374.114418
  20
12.393754
  0
SEQEND
  8
11
  0
POLYLINE
  8
11
  66
1
  70
0
  0
VERTEX
  8
11
  10
6374.114418
  20
22.393754
  0
VERTEX
  8
11
  10
6359.114418
  20
22.393754
  0
SEQEND
  8
11
  0
POLYLINE
  8
11
  66
1
  70
0
  0
VERTEX
  8
11
  10
6359.114418
  20
22.393754
  0
VERTEX
  8
11
  10
6346.113929
  20
22.402232
  0
SEQEND
  8
11
  0
POLYLINE
  8
11
  66
1
  70
0
  0
VERTEX
  8
11
  10
6346.113929
  20
22.402232
  0
VERTEX
  8
11
  10
6346.113929
  20
38.294756
  0
VERTEX
  8
11
  10
6346.113929
  20
53.696821
  0
VERTEX
  8
11
  10
6346.113929
  20
69.098887
  0
VERTEX
  8
11
  10
6346.113929
  20
84.802359
  0
VERTEX
  8
11
  10
6346.113929
  20
100.204424
  0
VERTEX
  8
11
  10
6346.113929
  20
115.606490
  0
VERTEX
  8
11
  10
6346.113929
  20
130.882110
  0
VERTEX
  8
11
  10
6346.113929
  20
146.284177
  0
VERTEX
  8
11
  10
6346.113929
  20
161.686244
  0
VERTEX
  8
11
  10
6346.113929
  20
177.088310
  0
VERTEX
  8
11
  10
6346.113929
  20
192.598040
  0
VERTEX
  8
11
  10
6346.113929
  20
208.000103
  0
VERTEX
  8
11
  10
6346.113929
  20
223.402166
  0
VERTEX
  8
11
  10
6346.113929
  20
238.911856
  0
VERTEX
  8
11
  10
6346.113929
  20
254.313919
  0
VERTEX
  8
11
  10
6346.113929
  20
269.715982
  0
VERTEX
  8
11
  10
6346.113929
  20
285.225596
  0
VERTEX
  8
11
  10
6346.113929
  20
300.627660
  0
VERTEX
  8
11
  10
6346.113929
  20
316.029725
  0
VERTEX
  8
11
  10
6346.113929
  20
330.697139
  0
VERTEX
  8
11
  10
6346.113929
  20
346.869307
  0
VERTEX
  8
11
  10
6346.113929
  20
362.271371
  0
VERTEX
  8
11
  10
6346.113929
  20
377.673435
  0
VERTEX
  8
11
  10
6346.113929
  20
393.110835
  0
VERTEX
  8
11
  10
6346.113929
  20
408.512898
  0
VERTEX
  8
11
  10
6346.113929
  20
423.914962
  0
VERTEX
  8
11
  10
6346.113929
  20
439.352367
  0
VERTEX
  8
11
  10
6346.113929
  20
454.754436
  0
VERTEX
  8
11
  10
6346.113929
  20
470.156507
  0
VERTEX
  8
11
  10
6346.113929
  20
485.593953
  0
VERTEX
  8
11
  10
6346.113929
  20
500.996021
  0
VERTEX
  8
11
  10
6346.113929
  20
516.398087
  0
VERTEX
  8
11
  10
6346.113929
  20
531.569727
  0
VERTEX
  8
11
  10
6346.113929
  20
546.774456
  0
VERTEX
  8
11
  10
6346.113929
  20
562.086553
  0
VERTEX
  8
11
  10
6346.113929
  20
577.016279
  0
VERTEX
  8
11
  10
6346.113929
  20
583.943789
  0
SEQEND
  8
11
  0
POLYLINE
  8
11
  66
1
  70
0
  0
VERTEX
  8
11
  10
6346.113929
  20
583.943789
  0
VERTEX
  8
11
  10
6351.985546
  20
583.078966
  0
VERTEX
  8
11
  10
6357.550762
  20
582.557433
  0
VERTEX
  8
11
  10
6359.114418
  20
582.454684
  0
SEQEND
  8
11
  0
POLYLINE
  8
11
  66
1
  70
0
  0
VERTEX
  8
11
  10
6359.114418
  20
582.454684
  0
VERTEX
  8
11
  10
6366.712131
  20
582.310618
  0
VERTEX
  8
11
  10
6372.730952
  20
582.461851
  0
VERTEX
  8
11
  10
6374.114418
  20
582.527087
  0
SEQEND
  8
11
 0
LINE
 8
11
 10
6374.120135
 20
585.027081
 11
6374.108701
 21
580.027094
  0
POLYLINE
  8
11
  66
1
  70
0
  0
VERTEX
  8
11
  10
6374.114418
  20
582.527087
  0
VERTEX
  8
11
  10
6381.261259
  20
582.311738
  0
VERTEX
  8
11
  10
6387.803259
  20
582.406725
  0
VERTEX
  8
11
  10
6389.114418
  20
582.454684
  0
SEQEND
  8
11
  0
POLYLINE
  8
11
  66
1
  70
0
  0
VERTEX
  8
11
  10
6389.114418
  20
582.454684
  0
VERTEX
  8
11
  10
6396.766243
  20
583.155674
  0
VERTEX
  8
11
  10
6401.720155
  20
583.837076
  0
VERTEX
  8
11
  10
6405.969032
  20
584.657456
  0
VERTEX
  8
11
  10
6409.928263
  20
585.663208
  0
VERTEX
  8
11
  10
6413.988576
  20
586.953152
  0
VERTEX
  8
11
  10
6418.017376
  20
588.495688
  0
VERTEX
  8
11
  10
6422.002849
  20
590.290643
  0
VERTEX
  8
11
  10
6425.893241
  20
592.315164
  0
VERTEX
  8
11
  10
6429.675556
  20
594.559471
  0
VERTEX
  8
11
  10
6433.340564
  20
597.016654
  0
VERTEX
  8
11
  10
6436.882750
  20
599.685907
  0
VERTEX
  8
11
  10
6440.249070
  20
602.533745
  0
VERTEX
  8
11
  10
6443.539579
  20
605.643940
  0
VERTEX
  8
11
  10
6446.466018
  20
608.757813
  0
VERTEX
  8
11
  10
6449.237215
  20
612.064448
  0
VERTEX
  8
11
  10
6451.733794
  20
615.421793
  0
VERTEX
  8
11
  10
6453.965952
  20
618.826295
  0
VERTEX
  8
11
  10
6456.002190
  20
622.373999
  0
VERTEX
  8
11
  10
6457.926229
  20
626.235598
  0
VERTEX
  8
11
  10
6459.753264
  20
630.476609
  0
VERTEX
  8
11
  10
6461.492864
  20
635.153453
  0
VERTEX
  8
11
  10
6463.073531
  20
640.103895
  0
VERTEX
  8
11
  10
6464.390401
  20
645.026223
  0
VERTEX
  8
11
  10
6465.476966
  20
650.049846
  0
VERTEX
  8
11
  10
6466.598548
  20
656.586230
  0
SEQEND
  8
11
 0
LINE
 8
11
 10
6441.093904
 20
606.741369
 11
6444.592342
 21
603.169124
  0
POLYLINE
  8
11
  66
1
  70
0
  0
VERTEX
  8
11
  10
6466.598548
  20
656.586230
  0
VERTEX
  8
11
  10
6481.864623
  20
653.195886
  0
VERTEX
  8
11
  10
6496.600140
  20
649.806030
  0
VERTEX
  8
11
  10
6511.548136
  20
646.193291
  0
VERTEX
  8
11
  10
6525.482198
  20
642.590967
  0
VERTEX
  8
11
  10
6538.690520
  20
638.926084
  0
VERTEX
  8
11
  10
6553.122117
  20
634.693393
  0
VERTEX
  8
11
  10
6567.738863
  20
630.333532
  0
VERTEX
  8
11
  10
6580.972515
  20
626.241045
  0
VERTEX
  8
11
  10
6592.949867
  20
622.258533
  0
SEQEND
  8
11
 0
LINE
 8
11
 10
6593.753274
 20
624.625924
 11
6592.146914
 21
619.890990
  0
POLYLINE
  8
11
  66
1
  70
0
  0
VERTEX
  8
11
  10
6592.949867
  20
622.258533
  0
VERTEX
  8
11
  10
6601.982235
  20
618.956567
  0
VERTEX
  8
11
  10
6611.622145
  20
615.134888
  0
VERTEX
  8
11
  10
6622.557406
  20
610.525576
  0
VERTEX
  8
11
  10
6636.806672
  20
604.214195
  0
VERTEX
  8
11
  10
6650.674351
  20
597.862332
  0
VERTEX
  8
11
  10
6664.399919
  20
591.417523
  0
VERTEX
  8
11
  10
6678.146957
  20
584.806927
  0
VERTEX
  8
11
  10
6691.679373
  20
578.143008
  0
VERTEX
  8
11
  10
6705.224916
  20
571.328370
  0
VERTEX
  8
11
  10
6718.717416
  20
564.443302
  0
VERTEX
  8
11
  10
6732.201662
  20
557.508165
  0
VERTEX
  8
11
  10
6745.669977
  20
550.542321
  0
VERTEX
  8
11
  10
6759.126554
  20
543.553713
  0
VERTEX
  8
11
  10
6772.796671
  20
536.436636
  0
VERTEX
  8
11
  10
6786.244298
  20
529.430595
  0
VERTEX
  8
11
  10
6799.691570
  20
522.423910
  0
VERTEX
  8
11
  10
6813.192789
  20
515.391525
  0
VERTEX
  8
11
  10
6826.642635
  20
508.389876
  0
VERTEX
  8
11
  10
6840.093960
  20
501.391076
  0
VERTEX
  8
11
  10
6853.660241
  20
494.335665
  0
VERTEX
  8
11
  10
6866.897404
  20
487.453810
  0
VERTEX
  8
11
  10
6871.777992
  20
484.916881
  0
SEQEND
  8
11
 0
LINE
 8
11
 10
6766.478980
 20
542.545446
 11
6764.170239
 21
538.110391
  0
POLYLINE
  8
11
  66
1
  70
0
  0
VERTEX
  8
11
  10
6871.777992
  20
484.916881
  0
VERTEX
  8
11
  10
6865.928753
  20
470.496855
  0
VERTEX
  8
11
  10
6860.263375
  20
456.270097
  0
VERTEX
  8
11
  10
6854.800931
  20
442.208235
  0
VERTEX
  8
11
  10
6849.484271
  20
428.160054
  0
VERTEX
  8
11
  10
6844.262623
  20
414.017278
  0
VERTEX
  8
11
  10
6839.192813
  20
399.878343
  0
VERTEX
  8
11
  10
6834.235099
  20
385.544790
  0
VERTEX
  8
11
  10
6829.418641
  20
371.030747
  0
VERTEX
  8
11
  10
6824.876827
  20
356.713380
  0
VERTEX
  8
11
  10
6820.503370
  20
342.259095
  0
VERTEX
  8
11
  10
6816.325661
  20
327.746134
  0
VERTEX
  8
11
  10
6812.371459
  20
313.255483
  0
VERTEX
  8
11
  10
6808.606756
  20
298.632345
  0
VERTEX
  8
11
  10
6805.045209
  20
284.046071
  0
VERTEX
  8
11
  10
6801.583597
  20
269.241328
  0
VERTEX
  8
11
  10
6799.121742
  20
258.309558
  0
SEQEND
  8
11
 0
LINE
 8
11
 10
6806.003119
 20
277.235490
 11
6801.135025
 21
278.376393
  0
POLYLINE
  8
11
  66
1
  70
0
  0
VERTEX
  8
11
  10
6799.121742
  20
258.309558
  0
VERTEX
  8
11
  10
6794.220901
  20
258.125111
  0
VERTEX
  8
11
  10
6789.145546
  20
257.632258
  0
SEQEND
  8
11
  0
POLYLINE
  8
11
  66
1
  70
0
  0
VERTEX
  8
11
  10
6789.145546
  20
257.632258
  0
VERTEX
  8
11
  10
6784.154945
  20
256.615319
  0
VERTEX
  8
11
  10
6780.385200
  20
255.600612
  0
VERTEX
  8
11
  10
6776.822736
  20
254.388015
  0
VERTEX
  8
11
  10
6773.519229
  20
253.001958
  0
VERTEX
  8
11
  10
6770.116079
  20
251.294971
  0
VERTEX
  8
11
  10
6766.766014
  20
249.335731
  0
VERTEX
  8
11
  10
6763.474769
  20
247.127280
  0
VERTEX
  8
11
  10
6760.201015
  20
244.632424
  0
VERTEX
  8
11
  10
6756.991146
  20
241.874781
  0
VERTEX
  8
11
  10
6753.831786
  20
238.828089
  0
VERTEX
  8
11
  10
6750.796239
  20
235.549763
  0
VERTEX
  8
11
  10
6747.944085
  20
232.105691
  0
VERTEX
  8
11
  10
6745.226254
  20
228.439259
  0
VERTEX
  8
11
  10
6742.640056
  20
224.539126
  0
VERTEX
  8
11
  10
6740.184518
  20
220.389848
  0
VERTEX
  8
11
  10
6737.882307
  20
216.008599
  0
VERTEX
  8
11
  10
6735.743154
  20
211.401811
  0
VERTEX
  8
11
  10
6733.817407
  20
206.681652
  0
VERTEX
  8
11
  10
6732.015090
  20
201.595127
  0
VERTEX
  8
11
  10
6730.437276
  20
196.402462
  0
VERTEX
  8
11
  10
6729.076084
  20
191.081916
  0
VERTEX
  8
11
  10
6727.895699
  20
185.463069
  0
VERTEX
  8
11
  10
6726.853643
  20
179.256672
  0
VERTEX
  8
11
  10
6725.942928
  20
172.260919
  0
VERTEX
  8
11
  10
6725.106828
  20
163.796907
  0
VERTEX
  8
11
  10
6724.381282
  20
153.747745
  0
VERTEX
  8
11
  10
6723.762929
  20
141.417804
  0
VERTEX
  8
11
  10
6723.290850
  20
126.815826
  0
VERTEX
  8
11
  10
6723.201942
  20
122.906936
  0
SEQEND
  8
11
 0
LINE
 8
11
 10
6736.736190
 20
207.287424
 11
6732.091175
 21
209.137785
 0
LINE
 8
11
 10
6726.161209
 20
138.806831
 11
6721.164667
 21
138.992745
 0
LINE
 8
11
 10
6725.701448
 20
122.857248
 11
6720.702480
 21
122.958853
  0
POLYLINE
  8
11
  66
1
  70
0
  0
VERTEX
  8
11
  10
6723.201942
  20
122.906936
  0
VERTEX
  8
11
  10
6722.977341
  20
107.493226
  0
VERTEX
  8
11
  10
6722.936791
  20
92.351603
  0
VERTEX
  8
11
  10
6723.051893
  20
77.115653
  0
VERTEX
  8
11
  10
6723.337699
  20
61.931249
  0
VERTEX
  8
11
  10
6723.759257
  20
46.973438
  0
VERTEX
  8
11
  10
6723.893470
  20
42.920850
  0
SEQEND
  8
11
  0
POLYLINE
  8
11
  66
1
  70
0
  0
VERTEX
  8
11
  10
6723.893470
  20
42.920850
  0
VERTEX
  8
11
  10
6708.396176
  20
41.254239
  0
VERTEX
  8
11
  10
6692.966613
  20
39.634531
  0
VERTEX
  8
11
  10
6677.457631
  20
38.049842
  0
VERTEX
  8
11
  10
6662.416183
  20
36.566682
  0
VERTEX
  8
11
  10
6646.967904
  20
35.103874
  0
VERTEX
  8
11
  10
6631.514140
  20
33.699172
  0
VERTEX
  8
11
  10
6616.541848
  20
32.392246
  0
VERTEX
  8
11
  10
6601.077937
  20
31.103872
  0
VERTEX
  8
11
  10
6585.608271
  20
29.887549
  0
VERTEX
  8
11
  10
6570.269998
  20
28.762101
  0
VERTEX
  8
11
  10
6554.788171
  20
27.711635
  0
VERTEX
  8
11
  10
6539.360623
  20
26.753110
  0
VERTEX
  8
11
  10
6523.867634
  20
25.881240
  0
VERTEX
  8
11
  10
6508.860096
  20
25.124863
  0
VERTEX
  8
11
  10
6493.358006
  20
24.436359
  0
VERTEX
  8
11
  10
6478.342389
  20
23.861169
  0
VERTEX
  8
11
  10
6462.832918
  20
23.363713
  0
VERTEX
  8
11
  10
6447.320480
  20
22.966357
  0
VERTEX
  8
11
  10
6432.298009
  20
22.678885
  0
VERTEX
  8
11
  10
6416.781629
  20
22.484142
  0
VERTEX
  8
11
  10
6402.112250
  20
22.397350
  0
VERTEX
  8
11
  10
6389.114418
  20
22.393754
  0
SEQEND
  8
11
  0
POLYLINE
  8
11
  66
1
  70
0
  0
VERTEX
  8
11
  10
6389.114418
  20
22.393754
  0
VERTEX
  8
11
  10
6374.114418
  20
22.393754
  0
SEQEND
  8
11
  0
POLYLINE
  8
11
  66
1
  70
0
  0
VERTEX
  8
11
  10
6374.114418
  20
582.527087
  0
VERTEX
  8
11
  10
6374.114418
  20
566.988942
  0
VERTEX
  8
11
  10
6374.114418
  20
551.134131
  0
VERTEX
  8
11
  10
6374.114418
  20
535.327014
  0
VERTEX
  8
11
  10
6374.114418
  20
520.069156
  0
VERTEX
  8
11
  10
6374.114418
  20
504.438593
  0
VERTEX
  8
11
  10
6374.114418
  20
488.872893
  0
VERTEX
  8
11
  10
6374.114418
  20
473.717710
  0
VERTEX
  8
11
  10
6374.114418
  20
458.112995
  0
VERTEX
  8
11
  10
6374.114418
  20
442.211157
  0
VERTEX
  8
11
  10
6374.114418
  20
426.975904
  0
VERTEX
  8
11
  10
6374.114418
  20
410.907604
  0
VERTEX
  8
11
  10
6374.114418
  20
394.839303
  0
VERTEX
  8
11
  10
6374.114418
  20
378.771003
  0
VERTEX
  8
11
  10
6374.114418
  20
363.369135
  0
VERTEX
  8
11
  10
6374.114418
  20
347.300835
  0
VERTEX
  8
11
  10
6374.114418
  20
331.232535
  0
VERTEX
  8
11
  10
6374.114418
  20
315.892466
  0
VERTEX
  8
11
  10
6374.114418
  20
299.824166
  0
VERTEX
  8
11
  10
6374.114418
  20
283.755867
  0
VERTEX
  8
11
  10
6374.114418
  20
268.354000
  0
VERTEX
  8
11
  10
6374.114418
  20
252.285702
  0
VERTEX
  8
11
  10
6374.114418
  20
236.217404
  0
VERTEX
  8
11
  10
6374.114418
  20
220.877335
  0
VERTEX
  8
11
  10
6374.114418
  20
204.809036
  0
VERTEX
  8
11
  10
6374.114418
  20
188.740736
  0
VERTEX
  8
11
  10
6374.114418
  20
172.672436
  0
VERTEX
  8
11
  10
6374.114418
  20
157.157545
  0
VERTEX
  8
11
  10
6374.114418
  20
141.089244
  0
VERTEX
  8
11
  10
6374.114418
  20
125.020943
  0
VERTEX
  8
11
  10
6374.114418
  20
109.680833
  0
VERTEX
  8
11
  10
6374.114418
  20
93.612532
  0
VERTEX
  8
11
  10
6374.114418
  20
77.544232
  0
VERTEX
  8
11
  10
6374.114418
  20
61.903669
  0
VERTEX
  8
11
  10
6374.114418
  20
46.646107
  0
VERTEX
  8
11
  10
6374.114418
  20
31.577092
  0
VERTEX
  8
11
  10
6374.114418
  20
22.393811
  0
SEQEND
  8
11
  0
POLYLINE
  8
11
  66
1
  70
0
  0
VERTEX
  8
11
  10
6729.121742
  20
191.313003
  0
VERTEX
  8
11
  10
6713.391118
  20
191.313003
  0
VERTEX
  8
11
  10
6697.869498
  20
191.313003
  0
VERTEX
  8
11
  10
6682.380303
  20
191.313003
  0
VERTEX
  8
11
  10
6667.068686
  20
191.313003
  0
VERTEX
  8
11
  10
6651.774453
  20
191.313003
  0
VERTEX
  8
11
  10
6636.480198
  20
191.313003
  0
VERTEX
  8
11
  10
6621.360448
  20
191.313003
  0
VERTEX
  8
11
  10
6606.066190
  20
191.313003
  0
VERTEX
  8
11
  10
6590.771947
  20
191.313003
  0
VERTEX
  8
11
  10
6575.477725
  20
191.313003
  0
VERTEX
  8
11
  10
6559.638375
  20
191.313003
  0
VERTEX
  8
11
  10
6544.344217
  20
191.313003
  0
VERTEX
  8
11
  10
6529.050087
  20
191.313003
  0
VERTEX
  8
11
  10
6513.211431
  20
191.313003
  0
VERTEX
  8
11
  10
6497.917332
  20
191.313003
  0
VERTEX
  8
11
  10
6482.623219
  20
191.313003
  0
VERTEX
  8
11
  10
6467.329067
  20
191.313003
  0
VERTEX
  8
11
  10
6452.165897
  20
191.313003
  0
VERTEX
  8
11
  10
6436.871645
  20
191.313003
  0
VERTEX
  8
11
  10
6421.577374
  20
191.313003
  0
VERTEX
  8
11
  10
6406.025787
  20
191.313003
  0
VERTEX
  8
11
  10
6391.280053
  20
191.313003
  0
VERTEX
  8
11
  10
6389.114418
  20
191.313003
  0
SEQEND
  8
11
  0
POLYLINE
  8
11
  66
1
  70
0
  0
VERTEX
  8
11
  10
6792.477455
  20
257.237971
  0
VERTEX
  8
11
  10
6792.822914
  20
259.195827
  0
VERTEX
  8
11
  10
6793.442421
  20
257.307361
  0
VERTEX
  8
11
  10
6793.784217
  20
259.265368
  0
VERTEX
  8
11
  10
6794.403114
  20
257.376788
  0
VERTEX
  8
11
  10
6794.743080
  20
259.334796
  0
VERTEX
  8
11
  10
6795.364418
  20
257.446216
  0
VERTEX
  8
11
  10
6795.706215
  20
259.404223
  0
VERTEX
  8
11
  10
6796.326942
  20
257.515567
  0
VERTEX
  8
11
  10
6796.668739
  20
259.473689
  0
VERTEX
  8
11
  10
6797.285804
  20
257.585109
  0
VERTEX
  8
11
  10
6797.630043
  20
259.543040
  0
SEQEND
  8
11
  0
POLYLINE
  8
11
  66
1
  70
0
  0
VERTEX
  8
11
  10
6402.112465
  20
583.949283
  0
VERTEX
  8
11
  10
6402.112465
  20
568.161923
  0
VERTEX
  8
11
  10
6402.112465
  20
552.609622
  0
VERTEX
  8
11
  10
6402.112465
  20
536.972130
  0
VERTEX
  8
11
  10
6402.112465
  20
521.559418
  0
VERTEX
  8
11
  10
6402.112465
  20
506.157747
  0
VERTEX
  8
11
  10
6402.112465
  20
490.756077
  0
VERTEX
  8
11
  10
6402.112465
  20
475.583518
  0
VERTEX
  8
11
  10
6402.112465
  20
460.181843
  0
VERTEX
  8
11
  10
6402.112465
  20
444.780164
  0
VERTEX
  8
11
  10
6402.112465
  20
429.342121
  0
VERTEX
  8
11
  10
6402.112465
  20
413.940439
  0
VERTEX
  8
11
  10
6402.112465
  20
398.538756
  0
VERTEX
  8
11
  10
6402.112465
  20
383.137072
  0
VERTEX
  8
11
  10
6402.112465
  20
367.699062
  0
VERTEX
  8
11
  10
6402.112465
  20
352.297377
  0
VERTEX
  8
11
  10
6402.112465
  20
336.895693
  0
VERTEX
  8
11
  10
6402.112465
  20
321.457650
  0
VERTEX
  8
11
  10
6402.112465
  20
306.055972
  0
VERTEX
  8
11
  10
6402.112465
  20
290.654295
  0
VERTEX
  8
11
  10
6402.112465
  20
275.216295
  0
VERTEX
  8
11
  10
6402.112465
  20
259.814618
  0
VERTEX
  8
11
  10
6402.112465
  20
244.412940
  0
VERTEX
  8
11
  10
6402.112465
  20
228.902724
  0
VERTEX
  8
11
  10
6402.112465
  20
213.501043
  0
VERTEX
  8
11
  10
6402.112465
  20
198.099361
  0
VERTEX
  8
11
  10
6402.112465
  20
182.697680
  0
VERTEX
  8
11
  10
6402.112465
  20
167.187443
  0
VERTEX
  8
11
  10
6402.112465
  20
151.785764
  0
VERTEX
  8
11
  10
6402.112465
  20
136.384084
  0
VERTEX
  8
11
  10
6402.112465
  20
120.873927
  0
VERTEX
  8
11
  10
6402.112465
  20
105.472248
  0
VERTEX
  8
11
  10
6402.112465
  20
90.070570
  0
VERTEX
  8
11
  10
6402.112465
  20
74.784290
  0
VERTEX
  8
11
  10
6402.112465
  20
59.382613
  0
VERTEX
  8
11
  10
6402.112465
  20
43.980935
  0
VERTEX
  8
11
  10
6402.112465
  20
28.295092
  0
VERTEX
  8
11
  10
6402.112465
  20
22.417920
  0
SEQEND
  8
11
  0
POLYLINE
  8
11
  66
1
  70
0
  0
VERTEX
  8
11
  10
6389.121742
  20
258.309558
  0
VERTEX
  8
11
  10
6799.121742
  20
258.309558
  0
SEQEND
  8
11
  0
POLYLINE
  8
11
  66
1
  70
0
  0
VERTEX
  8
11
  10
6389.114418
  20
12.393754
  0
VERTEX
  8
11
  10
6374.114418
  20
12.393754
  0
SEQEND
  8
11
  0
POLYLINE
  8
11
  66
1
  70
0
  0
VERTEX
  8
11
  10
6735.381507
  20
34.013017
  0
VERTEX
  8
11
  10
6719.730873
  20
32.341941
  0
VERTEX
  8
11
  10
6704.559364
  20
30.753377
  0
VERTEX
  8
11
  10
6689.550819
  20
29.212440
  0
VERTEX
  8
11
  10
6674.162025
  20
27.670176
  0
VERTEX
  8
11
  10
6658.737220
  20
26.172498
  0
VERTEX
  8
11
  10
6643.776893
  20
24.770616
  0
VERTEX
  8
11
  10
6628.812294
  20
23.420604
  0
VERTEX
  8
11
  10
6613.330116
  20
22.082370
  0
VERTEX
  8
11
  10
6598.354530
  20
20.851491
  0
VERTEX
  8
11
  10
6582.933998
  20
19.657357
  0
VERTEX
  8
11
  10
6567.947425
  20
18.574794
  0
VERTEX
  8
11
  10
6552.955360
  20
17.572415
  0
VERTEX
  8
11
  10
6537.719154
  20
16.639398
  0
VERTEX
  8
11
  10
6522.716713
  20
15.806449
  0
VERTEX
  8
11
  10
6507.268104
  20
15.038407
  0
VERTEX
  8
11
  10
6492.257118
  20
14.381755
  0
VERTEX
  8
11
  10
6476.796302
  20
13.802064
  0
VERTEX
  8
11
  10
6461.777992
  20
13.333381
  0
VERTEX
  8
11
  10
6446.757240
  20
12.951701
  0
VERTEX
  8
11
  10
6431.284828
  20
12.649138
  0
VERTEX
  8
11
  10
6416.259803
  20
12.469790
  0
VERTEX
  8
11
  10
6400.935096
  20
12.418502
  0
VERTEX
  8
11
  10
6389.114418
  20
12.393754
  0
SEQEND
  8
11
  0
POLYLINE
  8
11
  66
1
  70
0
  0
VERTEX
  8
11
  10
6733.873939
  20
43.821300
  0
VERTEX
  8
11
  10
6735.381507
  20
34.013017
  0
SEQEND
  8
11
  0
POLYLINE
  8
11
  66
1
  70
0
  0
VERTEX
  8
11
  10
6790.526161
  20
247.716144
  0
VERTEX
  8
11
  10
6786.026649
  20
246.781142
  0
VERTEX
  8
11
  10
6782.572059
  20
245.807574
  0
VERTEX
  8
11
  10
6779.507484
  20
244.700034
  0
VERTEX
  8
11
  10
6776.441688
  20
243.315585
  0
VERTEX
  8
11
  10
6773.347206
  20
241.635497
  0
VERTEX
  8
11
  10
6770.258216
  20
239.670680
  0
VERTEX
  8
11
  10
6767.208290
  20
237.431052
  0
VERTEX
  8
11
  10
6764.204139
  20
234.914058
  0
VERTEX
  8
11
  10
6761.334877
  20
232.194903
  0
VERTEX
  8
11
  10
6758.462562
  20
229.125083
  0
VERTEX
  8
11
  10
6755.730629
  20
225.828708
  0
VERTEX
  8
11
  10
6753.156776
  20
222.331527
  0
VERTEX
  8
11
  10
6750.761757
  20
218.658927
  0
VERTEX
  8
11
  10
6748.378334
  20
214.532416
  0
VERTEX
  8
11
  10
6746.224403
  20
210.342677
  0
VERTEX
  8
11
  10
6744.700355
  20
206.860240
  0
VERTEX
  8
11
  10
6741.729774
  20
199.210570
  0
VERTEX
  8
11
  10
6740.483436
  20
195.193694
  0
VERTEX
  8
11
  10
6738.144569
  20
185.896037
  0
VERTEX
  8
11
  10
6737.296791
  20
181.348784
  0
VERTEX
  8
11
  10
6736.209755
  20
173.796599
  0
VERTEX
  8
11
  10
6735.370521
  20
166.283935
  0
VERTEX
  8
11
  10
6734.599037
  20
156.785281
  0
VERTEX
  8
11
  10
6733.946571
  20
145.947459
  0
VERTEX
  8
11
  10
6733.613319
  20
136.382850
  0
VERTEX
  8
11
  10
6733.197059
  20
121.369327
  0
VERTEX
  8
11
  10
6732.966346
  20
109.499991
  0
VERTEX
  8
11
  10
6732.934608
  20
94.490264
  0
VERTEX
  8
11
  10
6733.032264
  20
79.355720
  0
VERTEX
  8
11
  10
6733.281288
  20
64.355872
  0
VERTEX
  8
11
  10
6733.689613
  20
49.383500
  0
VERTEX
  8
11
  10
6733.873939
  20
43.821300
  0
SEQEND
  8
11
  0
POLYLINE
  8
11
  66
1
  70
0
  0
VERTEX
  8
11
  10
6813.555336
  20
248.701289
  0
VERTEX
  8
11
  10
6798.396644
  20
248.354686
  0
VERTEX
  8
11
  10
6793.062172
  20
247.970469
  0
VERTEX
  8
11
  10
6790.526161
  20
247.716144
  0
SEQEND
  8
11
  0
POLYLINE
  8
11
  66
1
  70
0
  0
VERTEX
  8
11
  10
6809.453773
  20
258.691676
  0
VERTEX
  8
11
  10
6813.555336
  20
248.701289
  0
SEQEND
  8
11
  0
POLYLINE
  8
11
  66
1
  70
0
  0
VERTEX
  8
11
  10
6880.692176
  20
480.281718
  0
VERTEX
  8
11
  10
6874.868202
  20
465.914271
  0
VERTEX
  8
11
  10
6869.205360
  20
451.679805
  0
VERTEX
  8
11
  10
6863.734169
  20
437.573474
  0
VERTEX
  8
11
  10
6858.320961
  20
423.241160
  0
VERTEX
  8
11
  10
6853.023109
  20
408.845599
  0
VERTEX
  8
11
  10
6847.865638
  20
394.392360
  0
VERTEX
  8
11
  10
6842.885170
  20
379.904178
  0
VERTEX
  8
11
  10
6838.083534
  20
365.324138
  0
VERTEX
  8
11
  10
6833.550453
  20
350.906642
  0
VERTEX
  8
11
  10
6829.154701
  20
336.230510
  0
VERTEX
  8
11
  10
6825.025062
  20
321.698115
  0
VERTEX
  8
11
  10
6821.096840
  20
307.118762
  0
VERTEX
  8
11
  10
6817.318153
  20
292.271731
  0
VERTEX
  8
11
  10
6813.859901
  20
277.674258
  0
VERTEX
  8
11
  10
6810.427284
  20
263.027537
  0
VERTEX
  8
11
  10
6809.453773
  20
258.691676
  0
SEQEND
  8
11
  0
POLYLINE
  8
11
  66
1
  70
0
  0
VERTEX
  8
11
  10
6885.307655
  20
489.150470
  0
VERTEX
  8
11
  10
6880.692176
  20
480.281718
  0
SEQEND
  8
11
  0
POLYLINE
  8
11
  66
1
  70
0
  0
VERTEX
  8
11
  10
6460.369911
  20
668.316577
  0
VERTEX
  8
11
  10
6475.370521
  20
664.866336
  0
VERTEX
  8
11
  10
6490.068397
  20
661.561511
  0
VERTEX
  8
11
  10
6505.000648
  20
658.094485
  0
VERTEX
  8
11
  10
6519.621620
  20
654.466479
  0
VERTEX
  8
11
  10
6533.517494
  20
650.769122
  0
VERTEX
  8
11
  10
6547.187538
  20
646.870196
  0
VERTEX
  8
11
  10
6561.836586
  20
642.533496
  0
VERTEX
  8
11
  10
6576.271400
  20
638.217700
  0
VERTEX
  8
11
  10
6586.471595
  20
634.972995
  0
VERTEX
  8
11
  10
6601.123085
  20
629.976047
  0
VERTEX
  8
11
  10
6608.336830
  20
627.238162
  0
VERTEX
  8
11
  10
6620.319252
  20
622.343600
  0
VERTEX
  8
11
  10
6632.247352
  20
617.208331
  0
VERTEX
  8
11
  10
6646.160926
  20
610.946963
  0
VERTEX
  8
11
  10
6659.834632
  20
604.625323
  0
VERTEX
  8
11
  10
6673.615150
  20
598.101352
  0
VERTEX
  8
11
  10
6687.170448
  20
591.528705
  0
VERTEX
  8
11
  10
6700.620765
  20
584.852374
  0
VERTEX
  8
11
  10
6714.063148
  20
578.052371
  0
VERTEX
  8
11
  10
6727.706947
  20
571.070025
  0
VERTEX
  8
11
  10
6741.098671
  20
564.170382
  0
VERTEX
  8
11
  10
6754.475746
  20
557.242129
  0
VERTEX
  8
11
  10
6767.851600
  20
550.285800
  0
VERTEX
  8
11
  10
6781.348915
  20
543.253787
  0
VERTEX
  8
11
  10
6794.709510
  20
536.293490
  0
VERTEX
  8
11
  10
6808.070106
  20
529.334109
  0
VERTEX
  8
11
  10
6821.611976
  20
522.282489
  0
VERTEX
  8
11
  10
6834.974403
  20
515.327037
  0
VERTEX
  8
11
  10
6848.338661
  20
508.374293
  0
VERTEX
  8
11
  10
6861.670570
  20
501.442302
  0
VERTEX
  8
11
  10
6875.036659
  20
494.493525
  0
VERTEX
  8
11
  10
6885.307655
  20
489.150470
  0
SEQEND
  8
11
  0
POLYLINE
  8
11
  66
1
  70
0
  0
VERTEX
  8
11
  10
6459.920692
  20
658.838809
  0
VERTEX
  8
11
  10
6460.369911
  20
668.316577
  0
SEQEND
  8
11
  0
POLYLINE
  8
11
  66
1
  70
0
  0
VERTEX
  8
11
  10
6388.753090
  20
589.450076
  0
VERTEX
  8
11
  10
6396.768837
  20
590.196994
  0
VERTEX
  8
11
  10
6401.168251
  20
590.824664
  0
VERTEX
  8
11
  10
6405.137367
  20
591.645434
  0
VERTEX
  8
11
  10
6409.035072
  20
592.698672
  0
VERTEX
  8
11
  10
6412.846717
  20
593.981784
  0
VERTEX
  8
11
  10
6416.602211
  20
595.504535
  0
VERTEX
  8
11
  10
6420.376014
  20
597.301715
  0
VERTEX
  8
11
  10
6424.011268
  20
599.302676
  0
VERTEX
  8
11
  10
6427.571449
  20
601.539996
  0
VERTEX
  8
11
  10
6431.072425
  20
604.034808
  0
VERTEX
  8
11
  10
6434.362220
  20
606.681445
  0
VERTEX
  8
11
  10
6437.438392
  20
609.467013
  0
VERTEX
  8
11
  10
6440.319252
  20
612.398990
  0
VERTEX
  8
11
  10
6443.004188
  20
615.481875
  0
VERTEX
  8
11
  10
6445.474281
  20
618.696902
  0
VERTEX
  8
11
  10
6447.666053
  20
621.949847
  0
VERTEX
  8
11
  10
6449.616127
  20
625.281299
  0
VERTEX
  8
11
  10
6451.433754
  20
628.876117
  0
VERTEX
  8
11
  10
6453.177528
  20
632.886889
  0
VERTEX
  8
11
  10
6454.862098
  20
637.394793
  0
VERTEX
  8
11
  10
6456.359901
  20
642.083209
  0
VERTEX
  8
11
  10
6457.633705
  20
646.879657
  0
VERTEX
  8
11
  10
6458.761634
  20
652.129443
  0
VERTEX
  8
11
  10
6459.920692
  20
658.838809
  0
SEQEND
  8
11
  0
POLYLINE
  8
11
  66
1
  70
0
  0
VERTEX
  8
11
  10
6374.114418
  20
589.531253
  0
VERTEX
  8
11
  10
6381.184120
  20
589.313052
  0
VERTEX
  8
11
  10
6387.655067
  20
589.409411
  0
VERTEX
  8
11
  10
6388.753090
  20
589.450076
  0
SEQEND
  8
11
  0
POLYLINE
  8
11
  66
1
  70
0
  0
VERTEX
  8
11
  10
6359.489173
  20
589.449923
  0
VERTEX
  8
11
  10
6366.858558
  20
589.312137
  0
VERTEX
  8
11
  10
6372.774696
  20
589.466556
  0
VERTEX
  8
11
  10
6374.114418
  20
589.531253
  0
SEQEND
  8
11
  0
POLYLINE
  8
11
  66
1
  70
0
  0
VERTEX
  8
11
  10
6346.113929
  20
591.025928
  0
VERTEX
  8
11
  10
6352.144203
  20
590.112765
  0
VERTEX
  8
11
  10
6357.573890
  20
589.582141
  0
VERTEX
  8
11
  10
6359.489173
  20
589.449923
  0
SEQEND
  8
11
  0
POLYLINE
  8
11
  66
1
  70
0
  0
VERTEX
  8
11
  10
6318.114051
  20
588.099292
  0
VERTEX
  8
11
  10
6327.165565
  20
588.704608
  0
VERTEX
  8
11
  10
6335.224037
  20
589.494021
  0
VERTEX
  8
11
  10
6342.165565
  20
590.406192
  0
VERTEX
  8
11
  10
6346.113929
  20
591.025928
  0
SEQEND
  8
11
  0
POLYLINE
  8
11
  66
1
  70
0
  0
VERTEX
  8
11
  10
6318.114051
  20
-2.616016
  0
VERTEX
  8
11
  10
6318.114051
  20
13.313477
  0
VERTEX
  8
11
  10
6318.114051
  20
29.135039
  0
VERTEX
  8
11
  10
6318.114051
  20
44.711116
  0
VERTEX
  8
11
  10
6318.114051
  20
60.425704
  0
VERTEX
  8
11
  10
6318.114051
  20
76.140283
  0
VERTEX
  8
11
  10
6318.114051
  20
91.817878
  0
VERTEX
  8
11
  10
6318.114051
  20
107.532466
  0
VERTEX
  8
11
  10
6318.114051
  20
123.247054
  0
VERTEX
  8
11
  10
6318.114051
  20
138.382838
  0
VERTEX
  8
11
  10
6318.114051
  20
154.097426
  0
VERTEX
  8
11
  10
6318.114051
  20
169.812015
  0
VERTEX
  8
11
  10
6318.114051
  20
185.238879
  0
VERTEX
  8
11
  10
6318.114051
  20
200.953467
  0
VERTEX
  8
11
  10
6318.114051
  20
216.668036
  0
VERTEX
  8
11
  10
6318.114051
  20
232.094882
  0
VERTEX
  8
11
  10
6318.114051
  20
247.809451
  0
VERTEX
  8
11
  10
6318.114051
  20
263.524058
  0
VERTEX
  8
11
  10
6318.114051
  20
279.238627
  0
VERTEX
  8
11
  10
6318.114051
  20
294.665416
  0
VERTEX
  8
11
  10
6318.114051
  20
310.379985
  0
VERTEX
  8
11
  10
6318.114051
  20
326.094554
  0
VERTEX
  8
11
  10
6318.114051
  20
341.449206
  0
VERTEX
  8
11
  10
6318.114051
  20
357.163775
  0
VERTEX
  8
11
  10
6318.114051
  20
372.878383
  0
VERTEX
  8
11
  10
6318.114051
  20
388.232959
  0
VERTEX
  8
11
  10
6318.114051
  20
403.947528
  0
VERTEX
  8
11
  10
6318.114051
  20
419.662097
  0
VERTEX
  8
11
  10
6318.114051
  20
435.016673
  0
VERTEX
  8
11
  10
6318.114051
  20
450.731242
  0
VERTEX
  8
11
  10
6318.114051
  20
466.445811
  0
VERTEX
  8
11
  10
6318.114051
  20
481.800387
  0
VERTEX
  8
11
  10
6318.114051
  20
497.514956
  0
VERTEX
  8
11
  10
6318.114051
  20
513.229564
  0
VERTEX
  8
11
  10
6318.114051
  20
528.944133
  0
VERTEX
  8
11
  10
6318.114051
  20
544.695628
  0
VERTEX
  8
11
  10
6318.114051
  20
560.120929
  0
VERTEX
  8
11
  10
6318.114051
  20
574.980624
  0
VERTEX
  8
11
  10
6318.114051
  20
588.099292
  0
SEQEND
  8
11
  0
POLYLINE
  8
11
  66
1
  70
0
  0
VERTEX
  8
11
  10
6346.113929
  20
-2.597768
  0
VERTEX
  8
11
  10
6318.114051
  20
-2.616016
  0
SEQEND
  8
11
  0
POLYLINE
  8
11
  66
1
  70
0
  0
VERTEX
  8
11
  10
6359.098548
  20
-2.606251
  0
VERTEX
  8
11
  10
6346.113929
  20
-2.597768
  0
SEQEND
  8
11
  0
POLYLINE
  8
11
  66
1
  70
0
  0
VERTEX
  8
11
  10
6374.114418
  20
-2.606251
  0
VERTEX
  8
11
  10
6359.098548
  20
-2.606251
  0
SEQEND
  8
11
  0
POLYLINE
  8
11
  66
1
  70
0
  0
VERTEX
  8
11
  10
6374.114418
  20
12.393754
  0
VERTEX
  8
11
  10
6374.114418
  20
-2.606251
  0
SEQEND
  8
11
  0
POINT
  8
11
 10
6389.114418
 20
561.454699
  0
POINT
  8
11
 10
6389.114418
 20
128.393748
 0
LINE
 8
11
 10
6513.821449
 20
295.498240
 11
6513.821449
 21
136.349681
 0
LINE
 8
11
 10
6513.821449
 20
136.349681
 11
6517.205096
 21
156.061376
 0
LINE
 8
11
 10
6513.821449
 20
136.349681
 11
6513.821449
 21
136.349681
  0
TEXT
  8
11
 10
6601.710853
 20
302.850280
 40
10.000000
 50
0.000000
  1
Piece Name: 
  0
TEXT
  8
11
 10
6601.710853
 20
317.850280
 40
10.000000
 50
0.000000
  1
Size: L
  0
TEXT
  8
11
 10
6601.710853
 20
332.850280
 40
10.000000
 50
0.000000
  1
Annotation: 面料X1
  0
TEXT
  8
11
 10
6601.710853
 20
347.850280
 40
10.000000
 50
0.000000
  1
Quantity: 1
  0
TEXT
  8
11
 10
6601.710853
 20
362.850280
 40
10.000000
 50
0.000000
  1
Material: 面料
  0
POLYLINE
  8
11
  66
1
  70
0
  0
VERTEX
  8
11
  10
5972.280922
  20
12.393821
  0
VERTEX
  8
11
  10
5956.076068
  20
12.430408
  0
VERTEX
  8
11
  10
5940.788732
  20
12.509900
  0
VERTEX
  8
11
  10
5925.727047
  20
12.726891
  0
VERTEX
  8
11
  10
5910.300133
  20
13.057848
  0
VERTEX
  8
11
  10
5895.242648
  20
13.465400
  0
VERTEX
  8
11
  10
5880.423813
  20
13.953211
  0
VERTEX
  8
11
  10
5864.770399
  20
14.567966
  0
VERTEX
  8
11
  10
5849.722893
  20
15.252769
  0
VERTEX
  8
11
  10
5834.319882
  20
16.044700
  0
VERTEX
  8
11
  10
5819.281453
  20
16.904804
  0
VERTEX
  8
11
  10
5803.894010
  20
17.873054
  0
VERTEX
  8
11
  10
5788.866086
  20
18.902868
  0
VERTEX
  8
11
  10
5773.691484
  20
20.023867
  0
VERTEX
  8
11
  10
5758.675142
  20
21.209114
  0
VERTEX
  8
11
  10
5743.664316
  20
22.462214
  0
VERTEX
  8
11
  10
5728.323762
  20
23.805376
  0
VERTEX
  8
11
  10
5713.323003
  20
25.174002
  0
VERTEX
  8
11
  10
5698.327050
  20
26.594033
  0
VERTEX
  8
11
  10
5682.940171
  20
28.102363
  0
VERTEX
  8
11
  10
5667.679158
  20
29.643229
  0
VERTEX
  8
11
  10
5652.565763
  20
31.204015
  0
VERTEX
  8
11
  10
5637.608440
  20
32.778096
  0
VERTEX
  8
11
  10
5626.043129
  20
34.016374
  0
SEQEND
  8
11
  0
POLYLINE
  8
11
  66
1
  70
0
  0
VERTEX
  8
11
  10
5626.043129
  20
34.016374
  0
VERTEX
  8
11
  10
5627.550697
  20
43.824723
  0
SEQEND
  8
11
  0
POLYLINE
  8
11
  66
1
  70
0
  0
VERTEX
  8
11
  10
5627.550697
  20
43.824723
  0
VERTEX
  8
11
  10
5628.013243
  20
59.037805
  0
VERTEX
  8
11
  10
5628.326542
  20
74.141394
  0
VERTEX
  8
11
  10
5628.469627
  20
89.275110
  0
VERTEX
  8
11
  10
5628.491894
  20
104.303797
  0
VERTEX
  8
11
  10
5628.336755
  20
117.194964
  0
VERTEX
  8
11
  10
5627.922146
  20
132.298927
  0
VERTEX
  8
11
  10
5627.494738
  20
145.614341
  0
VERTEX
  8
11
  10
5626.865268
  20
156.246801
  0
VERTEX
  8
11
  10
5626.074095
  20
166.081964
  0
VERTEX
  8
11
  10
5625.231934
  20
173.667025
  0
VERTEX
  8
11
  10
5624.137527
  20
181.293339
  0
VERTEX
  8
11
  10
5623.263380
  20
185.978182
  0
VERTEX
  8
11
  10
5620.896528
  20
195.356413
  0
VERTEX
  8
11
  10
5619.642577
  20
199.370945
  0
VERTEX
  8
11
  10
5618.206450
  20
203.144707
  0
VERTEX
  8
11
  10
5615.564630
  20
209.567528
  0
VERTEX
  8
11
  10
5613.693406
  20
213.333979
  0
VERTEX
  8
11
  10
5611.213962
  20
217.751180
  0
VERTEX
  8
11
  10
5608.844731
  20
221.491573
  0
VERTEX
  8
11
  10
5606.291201
  20
225.056739
  0
VERTEX
  8
11
  10
5603.562471
  20
228.437495
  0
VERTEX
  8
11
  10
5600.732602
  20
231.543058
  0
VERTEX
  8
11
  10
5597.761685
  20
234.429145
  0
VERTEX
  8
11
  10
5594.760885
  20
237.001926
  0
VERTEX
  8
11
  10
5591.737558
  20
239.277843
  0
VERTEX
  8
11
  10
5588.693300
  20
241.270414
  0
VERTEX
  8
11
  10
5585.622678
  20
242.994595
  0
VERTEX
  8
11
  10
5582.579273
  20
244.428346
  0
VERTEX
  8
11
  10
5579.551507
  20
245.580630
  0
VERTEX
  8
11
  10
5576.159866
  20
246.591591
  0
VERTEX
  8
11
  10
5572.391173
  20
247.441550
  0
VERTEX
  8
11
  10
5570.898475
  20
247.719577
  0
SEQEND
  8
11
 0
LINE
 8
11
 10
5625.692266
 20
122.559614
 11
5630.690364
 21
122.697516
 0
LINE
 8
11
 10
5625.250776
 20
138.553966
 11
5630.248874
 21
138.691844
 0
LINE
 8
11
 10
5615.346966
 20
203.547953
 11
5619.989317
 21
205.404987
  0
POLYLINE
  8
11
  66
1
  70
0
  0
VERTEX
  8
11
  10
5570.898475
  20
247.719577
  0
VERTEX
  8
11
  10
5564.250793
  20
248.292183
  0
VERTEX
  8
11
  10
5558.034511
  20
248.524171
  0
VERTEX
  8
11
  10
5547.368812
  20
248.718417
  0
SEQEND
  8
11
  0
POLYLINE
  8
11
  66
1
  70
0
  0
VERTEX
  8
11
  10
5547.368812
  20
248.718417
  0
VERTEX
  8
11
  10
5551.970863
  20
258.695071
  0
SEQEND
  8
11
  0
POLYLINE
  8
11
  66
1
  70
0
  0
VERTEX
  8
11
  10
5551.970863
  20
258.695071
  0
VERTEX
  8
11
  10
5548.793453
  20
272.454797
  0
VERTEX
  8
11
  10
5545.309439
  20
287.313508
  0
VERTEX
  8
11
  10
5541.948659
  20
300.877500
  0
VERTEX
  8
11
  10
5538.126700
  20
315.385190
  0
VERTEX
  8
11
  10
5534.089706
  20
329.933895
  0
VERTEX
  8
11
  10
5529.781359
  20
344.635925
  0
VERTEX
  8
11
  10
5525.332512
  20
359.074622
  0
VERTEX
  8
11
  10
5520.690724
  20
373.457373
  0
VERTEX
  8
11
  10
5515.792907
  20
387.973769
  0
VERTEX
  8
11
  10
5510.706227
  20
402.456006
  0
VERTEX
  8
11
  10
5505.473475
  20
416.854975
  0
VERTEX
  8
11
  10
5500.104651
  20
431.231959
  0
VERTEX
  8
11
  10
5494.623068
  20
445.538092
  0
VERTEX
  8
11
  10
5489.051624
  20
459.687889
  0
VERTEX
  8
11
  10
5483.491424
  20
473.513670
  0
VERTEX
  8
11
  10
5480.732460
  20
480.285457
  0
SEQEND
  8
11
 0
LINE
 8
11
 10
5545.636129
 20
274.949127
 11
5550.504434
 21
276.089129
  0
POLYLINE
  8
11
  66
1
  70
0
  0
VERTEX
  8
11
  10
5480.732460
  20
480.285457
  0
VERTEX
  8
11
  10
5476.118812
  20
489.154208
  0
SEQEND
  8
11
  0
POLYLINE
  8
11
  66
1
  70
0
  0
VERTEX
  8
11
  10
5476.118812
  20
489.154208
  0
VERTEX
  8
11
  10
5489.924753
  20
496.335460
  0
VERTEX
  8
11
  10
5503.290729
  20
503.283579
  0
VERTEX
  8
11
  10
5516.699781
  20
510.256917
  0
VERTEX
  8
11
  10
5530.062832
  20
517.210492
  0
VERTEX
  8
11
  10
5543.424505
  20
524.166674
  0
VERTEX
  8
11
  10
5556.751120
  20
531.107091
  0
VERTEX
  8
11
  10
5570.111052
  20
538.066548
  0
VERTEX
  8
11
  10
5583.470601
  20
545.026706
  0
VERTEX
  8
11
  10
5596.823793
  20
551.982712
  0
VERTEX
  8
11
  10
5610.191141
  20
558.927999
  0
VERTEX
  8
11
  10
5623.570980
  20
565.849366
  0
VERTEX
  8
11
  10
5636.966468
  20
572.740603
  0
VERTEX
  8
11
  10
5650.396392
  20
579.599326
  0
VERTEX
  8
11
  10
5663.848397
  20
586.379435
  0
VERTEX
  8
11
  10
5677.592169
  20
593.164396
  0
VERTEX
  8
11
  10
5691.118918
  20
599.685215
  0
VERTEX
  8
11
  10
5704.747935
  20
606.101984
  0
VERTEX
  8
11
  10
5718.599947
  20
612.470266
  0
VERTEX
  8
11
  10
5732.358007
  20
618.605833
  0
VERTEX
  8
11
  10
5744.373521
  20
623.707050
  0
VERTEX
  8
11
  10
5755.400827
  20
628.145522
  0
VERTEX
  8
11
  10
5762.297083
  20
630.682110
  0
VERTEX
  8
11
  10
5776.689894
  20
635.547614
  0
VERTEX
  8
11
  10
5787.557881
  20
638.953217
  0
VERTEX
  8
11
  10
5802.046623
  20
643.264507
  0
VERTEX
  8
11
  10
5816.493857
  20
647.531786
  0
VERTEX
  8
11
  10
5830.135351
  20
651.381702
  0
VERTEX
  8
11
  10
5843.885043
  20
655.000325
  0
VERTEX
  8
11
  10
5858.514213
  20
658.594771
  0
VERTEX
  8
11
  10
5873.239932
  20
661.988531
  0
VERTEX
  8
11
  10
5887.937218
  20
665.292310
  0
VERTEX
  8
11
  10
5901.046791
  20
668.316577
  0
SEQEND
  8
11
 0
LINE
 8
11
 10
5590.317005
 20
551.412643
 11
5592.627313
 21
546.978404
 0
LINE
 8
11
 10
5764.465625
 20
634.057903
 11
5766.071977
 21
629.322965
  0
POLYLINE
  8
11
  66
1
  70
0
  0
VERTEX
  8
11
  10
5901.046791
  20
668.316577
  0
VERTEX
  8
11
  10
5901.496009
  20
658.838809
  0
SEQEND
  8
11
  0
POLYLINE
  8
11
  66
1
  70
0
  0
VERTEX
  8
11
  10
5901.496009
  20
658.838809
  0
VERTEX
  8
11
  10
5902.726541
  20
651.761416
  0
VERTEX
  8
11
  10
5903.860775
  20
646.560725
  0
VERTEX
  8
11
  10
5905.139318
  20
641.809884
  0
VERTEX
  8
11
  10
5906.655964
  20
637.109121
  0
VERTEX
  8
11
  10
5908.376355
  20
632.552713
  0
VERTEX
  8
11
  10
5910.124156
  20
628.581397
  0
VERTEX
  8
11
  10
5911.981020
  20
624.955738
  0
VERTEX
  8
11
  10
5913.990891
  20
621.574596
  0
VERTEX
  8
11
  10
5916.188299
  20
618.358078
  0
VERTEX
  8
11
  10
5918.632813
  20
615.215524
  0
VERTEX
  8
11
  10
5921.349723
  20
612.129812
  0
VERTEX
  8
11
  10
5924.268154
  20
609.190400
  0
VERTEX
  8
11
  10
5927.404625
  20
606.385645
  0
VERTEX
  8
11
  10
5930.740508
  20
603.738088
  0
VERTEX
  8
11
  10
5934.236104
  20
601.280977
  0
VERTEX
  8
11
  10
5937.799415
  20
599.073376
  0
VERTEX
  8
11
  10
5941.540903
  20
597.047999
  0
VERTEX
  8
11
  10
5945.270169
  20
595.305048
  0
VERTEX
  8
11
  10
5949.117693
  20
593.786304
  0
VERTEX
  8
11
  10
5953.108006
  20
592.466736
  0
VERTEX
  8
11
  10
5956.171781
  20
591.687115
  0
VERTEX
  8
11
  10
5962.747936
  20
590.426806
  0
VERTEX
  8
11
  10
5967.533184
  20
589.892642
  0
VERTEX
  8
11
  10
5972.659950
  20
589.450152
  0
SEQEND
  8
11
 0
LINE
 8
11
 10
5925.901918
 20
611.085003
 11
5922.569854
 21
607.357088
  0
POLYLINE
  8
11
  66
1
  70
0
  0
VERTEX
  8
11
  10
5972.659950
  20
589.450152
  0
VERTEX
  8
11
  10
5980.033969
  20
589.312028
  0
VERTEX
  8
11
  10
5985.969281
  20
589.466827
  0
VERTEX
  8
11
  10
5987.302894
  20
589.531253
  0
SEQEND
  8
11
 0
LINE
 8
11
 10
5987.295423
 20
592.031222
 11
5987.309612
 21
587.031242
  0
POLYLINE
  8
11
  66
1
  70
0
  0
VERTEX
  8
11
  10
5987.302894
  20
589.531253
  0
VERTEX
  8
11
  10
5994.370819
  20
589.313043
  0
VERTEX
  8
11
  10
6000.829102
  20
589.409358
  0
VERTEX
  8
11
  10
6001.919593
  20
589.449771
  0
SEQEND
  8
11
  0
POLYLINE
  8
11
  66
1
  70
0
  0
VERTEX
  8
11
  10
6001.919593
  20
589.449771
  0
VERTEX
  8
11
  10
6008.408185
  20
590.014976
  0
VERTEX
  8
11
  10
6013.314644
  20
590.692892
  0
VERTEX
  8
11
  10
6017.302894
  20
591.399234
  0
SEQEND
  8
11
  0
POLYLINE
  8
11
  66
1
  70
0
  0
VERTEX
  8
11
  10
6017.302894
  20
591.399234
  0
VERTEX
  8
11
  10
6026.010673
  20
590.001765
  0
VERTEX
  8
11
  10
6033.173060
  20
589.141909
  0
VERTEX
  8
11
  10
6041.337961
  20
588.422599
  0
VERTEX
  8
11
  10
6047.302894
  20
588.057788
  0
SEQEND
  8
11
  0
POLYLINE
  8
11
  66
1
  70
0
  0
VERTEX
  8
11
  10
6047.302894
  20
588.057788
  0
VERTEX
  8
11
  10
6047.302894
  20
-2.616007
  0
SEQEND
  8
11
  0
POLYLINE
  8
11
  66
1
  70
0
  0
VERTEX
  8
11
  10
6047.302894
  20
-2.616007
  0
VERTEX
  8
11
  10
6017.302894
  20
-2.596476
  0
SEQEND
  8
11
  0
POLYLINE
  8
11
  66
1
  70
0
  0
VERTEX
  8
11
  10
6017.302894
  20
-2.596476
  0
VERTEX
  8
11
  10
6002.302894
  20
-2.606241
  0
SEQEND
  8
11
  0
POLYLINE
  8
11
  66
1
  70
0
  0
VERTEX
  8
11
  10
6002.302894
  20
-2.606241
  0
VERTEX
  8
11
  10
5987.302894
  20
-2.606241
  0
SEQEND
  8
11
  0
POLYLINE
  8
11
  66
1
  70
0
  0
VERTEX
  8
11
  10
5987.302894
  20
-2.606241
  0
VERTEX
  8
11
  10
5987.302894
  20
12.393754
  0
SEQEND
  8
11
  0
POLYLINE
  8
11
  66
1
  70
0
  0
VERTEX
  8
11
  10
5987.302894
  20
12.393754
  0
VERTEX
  8
11
  10
5972.280922
  20
12.393821
  0
SEQEND
  8
11
  0
POLYLINE
  8
11
  66
1
  70
0
  0
VERTEX
  8
11
  10
5972.302894
  20
22.393754
  0
VERTEX
  8
11
  10
5956.150510
  20
22.411280
  0
VERTEX
  8
11
  10
5940.674625
  20
22.527287
  0
VERTEX
  8
11
  10
5925.116668
  20
22.749490
  0
VERTEX
  8
11
  10
5909.574415
  20
23.075291
  0
VERTEX
  8
11
  10
5894.020864
  20
23.503376
  0
VERTEX
  8
11
  10
5878.481297
  20
24.031079
  0
VERTEX
  8
11
  10
5862.934614
  20
24.657095
  0
VERTEX
  8
11
  10
5847.392062
  20
25.379028
  0
VERTEX
  8
11
  10
5831.863244
  20
26.194351
  0
VERTEX
  8
11
  10
5816.330332
  20
27.102267
  0
VERTEX
  8
11
  10
5800.812283
  20
28.099935
  0
VERTEX
  8
11
  10
5785.290898
  20
29.185965
  0
VERTEX
  8
11
  10
5769.931651
  20
30.344466
  0
VERTEX
  8
11
  10
5754.422458
  20
31.592832
  0
VERTEX
  8
11
  10
5738.918851
  20
32.909705
  0
VERTEX
  8
11
  10
5723.672120
  20
34.262714
  0
VERTEX
  8
11
  10
5708.178776
  20
35.694503
  0
VERTEX
  8
11
  10
5692.691147
  20
37.185829
  0
VERTEX
  8
11
  10
5677.330793
  20
38.725354
  0
VERTEX
  8
11
  10
5662.373386
  20
40.272006
  0
VERTEX
  8
11
  10
5647.581833
  20
41.838507
  0
VERTEX
  8
11
  10
5637.531166
  20
42.924216
  0
SEQEND
  8
11
  0
POLYLINE
  8
11
  66
1
  70
0
  0
VERTEX
  8
11
  10
5637.531166
  20
42.924216
  0
VERTEX
  8
11
  10
5637.992463
  20
58.141810
  0
VERTEX
  8
11
  10
5638.318751
  20
73.246640
  0
VERTEX
  8
11
  10
5638.474156
  20
88.329834
  0
VERTEX
  8
11
  10
5638.472680
  20
103.392818
  0
VERTEX
  8
11
  10
5638.307533
  20
118.475777
  0
VERTEX
  8
11
  10
5637.941073
  20
133.510105
  0
VERTEX
  8
11
  10
5637.407677
  20
147.266798
  0
VERTEX
  8
11
  10
5636.745031
  20
158.314126
  0
VERTEX
  8
11
  10
5635.963251
  20
167.690538
  0
VERTEX
  8
11
  10
5635.076118
  20
175.610005
  0
VERTEX
  8
11
  10
5634.100847
  20
182.245740
  0
VERTEX
  8
11
  10
5633.002446
  20
188.118455
  0
VERTEX
  8
11
  10
5631.727224
  20
193.633936
  0
VERTEX
  8
11
  10
5630.267793
  20
198.886980
  0
VERTEX
  8
11
  10
5628.594908
  20
203.997069
  0
VERTEX
  8
11
  10
5626.728843
  20
208.911748
  0
VERTEX
  8
11
  10
5624.644338
  20
213.712459
  0
VERTEX
  8
11
  10
5622.393493
  20
218.264858
  0
VERTEX
  8
11
  10
5619.980788
  20
222.583011
  0
VERTEX
  8
11
  10
5617.436173
  20
226.633019
  0
VERTEX
  8
11
  10
5614.771107
  20
230.419168
  0
VERTEX
  8
11
  10
5611.947160
  20
234.007576
  0
VERTEX
  8
11
  10
5609.030672
  20
237.325531
  0
VERTEX
  8
11
  10
5605.902840
  20
240.506690
  0
VERTEX
  8
11
  10
5602.692422
  20
243.415936
  0
VERTEX
  8
11
  10
5599.408874
  20
246.057573
  0
VERTEX
  8
11
  10
5596.031819
  20
248.453046
  0
VERTEX
  8
11
  10
5592.602460
  20
250.575905
  0
VERTEX
  8
11
  10
5589.243953
  20
252.368585
  0
VERTEX
  8
11
  10
5585.839472
  20
253.903549
  0
VERTEX
  8
11
  10
5582.443104
  20
255.158201
  0
VERTEX
  8
11
  10
5578.809592
  20
256.234211
  0
VERTEX
  8
11
  10
5574.680402
  20
257.183052
  0
VERTEX
  8
11
  10
5572.279090
  20
257.635653
  0
SEQEND
  8
11
 0
LINE
 8
11
 10
5635.723312
 20
122.853817
 11
5640.722198
 21
122.959321
 0
LINE
 8
11
 10
5635.261570
 20
138.806981
 11
5640.258111
 21
138.992929
 0
LINE
 8
11
 10
5624.687009
 20
207.288862
 11
5629.332106
 21
209.139016
  0
POLYLINE
  8
11
  66
1
  70
0
  0
VERTEX
  8
11
  10
5572.279090
  20
257.635653
  0
VERTEX
  8
11
  10
5566.810535
  20
258.154967
  0
VERTEX
  8
11
  10
5562.302894
  20
258.312953
  0
SEQEND
  8
11
  0
POLYLINE
  8
11
  66
1
  70
0
  0
VERTEX
  8
11
  10
5562.302894
  20
258.312953
  0
VERTEX
  8
11
  10
5558.854178
  20
273.527770
  0
VERTEX
  8
11
  10
5555.395975
  20
288.145565
  0
VERTEX
  8
11
  10
5551.740825
  20
302.903849
  0
VERTEX
  8
11
  10
5547.938390
  20
317.429218
  0
VERTEX
  8
11
  10
5543.926697
  20
331.904063
  0
VERTEX
  8
11
  10
5539.692602
  20
346.397845
  0
VERTEX
  8
11
  10
5535.262383
  20
360.836202
  0
VERTEX
  8
11
  10
5530.666428
  20
375.136286
  0
VERTEX
  8
11
  10
5525.858556
  20
389.451885
  0
VERTEX
  8
11
  10
5520.812752
  20
403.887784
  0
VERTEX
  8
11
  10
5515.703642
  20
418.012639
  0
VERTEX
  8
11
  10
5510.417540
  20
432.227855
  0
VERTEX
  8
11
  10
5505.065947
  20
446.262669
  0
VERTEX
  8
11
  10
5499.581693
  20
460.270131
  0
VERTEX
  8
11
  10
5493.935467
  20
474.371087
  0
VERTEX
  8
11
  10
5489.646644
  20
484.920276
  0
SEQEND
  8
11
 0
LINE
 8
11
 10
5555.421379
 20
277.239513
 11
5560.289469
 21
278.380433
  0
POLYLINE
  8
11
  66
1
  70
0
  0
VERTEX
  8
11
  10
5489.646644
  20
484.920276
  0
VERTEX
  8
11
  10
5503.465225
  20
492.103556
  0
VERTEX
  8
11
  10
5517.098696
  20
499.193136
  0
VERTEX
  8
11
  10
5530.549852
  20
506.191188
  0
VERTEX
  8
11
  10
5543.999620
  20
513.191982
  0
VERTEX
  8
11
  10
5557.562791
  20
520.255489
  0
VERTEX
  8
11
  10
5571.009896
  20
527.261382
  0
VERTEX
  8
11
  10
5584.456970
  20
534.267320
  0
VERTEX
  8
11
  10
5597.961530
  20
541.300248
  0
VERTEX
  8
11
  10
5611.539736
  20
548.359068
  0
VERTEX
  8
11
  10
5625.003665
  20
555.332696
  0
VERTEX
  8
11
  10
5638.482215
  20
562.278059
  0
VERTEX
  8
11
  10
5652.077804
  20
569.235667
  0
VERTEX
  8
11
  10
5665.608794
  20
576.078065
  0
VERTEX
  8
11
  10
5679.179519
  20
582.808545
  0
VERTEX
  8
11
  10
5692.825850
  20
589.418584
  0
VERTEX
  8
11
  10
5706.460080
  20
595.867859
  0
VERTEX
  8
11
  10
5720.226744
  20
602.223232
  0
VERTEX
  8
11
  10
5734.145543
  20
608.468716
  0
VERTEX
  8
11
  10
5746.225263
  20
613.657653
  0
VERTEX
  8
11
  10
5756.443517
  20
617.798960
  0
VERTEX
  8
11
  10
5765.114361
  20
621.067059
  0
VERTEX
  8
11
  10
5768.468666
  20
622.258533
  0
SEQEND
  8
11
 0
LINE
 8
11
 10
5594.939278
 20
542.545323
 11
5597.248016
 21
538.110266
 0
LINE
 8
11
 10
5767.636930
 20
624.616120
 11
5769.300781
 21
619.901080
  0
POLYLINE
  8
11
  66
1
  70
0
  0
VERTEX
  8
11
  10
5768.468666
  20
622.258533
  0
VERTEX
  8
11
  10
5781.780476
  20
626.667563
  0
VERTEX
  8
11
  10
5795.400584
  20
630.850480
  0
VERTEX
  8
11
  10
5809.990798
  20
635.196715
  0
VERTEX
  8
11
  10
5824.427300
  20
639.411278
  0
VERTEX
  8
11
  10
5837.988451
  20
643.138044
  0
VERTEX
  8
11
  10
5852.035447
  20
646.730930
  0
VERTEX
  8
11
  10
5866.794579
  20
650.269199
  0
VERTEX
  8
11
  10
5881.580937
  20
653.653291
  0
VERTEX
  8
11
  10
5894.818153
  20
656.586230
  0
SEQEND
  8
11
  0
POLYLINE
  8
11
  66
1
  70
0
  0
VERTEX
  8
11
  10
5894.818153
  20
656.586230
  0
VERTEX
  8
11
  10
5895.999009
  20
649.743354
  0
VERTEX
  8
11
  10
5897.101218
  20
644.723865
  0
VERTEX
  8
11
  10
5898.456463
  20
639.726983
  0
VERTEX
  8
11
  10
5900.049465
  20
634.792525
  0
VERTEX
  8
11
  10
5901.811445
  20
630.111863
  0
VERTEX
  8
11
  10
5903.652493
  20
625.892805
  0
VERTEX
  8
11
  10
5905.555747
  20
622.115407
  0
VERTEX
  8
11
  10
5907.617007
  20
618.560442
  0
VERTEX
  8
11
  10
5909.877048
  20
615.146826
  0
VERTEX
  8
11
  10
5912.380475
  20
611.810692
  0
VERTEX
  8
11
  10
5915.148487
  20
608.537936
  0
VERTEX
  8
11
  10
5918.111143
  20
605.414753
  0
VERTEX
  8
11
  10
5921.312647
  20
602.400978
  0
VERTEX
  8
11
  10
5924.687259
  20
599.564749
  0
VERTEX
  8
11
  10
5928.218707
  20
596.916501
  0
VERTEX
  8
11
  10
5931.880974
  20
594.472336
  0
VERTEX
  8
11
  10
5935.703601
  20
592.216015
  0
VERTEX
  8
11
  10
5939.613197
  20
590.194887
  0
VERTEX
  8
11
  10
5943.528951
  20
588.442374
  0
VERTEX
  8
11
  10
5947.552168
  20
586.910285
  0
VERTEX
  8
11
  10
5951.630427
  20
585.623843
  0
VERTEX
  8
11
  10
5955.669493
  20
584.607272
  0
VERTEX
  8
11
  10
5959.817940
  20
583.817820
  0
VERTEX
  8
11
  10
5964.761381
  20
583.143149
  0
VERTEX
  8
11
  10
5972.302894
  20
582.454684
  0
SEQEND
  8
11
 0
LINE
 8
11
 10
5920.926116
 20
606.159414
 11
5917.467806
 21
602.548307
  0
POLYLINE
  8
11
  66
1
  70
0
  0
VERTEX
  8
11
  10
5972.302894
  20
582.454684
  0
VERTEX
  8
11
  10
5979.900608
  20
582.310618
  0
VERTEX
  8
11
  10
5985.919429
  20
582.461851
  0
VERTEX
  8
11
  10
5987.302894
  20
582.527087
  0
SEQEND
  8
11
 0
LINE
 8
11
 10
5987.308601
 20
585.027081
 11
5987.297187
 21
580.027094
  0
POLYLINE
  8
11
  66
1
  70
0
  0
VERTEX
  8
11
  10
5987.302894
  20
582.527087
  0
VERTEX
  8
11
  10
5994.451564
  20
582.311762
  0
VERTEX
  8
11
  10
6000.993012
  20
582.406777
  0
VERTEX
  8
11
  10
6002.302894
  20
582.454684
  0
SEQEND
  8
11
  0
POLYLINE
  8
11
  66
1
  70
0
  0
VERTEX
  8
11
  10
6002.302894
  20
582.454684
  0
VERTEX
  8
11
  10
6008.974271
  20
583.031708
  0
VERTEX
  8
11
  10
6013.958531
  20
583.712918
  0
VERTEX
  8
11
  10
6017.302894
  20
584.289783
  0
SEQEND
  8
11
  0
POLYLINE
  8
11
  66
1
  70
0
  0
VERTEX
  8
11
  10
6017.302894
  20
584.289783
  0
VERTEX
  8
11
  10
6017.302894
  20
22.403520
  0
SEQEND
  8
11
  0
POLYLINE
  8
11
  66
1
  70
0
  0
VERTEX
  8
11
  10
6017.302894
  20
22.403520
  0
VERTEX
  8
11
  10
6002.302894
  20
22.393754
  0
SEQEND
  8
11
  0
POLYLINE
  8
11
  66
1
  70
0
  0
VERTEX
  8
11
  10
6002.302894
  20
22.393754
  0
VERTEX
  8
11
  10
5987.302894
  20
22.393754
  0
SEQEND
  8
11
  0
POLYLINE
  8
11
  66
1
  70
0
  0
VERTEX
  8
11
  10
5987.302894
  20
22.393754
  0
VERTEX
  8
11
  10
5972.302894
  20
22.393754
  0
SEQEND
  8
11
  0
POLYLINE
  8
11
  66
1
  70
0
  0
VERTEX
  8
11
  10
5987.302894
  20
582.527087
  0
VERTEX
  8
11
  10
5987.302894
  20
566.582660
  0
VERTEX
  8
11
  10
5987.302894
  20
551.346479
  0
VERTEX
  8
11
  10
5987.302894
  20
535.488457
  0
VERTEX
  8
11
  10
5987.302894
  20
519.911367
  0
VERTEX
  8
11
  10
5987.302894
  20
504.330971
  0
VERTEX
  8
11
  10
5987.302894
  20
488.750576
  0
VERTEX
  8
11
  10
5987.302894
  20
473.567425
  0
VERTEX
  8
11
  10
5987.302894
  20
457.987034
  0
VERTEX
  8
11
  10
5987.302894
  20
442.406644
  0
VERTEX
  8
11
  10
5987.302894
  20
426.975251
  0
VERTEX
  8
11
  10
5987.302894
  20
411.394860
  0
VERTEX
  8
11
  10
5987.302894
  20
395.814468
  0
VERTEX
  8
11
  10
5987.302894
  20
380.234077
  0
VERTEX
  8
11
  10
5987.302894
  20
364.740772
  0
VERTEX
  8
11
  10
5987.302894
  20
349.160382
  0
VERTEX
  8
11
  10
5987.302894
  20
333.579992
  0
VERTEX
  8
11
  10
5987.302894
  20
318.148599
  0
VERTEX
  8
11
  10
5987.302894
  20
302.568208
  0
VERTEX
  8
11
  10
5987.302894
  20
286.987815
  0
VERTEX
  8
11
  10
5987.302894
  20
271.494468
  0
VERTEX
  8
11
  10
5987.302894
  20
255.914073
  0
VERTEX
  8
11
  10
5987.302894
  20
240.333677
  0
VERTEX
  8
11
  10
5987.302894
  20
224.753283
  0
VERTEX
  8
11
  10
5987.302894
  20
209.321926
  0
VERTEX
  8
11
  10
5987.302894
  20
193.741534
  0
VERTEX
  8
11
  10
5987.302894
  20
178.161143
  0
VERTEX
  8
11
  10
5987.302894
  20
163.138234
  0
VERTEX
  8
11
  10
5987.302894
  20
147.557843
  0
VERTEX
  8
11
  10
5987.302894
  20
131.977451
  0
VERTEX
  8
11
  10
5987.302894
  20
116.546075
  0
VERTEX
  8
11
  10
5987.302894
  20
100.965681
  0
VERTEX
  8
11
  10
5987.302894
  20
85.385287
  0
VERTEX
  8
11
  10
5987.302894
  20
69.804893
  0
VERTEX
  8
11
  10
5987.302894
  20
54.107575
  0
VERTEX
  8
11
  10
5987.302894
  20
38.782312
  0
VERTEX
  8
11
  10
5987.302894
  20
24.055051
  0
VERTEX
  8
11
  10
5987.302894
  20
22.393754
  0
SEQEND
  8
11
 0
LINE
 8
11
 10
5987.302895
 20
585.027087
 11
5987.302894
 21
580.027087
  0
POLYLINE
  8
11
  66
1
  70
0
  0
VERTEX
  8
11
  10
5632.296791
  20
191.312945
  0
VERTEX
  8
11
  10
5648.267562
  20
191.312945
  0
VERTEX
  8
11
  10
5663.752852
  20
191.312945
  0
VERTEX
  8
11
  10
5679.465265
  20
191.312945
  0
VERTEX
  8
11
  10
5694.764628
  20
191.312945
  0
VERTEX
  8
11
  10
5710.367113
  20
191.312945
  0
VERTEX
  8
11
  10
5725.969594
  20
191.312945
  0
VERTEX
  8
11
  10
5741.599706
  20
191.312945
  0
VERTEX
  8
11
  10
5757.202194
  20
191.312945
  0
VERTEX
  8
11
  10
5772.804680
  20
191.312945
  0
VERTEX
  8
11
  10
5788.407157
  20
191.312945
  0
VERTEX
  8
11
  10
5803.619770
  20
191.312945
  0
VERTEX
  8
11
  10
5819.222222
  20
191.312945
  0
VERTEX
  8
11
  10
5834.824676
  20
191.312945
  0
VERTEX
  8
11
  10
5850.035461
  20
191.312945
  0
VERTEX
  8
11
  10
5865.637951
  20
191.312945
  0
VERTEX
  8
11
  10
5881.240476
  20
191.312945
  0
VERTEX
  8
11
  10
5895.882512
  20
191.312945
  0
VERTEX
  8
11
  10
5912.228051
  20
191.312945
  0
VERTEX
  8
11
  10
5927.830573
  20
191.312945
  0
VERTEX
  8
11
  10
5943.433075
  20
191.312945
  0
VERTEX
  8
11
  10
5958.671630
  20
191.312945
  0
VERTEX
  8
11
  10
5972.302894
  20
191.312945
  0
SEQEND
  8
11
  0
POLYLINE
  8
11
  66
1
  70
0
  0
VERTEX
  8
11
  10
5972.302894
  20
258.312953
  0
VERTEX
  8
11
  10
5562.302894
  20
258.312953
  0
SEQEND
  8
11
  0
POLYLINE
  8
11
  66
1
  70
0
  0
VERTEX
  8
11
  10
5957.302894
  20
584.285357
  0
VERTEX
  8
11
  10
5957.302894
  20
22.393754
  0
SEQEND
  8
11
  0
POLYLINE
  8
11
  66
1
  70
0
  0
VERTEX
  8
11
  10
5768.468666
  20
622.258533
  0
VERTEX
  8
11
  10
5772.045645
  20
613.292796
  0
VERTEX
  8
11
  10
5772.954750
  20
610.853885
  0
SEQEND
  8
11
 0
LINE
 8
11
 10
5767.675147
 20
624.629256
 11
5769.262184
 21
619.887809
  0
POLYLINE
  8
11
  66
1
  70
0
  0
VERTEX
  8
11
  10
5568.939247
  20
257.237971
  0
VERTEX
  8
11
  10
5568.595619
  20
259.195788
  0
VERTEX
  8
11
  10
5567.974281
  20
257.307322
  0
VERTEX
  8
11
  10
5567.632484
  20
259.265330
  0
VERTEX
  8
11
  10
5567.015419
  20
257.376750
  0
VERTEX
  8
11
  10
5566.673622
  20
259.334758
  0
VERTEX
  8
11
  10
5566.052894
  20
257.446177
  0
VERTEX
  8
11
  10
5565.711097
  20
259.404185
  0
VERTEX
  8
11
  10
5565.091590
  20
257.515567
  0
VERTEX
  8
11
  10
5564.749794
  20
259.473651
  0
VERTEX
  8
11
  10
5564.132728
  20
257.585147
  0
VERTEX
  8
11
  10
5563.787269
  20
259.543002
  0
SEQEND
  8
11
  0
POLYLINE
  8
11
  66
1
  70
0
  0
VERTEX
  8
11
  10
5551.956825
  20
258.695643
  0
VERTEX
  8
11
  10
5547.400550
  20
248.843005
  0
SEQEND
  8
11
  0
POLYLINE
  8
11
  66
1
  70
0
  0
VERTEX
  8
11
  10
5987.302894
  20
12.393754
  0
VERTEX
  8
11
  10
5972.280922
  20
12.393821
  0
SEQEND
  8
11
  0
POLYLINE
  8
11
  66
1
  70
0
  0
VERTEX
  8
11
  10
5987.302894
  20
-2.606241
  0
VERTEX
  8
11
  10
5987.302894
  20
12.393754
  0
SEQEND
  8
11
  0
POLYLINE
  8
11
  66
1
  70
0
  0
VERTEX
  8
11
  10
6002.302894
  20
-2.606241
  0
VERTEX
  8
11
  10
5987.302894
  20
-2.606241
  0
SEQEND
  8
11
  0
POLYLINE
  8
11
  66
1
  70
0
  0
VERTEX
  8
11
  10
6017.302894
  20
-2.596476
  0
VERTEX
  8
11
  10
6002.302894
  20
-2.606241
  0
SEQEND
  8
11
  0
POLYLINE
  8
11
  66
1
  70
0
  0
VERTEX
  8
11
  10
6047.302894
  20
-2.616007
  0
VERTEX
  8
11
  10
6017.302894
  20
-2.596476
  0
SEQEND
  8
11
  0
POLYLINE
  8
11
  66
1
  70
0
  0
VERTEX
  8
11
  10
6047.302894
  20
588.057788
  0
VERTEX
  8
11
  10
6047.302894
  20
-2.616007
  0
SEQEND
  8
11
  0
POLYLINE
  8
11
  66
1
  70
0
  0
VERTEX
  8
11
  10
6017.302894
  20
591.399234
  0
VERTEX
  8
11
  10
6026.010780
  20
590.001681
  0
VERTEX
  8
11
  10
6033.173256
  20
589.141849
  0
VERTEX
  8
11
  10
6041.337928
  20
588.422549
  0
VERTEX
  8
11
  10
6047.302894
  20
588.057788
  0
SEQEND
  8
11
  0
POLYLINE
  8
11
  66
1
  70
0
  0
VERTEX
  8
11
  10
6001.919593
  20
589.449771
  0
VERTEX
  8
11
  10
6008.408241
  20
590.014956
  0
VERTEX
  8
11
  10
6013.314857
  20
590.692904
  0
VERTEX
  8
11
  10
6017.302894
  20
591.399234
  0
SEQEND
  8
11
  0
POLYLINE
  8
11
  66
1
  70
0
  0
VERTEX
  8
11
  10
5987.302894
  20
589.531253
  0
VERTEX
  8
11
  10
5994.371376
  20
589.313052
  0
VERTEX
  8
11
  10
6000.829506
  20
589.409335
  0
VERTEX
  8
11
  10
6001.919593
  20
589.449771
  0
SEQEND
  8
11
  0
POLYLINE
  8
11
  66
1
  70
0
  0
VERTEX
  8
11
  10
5972.659950
  20
589.450152
  0
VERTEX
  8
11
  10
5980.034217
  20
589.312060
  0
VERTEX
  8
11
  10
5985.969276
  20
589.466861
  0
VERTEX
  8
11
  10
5987.302894
  20
589.531253
  0
SEQEND
  8
11
  0
POLYLINE
  8
11
  66
1
  70
0
  0
VERTEX
  8
11
  10
5901.496009
  20
658.838809
  0
VERTEX
  8
11
  10
5902.726478
  20
651.761401
  0
VERTEX
  8
11
  10
5903.860511
  20
646.560672
  0
VERTEX
  8
11
  10
5905.139198
  20
641.809924
  0
VERTEX
  8
11
  10
5906.655922
  20
637.109149
  0
VERTEX
  8
11
  10
5908.376503
  20
632.552722
  0
VERTEX
  8
11
  10
5910.124549
  20
628.581317
  0
VERTEX
  8
11
  10
5911.981239
  20
624.955752
  0
VERTEX
  8
11
  10
5913.990516
  20
621.574634
  0
VERTEX
  8
11
  10
5916.188392
  20
618.358157
  0
VERTEX
  8
11
  10
5918.632850
  20
615.215457
  0
VERTEX
  8
11
  10
5921.349525
  20
612.129825
  0
VERTEX
  8
11
  10
5924.268226
  20
609.190371
  0
VERTEX
  8
11
  10
5927.404823
  20
606.385653
  0
VERTEX
  8
11
  10
5930.740394
  20
603.738101
  0
VERTEX
  8
11
  10
5934.236488
  20
601.280902
  0
VERTEX
  8
11
  10
5937.799110
  20
599.073489
  0
VERTEX
  8
11
  10
5941.541175
  20
597.047961
  0
VERTEX
  8
11
  10
5945.270423
  20
595.304950
  0
VERTEX
  8
11
  10
5949.117469
  20
593.786319
  0
VERTEX
  8
11
  10
5953.107948
  20
592.466739
  0
VERTEX
  8
11
  10
5956.171913
  20
591.687167
  0
VERTEX
  8
11
  10
5962.747840
  20
590.426791
  0
VERTEX
  8
11
  10
5967.532997
  20
589.892657
  0
VERTEX
  8
11
  10
5972.659950
  20
589.450152
  0
SEQEND
  8
11
  0
POLYLINE
  8
11
  66
1
  70
0
  0
VERTEX
  8
11
  10
5901.046791
  20
668.316577
  0
VERTEX
  8
11
  10
5901.496009
  20
658.838809
  0
SEQEND
  8
11
  0
POLYLINE
  8
11
  66
1
  70
0
  0
VERTEX
  8
11
  10
5476.118812
  20
489.154208
  0
VERTEX
  8
11
  10
5489.924965
  20
496.335528
  0
VERTEX
  8
11
  10
5503.290443
  20
503.283656
  0
VERTEX
  8
11
  10
5516.699257
  20
510.256846
  0
VERTEX
  8
11
  10
5530.062294
  20
517.210429
  0
VERTEX
  8
11
  10
5543.424110
  20
524.166644
  0
VERTEX
  8
11
  10
5556.751136
  20
531.107142
  0
VERTEX
  8
11
  10
5570.111122
  20
538.066600
  0
VERTEX
  8
11
  10
5583.470497
  20
545.026782
  0
VERTEX
  8
11
  10
5596.823768
  20
551.982692
  0
VERTEX
  8
11
  10
5610.191078
  20
558.927958
  0
VERTEX
  8
11
  10
5623.571205
  20
565.849345
  0
VERTEX
  8
11
  10
5636.966590
  20
572.740558
  0
VERTEX
  8
11
  10
5650.396766
  20
579.599383
  0
VERTEX
  8
11
  10
5663.848304
  20
586.379474
  0
VERTEX
  8
11
  10
5677.592201
  20
593.164294
  0
VERTEX
  8
11
  10
5691.118812
  20
599.685290
  0
VERTEX
  8
11
  10
5704.747963
  20
606.101993
  0
VERTEX
  8
11
  10
5718.599891
  20
612.470248
  0
VERTEX
  8
11
  10
5732.357826
  20
618.605807
  0
VERTEX
  8
11
  10
5744.373817
  20
623.707049
  0
VERTEX
  8
11
  10
5755.401039
  20
628.145526
  0
VERTEX
  8
11
  10
5762.296791
  20
630.682147
  0
VERTEX
  8
11
  10
5776.690101
  20
635.547564
  0
VERTEX
  8
11
  10
5787.558021
  20
638.953250
  0
VERTEX
  8
11
  10
5802.046547
  20
643.264544
  0
VERTEX
  8
11
  10
5816.493568
  20
647.531741
  0
VERTEX
  8
11
  10
5830.134925
  20
651.381610
  0
VERTEX
  8
11
  10
5843.884925
  20
655.000308
  0
VERTEX
  8
11
  10
5858.514442
  20
658.594745
  0
VERTEX
  8
11
  10
5873.239784
  20
661.988605
  0
VERTEX
  8
11
  10
5887.937660
  20
665.292361
  0
VERTEX
  8
11
  10
5901.046791
  20
668.316577
  0
SEQEND
  8
11
  0
POLYLINE
  8
11
  66
1
  70
0
  0
VERTEX
  8
11
  10
5480.732460
  20
480.285457
  0
VERTEX
  8
11
  10
5476.118812
  20
489.154208
  0
SEQEND
  8
11
  0
POLYLINE
  8
11
  66
1
  70
0
  0
VERTEX
  8
11
  10
5551.970863
  20
258.695071
  0
VERTEX
  8
11
  10
5548.793373
  20
272.454761
  0
VERTEX
  8
11
  10
5545.309486
  20
287.313464
  0
VERTEX
  8
11
  10
5541.948890
  20
300.877536
  0
VERTEX
  8
11
  10
5538.126869
  20
315.385173
  0
VERTEX
  8
11
  10
5534.090004
  20
329.933932
  0
VERTEX
  8
11
  10
5529.781532
  20
344.636004
  0
VERTEX
  8
11
  10
5525.332679
  20
359.074595
  0
VERTEX
  8
11
  10
5520.690956
  20
373.457377
  0
VERTEX
  8
11
  10
5515.792884
  20
387.973750
  0
VERTEX
  8
11
  10
5510.706215
  20
402.456019
  0
VERTEX
  8
11
  10
5505.473671
  20
416.854976
  0
VERTEX
  8
11
  10
5500.104408
  20
431.231997
  0
VERTEX
  8
11
  10
5494.622840
  20
445.538104
  0
VERTEX
  8
11
  10
5489.051551
  20
459.687808
  0
VERTEX
  8
11
  10
5483.491249
  20
473.513606
  0
VERTEX
  8
11
  10
5480.732460
  20
480.285457
  0
SEQEND
  8
11
  0
POLYLINE
  8
11
  66
1
  70
0
  0
VERTEX
  8
11
  10
5547.368812
  20
248.718417
  0
VERTEX
  8
11
  10
5551.970863
  20
258.695071
  0
SEQEND
  8
11
  0
POLYLINE
  8
11
  66
1
  70
0
  0
VERTEX
  8
11
  10
5570.898475
  20
247.719577
  0
VERTEX
  8
11
  10
5564.250526
  20
248.292163
  0
VERTEX
  8
11
  10
5558.034706
  20
248.524173
  0
VERTEX
  8
11
  10
5547.368812
  20
248.718417
  0
SEQEND
  8
11
  0
POLYLINE
  8
11
  66
1
  70
0
  0
VERTEX
  8
11
  10
5627.550697
  20
43.824723
  0
VERTEX
  8
11
  10
5628.013343
  20
59.037841
  0
VERTEX
  8
11
  10
5628.326454
  20
74.141400
  0
VERTEX
  8
11
  10
5628.469276
  20
89.275115
  0
VERTEX
  8
11
  10
5628.491859
  20
104.303802
  0
VERTEX
  8
11
  10
5628.336830
  20
117.194980
  0
VERTEX
  8
11
  10
5627.922401
  20
132.298949
  0
VERTEX
  8
11
  10
5627.495155
  20
145.614341
  0
VERTEX
  8
11
  10
5626.865272
  20
156.246798
  0
VERTEX
  8
11
  10
5626.073646
  20
166.081946
  0
VERTEX
  8
11
  10
5625.231971
  20
173.667033
  0
VERTEX
  8
11
  10
5624.137611
  20
181.293357
  0
VERTEX
  8
11
  10
5623.263588
  20
185.978206
  0
VERTEX
  8
11
  10
5620.896644
  20
195.356486
  0
VERTEX
  8
11
  10
5619.642372
  20
199.371016
  0
VERTEX
  8
11
  10
5618.206215
  20
203.144629
  0
VERTEX
  8
11
  10
5615.564613
  20
209.567531
  0
VERTEX
  8
11
  10
5613.693275
  20
213.334010
  0
VERTEX
  8
11
  10
5611.213417
  20
217.751277
  0
VERTEX
  8
11
  10
5608.844642
  20
221.491473
  0
VERTEX
  8
11
  10
5606.291542
  20
225.056746
  0
VERTEX
  8
11
  10
5603.562660
  20
228.437484
  0
VERTEX
  8
11
  10
5600.733070
  20
231.543086
  0
VERTEX
  8
11
  10
5597.761879
  20
234.429095
  0
VERTEX
  8
11
  10
5594.760780
  20
237.001918
  0
VERTEX
  8
11
  10
5591.737709
  20
239.277823
  0
VERTEX
  8
11
  10
5588.693275
  20
241.270450
  0
VERTEX
  8
11
  10
5585.622596
  20
242.994597
  0
VERTEX
  8
11
  10
5582.579383
  20
244.428351
  0
VERTEX
  8
11
  10
5579.551429
  20
245.580657
  0
VERTEX
  8
11
  10
5576.159706
  20
246.591590
  0
VERTEX
  8
11
  10
5572.391395
  20
247.441485
  0
VERTEX
  8
11
  10
5570.898475
  20
247.719577
  0
SEQEND
  8
11
  0
POLYLINE
  8
11
  66
1
  70
0
  0
VERTEX
  8
11
  10
5626.043129
  20
34.016374
  0
VERTEX
  8
11
  10
5627.550697
  20
43.824723
  0
SEQEND
  8
11
  0
POLYLINE
  8
11
  66
1
  70
0
  0
VERTEX
  8
11
  10
5972.280922
  20
12.393821
  0
VERTEX
  8
11
  10
5956.678505
  20
12.429421
  0
VERTEX
  8
11
  10
5941.391029
  20
12.503932
  0
VERTEX
  8
11
  10
5926.329383
  20
12.715943
  0
VERTEX
  8
11
  10
5910.902748
  20
13.043282
  0
VERTEX
  8
11
  10
5895.844764
  20
13.447450
  0
VERTEX
  8
11
  10
5880.789833
  20
13.940061
  0
VERTEX
  8
11
  10
5865.372352
  20
14.542449
  0
VERTEX
  8
11
  10
5850.324745
  20
15.223668
  0
VERTEX
  8
11
  10
5834.921302
  20
16.012080
  0
VERTEX
  8
11
  10
5819.882240
  20
16.868785
  0
VERTEX
  8
11
  10
5804.495277
  20
17.833560
  0
VERTEX
  8
11
  10
5789.467201
  20
18.860124
  0
VERTEX
  8
11
  10
5774.292640
  20
19.977973
  0
VERTEX
  8
11
  10
5759.276161
  20
21.160338
  0
VERTEX
  8
11
  10
5744.265174
  20
22.410863
  0
VERTEX
  8
11
  10
5728.923988
  20
23.751739
  0
VERTEX
  8
11
  10
5713.922767
  20
25.118258
  0
VERTEX
  8
11
  10
5698.926429
  20
26.536277
  0
VERTEX
  8
11
  10
5683.538246
  20
28.042815
  0
VERTEX
  8
11
  10
5668.250160
  20
29.584887
  0
VERTEX
  8
11
  10
5653.069496
  20
31.151460
  0
VERTEX
  8
11
  10
5637.977943
  20
32.738831
  0
VERTEX
  8
11
  10
5626.043129
  20
34.016374
  0
SEQEND
  8
11
  0
POINT
  8
11
 10
5972.302894
 20
561.454699
  0
POINT
  8
11
 10
5972.302894
 20
128.393748
 0
LINE
 8
11
 10
5847.597694
 20
295.498240
 11
5847.597694
 21
136.349681
 0
LINE
 8
11
 10
5847.597694
 20
136.349681
 11
5850.981341
 21
156.061376
 0
LINE
 8
11
 10
5847.597694
 20
136.349681
 11
5847.597694
 21
136.349681
  0
TEXT
  8
11
 10
5761.710853
 20
302.850285
 40
10.000000
 50
0.000000
  1
Piece Name: 
  0
TEXT
  8
11
 10
5761.710853
 20
317.850285
 40
10.000000
 50
0.000000
  1
Size: L
  0
TEXT
  8
11
 10
5761.710853
 20
332.850285
 40
10.000000
 50
0.000000
  1
Annotation: 面料X1
  0
TEXT
  8
11
 10
5761.710853
 20
347.850285
 40
10.000000
 50
0.000000
  1
Quantity: 1
  0
TEXT
  8
11
 10
5761.710853
 20
362.850285
 40
10.000000
 50
0.000000
  1
Material: 面料
  0
POLYLINE
  8
11
  66
1
  70
0
  0
VERTEX
  8
11
  10
3600.001831
  20
124.593143
  0
VERTEX
  8
11
  10
3584.303109
  20
124.490321
  0
VERTEX
  8
11
  10
3568.959018
  20
124.328426
  0
VERTEX
  8
11
  10
3553.497321
  20
124.088399
  0
VERTEX
  8
11
  10
3538.489224
  20
123.780281
  0
VERTEX
  8
11
  10
3523.030804
  20
123.383170
  0
VERTEX
  8
11
  10
3507.871754
  20
122.911247
  0
VERTEX
  8
11
  10
3492.418670
  20
122.342188
  0
VERTEX
  8
11
  10
3476.969201
  20
121.681284
  0
VERTEX
  8
11
  10
3461.689759
  20
120.932884
  0
VERTEX
  8
11
  10
3446.250507
  20
120.069544
  0
VERTEX
  8
11
  10
3430.877400
  20
119.094279
  0
VERTEX
  8
11
  10
3415.451071
  20
118.018718
  0
VERTEX
  8
11
  10
3400.102604
  20
116.861333
  0
VERTEX
  8
11
  10
3384.697768
  20
115.516608
  0
VERTEX
  8
11
  10
3369.541471
  20
114.044698
  0
VERTEX
  8
11
  10
3354.534921
  20
112.544386
  0
VERTEX
  8
11
  10
3339.166000
  20
110.837322
  0
VERTEX
  8
11
  10
3323.825414
  20
108.973951
  0
VERTEX
  8
11
  10
3308.491781
  20
106.972905
  0
VERTEX
  8
11
  10
3293.205932
  20
104.823658
  0
VERTEX
  8
11
  10
3277.915529
  20
102.515405
  0
VERTEX
  8
11
  10
3262.681842
  20
100.072028
  0
VERTEX
  8
11
  10
3247.433189
  20
97.502849
  0
VERTEX
  8
11
  10
3232.303322
  20
94.854938
  0
VERTEX
  8
11
  10
3217.084109
  20
92.117164
  0
VERTEX
  8
11
  10
3201.964678
  20
89.349321
  0
VERTEX
  8
11
  10
3186.875536
  20
86.561655
  0
VERTEX
  8
11
  10
3172.017028
  20
83.799793
  0
VERTEX
  8
11
  10
3157.070530
  20
81.007534
  0
VERTEX
  8
11
  10
3142.238708
  20
78.223778
  0
VERTEX
  8
11
  10
3135.289001
  20
76.914234
  0
SEQEND
  8
11
 0
LINE
 8
11
 10
3382.524609
 20
112.792554
 11
3382.034956
 21
117.768520
  0
POLYLINE
  8
11
  66
1
  70
0
  0
VERTEX
  8
11
  10
3135.289001
  20
76.914234
  0
VERTEX
  8
11
  10
3135.824439
  20
86.259418
  0
VERTEX
  8
11
  10
3135.877075
  20
87.469320
  0
SEQEND
  8
11
  0
POLYLINE
  8
11
  66
1
  70
0
  0
VERTEX
  8
11
  10
3135.877075
  20
87.469320
  0
VERTEX
  8
11
  10
3130.451609
  20
101.668720
  0
VERTEX
  8
11
  10
3124.765161
  20
115.838811
  0
VERTEX
  8
11
  10
3118.969234
  20
129.731416
  0
VERTEX
  8
11
  10
3113.055905
  20
143.315692
  0
VERTEX
  8
11
  10
3107.621706
  20
155.204255
  0
VERTEX
  8
11
  10
3101.211667
  20
168.592147
  0
VERTEX
  8
11
  10
3095.744865
  20
179.513637
  0
VERTEX
  8
11
  10
3088.707104
  20
192.834987
  0
VERTEX
  8
11
  10
3081.730140
  20
205.989836
  0
VERTEX
  8
11
  10
3081.033325
  20
207.308216
  0
SEQEND
  8
11
  0
POLYLINE
  8
11
  66
1
  70
0
  0
VERTEX
  8
11
  10
3081.033325
  20
207.308216
  0
VERTEX
  8
11
  10
3076.867065
  20
216.390228
  0
SEQEND
  8
11
  0
POLYLINE
  8
11
  66
1
  70
0
  0
VERTEX
  8
11
  10
3076.867065
  20
216.390228
  0
VERTEX
  8
11
  10
3091.006709
  20
222.870716
  0
VERTEX
  8
11
  10
3104.927798
  20
229.235535
  0
VERTEX
  8
11
  10
3118.848990
  20
235.602679
  0
VERTEX
  8
11
  10
3132.570015
  20
241.894540
  0
VERTEX
  8
11
  10
3146.475939
  20
248.295119
  0
VERTEX
  8
11
  10
3160.380191
  20
254.699359
  0
VERTEX
  8
11
  10
3174.292773
  20
261.085381
  0
VERTEX
  8
11
  10
3188.109565
  20
267.385196
  0
VERTEX
  8
11
  10
3202.070289
  20
273.749454
  0
VERTEX
  8
11
  10
3215.997014
  20
280.104675
  0
VERTEX
  8
11
  10
3229.936879
  20
286.405517
  0
VERTEX
  8
11
  10
3243.926371
  20
292.621416
  0
VERTEX
  8
11
  10
3257.872934
  20
298.700770
  0
VERTEX
  8
11
  10
3271.953840
  20
304.706850
  0
VERTEX
  8
11
  10
3286.144076
  20
310.599322
  0
VERTEX
  8
11
  10
3300.345196
  20
316.315412
  0
VERTEX
  8
11
  10
3314.485380
  20
321.818463
  0
VERTEX
  8
11
  10
3328.537345
  20
327.098322
  0
VERTEX
  8
11
  10
3342.928882
  20
332.316367
  0
VERTEX
  8
11
  10
3357.489278
  20
337.400696
  0
VERTEX
  8
11
  10
3369.351758
  20
341.309963
  0
VERTEX
  8
11
  10
3383.779178
  20
345.868410
  0
VERTEX
  8
11
  10
3396.170504
  20
349.664349
  0
VERTEX
  8
11
  10
3410.683506
  20
353.883088
  0
VERTEX
  8
11
  10
3425.400278
  20
358.099135
  0
VERTEX
  8
11
  10
3440.126571
  20
362.279001
  0
VERTEX
  8
11
  10
3454.824173
  20
366.391903
  0
VERTEX
  8
11
  10
3469.583386
  20
370.454356
  0
VERTEX
  8
11
  10
3484.356268
  20
374.467931
  0
VERTEX
  8
11
  10
3498.875532
  20
378.378831
  0
VERTEX
  8
11
  10
3513.312133
  20
382.247864
  0
VERTEX
  8
11
  10
3516.447144
  20
383.085785
  0
SEQEND
  8
11
 0
LINE
 8
11
 10
3194.070831
 20
272.846274
 11
3196.142703
 21
268.295742
 0
LINE
 8
11
 10
3380.592591
 20
347.479585
 11
3382.103595
 21
342.713363
  0
POLYLINE
  8
11
  66
1
  70
0
  0
VERTEX
  8
11
  10
3516.447144
  20
383.085785
  0
VERTEX
  8
11
  10
3516.592405
  20
378.672906
  0
VERTEX
  8
11
  10
3517.008145
  20
374.826106
  0
VERTEX
  8
11
  10
3517.247925
  20
373.231697
  0
SEQEND
  8
11
  0
POLYLINE
  8
11
  66
1
  70
0
  0
VERTEX
  8
11
  10
3517.247925
  20
373.231697
  0
VERTEX
  8
11
  10
3519.666249
  20
368.662347
  0
VERTEX
  8
11
  10
3521.561780
  20
365.585740
  0
VERTEX
  8
11
  10
3523.583022
  20
362.767222
  0
VERTEX
  8
11
  10
3525.689258
  20
360.253129
  0
VERTEX
  8
11
  10
3527.843459
  20
358.063484
  0
VERTEX
  8
11
  10
3530.043210
  20
356.172241
  0
VERTEX
  8
11
  10
3532.327386
  20
354.530393
  0
VERTEX
  8
11
  10
3534.922639
  20
352.974580
  0
VERTEX
  8
11
  10
3537.840373
  20
351.517704
  0
VERTEX
  8
11
  10
3541.228077
  20
350.116776
  0
VERTEX
  8
11
  10
3544.934512
  20
348.857297
  0
VERTEX
  8
11
  10
3548.994344
  20
347.746041
  0
VERTEX
  8
11
  10
3553.401077
  20
346.806039
  0
VERTEX
  8
11
  10
3558.193775
  20
346.043190
  0
VERTEX
  8
11
  10
3563.609567
  20
345.441995
  0
VERTEX
  8
11
  10
3569.880761
  20
345.009538
  0
VERTEX
  8
11
  10
3577.626835
  20
344.747849
  0
VERTEX
  8
11
  10
3592.677404
  20
344.626743
  0
VERTEX
  8
11
  10
3600.000000
  20
344.593506
  0
SEQEND
  8
11
 0
LINE
 8
11
 10
3599.999407
 20
347.093509
 11
3599.999365
 21
342.093509
  0
POLYLINE
  8
11
  66
1
  70
0
  0
VERTEX
  8
11
  10
3600.000000
  20
344.593506
  0
VERTEX
  8
11
  10
3615.189114
  20
344.663185
  0
VERTEX
  8
11
  10
3625.490912
  20
344.825008
  0
VERTEX
  8
11
  10
3632.667842
  20
345.156368
  0
VERTEX
  8
11
  10
3638.614162
  20
345.659421
  0
VERTEX
  8
11
  10
3643.767426
  20
346.326084
  0
VERTEX
  8
11
  10
3648.445924
  20
347.169435
  0
VERTEX
  8
11
  10
3652.687578
  20
348.175314
  0
VERTEX
  8
11
  10
3656.624002
  20
349.356013
  0
VERTEX
  8
11
  10
3660.201775
  20
350.675149
  0
VERTEX
  8
11
  10
3663.413455
  20
352.111237
  0
VERTEX
  8
11
  10
3666.197209
  20
353.611416
  0
VERTEX
  8
11
  10
3668.692791
  20
355.227149
  0
VERTEX
  8
11
  10
3670.923738
  20
356.963449
  0
VERTEX
  8
11
  10
3673.131892
  20
359.010719
  0
VERTEX
  8
11
  10
3675.225399
  20
361.296140
  0
VERTEX
  8
11
  10
3677.243833
  20
363.868365
  0
VERTEX
  8
11
  10
3679.190390
  20
366.751428
  0
VERTEX
  8
11
  10
3681.107245
  20
370.051488
  0
VERTEX
  8
11
  10
3682.752075
  20
373.231697
  0
SEQEND
  8
11
  0
POLYLINE
  8
11
  66
1
  70
0
  0
VERTEX
  8
11
  10
3682.752075
  20
373.231697
  0
VERTEX
  8
11
  10
3683.332955
  20
377.769409
  0
VERTEX
  8
11
  10
3683.531160
  20
381.311087
  0
VERTEX
  8
11
  10
3683.552856
  20
383.085785
  0
SEQEND
  8
11
  0
POLYLINE
  8
11
  66
1
  70
0
  0
VERTEX
  8
11
  10
3683.552856
  20
383.085785
  0
VERTEX
  8
11
  10
3698.601393
  20
379.056204
  0
VERTEX
  8
11
  10
3713.286691
  20
375.104644
  0
VERTEX
  8
11
  10
3728.061267
  20
371.097326
  0
VERTEX
  8
11
  10
3742.823007
  20
367.043785
  0
VERTEX
  8
11
  10
3757.461632
  20
362.958461
  0
VERTEX
  8
11
  10
3772.190008
  20
358.786301
  0
VERTEX
  8
11
  10
3786.907956
  20
354.574896
  0
VERTEX
  8
11
  10
3801.570066
  20
350.331920
  0
VERTEX
  8
11
  10
3814.591563
  20
346.383297
  0
VERTEX
  8
11
  10
3829.196911
  20
341.771527
  0
VERTEX
  8
11
  10
3841.152119
  20
337.861288
  0
VERTEX
  8
11
  10
3855.361428
  20
332.924295
  0
VERTEX
  8
11
  10
3869.759984
  20
327.725378
  0
VERTEX
  8
11
  10
3884.203141
  20
322.319208
  0
VERTEX
  8
11
  10
3898.198620
  20
316.890915
  0
VERTEX
  8
11
  10
3912.406355
  20
311.191265
  0
VERTEX
  8
11
  10
3926.425964
  20
305.388283
  0
VERTEX
  8
11
  10
3940.512914
  20
299.396426
  0
VERTEX
  8
11
  10
3954.602997
  20
293.268128
  0
VERTEX
  8
11
  10
3968.596962
  20
287.062289
  0
VERTEX
  8
11
  10
3982.464192
  20
280.804430
  0
VERTEX
  8
11
  10
3996.392119
  20
274.451913
  0
VERTEX
  8
11
  10
4010.310730
  20
268.104013
  0
VERTEX
  8
11
  10
4024.272280
  20
261.741728
  0
VERTEX
  8
11
  10
4038.186306
  20
255.358821
  0
VERTEX
  8
11
  10
4052.090938
  20
248.955455
  0
VERTEX
  8
11
  10
4065.996247
  20
242.553477
  0
VERTEX
  8
11
  10
4079.798525
  20
236.221924
  0
VERTEX
  8
11
  10
4093.719330
  20
229.853968
  0
VERTEX
  8
11
  10
4107.641527
  20
223.489055
  0
VERTEX
  8
11
  10
4121.182852
  20
217.285361
  0
VERTEX
  8
11
  10
4123.132935
  20
216.390228
  0
SEQEND
  8
11
 0
LINE
 8
11
 10
3819.407104
 20
347.479681
 11
3817.896098
 21
342.713461
 0
LINE
 8
11
 10
4005.928676
 20
272.846499
 11
4003.856803
 21
268.295967
  0
POLYLINE
  8
11
  66
1
  70
0
  0
VERTEX
  8
11
  10
4123.132935
  20
216.390228
  0
VERTEX
  8
11
  10
4118.966675
  20
207.308216
  0
SEQEND
  8
11
  0
POLYLINE
  8
11
  66
1
  70
0
  0
VERTEX
  8
11
  10
4118.966675
  20
207.308216
  0
VERTEX
  8
11
  10
4111.826550
  20
193.836768
  0
VERTEX
  8
11
  10
4104.752408
  20
180.474610
  0
VERTEX
  8
11
  10
4099.202620
  20
169.418711
  0
VERTEX
  8
11
  10
4092.652694
  20
155.853628
  0
VERTEX
  8
11
  10
4088.816582
  20
147.429441
  0
VERTEX
  8
11
  10
4082.720271
  20
133.663896
  0
VERTEX
  8
11
  10
4077.647104
  20
121.721715
  0
VERTEX
  8
11
  10
4071.957019
  20
107.734711
  0
VERTEX
  8
11
  10
4066.529997
  20
93.863368
  0
VERTEX
  8
11
  10
4064.122925
  20
87.469320
  0
SEQEND
  8
11
 0
LINE
 8
11
 10
4091.038082
 20
146.271558
 11
4086.465751
 21
148.294870
  0
POLYLINE
  8
11
  66
1
  70
0
  0
VERTEX
  8
11
  10
4064.122925
  20
87.469320
  0
VERTEX
  8
11
  10
4064.710999
  20
76.914234
  0
SEQEND
  8
11
  0
POLYLINE
  8
11
  66
1
  70
0
  0
VERTEX
  8
11
  10
4064.710999
  20
76.914234
  0
VERTEX
  8
11
  10
4049.588494
  20
79.759329
  0
VERTEX
  8
11
  10
4034.346748
  20
82.612551
  0
VERTEX
  8
11
  10
4019.096752
  20
85.453351
  0
VERTEX
  8
11
  10
4004.208959
  20
88.211104
  0
VERTEX
  8
11
  10
3989.118745
  20
90.985961
  0
VERTEX
  8
11
  10
3973.902605
  20
93.746081
  0
VERTEX
  8
11
  10
3958.675443
  20
96.444255
  0
VERTEX
  8
11
  10
3943.527035
  20
99.039502
  0
VERTEX
  8
11
  10
3928.266132
  20
101.540242
  0
VERTEX
  8
11
  10
3913.088155
  20
103.891973
  0
VERTEX
  8
11
  10
3897.819994
  20
106.105161
  0
VERTEX
  8
11
  10
3882.493609
  20
108.166820
  0
VERTEX
  8
11
  10
3867.177291
  20
110.083814
  0
VERTEX
  8
11
  10
3851.815217
  20
111.861103
  0
VERTEX
  8
11
  10
3836.446171
  20
113.460140
  0
VERTEX
  8
11
  10
3821.054110
  20
114.954150
  0
VERTEX
  8
11
  10
3805.650855
  20
116.387595
  0
VERTEX
  8
11
  10
3790.233663
  20
117.603043
  0
VERTEX
  8
11
  10
3774.901592
  20
118.701198
  0
VERTEX
  8
11
  10
3759.470932
  20
119.719634
  0
VERTEX
  8
11
  10
3744.107367
  20
120.622085
  0
VERTEX
  8
11
  10
3728.663358
  20
121.416817
  0
VERTEX
  8
11
  10
3713.275425
  20
122.109462
  0
VERTEX
  8
11
  10
3697.822738
  20
122.712051
  0
VERTEX
  8
11
  10
3682.534548
  20
123.219641
  0
VERTEX
  8
11
  10
3667.076045
  20
123.646887
  0
VERTEX
  8
11
  10
3651.914545
  20
123.985854
  0
VERTEX
  8
11
  10
3636.452394
  20
124.253054
  0
VERTEX
  8
11
  10
3620.989128
  20
124.442547
  0
VERTEX
  8
11
  10
3605.821305
  20
124.560693
  0
VERTEX
  8
11
  10
3599.998169
  20
124.593143
  0
SEQEND
  8
11
 0
LINE
 8
11
 10
3817.475142
 20
112.792579
 11
3817.964796
 21
117.768545
 0
LINE
 8
11
 10
3599.996514
 20
122.093144
 11
3599.999727
 21
127.093143
  0
POLYLINE
  8
11
  66
1
  70
0
  0
VERTEX
  8
11
  10
3600.001831
  20
134.593391
  0
VERTEX
  8
11
  10
3584.570189
  20
134.492776
  0
VERTEX
  8
11
  10
3569.419102
  20
134.334964
  0
VERTEX
  8
11
  10
3554.331892
  20
134.104995
  0
VERTEX
  8
11
  10
3539.154337
  20
133.797941
  0
VERTEX
  8
11
  10
3524.059280
  20
133.415531
  0
VERTEX
  8
11
  10
3508.901910
  20
132.951601
  0
VERTEX
  8
11
  10
3493.746669
  20
132.403175
  0
VERTEX
  8
11
  10
3478.589637
  20
131.765682
  0
VERTEX
  8
11
  10
3463.436716
  20
131.034624
  0
VERTEX
  8
11
  10
3448.287889
  20
130.205512
  0
VERTEX
  8
11
  10
3433.145107
  20
129.273852
  0
VERTEX
  8
11
  10
3418.008643
  20
128.235071
  0
VERTEX
  8
11
  10
3402.882386
  20
127.084673
  0
VERTEX
  8
11
  10
3387.766177
  20
125.818313
  0
VERTEX
  8
11
  10
3372.662075
  20
124.431072
  0
VERTEX
  8
11
  10
3357.572191
  20
122.918911
  0
VERTEX
  8
11
  10
3342.498325
  20
121.277063
  0
VERTEX
  8
11
  10
3327.440645
  20
119.501045
  0
VERTEX
  8
11
  10
3312.402993
  20
117.586401
  0
VERTEX
  8
11
  10
3297.385498
  20
115.528652
  0
VERTEX
  8
11
  10
3282.390212
  20
113.323293
  0
VERTEX
  8
11
  10
3267.401107
  20
110.972795
  0
VERTEX
  8
11
  10
3252.559902
  20
108.520583
  0
VERTEX
  8
11
  10
3237.604559
  20
105.946122
  0
VERTEX
  8
11
  10
3222.734259
  20
103.303979
  0
VERTEX
  8
11
  10
3207.791381
  20
100.588483
  0
VERTEX
  8
11
  10
3192.938418
  20
97.850440
  0
VERTEX
  8
11
  10
3178.187628
  20
95.106723
  0
VERTEX
  8
11
  10
3163.468401
  20
92.349096
  0
VERTEX
  8
11
  10
3148.609714
  20
89.546768
  0
VERTEX
  8
11
  10
3145.966797
  20
89.046831
  0
SEQEND
  8
11
 0
LINE
 8
11
 10
3381.525712
 20
122.749897
 11
3381.071688
 21
127.729240
  0
POLYLINE
  8
11
  66
1
  70
0
  0
VERTEX
  8
11
  10
3145.966797
  20
89.046831
  0
VERTEX
  8
11
  10
3140.747778
  20
102.774187
  0
VERTEX
  8
11
  10
3135.206000
  20
116.716418
  0
VERTEX
  8
11
  10
3129.439915
  20
130.657708
  0
VERTEX
  8
11
  10
3123.619528
  20
144.155836
  0
VERTEX
  8
11
  10
3117.896788
  20
156.839002
  0
VERTEX
  8
11
  10
3112.346638
  20
168.554554
  0
VERTEX
  8
11
  10
3106.006695
  20
181.341643
  0
VERTEX
  8
11
  10
3099.121817
  20
194.713336
  0
VERTEX
  8
11
  10
3092.053594
  20
207.970106
  0
VERTEX
  8
11
  10
3090.142517
  20
211.477184
  0
SEQEND
  8
11
  0
POLYLINE
  8
11
  66
1
  70
0
  0
VERTEX
  8
11
  10
3090.142517
  20
211.477184
  0
VERTEX
  8
11
  10
3103.945846
  20
217.790069
  0
VERTEX
  8
11
  10
3117.588119
  20
224.030414
  0
VERTEX
  8
11
  10
3131.227651
  20
230.276816
  0
VERTEX
  8
11
  10
3144.985270
  20
236.591698
  0
VERTEX
  8
11
  10
3158.615068
  20
242.859368
  0
VERTEX
  8
11
  10
3172.283621
  20
249.146012
  0
VERTEX
  8
11
  10
3185.915988
  20
255.407859
  0
VERTEX
  8
11
  10
3199.710181
  20
261.727567
  0
VERTEX
  8
11
  10
3213.448340
  20
267.990395
  0
VERTEX
  8
11
  10
3227.267870
  20
274.240803
  0
VERTEX
  8
11
  10
3240.961187
  20
280.366781
  0
VERTEX
  8
11
  10
3254.731490
  20
286.435146
  0
VERTEX
  8
11
  10
3268.532574
  20
292.396501
  0
VERTEX
  8
11
  10
3282.404738
  20
298.240703
  0
VERTEX
  8
11
  10
3296.193312
  20
303.887595
  0
VERTEX
  8
11
  10
3310.333377
  20
309.494994
  0
VERTEX
  8
11
  10
3324.491437
  20
314.918478
  0
VERTEX
  8
11
  10
3338.649270
  20
320.153182
  0
VERTEX
  8
11
  10
3352.796871
  20
325.193906
  0
VERTEX
  8
11
  10
3367.054565
  20
330.050145
  0
VERTEX
  8
11
  10
3380.800335
  20
334.483830
  0
VERTEX
  8
11
  10
3384.361267
  20
335.595245
  0
SEQEND
  8
11
 0
LINE
 8
11
 10
3198.193984
 20
263.783225
 11
3200.272997
 21
259.235951
 0
LINE
 8
11
 10
3383.618909
 20
337.982483
 11
3385.103647
 21
333.208014
  0
POLYLINE
  8
11
  66
1
  70
0
  0
VERTEX
  8
11
  10
3384.361267
  20
335.595245
  0
VERTEX
  8
11
  10
3399.005076
  20
340.036480
  0
VERTEX
  8
11
  10
3413.494687
  20
344.286419
  0
VERTEX
  8
11
  10
3428.089232
  20
348.477360
  0
VERTEX
  8
11
  10
3442.696750
  20
352.616156
  0
VERTEX
  8
11
  10
3457.261221
  20
356.691056
  0
VERTEX
  8
11
  10
3471.898777
  20
360.728053
  0
VERTEX
  8
11
  10
3486.454552
  20
364.681900
  0
VERTEX
  8
11
  10
3500.944110
  20
368.567233
  0
VERTEX
  8
11
  10
3510.451050
  20
371.098289
  0
SEQEND
  8
11
  0
POLYLINE
  8
11
  66
1
  70
0
  0
VERTEX
  8
11
  10
3510.451050
  20
371.098289
  0
VERTEX
  8
11
  10
3512.567064
  20
366.990681
  0
VERTEX
  8
11
  10
3514.779015
  20
363.203098
  0
VERTEX
  8
11
  10
3516.863880
  20
360.071477
  0
VERTEX
  8
11
  10
3518.992774
  20
357.299057
  0
VERTEX
  8
11
  10
3521.262634
  20
354.735484
  0
VERTEX
  8
11
  10
3523.548788
  20
352.503436
  0
VERTEX
  8
11
  10
3525.977239
  20
350.466418
  0
VERTEX
  8
11
  10
3528.508027
  20
348.664469
  0
VERTEX
  8
11
  10
3531.333153
  20
346.960492
  0
VERTEX
  8
11
  10
3534.452463
  20
345.371384
  0
VERTEX
  8
11
  10
3537.922200
  20
343.887336
  0
VERTEX
  8
11
  10
3541.722838
  20
342.530635
  0
VERTEX
  8
11
  10
3545.823112
  20
341.327987
  0
VERTEX
  8
11
  10
3550.250633
  20
340.290821
  0
VERTEX
  8
11
  10
3555.053408
  20
339.425230
  0
VERTEX
  8
11
  10
3560.296887
  20
338.736206
  0
VERTEX
  8
11
  10
3566.238966
  20
338.213966
  0
VERTEX
  8
11
  10
3573.297772
  20
337.860233
  0
VERTEX
  8
11
  10
3582.656899
  20
337.677421
  0
VERTEX
  8
11
  10
3597.658884
  20
337.606114
  0
VERTEX
  8
11
  10
3600.000000
  20
337.593422
  0
SEQEND
  8
11
 0
LINE
 8
11
 10
3599.999763
 20
340.093426
 11
3599.998907
 21
335.093426
  0
POLYLINE
  8
11
  66
1
  70
0
  0
VERTEX
  8
11
  10
3600.000000
  20
337.593422
  0
VERTEX
  8
11
  10
3615.147195
  20
337.663838
  0
VERTEX
  8
11
  10
3625.741816
  20
337.829623
  0
VERTEX
  8
11
  10
3633.022399
  20
338.164502
  0
VERTEX
  8
11
  10
3639.138626
  20
338.675901
  0
VERTEX
  8
11
  10
3644.545395
  20
339.363739
  0
VERTEX
  8
11
  10
3649.415208
  20
340.222472
  0
VERTEX
  8
11
  10
3653.905753
  20
341.257345
  0
VERTEX
  8
11
  10
3658.094884
  20
342.471607
  0
VERTEX
  8
11
  10
3661.982625
  20
343.850005
  0
VERTEX
  8
11
  10
3665.556179
  20
345.375574
  0
VERTEX
  8
11
  10
3668.724429
  20
346.991814
  0
VERTEX
  8
11
  10
3671.556555
  20
348.706718
  0
VERTEX
  8
11
  10
3674.141052
  20
350.558162
  0
VERTEX
  8
11
  10
3676.569476
  20
352.609864
  0
VERTEX
  8
11
  10
3678.914914
  20
354.923179
  0
VERTEX
  8
11
  10
3681.175675
  20
357.504373
  0
VERTEX
  8
11
  10
3683.325782
  20
360.336625
  0
VERTEX
  8
11
  10
3685.398239
  20
363.483985
  0
VERTEX
  8
11
  10
3687.548733
  20
367.226673
  0
VERTEX
  8
11
  10
3689.548950
  20
371.098289
  0
SEQEND
  8
11
  0
POLYLINE
  8
11
  66
1
  70
0
  0
VERTEX
  8
11
  10
3689.548950
  20
371.098289
  0
VERTEX
  8
11
  10
3704.675161
  20
367.065732
  0
VERTEX
  8
11
  10
3719.421493
  20
363.088937
  0
VERTEX
  8
11
  10
3733.996624
  20
359.104719
  0
VERTEX
  8
11
  10
3748.764583
  20
355.013172
  0
VERTEX
  8
11
  10
3763.311484
  20
350.927409
  0
VERTEX
  8
11
  10
3777.842701
  20
346.786075
  0
VERTEX
  8
11
  10
3792.507376
  20
342.539487
  0
VERTEX
  8
11
  10
3806.992866
  20
338.240812
  0
VERTEX
  8
11
  10
3815.640564
  20
335.595245
  0
SEQEND
  8
11
 0
LINE
 8
11
 10
3816.374108
 20
337.985206
 11
3814.907346
 21
333.205184
  0
POLYLINE
  8
11
  66
1
  70
0
  0
VERTEX
  8
11
  10
3815.640564
  20
335.595245
  0
VERTEX
  8
11
  10
3830.470858
  20
330.866178
  0
VERTEX
  8
11
  10
3844.233753
  20
326.226785
  0
VERTEX
  8
11
  10
3858.553794
  20
321.165251
  0
VERTEX
  8
11
  10
3872.762837
  20
315.948434
  0
VERTEX
  8
11
  10
3886.866371
  20
310.582565
  0
VERTEX
  8
11
  10
3900.946122
  20
305.037015
  0
VERTEX
  8
11
  10
3914.922842
  20
299.348836
  0
VERTEX
  8
11
  10
3929.048670
  20
293.426329
  0
VERTEX
  8
11
  10
3942.864921
  20
287.483158
  0
VERTEX
  8
11
  10
3956.680377
  20
281.414139
  0
VERTEX
  8
11
  10
3970.459517
  20
275.262942
  0
VERTEX
  8
11
  10
3984.371328
  20
268.980485
  0
VERTEX
  8
11
  10
3998.104329
  20
262.727114
  0
VERTEX
  8
11
  10
4012.134629
  20
256.303082
  0
VERTEX
  8
11
  10
4026.016317
  20
249.927121
  0
VERTEX
  8
11
  10
4039.725605
  20
243.621964
  0
VERTEX
  8
11
  10
4053.435212
  20
237.317493
  0
VERTEX
  8
11
  10
4067.176514
  20
231.008347
  0
VERTEX
  8
11
  10
4080.895137
  20
224.723516
  0
VERTEX
  8
11
  10
4094.617179
  20
218.446172
  0
VERTEX
  8
11
  10
4108.256605
  20
212.209966
  0
VERTEX
  8
11
  10
4109.859314
  20
211.477184
  0
SEQEND
  8
11
 0
LINE
 8
11
 10
4001.807901
 20
263.783186
 11
3999.728882
 21
259.235914
  0
POLYLINE
  8
11
  66
1
  70
0
  0
VERTEX
  8
11
  10
4109.859314
  20
211.477184
  0
VERTEX
  8
11
  10
4102.581685
  20
197.941078
  0
VERTEX
  8
11
  10
4095.608034
  20
184.519909
  0
VERTEX
  8
11
  10
4088.896661
  20
171.105387
  0
VERTEX
  8
11
  10
4083.138235
  20
159.066270
  0
VERTEX
  8
11
  10
4077.576675
  20
146.855366
  0
VERTEX
  8
11
  10
4071.665996
  20
133.267961
  0
VERTEX
  8
11
  10
4065.797630
  20
119.183334
  0
VERTEX
  8
11
  10
4060.164057
  20
105.121366
  0
VERTEX
  8
11
  10
4054.880332
  20
91.315788
  0
VERTEX
  8
11
  10
4054.033203
  20
89.046831
  0
SEQEND
  8
11
 0
LINE
 8
11
 10
4081.865659
 20
150.308343
 11
4077.310077
 21
152.369088
  0
POLYLINE
  8
11
  66
1
  70
0
  0
VERTEX
  8
11
  10
4054.033203
  20
89.046831
  0
VERTEX
  8
11
  10
4038.680726
  20
91.944267
  0
VERTEX
  8
11
  10
4023.649457
  20
94.762545
  0
VERTEX
  8
11
  10
4008.654408
  20
97.554823
  0
VERTEX
  8
11
  10
3993.767485
  20
100.302748
  0
VERTEX
  8
11
  10
3978.556653
  20
103.071471
  0
VERTEX
  8
11
  10
3963.335203
  20
105.781028
  0
VERTEX
  8
11
  10
3948.220130
  20
108.389196
  0
VERTEX
  8
11
  10
3932.966816
  20
110.913847
  0
VERTEX
  8
11
  10
3917.644788
  20
113.316568
  0
VERTEX
  8
11
  10
3902.348470
  20
115.566182
  0
VERTEX
  8
11
  10
3887.011492
  20
117.664384
  0
VERTEX
  8
11
  10
3871.627514
  20
119.614956
  0
VERTEX
  8
11
  10
3856.271954
  20
121.415744
  0
VERTEX
  8
11
  10
3840.848014
  20
123.083602
  0
VERTEX
  8
11
  10
3825.462789
  20
124.610898
  0
VERTEX
  8
11
  10
3810.518218
  20
125.967190
  0
VERTEX
  8
11
  10
3795.110181
  20
127.243549
  0
VERTEX
  8
11
  10
3780.134481
  20
128.368693
  0
VERTEX
  8
11
  10
3764.708977
  20
129.412531
  0
VERTEX
  8
11
  10
3749.712981
  20
130.320730
  0
VERTEX
  8
11
  10
3734.274548
  20
131.151193
  0
VERTEX
  8
11
  10
3719.264646
  20
131.861425
  0
VERTEX
  8
11
  10
3703.816930
  20
132.497122
  0
VERTEX
  8
11
  10
3688.801068
  20
133.027273
  0
VERTEX
  8
11
  10
3673.347175
  20
133.487167
  0
VERTEX
  8
11
  10
3657.890984
  20
133.863804
  0
VERTEX
  8
11
  10
3642.460460
  20
134.159975
  0
VERTEX
  8
11
  10
3627.001189
  20
134.378708
  0
VERTEX
  8
11
  10
3611.958290
  20
134.519467
  0
VERTEX
  8
11
  10
3599.998169
  20
134.593391
  0
SEQEND
  8
11
 0
LINE
 8
11
 10
3818.474483
 20
122.749873
 11
3818.928519
 21
127.729215
 0
LINE
 8
11
 10
3599.994985
 20
132.093394
 11
3600.001095
 21
137.093390
  0
POLYLINE
  8
11
  66
1
  70
0
  0
VERTEX
  8
11
  10
3600.000000
  20
337.593422
  0
VERTEX
  8
11
  10
3599.998169
  20
134.593391
  0
SEQEND
  8
11
 0
LINE
 8
11
 10
3599.999999
 20
340.093422
 11
3600.000001
 21
335.093422
 0
LINE
 8
11
 10
3599.998170
 20
132.093391
 11
3599.998168
 21
137.093391
  0
POLYLINE
  8
11
  66
1
  70
0
  0
VERTEX
  8
11
  10
3815.640564
  20
335.595245
  0
VERTEX
  8
11
  10
3814.078064
  20
330.961800
  0
SEQEND
  8
11
 0
LINE
 8
11
 10
3816.380673
 20
337.983181
 11
3814.900455
 21
333.207309
  0
POLYLINE
  8
11
  66
1
  70
0
  0
VERTEX
  8
11
  10
4094.253845
  20
196.681194
  0
VERTEX
  8
11
  10
4103.691406
  20
214.346294
  0
SEQEND
  8
11
  0
POLYLINE
  8
11
  66
1
  70
0
  0
VERTEX
  8
11
  10
3384.361267
  20
335.595245
  0
VERTEX
  8
11
  10
3385.923767
  20
330.961800
  0
SEQEND
  8
11
 0
LINE
 8
11
 10
3383.621159
 20
337.983182
 11
3385.101375
 21
333.207309
  0
POLYLINE
  8
11
  66
1
  70
0
  0
VERTEX
  8
11
  10
3105.746155
  20
196.681194
  0
VERTEX
  8
11
  10
3098.494604
  20
210.260750
  0
VERTEX
  8
11
  10
3096.308594
  20
214.346294
  0
SEQEND
  8
11
  0
POLYLINE
  8
11
  66
1
  70
0
  0
VERTEX
  8
11
  10
4064.710999
  20
76.914234
  0
VERTEX
  8
11
  10
4049.588318
  20
79.759326
  0
VERTEX
  8
11
  10
4034.346619
  20
82.612543
  0
VERTEX
  8
11
  10
4019.096680
  20
85.453339
  0
VERTEX
  8
11
  10
4004.208984
  20
88.211098
  0
VERTEX
  8
11
  10
3989.118652
  20
90.985956
  0
VERTEX
  8
11
  10
3973.902588
  20
93.746071
  0
VERTEX
  8
11
  10
3958.675537
  20
96.444244
  0
VERTEX
  8
11
  10
3943.526917
  20
99.039497
  0
VERTEX
  8
11
  10
3928.265991
  20
101.540241
  0
VERTEX
  8
11
  10
3913.088074
  20
103.891973
  0
VERTEX
  8
11
  10
3897.820129
  20
106.105156
  0
VERTEX
  8
11
  10
3882.493591
  20
108.166819
  0
VERTEX
  8
11
  10
3867.177429
  20
110.083818
  0
VERTEX
  8
11
  10
3851.815186
  20
111.861105
  0
VERTEX
  8
11
  10
3836.446228
  20
113.460150
  0
VERTEX
  8
11
  10
3821.054077
  20
114.954157
  0
VERTEX
  8
11
  10
3805.650940
  20
116.387596
  0
VERTEX
  8
11
  10
3790.233765
  20
117.603045
  0
VERTEX
  8
11
  10
3774.901733
  20
118.701200
  0
VERTEX
  8
11
  10
3759.471130
  20
119.719629
  0
VERTEX
  8
11
  10
3744.107361
  20
120.622082
  0
VERTEX
  8
11
  10
3728.663330
  20
121.416817
  0
VERTEX
  8
11
  10
3713.275452
  20
122.109461
  0
VERTEX
  8
11
  10
3697.822571
  20
122.712049
  0
VERTEX
  8
11
  10
3682.534485
  20
123.219643
  0
VERTEX
  8
11
  10
3667.076111
  20
123.646889
  0
VERTEX
  8
11
  10
3651.914368
  20
123.985853
  0
VERTEX
  8
11
  10
3636.452332
  20
124.253054
  0
VERTEX
  8
11
  10
3620.989075
  20
124.442549
  0
VERTEX
  8
11
  10
3605.821228
  20
124.560690
  0
VERTEX
  8
11
  10
3599.998169
  20
124.593143
  0
SEQEND
  8
11
  0
POLYLINE
  8
11
  66
1
  70
0
  0
VERTEX
  8
11
  10
4064.122925
  20
87.469320
  0
VERTEX
  8
11
  10
4064.710999
  20
76.914234
  0
SEQEND
  8
11
  0
POLYLINE
  8
11
  66
1
  70
0
  0
VERTEX
  8
11
  10
4118.966675
  20
207.308216
  0
VERTEX
  8
11
  10
4111.826477
  20
193.836803
  0
VERTEX
  8
11
  10
4104.752502
  20
180.474663
  0
VERTEX
  8
11
  10
4099.202576
  20
169.418755
  0
VERTEX
  8
11
  10
4092.652588
  20
155.853653
  0
VERTEX
  8
11
  10
4088.816528
  20
147.429457
  0
VERTEX
  8
11
  10
4082.720337
  20
133.663921
  0
VERTEX
  8
11
  10
4077.647095
  20
121.721754
  0
VERTEX
  8
11
  10
4071.957092
  20
107.734766
  0
VERTEX
  8
11
  10
4066.530151
  20
93.863401
  0
VERTEX
  8
11
  10
4064.122925
  20
87.469320
  0
SEQEND
  8
11
  0
POLYLINE
  8
11
  66
1
  70
0
  0
VERTEX
  8
11
  10
4123.132935
  20
216.390228
  0
VERTEX
  8
11
  10
4118.966675
  20
207.308216
  0
SEQEND
  8
11
  0
POLYLINE
  8
11
  66
1
  70
0
  0
VERTEX
  8
11
  10
3683.552856
  20
383.085785
  0
VERTEX
  8
11
  10
3698.601074
  20
379.056244
  0
VERTEX
  8
11
  10
3713.286438
  20
375.104713
  0
VERTEX
  8
11
  10
3728.060913
  20
371.097374
  0
VERTEX
  8
11
  10
3742.822876
  20
367.043839
  0
VERTEX
  8
11
  10
3757.461548
  20
362.958527
  0
VERTEX
  8
11
  10
3772.189941
  20
358.786354
  0
VERTEX
  8
11
  10
3786.907959
  20
354.574966
  0
VERTEX
  8
11
  10
3801.569824
  20
350.331993
  0
VERTEX
  8
11
  10
3814.591370
  20
346.383400
  0
VERTEX
  8
11
  10
3829.196777
  20
341.771584
  0
VERTEX
  8
11
  10
3841.152039
  20
337.861328
  0
VERTEX
  8
11
  10
3855.361328
  20
332.924347
  0
VERTEX
  8
11
  10
3869.759827
  20
327.725449
  0
VERTEX
  8
11
  10
3884.202881
  20
322.319260
  0
VERTEX
  8
11
  10
3898.198242
  20
316.890984
  0
VERTEX
  8
11
  10
3912.406006
  20
311.191349
  0
VERTEX
  8
11
  10
3926.425781
  20
305.388355
  0
VERTEX
  8
11
  10
3940.512695
  20
299.396496
  0
VERTEX
  8
11
  10
3954.602661
  20
293.268204
  0
VERTEX
  8
11
  10
3968.596802
  20
287.062378
  0
VERTEX
  8
11
  10
3982.463989
  20
280.804520
  0
VERTEX
  8
11
  10
3996.391907
  20
274.452000
  0
VERTEX
  8
11
  10
4010.310364
  20
268.104115
  0
VERTEX
  8
11
  10
4024.272156
  20
261.741810
  0
VERTEX
  8
11
  10
4038.186035
  20
255.358906
  0
VERTEX
  8
11
  10
4052.090759
  20
248.955536
  0
VERTEX
  8
11
  10
4065.995789
  20
242.553577
  0
VERTEX
  8
11
  10
4079.798279
  20
236.222038
  0
VERTEX
  8
11
  10
4093.719177
  20
229.854069
  0
VERTEX
  8
11
  10
4107.641296
  20
223.489151
  0
VERTEX
  8
11
  10
4121.182861
  20
217.285385
  0
VERTEX
  8
11
  10
4123.132935
  20
216.390228
  0
SEQEND
  8
11
  0
POLYLINE
  8
11
  66
1
  70
0
  0
VERTEX
  8
11
  10
3682.752075
  20
373.231697
  0
VERTEX
  8
11
  10
3683.332825
  20
377.769394
  0
VERTEX
  8
11
  10
3683.531189
  20
381.311073
  0
VERTEX
  8
11
  10
3683.552856
  20
383.085785
  0
SEQEND
  8
11
  0
POLYLINE
  8
11
  66
1
  70
0
  0
VERTEX
  8
11
  10
3600.000000
  20
344.593506
  0
VERTEX
  8
11
  10
3615.189209
  20
344.663200
  0
VERTEX
  8
11
  10
3625.491028
  20
344.825020
  0
VERTEX
  8
11
  10
3632.667847
  20
345.156403
  0
VERTEX
  8
11
  10
3638.614197
  20
345.659447
  0
VERTEX
  8
11
  10
3643.767395
  20
346.326103
  0
VERTEX
  8
11
  10
3648.446045
  20
347.169418
  0
VERTEX
  8
11
  10
3652.687683
  20
348.175316
  0
VERTEX
  8
11
  10
3656.624146
  20
349.356041
  0
VERTEX
  8
11
  10
3660.201721
  20
350.675163
  0
VERTEX
  8
11
  10
3663.413391
  20
352.111244
  0
VERTEX
  8
11
  10
3666.197205
  20
353.611412
  0
VERTEX
  8
11
  10
3668.692627
  20
355.227165
  0
VERTEX
  8
11
  10
3670.923767
  20
356.963463
  0
VERTEX
  8
11
  10
3673.131714
  20
359.010773
  0
VERTEX
  8
11
  10
3675.225525
  20
361.296196
  0
VERTEX
  8
11
  10
3677.243958
  20
363.868408
  0
VERTEX
  8
11
  10
3679.190369
  20
366.751518
  0
VERTEX
  8
11
  10
3681.107178
  20
370.051575
  0
VERTEX
  8
11
  10
3682.752075
  20
373.231697
  0
SEQEND
  8
11
  0
POLYLINE
  8
11
  66
1
  70
0
  0
VERTEX
  8
11
  10
3517.247925
  20
373.231697
  0
VERTEX
  8
11
  10
3519.666138
  20
368.662338
  0
VERTEX
  8
11
  10
3521.561584
  20
365.585709
  0
VERTEX
  8
11
  10
3523.583069
  20
362.767181
  0
VERTEX
  8
11
  10
3525.689392
  20
360.253067
  0
VERTEX
  8
11
  10
3527.843628
  20
358.063431
  0
VERTEX
  8
11
  10
3530.043335
  20
356.172180
  0
VERTEX
  8
11
  10
3532.327576
  20
354.530334
  0
VERTEX
  8
11
  10
3534.922791
  20
352.974510
  0
VERTEX
  8
11
  10
3537.840576
  20
351.517677
  0
VERTEX
  8
11
  10
3541.228333
  20
350.116768
  0
VERTEX
  8
11
  10
3544.934692
  20
348.857269
  0
VERTEX
  8
11
  10
3548.994446
  20
347.746010
  0
VERTEX
  8
11
  10
3553.401184
  20
346.806030
  0
VERTEX
  8
11
  10
3558.193970
  20
346.043205
  0
VERTEX
  8
11
  10
3563.609619
  20
345.442009
  0
VERTEX
  8
11
  10
3569.880676
  20
345.009537
  0
VERTEX
  8
11
  10
3577.626953
  20
344.747849
  0
VERTEX
  8
11
  10
3592.677612
  20
344.626732
  0
VERTEX
  8
11
  10
3600.000000
  20
344.593506
  0
SEQEND
  8
11
  0
POLYLINE
  8
11
  66
1
  70
0
  0
VERTEX
  8
11
  10
3516.447144
  20
383.085785
  0
VERTEX
  8
11
  10
3516.592407
  20
378.672905
  0
VERTEX
  8
11
  10
3517.008362
  20
374.826088
  0
VERTEX
  8
11
  10
3517.247925
  20
373.231697
  0
SEQEND
  8
11
  0
POLYLINE
  8
11
  66
1
  70
0
  0
VERTEX
  8
11
  10
3076.867065
  20
216.390228
  0
VERTEX
  8
11
  10
3091.006775
  20
222.870808
  0
VERTEX
  8
11
  10
3104.927979
  20
229.235630
  0
VERTEX
  8
11
  10
3118.849182
  20
235.602779
  0
VERTEX
  8
11
  10
3132.570190
  20
241.894627
  0
VERTEX
  8
11
  10
3146.476135
  20
248.295193
  0
VERTEX
  8
11
  10
3160.380554
  20
254.699440
  0
VERTEX
  8
11
  10
3174.292908
  20
261.085453
  0
VERTEX
  8
11
  10
3188.109741
  20
267.385273
  0
VERTEX
  8
11
  10
3202.070618
  20
273.749542
  0
VERTEX
  8
11
  10
3215.997314
  20
280.104752
  0
VERTEX
  8
11
  10
3229.937134
  20
286.405602
  0
VERTEX
  8
11
  10
3243.926697
  20
292.621498
  0
VERTEX
  8
11
  10
3257.873230
  20
298.700848
  0
VERTEX
  8
11
  10
3271.954041
  20
304.706917
  0
VERTEX
  8
11
  10
3286.144409
  20
310.599384
  0
VERTEX
  8
11
  10
3300.345459
  20
316.315479
  0
VERTEX
  8
11
  10
3314.485779
  20
321.818504
  0
VERTEX
  8
11
  10
3328.537598
  20
327.098351
  0
VERTEX
  8
11
  10
3342.929077
  20
332.316437
  0
VERTEX
  8
11
  10
3357.489319
  20
337.400742
  0
VERTEX
  8
11
  10
3369.351807
  20
341.310043
  0
VERTEX
  8
11
  10
3383.779297
  20
345.868492
  0
VERTEX
  8
11
  10
3396.170654
  20
349.664421
  0
VERTEX
  8
11
  10
3410.683594
  20
353.883133
  0
VERTEX
  8
11
  10
3425.400391
  20
358.099213
  0
VERTEX
  8
11
  10
3440.126648
  20
362.279053
  0
VERTEX
  8
11
  10
3454.824219
  20
366.391945
  0
VERTEX
  8
11
  10
3469.583740
  20
370.454407
  0
VERTEX
  8
11
  10
3484.356384
  20
374.467964
  0
VERTEX
  8
11
  10
3498.875732
  20
378.378868
  0
VERTEX
  8
11
  10
3513.312378
  20
382.247849
  0
VERTEX
  8
11
  10
3516.447144
  20
383.085785
  0
SEQEND
  8
11
  0
POLYLINE
  8
11
  66
1
  70
0
  0
VERTEX
  8
11
  10
3081.033325
  20
207.308216
  0
VERTEX
  8
11
  10
3076.867065
  20
216.390228
  0
SEQEND
  8
11
  0
POLYLINE
  8
11
  66
1
  70
0
  0
VERTEX
  8
11
  10
3135.877075
  20
87.469320
  0
VERTEX
  8
11
  10
3130.451660
  20
101.668797
  0
VERTEX
  8
11
  10
3124.765320
  20
115.838890
  0
VERTEX
  8
11
  10
3118.969116
  20
129.731483
  0
VERTEX
  8
11
  10
3113.056030
  20
143.315744
  0
VERTEX
  8
11
  10
3107.621765
  20
155.204315
  0
VERTEX
  8
11
  10
3101.211548
  20
168.592224
  0
VERTEX
  8
11
  10
3095.744934
  20
179.513702
  0
VERTEX
  8
11
  10
3088.706970
  20
192.835045
  0
VERTEX
  8
11
  10
3081.730042
  20
205.989838
  0
VERTEX
  8
11
  10
3081.033325
  20
207.308216
  0
SEQEND
  8
11
  0
POLYLINE
  8
11
  66
1
  70
0
  0
VERTEX
  8
11
  10
3135.289001
  20
76.914234
  0
VERTEX
  8
11
  10
3135.824280
  20
86.259422
  0
VERTEX
  8
11
  10
3135.877075
  20
87.469320
  0
SEQEND
  8
11
  0
POLYLINE
  8
11
  66
1
  70
0
  0
VERTEX
  8
11
  10
3600.001831
  20
124.593143
  0
VERTEX
  8
11
  10
3584.303284
  20
124.490328
  0
VERTEX
  8
11
  10
3568.959351
  20
124.328432
  0
VERTEX
  8
11
  10
3553.497620
  20
124.088402
  0
VERTEX
  8
11
  10
3538.489380
  20
123.780279
  0
VERTEX
  8
11
  10
3523.031006
  20
123.383179
  0
VERTEX
  8
11
  10
3507.872009
  20
122.911253
  0
VERTEX
  8
11
  10
3492.418823
  20
122.342196
  0
VERTEX
  8
11
  10
3476.969299
  20
121.681290
  0
VERTEX
  8
11
  10
3461.690063
  20
120.932894
  0
VERTEX
  8
11
  10
3446.250610
  20
120.069551
  0
VERTEX
  8
11
  10
3430.877380
  20
119.094286
  0
VERTEX
  8
11
  10
3415.451050
  20
118.018732
  0
VERTEX
  8
11
  10
3400.102844
  20
116.861353
  0
VERTEX
  8
11
  10
3384.697876
  20
115.516634
  0
VERTEX
  8
11
  10
3369.541626
  20
114.044724
  0
VERTEX
  8
11
  10
3354.534912
  20
112.544403
  0
VERTEX
  8
11
  10
3339.165955
  20
110.837345
  0
VERTEX
  8
11
  10
3323.825378
  20
108.973970
  0
VERTEX
  8
11
  10
3308.491821
  20
106.972923
  0
VERTEX
  8
11
  10
3293.206177
  20
104.823675
  0
VERTEX
  8
11
  10
3277.915649
  20
102.515421
  0
VERTEX
  8
11
  10
3262.681885
  20
100.072050
  0
VERTEX
  8
11
  10
3247.433472
  20
97.502871
  0
VERTEX
  8
11
  10
3232.303467
  20
94.854956
  0
VERTEX
  8
11
  10
3217.084351
  20
92.117186
  0
VERTEX
  8
11
  10
3201.964722
  20
89.349337
  0
VERTEX
  8
11
  10
3186.875610
  20
86.561680
  0
VERTEX
  8
11
  10
3172.017212
  20
83.799810
  0
VERTEX
  8
11
  10
3157.070618
  20
81.007547
  0
VERTEX
  8
11
  10
3142.238770
  20
78.223791
  0
VERTEX
  8
11
  10
3135.289001
  20
76.914234
  0
SEQEND
  8
11
 0
LINE
 8
11
 10
3609.152222
 20
237.194405
 11
3609.152222
 21
175.089417
 0
LINE
 8
11
 10
3609.152222
 20
175.089417
 11
3611.253635
 21
187.331363
 0
LINE
 8
11
 10
3609.152222
 20
175.089417
 11
3609.152222
 21
175.089417
  0
TEXT
  8
11
 10
3600.000000
 20
200.000010
 40
10.000000
 50
0.000000
  1
Piece Name: 
  0
TEXT
  8
11
 10
3600.000000
 20
215.000010
 40
10.000000
 50
0.000000
  1
Size: L
  0
TEXT
  8
11
 10
3600.000000
 20
230.000010
 40
10.000000
 50
0.000000
  1
Annotation: 面料X1
  0
TEXT
  8
11
 10
3600.000000
 20
245.000010
 40
10.000000
 50
0.000000
  1
Quantity: 1
  0
TEXT
  8
11
 10
3600.000000
 20
260.000010
 40
10.000000
 50
0.000000
  1
Material: 面料
  0
POLYLINE
  8
11
  66
1
  70
0
  0
VERTEX
  8
11
  10
5123.500977
  20
308.812008
  0
VERTEX
  8
11
  10
5128.278198
  20
299.112930
  0
SEQEND
  8
11
  0
POLYLINE
  8
11
  66
1
  70
0
  0
VERTEX
  8
11
  10
5128.278198
  20
299.112930
  0
VERTEX
  8
11
  10
5119.383337
  20
298.279721
  0
VERTEX
  8
11
  10
5112.061397
  20
297.346717
  0
VERTEX
  8
11
  10
5105.157166
  20
296.218033
  0
SEQEND
  8
11
  0
POLYLINE
  8
11
  66
1
  70
0
  0
VERTEX
  8
11
  10
5105.157166
  20
296.218033
  0
VERTEX
  8
11
  10
5099.804028
  20
294.765721
  0
VERTEX
  8
11
  10
5094.496908
  20
293.052016
  0
VERTEX
  8
11
  10
5090.297739
  20
291.462324
  0
VERTEX
  8
11
  10
5086.462829
  20
289.745525
  0
VERTEX
  8
11
  10
5082.937945
  20
287.895180
  0
VERTEX
  8
11
  10
5079.753639
  20
285.943575
  0
VERTEX
  8
11
  10
5076.946464
  20
283.938748
  0
VERTEX
  8
11
  10
5074.280855
  20
281.727697
  0
VERTEX
  8
11
  10
5071.680135
  20
279.235793
  0
VERTEX
  8
11
  10
5069.180679
  20
276.488665
  0
VERTEX
  8
11
  10
5066.709076
  20
273.384589
  0
VERTEX
  8
11
  10
5064.365777
  20
270.031745
  0
VERTEX
  8
11
  10
5062.085826
  20
266.324464
  0
VERTEX
  8
11
  10
5059.890337
  20
262.264056
  0
VERTEX
  8
11
  10
5057.902459
  20
258.065299
  0
VERTEX
  8
11
  10
5055.893643
  20
253.216599
  0
VERTEX
  8
11
  10
5053.997927
  20
247.997613
  0
VERTEX
  8
11
  10
5052.354146
  20
242.749226
  0
VERTEX
  8
11
  10
5050.772651
  20
236.842062
  0
VERTEX
  8
11
  10
5049.483135
  20
231.133604
  0
VERTEX
  8
11
  10
5048.126842
  20
223.635625
  0
VERTEX
  8
11
  10
5047.003914
  20
216.875966
  0
VERTEX
  8
11
  10
5046.028688
  20
208.981151
  0
VERTEX
  8
11
  10
5044.627667
  20
195.876141
  0
VERTEX
  8
11
  10
5043.405946
  20
180.811133
  0
VERTEX
  8
11
  10
5042.903677
  20
173.059269
  0
VERTEX
  8
11
  10
5042.087234
  20
158.026662
  0
VERTEX
  8
11
  10
5041.502746
  20
144.228540
  0
VERTEX
  8
11
  10
5041.072849
  20
129.148870
  0
VERTEX
  8
11
  10
5040.742485
  20
114.043191
  0
VERTEX
  8
11
  10
5040.473204
  20
99.036253
  0
VERTEX
  8
11
  10
5040.381775
  20
93.069115
  0
SEQEND
  8
11
 0
LINE
 8
11
 10
5058.571846
 20
253.198919
 11
5053.981267
 21
255.180482
 0
LINE
 8
11
 10
5050.228740
 20
221.150717
 11
5045.306089
 21
222.026790
 0
LINE
 8
11
 10
5046.479558
 20
187.793864
 11
5041.494297
 21
188.177491
 0
LINE
 8
11
 10
5045.358321
 20
172.120633
 11
5040.365590
 21
172.390160
  0
POLYLINE
  8
11
  66
1
  70
0
  0
VERTEX
  8
11
  10
5040.381775
  20
93.069115
  0
VERTEX
  8
11
  10
5041.020508
  20
83.110123
  0
SEQEND
  8
11
  0
POLYLINE
  8
11
  66
1
  70
0
  0
VERTEX
  8
11
  10
5041.020508
  20
83.110123
  0
VERTEX
  8
11
  10
5024.944798
  20
82.705981
  0
VERTEX
  8
11
  10
5009.603723
  20
82.321498
  0
VERTEX
  8
11
  10
4993.955470
  20
81.931937
  0
VERTEX
  8
11
  10
4978.307088
  20
81.546960
  0
VERTEX
  8
11
  10
4963.278100
  20
81.183376
  0
VERTEX
  8
11
  10
4947.629386
  20
80.813999
  0
VERTEX
  8
11
  10
4931.980365
  20
80.458242
  0
VERTEX
  8
11
  10
4916.207209
  20
80.117935
  0
VERTEX
  8
11
  10
4900.557252
  20
79.802772
  0
VERTEX
  8
11
  10
4884.906780
  20
79.514082
  0
VERTEX
  8
11
  10
4869.255800
  20
79.255892
  0
VERTEX
  8
11
  10
4853.729493
  20
79.033555
  0
VERTEX
  8
11
  10
4838.077578
  20
78.843726
  0
VERTEX
  8
11
  10
4822.425295
  20
78.686478
  0
VERTEX
  8
11
  10
4807.303829
  20
78.563717
  0
VERTEX
  8
11
  10
4791.651044
  20
78.464655
  0
VERTEX
  8
11
  10
4775.998106
  20
78.391605
  0
VERTEX
  8
11
  10
4760.373495
  20
78.342109
  0
VERTEX
  8
11
  10
4745.068559
  20
78.312732
  0
VERTEX
  8
11
  10
4729.867972
  20
78.297894
  0
VERTEX
  8
11
  10
4715.085863
  20
78.295344
  0
VERTEX
  8
11
  10
4710.000916
  20
78.297563
  0
SEQEND
  8
11
  0
POLYLINE
  8
11
  66
1
  70
0
  0
VERTEX
  8
11
  10
4710.000916
  20
78.297563
  0
VERTEX
  8
11
  10
4694.362350
  20
78.295978
  0
VERTEX
  8
11
  10
4678.552949
  20
78.308015
  0
VERTEX
  8
11
  10
4662.674934
  20
78.334919
  0
VERTEX
  8
11
  10
4647.270553
  20
78.379399
  0
VERTEX
  8
11
  10
4631.617469
  20
78.447336
  0
VERTEX
  8
11
  10
4615.964522
  20
78.540759
  0
VERTEX
  8
11
  10
4600.338760
  20
78.661952
  0
VERTEX
  8
11
  10
4584.686297
  20
78.813644
  0
VERTEX
  8
11
  10
4569.034178
  20
78.997584
  0
VERTEX
  8
11
  10
4553.913969
  20
79.207676
  0
VERTEX
  8
11
  10
4538.262754
  20
79.459201
  0
VERTEX
  8
11
  10
4522.612044
  20
79.742042
  0
VERTEX
  8
11
  10
4506.961868
  20
80.052171
  0
VERTEX
  8
11
  10
4491.437776
  20
80.382784
  0
VERTEX
  8
11
  10
4475.788558
  20
80.734981
  0
VERTEX
  8
11
  10
4460.139653
  20
81.101763
  0
VERTEX
  8
11
  10
4444.367675
  20
81.481758
  0
VERTEX
  8
11
  10
4428.719141
  20
81.865758
  0
VERTEX
  8
11
  10
4413.070754
  20
82.254677
  0
VERTEX
  8
11
  10
4398.052994
  20
82.630733
  0
VERTEX
  8
11
  10
4383.334112
  20
83.000549
  0
VERTEX
  8
11
  10
4378.979492
  20
83.110123
  0
SEQEND
  8
11
  0
POLYLINE
  8
11
  66
1
  70
0
  0
VERTEX
  8
11
  10
4378.979492
  20
83.110123
  0
VERTEX
  8
11
  10
4379.618225
  20
93.069115
  0
SEQEND
  8
11
  0
POLYLINE
  8
11
  66
1
  70
0
  0
VERTEX
  8
11
  10
4379.618225
  20
93.069115
  0
VERTEX
  8
11
  10
4379.366663
  20
108.306569
  0
VERTEX
  8
11
  10
4379.061580
  20
123.374284
  0
VERTEX
  8
11
  10
4378.679735
  20
138.467241
  0
VERTEX
  8
11
  10
4378.127240
  20
153.594193
  0
VERTEX
  8
11
  10
4377.329273
  20
168.693977
  0
VERTEX
  8
11
  10
4376.672795
  20
179.797843
  0
VERTEX
  8
11
  10
4375.472989
  20
194.803686
  0
VERTEX
  8
11
  10
4374.496664
  20
204.429689
  0
VERTEX
  8
11
  10
4373.090186
  20
215.853604
  0
VERTEX
  8
11
  10
4371.912649
  20
223.649577
  0
VERTEX
  8
11
  10
4370.624052
  20
230.588597
  0
VERTEX
  8
11
  10
4369.223075
  20
236.831683
  0
VERTEX
  8
11
  10
4367.673514
  20
242.647146
  0
VERTEX
  8
11
  10
4365.962170
  20
248.128049
  0
VERTEX
  8
11
  10
4364.102526
  20
253.264111
  0
VERTEX
  8
11
  10
4362.148626
  20
257.962118
  0
VERTEX
  8
11
  10
4360.059156
  20
262.359974
  0
VERTEX
  8
11
  10
4357.884169
  20
266.376925
  0
VERTEX
  8
11
  10
4355.591306
  20
270.097437
  0
VERTEX
  8
11
  10
4353.252931
  20
273.435326
  0
VERTEX
  8
11
  10
4350.823301
  20
276.483972
  0
VERTEX
  8
11
  10
4348.280873
  20
279.275788
  0
VERTEX
  8
11
  10
4345.686396
  20
281.756876
  0
VERTEX
  8
11
  10
4342.977181
  20
283.997432
  0
VERTEX
  8
11
  10
4340.174690
  20
285.990951
  0
VERTEX
  8
11
  10
4337.010506
  20
287.924407
  0
VERTEX
  8
11
  10
4333.608421
  20
289.710888
  0
VERTEX
  8
11
  10
4329.764384
  20
291.436696
  0
VERTEX
  8
11
  10
4325.645237
  20
293.002215
  0
VERTEX
  8
11
  10
4320.385720
  20
294.709074
  0
VERTEX
  8
11
  10
4314.842834
  20
296.218033
  0
SEQEND
  8
11
 0
LINE
 8
11
 10
4374.641442
 20
172.122672
 11
4379.634173
 21
172.392198
 0
LINE
 8
11
 10
4373.520493
 20
187.793876
 11
4378.505750
 21
188.177567
 0
LINE
 8
11
 10
4361.441177
 20
253.202708
 11
4366.031784
 21
255.184205
  0
POLYLINE
  8
11
  66
1
  70
0
  0
VERTEX
  8
11
  10
4314.842834
  20
296.218033
  0
VERTEX
  8
11
  10
4306.545677
  20
297.545212
  0
VERTEX
  8
11
  10
4299.150570
  20
298.437989
  0
VERTEX
  8
11
  10
4291.721802
  20
299.112930
  0
SEQEND
  8
11
  0
POLYLINE
  8
11
  66
1
  70
0
  0
VERTEX
  8
11
  10
4291.721802
  20
299.112930
  0
VERTEX
  8
11
  10
4296.499023
  20
308.812008
  0
SEQEND
  8
11
  0
POLYLINE
  8
11
  66
1
  70
0
  0
VERTEX
  8
11
  10
4296.499023
  20
308.812008
  0
VERTEX
  8
11
  10
4293.295258
  20
324.101478
  0
VERTEX
  8
11
  10
4290.369825
  20
336.993423
  0
VERTEX
  8
11
  10
4287.062260
  20
350.409755
  0
VERTEX
  8
11
  10
4283.657261
  20
363.239696
  0
VERTEX
  8
11
  10
4280.436265
  20
374.445679
  0
VERTEX
  8
11
  10
4276.796603
  20
386.180535
  0
VERTEX
  8
11
  10
4272.657510
  20
398.655326
  0
VERTEX
  8
11
  10
4267.983197
  20
411.933451
  0
VERTEX
  8
11
  10
4262.796205
  20
425.916010
  0
VERTEX
  8
11
  10
4257.840281
  20
438.611002
  0
VERTEX
  8
11
  10
4252.161597
  20
452.479904
  0
VERTEX
  8
11
  10
4251.377869
  20
454.351997
  0
SEQEND
  8
11
  0
POLYLINE
  8
11
  66
1
  70
0
  0
VERTEX
  8
11
  10
4251.377869
  20
454.351997
  0
VERTEX
  8
11
  10
4245.715942
  20
462.661285
  0
SEQEND
  8
11
  0
POLYLINE
  8
11
  66
1
  70
0
  0
VERTEX
  8
11
  10
4245.715942
  20
462.661285
  0
VERTEX
  8
11
  10
4260.635712
  20
467.158107
  0
VERTEX
  8
11
  10
4275.144862
  20
471.604714
  0
VERTEX
  8
11
  10
4289.657311
  20
476.040240
  0
VERTEX
  8
11
  10
4304.170479
  20
480.381602
  0
VERTEX
  8
11
  10
4318.741931
  20
484.619454
  0
VERTEX
  8
11
  10
4333.219752
  20
488.728971
  0
VERTEX
  8
11
  10
4347.843772
  20
492.781707
  0
VERTEX
  8
11
  10
4362.336793
  20
496.677321
  0
VERTEX
  8
11
  10
4377.027029
  20
500.483090
  0
VERTEX
  8
11
  10
4391.663822
  20
504.127053
  0
VERTEX
  8
11
  10
4406.424533
  20
507.649533
  0
VERTEX
  8
11
  10
4421.083753
  20
510.993500
  0
VERTEX
  8
11
  10
4435.912727
  20
514.216595
  0
VERTEX
  8
11
  10
4450.647249
  20
517.256934
  0
VERTEX
  8
11
  10
4465.426062
  20
520.141093
  0
VERTEX
  8
11
  10
4480.351608
  20
522.882966
  0
VERTEX
  8
11
  10
4495.202826
  20
525.437491
  0
VERTEX
  8
11
  10
4510.187320
  20
527.836243
  0
VERTEX
  8
11
  10
4525.151333
  20
530.049849
  0
VERTEX
  8
11
  10
4540.023773
  20
532.067357
  0
VERTEX
  8
11
  10
4555.085187
  20
533.922531
  0
VERTEX
  8
11
  10
4570.009465
  20
535.571557
  0
VERTEX
  8
11
  10
4584.956587
  20
537.031331
  0
VERTEX
  8
11
  10
4600.077761
  20
538.309903
  0
VERTEX
  8
11
  10
4615.058771
  20
539.377505
  0
VERTEX
  8
11
  10
4630.053769
  20
540.242643
  0
VERTEX
  8
11
  10
4645.214367
  20
540.907590
  0
VERTEX
  8
11
  10
4660.227674
  20
541.363293
  0
VERTEX
  8
11
  10
4674.874386
  20
541.584146
  0
VERTEX
  8
11
  10
4689.960142
  20
541.626140
  0
VERTEX
  8
11
  10
4704.992120
  20
541.678146
  0
VERTEX
  8
11
  10
4710.000916
  20
541.704636
  0
SEQEND
  8
11
 0
LINE
 8
11
 10
4489.799297
 20
527.064163
 11
4490.592668
 21
522.127508
 0
LINE
 8
11
 10
4710.002207
 20
544.204636
 11
4709.999990
 21
539.204637
  0
POLYLINE
  8
11
  66
1
  70
0
  0
VERTEX
  8
11
  10
4710.000916
  20
541.704636
  0
VERTEX
  8
11
  10
4725.572580
  20
541.636819
  0
VERTEX
  8
11
  10
4740.822233
  20
541.605830
  0
VERTEX
  8
11
  10
4755.906965
  20
541.445196
  0
VERTEX
  8
11
  10
4770.949772
  20
541.043245
  0
VERTEX
  8
11
  10
4786.112525
  20
540.430487
  0
VERTEX
  8
11
  10
4801.110573
  20
539.618134
  0
VERTEX
  8
11
  10
4816.096178
  20
538.601524
  0
VERTEX
  8
11
  10
4831.221447
  20
537.373399
  0
VERTEX
  8
11
  10
4846.173980
  20
535.962653
  0
VERTEX
  8
11
  10
4861.106696
  20
534.361306
  0
VERTEX
  8
11
  10
4876.173825
  20
532.553622
  0
VERTEX
  8
11
  10
4891.058880
  20
530.581436
  0
VERTEX
  8
11
  10
4906.077225
  20
528.405972
  0
VERTEX
  8
11
  10
4920.904137
  20
526.077115
  0
VERTEX
  8
11
  10
4935.706699
  20
523.576762
  0
VERTEX
  8
11
  10
4950.640337
  20
520.880202
  0
VERTEX
  8
11
  10
4965.551607
  20
518.014847
  0
VERTEX
  8
11
  10
4980.421954
  20
514.988149
  0
VERTEX
  8
11
  10
4995.144411
  20
511.828625
  0
VERTEX
  8
11
  10
5009.821174
  20
508.520709
  0
VERTEX
  8
11
  10
5024.590621
  20
505.035502
  0
VERTEX
  8
11
  10
5039.190076
  20
501.439149
  0
VERTEX
  8
11
  10
5053.889463
  20
497.669052
  0
VERTEX
  8
11
  10
5068.464688
  20
493.786428
  0
VERTEX
  8
11
  10
5083.095858
  20
489.760133
  0
VERTEX
  8
11
  10
5097.539570
  20
485.683815
  0
VERTEX
  8
11
  10
5112.118536
  20
481.471725
  0
VERTEX
  8
11
  10
5126.545673
  20
477.188133
  0
VERTEX
  8
11
  10
5141.062826
  20
472.768524
  0
VERTEX
  8
11
  10
5155.570398
  20
468.317240
  0
VERTEX
  8
11
  10
5170.066690
  20
463.920666
  0
VERTEX
  8
11
  10
5174.284058
  20
462.661285
  0
SEQEND
  8
11
 0
LINE
 8
11
 10
4930.199858
 20
527.062981
 11
4929.406482
 21
522.126326
  0
POLYLINE
  8
11
  66
1
  70
0
  0
VERTEX
  8
11
  10
5174.284058
  20
462.661285
  0
VERTEX
  8
11
  10
5168.621826
  20
454.351997
  0
SEQEND
  8
11
  0
POLYLINE
  8
11
  66
1
  70
0
  0
VERTEX
  8
11
  10
5168.621826
  20
454.351997
  0
VERTEX
  8
11
  10
5162.746907
  20
440.072272
  0
VERTEX
  8
11
  10
5157.738114
  20
427.316615
  0
VERTEX
  8
11
  10
5152.505217
  20
413.280368
  0
VERTEX
  8
11
  10
5147.754888
  20
399.856871
  0
VERTEX
  8
11
  10
5143.593211
  20
387.389623
  0
VERTEX
  8
11
  10
5139.898612
  20
375.561094
  0
VERTEX
  8
11
  10
5136.666903
  20
364.407906
  0
VERTEX
  8
11
  10
5133.355804
  20
352.036700
  0
VERTEX
  8
11
  10
5129.972327
  20
338.431585
  0
VERTEX
  8
11
  10
5127.083817
  20
325.835153
  0
VERTEX
  8
11
  10
5123.990700
  20
311.226091
  0
VERTEX
  8
11
  10
5123.500977
  20
308.812008
  0
SEQEND
  8
11
  0
POLYLINE
  8
11
  66
1
  70
0
  0
VERTEX
  8
11
  10
5113.001099
  20
307.500534
  0
VERTEX
  8
11
  10
5108.104522
  20
306.891551
  0
VERTEX
  8
11
  10
5103.112183
  20
306.016254
  0
SEQEND
  8
11
  0
POLYLINE
  8
11
  66
1
  70
0
  0
VERTEX
  8
11
  10
5103.112183
  20
306.016254
  0
VERTEX
  8
11
  10
5097.316804
  20
304.457475
  0
VERTEX
  8
11
  10
5091.924487
  20
302.743473
  0
VERTEX
  8
11
  10
5087.336179
  20
301.051675
  0
VERTEX
  8
11
  10
5083.209327
  20
299.271084
  0
VERTEX
  8
11
  10
5079.428660
  20
297.380188
  0
VERTEX
  8
11
  10
5075.901671
  20
295.348289
  0
VERTEX
  8
11
  10
5072.589560
  20
293.152169
  0
VERTEX
  8
11
  10
5069.616027
  20
290.888349
  0
VERTEX
  8
11
  10
5066.708916
  20
288.356641
  0
VERTEX
  8
11
  10
5063.860587
  20
285.527633
  0
VERTEX
  8
11
  10
5061.120723
  20
282.441616
  0
VERTEX
  8
11
  10
5058.529780
  20
279.144357
  0
VERTEX
  8
11
  10
5056.020445
  20
275.543715
  0
VERTEX
  8
11
  10
5053.609858
  20
271.642971
  0
VERTEX
  8
11
  10
5051.292326
  20
267.407578
  0
VERTEX
  8
11
  10
5049.023234
  20
262.720881
  0
VERTEX
  8
11
  10
5047.079050
  20
258.164887
  0
VERTEX
  8
11
  10
5044.998239
  20
252.582166
  0
VERTEX
  8
11
  10
5043.195094
  20
247.035754
  0
VERTEX
  8
11
  10
5041.550713
  20
241.147846
  0
VERTEX
  8
11
  10
5040.043124
  20
234.793326
  0
VERTEX
  8
11
  10
5038.705663
  20
228.068492
  0
VERTEX
  8
11
  10
5037.506727
  20
220.751359
  0
VERTEX
  8
11
  10
5036.266350
  20
211.512081
  0
VERTEX
  8
11
  10
5035.010440
  20
200.157277
  0
VERTEX
  8
11
  10
5033.887061
  20
187.693813
  0
VERTEX
  8
11
  10
5032.925634
  20
174.116276
  0
VERTEX
  8
11
  10
5032.114501
  20
159.066001
  0
VERTEX
  8
11
  10
5031.510412
  20
143.988606
  0
VERTEX
  8
11
  10
5031.062863
  20
128.939764
  0
VERTEX
  8
11
  10
5030.723639
  20
113.880447
  0
VERTEX
  8
11
  10
5030.460996
  20
98.871367
  0
VERTEX
  8
11
  10
5030.375977
  20
92.845783
  0
SEQEND
  8
11
 0
LINE
 8
11
 10
5049.396718
 20
257.227581
 11
5044.757079
 21
259.091382
 0
LINE
 8
11
 10
5040.373187
 20
222.950459
 11
5035.435545
 21
223.737664
 0
LINE
 8
11
 10
5036.464973
 20
188.552626
 11
5031.481641
 21
188.960551
 0
LINE
 8
11
 10
5035.339903
 20
172.644635
 11
5030.349065
 21
172.947182
  0
POLYLINE
  8
11
  66
1
  70
0
  0
VERTEX
  8
11
  10
5030.375977
  20
92.845783
  0
VERTEX
  8
11
  10
5014.472169
  20
92.446349
  0
VERTEX
  8
11
  10
4998.708254
  20
92.052738
  0
VERTEX
  8
11
  10
4982.944211
  20
91.663309
  0
VERTEX
  8
11
  10
4967.191278
  20
91.280218
  0
VERTEX
  8
11
  10
4951.426912
  20
90.905314
  0
VERTEX
  8
11
  10
4935.662257
  20
90.543041
  0
VERTEX
  8
11
  10
4919.897218
  20
90.197949
  0
VERTEX
  8
11
  10
4904.242860
  20
89.876735
  0
VERTEX
  8
11
  10
4888.476793
  20
89.579042
  0
VERTEX
  8
11
  10
4872.710216
  20
89.311356
  0
VERTEX
  8
11
  10
4857.196725
  20
89.081173
  0
VERTEX
  8
11
  10
4841.429141
  20
88.882238
  0
VERTEX
  8
11
  10
4825.661153
  20
88.716836
  0
VERTEX
  8
11
  10
4809.941060
  20
88.583396
  0
VERTEX
  8
11
  10
4794.172587
  20
88.478919
  0
VERTEX
  8
11
  10
4778.403978
  20
88.401299
  0
VERTEX
  8
11
  10
4762.849384
  20
88.348518
  0
VERTEX
  8
11
  10
4747.314315
  20
88.316055
  0
VERTEX
  8
11
  10
4732.393217
  20
88.299480
  0
VERTEX
  8
11
  10
4717.526683
  20
88.294940
  0
VERTEX
  8
11
  10
4710.000916
  20
88.297567
  0
SEQEND
  8
11
  0
POLYLINE
  8
11
  66
1
  70
0
  0
VERTEX
  8
11
  10
4710.000916
  20
88.297567
  0
VERTEX
  8
11
  10
4694.239260
  20
88.293142
  0
VERTEX
  8
11
  10
4678.909509
  20
88.302856
  0
VERTEX
  8
11
  10
4663.863621
  20
88.330356
  0
VERTEX
  8
11
  10
4648.848137
  20
88.375016
  0
VERTEX
  8
11
  10
4633.802413
  20
88.437771
  0
VERTEX
  8
11
  10
4618.507397
  20
88.524330
  0
VERTEX
  8
11
  10
4603.170129
  20
88.638099
  0
VERTEX
  8
11
  10
4587.752540
  20
88.781852
  0
VERTEX
  8
11
  10
4572.707549
  20
88.952074
  0
VERTEX
  8
11
  10
4557.390081
  20
89.157539
  0
VERTEX
  8
11
  10
4542.383124
  20
89.391282
  0
VERTEX
  8
11
  10
4527.383837
  20
89.654626
  0
VERTEX
  8
11
  10
4512.087788
  20
89.950010
  0
VERTEX
  8
11
  10
4497.045244
  20
90.263223
  0
VERTEX
  8
11
  10
4481.792061
  20
90.600111
  0
VERTEX
  8
11
  10
4466.750118
  20
90.947680
  0
VERTEX
  8
11
  10
4451.592543
  20
91.309615
  0
VERTEX
  8
11
  10
4436.551138
  20
91.676700
  0
VERTEX
  8
11
  10
4421.215643
  20
92.055663
  0
VERTEX
  8
11
  10
4406.130764
  20
92.431501
  0
VERTEX
  8
11
  10
4391.232269
  20
92.805250
  0
VERTEX
  8
11
  10
4389.624023
  20
92.845783
  0
SEQEND
  8
11
  0
POLYLINE
  8
11
  66
1
  70
0
  0
VERTEX
  8
11
  10
4389.624023
  20
92.845783
  0
VERTEX
  8
11
  10
4389.396050
  20
108.042372
  0
VERTEX
  8
11
  10
4389.079063
  20
123.210317
  0
VERTEX
  8
11
  10
4388.671747
  20
138.308570
  0
VERTEX
  8
11
  10
4388.134006
  20
153.341006
  0
VERTEX
  8
11
  10
4387.410314
  20
168.424834
  0
VERTEX
  8
11
  10
4387.155151
  20
172.800426
  0
SEQEND
  8
11
 0
LINE
 8
11
 10
4384.659446
 20
172.653953
 11
4389.650857
 21
172.946900
  0
POLYLINE
  8
11
  66
1
  70
0
  0
VERTEX
  8
11
  10
4387.155151
  20
172.800426
  0
VERTEX
  8
11
  10
4386.205683
  20
186.521404
  0
VERTEX
  8
11
  10
4385.100729
  20
199.032909
  0
VERTEX
  8
11
  10
4383.840597
  20
210.633703
  0
VERTEX
  8
11
  10
4382.612036
  20
219.961970
  0
VERTEX
  8
11
  10
4381.385164
  20
227.551517
  0
VERTEX
  8
11
  10
4380.070311
  20
234.269036
  0
VERTEX
  8
11
  10
4378.593103
  20
240.586406
  0
VERTEX
  8
11
  10
4376.994191
  20
246.398560
  0
VERTEX
  8
11
  10
4375.238076
  20
251.907153
  0
VERTEX
  8
11
  10
4373.343882
  20
257.089008
  0
VERTEX
  8
11
  10
4371.353871
  20
261.872470
  0
VERTEX
  8
11
  10
4369.181657
  20
266.479441
  0
VERTEX
  8
11
  10
4366.927432
  20
270.705916
  0
VERTEX
  8
11
  10
4364.564685
  20
274.639434
  0
VERTEX
  8
11
  10
4362.067924
  20
278.324781
  0
VERTEX
  8
11
  10
4359.488471
  20
281.702082
  0
VERTEX
  8
11
  10
4356.864980
  20
284.747894
  0
VERTEX
  8
11
  10
4354.121167
  20
287.569233
  0
VERTEX
  8
11
  10
4351.330146
  20
290.101220
  0
VERTEX
  8
11
  10
4348.424441
  20
292.415235
  0
VERTEX
  8
11
  10
4345.272582
  20
294.604735
  0
VERTEX
  8
11
  10
4341.843946
  20
296.679637
  0
VERTEX
  8
11
  10
4338.187720
  20
298.603448
  0
VERTEX
  8
11
  10
4334.258606
  20
300.395801
  0
VERTEX
  8
11
  10
4329.985100
  20
302.071783
  0
VERTEX
  8
11
  10
4324.915863
  20
303.776109
  0
VERTEX
  8
11
  10
4319.274533
  20
305.407922
  0
VERTEX
  8
11
  10
4316.887817
  20
306.016254
  0
SEQEND
  8
11
 0
LINE
 8
11
 10
4383.534755
 20
188.554936
 11
4388.518083
 21
188.962906
 0
LINE
 8
11
 10
4370.602024
 20
257.230890
 11
4375.241735
 21
259.094510
  0
POLYLINE
  8
11
  66
1
  70
0
  0
VERTEX
  8
11
  10
4316.887817
  20
306.016254
  0
VERTEX
  8
11
  10
4311.574118
  20
306.939410
  0
VERTEX
  8
11
  10
4306.998901
  20
307.500534
  0
SEQEND
  8
11
  0
POLYLINE
  8
11
  66
1
  70
0
  0
VERTEX
  8
11
  10
4306.998901
  20
307.500534
  0
VERTEX
  8
11
  10
4303.938000
  20
322.339213
  0
VERTEX
  8
11
  10
4300.614741
  20
337.074837
  0
VERTEX
  8
11
  10
4297.221919
  20
351.029277
  0
VERTEX
  8
11
  10
4293.860932
  20
363.844042
  0
VERTEX
  8
11
  10
4290.612317
  20
375.312204
  0
VERTEX
  8
11
  10
4287.095864
  20
386.798847
  0
VERTEX
  8
11
  10
4283.079167
  20
399.063105
  0
VERTEX
  8
11
  10
4278.504084
  20
412.231445
  0
VERTEX
  8
11
  10
4273.533181
  20
425.787668
  0
VERTEX
  8
11
  10
4268.243536
  20
439.510798
  0
VERTEX
  8
11
  10
4263.313796
  20
451.713238
  0
VERTEX
  8
11
  10
4261.165161
  20
456.839905
  0
SEQEND
  8
11
  0
POLYLINE
  8
11
  66
1
  70
0
  0
VERTEX
  8
11
  10
4261.165161
  20
456.839905
  0
VERTEX
  8
11
  10
4275.702726
  20
461.367134
  0
VERTEX
  8
11
  10
4290.064857
  20
465.736680
  0
VERTEX
  8
11
  10
4304.445612
  20
470.026320
  0
VERTEX
  8
11
  10
4318.914119
  20
474.254044
  0
VERTEX
  8
11
  10
4333.369024
  20
478.383358
  0
VERTEX
  8
11
  10
4347.882416
  20
482.425551
  0
VERTEX
  8
11
  10
4362.499464
  20
486.375170
  0
VERTEX
  8
11
  10
4377.135691
  20
490.190579
  0
VERTEX
  8
11
  10
4391.718873
  20
493.845538
  0
VERTEX
  8
11
  10
4406.337417
  20
497.358795
  0
VERTEX
  8
11
  10
4420.993457
  20
500.726570
  0
VERTEX
  8
11
  10
4435.685217
  20
503.944424
  0
VERTEX
  8
11
  10
4450.372625
  20
507.000150
  0
VERTEX
  8
11
  10
4465.130913
  20
509.905411
  0
VERTEX
  8
11
  10
4479.922351
  20
512.647653
  0
VERTEX
  8
11
  10
4494.724382
  20
515.219207
  0
VERTEX
  8
11
  10
4509.689639
  20
517.639961
  0
VERTEX
  8
11
  10
4524.679456
  20
519.881312
  0
VERTEX
  8
11
  10
4539.588238
  20
521.926193
  0
VERTEX
  8
11
  10
4554.630625
  20
523.800309
  0
VERTEX
  8
11
  10
4569.585824
  20
525.472475
  0
VERTEX
  8
11
  10
4584.668841
  20
526.963162
  0
VERTEX
  8
11
  10
4599.658369
  20
528.246442
  0
VERTEX
  8
11
  10
4614.775802
  20
529.337528
  0
VERTEX
  8
11
  10
4629.786253
  20
530.216031
  0
VERTEX
  8
11
  10
4644.923823
  20
530.891405
  0
VERTEX
  8
11
  10
4660.064986
  20
531.351948
  0
VERTEX
  8
11
  10
4675.089037
  20
531.592959
  0
VERTEX
  8
11
  10
4690.176617
  20
531.666931
  0
VERTEX
  8
11
  10
4705.198164
  20
531.697294
  0
VERTEX
  8
11
  10
4710.000916
  20
531.704330
  0
SEQEND
  8
11
 0
LINE
 8
11
 10
4491.362767
 20
517.186535
 11
4492.201764
 21
512.257430
 0
LINE
 8
11
 10
4710.000763
 20
534.204331
 11
4710.001435
 21
529.204331
  0
POLYLINE
  8
11
  66
1
  70
0
  0
VERTEX
  8
11
  10
4710.000916
  20
531.704330
  0
VERTEX
  8
11
  10
4725.466793
  20
531.725551
  0
VERTEX
  8
11
  10
4740.897784
  20
531.642035
  0
VERTEX
  8
11
  10
4756.345730
  20
531.423663
  0
VERTEX
  8
11
  10
4771.373496
  20
531.025067
  0
VERTEX
  8
11
  10
4786.405457
  20
530.406742
  0
VERTEX
  8
11
  10
4801.426272
  20
529.578851
  0
VERTEX
  8
11
  10
4816.441927
  20
528.547598
  0
VERTEX
  8
11
  10
4831.436061
  20
527.315666
  0
VERTEX
  8
11
  10
4846.423740
  20
525.886048
  0
VERTEX
  8
11
  10
4861.396626
  20
524.263260
  0
VERTEX
  8
11
  10
4876.332166
  20
522.453481
  0
VERTEX
  8
11
  10
4891.262097
  20
520.456385
  0
VERTEX
  8
11
  10
4906.163742
  20
518.278336
  0
VERTEX
  8
11
  10
4921.023202
  20
515.925364
  0
VERTEX
  8
11
  10
4935.854283
  20
513.399285
  0
VERTEX
  8
11
  10
4950.655594
  20
510.704215
  0
VERTEX
  8
11
  10
4965.516173
  20
507.826428
  0
VERTEX
  8
11
  10
4980.316935
  20
504.792256
  0
VERTEX
  8
11
  10
4995.022297
  20
501.614885
  0
VERTEX
  8
11
  10
5009.754838
  20
498.271935
  0
VERTEX
  8
11
  10
5024.392190
  20
494.795112
  0
VERTEX
  8
11
  10
5039.051712
  20
491.160523
  0
VERTEX
  8
11
  10
5053.619109
  20
487.401152
  0
VERTEX
  8
11
  10
5068.416787
  20
483.437236
  0
VERTEX
  8
11
  10
5082.917254
  20
479.427337
  0
VERTEX
  8
11
  10
5097.491483
  20
475.292777
  0
VERTEX
  8
11
  10
5111.939044
  20
471.096344
  0
VERTEX
  8
11
  10
5126.622048
  20
466.726322
  0
VERTEX
  8
11
  10
5140.994130
  20
462.357983
  0
VERTEX
  8
11
  10
5155.309584
  20
457.939093
  0
VERTEX
  8
11
  10
5158.834839
  20
456.839905
  0
SEQEND
  8
11
 0
LINE
 8
11
 10
4928.637386
 20
517.186484
 11
4927.798379
 21
512.257380
  0
POLYLINE
  8
11
  66
1
  70
0
  0
VERTEX
  8
11
  10
5158.834839
  20
456.839905
  0
VERTEX
  8
11
  10
5152.981357
  20
442.585314
  0
VERTEX
  8
11
  10
5148.087216
  20
430.076941
  0
VERTEX
  8
11
  10
5142.832267
  20
415.939710
  0
VERTEX
  8
11
  10
5138.065708
  20
402.431590
  0
VERTEX
  8
11
  10
5133.903956
  20
389.927688
  0
VERTEX
  8
11
  10
5130.189031
  20
378.000622
  0
VERTEX
  8
11
  10
5126.927888
  20
366.714242
  0
VERTEX
  8
11
  10
5123.617020
  20
354.317061
  0
VERTEX
  8
11
  10
5120.199649
  20
340.548615
  0
VERTEX
  8
11
  10
5117.159344
  20
327.283650
  0
VERTEX
  8
11
  10
5114.020164
  20
312.513023
  0
VERTEX
  8
11
  10
5113.001099
  20
307.500534
  0
SEQEND
  8
11
  0
POLYLINE
  8
11
  66
1
  70
0
  0
VERTEX
  8
11
  10
4710.000916
  20
531.704330
  0
VERTEX
  8
11
  10
4710.000916
  20
88.297567
  0
SEQEND
  8
11
 0
LINE
 8
11
 10
4710.000916
 20
534.204330
 11
4710.000915
 21
529.204330
  0
POLYLINE
  8
11
  66
1
  70
0
  0
VERTEX
  8
11
  10
5113.001099
  20
307.500534
  0
VERTEX
  8
11
  10
4710.000916
  20
307.500534
  0
SEQEND
  8
11
  0
POLYLINE
  8
11
  66
1
  70
0
  0
VERTEX
  8
11
  10
5041.459961
  20
240.500507
  0
VERTEX
  8
11
  10
4710.000916
  20
240.500507
  0
SEQEND
  8
11
  0
POLYLINE
  8
11
  66
1
  70
0
  0
VERTEX
  8
11
  10
5123.497314
  20
308.811150
  0
VERTEX
  8
11
  10
5128.256836
  20
299.098339
  0
SEQEND
  8
11
  0
POLYLINE
  8
11
  66
1
  70
0
  0
VERTEX
  8
11
  10
4306.998901
  20
307.500534
  0
VERTEX
  8
11
  10
4710.000916
  20
307.500534
  0
SEQEND
  8
11
  0
POLYLINE
  8
11
  66
1
  70
0
  0
VERTEX
  8
11
  10
4378.540039
  20
240.500507
  0
VERTEX
  8
11
  10
4710.000916
  20
240.500507
  0
SEQEND
  8
11
  0
POLYLINE
  8
11
  66
1
  70
0
  0
VERTEX
  8
11
  10
4296.502991
  20
308.811150
  0
VERTEX
  8
11
  10
4291.743164
  20
299.098339
  0
SEQEND
  8
11
  0
POLYLINE
  8
11
  66
1
  70
0
  0
VERTEX
  8
11
  10
5168.621826
  20
454.351997
  0
VERTEX
  8
11
  10
5162.747192
  20
440.072365
  0
VERTEX
  8
11
  10
5157.738037
  20
427.316742
  0
VERTEX
  8
11
  10
5152.505493
  20
413.280525
  0
VERTEX
  8
11
  10
5147.754517
  20
399.857025
  0
VERTEX
  8
11
  10
5143.593140
  20
387.389793
  0
VERTEX
  8
11
  10
5139.898682
  20
375.561256
  0
VERTEX
  8
11
  10
5136.666870
  20
364.408035
  0
VERTEX
  8
11
  10
5133.355713
  20
352.036819
  0
VERTEX
  8
11
  10
5129.972534
  20
338.431702
  0
VERTEX
  8
11
  10
5127.083740
  20
325.835304
  0
VERTEX
  8
11
  10
5123.990479
  20
311.226177
  0
VERTEX
  8
11
  10
5123.500977
  20
308.812008
  0
SEQEND
  8
11
  0
POLYLINE
  8
11
  66
1
  70
0
  0
VERTEX
  8
11
  10
5174.284058
  20
462.661285
  0
VERTEX
  8
11
  10
5168.621826
  20
454.351997
  0
SEQEND
  8
11
  0
POLYLINE
  8
11
  66
1
  70
0
  0
VERTEX
  8
11
  10
4710.000916
  20
541.704636
  0
VERTEX
  8
11
  10
4725.572815
  20
541.636810
  0
VERTEX
  8
11
  10
4740.822449
  20
541.605835
  0
VERTEX
  8
11
  10
4755.906982
  20
541.445198
  0
VERTEX
  8
11
  10
4770.949707
  20
541.043243
  0
VERTEX
  8
11
  10
4786.112671
  20
540.430489
  0
VERTEX
  8
11
  10
4801.110535
  20
539.618111
  0
VERTEX
  8
11
  10
4816.096191
  20
538.601532
  0
VERTEX
  8
11
  10
4831.221619
  20
537.373390
  0
VERTEX
  8
11
  10
4846.174011
  20
535.962639
  0
VERTEX
  8
11
  10
4861.106873
  20
534.361305
  0
VERTEX
  8
11
  10
4876.173706
  20
532.553635
  0
VERTEX
  8
11
  10
4891.058960
  20
530.581436
  0
VERTEX
  8
11
  10
4906.077271
  20
528.405991
  0
VERTEX
  8
11
  10
4920.904236
  20
526.077118
  0
VERTEX
  8
11
  10
4935.706787
  20
523.576775
  0
VERTEX
  8
11
  10
4950.640564
  20
520.880203
  0
VERTEX
  8
11
  10
4965.551758
  20
518.014832
  0
VERTEX
  8
11
  10
4980.422058
  20
514.988136
  0
VERTEX
  8
11
  10
4995.144348
  20
511.828613
  0
VERTEX
  8
11
  10
5009.821167
  20
508.520699
  0
VERTEX
  8
11
  10
5024.590759
  20
505.035515
  0
VERTEX
  8
11
  10
5039.190063
  20
501.439133
  0
VERTEX
  8
11
  10
5053.889465
  20
497.669029
  0
VERTEX
  8
11
  10
5068.464661
  20
493.786392
  0
VERTEX
  8
11
  10
5083.096008
  20
489.760094
  0
VERTEX
  8
11
  10
5097.539673
  20
485.683784
  0
VERTEX
  8
11
  10
5112.118530
  20
481.471672
  0
VERTEX
  8
11
  10
5126.545410
  20
477.188110
  0
VERTEX
  8
11
  10
5141.062622
  20
472.768478
  0
VERTEX
  8
11
  10
5155.570068
  20
468.317223
  0
VERTEX
  8
11
  10
5170.066528
  20
463.920670
  0
VERTEX
  8
11
  10
5174.284058
  20
462.661285
  0
SEQEND
  8
11
  0
POLYLINE
  8
11
  66
1
  70
0
  0
VERTEX
  8
11
  10
4245.715942
  20
462.661285
  0
VERTEX
  8
11
  10
4260.635681
  20
467.158089
  0
VERTEX
  8
11
  10
4275.144653
  20
471.604691
  0
VERTEX
  8
11
  10
4289.656982
  20
476.040192
  0
VERTEX
  8
11
  10
4304.170227
  20
480.381546
  0
VERTEX
  8
11
  10
4318.741760
  20
484.619408
  0
VERTEX
  8
11
  10
4333.219604
  20
488.728905
  0
VERTEX
  8
11
  10
4347.843628
  20
492.781677
  0
VERTEX
  8
11
  10
4362.336731
  20
496.677284
  0
VERTEX
  8
11
  10
4377.026978
  20
500.483055
  0
VERTEX
  8
11
  10
4391.663818
  20
504.127045
  0
VERTEX
  8
11
  10
4406.424561
  20
507.649536
  0
VERTEX
  8
11
  10
4421.083679
  20
510.993500
  0
VERTEX
  8
11
  10
4435.912781
  20
514.216576
  0
VERTEX
  8
11
  10
4450.647278
  20
517.256927
  0
VERTEX
  8
11
  10
4465.426025
  20
520.141068
  0
VERTEX
  8
11
  10
4480.351563
  20
522.882957
  0
VERTEX
  8
11
  10
4495.202637
  20
525.437469
  0
VERTEX
  8
11
  10
4510.187073
  20
527.836227
  0
VERTEX
  8
11
  10
4525.151062
  20
530.049820
  0
VERTEX
  8
11
  10
4540.023804
  20
532.067337
  0
VERTEX
  8
11
  10
4555.085144
  20
533.922501
  0
VERTEX
  8
11
  10
4570.009460
  20
535.571518
  0
VERTEX
  8
11
  10
4584.956360
  20
537.031326
  0
VERTEX
  8
11
  10
4600.077820
  20
538.309898
  0
VERTEX
  8
11
  10
4615.058594
  20
539.377480
  0
VERTEX
  8
11
  10
4630.053711
  20
540.242615
  0
VERTEX
  8
11
  10
4645.214233
  20
540.907555
  0
VERTEX
  8
11
  10
4660.227661
  20
541.363258
  0
VERTEX
  8
11
  10
4674.874268
  20
541.584129
  0
VERTEX
  8
11
  10
4689.960022
  20
541.626129
  0
VERTEX
  8
11
  10
4704.992065
  20
541.678162
  0
VERTEX
  8
11
  10
4710.000916
  20
541.704636
  0
SEQEND
  8
11
  0
POLYLINE
  8
11
  66
1
  70
0
  0
VERTEX
  8
11
  10
4251.377869
  20
454.351997
  0
VERTEX
  8
11
  10
4245.715942
  20
462.661285
  0
SEQEND
  8
11
  0
POLYLINE
  8
11
  66
1
  70
0
  0
VERTEX
  8
11
  10
4296.499023
  20
308.812008
  0
VERTEX
  8
11
  10
4293.295288
  20
324.101486
  0
VERTEX
  8
11
  10
4290.369873
  20
336.993408
  0
VERTEX
  8
11
  10
4287.062378
  20
350.409737
  0
VERTEX
  8
11
  10
4283.657227
  20
363.239670
  0
VERTEX
  8
11
  10
4280.436096
  20
374.445648
  0
VERTEX
  8
11
  10
4276.796570
  20
386.180534
  0
VERTEX
  8
11
  10
4272.657471
  20
398.655319
  0
VERTEX
  8
11
  10
4267.983093
  20
411.933441
  0
VERTEX
  8
11
  10
4262.796326
  20
425.915985
  0
VERTEX
  8
11
  10
4257.840271
  20
438.610992
  0
VERTEX
  8
11
  10
4252.161560
  20
452.479897
  0
VERTEX
  8
11
  10
4251.377869
  20
454.351997
  0
SEQEND
  8
11
  0
POLYLINE
  8
11
  66
1
  70
0
  0
VERTEX
  8
11
  10
4291.721802
  20
299.112930
  0
VERTEX
  8
11
  10
4296.499023
  20
308.812008
  0
SEQEND
  8
11
  0
POLYLINE
  8
11
  66
1
  70
0
  0
VERTEX
  8
11
  10
4314.842834
  20
296.218033
  0
VERTEX
  8
11
  10
4306.545715
  20
297.545223
  0
VERTEX
  8
11
  10
4299.150391
  20
298.437996
  0
VERTEX
  8
11
  10
4291.721802
  20
299.112930
  0
SEQEND
  8
11
  0
POLYLINE
  8
11
  66
1
  70
0
  0
VERTEX
  8
11
  10
4379.618225
  20
93.069115
  0
VERTEX
  8
11
  10
4379.366760
  20
108.306570
  0
VERTEX
  8
11
  10
4379.061584
  20
123.374281
  0
VERTEX
  8
11
  10
4378.679810
  20
138.467245
  0
VERTEX
  8
11
  10
4378.127441
  20
153.594189
  0
VERTEX
  8
11
  10
4377.329407
  20
168.693981
  0
VERTEX
  8
11
  10
4376.672668
  20
179.797859
  0
VERTEX
  8
11
  10
4375.473022
  20
194.803696
  0
VERTEX
  8
11
  10
4374.496765
  20
204.429703
  0
VERTEX
  8
11
  10
4373.090210
  20
215.853596
  0
VERTEX
  8
11
  10
4371.912537
  20
223.649559
  0
VERTEX
  8
11
  10
4370.624084
  20
230.588570
  0
VERTEX
  8
11
  10
4369.223328
  20
236.831665
  0
VERTEX
  8
11
  10
4367.673645
  20
242.647152
  0
VERTEX
  8
11
  10
4365.962219
  20
248.128052
  0
VERTEX
  8
11
  10
4364.102478
  20
253.264122
  0
VERTEX
  8
11
  10
4362.148743
  20
257.962112
  0
VERTEX
  8
11
  10
4360.059204
  20
262.359962
  0
VERTEX
  8
11
  10
4357.884216
  20
266.376915
  0
VERTEX
  8
11
  10
4355.591431
  20
270.097408
  0
VERTEX
  8
11
  10
4353.252869
  20
273.435268
  0
VERTEX
  8
11
  10
4350.823364
  20
276.483917
  0
VERTEX
  8
11
  10
4348.280945
  20
279.275742
  0
VERTEX
  8
11
  10
4345.686646
  20
281.756840
  0
VERTEX
  8
11
  10
4342.977295
  20
283.997421
  0
VERTEX
  8
11
  10
4340.174561
  20
285.990963
  0
VERTEX
  8
11
  10
4337.010498
  20
287.924423
  0
VERTEX
  8
11
  10
4333.608398
  20
289.710903
  0
VERTEX
  8
11
  10
4329.764404
  20
291.436710
  0
VERTEX
  8
11
  10
4325.645142
  20
293.002224
  0
VERTEX
  8
11
  10
4320.385742
  20
294.709072
  0
VERTEX
  8
11
  10
4314.842834
  20
296.218033
  0
SEQEND
  8
11
  0
POLYLINE
  8
11
  66
1
  70
0
  0
VERTEX
  8
11
  10
4378.979492
  20
83.110123
  0
VERTEX
  8
11
  10
4379.618225
  20
93.069115
  0
SEQEND
  8
11
  0
POLYLINE
  8
11
  66
1
  70
0
  0
VERTEX
  8
11
  10
4710.000916
  20
78.297563
  0
VERTEX
  8
11
  10
4694.362488
  20
78.295979
  0
VERTEX
  8
11
  10
4678.553162
  20
78.308015
  0
VERTEX
  8
11
  10
4662.675171
  20
78.334918
  0
VERTEX
  8
11
  10
4647.270813
  20
78.379397
  0
VERTEX
  8
11
  10
4631.617737
  20
78.447337
  0
VERTEX
  8
11
  10
4615.964661
  20
78.540759
  0
VERTEX
  8
11
  10
4600.338745
  20
78.661952
  0
VERTEX
  8
11
  10
4584.686279
  20
78.813643
  0
VERTEX
  8
11
  10
4569.034119
  20
78.997583
  0
VERTEX
  8
11
  10
4553.913879
  20
79.207673
  0
VERTEX
  8
11
  10
4538.262939
  20
79.459200
  0
VERTEX
  8
11
  10
4522.612000
  20
79.742041
  0
VERTEX
  8
11
  10
4506.961975
  20
80.052166
  0
VERTEX
  8
11
  10
4491.437988
  20
80.382786
  0
VERTEX
  8
11
  10
4475.788574
  20
80.734978
  0
VERTEX
  8
11
  10
4460.139771
  20
81.101761
  0
VERTEX
  8
11
  10
4444.367676
  20
81.481752
  0
VERTEX
  8
11
  10
4428.719177
  20
81.865759
  0
VERTEX
  8
11
  10
4413.070984
  20
82.254677
  0
VERTEX
  8
11
  10
4398.053284
  20
82.630730
  0
VERTEX
  8
11
  10
4383.334045
  20
83.000555
  0
VERTEX
  8
11
  10
4378.979492
  20
83.110123
  0
SEQEND
  8
11
  0
POLYLINE
  8
11
  66
1
  70
0
  0
VERTEX
  8
11
  10
5041.020508
  20
83.110123
  0
VERTEX
  8
11
  10
5024.944763
  20
82.705984
  0
VERTEX
  8
11
  10
5009.603577
  20
82.321501
  0
VERTEX
  8
11
  10
4993.955383
  20
81.931934
  0
VERTEX
  8
11
  10
4978.307190
  20
81.546955
  0
VERTEX
  8
11
  10
4963.278198
  20
81.183376
  0
VERTEX
  8
11
  10
4947.629395
  20
80.813999
  0
VERTEX
  8
11
  10
4931.980286
  20
80.458241
  0
VERTEX
  8
11
  10
4916.207275
  20
80.117931
  0
VERTEX
  8
11
  10
4900.557251
  20
79.802771
  0
VERTEX
  8
11
  10
4884.906921
  20
79.514079
  0
VERTEX
  8
11
  10
4869.255676
  20
79.255891
  0
VERTEX
  8
11
  10
4853.729553
  20
79.033556
  0
VERTEX
  8
11
  10
4838.077698
  20
78.843727
  0
VERTEX
  8
11
  10
4822.425232
  20
78.686476
  0
VERTEX
  8
11
  10
4807.303772
  20
78.563714
  0
VERTEX
  8
11
  10
4791.651001
  20
78.464656
  0
VERTEX
  8
11
  10
4775.997925
  20
78.391604
  0
VERTEX
  8
11
  10
4760.373535
  20
78.342109
  0
VERTEX
  8
11
  10
4745.068665
  20
78.312731
  0
VERTEX
  8
11
  10
4729.867859
  20
78.297896
  0
VERTEX
  8
11
  10
4715.085754
  20
78.295345
  0
VERTEX
  8
11
  10
4710.000916
  20
78.297563
  0
SEQEND
  8
11
  0
POLYLINE
  8
11
  66
1
  70
0
  0
VERTEX
  8
11
  10
5040.381775
  20
93.069115
  0
VERTEX
  8
11
  10
5041.020508
  20
83.110123
  0
SEQEND
  8
11
  0
POLYLINE
  8
11
  66
1
  70
0
  0
VERTEX
  8
11
  10
5105.157166
  20
296.218033
  0
VERTEX
  8
11
  10
5099.804077
  20
294.765759
  0
VERTEX
  8
11
  10
5094.497070
  20
293.052063
  0
VERTEX
  8
11
  10
5090.297852
  20
291.462383
  0
VERTEX
  8
11
  10
5086.463013
  20
289.745579
  0
VERTEX
  8
11
  10
5082.938232
  20
287.895241
  0
VERTEX
  8
11
  10
5079.753723
  20
285.943642
  0
VERTEX
  8
11
  10
5076.946411
  20
283.938808
  0
VERTEX
  8
11
  10
5074.280701
  20
281.727734
  0
VERTEX
  8
11
  10
5071.680298
  20
279.235821
  0
VERTEX
  8
11
  10
5069.180908
  20
276.488686
  0
VERTEX
  8
11
  10
5066.709290
  20
273.384628
  0
VERTEX
  8
11
  10
5064.365845
  20
270.031796
  0
VERTEX
  8
11
  10
5062.085876
  20
266.324539
  0
VERTEX
  8
11
  10
5059.890442
  20
262.264156
  0
VERTEX
  8
11
  10
5057.902527
  20
258.065414
  0
VERTEX
  8
11
  10
5055.893555
  20
253.216705
  0
VERTEX
  8
11
  10
5053.997803
  20
247.997723
  0
VERTEX
  8
11
  10
5052.354126
  20
242.749310
  0
VERTEX
  8
11
  10
5050.772705
  20
236.842155
  0
VERTEX
  8
11
  10
5049.483337
  20
231.133690
  0
VERTEX
  8
11
  10
5048.126831
  20
223.635712
  0
VERTEX
  8
11
  10
5047.004089
  20
216.876068
  0
VERTEX
  8
11
  10
5046.028748
  20
208.981247
  0
VERTEX
  8
11
  10
5044.627686
  20
195.876255
  0
VERTEX
  8
11
  10
5043.406067
  20
180.811253
  0
VERTEX
  8
11
  10
5042.903748
  20
173.059368
  0
VERTEX
  8
11
  10
5042.087402
  20
158.026772
  0
VERTEX
  8
11
  10
5041.502991
  20
144.228640
  0
VERTEX
  8
11
  10
5041.072998
  20
129.148970
  0
VERTEX
  8
11
  10
5040.742493
  20
114.043283
  0
VERTEX
  8
11
  10
5040.473328
  20
99.036312
  0
VERTEX
  8
11
  10
5040.381775
  20
93.069115
  0
SEQEND
  8
11
  0
POLYLINE
  8
11
  66
1
  70
0
  0
VERTEX
  8
11
  10
5128.278198
  20
299.112930
  0
VERTEX
  8
11
  10
5119.383545
  20
298.279724
  0
VERTEX
  8
11
  10
5112.061462
  20
297.346745
  0
VERTEX
  8
11
  10
5105.157166
  20
296.218033
  0
SEQEND
  8
11
  0
POLYLINE
  8
11
  66
1
  70
0
  0
VERTEX
  8
11
  10
5123.500977
  20
308.812008
  0
VERTEX
  8
11
  10
5128.278198
  20
299.112930
  0
SEQEND
  8
11
 0
LINE
 8
11
 10
4715.211792
 20
294.995670
 11
4715.211792
 21
173.412437
 0
LINE
 8
11
 10
4715.211792
 20
173.412437
 11
4718.595439
 21
193.124133
 0
LINE
 8
11
 10
4715.211792
 20
173.412437
 11
4715.211792
 21
173.412437
  0
TEXT
  8
11
 10
4710.000000
 20
279.999990
 40
10.000000
 50
0.000000
  1
Piece Name: 
  0
TEXT
  8
11
 10
4710.000000
 20
294.999990
 40
10.000000
 50
0.000000
  1
Size: L
  0
TEXT
  8
11
 10
4710.000000
 20
309.999990
 40
10.000000
 50
0.000000
  1
Annotation: 面料X1
  0
TEXT
  8
11
 10
4710.000000
 20
324.999990
 40
10.000000
 50
0.000000
  1
Quantity: 1
  0
TEXT
  8
11
 10
4710.000000
 20
339.999990
 40
10.000000
 50
0.000000
  1
Material: 面料
  0
POLYLINE
  8
11
  66
1
  70
0
  0
VERTEX
  8
11
  10
2309.447174
  20
114.496965
  0
VERTEX
  8
11
  10
2309.447174
  20
147.404194
  0
SEQEND
  8
11
  0
POLYLINE
  8
11
  66
1
  70
0
  0
VERTEX
  8
11
  10
2309.447174
  20
147.404194
  0
VERTEX
  8
11
  10
2305.501862
  20
176.496964
  0
SEQEND
  8
11
  0
POLYLINE
  8
11
  66
1
  70
0
  0
VERTEX
  8
11
  10
2305.501862
  20
176.496964
  0
VERTEX
  8
11
  10
2309.447174
  20
205.589752
  0
SEQEND
  8
11
  0
POLYLINE
  8
11
  66
1
  70
0
  0
VERTEX
  8
11
  10
2309.447174
  20
205.589752
  0
VERTEX
  8
11
  10
2309.447174
  20
238.496971
  0
SEQEND
  8
11
  0
POLYLINE
  8
11
  66
1
  70
0
  0
VERTEX
  8
11
  10
2309.447174
  20
238.496971
  0
VERTEX
  8
11
  10
2479.628906
  20
238.496971
  0
VERTEX
  8
11
  10
2616.195374
  20
238.496971
  0
VERTEX
  8
11
  10
2836.705017
  20
238.496971
  0
VERTEX
  8
11
  10
2868.904419
  20
238.496971
  0
SEQEND
  8
11
 0
LINE
 8
11
 10
2479.628811
 20
240.996971
 11
2479.628810
 21
235.996971
 0
LINE
 8
11
 10
2616.195221
 20
240.996971
 11
2616.195221
 21
235.996971
 0
LINE
 8
11
 10
2836.704979
 20
240.996971
 11
2836.704979
 21
235.996971
  0
POLYLINE
  8
11
  66
1
  70
0
  0
VERTEX
  8
11
  10
2868.904419
  20
238.496971
  0
VERTEX
  8
11
  10
2868.904419
  20
205.589752
  0
SEQEND
  8
11
  0
POLYLINE
  8
11
  66
1
  70
0
  0
VERTEX
  8
11
  10
2868.904419
  20
205.589752
  0
VERTEX
  8
11
  10
2872.849731
  20
176.496964
  0
SEQEND
  8
11
  0
POLYLINE
  8
11
  66
1
  70
0
  0
VERTEX
  8
11
  10
2872.849731
  20
176.496964
  0
VERTEX
  8
11
  10
2868.904419
  20
147.404194
  0
SEQEND
  8
11
  0
POLYLINE
  8
11
  66
1
  70
0
  0
VERTEX
  8
11
  10
2868.904419
  20
147.404194
  0
VERTEX
  8
11
  10
2868.904419
  20
114.496965
  0
SEQEND
  8
11
  0
POLYLINE
  8
11
  66
1
  70
0
  0
VERTEX
  8
11
  10
2868.904419
  20
114.496965
  0
VERTEX
  8
11
  10
2836.705017
  20
114.496965
  0
VERTEX
  8
11
  10
2800.421753
  20
114.496965
  0
VERTEX
  8
11
  10
2616.195374
  20
114.496965
  0
VERTEX
  8
11
  10
2479.628906
  20
114.496965
  0
VERTEX
  8
11
  10
2309.447174
  20
114.496965
  0
SEQEND
  8
11
 0
LINE
 8
11
 10
2836.705201
 20
111.996965
 11
2836.705201
 21
116.996965
 0
LINE
 8
11
 10
2800.421996
 20
111.996965
 11
2800.421996
 21
116.996965
 0
LINE
 8
11
 10
2616.195431
 20
111.996965
 11
2616.195431
 21
116.996965
 0
LINE
 8
11
 10
2479.629021
 20
111.996965
 11
2479.629021
 21
116.996965
  0
POLYLINE
  8
11
  66
1
  70
0
  0
VERTEX
  8
11
  10
2321.447296
  20
126.496964
  0
VERTEX
  8
11
  10
2321.447296
  20
148.214149
  0
SEQEND
  8
11
  0
POLYLINE
  8
11
  66
1
  70
0
  0
VERTEX
  8
11
  10
2321.447296
  20
148.214149
  0
VERTEX
  8
11
  10
2317.613220
  20
176.496964
  0
SEQEND
  8
11
  0
POLYLINE
  8
11
  66
1
  70
0
  0
VERTEX
  8
11
  10
2317.613220
  20
176.496964
  0
VERTEX
  8
11
  10
2321.447296
  20
204.779797
  0
SEQEND
  8
11
  0
POLYLINE
  8
11
  66
1
  70
0
  0
VERTEX
  8
11
  10
2321.447296
  20
204.779797
  0
VERTEX
  8
11
  10
2321.447296
  20
226.496964
  0
SEQEND
  8
11
  0
POLYLINE
  8
11
  66
1
  70
0
  0
VERTEX
  8
11
  10
2321.447296
  20
226.496964
  0
VERTEX
  8
11
  10
2479.628906
  20
226.496964
  0
VERTEX
  8
11
  10
2616.195374
  20
226.496964
  0
VERTEX
  8
11
  10
2836.705017
  20
226.496964
  0
VERTEX
  8
11
  10
2856.904297
  20
226.496964
  0
SEQEND
  8
11
 0
LINE
 8
11
 10
2479.628935
 20
228.996964
 11
2479.628934
 21
223.996964
 0
LINE
 8
11
 10
2616.195336
 20
228.996964
 11
2616.195335
 21
223.996964
 0
LINE
 8
11
 10
2836.705094
 20
228.996964
 11
2836.705093
 21
223.996964
  0
POLYLINE
  8
11
  66
1
  70
0
  0
VERTEX
  8
11
  10
2856.904297
  20
226.496964
  0
VERTEX
  8
11
  10
2856.904297
  20
204.779797
  0
SEQEND
  8
11
  0
POLYLINE
  8
11
  66
1
  70
0
  0
VERTEX
  8
11
  10
2856.904297
  20
204.779797
  0
VERTEX
  8
11
  10
2860.740356
  20
176.496964
  0
SEQEND
  8
11
  0
POLYLINE
  8
11
  66
1
  70
0
  0
VERTEX
  8
11
  10
2860.740356
  20
176.496964
  0
VERTEX
  8
11
  10
2856.904297
  20
148.214149
  0
SEQEND
  8
11
  0
POLYLINE
  8
11
  66
1
  70
0
  0
VERTEX
  8
11
  10
2856.904297
  20
148.214149
  0
VERTEX
  8
11
  10
2856.904297
  20
126.496964
  0
SEQEND
  8
11
  0
POLYLINE
  8
11
  66
1
  70
0
  0
VERTEX
  8
11
  10
2856.904297
  20
126.496964
  0
VERTEX
  8
11
  10
2836.705017
  20
126.496964
  0
VERTEX
  8
11
  10
2800.421753
  20
126.496964
  0
VERTEX
  8
11
  10
2616.195374
  20
126.496964
  0
VERTEX
  8
11
  10
2479.628906
  20
126.496964
  0
VERTEX
  8
11
  10
2321.447296
  20
126.496964
  0
SEQEND
  8
11
 0
LINE
 8
11
 10
2836.705079
 20
123.996964
 11
2836.705079
 21
128.996964
 0
LINE
 8
11
 10
2800.421877
 20
123.996964
 11
2800.421877
 21
128.996964
 0
LINE
 8
11
 10
2616.195316
 20
123.996964
 11
2616.195316
 21
128.996964
 0
LINE
 8
11
 10
2479.628906
 20
123.996964
 11
2479.628906
 21
128.996964
  0
POLYLINE
  8
11
  66
1
  70
0
  0
VERTEX
  8
11
  10
2317.613220
  20
176.496964
  0
VERTEX
  8
11
  10
2860.740356
  20
176.496964
  0
SEQEND
  8
11
  0
POLYLINE
  8
11
  66
1
  70
0
  0
VERTEX
  8
11
  10
2868.904419
  20
114.496965
  0
VERTEX
  8
11
  10
2836.705017
  20
114.496965
  0
VERTEX
  8
11
  10
2800.421753
  20
114.496965
  0
VERTEX
  8
11
  10
2616.195374
  20
114.496965
  0
VERTEX
  8
11
  10
2479.628906
  20
114.496965
  0
VERTEX
  8
11
  10
2309.447174
  20
114.496965
  0
SEQEND
  8
11
  0
POLYLINE
  8
11
  66
1
  70
0
  0
VERTEX
  8
11
  10
2868.904419
  20
147.404194
  0
VERTEX
  8
11
  10
2868.904419
  20
114.496965
  0
SEQEND
  8
11
  0
POLYLINE
  8
11
  66
1
  70
0
  0
VERTEX
  8
11
  10
2872.849731
  20
176.496964
  0
VERTEX
  8
11
  10
2868.904419
  20
147.404194
  0
SEQEND
  8
11
  0
POLYLINE
  8
11
  66
1
  70
0
  0
VERTEX
  8
11
  10
2868.904419
  20
205.589752
  0
VERTEX
  8
11
  10
2872.849731
  20
176.496964
  0
SEQEND
  8
11
  0
POLYLINE
  8
11
  66
1
  70
0
  0
VERTEX
  8
11
  10
2868.904419
  20
238.496971
  0
VERTEX
  8
11
  10
2868.904419
  20
205.589752
  0
SEQEND
  8
11
  0
POLYLINE
  8
11
  66
1
  70
0
  0
VERTEX
  8
11
  10
2309.447174
  20
238.496971
  0
VERTEX
  8
11
  10
2479.628906
  20
238.496971
  0
VERTEX
  8
11
  10
2616.195374
  20
238.496971
  0
VERTEX
  8
11
  10
2836.705017
  20
238.496971
  0
VERTEX
  8
11
  10
2868.904419
  20
238.496971
  0
SEQEND
  8
11
  0
POLYLINE
  8
11
  66
1
  70
0
  0
VERTEX
  8
11
  10
2309.447174
  20
205.589752
  0
VERTEX
  8
11
  10
2309.447174
  20
238.496971
  0
SEQEND
  8
11
  0
POLYLINE
  8
11
  66
1
  70
0
  0
VERTEX
  8
11
  10
2305.501862
  20
176.496964
  0
VERTEX
  8
11
  10
2309.447174
  20
205.589752
  0
SEQEND
  8
11
  0
POLYLINE
  8
11
  66
1
  70
0
  0
VERTEX
  8
11
  10
2309.447174
  20
147.404194
  0
VERTEX
  8
11
  10
2305.501862
  20
176.496964
  0
SEQEND
  8
11
  0
POLYLINE
  8
11
  66
1
  70
0
  0
VERTEX
  8
11
  10
2309.447174
  20
114.496965
  0
VERTEX
  8
11
  10
2309.447174
  20
147.404194
  0
SEQEND
  8
11
 0
LINE
 8
11
 10
2591.372986
 20
175.931358
 11
2699.630737
 21
175.931358
 0
LINE
 8
11
 10
2699.630737
 20
175.931358
 11
2679.919042
 21
179.315005
 0
LINE
 8
11
 10
2699.630737
 20
175.931358
 11
2699.630737
 21
175.931358
  0
TEXT
  8
11
 10
2589.175797
 20
146.496968
 40
10.000000
 50
0.000000
  1
Piece Name: 
  0
TEXT
  8
11
 10
2589.175797
 20
161.496968
 40
10.000000
 50
0.000000
  1
Size: L
  0
TEXT
  8
11
 10
2589.175797
 20
176.496968
 40
10.000000
 50
0.000000
  1
Annotation: 面料X2
  0
TEXT
  8
11
 10
2589.175797
 20
191.496968
 40
10.000000
 50
0.000000
  1
Quantity: 1
  0
TEXT
  8
11
 10
2589.175797
 20
206.496968
 40
10.000000
 50
0.000000
  1
Material: 面料
  0
POLYLINE
  8
11
  66
1
  70
0
  0
VERTEX
  8
11
  10
3586.308289
  20
658.492432
  0
VERTEX
  8
11
  10
3571.061415
  20
658.475793
  0
VERTEX
  8
11
  10
3555.820224
  20
658.550157
  0
VERTEX
  8
11
  10
3540.630157
  20
658.727640
  0
VERTEX
  8
11
  10
3525.610600
  20
659.033289
  0
VERTEX
  8
11
  10
3510.510743
  20
659.465674
  0
VERTEX
  8
11
  10
3497.151086
  20
660.016768
  0
VERTEX
  8
11
  10
3482.038629
  20
660.953352
  0
VERTEX
  8
11
  10
3471.300561
  20
661.700356
  0
VERTEX
  8
11
  10
3460.338360
  20
662.746069
  0
VERTEX
  8
11
  10
3447.965560
  20
664.164071
  0
VERTEX
  8
11
  10
3437.343608
  20
665.618700
  0
VERTEX
  8
11
  10
3427.097029
  20
667.265948
  0
VERTEX
  8
11
  10
3417.205866
  20
669.097688
  0
VERTEX
  8
11
  10
3407.456472
  20
671.148273
  0
VERTEX
  8
11
  10
3397.649257
  20
673.462865
  0
VERTEX
  8
11
  10
3388.259165
  20
675.933871
  0
VERTEX
  8
11
  10
3378.957676
  20
678.637825
  0
VERTEX
  8
11
  10
3371.468167
  20
681.040429
  0
VERTEX
  8
11
  10
3365.696764
  20
683.134932
  0
VERTEX
  8
11
  10
3360.840446
  20
685.146054
  0
VERTEX
  8
11
  10
3355.773241
  20
687.520102
  0
VERTEX
  8
11
  10
3342.119953
  20
694.512973
  0
VERTEX
  8
11
  10
3335.935059
  20
697.569427
  0
SEQEND
  8
11
 0
LINE
 8
11
 10
3583.808302
 20
658.500721
 11
3588.808275
 21
658.484142
 0
LINE
 8
11
 10
3481.800781
 20
658.463396
 11
3482.119107
 21
663.453252
  0
POLYLINE
  8
11
  66
1
  70
0
  0
VERTEX
  8
11
  10
3335.935059
  20
697.569427
  0
VERTEX
  8
11
  10
3340.290161
  20
704.658883
  0
VERTEX
  8
11
  10
3345.611204
  20
713.840811
  0
VERTEX
  8
11
  10
3347.502811
  20
716.589789
  0
VERTEX
  8
11
  10
3349.426676
  20
718.962181
  0
VERTEX
  8
11
  10
3351.388949
  20
720.998190
  0
VERTEX
  8
11
  10
3353.468357
  20
722.796852
  0
VERTEX
  8
11
  10
3355.539250
  20
724.270607
  0
VERTEX
  8
11
  10
3357.752812
  20
725.542940
  0
VERTEX
  8
11
  10
3360.075480
  20
726.589800
  0
VERTEX
  8
11
  10
3362.586364
  20
727.440730
  0
VERTEX
  8
11
  10
3365.218536
  20
728.069025
  0
VERTEX
  8
11
  10
3368.063338
  20
728.486224
  0
VERTEX
  8
11
  10
3371.002544
  20
728.665419
  0
VERTEX
  8
11
  10
3374.157860
  20
728.602601
  0
VERTEX
  8
11
  10
3377.409022
  20
728.281439
  0
VERTEX
  8
11
  10
3382.179260
  20
727.433472
  0
SEQEND
  8
11
  0
POLYLINE
  8
11
  66
1
  70
0
  0
VERTEX
  8
11
  10
3382.179260
  20
727.433472
  0
VERTEX
  8
11
  10
3397.221496
  20
724.420053
  0
VERTEX
  8
11
  10
3406.949203
  20
722.606400
  0
VERTEX
  8
11
  10
3417.471804
  20
720.908919
  0
VERTEX
  8
11
  10
3429.041463
  20
719.295364
  0
VERTEX
  8
11
  10
3441.215629
  20
717.849294
  0
VERTEX
  8
11
  10
3454.361296
  20
716.543279
  0
VERTEX
  8
11
  10
3467.918195
  20
715.446063
  0
VERTEX
  8
11
  10
3482.364465
  20
714.532480
  0
VERTEX
  8
11
  10
3497.459636
  20
713.823693
  0
VERTEX
  8
11
  10
3512.647389
  20
713.327817
  0
VERTEX
  8
11
  10
3527.856805
  20
712.994422
  0
VERTEX
  8
11
  10
3543.092575
  20
712.775856
  0
VERTEX
  8
11
  10
3558.216444
  20
712.706719
  0
VERTEX
  8
11
  10
3573.391281
  20
712.757419
  0
VERTEX
  8
11
  10
3586.308289
  20
712.795868
  0
SEQEND
  8
11
 0
LINE
 8
11
 10
3382.942168
 20
729.831385
 11
3381.970105
 21
724.926786
 0
LINE
 8
11
 10
3483.688373
 20
716.964236
 11
3483.472018
 21
711.968920
 0
LINE
 8
11
 10
3586.307873
 20
715.295867
 11
3586.307934
 21
710.295867
  0
POLYLINE
  8
11
  66
1
  70
0
  0
VERTEX
  8
11
  10
3586.308289
  20
712.795868
  0
VERTEX
  8
11
  10
3601.554312
  20
712.750235
  0
VERTEX
  8
11
  10
3616.684370
  20
712.705680
  0
VERTEX
  8
11
  10
3631.694101
  20
712.799107
  0
VERTEX
  8
11
  10
3646.789703
  20
713.032018
  0
VERTEX
  8
11
  10
3661.795893
  20
713.377408
  0
VERTEX
  8
11
  10
3676.896310
  20
713.893898
  0
VERTEX
  8
11
  10
3692.077619
  20
714.635431
  0
VERTEX
  8
11
  10
3706.404726
  20
715.571072
  0
VERTEX
  8
11
  10
3719.840843
  20
716.685565
  0
VERTEX
  8
11
  10
3732.579779
  20
717.986524
  0
VERTEX
  8
11
  10
3746.454608
  20
719.655960
  0
VERTEX
  8
11
  10
3755.498444
  20
720.953613
  0
VERTEX
  8
11
  10
3770.409697
  20
723.461253
  0
VERTEX
  8
11
  10
3779.632489
  20
725.258751
  0
VERTEX
  8
11
  10
3790.437012
  20
727.433472
  0
SEQEND
  8
11
 0
LINE
 8
11
 10
3688.927494
 20
716.964960
 11
3689.143845
 21
711.969643
 0
LINE
 8
11
 10
3760.983957
 20
724.408031
 11
3761.816072
 21
719.477759
 0
LINE
 8
11
 10
3789.673763
 20
729.830864
 11
3790.646052
 21
724.926309
  0
POLYLINE
  8
11
  66
1
  70
0
  0
VERTEX
  8
11
  10
3790.437012
  20
727.433472
  0
VERTEX
  8
11
  10
3794.864496
  20
728.233245
  0
VERTEX
  8
11
  10
3798.134902
  20
728.582069
  0
VERTEX
  8
11
  10
3801.304678
  20
728.670536
  0
VERTEX
  8
11
  10
3804.343093
  20
728.507177
  0
VERTEX
  8
11
  10
3807.176693
  20
728.110757
  0
VERTEX
  8
11
  10
3809.881958
  20
727.482846
  0
VERTEX
  8
11
  10
3812.397573
  20
726.645757
  0
VERTEX
  8
11
  10
3814.692696
  20
725.629600
  0
VERTEX
  8
11
  10
3816.915550
  20
724.373574
  0
VERTEX
  8
11
  10
3819.001650
  20
722.911000
  0
VERTEX
  8
11
  10
3821.020573
  20
721.192691
  0
VERTEX
  8
11
  10
3823.006131
  20
719.167966
  0
VERTEX
  8
11
  10
3824.929337
  20
716.834732
  0
VERTEX
  8
11
  10
3826.839483
  20
714.098603
  0
VERTEX
  8
11
  10
3829.017692
  20
710.472214
  0
VERTEX
  8
11
  10
3832.985678
  20
703.547630
  0
VERTEX
  8
11
  10
3836.681213
  20
697.569427
  0
SEQEND
  8
11
  0
POLYLINE
  8
11
  66
1
  70
0
  0
VERTEX
  8
11
  10
3836.681213
  20
697.569427
  0
VERTEX
  8
11
  10
3825.256074
  20
691.843433
  0
VERTEX
  8
11
  10
3815.901038
  20
687.059558
  0
VERTEX
  8
11
  10
3810.656376
  20
684.658355
  0
VERTEX
  8
11
  10
3805.706878
  20
682.671631
  0
VERTEX
  8
11
  10
3799.760809
  20
680.573142
  0
VERTEX
  8
11
  10
3792.152707
  20
678.182987
  0
VERTEX
  8
11
  10
3782.826799
  20
675.513238
  0
VERTEX
  8
11
  10
3773.449283
  20
673.087522
  0
VERTEX
  8
11
  10
3763.735142
  20
670.833157
  0
VERTEX
  8
11
  10
3753.866846
  20
668.795520
  0
VERTEX
  8
11
  10
3743.805686
  20
666.973116
  0
VERTEX
  8
11
  10
3733.349097
  20
665.336591
  0
VERTEX
  8
11
  10
3722.541633
  20
663.903703
  0
VERTEX
  8
11
  10
3709.800616
  20
662.489963
  0
VERTEX
  8
11
  10
3699.356160
  20
661.542387
  0
VERTEX
  8
11
  10
3684.378960
  20
660.548970
  0
VERTEX
  8
11
  10
3672.520894
  20
659.872751
  0
VERTEX
  8
11
  10
3657.848586
  20
659.331185
  0
VERTEX
  8
11
  10
3642.711557
  20
658.932541
  0
VERTEX
  8
11
  10
3627.616713
  20
658.664117
  0
VERTEX
  8
11
  10
3612.478407
  20
658.519666
  0
VERTEX
  8
11
  10
3597.435633
  20
658.470946
  0
VERTEX
  8
11
  10
3586.308289
  20
658.492432
  0
SEQEND
  8
11
 0
LINE
 8
11
 10
3690.815235
 20
658.463366
 11
3690.496904
 21
663.453222
  0
POLYLINE
  8
11
  66
1
  70
0
  0
VERTEX
  8
11
  10
3586.308289
  20
670.492935
  0
VERTEX
  8
11
  10
3571.221915
  20
670.531446
  0
VERTEX
  8
11
  10
3556.181924
  20
670.572312
  0
VERTEX
  8
11
  10
3541.171509
  20
670.721193
  0
VERTEX
  8
11
  10
3526.154498
  20
671.015227
  0
VERTEX
  8
11
  10
3511.106818
  20
671.462394
  0
VERTEX
  8
11
  10
3496.117834
  20
672.096084
  0
VERTEX
  8
11
  10
3482.720376
  20
672.885849
  0
VERTEX
  8
11
  10
3470.273813
  20
673.854435
  0
VERTEX
  8
11
  10
3458.560514
  20
675.001723
  0
VERTEX
  8
11
  10
3447.455796
  20
676.325698
  0
VERTEX
  8
11
  10
3436.975788
  20
677.811880
  0
VERTEX
  8
11
  10
3427.025488
  20
679.461732
  0
VERTEX
  8
11
  10
3417.328443
  20
681.311939
  0
VERTEX
  8
11
  10
3407.691163
  20
683.397990
  0
VERTEX
  8
11
  10
3398.254422
  20
685.688181
  0
VERTEX
  8
11
  10
3389.231798
  20
688.121633
  0
VERTEX
  8
11
  10
3380.575455
  20
690.700833
  0
VERTEX
  8
11
  10
3373.833881
  20
692.920559
  0
VERTEX
  8
11
  10
3368.761488
  20
694.825871
  0
VERTEX
  8
11
  10
3364.214461
  20
696.787701
  0
VERTEX
  8
11
  10
3359.084147
  20
699.286162
  0
VERTEX
  8
11
  10
3353.034668
  20
702.495728
  0
SEQEND
  8
11
 0
LINE
 8
11
 10
3583.808289
 20
670.491540
 11
3588.808288
 21
670.494331
 0
LINE
 8
11
 10
3482.551564
 20
670.391555
 11
3482.892457
 21
675.379920
  0
POLYLINE
  8
11
  66
1
  70
0
  0
VERTEX
  8
11
  10
3353.034668
  20
702.495728
  0
VERTEX
  8
11
  10
3354.998564
  20
706.188144
  0
VERTEX
  8
11
  10
3356.579314
  20
708.669751
  0
VERTEX
  8
11
  10
3358.138533
  20
710.692625
  0
VERTEX
  8
11
  10
3359.651503
  20
712.295532
  0
VERTEX
  8
11
  10
3361.217197
  20
713.615365
  0
VERTEX
  8
11
  10
3362.757859
  20
714.615940
  0
VERTEX
  8
11
  10
3364.435975
  20
715.409681
  0
VERTEX
  8
11
  10
3366.322002
  20
716.023114
  0
VERTEX
  8
11
  10
3368.428823
  20
716.443518
  0
VERTEX
  8
11
  10
3370.784752
  20
716.654364
  0
VERTEX
  8
11
  10
3373.333248
  20
716.629553
  0
VERTEX
  8
11
  10
3376.081098
  20
716.351544
  0
VERTEX
  8
11
  10
3380.124512
  20
715.610962
  0
SEQEND
  8
11
 0
LINE
 8
11
 10
3377.625392
 20
715.545301
 11
3382.623667
 21
715.676616
  0
POLYLINE
  8
11
  66
1
  70
0
  0
VERTEX
  8
11
  10
3380.124512
  20
715.610962
  0
VERTEX
  8
11
  10
3393.752689
  20
712.842936
  0
VERTEX
  8
11
  10
3405.590125
  20
710.669617
  0
VERTEX
  8
11
  10
3416.288513
  20
708.951396
  0
VERTEX
  8
11
  10
3427.735651
  20
707.363847
  0
VERTEX
  8
11
  10
3440.106593
  20
705.900089
  0
VERTEX
  8
11
  10
3453.199347
  20
704.599157
  0
VERTEX
  8
11
  10
3466.807593
  20
703.494980
  0
VERTEX
  8
11
  10
3481.192713
  20
702.578384
  0
VERTEX
  8
11
  10
3496.247443
  20
701.863349
  0
VERTEX
  8
11
  10
3511.328675
  20
701.355916
  0
VERTEX
  8
11
  10
3526.349146
  20
701.019239
  0
VERTEX
  8
11
  10
3541.377004
  20
700.815267
  0
VERTEX
  8
11
  10
3556.454577
  20
700.709697
  0
VERTEX
  8
11
  10
3571.512358
  20
700.703414
  0
VERTEX
  8
11
  10
3586.308289
  20
700.796967
  0
SEQEND
  8
11
 0
LINE
 8
11
 10
3482.945093
 20
704.987106
 11
3482.677316
 21
699.994282
 0
LINE
 8
11
 10
3586.306902
 20
703.296963
 11
3586.308883
 21
698.296963
  0
POLYLINE
  8
11
  66
1
  70
0
  0
VERTEX
  8
11
  10
3586.308289
  20
700.796967
  0
VERTEX
  8
11
  10
3601.635403
  20
700.713960
  0
VERTEX
  8
11
  10
3616.851941
  20
700.710383
  0
VERTEX
  8
11
  10
3631.986539
  20
700.814677
  0
VERTEX
  8
11
  10
3647.119114
  20
701.035097
  0
VERTEX
  8
11
  10
3662.250148
  20
701.383879
  0
VERTEX
  8
11
  10
3677.479383
  20
701.908122
  0
VERTEX
  8
11
  10
3692.708398
  20
702.650836
  0
VERTEX
  8
11
  10
3707.154716
  20
703.593479
  0
VERTEX
  8
11
  10
3720.847697
  20
704.729708
  0
VERTEX
  8
11
  10
3733.938328
  20
706.056445
  0
VERTEX
  8
11
  10
3746.243979
  20
707.540628
  0
VERTEX
  8
11
  10
3757.646758
  20
709.150099
  0
VERTEX
  8
11
  10
3768.595959
  20
710.942700
  0
VERTEX
  8
11
  10
3780.414097
  20
713.148914
  0
VERTEX
  8
11
  10
3792.491760
  20
715.610962
  0
SEQEND
  8
11
 0
LINE
 8
11
 10
3689.671675
 20
704.986933
 11
3689.939441
 21
699.994108
 0
LINE
 8
11
 10
3763.000897
 20
712.527771
 11
3763.810641
 21
707.593775
 0
LINE
 8
11
 10
3789.991928
 20
715.628951
 11
3794.991799
 21
715.593015
  0
POLYLINE
  8
11
  66
1
  70
0
  0
VERTEX
  8
11
  10
3792.491760
  20
715.610962
  0
VERTEX
  8
11
  10
3796.490949
  20
716.346132
  0
VERTEX
  8
11
  10
3799.338847
  20
716.631973
  0
VERTEX
  8
11
  10
3801.883994
  20
716.652517
  0
VERTEX
  8
11
  10
3804.248941
  20
716.434280
  0
VERTEX
  8
11
  10
3806.373891
  20
716.002061
  0
VERTEX
  8
11
  10
3808.285575
  20
715.368399
  0
VERTEX
  8
11
  10
3809.963569
  20
714.554185
  0
VERTEX
  8
11
  10
3811.526183
  20
713.521638
  0
VERTEX
  8
11
  10
3813.060708
  20
712.205116
  0
VERTEX
  8
11
  10
3814.617273
  20
710.527116
  0
VERTEX
  8
11
  10
3816.185192
  20
708.455267
  0
VERTEX
  8
11
  10
3817.767317
  20
705.928058
  0
VERTEX
  8
11
  10
3819.581604
  20
702.495728
  0
SEQEND
  8
11
  0
POLYLINE
  8
11
  66
1
  70
0
  0
VERTEX
  8
11
  10
3819.581604
  20
702.495728
  0
VERTEX
  8
11
  10
3812.147084
  20
698.586336
  0
VERTEX
  8
11
  10
3807.080858
  20
696.190291
  0
VERTEX
  8
11
  10
3802.543334
  20
694.308418
  0
VERTEX
  8
11
  10
3797.046672
  20
692.320401
  0
VERTEX
  8
11
  10
3789.896222
  20
690.036042
  0
VERTEX
  8
11
  10
3780.727131
  20
687.380635
  0
VERTEX
  8
11
  10
3771.466746
  20
684.957844
  0
VERTEX
  8
11
  10
3761.851300
  20
682.705605
  0
VERTEX
  8
11
  10
3752.075340
  20
680.671897
  0
VERTEX
  8
11
  10
3742.144151
  20
678.862447
  0
VERTEX
  8
11
  10
3732.026545
  20
677.271485
  0
VERTEX
  8
11
  10
3721.286119
  20
675.835740
  0
VERTEX
  8
11
  10
3709.886020
  20
674.565463
  0
VERTEX
  8
11
  10
3697.770096
  20
673.470174
  0
VERTEX
  8
11
  10
3684.988314
  20
672.568394
  0
VERTEX
  8
11
  10
3670.938772
  20
671.833981
  0
VERTEX
  8
11
  10
3655.712544
  20
671.271309
  0
VERTEX
  8
11
  10
3640.705089
  20
670.886211
  0
VERTEX
  8
11
  10
3625.694899
  20
670.643751
  0
VERTEX
  8
11
  10
3610.665485
  20
670.515621
  0
VERTEX
  8
11
  10
3595.577568
  20
670.475033
  0
VERTEX
  8
11
  10
3586.308289
  20
670.492935
  0
SEQEND
  8
11
 0
LINE
 8
11
 10
3690.064723
 20
670.391569
 11
3689.723785
 21
675.379931
  0
POLYLINE
  8
11
  66
1
  70
0
  0
VERTEX
  8
11
  10
3586.308289
  20
700.796967
  0
VERTEX
  8
11
  10
3586.308289
  20
670.492935
  0
SEQEND
  8
11
 0
LINE
 8
11
 10
3586.308289
 20
703.296967
 11
3586.308288
 21
698.296967
 0
LINE
 8
11
 10
3583.808289
 20
670.492998
 11
3588.808289
 21
670.492997
  0
POLYLINE
  8
11
  66
1
  70
0
  0
VERTEX
  8
11
  10
3836.681213
  20
697.569427
  0
VERTEX
  8
11
  10
3825.256042
  20
691.843491
  0
VERTEX
  8
11
  10
3815.901184
  20
687.059631
  0
VERTEX
  8
11
  10
3810.656433
  20
684.658432
  0
VERTEX
  8
11
  10
3805.707092
  20
682.671661
  0
VERTEX
  8
11
  10
3799.761047
  20
680.573196
  0
VERTEX
  8
11
  10
3792.152710
  20
678.182983
  0
VERTEX
  8
11
  10
3782.826843
  20
675.513229
  0
VERTEX
  8
11
  10
3773.449402
  20
673.087540
  0
VERTEX
  8
11
  10
3763.735046
  20
670.833206
  0
VERTEX
  8
11
  10
3753.866882
  20
668.795547
  0
VERTEX
  8
11
  10
3743.805542
  20
666.973114
  0
VERTEX
  8
11
  10
3733.349304
  20
665.336609
  0
VERTEX
  8
11
  10
3722.541809
  20
663.903732
  0
VERTEX
  8
11
  10
3709.800720
  20
662.489929
  0
VERTEX
  8
11
  10
3699.356384
  20
661.542358
  0
VERTEX
  8
11
  10
3684.378967
  20
660.549011
  0
VERTEX
  8
11
  10
3672.521057
  20
659.872742
  0
VERTEX
  8
11
  10
3657.848816
  20
659.331207
  0
VERTEX
  8
11
  10
3642.711487
  20
658.932571
  0
VERTEX
  8
11
  10
3627.616577
  20
658.664093
  0
VERTEX
  8
11
  10
3612.478333
  20
658.519669
  0
VERTEX
  8
11
  10
3597.435608
  20
658.470917
  0
VERTEX
  8
11
  10
3586.308289
  20
658.492432
  0
SEQEND
  8
11
  0
POLYLINE
  8
11
  66
1
  70
0
  0
VERTEX
  8
11
  10
3790.437012
  20
727.433472
  0
VERTEX
  8
11
  10
3794.864807
  20
728.233261
  0
VERTEX
  8
11
  10
3798.135071
  20
728.582077
  0
VERTEX
  8
11
  10
3801.304626
  20
728.670502
  0
VERTEX
  8
11
  10
3804.343262
  20
728.507156
  0
VERTEX
  8
11
  10
3807.176819
  20
728.110733
  0
VERTEX
  8
11
  10
3809.882202
  20
727.482758
  0
VERTEX
  8
11
  10
3812.397766
  20
726.645660
  0
VERTEX
  8
11
  10
3814.692688
  20
725.629578
  0
VERTEX
  8
11
  10
3816.915588
  20
724.373474
  0
VERTEX
  8
11
  10
3819.001770
  20
722.910919
  0
VERTEX
  8
11
  10
3821.020813
  20
721.192551
  0
VERTEX
  8
11
  10
3823.006287
  20
719.167862
  0
VERTEX
  8
11
  10
3824.929504
  20
716.834564
  0
VERTEX
  8
11
  10
3826.839600
  20
714.098358
  0
VERTEX
  8
11
  10
3829.017639
  20
710.472031
  0
VERTEX
  8
11
  10
3832.985840
  20
703.547516
  0
VERTEX
  8
11
  10
3836.681213
  20
697.569427
  0
SEQEND
  8
11
  0
POLYLINE
  8
11
  66
1
  70
0
  0
VERTEX
  8
11
  10
3586.308289
  20
712.795868
  0
VERTEX
  8
11
  10
3601.554260
  20
712.750244
  0
VERTEX
  8
11
  10
3616.684570
  20
712.705688
  0
VERTEX
  8
11
  10
3631.694336
  20
712.799149
  0
VERTEX
  8
11
  10
3646.789856
  20
713.032074
  0
VERTEX
  8
11
  10
3661.795959
  20
713.377457
  0
VERTEX
  8
11
  10
3676.896362
  20
713.893890
  0
VERTEX
  8
11
  10
3692.077637
  20
714.635391
  0
VERTEX
  8
11
  10
3706.404724
  20
715.571060
  0
VERTEX
  8
11
  10
3719.840698
  20
716.685562
  0
VERTEX
  8
11
  10
3732.579651
  20
717.986526
  0
VERTEX
  8
11
  10
3746.454773
  20
719.655991
  0
VERTEX
  8
11
  10
3755.498657
  20
720.953674
  0
VERTEX
  8
11
  10
3770.409546
  20
723.461227
  0
VERTEX
  8
11
  10
3779.632263
  20
725.258713
  0
VERTEX
  8
11
  10
3790.437012
  20
727.433472
  0
SEQEND
  8
11
  0
POLYLINE
  8
11
  66
1
  70
0
  0
VERTEX
  8
11
  10
3382.179260
  20
727.433472
  0
VERTEX
  8
11
  10
3397.221680
  20
724.420013
  0
VERTEX
  8
11
  10
3406.949158
  20
722.606354
  0
VERTEX
  8
11
  10
3417.471924
  20
720.908890
  0
VERTEX
  8
11
  10
3429.041748
  20
719.295349
  0
VERTEX
  8
11
  10
3441.215820
  20
717.849274
  0
VERTEX
  8
11
  10
3454.361267
  20
716.543274
  0
VERTEX
  8
11
  10
3467.918396
  20
715.446014
  0
VERTEX
  8
11
  10
3482.364807
  20
714.532471
  0
VERTEX
  8
11
  10
3497.459717
  20
713.823700
  0
VERTEX
  8
11
  10
3512.647400
  20
713.327789
  0
VERTEX
  8
11
  10
3527.857056
  20
712.994461
  0
VERTEX
  8
11
  10
3543.092957
  20
712.775879
  0
VERTEX
  8
11
  10
3558.216553
  20
712.706680
  0
VERTEX
  8
11
  10
3573.391418
  20
712.757416
  0
VERTEX
  8
11
  10
3586.308289
  20
712.795868
  0
SEQEND
  8
11
  0
POLYLINE
  8
11
  66
1
  70
0
  0
VERTEX
  8
11
  10
3335.935059
  20
697.569427
  0
VERTEX
  8
11
  10
3340.290222
  20
704.658966
  0
VERTEX
  8
11
  10
3345.611267
  20
713.840866
  0
VERTEX
  8
11
  10
3347.503052
  20
716.589890
  0
VERTEX
  8
11
  10
3349.426880
  20
718.962250
  0
VERTEX
  8
11
  10
3351.389160
  20
720.998306
  0
VERTEX
  8
11
  10
3353.468323
  20
722.796936
  0
VERTEX
  8
11
  10
3355.539246
  20
724.270706
  0
VERTEX
  8
11
  10
3357.752686
  20
725.542984
  0
VERTEX
  8
11
  10
3360.075684
  20
726.589890
  0
VERTEX
  8
11
  10
3362.586365
  20
727.440796
  0
VERTEX
  8
11
  10
3365.218506
  20
728.069077
  0
VERTEX
  8
11
  10
3368.063354
  20
728.486252
  0
VERTEX
  8
11
  10
3371.002502
  20
728.665390
  0
VERTEX
  8
11
  10
3374.158020
  20
728.602600
  0
VERTEX
  8
11
  10
3377.409058
  20
728.281403
  0
VERTEX
  8
11
  10
3382.179260
  20
727.433472
  0
SEQEND
  8
11
  0
POLYLINE
  8
11
  66
1
  70
0
  0
VERTEX
  8
11
  10
3586.308289
  20
658.492432
  0
VERTEX
  8
11
  10
3571.061401
  20
658.475800
  0
VERTEX
  8
11
  10
3555.820007
  20
658.550110
  0
VERTEX
  8
11
  10
3540.629883
  20
658.727646
  0
VERTEX
  8
11
  10
3525.610352
  20
659.033279
  0
VERTEX
  8
11
  10
3510.510559
  20
659.465714
  0
VERTEX
  8
11
  10
3497.150879
  20
660.016785
  0
VERTEX
  8
11
  10
3482.038574
  20
660.953369
  0
VERTEX
  8
11
  10
3471.300354
  20
661.700363
  0
VERTEX
  8
11
  10
3460.338440
  20
662.746048
  0
VERTEX
  8
11
  10
3447.965698
  20
664.164047
  0
VERTEX
  8
11
  10
3437.343445
  20
665.618668
  0
VERTEX
  8
11
  10
3427.096863
  20
667.265930
  0
VERTEX
  8
11
  10
3417.205811
  20
669.097672
  0
VERTEX
  8
11
  10
3407.456360
  20
671.148300
  0
VERTEX
  8
11
  10
3397.649231
  20
673.462830
  0
VERTEX
  8
11
  10
3388.258972
  20
675.933914
  0
VERTEX
  8
11
  10
3378.957520
  20
678.637848
  0
VERTEX
  8
11
  10
3371.468201
  20
681.040421
  0
VERTEX
  8
11
  10
3365.696716
  20
683.134918
  0
VERTEX
  8
11
  10
3360.840454
  20
685.146027
  0
VERTEX
  8
11
  10
3355.773010
  20
687.520142
  0
VERTEX
  8
11
  10
3342.119751
  20
694.513016
  0
VERTEX
  8
11
  10
3335.935059
  20
697.569427
  0
SEQEND
  8
11
  0
POINT
  8
11
 10
3800.986023
 20
706.020279
  0
POINT
  8
11
 10
3800.986023
 20
706.020279
  0
POINT
  8
11
 10
3371.630554
 20
706.020279
  0
POINT
  8
11
 10
3371.630554
 20
706.020279
 0
LINE
 8
11
 10
3508.919678
 20
685.540771
 11
3565.907898
 21
685.540771
 0
LINE
 8
11
 10
3565.907898
 20
685.540771
 11
3554.674554
 21
687.469052
 0
LINE
 8
11
 10
3565.907898
 20
685.540771
 11
3565.907898
 21
685.540771
  0
TEXT
  8
11
 10
3586.308136
 20
663.570726
 40
10.000000
 50
0.000000
  1
Piece Name: 
  0
TEXT
  8
11
 10
3586.308136
 20
678.570726
 40
10.000000
 50
0.000000
  1
Size: L
  0
TEXT
  8
11
 10
3586.308136
 20
693.570726
 40
10.000000
 50
0.000000
  1
Annotation: 面料X1
  0
TEXT
  8
11
 10
3586.308136
 20
708.570726
 40
10.000000
 50
0.000000
  1
Quantity: 1
  0
TEXT
  8
11
 10
3586.308136
 20
723.570726
 40
10.000000
 50
0.000000
  1
Material: 面料
  0
POLYLINE
  8
11
  66
1
  70
0
  0
VERTEX
  8
11
  10
2591.757507
  20
665.450821
  0
VERTEX
  8
11
  10
2576.480182
  20
665.290805
  0
VERTEX
  8
11
  10
2561.339608
  20
665.047123
  0
VERTEX
  8
11
  10
2546.315204
  20
664.584155
  0
VERTEX
  8
11
  10
2531.240590
  20
663.920077
  0
VERTEX
  8
11
  10
2516.459325
  20
663.017822
  0
VERTEX
  8
11
  10
2501.291825
  20
661.867106
  0
VERTEX
  8
11
  10
2491.966971
  20
660.950284
  0
VERTEX
  8
11
  10
2476.950811
  20
659.248614
  0
VERTEX
  8
11
  10
2467.283259
  20
657.947927
  0
VERTEX
  8
11
  10
2456.305260
  20
656.211430
  0
VERTEX
  8
11
  10
2446.165588
  20
654.370500
  0
VERTEX
  8
11
  10
2436.784684
  20
652.424200
  0
VERTEX
  8
11
  10
2427.037866
  20
650.136867
  0
VERTEX
  8
11
  10
2415.904343
  20
647.254643
  0
VERTEX
  8
11
  10
2405.827339
  20
644.400658
  0
VERTEX
  8
11
  10
2391.345782
  20
640.011704
  0
VERTEX
  8
11
  10
2379.927521
  20
636.644821
  0
SEQEND
  8
11
 0
LINE
 8
11
 10
2591.757218
 20
662.950821
 11
2591.757797
 21
667.950821
 0
LINE
 8
11
 10
2490.084443
 20
658.219466
 11
2489.520186
 21
663.187525
  0
POLYLINE
  8
11
  66
1
  70
0
  0
VERTEX
  8
11
  10
2379.927521
  20
636.644821
  0
VERTEX
  8
11
  10
2343.095551
  20
712.751007
  0
SEQEND
  8
11
  0
POLYLINE
  8
11
  66
1
  70
0
  0
VERTEX
  8
11
  10
2343.095551
  20
712.751007
  0
VERTEX
  8
11
  10
2358.127603
  20
716.009680
  0
VERTEX
  8
11
  10
2372.933974
  20
719.249308
  0
VERTEX
  8
11
  10
2387.793231
  20
722.442566
  0
VERTEX
  8
11
  10
2402.544060
  20
725.506401
  0
VERTEX
  8
11
  10
2417.453088
  20
728.458994
  0
VERTEX
  8
11
  10
2432.344225
  20
731.241444
  0
VERTEX
  8
11
  10
2447.212418
  20
733.862410
  0
VERTEX
  8
11
  10
2461.347232
  20
736.170227
  0
VERTEX
  8
11
  10
2476.232630
  20
738.302159
  0
VERTEX
  8
11
  10
2490.885089
  20
740.314151
  0
VERTEX
  8
11
  10
2504.240539
  20
741.865077
  0
VERTEX
  8
11
  10
2519.442916
  20
743.388515
  0
VERTEX
  8
11
  10
2533.230818
  20
744.528560
  0
VERTEX
  8
11
  10
2547.792572
  20
745.477823
  0
VERTEX
  8
11
  10
2561.805667
  20
746.156451
  0
VERTEX
  8
11
  10
2577.010498
  20
746.631103
  0
VERTEX
  8
11
  10
2591.841736
  20
747.032013
  0
SEQEND
  8
11
 0
LINE
 8
11
 10
2473.857707
 20
740.490860
 11
2474.554424
 21
735.539639
 0
LINE
 8
11
 10
2589.341256
 20
747.031793
 11
2594.341256
 21
747.032205
  0
POLYLINE
  8
11
  66
1
  70
0
  0
VERTEX
  8
11
  10
2591.841736
  20
747.032013
  0
VERTEX
  8
11
  10
2607.295251
  20
746.608755
  0
VERTEX
  8
11
  10
2622.354887
  20
746.131007
  0
VERTEX
  8
11
  10
2636.237444
  20
745.448543
  0
VERTEX
  8
11
  10
2650.976000
  20
744.477210
  0
VERTEX
  8
11
  10
2664.706525
  20
743.330148
  0
VERTEX
  8
11
  10
2679.659089
  20
741.823533
  0
VERTEX
  8
11
  10
2693.194032
  20
740.242902
  0
VERTEX
  8
11
  10
2706.983067
  20
738.344645
  0
VERTEX
  8
11
  10
2722.034945
  20
736.188617
  0
VERTEX
  8
11
  10
2736.290569
  20
733.860375
  0
VERTEX
  8
11
  10
2751.264794
  20
731.252334
  0
VERTEX
  8
11
  10
2763.982725
  20
728.844855
  0
VERTEX
  8
11
  10
2778.773728
  20
725.918403
  0
VERTEX
  8
11
  10
2793.694393
  20
722.883450
  0
VERTEX
  8
11
  10
2808.617190
  20
719.683953
  0
VERTEX
  8
11
  10
2823.329793
  20
716.459851
  0
VERTEX
  8
11
  10
2838.034259
  20
713.264736
  0
VERTEX
  8
11
  10
2840.419617
  20
712.751007
  0
SEQEND
  8
11
 0
LINE
 8
11
 10
2709.656334
 20
740.491030
 11
2708.959603
 21
735.539811
 0
LINE
 8
11
 10
2765.627462
 20
731.066166
 11
2764.652004
 21
726.162241
  0
POLYLINE
  8
11
  66
1
  70
0
  0
VERTEX
  8
11
  10
2840.419617
  20
712.751007
  0
VERTEX
  8
11
  10
2803.587646
  20
636.644821
  0
SEQEND
  8
11
  0
POLYLINE
  8
11
  66
1
  70
0
  0
VERTEX
  8
11
  10
2803.587646
  20
636.644821
  0
VERTEX
  8
11
  10
2788.960206
  20
640.983996
  0
VERTEX
  8
11
  10
2774.469068
  20
645.340582
  0
VERTEX
  8
11
  10
2764.076486
  20
648.197801
  0
VERTEX
  8
11
  10
2753.222146
  20
650.928742
  0
VERTEX
  8
11
  10
2743.874585
  20
653.043270
  0
VERTEX
  8
11
  10
2734.290485
  20
654.952961
  0
VERTEX
  8
11
  10
2723.908013
  20
656.759495
  0
VERTEX
  8
11
  10
2713.007483
  20
658.408550
  0
VERTEX
  8
11
  10
2703.407180
  20
659.620459
  0
VERTEX
  8
11
  10
2688.452252
  20
661.283095
  0
VERTEX
  8
11
  10
2678.193908
  20
662.199055
  0
VERTEX
  8
11
  10
2663.113264
  20
663.281805
  0
VERTEX
  8
11
  10
2648.885156
  20
664.090429
  0
VERTEX
  8
11
  10
2633.808138
  20
664.704525
  0
VERTEX
  8
11
  10
2618.764672
  20
665.123605
  0
VERTEX
  8
11
  10
2603.709862
  20
665.325297
  0
VERTEX
  8
11
  10
2591.757507
  20
665.450821
  0
SEQEND
  8
11
 0
LINE
 8
11
 10
2693.430025
 20
658.219557
 11
2693.994283
 21
663.187616
  0
POLYLINE
  8
11
  66
1
  70
0
  0
VERTEX
  8
11
  10
2591.757507
  20
677.451477
  0
VERTEX
  8
11
  10
2576.615988
  20
677.305903
  0
VERTEX
  8
11
  10
2561.581727
  20
677.042092
  0
VERTEX
  8
11
  10
2546.505740
  20
676.600614
  0
VERTEX
  8
11
  10
2531.503573
  20
675.948783
  0
VERTEX
  8
11
  10
2516.799336
  20
675.078134
  0
VERTEX
  8
11
  10
2502.813317
  20
674.014156
  0
VERTEX
  8
11
  10
2489.532195
  20
672.769077
  0
VERTEX
  8
11
  10
2477.322999
  20
671.391106
  0
VERTEX
  8
11
  10
2465.925965
  20
669.868595
  0
VERTEX
  8
11
  10
2455.226919
  20
668.201658
  0
VERTEX
  8
11
  10
2445.051236
  20
666.376382
  0
VERTEX
  8
11
  10
2435.405572
  20
664.405968
  0
VERTEX
  8
11
  10
2425.911090
  20
662.218039
  0
VERTEX
  8
11
  10
2415.319814
  20
659.514597
  0
VERTEX
  8
11
  10
2403.782902
  20
656.310238
  0
VERTEX
  8
11
  10
2391.969408
  20
652.778768
  0
VERTEX
  8
11
  10
2386.318207
  20
650.987320
  0
SEQEND
  8
11
 0
LINE
 8
11
 10
2591.763157
 20
674.951483
 11
2591.751858
 21
679.951471
 0
LINE
 8
11
 10
2488.706596
 20
670.169730
 11
2488.185684
 21
675.142521
  0
POLYLINE
  8
11
  66
1
  70
0
  0
VERTEX
  8
11
  10
2386.318207
  20
650.987320
  0
VERTEX
  8
11
  10
2360.546722
  20
704.239502
  0
SEQEND
  8
11
  0
POLYLINE
  8
11
  66
1
  70
0
  0
VERTEX
  8
11
  10
2360.546722
  20
704.239502
  0
VERTEX
  8
11
  10
2375.464346
  20
707.523458
  0
VERTEX
  8
11
  10
2390.247616
  20
710.699537
  0
VERTEX
  8
11
  10
2405.002735
  20
713.758365
  0
VERTEX
  8
11
  10
2419.727217
  20
716.674767
  0
VERTEX
  8
11
  10
2434.577720
  20
719.457777
  0
VERTEX
  8
11
  10
2449.403977
  20
722.056467
  0
VERTEX
  8
11
  10
2464.331359
  20
724.471272
  0
VERTEX
  8
11
  10
2479.303581
  20
726.669444
  0
VERTEX
  8
11
  10
2494.260251
  20
728.625449
  0
VERTEX
  8
11
  10
2508.799895
  20
730.284316
  0
VERTEX
  8
11
  10
2522.940100
  20
731.655730
  0
VERTEX
  8
11
  10
2536.677646
  20
732.748811
  0
VERTEX
  8
11
  10
2550.385184
  20
733.595924
  0
VERTEX
  8
11
  10
2565.447041
  20
734.287092
  0
VERTEX
  8
11
  10
2580.500347
  20
734.781877
  0
VERTEX
  8
11
  10
2591.757507
  20
735.027161
  0
SEQEND
  8
11
 0
LINE
 8
11
 10
2475.516938
 20
728.661081
 11
2476.223197
 21
723.711213
 0
LINE
 8
11
 10
2589.257673
 20
735.014989
 11
2594.257613
 21
735.039339
  0
POLYLINE
  8
11
  66
1
  70
0
  0
VERTEX
  8
11
  10
2591.757507
  20
735.027161
  0
VERTEX
  8
11
  10
2607.212816
  20
734.647412
  0
VERTEX
  8
11
  10
2622.501887
  20
734.108905
  0
VERTEX
  8
11
  10
2637.275095
  20
733.365818
  0
VERTEX
  8
11
  10
2651.415161
  20
732.410282
  0
VERTEX
  8
11
  10
2665.239097
  20
731.230977
  0
VERTEX
  8
11
  10
2679.444370
  20
729.771693
  0
VERTEX
  8
11
  10
2694.131601
  20
728.014960
  0
VERTEX
  8
11
  10
2709.138255
  20
725.972072
  0
VERTEX
  8
11
  10
2724.248656
  20
723.676071
  0
VERTEX
  8
11
  10
2739.238271
  20
721.179579
  0
VERTEX
  8
11
  10
2754.094219
  20
718.510811
  0
VERTEX
  8
11
  10
2769.023090
  20
715.654936
  0
VERTEX
  8
11
  10
2783.819267
  20
712.673018
  0
VERTEX
  8
11
  10
2798.712783
  20
709.542287
  0
VERTEX
  8
11
  10
2813.462979
  20
706.340891
  0
VERTEX
  8
11
  10
2822.968445
  20
704.239502
  0
SEQEND
  8
11
 0
LINE
 8
11
 10
2707.998062
 20
728.661147
 11
2707.291821
 21
723.711275
 0
LINE
 8
11
 10
2763.273440
 20
719.320053
 11
2762.329659
 21
714.409933
  0
POLYLINE
  8
11
  66
1
  70
0
  0
VERTEX
  8
11
  10
2822.968445
  20
704.239502
  0
VERTEX
  8
11
  10
2797.196960
  20
650.987320
  0
SEQEND
  8
11
  0
POLYLINE
  8
11
  66
1
  70
0
  0
VERTEX
  8
11
  10
2797.196960
  20
650.987320
  0
VERTEX
  8
11
  10
2782.461731
  20
655.508802
  0
VERTEX
  8
11
  10
2771.548934
  20
658.614738
  0
VERTEX
  8
11
  10
2760.502850
  20
661.502568
  0
VERTEX
  8
11
  10
2750.418620
  20
663.896943
  0
VERTEX
  8
11
  10
2740.890147
  20
665.904139
  0
VERTEX
  8
11
  10
2730.806467
  20
667.772633
  0
VERTEX
  8
11
  10
2720.131594
  20
669.494284
  0
VERTEX
  8
11
  10
2708.784067
  20
671.066108
  0
VERTEX
  8
11
  10
2696.812557
  20
672.471065
  0
VERTEX
  8
11
  10
2683.583720
  20
673.764840
  0
VERTEX
  8
11
  10
2669.652225
  20
674.874395
  0
VERTEX
  8
11
  10
2655.038771
  20
675.789182
  0
VERTEX
  8
11
  10
2639.780856
  20
676.497228
  0
VERTEX
  8
11
  10
2624.737635
  20
676.974284
  0
VERTEX
  8
11
  10
2609.530427
  20
677.270128
  0
VERTEX
  8
11
  10
2594.576912
  20
677.431449
  0
VERTEX
  8
11
  10
2591.757507
  20
677.451477
  0
SEQEND
  8
11
 0
LINE
 8
11
 10
2694.809522
 20
670.169648
 11
2695.330421
 21
675.142440
  0
POLYLINE
  8
11
  66
1
  70
0
  0
VERTEX
  8
11
  10
2591.757507
  20
677.451477
  0
VERTEX
  8
11
  10
2591.757507
  20
693.085556
  0
VERTEX
  8
11
  10
2591.757507
  20
708.518195
  0
VERTEX
  8
11
  10
2591.757507
  20
723.567927
  0
VERTEX
  8
11
  10
2591.757507
  20
735.027161
  0
SEQEND
  8
11
 0
LINE
 8
11
 10
2591.757507
 20
674.951477
 11
2591.757507
 21
679.951477
 0
LINE
 8
11
 10
2589.257507
 20
735.027175
 11
2594.257507
 21
735.027175
  0
POLYLINE
  8
11
  66
1
  70
0
  0
VERTEX
  8
11
  10
2803.587646
  20
636.644821
  0
VERTEX
  8
11
  10
2788.960266
  20
640.983963
  0
VERTEX
  8
11
  10
2774.468994
  20
645.340576
  0
VERTEX
  8
11
  10
2764.076538
  20
648.197784
  0
VERTEX
  8
11
  10
2753.222351
  20
650.928726
  0
VERTEX
  8
11
  10
2743.874817
  20
653.043213
  0
VERTEX
  8
11
  10
2734.290771
  20
654.952927
  0
VERTEX
  8
11
  10
2723.908081
  20
656.759491
  0
VERTEX
  8
11
  10
2713.007507
  20
658.408508
  0
VERTEX
  8
11
  10
2703.407288
  20
659.620438
  0
VERTEX
  8
11
  10
2688.452454
  20
661.283112
  0
VERTEX
  8
11
  10
2678.193970
  20
662.199020
  0
VERTEX
  8
11
  10
2663.113403
  20
663.281784
  0
VERTEX
  8
11
  10
2648.885193
  20
664.090424
  0
VERTEX
  8
11
  10
2633.808289
  20
664.704514
  0
VERTEX
  8
11
  10
2618.764954
  20
665.123596
  0
VERTEX
  8
11
  10
2603.710022
  20
665.325241
  0
VERTEX
  8
11
  10
2591.757507
  20
665.450821
  0
SEQEND
  8
11
  0
POLYLINE
  8
11
  66
1
  70
0
  0
VERTEX
  8
11
  10
2840.419617
  20
712.751007
  0
VERTEX
  8
11
  10
2803.587646
  20
636.644821
  0
SEQEND
  8
11
  0
POLYLINE
  8
11
  66
1
  70
0
  0
VERTEX
  8
11
  10
2591.841736
  20
747.032013
  0
VERTEX
  8
11
  10
2607.294922
  20
746.608734
  0
VERTEX
  8
11
  10
2622.354736
  20
746.130981
  0
VERTEX
  8
11
  10
2636.237183
  20
745.448532
  0
VERTEX
  8
11
  10
2650.975647
  20
744.477234
  0
VERTEX
  8
11
  10
2664.706421
  20
743.330154
  0
VERTEX
  8
11
  10
2679.658813
  20
741.823578
  0
VERTEX
  8
11
  10
2693.193970
  20
740.242920
  0
VERTEX
  8
11
  10
2706.983032
  20
738.344650
  0
VERTEX
  8
11
  10
2722.034912
  20
736.188583
  0
VERTEX
  8
11
  10
2736.290283
  20
733.860397
  0
VERTEX
  8
11
  10
2751.264648
  20
731.252365
  0
VERTEX
  8
11
  10
2763.982544
  20
728.844833
  0
VERTEX
  8
11
  10
2778.773804
  20
725.918427
  0
VERTEX
  8
11
  10
2793.694458
  20
722.883453
  0
VERTEX
  8
11
  10
2808.616943
  20
719.683990
  0
VERTEX
  8
11
  10
2823.329773
  20
716.459885
  0
VERTEX
  8
11
  10
2838.034363
  20
713.264771
  0
VERTEX
  8
11
  10
2840.419617
  20
712.751007
  0
SEQEND
  8
11
  0
POLYLINE
  8
11
  66
1
  70
0
  0
VERTEX
  8
11
  10
2343.095551
  20
712.751007
  0
VERTEX
  8
11
  10
2358.127441
  20
716.009674
  0
VERTEX
  8
11
  10
2372.933807
  20
719.249268
  0
VERTEX
  8
11
  10
2387.793121
  20
722.442551
  0
VERTEX
  8
11
  10
2402.543945
  20
725.506439
  0
VERTEX
  8
11
  10
2417.453003
  20
728.459015
  0
VERTEX
  8
11
  10
2432.344208
  20
731.241455
  0
VERTEX
  8
11
  10
2447.212372
  20
733.862381
  0
VERTEX
  8
11
  10
2461.347198
  20
736.170197
  0
VERTEX
  8
11
  10
2476.232605
  20
738.302155
  0
VERTEX
  8
11
  10
2490.885010
  20
740.314178
  0
VERTEX
  8
11
  10
2504.240417
  20
741.865082
  0
VERTEX
  8
11
  10
2519.442749
  20
743.388519
  0
VERTEX
  8
11
  10
2533.230743
  20
744.528580
  0
VERTEX
  8
11
  10
2547.792511
  20
745.477829
  0
VERTEX
  8
11
  10
2561.805725
  20
746.156464
  0
VERTEX
  8
11
  10
2577.010498
  20
746.631088
  0
VERTEX
  8
11
  10
2591.841736
  20
747.032013
  0
SEQEND
  8
11
  0
POLYLINE
  8
11
  66
1
  70
0
  0
VERTEX
  8
11
  10
2379.927521
  20
636.644821
  0
VERTEX
  8
11
  10
2343.095551
  20
712.751007
  0
SEQEND
  8
11
  0
POLYLINE
  8
11
  66
1
  70
0
  0
VERTEX
  8
11
  10
2591.757507
  20
665.450821
  0
VERTEX
  8
11
  10
2576.480408
  20
665.290756
  0
VERTEX
  8
11
  10
2561.340027
  20
665.047150
  0
VERTEX
  8
11
  10
2546.315460
  20
664.584198
  0
VERTEX
  8
11
  10
2531.240845
  20
663.920059
  0
VERTEX
  8
11
  10
2516.459503
  20
663.017807
  0
VERTEX
  8
11
  10
2501.291962
  20
661.867142
  0
VERTEX
  8
11
  10
2491.967163
  20
660.950317
  0
VERTEX
  8
11
  10
2476.950989
  20
659.248657
  0
VERTEX
  8
11
  10
2467.283478
  20
657.947922
  0
VERTEX
  8
11
  10
2456.305389
  20
656.211472
  0
VERTEX
  8
11
  10
2446.165771
  20
654.370499
  0
VERTEX
  8
11
  10
2436.784821
  20
652.424240
  0
VERTEX
  8
11
  10
2427.037964
  20
650.136948
  0
VERTEX
  8
11
  10
2415.904541
  20
647.254715
  0
VERTEX
  8
11
  10
2405.827484
  20
644.400711
  0
VERTEX
  8
11
  10
2391.345978
  20
640.011749
  0
VERTEX
  8
11
  10
2379.927521
  20
636.644821
  0
SEQEND
  8
11
 0
LINE
 8
11
 10
2512.102356
 20
695.517731
 11
2568.601379
 21
695.517731
 0
LINE
 8
11
 10
2568.601379
 20
695.517731
 11
2557.464464
 21
697.429458
 0
LINE
 8
11
 10
2568.601379
 20
695.517731
 11
2568.601379
 21
695.517731
  0
TEXT
  8
11
 10
2591.757584
 20
661.838417
 40
10.000000
 50
0.000000
  1
Piece Name: 
  0
TEXT
  8
11
 10
2591.757584
 20
676.838417
 40
10.000000
 50
0.000000
  1
Size: L
  0
TEXT
  8
11
 10
2591.757584
 20
691.838417
 40
10.000000
 50
0.000000
  1
Annotation: 面料X1
  0
TEXT
  8
11
 10
2591.757584
 20
706.838417
 40
10.000000
 50
0.000000
  1
Quantity: 1
  0
TEXT
  8
11
 10
2591.757584
 20
721.838417
 40
10.000000
 50
0.000000
  1
Material: 面料
  0
POLYLINE
  8
11
  66
1
  70
0
  0
VERTEX
  8
11
  10
2120.348053
  20
114.496965
  0
VERTEX
  8
11
  10
2120.348053
  20
147.404194
  0
SEQEND
  8
11
  0
POLYLINE
  8
11
  66
1
  70
0
  0
VERTEX
  8
11
  10
2120.348053
  20
147.404194
  0
VERTEX
  8
11
  10
2124.293365
  20
176.496964
  0
SEQEND
  8
11
  0
POLYLINE
  8
11
  66
1
  70
0
  0
VERTEX
  8
11
  10
2124.293365
  20
176.496964
  0
VERTEX
  8
11
  10
2120.348053
  20
205.589752
  0
SEQEND
  8
11
  0
POLYLINE
  8
11
  66
1
  70
0
  0
VERTEX
  8
11
  10
2120.348053
  20
205.589752
  0
VERTEX
  8
11
  10
2120.348053
  20
238.496971
  0
SEQEND
  8
11
  0
POLYLINE
  8
11
  66
1
  70
0
  0
VERTEX
  8
11
  10
2120.348053
  20
238.496971
  0
VERTEX
  8
11
  10
1950.166321
  20
238.496971
  0
VERTEX
  8
11
  10
1813.600006
  20
238.496971
  0
VERTEX
  8
11
  10
1593.090210
  20
238.496971
  0
VERTEX
  8
11
  10
1560.890961
  20
238.496971
  0
SEQEND
  8
11
 0
LINE
 8
11
 10
1950.166416
 20
235.996971
 11
1950.166416
 21
240.996971
 0
LINE
 8
11
 10
1813.600006
 20
235.996971
 11
1813.600006
 21
240.996971
 0
LINE
 8
11
 10
1593.090248
 20
235.996971
 11
1593.090248
 21
240.996971
  0
POLYLINE
  8
11
  66
1
  70
0
  0
VERTEX
  8
11
  10
1560.890961
  20
238.496971
  0
VERTEX
  8
11
  10
1560.890961
  20
205.589752
  0
SEQEND
  8
11
  0
POLYLINE
  8
11
  66
1
  70
0
  0
VERTEX
  8
11
  10
1560.890961
  20
205.589752
  0
VERTEX
  8
11
  10
1556.945648
  20
176.496964
  0
SEQEND
  8
11
  0
POLYLINE
  8
11
  66
1
  70
0
  0
VERTEX
  8
11
  10
1556.945648
  20
176.496964
  0
VERTEX
  8
11
  10
1560.890961
  20
147.404194
  0
SEQEND
  8
11
  0
POLYLINE
  8
11
  66
1
  70
0
  0
VERTEX
  8
11
  10
1560.890961
  20
147.404194
  0
VERTEX
  8
11
  10
1560.890961
  20
114.496965
  0
SEQEND
  8
11
  0
POLYLINE
  8
11
  66
1
  70
0
  0
VERTEX
  8
11
  10
1560.890961
  20
114.496965
  0
VERTEX
  8
11
  10
1593.090210
  20
114.496965
  0
VERTEX
  8
11
  10
1629.373474
  20
114.496965
  0
VERTEX
  8
11
  10
1813.600006
  20
114.496965
  0
VERTEX
  8
11
  10
1950.166321
  20
114.496965
  0
VERTEX
  8
11
  10
2120.348053
  20
114.496965
  0
SEQEND
  8
11
 0
LINE
 8
11
 10
1593.090179
 20
116.996965
 11
1593.090179
 21
111.996965
 0
LINE
 8
11
 10
1629.373384
 20
116.996965
 11
1629.373383
 21
111.996965
 0
LINE
 8
11
 10
1813.599949
 20
116.996965
 11
1813.599949
 21
111.996965
 0
LINE
 8
11
 10
1950.166359
 20
116.996965
 11
1950.166359
 21
111.996965
  0
POLYLINE
  8
11
  66
1
  70
0
  0
VERTEX
  8
11
  10
2108.347931
  20
126.496964
  0
VERTEX
  8
11
  10
2108.347931
  20
148.214149
  0
SEQEND
  8
11
  0
POLYLINE
  8
11
  66
1
  70
0
  0
VERTEX
  8
11
  10
2108.347931
  20
148.214149
  0
VERTEX
  8
11
  10
2112.182007
  20
176.496964
  0
SEQEND
  8
11
  0
POLYLINE
  8
11
  66
1
  70
0
  0
VERTEX
  8
11
  10
2112.182007
  20
176.496964
  0
VERTEX
  8
11
  10
2108.347931
  20
204.779797
  0
SEQEND
  8
11
  0
POLYLINE
  8
11
  66
1
  70
0
  0
VERTEX
  8
11
  10
2108.347931
  20
204.779797
  0
VERTEX
  8
11
  10
2108.347931
  20
226.496964
  0
SEQEND
  8
11
  0
POLYLINE
  8
11
  66
1
  70
0
  0
VERTEX
  8
11
  10
2108.347931
  20
226.496964
  0
VERTEX
  8
11
  10
1950.166321
  20
226.496964
  0
VERTEX
  8
11
  10
1813.600006
  20
226.496964
  0
VERTEX
  8
11
  10
1593.090210
  20
226.496964
  0
VERTEX
  8
11
  10
1572.890930
  20
226.496964
  0
SEQEND
  8
11
 0
LINE
 8
11
 10
1950.166292
 20
223.996964
 11
1950.166292
 21
228.996964
 0
LINE
 8
11
 10
1813.599892
 20
223.996964
 11
1813.599892
 21
228.996964
 0
LINE
 8
11
 10
1593.090134
 20
223.996964
 11
1593.090134
 21
228.996964
  0
POLYLINE
  8
11
  66
1
  70
0
  0
VERTEX
  8
11
  10
1572.890930
  20
226.496964
  0
VERTEX
  8
11
  10
1572.890930
  20
204.779797
  0
SEQEND
  8
11
  0
POLYLINE
  8
11
  66
1
  70
0
  0
VERTEX
  8
11
  10
1572.890930
  20
204.779797
  0
VERTEX
  8
11
  10
1569.055023
  20
176.496964
  0
SEQEND
  8
11
  0
POLYLINE
  8
11
  66
1
  70
0
  0
VERTEX
  8
11
  10
1569.055023
  20
176.496964
  0
VERTEX
  8
11
  10
1572.890930
  20
148.214149
  0
SEQEND
  8
11
  0
POLYLINE
  8
11
  66
1
  70
0
  0
VERTEX
  8
11
  10
1572.890930
  20
148.214149
  0
VERTEX
  8
11
  10
1572.890930
  20
126.496964
  0
SEQEND
  8
11
  0
POLYLINE
  8
11
  66
1
  70
0
  0
VERTEX
  8
11
  10
1572.890930
  20
126.496964
  0
VERTEX
  8
11
  10
1593.090210
  20
126.496964
  0
VERTEX
  8
11
  10
1629.373474
  20
126.496964
  0
VERTEX
  8
11
  10
1813.600006
  20
126.496964
  0
VERTEX
  8
11
  10
1950.166321
  20
126.496964
  0
VERTEX
  8
11
  10
2108.347931
  20
126.496964
  0
SEQEND
  8
11
 0
LINE
 8
11
 10
1593.090148
 20
128.996964
 11
1593.090148
 21
123.996964
 0
LINE
 8
11
 10
1629.373350
 20
128.996964
 11
1629.373350
 21
123.996964
 0
LINE
 8
11
 10
1813.599911
 20
128.996964
 11
1813.599911
 21
123.996964
 0
LINE
 8
11
 10
1950.166321
 20
128.996964
 11
1950.166321
 21
123.996964
  0
POLYLINE
  8
11
  66
1
  70
0
  0
VERTEX
  8
11
  10
2112.182007
  20
176.496964
  0
VERTEX
  8
11
  10
1569.055023
  20
176.496964
  0
SEQEND
  8
11
  0
POLYLINE
  8
11
  66
1
  70
0
  0
VERTEX
  8
11
  10
1560.890961
  20
114.496965
  0
VERTEX
  8
11
  10
1593.090210
  20
114.496965
  0
VERTEX
  8
11
  10
1629.373474
  20
114.496965
  0
VERTEX
  8
11
  10
1813.600006
  20
114.496965
  0
VERTEX
  8
11
  10
1950.166321
  20
114.496965
  0
VERTEX
  8
11
  10
2120.348053
  20
114.496965
  0
SEQEND
  8
11
 0
LINE
 8
11
 10
1593.090210
 20
111.996965
 11
1593.090210
 21
116.996965
 0
LINE
 8
11
 10
1629.373474
 20
111.996965
 11
1629.373474
 21
116.996965
 0
LINE
 8
11
 10
1813.600006
 20
111.996965
 11
1813.600006
 21
116.996965
 0
LINE
 8
11
 10
1950.166321
 20
111.996965
 11
1950.166321
 21
116.996965
  0
POLYLINE
  8
11
  66
1
  70
0
  0
VERTEX
  8
11
  10
1560.890961
  20
147.404194
  0
VERTEX
  8
11
  10
1560.890961
  20
114.496965
  0
SEQEND
  8
11
  0
POLYLINE
  8
11
  66
1
  70
0
  0
VERTEX
  8
11
  10
1556.945648
  20
176.496964
  0
VERTEX
  8
11
  10
1560.890961
  20
147.404194
  0
SEQEND
  8
11
  0
POLYLINE
  8
11
  66
1
  70
0
  0
VERTEX
  8
11
  10
1560.890961
  20
205.589752
  0
VERTEX
  8
11
  10
1556.945648
  20
176.496964
  0
SEQEND
  8
11
  0
POLYLINE
  8
11
  66
1
  70
0
  0
VERTEX
  8
11
  10
1560.890961
  20
238.496971
  0
VERTEX
  8
11
  10
1560.890961
  20
205.589752
  0
SEQEND
  8
11
  0
POLYLINE
  8
11
  66
1
  70
0
  0
VERTEX
  8
11
  10
2120.348053
  20
238.496971
  0
VERTEX
  8
11
  10
1950.166321
  20
238.496971
  0
VERTEX
  8
11
  10
1813.600006
  20
238.496971
  0
VERTEX
  8
11
  10
1593.090210
  20
238.496971
  0
VERTEX
  8
11
  10
1560.890961
  20
238.496971
  0
SEQEND
  8
11
 0
LINE
 8
11
 10
1950.166321
 20
240.996971
 11
1950.166321
 21
235.996971
 0
LINE
 8
11
 10
1813.600006
 20
240.996971
 11
1813.600006
 21
235.996971
 0
LINE
 8
11
 10
1593.090210
 20
240.996971
 11
1593.090210
 21
235.996971
  0
POLYLINE
  8
11
  66
1
  70
0
  0
VERTEX
  8
11
  10
2120.348053
  20
205.589752
  0
VERTEX
  8
11
  10
2120.348053
  20
238.496971
  0
SEQEND
  8
11
  0
POLYLINE
  8
11
  66
1
  70
0
  0
VERTEX
  8
11
  10
2124.293365
  20
176.496964
  0
VERTEX
  8
11
  10
2120.348053
  20
205.589752
  0
SEQEND
  8
11
  0
POLYLINE
  8
11
  66
1
  70
0
  0
VERTEX
  8
11
  10
2120.348053
  20
147.404194
  0
VERTEX
  8
11
  10
2124.293365
  20
176.496964
  0
SEQEND
  8
11
  0
POLYLINE
  8
11
  66
1
  70
0
  0
VERTEX
  8
11
  10
2120.348053
  20
114.496965
  0
VERTEX
  8
11
  10
2120.348053
  20
147.404194
  0
SEQEND
  8
11
 0
LINE
 8
11
 10
1838.422241
 20
175.931358
 11
1730.164490
 21
175.931358
 0
LINE
 8
11
 10
1730.164490
 20
175.931358
 11
1749.876185
 21
172.547711
 0
LINE
 8
11
 10
1730.164490
 20
175.931358
 11
1730.164490
 21
175.931358
  0
TEXT
  8
11
 10
1840.619507
 20
146.496968
 40
10.000000
 50
0.000000
  1
Piece Name: 
  0
TEXT
  8
11
 10
1840.619507
 20
161.496968
 40
10.000000
 50
0.000000
  1
Size: L
  0
TEXT
  8
11
 10
1840.619507
 20
176.496968
 40
10.000000
 50
0.000000
  1
Annotation: 面料X2
  0
TEXT
  8
11
 10
1840.619507
 20
191.496968
 40
10.000000
 50
0.000000
  1
Quantity: 1
  0
TEXT
  8
11
 10
1840.619507
 20
206.496968
 40
10.000000
 50
0.000000
  1
Material: 面料
999
AI4M_WRITEBACK_PHASE=00_INDEX
0
TEXT
8
AI4M_00_INDEX
10
0
20
0
30
0
40
2.5
1
0. AI4M_00_INDEX
1001
AI4MANUFACTURING
1000
WRITEBACK_PHASE=00_INDEX
1000
LAYER=AI4M_00_INDEX
0
TEXT
8
AI4M_00_INDEX
10
0
20
-5
30
0
40
2.5
1
1. AI4M_01_ATOM_NET
1001
AI4MANUFACTURING
1000
WRITEBACK_PHASE=00_INDEX
1000
LAYER=AI4M_01_ATOM_NET
0
TEXT
8
AI4M_00_INDEX
10
0
20
-10
30
0
40
2.5
1
2. AI4M_01_ATOM_CUT
1001
AI4MANUFACTURING
1000
WRITEBACK_PHASE=00_INDEX
1000
LAYER=AI4M_01_ATOM_CUT
0
TEXT
8
AI4M_00_INDEX
10
0
20
-15
30
0
40
2.5
1
3. AI4M_01_ATOM_SEAM_ALLOWANCE
1001
AI4MANUFACTURING
1000
WRITEBACK_PHASE=00_INDEX
1000
LAYER=AI4M_01_ATOM_SEAM_ALLOWANCE
0
TEXT
8
AI4M_00_INDEX
10
0
20
-20
30
0
40
2.5
1
4. AI4M_01_ATOM_STITCH
1001
AI4MANUFACTURING
1000
WRITEBACK_PHASE=00_INDEX
1000
LAYER=AI4M_01_ATOM_STITCH
0
TEXT
8
AI4M_00_INDEX
10
0
20
-25
30
0
40
2.5
1
5. AI4M_01_ATOM_INTERNAL
1001
AI4MANUFACTURING
1000
WRITEBACK_PHASE=00_INDEX
1000
LAYER=AI4M_01_ATOM_INTERNAL
0
TEXT
8
AI4M_00_INDEX
10
0
20
-30
30
0
40
2.5
1
6. AI4M_01_ATOM_FOLD
1001
AI4MANUFACTURING
1000
WRITEBACK_PHASE=00_INDEX
1000
LAYER=AI4M_01_ATOM_FOLD
0
TEXT
8
AI4M_00_INDEX
10
0
20
-35
30
0
40
2.5
1
7. AI4M_01_ATOM_DART
1001
AI4MANUFACTURING
1000
WRITEBACK_PHASE=00_INDEX
1000
LAYER=AI4M_01_ATOM_DART
0
TEXT
8
AI4M_00_INDEX
10
0
20
-40
30
0
40
2.5
1
8. AI4M_01_ATOM_GRAIN
1001
AI4MANUFACTURING
1000
WRITEBACK_PHASE=00_INDEX
1000
LAYER=AI4M_01_ATOM_GRAIN
0
TEXT
8
AI4M_00_INDEX
10
0
20
-45
30
0
40
2.5
1
9. AI4M_01_ATOM_NOTCH
1001
AI4MANUFACTURING
1000
WRITEBACK_PHASE=00_INDEX
1000
LAYER=AI4M_01_ATOM_NOTCH
0
TEXT
8
AI4M_00_INDEX
10
0
20
-50
30
0
40
2.5
1
10. AI4M_02_EDGE_CHAIN
1001
AI4MANUFACTURING
1000
WRITEBACK_PHASE=00_INDEX
1000
LAYER=AI4M_02_EDGE_CHAIN
0
TEXT
8
AI4M_00_INDEX
10
0
20
-55
30
0
40
2.5
1
11. AI4M_03_PIECE
1001
AI4MANUFACTURING
1000
WRITEBACK_PHASE=00_INDEX
1000
LAYER=AI4M_03_PIECE
0
TEXT
8
AI4M_00_INDEX
10
0
20
-60
30
0
40
2.5
1
12. AI4M_04_RELATION
1001
AI4MANUFACTURING
1000
WRITEBACK_PHASE=00_INDEX
1000
LAYER=AI4M_04_RELATION
0
TEXT
8
AI4M_00_INDEX
10
0
20
-65
30
0
40
2.5
1
13. AI4M_05_QA
1001
AI4MANUFACTURING
1000
WRITEBACK_PHASE=00_INDEX
1000
LAYER=AI4M_05_QA
999
AI4M_WRITEBACK_PHASE=01_ATOM
999
AI4M_ENTITY=line_0432__seg_01;LINE_ROLE=cut_line;EDGE=unknown;SOURCE_LAYER=11
0
POLYLINE
8
AI4M_01_ATOM_CUT
66
1
70
0
1001
AI4MANUFACTURING
1000
WRITEBACK_PHASE=01_ATOM
1000
ENTITY_ID=line_0432__seg_01
1000
SOURCE_HANDLE=1093
1000
LINE_ROLE=cut_line
1000
EDGE=unknown
1000
CHAIN=chain_ms1ujor2
1000
PIECE_ID=collar_manual_01
1000
SEAM_PAIR=
1000
PAIRED_CHAIN=
1000
NOTCH_CHAIN=
1000
NOTCH_SOURCE=
1000
PIECE_ROLE=collar
1000
SEAM_ALLOWANCE_MM=
1000
SOURCE_LAYER=11
0
VERTEX
8
AI4M_01_ATOM_CUT
10
2591.757507
20
665.450821
30
0
0
VERTEX
8
AI4M_01_ATOM_CUT
10
2576.480182
20
665.290805
30
0
0
VERTEX
8
AI4M_01_ATOM_CUT
10
2561.339608
20
665.047123
30
0
0
VERTEX
8
AI4M_01_ATOM_CUT
10
2546.315204
20
664.584155
30
0
0
VERTEX
8
AI4M_01_ATOM_CUT
10
2531.24059
20
663.920077
30
0
0
VERTEX
8
AI4M_01_ATOM_CUT
10
2516.459325
20
663.017822
30
0
0
VERTEX
8
AI4M_01_ATOM_CUT
10
2501.291825
20
661.867106
30
0
0
VERTEX
8
AI4M_01_ATOM_CUT
10
2491.966971
20
660.950284
30
0
0
VERTEX
8
AI4M_01_ATOM_CUT
10
2476.950811
20
659.248614
30
0
0
VERTEX
8
AI4M_01_ATOM_CUT
10
2467.283259
20
657.947927
30
0
0
VERTEX
8
AI4M_01_ATOM_CUT
10
2456.30526
20
656.21143
30
0
0
VERTEX
8
AI4M_01_ATOM_CUT
10
2446.165588
20
654.3705
30
0
0
VERTEX
8
AI4M_01_ATOM_CUT
10
2436.784684
20
652.4242
30
0
0
VERTEX
8
AI4M_01_ATOM_CUT
10
2427.037866
20
650.136867
30
0
0
VERTEX
8
AI4M_01_ATOM_CUT
10
2415.904343
20
647.254643
30
0
0
VERTEX
8
AI4M_01_ATOM_CUT
10
2405.827339
20
644.400658
30
0
0
VERTEX
8
AI4M_01_ATOM_CUT
10
2391.345782
20
640.011704
30
0
0
VERTEX
8
AI4M_01_ATOM_CUT
10
2379.927521
20
636.644821
30
0
0
SEQEND
8
AI4M_01_ATOM_CUT
0
TEXT
8
AI4M_01_ATOM_CUT
10
2591.757507
20
665.450821
30
0
40
2.5
1
AI4M_line_0432__seg_01_cut_line_unknown
1001
AI4MANUFACTURING
1000
WRITEBACK_PHASE=01_ATOM_LABEL
1000
ENTITY_ID=line_0432__seg_01
999
AI4M_ENTITY=line_0433;LINE_ROLE=cut_line;EDGE=unknown;SOURCE_LAYER=11
0
POLYLINE
8
AI4M_01_ATOM_CUT
66
1
70
0
1001
AI4MANUFACTURING
1000
WRITEBACK_PHASE=01_ATOM
1000
ENTITY_ID=line_0433
1000
SOURCE_HANDLE=10A8
1000
LINE_ROLE=cut_line
1000
EDGE=unknown
1000
CHAIN=chain_ms1ujor2
1000
PIECE_ID=collar_manual_01
1000
SEAM_PAIR=
1000
PAIRED_CHAIN=
1000
NOTCH_CHAIN=
1000
NOTCH_SOURCE=
1000
PIECE_ROLE=collar
1000
SEAM_ALLOWANCE_MM=
1000
SOURCE_LAYER=11
0
VERTEX
8
AI4M_01_ATOM_CUT
10
2591.757218
20
662.950821
30
0
0
VERTEX
8
AI4M_01_ATOM_CUT
10
2591.757797
20
667.950821
30
0
0
SEQEND
8
AI4M_01_ATOM_CUT
0
TEXT
8
AI4M_01_ATOM_CUT
10
2591.757218
20
662.950821
30
0
40
2.5
1
AI4M_line_0433_cut_line_unknown
1001
AI4MANUFACTURING
1000
WRITEBACK_PHASE=01_ATOM_LABEL
1000
ENTITY_ID=line_0433
999
AI4M_ENTITY=line_0434;LINE_ROLE=cut_line;EDGE=unknown;SOURCE_LAYER=11
0
POLYLINE
8
AI4M_01_ATOM_CUT
66
1
70
0
1001
AI4MANUFACTURING
1000
WRITEBACK_PHASE=01_ATOM
1000
ENTITY_ID=line_0434
1000
SOURCE_HANDLE=10A9
1000
LINE_ROLE=cut_line
1000
EDGE=unknown
1000
CHAIN=chain_ms1ujor2
1000
PIECE_ID=collar_manual_01
1000
SEAM_PAIR=
1000
PAIRED_CHAIN=
1000
NOTCH_CHAIN=
1000
NOTCH_SOURCE=
1000
PIECE_ROLE=collar
1000
SEAM_ALLOWANCE_MM=
1000
SOURCE_LAYER=11
0
VERTEX
8
AI4M_01_ATOM_CUT
10
2490.084443
20
658.219466
30
0
0
VERTEX
8
AI4M_01_ATOM_CUT
10
2489.520186
20
663.187525
30
0
0
SEQEND
8
AI4M_01_ATOM_CUT
0
TEXT
8
AI4M_01_ATOM_CUT
10
2490.084443
20
658.219466
30
0
40
2.5
1
AI4M_line_0434_cut_line_unknown
1001
AI4MANUFACTURING
1000
WRITEBACK_PHASE=01_ATOM_LABEL
1000
ENTITY_ID=line_0434
999
AI4M_ENTITY=line_0435;LINE_ROLE=cut_line;EDGE=unknown;SOURCE_LAYER=11
0
POLYLINE
8
AI4M_01_ATOM_CUT
66
1
70
0
1001
AI4MANUFACTURING
1000
WRITEBACK_PHASE=01_ATOM
1000
ENTITY_ID=line_0435
1000
SOURCE_HANDLE=10AA
1000
LINE_ROLE=cut_line
1000
EDGE=unknown
1000
CHAIN=chain_ms1ujor2
1000
PIECE_ID=collar_manual_01
1000
SEAM_PAIR=
1000
PAIRED_CHAIN=
1000
NOTCH_CHAIN=
1000
NOTCH_SOURCE=
1000
PIECE_ROLE=collar
1000
SEAM_ALLOWANCE_MM=
1000
SOURCE_LAYER=11
0
VERTEX
8
AI4M_01_ATOM_CUT
10
2379.927521
20
636.644821
30
0
0
VERTEX
8
AI4M_01_ATOM_CUT
10
2343.095551
20
712.751007
30
0
0
SEQEND
8
AI4M_01_ATOM_CUT
0
TEXT
8
AI4M_01_ATOM_CUT
10
2379.927521
20
636.644821
30
0
40
2.5
1
AI4M_line_0435_cut_line_unknown
1001
AI4MANUFACTURING
1000
WRITEBACK_PHASE=01_ATOM_LABEL
1000
ENTITY_ID=line_0435
999
AI4M_ENTITY=line_0436__seg_01;LINE_ROLE=cut_line;EDGE=unknown;SOURCE_LAYER=11
0
POLYLINE
8
AI4M_01_ATOM_CUT
66
1
70
0
1001
AI4MANUFACTURING
1000
WRITEBACK_PHASE=01_ATOM
1000
ENTITY_ID=line_0436__seg_01
1000
SOURCE_HANDLE=10AF
1000
LINE_ROLE=cut_line
1000
EDGE=unknown
1000
CHAIN=chain_ms1ujor2
1000
PIECE_ID=collar_manual_01
1000
SEAM_PAIR=
1000
PAIRED_CHAIN=
1000
NOTCH_CHAIN=
1000
NOTCH_SOURCE=
1000
PIECE_ROLE=collar
1000
SEAM_ALLOWANCE_MM=
1000
SOURCE_LAYER=11
0
VERTEX
8
AI4M_01_ATOM_CUT
10
2343.095551
20
712.751007
30
0
0
VERTEX
8
AI4M_01_ATOM_CUT
10
2358.127603
20
716.00968
30
0
0
VERTEX
8
AI4M_01_ATOM_CUT
10
2372.933974
20
719.249308
30
0
0
VERTEX
8
AI4M_01_ATOM_CUT
10
2387.793231
20
722.442566
30
0
0
VERTEX
8
AI4M_01_ATOM_CUT
10
2402.54406
20
725.506401
30
0
0
VERTEX
8
AI4M_01_ATOM_CUT
10
2417.453088
20
728.458994
30
0
0
VERTEX
8
AI4M_01_ATOM_CUT
10
2432.344225
20
731.241444
30
0
0
VERTEX
8
AI4M_01_ATOM_CUT
10
2447.212418
20
733.86241
30
0
0
VERTEX
8
AI4M_01_ATOM_CUT
10
2461.347232
20
736.170227
30
0
0
VERTEX
8
AI4M_01_ATOM_CUT
10
2476.23263
20
738.302159
30
0
0
VERTEX
8
AI4M_01_ATOM_CUT
10
2490.885089
20
740.314151
30
0
0
VERTEX
8
AI4M_01_ATOM_CUT
10
2504.240539
20
741.865077
30
0
0
VERTEX
8
AI4M_01_ATOM_CUT
10
2519.442916
20
743.388515
30
0
0
VERTEX
8
AI4M_01_ATOM_CUT
10
2533.230818
20
744.52856
30
0
0
VERTEX
8
AI4M_01_ATOM_CUT
10
2547.792572
20
745.477823
30
0
0
VERTEX
8
AI4M_01_ATOM_CUT
10
2561.805667
20
746.156451
30
0
0
VERTEX
8
AI4M_01_ATOM_CUT
10
2577.010498
20
746.631103
30
0
0
VERTEX
8
AI4M_01_ATOM_CUT
10
2591.841736
20
747.032013
30
0
0
SEQEND
8
AI4M_01_ATOM_CUT
0
TEXT
8
AI4M_01_ATOM_CUT
10
2343.095551
20
712.751007
30
0
40
2.5
1
AI4M_line_0436__seg_01_cut_line_unknown
1001
AI4MANUFACTURING
1000
WRITEBACK_PHASE=01_ATOM_LABEL
1000
ENTITY_ID=line_0436__seg_01
999
AI4M_ENTITY=line_0437;LINE_ROLE=cut_line;EDGE=unknown;SOURCE_LAYER=11
0
POLYLINE
8
AI4M_01_ATOM_CUT
66
1
70
0
1001
AI4MANUFACTURING
1000
WRITEBACK_PHASE=01_ATOM
1000
ENTITY_ID=line_0437
1000
SOURCE_HANDLE=10C4
1000
LINE_ROLE=cut_line
1000
EDGE=unknown
1000
CHAIN=chain_ms1ujor2
1000
PIECE_ID=collar_manual_01
1000
SEAM_PAIR=
1000
PAIRED_CHAIN=
1000
NOTCH_CHAIN=
1000
NOTCH_SOURCE=
1000
PIECE_ROLE=collar
1000
SEAM_ALLOWANCE_MM=
1000
SOURCE_LAYER=11
0
VERTEX
8
AI4M_01_ATOM_CUT
10
2473.857707
20
740.49086
30
0
0
VERTEX
8
AI4M_01_ATOM_CUT
10
2474.554424
20
735.539639
30
0
0
SEQEND
8
AI4M_01_ATOM_CUT
0
TEXT
8
AI4M_01_ATOM_CUT
10
2473.857707
20
740.49086
30
0
40
2.5
1
AI4M_line_0437_cut_line_unknown
1001
AI4MANUFACTURING
1000
WRITEBACK_PHASE=01_ATOM_LABEL
1000
ENTITY_ID=line_0437
999
AI4M_ENTITY=line_0438;LINE_ROLE=cut_line;EDGE=unknown;SOURCE_LAYER=11
0
POLYLINE
8
AI4M_01_ATOM_CUT
66
1
70
0
1001
AI4MANUFACTURING
1000
WRITEBACK_PHASE=01_ATOM
1000
ENTITY_ID=line_0438
1000
SOURCE_HANDLE=10C5
1000
LINE_ROLE=cut_line
1000
EDGE=unknown
1000
CHAIN=chain_ms1ujor2
1000
PIECE_ID=collar_manual_01
1000
SEAM_PAIR=
1000
PAIRED_CHAIN=
1000
NOTCH_CHAIN=
1000
NOTCH_SOURCE=
1000
PIECE_ROLE=collar
1000
SEAM_ALLOWANCE_MM=
1000
SOURCE_LAYER=11
0
VERTEX
8
AI4M_01_ATOM_CUT
10
2589.341256
20
747.031793
30
0
0
VERTEX
8
AI4M_01_ATOM_CUT
10
2594.341256
20
747.032205
30
0
0
SEQEND
8
AI4M_01_ATOM_CUT
0
TEXT
8
AI4M_01_ATOM_CUT
10
2589.341256
20
747.031793
30
0
40
2.5
1
AI4M_line_0438_cut_line_unknown
1001
AI4MANUFACTURING
1000
WRITEBACK_PHASE=01_ATOM_LABEL
1000
ENTITY_ID=line_0438
999
AI4M_ENTITY=line_0439__seg_01;LINE_ROLE=cut_line;EDGE=unknown;SOURCE_LAYER=11
0
POLYLINE
8
AI4M_01_ATOM_CUT
66
1
70
0
1001
AI4MANUFACTURING
1000
WRITEBACK_PHASE=01_ATOM
1000
ENTITY_ID=line_0439__seg_01
1000
SOURCE_HANDLE=10C6
1000
LINE_ROLE=cut_line
1000
EDGE=unknown
1000
CHAIN=chain_ms1ujor2
1000
PIECE_ID=collar_manual_01
1000
SEAM_PAIR=
1000
PAIRED_CHAIN=
1000
NOTCH_CHAIN=
1000
NOTCH_SOURCE=
1000
PIECE_ROLE=collar
1000
SEAM_ALLOWANCE_MM=
1000
SOURCE_LAYER=11
0
VERTEX
8
AI4M_01_ATOM_CUT
10
2591.841736
20
747.032013
30
0
0
VERTEX
8
AI4M_01_ATOM_CUT
10
2607.295251
20
746.608755
30
0
0
VERTEX
8
AI4M_01_ATOM_CUT
10
2622.354887
20
746.131007
30
0
0
VERTEX
8
AI4M_01_ATOM_CUT
10
2636.237444
20
745.448543
30
0
0
VERTEX
8
AI4M_01_ATOM_CUT
10
2650.976
20
744.47721
30
0
0
VERTEX
8
AI4M_01_ATOM_CUT
10
2664.706525
20
743.330148
30
0
0
VERTEX
8
AI4M_01_ATOM_CUT
10
2679.659089
20
741.823533
30
0
0
VERTEX
8
AI4M_01_ATOM_CUT
10
2693.194032
20
740.242902
30
0
0
VERTEX
8
AI4M_01_ATOM_CUT
10
2706.983067
20
738.344645
30
0
0
VERTEX
8
AI4M_01_ATOM_CUT
10
2722.034945
20
736.188617
30
0
0
VERTEX
8
AI4M_01_ATOM_CUT
10
2736.290569
20
733.860375
30
0
0
VERTEX
8
AI4M_01_ATOM_CUT
10
2751.264794
20
731.252334
30
0
0
VERTEX
8
AI4M_01_ATOM_CUT
10
2763.982725
20
728.844855
30
0
0
VERTEX
8
AI4M_01_ATOM_CUT
10
2778.773728
20
725.918403
30
0
0
VERTEX
8
AI4M_01_ATOM_CUT
10
2793.694393
20
722.88345
30
0
0
VERTEX
8
AI4M_01_ATOM_CUT
10
2808.61719
20
719.683953
30
0
0
VERTEX
8
AI4M_01_ATOM_CUT
10
2823.329793
20
716.459851
30
0
0
VERTEX
8
AI4M_01_ATOM_CUT
10
2838.034259
20
713.264736
30
0
0
VERTEX
8
AI4M_01_ATOM_CUT
10
2840.419617
20
712.751007
30
0
0
SEQEND
8
AI4M_01_ATOM_CUT
0
TEXT
8
AI4M_01_ATOM_CUT
10
2591.841736
20
747.032013
30
0
40
2.5
1
AI4M_line_0439__seg_01_cut_line_unknown
1001
AI4MANUFACTURING
1000
WRITEBACK_PHASE=01_ATOM_LABEL
1000
ENTITY_ID=line_0439__seg_01
999
AI4M_ENTITY=line_0440;LINE_ROLE=cut_line;EDGE=unknown;SOURCE_LAYER=11
0
POLYLINE
8
AI4M_01_ATOM_CUT
66
1
70
0
1001
AI4MANUFACTURING
1000
WRITEBACK_PHASE=01_ATOM
1000
ENTITY_ID=line_0440
1000
SOURCE_HANDLE=10DC
1000
LINE_ROLE=cut_line
1000
EDGE=unknown
1000
CHAIN=chain_ms1ujor2
1000
PIECE_ID=collar_manual_01
1000
SEAM_PAIR=
1000
PAIRED_CHAIN=
1000
NOTCH_CHAIN=
1000
NOTCH_SOURCE=
1000
PIECE_ROLE=collar
1000
SEAM_ALLOWANCE_MM=
1000
SOURCE_LAYER=11
0
VERTEX
8
AI4M_01_ATOM_CUT
10
2709.656334
20
740.49103
30
0
0
VERTEX
8
AI4M_01_ATOM_CUT
10
2708.959603
20
735.539811
30
0
0
SEQEND
8
AI4M_01_ATOM_CUT
0
TEXT
8
AI4M_01_ATOM_CUT
10
2709.656334
20
740.49103
30
0
40
2.5
1
AI4M_line_0440_cut_line_unknown
1001
AI4MANUFACTURING
1000
WRITEBACK_PHASE=01_ATOM_LABEL
1000
ENTITY_ID=line_0440
999
AI4M_ENTITY=line_0441;LINE_ROLE=cut_line;EDGE=unknown;SOURCE_LAYER=11
0
POLYLINE
8
AI4M_01_ATOM_CUT
66
1
70
0
1001
AI4MANUFACTURING
1000
WRITEBACK_PHASE=01_ATOM
1000
ENTITY_ID=line_0441
1000
SOURCE_HANDLE=10DD
1000
LINE_ROLE=cut_line
1000
EDGE=unknown
1000
CHAIN=chain_ms1ujor2
1000
PIECE_ID=collar_manual_01
1000
SEAM_PAIR=
1000
PAIRED_CHAIN=
1000
NOTCH_CHAIN=
1000
NOTCH_SOURCE=
1000
PIECE_ROLE=collar
1000
SEAM_ALLOWANCE_MM=
1000
SOURCE_LAYER=11
0
VERTEX
8
AI4M_01_ATOM_CUT
10
2765.627462
20
731.066166
30
0
0
VERTEX
8
AI4M_01_ATOM_CUT
10
2764.652004
20
726.162241
30
0
0
SEQEND
8
AI4M_01_ATOM_CUT
0
TEXT
8
AI4M_01_ATOM_CUT
10
2765.627462
20
731.066166
30
0
40
2.5
1
AI4M_line_0441_cut_line_unknown
1001
AI4MANUFACTURING
1000
WRITEBACK_PHASE=01_ATOM_LABEL
1000
ENTITY_ID=line_0441
999
AI4M_ENTITY=line_0442;LINE_ROLE=cut_line;EDGE=unknown;SOURCE_LAYER=11
0
POLYLINE
8
AI4M_01_ATOM_CUT
66
1
70
0
1001
AI4MANUFACTURING
1000
WRITEBACK_PHASE=01_ATOM
1000
ENTITY_ID=line_0442
1000
SOURCE_HANDLE=10DE
1000
LINE_ROLE=cut_line
1000
EDGE=unknown
1000
CHAIN=chain_ms1ujor2
1000
PIECE_ID=collar_manual_01
1000
SEAM_PAIR=
1000
PAIRED_CHAIN=
1000
NOTCH_CHAIN=
1000
NOTCH_SOURCE=
1000
PIECE_ROLE=collar
1000
SEAM_ALLOWANCE_MM=
1000
SOURCE_LAYER=11
0
VERTEX
8
AI4M_01_ATOM_CUT
10
2840.419617
20
712.751007
30
0
0
VERTEX
8
AI4M_01_ATOM_CUT
10
2803.587646
20
636.644821
30
0
0
SEQEND
8
AI4M_01_ATOM_CUT
0
TEXT
8
AI4M_01_ATOM_CUT
10
2840.419617
20
712.751007
30
0
40
2.5
1
AI4M_line_0442_cut_line_unknown
1001
AI4MANUFACTURING
1000
WRITEBACK_PHASE=01_ATOM_LABEL
1000
ENTITY_ID=line_0442
999
AI4M_ENTITY=line_0443__seg_01;LINE_ROLE=cut_line;EDGE=unknown;SOURCE_LAYER=11
0
POLYLINE
8
AI4M_01_ATOM_CUT
66
1
70
0
1001
AI4MANUFACTURING
1000
WRITEBACK_PHASE=01_ATOM
1000
ENTITY_ID=line_0443__seg_01
1000
SOURCE_HANDLE=10E3
1000
LINE_ROLE=cut_line
1000
EDGE=unknown
1000
CHAIN=chain_ms1ujor2
1000
PIECE_ID=collar_manual_01
1000
SEAM_PAIR=
1000
PAIRED_CHAIN=
1000
NOTCH_CHAIN=
1000
NOTCH_SOURCE=
1000
PIECE_ROLE=collar
1000
SEAM_ALLOWANCE_MM=
1000
SOURCE_LAYER=11
0
VERTEX
8
AI4M_01_ATOM_CUT
10
2803.587646
20
636.644821
30
0
0
VERTEX
8
AI4M_01_ATOM_CUT
10
2788.960206
20
640.983996
30
0
0
VERTEX
8
AI4M_01_ATOM_CUT
10
2774.469068
20
645.340582
30
0
0
VERTEX
8
AI4M_01_ATOM_CUT
10
2764.076486
20
648.197801
30
0
0
VERTEX
8
AI4M_01_ATOM_CUT
10
2753.222146
20
650.928742
30
0
0
VERTEX
8
AI4M_01_ATOM_CUT
10
2743.874585
20
653.04327
30
0
0
VERTEX
8
AI4M_01_ATOM_CUT
10
2734.290485
20
654.952961
30
0
0
VERTEX
8
AI4M_01_ATOM_CUT
10
2723.908013
20
656.759495
30
0
0
VERTEX
8
AI4M_01_ATOM_CUT
10
2713.007483
20
658.40855
30
0
0
VERTEX
8
AI4M_01_ATOM_CUT
10
2703.40718
20
659.620459
30
0
0
VERTEX
8
AI4M_01_ATOM_CUT
10
2688.452252
20
661.283095
30
0
0
VERTEX
8
AI4M_01_ATOM_CUT
10
2678.193908
20
662.199055
30
0
0
VERTEX
8
AI4M_01_ATOM_CUT
10
2663.113264
20
663.281805
30
0
0
VERTEX
8
AI4M_01_ATOM_CUT
10
2648.885156
20
664.090429
30
0
0
VERTEX
8
AI4M_01_ATOM_CUT
10
2633.808138
20
664.704525
30
0
0
VERTEX
8
AI4M_01_ATOM_CUT
10
2618.764672
20
665.123605
30
0
0
VERTEX
8
AI4M_01_ATOM_CUT
10
2603.709862
20
665.325297
30
0
0
VERTEX
8
AI4M_01_ATOM_CUT
10
2591.757507
20
665.450821
30
0
0
SEQEND
8
AI4M_01_ATOM_CUT
0
TEXT
8
AI4M_01_ATOM_CUT
10
2803.587646
20
636.644821
30
0
40
2.5
1
AI4M_line_0443__seg_01_cut_line_unknown
1001
AI4MANUFACTURING
1000
WRITEBACK_PHASE=01_ATOM_LABEL
1000
ENTITY_ID=line_0443__seg_01
999
AI4M_ENTITY=line_0444;LINE_ROLE=cut_line;EDGE=unknown;SOURCE_LAYER=11
0
POLYLINE
8
AI4M_01_ATOM_CUT
66
1
70
0
1001
AI4MANUFACTURING
1000
WRITEBACK_PHASE=01_ATOM
1000
ENTITY_ID=line_0444
1000
SOURCE_HANDLE=10F8
1000
LINE_ROLE=cut_line
1000
EDGE=unknown
1000
CHAIN=chain_ms1ujor2
1000
PIECE_ID=collar_manual_01
1000
SEAM_PAIR=
1000
PAIRED_CHAIN=
1000
NOTCH_CHAIN=
1000
NOTCH_SOURCE=
1000
PIECE_ROLE=collar
1000
SEAM_ALLOWANCE_MM=
1000
SOURCE_LAYER=11
0
VERTEX
8
AI4M_01_ATOM_CUT
10
2693.430025
20
658.219557
30
0
0
VERTEX
8
AI4M_01_ATOM_CUT
10
2693.994283
20
663.187616
30
0
0
SEQEND
8
AI4M_01_ATOM_CUT
0
TEXT
8
AI4M_01_ATOM_CUT
10
2693.430025
20
658.219557
30
0
40
2.5
1
AI4M_line_0444_cut_line_unknown
1001
AI4MANUFACTURING
1000
WRITEBACK_PHASE=01_ATOM_LABEL
1000
ENTITY_ID=line_0444
999
AI4M_ENTITY=line_0445__seg_01;LINE_ROLE=collar_attach_line;EDGE=collar_attach_line;SOURCE_LAYER=11
0
POLYLINE
8
AI4M_01_ATOM_INTERNAL
66
1
70
0
1001
AI4MANUFACTURING
1000
WRITEBACK_PHASE=01_ATOM
1000
ENTITY_ID=line_0445__seg_01
1000
SOURCE_HANDLE=10F9
1000
LINE_ROLE=collar_attach_line
1000
EDGE=collar_attach_line
1000
CHAIN=chain_ms1ujor2
1000
PIECE_ID=collar_manual_01
1000
SEAM_PAIR=
1000
PAIRED_CHAIN=
1000
NOTCH_CHAIN=
1000
NOTCH_SOURCE=
1000
PIECE_ROLE=collar
1000
SEAM_ALLOWANCE_MM=
1000
SOURCE_LAYER=11
0
VERTEX
8
AI4M_01_ATOM_INTERNAL
10
2591.757507
20
677.451477
30
0
0
VERTEX
8
AI4M_01_ATOM_INTERNAL
10
2576.615988
20
677.305903
30
0
0
VERTEX
8
AI4M_01_ATOM_INTERNAL
10
2561.581727
20
677.042092
30
0
0
VERTEX
8
AI4M_01_ATOM_INTERNAL
10
2546.50574
20
676.600614
30
0
0
VERTEX
8
AI4M_01_ATOM_INTERNAL
10
2531.503573
20
675.948783
30
0
0
VERTEX
8
AI4M_01_ATOM_INTERNAL
10
2516.799336
20
675.078134
30
0
0
VERTEX
8
AI4M_01_ATOM_INTERNAL
10
2502.813317
20
674.014156
30
0
0
VERTEX
8
AI4M_01_ATOM_INTERNAL
10
2489.532195
20
672.769077
30
0
0
VERTEX
8
AI4M_01_ATOM_INTERNAL
10
2477.322999
20
671.391106
30
0
0
VERTEX
8
AI4M_01_ATOM_INTERNAL
10
2465.925965
20
669.868595
30
0
0
VERTEX
8
AI4M_01_ATOM_INTERNAL
10
2455.226919
20
668.201658
30
0
0
VERTEX
8
AI4M_01_ATOM_INTERNAL
10
2445.051236
20
666.376382
30
0
0
VERTEX
8
AI4M_01_ATOM_INTERNAL
10
2435.405572
20
664.405968
30
0
0
VERTEX
8
AI4M_01_ATOM_INTERNAL
10
2425.91109
20
662.218039
30
0
0
VERTEX
8
AI4M_01_ATOM_INTERNAL
10
2415.319814
20
659.514597
30
0
0
VERTEX
8
AI4M_01_ATOM_INTERNAL
10
2403.782902
20
656.310238
30
0
0
VERTEX
8
AI4M_01_ATOM_INTERNAL
10
2391.969408
20
652.778768
30
0
0
VERTEX
8
AI4M_01_ATOM_INTERNAL
10
2386.318207
20
650.98732
30
0
0
SEQEND
8
AI4M_01_ATOM_INTERNAL
0
TEXT
8
AI4M_01_ATOM_INTERNAL
10
2591.757507
20
677.451477
30
0
40
2.5
1
AI4M_line_0445__seg_01_collar_attach_line_collar_attach_line
1001
AI4MANUFACTURING
1000
WRITEBACK_PHASE=01_ATOM_LABEL
1000
ENTITY_ID=line_0445__seg_01
999
AI4M_ENTITY=line_0446;LINE_ROLE=cut_line;EDGE=unknown;SOURCE_LAYER=11
0
POLYLINE
8
AI4M_01_ATOM_CUT
66
1
70
0
1001
AI4MANUFACTURING
1000
WRITEBACK_PHASE=01_ATOM
1000
ENTITY_ID=line_0446
1000
SOURCE_HANDLE=110E
1000
LINE_ROLE=cut_line
1000
EDGE=unknown
1000
CHAIN=chain_ms1ujor2
1000
PIECE_ID=collar_manual_01
1000
SEAM_PAIR=
1000
PAIRED_CHAIN=
1000
NOTCH_CHAIN=
1000
NOTCH_SOURCE=
1000
PIECE_ROLE=collar
1000
SEAM_ALLOWANCE_MM=
1000
SOURCE_LAYER=11
0
VERTEX
8
AI4M_01_ATOM_CUT
10
2591.763157
20
674.951483
30
0
0
VERTEX
8
AI4M_01_ATOM_CUT
10
2591.751858
20
679.951471
30
0
0
SEQEND
8
AI4M_01_ATOM_CUT
0
TEXT
8
AI4M_01_ATOM_CUT
10
2591.763157
20
674.951483
30
0
40
2.5
1
AI4M_line_0446_cut_line_unknown
1001
AI4MANUFACTURING
1000
WRITEBACK_PHASE=01_ATOM_LABEL
1000
ENTITY_ID=line_0446
999
AI4M_ENTITY=line_0447;LINE_ROLE=cut_line;EDGE=unknown;SOURCE_LAYER=11
0
POLYLINE
8
AI4M_01_ATOM_CUT
66
1
70
0
1001
AI4MANUFACTURING
1000
WRITEBACK_PHASE=01_ATOM
1000
ENTITY_ID=line_0447
1000
SOURCE_HANDLE=110F
1000
LINE_ROLE=cut_line
1000
EDGE=unknown
1000
CHAIN=chain_ms1ujor2
1000
PIECE_ID=collar_manual_01
1000
SEAM_PAIR=
1000
PAIRED_CHAIN=
1000
NOTCH_CHAIN=
1000
NOTCH_SOURCE=
1000
PIECE_ROLE=collar
1000
SEAM_ALLOWANCE_MM=
1000
SOURCE_LAYER=11
0
VERTEX
8
AI4M_01_ATOM_CUT
10
2488.706596
20
670.16973
30
0
0
VERTEX
8
AI4M_01_ATOM_CUT
10
2488.185684
20
675.142521
30
0
0
SEQEND
8
AI4M_01_ATOM_CUT
0
TEXT
8
AI4M_01_ATOM_CUT
10
2488.706596
20
670.16973
30
0
40
2.5
1
AI4M_line_0447_cut_line_unknown
1001
AI4MANUFACTURING
1000
WRITEBACK_PHASE=01_ATOM_LABEL
1000
ENTITY_ID=line_0447
999
AI4M_ENTITY=line_0448;LINE_ROLE=pattern_boundary;EDGE=pattern_boundary;SOURCE_LAYER=11
0
POLYLINE
8
AI4M_01_ATOM_NET
66
1
70
0
1001
AI4MANUFACTURING
1000
WRITEBACK_PHASE=01_ATOM
1000
ENTITY_ID=line_0448
1000
SOURCE_HANDLE=1110
1000
LINE_ROLE=pattern_boundary
1000
EDGE=pattern_boundary
1000
CHAIN=chain_ms1ujor2
1000
PIECE_ID=collar_manual_01
1000
SEAM_PAIR=
1000
PAIRED_CHAIN=
1000
NOTCH_CHAIN=
1000
NOTCH_SOURCE=
1000
PIECE_ROLE=collar
1000
SEAM_ALLOWANCE_MM=
1000
SOURCE_LAYER=11
0
VERTEX
8
AI4M_01_ATOM_NET
10
2386.318207
20
650.98732
30
0
0
VERTEX
8
AI4M_01_ATOM_NET
10
2360.546722
20
704.239502
30
0
0
SEQEND
8
AI4M_01_ATOM_NET
0
TEXT
8
AI4M_01_ATOM_NET
10
2386.318207
20
650.98732
30
0
40
2.5
1
AI4M_line_0448_pattern_boundary_pattern_boundary
1001
AI4MANUFACTURING
1000
WRITEBACK_PHASE=01_ATOM_LABEL
1000
ENTITY_ID=line_0448
999
AI4M_ENTITY=line_0449__seg_01;LINE_ROLE=pattern_boundary;EDGE=pattern_boundary;SOURCE_LAYER=11
0
POLYLINE
8
AI4M_01_ATOM_NET
66
1
70
0
1001
AI4MANUFACTURING
1000
WRITEBACK_PHASE=01_ATOM
1000
ENTITY_ID=line_0449__seg_01
1000
SOURCE_HANDLE=1115
1000
LINE_ROLE=pattern_boundary
1000
EDGE=pattern_boundary
1000
CHAIN=chain_ms1ujor2
1000
PIECE_ID=collar_manual_01
1000
SEAM_PAIR=
1000
PAIRED_CHAIN=
1000
NOTCH_CHAIN=
1000
NOTCH_SOURCE=
1000
PIECE_ROLE=collar
1000
SEAM_ALLOWANCE_MM=
1000
SOURCE_LAYER=11
0
VERTEX
8
AI4M_01_ATOM_NET
10
2360.546722
20
704.239502
30
0
0
VERTEX
8
AI4M_01_ATOM_NET
10
2375.464346
20
707.523458
30
0
0
VERTEX
8
AI4M_01_ATOM_NET
10
2390.247616
20
710.699537
30
0
0
VERTEX
8
AI4M_01_ATOM_NET
10
2405.002735
20
713.758365
30
0
0
VERTEX
8
AI4M_01_ATOM_NET
10
2419.727217
20
716.674767
30
0
0
VERTEX
8
AI4M_01_ATOM_NET
10
2434.57772
20
719.457777
30
0
0
VERTEX
8
AI4M_01_ATOM_NET
10
2449.403977
20
722.056467
30
0
0
VERTEX
8
AI4M_01_ATOM_NET
10
2464.331359
20
724.471272
30
0
0
VERTEX
8
AI4M_01_ATOM_NET
10
2479.303581
20
726.669444
30
0
0
VERTEX
8
AI4M_01_ATOM_NET
10
2494.260251
20
728.625449
30
0
0
VERTEX
8
AI4M_01_ATOM_NET
10
2508.799895
20
730.284316
30
0
0
VERTEX
8
AI4M_01_ATOM_NET
10
2522.9401
20
731.65573
30
0
0
VERTEX
8
AI4M_01_ATOM_NET
10
2536.677646
20
732.748811
30
0
0
VERTEX
8
AI4M_01_ATOM_NET
10
2550.385184
20
733.595924
30
0
0
VERTEX
8
AI4M_01_ATOM_NET
10
2565.447041
20
734.287092
30
0
0
VERTEX
8
AI4M_01_ATOM_NET
10
2580.500347
20
734.781877
30
0
0
VERTEX
8
AI4M_01_ATOM_NET
10
2591.757507
20
735.027161
30
0
0
SEQEND
8
AI4M_01_ATOM_NET
0
TEXT
8
AI4M_01_ATOM_NET
10
2360.546722
20
704.239502
30
0
40
2.5
1
AI4M_line_0449__seg_01_pattern_boundary_pattern_boundary
1001
AI4MANUFACTURING
1000
WRITEBACK_PHASE=01_ATOM_LABEL
1000
ENTITY_ID=line_0449__seg_01
999
AI4M_ENTITY=line_0450;LINE_ROLE=cut_line;EDGE=unknown;SOURCE_LAYER=11
0
POLYLINE
8
AI4M_01_ATOM_CUT
66
1
70
0
1001
AI4MANUFACTURING
1000
WRITEBACK_PHASE=01_ATOM
1000
ENTITY_ID=line_0450
1000
SOURCE_HANDLE=1129
1000
LINE_ROLE=cut_line
1000
EDGE=unknown
1000
CHAIN=chain_ms1ujor2
1000
PIECE_ID=collar_manual_01
1000
SEAM_PAIR=
1000
PAIRED_CHAIN=
1000
NOTCH_CHAIN=
1000
NOTCH_SOURCE=
1000
PIECE_ROLE=collar
1000
SEAM_ALLOWANCE_MM=
1000
SOURCE_LAYER=11
0
VERTEX
8
AI4M_01_ATOM_CUT
10
2475.516938
20
728.661081
30
0
0
VERTEX
8
AI4M_01_ATOM_CUT
10
2476.223197
20
723.711213
30
0
0
SEQEND
8
AI4M_01_ATOM_CUT
0
TEXT
8
AI4M_01_ATOM_CUT
10
2475.516938
20
728.661081
30
0
40
2.5
1
AI4M_line_0450_cut_line_unknown
1001
AI4MANUFACTURING
1000
WRITEBACK_PHASE=01_ATOM_LABEL
1000
ENTITY_ID=line_0450
999
AI4M_ENTITY=line_0451;LINE_ROLE=cut_line;EDGE=unknown;SOURCE_LAYER=11
0
POLYLINE
8
AI4M_01_ATOM_CUT
66
1
70
0
1001
AI4MANUFACTURING
1000
WRITEBACK_PHASE=01_ATOM
1000
ENTITY_ID=line_0451
1000
SOURCE_HANDLE=112A
1000
LINE_ROLE=cut_line
1000
EDGE=unknown
1000
CHAIN=chain_ms1ujor2
1000
PIECE_ID=collar_manual_01
1000
SEAM_PAIR=
1000
PAIRED_CHAIN=
1000
NOTCH_CHAIN=
1000
NOTCH_SOURCE=
1000
PIECE_ROLE=collar
1000
SEAM_ALLOWANCE_MM=
1000
SOURCE_LAYER=11
0
VERTEX
8
AI4M_01_ATOM_CUT
10
2589.257673
20
735.014989
30
0
0
VERTEX
8
AI4M_01_ATOM_CUT
10
2594.257613
20
735.039339
30
0
0
SEQEND
8
AI4M_01_ATOM_CUT
0
TEXT
8
AI4M_01_ATOM_CUT
10
2589.257673
20
735.014989
30
0
40
2.5
1
AI4M_line_0451_cut_line_unknown
1001
AI4MANUFACTURING
1000
WRITEBACK_PHASE=01_ATOM_LABEL
1000
ENTITY_ID=line_0451
999
AI4M_ENTITY=line_0452__seg_01;LINE_ROLE=pattern_boundary;EDGE=pattern_boundary;SOURCE_LAYER=11
0
POLYLINE
8
AI4M_01_ATOM_NET
66
1
70
0
1001
AI4MANUFACTURING
1000
WRITEBACK_PHASE=01_ATOM
1000
ENTITY_ID=line_0452__seg_01
1000
SOURCE_HANDLE=112B
1000
LINE_ROLE=pattern_boundary
1000
EDGE=pattern_boundary
1000
CHAIN=chain_ms1ujor2
1000
PIECE_ID=collar_manual_01
1000
SEAM_PAIR=
1000
PAIRED_CHAIN=
1000
NOTCH_CHAIN=
1000
NOTCH_SOURCE=
1000
PIECE_ROLE=collar
1000
SEAM_ALLOWANCE_MM=
1000
SOURCE_LAYER=11
0
VERTEX
8
AI4M_01_ATOM_NET
10
2591.757507
20
735.027161
30
0
0
VERTEX
8
AI4M_01_ATOM_NET
10
2607.212816
20
734.647412
30
0
0
VERTEX
8
AI4M_01_ATOM_NET
10
2622.501887
20
734.108905
30
0
0
VERTEX
8
AI4M_01_ATOM_NET
10
2637.275095
20
733.365818
30
0
0
VERTEX
8
AI4M_01_ATOM_NET
10
2651.415161
20
732.410282
30
0
0
VERTEX
8
AI4M_01_ATOM_NET
10
2665.239097
20
731.230977
30
0
0
VERTEX
8
AI4M_01_ATOM_NET
10
2679.44437
20
729.771693
30
0
0
VERTEX
8
AI4M_01_ATOM_NET
10
2694.131601
20
728.01496
30
0
0
VERTEX
8
AI4M_01_ATOM_NET
10
2709.138255
20
725.972072
30
0
0
VERTEX
8
AI4M_01_ATOM_NET
10
2724.248656
20
723.676071
30
0
0
VERTEX
8
AI4M_01_ATOM_NET
10
2739.238271
20
721.179579
30
0
0
VERTEX
8
AI4M_01_ATOM_NET
10
2754.094219
20
718.510811
30
0
0
VERTEX
8
AI4M_01_ATOM_NET
10
2769.02309
20
715.654936
30
0
0
VERTEX
8
AI4M_01_ATOM_NET
10
2783.819267
20
712.673018
30
0
0
VERTEX
8
AI4M_01_ATOM_NET
10
2798.712783
20
709.542287
30
0
0
VERTEX
8
AI4M_01_ATOM_NET
10
2813.462979
20
706.340891
30
0
0
VERTEX
8
AI4M_01_ATOM_NET
10
2822.968445
20
704.239502
30
0
0
SEQEND
8
AI4M_01_ATOM_NET
0
TEXT
8
AI4M_01_ATOM_NET
10
2591.757507
20
735.027161
30
0
40
2.5
1
AI4M_line_0452__seg_01_pattern_boundary_pattern_boundary
1001
AI4MANUFACTURING
1000
WRITEBACK_PHASE=01_ATOM_LABEL
1000
ENTITY_ID=line_0452__seg_01
999
AI4M_ENTITY=line_0453;LINE_ROLE=cut_line;EDGE=unknown;SOURCE_LAYER=11
0
POLYLINE
8
AI4M_01_ATOM_CUT
66
1
70
0
1001
AI4MANUFACTURING
1000
WRITEBACK_PHASE=01_ATOM
1000
ENTITY_ID=line_0453
1000
SOURCE_HANDLE=113F
1000
LINE_ROLE=cut_line
1000
EDGE=unknown
1000
CHAIN=chain_ms1ujor2
1000
PIECE_ID=collar_manual_01
1000
SEAM_PAIR=
1000
PAIRED_CHAIN=
1000
NOTCH_CHAIN=
1000
NOTCH_SOURCE=
1000
PIECE_ROLE=collar
1000
SEAM_ALLOWANCE_MM=
1000
SOURCE_LAYER=11
0
VERTEX
8
AI4M_01_ATOM_CUT
10
2707.998062
20
728.661147
30
0
0
VERTEX
8
AI4M_01_ATOM_CUT
10
2707.291821
20
723.711275
30
0
0
SEQEND
8
AI4M_01_ATOM_CUT
0
TEXT
8
AI4M_01_ATOM_CUT
10
2707.998062
20
728.661147
30
0
40
2.5
1
AI4M_line_0453_cut_line_unknown
1001
AI4MANUFACTURING
1000
WRITEBACK_PHASE=01_ATOM_LABEL
1000
ENTITY_ID=line_0453
999
AI4M_ENTITY=line_0454;LINE_ROLE=cut_line;EDGE=unknown;SOURCE_LAYER=11
0
POLYLINE
8
AI4M_01_ATOM_CUT
66
1
70
0
1001
AI4MANUFACTURING
1000
WRITEBACK_PHASE=01_ATOM
1000
ENTITY_ID=line_0454
1000
SOURCE_HANDLE=1140
1000
LINE_ROLE=cut_line
1000
EDGE=unknown
1000
CHAIN=chain_ms1ujor2
1000
PIECE_ID=collar_manual_01
1000
SEAM_PAIR=
1000
PAIRED_CHAIN=
1000
NOTCH_CHAIN=
1000
NOTCH_SOURCE=
1000
PIECE_ROLE=collar
1000
SEAM_ALLOWANCE_MM=
1000
SOURCE_LAYER=11
0
VERTEX
8
AI4M_01_ATOM_CUT
10
2763.27344
20
719.320053
30
0
0
VERTEX
8
AI4M_01_ATOM_CUT
10
2762.329659
20
714.409933
30
0
0
SEQEND
8
AI4M_01_ATOM_CUT
0
TEXT
8
AI4M_01_ATOM_CUT
10
2763.27344
20
719.320053
30
0
40
2.5
1
AI4M_line_0454_cut_line_unknown
1001
AI4MANUFACTURING
1000
WRITEBACK_PHASE=01_ATOM_LABEL
1000
ENTITY_ID=line_0454
999
AI4M_ENTITY=line_0455;LINE_ROLE=pattern_boundary;EDGE=pattern_boundary;SOURCE_LAYER=11
0
POLYLINE
8
AI4M_01_ATOM_NET
66
1
70
0
1001
AI4MANUFACTURING
1000
WRITEBACK_PHASE=01_ATOM
1000
ENTITY_ID=line_0455
1000
SOURCE_HANDLE=1141
1000
LINE_ROLE=pattern_boundary
1000
EDGE=pattern_boundary
1000
CHAIN=chain_ms1ujor2
1000
PIECE_ID=collar_manual_01
1000
SEAM_PAIR=
1000
PAIRED_CHAIN=
1000
NOTCH_CHAIN=
1000
NOTCH_SOURCE=
1000
PIECE_ROLE=collar
1000
SEAM_ALLOWANCE_MM=
1000
SOURCE_LAYER=11
0
VERTEX
8
AI4M_01_ATOM_NET
10
2822.968445
20
704.239502
30
0
0
VERTEX
8
AI4M_01_ATOM_NET
10
2797.19696
20
650.98732
30
0
0
SEQEND
8
AI4M_01_ATOM_NET
0
TEXT
8
AI4M_01_ATOM_NET
10
2822.968445
20
704.239502
30
0
40
2.5
1
AI4M_line_0455_pattern_boundary_pattern_boundary
1001
AI4MANUFACTURING
1000
WRITEBACK_PHASE=01_ATOM_LABEL
1000
ENTITY_ID=line_0455
999
AI4M_ENTITY=line_0456__seg_01;LINE_ROLE=collar_attach_line;EDGE=collar_attach_line;SOURCE_LAYER=11
0
POLYLINE
8
AI4M_01_ATOM_INTERNAL
66
1
70
0
1001
AI4MANUFACTURING
1000
WRITEBACK_PHASE=01_ATOM
1000
ENTITY_ID=line_0456__seg_01
1000
SOURCE_HANDLE=1146
1000
LINE_ROLE=collar_attach_line
1000
EDGE=collar_attach_line
1000
CHAIN=chain_ms1ujor2
1000
PIECE_ID=collar_manual_01
1000
SEAM_PAIR=
1000
PAIRED_CHAIN=
1000
NOTCH_CHAIN=
1000
NOTCH_SOURCE=
1000
PIECE_ROLE=collar
1000
SEAM_ALLOWANCE_MM=
1000
SOURCE_LAYER=11
0
VERTEX
8
AI4M_01_ATOM_INTERNAL
10
2797.19696
20
650.98732
30
0
0
VERTEX
8
AI4M_01_ATOM_INTERNAL
10
2782.461731
20
655.508802
30
0
0
VERTEX
8
AI4M_01_ATOM_INTERNAL
10
2771.548934
20
658.614738
30
0
0
VERTEX
8
AI4M_01_ATOM_INTERNAL
10
2760.50285
20
661.502568
30
0
0
VERTEX
8
AI4M_01_ATOM_INTERNAL
10
2750.41862
20
663.896943
30
0
0
VERTEX
8
AI4M_01_ATOM_INTERNAL
10
2740.890147
20
665.904139
30
0
0
VERTEX
8
AI4M_01_ATOM_INTERNAL
10
2730.806467
20
667.772633
30
0
0
VERTEX
8
AI4M_01_ATOM_INTERNAL
10
2720.131594
20
669.494284
30
0
0
VERTEX
8
AI4M_01_ATOM_INTERNAL
10
2708.784067
20
671.066108
30
0
0
VERTEX
8
AI4M_01_ATOM_INTERNAL
10
2696.812557
20
672.471065
30
0
0
VERTEX
8
AI4M_01_ATOM_INTERNAL
10
2683.58372
20
673.76484
30
0
0
VERTEX
8
AI4M_01_ATOM_INTERNAL
10
2669.652225
20
674.874395
30
0
0
VERTEX
8
AI4M_01_ATOM_INTERNAL
10
2655.038771
20
675.789182
30
0
0
VERTEX
8
AI4M_01_ATOM_INTERNAL
10
2639.780856
20
676.497228
30
0
0
VERTEX
8
AI4M_01_ATOM_INTERNAL
10
2624.737635
20
676.974284
30
0
0
VERTEX
8
AI4M_01_ATOM_INTERNAL
10
2609.530427
20
677.270128
30
0
0
VERTEX
8
AI4M_01_ATOM_INTERNAL
10
2594.576912
20
677.431449
30
0
0
VERTEX
8
AI4M_01_ATOM_INTERNAL
10
2591.757507
20
677.451477
30
0
0
SEQEND
8
AI4M_01_ATOM_INTERNAL
0
TEXT
8
AI4M_01_ATOM_INTERNAL
10
2797.19696
20
650.98732
30
0
40
2.5
1
AI4M_line_0456__seg_01_collar_attach_line_collar_attach_line
1001
AI4MANUFACTURING
1000
WRITEBACK_PHASE=01_ATOM_LABEL
1000
ENTITY_ID=line_0456__seg_01
999
AI4M_ENTITY=line_0457;LINE_ROLE=cut_line;EDGE=unknown;SOURCE_LAYER=11
0
POLYLINE
8
AI4M_01_ATOM_CUT
66
1
70
0
1001
AI4MANUFACTURING
1000
WRITEBACK_PHASE=01_ATOM
1000
ENTITY_ID=line_0457
1000
SOURCE_HANDLE=115B
1000
LINE_ROLE=cut_line
1000
EDGE=unknown
1000
CHAIN=chain_ms1ujor2
1000
PIECE_ID=collar_manual_01
1000
SEAM_PAIR=
1000
PAIRED_CHAIN=
1000
NOTCH_CHAIN=
1000
NOTCH_SOURCE=
1000
PIECE_ROLE=collar
1000
SEAM_ALLOWANCE_MM=
1000
SOURCE_LAYER=11
0
VERTEX
8
AI4M_01_ATOM_CUT
10
2694.809522
20
670.169648
30
0
0
VERTEX
8
AI4M_01_ATOM_CUT
10
2695.330421
20
675.14244
30
0
0
SEQEND
8
AI4M_01_ATOM_CUT
0
TEXT
8
AI4M_01_ATOM_CUT
10
2694.809522
20
670.169648
30
0
40
2.5
1
AI4M_line_0457_cut_line_unknown
1001
AI4MANUFACTURING
1000
WRITEBACK_PHASE=01_ATOM_LABEL
1000
ENTITY_ID=line_0457
999
AI4M_ENTITY=line_0458__seg_01;LINE_ROLE=construction;EDGE=construction_vertical;SOURCE_LAYER=11
0
POLYLINE
8
AI4M_01_ATOM_INTERNAL
66
1
70
0
1001
AI4MANUFACTURING
1000
WRITEBACK_PHASE=01_ATOM
1000
ENTITY_ID=line_0458__seg_01
1000
SOURCE_HANDLE=115C
1000
LINE_ROLE=construction
1000
EDGE=construction_vertical
1000
CHAIN=chain_ms1ujor2
1000
PIECE_ID=collar_manual_01
1000
SEAM_PAIR=
1000
PAIRED_CHAIN=
1000
NOTCH_CHAIN=
1000
NOTCH_SOURCE=
1000
PIECE_ROLE=collar
1000
SEAM_ALLOWANCE_MM=
1000
SOURCE_LAYER=11
0
VERTEX
8
AI4M_01_ATOM_INTERNAL
10
2591.757507
20
677.451477
30
0
0
VERTEX
8
AI4M_01_ATOM_INTERNAL
10
2591.757507
20
693.085556
30
0
0
VERTEX
8
AI4M_01_ATOM_INTERNAL
10
2591.757507
20
708.518195
30
0
0
VERTEX
8
AI4M_01_ATOM_INTERNAL
10
2591.757507
20
723.567927
30
0
0
VERTEX
8
AI4M_01_ATOM_INTERNAL
10
2591.757507
20
735.027161
30
0
0
SEQEND
8
AI4M_01_ATOM_INTERNAL
0
TEXT
8
AI4M_01_ATOM_INTERNAL
10
2591.757507
20
677.451477
30
0
40
2.5
1
AI4M_line_0458__seg_01_construction_construction_vertical
1001
AI4MANUFACTURING
1000
WRITEBACK_PHASE=01_ATOM_LABEL
1000
ENTITY_ID=line_0458__seg_01
999
AI4M_ENTITY=line_0459;LINE_ROLE=collar_attach_line;EDGE=collar_attach_line;SOURCE_LAYER=11
0
POLYLINE
8
AI4M_01_ATOM_INTERNAL
66
1
70
0
1001
AI4MANUFACTURING
1000
WRITEBACK_PHASE=01_ATOM
1000
ENTITY_ID=line_0459
1000
SOURCE_HANDLE=1164
1000
LINE_ROLE=collar_attach_line
1000
EDGE=collar_attach_line
1000
CHAIN=chain_ms1ujor2
1000
PIECE_ID=collar_manual_01
1000
SEAM_PAIR=
1000
PAIRED_CHAIN=
1000
NOTCH_CHAIN=
1000
NOTCH_SOURCE=
1000
PIECE_ROLE=collar
1000
SEAM_ALLOWANCE_MM=
1000
SOURCE_LAYER=11
0
VERTEX
8
AI4M_01_ATOM_INTERNAL
10
2591.757507
20
674.951477
30
0
0
VERTEX
8
AI4M_01_ATOM_INTERNAL
10
2591.757507
20
679.951477
30
0
0
SEQEND
8
AI4M_01_ATOM_INTERNAL
0
TEXT
8
AI4M_01_ATOM_INTERNAL
10
2591.757507
20
674.951477
30
0
40
2.5
1
AI4M_line_0459_collar_attach_line_collar_attach_line
1001
AI4MANUFACTURING
1000
WRITEBACK_PHASE=01_ATOM_LABEL
1000
ENTITY_ID=line_0459
999
AI4M_ENTITY=line_0460;LINE_ROLE=pattern_boundary;EDGE=pattern_boundary;SOURCE_LAYER=11
0
POLYLINE
8
AI4M_01_ATOM_NET
66
1
70
0
1001
AI4MANUFACTURING
1000
WRITEBACK_PHASE=01_ATOM
1000
ENTITY_ID=line_0460
1000
SOURCE_HANDLE=1165
1000
LINE_ROLE=pattern_boundary
1000
EDGE=pattern_boundary
1000
CHAIN=chain_ms1ujor2
1000
PIECE_ID=collar_manual_01
1000
SEAM_PAIR=
1000
PAIRED_CHAIN=
1000
NOTCH_CHAIN=
1000
NOTCH_SOURCE=
1000
PIECE_ROLE=collar
1000
SEAM_ALLOWANCE_MM=
1000
SOURCE_LAYER=11
0
VERTEX
8
AI4M_01_ATOM_NET
10
2589.257507
20
735.027175
30
0
0
VERTEX
8
AI4M_01_ATOM_NET
10
2594.257507
20
735.027175
30
0
0
SEQEND
8
AI4M_01_ATOM_NET
0
TEXT
8
AI4M_01_ATOM_NET
10
2589.257507
20
735.027175
30
0
40
2.5
1
AI4M_line_0460_pattern_boundary_pattern_boundary
1001
AI4MANUFACTURING
1000
WRITEBACK_PHASE=01_ATOM_LABEL
1000
ENTITY_ID=line_0460
999
AI4M_ENTITY=line_0461__seg_01;LINE_ROLE=pattern_boundary;EDGE=pattern_boundary;SOURCE_LAYER=11
0
POLYLINE
8
AI4M_01_ATOM_NET
66
1
70
0
1001
AI4MANUFACTURING
1000
WRITEBACK_PHASE=01_ATOM
1000
ENTITY_ID=line_0461__seg_01
1000
SOURCE_HANDLE=1166
1000
LINE_ROLE=pattern_boundary
1000
EDGE=pattern_boundary
1000
CHAIN=chain_ms1ujor2
1000
PIECE_ID=collar_manual_01
1000
SEAM_PAIR=
1000
PAIRED_CHAIN=
1000
NOTCH_CHAIN=
1000
NOTCH_SOURCE=
1000
PIECE_ROLE=collar
1000
SEAM_ALLOWANCE_MM=
1000
SOURCE_LAYER=11
0
VERTEX
8
AI4M_01_ATOM_NET
10
2803.587646
20
636.644821
30
0
0
VERTEX
8
AI4M_01_ATOM_NET
10
2788.960266
20
640.983963
30
0
0
VERTEX
8
AI4M_01_ATOM_NET
10
2774.468994
20
645.340576
30
0
0
VERTEX
8
AI4M_01_ATOM_NET
10
2764.076538
20
648.197784
30
0
0
VERTEX
8
AI4M_01_ATOM_NET
10
2753.222351
20
650.928726
30
0
0
VERTEX
8
AI4M_01_ATOM_NET
10
2743.874817
20
653.043213
30
0
0
VERTEX
8
AI4M_01_ATOM_NET
10
2734.290771
20
654.952927
30
0
0
VERTEX
8
AI4M_01_ATOM_NET
10
2723.908081
20
656.759491
30
0
0
VERTEX
8
AI4M_01_ATOM_NET
10
2713.007507
20
658.408508
30
0
0
VERTEX
8
AI4M_01_ATOM_NET
10
2703.407288
20
659.620438
30
0
0
VERTEX
8
AI4M_01_ATOM_NET
10
2688.452454
20
661.283112
30
0
0
VERTEX
8
AI4M_01_ATOM_NET
10
2678.19397
20
662.19902
30
0
0
VERTEX
8
AI4M_01_ATOM_NET
10
2663.113403
20
663.281784
30
0
0
VERTEX
8
AI4M_01_ATOM_NET
10
2648.885193
20
664.090424
30
0
0
VERTEX
8
AI4M_01_ATOM_NET
10
2633.808289
20
664.704514
30
0
0
VERTEX
8
AI4M_01_ATOM_NET
10
2618.764954
20
665.123596
30
0
0
VERTEX
8
AI4M_01_ATOM_NET
10
2603.710022
20
665.325241
30
0
0
VERTEX
8
AI4M_01_ATOM_NET
10
2591.757507
20
665.450821
30
0
0
SEQEND
8
AI4M_01_ATOM_NET
0
TEXT
8
AI4M_01_ATOM_NET
10
2803.587646
20
636.644821
30
0
40
2.5
1
AI4M_line_0461__seg_01_pattern_boundary_pattern_boundary
1001
AI4MANUFACTURING
1000
WRITEBACK_PHASE=01_ATOM_LABEL
1000
ENTITY_ID=line_0461__seg_01
999
AI4M_ENTITY=line_0462;LINE_ROLE=pattern_boundary;EDGE=pattern_boundary;SOURCE_LAYER=11
0
POLYLINE
8
AI4M_01_ATOM_NET
66
1
70
0
1001
AI4MANUFACTURING
1000
WRITEBACK_PHASE=01_ATOM
1000
ENTITY_ID=line_0462
1000
SOURCE_HANDLE=117B
1000
LINE_ROLE=pattern_boundary
1000
EDGE=pattern_boundary
1000
CHAIN=chain_ms1ujor2
1000
PIECE_ID=collar_manual_01
1000
SEAM_PAIR=
1000
PAIRED_CHAIN=
1000
NOTCH_CHAIN=
1000
NOTCH_SOURCE=
1000
PIECE_ROLE=collar
1000
SEAM_ALLOWANCE_MM=
1000
SOURCE_LAYER=11
0
VERTEX
8
AI4M_01_ATOM_NET
10
2840.419617
20
712.751007
30
0
0
VERTEX
8
AI4M_01_ATOM_NET
10
2803.587646
20
636.644821
30
0
0
SEQEND
8
AI4M_01_ATOM_NET
0
TEXT
8
AI4M_01_ATOM_NET
10
2840.419617
20
712.751007
30
0
40
2.5
1
AI4M_line_0462_pattern_boundary_pattern_boundary
1001
AI4MANUFACTURING
1000
WRITEBACK_PHASE=01_ATOM_LABEL
1000
ENTITY_ID=line_0462
999
AI4M_ENTITY=line_0463__seg_01;LINE_ROLE=pattern_boundary;EDGE=pattern_boundary;SOURCE_LAYER=11
0
POLYLINE
8
AI4M_01_ATOM_NET
66
1
70
0
1001
AI4MANUFACTURING
1000
WRITEBACK_PHASE=01_ATOM
1000
ENTITY_ID=line_0463__seg_01
1000
SOURCE_HANDLE=1180
1000
LINE_ROLE=pattern_boundary
1000
EDGE=pattern_boundary
1000
CHAIN=chain_ms1ujor2
1000
PIECE_ID=collar_manual_01
1000
SEAM_PAIR=
1000
PAIRED_CHAIN=
1000
NOTCH_CHAIN=
1000
NOTCH_SOURCE=
1000
PIECE_ROLE=collar
1000
SEAM_ALLOWANCE_MM=
1000
SOURCE_LAYER=11
0
VERTEX
8
AI4M_01_ATOM_NET
10
2591.841736
20
747.032013
30
0
0
VERTEX
8
AI4M_01_ATOM_NET
10
2607.294922
20
746.608734
30
0
0
VERTEX
8
AI4M_01_ATOM_NET
10
2622.354736
20
746.130981
30
0
0
VERTEX
8
AI4M_01_ATOM_NET
10
2636.237183
20
745.448532
30
0
0
VERTEX
8
AI4M_01_ATOM_NET
10
2650.975647
20
744.477234
30
0
0
VERTEX
8
AI4M_01_ATOM_NET
10
2664.706421
20
743.330154
30
0
0
VERTEX
8
AI4M_01_ATOM_NET
10
2679.658813
20
741.823578
30
0
0
VERTEX
8
AI4M_01_ATOM_NET
10
2693.19397
20
740.24292
30
0
0
VERTEX
8
AI4M_01_ATOM_NET
10
2706.983032
20
738.34465
30
0
0
VERTEX
8
AI4M_01_ATOM_NET
10
2722.034912
20
736.188583
30
0
0
VERTEX
8
AI4M_01_ATOM_NET
10
2736.290283
20
733.860397
30
0
0
VERTEX
8
AI4M_01_ATOM_NET
10
2751.264648
20
731.252365
30
0
0
VERTEX
8
AI4M_01_ATOM_NET
10
2763.982544
20
728.844833
30
0
0
VERTEX
8
AI4M_01_ATOM_NET
10
2778.773804
20
725.918427
30
0
0
VERTEX
8
AI4M_01_ATOM_NET
10
2793.694458
20
722.883453
30
0
0
VERTEX
8
AI4M_01_ATOM_NET
10
2808.616943
20
719.68399
30
0
0
VERTEX
8
AI4M_01_ATOM_NET
10
2823.329773
20
716.459885
30
0
0
VERTEX
8
AI4M_01_ATOM_NET
10
2838.034363
20
713.264771
30
0
0
VERTEX
8
AI4M_01_ATOM_NET
10
2840.419617
20
712.751007
30
0
0
SEQEND
8
AI4M_01_ATOM_NET
0
TEXT
8
AI4M_01_ATOM_NET
10
2591.841736
20
747.032013
30
0
40
2.5
1
AI4M_line_0463__seg_01_pattern_boundary_pattern_boundary
1001
AI4MANUFACTURING
1000
WRITEBACK_PHASE=01_ATOM_LABEL
1000
ENTITY_ID=line_0463__seg_01
999
AI4M_ENTITY=line_0464__seg_01;LINE_ROLE=pattern_boundary;EDGE=pattern_boundary;SOURCE_LAYER=11
0
POLYLINE
8
AI4M_01_ATOM_NET
66
1
70
0
1001
AI4MANUFACTURING
1000
WRITEBACK_PHASE=01_ATOM
1000
ENTITY_ID=line_0464__seg_01
1000
SOURCE_HANDLE=1196
1000
LINE_ROLE=pattern_boundary
1000
EDGE=pattern_boundary
1000
CHAIN=chain_ms1ujor2
1000
PIECE_ID=collar_manual_01
1000
SEAM_PAIR=
1000
PAIRED_CHAIN=
1000
NOTCH_CHAIN=
1000
NOTCH_SOURCE=
1000
PIECE_ROLE=collar
1000
SEAM_ALLOWANCE_MM=
1000
SOURCE_LAYER=11
0
VERTEX
8
AI4M_01_ATOM_NET
10
2343.095551
20
712.751007
30
0
0
VERTEX
8
AI4M_01_ATOM_NET
10
2358.127441
20
716.009674
30
0
0
VERTEX
8
AI4M_01_ATOM_NET
10
2372.933807
20
719.249268
30
0
0
VERTEX
8
AI4M_01_ATOM_NET
10
2387.793121
20
722.442551
30
0
0
VERTEX
8
AI4M_01_ATOM_NET
10
2402.543945
20
725.506439
30
0
0
VERTEX
8
AI4M_01_ATOM_NET
10
2417.453003
20
728.459015
30
0
0
VERTEX
8
AI4M_01_ATOM_NET
10
2432.344208
20
731.241455
30
0
0
VERTEX
8
AI4M_01_ATOM_NET
10
2447.212372
20
733.862381
30
0
0
VERTEX
8
AI4M_01_ATOM_NET
10
2461.347198
20
736.170197
30
0
0
VERTEX
8
AI4M_01_ATOM_NET
10
2476.232605
20
738.302155
30
0
0
VERTEX
8
AI4M_01_ATOM_NET
10
2490.88501
20
740.314178
30
0
0
VERTEX
8
AI4M_01_ATOM_NET
10
2504.240417
20
741.865082
30
0
0
VERTEX
8
AI4M_01_ATOM_NET
10
2519.442749
20
743.388519
30
0
0
VERTEX
8
AI4M_01_ATOM_NET
10
2533.230743
20
744.52858
30
0
0
VERTEX
8
AI4M_01_ATOM_NET
10
2547.792511
20
745.477829
30
0
0
VERTEX
8
AI4M_01_ATOM_NET
10
2561.805725
20
746.156464
30
0
0
VERTEX
8
AI4M_01_ATOM_NET
10
2577.010498
20
746.631088
30
0
0
VERTEX
8
AI4M_01_ATOM_NET
10
2591.841736
20
747.032013
30
0
0
SEQEND
8
AI4M_01_ATOM_NET
0
TEXT
8
AI4M_01_ATOM_NET
10
2343.095551
20
712.751007
30
0
40
2.5
1
AI4M_line_0464__seg_01_pattern_boundary_pattern_boundary
1001
AI4MANUFACTURING
1000
WRITEBACK_PHASE=01_ATOM_LABEL
1000
ENTITY_ID=line_0464__seg_01
999
AI4M_ENTITY=line_0465;LINE_ROLE=pattern_boundary;EDGE=pattern_boundary;SOURCE_LAYER=11
0
POLYLINE
8
AI4M_01_ATOM_NET
66
1
70
0
1001
AI4MANUFACTURING
1000
WRITEBACK_PHASE=01_ATOM
1000
ENTITY_ID=line_0465
1000
SOURCE_HANDLE=11AB
1000
LINE_ROLE=pattern_boundary
1000
EDGE=pattern_boundary
1000
CHAIN=chain_ms1ujor2
1000
PIECE_ID=collar_manual_01
1000
SEAM_PAIR=
1000
PAIRED_CHAIN=
1000
NOTCH_CHAIN=
1000
NOTCH_SOURCE=
1000
PIECE_ROLE=collar
1000
SEAM_ALLOWANCE_MM=
1000
SOURCE_LAYER=11
0
VERTEX
8
AI4M_01_ATOM_NET
10
2379.927521
20
636.644821
30
0
0
VERTEX
8
AI4M_01_ATOM_NET
10
2343.095551
20
712.751007
30
0
0
SEQEND
8
AI4M_01_ATOM_NET
0
TEXT
8
AI4M_01_ATOM_NET
10
2379.927521
20
636.644821
30
0
40
2.5
1
AI4M_line_0465_pattern_boundary_pattern_boundary
1001
AI4MANUFACTURING
1000
WRITEBACK_PHASE=01_ATOM_LABEL
1000
ENTITY_ID=line_0465
999
AI4M_ENTITY=line_0466__seg_01;LINE_ROLE=pattern_boundary;EDGE=pattern_boundary;SOURCE_LAYER=11
0
POLYLINE
8
AI4M_01_ATOM_NET
66
1
70
0
1001
AI4MANUFACTURING
1000
WRITEBACK_PHASE=01_ATOM
1000
ENTITY_ID=line_0466__seg_01
1000
SOURCE_HANDLE=11B0
1000
LINE_ROLE=pattern_boundary
1000
EDGE=pattern_boundary
1000
CHAIN=chain_ms1ujor2
1000
PIECE_ID=collar_manual_01
1000
SEAM_PAIR=
1000
PAIRED_CHAIN=
1000
NOTCH_CHAIN=
1000
NOTCH_SOURCE=
1000
PIECE_ROLE=collar
1000
SEAM_ALLOWANCE_MM=
1000
SOURCE_LAYER=11
0
VERTEX
8
AI4M_01_ATOM_NET
10
2591.757507
20
665.450821
30
0
0
VERTEX
8
AI4M_01_ATOM_NET
10
2576.480408
20
665.290756
30
0
0
VERTEX
8
AI4M_01_ATOM_NET
10
2561.340027
20
665.04715
30
0
0
VERTEX
8
AI4M_01_ATOM_NET
10
2546.31546
20
664.584198
30
0
0
VERTEX
8
AI4M_01_ATOM_NET
10
2531.240845
20
663.920059
30
0
0
VERTEX
8
AI4M_01_ATOM_NET
10
2516.459503
20
663.017807
30
0
0
VERTEX
8
AI4M_01_ATOM_NET
10
2501.291962
20
661.867142
30
0
0
VERTEX
8
AI4M_01_ATOM_NET
10
2491.967163
20
660.950317
30
0
0
VERTEX
8
AI4M_01_ATOM_NET
10
2476.950989
20
659.248657
30
0
0
VERTEX
8
AI4M_01_ATOM_NET
10
2467.283478
20
657.947922
30
0
0
VERTEX
8
AI4M_01_ATOM_NET
10
2456.305389
20
656.211472
30
0
0
VERTEX
8
AI4M_01_ATOM_NET
10
2446.165771
20
654.370499
30
0
0
VERTEX
8
AI4M_01_ATOM_NET
10
2436.784821
20
652.42424
30
0
0
VERTEX
8
AI4M_01_ATOM_NET
10
2427.037964
20
650.136948
30
0
0
VERTEX
8
AI4M_01_ATOM_NET
10
2415.904541
20
647.254715
30
0
0
VERTEX
8
AI4M_01_ATOM_NET
10
2405.827484
20
644.400711
30
0
0
VERTEX
8
AI4M_01_ATOM_NET
10
2391.345978
20
640.011749
30
0
0
VERTEX
8
AI4M_01_ATOM_NET
10
2379.927521
20
636.644821
30
0
0
SEQEND
8
AI4M_01_ATOM_NET
0
TEXT
8
AI4M_01_ATOM_NET
10
2591.757507
20
665.450821
30
0
40
2.5
1
AI4M_line_0466__seg_01_pattern_boundary_pattern_boundary
1001
AI4MANUFACTURING
1000
WRITEBACK_PHASE=01_ATOM_LABEL
1000
ENTITY_ID=line_0466__seg_01
999
AI4M_ENTITY=line_0467;LINE_ROLE=cut_line;EDGE=unknown;SOURCE_LAYER=11
0
POLYLINE
8
AI4M_01_ATOM_CUT
66
1
70
0
1001
AI4MANUFACTURING
1000
WRITEBACK_PHASE=01_ATOM
1000
ENTITY_ID=line_0467
1000
SOURCE_HANDLE=11C5
1000
LINE_ROLE=cut_line
1000
EDGE=unknown
1000
CHAIN=chain_ms1ujor2
1000
PIECE_ID=collar_manual_01
1000
SEAM_PAIR=
1000
PAIRED_CHAIN=
1000
NOTCH_CHAIN=
1000
NOTCH_SOURCE=
1000
PIECE_ROLE=collar
1000
SEAM_ALLOWANCE_MM=
1000
SOURCE_LAYER=11
0
VERTEX
8
AI4M_01_ATOM_CUT
10
2512.102356
20
695.517731
30
0
0
VERTEX
8
AI4M_01_ATOM_CUT
10
2568.601379
20
695.517731
30
0
0
SEQEND
8
AI4M_01_ATOM_CUT
0
TEXT
8
AI4M_01_ATOM_CUT
10
2512.102356
20
695.517731
30
0
40
2.5
1
AI4M_line_0467_cut_line_unknown
1001
AI4MANUFACTURING
1000
WRITEBACK_PHASE=01_ATOM_LABEL
1000
ENTITY_ID=line_0467
999
AI4M_ENTITY=line_0468;LINE_ROLE=cut_line;EDGE=unknown;SOURCE_LAYER=11
0
POLYLINE
8
AI4M_01_ATOM_CUT
66
1
70
0
1001
AI4MANUFACTURING
1000
WRITEBACK_PHASE=01_ATOM
1000
ENTITY_ID=line_0468
1000
SOURCE_HANDLE=11C6
1000
LINE_ROLE=cut_line
1000
EDGE=unknown
1000
CHAIN=chain_ms1ujor2
1000
PIECE_ID=collar_manual_01
1000
SEAM_PAIR=
1000
PAIRED_CHAIN=
1000
NOTCH_CHAIN=
1000
NOTCH_SOURCE=
1000
PIECE_ROLE=collar
1000
SEAM_ALLOWANCE_MM=
1000
SOURCE_LAYER=11
0
VERTEX
8
AI4M_01_ATOM_CUT
10
2568.601379
20
695.517731
30
0
0
VERTEX
8
AI4M_01_ATOM_CUT
10
2557.464464
20
697.429458
30
0
0
SEQEND
8
AI4M_01_ATOM_CUT
0
TEXT
8
AI4M_01_ATOM_CUT
10
2568.601379
20
695.517731
30
0
40
2.5
1
AI4M_line_0468_cut_line_unknown
1001
AI4MANUFACTURING
1000
WRITEBACK_PHASE=01_ATOM_LABEL
1000
ENTITY_ID=line_0468
999
AI4M_ENTITY=line_0469;LINE_ROLE=cut_line;EDGE=unknown;SOURCE_LAYER=11
0
POLYLINE
8
AI4M_01_ATOM_CUT
66
1
70
0
1001
AI4MANUFACTURING
1000
WRITEBACK_PHASE=01_ATOM
1000
ENTITY_ID=line_0469
1000
SOURCE_HANDLE=11C7
1000
LINE_ROLE=cut_line
1000
EDGE=unknown
1000
CHAIN=chain_ms1ujor2
1000
PIECE_ID=collar_manual_01
1000
SEAM_PAIR=
1000
PAIRED_CHAIN=
1000
NOTCH_CHAIN=
1000
NOTCH_SOURCE=
1000
PIECE_ROLE=collar
1000
SEAM_ALLOWANCE_MM=
1000
SOURCE_LAYER=11
0
VERTEX
8
AI4M_01_ATOM_CUT
10
2568.601379
20
695.517731
30
0
0
VERTEX
8
AI4M_01_ATOM_CUT
10
2568.601379
20
695.517731
30
0
0
SEQEND
8
AI4M_01_ATOM_CUT
0
TEXT
8
AI4M_01_ATOM_CUT
10
2568.601379
20
695.517731
30
0
40
2.5
1
AI4M_line_0469_cut_line_unknown
1001
AI4MANUFACTURING
1000
WRITEBACK_PHASE=01_ATOM_LABEL
1000
ENTITY_ID=line_0469
999
AI4M_ENTITY=line_0381__seg_01;LINE_ROLE=cut_line;EDGE=unknown;SOURCE_LAYER=11
0
POLYLINE
8
AI4M_01_ATOM_CUT
66
1
70
0
1001
AI4MANUFACTURING
1000
WRITEBACK_PHASE=01_ATOM
1000
ENTITY_ID=line_0381__seg_01
1000
SOURCE_HANDLE=EE8
1000
LINE_ROLE=cut_line
1000
EDGE=unknown
1000
CHAIN=chain_ms1ujtel
1000
PIECE_ID=collar_stand_manual_01
1000
SEAM_PAIR=
1000
PAIRED_CHAIN=
1000
NOTCH_CHAIN=
1000
NOTCH_SOURCE=
1000
PIECE_ROLE=collar_stand
1000
SEAM_ALLOWANCE_MM=
1000
SOURCE_LAYER=11
0
VERTEX
8
AI4M_01_ATOM_CUT
10
3586.308289
20
658.492432
30
0
0
VERTEX
8
AI4M_01_ATOM_CUT
10
3571.061415
20
658.475793
30
0
0
VERTEX
8
AI4M_01_ATOM_CUT
10
3555.820224
20
658.550157
30
0
0
VERTEX
8
AI4M_01_ATOM_CUT
10
3540.630157
20
658.72764
30
0
0
VERTEX
8
AI4M_01_ATOM_CUT
10
3525.6106
20
659.033289
30
0
0
VERTEX
8
AI4M_01_ATOM_CUT
10
3510.510743
20
659.465674
30
0
0
VERTEX
8
AI4M_01_ATOM_CUT
10
3497.151086
20
660.016768
30
0
0
VERTEX
8
AI4M_01_ATOM_CUT
10
3482.038629
20
660.953352
30
0
0
VERTEX
8
AI4M_01_ATOM_CUT
10
3471.300561
20
661.700356
30
0
0
VERTEX
8
AI4M_01_ATOM_CUT
10
3460.33836
20
662.746069
30
0
0
VERTEX
8
AI4M_01_ATOM_CUT
10
3447.96556
20
664.164071
30
0
0
VERTEX
8
AI4M_01_ATOM_CUT
10
3437.343608
20
665.6187
30
0
0
VERTEX
8
AI4M_01_ATOM_CUT
10
3427.097029
20
667.265948
30
0
0
VERTEX
8
AI4M_01_ATOM_CUT
10
3417.205866
20
669.097688
30
0
0
VERTEX
8
AI4M_01_ATOM_CUT
10
3407.456472
20
671.148273
30
0
0
VERTEX
8
AI4M_01_ATOM_CUT
10
3397.649257
20
673.462865
30
0
0
VERTEX
8
AI4M_01_ATOM_CUT
10
3388.259165
20
675.933871
30
0
0
VERTEX
8
AI4M_01_ATOM_CUT
10
3378.957676
20
678.637825
30
0
0
VERTEX
8
AI4M_01_ATOM_CUT
10
3371.468167
20
681.040429
30
0
0
VERTEX
8
AI4M_01_ATOM_CUT
10
3365.696764
20
683.134932
30
0
0
VERTEX
8
AI4M_01_ATOM_CUT
10
3360.840446
20
685.146054
30
0
0
VERTEX
8
AI4M_01_ATOM_CUT
10
3355.773241
20
687.520102
30
0
0
VERTEX
8
AI4M_01_ATOM_CUT
10
3342.119953
20
694.512973
30
0
0
VERTEX
8
AI4M_01_ATOM_CUT
10
3335.935059
20
697.569427
30
0
0
SEQEND
8
AI4M_01_ATOM_CUT
0
TEXT
8
AI4M_01_ATOM_CUT
10
3586.308289
20
658.492432
30
0
40
2.5
1
AI4M_line_0381__seg_01_cut_line_unknown
1001
AI4MANUFACTURING
1000
WRITEBACK_PHASE=01_ATOM_LABEL
1000
ENTITY_ID=line_0381__seg_01
999
AI4M_ENTITY=line_0382;LINE_ROLE=cut_line;EDGE=unknown;SOURCE_LAYER=11
0
POLYLINE
8
AI4M_01_ATOM_CUT
66
1
70
0
1001
AI4MANUFACTURING
1000
WRITEBACK_PHASE=01_ATOM
1000
ENTITY_ID=line_0382
1000
SOURCE_HANDLE=F03
1000
LINE_ROLE=cut_line
1000
EDGE=unknown
1000
CHAIN=chain_ms1ujtel
1000
PIECE_ID=collar_stand_manual_01
1000
SEAM_PAIR=
1000
PAIRED_CHAIN=
1000
NOTCH_CHAIN=
1000
NOTCH_SOURCE=
1000
PIECE_ROLE=collar_stand
1000
SEAM_ALLOWANCE_MM=
1000
SOURCE_LAYER=11
0
VERTEX
8
AI4M_01_ATOM_CUT
10
3583.808302
20
658.500721
30
0
0
VERTEX
8
AI4M_01_ATOM_CUT
10
3588.808275
20
658.484142
30
0
0
SEQEND
8
AI4M_01_ATOM_CUT
0
TEXT
8
AI4M_01_ATOM_CUT
10
3583.808302
20
658.500721
30
0
40
2.5
1
AI4M_line_0382_cut_line_unknown
1001
AI4MANUFACTURING
1000
WRITEBACK_PHASE=01_ATOM_LABEL
1000
ENTITY_ID=line_0382
999
AI4M_ENTITY=line_0383;LINE_ROLE=cut_line;EDGE=unknown;SOURCE_LAYER=11
0
POLYLINE
8
AI4M_01_ATOM_CUT
66
1
70
0
1001
AI4MANUFACTURING
1000
WRITEBACK_PHASE=01_ATOM
1000
ENTITY_ID=line_0383
1000
SOURCE_HANDLE=F04
1000
LINE_ROLE=cut_line
1000
EDGE=unknown
1000
CHAIN=chain_ms1ujtel
1000
PIECE_ID=collar_stand_manual_01
1000
SEAM_PAIR=
1000
PAIRED_CHAIN=
1000
NOTCH_CHAIN=
1000
NOTCH_SOURCE=
1000
PIECE_ROLE=collar_stand
1000
SEAM_ALLOWANCE_MM=
1000
SOURCE_LAYER=11
0
VERTEX
8
AI4M_01_ATOM_CUT
10
3481.800781
20
658.463396
30
0
0
VERTEX
8
AI4M_01_ATOM_CUT
10
3482.119107
20
663.453252
30
0
0
SEQEND
8
AI4M_01_ATOM_CUT
0
TEXT
8
AI4M_01_ATOM_CUT
10
3481.800781
20
658.463396
30
0
40
2.5
1
AI4M_line_0383_cut_line_unknown
1001
AI4MANUFACTURING
1000
WRITEBACK_PHASE=01_ATOM_LABEL
1000
ENTITY_ID=line_0383
999
AI4M_ENTITY=line_0384__seg_01;LINE_ROLE=cut_line;EDGE=unknown;SOURCE_LAYER=11
0
POLYLINE
8
AI4M_01_ATOM_CUT
66
1
70
0
1001
AI4MANUFACTURING
1000
WRITEBACK_PHASE=01_ATOM
1000
ENTITY_ID=line_0384__seg_01
1000
SOURCE_HANDLE=F05
1000
LINE_ROLE=cut_line
1000
EDGE=unknown
1000
CHAIN=chain_ms1ujtel
1000
PIECE_ID=collar_stand_manual_01
1000
SEAM_PAIR=
1000
PAIRED_CHAIN=
1000
NOTCH_CHAIN=
1000
NOTCH_SOURCE=
1000
PIECE_ROLE=collar_stand
1000
SEAM_ALLOWANCE_MM=
1000
SOURCE_LAYER=11
0
VERTEX
8
AI4M_01_ATOM_CUT
10
3335.935059
20
697.569427
30
0
0
VERTEX
8
AI4M_01_ATOM_CUT
10
3340.290161
20
704.658883
30
0
0
VERTEX
8
AI4M_01_ATOM_CUT
10
3345.611204
20
713.840811
30
0
0
VERTEX
8
AI4M_01_ATOM_CUT
10
3347.502811
20
716.589789
30
0
0
VERTEX
8
AI4M_01_ATOM_CUT
10
3349.426676
20
718.962181
30
0
0
VERTEX
8
AI4M_01_ATOM_CUT
10
3351.388949
20
720.99819
30
0
0
VERTEX
8
AI4M_01_ATOM_CUT
10
3353.468357
20
722.796852
30
0
0
VERTEX
8
AI4M_01_ATOM_CUT
10
3355.53925
20
724.270607
30
0
0
VERTEX
8
AI4M_01_ATOM_CUT
10
3357.752812
20
725.54294
30
0
0
VERTEX
8
AI4M_01_ATOM_CUT
10
3360.07548
20
726.5898
30
0
0
VERTEX
8
AI4M_01_ATOM_CUT
10
3362.586364
20
727.44073
30
0
0
VERTEX
8
AI4M_01_ATOM_CUT
10
3365.218536
20
728.069025
30
0
0
VERTEX
8
AI4M_01_ATOM_CUT
10
3368.063338
20
728.486224
30
0
0
VERTEX
8
AI4M_01_ATOM_CUT
10
3371.002544
20
728.665419
30
0
0
VERTEX
8
AI4M_01_ATOM_CUT
10
3374.15786
20
728.602601
30
0
0
VERTEX
8
AI4M_01_ATOM_CUT
10
3377.409022
20
728.281439
30
0
0
VERTEX
8
AI4M_01_ATOM_CUT
10
3382.17926
20
727.433472
30
0
0
SEQEND
8
AI4M_01_ATOM_CUT
0
TEXT
8
AI4M_01_ATOM_CUT
10
3335.935059
20
697.569427
30
0
40
2.5
1
AI4M_line_0384__seg_01_cut_line_unknown
1001
AI4MANUFACTURING
1000
WRITEBACK_PHASE=01_ATOM_LABEL
1000
ENTITY_ID=line_0384__seg_01
999
AI4M_ENTITY=line_0385__seg_01;LINE_ROLE=cut_line;EDGE=unknown;SOURCE_LAYER=11
0
POLYLINE
8
AI4M_01_ATOM_CUT
66
1
70
0
1001
AI4MANUFACTURING
1000
WRITEBACK_PHASE=01_ATOM
1000
ENTITY_ID=line_0385__seg_01
1000
SOURCE_HANDLE=F19
1000
LINE_ROLE=cut_line
1000
EDGE=unknown
1000
CHAIN=chain_ms1ujtel
1000
PIECE_ID=collar_stand_manual_01
1000
SEAM_PAIR=
1000
PAIRED_CHAIN=
1000
NOTCH_CHAIN=
1000
NOTCH_SOURCE=
1000
PIECE_ROLE=collar_stand
1000
SEAM_ALLOWANCE_MM=
1000
SOURCE_LAYER=11
0
VERTEX
8
AI4M_01_ATOM_CUT
10
3382.17926
20
727.433472
30
0
0
VERTEX
8
AI4M_01_ATOM_CUT
10
3397.221496
20
724.420053
30
0
0
VERTEX
8
AI4M_01_ATOM_CUT
10
3406.949203
20
722.6064
30
0
0
VERTEX
8
AI4M_01_ATOM_CUT
10
3417.471804
20
720.908919
30
0
0
VERTEX
8
AI4M_01_ATOM_CUT
10
3429.041463
20
719.295364
30
0
0
VERTEX
8
AI4M_01_ATOM_CUT
10
3441.215629
20
717.849294
30
0
0
VERTEX
8
AI4M_01_ATOM_CUT
10
3454.361296
20
716.543279
30
0
0
VERTEX
8
AI4M_01_ATOM_CUT
10
3467.918195
20
715.446063
30
0
0
VERTEX
8
AI4M_01_ATOM_CUT
10
3482.364465
20
714.53248
30
0
0
VERTEX
8
AI4M_01_ATOM_CUT
10
3497.459636
20
713.823693
30
0
0
VERTEX
8
AI4M_01_ATOM_CUT
10
3512.647389
20
713.327817
30
0
0
VERTEX
8
AI4M_01_ATOM_CUT
10
3527.856805
20
712.994422
30
0
0
VERTEX
8
AI4M_01_ATOM_CUT
10
3543.092575
20
712.775856
30
0
0
VERTEX
8
AI4M_01_ATOM_CUT
10
3558.216444
20
712.706719
30
0
0
VERTEX
8
AI4M_01_ATOM_CUT
10
3573.391281
20
712.757419
30
0
0
VERTEX
8
AI4M_01_ATOM_CUT
10
3586.308289
20
712.795868
30
0
0
SEQEND
8
AI4M_01_ATOM_CUT
0
TEXT
8
AI4M_01_ATOM_CUT
10
3382.17926
20
727.433472
30
0
40
2.5
1
AI4M_line_0385__seg_01_cut_line_unknown
1001
AI4MANUFACTURING
1000
WRITEBACK_PHASE=01_ATOM_LABEL
1000
ENTITY_ID=line_0385__seg_01
999
AI4M_ENTITY=line_0386;LINE_ROLE=cut_line;EDGE=unknown;SOURCE_LAYER=11
0
POLYLINE
8
AI4M_01_ATOM_CUT
66
1
70
0
1001
AI4MANUFACTURING
1000
WRITEBACK_PHASE=01_ATOM
1000
ENTITY_ID=line_0386
1000
SOURCE_HANDLE=F2C
1000
LINE_ROLE=cut_line
1000
EDGE=unknown
1000
CHAIN=chain_ms1ujtel
1000
PIECE_ID=collar_stand_manual_01
1000
SEAM_PAIR=
1000
PAIRED_CHAIN=
1000
NOTCH_CHAIN=
1000
NOTCH_SOURCE=
1000
PIECE_ROLE=collar_stand
1000
SEAM_ALLOWANCE_MM=
1000
SOURCE_LAYER=11
0
VERTEX
8
AI4M_01_ATOM_CUT
10
3382.942168
20
729.831385
30
0
0
VERTEX
8
AI4M_01_ATOM_CUT
10
3381.970105
20
724.926786
30
0
0
SEQEND
8
AI4M_01_ATOM_CUT
0
TEXT
8
AI4M_01_ATOM_CUT
10
3382.942168
20
729.831385
30
0
40
2.5
1
AI4M_line_0386_cut_line_unknown
1001
AI4MANUFACTURING
1000
WRITEBACK_PHASE=01_ATOM_LABEL
1000
ENTITY_ID=line_0386
999
AI4M_ENTITY=line_0387;LINE_ROLE=cut_line;EDGE=unknown;SOURCE_LAYER=11
0
POLYLINE
8
AI4M_01_ATOM_CUT
66
1
70
0
1001
AI4MANUFACTURING
1000
WRITEBACK_PHASE=01_ATOM
1000
ENTITY_ID=line_0387
1000
SOURCE_HANDLE=F2D
1000
LINE_ROLE=cut_line
1000
EDGE=unknown
1000
CHAIN=chain_ms1ujtel
1000
PIECE_ID=collar_stand_manual_01
1000
SEAM_PAIR=
1000
PAIRED_CHAIN=
1000
NOTCH_CHAIN=
1000
NOTCH_SOURCE=
1000
PIECE_ROLE=collar_stand
1000
SEAM_ALLOWANCE_MM=
1000
SOURCE_LAYER=11
0
VERTEX
8
AI4M_01_ATOM_CUT
10
3483.688373
20
716.964236
30
0
0
VERTEX
8
AI4M_01_ATOM_CUT
10
3483.472018
20
711.96892
30
0
0
SEQEND
8
AI4M_01_ATOM_CUT
0
TEXT
8
AI4M_01_ATOM_CUT
10
3483.688373
20
716.964236
30
0
40
2.5
1
AI4M_line_0387_cut_line_unknown
1001
AI4MANUFACTURING
1000
WRITEBACK_PHASE=01_ATOM_LABEL
1000
ENTITY_ID=line_0387
999
AI4M_ENTITY=line_0388;LINE_ROLE=cut_line;EDGE=unknown;SOURCE_LAYER=11
0
POLYLINE
8
AI4M_01_ATOM_CUT
66
1
70
0
1001
AI4MANUFACTURING
1000
WRITEBACK_PHASE=01_ATOM
1000
ENTITY_ID=line_0388
1000
SOURCE_HANDLE=F2E
1000
LINE_ROLE=cut_line
1000
EDGE=unknown
1000
CHAIN=chain_ms1ujtel
1000
PIECE_ID=collar_stand_manual_01
1000
SEAM_PAIR=
1000
PAIRED_CHAIN=
1000
NOTCH_CHAIN=
1000
NOTCH_SOURCE=
1000
PIECE_ROLE=collar_stand
1000
SEAM_ALLOWANCE_MM=
1000
SOURCE_LAYER=11
0
VERTEX
8
AI4M_01_ATOM_CUT
10
3586.307873
20
715.295867
30
0
0
VERTEX
8
AI4M_01_ATOM_CUT
10
3586.307934
20
710.295867
30
0
0
SEQEND
8
AI4M_01_ATOM_CUT
0
TEXT
8
AI4M_01_ATOM_CUT
10
3586.307873
20
715.295867
30
0
40
2.5
1
AI4M_line_0388_cut_line_unknown
1001
AI4MANUFACTURING
1000
WRITEBACK_PHASE=01_ATOM_LABEL
1000
ENTITY_ID=line_0388
999
AI4M_ENTITY=line_0389__seg_01;LINE_ROLE=cut_line;EDGE=unknown;SOURCE_LAYER=11
0
POLYLINE
8
AI4M_01_ATOM_CUT
66
1
70
0
1001
AI4MANUFACTURING
1000
WRITEBACK_PHASE=01_ATOM
1000
ENTITY_ID=line_0389__seg_01
1000
SOURCE_HANDLE=F2F
1000
LINE_ROLE=cut_line
1000
EDGE=unknown
1000
CHAIN=chain_ms1ujtel
1000
PIECE_ID=collar_stand_manual_01
1000
SEAM_PAIR=
1000
PAIRED_CHAIN=
1000
NOTCH_CHAIN=
1000
NOTCH_SOURCE=
1000
PIECE_ROLE=collar_stand
1000
SEAM_ALLOWANCE_MM=
1000
SOURCE_LAYER=11
0
VERTEX
8
AI4M_01_ATOM_CUT
10
3586.308289
20
712.795868
30
0
0
VERTEX
8
AI4M_01_ATOM_CUT
10
3601.554312
20
712.750235
30
0
0
VERTEX
8
AI4M_01_ATOM_CUT
10
3616.68437
20
712.70568
30
0
0
VERTEX
8
AI4M_01_ATOM_CUT
10
3631.694101
20
712.799107
30
0
0
VERTEX
8
AI4M_01_ATOM_CUT
10
3646.789703
20
713.032018
30
0
0
VERTEX
8
AI4M_01_ATOM_CUT
10
3661.795893
20
713.377408
30
0
0
VERTEX
8
AI4M_01_ATOM_CUT
10
3676.89631
20
713.893898
30
0
0
VERTEX
8
AI4M_01_ATOM_CUT
10
3692.077619
20
714.635431
30
0
0
VERTEX
8
AI4M_01_ATOM_CUT
10
3706.404726
20
715.571072
30
0
0
VERTEX
8
AI4M_01_ATOM_CUT
10
3719.840843
20
716.685565
30
0
0
VERTEX
8
AI4M_01_ATOM_CUT
10
3732.579779
20
717.986524
30
0
0
VERTEX
8
AI4M_01_ATOM_CUT
10
3746.454608
20
719.65596
30
0
0
VERTEX
8
AI4M_01_ATOM_CUT
10
3755.498444
20
720.953613
30
0
0
VERTEX
8
AI4M_01_ATOM_CUT
10
3770.409697
20
723.461253
30
0
0
VERTEX
8
AI4M_01_ATOM_CUT
10
3779.632489
20
725.258751
30
0
0
VERTEX
8
AI4M_01_ATOM_CUT
10
3790.437012
20
727.433472
30
0
0
SEQEND
8
AI4M_01_ATOM_CUT
0
TEXT
8
AI4M_01_ATOM_CUT
10
3586.308289
20
712.795868
30
0
40
2.5
1
AI4M_line_0389__seg_01_cut_line_unknown
1001
AI4MANUFACTURING
1000
WRITEBACK_PHASE=01_ATOM_LABEL
1000
ENTITY_ID=line_0389__seg_01
999
AI4M_ENTITY=line_0390;LINE_ROLE=cut_line;EDGE=unknown;SOURCE_LAYER=11
0
POLYLINE
8
AI4M_01_ATOM_CUT
66
1
70
0
1001
AI4MANUFACTURING
1000
WRITEBACK_PHASE=01_ATOM
1000
ENTITY_ID=line_0390
1000
SOURCE_HANDLE=F42
1000
LINE_ROLE=cut_line
1000
EDGE=unknown
1000
CHAIN=chain_ms1ujtel
1000
PIECE_ID=collar_stand_manual_01
1000
SEAM_PAIR=
1000
PAIRED_CHAIN=
1000
NOTCH_CHAIN=
1000
NOTCH_SOURCE=
1000
PIECE_ROLE=collar_stand
1000
SEAM_ALLOWANCE_MM=
1000
SOURCE_LAYER=11
0
VERTEX
8
AI4M_01_ATOM_CUT
10
3688.927494
20
716.96496
30
0
0
VERTEX
8
AI4M_01_ATOM_CUT
10
3689.143845
20
711.969643
30
0
0
SEQEND
8
AI4M_01_ATOM_CUT
0
TEXT
8
AI4M_01_ATOM_CUT
10
3688.927494
20
716.96496
30
0
40
2.5
1
AI4M_line_0390_cut_line_unknown
1001
AI4MANUFACTURING
1000
WRITEBACK_PHASE=01_ATOM_LABEL
1000
ENTITY_ID=line_0390
999
AI4M_ENTITY=line_0391;LINE_ROLE=cut_line;EDGE=unknown;SOURCE_LAYER=11
0
POLYLINE
8
AI4M_01_ATOM_CUT
66
1
70
0
1001
AI4MANUFACTURING
1000
WRITEBACK_PHASE=01_ATOM
1000
ENTITY_ID=line_0391
1000
SOURCE_HANDLE=F43
1000
LINE_ROLE=cut_line
1000
EDGE=unknown
1000
CHAIN=chain_ms1ujtel
1000
PIECE_ID=collar_stand_manual_01
1000
SEAM_PAIR=
1000
PAIRED_CHAIN=
1000
NOTCH_CHAIN=
1000
NOTCH_SOURCE=
1000
PIECE_ROLE=collar_stand
1000
SEAM_ALLOWANCE_MM=
1000
SOURCE_LAYER=11
0
VERTEX
8
AI4M_01_ATOM_CUT
10
3760.983957
20
724.408031
30
0
0
VERTEX
8
AI4M_01_ATOM_CUT
10
3761.816072
20
719.477759
30
0
0
SEQEND
8
AI4M_01_ATOM_CUT
0
TEXT
8
AI4M_01_ATOM_CUT
10
3760.983957
20
724.408031
30
0
40
2.5
1
AI4M_line_0391_cut_line_unknown
1001
AI4MANUFACTURING
1000
WRITEBACK_PHASE=01_ATOM_LABEL
1000
ENTITY_ID=line_0391
999
AI4M_ENTITY=line_0392;LINE_ROLE=cut_line;EDGE=unknown;SOURCE_LAYER=11
0
POLYLINE
8
AI4M_01_ATOM_CUT
66
1
70
0
1001
AI4MANUFACTURING
1000
WRITEBACK_PHASE=01_ATOM
1000
ENTITY_ID=line_0392
1000
SOURCE_HANDLE=F44
1000
LINE_ROLE=cut_line
1000
EDGE=unknown
1000
CHAIN=chain_ms1ujtel
1000
PIECE_ID=collar_stand_manual_01
1000
SEAM_PAIR=
1000
PAIRED_CHAIN=
1000
NOTCH_CHAIN=
1000
NOTCH_SOURCE=
1000
PIECE_ROLE=collar_stand
1000
SEAM_ALLOWANCE_MM=
1000
SOURCE_LAYER=11
0
VERTEX
8
AI4M_01_ATOM_CUT
10
3789.673763
20
729.830864
30
0
0
VERTEX
8
AI4M_01_ATOM_CUT
10
3790.646052
20
724.926309
30
0
0
SEQEND
8
AI4M_01_ATOM_CUT
0
TEXT
8
AI4M_01_ATOM_CUT
10
3789.673763
20
729.830864
30
0
40
2.5
1
AI4M_line_0392_cut_line_unknown
1001
AI4MANUFACTURING
1000
WRITEBACK_PHASE=01_ATOM_LABEL
1000
ENTITY_ID=line_0392
999
AI4M_ENTITY=line_0393__seg_01;LINE_ROLE=cut_line;EDGE=unknown;SOURCE_LAYER=11
0
POLYLINE
8
AI4M_01_ATOM_CUT
66
1
70
0
1001
AI4MANUFACTURING
1000
WRITEBACK_PHASE=01_ATOM
1000
ENTITY_ID=line_0393__seg_01
1000
SOURCE_HANDLE=F45
1000
LINE_ROLE=cut_line
1000
EDGE=unknown
1000
CHAIN=chain_ms1ujtel
1000
PIECE_ID=collar_stand_manual_01
1000
SEAM_PAIR=
1000
PAIRED_CHAIN=
1000
NOTCH_CHAIN=
1000
NOTCH_SOURCE=
1000
PIECE_ROLE=collar_stand
1000
SEAM_ALLOWANCE_MM=
1000
SOURCE_LAYER=11
0
VERTEX
8
AI4M_01_ATOM_CUT
10
3790.437012
20
727.433472
30
0
0
VERTEX
8
AI4M_01_ATOM_CUT
10
3794.864496
20
728.233245
30
0
0
VERTEX
8
AI4M_01_ATOM_CUT
10
3798.134902
20
728.582069
30
0
0
VERTEX
8
AI4M_01_ATOM_CUT
10
3801.304678
20
728.670536
30
0
0
VERTEX
8
AI4M_01_ATOM_CUT
10
3804.343093
20
728.507177
30
0
0
VERTEX
8
AI4M_01_ATOM_CUT
10
3807.176693
20
728.110757
30
0
0
VERTEX
8
AI4M_01_ATOM_CUT
10
3809.881958
20
727.482846
30
0
0
VERTEX
8
AI4M_01_ATOM_CUT
10
3812.397573
20
726.645757
30
0
0
VERTEX
8
AI4M_01_ATOM_CUT
10
3814.692696
20
725.6296
30
0
0
VERTEX
8
AI4M_01_ATOM_CUT
10
3816.91555
20
724.373574
30
0
0
VERTEX
8
AI4M_01_ATOM_CUT
10
3819.00165
20
722.911
30
0
0
VERTEX
8
AI4M_01_ATOM_CUT
10
3821.020573
20
721.192691
30
0
0
VERTEX
8
AI4M_01_ATOM_CUT
10
3823.006131
20
719.167966
30
0
0
VERTEX
8
AI4M_01_ATOM_CUT
10
3824.929337
20
716.834732
30
0
0
VERTEX
8
AI4M_01_ATOM_CUT
10
3826.839483
20
714.098603
30
0
0
VERTEX
8
AI4M_01_ATOM_CUT
10
3829.017692
20
710.472214
30
0
0
VERTEX
8
AI4M_01_ATOM_CUT
10
3832.985678
20
703.54763
30
0
0
VERTEX
8
AI4M_01_ATOM_CUT
10
3836.681213
20
697.569427
30
0
0
SEQEND
8
AI4M_01_ATOM_CUT
0
TEXT
8
AI4M_01_ATOM_CUT
10
3790.437012
20
727.433472
30
0
40
2.5
1
AI4M_line_0393__seg_01_cut_line_unknown
1001
AI4MANUFACTURING
1000
WRITEBACK_PHASE=01_ATOM_LABEL
1000
ENTITY_ID=line_0393__seg_01
999
AI4M_ENTITY=line_0394__seg_01;LINE_ROLE=cut_line;EDGE=unknown;SOURCE_LAYER=11
0
POLYLINE
8
AI4M_01_ATOM_CUT
66
1
70
0
1001
AI4MANUFACTURING
1000
WRITEBACK_PHASE=01_ATOM
1000
ENTITY_ID=line_0394__seg_01
1000
SOURCE_HANDLE=F5A
1000
LINE_ROLE=cut_line
1000
EDGE=unknown
1000
CHAIN=chain_ms1ujtel
1000
PIECE_ID=collar_stand_manual_01
1000
SEAM_PAIR=
1000
PAIRED_CHAIN=
1000
NOTCH_CHAIN=
1000
NOTCH_SOURCE=
1000
PIECE_ROLE=collar_stand
1000
SEAM_ALLOWANCE_MM=
1000
SOURCE_LAYER=11
0
VERTEX
8
AI4M_01_ATOM_CUT
10
3836.681213
20
697.569427
30
0
0
VERTEX
8
AI4M_01_ATOM_CUT
10
3825.256074
20
691.843433
30
0
0
VERTEX
8
AI4M_01_ATOM_CUT
10
3815.901038
20
687.059558
30
0
0
VERTEX
8
AI4M_01_ATOM_CUT
10
3810.656376
20
684.658355
30
0
0
VERTEX
8
AI4M_01_ATOM_CUT
10
3805.706878
20
682.671631
30
0
0
VERTEX
8
AI4M_01_ATOM_CUT
10
3799.760809
20
680.573142
30
0
0
VERTEX
8
AI4M_01_ATOM_CUT
10
3792.152707
20
678.182987
30
0
0
VERTEX
8
AI4M_01_ATOM_CUT
10
3782.826799
20
675.513238
30
0
0
VERTEX
8
AI4M_01_ATOM_CUT
10
3773.449283
20
673.087522
30
0
0
VERTEX
8
AI4M_01_ATOM_CUT
10
3763.735142
20
670.833157
30
0
0
VERTEX
8
AI4M_01_ATOM_CUT
10
3753.866846
20
668.79552
30
0
0
VERTEX
8
AI4M_01_ATOM_CUT
10
3743.805686
20
666.973116
30
0
0
VERTEX
8
AI4M_01_ATOM_CUT
10
3733.349097
20
665.336591
30
0
0
VERTEX
8
AI4M_01_ATOM_CUT
10
3722.541633
20
663.903703
30
0
0
VERTEX
8
AI4M_01_ATOM_CUT
10
3709.800616
20
662.489963
30
0
0
VERTEX
8
AI4M_01_ATOM_CUT
10
3699.35616
20
661.542387
30
0
0
VERTEX
8
AI4M_01_ATOM_CUT
10
3684.37896
20
660.54897
30
0
0
VERTEX
8
AI4M_01_ATOM_CUT
10
3672.520894
20
659.872751
30
0
0
VERTEX
8
AI4M_01_ATOM_CUT
10
3657.848586
20
659.331185
30
0
0
VERTEX
8
AI4M_01_ATOM_CUT
10
3642.711557
20
658.932541
30
0
0
VERTEX
8
AI4M_01_ATOM_CUT
10
3627.616713
20
658.664117
30
0
0
VERTEX
8
AI4M_01_ATOM_CUT
10
3612.478407
20
658.519666
30
0
0
VERTEX
8
AI4M_01_ATOM_CUT
10
3597.435633
20
658.470946
30
0
0
VERTEX
8
AI4M_01_ATOM_CUT
10
3586.308289
20
658.492432
30
0
0
SEQEND
8
AI4M_01_ATOM_CUT
0
TEXT
8
AI4M_01_ATOM_CUT
10
3836.681213
20
697.569427
30
0
40
2.5
1
AI4M_line_0394__seg_01_cut_line_unknown
1001
AI4MANUFACTURING
1000
WRITEBACK_PHASE=01_ATOM_LABEL
1000
ENTITY_ID=line_0394__seg_01
999
AI4M_ENTITY=line_0395;LINE_ROLE=cut_line;EDGE=unknown;SOURCE_LAYER=11
0
POLYLINE
8
AI4M_01_ATOM_CUT
66
1
70
0
1001
AI4MANUFACTURING
1000
WRITEBACK_PHASE=01_ATOM
1000
ENTITY_ID=line_0395
1000
SOURCE_HANDLE=F75
1000
LINE_ROLE=cut_line
1000
EDGE=unknown
1000
CHAIN=chain_ms1ujtel
1000
PIECE_ID=collar_stand_manual_01
1000
SEAM_PAIR=
1000
PAIRED_CHAIN=
1000
NOTCH_CHAIN=
1000
NOTCH_SOURCE=
1000
PIECE_ROLE=collar_stand
1000
SEAM_ALLOWANCE_MM=
1000
SOURCE_LAYER=11
0
VERTEX
8
AI4M_01_ATOM_CUT
10
3690.815235
20
658.463366
30
0
0
VERTEX
8
AI4M_01_ATOM_CUT
10
3690.496904
20
663.453222
30
0
0
SEQEND
8
AI4M_01_ATOM_CUT
0
TEXT
8
AI4M_01_ATOM_CUT
10
3690.815235
20
658.463366
30
0
40
2.5
1
AI4M_line_0395_cut_line_unknown
1001
AI4MANUFACTURING
1000
WRITEBACK_PHASE=01_ATOM_LABEL
1000
ENTITY_ID=line_0395
999
AI4M_ENTITY=line_0396__seg_01;LINE_ROLE=collar_attach_line;EDGE=collar_attach_line;SOURCE_LAYER=11
0
POLYLINE
8
AI4M_01_ATOM_INTERNAL
66
1
70
0
1001
AI4MANUFACTURING
1000
WRITEBACK_PHASE=01_ATOM
1000
ENTITY_ID=line_0396__seg_01
1000
SOURCE_HANDLE=F76
1000
LINE_ROLE=collar_attach_line
1000
EDGE=collar_attach_line
1000
CHAIN=chain_ms1ujtel
1000
PIECE_ID=collar_stand_manual_01
1000
SEAM_PAIR=
1000
PAIRED_CHAIN=
1000
NOTCH_CHAIN=
1000
NOTCH_SOURCE=
1000
PIECE_ROLE=collar_stand
1000
SEAM_ALLOWANCE_MM=
1000
SOURCE_LAYER=11
0
VERTEX
8
AI4M_01_ATOM_INTERNAL
10
3586.308289
20
670.492935
30
0
0
VERTEX
8
AI4M_01_ATOM_INTERNAL
10
3571.221915
20
670.531446
30
0
0
VERTEX
8
AI4M_01_ATOM_INTERNAL
10
3556.181924
20
670.572312
30
0
0
VERTEX
8
AI4M_01_ATOM_INTERNAL
10
3541.171509
20
670.721193
30
0
0
VERTEX
8
AI4M_01_ATOM_INTERNAL
10
3526.154498
20
671.015227
30
0
0
VERTEX
8
AI4M_01_ATOM_INTERNAL
10
3511.106818
20
671.462394
30
0
0
VERTEX
8
AI4M_01_ATOM_INTERNAL
10
3496.117834
20
672.096084
30
0
0
VERTEX
8
AI4M_01_ATOM_INTERNAL
10
3482.720376
20
672.885849
30
0
0
VERTEX
8
AI4M_01_ATOM_INTERNAL
10
3470.273813
20
673.854435
30
0
0
VERTEX
8
AI4M_01_ATOM_INTERNAL
10
3458.560514
20
675.001723
30
0
0
VERTEX
8
AI4M_01_ATOM_INTERNAL
10
3447.455796
20
676.325698
30
0
0
VERTEX
8
AI4M_01_ATOM_INTERNAL
10
3436.975788
20
677.81188
30
0
0
VERTEX
8
AI4M_01_ATOM_INTERNAL
10
3427.025488
20
679.461732
30
0
0
VERTEX
8
AI4M_01_ATOM_INTERNAL
10
3417.328443
20
681.311939
30
0
0
VERTEX
8
AI4M_01_ATOM_INTERNAL
10
3407.691163
20
683.39799
30
0
0
VERTEX
8
AI4M_01_ATOM_INTERNAL
10
3398.254422
20
685.688181
30
0
0
VERTEX
8
AI4M_01_ATOM_INTERNAL
10
3389.231798
20
688.121633
30
0
0
VERTEX
8
AI4M_01_ATOM_INTERNAL
10
3380.575455
20
690.700833
30
0
0
VERTEX
8
AI4M_01_ATOM_INTERNAL
10
3373.833881
20
692.920559
30
0
0
VERTEX
8
AI4M_01_ATOM_INTERNAL
10
3368.761488
20
694.825871
30
0
0
VERTEX
8
AI4M_01_ATOM_INTERNAL
10
3364.214461
20
696.787701
30
0
0
VERTEX
8
AI4M_01_ATOM_INTERNAL
10
3359.084147
20
699.286162
30
0
0
VERTEX
8
AI4M_01_ATOM_INTERNAL
10
3353.034668
20
702.495728
30
0
0
SEQEND
8
AI4M_01_ATOM_INTERNAL
0
TEXT
8
AI4M_01_ATOM_INTERNAL
10
3586.308289
20
670.492935
30
0
40
2.5
1
AI4M_line_0396__seg_01_collar_attach_line_collar_attach_line
1001
AI4MANUFACTURING
1000
WRITEBACK_PHASE=01_ATOM_LABEL
1000
ENTITY_ID=line_0396__seg_01
999
AI4M_ENTITY=line_0397;LINE_ROLE=cut_line;EDGE=unknown;SOURCE_LAYER=11
0
POLYLINE
8
AI4M_01_ATOM_CUT
66
1
70
0
1001
AI4MANUFACTURING
1000
WRITEBACK_PHASE=01_ATOM
1000
ENTITY_ID=line_0397
1000
SOURCE_HANDLE=F90
1000
LINE_ROLE=cut_line
1000
EDGE=unknown
1000
CHAIN=chain_ms1ujtel
1000
PIECE_ID=collar_stand_manual_01
1000
SEAM_PAIR=
1000
PAIRED_CHAIN=
1000
NOTCH_CHAIN=
1000
NOTCH_SOURCE=
1000
PIECE_ROLE=collar_stand
1000
SEAM_ALLOWANCE_MM=
1000
SOURCE_LAYER=11
0
VERTEX
8
AI4M_01_ATOM_CUT
10
3583.808289
20
670.49154
30
0
0
VERTEX
8
AI4M_01_ATOM_CUT
10
3588.808288
20
670.494331
30
0
0
SEQEND
8
AI4M_01_ATOM_CUT
0
TEXT
8
AI4M_01_ATOM_CUT
10
3583.808289
20
670.49154
30
0
40
2.5
1
AI4M_line_0397_cut_line_unknown
1001
AI4MANUFACTURING
1000
WRITEBACK_PHASE=01_ATOM_LABEL
1000
ENTITY_ID=line_0397
999
AI4M_ENTITY=line_0398;LINE_ROLE=cut_line;EDGE=unknown;SOURCE_LAYER=11
0
POLYLINE
8
AI4M_01_ATOM_CUT
66
1
70
0
1001
AI4MANUFACTURING
1000
WRITEBACK_PHASE=01_ATOM
1000
ENTITY_ID=line_0398
1000
SOURCE_HANDLE=F91
1000
LINE_ROLE=cut_line
1000
EDGE=unknown
1000
CHAIN=chain_ms1ujtel
1000
PIECE_ID=collar_stand_manual_01
1000
SEAM_PAIR=
1000
PAIRED_CHAIN=
1000
NOTCH_CHAIN=
1000
NOTCH_SOURCE=
1000
PIECE_ROLE=collar_stand
1000
SEAM_ALLOWANCE_MM=
1000
SOURCE_LAYER=11
0
VERTEX
8
AI4M_01_ATOM_CUT
10
3482.551564
20
670.391555
30
0
0
VERTEX
8
AI4M_01_ATOM_CUT
10
3482.892457
20
675.37992
30
0
0
SEQEND
8
AI4M_01_ATOM_CUT
0
TEXT
8
AI4M_01_ATOM_CUT
10
3482.551564
20
670.391555
30
0
40
2.5
1
AI4M_line_0398_cut_line_unknown
1001
AI4MANUFACTURING
1000
WRITEBACK_PHASE=01_ATOM_LABEL
1000
ENTITY_ID=line_0398
999
AI4M_ENTITY=line_0399__seg_01;LINE_ROLE=collar_attach_line;EDGE=collar_attach_line;SOURCE_LAYER=11
0
POLYLINE
8
AI4M_01_ATOM_INTERNAL
66
1
70
0
1001
AI4MANUFACTURING
1000
WRITEBACK_PHASE=01_ATOM
1000
ENTITY_ID=line_0399__seg_01
1000
SOURCE_HANDLE=F92
1000
LINE_ROLE=collar_attach_line
1000
EDGE=collar_attach_line
1000
CHAIN=chain_ms1ujtel
1000
PIECE_ID=collar_stand_manual_01
1000
SEAM_PAIR=
1000
PAIRED_CHAIN=
1000
NOTCH_CHAIN=
1000
NOTCH_SOURCE=
1000
PIECE_ROLE=collar_stand
1000
SEAM_ALLOWANCE_MM=
1000
SOURCE_LAYER=11
0
VERTEX
8
AI4M_01_ATOM_INTERNAL
10
3353.034668
20
702.495728
30
0
0
VERTEX
8
AI4M_01_ATOM_INTERNAL
10
3354.998564
20
706.188144
30
0
0
VERTEX
8
AI4M_01_ATOM_INTERNAL
10
3356.579314
20
708.669751
30
0
0
VERTEX
8
AI4M_01_ATOM_INTERNAL
10
3358.138533
20
710.692625
30
0
0
VERTEX
8
AI4M_01_ATOM_INTERNAL
10
3359.651503
20
712.295532
30
0
0
VERTEX
8
AI4M_01_ATOM_INTERNAL
10
3361.217197
20
713.615365
30
0
0
VERTEX
8
AI4M_01_ATOM_INTERNAL
10
3362.757859
20
714.61594
30
0
0
VERTEX
8
AI4M_01_ATOM_INTERNAL
10
3364.435975
20
715.409681
30
0
0
VERTEX
8
AI4M_01_ATOM_INTERNAL
10
3366.322002
20
716.023114
30
0
0
VERTEX
8
AI4M_01_ATOM_INTERNAL
10
3368.428823
20
716.443518
30
0
0
VERTEX
8
AI4M_01_ATOM_INTERNAL
10
3370.784752
20
716.654364
30
0
0
VERTEX
8
AI4M_01_ATOM_INTERNAL
10
3373.333248
20
716.629553
30
0
0
VERTEX
8
AI4M_01_ATOM_INTERNAL
10
3376.081098
20
716.351544
30
0
0
VERTEX
8
AI4M_01_ATOM_INTERNAL
10
3380.124512
20
715.610962
30
0
0
SEQEND
8
AI4M_01_ATOM_INTERNAL
0
TEXT
8
AI4M_01_ATOM_INTERNAL
10
3353.034668
20
702.495728
30
0
40
2.5
1
AI4M_line_0399__seg_01_collar_attach_line_collar_attach_line
1001
AI4MANUFACTURING
1000
WRITEBACK_PHASE=01_ATOM_LABEL
1000
ENTITY_ID=line_0399__seg_01
999
AI4M_ENTITY=line_0400;LINE_ROLE=cut_line;EDGE=unknown;SOURCE_LAYER=11
0
POLYLINE
8
AI4M_01_ATOM_CUT
66
1
70
0
1001
AI4MANUFACTURING
1000
WRITEBACK_PHASE=01_ATOM
1000
ENTITY_ID=line_0400
1000
SOURCE_HANDLE=FA3
1000
LINE_ROLE=cut_line
1000
EDGE=unknown
1000
CHAIN=chain_ms1ujtel
1000
PIECE_ID=collar_stand_manual_01
1000
SEAM_PAIR=
1000
PAIRED_CHAIN=
1000
NOTCH_CHAIN=
1000
NOTCH_SOURCE=
1000
PIECE_ROLE=collar_stand
1000
SEAM_ALLOWANCE_MM=
1000
SOURCE_LAYER=11
0
VERTEX
8
AI4M_01_ATOM_CUT
10
3377.625392
20
715.545301
30
0
0
VERTEX
8
AI4M_01_ATOM_CUT
10
3382.623667
20
715.676616
30
0
0
SEQEND
8
AI4M_01_ATOM_CUT
0
TEXT
8
AI4M_01_ATOM_CUT
10
3377.625392
20
715.545301
30
0
40
2.5
1
AI4M_line_0400_cut_line_unknown
1001
AI4MANUFACTURING
1000
WRITEBACK_PHASE=01_ATOM_LABEL
1000
ENTITY_ID=line_0400
999
AI4M_ENTITY=line_0401__seg_01;LINE_ROLE=collar_attach_line;EDGE=collar_attach_line;SOURCE_LAYER=11
0
POLYLINE
8
AI4M_01_ATOM_INTERNAL
66
1
70
0
1001
AI4MANUFACTURING
1000
WRITEBACK_PHASE=01_ATOM
1000
ENTITY_ID=line_0401__seg_01
1000
SOURCE_HANDLE=FA4
1000
LINE_ROLE=collar_attach_line
1000
EDGE=collar_attach_line
1000
CHAIN=chain_ms1ujtel
1000
PIECE_ID=collar_stand_manual_01
1000
SEAM_PAIR=
1000
PAIRED_CHAIN=
1000
NOTCH_CHAIN=
1000
NOTCH_SOURCE=
1000
PIECE_ROLE=collar_stand
1000
SEAM_ALLOWANCE_MM=
1000
SOURCE_LAYER=11
0
VERTEX
8
AI4M_01_ATOM_INTERNAL
10
3380.124512
20
715.610962
30
0
0
VERTEX
8
AI4M_01_ATOM_INTERNAL
10
3393.752689
20
712.842936
30
0
0
VERTEX
8
AI4M_01_ATOM_INTERNAL
10
3405.590125
20
710.669617
30
0
0
VERTEX
8
AI4M_01_ATOM_INTERNAL
10
3416.288513
20
708.951396
30
0
0
VERTEX
8
AI4M_01_ATOM_INTERNAL
10
3427.735651
20
707.363847
30
0
0
VERTEX
8
AI4M_01_ATOM_INTERNAL
10
3440.106593
20
705.900089
30
0
0
VERTEX
8
AI4M_01_ATOM_INTERNAL
10
3453.199347
20
704.599157
30
0
0
VERTEX
8
AI4M_01_ATOM_INTERNAL
10
3466.807593
20
703.49498
30
0
0
VERTEX
8
AI4M_01_ATOM_INTERNAL
10
3481.192713
20
702.578384
30
0
0
VERTEX
8
AI4M_01_ATOM_INTERNAL
10
3496.247443
20
701.863349
30
0
0
VERTEX
8
AI4M_01_ATOM_INTERNAL
10
3511.328675
20
701.355916
30
0
0
VERTEX
8
AI4M_01_ATOM_INTERNAL
10
3526.349146
20
701.019239
30
0
0
VERTEX
8
AI4M_01_ATOM_INTERNAL
10
3541.377004
20
700.815267
30
0
0
VERTEX
8
AI4M_01_ATOM_INTERNAL
10
3556.454577
20
700.709697
30
0
0
VERTEX
8
AI4M_01_ATOM_INTERNAL
10
3571.512358
20
700.703414
30
0
0
VERTEX
8
AI4M_01_ATOM_INTERNAL
10
3586.308289
20
700.796967
30
0
0
SEQEND
8
AI4M_01_ATOM_INTERNAL
0
TEXT
8
AI4M_01_ATOM_INTERNAL
10
3380.124512
20
715.610962
30
0
40
2.5
1
AI4M_line_0401__seg_01_collar_attach_line_collar_attach_line
1001
AI4MANUFACTURING
1000
WRITEBACK_PHASE=01_ATOM_LABEL
1000
ENTITY_ID=line_0401__seg_01
999
AI4M_ENTITY=line_0402;LINE_ROLE=cut_line;EDGE=unknown;SOURCE_LAYER=11
0
POLYLINE
8
AI4M_01_ATOM_CUT
66
1
70
0
1001
AI4MANUFACTURING
1000
WRITEBACK_PHASE=01_ATOM
1000
ENTITY_ID=line_0402
1000
SOURCE_HANDLE=FB7
1000
LINE_ROLE=cut_line
1000
EDGE=unknown
1000
CHAIN=chain_ms1ujtel
1000
PIECE_ID=collar_stand_manual_01
1000
SEAM_PAIR=
1000
PAIRED_CHAIN=
1000
NOTCH_CHAIN=
1000
NOTCH_SOURCE=
1000
PIECE_ROLE=collar_stand
1000
SEAM_ALLOWANCE_MM=
1000
SOURCE_LAYER=11
0
VERTEX
8
AI4M_01_ATOM_CUT
10
3482.945093
20
704.987106
30
0
0
VERTEX
8
AI4M_01_ATOM_CUT
10
3482.677316
20
699.994282
30
0
0
SEQEND
8
AI4M_01_ATOM_CUT
0
TEXT
8
AI4M_01_ATOM_CUT
10
3482.945093
20
704.987106
30
0
40
2.5
1
AI4M_line_0402_cut_line_unknown
1001
AI4MANUFACTURING
1000
WRITEBACK_PHASE=01_ATOM_LABEL
1000
ENTITY_ID=line_0402
999
AI4M_ENTITY=line_0403;LINE_ROLE=cut_line;EDGE=unknown;SOURCE_LAYER=11
0
POLYLINE
8
AI4M_01_ATOM_CUT
66
1
70
0
1001
AI4MANUFACTURING
1000
WRITEBACK_PHASE=01_ATOM
1000
ENTITY_ID=line_0403
1000
SOURCE_HANDLE=FB8
1000
LINE_ROLE=cut_line
1000
EDGE=unknown
1000
CHAIN=chain_ms1ujtel
1000
PIECE_ID=collar_stand_manual_01
1000
SEAM_PAIR=
1000
PAIRED_CHAIN=
1000
NOTCH_CHAIN=
1000
NOTCH_SOURCE=
1000
PIECE_ROLE=collar_stand
1000
SEAM_ALLOWANCE_MM=
1000
SOURCE_LAYER=11
0
VERTEX
8
AI4M_01_ATOM_CUT
10
3586.306902
20
703.296963
30
0
0
VERTEX
8
AI4M_01_ATOM_CUT
10
3586.308883
20
698.296963
30
0
0
SEQEND
8
AI4M_01_ATOM_CUT
0
TEXT
8
AI4M_01_ATOM_CUT
10
3586.306902
20
703.296963
30
0
40
2.5
1
AI4M_line_0403_cut_line_unknown
1001
AI4MANUFACTURING
1000
WRITEBACK_PHASE=01_ATOM_LABEL
1000
ENTITY_ID=line_0403
999
AI4M_ENTITY=line_0404__seg_01;LINE_ROLE=collar_attach_line;EDGE=collar_attach_line;SOURCE_LAYER=11
0
POLYLINE
8
AI4M_01_ATOM_INTERNAL
66
1
70
0
1001
AI4MANUFACTURING
1000
WRITEBACK_PHASE=01_ATOM
1000
ENTITY_ID=line_0404__seg_01
1000
SOURCE_HANDLE=FB9
1000
LINE_ROLE=collar_attach_line
1000
EDGE=collar_attach_line
1000
CHAIN=chain_ms1ujtel
1000
PIECE_ID=collar_stand_manual_01
1000
SEAM_PAIR=
1000
PAIRED_CHAIN=
1000
NOTCH_CHAIN=
1000
NOTCH_SOURCE=
1000
PIECE_ROLE=collar_stand
1000
SEAM_ALLOWANCE_MM=
1000
SOURCE_LAYER=11
0
VERTEX
8
AI4M_01_ATOM_INTERNAL
10
3586.308289
20
700.796967
30
0
0
VERTEX
8
AI4M_01_ATOM_INTERNAL
10
3601.635403
20
700.71396
30
0
0
VERTEX
8
AI4M_01_ATOM_INTERNAL
10
3616.851941
20
700.710383
30
0
0
VERTEX
8
AI4M_01_ATOM_INTERNAL
10
3631.986539
20
700.814677
30
0
0
VERTEX
8
AI4M_01_ATOM_INTERNAL
10
3647.119114
20
701.035097
30
0
0
VERTEX
8
AI4M_01_ATOM_INTERNAL
10
3662.250148
20
701.383879
30
0
0
VERTEX
8
AI4M_01_ATOM_INTERNAL
10
3677.479383
20
701.908122
30
0
0
VERTEX
8
AI4M_01_ATOM_INTERNAL
10
3692.708398
20
702.650836
30
0
0
VERTEX
8
AI4M_01_ATOM_INTERNAL
10
3707.154716
20
703.593479
30
0
0
VERTEX
8
AI4M_01_ATOM_INTERNAL
10
3720.847697
20
704.729708
30
0
0
VERTEX
8
AI4M_01_ATOM_INTERNAL
10
3733.938328
20
706.056445
30
0
0
VERTEX
8
AI4M_01_ATOM_INTERNAL
10
3746.243979
20
707.540628
30
0
0
VERTEX
8
AI4M_01_ATOM_INTERNAL
10
3757.646758
20
709.150099
30
0
0
VERTEX
8
AI4M_01_ATOM_INTERNAL
10
3768.595959
20
710.9427
30
0
0
VERTEX
8
AI4M_01_ATOM_INTERNAL
10
3780.414097
20
713.148914
30
0
0
VERTEX
8
AI4M_01_ATOM_INTERNAL
10
3792.49176
20
715.610962
30
0
0
SEQEND
8
AI4M_01_ATOM_INTERNAL
0
TEXT
8
AI4M_01_ATOM_INTERNAL
10
3586.308289
20
700.796967
30
0
40
2.5
1
AI4M_line_0404__seg_01_collar_attach_line_collar_attach_line
1001
AI4MANUFACTURING
1000
WRITEBACK_PHASE=01_ATOM_LABEL
1000
ENTITY_ID=line_0404__seg_01
999
AI4M_ENTITY=line_0405;LINE_ROLE=cut_line;EDGE=unknown;SOURCE_LAYER=11
0
POLYLINE
8
AI4M_01_ATOM_CUT
66
1
70
0
1001
AI4MANUFACTURING
1000
WRITEBACK_PHASE=01_ATOM
1000
ENTITY_ID=line_0405
1000
SOURCE_HANDLE=FCC
1000
LINE_ROLE=cut_line
1000
EDGE=unknown
1000
CHAIN=chain_ms1ujtel
1000
PIECE_ID=collar_stand_manual_01
1000
SEAM_PAIR=
1000
PAIRED_CHAIN=
1000
NOTCH_CHAIN=
1000
NOTCH_SOURCE=
1000
PIECE_ROLE=collar_stand
1000
SEAM_ALLOWANCE_MM=
1000
SOURCE_LAYER=11
0
VERTEX
8
AI4M_01_ATOM_CUT
10
3689.671675
20
704.986933
30
0
0
VERTEX
8
AI4M_01_ATOM_CUT
10
3689.939441
20
699.994108
30
0
0
SEQEND
8
AI4M_01_ATOM_CUT
0
TEXT
8
AI4M_01_ATOM_CUT
10
3689.671675
20
704.986933
30
0
40
2.5
1
AI4M_line_0405_cut_line_unknown
1001
AI4MANUFACTURING
1000
WRITEBACK_PHASE=01_ATOM_LABEL
1000
ENTITY_ID=line_0405
999
AI4M_ENTITY=line_0406;LINE_ROLE=cut_line;EDGE=unknown;SOURCE_LAYER=11
0
POLYLINE
8
AI4M_01_ATOM_CUT
66
1
70
0
1001
AI4MANUFACTURING
1000
WRITEBACK_PHASE=01_ATOM
1000
ENTITY_ID=line_0406
1000
SOURCE_HANDLE=FCD
1000
LINE_ROLE=cut_line
1000
EDGE=unknown
1000
CHAIN=chain_ms1ujtel
1000
PIECE_ID=collar_stand_manual_01
1000
SEAM_PAIR=
1000
PAIRED_CHAIN=
1000
NOTCH_CHAIN=
1000
NOTCH_SOURCE=
1000
PIECE_ROLE=collar_stand
1000
SEAM_ALLOWANCE_MM=
1000
SOURCE_LAYER=11
0
VERTEX
8
AI4M_01_ATOM_CUT
10
3763.000897
20
712.527771
30
0
0
VERTEX
8
AI4M_01_ATOM_CUT
10
3763.810641
20
707.593775
30
0
0
SEQEND
8
AI4M_01_ATOM_CUT
0
TEXT
8
AI4M_01_ATOM_CUT
10
3763.000897
20
712.527771
30
0
40
2.5
1
AI4M_line_0406_cut_line_unknown
1001
AI4MANUFACTURING
1000
WRITEBACK_PHASE=01_ATOM_LABEL
1000
ENTITY_ID=line_0406
999
AI4M_ENTITY=line_0407;LINE_ROLE=cut_line;EDGE=unknown;SOURCE_LAYER=11
0
POLYLINE
8
AI4M_01_ATOM_CUT
66
1
70
0
1001
AI4MANUFACTURING
1000
WRITEBACK_PHASE=01_ATOM
1000
ENTITY_ID=line_0407
1000
SOURCE_HANDLE=FCE
1000
LINE_ROLE=cut_line
1000
EDGE=unknown
1000
CHAIN=chain_ms1ujtel
1000
PIECE_ID=collar_stand_manual_01
1000
SEAM_PAIR=
1000
PAIRED_CHAIN=
1000
NOTCH_CHAIN=
1000
NOTCH_SOURCE=
1000
PIECE_ROLE=collar_stand
1000
SEAM_ALLOWANCE_MM=
1000
SOURCE_LAYER=11
0
VERTEX
8
AI4M_01_ATOM_CUT
10
3789.991928
20
715.628951
30
0
0
VERTEX
8
AI4M_01_ATOM_CUT
10
3794.991799
20
715.593015
30
0
0
SEQEND
8
AI4M_01_ATOM_CUT
0
TEXT
8
AI4M_01_ATOM_CUT
10
3789.991928
20
715.628951
30
0
40
2.5
1
AI4M_line_0407_cut_line_unknown
1001
AI4MANUFACTURING
1000
WRITEBACK_PHASE=01_ATOM_LABEL
1000
ENTITY_ID=line_0407
999
AI4M_ENTITY=line_0408__seg_01;LINE_ROLE=collar_attach_line;EDGE=collar_attach_line;SOURCE_LAYER=11
0
POLYLINE
8
AI4M_01_ATOM_INTERNAL
66
1
70
0
1001
AI4MANUFACTURING
1000
WRITEBACK_PHASE=01_ATOM
1000
ENTITY_ID=line_0408__seg_01
1000
SOURCE_HANDLE=FCF
1000
LINE_ROLE=collar_attach_line
1000
EDGE=collar_attach_line
1000
CHAIN=chain_ms1ujtel
1000
PIECE_ID=collar_stand_manual_01
1000
SEAM_PAIR=
1000
PAIRED_CHAIN=
1000
NOTCH_CHAIN=
1000
NOTCH_SOURCE=
1000
PIECE_ROLE=collar_stand
1000
SEAM_ALLOWANCE_MM=
1000
SOURCE_LAYER=11
0
VERTEX
8
AI4M_01_ATOM_INTERNAL
10
3792.49176
20
715.610962
30
0
0
VERTEX
8
AI4M_01_ATOM_INTERNAL
10
3796.490949
20
716.346132
30
0
0
VERTEX
8
AI4M_01_ATOM_INTERNAL
10
3799.338847
20
716.631973
30
0
0
VERTEX
8
AI4M_01_ATOM_INTERNAL
10
3801.883994
20
716.652517
30
0
0
VERTEX
8
AI4M_01_ATOM_INTERNAL
10
3804.248941
20
716.43428
30
0
0
VERTEX
8
AI4M_01_ATOM_INTERNAL
10
3806.373891
20
716.002061
30
0
0
VERTEX
8
AI4M_01_ATOM_INTERNAL
10
3808.285575
20
715.368399
30
0
0
VERTEX
8
AI4M_01_ATOM_INTERNAL
10
3809.963569
20
714.554185
30
0
0
VERTEX
8
AI4M_01_ATOM_INTERNAL
10
3811.526183
20
713.521638
30
0
0
VERTEX
8
AI4M_01_ATOM_INTERNAL
10
3813.060708
20
712.205116
30
0
0
VERTEX
8
AI4M_01_ATOM_INTERNAL
10
3814.617273
20
710.527116
30
0
0
VERTEX
8
AI4M_01_ATOM_INTERNAL
10
3816.185192
20
708.455267
30
0
0
VERTEX
8
AI4M_01_ATOM_INTERNAL
10
3817.767317
20
705.928058
30
0
0
VERTEX
8
AI4M_01_ATOM_INTERNAL
10
3819.581604
20
702.495728
30
0
0
SEQEND
8
AI4M_01_ATOM_INTERNAL
0
TEXT
8
AI4M_01_ATOM_INTERNAL
10
3792.49176
20
715.610962
30
0
40
2.5
1
AI4M_line_0408__seg_01_collar_attach_line_collar_attach_line
1001
AI4MANUFACTURING
1000
WRITEBACK_PHASE=01_ATOM_LABEL
1000
ENTITY_ID=line_0408__seg_01
999
AI4M_ENTITY=line_0409__seg_01;LINE_ROLE=collar_attach_line;EDGE=collar_attach_line;SOURCE_LAYER=11
0
POLYLINE
8
AI4M_01_ATOM_INTERNAL
66
1
70
0
1001
AI4MANUFACTURING
1000
WRITEBACK_PHASE=01_ATOM
1000
ENTITY_ID=line_0409__seg_01
1000
SOURCE_HANDLE=FE0
1000
LINE_ROLE=collar_attach_line
1000
EDGE=collar_attach_line
1000
CHAIN=chain_ms1ujtel
1000
PIECE_ID=collar_stand_manual_01
1000
SEAM_PAIR=
1000
PAIRED_CHAIN=
1000
NOTCH_CHAIN=
1000
NOTCH_SOURCE=
1000
PIECE_ROLE=collar_stand
1000
SEAM_ALLOWANCE_MM=
1000
SOURCE_LAYER=11
0
VERTEX
8
AI4M_01_ATOM_INTERNAL
10
3819.581604
20
702.495728
30
0
0
VERTEX
8
AI4M_01_ATOM_INTERNAL
10
3812.147084
20
698.586336
30
0
0
VERTEX
8
AI4M_01_ATOM_INTERNAL
10
3807.080858
20
696.190291
30
0
0
VERTEX
8
AI4M_01_ATOM_INTERNAL
10
3802.543334
20
694.308418
30
0
0
VERTEX
8
AI4M_01_ATOM_INTERNAL
10
3797.046672
20
692.320401
30
0
0
VERTEX
8
AI4M_01_ATOM_INTERNAL
10
3789.896222
20
690.036042
30
0
0
VERTEX
8
AI4M_01_ATOM_INTERNAL
10
3780.727131
20
687.380635
30
0
0
VERTEX
8
AI4M_01_ATOM_INTERNAL
10
3771.466746
20
684.957844
30
0
0
VERTEX
8
AI4M_01_ATOM_INTERNAL
10
3761.8513
20
682.705605
30
0
0
VERTEX
8
AI4M_01_ATOM_INTERNAL
10
3752.07534
20
680.671897
30
0
0
VERTEX
8
AI4M_01_ATOM_INTERNAL
10
3742.144151
20
678.862447
30
0
0
VERTEX
8
AI4M_01_ATOM_INTERNAL
10
3732.026545
20
677.271485
30
0
0
VERTEX
8
AI4M_01_ATOM_INTERNAL
10
3721.286119
20
675.83574
30
0
0
VERTEX
8
AI4M_01_ATOM_INTERNAL
10
3709.88602
20
674.565463
30
0
0
VERTEX
8
AI4M_01_ATOM_INTERNAL
10
3697.770096
20
673.470174
30
0
0
VERTEX
8
AI4M_01_ATOM_INTERNAL
10
3684.988314
20
672.568394
30
0
0
VERTEX
8
AI4M_01_ATOM_INTERNAL
10
3670.938772
20
671.833981
30
0
0
VERTEX
8
AI4M_01_ATOM_INTERNAL
10
3655.712544
20
671.271309
30
0
0
VERTEX
8
AI4M_01_ATOM_INTERNAL
10
3640.705089
20
670.886211
30
0
0
VERTEX
8
AI4M_01_ATOM_INTERNAL
10
3625.694899
20
670.643751
30
0
0
VERTEX
8
AI4M_01_ATOM_INTERNAL
10
3610.665485
20
670.515621
30
0
0
VERTEX
8
AI4M_01_ATOM_INTERNAL
10
3595.577568
20
670.475033
30
0
0
VERTEX
8
AI4M_01_ATOM_INTERNAL
10
3586.308289
20
670.492935
30
0
0
SEQEND
8
AI4M_01_ATOM_INTERNAL
0
TEXT
8
AI4M_01_ATOM_INTERNAL
10
3819.581604
20
702.495728
30
0
40
2.5
1
AI4M_line_0409__seg_01_collar_attach_line_collar_attach_line
1001
AI4MANUFACTURING
1000
WRITEBACK_PHASE=01_ATOM_LABEL
1000
ENTITY_ID=line_0409__seg_01
999
AI4M_ENTITY=line_0410;LINE_ROLE=cut_line;EDGE=unknown;SOURCE_LAYER=11
0
POLYLINE
8
AI4M_01_ATOM_CUT
66
1
70
0
1001
AI4MANUFACTURING
1000
WRITEBACK_PHASE=01_ATOM
1000
ENTITY_ID=line_0410
1000
SOURCE_HANDLE=FFA
1000
LINE_ROLE=cut_line
1000
EDGE=unknown
1000
CHAIN=chain_ms1ujtel
1000
PIECE_ID=collar_stand_manual_01
1000
SEAM_PAIR=
1000
PAIRED_CHAIN=
1000
NOTCH_CHAIN=
1000
NOTCH_SOURCE=
1000
PIECE_ROLE=collar_stand
1000
SEAM_ALLOWANCE_MM=
1000
SOURCE_LAYER=11
0
VERTEX
8
AI4M_01_ATOM_CUT
10
3690.064723
20
670.391569
30
0
0
VERTEX
8
AI4M_01_ATOM_CUT
10
3689.723785
20
675.379931
30
0
0
SEQEND
8
AI4M_01_ATOM_CUT
0
TEXT
8
AI4M_01_ATOM_CUT
10
3690.064723
20
670.391569
30
0
40
2.5
1
AI4M_line_0410_cut_line_unknown
1001
AI4MANUFACTURING
1000
WRITEBACK_PHASE=01_ATOM_LABEL
1000
ENTITY_ID=line_0410
999
AI4M_ENTITY=line_0411;LINE_ROLE=construction;EDGE=construction_vertical;SOURCE_LAYER=11
0
POLYLINE
8
AI4M_01_ATOM_INTERNAL
66
1
70
0
1001
AI4MANUFACTURING
1000
WRITEBACK_PHASE=01_ATOM
1000
ENTITY_ID=line_0411
1000
SOURCE_HANDLE=FFB
1000
LINE_ROLE=construction
1000
EDGE=construction_vertical
1000
CHAIN=chain_ms1ujtel
1000
PIECE_ID=collar_stand_manual_01
1000
SEAM_PAIR=
1000
PAIRED_CHAIN=
1000
NOTCH_CHAIN=
1000
NOTCH_SOURCE=
1000
PIECE_ROLE=collar_stand
1000
SEAM_ALLOWANCE_MM=
1000
SOURCE_LAYER=11
0
VERTEX
8
AI4M_01_ATOM_INTERNAL
10
3586.308289
20
700.796967
30
0
0
VERTEX
8
AI4M_01_ATOM_INTERNAL
10
3586.308289
20
670.492935
30
0
0
SEQEND
8
AI4M_01_ATOM_INTERNAL
0
TEXT
8
AI4M_01_ATOM_INTERNAL
10
3586.308289
20
700.796967
30
0
40
2.5
1
AI4M_line_0411_construction_construction_vertical
1001
AI4MANUFACTURING
1000
WRITEBACK_PHASE=01_ATOM_LABEL
1000
ENTITY_ID=line_0411
999
AI4M_ENTITY=line_0412;LINE_ROLE=collar_attach_line;EDGE=collar_attach_line;SOURCE_LAYER=11
0
POLYLINE
8
AI4M_01_ATOM_INTERNAL
66
1
70
0
1001
AI4MANUFACTURING
1000
WRITEBACK_PHASE=01_ATOM
1000
ENTITY_ID=line_0412
1000
SOURCE_HANDLE=1000
1000
LINE_ROLE=collar_attach_line
1000
EDGE=collar_attach_line
1000
CHAIN=chain_ms1ujtel
1000
PIECE_ID=collar_stand_manual_01
1000
SEAM_PAIR=
1000
PAIRED_CHAIN=
1000
NOTCH_CHAIN=
1000
NOTCH_SOURCE=
1000
PIECE_ROLE=collar_stand
1000
SEAM_ALLOWANCE_MM=
1000
SOURCE_LAYER=11
0
VERTEX
8
AI4M_01_ATOM_INTERNAL
10
3586.308289
20
703.296967
30
0
0
VERTEX
8
AI4M_01_ATOM_INTERNAL
10
3586.308288
20
698.296967
30
0
0
SEQEND
8
AI4M_01_ATOM_INTERNAL
0
TEXT
8
AI4M_01_ATOM_INTERNAL
10
3586.308289
20
703.296967
30
0
40
2.5
1
AI4M_line_0412_collar_attach_line_collar_attach_line
1001
AI4MANUFACTURING
1000
WRITEBACK_PHASE=01_ATOM_LABEL
1000
ENTITY_ID=line_0412
999
AI4M_ENTITY=line_0413;LINE_ROLE=collar_attach_line;EDGE=collar_attach_line;SOURCE_LAYER=11
0
POLYLINE
8
AI4M_01_ATOM_INTERNAL
66
1
70
0
1001
AI4MANUFACTURING
1000
WRITEBACK_PHASE=01_ATOM
1000
ENTITY_ID=line_0413
1000
SOURCE_HANDLE=1001
1000
LINE_ROLE=collar_attach_line
1000
EDGE=collar_attach_line
1000
CHAIN=chain_ms1ujtel
1000
PIECE_ID=collar_stand_manual_01
1000
SEAM_PAIR=
1000
PAIRED_CHAIN=
1000
NOTCH_CHAIN=
1000
NOTCH_SOURCE=
1000
PIECE_ROLE=collar_stand
1000
SEAM_ALLOWANCE_MM=
1000
SOURCE_LAYER=11
0
VERTEX
8
AI4M_01_ATOM_INTERNAL
10
3583.808289
20
670.492998
30
0
0
VERTEX
8
AI4M_01_ATOM_INTERNAL
10
3588.808289
20
670.492997
30
0
0
SEQEND
8
AI4M_01_ATOM_INTERNAL
0
TEXT
8
AI4M_01_ATOM_INTERNAL
10
3583.808289
20
670.492998
30
0
40
2.5
1
AI4M_line_0413_collar_attach_line_collar_attach_line
1001
AI4MANUFACTURING
1000
WRITEBACK_PHASE=01_ATOM_LABEL
1000
ENTITY_ID=line_0413
999
AI4M_ENTITY=line_0414__seg_01;LINE_ROLE=pattern_boundary;EDGE=pattern_boundary;SOURCE_LAYER=11
0
POLYLINE
8
AI4M_01_ATOM_NET
66
1
70
0
1001
AI4MANUFACTURING
1000
WRITEBACK_PHASE=01_ATOM
1000
ENTITY_ID=line_0414__seg_01
1000
SOURCE_HANDLE=1002
1000
LINE_ROLE=pattern_boundary
1000
EDGE=pattern_boundary
1000
CHAIN=chain_ms1ujtel
1000
PIECE_ID=collar_stand_manual_01
1000
SEAM_PAIR=
1000
PAIRED_CHAIN=
1000
NOTCH_CHAIN=
1000
NOTCH_SOURCE=
1000
PIECE_ROLE=collar_stand
1000
SEAM_ALLOWANCE_MM=
1000
SOURCE_LAYER=11
0
VERTEX
8
AI4M_01_ATOM_NET
10
3836.681213
20
697.569427
30
0
0
VERTEX
8
AI4M_01_ATOM_NET
10
3825.256042
20
691.843491
30
0
0
VERTEX
8
AI4M_01_ATOM_NET
10
3815.901184
20
687.059631
30
0
0
VERTEX
8
AI4M_01_ATOM_NET
10
3810.656433
20
684.658432
30
0
0
VERTEX
8
AI4M_01_ATOM_NET
10
3805.707092
20
682.671661
30
0
0
VERTEX
8
AI4M_01_ATOM_NET
10
3799.761047
20
680.573196
30
0
0
VERTEX
8
AI4M_01_ATOM_NET
10
3792.15271
20
678.182983
30
0
0
VERTEX
8
AI4M_01_ATOM_NET
10
3782.826843
20
675.513229
30
0
0
VERTEX
8
AI4M_01_ATOM_NET
10
3773.449402
20
673.08754
30
0
0
VERTEX
8
AI4M_01_ATOM_NET
10
3763.735046
20
670.833206
30
0
0
VERTEX
8
AI4M_01_ATOM_NET
10
3753.866882
20
668.795547
30
0
0
VERTEX
8
AI4M_01_ATOM_NET
10
3743.805542
20
666.973114
30
0
0
VERTEX
8
AI4M_01_ATOM_NET
10
3733.349304
20
665.336609
30
0
0
VERTEX
8
AI4M_01_ATOM_NET
10
3722.541809
20
663.903732
30
0
0
VERTEX
8
AI4M_01_ATOM_NET
10
3709.80072
20
662.489929
30
0
0
VERTEX
8
AI4M_01_ATOM_NET
10
3699.356384
20
661.542358
30
0
0
VERTEX
8
AI4M_01_ATOM_NET
10
3684.378967
20
660.549011
30
0
0
VERTEX
8
AI4M_01_ATOM_NET
10
3672.521057
20
659.872742
30
0
0
VERTEX
8
AI4M_01_ATOM_NET
10
3657.848816
20
659.331207
30
0
0
VERTEX
8
AI4M_01_ATOM_NET
10
3642.711487
20
658.932571
30
0
0
VERTEX
8
AI4M_01_ATOM_NET
10
3627.616577
20
658.664093
30
0
0
VERTEX
8
AI4M_01_ATOM_NET
10
3612.478333
20
658.519669
30
0
0
VERTEX
8
AI4M_01_ATOM_NET
10
3597.435608
20
658.470917
30
0
0
VERTEX
8
AI4M_01_ATOM_NET
10
3586.308289
20
658.492432
30
0
0
SEQEND
8
AI4M_01_ATOM_NET
0
TEXT
8
AI4M_01_ATOM_NET
10
3836.681213
20
697.569427
30
0
40
2.5
1
AI4M_line_0414__seg_01_pattern_boundary_pattern_boundary
1001
AI4MANUFACTURING
1000
WRITEBACK_PHASE=01_ATOM_LABEL
1000
ENTITY_ID=line_0414__seg_01
999
AI4M_ENTITY=line_0415__seg_01;LINE_ROLE=pattern_boundary;EDGE=pattern_boundary;SOURCE_LAYER=11
0
POLYLINE
8
AI4M_01_ATOM_NET
66
1
70
0
1001
AI4MANUFACTURING
1000
WRITEBACK_PHASE=01_ATOM
1000
ENTITY_ID=line_0415__seg_01
1000
SOURCE_HANDLE=101D
1000
LINE_ROLE=pattern_boundary
1000
EDGE=pattern_boundary
1000
CHAIN=chain_ms1ujtel
1000
PIECE_ID=collar_stand_manual_01
1000
SEAM_PAIR=
1000
PAIRED_CHAIN=
1000
NOTCH_CHAIN=
1000
NOTCH_SOURCE=
1000
PIECE_ROLE=collar_stand
1000
SEAM_ALLOWANCE_MM=
1000
SOURCE_LAYER=11
0
VERTEX
8
AI4M_01_ATOM_NET
10
3790.437012
20
727.433472
30
0
0
VERTEX
8
AI4M_01_ATOM_NET
10
3794.864807
20
728.233261
30
0
0
VERTEX
8
AI4M_01_ATOM_NET
10
3798.135071
20
728.582077
30
0
0
VERTEX
8
AI4M_01_ATOM_NET
10
3801.304626
20
728.670502
30
0
0
VERTEX
8
AI4M_01_ATOM_NET
10
3804.343262
20
728.507156
30
0
0
VERTEX
8
AI4M_01_ATOM_NET
10
3807.176819
20
728.110733
30
0
0
VERTEX
8
AI4M_01_ATOM_NET
10
3809.882202
20
727.482758
30
0
0
VERTEX
8
AI4M_01_ATOM_NET
10
3812.397766
20
726.64566
30
0
0
VERTEX
8
AI4M_01_ATOM_NET
10
3814.692688
20
725.629578
30
0
0
VERTEX
8
AI4M_01_ATOM_NET
10
3816.915588
20
724.373474
30
0
0
VERTEX
8
AI4M_01_ATOM_NET
10
3819.00177
20
722.910919
30
0
0
VERTEX
8
AI4M_01_ATOM_NET
10
3821.020813
20
721.192551
30
0
0
VERTEX
8
AI4M_01_ATOM_NET
10
3823.006287
20
719.167862
30
0
0
VERTEX
8
AI4M_01_ATOM_NET
10
3824.929504
20
716.834564
30
0
0
VERTEX
8
AI4M_01_ATOM_NET
10
3826.8396
20
714.098358
30
0
0
VERTEX
8
AI4M_01_ATOM_NET
10
3829.017639
20
710.472031
30
0
0
VERTEX
8
AI4M_01_ATOM_NET
10
3832.98584
20
703.547516
30
0
0
VERTEX
8
AI4M_01_ATOM_NET
10
3836.681213
20
697.569427
30
0
0
SEQEND
8
AI4M_01_ATOM_NET
0
TEXT
8
AI4M_01_ATOM_NET
10
3790.437012
20
727.433472
30
0
40
2.5
1
AI4M_line_0415__seg_01_pattern_boundary_pattern_boundary
1001
AI4MANUFACTURING
1000
WRITEBACK_PHASE=01_ATOM_LABEL
1000
ENTITY_ID=line_0415__seg_01
999
AI4M_ENTITY=line_0416__seg_01;LINE_ROLE=pattern_boundary;EDGE=pattern_boundary;SOURCE_LAYER=11
0
POLYLINE
8
AI4M_01_ATOM_NET
66
1
70
0
1001
AI4MANUFACTURING
1000
WRITEBACK_PHASE=01_ATOM
1000
ENTITY_ID=line_0416__seg_01
1000
SOURCE_HANDLE=1032
1000
LINE_ROLE=pattern_boundary
1000
EDGE=pattern_boundary
1000
CHAIN=chain_ms1ujtel
1000
PIECE_ID=collar_stand_manual_01
1000
SEAM_PAIR=
1000
PAIRED_CHAIN=
1000
NOTCH_CHAIN=
1000
NOTCH_SOURCE=
1000
PIECE_ROLE=collar_stand
1000
SEAM_ALLOWANCE_MM=
1000
SOURCE_LAYER=11
0
VERTEX
8
AI4M_01_ATOM_NET
10
3586.308289
20
712.795868
30
0
0
VERTEX
8
AI4M_01_ATOM_NET
10
3601.55426
20
712.750244
30
0
0
VERTEX
8
AI4M_01_ATOM_NET
10
3616.68457
20
712.705688
30
0
0
VERTEX
8
AI4M_01_ATOM_NET
10
3631.694336
20
712.799149
30
0
0
VERTEX
8
AI4M_01_ATOM_NET
10
3646.789856
20
713.032074
30
0
0
VERTEX
8
AI4M_01_ATOM_NET
10
3661.795959
20
713.377457
30
0
0
VERTEX
8
AI4M_01_ATOM_NET
10
3676.896362
20
713.89389
30
0
0
VERTEX
8
AI4M_01_ATOM_NET
10
3692.077637
20
714.635391
30
0
0
VERTEX
8
AI4M_01_ATOM_NET
10
3706.404724
20
715.57106
30
0
0
VERTEX
8
AI4M_01_ATOM_NET
10
3719.840698
20
716.685562
30
0
0
VERTEX
8
AI4M_01_ATOM_NET
10
3732.579651
20
717.986526
30
0
0
VERTEX
8
AI4M_01_ATOM_NET
10
3746.454773
20
719.655991
30
0
0
VERTEX
8
AI4M_01_ATOM_NET
10
3755.498657
20
720.953674
30
0
0
VERTEX
8
AI4M_01_ATOM_NET
10
3770.409546
20
723.461227
30
0
0
VERTEX
8
AI4M_01_ATOM_NET
10
3779.632263
20
725.258713
30
0
0
VERTEX
8
AI4M_01_ATOM_NET
10
3790.437012
20
727.433472
30
0
0
SEQEND
8
AI4M_01_ATOM_NET
0
TEXT
8
AI4M_01_ATOM_NET
10
3586.308289
20
712.795868
30
0
40
2.5
1
AI4M_line_0416__seg_01_pattern_boundary_pattern_boundary
1001
AI4MANUFACTURING
1000
WRITEBACK_PHASE=01_ATOM_LABEL
1000
ENTITY_ID=line_0416__seg_01
999
AI4M_ENTITY=line_0417__seg_01;LINE_ROLE=pattern_boundary;EDGE=pattern_boundary;SOURCE_LAYER=11
0
POLYLINE
8
AI4M_01_ATOM_NET
66
1
70
0
1001
AI4MANUFACTURING
1000
WRITEBACK_PHASE=01_ATOM
1000
ENTITY_ID=line_0417__seg_01
1000
SOURCE_HANDLE=1045
1000
LINE_ROLE=pattern_boundary
1000
EDGE=pattern_boundary
1000
CHAIN=chain_ms1ujtel
1000
PIECE_ID=collar_stand_manual_01
1000
SEAM_PAIR=
1000
PAIRED_CHAIN=
1000
NOTCH_CHAIN=
1000
NOTCH_SOURCE=
1000
PIECE_ROLE=collar_stand
1000
SEAM_ALLOWANCE_MM=
1000
SOURCE_LAYER=11
0
VERTEX
8
AI4M_01_ATOM_NET
10
3382.17926
20
727.433472
30
0
0
VERTEX
8
AI4M_01_ATOM_NET
10
3397.22168
20
724.420013
30
0
0
VERTEX
8
AI4M_01_ATOM_NET
10
3406.949158
20
722.606354
30
0
0
VERTEX
8
AI4M_01_ATOM_NET
10
3417.471924
20
720.90889
30
0
0
VERTEX
8
AI4M_01_ATOM_NET
10
3429.041748
20
719.295349
30
0
0
VERTEX
8
AI4M_01_ATOM_NET
10
3441.21582
20
717.849274
30
0
0
VERTEX
8
AI4M_01_ATOM_NET
10
3454.361267
20
716.543274
30
0
0
VERTEX
8
AI4M_01_ATOM_NET
10
3467.918396
20
715.446014
30
0
0
VERTEX
8
AI4M_01_ATOM_NET
10
3482.364807
20
714.532471
30
0
0
VERTEX
8
AI4M_01_ATOM_NET
10
3497.459717
20
713.8237
30
0
0
VERTEX
8
AI4M_01_ATOM_NET
10
3512.6474
20
713.327789
30
0
0
VERTEX
8
AI4M_01_ATOM_NET
10
3527.857056
20
712.994461
30
0
0
VERTEX
8
AI4M_01_ATOM_NET
10
3543.092957
20
712.775879
30
0
0
VERTEX
8
AI4M_01_ATOM_NET
10
3558.216553
20
712.70668
30
0
0
VERTEX
8
AI4M_01_ATOM_NET
10
3573.391418
20
712.757416
30
0
0
VERTEX
8
AI4M_01_ATOM_NET
10
3586.308289
20
712.795868
30
0
0
SEQEND
8
AI4M_01_ATOM_NET
0
TEXT
8
AI4M_01_ATOM_NET
10
3382.17926
20
727.433472
30
0
40
2.5
1
AI4M_line_0417__seg_01_pattern_boundary_pattern_boundary
1001
AI4MANUFACTURING
1000
WRITEBACK_PHASE=01_ATOM_LABEL
1000
ENTITY_ID=line_0417__seg_01
999
AI4M_ENTITY=line_0418__seg_01;LINE_ROLE=pattern_boundary;EDGE=pattern_boundary;SOURCE_LAYER=11
0
POLYLINE
8
AI4M_01_ATOM_NET
66
1
70
0
1001
AI4MANUFACTURING
1000
WRITEBACK_PHASE=01_ATOM
1000
ENTITY_ID=line_0418__seg_01
1000
SOURCE_HANDLE=1058
1000
LINE_ROLE=pattern_boundary
1000
EDGE=pattern_boundary
1000
CHAIN=chain_ms1ujtel
1000
PIECE_ID=collar_stand_manual_01
1000
SEAM_PAIR=
1000
PAIRED_CHAIN=
1000
NOTCH_CHAIN=
1000
NOTCH_SOURCE=
1000
PIECE_ROLE=collar_stand
1000
SEAM_ALLOWANCE_MM=
1000
SOURCE_LAYER=11
0
VERTEX
8
AI4M_01_ATOM_NET
10
3335.935059
20
697.569427
30
0
0
VERTEX
8
AI4M_01_ATOM_NET
10
3340.290222
20
704.658966
30
0
0
VERTEX
8
AI4M_01_ATOM_NET
10
3345.611267
20
713.840866
30
0
0
VERTEX
8
AI4M_01_ATOM_NET
10
3347.503052
20
716.58989
30
0
0
VERTEX
8
AI4M_01_ATOM_NET
10
3349.42688
20
718.96225
30
0
0
VERTEX
8
AI4M_01_ATOM_NET
10
3351.38916
20
720.998306
30
0
0
VERTEX
8
AI4M_01_ATOM_NET
10
3353.468323
20
722.796936
30
0
0
VERTEX
8
AI4M_01_ATOM_NET
10
3355.539246
20
724.270706
30
0
0
VERTEX
8
AI4M_01_ATOM_NET
10
3357.752686
20
725.542984
30
0
0
VERTEX
8
AI4M_01_ATOM_NET
10
3360.075684
20
726.58989
30
0
0
VERTEX
8
AI4M_01_ATOM_NET
10
3362.586365
20
727.440796
30
0
0
VERTEX
8
AI4M_01_ATOM_NET
10
3365.218506
20
728.069077
30
0
0
VERTEX
8
AI4M_01_ATOM_NET
10
3368.063354
20
728.486252
30
0
0
VERTEX
8
AI4M_01_ATOM_NET
10
3371.002502
20
728.66539
30
0
0
VERTEX
8
AI4M_01_ATOM_NET
10
3374.15802
20
728.6026
30
0
0
VERTEX
8
AI4M_01_ATOM_NET
10
3377.409058
20
728.281403
30
0
0
VERTEX
8
AI4M_01_ATOM_NET
10
3382.17926
20
727.433472
30
0
0
SEQEND
8
AI4M_01_ATOM_NET
0
TEXT
8
AI4M_01_ATOM_NET
10
3335.935059
20
697.569427
30
0
40
2.5
1
AI4M_line_0418__seg_01_pattern_boundary_pattern_boundary
1001
AI4MANUFACTURING
1000
WRITEBACK_PHASE=01_ATOM_LABEL
1000
ENTITY_ID=line_0418__seg_01
999
AI4M_ENTITY=line_0419__seg_01;LINE_ROLE=pattern_boundary;EDGE=pattern_boundary;SOURCE_LAYER=11
0
POLYLINE
8
AI4M_01_ATOM_NET
66
1
70
0
1001
AI4MANUFACTURING
1000
WRITEBACK_PHASE=01_ATOM
1000
ENTITY_ID=line_0419__seg_01
1000
SOURCE_HANDLE=106C
1000
LINE_ROLE=pattern_boundary
1000
EDGE=pattern_boundary
1000
CHAIN=chain_ms1ujtel
1000
PIECE_ID=collar_stand_manual_01
1000
SEAM_PAIR=
1000
PAIRED_CHAIN=
1000
NOTCH_CHAIN=
1000
NOTCH_SOURCE=
1000
PIECE_ROLE=collar_stand
1000
SEAM_ALLOWANCE_MM=
1000
SOURCE_LAYER=11
0
VERTEX
8
AI4M_01_ATOM_NET
10
3586.308289
20
658.492432
30
0
0
VERTEX
8
AI4M_01_ATOM_NET
10
3571.061401
20
658.4758
30
0
0
VERTEX
8
AI4M_01_ATOM_NET
10
3555.820007
20
658.55011
30
0
0
VERTEX
8
AI4M_01_ATOM_NET
10
3540.629883
20
658.727646
30
0
0
VERTEX
8
AI4M_01_ATOM_NET
10
3525.610352
20
659.033279
30
0
0
VERTEX
8
AI4M_01_ATOM_NET
10
3510.510559
20
659.465714
30
0
0
VERTEX
8
AI4M_01_ATOM_NET
10
3497.150879
20
660.016785
30
0
0
VERTEX
8
AI4M_01_ATOM_NET
10
3482.038574
20
660.953369
30
0
0
VERTEX
8
AI4M_01_ATOM_NET
10
3471.300354
20
661.700363
30
0
0
VERTEX
8
AI4M_01_ATOM_NET
10
3460.33844
20
662.746048
30
0
0
VERTEX
8
AI4M_01_ATOM_NET
10
3447.965698
20
664.164047
30
0
0
VERTEX
8
AI4M_01_ATOM_NET
10
3437.343445
20
665.618668
30
0
0
VERTEX
8
AI4M_01_ATOM_NET
10
3427.096863
20
667.26593
30
0
0
VERTEX
8
AI4M_01_ATOM_NET
10
3417.205811
20
669.097672
30
0
0
VERTEX
8
AI4M_01_ATOM_NET
10
3407.45636
20
671.1483
30
0
0
VERTEX
8
AI4M_01_ATOM_NET
10
3397.649231
20
673.46283
30
0
0
VERTEX
8
AI4M_01_ATOM_NET
10
3388.258972
20
675.933914
30
0
0
VERTEX
8
AI4M_01_ATOM_NET
10
3378.95752
20
678.637848
30
0
0
VERTEX
8
AI4M_01_ATOM_NET
10
3371.468201
20
681.040421
30
0
0
VERTEX
8
AI4M_01_ATOM_NET
10
3365.696716
20
683.134918
30
0
0
VERTEX
8
AI4M_01_ATOM_NET
10
3360.840454
20
685.146027
30
0
0
VERTEX
8
AI4M_01_ATOM_NET
10
3355.77301
20
687.520142
30
0
0
VERTEX
8
AI4M_01_ATOM_NET
10
3342.119751
20
694.513016
30
0
0
VERTEX
8
AI4M_01_ATOM_NET
10
3335.935059
20
697.569427
30
0
0
SEQEND
8
AI4M_01_ATOM_NET
0
TEXT
8
AI4M_01_ATOM_NET
10
3586.308289
20
658.492432
30
0
40
2.5
1
AI4M_line_0419__seg_01_pattern_boundary_pattern_boundary
1001
AI4MANUFACTURING
1000
WRITEBACK_PHASE=01_ATOM_LABEL
1000
ENTITY_ID=line_0419__seg_01
999
AI4M_ENTITY=line_0424;LINE_ROLE=cut_line;EDGE=unknown;SOURCE_LAYER=11
0
POLYLINE
8
AI4M_01_ATOM_CUT
66
1
70
0
1001
AI4MANUFACTURING
1000
WRITEBACK_PHASE=01_ATOM
1000
ENTITY_ID=line_0424
1000
SOURCE_HANDLE=108B
1000
LINE_ROLE=cut_line
1000
EDGE=unknown
1000
CHAIN=chain_ms1ujtel
1000
PIECE_ID=collar_stand_manual_01
1000
SEAM_PAIR=
1000
PAIRED_CHAIN=
1000
NOTCH_CHAIN=
1000
NOTCH_SOURCE=
1000
PIECE_ROLE=collar_stand
1000
SEAM_ALLOWANCE_MM=
1000
SOURCE_LAYER=11
0
VERTEX
8
AI4M_01_ATOM_CUT
10
3508.919678
20
685.540771
30
0
0
VERTEX
8
AI4M_01_ATOM_CUT
10
3565.907898
20
685.540771
30
0
0
SEQEND
8
AI4M_01_ATOM_CUT
0
TEXT
8
AI4M_01_ATOM_CUT
10
3508.919678
20
685.540771
30
0
40
2.5
1
AI4M_line_0424_cut_line_unknown
1001
AI4MANUFACTURING
1000
WRITEBACK_PHASE=01_ATOM_LABEL
1000
ENTITY_ID=line_0424
999
AI4M_ENTITY=line_0425;LINE_ROLE=cut_line;EDGE=unknown;SOURCE_LAYER=11
0
POLYLINE
8
AI4M_01_ATOM_CUT
66
1
70
0
1001
AI4MANUFACTURING
1000
WRITEBACK_PHASE=01_ATOM
1000
ENTITY_ID=line_0425
1000
SOURCE_HANDLE=108C
1000
LINE_ROLE=cut_line
1000
EDGE=unknown
1000
CHAIN=chain_ms1ujtel
1000
PIECE_ID=collar_stand_manual_01
1000
SEAM_PAIR=
1000
PAIRED_CHAIN=
1000
NOTCH_CHAIN=
1000
NOTCH_SOURCE=
1000
PIECE_ROLE=collar_stand
1000
SEAM_ALLOWANCE_MM=
1000
SOURCE_LAYER=11
0
VERTEX
8
AI4M_01_ATOM_CUT
10
3565.907898
20
685.540771
30
0
0
VERTEX
8
AI4M_01_ATOM_CUT
10
3554.674554
20
687.469052
30
0
0
SEQEND
8
AI4M_01_ATOM_CUT
0
TEXT
8
AI4M_01_ATOM_CUT
10
3565.907898
20
685.540771
30
0
40
2.5
1
AI4M_line_0425_cut_line_unknown
1001
AI4MANUFACTURING
1000
WRITEBACK_PHASE=01_ATOM_LABEL
1000
ENTITY_ID=line_0425
999
AI4M_ENTITY=line_0426;LINE_ROLE=cut_line;EDGE=unknown;SOURCE_LAYER=11
0
POLYLINE
8
AI4M_01_ATOM_CUT
66
1
70
0
1001
AI4MANUFACTURING
1000
WRITEBACK_PHASE=01_ATOM
1000
ENTITY_ID=line_0426
1000
SOURCE_HANDLE=108D
1000
LINE_ROLE=cut_line
1000
EDGE=unknown
1000
CHAIN=chain_ms1ujtel
1000
PIECE_ID=collar_stand_manual_01
1000
SEAM_PAIR=
1000
PAIRED_CHAIN=
1000
NOTCH_CHAIN=
1000
NOTCH_SOURCE=
1000
PIECE_ROLE=collar_stand
1000
SEAM_ALLOWANCE_MM=
1000
SOURCE_LAYER=11
0
VERTEX
8
AI4M_01_ATOM_CUT
10
3565.907898
20
685.540771
30
0
0
VERTEX
8
AI4M_01_ATOM_CUT
10
3565.907898
20
685.540771
30
0
0
SEQEND
8
AI4M_01_ATOM_CUT
0
TEXT
8
AI4M_01_ATOM_CUT
10
3565.907898
20
685.540771
30
0
40
2.5
1
AI4M_line_0426_cut_line_unknown
1001
AI4MANUFACTURING
1000
WRITEBACK_PHASE=01_ATOM_LABEL
1000
ENTITY_ID=line_0426
999
AI4M_ENTITY=line_0475;LINE_ROLE=cut_line;EDGE=unknown;SOURCE_LAYER=11
0
POLYLINE
8
AI4M_01_ATOM_CUT
66
1
70
0
1001
AI4MANUFACTURING
1000
WRITEBACK_PHASE=01_ATOM
1000
ENTITY_ID=line_0475
1000
SOURCE_HANDLE=11CD
1000
LINE_ROLE=cut_line
1000
EDGE=unknown
1000
CHAIN=chain_ms1ulawi
1000
PIECE_ID=cuff_manual_01
1000
SEAM_PAIR=
1000
PAIRED_CHAIN=
1000
NOTCH_CHAIN=
1000
NOTCH_SOURCE=
1000
PIECE_ROLE=cuff
1000
SEAM_ALLOWANCE_MM=
1000
SOURCE_LAYER=11
0
VERTEX
8
AI4M_01_ATOM_CUT
10
2120.348053
20
114.496965
30
0
0
VERTEX
8
AI4M_01_ATOM_CUT
10
2120.348053
20
147.404194
30
0
0
SEQEND
8
AI4M_01_ATOM_CUT
0
TEXT
8
AI4M_01_ATOM_CUT
10
2120.348053
20
114.496965
30
0
40
2.5
1
AI4M_line_0475_cut_line_unknown
1001
AI4MANUFACTURING
1000
WRITEBACK_PHASE=01_ATOM_LABEL
1000
ENTITY_ID=line_0475
999
AI4M_ENTITY=line_0476;LINE_ROLE=cut_line;EDGE=unknown;SOURCE_LAYER=11
0
POLYLINE
8
AI4M_01_ATOM_CUT
66
1
70
0
1001
AI4MANUFACTURING
1000
WRITEBACK_PHASE=01_ATOM
1000
ENTITY_ID=line_0476
1000
SOURCE_HANDLE=11D2
1000
LINE_ROLE=cut_line
1000
EDGE=unknown
1000
CHAIN=chain_ms1ulawi
1000
PIECE_ID=cuff_manual_01
1000
SEAM_PAIR=
1000
PAIRED_CHAIN=
1000
NOTCH_CHAIN=
1000
NOTCH_SOURCE=
1000
PIECE_ROLE=cuff
1000
SEAM_ALLOWANCE_MM=
1000
SOURCE_LAYER=11
0
VERTEX
8
AI4M_01_ATOM_CUT
10
2120.348053
20
147.404194
30
0
0
VERTEX
8
AI4M_01_ATOM_CUT
10
2124.293365
20
176.496964
30
0
0
SEQEND
8
AI4M_01_ATOM_CUT
0
TEXT
8
AI4M_01_ATOM_CUT
10
2120.348053
20
147.404194
30
0
40
2.5
1
AI4M_line_0476_cut_line_unknown
1001
AI4MANUFACTURING
1000
WRITEBACK_PHASE=01_ATOM_LABEL
1000
ENTITY_ID=line_0476
999
AI4M_ENTITY=line_0477;LINE_ROLE=cut_line;EDGE=unknown;SOURCE_LAYER=11
0
POLYLINE
8
AI4M_01_ATOM_CUT
66
1
70
0
1001
AI4MANUFACTURING
1000
WRITEBACK_PHASE=01_ATOM
1000
ENTITY_ID=line_0477
1000
SOURCE_HANDLE=11D7
1000
LINE_ROLE=cut_line
1000
EDGE=unknown
1000
CHAIN=chain_ms1ulawi
1000
PIECE_ID=cuff_manual_01
1000
SEAM_PAIR=
1000
PAIRED_CHAIN=
1000
NOTCH_CHAIN=
1000
NOTCH_SOURCE=
1000
PIECE_ROLE=cuff
1000
SEAM_ALLOWANCE_MM=
1000
SOURCE_LAYER=11
0
VERTEX
8
AI4M_01_ATOM_CUT
10
2124.293365
20
176.496964
30
0
0
VERTEX
8
AI4M_01_ATOM_CUT
10
2120.348053
20
205.589752
30
0
0
SEQEND
8
AI4M_01_ATOM_CUT
0
TEXT
8
AI4M_01_ATOM_CUT
10
2124.293365
20
176.496964
30
0
40
2.5
1
AI4M_line_0477_cut_line_unknown
1001
AI4MANUFACTURING
1000
WRITEBACK_PHASE=01_ATOM_LABEL
1000
ENTITY_ID=line_0477
999
AI4M_ENTITY=line_0478;LINE_ROLE=cut_line;EDGE=unknown;SOURCE_LAYER=11
0
POLYLINE
8
AI4M_01_ATOM_CUT
66
1
70
0
1001
AI4MANUFACTURING
1000
WRITEBACK_PHASE=01_ATOM
1000
ENTITY_ID=line_0478
1000
SOURCE_HANDLE=11DC
1000
LINE_ROLE=cut_line
1000
EDGE=unknown
1000
CHAIN=chain_ms1ulawi
1000
PIECE_ID=cuff_manual_01
1000
SEAM_PAIR=
1000
PAIRED_CHAIN=
1000
NOTCH_CHAIN=
1000
NOTCH_SOURCE=
1000
PIECE_ROLE=cuff
1000
SEAM_ALLOWANCE_MM=
1000
SOURCE_LAYER=11
0
VERTEX
8
AI4M_01_ATOM_CUT
10
2120.348053
20
205.589752
30
0
0
VERTEX
8
AI4M_01_ATOM_CUT
10
2120.348053
20
238.496971
30
0
0
SEQEND
8
AI4M_01_ATOM_CUT
0
TEXT
8
AI4M_01_ATOM_CUT
10
2120.348053
20
205.589752
30
0
40
2.5
1
AI4M_line_0478_cut_line_unknown
1001
AI4MANUFACTURING
1000
WRITEBACK_PHASE=01_ATOM_LABEL
1000
ENTITY_ID=line_0478
999
AI4M_ENTITY=line_0479__seg_01;LINE_ROLE=cut_line;EDGE=unknown;SOURCE_LAYER=11
0
POLYLINE
8
AI4M_01_ATOM_CUT
66
1
70
0
1001
AI4MANUFACTURING
1000
WRITEBACK_PHASE=01_ATOM
1000
ENTITY_ID=line_0479__seg_01
1000
SOURCE_HANDLE=11E1
1000
LINE_ROLE=cut_line
1000
EDGE=unknown
1000
CHAIN=chain_ms1ulawi
1000
PIECE_ID=cuff_manual_01
1000
SEAM_PAIR=
1000
PAIRED_CHAIN=
1000
NOTCH_CHAIN=
1000
NOTCH_SOURCE=
1000
PIECE_ROLE=cuff
1000
SEAM_ALLOWANCE_MM=
1000
SOURCE_LAYER=11
0
VERTEX
8
AI4M_01_ATOM_CUT
10
2120.348053
20
238.496971
30
0
0
VERTEX
8
AI4M_01_ATOM_CUT
10
1950.166321
20
238.496971
30
0
0
VERTEX
8
AI4M_01_ATOM_CUT
10
1813.600006
20
238.496971
30
0
0
VERTEX
8
AI4M_01_ATOM_CUT
10
1593.09021
20
238.496971
30
0
0
VERTEX
8
AI4M_01_ATOM_CUT
10
1560.890961
20
238.496971
30
0
0
SEQEND
8
AI4M_01_ATOM_CUT
0
TEXT
8
AI4M_01_ATOM_CUT
10
2120.348053
20
238.496971
30
0
40
2.5
1
AI4M_line_0479__seg_01_cut_line_unknown
1001
AI4MANUFACTURING
1000
WRITEBACK_PHASE=01_ATOM_LABEL
1000
ENTITY_ID=line_0479__seg_01
999
AI4M_ENTITY=line_0480;LINE_ROLE=cut_line;EDGE=unknown;SOURCE_LAYER=11
0
POLYLINE
8
AI4M_01_ATOM_CUT
66
1
70
0
1001
AI4MANUFACTURING
1000
WRITEBACK_PHASE=01_ATOM
1000
ENTITY_ID=line_0480
1000
SOURCE_HANDLE=11E9
1000
LINE_ROLE=cut_line
1000
EDGE=unknown
1000
CHAIN=chain_ms1ulawi
1000
PIECE_ID=cuff_manual_01
1000
SEAM_PAIR=
1000
PAIRED_CHAIN=
1000
NOTCH_CHAIN=
1000
NOTCH_SOURCE=
1000
PIECE_ROLE=cuff
1000
SEAM_ALLOWANCE_MM=
1000
SOURCE_LAYER=11
0
VERTEX
8
AI4M_01_ATOM_CUT
10
1950.166416
20
235.996971
30
0
0
VERTEX
8
AI4M_01_ATOM_CUT
10
1950.166416
20
240.996971
30
0
0
SEQEND
8
AI4M_01_ATOM_CUT
0
TEXT
8
AI4M_01_ATOM_CUT
10
1950.166416
20
235.996971
30
0
40
2.5
1
AI4M_line_0480_cut_line_unknown
1001
AI4MANUFACTURING
1000
WRITEBACK_PHASE=01_ATOM_LABEL
1000
ENTITY_ID=line_0480
999
AI4M_ENTITY=line_0481;LINE_ROLE=cut_line;EDGE=unknown;SOURCE_LAYER=11
0
POLYLINE
8
AI4M_01_ATOM_CUT
66
1
70
0
1001
AI4MANUFACTURING
1000
WRITEBACK_PHASE=01_ATOM
1000
ENTITY_ID=line_0481
1000
SOURCE_HANDLE=11EA
1000
LINE_ROLE=cut_line
1000
EDGE=unknown
1000
CHAIN=chain_ms1ulawi
1000
PIECE_ID=cuff_manual_01
1000
SEAM_PAIR=
1000
PAIRED_CHAIN=
1000
NOTCH_CHAIN=
1000
NOTCH_SOURCE=
1000
PIECE_ROLE=cuff
1000
SEAM_ALLOWANCE_MM=
1000
SOURCE_LAYER=11
0
VERTEX
8
AI4M_01_ATOM_CUT
10
1813.600006
20
235.996971
30
0
0
VERTEX
8
AI4M_01_ATOM_CUT
10
1813.600006
20
240.996971
30
0
0
SEQEND
8
AI4M_01_ATOM_CUT
0
TEXT
8
AI4M_01_ATOM_CUT
10
1813.600006
20
235.996971
30
0
40
2.5
1
AI4M_line_0481_cut_line_unknown
1001
AI4MANUFACTURING
1000
WRITEBACK_PHASE=01_ATOM_LABEL
1000
ENTITY_ID=line_0481
999
AI4M_ENTITY=line_0482;LINE_ROLE=cut_line;EDGE=unknown;SOURCE_LAYER=11
0
POLYLINE
8
AI4M_01_ATOM_CUT
66
1
70
0
1001
AI4MANUFACTURING
1000
WRITEBACK_PHASE=01_ATOM
1000
ENTITY_ID=line_0482
1000
SOURCE_HANDLE=11EB
1000
LINE_ROLE=cut_line
1000
EDGE=unknown
1000
CHAIN=chain_ms1ulawi
1000
PIECE_ID=cuff_manual_01
1000
SEAM_PAIR=
1000
PAIRED_CHAIN=
1000
NOTCH_CHAIN=
1000
NOTCH_SOURCE=
1000
PIECE_ROLE=cuff
1000
SEAM_ALLOWANCE_MM=
1000
SOURCE_LAYER=11
0
VERTEX
8
AI4M_01_ATOM_CUT
10
1593.090248
20
235.996971
30
0
0
VERTEX
8
AI4M_01_ATOM_CUT
10
1593.090248
20
240.996971
30
0
0
SEQEND
8
AI4M_01_ATOM_CUT
0
TEXT
8
AI4M_01_ATOM_CUT
10
1593.090248
20
235.996971
30
0
40
2.5
1
AI4M_line_0482_cut_line_unknown
1001
AI4MANUFACTURING
1000
WRITEBACK_PHASE=01_ATOM_LABEL
1000
ENTITY_ID=line_0482
999
AI4M_ENTITY=line_0483;LINE_ROLE=cut_line;EDGE=unknown;SOURCE_LAYER=11
0
POLYLINE
8
AI4M_01_ATOM_CUT
66
1
70
0
1001
AI4MANUFACTURING
1000
WRITEBACK_PHASE=01_ATOM
1000
ENTITY_ID=line_0483
1000
SOURCE_HANDLE=11EC
1000
LINE_ROLE=cut_line
1000
EDGE=unknown
1000
CHAIN=chain_ms1ulawi
1000
PIECE_ID=cuff_manual_01
1000
SEAM_PAIR=
1000
PAIRED_CHAIN=
1000
NOTCH_CHAIN=
1000
NOTCH_SOURCE=
1000
PIECE_ROLE=cuff
1000
SEAM_ALLOWANCE_MM=
1000
SOURCE_LAYER=11
0
VERTEX
8
AI4M_01_ATOM_CUT
10
1560.890961
20
238.496971
30
0
0
VERTEX
8
AI4M_01_ATOM_CUT
10
1560.890961
20
205.589752
30
0
0
SEQEND
8
AI4M_01_ATOM_CUT
0
TEXT
8
AI4M_01_ATOM_CUT
10
1560.890961
20
238.496971
30
0
40
2.5
1
AI4M_line_0483_cut_line_unknown
1001
AI4MANUFACTURING
1000
WRITEBACK_PHASE=01_ATOM_LABEL
1000
ENTITY_ID=line_0483
999
AI4M_ENTITY=line_0484;LINE_ROLE=cut_line;EDGE=unknown;SOURCE_LAYER=11
0
POLYLINE
8
AI4M_01_ATOM_CUT
66
1
70
0
1001
AI4MANUFACTURING
1000
WRITEBACK_PHASE=01_ATOM
1000
ENTITY_ID=line_0484
1000
SOURCE_HANDLE=11F1
1000
LINE_ROLE=cut_line
1000
EDGE=unknown
1000
CHAIN=chain_ms1ulawi
1000
PIECE_ID=cuff_manual_01
1000
SEAM_PAIR=
1000
PAIRED_CHAIN=
1000
NOTCH_CHAIN=
1000
NOTCH_SOURCE=
1000
PIECE_ROLE=cuff
1000
SEAM_ALLOWANCE_MM=
1000
SOURCE_LAYER=11
0
VERTEX
8
AI4M_01_ATOM_CUT
10
1560.890961
20
205.589752
30
0
0
VERTEX
8
AI4M_01_ATOM_CUT
10
1556.945648
20
176.496964
30
0
0
SEQEND
8
AI4M_01_ATOM_CUT
0
TEXT
8
AI4M_01_ATOM_CUT
10
1560.890961
20
205.589752
30
0
40
2.5
1
AI4M_line_0484_cut_line_unknown
1001
AI4MANUFACTURING
1000
WRITEBACK_PHASE=01_ATOM_LABEL
1000
ENTITY_ID=line_0484
999
AI4M_ENTITY=line_0485;LINE_ROLE=cut_line;EDGE=unknown;SOURCE_LAYER=11
0
POLYLINE
8
AI4M_01_ATOM_CUT
66
1
70
0
1001
AI4MANUFACTURING
1000
WRITEBACK_PHASE=01_ATOM
1000
ENTITY_ID=line_0485
1000
SOURCE_HANDLE=11F6
1000
LINE_ROLE=cut_line
1000
EDGE=unknown
1000
CHAIN=chain_ms1ulawi
1000
PIECE_ID=cuff_manual_01
1000
SEAM_PAIR=
1000
PAIRED_CHAIN=
1000
NOTCH_CHAIN=
1000
NOTCH_SOURCE=
1000
PIECE_ROLE=cuff
1000
SEAM_ALLOWANCE_MM=
1000
SOURCE_LAYER=11
0
VERTEX
8
AI4M_01_ATOM_CUT
10
1556.945648
20
176.496964
30
0
0
VERTEX
8
AI4M_01_ATOM_CUT
10
1560.890961
20
147.404194
30
0
0
SEQEND
8
AI4M_01_ATOM_CUT
0
TEXT
8
AI4M_01_ATOM_CUT
10
1556.945648
20
176.496964
30
0
40
2.5
1
AI4M_line_0485_cut_line_unknown
1001
AI4MANUFACTURING
1000
WRITEBACK_PHASE=01_ATOM_LABEL
1000
ENTITY_ID=line_0485
999
AI4M_ENTITY=line_0486;LINE_ROLE=cut_line;EDGE=unknown;SOURCE_LAYER=11
0
POLYLINE
8
AI4M_01_ATOM_CUT
66
1
70
0
1001
AI4MANUFACTURING
1000
WRITEBACK_PHASE=01_ATOM
1000
ENTITY_ID=line_0486
1000
SOURCE_HANDLE=11FB
1000
LINE_ROLE=cut_line
1000
EDGE=unknown
1000
CHAIN=chain_ms1ulawi
1000
PIECE_ID=cuff_manual_01
1000
SEAM_PAIR=
1000
PAIRED_CHAIN=
1000
NOTCH_CHAIN=
1000
NOTCH_SOURCE=
1000
PIECE_ROLE=cuff
1000
SEAM_ALLOWANCE_MM=
1000
SOURCE_LAYER=11
0
VERTEX
8
AI4M_01_ATOM_CUT
10
1560.890961
20
147.404194
30
0
0
VERTEX
8
AI4M_01_ATOM_CUT
10
1560.890961
20
114.496965
30
0
0
SEQEND
8
AI4M_01_ATOM_CUT
0
TEXT
8
AI4M_01_ATOM_CUT
10
1560.890961
20
147.404194
30
0
40
2.5
1
AI4M_line_0486_cut_line_unknown
1001
AI4MANUFACTURING
1000
WRITEBACK_PHASE=01_ATOM_LABEL
1000
ENTITY_ID=line_0486
999
AI4M_ENTITY=line_0487__seg_01;LINE_ROLE=cut_line;EDGE=unknown;SOURCE_LAYER=11
0
POLYLINE
8
AI4M_01_ATOM_CUT
66
1
70
0
1001
AI4MANUFACTURING
1000
WRITEBACK_PHASE=01_ATOM
1000
ENTITY_ID=line_0487__seg_01
1000
SOURCE_HANDLE=1200
1000
LINE_ROLE=cut_line
1000
EDGE=unknown
1000
CHAIN=chain_ms1ulawi
1000
PIECE_ID=cuff_manual_01
1000
SEAM_PAIR=
1000
PAIRED_CHAIN=
1000
NOTCH_CHAIN=
1000
NOTCH_SOURCE=
1000
PIECE_ROLE=cuff
1000
SEAM_ALLOWANCE_MM=
1000
SOURCE_LAYER=11
0
VERTEX
8
AI4M_01_ATOM_CUT
10
1560.890961
20
114.496965
30
0
0
VERTEX
8
AI4M_01_ATOM_CUT
10
1593.09021
20
114.496965
30
0
0
VERTEX
8
AI4M_01_ATOM_CUT
10
1629.373474
20
114.496965
30
0
0
VERTEX
8
AI4M_01_ATOM_CUT
10
1813.600006
20
114.496965
30
0
0
VERTEX
8
AI4M_01_ATOM_CUT
10
1950.166321
20
114.496965
30
0
0
VERTEX
8
AI4M_01_ATOM_CUT
10
2120.348053
20
114.496965
30
0
0
SEQEND
8
AI4M_01_ATOM_CUT
0
TEXT
8
AI4M_01_ATOM_CUT
10
1560.890961
20
114.496965
30
0
40
2.5
1
AI4M_line_0487__seg_01_cut_line_unknown
1001
AI4MANUFACTURING
1000
WRITEBACK_PHASE=01_ATOM_LABEL
1000
ENTITY_ID=line_0487__seg_01
999
AI4M_ENTITY=line_0488;LINE_ROLE=cut_line;EDGE=unknown;SOURCE_LAYER=11
0
POLYLINE
8
AI4M_01_ATOM_CUT
66
1
70
0
1001
AI4MANUFACTURING
1000
WRITEBACK_PHASE=01_ATOM
1000
ENTITY_ID=line_0488
1000
SOURCE_HANDLE=1209
1000
LINE_ROLE=cut_line
1000
EDGE=unknown
1000
CHAIN=chain_ms1ulawi
1000
PIECE_ID=cuff_manual_01
1000
SEAM_PAIR=
1000
PAIRED_CHAIN=
1000
NOTCH_CHAIN=
1000
NOTCH_SOURCE=
1000
PIECE_ROLE=cuff
1000
SEAM_ALLOWANCE_MM=
1000
SOURCE_LAYER=11
0
VERTEX
8
AI4M_01_ATOM_CUT
10
1593.090179
20
116.996965
30
0
0
VERTEX
8
AI4M_01_ATOM_CUT
10
1593.090179
20
111.996965
30
0
0
SEQEND
8
AI4M_01_ATOM_CUT
0
TEXT
8
AI4M_01_ATOM_CUT
10
1593.090179
20
116.996965
30
0
40
2.5
1
AI4M_line_0488_cut_line_unknown
1001
AI4MANUFACTURING
1000
WRITEBACK_PHASE=01_ATOM_LABEL
1000
ENTITY_ID=line_0488
999
AI4M_ENTITY=line_0489;LINE_ROLE=cut_line;EDGE=unknown;SOURCE_LAYER=11
0
POLYLINE
8
AI4M_01_ATOM_CUT
66
1
70
0
1001
AI4MANUFACTURING
1000
WRITEBACK_PHASE=01_ATOM
1000
ENTITY_ID=line_0489
1000
SOURCE_HANDLE=120A
1000
LINE_ROLE=cut_line
1000
EDGE=unknown
1000
CHAIN=chain_ms1ulawi
1000
PIECE_ID=cuff_manual_01
1000
SEAM_PAIR=
1000
PAIRED_CHAIN=
1000
NOTCH_CHAIN=
1000
NOTCH_SOURCE=
1000
PIECE_ROLE=cuff
1000
SEAM_ALLOWANCE_MM=
1000
SOURCE_LAYER=11
0
VERTEX
8
AI4M_01_ATOM_CUT
10
1629.373384
20
116.996965
30
0
0
VERTEX
8
AI4M_01_ATOM_CUT
10
1629.373383
20
111.996965
30
0
0
SEQEND
8
AI4M_01_ATOM_CUT
0
TEXT
8
AI4M_01_ATOM_CUT
10
1629.373384
20
116.996965
30
0
40
2.5
1
AI4M_line_0489_cut_line_unknown
1001
AI4MANUFACTURING
1000
WRITEBACK_PHASE=01_ATOM_LABEL
1000
ENTITY_ID=line_0489
999
AI4M_ENTITY=line_0490;LINE_ROLE=cut_line;EDGE=unknown;SOURCE_LAYER=11
0
POLYLINE
8
AI4M_01_ATOM_CUT
66
1
70
0
1001
AI4MANUFACTURING
1000
WRITEBACK_PHASE=01_ATOM
1000
ENTITY_ID=line_0490
1000
SOURCE_HANDLE=120B
1000
LINE_ROLE=cut_line
1000
EDGE=unknown
1000
CHAIN=chain_ms1ulawi
1000
PIECE_ID=cuff_manual_01
1000
SEAM_PAIR=
1000
PAIRED_CHAIN=
1000
NOTCH_CHAIN=
1000
NOTCH_SOURCE=
1000
PIECE_ROLE=cuff
1000
SEAM_ALLOWANCE_MM=
1000
SOURCE_LAYER=11
0
VERTEX
8
AI4M_01_ATOM_CUT
10
1813.599949
20
116.996965
30
0
0
VERTEX
8
AI4M_01_ATOM_CUT
10
1813.599949
20
111.996965
30
0
0
SEQEND
8
AI4M_01_ATOM_CUT
0
TEXT
8
AI4M_01_ATOM_CUT
10
1813.599949
20
116.996965
30
0
40
2.5
1
AI4M_line_0490_cut_line_unknown
1001
AI4MANUFACTURING
1000
WRITEBACK_PHASE=01_ATOM_LABEL
1000
ENTITY_ID=line_0490
999
AI4M_ENTITY=line_0491;LINE_ROLE=cut_line;EDGE=unknown;SOURCE_LAYER=11
0
POLYLINE
8
AI4M_01_ATOM_CUT
66
1
70
0
1001
AI4MANUFACTURING
1000
WRITEBACK_PHASE=01_ATOM
1000
ENTITY_ID=line_0491
1000
SOURCE_HANDLE=120C
1000
LINE_ROLE=cut_line
1000
EDGE=unknown
1000
CHAIN=chain_ms1ulawi
1000
PIECE_ID=cuff_manual_01
1000
SEAM_PAIR=
1000
PAIRED_CHAIN=
1000
NOTCH_CHAIN=
1000
NOTCH_SOURCE=
1000
PIECE_ROLE=cuff
1000
SEAM_ALLOWANCE_MM=
1000
SOURCE_LAYER=11
0
VERTEX
8
AI4M_01_ATOM_CUT
10
1950.166359
20
116.996965
30
0
0
VERTEX
8
AI4M_01_ATOM_CUT
10
1950.166359
20
111.996965
30
0
0
SEQEND
8
AI4M_01_ATOM_CUT
0
TEXT
8
AI4M_01_ATOM_CUT
10
1950.166359
20
116.996965
30
0
40
2.5
1
AI4M_line_0491_cut_line_unknown
1001
AI4MANUFACTURING
1000
WRITEBACK_PHASE=01_ATOM_LABEL
1000
ENTITY_ID=line_0491
999
AI4M_ENTITY=line_0494;LINE_ROLE=side_seam;EDGE=side_seam;SOURCE_LAYER=11
0
POLYLINE
8
AI4M_01_ATOM_INTERNAL
66
1
70
0
1001
AI4MANUFACTURING
1000
WRITEBACK_PHASE=01_ATOM
1000
ENTITY_ID=line_0494
1000
SOURCE_HANDLE=1217
1000
LINE_ROLE=side_seam
1000
EDGE=side_seam
1000
CHAIN=chain_ms1ulawi
1000
PIECE_ID=cuff_manual_01
1000
SEAM_PAIR=
1000
PAIRED_CHAIN=
1000
NOTCH_CHAIN=
1000
NOTCH_SOURCE=
1000
PIECE_ROLE=cuff
1000
SEAM_ALLOWANCE_MM=
1000
SOURCE_LAYER=11
0
VERTEX
8
AI4M_01_ATOM_INTERNAL
10
2112.182007
20
176.496964
30
0
0
VERTEX
8
AI4M_01_ATOM_INTERNAL
10
2108.347931
20
204.779797
30
0
0
SEQEND
8
AI4M_01_ATOM_INTERNAL
0
TEXT
8
AI4M_01_ATOM_INTERNAL
10
2112.182007
20
176.496964
30
0
40
2.5
1
AI4M_line_0494_side_seam_side_seam
1001
AI4MANUFACTURING
1000
WRITEBACK_PHASE=01_ATOM_LABEL
1000
ENTITY_ID=line_0494
999
AI4M_ENTITY=line_0497;LINE_ROLE=cut_line;EDGE=unknown;SOURCE_LAYER=11
0
POLYLINE
8
AI4M_01_ATOM_CUT
66
1
70
0
1001
AI4MANUFACTURING
1000
WRITEBACK_PHASE=01_ATOM
1000
ENTITY_ID=line_0497
1000
SOURCE_HANDLE=1229
1000
LINE_ROLE=cut_line
1000
EDGE=unknown
1000
CHAIN=chain_ms1ulawi
1000
PIECE_ID=cuff_manual_01
1000
SEAM_PAIR=
1000
PAIRED_CHAIN=
1000
NOTCH_CHAIN=
1000
NOTCH_SOURCE=
1000
PIECE_ROLE=cuff
1000
SEAM_ALLOWANCE_MM=
1000
SOURCE_LAYER=11
0
VERTEX
8
AI4M_01_ATOM_CUT
10
1950.166292
20
223.996964
30
0
0
VERTEX
8
AI4M_01_ATOM_CUT
10
1950.166292
20
228.996964
30
0
0
SEQEND
8
AI4M_01_ATOM_CUT
0
TEXT
8
AI4M_01_ATOM_CUT
10
1950.166292
20
223.996964
30
0
40
2.5
1
AI4M_line_0497_cut_line_unknown
1001
AI4MANUFACTURING
1000
WRITEBACK_PHASE=01_ATOM_LABEL
1000
ENTITY_ID=line_0497
999
AI4M_ENTITY=line_0498;LINE_ROLE=cut_line;EDGE=unknown;SOURCE_LAYER=11
0
POLYLINE
8
AI4M_01_ATOM_CUT
66
1
70
0
1001
AI4MANUFACTURING
1000
WRITEBACK_PHASE=01_ATOM
1000
ENTITY_ID=line_0498
1000
SOURCE_HANDLE=122A
1000
LINE_ROLE=cut_line
1000
EDGE=unknown
1000
CHAIN=chain_ms1ulawi
1000
PIECE_ID=cuff_manual_01
1000
SEAM_PAIR=
1000
PAIRED_CHAIN=
1000
NOTCH_CHAIN=
1000
NOTCH_SOURCE=
1000
PIECE_ROLE=cuff
1000
SEAM_ALLOWANCE_MM=
1000
SOURCE_LAYER=11
0
VERTEX
8
AI4M_01_ATOM_CUT
10
1813.599892
20
223.996964
30
0
0
VERTEX
8
AI4M_01_ATOM_CUT
10
1813.599892
20
228.996964
30
0
0
SEQEND
8
AI4M_01_ATOM_CUT
0
TEXT
8
AI4M_01_ATOM_CUT
10
1813.599892
20
223.996964
30
0
40
2.5
1
AI4M_line_0498_cut_line_unknown
1001
AI4MANUFACTURING
1000
WRITEBACK_PHASE=01_ATOM_LABEL
1000
ENTITY_ID=line_0498
999
AI4M_ENTITY=line_0499;LINE_ROLE=cut_line;EDGE=unknown;SOURCE_LAYER=11
0
POLYLINE
8
AI4M_01_ATOM_CUT
66
1
70
0
1001
AI4MANUFACTURING
1000
WRITEBACK_PHASE=01_ATOM
1000
ENTITY_ID=line_0499
1000
SOURCE_HANDLE=122B
1000
LINE_ROLE=cut_line
1000
EDGE=unknown
1000
CHAIN=chain_ms1ulawi
1000
PIECE_ID=cuff_manual_01
1000
SEAM_PAIR=
1000
PAIRED_CHAIN=
1000
NOTCH_CHAIN=
1000
NOTCH_SOURCE=
1000
PIECE_ROLE=cuff
1000
SEAM_ALLOWANCE_MM=
1000
SOURCE_LAYER=11
0
VERTEX
8
AI4M_01_ATOM_CUT
10
1593.090134
20
223.996964
30
0
0
VERTEX
8
AI4M_01_ATOM_CUT
10
1593.090134
20
228.996964
30
0
0
SEQEND
8
AI4M_01_ATOM_CUT
0
TEXT
8
AI4M_01_ATOM_CUT
10
1593.090134
20
223.996964
30
0
40
2.5
1
AI4M_line_0499_cut_line_unknown
1001
AI4MANUFACTURING
1000
WRITEBACK_PHASE=01_ATOM_LABEL
1000
ENTITY_ID=line_0499
999
AI4M_ENTITY=line_0504__seg_01;LINE_ROLE=cuff_attach_line;EDGE=cuff_attach_line;SOURCE_LAYER=11
0
POLYLINE
8
AI4M_01_ATOM_INTERNAL
66
1
70
0
1001
AI4MANUFACTURING
1000
WRITEBACK_PHASE=01_ATOM
1000
ENTITY_ID=line_0504__seg_01
1000
SOURCE_HANDLE=1240
1000
LINE_ROLE=cuff_attach_line
1000
EDGE=cuff_attach_line
1000
CHAIN=chain_ms1ulawi
1000
PIECE_ID=cuff_manual_01
1000
SEAM_PAIR=
1000
PAIRED_CHAIN=
1000
NOTCH_CHAIN=
1000
NOTCH_SOURCE=
1000
PIECE_ROLE=cuff
1000
SEAM_ALLOWANCE_MM=
1000
SOURCE_LAYER=11
0
VERTEX
8
AI4M_01_ATOM_INTERNAL
10
1572.89093
20
126.496964
30
0
0
VERTEX
8
AI4M_01_ATOM_INTERNAL
10
1593.09021
20
126.496964
30
0
0
VERTEX
8
AI4M_01_ATOM_INTERNAL
10
1629.373474
20
126.496964
30
0
0
VERTEX
8
AI4M_01_ATOM_INTERNAL
10
1813.600006
20
126.496964
30
0
0
VERTEX
8
AI4M_01_ATOM_INTERNAL
10
1950.166321
20
126.496964
30
0
0
VERTEX
8
AI4M_01_ATOM_INTERNAL
10
2108.347931
20
126.496964
30
0
0
SEQEND
8
AI4M_01_ATOM_INTERNAL
0
TEXT
8
AI4M_01_ATOM_INTERNAL
10
1572.89093
20
126.496964
30
0
40
2.5
1
AI4M_line_0504__seg_01_cuff_attach_line_cuff_attach_line
1001
AI4MANUFACTURING
1000
WRITEBACK_PHASE=01_ATOM_LABEL
1000
ENTITY_ID=line_0504__seg_01
999
AI4M_ENTITY=line_0505;LINE_ROLE=cut_line;EDGE=unknown;SOURCE_LAYER=11
0
POLYLINE
8
AI4M_01_ATOM_CUT
66
1
70
0
1001
AI4MANUFACTURING
1000
WRITEBACK_PHASE=01_ATOM
1000
ENTITY_ID=line_0505
1000
SOURCE_HANDLE=1249
1000
LINE_ROLE=cut_line
1000
EDGE=unknown
1000
CHAIN=chain_ms1ulawi
1000
PIECE_ID=cuff_manual_01
1000
SEAM_PAIR=
1000
PAIRED_CHAIN=
1000
NOTCH_CHAIN=
1000
NOTCH_SOURCE=
1000
PIECE_ROLE=cuff
1000
SEAM_ALLOWANCE_MM=
1000
SOURCE_LAYER=11
0
VERTEX
8
AI4M_01_ATOM_CUT
10
1593.090148
20
128.996964
30
0
0
VERTEX
8
AI4M_01_ATOM_CUT
10
1593.090148
20
123.996964
30
0
0
SEQEND
8
AI4M_01_ATOM_CUT
0
TEXT
8
AI4M_01_ATOM_CUT
10
1593.090148
20
128.996964
30
0
40
2.5
1
AI4M_line_0505_cut_line_unknown
1001
AI4MANUFACTURING
1000
WRITEBACK_PHASE=01_ATOM_LABEL
1000
ENTITY_ID=line_0505
999
AI4M_ENTITY=line_0506;LINE_ROLE=cut_line;EDGE=unknown;SOURCE_LAYER=11
0
POLYLINE
8
AI4M_01_ATOM_CUT
66
1
70
0
1001
AI4MANUFACTURING
1000
WRITEBACK_PHASE=01_ATOM
1000
ENTITY_ID=line_0506
1000
SOURCE_HANDLE=124A
1000
LINE_ROLE=cut_line
1000
EDGE=unknown
1000
CHAIN=chain_ms1ulawi
1000
PIECE_ID=cuff_manual_01
1000
SEAM_PAIR=
1000
PAIRED_CHAIN=
1000
NOTCH_CHAIN=
1000
NOTCH_SOURCE=
1000
PIECE_ROLE=cuff
1000
SEAM_ALLOWANCE_MM=
1000
SOURCE_LAYER=11
0
VERTEX
8
AI4M_01_ATOM_CUT
10
1629.37335
20
128.996964
30
0
0
VERTEX
8
AI4M_01_ATOM_CUT
10
1629.37335
20
123.996964
30
0
0
SEQEND
8
AI4M_01_ATOM_CUT
0
TEXT
8
AI4M_01_ATOM_CUT
10
1629.37335
20
128.996964
30
0
40
2.5
1
AI4M_line_0506_cut_line_unknown
1001
AI4MANUFACTURING
1000
WRITEBACK_PHASE=01_ATOM_LABEL
1000
ENTITY_ID=line_0506
999
AI4M_ENTITY=line_0507;LINE_ROLE=cut_line;EDGE=unknown;SOURCE_LAYER=11
0
POLYLINE
8
AI4M_01_ATOM_CUT
66
1
70
0
1001
AI4MANUFACTURING
1000
WRITEBACK_PHASE=01_ATOM
1000
ENTITY_ID=line_0507
1000
SOURCE_HANDLE=124B
1000
LINE_ROLE=cut_line
1000
EDGE=unknown
1000
CHAIN=chain_ms1ulawi
1000
PIECE_ID=cuff_manual_01
1000
SEAM_PAIR=
1000
PAIRED_CHAIN=
1000
NOTCH_CHAIN=
1000
NOTCH_SOURCE=
1000
PIECE_ROLE=cuff
1000
SEAM_ALLOWANCE_MM=
1000
SOURCE_LAYER=11
0
VERTEX
8
AI4M_01_ATOM_CUT
10
1813.599911
20
128.996964
30
0
0
VERTEX
8
AI4M_01_ATOM_CUT
10
1813.599911
20
123.996964
30
0
0
SEQEND
8
AI4M_01_ATOM_CUT
0
TEXT
8
AI4M_01_ATOM_CUT
10
1813.599911
20
128.996964
30
0
40
2.5
1
AI4M_line_0507_cut_line_unknown
1001
AI4MANUFACTURING
1000
WRITEBACK_PHASE=01_ATOM_LABEL
1000
ENTITY_ID=line_0507
999
AI4M_ENTITY=line_0508;LINE_ROLE=cut_line;EDGE=unknown;SOURCE_LAYER=11
0
POLYLINE
8
AI4M_01_ATOM_CUT
66
1
70
0
1001
AI4MANUFACTURING
1000
WRITEBACK_PHASE=01_ATOM
1000
ENTITY_ID=line_0508
1000
SOURCE_HANDLE=124C
1000
LINE_ROLE=cut_line
1000
EDGE=unknown
1000
CHAIN=chain_ms1ulawi
1000
PIECE_ID=cuff_manual_01
1000
SEAM_PAIR=
1000
PAIRED_CHAIN=
1000
NOTCH_CHAIN=
1000
NOTCH_SOURCE=
1000
PIECE_ROLE=cuff
1000
SEAM_ALLOWANCE_MM=
1000
SOURCE_LAYER=11
0
VERTEX
8
AI4M_01_ATOM_CUT
10
1950.166321
20
128.996964
30
0
0
VERTEX
8
AI4M_01_ATOM_CUT
10
1950.166321
20
123.996964
30
0
0
SEQEND
8
AI4M_01_ATOM_CUT
0
TEXT
8
AI4M_01_ATOM_CUT
10
1950.166321
20
128.996964
30
0
40
2.5
1
AI4M_line_0508_cut_line_unknown
1001
AI4MANUFACTURING
1000
WRITEBACK_PHASE=01_ATOM_LABEL
1000
ENTITY_ID=line_0508
999
AI4M_ENTITY=line_0509;LINE_ROLE=construction;EDGE=construction_horizontal;SOURCE_LAYER=11
0
POLYLINE
8
AI4M_01_ATOM_INTERNAL
66
1
70
0
1001
AI4MANUFACTURING
1000
WRITEBACK_PHASE=01_ATOM
1000
ENTITY_ID=line_0509
1000
SOURCE_HANDLE=124D
1000
LINE_ROLE=construction
1000
EDGE=construction_horizontal
1000
CHAIN=chain_ms1ulawi
1000
PIECE_ID=cuff_manual_01
1000
SEAM_PAIR=
1000
PAIRED_CHAIN=
1000
NOTCH_CHAIN=
1000
NOTCH_SOURCE=
1000
PIECE_ROLE=cuff
1000
SEAM_ALLOWANCE_MM=
1000
SOURCE_LAYER=11
0
VERTEX
8
AI4M_01_ATOM_INTERNAL
10
2112.182007
20
176.496964
30
0
0
VERTEX
8
AI4M_01_ATOM_INTERNAL
10
1569.055023
20
176.496964
30
0
0
SEQEND
8
AI4M_01_ATOM_INTERNAL
0
TEXT
8
AI4M_01_ATOM_INTERNAL
10
2112.182007
20
176.496964
30
0
40
2.5
1
AI4M_line_0509_construction_construction_horizontal
1001
AI4MANUFACTURING
1000
WRITEBACK_PHASE=01_ATOM_LABEL
1000
ENTITY_ID=line_0509
999
AI4M_ENTITY=line_0510__seg_01;LINE_ROLE=pattern_boundary;EDGE=pattern_boundary;SOURCE_LAYER=11
0
POLYLINE
8
AI4M_01_ATOM_NET
66
1
70
0
1001
AI4MANUFACTURING
1000
WRITEBACK_PHASE=01_ATOM
1000
ENTITY_ID=line_0510__seg_01
1000
SOURCE_HANDLE=1252
1000
LINE_ROLE=pattern_boundary
1000
EDGE=pattern_boundary
1000
CHAIN=chain_ms1ulawi
1000
PIECE_ID=cuff_manual_01
1000
SEAM_PAIR=
1000
PAIRED_CHAIN=
1000
NOTCH_CHAIN=
1000
NOTCH_SOURCE=
1000
PIECE_ROLE=cuff
1000
SEAM_ALLOWANCE_MM=
1000
SOURCE_LAYER=11
0
VERTEX
8
AI4M_01_ATOM_NET
10
1560.890961
20
114.496965
30
0
0
VERTEX
8
AI4M_01_ATOM_NET
10
1593.09021
20
114.496965
30
0
0
VERTEX
8
AI4M_01_ATOM_NET
10
1629.373474
20
114.496965
30
0
0
VERTEX
8
AI4M_01_ATOM_NET
10
1813.600006
20
114.496965
30
0
0
VERTEX
8
AI4M_01_ATOM_NET
10
1950.166321
20
114.496965
30
0
0
VERTEX
8
AI4M_01_ATOM_NET
10
2120.348053
20
114.496965
30
0
0
SEQEND
8
AI4M_01_ATOM_NET
0
TEXT
8
AI4M_01_ATOM_NET
10
1560.890961
20
114.496965
30
0
40
2.5
1
AI4M_line_0510__seg_01_pattern_boundary_pattern_boundary
1001
AI4MANUFACTURING
1000
WRITEBACK_PHASE=01_ATOM_LABEL
1000
ENTITY_ID=line_0510__seg_01
999
AI4M_ENTITY=line_0511;LINE_ROLE=cut_line;EDGE=unknown;SOURCE_LAYER=11
0
POLYLINE
8
AI4M_01_ATOM_CUT
66
1
70
0
1001
AI4MANUFACTURING
1000
WRITEBACK_PHASE=01_ATOM
1000
ENTITY_ID=line_0511
1000
SOURCE_HANDLE=125B
1000
LINE_ROLE=cut_line
1000
EDGE=unknown
1000
CHAIN=chain_ms1ulawi
1000
PIECE_ID=cuff_manual_01
1000
SEAM_PAIR=
1000
PAIRED_CHAIN=
1000
NOTCH_CHAIN=
1000
NOTCH_SOURCE=
1000
PIECE_ROLE=cuff
1000
SEAM_ALLOWANCE_MM=
1000
SOURCE_LAYER=11
0
VERTEX
8
AI4M_01_ATOM_CUT
10
1593.09021
20
111.996965
30
0
0
VERTEX
8
AI4M_01_ATOM_CUT
10
1593.09021
20
116.996965
30
0
0
SEQEND
8
AI4M_01_ATOM_CUT
0
TEXT
8
AI4M_01_ATOM_CUT
10
1593.09021
20
111.996965
30
0
40
2.5
1
AI4M_line_0511_cut_line_unknown
1001
AI4MANUFACTURING
1000
WRITEBACK_PHASE=01_ATOM_LABEL
1000
ENTITY_ID=line_0511
999
AI4M_ENTITY=line_0512;LINE_ROLE=cut_line;EDGE=unknown;SOURCE_LAYER=11
0
POLYLINE
8
AI4M_01_ATOM_CUT
66
1
70
0
1001
AI4MANUFACTURING
1000
WRITEBACK_PHASE=01_ATOM
1000
ENTITY_ID=line_0512
1000
SOURCE_HANDLE=125C
1000
LINE_ROLE=cut_line
1000
EDGE=unknown
1000
CHAIN=chain_ms1ulawi
1000
PIECE_ID=cuff_manual_01
1000
SEAM_PAIR=
1000
PAIRED_CHAIN=
1000
NOTCH_CHAIN=
1000
NOTCH_SOURCE=
1000
PIECE_ROLE=cuff
1000
SEAM_ALLOWANCE_MM=
1000
SOURCE_LAYER=11
0
VERTEX
8
AI4M_01_ATOM_CUT
10
1629.373474
20
111.996965
30
0
0
VERTEX
8
AI4M_01_ATOM_CUT
10
1629.373474
20
116.996965
30
0
0
SEQEND
8
AI4M_01_ATOM_CUT
0
TEXT
8
AI4M_01_ATOM_CUT
10
1629.373474
20
111.996965
30
0
40
2.5
1
AI4M_line_0512_cut_line_unknown
1001
AI4MANUFACTURING
1000
WRITEBACK_PHASE=01_ATOM_LABEL
1000
ENTITY_ID=line_0512
999
AI4M_ENTITY=line_0513;LINE_ROLE=cut_line;EDGE=unknown;SOURCE_LAYER=11
0
POLYLINE
8
AI4M_01_ATOM_CUT
66
1
70
0
1001
AI4MANUFACTURING
1000
WRITEBACK_PHASE=01_ATOM
1000
ENTITY_ID=line_0513
1000
SOURCE_HANDLE=125D
1000
LINE_ROLE=cut_line
1000
EDGE=unknown
1000
CHAIN=chain_ms1ulawi
1000
PIECE_ID=cuff_manual_01
1000
SEAM_PAIR=
1000
PAIRED_CHAIN=
1000
NOTCH_CHAIN=
1000
NOTCH_SOURCE=
1000
PIECE_ROLE=cuff
1000
SEAM_ALLOWANCE_MM=
1000
SOURCE_LAYER=11
0
VERTEX
8
AI4M_01_ATOM_CUT
10
1813.600006
20
111.996965
30
0
0
VERTEX
8
AI4M_01_ATOM_CUT
10
1813.600006
20
116.996965
30
0
0
SEQEND
8
AI4M_01_ATOM_CUT
0
TEXT
8
AI4M_01_ATOM_CUT
10
1813.600006
20
111.996965
30
0
40
2.5
1
AI4M_line_0513_cut_line_unknown
1001
AI4MANUFACTURING
1000
WRITEBACK_PHASE=01_ATOM_LABEL
1000
ENTITY_ID=line_0513
999
AI4M_ENTITY=line_0514;LINE_ROLE=cut_line;EDGE=unknown;SOURCE_LAYER=11
0
POLYLINE
8
AI4M_01_ATOM_CUT
66
1
70
0
1001
AI4MANUFACTURING
1000
WRITEBACK_PHASE=01_ATOM
1000
ENTITY_ID=line_0514
1000
SOURCE_HANDLE=125E
1000
LINE_ROLE=cut_line
1000
EDGE=unknown
1000
CHAIN=chain_ms1ulawi
1000
PIECE_ID=cuff_manual_01
1000
SEAM_PAIR=
1000
PAIRED_CHAIN=
1000
NOTCH_CHAIN=
1000
NOTCH_SOURCE=
1000
PIECE_ROLE=cuff
1000
SEAM_ALLOWANCE_MM=
1000
SOURCE_LAYER=11
0
VERTEX
8
AI4M_01_ATOM_CUT
10
1950.166321
20
111.996965
30
0
0
VERTEX
8
AI4M_01_ATOM_CUT
10
1950.166321
20
116.996965
30
0
0
SEQEND
8
AI4M_01_ATOM_CUT
0
TEXT
8
AI4M_01_ATOM_CUT
10
1950.166321
20
111.996965
30
0
40
2.5
1
AI4M_line_0514_cut_line_unknown
1001
AI4MANUFACTURING
1000
WRITEBACK_PHASE=01_ATOM_LABEL
1000
ENTITY_ID=line_0514
999
AI4M_ENTITY=line_0515;LINE_ROLE=pattern_boundary;EDGE=pattern_boundary;SOURCE_LAYER=11
0
POLYLINE
8
AI4M_01_ATOM_NET
66
1
70
0
1001
AI4MANUFACTURING
1000
WRITEBACK_PHASE=01_ATOM
1000
ENTITY_ID=line_0515
1000
SOURCE_HANDLE=125F
1000
LINE_ROLE=pattern_boundary
1000
EDGE=pattern_boundary
1000
CHAIN=chain_ms1ulawi
1000
PIECE_ID=cuff_manual_01
1000
SEAM_PAIR=
1000
PAIRED_CHAIN=
1000
NOTCH_CHAIN=
1000
NOTCH_SOURCE=
1000
PIECE_ROLE=cuff
1000
SEAM_ALLOWANCE_MM=
1000
SOURCE_LAYER=11
0
VERTEX
8
AI4M_01_ATOM_NET
10
1560.890961
20
147.404194
30
0
0
VERTEX
8
AI4M_01_ATOM_NET
10
1560.890961
20
114.496965
30
0
0
SEQEND
8
AI4M_01_ATOM_NET
0
TEXT
8
AI4M_01_ATOM_NET
10
1560.890961
20
147.404194
30
0
40
2.5
1
AI4M_line_0515_pattern_boundary_pattern_boundary
1001
AI4MANUFACTURING
1000
WRITEBACK_PHASE=01_ATOM_LABEL
1000
ENTITY_ID=line_0515
999
AI4M_ENTITY=line_0516;LINE_ROLE=pattern_boundary;EDGE=pattern_boundary;SOURCE_LAYER=11
0
POLYLINE
8
AI4M_01_ATOM_NET
66
1
70
0
1001
AI4MANUFACTURING
1000
WRITEBACK_PHASE=01_ATOM
1000
ENTITY_ID=line_0516
1000
SOURCE_HANDLE=1264
1000
LINE_ROLE=pattern_boundary
1000
EDGE=pattern_boundary
1000
CHAIN=chain_ms1ulawi
1000
PIECE_ID=cuff_manual_01
1000
SEAM_PAIR=
1000
PAIRED_CHAIN=
1000
NOTCH_CHAIN=
1000
NOTCH_SOURCE=
1000
PIECE_ROLE=cuff
1000
SEAM_ALLOWANCE_MM=
1000
SOURCE_LAYER=11
0
VERTEX
8
AI4M_01_ATOM_NET
10
1556.945648
20
176.496964
30
0
0
VERTEX
8
AI4M_01_ATOM_NET
10
1560.890961
20
147.404194
30
0
0
SEQEND
8
AI4M_01_ATOM_NET
0
TEXT
8
AI4M_01_ATOM_NET
10
1556.945648
20
176.496964
30
0
40
2.5
1
AI4M_line_0516_pattern_boundary_pattern_boundary
1001
AI4MANUFACTURING
1000
WRITEBACK_PHASE=01_ATOM_LABEL
1000
ENTITY_ID=line_0516
999
AI4M_ENTITY=line_0517;LINE_ROLE=pattern_boundary;EDGE=pattern_boundary;SOURCE_LAYER=11
0
POLYLINE
8
AI4M_01_ATOM_NET
66
1
70
0
1001
AI4MANUFACTURING
1000
WRITEBACK_PHASE=01_ATOM
1000
ENTITY_ID=line_0517
1000
SOURCE_HANDLE=1269
1000
LINE_ROLE=pattern_boundary
1000
EDGE=pattern_boundary
1000
CHAIN=chain_ms1ulawi
1000
PIECE_ID=cuff_manual_01
1000
SEAM_PAIR=
1000
PAIRED_CHAIN=
1000
NOTCH_CHAIN=
1000
NOTCH_SOURCE=
1000
PIECE_ROLE=cuff
1000
SEAM_ALLOWANCE_MM=
1000
SOURCE_LAYER=11
0
VERTEX
8
AI4M_01_ATOM_NET
10
1560.890961
20
205.589752
30
0
0
VERTEX
8
AI4M_01_ATOM_NET
10
1556.945648
20
176.496964
30
0
0
SEQEND
8
AI4M_01_ATOM_NET
0
TEXT
8
AI4M_01_ATOM_NET
10
1560.890961
20
205.589752
30
0
40
2.5
1
AI4M_line_0517_pattern_boundary_pattern_boundary
1001
AI4MANUFACTURING
1000
WRITEBACK_PHASE=01_ATOM_LABEL
1000
ENTITY_ID=line_0517
999
AI4M_ENTITY=line_0518;LINE_ROLE=pattern_boundary;EDGE=pattern_boundary;SOURCE_LAYER=11
0
POLYLINE
8
AI4M_01_ATOM_NET
66
1
70
0
1001
AI4MANUFACTURING
1000
WRITEBACK_PHASE=01_ATOM
1000
ENTITY_ID=line_0518
1000
SOURCE_HANDLE=126E
1000
LINE_ROLE=pattern_boundary
1000
EDGE=pattern_boundary
1000
CHAIN=chain_ms1ulawi
1000
PIECE_ID=cuff_manual_01
1000
SEAM_PAIR=
1000
PAIRED_CHAIN=
1000
NOTCH_CHAIN=
1000
NOTCH_SOURCE=
1000
PIECE_ROLE=cuff
1000
SEAM_ALLOWANCE_MM=
1000
SOURCE_LAYER=11
0
VERTEX
8
AI4M_01_ATOM_NET
10
1560.890961
20
238.496971
30
0
0
VERTEX
8
AI4M_01_ATOM_NET
10
1560.890961
20
205.589752
30
0
0
SEQEND
8
AI4M_01_ATOM_NET
0
TEXT
8
AI4M_01_ATOM_NET
10
1560.890961
20
238.496971
30
0
40
2.5
1
AI4M_line_0518_pattern_boundary_pattern_boundary
1001
AI4MANUFACTURING
1000
WRITEBACK_PHASE=01_ATOM_LABEL
1000
ENTITY_ID=line_0518
999
AI4M_ENTITY=line_0519__seg_01;LINE_ROLE=pattern_boundary;EDGE=pattern_boundary;SOURCE_LAYER=11
0
POLYLINE
8
AI4M_01_ATOM_NET
66
1
70
0
1001
AI4MANUFACTURING
1000
WRITEBACK_PHASE=01_ATOM
1000
ENTITY_ID=line_0519__seg_01
1000
SOURCE_HANDLE=1273
1000
LINE_ROLE=pattern_boundary
1000
EDGE=pattern_boundary
1000
CHAIN=chain_ms1ulawi
1000
PIECE_ID=cuff_manual_01
1000
SEAM_PAIR=
1000
PAIRED_CHAIN=
1000
NOTCH_CHAIN=
1000
NOTCH_SOURCE=
1000
PIECE_ROLE=cuff
1000
SEAM_ALLOWANCE_MM=
1000
SOURCE_LAYER=11
0
VERTEX
8
AI4M_01_ATOM_NET
10
2120.348053
20
238.496971
30
0
0
VERTEX
8
AI4M_01_ATOM_NET
10
1950.166321
20
238.496971
30
0
0
VERTEX
8
AI4M_01_ATOM_NET
10
1813.600006
20
238.496971
30
0
0
VERTEX
8
AI4M_01_ATOM_NET
10
1593.09021
20
238.496971
30
0
0
VERTEX
8
AI4M_01_ATOM_NET
10
1560.890961
20
238.496971
30
0
0
SEQEND
8
AI4M_01_ATOM_NET
0
TEXT
8
AI4M_01_ATOM_NET
10
2120.348053
20
238.496971
30
0
40
2.5
1
AI4M_line_0519__seg_01_pattern_boundary_pattern_boundary
1001
AI4MANUFACTURING
1000
WRITEBACK_PHASE=01_ATOM_LABEL
1000
ENTITY_ID=line_0519__seg_01
999
AI4M_ENTITY=line_0520;LINE_ROLE=cut_line;EDGE=unknown;SOURCE_LAYER=11
0
POLYLINE
8
AI4M_01_ATOM_CUT
66
1
70
0
1001
AI4MANUFACTURING
1000
WRITEBACK_PHASE=01_ATOM
1000
ENTITY_ID=line_0520
1000
SOURCE_HANDLE=127B
1000
LINE_ROLE=cut_line
1000
EDGE=unknown
1000
CHAIN=chain_ms1ulawi
1000
PIECE_ID=cuff_manual_01
1000
SEAM_PAIR=
1000
PAIRED_CHAIN=
1000
NOTCH_CHAIN=
1000
NOTCH_SOURCE=
1000
PIECE_ROLE=cuff
1000
SEAM_ALLOWANCE_MM=
1000
SOURCE_LAYER=11
0
VERTEX
8
AI4M_01_ATOM_CUT
10
1950.166321
20
240.996971
30
0
0
VERTEX
8
AI4M_01_ATOM_CUT
10
1950.166321
20
235.996971
30
0
0
SEQEND
8
AI4M_01_ATOM_CUT
0
TEXT
8
AI4M_01_ATOM_CUT
10
1950.166321
20
240.996971
30
0
40
2.5
1
AI4M_line_0520_cut_line_unknown
1001
AI4MANUFACTURING
1000
WRITEBACK_PHASE=01_ATOM_LABEL
1000
ENTITY_ID=line_0520
999
AI4M_ENTITY=line_0521;LINE_ROLE=cut_line;EDGE=unknown;SOURCE_LAYER=11
0
POLYLINE
8
AI4M_01_ATOM_CUT
66
1
70
0
1001
AI4MANUFACTURING
1000
WRITEBACK_PHASE=01_ATOM
1000
ENTITY_ID=line_0521
1000
SOURCE_HANDLE=127C
1000
LINE_ROLE=cut_line
1000
EDGE=unknown
1000
CHAIN=chain_ms1ulawi
1000
PIECE_ID=cuff_manual_01
1000
SEAM_PAIR=
1000
PAIRED_CHAIN=
1000
NOTCH_CHAIN=
1000
NOTCH_SOURCE=
1000
PIECE_ROLE=cuff
1000
SEAM_ALLOWANCE_MM=
1000
SOURCE_LAYER=11
0
VERTEX
8
AI4M_01_ATOM_CUT
10
1813.600006
20
240.996971
30
0
0
VERTEX
8
AI4M_01_ATOM_CUT
10
1813.600006
20
235.996971
30
0
0
SEQEND
8
AI4M_01_ATOM_CUT
0
TEXT
8
AI4M_01_ATOM_CUT
10
1813.600006
20
240.996971
30
0
40
2.5
1
AI4M_line_0521_cut_line_unknown
1001
AI4MANUFACTURING
1000
WRITEBACK_PHASE=01_ATOM_LABEL
1000
ENTITY_ID=line_0521
999
AI4M_ENTITY=line_0522;LINE_ROLE=cut_line;EDGE=unknown;SOURCE_LAYER=11
0
POLYLINE
8
AI4M_01_ATOM_CUT
66
1
70
0
1001
AI4MANUFACTURING
1000
WRITEBACK_PHASE=01_ATOM
1000
ENTITY_ID=line_0522
1000
SOURCE_HANDLE=127D
1000
LINE_ROLE=cut_line
1000
EDGE=unknown
1000
CHAIN=chain_ms1ulawi
1000
PIECE_ID=cuff_manual_01
1000
SEAM_PAIR=
1000
PAIRED_CHAIN=
1000
NOTCH_CHAIN=
1000
NOTCH_SOURCE=
1000
PIECE_ROLE=cuff
1000
SEAM_ALLOWANCE_MM=
1000
SOURCE_LAYER=11
0
VERTEX
8
AI4M_01_ATOM_CUT
10
1593.09021
20
240.996971
30
0
0
VERTEX
8
AI4M_01_ATOM_CUT
10
1593.09021
20
235.996971
30
0
0
SEQEND
8
AI4M_01_ATOM_CUT
0
TEXT
8
AI4M_01_ATOM_CUT
10
1593.09021
20
240.996971
30
0
40
2.5
1
AI4M_line_0522_cut_line_unknown
1001
AI4MANUFACTURING
1000
WRITEBACK_PHASE=01_ATOM_LABEL
1000
ENTITY_ID=line_0522
999
AI4M_ENTITY=line_0523;LINE_ROLE=pattern_boundary;EDGE=pattern_boundary;SOURCE_LAYER=11
0
POLYLINE
8
AI4M_01_ATOM_NET
66
1
70
0
1001
AI4MANUFACTURING
1000
WRITEBACK_PHASE=01_ATOM
1000
ENTITY_ID=line_0523
1000
SOURCE_HANDLE=127E
1000
LINE_ROLE=pattern_boundary
1000
EDGE=pattern_boundary
1000
CHAIN=chain_ms1ulawi
1000
PIECE_ID=cuff_manual_01
1000
SEAM_PAIR=
1000
PAIRED_CHAIN=
1000
NOTCH_CHAIN=
1000
NOTCH_SOURCE=
1000
PIECE_ROLE=cuff
1000
SEAM_ALLOWANCE_MM=
1000
SOURCE_LAYER=11
0
VERTEX
8
AI4M_01_ATOM_NET
10
2120.348053
20
205.589752
30
0
0
VERTEX
8
AI4M_01_ATOM_NET
10
2120.348053
20
238.496971
30
0
0
SEQEND
8
AI4M_01_ATOM_NET
0
TEXT
8
AI4M_01_ATOM_NET
10
2120.348053
20
205.589752
30
0
40
2.5
1
AI4M_line_0523_pattern_boundary_pattern_boundary
1001
AI4MANUFACTURING
1000
WRITEBACK_PHASE=01_ATOM_LABEL
1000
ENTITY_ID=line_0523
999
AI4M_ENTITY=line_0524;LINE_ROLE=pattern_boundary;EDGE=pattern_boundary;SOURCE_LAYER=11
0
POLYLINE
8
AI4M_01_ATOM_NET
66
1
70
0
1001
AI4MANUFACTURING
1000
WRITEBACK_PHASE=01_ATOM
1000
ENTITY_ID=line_0524
1000
SOURCE_HANDLE=1283
1000
LINE_ROLE=pattern_boundary
1000
EDGE=pattern_boundary
1000
CHAIN=chain_ms1ulawi
1000
PIECE_ID=cuff_manual_01
1000
SEAM_PAIR=
1000
PAIRED_CHAIN=
1000
NOTCH_CHAIN=
1000
NOTCH_SOURCE=
1000
PIECE_ROLE=cuff
1000
SEAM_ALLOWANCE_MM=
1000
SOURCE_LAYER=11
0
VERTEX
8
AI4M_01_ATOM_NET
10
2124.293365
20
176.496964
30
0
0
VERTEX
8
AI4M_01_ATOM_NET
10
2120.348053
20
205.589752
30
0
0
SEQEND
8
AI4M_01_ATOM_NET
0
TEXT
8
AI4M_01_ATOM_NET
10
2124.293365
20
176.496964
30
0
40
2.5
1
AI4M_line_0524_pattern_boundary_pattern_boundary
1001
AI4MANUFACTURING
1000
WRITEBACK_PHASE=01_ATOM_LABEL
1000
ENTITY_ID=line_0524
999
AI4M_ENTITY=line_0525;LINE_ROLE=pattern_boundary;EDGE=pattern_boundary;SOURCE_LAYER=11
0
POLYLINE
8
AI4M_01_ATOM_NET
66
1
70
0
1001
AI4MANUFACTURING
1000
WRITEBACK_PHASE=01_ATOM
1000
ENTITY_ID=line_0525
1000
SOURCE_HANDLE=1288
1000
LINE_ROLE=pattern_boundary
1000
EDGE=pattern_boundary
1000
CHAIN=chain_ms1ulawi
1000
PIECE_ID=cuff_manual_01
1000
SEAM_PAIR=
1000
PAIRED_CHAIN=
1000
NOTCH_CHAIN=
1000
NOTCH_SOURCE=
1000
PIECE_ROLE=cuff
1000
SEAM_ALLOWANCE_MM=
1000
SOURCE_LAYER=11
0
VERTEX
8
AI4M_01_ATOM_NET
10
2120.348053
20
147.404194
30
0
0
VERTEX
8
AI4M_01_ATOM_NET
10
2124.293365
20
176.496964
30
0
0
SEQEND
8
AI4M_01_ATOM_NET
0
TEXT
8
AI4M_01_ATOM_NET
10
2120.348053
20
147.404194
30
0
40
2.5
1
AI4M_line_0525_pattern_boundary_pattern_boundary
1001
AI4MANUFACTURING
1000
WRITEBACK_PHASE=01_ATOM_LABEL
1000
ENTITY_ID=line_0525
999
AI4M_ENTITY=line_0526;LINE_ROLE=pattern_boundary;EDGE=pattern_boundary;SOURCE_LAYER=11
0
POLYLINE
8
AI4M_01_ATOM_NET
66
1
70
0
1001
AI4MANUFACTURING
1000
WRITEBACK_PHASE=01_ATOM
1000
ENTITY_ID=line_0526
1000
SOURCE_HANDLE=128D
1000
LINE_ROLE=pattern_boundary
1000
EDGE=pattern_boundary
1000
CHAIN=chain_ms1ulawi
1000
PIECE_ID=cuff_manual_01
1000
SEAM_PAIR=
1000
PAIRED_CHAIN=
1000
NOTCH_CHAIN=
1000
NOTCH_SOURCE=
1000
PIECE_ROLE=cuff
1000
SEAM_ALLOWANCE_MM=
1000
SOURCE_LAYER=11
0
VERTEX
8
AI4M_01_ATOM_NET
10
2120.348053
20
114.496965
30
0
0
VERTEX
8
AI4M_01_ATOM_NET
10
2120.348053
20
147.404194
30
0
0
SEQEND
8
AI4M_01_ATOM_NET
0
TEXT
8
AI4M_01_ATOM_NET
10
2120.348053
20
114.496965
30
0
40
2.5
1
AI4M_line_0526_pattern_boundary_pattern_boundary
1001
AI4MANUFACTURING
1000
WRITEBACK_PHASE=01_ATOM_LABEL
1000
ENTITY_ID=line_0526
999
AI4M_ENTITY=line_0527;LINE_ROLE=cut_line;EDGE=unknown;SOURCE_LAYER=11
0
POLYLINE
8
AI4M_01_ATOM_CUT
66
1
70
0
1001
AI4MANUFACTURING
1000
WRITEBACK_PHASE=01_ATOM
1000
ENTITY_ID=line_0527
1000
SOURCE_HANDLE=1292
1000
LINE_ROLE=cut_line
1000
EDGE=unknown
1000
CHAIN=chain_ms1ulawi
1000
PIECE_ID=cuff_manual_01
1000
SEAM_PAIR=
1000
PAIRED_CHAIN=
1000
NOTCH_CHAIN=
1000
NOTCH_SOURCE=
1000
PIECE_ROLE=cuff
1000
SEAM_ALLOWANCE_MM=
1000
SOURCE_LAYER=11
0
VERTEX
8
AI4M_01_ATOM_CUT
10
1838.422241
20
175.931358
30
0
0
VERTEX
8
AI4M_01_ATOM_CUT
10
1730.16449
20
175.931358
30
0
0
SEQEND
8
AI4M_01_ATOM_CUT
0
TEXT
8
AI4M_01_ATOM_CUT
10
1838.422241
20
175.931358
30
0
40
2.5
1
AI4M_line_0527_cut_line_unknown
1001
AI4MANUFACTURING
1000
WRITEBACK_PHASE=01_ATOM_LABEL
1000
ENTITY_ID=line_0527
999
AI4M_ENTITY=line_0528;LINE_ROLE=cut_line;EDGE=unknown;SOURCE_LAYER=11
0
POLYLINE
8
AI4M_01_ATOM_CUT
66
1
70
0
1001
AI4MANUFACTURING
1000
WRITEBACK_PHASE=01_ATOM
1000
ENTITY_ID=line_0528
1000
SOURCE_HANDLE=1293
1000
LINE_ROLE=cut_line
1000
EDGE=unknown
1000
CHAIN=chain_ms1ulawi
1000
PIECE_ID=cuff_manual_01
1000
SEAM_PAIR=
1000
PAIRED_CHAIN=
1000
NOTCH_CHAIN=
1000
NOTCH_SOURCE=
1000
PIECE_ROLE=cuff
1000
SEAM_ALLOWANCE_MM=
1000
SOURCE_LAYER=11
0
VERTEX
8
AI4M_01_ATOM_CUT
10
1730.16449
20
175.931358
30
0
0
VERTEX
8
AI4M_01_ATOM_CUT
10
1749.876185
20
172.547711
30
0
0
SEQEND
8
AI4M_01_ATOM_CUT
0
TEXT
8
AI4M_01_ATOM_CUT
10
1730.16449
20
175.931358
30
0
40
2.5
1
AI4M_line_0528_cut_line_unknown
1001
AI4MANUFACTURING
1000
WRITEBACK_PHASE=01_ATOM_LABEL
1000
ENTITY_ID=line_0528
999
AI4M_ENTITY=line_0529;LINE_ROLE=cut_line;EDGE=unknown;SOURCE_LAYER=11
0
POLYLINE
8
AI4M_01_ATOM_CUT
66
1
70
0
1001
AI4MANUFACTURING
1000
WRITEBACK_PHASE=01_ATOM
1000
ENTITY_ID=line_0529
1000
SOURCE_HANDLE=1294
1000
LINE_ROLE=cut_line
1000
EDGE=unknown
1000
CHAIN=chain_ms1ulawi
1000
PIECE_ID=cuff_manual_01
1000
SEAM_PAIR=
1000
PAIRED_CHAIN=
1000
NOTCH_CHAIN=
1000
NOTCH_SOURCE=
1000
PIECE_ROLE=cuff
1000
SEAM_ALLOWANCE_MM=
1000
SOURCE_LAYER=11
0
VERTEX
8
AI4M_01_ATOM_CUT
10
1730.16449
20
175.931358
30
0
0
VERTEX
8
AI4M_01_ATOM_CUT
10
1730.16449
20
175.931358
30
0
0
SEQEND
8
AI4M_01_ATOM_CUT
0
TEXT
8
AI4M_01_ATOM_CUT
10
1730.16449
20
175.931358
30
0
40
2.5
1
AI4M_line_0529_cut_line_unknown
1001
AI4MANUFACTURING
1000
WRITEBACK_PHASE=01_ATOM_LABEL
1000
ENTITY_ID=line_0529
999
AI4M_ENTITY=line_0328;LINE_ROLE=cut_line;EDGE=unknown;SOURCE_LAYER=11
0
POLYLINE
8
AI4M_01_ATOM_CUT
66
1
70
0
1001
AI4MANUFACTURING
1000
WRITEBACK_PHASE=01_ATOM
1000
ENTITY_ID=line_0328
1000
SOURCE_HANDLE=E22
1000
LINE_ROLE=cut_line
1000
EDGE=unknown
1000
CHAIN=chain_ms1ulf5i
1000
PIECE_ID=cuff_manual_01
1000
SEAM_PAIR=
1000
PAIRED_CHAIN=
1000
NOTCH_CHAIN=
1000
NOTCH_SOURCE=
1000
PIECE_ROLE=cuff
1000
SEAM_ALLOWANCE_MM=
1000
SOURCE_LAYER=11
0
VERTEX
8
AI4M_01_ATOM_CUT
10
2309.447174
20
114.496965
30
0
0
VERTEX
8
AI4M_01_ATOM_CUT
10
2309.447174
20
147.404194
30
0
0
SEQEND
8
AI4M_01_ATOM_CUT
0
TEXT
8
AI4M_01_ATOM_CUT
10
2309.447174
20
114.496965
30
0
40
2.5
1
AI4M_line_0328_cut_line_unknown
1001
AI4MANUFACTURING
1000
WRITEBACK_PHASE=01_ATOM_LABEL
1000
ENTITY_ID=line_0328
999
AI4M_ENTITY=line_0329;LINE_ROLE=cut_line;EDGE=unknown;SOURCE_LAYER=11
0
POLYLINE
8
AI4M_01_ATOM_CUT
66
1
70
0
1001
AI4MANUFACTURING
1000
WRITEBACK_PHASE=01_ATOM
1000
ENTITY_ID=line_0329
1000
SOURCE_HANDLE=E27
1000
LINE_ROLE=cut_line
1000
EDGE=unknown
1000
CHAIN=chain_ms1ulf5i
1000
PIECE_ID=cuff_manual_01
1000
SEAM_PAIR=
1000
PAIRED_CHAIN=
1000
NOTCH_CHAIN=
1000
NOTCH_SOURCE=
1000
PIECE_ROLE=cuff
1000
SEAM_ALLOWANCE_MM=
1000
SOURCE_LAYER=11
0
VERTEX
8
AI4M_01_ATOM_CUT
10
2309.447174
20
147.404194
30
0
0
VERTEX
8
AI4M_01_ATOM_CUT
10
2305.501862
20
176.496964
30
0
0
SEQEND
8
AI4M_01_ATOM_CUT
0
TEXT
8
AI4M_01_ATOM_CUT
10
2309.447174
20
147.404194
30
0
40
2.5
1
AI4M_line_0329_cut_line_unknown
1001
AI4MANUFACTURING
1000
WRITEBACK_PHASE=01_ATOM_LABEL
1000
ENTITY_ID=line_0329
999
AI4M_ENTITY=line_0330;LINE_ROLE=cut_line;EDGE=unknown;SOURCE_LAYER=11
0
POLYLINE
8
AI4M_01_ATOM_CUT
66
1
70
0
1001
AI4MANUFACTURING
1000
WRITEBACK_PHASE=01_ATOM
1000
ENTITY_ID=line_0330
1000
SOURCE_HANDLE=E2C
1000
LINE_ROLE=cut_line
1000
EDGE=unknown
1000
CHAIN=chain_ms1ulf5i
1000
PIECE_ID=cuff_manual_01
1000
SEAM_PAIR=
1000
PAIRED_CHAIN=
1000
NOTCH_CHAIN=
1000
NOTCH_SOURCE=
1000
PIECE_ROLE=cuff
1000
SEAM_ALLOWANCE_MM=
1000
SOURCE_LAYER=11
0
VERTEX
8
AI4M_01_ATOM_CUT
10
2305.501862
20
176.496964
30
0
0
VERTEX
8
AI4M_01_ATOM_CUT
10
2309.447174
20
205.589752
30
0
0
SEQEND
8
AI4M_01_ATOM_CUT
0
TEXT
8
AI4M_01_ATOM_CUT
10
2305.501862
20
176.496964
30
0
40
2.5
1
AI4M_line_0330_cut_line_unknown
1001
AI4MANUFACTURING
1000
WRITEBACK_PHASE=01_ATOM_LABEL
1000
ENTITY_ID=line_0330
999
AI4M_ENTITY=line_0331;LINE_ROLE=cut_line;EDGE=unknown;SOURCE_LAYER=11
0
POLYLINE
8
AI4M_01_ATOM_CUT
66
1
70
0
1001
AI4MANUFACTURING
1000
WRITEBACK_PHASE=01_ATOM
1000
ENTITY_ID=line_0331
1000
SOURCE_HANDLE=E31
1000
LINE_ROLE=cut_line
1000
EDGE=unknown
1000
CHAIN=chain_ms1ulf5i
1000
PIECE_ID=cuff_manual_01
1000
SEAM_PAIR=
1000
PAIRED_CHAIN=
1000
NOTCH_CHAIN=
1000
NOTCH_SOURCE=
1000
PIECE_ROLE=cuff
1000
SEAM_ALLOWANCE_MM=
1000
SOURCE_LAYER=11
0
VERTEX
8
AI4M_01_ATOM_CUT
10
2309.447174
20
205.589752
30
0
0
VERTEX
8
AI4M_01_ATOM_CUT
10
2309.447174
20
238.496971
30
0
0
SEQEND
8
AI4M_01_ATOM_CUT
0
TEXT
8
AI4M_01_ATOM_CUT
10
2309.447174
20
205.589752
30
0
40
2.5
1
AI4M_line_0331_cut_line_unknown
1001
AI4MANUFACTURING
1000
WRITEBACK_PHASE=01_ATOM_LABEL
1000
ENTITY_ID=line_0331
999
AI4M_ENTITY=line_0332__seg_01;LINE_ROLE=cut_line;EDGE=unknown;SOURCE_LAYER=11
0
POLYLINE
8
AI4M_01_ATOM_CUT
66
1
70
0
1001
AI4MANUFACTURING
1000
WRITEBACK_PHASE=01_ATOM
1000
ENTITY_ID=line_0332__seg_01
1000
SOURCE_HANDLE=E36
1000
LINE_ROLE=cut_line
1000
EDGE=unknown
1000
CHAIN=chain_ms1ulf5i
1000
PIECE_ID=cuff_manual_01
1000
SEAM_PAIR=
1000
PAIRED_CHAIN=
1000
NOTCH_CHAIN=
1000
NOTCH_SOURCE=
1000
PIECE_ROLE=cuff
1000
SEAM_ALLOWANCE_MM=
1000
SOURCE_LAYER=11
0
VERTEX
8
AI4M_01_ATOM_CUT
10
2309.447174
20
238.496971
30
0
0
VERTEX
8
AI4M_01_ATOM_CUT
10
2479.628906
20
238.496971
30
0
0
VERTEX
8
AI4M_01_ATOM_CUT
10
2616.195374
20
238.496971
30
0
0
VERTEX
8
AI4M_01_ATOM_CUT
10
2836.705017
20
238.496971
30
0
0
VERTEX
8
AI4M_01_ATOM_CUT
10
2868.904419
20
238.496971
30
0
0
SEQEND
8
AI4M_01_ATOM_CUT
0
TEXT
8
AI4M_01_ATOM_CUT
10
2309.447174
20
238.496971
30
0
40
2.5
1
AI4M_line_0332__seg_01_cut_line_unknown
1001
AI4MANUFACTURING
1000
WRITEBACK_PHASE=01_ATOM_LABEL
1000
ENTITY_ID=line_0332__seg_01
999
AI4M_ENTITY=line_0333;LINE_ROLE=cut_line;EDGE=unknown;SOURCE_LAYER=11
0
POLYLINE
8
AI4M_01_ATOM_CUT
66
1
70
0
1001
AI4MANUFACTURING
1000
WRITEBACK_PHASE=01_ATOM
1000
ENTITY_ID=line_0333
1000
SOURCE_HANDLE=E3E
1000
LINE_ROLE=cut_line
1000
EDGE=unknown
1000
CHAIN=chain_ms1ulf5i
1000
PIECE_ID=cuff_manual_01
1000
SEAM_PAIR=
1000
PAIRED_CHAIN=
1000
NOTCH_CHAIN=
1000
NOTCH_SOURCE=
1000
PIECE_ROLE=cuff
1000
SEAM_ALLOWANCE_MM=
1000
SOURCE_LAYER=11
0
VERTEX
8
AI4M_01_ATOM_CUT
10
2479.628811
20
240.996971
30
0
0
VERTEX
8
AI4M_01_ATOM_CUT
10
2479.62881
20
235.996971
30
0
0
SEQEND
8
AI4M_01_ATOM_CUT
0
TEXT
8
AI4M_01_ATOM_CUT
10
2479.628811
20
240.996971
30
0
40
2.5
1
AI4M_line_0333_cut_line_unknown
1001
AI4MANUFACTURING
1000
WRITEBACK_PHASE=01_ATOM_LABEL
1000
ENTITY_ID=line_0333
999
AI4M_ENTITY=line_0334;LINE_ROLE=cut_line;EDGE=unknown;SOURCE_LAYER=11
0
POLYLINE
8
AI4M_01_ATOM_CUT
66
1
70
0
1001
AI4MANUFACTURING
1000
WRITEBACK_PHASE=01_ATOM
1000
ENTITY_ID=line_0334
1000
SOURCE_HANDLE=E3F
1000
LINE_ROLE=cut_line
1000
EDGE=unknown
1000
CHAIN=chain_ms1ulf5i
1000
PIECE_ID=cuff_manual_01
1000
SEAM_PAIR=
1000
PAIRED_CHAIN=
1000
NOTCH_CHAIN=
1000
NOTCH_SOURCE=
1000
PIECE_ROLE=cuff
1000
SEAM_ALLOWANCE_MM=
1000
SOURCE_LAYER=11
0
VERTEX
8
AI4M_01_ATOM_CUT
10
2616.195221
20
240.996971
30
0
0
VERTEX
8
AI4M_01_ATOM_CUT
10
2616.195221
20
235.996971
30
0
0
SEQEND
8
AI4M_01_ATOM_CUT
0
TEXT
8
AI4M_01_ATOM_CUT
10
2616.195221
20
240.996971
30
0
40
2.5
1
AI4M_line_0334_cut_line_unknown
1001
AI4MANUFACTURING
1000
WRITEBACK_PHASE=01_ATOM_LABEL
1000
ENTITY_ID=line_0334
999
AI4M_ENTITY=line_0335;LINE_ROLE=cut_line;EDGE=unknown;SOURCE_LAYER=11
0
POLYLINE
8
AI4M_01_ATOM_CUT
66
1
70
0
1001
AI4MANUFACTURING
1000
WRITEBACK_PHASE=01_ATOM
1000
ENTITY_ID=line_0335
1000
SOURCE_HANDLE=E40
1000
LINE_ROLE=cut_line
1000
EDGE=unknown
1000
CHAIN=chain_ms1ulf5i
1000
PIECE_ID=cuff_manual_01
1000
SEAM_PAIR=
1000
PAIRED_CHAIN=
1000
NOTCH_CHAIN=
1000
NOTCH_SOURCE=
1000
PIECE_ROLE=cuff
1000
SEAM_ALLOWANCE_MM=
1000
SOURCE_LAYER=11
0
VERTEX
8
AI4M_01_ATOM_CUT
10
2836.704979
20
240.996971
30
0
0
VERTEX
8
AI4M_01_ATOM_CUT
10
2836.704979
20
235.996971
30
0
0
SEQEND
8
AI4M_01_ATOM_CUT
0
TEXT
8
AI4M_01_ATOM_CUT
10
2836.704979
20
240.996971
30
0
40
2.5
1
AI4M_line_0335_cut_line_unknown
1001
AI4MANUFACTURING
1000
WRITEBACK_PHASE=01_ATOM_LABEL
1000
ENTITY_ID=line_0335
999
AI4M_ENTITY=line_0336;LINE_ROLE=cut_line;EDGE=unknown;SOURCE_LAYER=11
0
POLYLINE
8
AI4M_01_ATOM_CUT
66
1
70
0
1001
AI4MANUFACTURING
1000
WRITEBACK_PHASE=01_ATOM
1000
ENTITY_ID=line_0336
1000
SOURCE_HANDLE=E41
1000
LINE_ROLE=cut_line
1000
EDGE=unknown
1000
CHAIN=chain_ms1ulf5i
1000
PIECE_ID=cuff_manual_01
1000
SEAM_PAIR=
1000
PAIRED_CHAIN=
1000
NOTCH_CHAIN=
1000
NOTCH_SOURCE=
1000
PIECE_ROLE=cuff
1000
SEAM_ALLOWANCE_MM=
1000
SOURCE_LAYER=11
0
VERTEX
8
AI4M_01_ATOM_CUT
10
2868.904419
20
238.496971
30
0
0
VERTEX
8
AI4M_01_ATOM_CUT
10
2868.904419
20
205.589752
30
0
0
SEQEND
8
AI4M_01_ATOM_CUT
0
TEXT
8
AI4M_01_ATOM_CUT
10
2868.904419
20
238.496971
30
0
40
2.5
1
AI4M_line_0336_cut_line_unknown
1001
AI4MANUFACTURING
1000
WRITEBACK_PHASE=01_ATOM_LABEL
1000
ENTITY_ID=line_0336
999
AI4M_ENTITY=line_0337;LINE_ROLE=cut_line;EDGE=unknown;SOURCE_LAYER=11
0
POLYLINE
8
AI4M_01_ATOM_CUT
66
1
70
0
1001
AI4MANUFACTURING
1000
WRITEBACK_PHASE=01_ATOM
1000
ENTITY_ID=line_0337
1000
SOURCE_HANDLE=E46
1000
LINE_ROLE=cut_line
1000
EDGE=unknown
1000
CHAIN=chain_ms1ulf5i
1000
PIECE_ID=cuff_manual_01
1000
SEAM_PAIR=
1000
PAIRED_CHAIN=
1000
NOTCH_CHAIN=
1000
NOTCH_SOURCE=
1000
PIECE_ROLE=cuff
1000
SEAM_ALLOWANCE_MM=
1000
SOURCE_LAYER=11
0
VERTEX
8
AI4M_01_ATOM_CUT
10
2868.904419
20
205.589752
30
0
0
VERTEX
8
AI4M_01_ATOM_CUT
10
2872.849731
20
176.496964
30
0
0
SEQEND
8
AI4M_01_ATOM_CUT
0
TEXT
8
AI4M_01_ATOM_CUT
10
2868.904419
20
205.589752
30
0
40
2.5
1
AI4M_line_0337_cut_line_unknown
1001
AI4MANUFACTURING
1000
WRITEBACK_PHASE=01_ATOM_LABEL
1000
ENTITY_ID=line_0337
999
AI4M_ENTITY=line_0338;LINE_ROLE=cut_line;EDGE=unknown;SOURCE_LAYER=11
0
POLYLINE
8
AI4M_01_ATOM_CUT
66
1
70
0
1001
AI4MANUFACTURING
1000
WRITEBACK_PHASE=01_ATOM
1000
ENTITY_ID=line_0338
1000
SOURCE_HANDLE=E4B
1000
LINE_ROLE=cut_line
1000
EDGE=unknown
1000
CHAIN=chain_ms1ulf5i
1000
PIECE_ID=cuff_manual_01
1000
SEAM_PAIR=
1000
PAIRED_CHAIN=
1000
NOTCH_CHAIN=
1000
NOTCH_SOURCE=
1000
PIECE_ROLE=cuff
1000
SEAM_ALLOWANCE_MM=
1000
SOURCE_LAYER=11
0
VERTEX
8
AI4M_01_ATOM_CUT
10
2872.849731
20
176.496964
30
0
0
VERTEX
8
AI4M_01_ATOM_CUT
10
2868.904419
20
147.404194
30
0
0
SEQEND
8
AI4M_01_ATOM_CUT
0
TEXT
8
AI4M_01_ATOM_CUT
10
2872.849731
20
176.496964
30
0
40
2.5
1
AI4M_line_0338_cut_line_unknown
1001
AI4MANUFACTURING
1000
WRITEBACK_PHASE=01_ATOM_LABEL
1000
ENTITY_ID=line_0338
999
AI4M_ENTITY=line_0339;LINE_ROLE=cut_line;EDGE=unknown;SOURCE_LAYER=11
0
POLYLINE
8
AI4M_01_ATOM_CUT
66
1
70
0
1001
AI4MANUFACTURING
1000
WRITEBACK_PHASE=01_ATOM
1000
ENTITY_ID=line_0339
1000
SOURCE_HANDLE=E50
1000
LINE_ROLE=cut_line
1000
EDGE=unknown
1000
CHAIN=chain_ms1ulf5i
1000
PIECE_ID=cuff_manual_01
1000
SEAM_PAIR=
1000
PAIRED_CHAIN=
1000
NOTCH_CHAIN=
1000
NOTCH_SOURCE=
1000
PIECE_ROLE=cuff
1000
SEAM_ALLOWANCE_MM=
1000
SOURCE_LAYER=11
0
VERTEX
8
AI4M_01_ATOM_CUT
10
2868.904419
20
147.404194
30
0
0
VERTEX
8
AI4M_01_ATOM_CUT
10
2868.904419
20
114.496965
30
0
0
SEQEND
8
AI4M_01_ATOM_CUT
0
TEXT
8
AI4M_01_ATOM_CUT
10
2868.904419
20
147.404194
30
0
40
2.5
1
AI4M_line_0339_cut_line_unknown
1001
AI4MANUFACTURING
1000
WRITEBACK_PHASE=01_ATOM_LABEL
1000
ENTITY_ID=line_0339
999
AI4M_ENTITY=line_0340__seg_01;LINE_ROLE=pattern_boundary;EDGE=pattern_boundary;SOURCE_LAYER=11
0
POLYLINE
8
AI4M_01_ATOM_NET
66
1
70
0
1001
AI4MANUFACTURING
1000
WRITEBACK_PHASE=01_ATOM
1000
ENTITY_ID=line_0340__seg_01
1000
SOURCE_HANDLE=E55
1000
LINE_ROLE=pattern_boundary
1000
EDGE=pattern_boundary
1000
CHAIN=chain_ms1ulf5i
1000
PIECE_ID=cuff_manual_01
1000
SEAM_PAIR=
1000
PAIRED_CHAIN=
1000
NOTCH_CHAIN=
1000
NOTCH_SOURCE=
1000
PIECE_ROLE=cuff
1000
SEAM_ALLOWANCE_MM=
1000
SOURCE_LAYER=11
0
VERTEX
8
AI4M_01_ATOM_NET
10
2868.904419
20
114.496965
30
0
0
VERTEX
8
AI4M_01_ATOM_NET
10
2836.705017
20
114.496965
30
0
0
VERTEX
8
AI4M_01_ATOM_NET
10
2800.421753
20
114.496965
30
0
0
VERTEX
8
AI4M_01_ATOM_NET
10
2616.195374
20
114.496965
30
0
0
VERTEX
8
AI4M_01_ATOM_NET
10
2479.628906
20
114.496965
30
0
0
VERTEX
8
AI4M_01_ATOM_NET
10
2309.447174
20
114.496965
30
0
0
SEQEND
8
AI4M_01_ATOM_NET
0
TEXT
8
AI4M_01_ATOM_NET
10
2868.904419
20
114.496965
30
0
40
2.5
1
AI4M_line_0340__seg_01_pattern_boundary_pattern_boundary
1001
AI4MANUFACTURING
1000
WRITEBACK_PHASE=01_ATOM_LABEL
1000
ENTITY_ID=line_0340__seg_01
999
AI4M_ENTITY=line_0341;LINE_ROLE=cut_line;EDGE=unknown;SOURCE_LAYER=11
0
POLYLINE
8
AI4M_01_ATOM_CUT
66
1
70
0
1001
AI4MANUFACTURING
1000
WRITEBACK_PHASE=01_ATOM
1000
ENTITY_ID=line_0341
1000
SOURCE_HANDLE=E5E
1000
LINE_ROLE=cut_line
1000
EDGE=unknown
1000
CHAIN=chain_ms1ulf5i
1000
PIECE_ID=cuff_manual_01
1000
SEAM_PAIR=
1000
PAIRED_CHAIN=
1000
NOTCH_CHAIN=
1000
NOTCH_SOURCE=
1000
PIECE_ROLE=cuff
1000
SEAM_ALLOWANCE_MM=
1000
SOURCE_LAYER=11
0
VERTEX
8
AI4M_01_ATOM_CUT
10
2836.705201
20
111.996965
30
0
0
VERTEX
8
AI4M_01_ATOM_CUT
10
2836.705201
20
116.996965
30
0
0
SEQEND
8
AI4M_01_ATOM_CUT
0
TEXT
8
AI4M_01_ATOM_CUT
10
2836.705201
20
111.996965
30
0
40
2.5
1
AI4M_line_0341_cut_line_unknown
1001
AI4MANUFACTURING
1000
WRITEBACK_PHASE=01_ATOM_LABEL
1000
ENTITY_ID=line_0341
999
AI4M_ENTITY=line_0342;LINE_ROLE=cut_line;EDGE=unknown;SOURCE_LAYER=11
0
POLYLINE
8
AI4M_01_ATOM_CUT
66
1
70
0
1001
AI4MANUFACTURING
1000
WRITEBACK_PHASE=01_ATOM
1000
ENTITY_ID=line_0342
1000
SOURCE_HANDLE=E5F
1000
LINE_ROLE=cut_line
1000
EDGE=unknown
1000
CHAIN=chain_ms1ulf5i
1000
PIECE_ID=cuff_manual_01
1000
SEAM_PAIR=
1000
PAIRED_CHAIN=
1000
NOTCH_CHAIN=
1000
NOTCH_SOURCE=
1000
PIECE_ROLE=cuff
1000
SEAM_ALLOWANCE_MM=
1000
SOURCE_LAYER=11
0
VERTEX
8
AI4M_01_ATOM_CUT
10
2800.421996
20
111.996965
30
0
0
VERTEX
8
AI4M_01_ATOM_CUT
10
2800.421996
20
116.996965
30
0
0
SEQEND
8
AI4M_01_ATOM_CUT
0
TEXT
8
AI4M_01_ATOM_CUT
10
2800.421996
20
111.996965
30
0
40
2.5
1
AI4M_line_0342_cut_line_unknown
1001
AI4MANUFACTURING
1000
WRITEBACK_PHASE=01_ATOM_LABEL
1000
ENTITY_ID=line_0342
999
AI4M_ENTITY=line_0343;LINE_ROLE=cut_line;EDGE=unknown;SOURCE_LAYER=11
0
POLYLINE
8
AI4M_01_ATOM_CUT
66
1
70
0
1001
AI4MANUFACTURING
1000
WRITEBACK_PHASE=01_ATOM
1000
ENTITY_ID=line_0343
1000
SOURCE_HANDLE=E60
1000
LINE_ROLE=cut_line
1000
EDGE=unknown
1000
CHAIN=chain_ms1ulf5i
1000
PIECE_ID=cuff_manual_01
1000
SEAM_PAIR=
1000
PAIRED_CHAIN=
1000
NOTCH_CHAIN=
1000
NOTCH_SOURCE=
1000
PIECE_ROLE=cuff
1000
SEAM_ALLOWANCE_MM=
1000
SOURCE_LAYER=11
0
VERTEX
8
AI4M_01_ATOM_CUT
10
2616.195431
20
111.996965
30
0
0
VERTEX
8
AI4M_01_ATOM_CUT
10
2616.195431
20
116.996965
30
0
0
SEQEND
8
AI4M_01_ATOM_CUT
0
TEXT
8
AI4M_01_ATOM_CUT
10
2616.195431
20
111.996965
30
0
40
2.5
1
AI4M_line_0343_cut_line_unknown
1001
AI4MANUFACTURING
1000
WRITEBACK_PHASE=01_ATOM_LABEL
1000
ENTITY_ID=line_0343
999
AI4M_ENTITY=line_0344;LINE_ROLE=cut_line;EDGE=unknown;SOURCE_LAYER=11
0
POLYLINE
8
AI4M_01_ATOM_CUT
66
1
70
0
1001
AI4MANUFACTURING
1000
WRITEBACK_PHASE=01_ATOM
1000
ENTITY_ID=line_0344
1000
SOURCE_HANDLE=E61
1000
LINE_ROLE=cut_line
1000
EDGE=unknown
1000
CHAIN=chain_ms1ulf5i
1000
PIECE_ID=cuff_manual_01
1000
SEAM_PAIR=
1000
PAIRED_CHAIN=
1000
NOTCH_CHAIN=
1000
NOTCH_SOURCE=
1000
PIECE_ROLE=cuff
1000
SEAM_ALLOWANCE_MM=
1000
SOURCE_LAYER=11
0
VERTEX
8
AI4M_01_ATOM_CUT
10
2479.629021
20
111.996965
30
0
0
VERTEX
8
AI4M_01_ATOM_CUT
10
2479.629021
20
116.996965
30
0
0
SEQEND
8
AI4M_01_ATOM_CUT
0
TEXT
8
AI4M_01_ATOM_CUT
10
2479.629021
20
111.996965
30
0
40
2.5
1
AI4M_line_0344_cut_line_unknown
1001
AI4MANUFACTURING
1000
WRITEBACK_PHASE=01_ATOM_LABEL
1000
ENTITY_ID=line_0344
999
AI4M_ENTITY=line_0349__seg_01;LINE_ROLE=cuff_attach_line;EDGE=cuff_attach_line;SOURCE_LAYER=11
0
POLYLINE
8
AI4M_01_ATOM_INTERNAL
66
1
70
0
1001
AI4MANUFACTURING
1000
WRITEBACK_PHASE=01_ATOM
1000
ENTITY_ID=line_0349__seg_01
1000
SOURCE_HANDLE=E76
1000
LINE_ROLE=cuff_attach_line
1000
EDGE=cuff_attach_line
1000
CHAIN=chain_ms1ulf5i
1000
PIECE_ID=cuff_manual_01
1000
SEAM_PAIR=
1000
PAIRED_CHAIN=
1000
NOTCH_CHAIN=
1000
NOTCH_SOURCE=
1000
PIECE_ROLE=cuff
1000
SEAM_ALLOWANCE_MM=
1000
SOURCE_LAYER=11
0
VERTEX
8
AI4M_01_ATOM_INTERNAL
10
2321.447296
20
226.496964
30
0
0
VERTEX
8
AI4M_01_ATOM_INTERNAL
10
2479.628906
20
226.496964
30
0
0
VERTEX
8
AI4M_01_ATOM_INTERNAL
10
2616.195374
20
226.496964
30
0
0
VERTEX
8
AI4M_01_ATOM_INTERNAL
10
2836.705017
20
226.496964
30
0
0
VERTEX
8
AI4M_01_ATOM_INTERNAL
10
2856.904297
20
226.496964
30
0
0
SEQEND
8
AI4M_01_ATOM_INTERNAL
0
TEXT
8
AI4M_01_ATOM_INTERNAL
10
2321.447296
20
226.496964
30
0
40
2.5
1
AI4M_line_0349__seg_01_cuff_attach_line_cuff_attach_line
1001
AI4MANUFACTURING
1000
WRITEBACK_PHASE=01_ATOM_LABEL
1000
ENTITY_ID=line_0349__seg_01
999
AI4M_ENTITY=line_0350;LINE_ROLE=cut_line;EDGE=unknown;SOURCE_LAYER=11
0
POLYLINE
8
AI4M_01_ATOM_CUT
66
1
70
0
1001
AI4MANUFACTURING
1000
WRITEBACK_PHASE=01_ATOM
1000
ENTITY_ID=line_0350
1000
SOURCE_HANDLE=E7E
1000
LINE_ROLE=cut_line
1000
EDGE=unknown
1000
CHAIN=chain_ms1ulf5i
1000
PIECE_ID=cuff_manual_01
1000
SEAM_PAIR=
1000
PAIRED_CHAIN=
1000
NOTCH_CHAIN=
1000
NOTCH_SOURCE=
1000
PIECE_ROLE=cuff
1000
SEAM_ALLOWANCE_MM=
1000
SOURCE_LAYER=11
0
VERTEX
8
AI4M_01_ATOM_CUT
10
2479.628935
20
228.996964
30
0
0
VERTEX
8
AI4M_01_ATOM_CUT
10
2479.628934
20
223.996964
30
0
0
SEQEND
8
AI4M_01_ATOM_CUT
0
TEXT
8
AI4M_01_ATOM_CUT
10
2479.628935
20
228.996964
30
0
40
2.5
1
AI4M_line_0350_cut_line_unknown
1001
AI4MANUFACTURING
1000
WRITEBACK_PHASE=01_ATOM_LABEL
1000
ENTITY_ID=line_0350
999
AI4M_ENTITY=line_0351;LINE_ROLE=cut_line;EDGE=unknown;SOURCE_LAYER=11
0
POLYLINE
8
AI4M_01_ATOM_CUT
66
1
70
0
1001
AI4MANUFACTURING
1000
WRITEBACK_PHASE=01_ATOM
1000
ENTITY_ID=line_0351
1000
SOURCE_HANDLE=E7F
1000
LINE_ROLE=cut_line
1000
EDGE=unknown
1000
CHAIN=chain_ms1ulf5i
1000
PIECE_ID=cuff_manual_01
1000
SEAM_PAIR=
1000
PAIRED_CHAIN=
1000
NOTCH_CHAIN=
1000
NOTCH_SOURCE=
1000
PIECE_ROLE=cuff
1000
SEAM_ALLOWANCE_MM=
1000
SOURCE_LAYER=11
0
VERTEX
8
AI4M_01_ATOM_CUT
10
2616.195336
20
228.996964
30
0
0
VERTEX
8
AI4M_01_ATOM_CUT
10
2616.195335
20
223.996964
30
0
0
SEQEND
8
AI4M_01_ATOM_CUT
0
TEXT
8
AI4M_01_ATOM_CUT
10
2616.195336
20
228.996964
30
0
40
2.5
1
AI4M_line_0351_cut_line_unknown
1001
AI4MANUFACTURING
1000
WRITEBACK_PHASE=01_ATOM_LABEL
1000
ENTITY_ID=line_0351
999
AI4M_ENTITY=line_0352;LINE_ROLE=cut_line;EDGE=unknown;SOURCE_LAYER=11
0
POLYLINE
8
AI4M_01_ATOM_CUT
66
1
70
0
1001
AI4MANUFACTURING
1000
WRITEBACK_PHASE=01_ATOM
1000
ENTITY_ID=line_0352
1000
SOURCE_HANDLE=E80
1000
LINE_ROLE=cut_line
1000
EDGE=unknown
1000
CHAIN=chain_ms1ulf5i
1000
PIECE_ID=cuff_manual_01
1000
SEAM_PAIR=
1000
PAIRED_CHAIN=
1000
NOTCH_CHAIN=
1000
NOTCH_SOURCE=
1000
PIECE_ROLE=cuff
1000
SEAM_ALLOWANCE_MM=
1000
SOURCE_LAYER=11
0
VERTEX
8
AI4M_01_ATOM_CUT
10
2836.705094
20
228.996964
30
0
0
VERTEX
8
AI4M_01_ATOM_CUT
10
2836.705093
20
223.996964
30
0
0
SEQEND
8
AI4M_01_ATOM_CUT
0
TEXT
8
AI4M_01_ATOM_CUT
10
2836.705094
20
228.996964
30
0
40
2.5
1
AI4M_line_0352_cut_line_unknown
1001
AI4MANUFACTURING
1000
WRITEBACK_PHASE=01_ATOM_LABEL
1000
ENTITY_ID=line_0352
999
AI4M_ENTITY=line_0357__seg_01;LINE_ROLE=cuff_attach_line;EDGE=cuff_attach_line;SOURCE_LAYER=11
0
POLYLINE
8
AI4M_01_ATOM_INTERNAL
66
1
70
0
1001
AI4MANUFACTURING
1000
WRITEBACK_PHASE=01_ATOM
1000
ENTITY_ID=line_0357__seg_01
1000
SOURCE_HANDLE=E95
1000
LINE_ROLE=cuff_attach_line
1000
EDGE=cuff_attach_line
1000
CHAIN=chain_ms1ulf5i
1000
PIECE_ID=cuff_manual_01
1000
SEAM_PAIR=
1000
PAIRED_CHAIN=
1000
NOTCH_CHAIN=
1000
NOTCH_SOURCE=
1000
PIECE_ROLE=cuff
1000
SEAM_ALLOWANCE_MM=
1000
SOURCE_LAYER=11
0
VERTEX
8
AI4M_01_ATOM_INTERNAL
10
2856.904297
20
126.496964
30
0
0
VERTEX
8
AI4M_01_ATOM_INTERNAL
10
2836.705017
20
126.496964
30
0
0
VERTEX
8
AI4M_01_ATOM_INTERNAL
10
2800.421753
20
126.496964
30
0
0
VERTEX
8
AI4M_01_ATOM_INTERNAL
10
2616.195374
20
126.496964
30
0
0
VERTEX
8
AI4M_01_ATOM_INTERNAL
10
2479.628906
20
126.496964
30
0
0
VERTEX
8
AI4M_01_ATOM_INTERNAL
10
2321.447296
20
126.496964
30
0
0
SEQEND
8
AI4M_01_ATOM_INTERNAL
0
TEXT
8
AI4M_01_ATOM_INTERNAL
10
2856.904297
20
126.496964
30
0
40
2.5
1
AI4M_line_0357__seg_01_cuff_attach_line_cuff_attach_line
1001
AI4MANUFACTURING
1000
WRITEBACK_PHASE=01_ATOM_LABEL
1000
ENTITY_ID=line_0357__seg_01
999
AI4M_ENTITY=line_0358;LINE_ROLE=cut_line;EDGE=unknown;SOURCE_LAYER=11
0
POLYLINE
8
AI4M_01_ATOM_CUT
66
1
70
0
1001
AI4MANUFACTURING
1000
WRITEBACK_PHASE=01_ATOM
1000
ENTITY_ID=line_0358
1000
SOURCE_HANDLE=E9E
1000
LINE_ROLE=cut_line
1000
EDGE=unknown
1000
CHAIN=chain_ms1ulf5i
1000
PIECE_ID=cuff_manual_01
1000
SEAM_PAIR=
1000
PAIRED_CHAIN=
1000
NOTCH_CHAIN=
1000
NOTCH_SOURCE=
1000
PIECE_ROLE=cuff
1000
SEAM_ALLOWANCE_MM=
1000
SOURCE_LAYER=11
0
VERTEX
8
AI4M_01_ATOM_CUT
10
2836.705079
20
123.996964
30
0
0
VERTEX
8
AI4M_01_ATOM_CUT
10
2836.705079
20
128.996964
30
0
0
SEQEND
8
AI4M_01_ATOM_CUT
0
TEXT
8
AI4M_01_ATOM_CUT
10
2836.705079
20
123.996964
30
0
40
2.5
1
AI4M_line_0358_cut_line_unknown
1001
AI4MANUFACTURING
1000
WRITEBACK_PHASE=01_ATOM_LABEL
1000
ENTITY_ID=line_0358
999
AI4M_ENTITY=line_0359;LINE_ROLE=cut_line;EDGE=unknown;SOURCE_LAYER=11
0
POLYLINE
8
AI4M_01_ATOM_CUT
66
1
70
0
1001
AI4MANUFACTURING
1000
WRITEBACK_PHASE=01_ATOM
1000
ENTITY_ID=line_0359
1000
SOURCE_HANDLE=E9F
1000
LINE_ROLE=cut_line
1000
EDGE=unknown
1000
CHAIN=chain_ms1ulf5i
1000
PIECE_ID=cuff_manual_01
1000
SEAM_PAIR=
1000
PAIRED_CHAIN=
1000
NOTCH_CHAIN=
1000
NOTCH_SOURCE=
1000
PIECE_ROLE=cuff
1000
SEAM_ALLOWANCE_MM=
1000
SOURCE_LAYER=11
0
VERTEX
8
AI4M_01_ATOM_CUT
10
2800.421877
20
123.996964
30
0
0
VERTEX
8
AI4M_01_ATOM_CUT
10
2800.421877
20
128.996964
30
0
0
SEQEND
8
AI4M_01_ATOM_CUT
0
TEXT
8
AI4M_01_ATOM_CUT
10
2800.421877
20
123.996964
30
0
40
2.5
1
AI4M_line_0359_cut_line_unknown
1001
AI4MANUFACTURING
1000
WRITEBACK_PHASE=01_ATOM_LABEL
1000
ENTITY_ID=line_0359
999
AI4M_ENTITY=line_0360;LINE_ROLE=cut_line;EDGE=unknown;SOURCE_LAYER=11
0
POLYLINE
8
AI4M_01_ATOM_CUT
66
1
70
0
1001
AI4MANUFACTURING
1000
WRITEBACK_PHASE=01_ATOM
1000
ENTITY_ID=line_0360
1000
SOURCE_HANDLE=EA0
1000
LINE_ROLE=cut_line
1000
EDGE=unknown
1000
CHAIN=chain_ms1ulf5i
1000
PIECE_ID=cuff_manual_01
1000
SEAM_PAIR=
1000
PAIRED_CHAIN=
1000
NOTCH_CHAIN=
1000
NOTCH_SOURCE=
1000
PIECE_ROLE=cuff
1000
SEAM_ALLOWANCE_MM=
1000
SOURCE_LAYER=11
0
VERTEX
8
AI4M_01_ATOM_CUT
10
2616.195316
20
123.996964
30
0
0
VERTEX
8
AI4M_01_ATOM_CUT
10
2616.195316
20
128.996964
30
0
0
SEQEND
8
AI4M_01_ATOM_CUT
0
TEXT
8
AI4M_01_ATOM_CUT
10
2616.195316
20
123.996964
30
0
40
2.5
1
AI4M_line_0360_cut_line_unknown
1001
AI4MANUFACTURING
1000
WRITEBACK_PHASE=01_ATOM_LABEL
1000
ENTITY_ID=line_0360
999
AI4M_ENTITY=line_0361;LINE_ROLE=cut_line;EDGE=unknown;SOURCE_LAYER=11
0
POLYLINE
8
AI4M_01_ATOM_CUT
66
1
70
0
1001
AI4MANUFACTURING
1000
WRITEBACK_PHASE=01_ATOM
1000
ENTITY_ID=line_0361
1000
SOURCE_HANDLE=EA1
1000
LINE_ROLE=cut_line
1000
EDGE=unknown
1000
CHAIN=chain_ms1ulf5i
1000
PIECE_ID=cuff_manual_01
1000
SEAM_PAIR=
1000
PAIRED_CHAIN=
1000
NOTCH_CHAIN=
1000
NOTCH_SOURCE=
1000
PIECE_ROLE=cuff
1000
SEAM_ALLOWANCE_MM=
1000
SOURCE_LAYER=11
0
VERTEX
8
AI4M_01_ATOM_CUT
10
2479.628906
20
123.996964
30
0
0
VERTEX
8
AI4M_01_ATOM_CUT
10
2479.628906
20
128.996964
30
0
0
SEQEND
8
AI4M_01_ATOM_CUT
0
TEXT
8
AI4M_01_ATOM_CUT
10
2479.628906
20
123.996964
30
0
40
2.5
1
AI4M_line_0361_cut_line_unknown
1001
AI4MANUFACTURING
1000
WRITEBACK_PHASE=01_ATOM_LABEL
1000
ENTITY_ID=line_0361
999
AI4M_ENTITY=line_0362;LINE_ROLE=construction;EDGE=construction_horizontal;SOURCE_LAYER=11
0
POLYLINE
8
AI4M_01_ATOM_INTERNAL
66
1
70
0
1001
AI4MANUFACTURING
1000
WRITEBACK_PHASE=01_ATOM
1000
ENTITY_ID=line_0362
1000
SOURCE_HANDLE=EA2
1000
LINE_ROLE=construction
1000
EDGE=construction_horizontal
1000
CHAIN=chain_ms1ulf5i
1000
PIECE_ID=cuff_manual_01
1000
SEAM_PAIR=
1000
PAIRED_CHAIN=
1000
NOTCH_CHAIN=
1000
NOTCH_SOURCE=
1000
PIECE_ROLE=cuff
1000
SEAM_ALLOWANCE_MM=
1000
SOURCE_LAYER=11
0
VERTEX
8
AI4M_01_ATOM_INTERNAL
10
2317.61322
20
176.496964
30
0
0
VERTEX
8
AI4M_01_ATOM_INTERNAL
10
2860.740356
20
176.496964
30
0
0
SEQEND
8
AI4M_01_ATOM_INTERNAL
0
TEXT
8
AI4M_01_ATOM_INTERNAL
10
2317.61322
20
176.496964
30
0
40
2.5
1
AI4M_line_0362_construction_construction_horizontal
1001
AI4MANUFACTURING
1000
WRITEBACK_PHASE=01_ATOM_LABEL
1000
ENTITY_ID=line_0362
999
AI4M_ENTITY=line_0363__seg_01;LINE_ROLE=pattern_boundary;EDGE=pattern_boundary;SOURCE_LAYER=11
0
POLYLINE
8
AI4M_01_ATOM_NET
66
1
70
0
1001
AI4MANUFACTURING
1000
WRITEBACK_PHASE=01_ATOM
1000
ENTITY_ID=line_0363__seg_01
1000
SOURCE_HANDLE=EA7
1000
LINE_ROLE=pattern_boundary
1000
EDGE=pattern_boundary
1000
CHAIN=chain_ms1ulf5i
1000
PIECE_ID=cuff_manual_01
1000
SEAM_PAIR=
1000
PAIRED_CHAIN=
1000
NOTCH_CHAIN=
1000
NOTCH_SOURCE=
1000
PIECE_ROLE=cuff
1000
SEAM_ALLOWANCE_MM=
1000
SOURCE_LAYER=11
0
VERTEX
8
AI4M_01_ATOM_NET
10
2868.904419
20
114.496965
30
0
0
VERTEX
8
AI4M_01_ATOM_NET
10
2836.705017
20
114.496965
30
0
0
VERTEX
8
AI4M_01_ATOM_NET
10
2800.421753
20
114.496965
30
0
0
VERTEX
8
AI4M_01_ATOM_NET
10
2616.195374
20
114.496965
30
0
0
VERTEX
8
AI4M_01_ATOM_NET
10
2479.628906
20
114.496965
30
0
0
VERTEX
8
AI4M_01_ATOM_NET
10
2309.447174
20
114.496965
30
0
0
SEQEND
8
AI4M_01_ATOM_NET
0
TEXT
8
AI4M_01_ATOM_NET
10
2868.904419
20
114.496965
30
0
40
2.5
1
AI4M_line_0363__seg_01_pattern_boundary_pattern_boundary
1001
AI4MANUFACTURING
1000
WRITEBACK_PHASE=01_ATOM_LABEL
1000
ENTITY_ID=line_0363__seg_01
999
AI4M_ENTITY=line_0364;LINE_ROLE=pattern_boundary;EDGE=pattern_boundary;SOURCE_LAYER=11
0
POLYLINE
8
AI4M_01_ATOM_NET
66
1
70
0
1001
AI4MANUFACTURING
1000
WRITEBACK_PHASE=01_ATOM
1000
ENTITY_ID=line_0364
1000
SOURCE_HANDLE=EB0
1000
LINE_ROLE=pattern_boundary
1000
EDGE=pattern_boundary
1000
CHAIN=chain_ms1ulf5i
1000
PIECE_ID=cuff_manual_01
1000
SEAM_PAIR=
1000
PAIRED_CHAIN=
1000
NOTCH_CHAIN=
1000
NOTCH_SOURCE=
1000
PIECE_ROLE=cuff
1000
SEAM_ALLOWANCE_MM=
1000
SOURCE_LAYER=11
0
VERTEX
8
AI4M_01_ATOM_NET
10
2868.904419
20
147.404194
30
0
0
VERTEX
8
AI4M_01_ATOM_NET
10
2868.904419
20
114.496965
30
0
0
SEQEND
8
AI4M_01_ATOM_NET
0
TEXT
8
AI4M_01_ATOM_NET
10
2868.904419
20
147.404194
30
0
40
2.5
1
AI4M_line_0364_pattern_boundary_pattern_boundary
1001
AI4MANUFACTURING
1000
WRITEBACK_PHASE=01_ATOM_LABEL
1000
ENTITY_ID=line_0364
999
AI4M_ENTITY=line_0365;LINE_ROLE=pattern_boundary;EDGE=pattern_boundary;SOURCE_LAYER=11
0
POLYLINE
8
AI4M_01_ATOM_NET
66
1
70
0
1001
AI4MANUFACTURING
1000
WRITEBACK_PHASE=01_ATOM
1000
ENTITY_ID=line_0365
1000
SOURCE_HANDLE=EB5
1000
LINE_ROLE=pattern_boundary
1000
EDGE=pattern_boundary
1000
CHAIN=chain_ms1ulf5i
1000
PIECE_ID=cuff_manual_01
1000
SEAM_PAIR=
1000
PAIRED_CHAIN=
1000
NOTCH_CHAIN=
1000
NOTCH_SOURCE=
1000
PIECE_ROLE=cuff
1000
SEAM_ALLOWANCE_MM=
1000
SOURCE_LAYER=11
0
VERTEX
8
AI4M_01_ATOM_NET
10
2872.849731
20
176.496964
30
0
0
VERTEX
8
AI4M_01_ATOM_NET
10
2868.904419
20
147.404194
30
0
0
SEQEND
8
AI4M_01_ATOM_NET
0
TEXT
8
AI4M_01_ATOM_NET
10
2872.849731
20
176.496964
30
0
40
2.5
1
AI4M_line_0365_pattern_boundary_pattern_boundary
1001
AI4MANUFACTURING
1000
WRITEBACK_PHASE=01_ATOM_LABEL
1000
ENTITY_ID=line_0365
999
AI4M_ENTITY=line_0366;LINE_ROLE=pattern_boundary;EDGE=pattern_boundary;SOURCE_LAYER=11
0
POLYLINE
8
AI4M_01_ATOM_NET
66
1
70
0
1001
AI4MANUFACTURING
1000
WRITEBACK_PHASE=01_ATOM
1000
ENTITY_ID=line_0366
1000
SOURCE_HANDLE=EBA
1000
LINE_ROLE=pattern_boundary
1000
EDGE=pattern_boundary
1000
CHAIN=chain_ms1ulf5i
1000
PIECE_ID=cuff_manual_01
1000
SEAM_PAIR=
1000
PAIRED_CHAIN=
1000
NOTCH_CHAIN=
1000
NOTCH_SOURCE=
1000
PIECE_ROLE=cuff
1000
SEAM_ALLOWANCE_MM=
1000
SOURCE_LAYER=11
0
VERTEX
8
AI4M_01_ATOM_NET
10
2868.904419
20
205.589752
30
0
0
VERTEX
8
AI4M_01_ATOM_NET
10
2872.849731
20
176.496964
30
0
0
SEQEND
8
AI4M_01_ATOM_NET
0
TEXT
8
AI4M_01_ATOM_NET
10
2868.904419
20
205.589752
30
0
40
2.5
1
AI4M_line_0366_pattern_boundary_pattern_boundary
1001
AI4MANUFACTURING
1000
WRITEBACK_PHASE=01_ATOM_LABEL
1000
ENTITY_ID=line_0366
999
AI4M_ENTITY=line_0367;LINE_ROLE=pattern_boundary;EDGE=pattern_boundary;SOURCE_LAYER=11
0
POLYLINE
8
AI4M_01_ATOM_NET
66
1
70
0
1001
AI4MANUFACTURING
1000
WRITEBACK_PHASE=01_ATOM
1000
ENTITY_ID=line_0367
1000
SOURCE_HANDLE=EBF
1000
LINE_ROLE=pattern_boundary
1000
EDGE=pattern_boundary
1000
CHAIN=chain_ms1ulf5i
1000
PIECE_ID=cuff_manual_01
1000
SEAM_PAIR=
1000
PAIRED_CHAIN=
1000
NOTCH_CHAIN=
1000
NOTCH_SOURCE=
1000
PIECE_ROLE=cuff
1000
SEAM_ALLOWANCE_MM=
1000
SOURCE_LAYER=11
0
VERTEX
8
AI4M_01_ATOM_NET
10
2868.904419
20
238.496971
30
0
0
VERTEX
8
AI4M_01_ATOM_NET
10
2868.904419
20
205.589752
30
0
0
SEQEND
8
AI4M_01_ATOM_NET
0
TEXT
8
AI4M_01_ATOM_NET
10
2868.904419
20
238.496971
30
0
40
2.5
1
AI4M_line_0367_pattern_boundary_pattern_boundary
1001
AI4MANUFACTURING
1000
WRITEBACK_PHASE=01_ATOM_LABEL
1000
ENTITY_ID=line_0367
999
AI4M_ENTITY=line_0368__seg_01;LINE_ROLE=pattern_boundary;EDGE=pattern_boundary;SOURCE_LAYER=11
0
POLYLINE
8
AI4M_01_ATOM_NET
66
1
70
0
1001
AI4MANUFACTURING
1000
WRITEBACK_PHASE=01_ATOM
1000
ENTITY_ID=line_0368__seg_01
1000
SOURCE_HANDLE=EC4
1000
LINE_ROLE=pattern_boundary
1000
EDGE=pattern_boundary
1000
CHAIN=chain_ms1ulf5i
1000
PIECE_ID=cuff_manual_01
1000
SEAM_PAIR=
1000
PAIRED_CHAIN=
1000
NOTCH_CHAIN=
1000
NOTCH_SOURCE=
1000
PIECE_ROLE=cuff
1000
SEAM_ALLOWANCE_MM=
1000
SOURCE_LAYER=11
0
VERTEX
8
AI4M_01_ATOM_NET
10
2309.447174
20
238.496971
30
0
0
VERTEX
8
AI4M_01_ATOM_NET
10
2479.628906
20
238.496971
30
0
0
VERTEX
8
AI4M_01_ATOM_NET
10
2616.195374
20
238.496971
30
0
0
VERTEX
8
AI4M_01_ATOM_NET
10
2836.705017
20
238.496971
30
0
0
VERTEX
8
AI4M_01_ATOM_NET
10
2868.904419
20
238.496971
30
0
0
SEQEND
8
AI4M_01_ATOM_NET
0
TEXT
8
AI4M_01_ATOM_NET
10
2309.447174
20
238.496971
30
0
40
2.5
1
AI4M_line_0368__seg_01_pattern_boundary_pattern_boundary
1001
AI4MANUFACTURING
1000
WRITEBACK_PHASE=01_ATOM_LABEL
1000
ENTITY_ID=line_0368__seg_01
999
AI4M_ENTITY=line_0369;LINE_ROLE=pattern_boundary;EDGE=pattern_boundary;SOURCE_LAYER=11
0
POLYLINE
8
AI4M_01_ATOM_NET
66
1
70
0
1001
AI4MANUFACTURING
1000
WRITEBACK_PHASE=01_ATOM
1000
ENTITY_ID=line_0369
1000
SOURCE_HANDLE=ECC
1000
LINE_ROLE=pattern_boundary
1000
EDGE=pattern_boundary
1000
CHAIN=chain_ms1ulf5i
1000
PIECE_ID=cuff_manual_01
1000
SEAM_PAIR=
1000
PAIRED_CHAIN=
1000
NOTCH_CHAIN=
1000
NOTCH_SOURCE=
1000
PIECE_ROLE=cuff
1000
SEAM_ALLOWANCE_MM=
1000
SOURCE_LAYER=11
0
VERTEX
8
AI4M_01_ATOM_NET
10
2309.447174
20
205.589752
30
0
0
VERTEX
8
AI4M_01_ATOM_NET
10
2309.447174
20
238.496971
30
0
0
SEQEND
8
AI4M_01_ATOM_NET
0
TEXT
8
AI4M_01_ATOM_NET
10
2309.447174
20
205.589752
30
0
40
2.5
1
AI4M_line_0369_pattern_boundary_pattern_boundary
1001
AI4MANUFACTURING
1000
WRITEBACK_PHASE=01_ATOM_LABEL
1000
ENTITY_ID=line_0369
999
AI4M_ENTITY=line_0370;LINE_ROLE=pattern_boundary;EDGE=pattern_boundary;SOURCE_LAYER=11
0
POLYLINE
8
AI4M_01_ATOM_NET
66
1
70
0
1001
AI4MANUFACTURING
1000
WRITEBACK_PHASE=01_ATOM
1000
ENTITY_ID=line_0370
1000
SOURCE_HANDLE=ED1
1000
LINE_ROLE=pattern_boundary
1000
EDGE=pattern_boundary
1000
CHAIN=chain_ms1ulf5i
1000
PIECE_ID=cuff_manual_01
1000
SEAM_PAIR=
1000
PAIRED_CHAIN=
1000
NOTCH_CHAIN=
1000
NOTCH_SOURCE=
1000
PIECE_ROLE=cuff
1000
SEAM_ALLOWANCE_MM=
1000
SOURCE_LAYER=11
0
VERTEX
8
AI4M_01_ATOM_NET
10
2305.501862
20
176.496964
30
0
0
VERTEX
8
AI4M_01_ATOM_NET
10
2309.447174
20
205.589752
30
0
0
SEQEND
8
AI4M_01_ATOM_NET
0
TEXT
8
AI4M_01_ATOM_NET
10
2305.501862
20
176.496964
30
0
40
2.5
1
AI4M_line_0370_pattern_boundary_pattern_boundary
1001
AI4MANUFACTURING
1000
WRITEBACK_PHASE=01_ATOM_LABEL
1000
ENTITY_ID=line_0370
999
AI4M_ENTITY=line_0371;LINE_ROLE=pattern_boundary;EDGE=pattern_boundary;SOURCE_LAYER=11
0
POLYLINE
8
AI4M_01_ATOM_NET
66
1
70
0
1001
AI4MANUFACTURING
1000
WRITEBACK_PHASE=01_ATOM
1000
ENTITY_ID=line_0371
1000
SOURCE_HANDLE=ED6
1000
LINE_ROLE=pattern_boundary
1000
EDGE=pattern_boundary
1000
CHAIN=chain_ms1ulf5i
1000
PIECE_ID=cuff_manual_01
1000
SEAM_PAIR=
1000
PAIRED_CHAIN=
1000
NOTCH_CHAIN=
1000
NOTCH_SOURCE=
1000
PIECE_ROLE=cuff
1000
SEAM_ALLOWANCE_MM=
1000
SOURCE_LAYER=11
0
VERTEX
8
AI4M_01_ATOM_NET
10
2309.447174
20
147.404194
30
0
0
VERTEX
8
AI4M_01_ATOM_NET
10
2305.501862
20
176.496964
30
0
0
SEQEND
8
AI4M_01_ATOM_NET
0
TEXT
8
AI4M_01_ATOM_NET
10
2309.447174
20
147.404194
30
0
40
2.5
1
AI4M_line_0371_pattern_boundary_pattern_boundary
1001
AI4MANUFACTURING
1000
WRITEBACK_PHASE=01_ATOM_LABEL
1000
ENTITY_ID=line_0371
999
AI4M_ENTITY=line_0372;LINE_ROLE=pattern_boundary;EDGE=pattern_boundary;SOURCE_LAYER=11
0
POLYLINE
8
AI4M_01_ATOM_NET
66
1
70
0
1001
AI4MANUFACTURING
1000
WRITEBACK_PHASE=01_ATOM
1000
ENTITY_ID=line_0372
1000
SOURCE_HANDLE=EDB
1000
LINE_ROLE=pattern_boundary
1000
EDGE=pattern_boundary
1000
CHAIN=chain_ms1ulf5i
1000
PIECE_ID=cuff_manual_01
1000
SEAM_PAIR=
1000
PAIRED_CHAIN=
1000
NOTCH_CHAIN=
1000
NOTCH_SOURCE=
1000
PIECE_ROLE=cuff
1000
SEAM_ALLOWANCE_MM=
1000
SOURCE_LAYER=11
0
VERTEX
8
AI4M_01_ATOM_NET
10
2309.447174
20
114.496965
30
0
0
VERTEX
8
AI4M_01_ATOM_NET
10
2309.447174
20
147.404194
30
0
0
SEQEND
8
AI4M_01_ATOM_NET
0
TEXT
8
AI4M_01_ATOM_NET
10
2309.447174
20
114.496965
30
0
40
2.5
1
AI4M_line_0372_pattern_boundary_pattern_boundary
1001
AI4MANUFACTURING
1000
WRITEBACK_PHASE=01_ATOM_LABEL
1000
ENTITY_ID=line_0372
999
AI4M_ENTITY=line_0373;LINE_ROLE=cut_line;EDGE=unknown;SOURCE_LAYER=11
0
POLYLINE
8
AI4M_01_ATOM_CUT
66
1
70
0
1001
AI4MANUFACTURING
1000
WRITEBACK_PHASE=01_ATOM
1000
ENTITY_ID=line_0373
1000
SOURCE_HANDLE=EE0
1000
LINE_ROLE=cut_line
1000
EDGE=unknown
1000
CHAIN=chain_ms1ulf5i
1000
PIECE_ID=cuff_manual_01
1000
SEAM_PAIR=
1000
PAIRED_CHAIN=
1000
NOTCH_CHAIN=
1000
NOTCH_SOURCE=
1000
PIECE_ROLE=cuff
1000
SEAM_ALLOWANCE_MM=
1000
SOURCE_LAYER=11
0
VERTEX
8
AI4M_01_ATOM_CUT
10
2591.372986
20
175.931358
30
0
0
VERTEX
8
AI4M_01_ATOM_CUT
10
2699.630737
20
175.931358
30
0
0
SEQEND
8
AI4M_01_ATOM_CUT
0
TEXT
8
AI4M_01_ATOM_CUT
10
2591.372986
20
175.931358
30
0
40
2.5
1
AI4M_line_0373_cut_line_unknown
1001
AI4MANUFACTURING
1000
WRITEBACK_PHASE=01_ATOM_LABEL
1000
ENTITY_ID=line_0373
999
AI4M_ENTITY=line_0374;LINE_ROLE=cut_line;EDGE=unknown;SOURCE_LAYER=11
0
POLYLINE
8
AI4M_01_ATOM_CUT
66
1
70
0
1001
AI4MANUFACTURING
1000
WRITEBACK_PHASE=01_ATOM
1000
ENTITY_ID=line_0374
1000
SOURCE_HANDLE=EE1
1000
LINE_ROLE=cut_line
1000
EDGE=unknown
1000
CHAIN=chain_ms1ulf5i
1000
PIECE_ID=cuff_manual_01
1000
SEAM_PAIR=
1000
PAIRED_CHAIN=
1000
NOTCH_CHAIN=
1000
NOTCH_SOURCE=
1000
PIECE_ROLE=cuff
1000
SEAM_ALLOWANCE_MM=
1000
SOURCE_LAYER=11
0
VERTEX
8
AI4M_01_ATOM_CUT
10
2699.630737
20
175.931358
30
0
0
VERTEX
8
AI4M_01_ATOM_CUT
10
2679.919042
20
179.315005
30
0
0
SEQEND
8
AI4M_01_ATOM_CUT
0
TEXT
8
AI4M_01_ATOM_CUT
10
2699.630737
20
175.931358
30
0
40
2.5
1
AI4M_line_0374_cut_line_unknown
1001
AI4MANUFACTURING
1000
WRITEBACK_PHASE=01_ATOM_LABEL
1000
ENTITY_ID=line_0374
999
AI4M_ENTITY=line_0375;LINE_ROLE=cut_line;EDGE=unknown;SOURCE_LAYER=11
0
POLYLINE
8
AI4M_01_ATOM_CUT
66
1
70
0
1001
AI4MANUFACTURING
1000
WRITEBACK_PHASE=01_ATOM
1000
ENTITY_ID=line_0375
1000
SOURCE_HANDLE=EE2
1000
LINE_ROLE=cut_line
1000
EDGE=unknown
1000
CHAIN=chain_ms1ulf5i
1000
PIECE_ID=cuff_manual_01
1000
SEAM_PAIR=
1000
PAIRED_CHAIN=
1000
NOTCH_CHAIN=
1000
NOTCH_SOURCE=
1000
PIECE_ROLE=cuff
1000
SEAM_ALLOWANCE_MM=
1000
SOURCE_LAYER=11
0
VERTEX
8
AI4M_01_ATOM_CUT
10
2699.630737
20
175.931358
30
0
0
VERTEX
8
AI4M_01_ATOM_CUT
10
2699.630737
20
175.931358
30
0
0
SEQEND
8
AI4M_01_ATOM_CUT
0
TEXT
8
AI4M_01_ATOM_CUT
10
2699.630737
20
175.931358
30
0
40
2.5
1
AI4M_line_0375_cut_line_unknown
1001
AI4MANUFACTURING
1000
WRITEBACK_PHASE=01_ATOM_LABEL
1000
ENTITY_ID=line_0375
999
AI4M_ENTITY=line_0176__seg_01;LINE_ROLE=cut_line;EDGE=unknown;SOURCE_LAYER=11
0
POLYLINE
8
AI4M_01_ATOM_CUT
66
1
70
0
1001
AI4MANUFACTURING
1000
WRITEBACK_PHASE=01_ATOM
1000
ENTITY_ID=line_0176__seg_01
1000
SOURCE_HANDLE=7C2
1000
LINE_ROLE=cut_line
1000
EDGE=unknown
1000
CHAIN=chain_ms1ultep
1000
PIECE_ID=back_body_manual_01
1000
SEAM_PAIR=
1000
PAIRED_CHAIN=
1000
NOTCH_CHAIN=
1000
NOTCH_SOURCE=
1000
PIECE_ROLE=back_body
1000
SEAM_ALLOWANCE_MM=
1000
SOURCE_LAYER=11
0
VERTEX
8
AI4M_01_ATOM_CUT
10
3600.001831
20
124.593143
30
0
0
VERTEX
8
AI4M_01_ATOM_CUT
10
3584.303109
20
124.490321
30
0
0
VERTEX
8
AI4M_01_ATOM_CUT
10
3568.959018
20
124.328426
30
0
0
VERTEX
8
AI4M_01_ATOM_CUT
10
3553.497321
20
124.088399
30
0
0
VERTEX
8
AI4M_01_ATOM_CUT
10
3538.489224
20
123.780281
30
0
0
VERTEX
8
AI4M_01_ATOM_CUT
10
3523.030804
20
123.38317
30
0
0
VERTEX
8
AI4M_01_ATOM_CUT
10
3507.871754
20
122.911247
30
0
0
VERTEX
8
AI4M_01_ATOM_CUT
10
3492.41867
20
122.342188
30
0
0
VERTEX
8
AI4M_01_ATOM_CUT
10
3476.969201
20
121.681284
30
0
0
VERTEX
8
AI4M_01_ATOM_CUT
10
3461.689759
20
120.932884
30
0
0
VERTEX
8
AI4M_01_ATOM_CUT
10
3446.250507
20
120.069544
30
0
0
VERTEX
8
AI4M_01_ATOM_CUT
10
3430.8774
20
119.094279
30
0
0
VERTEX
8
AI4M_01_ATOM_CUT
10
3415.451071
20
118.018718
30
0
0
VERTEX
8
AI4M_01_ATOM_CUT
10
3400.102604
20
116.861333
30
0
0
VERTEX
8
AI4M_01_ATOM_CUT
10
3384.697768
20
115.516608
30
0
0
VERTEX
8
AI4M_01_ATOM_CUT
10
3369.541471
20
114.044698
30
0
0
VERTEX
8
AI4M_01_ATOM_CUT
10
3354.534921
20
112.544386
30
0
0
VERTEX
8
AI4M_01_ATOM_CUT
10
3339.166
20
110.837322
30
0
0
VERTEX
8
AI4M_01_ATOM_CUT
10
3323.825414
20
108.973951
30
0
0
VERTEX
8
AI4M_01_ATOM_CUT
10
3308.491781
20
106.972905
30
0
0
VERTEX
8
AI4M_01_ATOM_CUT
10
3293.205932
20
104.823658
30
0
0
VERTEX
8
AI4M_01_ATOM_CUT
10
3277.915529
20
102.515405
30
0
0
VERTEX
8
AI4M_01_ATOM_CUT
10
3262.681842
20
100.072028
30
0
0
VERTEX
8
AI4M_01_ATOM_CUT
10
3247.433189
20
97.502849
30
0
0
VERTEX
8
AI4M_01_ATOM_CUT
10
3232.303322
20
94.854938
30
0
0
VERTEX
8
AI4M_01_ATOM_CUT
10
3217.084109
20
92.117164
30
0
0
VERTEX
8
AI4M_01_ATOM_CUT
10
3201.964678
20
89.349321
30
0
0
VERTEX
8
AI4M_01_ATOM_CUT
10
3186.875536
20
86.561655
30
0
0
VERTEX
8
AI4M_01_ATOM_CUT
10
3172.017028
20
83.799793
30
0
0
VERTEX
8
AI4M_01_ATOM_CUT
10
3157.07053
20
81.007534
30
0
0
VERTEX
8
AI4M_01_ATOM_CUT
10
3142.238708
20
78.223778
30
0
0
VERTEX
8
AI4M_01_ATOM_CUT
10
3135.289001
20
76.914234
30
0
0
SEQEND
8
AI4M_01_ATOM_CUT
0
TEXT
8
AI4M_01_ATOM_CUT
10
3600.001831
20
124.593143
30
0
40
2.5
1
AI4M_line_0176__seg_01_cut_line_unknown
1001
AI4MANUFACTURING
1000
WRITEBACK_PHASE=01_ATOM_LABEL
1000
ENTITY_ID=line_0176__seg_01
999
AI4M_ENTITY=line_0177;LINE_ROLE=cut_line;EDGE=unknown;SOURCE_LAYER=11
0
POLYLINE
8
AI4M_01_ATOM_CUT
66
1
70
0
1001
AI4MANUFACTURING
1000
WRITEBACK_PHASE=01_ATOM
1000
ENTITY_ID=line_0177
1000
SOURCE_HANDLE=7E5
1000
LINE_ROLE=cut_line
1000
EDGE=unknown
1000
CHAIN=chain_ms1ultep
1000
PIECE_ID=back_body_manual_01
1000
SEAM_PAIR=
1000
PAIRED_CHAIN=
1000
NOTCH_CHAIN=
1000
NOTCH_SOURCE=
1000
PIECE_ROLE=back_body
1000
SEAM_ALLOWANCE_MM=
1000
SOURCE_LAYER=11
0
VERTEX
8
AI4M_01_ATOM_CUT
10
3382.524609
20
112.792554
30
0
0
VERTEX
8
AI4M_01_ATOM_CUT
10
3382.034956
20
117.76852
30
0
0
SEQEND
8
AI4M_01_ATOM_CUT
0
TEXT
8
AI4M_01_ATOM_CUT
10
3382.524609
20
112.792554
30
0
40
2.5
1
AI4M_line_0177_cut_line_unknown
1001
AI4MANUFACTURING
1000
WRITEBACK_PHASE=01_ATOM_LABEL
1000
ENTITY_ID=line_0177
999
AI4M_ENTITY=line_0178__seg_01;LINE_ROLE=cut_line;EDGE=unknown;SOURCE_LAYER=11
0
POLYLINE
8
AI4M_01_ATOM_CUT
66
1
70
0
1001
AI4MANUFACTURING
1000
WRITEBACK_PHASE=01_ATOM
1000
ENTITY_ID=line_0178__seg_01
1000
SOURCE_HANDLE=7E6
1000
LINE_ROLE=cut_line
1000
EDGE=unknown
1000
CHAIN=chain_ms1ultep
1000
PIECE_ID=back_body_manual_01
1000
SEAM_PAIR=
1000
PAIRED_CHAIN=
1000
NOTCH_CHAIN=
1000
NOTCH_SOURCE=
1000
PIECE_ROLE=back_body
1000
SEAM_ALLOWANCE_MM=
1000
SOURCE_LAYER=11
0
VERTEX
8
AI4M_01_ATOM_CUT
10
3135.289001
20
76.914234
30
0
0
VERTEX
8
AI4M_01_ATOM_CUT
10
3135.824439
20
86.259418
30
0
0
VERTEX
8
AI4M_01_ATOM_CUT
10
3135.877075
20
87.46932
30
0
0
SEQEND
8
AI4M_01_ATOM_CUT
0
TEXT
8
AI4M_01_ATOM_CUT
10
3135.289001
20
76.914234
30
0
40
2.5
1
AI4M_line_0178__seg_01_cut_line_unknown
1001
AI4MANUFACTURING
1000
WRITEBACK_PHASE=01_ATOM_LABEL
1000
ENTITY_ID=line_0178__seg_01
999
AI4M_ENTITY=line_0179__seg_01;LINE_ROLE=cut_line;EDGE=unknown;SOURCE_LAYER=11
0
POLYLINE
8
AI4M_01_ATOM_CUT
66
1
70
0
1001
AI4MANUFACTURING
1000
WRITEBACK_PHASE=01_ATOM
1000
ENTITY_ID=line_0179__seg_01
1000
SOURCE_HANDLE=7EC
1000
LINE_ROLE=cut_line
1000
EDGE=unknown
1000
CHAIN=chain_ms1ultep
1000
PIECE_ID=back_body_manual_01
1000
SEAM_PAIR=
1000
PAIRED_CHAIN=
1000
NOTCH_CHAIN=
1000
NOTCH_SOURCE=
1000
PIECE_ROLE=back_body
1000
SEAM_ALLOWANCE_MM=
1000
SOURCE_LAYER=11
0
VERTEX
8
AI4M_01_ATOM_CUT
10
3135.877075
20
87.46932
30
0
0
VERTEX
8
AI4M_01_ATOM_CUT
10
3130.451609
20
101.66872
30
0
0
VERTEX
8
AI4M_01_ATOM_CUT
10
3124.765161
20
115.838811
30
0
0
VERTEX
8
AI4M_01_ATOM_CUT
10
3118.969234
20
129.731416
30
0
0
VERTEX
8
AI4M_01_ATOM_CUT
10
3113.055905
20
143.315692
30
0
0
VERTEX
8
AI4M_01_ATOM_CUT
10
3107.621706
20
155.204255
30
0
0
VERTEX
8
AI4M_01_ATOM_CUT
10
3101.211667
20
168.592147
30
0
0
VERTEX
8
AI4M_01_ATOM_CUT
10
3095.744865
20
179.513637
30
0
0
VERTEX
8
AI4M_01_ATOM_CUT
10
3088.707104
20
192.834987
30
0
0
VERTEX
8
AI4M_01_ATOM_CUT
10
3081.73014
20
205.989836
30
0
0
VERTEX
8
AI4M_01_ATOM_CUT
10
3081.033325
20
207.308216
30
0
0
SEQEND
8
AI4M_01_ATOM_CUT
0
TEXT
8
AI4M_01_ATOM_CUT
10
3135.877075
20
87.46932
30
0
40
2.5
1
AI4M_line_0179__seg_01_cut_line_unknown
1001
AI4MANUFACTURING
1000
WRITEBACK_PHASE=01_ATOM_LABEL
1000
ENTITY_ID=line_0179__seg_01
999
AI4M_ENTITY=line_0180;LINE_ROLE=cut_line;EDGE=unknown;SOURCE_LAYER=11
0
POLYLINE
8
AI4M_01_ATOM_CUT
66
1
70
0
1001
AI4MANUFACTURING
1000
WRITEBACK_PHASE=01_ATOM
1000
ENTITY_ID=line_0180
1000
SOURCE_HANDLE=7FA
1000
LINE_ROLE=cut_line
1000
EDGE=unknown
1000
CHAIN=chain_ms1ultep
1000
PIECE_ID=back_body_manual_01
1000
SEAM_PAIR=
1000
PAIRED_CHAIN=
1000
NOTCH_CHAIN=
1000
NOTCH_SOURCE=
1000
PIECE_ROLE=back_body
1000
SEAM_ALLOWANCE_MM=
1000
SOURCE_LAYER=11
0
VERTEX
8
AI4M_01_ATOM_CUT
10
3081.033325
20
207.308216
30
0
0
VERTEX
8
AI4M_01_ATOM_CUT
10
3076.867065
20
216.390228
30
0
0
SEQEND
8
AI4M_01_ATOM_CUT
0
TEXT
8
AI4M_01_ATOM_CUT
10
3081.033325
20
207.308216
30
0
40
2.5
1
AI4M_line_0180_cut_line_unknown
1001
AI4MANUFACTURING
1000
WRITEBACK_PHASE=01_ATOM_LABEL
1000
ENTITY_ID=line_0180
999
AI4M_ENTITY=line_0181__seg_01;LINE_ROLE=cut_line;EDGE=unknown;SOURCE_LAYER=11
0
POLYLINE
8
AI4M_01_ATOM_CUT
66
1
70
0
1001
AI4MANUFACTURING
1000
WRITEBACK_PHASE=01_ATOM
1000
ENTITY_ID=line_0181__seg_01
1000
SOURCE_HANDLE=7FF
1000
LINE_ROLE=cut_line
1000
EDGE=unknown
1000
CHAIN=chain_ms1ultep
1000
PIECE_ID=back_body_manual_01
1000
SEAM_PAIR=
1000
PAIRED_CHAIN=
1000
NOTCH_CHAIN=
1000
NOTCH_SOURCE=
1000
PIECE_ROLE=back_body
1000
SEAM_ALLOWANCE_MM=
1000
SOURCE_LAYER=11
0
VERTEX
8
AI4M_01_ATOM_CUT
10
3076.867065
20
216.390228
30
0
0
VERTEX
8
AI4M_01_ATOM_CUT
10
3091.006709
20
222.870716
30
0
0
VERTEX
8
AI4M_01_ATOM_CUT
10
3104.927798
20
229.235535
30
0
0
VERTEX
8
AI4M_01_ATOM_CUT
10
3118.84899
20
235.602679
30
0
0
VERTEX
8
AI4M_01_ATOM_CUT
10
3132.570015
20
241.89454
30
0
0
VERTEX
8
AI4M_01_ATOM_CUT
10
3146.475939
20
248.295119
30
0
0
VERTEX
8
AI4M_01_ATOM_CUT
10
3160.380191
20
254.699359
30
0
0
VERTEX
8
AI4M_01_ATOM_CUT
10
3174.292773
20
261.085381
30
0
0
VERTEX
8
AI4M_01_ATOM_CUT
10
3188.109565
20
267.385196
30
0
0
VERTEX
8
AI4M_01_ATOM_CUT
10
3202.070289
20
273.749454
30
0
0
VERTEX
8
AI4M_01_ATOM_CUT
10
3215.997014
20
280.104675
30
0
0
VERTEX
8
AI4M_01_ATOM_CUT
10
3229.936879
20
286.405517
30
0
0
VERTEX
8
AI4M_01_ATOM_CUT
10
3243.926371
20
292.621416
30
0
0
VERTEX
8
AI4M_01_ATOM_CUT
10
3257.872934
20
298.70077
30
0
0
VERTEX
8
AI4M_01_ATOM_CUT
10
3271.95384
20
304.70685
30
0
0
VERTEX
8
AI4M_01_ATOM_CUT
10
3286.144076
20
310.599322
30
0
0
VERTEX
8
AI4M_01_ATOM_CUT
10
3300.345196
20
316.315412
30
0
0
VERTEX
8
AI4M_01_ATOM_CUT
10
3314.48538
20
321.818463
30
0
0
VERTEX
8
AI4M_01_ATOM_CUT
10
3328.537345
20
327.098322
30
0
0
VERTEX
8
AI4M_01_ATOM_CUT
10
3342.928882
20
332.316367
30
0
0
VERTEX
8
AI4M_01_ATOM_CUT
10
3357.489278
20
337.400696
30
0
0
VERTEX
8
AI4M_01_ATOM_CUT
10
3369.351758
20
341.309963
30
0
0
VERTEX
8
AI4M_01_ATOM_CUT
10
3383.779178
20
345.86841
30
0
0
VERTEX
8
AI4M_01_ATOM_CUT
10
3396.170504
20
349.664349
30
0
0
VERTEX
8
AI4M_01_ATOM_CUT
10
3410.683506
20
353.883088
30
0
0
VERTEX
8
AI4M_01_ATOM_CUT
10
3425.400278
20
358.099135
30
0
0
VERTEX
8
AI4M_01_ATOM_CUT
10
3440.126571
20
362.279001
30
0
0
VERTEX
8
AI4M_01_ATOM_CUT
10
3454.824173
20
366.391903
30
0
0
VERTEX
8
AI4M_01_ATOM_CUT
10
3469.583386
20
370.454356
30
0
0
VERTEX
8
AI4M_01_ATOM_CUT
10
3484.356268
20
374.467931
30
0
0
VERTEX
8
AI4M_01_ATOM_CUT
10
3498.875532
20
378.378831
30
0
0
VERTEX
8
AI4M_01_ATOM_CUT
10
3513.312133
20
382.247864
30
0
0
VERTEX
8
AI4M_01_ATOM_CUT
10
3516.447144
20
383.085785
30
0
0
SEQEND
8
AI4M_01_ATOM_CUT
0
TEXT
8
AI4M_01_ATOM_CUT
10
3076.867065
20
216.390228
30
0
40
2.5
1
AI4M_line_0181__seg_01_cut_line_unknown
1001
AI4MANUFACTURING
1000
WRITEBACK_PHASE=01_ATOM_LABEL
1000
ENTITY_ID=line_0181__seg_01
999
AI4M_ENTITY=line_0182;LINE_ROLE=cut_line;EDGE=unknown;SOURCE_LAYER=11
0
POLYLINE
8
AI4M_01_ATOM_CUT
66
1
70
0
1001
AI4MANUFACTURING
1000
WRITEBACK_PHASE=01_ATOM
1000
ENTITY_ID=line_0182
1000
SOURCE_HANDLE=823
1000
LINE_ROLE=cut_line
1000
EDGE=unknown
1000
CHAIN=chain_ms1ultep
1000
PIECE_ID=back_body_manual_01
1000
SEAM_PAIR=
1000
PAIRED_CHAIN=
1000
NOTCH_CHAIN=
1000
NOTCH_SOURCE=
1000
PIECE_ROLE=back_body
1000
SEAM_ALLOWANCE_MM=
1000
SOURCE_LAYER=11
0
VERTEX
8
AI4M_01_ATOM_CUT
10
3194.070831
20
272.846274
30
0
0
VERTEX
8
AI4M_01_ATOM_CUT
10
3196.142703
20
268.295742
30
0
0
SEQEND
8
AI4M_01_ATOM_CUT
0
TEXT
8
AI4M_01_ATOM_CUT
10
3194.070831
20
272.846274
30
0
40
2.5
1
AI4M_line_0182_cut_line_unknown
1001
AI4MANUFACTURING
1000
WRITEBACK_PHASE=01_ATOM_LABEL
1000
ENTITY_ID=line_0182
999
AI4M_ENTITY=line_0183;LINE_ROLE=cut_line;EDGE=unknown;SOURCE_LAYER=11
0
POLYLINE
8
AI4M_01_ATOM_CUT
66
1
70
0
1001
AI4MANUFACTURING
1000
WRITEBACK_PHASE=01_ATOM
1000
ENTITY_ID=line_0183
1000
SOURCE_HANDLE=824
1000
LINE_ROLE=cut_line
1000
EDGE=unknown
1000
CHAIN=chain_ms1ultep
1000
PIECE_ID=back_body_manual_01
1000
SEAM_PAIR=
1000
PAIRED_CHAIN=
1000
NOTCH_CHAIN=
1000
NOTCH_SOURCE=
1000
PIECE_ROLE=back_body
1000
SEAM_ALLOWANCE_MM=
1000
SOURCE_LAYER=11
0
VERTEX
8
AI4M_01_ATOM_CUT
10
3380.592591
20
347.479585
30
0
0
VERTEX
8
AI4M_01_ATOM_CUT
10
3382.103595
20
342.713363
30
0
0
SEQEND
8
AI4M_01_ATOM_CUT
0
TEXT
8
AI4M_01_ATOM_CUT
10
3380.592591
20
347.479585
30
0
40
2.5
1
AI4M_line_0183_cut_line_unknown
1001
AI4MANUFACTURING
1000
WRITEBACK_PHASE=01_ATOM_LABEL
1000
ENTITY_ID=line_0183
999
AI4M_ENTITY=line_0184__seg_01;LINE_ROLE=cut_line;EDGE=unknown;SOURCE_LAYER=11
0
POLYLINE
8
AI4M_01_ATOM_CUT
66
1
70
0
1001
AI4MANUFACTURING
1000
WRITEBACK_PHASE=01_ATOM
1000
ENTITY_ID=line_0184__seg_01
1000
SOURCE_HANDLE=825
1000
LINE_ROLE=cut_line
1000
EDGE=unknown
1000
CHAIN=chain_ms1ultep
1000
PIECE_ID=back_body_manual_01
1000
SEAM_PAIR=
1000
PAIRED_CHAIN=
1000
NOTCH_CHAIN=
1000
NOTCH_SOURCE=
1000
PIECE_ROLE=back_body
1000
SEAM_ALLOWANCE_MM=
1000
SOURCE_LAYER=11
0
VERTEX
8
AI4M_01_ATOM_CUT
10
3516.447144
20
383.085785
30
0
0
VERTEX
8
AI4M_01_ATOM_CUT
10
3516.592405
20
378.672906
30
0
0
VERTEX
8
AI4M_01_ATOM_CUT
10
3517.008145
20
374.826106
30
0
0
VERTEX
8
AI4M_01_ATOM_CUT
10
3517.247925
20
373.231697
30
0
0
SEQEND
8
AI4M_01_ATOM_CUT
0
TEXT
8
AI4M_01_ATOM_CUT
10
3516.447144
20
383.085785
30
0
40
2.5
1
AI4M_line_0184__seg_01_cut_line_unknown
1001
AI4MANUFACTURING
1000
WRITEBACK_PHASE=01_ATOM_LABEL
1000
ENTITY_ID=line_0184__seg_01
999
AI4M_ENTITY=line_0185__seg_01;LINE_ROLE=cut_line;EDGE=unknown;SOURCE_LAYER=11
0
POLYLINE
8
AI4M_01_ATOM_CUT
66
1
70
0
1001
AI4MANUFACTURING
1000
WRITEBACK_PHASE=01_ATOM
1000
ENTITY_ID=line_0185__seg_01
1000
SOURCE_HANDLE=82C
1000
LINE_ROLE=cut_line
1000
EDGE=unknown
1000
CHAIN=chain_ms1ultep
1000
PIECE_ID=back_body_manual_01
1000
SEAM_PAIR=
1000
PAIRED_CHAIN=
1000
NOTCH_CHAIN=
1000
NOTCH_SOURCE=
1000
PIECE_ROLE=back_body
1000
SEAM_ALLOWANCE_MM=
1000
SOURCE_LAYER=11
0
VERTEX
8
AI4M_01_ATOM_CUT
10
3517.247925
20
373.231697
30
0
0
VERTEX
8
AI4M_01_ATOM_CUT
10
3519.666249
20
368.662347
30
0
0
VERTEX
8
AI4M_01_ATOM_CUT
10
3521.56178
20
365.58574
30
0
0
VERTEX
8
AI4M_01_ATOM_CUT
10
3523.583022
20
362.767222
30
0
0
VERTEX
8
AI4M_01_ATOM_CUT
10
3525.689258
20
360.253129
30
0
0
VERTEX
8
AI4M_01_ATOM_CUT
10
3527.843459
20
358.063484
30
0
0
VERTEX
8
AI4M_01_ATOM_CUT
10
3530.04321
20
356.172241
30
0
0
VERTEX
8
AI4M_01_ATOM_CUT
10
3532.327386
20
354.530393
30
0
0
VERTEX
8
AI4M_01_ATOM_CUT
10
3534.922639
20
352.97458
30
0
0
VERTEX
8
AI4M_01_ATOM_CUT
10
3537.840373
20
351.517704
30
0
0
VERTEX
8
AI4M_01_ATOM_CUT
10
3541.228077
20
350.116776
30
0
0
VERTEX
8
AI4M_01_ATOM_CUT
10
3544.934512
20
348.857297
30
0
0
VERTEX
8
AI4M_01_ATOM_CUT
10
3548.994344
20
347.746041
30
0
0
VERTEX
8
AI4M_01_ATOM_CUT
10
3553.401077
20
346.806039
30
0
0
VERTEX
8
AI4M_01_ATOM_CUT
10
3558.193775
20
346.04319
30
0
0
VERTEX
8
AI4M_01_ATOM_CUT
10
3563.609567
20
345.441995
30
0
0
VERTEX
8
AI4M_01_ATOM_CUT
10
3569.880761
20
345.009538
30
0
0
VERTEX
8
AI4M_01_ATOM_CUT
10
3577.626835
20
344.747849
30
0
0
VERTEX
8
AI4M_01_ATOM_CUT
10
3592.677404
20
344.626743
30
0
0
VERTEX
8
AI4M_01_ATOM_CUT
10
3600
20
344.593506
30
0
0
SEQEND
8
AI4M_01_ATOM_CUT
0
TEXT
8
AI4M_01_ATOM_CUT
10
3517.247925
20
373.231697
30
0
40
2.5
1
AI4M_line_0185__seg_01_cut_line_unknown
1001
AI4MANUFACTURING
1000
WRITEBACK_PHASE=01_ATOM_LABEL
1000
ENTITY_ID=line_0185__seg_01
999
AI4M_ENTITY=line_0186;LINE_ROLE=cut_line;EDGE=unknown;SOURCE_LAYER=11
0
POLYLINE
8
AI4M_01_ATOM_CUT
66
1
70
0
1001
AI4MANUFACTURING
1000
WRITEBACK_PHASE=01_ATOM
1000
ENTITY_ID=line_0186
1000
SOURCE_HANDLE=843
1000
LINE_ROLE=cut_line
1000
EDGE=unknown
1000
CHAIN=chain_ms1ultep
1000
PIECE_ID=back_body_manual_01
1000
SEAM_PAIR=
1000
PAIRED_CHAIN=
1000
NOTCH_CHAIN=
1000
NOTCH_SOURCE=
1000
PIECE_ROLE=back_body
1000
SEAM_ALLOWANCE_MM=
1000
SOURCE_LAYER=11
0
VERTEX
8
AI4M_01_ATOM_CUT
10
3599.999407
20
347.093509
30
0
0
VERTEX
8
AI4M_01_ATOM_CUT
10
3599.999365
20
342.093509
30
0
0
SEQEND
8
AI4M_01_ATOM_CUT
0
TEXT
8
AI4M_01_ATOM_CUT
10
3599.999407
20
347.093509
30
0
40
2.5
1
AI4M_line_0186_cut_line_unknown
1001
AI4MANUFACTURING
1000
WRITEBACK_PHASE=01_ATOM_LABEL
1000
ENTITY_ID=line_0186
999
AI4M_ENTITY=line_0187__seg_01;LINE_ROLE=cut_line;EDGE=unknown;SOURCE_LAYER=11
0
POLYLINE
8
AI4M_01_ATOM_CUT
66
1
70
0
1001
AI4MANUFACTURING
1000
WRITEBACK_PHASE=01_ATOM
1000
ENTITY_ID=line_0187__seg_01
1000
SOURCE_HANDLE=844
1000
LINE_ROLE=cut_line
1000
EDGE=unknown
1000
CHAIN=chain_ms1ultep
1000
PIECE_ID=back_body_manual_01
1000
SEAM_PAIR=
1000
PAIRED_CHAIN=
1000
NOTCH_CHAIN=
1000
NOTCH_SOURCE=
1000
PIECE_ROLE=back_body
1000
SEAM_ALLOWANCE_MM=
1000
SOURCE_LAYER=11
0
VERTEX
8
AI4M_01_ATOM_CUT
10
3600
20
344.593506
30
0
0
VERTEX
8
AI4M_01_ATOM_CUT
10
3615.189114
20
344.663185
30
0
0
VERTEX
8
AI4M_01_ATOM_CUT
10
3625.490912
20
344.825008
30
0
0
VERTEX
8
AI4M_01_ATOM_CUT
10
3632.667842
20
345.156368
30
0
0
VERTEX
8
AI4M_01_ATOM_CUT
10
3638.614162
20
345.659421
30
0
0
VERTEX
8
AI4M_01_ATOM_CUT
10
3643.767426
20
346.326084
30
0
0
VERTEX
8
AI4M_01_ATOM_CUT
10
3648.445924
20
347.169435
30
0
0
VERTEX
8
AI4M_01_ATOM_CUT
10
3652.687578
20
348.175314
30
0
0
VERTEX
8
AI4M_01_ATOM_CUT
10
3656.624002
20
349.356013
30
0
0
VERTEX
8
AI4M_01_ATOM_CUT
10
3660.201775
20
350.675149
30
0
0
VERTEX
8
AI4M_01_ATOM_CUT
10
3663.413455
20
352.111237
30
0
0
VERTEX
8
AI4M_01_ATOM_CUT
10
3666.197209
20
353.611416
30
0
0
VERTEX
8
AI4M_01_ATOM_CUT
10
3668.692791
20
355.227149
30
0
0
VERTEX
8
AI4M_01_ATOM_CUT
10
3670.923738
20
356.963449
30
0
0
VERTEX
8
AI4M_01_ATOM_CUT
10
3673.131892
20
359.010719
30
0
0
VERTEX
8
AI4M_01_ATOM_CUT
10
3675.225399
20
361.29614
30
0
0
VERTEX
8
AI4M_01_ATOM_CUT
10
3677.243833
20
363.868365
30
0
0
VERTEX
8
AI4M_01_ATOM_CUT
10
3679.19039
20
366.751428
30
0
0
VERTEX
8
AI4M_01_ATOM_CUT
10
3681.107245
20
370.051488
30
0
0
VERTEX
8
AI4M_01_ATOM_CUT
10
3682.752075
20
373.231697
30
0
0
SEQEND
8
AI4M_01_ATOM_CUT
0
TEXT
8
AI4M_01_ATOM_CUT
10
3600
20
344.593506
30
0
40
2.5
1
AI4M_line_0187__seg_01_cut_line_unknown
1001
AI4MANUFACTURING
1000
WRITEBACK_PHASE=01_ATOM_LABEL
1000
ENTITY_ID=line_0187__seg_01
999
AI4M_ENTITY=line_0188__seg_01;LINE_ROLE=cut_line;EDGE=unknown;SOURCE_LAYER=11
0
POLYLINE
8
AI4M_01_ATOM_CUT
66
1
70
0
1001
AI4MANUFACTURING
1000
WRITEBACK_PHASE=01_ATOM
1000
ENTITY_ID=line_0188__seg_01
1000
SOURCE_HANDLE=85B
1000
LINE_ROLE=cut_line
1000
EDGE=unknown
1000
CHAIN=chain_ms1ultep
1000
PIECE_ID=back_body_manual_01
1000
SEAM_PAIR=
1000
PAIRED_CHAIN=
1000
NOTCH_CHAIN=
1000
NOTCH_SOURCE=
1000
PIECE_ROLE=back_body
1000
SEAM_ALLOWANCE_MM=
1000
SOURCE_LAYER=11
0
VERTEX
8
AI4M_01_ATOM_CUT
10
3682.752075
20
373.231697
30
0
0
VERTEX
8
AI4M_01_ATOM_CUT
10
3683.332955
20
377.769409
30
0
0
VERTEX
8
AI4M_01_ATOM_CUT
10
3683.53116
20
381.311087
30
0
0
VERTEX
8
AI4M_01_ATOM_CUT
10
3683.552856
20
383.085785
30
0
0
SEQEND
8
AI4M_01_ATOM_CUT
0
TEXT
8
AI4M_01_ATOM_CUT
10
3682.752075
20
373.231697
30
0
40
2.5
1
AI4M_line_0188__seg_01_cut_line_unknown
1001
AI4MANUFACTURING
1000
WRITEBACK_PHASE=01_ATOM_LABEL
1000
ENTITY_ID=line_0188__seg_01
999
AI4M_ENTITY=line_0189__seg_01;LINE_ROLE=cut_line;EDGE=unknown;SOURCE_LAYER=11
0
POLYLINE
8
AI4M_01_ATOM_CUT
66
1
70
0
1001
AI4MANUFACTURING
1000
WRITEBACK_PHASE=01_ATOM
1000
ENTITY_ID=line_0189__seg_01
1000
SOURCE_HANDLE=862
1000
LINE_ROLE=cut_line
1000
EDGE=unknown
1000
CHAIN=chain_ms1ultep
1000
PIECE_ID=back_body_manual_01
1000
SEAM_PAIR=
1000
PAIRED_CHAIN=
1000
NOTCH_CHAIN=
1000
NOTCH_SOURCE=
1000
PIECE_ROLE=back_body
1000
SEAM_ALLOWANCE_MM=
1000
SOURCE_LAYER=11
0
VERTEX
8
AI4M_01_ATOM_CUT
10
3683.552856
20
383.085785
30
0
0
VERTEX
8
AI4M_01_ATOM_CUT
10
3698.601393
20
379.056204
30
0
0
VERTEX
8
AI4M_01_ATOM_CUT
10
3713.286691
20
375.104644
30
0
0
VERTEX
8
AI4M_01_ATOM_CUT
10
3728.061267
20
371.097326
30
0
0
VERTEX
8
AI4M_01_ATOM_CUT
10
3742.823007
20
367.043785
30
0
0
VERTEX
8
AI4M_01_ATOM_CUT
10
3757.461632
20
362.958461
30
0
0
VERTEX
8
AI4M_01_ATOM_CUT
10
3772.190008
20
358.786301
30
0
0
VERTEX
8
AI4M_01_ATOM_CUT
10
3786.907956
20
354.574896
30
0
0
VERTEX
8
AI4M_01_ATOM_CUT
10
3801.570066
20
350.33192
30
0
0
VERTEX
8
AI4M_01_ATOM_CUT
10
3814.591563
20
346.383297
30
0
0
VERTEX
8
AI4M_01_ATOM_CUT
10
3829.196911
20
341.771527
30
0
0
VERTEX
8
AI4M_01_ATOM_CUT
10
3841.152119
20
337.861288
30
0
0
VERTEX
8
AI4M_01_ATOM_CUT
10
3855.361428
20
332.924295
30
0
0
VERTEX
8
AI4M_01_ATOM_CUT
10
3869.759984
20
327.725378
30
0
0
VERTEX
8
AI4M_01_ATOM_CUT
10
3884.203141
20
322.319208
30
0
0
VERTEX
8
AI4M_01_ATOM_CUT
10
3898.19862
20
316.890915
30
0
0
VERTEX
8
AI4M_01_ATOM_CUT
10
3912.406355
20
311.191265
30
0
0
VERTEX
8
AI4M_01_ATOM_CUT
10
3926.425964
20
305.388283
30
0
0
VERTEX
8
AI4M_01_ATOM_CUT
10
3940.512914
20
299.396426
30
0
0
VERTEX
8
AI4M_01_ATOM_CUT
10
3954.602997
20
293.268128
30
0
0
VERTEX
8
AI4M_01_ATOM_CUT
10
3968.596962
20
287.062289
30
0
0
VERTEX
8
AI4M_01_ATOM_CUT
10
3982.464192
20
280.80443
30
0
0
VERTEX
8
AI4M_01_ATOM_CUT
10
3996.392119
20
274.451913
30
0
0
VERTEX
8
AI4M_01_ATOM_CUT
10
4010.31073
20
268.104013
30
0
0
VERTEX
8
AI4M_01_ATOM_CUT
10
4024.27228
20
261.741728
30
0
0
VERTEX
8
AI4M_01_ATOM_CUT
10
4038.186306
20
255.358821
30
0
0
VERTEX
8
AI4M_01_ATOM_CUT
10
4052.090938
20
248.955455
30
0
0
VERTEX
8
AI4M_01_ATOM_CUT
10
4065.996247
20
242.553477
30
0
0
VERTEX
8
AI4M_01_ATOM_CUT
10
4079.798525
20
236.221924
30
0
0
VERTEX
8
AI4M_01_ATOM_CUT
10
4093.71933
20
229.853968
30
0
0
VERTEX
8
AI4M_01_ATOM_CUT
10
4107.641527
20
223.489055
30
0
0
VERTEX
8
AI4M_01_ATOM_CUT
10
4121.182852
20
217.285361
30
0
0
VERTEX
8
AI4M_01_ATOM_CUT
10
4123.132935
20
216.390228
30
0
0
SEQEND
8
AI4M_01_ATOM_CUT
0
TEXT
8
AI4M_01_ATOM_CUT
10
3683.552856
20
383.085785
30
0
40
2.5
1
AI4M_line_0189__seg_01_cut_line_unknown
1001
AI4MANUFACTURING
1000
WRITEBACK_PHASE=01_ATOM_LABEL
1000
ENTITY_ID=line_0189__seg_01
999
AI4M_ENTITY=line_0190;LINE_ROLE=cut_line;EDGE=unknown;SOURCE_LAYER=11
0
POLYLINE
8
AI4M_01_ATOM_CUT
66
1
70
0
1001
AI4MANUFACTURING
1000
WRITEBACK_PHASE=01_ATOM
1000
ENTITY_ID=line_0190
1000
SOURCE_HANDLE=886
1000
LINE_ROLE=cut_line
1000
EDGE=unknown
1000
CHAIN=chain_ms1ultep
1000
PIECE_ID=back_body_manual_01
1000
SEAM_PAIR=
1000
PAIRED_CHAIN=
1000
NOTCH_CHAIN=
1000
NOTCH_SOURCE=
1000
PIECE_ROLE=back_body
1000
SEAM_ALLOWANCE_MM=
1000
SOURCE_LAYER=11
0
VERTEX
8
AI4M_01_ATOM_CUT
10
3819.407104
20
347.479681
30
0
0
VERTEX
8
AI4M_01_ATOM_CUT
10
3817.896098
20
342.713461
30
0
0
SEQEND
8
AI4M_01_ATOM_CUT
0
TEXT
8
AI4M_01_ATOM_CUT
10
3819.407104
20
347.479681
30
0
40
2.5
1
AI4M_line_0190_cut_line_unknown
1001
AI4MANUFACTURING
1000
WRITEBACK_PHASE=01_ATOM_LABEL
1000
ENTITY_ID=line_0190
999
AI4M_ENTITY=line_0191;LINE_ROLE=cut_line;EDGE=unknown;SOURCE_LAYER=11
0
POLYLINE
8
AI4M_01_ATOM_CUT
66
1
70
0
1001
AI4MANUFACTURING
1000
WRITEBACK_PHASE=01_ATOM
1000
ENTITY_ID=line_0191
1000
SOURCE_HANDLE=887
1000
LINE_ROLE=cut_line
1000
EDGE=unknown
1000
CHAIN=chain_ms1ultep
1000
PIECE_ID=back_body_manual_01
1000
SEAM_PAIR=
1000
PAIRED_CHAIN=
1000
NOTCH_CHAIN=
1000
NOTCH_SOURCE=
1000
PIECE_ROLE=back_body
1000
SEAM_ALLOWANCE_MM=
1000
SOURCE_LAYER=11
0
VERTEX
8
AI4M_01_ATOM_CUT
10
4005.928676
20
272.846499
30
0
0
VERTEX
8
AI4M_01_ATOM_CUT
10
4003.856803
20
268.295967
30
0
0
SEQEND
8
AI4M_01_ATOM_CUT
0
TEXT
8
AI4M_01_ATOM_CUT
10
4005.928676
20
272.846499
30
0
40
2.5
1
AI4M_line_0191_cut_line_unknown
1001
AI4MANUFACTURING
1000
WRITEBACK_PHASE=01_ATOM_LABEL
1000
ENTITY_ID=line_0191
999
AI4M_ENTITY=line_0192;LINE_ROLE=cut_line;EDGE=unknown;SOURCE_LAYER=11
0
POLYLINE
8
AI4M_01_ATOM_CUT
66
1
70
0
1001
AI4MANUFACTURING
1000
WRITEBACK_PHASE=01_ATOM
1000
ENTITY_ID=line_0192
1000
SOURCE_HANDLE=888
1000
LINE_ROLE=cut_line
1000
EDGE=unknown
1000
CHAIN=chain_ms1ultep
1000
PIECE_ID=back_body_manual_01
1000
SEAM_PAIR=
1000
PAIRED_CHAIN=
1000
NOTCH_CHAIN=
1000
NOTCH_SOURCE=
1000
PIECE_ROLE=back_body
1000
SEAM_ALLOWANCE_MM=
1000
SOURCE_LAYER=11
0
VERTEX
8
AI4M_01_ATOM_CUT
10
4123.132935
20
216.390228
30
0
0
VERTEX
8
AI4M_01_ATOM_CUT
10
4118.966675
20
207.308216
30
0
0
SEQEND
8
AI4M_01_ATOM_CUT
0
TEXT
8
AI4M_01_ATOM_CUT
10
4123.132935
20
216.390228
30
0
40
2.5
1
AI4M_line_0192_cut_line_unknown
1001
AI4MANUFACTURING
1000
WRITEBACK_PHASE=01_ATOM_LABEL
1000
ENTITY_ID=line_0192
999
AI4M_ENTITY=line_0193__seg_01;LINE_ROLE=cut_line;EDGE=unknown;SOURCE_LAYER=11
0
POLYLINE
8
AI4M_01_ATOM_CUT
66
1
70
0
1001
AI4MANUFACTURING
1000
WRITEBACK_PHASE=01_ATOM
1000
ENTITY_ID=line_0193__seg_01
1000
SOURCE_HANDLE=88D
1000
LINE_ROLE=cut_line
1000
EDGE=unknown
1000
CHAIN=chain_ms1ultep
1000
PIECE_ID=back_body_manual_01
1000
SEAM_PAIR=
1000
PAIRED_CHAIN=
1000
NOTCH_CHAIN=
1000
NOTCH_SOURCE=
1000
PIECE_ROLE=back_body
1000
SEAM_ALLOWANCE_MM=
1000
SOURCE_LAYER=11
0
VERTEX
8
AI4M_01_ATOM_CUT
10
4118.966675
20
207.308216
30
0
0
VERTEX
8
AI4M_01_ATOM_CUT
10
4111.82655
20
193.836768
30
0
0
VERTEX
8
AI4M_01_ATOM_CUT
10
4104.752408
20
180.47461
30
0
0
VERTEX
8
AI4M_01_ATOM_CUT
10
4099.20262
20
169.418711
30
0
0
VERTEX
8
AI4M_01_ATOM_CUT
10
4092.652694
20
155.853628
30
0
0
VERTEX
8
AI4M_01_ATOM_CUT
10
4088.816582
20
147.429441
30
0
0
VERTEX
8
AI4M_01_ATOM_CUT
10
4082.720271
20
133.663896
30
0
0
VERTEX
8
AI4M_01_ATOM_CUT
10
4077.647104
20
121.721715
30
0
0
VERTEX
8
AI4M_01_ATOM_CUT
10
4071.957019
20
107.734711
30
0
0
VERTEX
8
AI4M_01_ATOM_CUT
10
4066.529997
20
93.863368
30
0
0
VERTEX
8
AI4M_01_ATOM_CUT
10
4064.122925
20
87.46932
30
0
0
SEQEND
8
AI4M_01_ATOM_CUT
0
TEXT
8
AI4M_01_ATOM_CUT
10
4118.966675
20
207.308216
30
0
40
2.5
1
AI4M_line_0193__seg_01_cut_line_unknown
1001
AI4MANUFACTURING
1000
WRITEBACK_PHASE=01_ATOM_LABEL
1000
ENTITY_ID=line_0193__seg_01
999
AI4M_ENTITY=line_0194;LINE_ROLE=cut_line;EDGE=unknown;SOURCE_LAYER=11
0
POLYLINE
8
AI4M_01_ATOM_CUT
66
1
70
0
1001
AI4MANUFACTURING
1000
WRITEBACK_PHASE=01_ATOM
1000
ENTITY_ID=line_0194
1000
SOURCE_HANDLE=89B
1000
LINE_ROLE=cut_line
1000
EDGE=unknown
1000
CHAIN=chain_ms1ultep
1000
PIECE_ID=back_body_manual_01
1000
SEAM_PAIR=
1000
PAIRED_CHAIN=
1000
NOTCH_CHAIN=
1000
NOTCH_SOURCE=
1000
PIECE_ROLE=back_body
1000
SEAM_ALLOWANCE_MM=
1000
SOURCE_LAYER=11
0
VERTEX
8
AI4M_01_ATOM_CUT
10
4091.038082
20
146.271558
30
0
0
VERTEX
8
AI4M_01_ATOM_CUT
10
4086.465751
20
148.29487
30
0
0
SEQEND
8
AI4M_01_ATOM_CUT
0
TEXT
8
AI4M_01_ATOM_CUT
10
4091.038082
20
146.271558
30
0
40
2.5
1
AI4M_line_0194_cut_line_unknown
1001
AI4MANUFACTURING
1000
WRITEBACK_PHASE=01_ATOM_LABEL
1000
ENTITY_ID=line_0194
999
AI4M_ENTITY=line_0195;LINE_ROLE=cut_line;EDGE=unknown;SOURCE_LAYER=11
0
POLYLINE
8
AI4M_01_ATOM_CUT
66
1
70
0
1001
AI4MANUFACTURING
1000
WRITEBACK_PHASE=01_ATOM
1000
ENTITY_ID=line_0195
1000
SOURCE_HANDLE=89C
1000
LINE_ROLE=cut_line
1000
EDGE=unknown
1000
CHAIN=chain_ms1ultep
1000
PIECE_ID=back_body_manual_01
1000
SEAM_PAIR=
1000
PAIRED_CHAIN=
1000
NOTCH_CHAIN=
1000
NOTCH_SOURCE=
1000
PIECE_ROLE=back_body
1000
SEAM_ALLOWANCE_MM=
1000
SOURCE_LAYER=11
0
VERTEX
8
AI4M_01_ATOM_CUT
10
4064.122925
20
87.46932
30
0
0
VERTEX
8
AI4M_01_ATOM_CUT
10
4064.710999
20
76.914234
30
0
0
SEQEND
8
AI4M_01_ATOM_CUT
0
TEXT
8
AI4M_01_ATOM_CUT
10
4064.122925
20
87.46932
30
0
40
2.5
1
AI4M_line_0195_cut_line_unknown
1001
AI4MANUFACTURING
1000
WRITEBACK_PHASE=01_ATOM_LABEL
1000
ENTITY_ID=line_0195
999
AI4M_ENTITY=line_0196__seg_01;LINE_ROLE=cut_line;EDGE=unknown;SOURCE_LAYER=11
0
POLYLINE
8
AI4M_01_ATOM_CUT
66
1
70
0
1001
AI4MANUFACTURING
1000
WRITEBACK_PHASE=01_ATOM
1000
ENTITY_ID=line_0196__seg_01
1000
SOURCE_HANDLE=8A1
1000
LINE_ROLE=cut_line
1000
EDGE=unknown
1000
CHAIN=chain_ms1ultep
1000
PIECE_ID=back_body_manual_01
1000
SEAM_PAIR=
1000
PAIRED_CHAIN=
1000
NOTCH_CHAIN=
1000
NOTCH_SOURCE=
1000
PIECE_ROLE=back_body
1000
SEAM_ALLOWANCE_MM=
1000
SOURCE_LAYER=11
0
VERTEX
8
AI4M_01_ATOM_CUT
10
4064.710999
20
76.914234
30
0
0
VERTEX
8
AI4M_01_ATOM_CUT
10
4049.588494
20
79.759329
30
0
0
VERTEX
8
AI4M_01_ATOM_CUT
10
4034.346748
20
82.612551
30
0
0
VERTEX
8
AI4M_01_ATOM_CUT
10
4019.096752
20
85.453351
30
0
0
VERTEX
8
AI4M_01_ATOM_CUT
10
4004.208959
20
88.211104
30
0
0
VERTEX
8
AI4M_01_ATOM_CUT
10
3989.118745
20
90.985961
30
0
0
VERTEX
8
AI4M_01_ATOM_CUT
10
3973.902605
20
93.746081
30
0
0
VERTEX
8
AI4M_01_ATOM_CUT
10
3958.675443
20
96.444255
30
0
0
VERTEX
8
AI4M_01_ATOM_CUT
10
3943.527035
20
99.039502
30
0
0
VERTEX
8
AI4M_01_ATOM_CUT
10
3928.266132
20
101.540242
30
0
0
VERTEX
8
AI4M_01_ATOM_CUT
10
3913.088155
20
103.891973
30
0
0
VERTEX
8
AI4M_01_ATOM_CUT
10
3897.819994
20
106.105161
30
0
0
VERTEX
8
AI4M_01_ATOM_CUT
10
3882.493609
20
108.16682
30
0
0
VERTEX
8
AI4M_01_ATOM_CUT
10
3867.177291
20
110.083814
30
0
0
VERTEX
8
AI4M_01_ATOM_CUT
10
3851.815217
20
111.861103
30
0
0
VERTEX
8
AI4M_01_ATOM_CUT
10
3836.446171
20
113.46014
30
0
0
VERTEX
8
AI4M_01_ATOM_CUT
10
3821.05411
20
114.95415
30
0
0
VERTEX
8
AI4M_01_ATOM_CUT
10
3805.650855
20
116.387595
30
0
0
VERTEX
8
AI4M_01_ATOM_CUT
10
3790.233663
20
117.603043
30
0
0
VERTEX
8
AI4M_01_ATOM_CUT
10
3774.901592
20
118.701198
30
0
0
VERTEX
8
AI4M_01_ATOM_CUT
10
3759.470932
20
119.719634
30
0
0
VERTEX
8
AI4M_01_ATOM_CUT
10
3744.107367
20
120.622085
30
0
0
VERTEX
8
AI4M_01_ATOM_CUT
10
3728.663358
20
121.416817
30
0
0
VERTEX
8
AI4M_01_ATOM_CUT
10
3713.275425
20
122.109462
30
0
0
VERTEX
8
AI4M_01_ATOM_CUT
10
3697.822738
20
122.712051
30
0
0
VERTEX
8
AI4M_01_ATOM_CUT
10
3682.534548
20
123.219641
30
0
0
VERTEX
8
AI4M_01_ATOM_CUT
10
3667.076045
20
123.646887
30
0
0
VERTEX
8
AI4M_01_ATOM_CUT
10
3651.914545
20
123.985854
30
0
0
VERTEX
8
AI4M_01_ATOM_CUT
10
3636.452394
20
124.253054
30
0
0
VERTEX
8
AI4M_01_ATOM_CUT
10
3620.989128
20
124.442547
30
0
0
VERTEX
8
AI4M_01_ATOM_CUT
10
3605.821305
20
124.560693
30
0
0
VERTEX
8
AI4M_01_ATOM_CUT
10
3599.998169
20
124.593143
30
0
0
SEQEND
8
AI4M_01_ATOM_CUT
0
TEXT
8
AI4M_01_ATOM_CUT
10
4064.710999
20
76.914234
30
0
40
2.5
1
AI4M_line_0196__seg_01_cut_line_unknown
1001
AI4MANUFACTURING
1000
WRITEBACK_PHASE=01_ATOM_LABEL
1000
ENTITY_ID=line_0196__seg_01
999
AI4M_ENTITY=line_0197;LINE_ROLE=cut_line;EDGE=unknown;SOURCE_LAYER=11
0
POLYLINE
8
AI4M_01_ATOM_CUT
66
1
70
0
1001
AI4MANUFACTURING
1000
WRITEBACK_PHASE=01_ATOM
1000
ENTITY_ID=line_0197
1000
SOURCE_HANDLE=8C4
1000
LINE_ROLE=cut_line
1000
EDGE=unknown
1000
CHAIN=chain_ms1ultep
1000
PIECE_ID=back_body_manual_01
1000
SEAM_PAIR=
1000
PAIRED_CHAIN=
1000
NOTCH_CHAIN=
1000
NOTCH_SOURCE=
1000
PIECE_ROLE=back_body
1000
SEAM_ALLOWANCE_MM=
1000
SOURCE_LAYER=11
0
VERTEX
8
AI4M_01_ATOM_CUT
10
3817.475142
20
112.792579
30
0
0
VERTEX
8
AI4M_01_ATOM_CUT
10
3817.964796
20
117.768545
30
0
0
SEQEND
8
AI4M_01_ATOM_CUT
0
TEXT
8
AI4M_01_ATOM_CUT
10
3817.475142
20
112.792579
30
0
40
2.5
1
AI4M_line_0197_cut_line_unknown
1001
AI4MANUFACTURING
1000
WRITEBACK_PHASE=01_ATOM_LABEL
1000
ENTITY_ID=line_0197
999
AI4M_ENTITY=line_0198;LINE_ROLE=cut_line;EDGE=unknown;SOURCE_LAYER=11
0
POLYLINE
8
AI4M_01_ATOM_CUT
66
1
70
0
1001
AI4MANUFACTURING
1000
WRITEBACK_PHASE=01_ATOM
1000
ENTITY_ID=line_0198
1000
SOURCE_HANDLE=8C5
1000
LINE_ROLE=cut_line
1000
EDGE=unknown
1000
CHAIN=chain_ms1ultep
1000
PIECE_ID=back_body_manual_01
1000
SEAM_PAIR=
1000
PAIRED_CHAIN=
1000
NOTCH_CHAIN=
1000
NOTCH_SOURCE=
1000
PIECE_ROLE=back_body
1000
SEAM_ALLOWANCE_MM=
1000
SOURCE_LAYER=11
0
VERTEX
8
AI4M_01_ATOM_CUT
10
3599.996514
20
122.093144
30
0
0
VERTEX
8
AI4M_01_ATOM_CUT
10
3599.999727
20
127.093143
30
0
0
SEQEND
8
AI4M_01_ATOM_CUT
0
TEXT
8
AI4M_01_ATOM_CUT
10
3599.996514
20
122.093144
30
0
40
2.5
1
AI4M_line_0198_cut_line_unknown
1001
AI4MANUFACTURING
1000
WRITEBACK_PHASE=01_ATOM_LABEL
1000
ENTITY_ID=line_0198
999
AI4M_ENTITY=line_0200;LINE_ROLE=cut_line;EDGE=unknown;SOURCE_LAYER=11
0
POLYLINE
8
AI4M_01_ATOM_CUT
66
1
70
0
1001
AI4MANUFACTURING
1000
WRITEBACK_PHASE=01_ATOM
1000
ENTITY_ID=line_0200
1000
SOURCE_HANDLE=8E9
1000
LINE_ROLE=cut_line
1000
EDGE=unknown
1000
CHAIN=chain_ms1ultep
1000
PIECE_ID=back_body_manual_01
1000
SEAM_PAIR=
1000
PAIRED_CHAIN=
1000
NOTCH_CHAIN=
1000
NOTCH_SOURCE=
1000
PIECE_ROLE=back_body
1000
SEAM_ALLOWANCE_MM=
1000
SOURCE_LAYER=11
0
VERTEX
8
AI4M_01_ATOM_CUT
10
3381.525712
20
122.749897
30
0
0
VERTEX
8
AI4M_01_ATOM_CUT
10
3381.071688
20
127.72924
30
0
0
SEQEND
8
AI4M_01_ATOM_CUT
0
TEXT
8
AI4M_01_ATOM_CUT
10
3381.525712
20
122.749897
30
0
40
2.5
1
AI4M_line_0200_cut_line_unknown
1001
AI4MANUFACTURING
1000
WRITEBACK_PHASE=01_ATOM_LABEL
1000
ENTITY_ID=line_0200
999
AI4M_ENTITY=line_0201__seg_01;LINE_ROLE=sleeve_hem;EDGE=sleeve_hem;SOURCE_LAYER=11
0
POLYLINE
8
AI4M_01_ATOM_INTERNAL
66
1
70
0
1001
AI4MANUFACTURING
1000
WRITEBACK_PHASE=01_ATOM
1000
ENTITY_ID=line_0201__seg_01
1000
SOURCE_HANDLE=8EA
1000
LINE_ROLE=sleeve_hem
1000
EDGE=sleeve_hem
1000
CHAIN=chain_ms1ultep
1000
PIECE_ID=back_body_manual_01
1000
SEAM_PAIR=
1000
PAIRED_CHAIN=
1000
NOTCH_CHAIN=
1000
NOTCH_SOURCE=
1000
PIECE_ROLE=back_body
1000
SEAM_ALLOWANCE_MM=
1000
SOURCE_LAYER=11
0
VERTEX
8
AI4M_01_ATOM_INTERNAL
10
3145.966797
20
89.046831
30
0
0
VERTEX
8
AI4M_01_ATOM_INTERNAL
10
3140.747778
20
102.774187
30
0
0
VERTEX
8
AI4M_01_ATOM_INTERNAL
10
3135.206
20
116.716418
30
0
0
VERTEX
8
AI4M_01_ATOM_INTERNAL
10
3129.439915
20
130.657708
30
0
0
VERTEX
8
AI4M_01_ATOM_INTERNAL
10
3123.619528
20
144.155836
30
0
0
VERTEX
8
AI4M_01_ATOM_INTERNAL
10
3117.896788
20
156.839002
30
0
0
VERTEX
8
AI4M_01_ATOM_INTERNAL
10
3112.346638
20
168.554554
30
0
0
VERTEX
8
AI4M_01_ATOM_INTERNAL
10
3106.006695
20
181.341643
30
0
0
VERTEX
8
AI4M_01_ATOM_INTERNAL
10
3099.121817
20
194.713336
30
0
0
VERTEX
8
AI4M_01_ATOM_INTERNAL
10
3092.053594
20
207.970106
30
0
0
VERTEX
8
AI4M_01_ATOM_INTERNAL
10
3090.142517
20
211.477184
30
0
0
SEQEND
8
AI4M_01_ATOM_INTERNAL
0
TEXT
8
AI4M_01_ATOM_INTERNAL
10
3145.966797
20
89.046831
30
0
40
2.5
1
AI4M_line_0201__seg_01_sleeve_hem_sleeve_hem
1001
AI4MANUFACTURING
1000
WRITEBACK_PHASE=01_ATOM_LABEL
1000
ENTITY_ID=line_0201__seg_01
999
AI4M_ENTITY=line_0202__seg_01;LINE_ROLE=shoulder_seam;EDGE=shoulder_seam;SOURCE_LAYER=11
0
POLYLINE
8
AI4M_01_ATOM_INTERNAL
66
1
70
0
1001
AI4MANUFACTURING
1000
WRITEBACK_PHASE=01_ATOM
1000
ENTITY_ID=line_0202__seg_01
1000
SOURCE_HANDLE=8F8
1000
LINE_ROLE=shoulder_seam
1000
EDGE=shoulder_seam
1000
CHAIN=chain_ms1ultep
1000
PIECE_ID=back_body_manual_01
1000
SEAM_PAIR=
1000
PAIRED_CHAIN=
1000
NOTCH_CHAIN=
1000
NOTCH_SOURCE=
1000
PIECE_ROLE=back_body
1000
SEAM_ALLOWANCE_MM=
1000
SOURCE_LAYER=11
0
VERTEX
8
AI4M_01_ATOM_INTERNAL
10
3090.142517
20
211.477184
30
0
0
VERTEX
8
AI4M_01_ATOM_INTERNAL
10
3103.945846
20
217.790069
30
0
0
VERTEX
8
AI4M_01_ATOM_INTERNAL
10
3117.588119
20
224.030414
30
0
0
VERTEX
8
AI4M_01_ATOM_INTERNAL
10
3131.227651
20
230.276816
30
0
0
VERTEX
8
AI4M_01_ATOM_INTERNAL
10
3144.98527
20
236.591698
30
0
0
VERTEX
8
AI4M_01_ATOM_INTERNAL
10
3158.615068
20
242.859368
30
0
0
VERTEX
8
AI4M_01_ATOM_INTERNAL
10
3172.283621
20
249.146012
30
0
0
VERTEX
8
AI4M_01_ATOM_INTERNAL
10
3185.915988
20
255.407859
30
0
0
VERTEX
8
AI4M_01_ATOM_INTERNAL
10
3199.710181
20
261.727567
30
0
0
VERTEX
8
AI4M_01_ATOM_INTERNAL
10
3213.44834
20
267.990395
30
0
0
VERTEX
8
AI4M_01_ATOM_INTERNAL
10
3227.26787
20
274.240803
30
0
0
VERTEX
8
AI4M_01_ATOM_INTERNAL
10
3240.961187
20
280.366781
30
0
0
VERTEX
8
AI4M_01_ATOM_INTERNAL
10
3254.73149
20
286.435146
30
0
0
VERTEX
8
AI4M_01_ATOM_INTERNAL
10
3268.532574
20
292.396501
30
0
0
VERTEX
8
AI4M_01_ATOM_INTERNAL
10
3282.404738
20
298.240703
30
0
0
VERTEX
8
AI4M_01_ATOM_INTERNAL
10
3296.193312
20
303.887595
30
0
0
VERTEX
8
AI4M_01_ATOM_INTERNAL
10
3310.333377
20
309.494994
30
0
0
VERTEX
8
AI4M_01_ATOM_INTERNAL
10
3324.491437
20
314.918478
30
0
0
VERTEX
8
AI4M_01_ATOM_INTERNAL
10
3338.64927
20
320.153182
30
0
0
VERTEX
8
AI4M_01_ATOM_INTERNAL
10
3352.796871
20
325.193906
30
0
0
VERTEX
8
AI4M_01_ATOM_INTERNAL
10
3367.054565
20
330.050145
30
0
0
VERTEX
8
AI4M_01_ATOM_INTERNAL
10
3380.800335
20
334.48383
30
0
0
VERTEX
8
AI4M_01_ATOM_INTERNAL
10
3384.361267
20
335.595245
30
0
0
SEQEND
8
AI4M_01_ATOM_INTERNAL
0
TEXT
8
AI4M_01_ATOM_INTERNAL
10
3090.142517
20
211.477184
30
0
40
2.5
1
AI4M_line_0202__seg_01_shoulder_seam_shoulder_seam
1001
AI4MANUFACTURING
1000
WRITEBACK_PHASE=01_ATOM_LABEL
1000
ENTITY_ID=line_0202__seg_01
999
AI4M_ENTITY=line_0203;LINE_ROLE=cut_line;EDGE=unknown;SOURCE_LAYER=11
0
POLYLINE
8
AI4M_01_ATOM_CUT
66
1
70
0
1001
AI4MANUFACTURING
1000
WRITEBACK_PHASE=01_ATOM
1000
ENTITY_ID=line_0203
1000
SOURCE_HANDLE=912
1000
LINE_ROLE=cut_line
1000
EDGE=unknown
1000
CHAIN=chain_ms1ultep
1000
PIECE_ID=back_body_manual_01
1000
SEAM_PAIR=
1000
PAIRED_CHAIN=
1000
NOTCH_CHAIN=
1000
NOTCH_SOURCE=
1000
PIECE_ROLE=back_body
1000
SEAM_ALLOWANCE_MM=
1000
SOURCE_LAYER=11
0
VERTEX
8
AI4M_01_ATOM_CUT
10
3198.193984
20
263.783225
30
0
0
VERTEX
8
AI4M_01_ATOM_CUT
10
3200.272997
20
259.235951
30
0
0
SEQEND
8
AI4M_01_ATOM_CUT
0
TEXT
8
AI4M_01_ATOM_CUT
10
3198.193984
20
263.783225
30
0
40
2.5
1
AI4M_line_0203_cut_line_unknown
1001
AI4MANUFACTURING
1000
WRITEBACK_PHASE=01_ATOM_LABEL
1000
ENTITY_ID=line_0203
999
AI4M_ENTITY=line_0204;LINE_ROLE=cut_line;EDGE=unknown;SOURCE_LAYER=11
0
POLYLINE
8
AI4M_01_ATOM_CUT
66
1
70
0
1001
AI4MANUFACTURING
1000
WRITEBACK_PHASE=01_ATOM
1000
ENTITY_ID=line_0204
1000
SOURCE_HANDLE=913
1000
LINE_ROLE=cut_line
1000
EDGE=unknown
1000
CHAIN=chain_ms1ultep
1000
PIECE_ID=back_body_manual_01
1000
SEAM_PAIR=
1000
PAIRED_CHAIN=
1000
NOTCH_CHAIN=
1000
NOTCH_SOURCE=
1000
PIECE_ROLE=back_body
1000
SEAM_ALLOWANCE_MM=
1000
SOURCE_LAYER=11
0
VERTEX
8
AI4M_01_ATOM_CUT
10
3383.618909
20
337.982483
30
0
0
VERTEX
8
AI4M_01_ATOM_CUT
10
3385.103647
20
333.208014
30
0
0
SEQEND
8
AI4M_01_ATOM_CUT
0
TEXT
8
AI4M_01_ATOM_CUT
10
3383.618909
20
337.982483
30
0
40
2.5
1
AI4M_line_0204_cut_line_unknown
1001
AI4MANUFACTURING
1000
WRITEBACK_PHASE=01_ATOM_LABEL
1000
ENTITY_ID=line_0204
999
AI4M_ENTITY=line_0205__seg_01;LINE_ROLE=shoulder_seam;EDGE=shoulder_seam;SOURCE_LAYER=11
0
POLYLINE
8
AI4M_01_ATOM_INTERNAL
66
1
70
0
1001
AI4MANUFACTURING
1000
WRITEBACK_PHASE=01_ATOM
1000
ENTITY_ID=line_0205__seg_01
1000
SOURCE_HANDLE=914
1000
LINE_ROLE=shoulder_seam
1000
EDGE=shoulder_seam
1000
CHAIN=chain_ms1ultep
1000
PIECE_ID=back_body_manual_01
1000
SEAM_PAIR=
1000
PAIRED_CHAIN=
1000
NOTCH_CHAIN=
1000
NOTCH_SOURCE=
1000
PIECE_ROLE=back_body
1000
SEAM_ALLOWANCE_MM=
1000
SOURCE_LAYER=11
0
VERTEX
8
AI4M_01_ATOM_INTERNAL
10
3384.361267
20
335.595245
30
0
0
VERTEX
8
AI4M_01_ATOM_INTERNAL
10
3399.005076
20
340.03648
30
0
0
VERTEX
8
AI4M_01_ATOM_INTERNAL
10
3413.494687
20
344.286419
30
0
0
VERTEX
8
AI4M_01_ATOM_INTERNAL
10
3428.089232
20
348.47736
30
0
0
VERTEX
8
AI4M_01_ATOM_INTERNAL
10
3442.69675
20
352.616156
30
0
0
VERTEX
8
AI4M_01_ATOM_INTERNAL
10
3457.261221
20
356.691056
30
0
0
VERTEX
8
AI4M_01_ATOM_INTERNAL
10
3471.898777
20
360.728053
30
0
0
VERTEX
8
AI4M_01_ATOM_INTERNAL
10
3486.454552
20
364.6819
30
0
0
VERTEX
8
AI4M_01_ATOM_INTERNAL
10
3500.94411
20
368.567233
30
0
0
VERTEX
8
AI4M_01_ATOM_INTERNAL
10
3510.45105
20
371.098289
30
0
0
SEQEND
8
AI4M_01_ATOM_INTERNAL
0
TEXT
8
AI4M_01_ATOM_INTERNAL
10
3384.361267
20
335.595245
30
0
40
2.5
1
AI4M_line_0205__seg_01_shoulder_seam_shoulder_seam
1001
AI4MANUFACTURING
1000
WRITEBACK_PHASE=01_ATOM_LABEL
1000
ENTITY_ID=line_0205__seg_01
999
AI4M_ENTITY=line_0206__seg_01;LINE_ROLE=neckline;EDGE=neckline;SOURCE_LAYER=11
0
POLYLINE
8
AI4M_01_ATOM_INTERNAL
66
1
70
0
1001
AI4MANUFACTURING
1000
WRITEBACK_PHASE=01_ATOM
1000
ENTITY_ID=line_0206__seg_01
1000
SOURCE_HANDLE=921
1000
LINE_ROLE=neckline
1000
EDGE=neckline
1000
CHAIN=chain_ms1ultep
1000
PIECE_ID=back_body_manual_01
1000
SEAM_PAIR=
1000
PAIRED_CHAIN=
1000
NOTCH_CHAIN=
1000
NOTCH_SOURCE=
1000
PIECE_ROLE=back_body
1000
SEAM_ALLOWANCE_MM=
1000
SOURCE_LAYER=11
0
VERTEX
8
AI4M_01_ATOM_INTERNAL
10
3510.45105
20
371.098289
30
0
0
VERTEX
8
AI4M_01_ATOM_INTERNAL
10
3512.567064
20
366.990681
30
0
0
VERTEX
8
AI4M_01_ATOM_INTERNAL
10
3514.779015
20
363.203098
30
0
0
VERTEX
8
AI4M_01_ATOM_INTERNAL
10
3516.86388
20
360.071477
30
0
0
VERTEX
8
AI4M_01_ATOM_INTERNAL
10
3518.992774
20
357.299057
30
0
0
VERTEX
8
AI4M_01_ATOM_INTERNAL
10
3521.262634
20
354.735484
30
0
0
VERTEX
8
AI4M_01_ATOM_INTERNAL
10
3523.548788
20
352.503436
30
0
0
VERTEX
8
AI4M_01_ATOM_INTERNAL
10
3525.977239
20
350.466418
30
0
0
VERTEX
8
AI4M_01_ATOM_INTERNAL
10
3528.508027
20
348.664469
30
0
0
VERTEX
8
AI4M_01_ATOM_INTERNAL
10
3531.333153
20
346.960492
30
0
0
VERTEX
8
AI4M_01_ATOM_INTERNAL
10
3534.452463
20
345.371384
30
0
0
VERTEX
8
AI4M_01_ATOM_INTERNAL
10
3537.9222
20
343.887336
30
0
0
VERTEX
8
AI4M_01_ATOM_INTERNAL
10
3541.722838
20
342.530635
30
0
0
VERTEX
8
AI4M_01_ATOM_INTERNAL
10
3545.823112
20
341.327987
30
0
0
VERTEX
8
AI4M_01_ATOM_INTERNAL
10
3550.250633
20
340.290821
30
0
0
VERTEX
8
AI4M_01_ATOM_INTERNAL
10
3555.053408
20
339.42523
30
0
0
VERTEX
8
AI4M_01_ATOM_INTERNAL
10
3560.296887
20
338.736206
30
0
0
VERTEX
8
AI4M_01_ATOM_INTERNAL
10
3566.238966
20
338.213966
30
0
0
VERTEX
8
AI4M_01_ATOM_INTERNAL
10
3573.297772
20
337.860233
30
0
0
VERTEX
8
AI4M_01_ATOM_INTERNAL
10
3582.656899
20
337.677421
30
0
0
VERTEX
8
AI4M_01_ATOM_INTERNAL
10
3597.658884
20
337.606114
30
0
0
VERTEX
8
AI4M_01_ATOM_INTERNAL
10
3600
20
337.593422
30
0
0
SEQEND
8
AI4M_01_ATOM_INTERNAL
0
TEXT
8
AI4M_01_ATOM_INTERNAL
10
3510.45105
20
371.098289
30
0
40
2.5
1
AI4M_line_0206__seg_01_neckline_neckline
1001
AI4MANUFACTURING
1000
WRITEBACK_PHASE=01_ATOM_LABEL
1000
ENTITY_ID=line_0206__seg_01
999
AI4M_ENTITY=line_0207;LINE_ROLE=cut_line;EDGE=unknown;SOURCE_LAYER=11
0
POLYLINE
8
AI4M_01_ATOM_CUT
66
1
70
0
1001
AI4MANUFACTURING
1000
WRITEBACK_PHASE=01_ATOM
1000
ENTITY_ID=line_0207
1000
SOURCE_HANDLE=93A
1000
LINE_ROLE=cut_line
1000
EDGE=unknown
1000
CHAIN=chain_ms1ultep
1000
PIECE_ID=back_body_manual_01
1000
SEAM_PAIR=
1000
PAIRED_CHAIN=
1000
NOTCH_CHAIN=
1000
NOTCH_SOURCE=
1000
PIECE_ROLE=back_body
1000
SEAM_ALLOWANCE_MM=
1000
SOURCE_LAYER=11
0
VERTEX
8
AI4M_01_ATOM_CUT
10
3599.999763
20
340.093426
30
0
0
VERTEX
8
AI4M_01_ATOM_CUT
10
3599.998907
20
335.093426
30
0
0
SEQEND
8
AI4M_01_ATOM_CUT
0
TEXT
8
AI4M_01_ATOM_CUT
10
3599.999763
20
340.093426
30
0
40
2.5
1
AI4M_line_0207_cut_line_unknown
1001
AI4MANUFACTURING
1000
WRITEBACK_PHASE=01_ATOM_LABEL
1000
ENTITY_ID=line_0207
999
AI4M_ENTITY=line_0208__seg_01;LINE_ROLE=neckline;EDGE=neckline;SOURCE_LAYER=11
0
POLYLINE
8
AI4M_01_ATOM_INTERNAL
66
1
70
0
1001
AI4MANUFACTURING
1000
WRITEBACK_PHASE=01_ATOM
1000
ENTITY_ID=line_0208__seg_01
1000
SOURCE_HANDLE=93B
1000
LINE_ROLE=neckline
1000
EDGE=neckline
1000
CHAIN=chain_ms1ultep
1000
PIECE_ID=back_body_manual_01
1000
SEAM_PAIR=
1000
PAIRED_CHAIN=
1000
NOTCH_CHAIN=
1000
NOTCH_SOURCE=
1000
PIECE_ROLE=back_body
1000
SEAM_ALLOWANCE_MM=
1000
SOURCE_LAYER=11
0
VERTEX
8
AI4M_01_ATOM_INTERNAL
10
3600
20
337.593422
30
0
0
VERTEX
8
AI4M_01_ATOM_INTERNAL
10
3615.147195
20
337.663838
30
0
0
VERTEX
8
AI4M_01_ATOM_INTERNAL
10
3625.741816
20
337.829623
30
0
0
VERTEX
8
AI4M_01_ATOM_INTERNAL
10
3633.022399
20
338.164502
30
0
0
VERTEX
8
AI4M_01_ATOM_INTERNAL
10
3639.138626
20
338.675901
30
0
0
VERTEX
8
AI4M_01_ATOM_INTERNAL
10
3644.545395
20
339.363739
30
0
0
VERTEX
8
AI4M_01_ATOM_INTERNAL
10
3649.415208
20
340.222472
30
0
0
VERTEX
8
AI4M_01_ATOM_INTERNAL
10
3653.905753
20
341.257345
30
0
0
VERTEX
8
AI4M_01_ATOM_INTERNAL
10
3658.094884
20
342.471607
30
0
0
VERTEX
8
AI4M_01_ATOM_INTERNAL
10
3661.982625
20
343.850005
30
0
0
VERTEX
8
AI4M_01_ATOM_INTERNAL
10
3665.556179
20
345.375574
30
0
0
VERTEX
8
AI4M_01_ATOM_INTERNAL
10
3668.724429
20
346.991814
30
0
0
VERTEX
8
AI4M_01_ATOM_INTERNAL
10
3671.556555
20
348.706718
30
0
0
VERTEX
8
AI4M_01_ATOM_INTERNAL
10
3674.141052
20
350.558162
30
0
0
VERTEX
8
AI4M_01_ATOM_INTERNAL
10
3676.569476
20
352.609864
30
0
0
VERTEX
8
AI4M_01_ATOM_INTERNAL
10
3678.914914
20
354.923179
30
0
0
VERTEX
8
AI4M_01_ATOM_INTERNAL
10
3681.175675
20
357.504373
30
0
0
VERTEX
8
AI4M_01_ATOM_INTERNAL
10
3683.325782
20
360.336625
30
0
0
VERTEX
8
AI4M_01_ATOM_INTERNAL
10
3685.398239
20
363.483985
30
0
0
VERTEX
8
AI4M_01_ATOM_INTERNAL
10
3687.548733
20
367.226673
30
0
0
VERTEX
8
AI4M_01_ATOM_INTERNAL
10
3689.54895
20
371.098289
30
0
0
SEQEND
8
AI4M_01_ATOM_INTERNAL
0
TEXT
8
AI4M_01_ATOM_INTERNAL
10
3600
20
337.593422
30
0
40
2.5
1
AI4M_line_0208__seg_01_neckline_neckline
1001
AI4MANUFACTURING
1000
WRITEBACK_PHASE=01_ATOM_LABEL
1000
ENTITY_ID=line_0208__seg_01
999
AI4M_ENTITY=line_0209__seg_01;LINE_ROLE=shoulder_seam;EDGE=shoulder_seam;SOURCE_LAYER=11
0
POLYLINE
8
AI4M_01_ATOM_INTERNAL
66
1
70
0
1001
AI4MANUFACTURING
1000
WRITEBACK_PHASE=01_ATOM
1000
ENTITY_ID=line_0209__seg_01
1000
SOURCE_HANDLE=953
1000
LINE_ROLE=shoulder_seam
1000
EDGE=shoulder_seam
1000
CHAIN=chain_ms1ultep
1000
PIECE_ID=back_body_manual_01
1000
SEAM_PAIR=
1000
PAIRED_CHAIN=
1000
NOTCH_CHAIN=
1000
NOTCH_SOURCE=
1000
PIECE_ROLE=back_body
1000
SEAM_ALLOWANCE_MM=
1000
SOURCE_LAYER=11
0
VERTEX
8
AI4M_01_ATOM_INTERNAL
10
3689.54895
20
371.098289
30
0
0
VERTEX
8
AI4M_01_ATOM_INTERNAL
10
3704.675161
20
367.065732
30
0
0
VERTEX
8
AI4M_01_ATOM_INTERNAL
10
3719.421493
20
363.088937
30
0
0
VERTEX
8
AI4M_01_ATOM_INTERNAL
10
3733.996624
20
359.104719
30
0
0
VERTEX
8
AI4M_01_ATOM_INTERNAL
10
3748.764583
20
355.013172
30
0
0
VERTEX
8
AI4M_01_ATOM_INTERNAL
10
3763.311484
20
350.927409
30
0
0
VERTEX
8
AI4M_01_ATOM_INTERNAL
10
3777.842701
20
346.786075
30
0
0
VERTEX
8
AI4M_01_ATOM_INTERNAL
10
3792.507376
20
342.539487
30
0
0
VERTEX
8
AI4M_01_ATOM_INTERNAL
10
3806.992866
20
338.240812
30
0
0
VERTEX
8
AI4M_01_ATOM_INTERNAL
10
3815.640564
20
335.595245
30
0
0
SEQEND
8
AI4M_01_ATOM_INTERNAL
0
TEXT
8
AI4M_01_ATOM_INTERNAL
10
3689.54895
20
371.098289
30
0
40
2.5
1
AI4M_line_0209__seg_01_shoulder_seam_shoulder_seam
1001
AI4MANUFACTURING
1000
WRITEBACK_PHASE=01_ATOM_LABEL
1000
ENTITY_ID=line_0209__seg_01
999
AI4M_ENTITY=line_0210;LINE_ROLE=cut_line;EDGE=unknown;SOURCE_LAYER=11
0
POLYLINE
8
AI4M_01_ATOM_CUT
66
1
70
0
1001
AI4MANUFACTURING
1000
WRITEBACK_PHASE=01_ATOM
1000
ENTITY_ID=line_0210
1000
SOURCE_HANDLE=960
1000
LINE_ROLE=cut_line
1000
EDGE=unknown
1000
CHAIN=chain_ms1ultep
1000
PIECE_ID=back_body_manual_01
1000
SEAM_PAIR=
1000
PAIRED_CHAIN=
1000
NOTCH_CHAIN=
1000
NOTCH_SOURCE=
1000
PIECE_ROLE=back_body
1000
SEAM_ALLOWANCE_MM=
1000
SOURCE_LAYER=11
0
VERTEX
8
AI4M_01_ATOM_CUT
10
3816.374108
20
337.985206
30
0
0
VERTEX
8
AI4M_01_ATOM_CUT
10
3814.907346
20
333.205184
30
0
0
SEQEND
8
AI4M_01_ATOM_CUT
0
TEXT
8
AI4M_01_ATOM_CUT
10
3816.374108
20
337.985206
30
0
40
2.5
1
AI4M_line_0210_cut_line_unknown
1001
AI4MANUFACTURING
1000
WRITEBACK_PHASE=01_ATOM_LABEL
1000
ENTITY_ID=line_0210
999
AI4M_ENTITY=line_0211__seg_01;LINE_ROLE=shoulder_seam;EDGE=shoulder_seam;SOURCE_LAYER=11
0
POLYLINE
8
AI4M_01_ATOM_INTERNAL
66
1
70
0
1001
AI4MANUFACTURING
1000
WRITEBACK_PHASE=01_ATOM
1000
ENTITY_ID=line_0211__seg_01
1000
SOURCE_HANDLE=961
1000
LINE_ROLE=shoulder_seam
1000
EDGE=shoulder_seam
1000
CHAIN=chain_ms1ultep
1000
PIECE_ID=back_body_manual_01
1000
SEAM_PAIR=
1000
PAIRED_CHAIN=
1000
NOTCH_CHAIN=
1000
NOTCH_SOURCE=
1000
PIECE_ROLE=back_body
1000
SEAM_ALLOWANCE_MM=
1000
SOURCE_LAYER=11
0
VERTEX
8
AI4M_01_ATOM_INTERNAL
10
3815.640564
20
335.595245
30
0
0
VERTEX
8
AI4M_01_ATOM_INTERNAL
10
3830.470858
20
330.866178
30
0
0
VERTEX
8
AI4M_01_ATOM_INTERNAL
10
3844.233753
20
326.226785
30
0
0
VERTEX
8
AI4M_01_ATOM_INTERNAL
10
3858.553794
20
321.165251
30
0
0
VERTEX
8
AI4M_01_ATOM_INTERNAL
10
3872.762837
20
315.948434
30
0
0
VERTEX
8
AI4M_01_ATOM_INTERNAL
10
3886.866371
20
310.582565
30
0
0
VERTEX
8
AI4M_01_ATOM_INTERNAL
10
3900.946122
20
305.037015
30
0
0
VERTEX
8
AI4M_01_ATOM_INTERNAL
10
3914.922842
20
299.348836
30
0
0
VERTEX
8
AI4M_01_ATOM_INTERNAL
10
3929.04867
20
293.426329
30
0
0
VERTEX
8
AI4M_01_ATOM_INTERNAL
10
3942.864921
20
287.483158
30
0
0
VERTEX
8
AI4M_01_ATOM_INTERNAL
10
3956.680377
20
281.414139
30
0
0
VERTEX
8
AI4M_01_ATOM_INTERNAL
10
3970.459517
20
275.262942
30
0
0
VERTEX
8
AI4M_01_ATOM_INTERNAL
10
3984.371328
20
268.980485
30
0
0
VERTEX
8
AI4M_01_ATOM_INTERNAL
10
3998.104329
20
262.727114
30
0
0
VERTEX
8
AI4M_01_ATOM_INTERNAL
10
4012.134629
20
256.303082
30
0
0
VERTEX
8
AI4M_01_ATOM_INTERNAL
10
4026.016317
20
249.927121
30
0
0
VERTEX
8
AI4M_01_ATOM_INTERNAL
10
4039.725605
20
243.621964
30
0
0
VERTEX
8
AI4M_01_ATOM_INTERNAL
10
4053.435212
20
237.317493
30
0
0
VERTEX
8
AI4M_01_ATOM_INTERNAL
10
4067.176514
20
231.008347
30
0
0
VERTEX
8
AI4M_01_ATOM_INTERNAL
10
4080.895137
20
224.723516
30
0
0
VERTEX
8
AI4M_01_ATOM_INTERNAL
10
4094.617179
20
218.446172
30
0
0
VERTEX
8
AI4M_01_ATOM_INTERNAL
10
4108.256605
20
212.209966
30
0
0
VERTEX
8
AI4M_01_ATOM_INTERNAL
10
4109.859314
20
211.477184
30
0
0
SEQEND
8
AI4M_01_ATOM_INTERNAL
0
TEXT
8
AI4M_01_ATOM_INTERNAL
10
3815.640564
20
335.595245
30
0
40
2.5
1
AI4M_line_0211__seg_01_shoulder_seam_shoulder_seam
1001
AI4MANUFACTURING
1000
WRITEBACK_PHASE=01_ATOM_LABEL
1000
ENTITY_ID=line_0211__seg_01
999
AI4M_ENTITY=line_0212;LINE_ROLE=cut_line;EDGE=unknown;SOURCE_LAYER=11
0
POLYLINE
8
AI4M_01_ATOM_CUT
66
1
70
0
1001
AI4MANUFACTURING
1000
WRITEBACK_PHASE=01_ATOM
1000
ENTITY_ID=line_0212
1000
SOURCE_HANDLE=97B
1000
LINE_ROLE=cut_line
1000
EDGE=unknown
1000
CHAIN=chain_ms1ultep
1000
PIECE_ID=back_body_manual_01
1000
SEAM_PAIR=
1000
PAIRED_CHAIN=
1000
NOTCH_CHAIN=
1000
NOTCH_SOURCE=
1000
PIECE_ROLE=back_body
1000
SEAM_ALLOWANCE_MM=
1000
SOURCE_LAYER=11
0
VERTEX
8
AI4M_01_ATOM_CUT
10
4001.807901
20
263.783186
30
0
0
VERTEX
8
AI4M_01_ATOM_CUT
10
3999.728882
20
259.235914
30
0
0
SEQEND
8
AI4M_01_ATOM_CUT
0
TEXT
8
AI4M_01_ATOM_CUT
10
4001.807901
20
263.783186
30
0
40
2.5
1
AI4M_line_0212_cut_line_unknown
1001
AI4MANUFACTURING
1000
WRITEBACK_PHASE=01_ATOM_LABEL
1000
ENTITY_ID=line_0212
999
AI4M_ENTITY=line_0213__seg_01;LINE_ROLE=sleeve_hem;EDGE=sleeve_hem;SOURCE_LAYER=11
0
POLYLINE
8
AI4M_01_ATOM_INTERNAL
66
1
70
0
1001
AI4MANUFACTURING
1000
WRITEBACK_PHASE=01_ATOM
1000
ENTITY_ID=line_0213__seg_01
1000
SOURCE_HANDLE=97C
1000
LINE_ROLE=sleeve_hem
1000
EDGE=sleeve_hem
1000
CHAIN=chain_ms1ultep
1000
PIECE_ID=back_body_manual_01
1000
SEAM_PAIR=
1000
PAIRED_CHAIN=
1000
NOTCH_CHAIN=
1000
NOTCH_SOURCE=
1000
PIECE_ROLE=back_body
1000
SEAM_ALLOWANCE_MM=
1000
SOURCE_LAYER=11
0
VERTEX
8
AI4M_01_ATOM_INTERNAL
10
4109.859314
20
211.477184
30
0
0
VERTEX
8
AI4M_01_ATOM_INTERNAL
10
4102.581685
20
197.941078
30
0
0
VERTEX
8
AI4M_01_ATOM_INTERNAL
10
4095.608034
20
184.519909
30
0
0
VERTEX
8
AI4M_01_ATOM_INTERNAL
10
4088.896661
20
171.105387
30
0
0
VERTEX
8
AI4M_01_ATOM_INTERNAL
10
4083.138235
20
159.06627
30
0
0
VERTEX
8
AI4M_01_ATOM_INTERNAL
10
4077.576675
20
146.855366
30
0
0
VERTEX
8
AI4M_01_ATOM_INTERNAL
10
4071.665996
20
133.267961
30
0
0
VERTEX
8
AI4M_01_ATOM_INTERNAL
10
4065.79763
20
119.183334
30
0
0
VERTEX
8
AI4M_01_ATOM_INTERNAL
10
4060.164057
20
105.121366
30
0
0
VERTEX
8
AI4M_01_ATOM_INTERNAL
10
4054.880332
20
91.315788
30
0
0
VERTEX
8
AI4M_01_ATOM_INTERNAL
10
4054.033203
20
89.046831
30
0
0
SEQEND
8
AI4M_01_ATOM_INTERNAL
0
TEXT
8
AI4M_01_ATOM_INTERNAL
10
4109.859314
20
211.477184
30
0
40
2.5
1
AI4M_line_0213__seg_01_sleeve_hem_sleeve_hem
1001
AI4MANUFACTURING
1000
WRITEBACK_PHASE=01_ATOM_LABEL
1000
ENTITY_ID=line_0213__seg_01
999
AI4M_ENTITY=line_0214;LINE_ROLE=cut_line;EDGE=unknown;SOURCE_LAYER=11
0
POLYLINE
8
AI4M_01_ATOM_CUT
66
1
70
0
1001
AI4MANUFACTURING
1000
WRITEBACK_PHASE=01_ATOM
1000
ENTITY_ID=line_0214
1000
SOURCE_HANDLE=98A
1000
LINE_ROLE=cut_line
1000
EDGE=unknown
1000
CHAIN=chain_ms1ultep
1000
PIECE_ID=back_body_manual_01
1000
SEAM_PAIR=
1000
PAIRED_CHAIN=
1000
NOTCH_CHAIN=
1000
NOTCH_SOURCE=
1000
PIECE_ROLE=back_body
1000
SEAM_ALLOWANCE_MM=
1000
SOURCE_LAYER=11
0
VERTEX
8
AI4M_01_ATOM_CUT
10
4081.865659
20
150.308343
30
0
0
VERTEX
8
AI4M_01_ATOM_CUT
10
4077.310077
20
152.369088
30
0
0
SEQEND
8
AI4M_01_ATOM_CUT
0
TEXT
8
AI4M_01_ATOM_CUT
10
4081.865659
20
150.308343
30
0
40
2.5
1
AI4M_line_0214_cut_line_unknown
1001
AI4MANUFACTURING
1000
WRITEBACK_PHASE=01_ATOM_LABEL
1000
ENTITY_ID=line_0214
999
AI4M_ENTITY=line_0216;LINE_ROLE=cut_line;EDGE=unknown;SOURCE_LAYER=11
0
POLYLINE
8
AI4M_01_ATOM_CUT
66
1
70
0
1001
AI4MANUFACTURING
1000
WRITEBACK_PHASE=01_ATOM
1000
ENTITY_ID=line_0216
1000
SOURCE_HANDLE=9AD
1000
LINE_ROLE=cut_line
1000
EDGE=unknown
1000
CHAIN=chain_ms1ultep
1000
PIECE_ID=back_body_manual_01
1000
SEAM_PAIR=
1000
PAIRED_CHAIN=
1000
NOTCH_CHAIN=
1000
NOTCH_SOURCE=
1000
PIECE_ROLE=back_body
1000
SEAM_ALLOWANCE_MM=
1000
SOURCE_LAYER=11
0
VERTEX
8
AI4M_01_ATOM_CUT
10
3818.474483
20
122.749873
30
0
0
VERTEX
8
AI4M_01_ATOM_CUT
10
3818.928519
20
127.729215
30
0
0
SEQEND
8
AI4M_01_ATOM_CUT
0
TEXT
8
AI4M_01_ATOM_CUT
10
3818.474483
20
122.749873
30
0
40
2.5
1
AI4M_line_0216_cut_line_unknown
1001
AI4MANUFACTURING
1000
WRITEBACK_PHASE=01_ATOM_LABEL
1000
ENTITY_ID=line_0216
999
AI4M_ENTITY=line_0217;LINE_ROLE=cut_line;EDGE=unknown;SOURCE_LAYER=11
0
POLYLINE
8
AI4M_01_ATOM_CUT
66
1
70
0
1001
AI4MANUFACTURING
1000
WRITEBACK_PHASE=01_ATOM
1000
ENTITY_ID=line_0217
1000
SOURCE_HANDLE=9AE
1000
LINE_ROLE=cut_line
1000
EDGE=unknown
1000
CHAIN=chain_ms1ultep
1000
PIECE_ID=back_body_manual_01
1000
SEAM_PAIR=
1000
PAIRED_CHAIN=
1000
NOTCH_CHAIN=
1000
NOTCH_SOURCE=
1000
PIECE_ROLE=back_body
1000
SEAM_ALLOWANCE_MM=
1000
SOURCE_LAYER=11
0
VERTEX
8
AI4M_01_ATOM_CUT
10
3599.994985
20
132.093394
30
0
0
VERTEX
8
AI4M_01_ATOM_CUT
10
3600.001095
20
137.09339
30
0
0
SEQEND
8
AI4M_01_ATOM_CUT
0
TEXT
8
AI4M_01_ATOM_CUT
10
3599.994985
20
132.093394
30
0
40
2.5
1
AI4M_line_0217_cut_line_unknown
1001
AI4MANUFACTURING
1000
WRITEBACK_PHASE=01_ATOM_LABEL
1000
ENTITY_ID=line_0217
999
AI4M_ENTITY=line_0218;LINE_ROLE=construction;EDGE=construction_vertical;SOURCE_LAYER=11
0
POLYLINE
8
AI4M_01_ATOM_INTERNAL
66
1
70
0
1001
AI4MANUFACTURING
1000
WRITEBACK_PHASE=01_ATOM
1000
ENTITY_ID=line_0218
1000
SOURCE_HANDLE=9AF
1000
LINE_ROLE=construction
1000
EDGE=construction_vertical
1000
CHAIN=chain_ms1ultep
1000
PIECE_ID=back_body_manual_01
1000
SEAM_PAIR=
1000
PAIRED_CHAIN=
1000
NOTCH_CHAIN=
1000
NOTCH_SOURCE=
1000
PIECE_ROLE=back_body
1000
SEAM_ALLOWANCE_MM=
1000
SOURCE_LAYER=11
0
VERTEX
8
AI4M_01_ATOM_INTERNAL
10
3600
20
337.593422
30
0
0
VERTEX
8
AI4M_01_ATOM_INTERNAL
10
3599.998169
20
134.593391
30
0
0
SEQEND
8
AI4M_01_ATOM_INTERNAL
0
TEXT
8
AI4M_01_ATOM_INTERNAL
10
3600
20
337.593422
30
0
40
2.5
1
AI4M_line_0218_construction_construction_vertical
1001
AI4MANUFACTURING
1000
WRITEBACK_PHASE=01_ATOM_LABEL
1000
ENTITY_ID=line_0218
999
AI4M_ENTITY=line_0219;LINE_ROLE=cut_line;EDGE=unknown;SOURCE_LAYER=11
0
POLYLINE
8
AI4M_01_ATOM_CUT
66
1
70
0
1001
AI4MANUFACTURING
1000
WRITEBACK_PHASE=01_ATOM
1000
ENTITY_ID=line_0219
1000
SOURCE_HANDLE=9B4
1000
LINE_ROLE=cut_line
1000
EDGE=unknown
1000
CHAIN=chain_ms1ultep
1000
PIECE_ID=back_body_manual_01
1000
SEAM_PAIR=
1000
PAIRED_CHAIN=
1000
NOTCH_CHAIN=
1000
NOTCH_SOURCE=
1000
PIECE_ROLE=back_body
1000
SEAM_ALLOWANCE_MM=
1000
SOURCE_LAYER=11
0
VERTEX
8
AI4M_01_ATOM_CUT
10
3599.999999
20
340.093422
30
0
0
VERTEX
8
AI4M_01_ATOM_CUT
10
3600.000001
20
335.093422
30
0
0
SEQEND
8
AI4M_01_ATOM_CUT
0
TEXT
8
AI4M_01_ATOM_CUT
10
3599.999999
20
340.093422
30
0
40
2.5
1
AI4M_line_0219_cut_line_unknown
1001
AI4MANUFACTURING
1000
WRITEBACK_PHASE=01_ATOM_LABEL
1000
ENTITY_ID=line_0219
999
AI4M_ENTITY=line_0220;LINE_ROLE=cut_line;EDGE=unknown;SOURCE_LAYER=11
0
POLYLINE
8
AI4M_01_ATOM_CUT
66
1
70
0
1001
AI4MANUFACTURING
1000
WRITEBACK_PHASE=01_ATOM
1000
ENTITY_ID=line_0220
1000
SOURCE_HANDLE=9B5
1000
LINE_ROLE=cut_line
1000
EDGE=unknown
1000
CHAIN=chain_ms1ultep
1000
PIECE_ID=back_body_manual_01
1000
SEAM_PAIR=
1000
PAIRED_CHAIN=
1000
NOTCH_CHAIN=
1000
NOTCH_SOURCE=
1000
PIECE_ROLE=back_body
1000
SEAM_ALLOWANCE_MM=
1000
SOURCE_LAYER=11
0
VERTEX
8
AI4M_01_ATOM_CUT
10
3599.99817
20
132.093391
30
0
0
VERTEX
8
AI4M_01_ATOM_CUT
10
3599.998168
20
137.093391
30
0
0
SEQEND
8
AI4M_01_ATOM_CUT
0
TEXT
8
AI4M_01_ATOM_CUT
10
3599.99817
20
132.093391
30
0
40
2.5
1
AI4M_line_0220_cut_line_unknown
1001
AI4MANUFACTURING
1000
WRITEBACK_PHASE=01_ATOM_LABEL
1000
ENTITY_ID=line_0220
999
AI4M_ENTITY=line_0221;LINE_ROLE=cut_line;EDGE=unknown;SOURCE_LAYER=11
0
POLYLINE
8
AI4M_01_ATOM_CUT
66
1
70
0
1001
AI4MANUFACTURING
1000
WRITEBACK_PHASE=01_ATOM
1000
ENTITY_ID=line_0221
1000
SOURCE_HANDLE=9B6
1000
LINE_ROLE=cut_line
1000
EDGE=unknown
1000
CHAIN=chain_ms1ultep
1000
PIECE_ID=back_body_manual_01
1000
SEAM_PAIR=
1000
PAIRED_CHAIN=
1000
NOTCH_CHAIN=
1000
NOTCH_SOURCE=
1000
PIECE_ROLE=back_body
1000
SEAM_ALLOWANCE_MM=
1000
SOURCE_LAYER=11
0
VERTEX
8
AI4M_01_ATOM_CUT
10
3815.640564
20
335.595245
30
0
0
VERTEX
8
AI4M_01_ATOM_CUT
10
3814.078064
20
330.9618
30
0
0
SEQEND
8
AI4M_01_ATOM_CUT
0
TEXT
8
AI4M_01_ATOM_CUT
10
3815.640564
20
335.595245
30
0
40
2.5
1
AI4M_line_0221_cut_line_unknown
1001
AI4MANUFACTURING
1000
WRITEBACK_PHASE=01_ATOM_LABEL
1000
ENTITY_ID=line_0221
999
AI4M_ENTITY=line_0222;LINE_ROLE=cut_line;EDGE=unknown;SOURCE_LAYER=11
0
POLYLINE
8
AI4M_01_ATOM_CUT
66
1
70
0
1001
AI4MANUFACTURING
1000
WRITEBACK_PHASE=01_ATOM
1000
ENTITY_ID=line_0222
1000
SOURCE_HANDLE=9BB
1000
LINE_ROLE=cut_line
1000
EDGE=unknown
1000
CHAIN=chain_ms1ultep
1000
PIECE_ID=back_body_manual_01
1000
SEAM_PAIR=
1000
PAIRED_CHAIN=
1000
NOTCH_CHAIN=
1000
NOTCH_SOURCE=
1000
PIECE_ROLE=back_body
1000
SEAM_ALLOWANCE_MM=
1000
SOURCE_LAYER=11
0
VERTEX
8
AI4M_01_ATOM_CUT
10
3816.380673
20
337.983181
30
0
0
VERTEX
8
AI4M_01_ATOM_CUT
10
3814.900455
20
333.207309
30
0
0
SEQEND
8
AI4M_01_ATOM_CUT
0
TEXT
8
AI4M_01_ATOM_CUT
10
3816.380673
20
337.983181
30
0
40
2.5
1
AI4M_line_0222_cut_line_unknown
1001
AI4MANUFACTURING
1000
WRITEBACK_PHASE=01_ATOM_LABEL
1000
ENTITY_ID=line_0222
999
AI4M_ENTITY=line_0223;LINE_ROLE=cut_line;EDGE=unknown;SOURCE_LAYER=11
0
POLYLINE
8
AI4M_01_ATOM_CUT
66
1
70
0
1001
AI4MANUFACTURING
1000
WRITEBACK_PHASE=01_ATOM
1000
ENTITY_ID=line_0223
1000
SOURCE_HANDLE=9BC
1000
LINE_ROLE=cut_line
1000
EDGE=unknown
1000
CHAIN=chain_ms1ultep
1000
PIECE_ID=back_body_manual_01
1000
SEAM_PAIR=
1000
PAIRED_CHAIN=
1000
NOTCH_CHAIN=
1000
NOTCH_SOURCE=
1000
PIECE_ROLE=back_body
1000
SEAM_ALLOWANCE_MM=
1000
SOURCE_LAYER=11
0
VERTEX
8
AI4M_01_ATOM_CUT
10
4094.253845
20
196.681194
30
0
0
VERTEX
8
AI4M_01_ATOM_CUT
10
4103.691406
20
214.346294
30
0
0
SEQEND
8
AI4M_01_ATOM_CUT
0
TEXT
8
AI4M_01_ATOM_CUT
10
4094.253845
20
196.681194
30
0
40
2.5
1
AI4M_line_0223_cut_line_unknown
1001
AI4MANUFACTURING
1000
WRITEBACK_PHASE=01_ATOM_LABEL
1000
ENTITY_ID=line_0223
999
AI4M_ENTITY=line_0224;LINE_ROLE=cut_line;EDGE=unknown;SOURCE_LAYER=11
0
POLYLINE
8
AI4M_01_ATOM_CUT
66
1
70
0
1001
AI4MANUFACTURING
1000
WRITEBACK_PHASE=01_ATOM
1000
ENTITY_ID=line_0224
1000
SOURCE_HANDLE=9C1
1000
LINE_ROLE=cut_line
1000
EDGE=unknown
1000
CHAIN=chain_ms1ultep
1000
PIECE_ID=back_body_manual_01
1000
SEAM_PAIR=
1000
PAIRED_CHAIN=
1000
NOTCH_CHAIN=
1000
NOTCH_SOURCE=
1000
PIECE_ROLE=back_body
1000
SEAM_ALLOWANCE_MM=
1000
SOURCE_LAYER=11
0
VERTEX
8
AI4M_01_ATOM_CUT
10
3384.361267
20
335.595245
30
0
0
VERTEX
8
AI4M_01_ATOM_CUT
10
3385.923767
20
330.9618
30
0
0
SEQEND
8
AI4M_01_ATOM_CUT
0
TEXT
8
AI4M_01_ATOM_CUT
10
3384.361267
20
335.595245
30
0
40
2.5
1
AI4M_line_0224_cut_line_unknown
1001
AI4MANUFACTURING
1000
WRITEBACK_PHASE=01_ATOM_LABEL
1000
ENTITY_ID=line_0224
999
AI4M_ENTITY=line_0225;LINE_ROLE=cut_line;EDGE=unknown;SOURCE_LAYER=11
0
POLYLINE
8
AI4M_01_ATOM_CUT
66
1
70
0
1001
AI4MANUFACTURING
1000
WRITEBACK_PHASE=01_ATOM
1000
ENTITY_ID=line_0225
1000
SOURCE_HANDLE=9C6
1000
LINE_ROLE=cut_line
1000
EDGE=unknown
1000
CHAIN=chain_ms1ultep
1000
PIECE_ID=back_body_manual_01
1000
SEAM_PAIR=
1000
PAIRED_CHAIN=
1000
NOTCH_CHAIN=
1000
NOTCH_SOURCE=
1000
PIECE_ROLE=back_body
1000
SEAM_ALLOWANCE_MM=
1000
SOURCE_LAYER=11
0
VERTEX
8
AI4M_01_ATOM_CUT
10
3383.621159
20
337.983182
30
0
0
VERTEX
8
AI4M_01_ATOM_CUT
10
3385.101375
20
333.207309
30
0
0
SEQEND
8
AI4M_01_ATOM_CUT
0
TEXT
8
AI4M_01_ATOM_CUT
10
3383.621159
20
337.983182
30
0
40
2.5
1
AI4M_line_0225_cut_line_unknown
1001
AI4MANUFACTURING
1000
WRITEBACK_PHASE=01_ATOM_LABEL
1000
ENTITY_ID=line_0225
999
AI4M_ENTITY=line_0226__seg_01;LINE_ROLE=cut_line;EDGE=unknown;SOURCE_LAYER=11
0
POLYLINE
8
AI4M_01_ATOM_CUT
66
1
70
0
1001
AI4MANUFACTURING
1000
WRITEBACK_PHASE=01_ATOM
1000
ENTITY_ID=line_0226__seg_01
1000
SOURCE_HANDLE=9C7
1000
LINE_ROLE=cut_line
1000
EDGE=unknown
1000
CHAIN=chain_ms1ultep
1000
PIECE_ID=back_body_manual_01
1000
SEAM_PAIR=
1000
PAIRED_CHAIN=
1000
NOTCH_CHAIN=
1000
NOTCH_SOURCE=
1000
PIECE_ROLE=back_body
1000
SEAM_ALLOWANCE_MM=
1000
SOURCE_LAYER=11
0
VERTEX
8
AI4M_01_ATOM_CUT
10
3105.746155
20
196.681194
30
0
0
VERTEX
8
AI4M_01_ATOM_CUT
10
3098.494604
20
210.26075
30
0
0
VERTEX
8
AI4M_01_ATOM_CUT
10
3096.308594
20
214.346294
30
0
0
SEQEND
8
AI4M_01_ATOM_CUT
0
TEXT
8
AI4M_01_ATOM_CUT
10
3105.746155
20
196.681194
30
0
40
2.5
1
AI4M_line_0226__seg_01_cut_line_unknown
1001
AI4MANUFACTURING
1000
WRITEBACK_PHASE=01_ATOM_LABEL
1000
ENTITY_ID=line_0226__seg_01
999
AI4M_ENTITY=line_0227__seg_01;LINE_ROLE=pattern_boundary;EDGE=pattern_boundary;SOURCE_LAYER=11
0
POLYLINE
8
AI4M_01_ATOM_NET
66
1
70
0
1001
AI4MANUFACTURING
1000
WRITEBACK_PHASE=01_ATOM
1000
ENTITY_ID=line_0227__seg_01
1000
SOURCE_HANDLE=9CD
1000
LINE_ROLE=pattern_boundary
1000
EDGE=pattern_boundary
1000
CHAIN=chain_ms1ultep
1000
PIECE_ID=back_body_manual_01
1000
SEAM_PAIR=
1000
PAIRED_CHAIN=
1000
NOTCH_CHAIN=
1000
NOTCH_SOURCE=
1000
PIECE_ROLE=back_body
1000
SEAM_ALLOWANCE_MM=
1000
SOURCE_LAYER=11
0
VERTEX
8
AI4M_01_ATOM_NET
10
4064.710999
20
76.914234
30
0
0
VERTEX
8
AI4M_01_ATOM_NET
10
4049.588318
20
79.759326
30
0
0
VERTEX
8
AI4M_01_ATOM_NET
10
4034.346619
20
82.612543
30
0
0
VERTEX
8
AI4M_01_ATOM_NET
10
4019.09668
20
85.453339
30
0
0
VERTEX
8
AI4M_01_ATOM_NET
10
4004.208984
20
88.211098
30
0
0
VERTEX
8
AI4M_01_ATOM_NET
10
3989.118652
20
90.985956
30
0
0
VERTEX
8
AI4M_01_ATOM_NET
10
3973.902588
20
93.746071
30
0
0
VERTEX
8
AI4M_01_ATOM_NET
10
3958.675537
20
96.444244
30
0
0
VERTEX
8
AI4M_01_ATOM_NET
10
3943.526917
20
99.039497
30
0
0
VERTEX
8
AI4M_01_ATOM_NET
10
3928.265991
20
101.540241
30
0
0
VERTEX
8
AI4M_01_ATOM_NET
10
3913.088074
20
103.891973
30
0
0
VERTEX
8
AI4M_01_ATOM_NET
10
3897.820129
20
106.105156
30
0
0
VERTEX
8
AI4M_01_ATOM_NET
10
3882.493591
20
108.166819
30
0
0
VERTEX
8
AI4M_01_ATOM_NET
10
3867.177429
20
110.083818
30
0
0
VERTEX
8
AI4M_01_ATOM_NET
10
3851.815186
20
111.861105
30
0
0
VERTEX
8
AI4M_01_ATOM_NET
10
3836.446228
20
113.46015
30
0
0
VERTEX
8
AI4M_01_ATOM_NET
10
3821.054077
20
114.954157
30
0
0
VERTEX
8
AI4M_01_ATOM_NET
10
3805.65094
20
116.387596
30
0
0
VERTEX
8
AI4M_01_ATOM_NET
10
3790.233765
20
117.603045
30
0
0
VERTEX
8
AI4M_01_ATOM_NET
10
3774.901733
20
118.7012
30
0
0
VERTEX
8
AI4M_01_ATOM_NET
10
3759.47113
20
119.719629
30
0
0
VERTEX
8
AI4M_01_ATOM_NET
10
3744.107361
20
120.622082
30
0
0
VERTEX
8
AI4M_01_ATOM_NET
10
3728.66333
20
121.416817
30
0
0
VERTEX
8
AI4M_01_ATOM_NET
10
3713.275452
20
122.109461
30
0
0
VERTEX
8
AI4M_01_ATOM_NET
10
3697.822571
20
122.712049
30
0
0
VERTEX
8
AI4M_01_ATOM_NET
10
3682.534485
20
123.219643
30
0
0
VERTEX
8
AI4M_01_ATOM_NET
10
3667.076111
20
123.646889
30
0
0
VERTEX
8
AI4M_01_ATOM_NET
10
3651.914368
20
123.985853
30
0
0
VERTEX
8
AI4M_01_ATOM_NET
10
3636.452332
20
124.253054
30
0
0
VERTEX
8
AI4M_01_ATOM_NET
10
3620.989075
20
124.442549
30
0
0
VERTEX
8
AI4M_01_ATOM_NET
10
3605.821228
20
124.56069
30
0
0
VERTEX
8
AI4M_01_ATOM_NET
10
3599.998169
20
124.593143
30
0
0
SEQEND
8
AI4M_01_ATOM_NET
0
TEXT
8
AI4M_01_ATOM_NET
10
4064.710999
20
76.914234
30
0
40
2.5
1
AI4M_line_0227__seg_01_pattern_boundary_pattern_boundary
1001
AI4MANUFACTURING
1000
WRITEBACK_PHASE=01_ATOM_LABEL
1000
ENTITY_ID=line_0227__seg_01
999
AI4M_ENTITY=line_0228;LINE_ROLE=pattern_boundary;EDGE=pattern_boundary;SOURCE_LAYER=11
0
POLYLINE
8
AI4M_01_ATOM_NET
66
1
70
0
1001
AI4MANUFACTURING
1000
WRITEBACK_PHASE=01_ATOM
1000
ENTITY_ID=line_0228
1000
SOURCE_HANDLE=9F0
1000
LINE_ROLE=pattern_boundary
1000
EDGE=pattern_boundary
1000
CHAIN=chain_ms1ultep
1000
PIECE_ID=back_body_manual_01
1000
SEAM_PAIR=
1000
PAIRED_CHAIN=
1000
NOTCH_CHAIN=
1000
NOTCH_SOURCE=
1000
PIECE_ROLE=back_body
1000
SEAM_ALLOWANCE_MM=
1000
SOURCE_LAYER=11
0
VERTEX
8
AI4M_01_ATOM_NET
10
4064.122925
20
87.46932
30
0
0
VERTEX
8
AI4M_01_ATOM_NET
10
4064.710999
20
76.914234
30
0
0
SEQEND
8
AI4M_01_ATOM_NET
0
TEXT
8
AI4M_01_ATOM_NET
10
4064.122925
20
87.46932
30
0
40
2.5
1
AI4M_line_0228_pattern_boundary_pattern_boundary
1001
AI4MANUFACTURING
1000
WRITEBACK_PHASE=01_ATOM_LABEL
1000
ENTITY_ID=line_0228
999
AI4M_ENTITY=line_0229__seg_01;LINE_ROLE=pattern_boundary;EDGE=pattern_boundary;SOURCE_LAYER=11
0
POLYLINE
8
AI4M_01_ATOM_NET
66
1
70
0
1001
AI4MANUFACTURING
1000
WRITEBACK_PHASE=01_ATOM
1000
ENTITY_ID=line_0229__seg_01
1000
SOURCE_HANDLE=9F5
1000
LINE_ROLE=pattern_boundary
1000
EDGE=pattern_boundary
1000
CHAIN=chain_ms1ultep
1000
PIECE_ID=back_body_manual_01
1000
SEAM_PAIR=
1000
PAIRED_CHAIN=
1000
NOTCH_CHAIN=
1000
NOTCH_SOURCE=
1000
PIECE_ROLE=back_body
1000
SEAM_ALLOWANCE_MM=
1000
SOURCE_LAYER=11
0
VERTEX
8
AI4M_01_ATOM_NET
10
4118.966675
20
207.308216
30
0
0
VERTEX
8
AI4M_01_ATOM_NET
10
4111.826477
20
193.836803
30
0
0
VERTEX
8
AI4M_01_ATOM_NET
10
4104.752502
20
180.474663
30
0
0
VERTEX
8
AI4M_01_ATOM_NET
10
4099.202576
20
169.418755
30
0
0
VERTEX
8
AI4M_01_ATOM_NET
10
4092.652588
20
155.853653
30
0
0
VERTEX
8
AI4M_01_ATOM_NET
10
4088.816528
20
147.429457
30
0
0
VERTEX
8
AI4M_01_ATOM_NET
10
4082.720337
20
133.663921
30
0
0
VERTEX
8
AI4M_01_ATOM_NET
10
4077.647095
20
121.721754
30
0
0
VERTEX
8
AI4M_01_ATOM_NET
10
4071.957092
20
107.734766
30
0
0
VERTEX
8
AI4M_01_ATOM_NET
10
4066.530151
20
93.863401
30
0
0
VERTEX
8
AI4M_01_ATOM_NET
10
4064.122925
20
87.46932
30
0
0
SEQEND
8
AI4M_01_ATOM_NET
0
TEXT
8
AI4M_01_ATOM_NET
10
4118.966675
20
207.308216
30
0
40
2.5
1
AI4M_line_0229__seg_01_pattern_boundary_pattern_boundary
1001
AI4MANUFACTURING
1000
WRITEBACK_PHASE=01_ATOM_LABEL
1000
ENTITY_ID=line_0229__seg_01
999
AI4M_ENTITY=line_0230;LINE_ROLE=pattern_boundary;EDGE=pattern_boundary;SOURCE_LAYER=11
0
POLYLINE
8
AI4M_01_ATOM_NET
66
1
70
0
1001
AI4MANUFACTURING
1000
WRITEBACK_PHASE=01_ATOM
1000
ENTITY_ID=line_0230
1000
SOURCE_HANDLE=A03
1000
LINE_ROLE=pattern_boundary
1000
EDGE=pattern_boundary
1000
CHAIN=chain_ms1ultep
1000
PIECE_ID=back_body_manual_01
1000
SEAM_PAIR=
1000
PAIRED_CHAIN=
1000
NOTCH_CHAIN=
1000
NOTCH_SOURCE=
1000
PIECE_ROLE=back_body
1000
SEAM_ALLOWANCE_MM=
1000
SOURCE_LAYER=11
0
VERTEX
8
AI4M_01_ATOM_NET
10
4123.132935
20
216.390228
30
0
0
VERTEX
8
AI4M_01_ATOM_NET
10
4118.966675
20
207.308216
30
0
0
SEQEND
8
AI4M_01_ATOM_NET
0
TEXT
8
AI4M_01_ATOM_NET
10
4123.132935
20
216.390228
30
0
40
2.5
1
AI4M_line_0230_pattern_boundary_pattern_boundary
1001
AI4MANUFACTURING
1000
WRITEBACK_PHASE=01_ATOM_LABEL
1000
ENTITY_ID=line_0230
999
AI4M_ENTITY=line_0231__seg_01;LINE_ROLE=pattern_boundary;EDGE=pattern_boundary;SOURCE_LAYER=11
0
POLYLINE
8
AI4M_01_ATOM_NET
66
1
70
0
1001
AI4MANUFACTURING
1000
WRITEBACK_PHASE=01_ATOM
1000
ENTITY_ID=line_0231__seg_01
1000
SOURCE_HANDLE=A08
1000
LINE_ROLE=pattern_boundary
1000
EDGE=pattern_boundary
1000
CHAIN=chain_ms1ultep
1000
PIECE_ID=back_body_manual_01
1000
SEAM_PAIR=
1000
PAIRED_CHAIN=
1000
NOTCH_CHAIN=
1000
NOTCH_SOURCE=
1000
PIECE_ROLE=back_body
1000
SEAM_ALLOWANCE_MM=
1000
SOURCE_LAYER=11
0
VERTEX
8
AI4M_01_ATOM_NET
10
3683.552856
20
383.085785
30
0
0
VERTEX
8
AI4M_01_ATOM_NET
10
3698.601074
20
379.056244
30
0
0
VERTEX
8
AI4M_01_ATOM_NET
10
3713.286438
20
375.104713
30
0
0
VERTEX
8
AI4M_01_ATOM_NET
10
3728.060913
20
371.097374
30
0
0
VERTEX
8
AI4M_01_ATOM_NET
10
3742.822876
20
367.043839
30
0
0
VERTEX
8
AI4M_01_ATOM_NET
10
3757.461548
20
362.958527
30
0
0
VERTEX
8
AI4M_01_ATOM_NET
10
3772.189941
20
358.786354
30
0
0
VERTEX
8
AI4M_01_ATOM_NET
10
3786.907959
20
354.574966
30
0
0
VERTEX
8
AI4M_01_ATOM_NET
10
3801.569824
20
350.331993
30
0
0
VERTEX
8
AI4M_01_ATOM_NET
10
3814.59137
20
346.3834
30
0
0
VERTEX
8
AI4M_01_ATOM_NET
10
3829.196777
20
341.771584
30
0
0
VERTEX
8
AI4M_01_ATOM_NET
10
3841.152039
20
337.861328
30
0
0
VERTEX
8
AI4M_01_ATOM_NET
10
3855.361328
20
332.924347
30
0
0
VERTEX
8
AI4M_01_ATOM_NET
10
3869.759827
20
327.725449
30
0
0
VERTEX
8
AI4M_01_ATOM_NET
10
3884.202881
20
322.31926
30
0
0
VERTEX
8
AI4M_01_ATOM_NET
10
3898.198242
20
316.890984
30
0
0
VERTEX
8
AI4M_01_ATOM_NET
10
3912.406006
20
311.191349
30
0
0
VERTEX
8
AI4M_01_ATOM_NET
10
3926.425781
20
305.388355
30
0
0
VERTEX
8
AI4M_01_ATOM_NET
10
3940.512695
20
299.396496
30
0
0
VERTEX
8
AI4M_01_ATOM_NET
10
3954.602661
20
293.268204
30
0
0
VERTEX
8
AI4M_01_ATOM_NET
10
3968.596802
20
287.062378
30
0
0
VERTEX
8
AI4M_01_ATOM_NET
10
3982.463989
20
280.80452
30
0
0
VERTEX
8
AI4M_01_ATOM_NET
10
3996.391907
20
274.452
30
0
0
VERTEX
8
AI4M_01_ATOM_NET
10
4010.310364
20
268.104115
30
0
0
VERTEX
8
AI4M_01_ATOM_NET
10
4024.272156
20
261.74181
30
0
0
VERTEX
8
AI4M_01_ATOM_NET
10
4038.186035
20
255.358906
30
0
0
VERTEX
8
AI4M_01_ATOM_NET
10
4052.090759
20
248.955536
30
0
0
VERTEX
8
AI4M_01_ATOM_NET
10
4065.995789
20
242.553577
30
0
0
VERTEX
8
AI4M_01_ATOM_NET
10
4079.798279
20
236.222038
30
0
0
VERTEX
8
AI4M_01_ATOM_NET
10
4093.719177
20
229.854069
30
0
0
VERTEX
8
AI4M_01_ATOM_NET
10
4107.641296
20
223.489151
30
0
0
VERTEX
8
AI4M_01_ATOM_NET
10
4121.182861
20
217.285385
30
0
0
VERTEX
8
AI4M_01_ATOM_NET
10
4123.132935
20
216.390228
30
0
0
SEQEND
8
AI4M_01_ATOM_NET
0
TEXT
8
AI4M_01_ATOM_NET
10
3683.552856
20
383.085785
30
0
40
2.5
1
AI4M_line_0231__seg_01_pattern_boundary_pattern_boundary
1001
AI4MANUFACTURING
1000
WRITEBACK_PHASE=01_ATOM_LABEL
1000
ENTITY_ID=line_0231__seg_01
999
AI4M_ENTITY=line_0232__seg_01;LINE_ROLE=pattern_boundary;EDGE=pattern_boundary;SOURCE_LAYER=11
0
POLYLINE
8
AI4M_01_ATOM_NET
66
1
70
0
1001
AI4MANUFACTURING
1000
WRITEBACK_PHASE=01_ATOM
1000
ENTITY_ID=line_0232__seg_01
1000
SOURCE_HANDLE=A2C
1000
LINE_ROLE=pattern_boundary
1000
EDGE=pattern_boundary
1000
CHAIN=chain_ms1ultep
1000
PIECE_ID=back_body_manual_01
1000
SEAM_PAIR=
1000
PAIRED_CHAIN=
1000
NOTCH_CHAIN=
1000
NOTCH_SOURCE=
1000
PIECE_ROLE=back_body
1000
SEAM_ALLOWANCE_MM=
1000
SOURCE_LAYER=11
0
VERTEX
8
AI4M_01_ATOM_NET
10
3682.752075
20
373.231697
30
0
0
VERTEX
8
AI4M_01_ATOM_NET
10
3683.332825
20
377.769394
30
0
0
VERTEX
8
AI4M_01_ATOM_NET
10
3683.531189
20
381.311073
30
0
0
VERTEX
8
AI4M_01_ATOM_NET
10
3683.552856
20
383.085785
30
0
0
SEQEND
8
AI4M_01_ATOM_NET
0
TEXT
8
AI4M_01_ATOM_NET
10
3682.752075
20
373.231697
30
0
40
2.5
1
AI4M_line_0232__seg_01_pattern_boundary_pattern_boundary
1001
AI4MANUFACTURING
1000
WRITEBACK_PHASE=01_ATOM_LABEL
1000
ENTITY_ID=line_0232__seg_01
999
AI4M_ENTITY=line_0233__seg_01;LINE_ROLE=pattern_boundary;EDGE=pattern_boundary;SOURCE_LAYER=11
0
POLYLINE
8
AI4M_01_ATOM_NET
66
1
70
0
1001
AI4MANUFACTURING
1000
WRITEBACK_PHASE=01_ATOM
1000
ENTITY_ID=line_0233__seg_01
1000
SOURCE_HANDLE=A33
1000
LINE_ROLE=pattern_boundary
1000
EDGE=pattern_boundary
1000
CHAIN=chain_ms1ultep
1000
PIECE_ID=back_body_manual_01
1000
SEAM_PAIR=
1000
PAIRED_CHAIN=
1000
NOTCH_CHAIN=
1000
NOTCH_SOURCE=
1000
PIECE_ROLE=back_body
1000
SEAM_ALLOWANCE_MM=
1000
SOURCE_LAYER=11
0
VERTEX
8
AI4M_01_ATOM_NET
10
3600
20
344.593506
30
0
0
VERTEX
8
AI4M_01_ATOM_NET
10
3615.189209
20
344.6632
30
0
0
VERTEX
8
AI4M_01_ATOM_NET
10
3625.491028
20
344.82502
30
0
0
VERTEX
8
AI4M_01_ATOM_NET
10
3632.667847
20
345.156403
30
0
0
VERTEX
8
AI4M_01_ATOM_NET
10
3638.614197
20
345.659447
30
0
0
VERTEX
8
AI4M_01_ATOM_NET
10
3643.767395
20
346.326103
30
0
0
VERTEX
8
AI4M_01_ATOM_NET
10
3648.446045
20
347.169418
30
0
0
VERTEX
8
AI4M_01_ATOM_NET
10
3652.687683
20
348.175316
30
0
0
VERTEX
8
AI4M_01_ATOM_NET
10
3656.624146
20
349.356041
30
0
0
VERTEX
8
AI4M_01_ATOM_NET
10
3660.201721
20
350.675163
30
0
0
VERTEX
8
AI4M_01_ATOM_NET
10
3663.413391
20
352.111244
30
0
0
VERTEX
8
AI4M_01_ATOM_NET
10
3666.197205
20
353.611412
30
0
0
VERTEX
8
AI4M_01_ATOM_NET
10
3668.692627
20
355.227165
30
0
0
VERTEX
8
AI4M_01_ATOM_NET
10
3670.923767
20
356.963463
30
0
0
VERTEX
8
AI4M_01_ATOM_NET
10
3673.131714
20
359.010773
30
0
0
VERTEX
8
AI4M_01_ATOM_NET
10
3675.225525
20
361.296196
30
0
0
VERTEX
8
AI4M_01_ATOM_NET
10
3677.243958
20
363.868408
30
0
0
VERTEX
8
AI4M_01_ATOM_NET
10
3679.190369
20
366.751518
30
0
0
VERTEX
8
AI4M_01_ATOM_NET
10
3681.107178
20
370.051575
30
0
0
VERTEX
8
AI4M_01_ATOM_NET
10
3682.752075
20
373.231697
30
0
0
SEQEND
8
AI4M_01_ATOM_NET
0
TEXT
8
AI4M_01_ATOM_NET
10
3600
20
344.593506
30
0
40
2.5
1
AI4M_line_0233__seg_01_pattern_boundary_pattern_boundary
1001
AI4MANUFACTURING
1000
WRITEBACK_PHASE=01_ATOM_LABEL
1000
ENTITY_ID=line_0233__seg_01
999
AI4M_ENTITY=line_0234__seg_01;LINE_ROLE=pattern_boundary;EDGE=pattern_boundary;SOURCE_LAYER=11
0
POLYLINE
8
AI4M_01_ATOM_NET
66
1
70
0
1001
AI4MANUFACTURING
1000
WRITEBACK_PHASE=01_ATOM
1000
ENTITY_ID=line_0234__seg_01
1000
SOURCE_HANDLE=A4A
1000
LINE_ROLE=pattern_boundary
1000
EDGE=pattern_boundary
1000
CHAIN=chain_ms1ultep
1000
PIECE_ID=back_body_manual_01
1000
SEAM_PAIR=
1000
PAIRED_CHAIN=
1000
NOTCH_CHAIN=
1000
NOTCH_SOURCE=
1000
PIECE_ROLE=back_body
1000
SEAM_ALLOWANCE_MM=
1000
SOURCE_LAYER=11
0
VERTEX
8
AI4M_01_ATOM_NET
10
3517.247925
20
373.231697
30
0
0
VERTEX
8
AI4M_01_ATOM_NET
10
3519.666138
20
368.662338
30
0
0
VERTEX
8
AI4M_01_ATOM_NET
10
3521.561584
20
365.585709
30
0
0
VERTEX
8
AI4M_01_ATOM_NET
10
3523.583069
20
362.767181
30
0
0
VERTEX
8
AI4M_01_ATOM_NET
10
3525.689392
20
360.253067
30
0
0
VERTEX
8
AI4M_01_ATOM_NET
10
3527.843628
20
358.063431
30
0
0
VERTEX
8
AI4M_01_ATOM_NET
10
3530.043335
20
356.17218
30
0
0
VERTEX
8
AI4M_01_ATOM_NET
10
3532.327576
20
354.530334
30
0
0
VERTEX
8
AI4M_01_ATOM_NET
10
3534.922791
20
352.97451
30
0
0
VERTEX
8
AI4M_01_ATOM_NET
10
3537.840576
20
351.517677
30
0
0
VERTEX
8
AI4M_01_ATOM_NET
10
3541.228333
20
350.116768
30
0
0
VERTEX
8
AI4M_01_ATOM_NET
10
3544.934692
20
348.857269
30
0
0
VERTEX
8
AI4M_01_ATOM_NET
10
3548.994446
20
347.74601
30
0
0
VERTEX
8
AI4M_01_ATOM_NET
10
3553.401184
20
346.80603
30
0
0
VERTEX
8
AI4M_01_ATOM_NET
10
3558.19397
20
346.043205
30
0
0
VERTEX
8
AI4M_01_ATOM_NET
10
3563.609619
20
345.442009
30
0
0
VERTEX
8
AI4M_01_ATOM_NET
10
3569.880676
20
345.009537
30
0
0
VERTEX
8
AI4M_01_ATOM_NET
10
3577.626953
20
344.747849
30
0
0
VERTEX
8
AI4M_01_ATOM_NET
10
3592.677612
20
344.626732
30
0
0
VERTEX
8
AI4M_01_ATOM_NET
10
3600
20
344.593506
30
0
0
SEQEND
8
AI4M_01_ATOM_NET
0
TEXT
8
AI4M_01_ATOM_NET
10
3517.247925
20
373.231697
30
0
40
2.5
1
AI4M_line_0234__seg_01_pattern_boundary_pattern_boundary
1001
AI4MANUFACTURING
1000
WRITEBACK_PHASE=01_ATOM_LABEL
1000
ENTITY_ID=line_0234__seg_01
999
AI4M_ENTITY=line_0235__seg_01;LINE_ROLE=pattern_boundary;EDGE=pattern_boundary;SOURCE_LAYER=11
0
POLYLINE
8
AI4M_01_ATOM_NET
66
1
70
0
1001
AI4MANUFACTURING
1000
WRITEBACK_PHASE=01_ATOM
1000
ENTITY_ID=line_0235__seg_01
1000
SOURCE_HANDLE=A61
1000
LINE_ROLE=pattern_boundary
1000
EDGE=pattern_boundary
1000
CHAIN=chain_ms1ultep
1000
PIECE_ID=back_body_manual_01
1000
SEAM_PAIR=
1000
PAIRED_CHAIN=
1000
NOTCH_CHAIN=
1000
NOTCH_SOURCE=
1000
PIECE_ROLE=back_body
1000
SEAM_ALLOWANCE_MM=
1000
SOURCE_LAYER=11
0
VERTEX
8
AI4M_01_ATOM_NET
10
3516.447144
20
383.085785
30
0
0
VERTEX
8
AI4M_01_ATOM_NET
10
3516.592407
20
378.672905
30
0
0
VERTEX
8
AI4M_01_ATOM_NET
10
3517.008362
20
374.826088
30
0
0
VERTEX
8
AI4M_01_ATOM_NET
10
3517.247925
20
373.231697
30
0
0
SEQEND
8
AI4M_01_ATOM_NET
0
TEXT
8
AI4M_01_ATOM_NET
10
3516.447144
20
383.085785
30
0
40
2.5
1
AI4M_line_0235__seg_01_pattern_boundary_pattern_boundary
1001
AI4MANUFACTURING
1000
WRITEBACK_PHASE=01_ATOM_LABEL
1000
ENTITY_ID=line_0235__seg_01
999
AI4M_ENTITY=line_0236__seg_01;LINE_ROLE=pattern_boundary;EDGE=pattern_boundary;SOURCE_LAYER=11
0
POLYLINE
8
AI4M_01_ATOM_NET
66
1
70
0
1001
AI4MANUFACTURING
1000
WRITEBACK_PHASE=01_ATOM
1000
ENTITY_ID=line_0236__seg_01
1000
SOURCE_HANDLE=A68
1000
LINE_ROLE=pattern_boundary
1000
EDGE=pattern_boundary
1000
CHAIN=chain_ms1ultep
1000
PIECE_ID=back_body_manual_01
1000
SEAM_PAIR=
1000
PAIRED_CHAIN=
1000
NOTCH_CHAIN=
1000
NOTCH_SOURCE=
1000
PIECE_ROLE=back_body
1000
SEAM_ALLOWANCE_MM=
1000
SOURCE_LAYER=11
0
VERTEX
8
AI4M_01_ATOM_NET
10
3076.867065
20
216.390228
30
0
0
VERTEX
8
AI4M_01_ATOM_NET
10
3091.006775
20
222.870808
30
0
0
VERTEX
8
AI4M_01_ATOM_NET
10
3104.927979
20
229.23563
30
0
0
VERTEX
8
AI4M_01_ATOM_NET
10
3118.849182
20
235.602779
30
0
0
VERTEX
8
AI4M_01_ATOM_NET
10
3132.57019
20
241.894627
30
0
0
VERTEX
8
AI4M_01_ATOM_NET
10
3146.476135
20
248.295193
30
0
0
VERTEX
8
AI4M_01_ATOM_NET
10
3160.380554
20
254.69944
30
0
0
VERTEX
8
AI4M_01_ATOM_NET
10
3174.292908
20
261.085453
30
0
0
VERTEX
8
AI4M_01_ATOM_NET
10
3188.109741
20
267.385273
30
0
0
VERTEX
8
AI4M_01_ATOM_NET
10
3202.070618
20
273.749542
30
0
0
VERTEX
8
AI4M_01_ATOM_NET
10
3215.997314
20
280.104752
30
0
0
VERTEX
8
AI4M_01_ATOM_NET
10
3229.937134
20
286.405602
30
0
0
VERTEX
8
AI4M_01_ATOM_NET
10
3243.926697
20
292.621498
30
0
0
VERTEX
8
AI4M_01_ATOM_NET
10
3257.87323
20
298.700848
30
0
0
VERTEX
8
AI4M_01_ATOM_NET
10
3271.954041
20
304.706917
30
0
0
VERTEX
8
AI4M_01_ATOM_NET
10
3286.144409
20
310.599384
30
0
0
VERTEX
8
AI4M_01_ATOM_NET
10
3300.345459
20
316.315479
30
0
0
VERTEX
8
AI4M_01_ATOM_NET
10
3314.485779
20
321.818504
30
0
0
VERTEX
8
AI4M_01_ATOM_NET
10
3328.537598
20
327.098351
30
0
0
VERTEX
8
AI4M_01_ATOM_NET
10
3342.929077
20
332.316437
30
0
0
VERTEX
8
AI4M_01_ATOM_NET
10
3357.489319
20
337.400742
30
0
0
VERTEX
8
AI4M_01_ATOM_NET
10
3369.351807
20
341.310043
30
0
0
VERTEX
8
AI4M_01_ATOM_NET
10
3383.779297
20
345.868492
30
0
0
VERTEX
8
AI4M_01_ATOM_NET
10
3396.170654
20
349.664421
30
0
0
VERTEX
8
AI4M_01_ATOM_NET
10
3410.683594
20
353.883133
30
0
0
VERTEX
8
AI4M_01_ATOM_NET
10
3425.400391
20
358.099213
30
0
0
VERTEX
8
AI4M_01_ATOM_NET
10
3440.126648
20
362.279053
30
0
0
VERTEX
8
AI4M_01_ATOM_NET
10
3454.824219
20
366.391945
30
0
0
VERTEX
8
AI4M_01_ATOM_NET
10
3469.58374
20
370.454407
30
0
0
VERTEX
8
AI4M_01_ATOM_NET
10
3484.356384
20
374.467964
30
0
0
VERTEX
8
AI4M_01_ATOM_NET
10
3498.875732
20
378.378868
30
0
0
VERTEX
8
AI4M_01_ATOM_NET
10
3513.312378
20
382.247849
30
0
0
VERTEX
8
AI4M_01_ATOM_NET
10
3516.447144
20
383.085785
30
0
0
SEQEND
8
AI4M_01_ATOM_NET
0
TEXT
8
AI4M_01_ATOM_NET
10
3076.867065
20
216.390228
30
0
40
2.5
1
AI4M_line_0236__seg_01_pattern_boundary_pattern_boundary
1001
AI4MANUFACTURING
1000
WRITEBACK_PHASE=01_ATOM_LABEL
1000
ENTITY_ID=line_0236__seg_01
999
AI4M_ENTITY=line_0237;LINE_ROLE=pattern_boundary;EDGE=pattern_boundary;SOURCE_LAYER=11
0
POLYLINE
8
AI4M_01_ATOM_NET
66
1
70
0
1001
AI4MANUFACTURING
1000
WRITEBACK_PHASE=01_ATOM
1000
ENTITY_ID=line_0237
1000
SOURCE_HANDLE=A8C
1000
LINE_ROLE=pattern_boundary
1000
EDGE=pattern_boundary
1000
CHAIN=chain_ms1ultep
1000
PIECE_ID=back_body_manual_01
1000
SEAM_PAIR=
1000
PAIRED_CHAIN=
1000
NOTCH_CHAIN=
1000
NOTCH_SOURCE=
1000
PIECE_ROLE=back_body
1000
SEAM_ALLOWANCE_MM=
1000
SOURCE_LAYER=11
0
VERTEX
8
AI4M_01_ATOM_NET
10
3081.033325
20
207.308216
30
0
0
VERTEX
8
AI4M_01_ATOM_NET
10
3076.867065
20
216.390228
30
0
0
SEQEND
8
AI4M_01_ATOM_NET
0
TEXT
8
AI4M_01_ATOM_NET
10
3081.033325
20
207.308216
30
0
40
2.5
1
AI4M_line_0237_pattern_boundary_pattern_boundary
1001
AI4MANUFACTURING
1000
WRITEBACK_PHASE=01_ATOM_LABEL
1000
ENTITY_ID=line_0237
999
AI4M_ENTITY=line_0238__seg_01;LINE_ROLE=pattern_boundary;EDGE=pattern_boundary;SOURCE_LAYER=11
0
POLYLINE
8
AI4M_01_ATOM_NET
66
1
70
0
1001
AI4MANUFACTURING
1000
WRITEBACK_PHASE=01_ATOM
1000
ENTITY_ID=line_0238__seg_01
1000
SOURCE_HANDLE=A91
1000
LINE_ROLE=pattern_boundary
1000
EDGE=pattern_boundary
1000
CHAIN=chain_ms1ultep
1000
PIECE_ID=back_body_manual_01
1000
SEAM_PAIR=
1000
PAIRED_CHAIN=
1000
NOTCH_CHAIN=
1000
NOTCH_SOURCE=
1000
PIECE_ROLE=back_body
1000
SEAM_ALLOWANCE_MM=
1000
SOURCE_LAYER=11
0
VERTEX
8
AI4M_01_ATOM_NET
10
3135.877075
20
87.46932
30
0
0
VERTEX
8
AI4M_01_ATOM_NET
10
3130.45166
20
101.668797
30
0
0
VERTEX
8
AI4M_01_ATOM_NET
10
3124.76532
20
115.83889
30
0
0
VERTEX
8
AI4M_01_ATOM_NET
10
3118.969116
20
129.731483
30
0
0
VERTEX
8
AI4M_01_ATOM_NET
10
3113.05603
20
143.315744
30
0
0
VERTEX
8
AI4M_01_ATOM_NET
10
3107.621765
20
155.204315
30
0
0
VERTEX
8
AI4M_01_ATOM_NET
10
3101.211548
20
168.592224
30
0
0
VERTEX
8
AI4M_01_ATOM_NET
10
3095.744934
20
179.513702
30
0
0
VERTEX
8
AI4M_01_ATOM_NET
10
3088.70697
20
192.835045
30
0
0
VERTEX
8
AI4M_01_ATOM_NET
10
3081.730042
20
205.989838
30
0
0
VERTEX
8
AI4M_01_ATOM_NET
10
3081.033325
20
207.308216
30
0
0
SEQEND
8
AI4M_01_ATOM_NET
0
TEXT
8
AI4M_01_ATOM_NET
10
3135.877075
20
87.46932
30
0
40
2.5
1
AI4M_line_0238__seg_01_pattern_boundary_pattern_boundary
1001
AI4MANUFACTURING
1000
WRITEBACK_PHASE=01_ATOM_LABEL
1000
ENTITY_ID=line_0238__seg_01
999
AI4M_ENTITY=line_0239__seg_01;LINE_ROLE=pattern_boundary;EDGE=pattern_boundary;SOURCE_LAYER=11
0
POLYLINE
8
AI4M_01_ATOM_NET
66
1
70
0
1001
AI4MANUFACTURING
1000
WRITEBACK_PHASE=01_ATOM
1000
ENTITY_ID=line_0239__seg_01
1000
SOURCE_HANDLE=A9F
1000
LINE_ROLE=pattern_boundary
1000
EDGE=pattern_boundary
1000
CHAIN=chain_ms1ultep
1000
PIECE_ID=back_body_manual_01
1000
SEAM_PAIR=
1000
PAIRED_CHAIN=
1000
NOTCH_CHAIN=
1000
NOTCH_SOURCE=
1000
PIECE_ROLE=back_body
1000
SEAM_ALLOWANCE_MM=
1000
SOURCE_LAYER=11
0
VERTEX
8
AI4M_01_ATOM_NET
10
3135.289001
20
76.914234
30
0
0
VERTEX
8
AI4M_01_ATOM_NET
10
3135.82428
20
86.259422
30
0
0
VERTEX
8
AI4M_01_ATOM_NET
10
3135.877075
20
87.46932
30
0
0
SEQEND
8
AI4M_01_ATOM_NET
0
TEXT
8
AI4M_01_ATOM_NET
10
3135.289001
20
76.914234
30
0
40
2.5
1
AI4M_line_0239__seg_01_pattern_boundary_pattern_boundary
1001
AI4MANUFACTURING
1000
WRITEBACK_PHASE=01_ATOM_LABEL
1000
ENTITY_ID=line_0239__seg_01
999
AI4M_ENTITY=line_0240__seg_01;LINE_ROLE=pattern_boundary;EDGE=pattern_boundary;SOURCE_LAYER=11
0
POLYLINE
8
AI4M_01_ATOM_NET
66
1
70
0
1001
AI4MANUFACTURING
1000
WRITEBACK_PHASE=01_ATOM
1000
ENTITY_ID=line_0240__seg_01
1000
SOURCE_HANDLE=AA5
1000
LINE_ROLE=pattern_boundary
1000
EDGE=pattern_boundary
1000
CHAIN=chain_ms1ultep
1000
PIECE_ID=back_body_manual_01
1000
SEAM_PAIR=
1000
PAIRED_CHAIN=
1000
NOTCH_CHAIN=
1000
NOTCH_SOURCE=
1000
PIECE_ROLE=back_body
1000
SEAM_ALLOWANCE_MM=
1000
SOURCE_LAYER=11
0
VERTEX
8
AI4M_01_ATOM_NET
10
3600.001831
20
124.593143
30
0
0
VERTEX
8
AI4M_01_ATOM_NET
10
3584.303284
20
124.490328
30
0
0
VERTEX
8
AI4M_01_ATOM_NET
10
3568.959351
20
124.328432
30
0
0
VERTEX
8
AI4M_01_ATOM_NET
10
3553.49762
20
124.088402
30
0
0
VERTEX
8
AI4M_01_ATOM_NET
10
3538.48938
20
123.780279
30
0
0
VERTEX
8
AI4M_01_ATOM_NET
10
3523.031006
20
123.383179
30
0
0
VERTEX
8
AI4M_01_ATOM_NET
10
3507.872009
20
122.911253
30
0
0
VERTEX
8
AI4M_01_ATOM_NET
10
3492.418823
20
122.342196
30
0
0
VERTEX
8
AI4M_01_ATOM_NET
10
3476.969299
20
121.68129
30
0
0
VERTEX
8
AI4M_01_ATOM_NET
10
3461.690063
20
120.932894
30
0
0
VERTEX
8
AI4M_01_ATOM_NET
10
3446.25061
20
120.069551
30
0
0
VERTEX
8
AI4M_01_ATOM_NET
10
3430.87738
20
119.094286
30
0
0
VERTEX
8
AI4M_01_ATOM_NET
10
3415.45105
20
118.018732
30
0
0
VERTEX
8
AI4M_01_ATOM_NET
10
3400.102844
20
116.861353
30
0
0
VERTEX
8
AI4M_01_ATOM_NET
10
3384.697876
20
115.516634
30
0
0
VERTEX
8
AI4M_01_ATOM_NET
10
3369.541626
20
114.044724
30
0
0
VERTEX
8
AI4M_01_ATOM_NET
10
3354.534912
20
112.544403
30
0
0
VERTEX
8
AI4M_01_ATOM_NET
10
3339.165955
20
110.837345
30
0
0
VERTEX
8
AI4M_01_ATOM_NET
10
3323.825378
20
108.97397
30
0
0
VERTEX
8
AI4M_01_ATOM_NET
10
3308.491821
20
106.972923
30
0
0
VERTEX
8
AI4M_01_ATOM_NET
10
3293.206177
20
104.823675
30
0
0
VERTEX
8
AI4M_01_ATOM_NET
10
3277.915649
20
102.515421
30
0
0
VERTEX
8
AI4M_01_ATOM_NET
10
3262.681885
20
100.07205
30
0
0
VERTEX
8
AI4M_01_ATOM_NET
10
3247.433472
20
97.502871
30
0
0
VERTEX
8
AI4M_01_ATOM_NET
10
3232.303467
20
94.854956
30
0
0
VERTEX
8
AI4M_01_ATOM_NET
10
3217.084351
20
92.117186
30
0
0
VERTEX
8
AI4M_01_ATOM_NET
10
3201.964722
20
89.349337
30
0
0
VERTEX
8
AI4M_01_ATOM_NET
10
3186.87561
20
86.56168
30
0
0
VERTEX
8
AI4M_01_ATOM_NET
10
3172.017212
20
83.79981
30
0
0
VERTEX
8
AI4M_01_ATOM_NET
10
3157.070618
20
81.007547
30
0
0
VERTEX
8
AI4M_01_ATOM_NET
10
3142.23877
20
78.223791
30
0
0
VERTEX
8
AI4M_01_ATOM_NET
10
3135.289001
20
76.914234
30
0
0
SEQEND
8
AI4M_01_ATOM_NET
0
TEXT
8
AI4M_01_ATOM_NET
10
3600.001831
20
124.593143
30
0
40
2.5
1
AI4M_line_0240__seg_01_pattern_boundary_pattern_boundary
1001
AI4MANUFACTURING
1000
WRITEBACK_PHASE=01_ATOM_LABEL
1000
ENTITY_ID=line_0240__seg_01
999
AI4M_ENTITY=line_0241;LINE_ROLE=cut_line;EDGE=unknown;SOURCE_LAYER=11
0
POLYLINE
8
AI4M_01_ATOM_CUT
66
1
70
0
1001
AI4MANUFACTURING
1000
WRITEBACK_PHASE=01_ATOM
1000
ENTITY_ID=line_0241
1000
SOURCE_HANDLE=AC8
1000
LINE_ROLE=cut_line
1000
EDGE=unknown
1000
CHAIN=chain_ms1ultep
1000
PIECE_ID=back_body_manual_01
1000
SEAM_PAIR=
1000
PAIRED_CHAIN=
1000
NOTCH_CHAIN=
1000
NOTCH_SOURCE=
1000
PIECE_ROLE=back_body
1000
SEAM_ALLOWANCE_MM=
1000
SOURCE_LAYER=11
0
VERTEX
8
AI4M_01_ATOM_CUT
10
3609.152222
20
237.194405
30
0
0
VERTEX
8
AI4M_01_ATOM_CUT
10
3609.152222
20
175.089417
30
0
0
SEQEND
8
AI4M_01_ATOM_CUT
0
TEXT
8
AI4M_01_ATOM_CUT
10
3609.152222
20
237.194405
30
0
40
2.5
1
AI4M_line_0241_cut_line_unknown
1001
AI4MANUFACTURING
1000
WRITEBACK_PHASE=01_ATOM_LABEL
1000
ENTITY_ID=line_0241
999
AI4M_ENTITY=line_0242;LINE_ROLE=cut_line;EDGE=unknown;SOURCE_LAYER=11
0
POLYLINE
8
AI4M_01_ATOM_CUT
66
1
70
0
1001
AI4MANUFACTURING
1000
WRITEBACK_PHASE=01_ATOM
1000
ENTITY_ID=line_0242
1000
SOURCE_HANDLE=AC9
1000
LINE_ROLE=cut_line
1000
EDGE=unknown
1000
CHAIN=chain_ms1ultep
1000
PIECE_ID=back_body_manual_01
1000
SEAM_PAIR=
1000
PAIRED_CHAIN=
1000
NOTCH_CHAIN=
1000
NOTCH_SOURCE=
1000
PIECE_ROLE=back_body
1000
SEAM_ALLOWANCE_MM=
1000
SOURCE_LAYER=11
0
VERTEX
8
AI4M_01_ATOM_CUT
10
3609.152222
20
175.089417
30
0
0
VERTEX
8
AI4M_01_ATOM_CUT
10
3611.253635
20
187.331363
30
0
0
SEQEND
8
AI4M_01_ATOM_CUT
0
TEXT
8
AI4M_01_ATOM_CUT
10
3609.152222
20
175.089417
30
0
40
2.5
1
AI4M_line_0242_cut_line_unknown
1001
AI4MANUFACTURING
1000
WRITEBACK_PHASE=01_ATOM_LABEL
1000
ENTITY_ID=line_0242
999
AI4M_ENTITY=line_0243;LINE_ROLE=cut_line;EDGE=unknown;SOURCE_LAYER=11
0
POLYLINE
8
AI4M_01_ATOM_CUT
66
1
70
0
1001
AI4MANUFACTURING
1000
WRITEBACK_PHASE=01_ATOM
1000
ENTITY_ID=line_0243
1000
SOURCE_HANDLE=ACA
1000
LINE_ROLE=cut_line
1000
EDGE=unknown
1000
CHAIN=chain_ms1ultep
1000
PIECE_ID=back_body_manual_01
1000
SEAM_PAIR=
1000
PAIRED_CHAIN=
1000
NOTCH_CHAIN=
1000
NOTCH_SOURCE=
1000
PIECE_ROLE=back_body
1000
SEAM_ALLOWANCE_MM=
1000
SOURCE_LAYER=11
0
VERTEX
8
AI4M_01_ATOM_CUT
10
3609.152222
20
175.089417
30
0
0
VERTEX
8
AI4M_01_ATOM_CUT
10
3609.152222
20
175.089417
30
0
0
SEQEND
8
AI4M_01_ATOM_CUT
0
TEXT
8
AI4M_01_ATOM_CUT
10
3609.152222
20
175.089417
30
0
40
2.5
1
AI4M_line_0243_cut_line_unknown
1001
AI4MANUFACTURING
1000
WRITEBACK_PHASE=01_ATOM_LABEL
1000
ENTITY_ID=line_0243
999
AI4M_ENTITY=line_0249;LINE_ROLE=cut_line;EDGE=unknown;SOURCE_LAYER=11
0
POLYLINE
8
AI4M_01_ATOM_CUT
66
1
70
0
1001
AI4MANUFACTURING
1000
WRITEBACK_PHASE=01_ATOM
1000
ENTITY_ID=line_0249
1000
SOURCE_HANDLE=AD0
1000
LINE_ROLE=cut_line
1000
EDGE=unknown
1000
CHAIN=chain_ms1ulzc4
1000
PIECE_ID=back_body_manual_01
1000
SEAM_PAIR=
1000
PAIRED_CHAIN=
1000
NOTCH_CHAIN=
1000
NOTCH_SOURCE=
1000
PIECE_ROLE=back_body
1000
SEAM_ALLOWANCE_MM=
1000
SOURCE_LAYER=11
0
VERTEX
8
AI4M_01_ATOM_CUT
10
5123.500977
20
308.812008
30
0
0
VERTEX
8
AI4M_01_ATOM_CUT
10
5128.278198
20
299.11293
30
0
0
SEQEND
8
AI4M_01_ATOM_CUT
0
TEXT
8
AI4M_01_ATOM_CUT
10
5123.500977
20
308.812008
30
0
40
2.5
1
AI4M_line_0249_cut_line_unknown
1001
AI4MANUFACTURING
1000
WRITEBACK_PHASE=01_ATOM_LABEL
1000
ENTITY_ID=line_0249
999
AI4M_ENTITY=line_0250__seg_01;LINE_ROLE=cut_line;EDGE=unknown;SOURCE_LAYER=11
0
POLYLINE
8
AI4M_01_ATOM_CUT
66
1
70
0
1001
AI4MANUFACTURING
1000
WRITEBACK_PHASE=01_ATOM
1000
ENTITY_ID=line_0250__seg_01
1000
SOURCE_HANDLE=AD5
1000
LINE_ROLE=cut_line
1000
EDGE=unknown
1000
CHAIN=chain_ms1ulzc4
1000
PIECE_ID=back_body_manual_01
1000
SEAM_PAIR=
1000
PAIRED_CHAIN=
1000
NOTCH_CHAIN=
1000
NOTCH_SOURCE=
1000
PIECE_ROLE=back_body
1000
SEAM_ALLOWANCE_MM=
1000
SOURCE_LAYER=11
0
VERTEX
8
AI4M_01_ATOM_CUT
10
5128.278198
20
299.11293
30
0
0
VERTEX
8
AI4M_01_ATOM_CUT
10
5119.383337
20
298.279721
30
0
0
VERTEX
8
AI4M_01_ATOM_CUT
10
5112.061397
20
297.346717
30
0
0
VERTEX
8
AI4M_01_ATOM_CUT
10
5105.157166
20
296.218033
30
0
0
SEQEND
8
AI4M_01_ATOM_CUT
0
TEXT
8
AI4M_01_ATOM_CUT
10
5128.278198
20
299.11293
30
0
40
2.5
1
AI4M_line_0250__seg_01_cut_line_unknown
1001
AI4MANUFACTURING
1000
WRITEBACK_PHASE=01_ATOM_LABEL
1000
ENTITY_ID=line_0250__seg_01
999
AI4M_ENTITY=line_0251__seg_01;LINE_ROLE=cut_line;EDGE=unknown;SOURCE_LAYER=11
0
POLYLINE
8
AI4M_01_ATOM_CUT
66
1
70
0
1001
AI4MANUFACTURING
1000
WRITEBACK_PHASE=01_ATOM
1000
ENTITY_ID=line_0251__seg_01
1000
SOURCE_HANDLE=ADC
1000
LINE_ROLE=cut_line
1000
EDGE=unknown
1000
CHAIN=chain_ms1ulzc4
1000
PIECE_ID=back_body_manual_01
1000
SEAM_PAIR=
1000
PAIRED_CHAIN=
1000
NOTCH_CHAIN=
1000
NOTCH_SOURCE=
1000
PIECE_ROLE=back_body
1000
SEAM_ALLOWANCE_MM=
1000
SOURCE_LAYER=11
0
VERTEX
8
AI4M_01_ATOM_CUT
10
5105.157166
20
296.218033
30
0
0
VERTEX
8
AI4M_01_ATOM_CUT
10
5099.804028
20
294.765721
30
0
0
VERTEX
8
AI4M_01_ATOM_CUT
10
5094.496908
20
293.052016
30
0
0
VERTEX
8
AI4M_01_ATOM_CUT
10
5090.297739
20
291.462324
30
0
0
VERTEX
8
AI4M_01_ATOM_CUT
10
5086.462829
20
289.745525
30
0
0
VERTEX
8
AI4M_01_ATOM_CUT
10
5082.937945
20
287.89518
30
0
0
VERTEX
8
AI4M_01_ATOM_CUT
10
5079.753639
20
285.943575
30
0
0
VERTEX
8
AI4M_01_ATOM_CUT
10
5076.946464
20
283.938748
30
0
0
VERTEX
8
AI4M_01_ATOM_CUT
10
5074.280855
20
281.727697
30
0
0
VERTEX
8
AI4M_01_ATOM_CUT
10
5071.680135
20
279.235793
30
0
0
VERTEX
8
AI4M_01_ATOM_CUT
10
5069.180679
20
276.488665
30
0
0
VERTEX
8
AI4M_01_ATOM_CUT
10
5066.709076
20
273.384589
30
0
0
VERTEX
8
AI4M_01_ATOM_CUT
10
5064.365777
20
270.031745
30
0
0
VERTEX
8
AI4M_01_ATOM_CUT
10
5062.085826
20
266.324464
30
0
0
VERTEX
8
AI4M_01_ATOM_CUT
10
5059.890337
20
262.264056
30
0
0
VERTEX
8
AI4M_01_ATOM_CUT
10
5057.902459
20
258.065299
30
0
0
VERTEX
8
AI4M_01_ATOM_CUT
10
5055.893643
20
253.216599
30
0
0
VERTEX
8
AI4M_01_ATOM_CUT
10
5053.997927
20
247.997613
30
0
0
VERTEX
8
AI4M_01_ATOM_CUT
10
5052.354146
20
242.749226
30
0
0
VERTEX
8
AI4M_01_ATOM_CUT
10
5050.772651
20
236.842062
30
0
0
VERTEX
8
AI4M_01_ATOM_CUT
10
5049.483135
20
231.133604
30
0
0
VERTEX
8
AI4M_01_ATOM_CUT
10
5048.126842
20
223.635625
30
0
0
VERTEX
8
AI4M_01_ATOM_CUT
10
5047.003914
20
216.875966
30
0
0
VERTEX
8
AI4M_01_ATOM_CUT
10
5046.028688
20
208.981151
30
0
0
VERTEX
8
AI4M_01_ATOM_CUT
10
5044.627667
20
195.876141
30
0
0
VERTEX
8
AI4M_01_ATOM_CUT
10
5043.405946
20
180.811133
30
0
0
VERTEX
8
AI4M_01_ATOM_CUT
10
5042.903677
20
173.059269
30
0
0
VERTEX
8
AI4M_01_ATOM_CUT
10
5042.087234
20
158.026662
30
0
0
VERTEX
8
AI4M_01_ATOM_CUT
10
5041.502746
20
144.22854
30
0
0
VERTEX
8
AI4M_01_ATOM_CUT
10
5041.072849
20
129.14887
30
0
0
VERTEX
8
AI4M_01_ATOM_CUT
10
5040.742485
20
114.043191
30
0
0
VERTEX
8
AI4M_01_ATOM_CUT
10
5040.473204
20
99.036253
30
0
0
VERTEX
8
AI4M_01_ATOM_CUT
10
5040.381775
20
93.069115
30
0
0
SEQEND
8
AI4M_01_ATOM_CUT
0
TEXT
8
AI4M_01_ATOM_CUT
10
5105.157166
20
296.218033
30
0
40
2.5
1
AI4M_line_0251__seg_01_cut_line_unknown
1001
AI4MANUFACTURING
1000
WRITEBACK_PHASE=01_ATOM_LABEL
1000
ENTITY_ID=line_0251__seg_01
999
AI4M_ENTITY=line_0252;LINE_ROLE=cut_line;EDGE=unknown;SOURCE_LAYER=11
0
POLYLINE
8
AI4M_01_ATOM_CUT
66
1
70
0
1001
AI4MANUFACTURING
1000
WRITEBACK_PHASE=01_ATOM
1000
ENTITY_ID=line_0252
1000
SOURCE_HANDLE=B00
1000
LINE_ROLE=cut_line
1000
EDGE=unknown
1000
CHAIN=chain_ms1ulzc4
1000
PIECE_ID=back_body_manual_01
1000
SEAM_PAIR=
1000
PAIRED_CHAIN=
1000
NOTCH_CHAIN=
1000
NOTCH_SOURCE=
1000
PIECE_ROLE=back_body
1000
SEAM_ALLOWANCE_MM=
1000
SOURCE_LAYER=11
0
VERTEX
8
AI4M_01_ATOM_CUT
10
5058.571846
20
253.198919
30
0
0
VERTEX
8
AI4M_01_ATOM_CUT
10
5053.981267
20
255.180482
30
0
0
SEQEND
8
AI4M_01_ATOM_CUT
0
TEXT
8
AI4M_01_ATOM_CUT
10
5058.571846
20
253.198919
30
0
40
2.5
1
AI4M_line_0252_cut_line_unknown
1001
AI4MANUFACTURING
1000
WRITEBACK_PHASE=01_ATOM_LABEL
1000
ENTITY_ID=line_0252
999
AI4M_ENTITY=line_0253;LINE_ROLE=cut_line;EDGE=unknown;SOURCE_LAYER=11
0
POLYLINE
8
AI4M_01_ATOM_CUT
66
1
70
0
1001
AI4MANUFACTURING
1000
WRITEBACK_PHASE=01_ATOM
1000
ENTITY_ID=line_0253
1000
SOURCE_HANDLE=B01
1000
LINE_ROLE=cut_line
1000
EDGE=unknown
1000
CHAIN=chain_ms1ulzc4
1000
PIECE_ID=back_body_manual_01
1000
SEAM_PAIR=
1000
PAIRED_CHAIN=
1000
NOTCH_CHAIN=
1000
NOTCH_SOURCE=
1000
PIECE_ROLE=back_body
1000
SEAM_ALLOWANCE_MM=
1000
SOURCE_LAYER=11
0
VERTEX
8
AI4M_01_ATOM_CUT
10
5050.22874
20
221.150717
30
0
0
VERTEX
8
AI4M_01_ATOM_CUT
10
5045.306089
20
222.02679
30
0
0
SEQEND
8
AI4M_01_ATOM_CUT
0
TEXT
8
AI4M_01_ATOM_CUT
10
5050.22874
20
221.150717
30
0
40
2.5
1
AI4M_line_0253_cut_line_unknown
1001
AI4MANUFACTURING
1000
WRITEBACK_PHASE=01_ATOM_LABEL
1000
ENTITY_ID=line_0253
999
AI4M_ENTITY=line_0254;LINE_ROLE=cut_line;EDGE=unknown;SOURCE_LAYER=11
0
POLYLINE
8
AI4M_01_ATOM_CUT
66
1
70
0
1001
AI4MANUFACTURING
1000
WRITEBACK_PHASE=01_ATOM
1000
ENTITY_ID=line_0254
1000
SOURCE_HANDLE=B02
1000
LINE_ROLE=cut_line
1000
EDGE=unknown
1000
CHAIN=chain_ms1ulzc4
1000
PIECE_ID=back_body_manual_01
1000
SEAM_PAIR=
1000
PAIRED_CHAIN=
1000
NOTCH_CHAIN=
1000
NOTCH_SOURCE=
1000
PIECE_ROLE=back_body
1000
SEAM_ALLOWANCE_MM=
1000
SOURCE_LAYER=11
0
VERTEX
8
AI4M_01_ATOM_CUT
10
5046.479558
20
187.793864
30
0
0
VERTEX
8
AI4M_01_ATOM_CUT
10
5041.494297
20
188.177491
30
0
0
SEQEND
8
AI4M_01_ATOM_CUT
0
TEXT
8
AI4M_01_ATOM_CUT
10
5046.479558
20
187.793864
30
0
40
2.5
1
AI4M_line_0254_cut_line_unknown
1001
AI4MANUFACTURING
1000
WRITEBACK_PHASE=01_ATOM_LABEL
1000
ENTITY_ID=line_0254
999
AI4M_ENTITY=line_0255;LINE_ROLE=cut_line;EDGE=unknown;SOURCE_LAYER=11
0
POLYLINE
8
AI4M_01_ATOM_CUT
66
1
70
0
1001
AI4MANUFACTURING
1000
WRITEBACK_PHASE=01_ATOM
1000
ENTITY_ID=line_0255
1000
SOURCE_HANDLE=B03
1000
LINE_ROLE=cut_line
1000
EDGE=unknown
1000
CHAIN=chain_ms1ulzc4
1000
PIECE_ID=back_body_manual_01
1000
SEAM_PAIR=
1000
PAIRED_CHAIN=
1000
NOTCH_CHAIN=
1000
NOTCH_SOURCE=
1000
PIECE_ROLE=back_body
1000
SEAM_ALLOWANCE_MM=
1000
SOURCE_LAYER=11
0
VERTEX
8
AI4M_01_ATOM_CUT
10
5045.358321
20
172.120633
30
0
0
VERTEX
8
AI4M_01_ATOM_CUT
10
5040.36559
20
172.39016
30
0
0
SEQEND
8
AI4M_01_ATOM_CUT
0
TEXT
8
AI4M_01_ATOM_CUT
10
5045.358321
20
172.120633
30
0
40
2.5
1
AI4M_line_0255_cut_line_unknown
1001
AI4MANUFACTURING
1000
WRITEBACK_PHASE=01_ATOM_LABEL
1000
ENTITY_ID=line_0255
999
AI4M_ENTITY=line_0256;LINE_ROLE=cut_line;EDGE=unknown;SOURCE_LAYER=11
0
POLYLINE
8
AI4M_01_ATOM_CUT
66
1
70
0
1001
AI4MANUFACTURING
1000
WRITEBACK_PHASE=01_ATOM
1000
ENTITY_ID=line_0256
1000
SOURCE_HANDLE=B04
1000
LINE_ROLE=cut_line
1000
EDGE=unknown
1000
CHAIN=chain_ms1ulzc4
1000
PIECE_ID=back_body_manual_01
1000
SEAM_PAIR=
1000
PAIRED_CHAIN=
1000
NOTCH_CHAIN=
1000
NOTCH_SOURCE=
1000
PIECE_ROLE=back_body
1000
SEAM_ALLOWANCE_MM=
1000
SOURCE_LAYER=11
0
VERTEX
8
AI4M_01_ATOM_CUT
10
5040.381775
20
93.069115
30
0
0
VERTEX
8
AI4M_01_ATOM_CUT
10
5041.020508
20
83.110123
30
0
0
SEQEND
8
AI4M_01_ATOM_CUT
0
TEXT
8
AI4M_01_ATOM_CUT
10
5040.381775
20
93.069115
30
0
40
2.5
1
AI4M_line_0256_cut_line_unknown
1001
AI4MANUFACTURING
1000
WRITEBACK_PHASE=01_ATOM_LABEL
1000
ENTITY_ID=line_0256
999
AI4M_ENTITY=line_0257__seg_01;LINE_ROLE=cut_line;EDGE=unknown;SOURCE_LAYER=11
0
POLYLINE
8
AI4M_01_ATOM_CUT
66
1
70
0
1001
AI4MANUFACTURING
1000
WRITEBACK_PHASE=01_ATOM
1000
ENTITY_ID=line_0257__seg_01
1000
SOURCE_HANDLE=B09
1000
LINE_ROLE=cut_line
1000
EDGE=unknown
1000
CHAIN=chain_ms1ulzc4
1000
PIECE_ID=back_body_manual_01
1000
SEAM_PAIR=
1000
PAIRED_CHAIN=
1000
NOTCH_CHAIN=
1000
NOTCH_SOURCE=
1000
PIECE_ROLE=back_body
1000
SEAM_ALLOWANCE_MM=
1000
SOURCE_LAYER=11
0
VERTEX
8
AI4M_01_ATOM_CUT
10
5041.020508
20
83.110123
30
0
0
VERTEX
8
AI4M_01_ATOM_CUT
10
5024.944798
20
82.705981
30
0
0
VERTEX
8
AI4M_01_ATOM_CUT
10
5009.603723
20
82.321498
30
0
0
VERTEX
8
AI4M_01_ATOM_CUT
10
4993.95547
20
81.931937
30
0
0
VERTEX
8
AI4M_01_ATOM_CUT
10
4978.307088
20
81.54696
30
0
0
VERTEX
8
AI4M_01_ATOM_CUT
10
4963.2781
20
81.183376
30
0
0
VERTEX
8
AI4M_01_ATOM_CUT
10
4947.629386
20
80.813999
30
0
0
VERTEX
8
AI4M_01_ATOM_CUT
10
4931.980365
20
80.458242
30
0
0
VERTEX
8
AI4M_01_ATOM_CUT
10
4916.207209
20
80.117935
30
0
0
VERTEX
8
AI4M_01_ATOM_CUT
10
4900.557252
20
79.802772
30
0
0
VERTEX
8
AI4M_01_ATOM_CUT
10
4884.90678
20
79.514082
30
0
0
VERTEX
8
AI4M_01_ATOM_CUT
10
4869.2558
20
79.255892
30
0
0
VERTEX
8
AI4M_01_ATOM_CUT
10
4853.729493
20
79.033555
30
0
0
VERTEX
8
AI4M_01_ATOM_CUT
10
4838.077578
20
78.843726
30
0
0
VERTEX
8
AI4M_01_ATOM_CUT
10
4822.425295
20
78.686478
30
0
0
VERTEX
8
AI4M_01_ATOM_CUT
10
4807.303829
20
78.563717
30
0
0
VERTEX
8
AI4M_01_ATOM_CUT
10
4791.651044
20
78.464655
30
0
0
VERTEX
8
AI4M_01_ATOM_CUT
10
4775.998106
20
78.391605
30
0
0
VERTEX
8
AI4M_01_ATOM_CUT
10
4760.373495
20
78.342109
30
0
0
VERTEX
8
AI4M_01_ATOM_CUT
10
4745.068559
20
78.312732
30
0
0
VERTEX
8
AI4M_01_ATOM_CUT
10
4729.867972
20
78.297894
30
0
0
VERTEX
8
AI4M_01_ATOM_CUT
10
4715.085863
20
78.295344
30
0
0
VERTEX
8
AI4M_01_ATOM_CUT
10
4710.000916
20
78.297563
30
0
0
SEQEND
8
AI4M_01_ATOM_CUT
0
TEXT
8
AI4M_01_ATOM_CUT
10
5041.020508
20
83.110123
30
0
40
2.5
1
AI4M_line_0257__seg_01_cut_line_unknown
1001
AI4MANUFACTURING
1000
WRITEBACK_PHASE=01_ATOM_LABEL
1000
ENTITY_ID=line_0257__seg_01
999
AI4M_ENTITY=line_0258__seg_01;LINE_ROLE=cut_line;EDGE=unknown;SOURCE_LAYER=11
0
POLYLINE
8
AI4M_01_ATOM_CUT
66
1
70
0
1001
AI4MANUFACTURING
1000
WRITEBACK_PHASE=01_ATOM
1000
ENTITY_ID=line_0258__seg_01
1000
SOURCE_HANDLE=B23
1000
LINE_ROLE=cut_line
1000
EDGE=unknown
1000
CHAIN=chain_ms1ulzc4
1000
PIECE_ID=back_body_manual_01
1000
SEAM_PAIR=
1000
PAIRED_CHAIN=
1000
NOTCH_CHAIN=
1000
NOTCH_SOURCE=
1000
PIECE_ROLE=back_body
1000
SEAM_ALLOWANCE_MM=
1000
SOURCE_LAYER=11
0
VERTEX
8
AI4M_01_ATOM_CUT
10
4710.000916
20
78.297563
30
0
0
VERTEX
8
AI4M_01_ATOM_CUT
10
4694.36235
20
78.295978
30
0
0
VERTEX
8
AI4M_01_ATOM_CUT
10
4678.552949
20
78.308015
30
0
0
VERTEX
8
AI4M_01_ATOM_CUT
10
4662.674934
20
78.334919
30
0
0
VERTEX
8
AI4M_01_ATOM_CUT
10
4647.270553
20
78.379399
30
0
0
VERTEX
8
AI4M_01_ATOM_CUT
10
4631.617469
20
78.447336
30
0
0
VERTEX
8
AI4M_01_ATOM_CUT
10
4615.964522
20
78.540759
30
0
0
VERTEX
8
AI4M_01_ATOM_CUT
10
4600.33876
20
78.661952
30
0
0
VERTEX
8
AI4M_01_ATOM_CUT
10
4584.686297
20
78.813644
30
0
0
VERTEX
8
AI4M_01_ATOM_CUT
10
4569.034178
20
78.997584
30
0
0
VERTEX
8
AI4M_01_ATOM_CUT
10
4553.913969
20
79.207676
30
0
0
VERTEX
8
AI4M_01_ATOM_CUT
10
4538.262754
20
79.459201
30
0
0
VERTEX
8
AI4M_01_ATOM_CUT
10
4522.612044
20
79.742042
30
0
0
VERTEX
8
AI4M_01_ATOM_CUT
10
4506.961868
20
80.052171
30
0
0
VERTEX
8
AI4M_01_ATOM_CUT
10
4491.437776
20
80.382784
30
0
0
VERTEX
8
AI4M_01_ATOM_CUT
10
4475.788558
20
80.734981
30
0
0
VERTEX
8
AI4M_01_ATOM_CUT
10
4460.139653
20
81.101763
30
0
0
VERTEX
8
AI4M_01_ATOM_CUT
10
4444.367675
20
81.481758
30
0
0
VERTEX
8
AI4M_01_ATOM_CUT
10
4428.719141
20
81.865758
30
0
0
VERTEX
8
AI4M_01_ATOM_CUT
10
4413.070754
20
82.254677
30
0
0
VERTEX
8
AI4M_01_ATOM_CUT
10
4398.052994
20
82.630733
30
0
0
VERTEX
8
AI4M_01_ATOM_CUT
10
4383.334112
20
83.000549
30
0
0
VERTEX
8
AI4M_01_ATOM_CUT
10
4378.979492
20
83.110123
30
0
0
SEQEND
8
AI4M_01_ATOM_CUT
0
TEXT
8
AI4M_01_ATOM_CUT
10
4710.000916
20
78.297563
30
0
40
2.5
1
AI4M_line_0258__seg_01_cut_line_unknown
1001
AI4MANUFACTURING
1000
WRITEBACK_PHASE=01_ATOM_LABEL
1000
ENTITY_ID=line_0258__seg_01
999
AI4M_ENTITY=line_0259;LINE_ROLE=cut_line;EDGE=unknown;SOURCE_LAYER=11
0
POLYLINE
8
AI4M_01_ATOM_CUT
66
1
70
0
1001
AI4MANUFACTURING
1000
WRITEBACK_PHASE=01_ATOM
1000
ENTITY_ID=line_0259
1000
SOURCE_HANDLE=B3D
1000
LINE_ROLE=cut_line
1000
EDGE=unknown
1000
CHAIN=chain_ms1ulzc4
1000
PIECE_ID=back_body_manual_01
1000
SEAM_PAIR=
1000
PAIRED_CHAIN=
1000
NOTCH_CHAIN=
1000
NOTCH_SOURCE=
1000
PIECE_ROLE=back_body
1000
SEAM_ALLOWANCE_MM=
1000
SOURCE_LAYER=11
0
VERTEX
8
AI4M_01_ATOM_CUT
10
4378.979492
20
83.110123
30
0
0
VERTEX
8
AI4M_01_ATOM_CUT
10
4379.618225
20
93.069115
30
0
0
SEQEND
8
AI4M_01_ATOM_CUT
0
TEXT
8
AI4M_01_ATOM_CUT
10
4378.979492
20
83.110123
30
0
40
2.5
1
AI4M_line_0259_cut_line_unknown
1001
AI4MANUFACTURING
1000
WRITEBACK_PHASE=01_ATOM_LABEL
1000
ENTITY_ID=line_0259
999
AI4M_ENTITY=line_0260__seg_01;LINE_ROLE=cut_line;EDGE=unknown;SOURCE_LAYER=11
0
POLYLINE
8
AI4M_01_ATOM_CUT
66
1
70
0
1001
AI4MANUFACTURING
1000
WRITEBACK_PHASE=01_ATOM
1000
ENTITY_ID=line_0260__seg_01
1000
SOURCE_HANDLE=B42
1000
LINE_ROLE=cut_line
1000
EDGE=unknown
1000
CHAIN=chain_ms1ulzc4
1000
PIECE_ID=back_body_manual_01
1000
SEAM_PAIR=
1000
PAIRED_CHAIN=
1000
NOTCH_CHAIN=
1000
NOTCH_SOURCE=
1000
PIECE_ROLE=back_body
1000
SEAM_ALLOWANCE_MM=
1000
SOURCE_LAYER=11
0
VERTEX
8
AI4M_01_ATOM_CUT
10
4379.618225
20
93.069115
30
0
0
VERTEX
8
AI4M_01_ATOM_CUT
10
4379.366663
20
108.306569
30
0
0
VERTEX
8
AI4M_01_ATOM_CUT
10
4379.06158
20
123.374284
30
0
0
VERTEX
8
AI4M_01_ATOM_CUT
10
4378.679735
20
138.467241
30
0
0
VERTEX
8
AI4M_01_ATOM_CUT
10
4378.12724
20
153.594193
30
0
0
VERTEX
8
AI4M_01_ATOM_CUT
10
4377.329273
20
168.693977
30
0
0
VERTEX
8
AI4M_01_ATOM_CUT
10
4376.672795
20
179.797843
30
0
0
VERTEX
8
AI4M_01_ATOM_CUT
10
4375.472989
20
194.803686
30
0
0
VERTEX
8
AI4M_01_ATOM_CUT
10
4374.496664
20
204.429689
30
0
0
VERTEX
8
AI4M_01_ATOM_CUT
10
4373.090186
20
215.853604
30
0
0
VERTEX
8
AI4M_01_ATOM_CUT
10
4371.912649
20
223.649577
30
0
0
VERTEX
8
AI4M_01_ATOM_CUT
10
4370.624052
20
230.588597
30
0
0
VERTEX
8
AI4M_01_ATOM_CUT
10
4369.223075
20
236.831683
30
0
0
VERTEX
8
AI4M_01_ATOM_CUT
10
4367.673514
20
242.647146
30
0
0
VERTEX
8
AI4M_01_ATOM_CUT
10
4365.96217
20
248.128049
30
0
0
VERTEX
8
AI4M_01_ATOM_CUT
10
4364.102526
20
253.264111
30
0
0
VERTEX
8
AI4M_01_ATOM_CUT
10
4362.148626
20
257.962118
30
0
0
VERTEX
8
AI4M_01_ATOM_CUT
10
4360.059156
20
262.359974
30
0
0
VERTEX
8
AI4M_01_ATOM_CUT
10
4357.884169
20
266.376925
30
0
0
VERTEX
8
AI4M_01_ATOM_CUT
10
4355.591306
20
270.097437
30
0
0
VERTEX
8
AI4M_01_ATOM_CUT
10
4353.252931
20
273.435326
30
0
0
VERTEX
8
AI4M_01_ATOM_CUT
10
4350.823301
20
276.483972
30
0
0
VERTEX
8
AI4M_01_ATOM_CUT
10
4348.280873
20
279.275788
30
0
0
VERTEX
8
AI4M_01_ATOM_CUT
10
4345.686396
20
281.756876
30
0
0
VERTEX
8
AI4M_01_ATOM_CUT
10
4342.977181
20
283.997432
30
0
0
VERTEX
8
AI4M_01_ATOM_CUT
10
4340.17469
20
285.990951
30
0
0
VERTEX
8
AI4M_01_ATOM_CUT
10
4337.010506
20
287.924407
30
0
0
VERTEX
8
AI4M_01_ATOM_CUT
10
4333.608421
20
289.710888
30
0
0
VERTEX
8
AI4M_01_ATOM_CUT
10
4329.764384
20
291.436696
30
0
0
VERTEX
8
AI4M_01_ATOM_CUT
10
4325.645237
20
293.002215
30
0
0
VERTEX
8
AI4M_01_ATOM_CUT
10
4320.38572
20
294.709074
30
0
0
VERTEX
8
AI4M_01_ATOM_CUT
10
4314.842834
20
296.218033
30
0
0
SEQEND
8
AI4M_01_ATOM_CUT
0
TEXT
8
AI4M_01_ATOM_CUT
10
4379.618225
20
93.069115
30
0
40
2.5
1
AI4M_line_0260__seg_01_cut_line_unknown
1001
AI4MANUFACTURING
1000
WRITEBACK_PHASE=01_ATOM_LABEL
1000
ENTITY_ID=line_0260__seg_01
999
AI4M_ENTITY=line_0261;LINE_ROLE=cut_line;EDGE=unknown;SOURCE_LAYER=11
0
POLYLINE
8
AI4M_01_ATOM_CUT
66
1
70
0
1001
AI4MANUFACTURING
1000
WRITEBACK_PHASE=01_ATOM
1000
ENTITY_ID=line_0261
1000
SOURCE_HANDLE=B65
1000
LINE_ROLE=cut_line
1000
EDGE=unknown
1000
CHAIN=chain_ms1ulzc4
1000
PIECE_ID=back_body_manual_01
1000
SEAM_PAIR=
1000
PAIRED_CHAIN=
1000
NOTCH_CHAIN=
1000
NOTCH_SOURCE=
1000
PIECE_ROLE=back_body
1000
SEAM_ALLOWANCE_MM=
1000
SOURCE_LAYER=11
0
VERTEX
8
AI4M_01_ATOM_CUT
10
4374.641442
20
172.122672
30
0
0
VERTEX
8
AI4M_01_ATOM_CUT
10
4379.634173
20
172.392198
30
0
0
SEQEND
8
AI4M_01_ATOM_CUT
0
TEXT
8
AI4M_01_ATOM_CUT
10
4374.641442
20
172.122672
30
0
40
2.5
1
AI4M_line_0261_cut_line_unknown
1001
AI4MANUFACTURING
1000
WRITEBACK_PHASE=01_ATOM_LABEL
1000
ENTITY_ID=line_0261
999
AI4M_ENTITY=line_0262;LINE_ROLE=cut_line;EDGE=unknown;SOURCE_LAYER=11
0
POLYLINE
8
AI4M_01_ATOM_CUT
66
1
70
0
1001
AI4MANUFACTURING
1000
WRITEBACK_PHASE=01_ATOM
1000
ENTITY_ID=line_0262
1000
SOURCE_HANDLE=B66
1000
LINE_ROLE=cut_line
1000
EDGE=unknown
1000
CHAIN=chain_ms1ulzc4
1000
PIECE_ID=back_body_manual_01
1000
SEAM_PAIR=
1000
PAIRED_CHAIN=
1000
NOTCH_CHAIN=
1000
NOTCH_SOURCE=
1000
PIECE_ROLE=back_body
1000
SEAM_ALLOWANCE_MM=
1000
SOURCE_LAYER=11
0
VERTEX
8
AI4M_01_ATOM_CUT
10
4373.520493
20
187.793876
30
0
0
VERTEX
8
AI4M_01_ATOM_CUT
10
4378.50575
20
188.177567
30
0
0
SEQEND
8
AI4M_01_ATOM_CUT
0
TEXT
8
AI4M_01_ATOM_CUT
10
4373.520493
20
187.793876
30
0
40
2.5
1
AI4M_line_0262_cut_line_unknown
1001
AI4MANUFACTURING
1000
WRITEBACK_PHASE=01_ATOM_LABEL
1000
ENTITY_ID=line_0262
999
AI4M_ENTITY=line_0263;LINE_ROLE=cut_line;EDGE=unknown;SOURCE_LAYER=11
0
POLYLINE
8
AI4M_01_ATOM_CUT
66
1
70
0
1001
AI4MANUFACTURING
1000
WRITEBACK_PHASE=01_ATOM
1000
ENTITY_ID=line_0263
1000
SOURCE_HANDLE=B67
1000
LINE_ROLE=cut_line
1000
EDGE=unknown
1000
CHAIN=chain_ms1ulzc4
1000
PIECE_ID=back_body_manual_01
1000
SEAM_PAIR=
1000
PAIRED_CHAIN=
1000
NOTCH_CHAIN=
1000
NOTCH_SOURCE=
1000
PIECE_ROLE=back_body
1000
SEAM_ALLOWANCE_MM=
1000
SOURCE_LAYER=11
0
VERTEX
8
AI4M_01_ATOM_CUT
10
4361.441177
20
253.202708
30
0
0
VERTEX
8
AI4M_01_ATOM_CUT
10
4366.031784
20
255.184205
30
0
0
SEQEND
8
AI4M_01_ATOM_CUT
0
TEXT
8
AI4M_01_ATOM_CUT
10
4361.441177
20
253.202708
30
0
40
2.5
1
AI4M_line_0263_cut_line_unknown
1001
AI4MANUFACTURING
1000
WRITEBACK_PHASE=01_ATOM_LABEL
1000
ENTITY_ID=line_0263
999
AI4M_ENTITY=line_0264__seg_01;LINE_ROLE=cut_line;EDGE=unknown;SOURCE_LAYER=11
0
POLYLINE
8
AI4M_01_ATOM_CUT
66
1
70
0
1001
AI4MANUFACTURING
1000
WRITEBACK_PHASE=01_ATOM
1000
ENTITY_ID=line_0264__seg_01
1000
SOURCE_HANDLE=B68
1000
LINE_ROLE=cut_line
1000
EDGE=unknown
1000
CHAIN=chain_ms1ulzc4
1000
PIECE_ID=back_body_manual_01
1000
SEAM_PAIR=
1000
PAIRED_CHAIN=
1000
NOTCH_CHAIN=
1000
NOTCH_SOURCE=
1000
PIECE_ROLE=back_body
1000
SEAM_ALLOWANCE_MM=
1000
SOURCE_LAYER=11
0
VERTEX
8
AI4M_01_ATOM_CUT
10
4314.842834
20
296.218033
30
0
0
VERTEX
8
AI4M_01_ATOM_CUT
10
4306.545677
20
297.545212
30
0
0
VERTEX
8
AI4M_01_ATOM_CUT
10
4299.15057
20
298.437989
30
0
0
VERTEX
8
AI4M_01_ATOM_CUT
10
4291.721802
20
299.11293
30
0
0
SEQEND
8
AI4M_01_ATOM_CUT
0
TEXT
8
AI4M_01_ATOM_CUT
10
4314.842834
20
296.218033
30
0
40
2.5
1
AI4M_line_0264__seg_01_cut_line_unknown
1001
AI4MANUFACTURING
1000
WRITEBACK_PHASE=01_ATOM_LABEL
1000
ENTITY_ID=line_0264__seg_01
999
AI4M_ENTITY=line_0265;LINE_ROLE=cut_line;EDGE=unknown;SOURCE_LAYER=11
0
POLYLINE
8
AI4M_01_ATOM_CUT
66
1
70
0
1001
AI4MANUFACTURING
1000
WRITEBACK_PHASE=01_ATOM
1000
ENTITY_ID=line_0265
1000
SOURCE_HANDLE=B6F
1000
LINE_ROLE=cut_line
1000
EDGE=unknown
1000
CHAIN=chain_ms1ulzc4
1000
PIECE_ID=back_body_manual_01
1000
SEAM_PAIR=
1000
PAIRED_CHAIN=
1000
NOTCH_CHAIN=
1000
NOTCH_SOURCE=
1000
PIECE_ROLE=back_body
1000
SEAM_ALLOWANCE_MM=
1000
SOURCE_LAYER=11
0
VERTEX
8
AI4M_01_ATOM_CUT
10
4291.721802
20
299.11293
30
0
0
VERTEX
8
AI4M_01_ATOM_CUT
10
4296.499023
20
308.812008
30
0
0
SEQEND
8
AI4M_01_ATOM_CUT
0
TEXT
8
AI4M_01_ATOM_CUT
10
4291.721802
20
299.11293
30
0
40
2.5
1
AI4M_line_0265_cut_line_unknown
1001
AI4MANUFACTURING
1000
WRITEBACK_PHASE=01_ATOM_LABEL
1000
ENTITY_ID=line_0265
999
AI4M_ENTITY=line_0266__seg_01;LINE_ROLE=cut_line;EDGE=unknown;SOURCE_LAYER=11
0
POLYLINE
8
AI4M_01_ATOM_CUT
66
1
70
0
1001
AI4MANUFACTURING
1000
WRITEBACK_PHASE=01_ATOM
1000
ENTITY_ID=line_0266__seg_01
1000
SOURCE_HANDLE=B74
1000
LINE_ROLE=cut_line
1000
EDGE=unknown
1000
CHAIN=chain_ms1ulzc4
1000
PIECE_ID=back_body_manual_01
1000
SEAM_PAIR=
1000
PAIRED_CHAIN=
1000
NOTCH_CHAIN=
1000
NOTCH_SOURCE=
1000
PIECE_ROLE=back_body
1000
SEAM_ALLOWANCE_MM=
1000
SOURCE_LAYER=11
0
VERTEX
8
AI4M_01_ATOM_CUT
10
4296.499023
20
308.812008
30
0
0
VERTEX
8
AI4M_01_ATOM_CUT
10
4293.295258
20
324.101478
30
0
0
VERTEX
8
AI4M_01_ATOM_CUT
10
4290.369825
20
336.993423
30
0
0
VERTEX
8
AI4M_01_ATOM_CUT
10
4287.06226
20
350.409755
30
0
0
VERTEX
8
AI4M_01_ATOM_CUT
10
4283.657261
20
363.239696
30
0
0
VERTEX
8
AI4M_01_ATOM_CUT
10
4280.436265
20
374.445679
30
0
0
VERTEX
8
AI4M_01_ATOM_CUT
10
4276.796603
20
386.180535
30
0
0
VERTEX
8
AI4M_01_ATOM_CUT
10
4272.65751
20
398.655326
30
0
0
VERTEX
8
AI4M_01_ATOM_CUT
10
4267.983197
20
411.933451
30
0
0
VERTEX
8
AI4M_01_ATOM_CUT
10
4262.796205
20
425.91601
30
0
0
VERTEX
8
AI4M_01_ATOM_CUT
10
4257.840281
20
438.611002
30
0
0
VERTEX
8
AI4M_01_ATOM_CUT
10
4252.161597
20
452.479904
30
0
0
VERTEX
8
AI4M_01_ATOM_CUT
10
4251.377869
20
454.351997
30
0
0
SEQEND
8
AI4M_01_ATOM_CUT
0
TEXT
8
AI4M_01_ATOM_CUT
10
4296.499023
20
308.812008
30
0
40
2.5
1
AI4M_line_0266__seg_01_cut_line_unknown
1001
AI4MANUFACTURING
1000
WRITEBACK_PHASE=01_ATOM_LABEL
1000
ENTITY_ID=line_0266__seg_01
999
AI4M_ENTITY=line_0267;LINE_ROLE=cut_line;EDGE=unknown;SOURCE_LAYER=11
0
POLYLINE
8
AI4M_01_ATOM_CUT
66
1
70
0
1001
AI4MANUFACTURING
1000
WRITEBACK_PHASE=01_ATOM
1000
ENTITY_ID=line_0267
1000
SOURCE_HANDLE=B84
1000
LINE_ROLE=cut_line
1000
EDGE=unknown
1000
CHAIN=chain_ms1ulzc4
1000
PIECE_ID=back_body_manual_01
1000
SEAM_PAIR=
1000
PAIRED_CHAIN=
1000
NOTCH_CHAIN=
1000
NOTCH_SOURCE=
1000
PIECE_ROLE=back_body
1000
SEAM_ALLOWANCE_MM=
1000
SOURCE_LAYER=11
0
VERTEX
8
AI4M_01_ATOM_CUT
10
4251.377869
20
454.351997
30
0
0
VERTEX
8
AI4M_01_ATOM_CUT
10
4245.715942
20
462.661285
30
0
0
SEQEND
8
AI4M_01_ATOM_CUT
0
TEXT
8
AI4M_01_ATOM_CUT
10
4251.377869
20
454.351997
30
0
40
2.5
1
AI4M_line_0267_cut_line_unknown
1001
AI4MANUFACTURING
1000
WRITEBACK_PHASE=01_ATOM_LABEL
1000
ENTITY_ID=line_0267
999
AI4M_ENTITY=line_0268__seg_01;LINE_ROLE=cut_line;EDGE=unknown;SOURCE_LAYER=11
0
POLYLINE
8
AI4M_01_ATOM_CUT
66
1
70
0
1001
AI4MANUFACTURING
1000
WRITEBACK_PHASE=01_ATOM
1000
ENTITY_ID=line_0268__seg_01
1000
SOURCE_HANDLE=B89
1000
LINE_ROLE=cut_line
1000
EDGE=unknown
1000
CHAIN=chain_ms1ulzc4
1000
PIECE_ID=back_body_manual_01
1000
SEAM_PAIR=
1000
PAIRED_CHAIN=
1000
NOTCH_CHAIN=
1000
NOTCH_SOURCE=
1000
PIECE_ROLE=back_body
1000
SEAM_ALLOWANCE_MM=
1000
SOURCE_LAYER=11
0
VERTEX
8
AI4M_01_ATOM_CUT
10
4245.715942
20
462.661285
30
0
0
VERTEX
8
AI4M_01_ATOM_CUT
10
4260.635712
20
467.158107
30
0
0
VERTEX
8
AI4M_01_ATOM_CUT
10
4275.144862
20
471.604714
30
0
0
VERTEX
8
AI4M_01_ATOM_CUT
10
4289.657311
20
476.04024
30
0
0
VERTEX
8
AI4M_01_ATOM_CUT
10
4304.170479
20
480.381602
30
0
0
VERTEX
8
AI4M_01_ATOM_CUT
10
4318.741931
20
484.619454
30
0
0
VERTEX
8
AI4M_01_ATOM_CUT
10
4333.219752
20
488.728971
30
0
0
VERTEX
8
AI4M_01_ATOM_CUT
10
4347.843772
20
492.781707
30
0
0
VERTEX
8
AI4M_01_ATOM_CUT
10
4362.336793
20
496.677321
30
0
0
VERTEX
8
AI4M_01_ATOM_CUT
10
4377.027029
20
500.48309
30
0
0
VERTEX
8
AI4M_01_ATOM_CUT
10
4391.663822
20
504.127053
30
0
0
VERTEX
8
AI4M_01_ATOM_CUT
10
4406.424533
20
507.649533
30
0
0
VERTEX
8
AI4M_01_ATOM_CUT
10
4421.083753
20
510.9935
30
0
0
VERTEX
8
AI4M_01_ATOM_CUT
10
4435.912727
20
514.216595
30
0
0
VERTEX
8
AI4M_01_ATOM_CUT
10
4450.647249
20
517.256934
30
0
0
VERTEX
8
AI4M_01_ATOM_CUT
10
4465.426062
20
520.141093
30
0
0
VERTEX
8
AI4M_01_ATOM_CUT
10
4480.351608
20
522.882966
30
0
0
VERTEX
8
AI4M_01_ATOM_CUT
10
4495.202826
20
525.437491
30
0
0
VERTEX
8
AI4M_01_ATOM_CUT
10
4510.18732
20
527.836243
30
0
0
VERTEX
8
AI4M_01_ATOM_CUT
10
4525.151333
20
530.049849
30
0
0
VERTEX
8
AI4M_01_ATOM_CUT
10
4540.023773
20
532.067357
30
0
0
VERTEX
8
AI4M_01_ATOM_CUT
10
4555.085187
20
533.922531
30
0
0
VERTEX
8
AI4M_01_ATOM_CUT
10
4570.009465
20
535.571557
30
0
0
VERTEX
8
AI4M_01_ATOM_CUT
10
4584.956587
20
537.031331
30
0
0
VERTEX
8
AI4M_01_ATOM_CUT
10
4600.077761
20
538.309903
30
0
0
VERTEX
8
AI4M_01_ATOM_CUT
10
4615.058771
20
539.377505
30
0
0
VERTEX
8
AI4M_01_ATOM_CUT
10
4630.053769
20
540.242643
30
0
0
VERTEX
8
AI4M_01_ATOM_CUT
10
4645.214367
20
540.90759
30
0
0
VERTEX
8
AI4M_01_ATOM_CUT
10
4660.227674
20
541.363293
30
0
0
VERTEX
8
AI4M_01_ATOM_CUT
10
4674.874386
20
541.584146
30
0
0
VERTEX
8
AI4M_01_ATOM_CUT
10
4689.960142
20
541.62614
30
0
0
VERTEX
8
AI4M_01_ATOM_CUT
10
4704.99212
20
541.678146
30
0
0
VERTEX
8
AI4M_01_ATOM_CUT
10
4710.000916
20
541.704636
30
0
0
SEQEND
8
AI4M_01_ATOM_CUT
0
TEXT
8
AI4M_01_ATOM_CUT
10
4245.715942
20
462.661285
30
0
40
2.5
1
AI4M_line_0268__seg_01_cut_line_unknown
1001
AI4MANUFACTURING
1000
WRITEBACK_PHASE=01_ATOM_LABEL
1000
ENTITY_ID=line_0268__seg_01
999
AI4M_ENTITY=line_0269;LINE_ROLE=cut_line;EDGE=unknown;SOURCE_LAYER=11
0
POLYLINE
8
AI4M_01_ATOM_CUT
66
1
70
0
1001
AI4MANUFACTURING
1000
WRITEBACK_PHASE=01_ATOM
1000
ENTITY_ID=line_0269
1000
SOURCE_HANDLE=BAD
1000
LINE_ROLE=cut_line
1000
EDGE=unknown
1000
CHAIN=chain_ms1ulzc4
1000
PIECE_ID=back_body_manual_01
1000
SEAM_PAIR=
1000
PAIRED_CHAIN=
1000
NOTCH_CHAIN=
1000
NOTCH_SOURCE=
1000
PIECE_ROLE=back_body
1000
SEAM_ALLOWANCE_MM=
1000
SOURCE_LAYER=11
0
VERTEX
8
AI4M_01_ATOM_CUT
10
4489.799297
20
527.064163
30
0
0
VERTEX
8
AI4M_01_ATOM_CUT
10
4490.592668
20
522.127508
30
0
0
SEQEND
8
AI4M_01_ATOM_CUT
0
TEXT
8
AI4M_01_ATOM_CUT
10
4489.799297
20
527.064163
30
0
40
2.5
1
AI4M_line_0269_cut_line_unknown
1001
AI4MANUFACTURING
1000
WRITEBACK_PHASE=01_ATOM_LABEL
1000
ENTITY_ID=line_0269
999
AI4M_ENTITY=line_0270;LINE_ROLE=cut_line;EDGE=unknown;SOURCE_LAYER=11
0
POLYLINE
8
AI4M_01_ATOM_CUT
66
1
70
0
1001
AI4MANUFACTURING
1000
WRITEBACK_PHASE=01_ATOM
1000
ENTITY_ID=line_0270
1000
SOURCE_HANDLE=BAE
1000
LINE_ROLE=cut_line
1000
EDGE=unknown
1000
CHAIN=chain_ms1ulzc4
1000
PIECE_ID=back_body_manual_01
1000
SEAM_PAIR=
1000
PAIRED_CHAIN=
1000
NOTCH_CHAIN=
1000
NOTCH_SOURCE=
1000
PIECE_ROLE=back_body
1000
SEAM_ALLOWANCE_MM=
1000
SOURCE_LAYER=11
0
VERTEX
8
AI4M_01_ATOM_CUT
10
4710.002207
20
544.204636
30
0
0
VERTEX
8
AI4M_01_ATOM_CUT
10
4709.99999
20
539.204637
30
0
0
SEQEND
8
AI4M_01_ATOM_CUT
0
TEXT
8
AI4M_01_ATOM_CUT
10
4710.002207
20
544.204636
30
0
40
2.5
1
AI4M_line_0270_cut_line_unknown
1001
AI4MANUFACTURING
1000
WRITEBACK_PHASE=01_ATOM_LABEL
1000
ENTITY_ID=line_0270
999
AI4M_ENTITY=line_0271__seg_01;LINE_ROLE=cut_line;EDGE=unknown;SOURCE_LAYER=11
0
POLYLINE
8
AI4M_01_ATOM_CUT
66
1
70
0
1001
AI4MANUFACTURING
1000
WRITEBACK_PHASE=01_ATOM
1000
ENTITY_ID=line_0271__seg_01
1000
SOURCE_HANDLE=BAF
1000
LINE_ROLE=cut_line
1000
EDGE=unknown
1000
CHAIN=chain_ms1ulzc4
1000
PIECE_ID=back_body_manual_01
1000
SEAM_PAIR=
1000
PAIRED_CHAIN=
1000
NOTCH_CHAIN=
1000
NOTCH_SOURCE=
1000
PIECE_ROLE=back_body
1000
SEAM_ALLOWANCE_MM=
1000
SOURCE_LAYER=11
0
VERTEX
8
AI4M_01_ATOM_CUT
10
4710.000916
20
541.704636
30
0
0
VERTEX
8
AI4M_01_ATOM_CUT
10
4725.57258
20
541.636819
30
0
0
VERTEX
8
AI4M_01_ATOM_CUT
10
4740.822233
20
541.60583
30
0
0
VERTEX
8
AI4M_01_ATOM_CUT
10
4755.906965
20
541.445196
30
0
0
VERTEX
8
AI4M_01_ATOM_CUT
10
4770.949772
20
541.043245
30
0
0
VERTEX
8
AI4M_01_ATOM_CUT
10
4786.112525
20
540.430487
30
0
0
VERTEX
8
AI4M_01_ATOM_CUT
10
4801.110573
20
539.618134
30
0
0
VERTEX
8
AI4M_01_ATOM_CUT
10
4816.096178
20
538.601524
30
0
0
VERTEX
8
AI4M_01_ATOM_CUT
10
4831.221447
20
537.373399
30
0
0
VERTEX
8
AI4M_01_ATOM_CUT
10
4846.17398
20
535.962653
30
0
0
VERTEX
8
AI4M_01_ATOM_CUT
10
4861.106696
20
534.361306
30
0
0
VERTEX
8
AI4M_01_ATOM_CUT
10
4876.173825
20
532.553622
30
0
0
VERTEX
8
AI4M_01_ATOM_CUT
10
4891.05888
20
530.581436
30
0
0
VERTEX
8
AI4M_01_ATOM_CUT
10
4906.077225
20
528.405972
30
0
0
VERTEX
8
AI4M_01_ATOM_CUT
10
4920.904137
20
526.077115
30
0
0
VERTEX
8
AI4M_01_ATOM_CUT
10
4935.706699
20
523.576762
30
0
0
VERTEX
8
AI4M_01_ATOM_CUT
10
4950.640337
20
520.880202
30
0
0
VERTEX
8
AI4M_01_ATOM_CUT
10
4965.551607
20
518.014847
30
0
0
VERTEX
8
AI4M_01_ATOM_CUT
10
4980.421954
20
514.988149
30
0
0
VERTEX
8
AI4M_01_ATOM_CUT
10
4995.144411
20
511.828625
30
0
0
VERTEX
8
AI4M_01_ATOM_CUT
10
5009.821174
20
508.520709
30
0
0
VERTEX
8
AI4M_01_ATOM_CUT
10
5024.590621
20
505.035502
30
0
0
VERTEX
8
AI4M_01_ATOM_CUT
10
5039.190076
20
501.439149
30
0
0
VERTEX
8
AI4M_01_ATOM_CUT
10
5053.889463
20
497.669052
30
0
0
VERTEX
8
AI4M_01_ATOM_CUT
10
5068.464688
20
493.786428
30
0
0
VERTEX
8
AI4M_01_ATOM_CUT
10
5083.095858
20
489.760133
30
0
0
VERTEX
8
AI4M_01_ATOM_CUT
10
5097.53957
20
485.683815
30
0
0
VERTEX
8
AI4M_01_ATOM_CUT
10
5112.118536
20
481.471725
30
0
0
VERTEX
8
AI4M_01_ATOM_CUT
10
5126.545673
20
477.188133
30
0
0
VERTEX
8
AI4M_01_ATOM_CUT
10
5141.062826
20
472.768524
30
0
0
VERTEX
8
AI4M_01_ATOM_CUT
10
5155.570398
20
468.31724
30
0
0
VERTEX
8
AI4M_01_ATOM_CUT
10
5170.06669
20
463.920666
30
0
0
VERTEX
8
AI4M_01_ATOM_CUT
10
5174.284058
20
462.661285
30
0
0
SEQEND
8
AI4M_01_ATOM_CUT
0
TEXT
8
AI4M_01_ATOM_CUT
10
4710.000916
20
541.704636
30
0
40
2.5
1
AI4M_line_0271__seg_01_cut_line_unknown
1001
AI4MANUFACTURING
1000
WRITEBACK_PHASE=01_ATOM_LABEL
1000
ENTITY_ID=line_0271__seg_01
999
AI4M_ENTITY=line_0272;LINE_ROLE=cut_line;EDGE=unknown;SOURCE_LAYER=11
0
POLYLINE
8
AI4M_01_ATOM_CUT
66
1
70
0
1001
AI4MANUFACTURING
1000
WRITEBACK_PHASE=01_ATOM
1000
ENTITY_ID=line_0272
1000
SOURCE_HANDLE=BD3
1000
LINE_ROLE=cut_line
1000
EDGE=unknown
1000
CHAIN=chain_ms1ulzc4
1000
PIECE_ID=back_body_manual_01
1000
SEAM_PAIR=
1000
PAIRED_CHAIN=
1000
NOTCH_CHAIN=
1000
NOTCH_SOURCE=
1000
PIECE_ROLE=back_body
1000
SEAM_ALLOWANCE_MM=
1000
SOURCE_LAYER=11
0
VERTEX
8
AI4M_01_ATOM_CUT
10
4930.199858
20
527.062981
30
0
0
VERTEX
8
AI4M_01_ATOM_CUT
10
4929.406482
20
522.126326
30
0
0
SEQEND
8
AI4M_01_ATOM_CUT
0
TEXT
8
AI4M_01_ATOM_CUT
10
4930.199858
20
527.062981
30
0
40
2.5
1
AI4M_line_0272_cut_line_unknown
1001
AI4MANUFACTURING
1000
WRITEBACK_PHASE=01_ATOM_LABEL
1000
ENTITY_ID=line_0272
999
AI4M_ENTITY=line_0273;LINE_ROLE=cut_line;EDGE=unknown;SOURCE_LAYER=11
0
POLYLINE
8
AI4M_01_ATOM_CUT
66
1
70
0
1001
AI4MANUFACTURING
1000
WRITEBACK_PHASE=01_ATOM
1000
ENTITY_ID=line_0273
1000
SOURCE_HANDLE=BD4
1000
LINE_ROLE=cut_line
1000
EDGE=unknown
1000
CHAIN=chain_ms1ulzc4
1000
PIECE_ID=back_body_manual_01
1000
SEAM_PAIR=
1000
PAIRED_CHAIN=
1000
NOTCH_CHAIN=
1000
NOTCH_SOURCE=
1000
PIECE_ROLE=back_body
1000
SEAM_ALLOWANCE_MM=
1000
SOURCE_LAYER=11
0
VERTEX
8
AI4M_01_ATOM_CUT
10
5174.284058
20
462.661285
30
0
0
VERTEX
8
AI4M_01_ATOM_CUT
10
5168.621826
20
454.351997
30
0
0
SEQEND
8
AI4M_01_ATOM_CUT
0
TEXT
8
AI4M_01_ATOM_CUT
10
5174.284058
20
462.661285
30
0
40
2.5
1
AI4M_line_0273_cut_line_unknown
1001
AI4MANUFACTURING
1000
WRITEBACK_PHASE=01_ATOM_LABEL
1000
ENTITY_ID=line_0273
999
AI4M_ENTITY=line_0274__seg_01;LINE_ROLE=cut_line;EDGE=unknown;SOURCE_LAYER=11
0
POLYLINE
8
AI4M_01_ATOM_CUT
66
1
70
0
1001
AI4MANUFACTURING
1000
WRITEBACK_PHASE=01_ATOM
1000
ENTITY_ID=line_0274__seg_01
1000
SOURCE_HANDLE=BD9
1000
LINE_ROLE=cut_line
1000
EDGE=unknown
1000
CHAIN=chain_ms1ulzc4
1000
PIECE_ID=back_body_manual_01
1000
SEAM_PAIR=
1000
PAIRED_CHAIN=
1000
NOTCH_CHAIN=
1000
NOTCH_SOURCE=
1000
PIECE_ROLE=back_body
1000
SEAM_ALLOWANCE_MM=
1000
SOURCE_LAYER=11
0
VERTEX
8
AI4M_01_ATOM_CUT
10
5168.621826
20
454.351997
30
0
0
VERTEX
8
AI4M_01_ATOM_CUT
10
5162.746907
20
440.072272
30
0
0
VERTEX
8
AI4M_01_ATOM_CUT
10
5157.738114
20
427.316615
30
0
0
VERTEX
8
AI4M_01_ATOM_CUT
10
5152.505217
20
413.280368
30
0
0
VERTEX
8
AI4M_01_ATOM_CUT
10
5147.754888
20
399.856871
30
0
0
VERTEX
8
AI4M_01_ATOM_CUT
10
5143.593211
20
387.389623
30
0
0
VERTEX
8
AI4M_01_ATOM_CUT
10
5139.898612
20
375.561094
30
0
0
VERTEX
8
AI4M_01_ATOM_CUT
10
5136.666903
20
364.407906
30
0
0
VERTEX
8
AI4M_01_ATOM_CUT
10
5133.355804
20
352.0367
30
0
0
VERTEX
8
AI4M_01_ATOM_CUT
10
5129.972327
20
338.431585
30
0
0
VERTEX
8
AI4M_01_ATOM_CUT
10
5127.083817
20
325.835153
30
0
0
VERTEX
8
AI4M_01_ATOM_CUT
10
5123.9907
20
311.226091
30
0
0
VERTEX
8
AI4M_01_ATOM_CUT
10
5123.500977
20
308.812008
30
0
0
SEQEND
8
AI4M_01_ATOM_CUT
0
TEXT
8
AI4M_01_ATOM_CUT
10
5168.621826
20
454.351997
30
0
40
2.5
1
AI4M_line_0274__seg_01_cut_line_unknown
1001
AI4MANUFACTURING
1000
WRITEBACK_PHASE=01_ATOM_LABEL
1000
ENTITY_ID=line_0274__seg_01
999
AI4M_ENTITY=line_0275__seg_01;LINE_ROLE=cut_line;EDGE=unknown;SOURCE_LAYER=11
0
POLYLINE
8
AI4M_01_ATOM_CUT
66
1
70
0
1001
AI4MANUFACTURING
1000
WRITEBACK_PHASE=01_ATOM
1000
ENTITY_ID=line_0275__seg_01
1000
SOURCE_HANDLE=BE9
1000
LINE_ROLE=cut_line
1000
EDGE=unknown
1000
CHAIN=chain_ms1ulzc4
1000
PIECE_ID=back_body_manual_01
1000
SEAM_PAIR=
1000
PAIRED_CHAIN=
1000
NOTCH_CHAIN=
1000
NOTCH_SOURCE=
1000
PIECE_ROLE=back_body
1000
SEAM_ALLOWANCE_MM=
1000
SOURCE_LAYER=11
0
VERTEX
8
AI4M_01_ATOM_CUT
10
5113.001099
20
307.500534
30
0
0
VERTEX
8
AI4M_01_ATOM_CUT
10
5108.104522
20
306.891551
30
0
0
VERTEX
8
AI4M_01_ATOM_CUT
10
5103.112183
20
306.016254
30
0
0
SEQEND
8
AI4M_01_ATOM_CUT
0
TEXT
8
AI4M_01_ATOM_CUT
10
5113.001099
20
307.500534
30
0
40
2.5
1
AI4M_line_0275__seg_01_cut_line_unknown
1001
AI4MANUFACTURING
1000
WRITEBACK_PHASE=01_ATOM_LABEL
1000
ENTITY_ID=line_0275__seg_01
999
AI4M_ENTITY=line_0276__seg_01;LINE_ROLE=side_seam;EDGE=side_seam;SOURCE_LAYER=11
0
POLYLINE
8
AI4M_01_ATOM_INTERNAL
66
1
70
0
1001
AI4MANUFACTURING
1000
WRITEBACK_PHASE=01_ATOM
1000
ENTITY_ID=line_0276__seg_01
1000
SOURCE_HANDLE=BEF
1000
LINE_ROLE=side_seam
1000
EDGE=side_seam
1000
CHAIN=chain_ms1ulzc4
1000
PIECE_ID=back_body_manual_01
1000
SEAM_PAIR=
1000
PAIRED_CHAIN=
1000
NOTCH_CHAIN=
1000
NOTCH_SOURCE=
1000
PIECE_ROLE=back_body
1000
SEAM_ALLOWANCE_MM=
1000
SOURCE_LAYER=11
0
VERTEX
8
AI4M_01_ATOM_INTERNAL
10
5103.112183
20
306.016254
30
0
0
VERTEX
8
AI4M_01_ATOM_INTERNAL
10
5097.316804
20
304.457475
30
0
0
VERTEX
8
AI4M_01_ATOM_INTERNAL
10
5091.924487
20
302.743473
30
0
0
VERTEX
8
AI4M_01_ATOM_INTERNAL
10
5087.336179
20
301.051675
30
0
0
VERTEX
8
AI4M_01_ATOM_INTERNAL
10
5083.209327
20
299.271084
30
0
0
VERTEX
8
AI4M_01_ATOM_INTERNAL
10
5079.42866
20
297.380188
30
0
0
VERTEX
8
AI4M_01_ATOM_INTERNAL
10
5075.901671
20
295.348289
30
0
0
VERTEX
8
AI4M_01_ATOM_INTERNAL
10
5072.58956
20
293.152169
30
0
0
VERTEX
8
AI4M_01_ATOM_INTERNAL
10
5069.616027
20
290.888349
30
0
0
VERTEX
8
AI4M_01_ATOM_INTERNAL
10
5066.708916
20
288.356641
30
0
0
VERTEX
8
AI4M_01_ATOM_INTERNAL
10
5063.860587
20
285.527633
30
0
0
VERTEX
8
AI4M_01_ATOM_INTERNAL
10
5061.120723
20
282.441616
30
0
0
VERTEX
8
AI4M_01_ATOM_INTERNAL
10
5058.52978
20
279.144357
30
0
0
VERTEX
8
AI4M_01_ATOM_INTERNAL
10
5056.020445
20
275.543715
30
0
0
VERTEX
8
AI4M_01_ATOM_INTERNAL
10
5053.609858
20
271.642971
30
0
0
VERTEX
8
AI4M_01_ATOM_INTERNAL
10
5051.292326
20
267.407578
30
0
0
VERTEX
8
AI4M_01_ATOM_INTERNAL
10
5049.023234
20
262.720881
30
0
0
VERTEX
8
AI4M_01_ATOM_INTERNAL
10
5047.07905
20
258.164887
30
0
0
VERTEX
8
AI4M_01_ATOM_INTERNAL
10
5044.998239
20
252.582166
30
0
0
VERTEX
8
AI4M_01_ATOM_INTERNAL
10
5043.195094
20
247.035754
30
0
0
VERTEX
8
AI4M_01_ATOM_INTERNAL
10
5041.550713
20
241.147846
30
0
0
VERTEX
8
AI4M_01_ATOM_INTERNAL
10
5040.043124
20
234.793326
30
0
0
VERTEX
8
AI4M_01_ATOM_INTERNAL
10
5038.705663
20
228.068492
30
0
0
VERTEX
8
AI4M_01_ATOM_INTERNAL
10
5037.506727
20
220.751359
30
0
0
VERTEX
8
AI4M_01_ATOM_INTERNAL
10
5036.26635
20
211.512081
30
0
0
VERTEX
8
AI4M_01_ATOM_INTERNAL
10
5035.01044
20
200.157277
30
0
0
VERTEX
8
AI4M_01_ATOM_INTERNAL
10
5033.887061
20
187.693813
30
0
0
VERTEX
8
AI4M_01_ATOM_INTERNAL
10
5032.925634
20
174.116276
30
0
0
VERTEX
8
AI4M_01_ATOM_INTERNAL
10
5032.114501
20
159.066001
30
0
0
VERTEX
8
AI4M_01_ATOM_INTERNAL
10
5031.510412
20
143.988606
30
0
0
VERTEX
8
AI4M_01_ATOM_INTERNAL
10
5031.062863
20
128.939764
30
0
0
VERTEX
8
AI4M_01_ATOM_INTERNAL
10
5030.723639
20
113.880447
30
0
0
VERTEX
8
AI4M_01_ATOM_INTERNAL
10
5030.460996
20
98.871367
30
0
0
VERTEX
8
AI4M_01_ATOM_INTERNAL
10
5030.375977
20
92.845783
30
0
0
SEQEND
8
AI4M_01_ATOM_INTERNAL
0
TEXT
8
AI4M_01_ATOM_INTERNAL
10
5103.112183
20
306.016254
30
0
40
2.5
1
AI4M_line_0276__seg_01_side_seam_side_seam
1001
AI4MANUFACTURING
1000
WRITEBACK_PHASE=01_ATOM_LABEL
1000
ENTITY_ID=line_0276__seg_01
999
AI4M_ENTITY=line_0277;LINE_ROLE=cut_line;EDGE=unknown;SOURCE_LAYER=11
0
POLYLINE
8
AI4M_01_ATOM_CUT
66
1
70
0
1001
AI4MANUFACTURING
1000
WRITEBACK_PHASE=01_ATOM
1000
ENTITY_ID=line_0277
1000
SOURCE_HANDLE=C14
1000
LINE_ROLE=cut_line
1000
EDGE=unknown
1000
CHAIN=chain_ms1ulzc4
1000
PIECE_ID=back_body_manual_01
1000
SEAM_PAIR=
1000
PAIRED_CHAIN=
1000
NOTCH_CHAIN=
1000
NOTCH_SOURCE=
1000
PIECE_ROLE=back_body
1000
SEAM_ALLOWANCE_MM=
1000
SOURCE_LAYER=11
0
VERTEX
8
AI4M_01_ATOM_CUT
10
5049.396718
20
257.227581
30
0
0
VERTEX
8
AI4M_01_ATOM_CUT
10
5044.757079
20
259.091382
30
0
0
SEQEND
8
AI4M_01_ATOM_CUT
0
TEXT
8
AI4M_01_ATOM_CUT
10
5049.396718
20
257.227581
30
0
40
2.5
1
AI4M_line_0277_cut_line_unknown
1001
AI4MANUFACTURING
1000
WRITEBACK_PHASE=01_ATOM_LABEL
1000
ENTITY_ID=line_0277
999
AI4M_ENTITY=line_0278;LINE_ROLE=cut_line;EDGE=unknown;SOURCE_LAYER=11
0
POLYLINE
8
AI4M_01_ATOM_CUT
66
1
70
0
1001
AI4MANUFACTURING
1000
WRITEBACK_PHASE=01_ATOM
1000
ENTITY_ID=line_0278
1000
SOURCE_HANDLE=C15
1000
LINE_ROLE=cut_line
1000
EDGE=unknown
1000
CHAIN=chain_ms1ulzc4
1000
PIECE_ID=back_body_manual_01
1000
SEAM_PAIR=
1000
PAIRED_CHAIN=
1000
NOTCH_CHAIN=
1000
NOTCH_SOURCE=
1000
PIECE_ROLE=back_body
1000
SEAM_ALLOWANCE_MM=
1000
SOURCE_LAYER=11
0
VERTEX
8
AI4M_01_ATOM_CUT
10
5040.373187
20
222.950459
30
0
0
VERTEX
8
AI4M_01_ATOM_CUT
10
5035.435545
20
223.737664
30
0
0
SEQEND
8
AI4M_01_ATOM_CUT
0
TEXT
8
AI4M_01_ATOM_CUT
10
5040.373187
20
222.950459
30
0
40
2.5
1
AI4M_line_0278_cut_line_unknown
1001
AI4MANUFACTURING
1000
WRITEBACK_PHASE=01_ATOM_LABEL
1000
ENTITY_ID=line_0278
999
AI4M_ENTITY=line_0279;LINE_ROLE=cut_line;EDGE=unknown;SOURCE_LAYER=11
0
POLYLINE
8
AI4M_01_ATOM_CUT
66
1
70
0
1001
AI4MANUFACTURING
1000
WRITEBACK_PHASE=01_ATOM
1000
ENTITY_ID=line_0279
1000
SOURCE_HANDLE=C16
1000
LINE_ROLE=cut_line
1000
EDGE=unknown
1000
CHAIN=chain_ms1ulzc4
1000
PIECE_ID=back_body_manual_01
1000
SEAM_PAIR=
1000
PAIRED_CHAIN=
1000
NOTCH_CHAIN=
1000
NOTCH_SOURCE=
1000
PIECE_ROLE=back_body
1000
SEAM_ALLOWANCE_MM=
1000
SOURCE_LAYER=11
0
VERTEX
8
AI4M_01_ATOM_CUT
10
5036.464973
20
188.552626
30
0
0
VERTEX
8
AI4M_01_ATOM_CUT
10
5031.481641
20
188.960551
30
0
0
SEQEND
8
AI4M_01_ATOM_CUT
0
TEXT
8
AI4M_01_ATOM_CUT
10
5036.464973
20
188.552626
30
0
40
2.5
1
AI4M_line_0279_cut_line_unknown
1001
AI4MANUFACTURING
1000
WRITEBACK_PHASE=01_ATOM_LABEL
1000
ENTITY_ID=line_0279
999
AI4M_ENTITY=line_0280;LINE_ROLE=cut_line;EDGE=unknown;SOURCE_LAYER=11
0
POLYLINE
8
AI4M_01_ATOM_CUT
66
1
70
0
1001
AI4MANUFACTURING
1000
WRITEBACK_PHASE=01_ATOM
1000
ENTITY_ID=line_0280
1000
SOURCE_HANDLE=C17
1000
LINE_ROLE=cut_line
1000
EDGE=unknown
1000
CHAIN=chain_ms1ulzc4
1000
PIECE_ID=back_body_manual_01
1000
SEAM_PAIR=
1000
PAIRED_CHAIN=
1000
NOTCH_CHAIN=
1000
NOTCH_SOURCE=
1000
PIECE_ROLE=back_body
1000
SEAM_ALLOWANCE_MM=
1000
SOURCE_LAYER=11
0
VERTEX
8
AI4M_01_ATOM_CUT
10
5035.339903
20
172.644635
30
0
0
VERTEX
8
AI4M_01_ATOM_CUT
10
5030.349065
20
172.947182
30
0
0
SEQEND
8
AI4M_01_ATOM_CUT
0
TEXT
8
AI4M_01_ATOM_CUT
10
5035.339903
20
172.644635
30
0
40
2.5
1
AI4M_line_0280_cut_line_unknown
1001
AI4MANUFACTURING
1000
WRITEBACK_PHASE=01_ATOM_LABEL
1000
ENTITY_ID=line_0280
999
AI4M_ENTITY=line_0281__seg_01;LINE_ROLE=hem_line;EDGE=hem_line;SOURCE_LAYER=11
0
POLYLINE
8
AI4M_01_ATOM_INTERNAL
66
1
70
0
1001
AI4MANUFACTURING
1000
WRITEBACK_PHASE=01_ATOM
1000
ENTITY_ID=line_0281__seg_01
1000
SOURCE_HANDLE=C18
1000
LINE_ROLE=hem_line
1000
EDGE=hem_line
1000
CHAIN=chain_ms1ulzc4
1000
PIECE_ID=back_body_manual_01
1000
SEAM_PAIR=
1000
PAIRED_CHAIN=
1000
NOTCH_CHAIN=
1000
NOTCH_SOURCE=
1000
PIECE_ROLE=back_body
1000
SEAM_ALLOWANCE_MM=
1000
SOURCE_LAYER=11
0
VERTEX
8
AI4M_01_ATOM_INTERNAL
10
5030.375977
20
92.845783
30
0
0
VERTEX
8
AI4M_01_ATOM_INTERNAL
10
5014.472169
20
92.446349
30
0
0
VERTEX
8
AI4M_01_ATOM_INTERNAL
10
4998.708254
20
92.052738
30
0
0
VERTEX
8
AI4M_01_ATOM_INTERNAL
10
4982.944211
20
91.663309
30
0
0
VERTEX
8
AI4M_01_ATOM_INTERNAL
10
4967.191278
20
91.280218
30
0
0
VERTEX
8
AI4M_01_ATOM_INTERNAL
10
4951.426912
20
90.905314
30
0
0
VERTEX
8
AI4M_01_ATOM_INTERNAL
10
4935.662257
20
90.543041
30
0
0
VERTEX
8
AI4M_01_ATOM_INTERNAL
10
4919.897218
20
90.197949
30
0
0
VERTEX
8
AI4M_01_ATOM_INTERNAL
10
4904.24286
20
89.876735
30
0
0
VERTEX
8
AI4M_01_ATOM_INTERNAL
10
4888.476793
20
89.579042
30
0
0
VERTEX
8
AI4M_01_ATOM_INTERNAL
10
4872.710216
20
89.311356
30
0
0
VERTEX
8
AI4M_01_ATOM_INTERNAL
10
4857.196725
20
89.081173
30
0
0
VERTEX
8
AI4M_01_ATOM_INTERNAL
10
4841.429141
20
88.882238
30
0
0
VERTEX
8
AI4M_01_ATOM_INTERNAL
10
4825.661153
20
88.716836
30
0
0
VERTEX
8
AI4M_01_ATOM_INTERNAL
10
4809.94106
20
88.583396
30
0
0
VERTEX
8
AI4M_01_ATOM_INTERNAL
10
4794.172587
20
88.478919
30
0
0
VERTEX
8
AI4M_01_ATOM_INTERNAL
10
4778.403978
20
88.401299
30
0
0
VERTEX
8
AI4M_01_ATOM_INTERNAL
10
4762.849384
20
88.348518
30
0
0
VERTEX
8
AI4M_01_ATOM_INTERNAL
10
4747.314315
20
88.316055
30
0
0
VERTEX
8
AI4M_01_ATOM_INTERNAL
10
4732.393217
20
88.29948
30
0
0
VERTEX
8
AI4M_01_ATOM_INTERNAL
10
4717.526683
20
88.29494
30
0
0
VERTEX
8
AI4M_01_ATOM_INTERNAL
10
4710.000916
20
88.297567
30
0
0
SEQEND
8
AI4M_01_ATOM_INTERNAL
0
TEXT
8
AI4M_01_ATOM_INTERNAL
10
5030.375977
20
92.845783
30
0
40
2.5
1
AI4M_line_0281__seg_01_hem_line_hem_line
1001
AI4MANUFACTURING
1000
WRITEBACK_PHASE=01_ATOM_LABEL
1000
ENTITY_ID=line_0281__seg_01
999
AI4M_ENTITY=line_0282__seg_01;LINE_ROLE=hem_line;EDGE=hem_line;SOURCE_LAYER=11
0
POLYLINE
8
AI4M_01_ATOM_INTERNAL
66
1
70
0
1001
AI4MANUFACTURING
1000
WRITEBACK_PHASE=01_ATOM
1000
ENTITY_ID=line_0282__seg_01
1000
SOURCE_HANDLE=C31
1000
LINE_ROLE=hem_line
1000
EDGE=hem_line
1000
CHAIN=chain_ms1ulzc4
1000
PIECE_ID=back_body_manual_01
1000
SEAM_PAIR=
1000
PAIRED_CHAIN=
1000
NOTCH_CHAIN=
1000
NOTCH_SOURCE=
1000
PIECE_ROLE=back_body
1000
SEAM_ALLOWANCE_MM=
1000
SOURCE_LAYER=11
0
VERTEX
8
AI4M_01_ATOM_INTERNAL
10
4710.000916
20
88.297567
30
0
0
VERTEX
8
AI4M_01_ATOM_INTERNAL
10
4694.23926
20
88.293142
30
0
0
VERTEX
8
AI4M_01_ATOM_INTERNAL
10
4678.909509
20
88.302856
30
0
0
VERTEX
8
AI4M_01_ATOM_INTERNAL
10
4663.863621
20
88.330356
30
0
0
VERTEX
8
AI4M_01_ATOM_INTERNAL
10
4648.848137
20
88.375016
30
0
0
VERTEX
8
AI4M_01_ATOM_INTERNAL
10
4633.802413
20
88.437771
30
0
0
VERTEX
8
AI4M_01_ATOM_INTERNAL
10
4618.507397
20
88.52433
30
0
0
VERTEX
8
AI4M_01_ATOM_INTERNAL
10
4603.170129
20
88.638099
30
0
0
VERTEX
8
AI4M_01_ATOM_INTERNAL
10
4587.75254
20
88.781852
30
0
0
VERTEX
8
AI4M_01_ATOM_INTERNAL
10
4572.707549
20
88.952074
30
0
0
VERTEX
8
AI4M_01_ATOM_INTERNAL
10
4557.390081
20
89.157539
30
0
0
VERTEX
8
AI4M_01_ATOM_INTERNAL
10
4542.383124
20
89.391282
30
0
0
VERTEX
8
AI4M_01_ATOM_INTERNAL
10
4527.383837
20
89.654626
30
0
0
VERTEX
8
AI4M_01_ATOM_INTERNAL
10
4512.087788
20
89.95001
30
0
0
VERTEX
8
AI4M_01_ATOM_INTERNAL
10
4497.045244
20
90.263223
30
0
0
VERTEX
8
AI4M_01_ATOM_INTERNAL
10
4481.792061
20
90.600111
30
0
0
VERTEX
8
AI4M_01_ATOM_INTERNAL
10
4466.750118
20
90.94768
30
0
0
VERTEX
8
AI4M_01_ATOM_INTERNAL
10
4451.592543
20
91.309615
30
0
0
VERTEX
8
AI4M_01_ATOM_INTERNAL
10
4436.551138
20
91.6767
30
0
0
VERTEX
8
AI4M_01_ATOM_INTERNAL
10
4421.215643
20
92.055663
30
0
0
VERTEX
8
AI4M_01_ATOM_INTERNAL
10
4406.130764
20
92.431501
30
0
0
VERTEX
8
AI4M_01_ATOM_INTERNAL
10
4391.232269
20
92.80525
30
0
0
VERTEX
8
AI4M_01_ATOM_INTERNAL
10
4389.624023
20
92.845783
30
0
0
SEQEND
8
AI4M_01_ATOM_INTERNAL
0
TEXT
8
AI4M_01_ATOM_INTERNAL
10
4710.000916
20
88.297567
30
0
40
2.5
1
AI4M_line_0282__seg_01_hem_line_hem_line
1001
AI4MANUFACTURING
1000
WRITEBACK_PHASE=01_ATOM_LABEL
1000
ENTITY_ID=line_0282__seg_01
999
AI4M_ENTITY=line_0283__seg_01;LINE_ROLE=side_seam;EDGE=side_seam;SOURCE_LAYER=11
0
POLYLINE
8
AI4M_01_ATOM_INTERNAL
66
1
70
0
1001
AI4MANUFACTURING
1000
WRITEBACK_PHASE=01_ATOM
1000
ENTITY_ID=line_0283__seg_01
1000
SOURCE_HANDLE=C4B
1000
LINE_ROLE=side_seam
1000
EDGE=side_seam
1000
CHAIN=chain_ms1ulzc4
1000
PIECE_ID=back_body_manual_01
1000
SEAM_PAIR=
1000
PAIRED_CHAIN=
1000
NOTCH_CHAIN=
1000
NOTCH_SOURCE=
1000
PIECE_ROLE=back_body
1000
SEAM_ALLOWANCE_MM=
1000
SOURCE_LAYER=11
0
VERTEX
8
AI4M_01_ATOM_INTERNAL
10
4389.624023
20
92.845783
30
0
0
VERTEX
8
AI4M_01_ATOM_INTERNAL
10
4389.39605
20
108.042372
30
0
0
VERTEX
8
AI4M_01_ATOM_INTERNAL
10
4389.079063
20
123.210317
30
0
0
VERTEX
8
AI4M_01_ATOM_INTERNAL
10
4388.671747
20
138.30857
30
0
0
VERTEX
8
AI4M_01_ATOM_INTERNAL
10
4388.134006
20
153.341006
30
0
0
VERTEX
8
AI4M_01_ATOM_INTERNAL
10
4387.410314
20
168.424834
30
0
0
VERTEX
8
AI4M_01_ATOM_INTERNAL
10
4387.155151
20
172.800426
30
0
0
SEQEND
8
AI4M_01_ATOM_INTERNAL
0
TEXT
8
AI4M_01_ATOM_INTERNAL
10
4389.624023
20
92.845783
30
0
40
2.5
1
AI4M_line_0283__seg_01_side_seam_side_seam
1001
AI4MANUFACTURING
1000
WRITEBACK_PHASE=01_ATOM_LABEL
1000
ENTITY_ID=line_0283__seg_01
999
AI4M_ENTITY=line_0284;LINE_ROLE=cut_line;EDGE=unknown;SOURCE_LAYER=11
0
POLYLINE
8
AI4M_01_ATOM_CUT
66
1
70
0
1001
AI4MANUFACTURING
1000
WRITEBACK_PHASE=01_ATOM
1000
ENTITY_ID=line_0284
1000
SOURCE_HANDLE=C55
1000
LINE_ROLE=cut_line
1000
EDGE=unknown
1000
CHAIN=chain_ms1ulzc4
1000
PIECE_ID=back_body_manual_01
1000
SEAM_PAIR=
1000
PAIRED_CHAIN=
1000
NOTCH_CHAIN=
1000
NOTCH_SOURCE=
1000
PIECE_ROLE=back_body
1000
SEAM_ALLOWANCE_MM=
1000
SOURCE_LAYER=11
0
VERTEX
8
AI4M_01_ATOM_CUT
10
4384.659446
20
172.653953
30
0
0
VERTEX
8
AI4M_01_ATOM_CUT
10
4389.650857
20
172.9469
30
0
0
SEQEND
8
AI4M_01_ATOM_CUT
0
TEXT
8
AI4M_01_ATOM_CUT
10
4384.659446
20
172.653953
30
0
40
2.5
1
AI4M_line_0284_cut_line_unknown
1001
AI4MANUFACTURING
1000
WRITEBACK_PHASE=01_ATOM_LABEL
1000
ENTITY_ID=line_0284
999
AI4M_ENTITY=line_0285__seg_01;LINE_ROLE=side_seam;EDGE=side_seam;SOURCE_LAYER=11
0
POLYLINE
8
AI4M_01_ATOM_INTERNAL
66
1
70
0
1001
AI4MANUFACTURING
1000
WRITEBACK_PHASE=01_ATOM
1000
ENTITY_ID=line_0285__seg_01
1000
SOURCE_HANDLE=C56
1000
LINE_ROLE=side_seam
1000
EDGE=side_seam
1000
CHAIN=chain_ms1ulzc4
1000
PIECE_ID=back_body_manual_01
1000
SEAM_PAIR=
1000
PAIRED_CHAIN=
1000
NOTCH_CHAIN=
1000
NOTCH_SOURCE=
1000
PIECE_ROLE=back_body
1000
SEAM_ALLOWANCE_MM=
1000
SOURCE_LAYER=11
0
VERTEX
8
AI4M_01_ATOM_INTERNAL
10
4387.155151
20
172.800426
30
0
0
VERTEX
8
AI4M_01_ATOM_INTERNAL
10
4386.205683
20
186.521404
30
0
0
VERTEX
8
AI4M_01_ATOM_INTERNAL
10
4385.100729
20
199.032909
30
0
0
VERTEX
8
AI4M_01_ATOM_INTERNAL
10
4383.840597
20
210.633703
30
0
0
VERTEX
8
AI4M_01_ATOM_INTERNAL
10
4382.612036
20
219.96197
30
0
0
VERTEX
8
AI4M_01_ATOM_INTERNAL
10
4381.385164
20
227.551517
30
0
0
VERTEX
8
AI4M_01_ATOM_INTERNAL
10
4380.070311
20
234.269036
30
0
0
VERTEX
8
AI4M_01_ATOM_INTERNAL
10
4378.593103
20
240.586406
30
0
0
VERTEX
8
AI4M_01_ATOM_INTERNAL
10
4376.994191
20
246.39856
30
0
0
VERTEX
8
AI4M_01_ATOM_INTERNAL
10
4375.238076
20
251.907153
30
0
0
VERTEX
8
AI4M_01_ATOM_INTERNAL
10
4373.343882
20
257.089008
30
0
0
VERTEX
8
AI4M_01_ATOM_INTERNAL
10
4371.353871
20
261.87247
30
0
0
VERTEX
8
AI4M_01_ATOM_INTERNAL
10
4369.181657
20
266.479441
30
0
0
VERTEX
8
AI4M_01_ATOM_INTERNAL
10
4366.927432
20
270.705916
30
0
0
VERTEX
8
AI4M_01_ATOM_INTERNAL
10
4364.564685
20
274.639434
30
0
0
VERTEX
8
AI4M_01_ATOM_INTERNAL
10
4362.067924
20
278.324781
30
0
0
VERTEX
8
AI4M_01_ATOM_INTERNAL
10
4359.488471
20
281.702082
30
0
0
VERTEX
8
AI4M_01_ATOM_INTERNAL
10
4356.86498
20
284.747894
30
0
0
VERTEX
8
AI4M_01_ATOM_INTERNAL
10
4354.121167
20
287.569233
30
0
0
VERTEX
8
AI4M_01_ATOM_INTERNAL
10
4351.330146
20
290.10122
30
0
0
VERTEX
8
AI4M_01_ATOM_INTERNAL
10
4348.424441
20
292.415235
30
0
0
VERTEX
8
AI4M_01_ATOM_INTERNAL
10
4345.272582
20
294.604735
30
0
0
VERTEX
8
AI4M_01_ATOM_INTERNAL
10
4341.843946
20
296.679637
30
0
0
VERTEX
8
AI4M_01_ATOM_INTERNAL
10
4338.18772
20
298.603448
30
0
0
VERTEX
8
AI4M_01_ATOM_INTERNAL
10
4334.258606
20
300.395801
30
0
0
VERTEX
8
AI4M_01_ATOM_INTERNAL
10
4329.9851
20
302.071783
30
0
0
VERTEX
8
AI4M_01_ATOM_INTERNAL
10
4324.915863
20
303.776109
30
0
0
VERTEX
8
AI4M_01_ATOM_INTERNAL
10
4319.274533
20
305.407922
30
0
0
VERTEX
8
AI4M_01_ATOM_INTERNAL
10
4316.887817
20
306.016254
30
0
0
SEQEND
8
AI4M_01_ATOM_INTERNAL
0
TEXT
8
AI4M_01_ATOM_INTERNAL
10
4387.155151
20
172.800426
30
0
40
2.5
1
AI4M_line_0285__seg_01_side_seam_side_seam
1001
AI4MANUFACTURING
1000
WRITEBACK_PHASE=01_ATOM_LABEL
1000
ENTITY_ID=line_0285__seg_01
999
AI4M_ENTITY=line_0286;LINE_ROLE=cut_line;EDGE=unknown;SOURCE_LAYER=11
0
POLYLINE
8
AI4M_01_ATOM_CUT
66
1
70
0
1001
AI4MANUFACTURING
1000
WRITEBACK_PHASE=01_ATOM
1000
ENTITY_ID=line_0286
1000
SOURCE_HANDLE=C76
1000
LINE_ROLE=cut_line
1000
EDGE=unknown
1000
CHAIN=chain_ms1ulzc4
1000
PIECE_ID=back_body_manual_01
1000
SEAM_PAIR=
1000
PAIRED_CHAIN=
1000
NOTCH_CHAIN=
1000
NOTCH_SOURCE=
1000
PIECE_ROLE=back_body
1000
SEAM_ALLOWANCE_MM=
1000
SOURCE_LAYER=11
0
VERTEX
8
AI4M_01_ATOM_CUT
10
4383.534755
20
188.554936
30
0
0
VERTEX
8
AI4M_01_ATOM_CUT
10
4388.518083
20
188.962906
30
0
0
SEQEND
8
AI4M_01_ATOM_CUT
0
TEXT
8
AI4M_01_ATOM_CUT
10
4383.534755
20
188.554936
30
0
40
2.5
1
AI4M_line_0286_cut_line_unknown
1001
AI4MANUFACTURING
1000
WRITEBACK_PHASE=01_ATOM_LABEL
1000
ENTITY_ID=line_0286
999
AI4M_ENTITY=line_0287;LINE_ROLE=cut_line;EDGE=unknown;SOURCE_LAYER=11
0
POLYLINE
8
AI4M_01_ATOM_CUT
66
1
70
0
1001
AI4MANUFACTURING
1000
WRITEBACK_PHASE=01_ATOM
1000
ENTITY_ID=line_0287
1000
SOURCE_HANDLE=C77
1000
LINE_ROLE=cut_line
1000
EDGE=unknown
1000
CHAIN=chain_ms1ulzc4
1000
PIECE_ID=back_body_manual_01
1000
SEAM_PAIR=
1000
PAIRED_CHAIN=
1000
NOTCH_CHAIN=
1000
NOTCH_SOURCE=
1000
PIECE_ROLE=back_body
1000
SEAM_ALLOWANCE_MM=
1000
SOURCE_LAYER=11
0
VERTEX
8
AI4M_01_ATOM_CUT
10
4370.602024
20
257.23089
30
0
0
VERTEX
8
AI4M_01_ATOM_CUT
10
4375.241735
20
259.09451
30
0
0
SEQEND
8
AI4M_01_ATOM_CUT
0
TEXT
8
AI4M_01_ATOM_CUT
10
4370.602024
20
257.23089
30
0
40
2.5
1
AI4M_line_0287_cut_line_unknown
1001
AI4MANUFACTURING
1000
WRITEBACK_PHASE=01_ATOM_LABEL
1000
ENTITY_ID=line_0287
999
AI4M_ENTITY=line_0288__seg_01;LINE_ROLE=cut_line;EDGE=unknown;SOURCE_LAYER=11
0
POLYLINE
8
AI4M_01_ATOM_CUT
66
1
70
0
1001
AI4MANUFACTURING
1000
WRITEBACK_PHASE=01_ATOM
1000
ENTITY_ID=line_0288__seg_01
1000
SOURCE_HANDLE=C78
1000
LINE_ROLE=cut_line
1000
EDGE=unknown
1000
CHAIN=chain_ms1ulzc4
1000
PIECE_ID=back_body_manual_01
1000
SEAM_PAIR=
1000
PAIRED_CHAIN=
1000
NOTCH_CHAIN=
1000
NOTCH_SOURCE=
1000
PIECE_ROLE=back_body
1000
SEAM_ALLOWANCE_MM=
1000
SOURCE_LAYER=11
0
VERTEX
8
AI4M_01_ATOM_CUT
10
4316.887817
20
306.016254
30
0
0
VERTEX
8
AI4M_01_ATOM_CUT
10
4311.574118
20
306.93941
30
0
0
VERTEX
8
AI4M_01_ATOM_CUT
10
4306.998901
20
307.500534
30
0
0
SEQEND
8
AI4M_01_ATOM_CUT
0
TEXT
8
AI4M_01_ATOM_CUT
10
4316.887817
20
306.016254
30
0
40
2.5
1
AI4M_line_0288__seg_01_cut_line_unknown
1001
AI4MANUFACTURING
1000
WRITEBACK_PHASE=01_ATOM_LABEL
1000
ENTITY_ID=line_0288__seg_01
999
AI4M_ENTITY=line_0289__seg_01;LINE_ROLE=sleeve_hem;EDGE=sleeve_hem;SOURCE_LAYER=11
0
POLYLINE
8
AI4M_01_ATOM_INTERNAL
66
1
70
0
1001
AI4MANUFACTURING
1000
WRITEBACK_PHASE=01_ATOM
1000
ENTITY_ID=line_0289__seg_01
1000
SOURCE_HANDLE=C7E
1000
LINE_ROLE=sleeve_hem
1000
EDGE=sleeve_hem
1000
CHAIN=chain_ms1ulzc4
1000
PIECE_ID=back_body_manual_01
1000
SEAM_PAIR=
1000
PAIRED_CHAIN=
1000
NOTCH_CHAIN=
1000
NOTCH_SOURCE=
1000
PIECE_ROLE=back_body
1000
SEAM_ALLOWANCE_MM=
1000
SOURCE_LAYER=11
0
VERTEX
8
AI4M_01_ATOM_INTERNAL
10
4306.998901
20
307.500534
30
0
0
VERTEX
8
AI4M_01_ATOM_INTERNAL
10
4303.938
20
322.339213
30
0
0
VERTEX
8
AI4M_01_ATOM_INTERNAL
10
4300.614741
20
337.074837
30
0
0
VERTEX
8
AI4M_01_ATOM_INTERNAL
10
4297.221919
20
351.029277
30
0
0
VERTEX
8
AI4M_01_ATOM_INTERNAL
10
4293.860932
20
363.844042
30
0
0
VERTEX
8
AI4M_01_ATOM_INTERNAL
10
4290.612317
20
375.312204
30
0
0
VERTEX
8
AI4M_01_ATOM_INTERNAL
10
4287.095864
20
386.798847
30
0
0
VERTEX
8
AI4M_01_ATOM_INTERNAL
10
4283.079167
20
399.063105
30
0
0
VERTEX
8
AI4M_01_ATOM_INTERNAL
10
4278.504084
20
412.231445
30
0
0
VERTEX
8
AI4M_01_ATOM_INTERNAL
10
4273.533181
20
425.787668
30
0
0
VERTEX
8
AI4M_01_ATOM_INTERNAL
10
4268.243536
20
439.510798
30
0
0
VERTEX
8
AI4M_01_ATOM_INTERNAL
10
4263.313796
20
451.713238
30
0
0
VERTEX
8
AI4M_01_ATOM_INTERNAL
10
4261.165161
20
456.839905
30
0
0
SEQEND
8
AI4M_01_ATOM_INTERNAL
0
TEXT
8
AI4M_01_ATOM_INTERNAL
10
4306.998901
20
307.500534
30
0
40
2.5
1
AI4M_line_0289__seg_01_sleeve_hem_sleeve_hem
1001
AI4MANUFACTURING
1000
WRITEBACK_PHASE=01_ATOM_LABEL
1000
ENTITY_ID=line_0289__seg_01
999
AI4M_ENTITY=line_0291;LINE_ROLE=cut_line;EDGE=unknown;SOURCE_LAYER=11
0
POLYLINE
8
AI4M_01_ATOM_CUT
66
1
70
0
1001
AI4MANUFACTURING
1000
WRITEBACK_PHASE=01_ATOM
1000
ENTITY_ID=line_0291
1000
SOURCE_HANDLE=CB1
1000
LINE_ROLE=cut_line
1000
EDGE=unknown
1000
CHAIN=chain_ms1ulzc4
1000
PIECE_ID=back_body_manual_01
1000
SEAM_PAIR=
1000
PAIRED_CHAIN=
1000
NOTCH_CHAIN=
1000
NOTCH_SOURCE=
1000
PIECE_ROLE=back_body
1000
SEAM_ALLOWANCE_MM=
1000
SOURCE_LAYER=11
0
VERTEX
8
AI4M_01_ATOM_CUT
10
4491.362767
20
517.186535
30
0
0
VERTEX
8
AI4M_01_ATOM_CUT
10
4492.201764
20
512.25743
30
0
0
SEQEND
8
AI4M_01_ATOM_CUT
0
TEXT
8
AI4M_01_ATOM_CUT
10
4491.362767
20
517.186535
30
0
40
2.5
1
AI4M_line_0291_cut_line_unknown
1001
AI4MANUFACTURING
1000
WRITEBACK_PHASE=01_ATOM_LABEL
1000
ENTITY_ID=line_0291
999
AI4M_ENTITY=line_0292;LINE_ROLE=cut_line;EDGE=unknown;SOURCE_LAYER=11
0
POLYLINE
8
AI4M_01_ATOM_CUT
66
1
70
0
1001
AI4MANUFACTURING
1000
WRITEBACK_PHASE=01_ATOM
1000
ENTITY_ID=line_0292
1000
SOURCE_HANDLE=CB2
1000
LINE_ROLE=cut_line
1000
EDGE=unknown
1000
CHAIN=chain_ms1ulzc4
1000
PIECE_ID=back_body_manual_01
1000
SEAM_PAIR=
1000
PAIRED_CHAIN=
1000
NOTCH_CHAIN=
1000
NOTCH_SOURCE=
1000
PIECE_ROLE=back_body
1000
SEAM_ALLOWANCE_MM=
1000
SOURCE_LAYER=11
0
VERTEX
8
AI4M_01_ATOM_CUT
10
4710.000763
20
534.204331
30
0
0
VERTEX
8
AI4M_01_ATOM_CUT
10
4710.001435
20
529.204331
30
0
0
SEQEND
8
AI4M_01_ATOM_CUT
0
TEXT
8
AI4M_01_ATOM_CUT
10
4710.000763
20
534.204331
30
0
40
2.5
1
AI4M_line_0292_cut_line_unknown
1001
AI4MANUFACTURING
1000
WRITEBACK_PHASE=01_ATOM_LABEL
1000
ENTITY_ID=line_0292
999
AI4M_ENTITY=line_0294;LINE_ROLE=cut_line;EDGE=unknown;SOURCE_LAYER=11
0
POLYLINE
8
AI4M_01_ATOM_CUT
66
1
70
0
1001
AI4MANUFACTURING
1000
WRITEBACK_PHASE=01_ATOM
1000
ENTITY_ID=line_0294
1000
SOURCE_HANDLE=CD6
1000
LINE_ROLE=cut_line
1000
EDGE=unknown
1000
CHAIN=chain_ms1ulzc4
1000
PIECE_ID=back_body_manual_01
1000
SEAM_PAIR=
1000
PAIRED_CHAIN=
1000
NOTCH_CHAIN=
1000
NOTCH_SOURCE=
1000
PIECE_ROLE=back_body
1000
SEAM_ALLOWANCE_MM=
1000
SOURCE_LAYER=11
0
VERTEX
8
AI4M_01_ATOM_CUT
10
4928.637386
20
517.186484
30
0
0
VERTEX
8
AI4M_01_ATOM_CUT
10
4927.798379
20
512.25738
30
0
0
SEQEND
8
AI4M_01_ATOM_CUT
0
TEXT
8
AI4M_01_ATOM_CUT
10
4928.637386
20
517.186484
30
0
40
2.5
1
AI4M_line_0294_cut_line_unknown
1001
AI4MANUFACTURING
1000
WRITEBACK_PHASE=01_ATOM_LABEL
1000
ENTITY_ID=line_0294
999
AI4M_ENTITY=line_0295__seg_01;LINE_ROLE=sleeve_hem;EDGE=sleeve_hem;SOURCE_LAYER=11
0
POLYLINE
8
AI4M_01_ATOM_INTERNAL
66
1
70
0
1001
AI4MANUFACTURING
1000
WRITEBACK_PHASE=01_ATOM
1000
ENTITY_ID=line_0295__seg_01
1000
SOURCE_HANDLE=CD7
1000
LINE_ROLE=sleeve_hem
1000
EDGE=sleeve_hem
1000
CHAIN=chain_ms1ulzc4
1000
PIECE_ID=back_body_manual_01
1000
SEAM_PAIR=
1000
PAIRED_CHAIN=
1000
NOTCH_CHAIN=
1000
NOTCH_SOURCE=
1000
PIECE_ROLE=back_body
1000
SEAM_ALLOWANCE_MM=
1000
SOURCE_LAYER=11
0
VERTEX
8
AI4M_01_ATOM_INTERNAL
10
5158.834839
20
456.839905
30
0
0
VERTEX
8
AI4M_01_ATOM_INTERNAL
10
5152.981357
20
442.585314
30
0
0
VERTEX
8
AI4M_01_ATOM_INTERNAL
10
5148.087216
20
430.076941
30
0
0
VERTEX
8
AI4M_01_ATOM_INTERNAL
10
5142.832267
20
415.93971
30
0
0
VERTEX
8
AI4M_01_ATOM_INTERNAL
10
5138.065708
20
402.43159
30
0
0
VERTEX
8
AI4M_01_ATOM_INTERNAL
10
5133.903956
20
389.927688
30
0
0
VERTEX
8
AI4M_01_ATOM_INTERNAL
10
5130.189031
20
378.000622
30
0
0
VERTEX
8
AI4M_01_ATOM_INTERNAL
10
5126.927888
20
366.714242
30
0
0
VERTEX
8
AI4M_01_ATOM_INTERNAL
10
5123.61702
20
354.317061
30
0
0
VERTEX
8
AI4M_01_ATOM_INTERNAL
10
5120.199649
20
340.548615
30
0
0
VERTEX
8
AI4M_01_ATOM_INTERNAL
10
5117.159344
20
327.28365
30
0
0
VERTEX
8
AI4M_01_ATOM_INTERNAL
10
5114.020164
20
312.513023
30
0
0
VERTEX
8
AI4M_01_ATOM_INTERNAL
10
5113.001099
20
307.500534
30
0
0
SEQEND
8
AI4M_01_ATOM_INTERNAL
0
TEXT
8
AI4M_01_ATOM_INTERNAL
10
5158.834839
20
456.839905
30
0
40
2.5
1
AI4M_line_0295__seg_01_sleeve_hem_sleeve_hem
1001
AI4MANUFACTURING
1000
WRITEBACK_PHASE=01_ATOM_LABEL
1000
ENTITY_ID=line_0295__seg_01
999
AI4M_ENTITY=line_0296;LINE_ROLE=construction;EDGE=construction_vertical;SOURCE_LAYER=11
0
POLYLINE
8
AI4M_01_ATOM_INTERNAL
66
1
70
0
1001
AI4MANUFACTURING
1000
WRITEBACK_PHASE=01_ATOM
1000
ENTITY_ID=line_0296
1000
SOURCE_HANDLE=CE7
1000
LINE_ROLE=construction
1000
EDGE=construction_vertical
1000
CHAIN=chain_ms1ulzc4
1000
PIECE_ID=back_body_manual_01
1000
SEAM_PAIR=
1000
PAIRED_CHAIN=
1000
NOTCH_CHAIN=
1000
NOTCH_SOURCE=
1000
PIECE_ROLE=back_body
1000
SEAM_ALLOWANCE_MM=
1000
SOURCE_LAYER=11
0
VERTEX
8
AI4M_01_ATOM_INTERNAL
10
4710.000916
20
531.70433
30
0
0
VERTEX
8
AI4M_01_ATOM_INTERNAL
10
4710.000916
20
88.297567
30
0
0
SEQEND
8
AI4M_01_ATOM_INTERNAL
0
TEXT
8
AI4M_01_ATOM_INTERNAL
10
4710.000916
20
531.70433
30
0
40
2.5
1
AI4M_line_0296_construction_construction_vertical
1001
AI4MANUFACTURING
1000
WRITEBACK_PHASE=01_ATOM_LABEL
1000
ENTITY_ID=line_0296
999
AI4M_ENTITY=line_0297;LINE_ROLE=cut_line;EDGE=unknown;SOURCE_LAYER=11
0
POLYLINE
8
AI4M_01_ATOM_CUT
66
1
70
0
1001
AI4MANUFACTURING
1000
WRITEBACK_PHASE=01_ATOM
1000
ENTITY_ID=line_0297
1000
SOURCE_HANDLE=CEC
1000
LINE_ROLE=cut_line
1000
EDGE=unknown
1000
CHAIN=chain_ms1ulzc4
1000
PIECE_ID=back_body_manual_01
1000
SEAM_PAIR=
1000
PAIRED_CHAIN=
1000
NOTCH_CHAIN=
1000
NOTCH_SOURCE=
1000
PIECE_ROLE=back_body
1000
SEAM_ALLOWANCE_MM=
1000
SOURCE_LAYER=11
0
VERTEX
8
AI4M_01_ATOM_CUT
10
4710.000916
20
534.20433
30
0
0
VERTEX
8
AI4M_01_ATOM_CUT
10
4710.000915
20
529.20433
30
0
0
SEQEND
8
AI4M_01_ATOM_CUT
0
TEXT
8
AI4M_01_ATOM_CUT
10
4710.000916
20
534.20433
30
0
40
2.5
1
AI4M_line_0297_cut_line_unknown
1001
AI4MANUFACTURING
1000
WRITEBACK_PHASE=01_ATOM_LABEL
1000
ENTITY_ID=line_0297
999
AI4M_ENTITY=line_0298;LINE_ROLE=construction;EDGE=construction_horizontal;SOURCE_LAYER=11
0
POLYLINE
8
AI4M_01_ATOM_INTERNAL
66
1
70
0
1001
AI4MANUFACTURING
1000
WRITEBACK_PHASE=01_ATOM
1000
ENTITY_ID=line_0298
1000
SOURCE_HANDLE=CED
1000
LINE_ROLE=construction
1000
EDGE=construction_horizontal
1000
CHAIN=chain_ms1ulzc4
1000
PIECE_ID=back_body_manual_01
1000
SEAM_PAIR=
1000
PAIRED_CHAIN=
1000
NOTCH_CHAIN=
1000
NOTCH_SOURCE=
1000
PIECE_ROLE=back_body
1000
SEAM_ALLOWANCE_MM=
1000
SOURCE_LAYER=11
0
VERTEX
8
AI4M_01_ATOM_INTERNAL
10
5113.001099
20
307.500534
30
0
0
VERTEX
8
AI4M_01_ATOM_INTERNAL
10
4710.000916
20
307.500534
30
0
0
SEQEND
8
AI4M_01_ATOM_INTERNAL
0
TEXT
8
AI4M_01_ATOM_INTERNAL
10
5113.001099
20
307.500534
30
0
40
2.5
1
AI4M_line_0298_construction_construction_horizontal
1001
AI4MANUFACTURING
1000
WRITEBACK_PHASE=01_ATOM_LABEL
1000
ENTITY_ID=line_0298
999
AI4M_ENTITY=line_0299;LINE_ROLE=construction;EDGE=construction_horizontal;SOURCE_LAYER=11
0
POLYLINE
8
AI4M_01_ATOM_INTERNAL
66
1
70
0
1001
AI4MANUFACTURING
1000
WRITEBACK_PHASE=01_ATOM
1000
ENTITY_ID=line_0299
1000
SOURCE_HANDLE=CF2
1000
LINE_ROLE=construction
1000
EDGE=construction_horizontal
1000
CHAIN=chain_ms1ulzc4
1000
PIECE_ID=back_body_manual_01
1000
SEAM_PAIR=
1000
PAIRED_CHAIN=
1000
NOTCH_CHAIN=
1000
NOTCH_SOURCE=
1000
PIECE_ROLE=back_body
1000
SEAM_ALLOWANCE_MM=
1000
SOURCE_LAYER=11
0
VERTEX
8
AI4M_01_ATOM_INTERNAL
10
5041.459961
20
240.500507
30
0
0
VERTEX
8
AI4M_01_ATOM_INTERNAL
10
4710.000916
20
240.500507
30
0
0
SEQEND
8
AI4M_01_ATOM_INTERNAL
0
TEXT
8
AI4M_01_ATOM_INTERNAL
10
5041.459961
20
240.500507
30
0
40
2.5
1
AI4M_line_0299_construction_construction_horizontal
1001
AI4MANUFACTURING
1000
WRITEBACK_PHASE=01_ATOM_LABEL
1000
ENTITY_ID=line_0299
999
AI4M_ENTITY=line_0300;LINE_ROLE=cut_line;EDGE=unknown;SOURCE_LAYER=11
0
POLYLINE
8
AI4M_01_ATOM_CUT
66
1
70
0
1001
AI4MANUFACTURING
1000
WRITEBACK_PHASE=01_ATOM
1000
ENTITY_ID=line_0300
1000
SOURCE_HANDLE=CF7
1000
LINE_ROLE=cut_line
1000
EDGE=unknown
1000
CHAIN=chain_ms1ulzc4
1000
PIECE_ID=back_body_manual_01
1000
SEAM_PAIR=
1000
PAIRED_CHAIN=
1000
NOTCH_CHAIN=
1000
NOTCH_SOURCE=
1000
PIECE_ROLE=back_body
1000
SEAM_ALLOWANCE_MM=
1000
SOURCE_LAYER=11
0
VERTEX
8
AI4M_01_ATOM_CUT
10
5123.497314
20
308.81115
30
0
0
VERTEX
8
AI4M_01_ATOM_CUT
10
5128.256836
20
299.098339
30
0
0
SEQEND
8
AI4M_01_ATOM_CUT
0
TEXT
8
AI4M_01_ATOM_CUT
10
5123.497314
20
308.81115
30
0
40
2.5
1
AI4M_line_0300_cut_line_unknown
1001
AI4MANUFACTURING
1000
WRITEBACK_PHASE=01_ATOM_LABEL
1000
ENTITY_ID=line_0300
999
AI4M_ENTITY=line_0301;LINE_ROLE=construction;EDGE=construction_horizontal;SOURCE_LAYER=11
0
POLYLINE
8
AI4M_01_ATOM_INTERNAL
66
1
70
0
1001
AI4MANUFACTURING
1000
WRITEBACK_PHASE=01_ATOM
1000
ENTITY_ID=line_0301
1000
SOURCE_HANDLE=CFC
1000
LINE_ROLE=construction
1000
EDGE=construction_horizontal
1000
CHAIN=chain_ms1ulzc4
1000
PIECE_ID=back_body_manual_01
1000
SEAM_PAIR=
1000
PAIRED_CHAIN=
1000
NOTCH_CHAIN=
1000
NOTCH_SOURCE=
1000
PIECE_ROLE=back_body
1000
SEAM_ALLOWANCE_MM=
1000
SOURCE_LAYER=11
0
VERTEX
8
AI4M_01_ATOM_INTERNAL
10
4306.998901
20
307.500534
30
0
0
VERTEX
8
AI4M_01_ATOM_INTERNAL
10
4710.000916
20
307.500534
30
0
0
SEQEND
8
AI4M_01_ATOM_INTERNAL
0
TEXT
8
AI4M_01_ATOM_INTERNAL
10
4306.998901
20
307.500534
30
0
40
2.5
1
AI4M_line_0301_construction_construction_horizontal
1001
AI4MANUFACTURING
1000
WRITEBACK_PHASE=01_ATOM_LABEL
1000
ENTITY_ID=line_0301
999
AI4M_ENTITY=line_0302;LINE_ROLE=construction;EDGE=construction_horizontal;SOURCE_LAYER=11
0
POLYLINE
8
AI4M_01_ATOM_INTERNAL
66
1
70
0
1001
AI4MANUFACTURING
1000
WRITEBACK_PHASE=01_ATOM
1000
ENTITY_ID=line_0302
1000
SOURCE_HANDLE=D01
1000
LINE_ROLE=construction
1000
EDGE=construction_horizontal
1000
CHAIN=chain_ms1ulzc4
1000
PIECE_ID=back_body_manual_01
1000
SEAM_PAIR=
1000
PAIRED_CHAIN=
1000
NOTCH_CHAIN=
1000
NOTCH_SOURCE=
1000
PIECE_ROLE=back_body
1000
SEAM_ALLOWANCE_MM=
1000
SOURCE_LAYER=11
0
VERTEX
8
AI4M_01_ATOM_INTERNAL
10
4378.540039
20
240.500507
30
0
0
VERTEX
8
AI4M_01_ATOM_INTERNAL
10
4710.000916
20
240.500507
30
0
0
SEQEND
8
AI4M_01_ATOM_INTERNAL
0
TEXT
8
AI4M_01_ATOM_INTERNAL
10
4378.540039
20
240.500507
30
0
40
2.5
1
AI4M_line_0302_construction_construction_horizontal
1001
AI4MANUFACTURING
1000
WRITEBACK_PHASE=01_ATOM_LABEL
1000
ENTITY_ID=line_0302
999
AI4M_ENTITY=line_0303;LINE_ROLE=cut_line;EDGE=unknown;SOURCE_LAYER=11
0
POLYLINE
8
AI4M_01_ATOM_CUT
66
1
70
0
1001
AI4MANUFACTURING
1000
WRITEBACK_PHASE=01_ATOM
1000
ENTITY_ID=line_0303
1000
SOURCE_HANDLE=D06
1000
LINE_ROLE=cut_line
1000
EDGE=unknown
1000
CHAIN=chain_ms1ulzc4
1000
PIECE_ID=back_body_manual_01
1000
SEAM_PAIR=
1000
PAIRED_CHAIN=
1000
NOTCH_CHAIN=
1000
NOTCH_SOURCE=
1000
PIECE_ROLE=back_body
1000
SEAM_ALLOWANCE_MM=
1000
SOURCE_LAYER=11
0
VERTEX
8
AI4M_01_ATOM_CUT
10
4296.502991
20
308.81115
30
0
0
VERTEX
8
AI4M_01_ATOM_CUT
10
4291.743164
20
299.098339
30
0
0
SEQEND
8
AI4M_01_ATOM_CUT
0
TEXT
8
AI4M_01_ATOM_CUT
10
4296.502991
20
308.81115
30
0
40
2.5
1
AI4M_line_0303_cut_line_unknown
1001
AI4MANUFACTURING
1000
WRITEBACK_PHASE=01_ATOM_LABEL
1000
ENTITY_ID=line_0303
999
AI4M_ENTITY=line_0304__seg_01;LINE_ROLE=pattern_boundary;EDGE=pattern_boundary;SOURCE_LAYER=11
0
POLYLINE
8
AI4M_01_ATOM_NET
66
1
70
0
1001
AI4MANUFACTURING
1000
WRITEBACK_PHASE=01_ATOM
1000
ENTITY_ID=line_0304__seg_01
1000
SOURCE_HANDLE=D0B
1000
LINE_ROLE=pattern_boundary
1000
EDGE=pattern_boundary
1000
CHAIN=chain_ms1ulzc4
1000
PIECE_ID=back_body_manual_01
1000
SEAM_PAIR=
1000
PAIRED_CHAIN=
1000
NOTCH_CHAIN=
1000
NOTCH_SOURCE=
1000
PIECE_ROLE=back_body
1000
SEAM_ALLOWANCE_MM=
1000
SOURCE_LAYER=11
0
VERTEX
8
AI4M_01_ATOM_NET
10
5168.621826
20
454.351997
30
0
0
VERTEX
8
AI4M_01_ATOM_NET
10
5162.747192
20
440.072365
30
0
0
VERTEX
8
AI4M_01_ATOM_NET
10
5157.738037
20
427.316742
30
0
0
VERTEX
8
AI4M_01_ATOM_NET
10
5152.505493
20
413.280525
30
0
0
VERTEX
8
AI4M_01_ATOM_NET
10
5147.754517
20
399.857025
30
0
0
VERTEX
8
AI4M_01_ATOM_NET
10
5143.59314
20
387.389793
30
0
0
VERTEX
8
AI4M_01_ATOM_NET
10
5139.898682
20
375.561256
30
0
0
VERTEX
8
AI4M_01_ATOM_NET
10
5136.66687
20
364.408035
30
0
0
VERTEX
8
AI4M_01_ATOM_NET
10
5133.355713
20
352.036819
30
0
0
VERTEX
8
AI4M_01_ATOM_NET
10
5129.972534
20
338.431702
30
0
0
VERTEX
8
AI4M_01_ATOM_NET
10
5127.08374
20
325.835304
30
0
0
VERTEX
8
AI4M_01_ATOM_NET
10
5123.990479
20
311.226177
30
0
0
VERTEX
8
AI4M_01_ATOM_NET
10
5123.500977
20
308.812008
30
0
0
SEQEND
8
AI4M_01_ATOM_NET
0
TEXT
8
AI4M_01_ATOM_NET
10
5168.621826
20
454.351997
30
0
40
2.5
1
AI4M_line_0304__seg_01_pattern_boundary_pattern_boundary
1001
AI4MANUFACTURING
1000
WRITEBACK_PHASE=01_ATOM_LABEL
1000
ENTITY_ID=line_0304__seg_01
999
AI4M_ENTITY=line_0305;LINE_ROLE=pattern_boundary;EDGE=pattern_boundary;SOURCE_LAYER=11
0
POLYLINE
8
AI4M_01_ATOM_NET
66
1
70
0
1001
AI4MANUFACTURING
1000
WRITEBACK_PHASE=01_ATOM
1000
ENTITY_ID=line_0305
1000
SOURCE_HANDLE=D1B
1000
LINE_ROLE=pattern_boundary
1000
EDGE=pattern_boundary
1000
CHAIN=chain_ms1ulzc4
1000
PIECE_ID=back_body_manual_01
1000
SEAM_PAIR=
1000
PAIRED_CHAIN=
1000
NOTCH_CHAIN=
1000
NOTCH_SOURCE=
1000
PIECE_ROLE=back_body
1000
SEAM_ALLOWANCE_MM=
1000
SOURCE_LAYER=11
0
VERTEX
8
AI4M_01_ATOM_NET
10
5174.284058
20
462.661285
30
0
0
VERTEX
8
AI4M_01_ATOM_NET
10
5168.621826
20
454.351997
30
0
0
SEQEND
8
AI4M_01_ATOM_NET
0
TEXT
8
AI4M_01_ATOM_NET
10
5174.284058
20
462.661285
30
0
40
2.5
1
AI4M_line_0305_pattern_boundary_pattern_boundary
1001
AI4MANUFACTURING
1000
WRITEBACK_PHASE=01_ATOM_LABEL
1000
ENTITY_ID=line_0305
999
AI4M_ENTITY=line_0306__seg_01;LINE_ROLE=pattern_boundary;EDGE=pattern_boundary;SOURCE_LAYER=11
0
POLYLINE
8
AI4M_01_ATOM_NET
66
1
70
0
1001
AI4MANUFACTURING
1000
WRITEBACK_PHASE=01_ATOM
1000
ENTITY_ID=line_0306__seg_01
1000
SOURCE_HANDLE=D20
1000
LINE_ROLE=pattern_boundary
1000
EDGE=pattern_boundary
1000
CHAIN=chain_ms1ulzc4
1000
PIECE_ID=back_body_manual_01
1000
SEAM_PAIR=
1000
PAIRED_CHAIN=
1000
NOTCH_CHAIN=
1000
NOTCH_SOURCE=
1000
PIECE_ROLE=back_body
1000
SEAM_ALLOWANCE_MM=
1000
SOURCE_LAYER=11
0
VERTEX
8
AI4M_01_ATOM_NET
10
4710.000916
20
541.704636
30
0
0
VERTEX
8
AI4M_01_ATOM_NET
10
4725.572815
20
541.63681
30
0
0
VERTEX
8
AI4M_01_ATOM_NET
10
4740.822449
20
541.605835
30
0
0
VERTEX
8
AI4M_01_ATOM_NET
10
4755.906982
20
541.445198
30
0
0
VERTEX
8
AI4M_01_ATOM_NET
10
4770.949707
20
541.043243
30
0
0
VERTEX
8
AI4M_01_ATOM_NET
10
4786.112671
20
540.430489
30
0
0
VERTEX
8
AI4M_01_ATOM_NET
10
4801.110535
20
539.618111
30
0
0
VERTEX
8
AI4M_01_ATOM_NET
10
4816.096191
20
538.601532
30
0
0
VERTEX
8
AI4M_01_ATOM_NET
10
4831.221619
20
537.37339
30
0
0
VERTEX
8
AI4M_01_ATOM_NET
10
4846.174011
20
535.962639
30
0
0
VERTEX
8
AI4M_01_ATOM_NET
10
4861.106873
20
534.361305
30
0
0
VERTEX
8
AI4M_01_ATOM_NET
10
4876.173706
20
532.553635
30
0
0
VERTEX
8
AI4M_01_ATOM_NET
10
4891.05896
20
530.581436
30
0
0
VERTEX
8
AI4M_01_ATOM_NET
10
4906.077271
20
528.405991
30
0
0
VERTEX
8
AI4M_01_ATOM_NET
10
4920.904236
20
526.077118
30
0
0
VERTEX
8
AI4M_01_ATOM_NET
10
4935.706787
20
523.576775
30
0
0
VERTEX
8
AI4M_01_ATOM_NET
10
4950.640564
20
520.880203
30
0
0
VERTEX
8
AI4M_01_ATOM_NET
10
4965.551758
20
518.014832
30
0
0
VERTEX
8
AI4M_01_ATOM_NET
10
4980.422058
20
514.988136
30
0
0
VERTEX
8
AI4M_01_ATOM_NET
10
4995.144348
20
511.828613
30
0
0
VERTEX
8
AI4M_01_ATOM_NET
10
5009.821167
20
508.520699
30
0
0
VERTEX
8
AI4M_01_ATOM_NET
10
5024.590759
20
505.035515
30
0
0
VERTEX
8
AI4M_01_ATOM_NET
10
5039.190063
20
501.439133
30
0
0
VERTEX
8
AI4M_01_ATOM_NET
10
5053.889465
20
497.669029
30
0
0
VERTEX
8
AI4M_01_ATOM_NET
10
5068.464661
20
493.786392
30
0
0
VERTEX
8
AI4M_01_ATOM_NET
10
5083.096008
20
489.760094
30
0
0
VERTEX
8
AI4M_01_ATOM_NET
10
5097.539673
20
485.683784
30
0
0
VERTEX
8
AI4M_01_ATOM_NET
10
5112.11853
20
481.471672
30
0
0
VERTEX
8
AI4M_01_ATOM_NET
10
5126.54541
20
477.18811
30
0
0
VERTEX
8
AI4M_01_ATOM_NET
10
5141.062622
20
472.768478
30
0
0
VERTEX
8
AI4M_01_ATOM_NET
10
5155.570068
20
468.317223
30
0
0
VERTEX
8
AI4M_01_ATOM_NET
10
5170.066528
20
463.92067
30
0
0
VERTEX
8
AI4M_01_ATOM_NET
10
5174.284058
20
462.661285
30
0
0
SEQEND
8
AI4M_01_ATOM_NET
0
TEXT
8
AI4M_01_ATOM_NET
10
4710.000916
20
541.704636
30
0
40
2.5
1
AI4M_line_0306__seg_01_pattern_boundary_pattern_boundary
1001
AI4MANUFACTURING
1000
WRITEBACK_PHASE=01_ATOM_LABEL
1000
ENTITY_ID=line_0306__seg_01
999
AI4M_ENTITY=line_0307__seg_01;LINE_ROLE=pattern_boundary;EDGE=pattern_boundary;SOURCE_LAYER=11
0
POLYLINE
8
AI4M_01_ATOM_NET
66
1
70
0
1001
AI4MANUFACTURING
1000
WRITEBACK_PHASE=01_ATOM
1000
ENTITY_ID=line_0307__seg_01
1000
SOURCE_HANDLE=D44
1000
LINE_ROLE=pattern_boundary
1000
EDGE=pattern_boundary
1000
CHAIN=chain_ms1ulzc4
1000
PIECE_ID=back_body_manual_01
1000
SEAM_PAIR=
1000
PAIRED_CHAIN=
1000
NOTCH_CHAIN=
1000
NOTCH_SOURCE=
1000
PIECE_ROLE=back_body
1000
SEAM_ALLOWANCE_MM=
1000
SOURCE_LAYER=11
0
VERTEX
8
AI4M_01_ATOM_NET
10
4245.715942
20
462.661285
30
0
0
VERTEX
8
AI4M_01_ATOM_NET
10
4260.635681
20
467.158089
30
0
0
VERTEX
8
AI4M_01_ATOM_NET
10
4275.144653
20
471.604691
30
0
0
VERTEX
8
AI4M_01_ATOM_NET
10
4289.656982
20
476.040192
30
0
0
VERTEX
8
AI4M_01_ATOM_NET
10
4304.170227
20
480.381546
30
0
0
VERTEX
8
AI4M_01_ATOM_NET
10
4318.74176
20
484.619408
30
0
0
VERTEX
8
AI4M_01_ATOM_NET
10
4333.219604
20
488.728905
30
0
0
VERTEX
8
AI4M_01_ATOM_NET
10
4347.843628
20
492.781677
30
0
0
VERTEX
8
AI4M_01_ATOM_NET
10
4362.336731
20
496.677284
30
0
0
VERTEX
8
AI4M_01_ATOM_NET
10
4377.026978
20
500.483055
30
0
0
VERTEX
8
AI4M_01_ATOM_NET
10
4391.663818
20
504.127045
30
0
0
VERTEX
8
AI4M_01_ATOM_NET
10
4406.424561
20
507.649536
30
0
0
VERTEX
8
AI4M_01_ATOM_NET
10
4421.083679
20
510.9935
30
0
0
VERTEX
8
AI4M_01_ATOM_NET
10
4435.912781
20
514.216576
30
0
0
VERTEX
8
AI4M_01_ATOM_NET
10
4450.647278
20
517.256927
30
0
0
VERTEX
8
AI4M_01_ATOM_NET
10
4465.426025
20
520.141068
30
0
0
VERTEX
8
AI4M_01_ATOM_NET
10
4480.351563
20
522.882957
30
0
0
VERTEX
8
AI4M_01_ATOM_NET
10
4495.202637
20
525.437469
30
0
0
VERTEX
8
AI4M_01_ATOM_NET
10
4510.187073
20
527.836227
30
0
0
VERTEX
8
AI4M_01_ATOM_NET
10
4525.151062
20
530.04982
30
0
0
VERTEX
8
AI4M_01_ATOM_NET
10
4540.023804
20
532.067337
30
0
0
VERTEX
8
AI4M_01_ATOM_NET
10
4555.085144
20
533.922501
30
0
0
VERTEX
8
AI4M_01_ATOM_NET
10
4570.00946
20
535.571518
30
0
0
VERTEX
8
AI4M_01_ATOM_NET
10
4584.95636
20
537.031326
30
0
0
VERTEX
8
AI4M_01_ATOM_NET
10
4600.07782
20
538.309898
30
0
0
VERTEX
8
AI4M_01_ATOM_NET
10
4615.058594
20
539.37748
30
0
0
VERTEX
8
AI4M_01_ATOM_NET
10
4630.053711
20
540.242615
30
0
0
VERTEX
8
AI4M_01_ATOM_NET
10
4645.214233
20
540.907555
30
0
0
VERTEX
8
AI4M_01_ATOM_NET
10
4660.227661
20
541.363258
30
0
0
VERTEX
8
AI4M_01_ATOM_NET
10
4674.874268
20
541.584129
30
0
0
VERTEX
8
AI4M_01_ATOM_NET
10
4689.960022
20
541.626129
30
0
0
VERTEX
8
AI4M_01_ATOM_NET
10
4704.992065
20
541.678162
30
0
0
VERTEX
8
AI4M_01_ATOM_NET
10
4710.000916
20
541.704636
30
0
0
SEQEND
8
AI4M_01_ATOM_NET
0
TEXT
8
AI4M_01_ATOM_NET
10
4245.715942
20
462.661285
30
0
40
2.5
1
AI4M_line_0307__seg_01_pattern_boundary_pattern_boundary
1001
AI4MANUFACTURING
1000
WRITEBACK_PHASE=01_ATOM_LABEL
1000
ENTITY_ID=line_0307__seg_01
999
AI4M_ENTITY=line_0308;LINE_ROLE=pattern_boundary;EDGE=pattern_boundary;SOURCE_LAYER=11
0
POLYLINE
8
AI4M_01_ATOM_NET
66
1
70
0
1001
AI4MANUFACTURING
1000
WRITEBACK_PHASE=01_ATOM
1000
ENTITY_ID=line_0308
1000
SOURCE_HANDLE=D68
1000
LINE_ROLE=pattern_boundary
1000
EDGE=pattern_boundary
1000
CHAIN=chain_ms1ulzc4
1000
PIECE_ID=back_body_manual_01
1000
SEAM_PAIR=
1000
PAIRED_CHAIN=
1000
NOTCH_CHAIN=
1000
NOTCH_SOURCE=
1000
PIECE_ROLE=back_body
1000
SEAM_ALLOWANCE_MM=
1000
SOURCE_LAYER=11
0
VERTEX
8
AI4M_01_ATOM_NET
10
4251.377869
20
454.351997
30
0
0
VERTEX
8
AI4M_01_ATOM_NET
10
4245.715942
20
462.661285
30
0
0
SEQEND
8
AI4M_01_ATOM_NET
0
TEXT
8
AI4M_01_ATOM_NET
10
4251.377869
20
454.351997
30
0
40
2.5
1
AI4M_line_0308_pattern_boundary_pattern_boundary
1001
AI4MANUFACTURING
1000
WRITEBACK_PHASE=01_ATOM_LABEL
1000
ENTITY_ID=line_0308
999
AI4M_ENTITY=line_0309__seg_01;LINE_ROLE=pattern_boundary;EDGE=pattern_boundary;SOURCE_LAYER=11
0
POLYLINE
8
AI4M_01_ATOM_NET
66
1
70
0
1001
AI4MANUFACTURING
1000
WRITEBACK_PHASE=01_ATOM
1000
ENTITY_ID=line_0309__seg_01
1000
SOURCE_HANDLE=D6D
1000
LINE_ROLE=pattern_boundary
1000
EDGE=pattern_boundary
1000
CHAIN=chain_ms1ulzc4
1000
PIECE_ID=back_body_manual_01
1000
SEAM_PAIR=
1000
PAIRED_CHAIN=
1000
NOTCH_CHAIN=
1000
NOTCH_SOURCE=
1000
PIECE_ROLE=back_body
1000
SEAM_ALLOWANCE_MM=
1000
SOURCE_LAYER=11
0
VERTEX
8
AI4M_01_ATOM_NET
10
4296.499023
20
308.812008
30
0
0
VERTEX
8
AI4M_01_ATOM_NET
10
4293.295288
20
324.101486
30
0
0
VERTEX
8
AI4M_01_ATOM_NET
10
4290.369873
20
336.993408
30
0
0
VERTEX
8
AI4M_01_ATOM_NET
10
4287.062378
20
350.409737
30
0
0
VERTEX
8
AI4M_01_ATOM_NET
10
4283.657227
20
363.23967
30
0
0
VERTEX
8
AI4M_01_ATOM_NET
10
4280.436096
20
374.445648
30
0
0
VERTEX
8
AI4M_01_ATOM_NET
10
4276.79657
20
386.180534
30
0
0
VERTEX
8
AI4M_01_ATOM_NET
10
4272.657471
20
398.655319
30
0
0
VERTEX
8
AI4M_01_ATOM_NET
10
4267.983093
20
411.933441
30
0
0
VERTEX
8
AI4M_01_ATOM_NET
10
4262.796326
20
425.915985
30
0
0
VERTEX
8
AI4M_01_ATOM_NET
10
4257.840271
20
438.610992
30
0
0
VERTEX
8
AI4M_01_ATOM_NET
10
4252.16156
20
452.479897
30
0
0
VERTEX
8
AI4M_01_ATOM_NET
10
4251.377869
20
454.351997
30
0
0
SEQEND
8
AI4M_01_ATOM_NET
0
TEXT
8
AI4M_01_ATOM_NET
10
4296.499023
20
308.812008
30
0
40
2.5
1
AI4M_line_0309__seg_01_pattern_boundary_pattern_boundary
1001
AI4MANUFACTURING
1000
WRITEBACK_PHASE=01_ATOM_LABEL
1000
ENTITY_ID=line_0309__seg_01
999
AI4M_ENTITY=line_0310;LINE_ROLE=pattern_boundary;EDGE=pattern_boundary;SOURCE_LAYER=11
0
POLYLINE
8
AI4M_01_ATOM_NET
66
1
70
0
1001
AI4MANUFACTURING
1000
WRITEBACK_PHASE=01_ATOM
1000
ENTITY_ID=line_0310
1000
SOURCE_HANDLE=D7D
1000
LINE_ROLE=pattern_boundary
1000
EDGE=pattern_boundary
1000
CHAIN=chain_ms1ulzc4
1000
PIECE_ID=back_body_manual_01
1000
SEAM_PAIR=
1000
PAIRED_CHAIN=
1000
NOTCH_CHAIN=
1000
NOTCH_SOURCE=
1000
PIECE_ROLE=back_body
1000
SEAM_ALLOWANCE_MM=
1000
SOURCE_LAYER=11
0
VERTEX
8
AI4M_01_ATOM_NET
10
4291.721802
20
299.11293
30
0
0
VERTEX
8
AI4M_01_ATOM_NET
10
4296.499023
20
308.812008
30
0
0
SEQEND
8
AI4M_01_ATOM_NET
0
TEXT
8
AI4M_01_ATOM_NET
10
4291.721802
20
299.11293
30
0
40
2.5
1
AI4M_line_0310_pattern_boundary_pattern_boundary
1001
AI4MANUFACTURING
1000
WRITEBACK_PHASE=01_ATOM_LABEL
1000
ENTITY_ID=line_0310
999
AI4M_ENTITY=line_0311__seg_01;LINE_ROLE=pattern_boundary;EDGE=pattern_boundary;SOURCE_LAYER=11
0
POLYLINE
8
AI4M_01_ATOM_NET
66
1
70
0
1001
AI4MANUFACTURING
1000
WRITEBACK_PHASE=01_ATOM
1000
ENTITY_ID=line_0311__seg_01
1000
SOURCE_HANDLE=D82
1000
LINE_ROLE=pattern_boundary
1000
EDGE=pattern_boundary
1000
CHAIN=chain_ms1ulzc4
1000
PIECE_ID=back_body_manual_01
1000
SEAM_PAIR=
1000
PAIRED_CHAIN=
1000
NOTCH_CHAIN=
1000
NOTCH_SOURCE=
1000
PIECE_ROLE=back_body
1000
SEAM_ALLOWANCE_MM=
1000
SOURCE_LAYER=11
0
VERTEX
8
AI4M_01_ATOM_NET
10
4314.842834
20
296.218033
30
0
0
VERTEX
8
AI4M_01_ATOM_NET
10
4306.545715
20
297.545223
30
0
0
VERTEX
8
AI4M_01_ATOM_NET
10
4299.150391
20
298.437996
30
0
0
VERTEX
8
AI4M_01_ATOM_NET
10
4291.721802
20
299.11293
30
0
0
SEQEND
8
AI4M_01_ATOM_NET
0
TEXT
8
AI4M_01_ATOM_NET
10
4314.842834
20
296.218033
30
0
40
2.5
1
AI4M_line_0311__seg_01_pattern_boundary_pattern_boundary
1001
AI4MANUFACTURING
1000
WRITEBACK_PHASE=01_ATOM_LABEL
1000
ENTITY_ID=line_0311__seg_01
999
AI4M_ENTITY=line_0312__seg_01;LINE_ROLE=pattern_boundary;EDGE=pattern_boundary;SOURCE_LAYER=11
0
POLYLINE
8
AI4M_01_ATOM_NET
66
1
70
0
1001
AI4MANUFACTURING
1000
WRITEBACK_PHASE=01_ATOM
1000
ENTITY_ID=line_0312__seg_01
1000
SOURCE_HANDLE=D89
1000
LINE_ROLE=pattern_boundary
1000
EDGE=pattern_boundary
1000
CHAIN=chain_ms1ulzc4
1000
PIECE_ID=back_body_manual_01
1000
SEAM_PAIR=
1000
PAIRED_CHAIN=
1000
NOTCH_CHAIN=
1000
NOTCH_SOURCE=
1000
PIECE_ROLE=back_body
1000
SEAM_ALLOWANCE_MM=
1000
SOURCE_LAYER=11
0
VERTEX
8
AI4M_01_ATOM_NET
10
4379.618225
20
93.069115
30
0
0
VERTEX
8
AI4M_01_ATOM_NET
10
4379.36676
20
108.30657
30
0
0
VERTEX
8
AI4M_01_ATOM_NET
10
4379.061584
20
123.374281
30
0
0
VERTEX
8
AI4M_01_ATOM_NET
10
4378.67981
20
138.467245
30
0
0
VERTEX
8
AI4M_01_ATOM_NET
10
4378.127441
20
153.594189
30
0
0
VERTEX
8
AI4M_01_ATOM_NET
10
4377.329407
20
168.693981
30
0
0
VERTEX
8
AI4M_01_ATOM_NET
10
4376.672668
20
179.797859
30
0
0
VERTEX
8
AI4M_01_ATOM_NET
10
4375.473022
20
194.803696
30
0
0
VERTEX
8
AI4M_01_ATOM_NET
10
4374.496765
20
204.429703
30
0
0
VERTEX
8
AI4M_01_ATOM_NET
10
4373.09021
20
215.853596
30
0
0
VERTEX
8
AI4M_01_ATOM_NET
10
4371.912537
20
223.649559
30
0
0
VERTEX
8
AI4M_01_ATOM_NET
10
4370.624084
20
230.58857
30
0
0
VERTEX
8
AI4M_01_ATOM_NET
10
4369.223328
20
236.831665
30
0
0
VERTEX
8
AI4M_01_ATOM_NET
10
4367.673645
20
242.647152
30
0
0
VERTEX
8
AI4M_01_ATOM_NET
10
4365.962219
20
248.128052
30
0
0
VERTEX
8
AI4M_01_ATOM_NET
10
4364.102478
20
253.264122
30
0
0
VERTEX
8
AI4M_01_ATOM_NET
10
4362.148743
20
257.962112
30
0
0
VERTEX
8
AI4M_01_ATOM_NET
10
4360.059204
20
262.359962
30
0
0
VERTEX
8
AI4M_01_ATOM_NET
10
4357.884216
20
266.376915
30
0
0
VERTEX
8
AI4M_01_ATOM_NET
10
4355.591431
20
270.097408
30
0
0
VERTEX
8
AI4M_01_ATOM_NET
10
4353.252869
20
273.435268
30
0
0
VERTEX
8
AI4M_01_ATOM_NET
10
4350.823364
20
276.483917
30
0
0
VERTEX
8
AI4M_01_ATOM_NET
10
4348.280945
20
279.275742
30
0
0
VERTEX
8
AI4M_01_ATOM_NET
10
4345.686646
20
281.75684
30
0
0
VERTEX
8
AI4M_01_ATOM_NET
10
4342.977295
20
283.997421
30
0
0
VERTEX
8
AI4M_01_ATOM_NET
10
4340.174561
20
285.990963
30
0
0
VERTEX
8
AI4M_01_ATOM_NET
10
4337.010498
20
287.924423
30
0
0
VERTEX
8
AI4M_01_ATOM_NET
10
4333.608398
20
289.710903
30
0
0
VERTEX
8
AI4M_01_ATOM_NET
10
4329.764404
20
291.43671
30
0
0
VERTEX
8
AI4M_01_ATOM_NET
10
4325.645142
20
293.002224
30
0
0
VERTEX
8
AI4M_01_ATOM_NET
10
4320.385742
20
294.709072
30
0
0
VERTEX
8
AI4M_01_ATOM_NET
10
4314.842834
20
296.218033
30
0
0
SEQEND
8
AI4M_01_ATOM_NET
0
TEXT
8
AI4M_01_ATOM_NET
10
4379.618225
20
93.069115
30
0
40
2.5
1
AI4M_line_0312__seg_01_pattern_boundary_pattern_boundary
1001
AI4MANUFACTURING
1000
WRITEBACK_PHASE=01_ATOM_LABEL
1000
ENTITY_ID=line_0312__seg_01
999
AI4M_ENTITY=line_0313;LINE_ROLE=pattern_boundary;EDGE=pattern_boundary;SOURCE_LAYER=11
0
POLYLINE
8
AI4M_01_ATOM_NET
66
1
70
0
1001
AI4MANUFACTURING
1000
WRITEBACK_PHASE=01_ATOM
1000
ENTITY_ID=line_0313
1000
SOURCE_HANDLE=DAC
1000
LINE_ROLE=pattern_boundary
1000
EDGE=pattern_boundary
1000
CHAIN=chain_ms1ulzc4
1000
PIECE_ID=back_body_manual_01
1000
SEAM_PAIR=
1000
PAIRED_CHAIN=
1000
NOTCH_CHAIN=
1000
NOTCH_SOURCE=
1000
PIECE_ROLE=back_body
1000
SEAM_ALLOWANCE_MM=
1000
SOURCE_LAYER=11
0
VERTEX
8
AI4M_01_ATOM_NET
10
4378.979492
20
83.110123
30
0
0
VERTEX
8
AI4M_01_ATOM_NET
10
4379.618225
20
93.069115
30
0
0
SEQEND
8
AI4M_01_ATOM_NET
0
TEXT
8
AI4M_01_ATOM_NET
10
4378.979492
20
83.110123
30
0
40
2.5
1
AI4M_line_0313_pattern_boundary_pattern_boundary
1001
AI4MANUFACTURING
1000
WRITEBACK_PHASE=01_ATOM_LABEL
1000
ENTITY_ID=line_0313
999
AI4M_ENTITY=line_0314__seg_01;LINE_ROLE=pattern_boundary;EDGE=pattern_boundary;SOURCE_LAYER=11
0
POLYLINE
8
AI4M_01_ATOM_NET
66
1
70
0
1001
AI4MANUFACTURING
1000
WRITEBACK_PHASE=01_ATOM
1000
ENTITY_ID=line_0314__seg_01
1000
SOURCE_HANDLE=DB1
1000
LINE_ROLE=pattern_boundary
1000
EDGE=pattern_boundary
1000
CHAIN=chain_ms1ulzc4
1000
PIECE_ID=back_body_manual_01
1000
SEAM_PAIR=
1000
PAIRED_CHAIN=
1000
NOTCH_CHAIN=
1000
NOTCH_SOURCE=
1000
PIECE_ROLE=back_body
1000
SEAM_ALLOWANCE_MM=
1000
SOURCE_LAYER=11
0
VERTEX
8
AI4M_01_ATOM_NET
10
4710.000916
20
78.297563
30
0
0
VERTEX
8
AI4M_01_ATOM_NET
10
4694.362488
20
78.295979
30
0
0
VERTEX
8
AI4M_01_ATOM_NET
10
4678.553162
20
78.308015
30
0
0
VERTEX
8
AI4M_01_ATOM_NET
10
4662.675171
20
78.334918
30
0
0
VERTEX
8
AI4M_01_ATOM_NET
10
4647.270813
20
78.379397
30
0
0
VERTEX
8
AI4M_01_ATOM_NET
10
4631.617737
20
78.447337
30
0
0
VERTEX
8
AI4M_01_ATOM_NET
10
4615.964661
20
78.540759
30
0
0
VERTEX
8
AI4M_01_ATOM_NET
10
4600.338745
20
78.661952
30
0
0
VERTEX
8
AI4M_01_ATOM_NET
10
4584.686279
20
78.813643
30
0
0
VERTEX
8
AI4M_01_ATOM_NET
10
4569.034119
20
78.997583
30
0
0
VERTEX
8
AI4M_01_ATOM_NET
10
4553.913879
20
79.207673
30
0
0
VERTEX
8
AI4M_01_ATOM_NET
10
4538.262939
20
79.4592
30
0
0
VERTEX
8
AI4M_01_ATOM_NET
10
4522.612
20
79.742041
30
0
0
VERTEX
8
AI4M_01_ATOM_NET
10
4506.961975
20
80.052166
30
0
0
VERTEX
8
AI4M_01_ATOM_NET
10
4491.437988
20
80.382786
30
0
0
VERTEX
8
AI4M_01_ATOM_NET
10
4475.788574
20
80.734978
30
0
0
VERTEX
8
AI4M_01_ATOM_NET
10
4460.139771
20
81.101761
30
0
0
VERTEX
8
AI4M_01_ATOM_NET
10
4444.367676
20
81.481752
30
0
0
VERTEX
8
AI4M_01_ATOM_NET
10
4428.719177
20
81.865759
30
0
0
VERTEX
8
AI4M_01_ATOM_NET
10
4413.070984
20
82.254677
30
0
0
VERTEX
8
AI4M_01_ATOM_NET
10
4398.053284
20
82.63073
30
0
0
VERTEX
8
AI4M_01_ATOM_NET
10
4383.334045
20
83.000555
30
0
0
VERTEX
8
AI4M_01_ATOM_NET
10
4378.979492
20
83.110123
30
0
0
SEQEND
8
AI4M_01_ATOM_NET
0
TEXT
8
AI4M_01_ATOM_NET
10
4710.000916
20
78.297563
30
0
40
2.5
1
AI4M_line_0314__seg_01_pattern_boundary_pattern_boundary
1001
AI4MANUFACTURING
1000
WRITEBACK_PHASE=01_ATOM_LABEL
1000
ENTITY_ID=line_0314__seg_01
999
AI4M_ENTITY=line_0315__seg_01;LINE_ROLE=pattern_boundary;EDGE=pattern_boundary;SOURCE_LAYER=11
0
POLYLINE
8
AI4M_01_ATOM_NET
66
1
70
0
1001
AI4MANUFACTURING
1000
WRITEBACK_PHASE=01_ATOM
1000
ENTITY_ID=line_0315__seg_01
1000
SOURCE_HANDLE=DCB
1000
LINE_ROLE=pattern_boundary
1000
EDGE=pattern_boundary
1000
CHAIN=chain_ms1ulzc4
1000
PIECE_ID=back_body_manual_01
1000
SEAM_PAIR=
1000
PAIRED_CHAIN=
1000
NOTCH_CHAIN=
1000
NOTCH_SOURCE=
1000
PIECE_ROLE=back_body
1000
SEAM_ALLOWANCE_MM=
1000
SOURCE_LAYER=11
0
VERTEX
8
AI4M_01_ATOM_NET
10
5041.020508
20
83.110123
30
0
0
VERTEX
8
AI4M_01_ATOM_NET
10
5024.944763
20
82.705984
30
0
0
VERTEX
8
AI4M_01_ATOM_NET
10
5009.603577
20
82.321501
30
0
0
VERTEX
8
AI4M_01_ATOM_NET
10
4993.955383
20
81.931934
30
0
0
VERTEX
8
AI4M_01_ATOM_NET
10
4978.30719
20
81.546955
30
0
0
VERTEX
8
AI4M_01_ATOM_NET
10
4963.278198
20
81.183376
30
0
0
VERTEX
8
AI4M_01_ATOM_NET
10
4947.629395
20
80.813999
30
0
0
VERTEX
8
AI4M_01_ATOM_NET
10
4931.980286
20
80.458241
30
0
0
VERTEX
8
AI4M_01_ATOM_NET
10
4916.207275
20
80.117931
30
0
0
VERTEX
8
AI4M_01_ATOM_NET
10
4900.557251
20
79.802771
30
0
0
VERTEX
8
AI4M_01_ATOM_NET
10
4884.906921
20
79.514079
30
0
0
VERTEX
8
AI4M_01_ATOM_NET
10
4869.255676
20
79.255891
30
0
0
VERTEX
8
AI4M_01_ATOM_NET
10
4853.729553
20
79.033556
30
0
0
VERTEX
8
AI4M_01_ATOM_NET
10
4838.077698
20
78.843727
30
0
0
VERTEX
8
AI4M_01_ATOM_NET
10
4822.425232
20
78.686476
30
0
0
VERTEX
8
AI4M_01_ATOM_NET
10
4807.303772
20
78.563714
30
0
0
VERTEX
8
AI4M_01_ATOM_NET
10
4791.651001
20
78.464656
30
0
0
VERTEX
8
AI4M_01_ATOM_NET
10
4775.997925
20
78.391604
30
0
0
VERTEX
8
AI4M_01_ATOM_NET
10
4760.373535
20
78.342109
30
0
0
VERTEX
8
AI4M_01_ATOM_NET
10
4745.068665
20
78.312731
30
0
0
VERTEX
8
AI4M_01_ATOM_NET
10
4729.867859
20
78.297896
30
0
0
VERTEX
8
AI4M_01_ATOM_NET
10
4715.085754
20
78.295345
30
0
0
VERTEX
8
AI4M_01_ATOM_NET
10
4710.000916
20
78.297563
30
0
0
SEQEND
8
AI4M_01_ATOM_NET
0
TEXT
8
AI4M_01_ATOM_NET
10
5041.020508
20
83.110123
30
0
40
2.5
1
AI4M_line_0315__seg_01_pattern_boundary_pattern_boundary
1001
AI4MANUFACTURING
1000
WRITEBACK_PHASE=01_ATOM_LABEL
1000
ENTITY_ID=line_0315__seg_01
999
AI4M_ENTITY=line_0316;LINE_ROLE=pattern_boundary;EDGE=pattern_boundary;SOURCE_LAYER=11
0
POLYLINE
8
AI4M_01_ATOM_NET
66
1
70
0
1001
AI4MANUFACTURING
1000
WRITEBACK_PHASE=01_ATOM
1000
ENTITY_ID=line_0316
1000
SOURCE_HANDLE=DE5
1000
LINE_ROLE=pattern_boundary
1000
EDGE=pattern_boundary
1000
CHAIN=chain_ms1ulzc4
1000
PIECE_ID=back_body_manual_01
1000
SEAM_PAIR=
1000
PAIRED_CHAIN=
1000
NOTCH_CHAIN=
1000
NOTCH_SOURCE=
1000
PIECE_ROLE=back_body
1000
SEAM_ALLOWANCE_MM=
1000
SOURCE_LAYER=11
0
VERTEX
8
AI4M_01_ATOM_NET
10
5040.381775
20
93.069115
30
0
0
VERTEX
8
AI4M_01_ATOM_NET
10
5041.020508
20
83.110123
30
0
0
SEQEND
8
AI4M_01_ATOM_NET
0
TEXT
8
AI4M_01_ATOM_NET
10
5040.381775
20
93.069115
30
0
40
2.5
1
AI4M_line_0316_pattern_boundary_pattern_boundary
1001
AI4MANUFACTURING
1000
WRITEBACK_PHASE=01_ATOM_LABEL
1000
ENTITY_ID=line_0316
999
AI4M_ENTITY=line_0317__seg_01;LINE_ROLE=pattern_boundary;EDGE=pattern_boundary;SOURCE_LAYER=11
0
POLYLINE
8
AI4M_01_ATOM_NET
66
1
70
0
1001
AI4MANUFACTURING
1000
WRITEBACK_PHASE=01_ATOM
1000
ENTITY_ID=line_0317__seg_01
1000
SOURCE_HANDLE=DEA
1000
LINE_ROLE=pattern_boundary
1000
EDGE=pattern_boundary
1000
CHAIN=chain_ms1ulzc4
1000
PIECE_ID=back_body_manual_01
1000
SEAM_PAIR=
1000
PAIRED_CHAIN=
1000
NOTCH_CHAIN=
1000
NOTCH_SOURCE=
1000
PIECE_ROLE=back_body
1000
SEAM_ALLOWANCE_MM=
1000
SOURCE_LAYER=11
0
VERTEX
8
AI4M_01_ATOM_NET
10
5105.157166
20
296.218033
30
0
0
VERTEX
8
AI4M_01_ATOM_NET
10
5099.804077
20
294.765759
30
0
0
VERTEX
8
AI4M_01_ATOM_NET
10
5094.49707
20
293.052063
30
0
0
VERTEX
8
AI4M_01_ATOM_NET
10
5090.297852
20
291.462383
30
0
0
VERTEX
8
AI4M_01_ATOM_NET
10
5086.463013
20
289.745579
30
0
0
VERTEX
8
AI4M_01_ATOM_NET
10
5082.938232
20
287.895241
30
0
0
VERTEX
8
AI4M_01_ATOM_NET
10
5079.753723
20
285.943642
30
0
0
VERTEX
8
AI4M_01_ATOM_NET
10
5076.946411
20
283.938808
30
0
0
VERTEX
8
AI4M_01_ATOM_NET
10
5074.280701
20
281.727734
30
0
0
VERTEX
8
AI4M_01_ATOM_NET
10
5071.680298
20
279.235821
30
0
0
VERTEX
8
AI4M_01_ATOM_NET
10
5069.180908
20
276.488686
30
0
0
VERTEX
8
AI4M_01_ATOM_NET
10
5066.70929
20
273.384628
30
0
0
VERTEX
8
AI4M_01_ATOM_NET
10
5064.365845
20
270.031796
30
0
0
VERTEX
8
AI4M_01_ATOM_NET
10
5062.085876
20
266.324539
30
0
0
VERTEX
8
AI4M_01_ATOM_NET
10
5059.890442
20
262.264156
30
0
0
VERTEX
8
AI4M_01_ATOM_NET
10
5057.902527
20
258.065414
30
0
0
VERTEX
8
AI4M_01_ATOM_NET
10
5055.893555
20
253.216705
30
0
0
VERTEX
8
AI4M_01_ATOM_NET
10
5053.997803
20
247.997723
30
0
0
VERTEX
8
AI4M_01_ATOM_NET
10
5052.354126
20
242.74931
30
0
0
VERTEX
8
AI4M_01_ATOM_NET
10
5050.772705
20
236.842155
30
0
0
VERTEX
8
AI4M_01_ATOM_NET
10
5049.483337
20
231.13369
30
0
0
VERTEX
8
AI4M_01_ATOM_NET
10
5048.126831
20
223.635712
30
0
0
VERTEX
8
AI4M_01_ATOM_NET
10
5047.004089
20
216.876068
30
0
0
VERTEX
8
AI4M_01_ATOM_NET
10
5046.028748
20
208.981247
30
0
0
VERTEX
8
AI4M_01_ATOM_NET
10
5044.627686
20
195.876255
30
0
0
VERTEX
8
AI4M_01_ATOM_NET
10
5043.406067
20
180.811253
30
0
0
VERTEX
8
AI4M_01_ATOM_NET
10
5042.903748
20
173.059368
30
0
0
VERTEX
8
AI4M_01_ATOM_NET
10
5042.087402
20
158.026772
30
0
0
VERTEX
8
AI4M_01_ATOM_NET
10
5041.502991
20
144.22864
30
0
0
VERTEX
8
AI4M_01_ATOM_NET
10
5041.072998
20
129.14897
30
0
0
VERTEX
8
AI4M_01_ATOM_NET
10
5040.742493
20
114.043283
30
0
0
VERTEX
8
AI4M_01_ATOM_NET
10
5040.473328
20
99.036312
30
0
0
VERTEX
8
AI4M_01_ATOM_NET
10
5040.381775
20
93.069115
30
0
0
SEQEND
8
AI4M_01_ATOM_NET
0
TEXT
8
AI4M_01_ATOM_NET
10
5105.157166
20
296.218033
30
0
40
2.5
1
AI4M_line_0317__seg_01_pattern_boundary_pattern_boundary
1001
AI4MANUFACTURING
1000
WRITEBACK_PHASE=01_ATOM_LABEL
1000
ENTITY_ID=line_0317__seg_01
999
AI4M_ENTITY=line_0318__seg_01;LINE_ROLE=pattern_boundary;EDGE=pattern_boundary;SOURCE_LAYER=11
0
POLYLINE
8
AI4M_01_ATOM_NET
66
1
70
0
1001
AI4MANUFACTURING
1000
WRITEBACK_PHASE=01_ATOM
1000
ENTITY_ID=line_0318__seg_01
1000
SOURCE_HANDLE=E0E
1000
LINE_ROLE=pattern_boundary
1000
EDGE=pattern_boundary
1000
CHAIN=chain_ms1ulzc4
1000
PIECE_ID=back_body_manual_01
1000
SEAM_PAIR=
1000
PAIRED_CHAIN=
1000
NOTCH_CHAIN=
1000
NOTCH_SOURCE=
1000
PIECE_ROLE=back_body
1000
SEAM_ALLOWANCE_MM=
1000
SOURCE_LAYER=11
0
VERTEX
8
AI4M_01_ATOM_NET
10
5128.278198
20
299.11293
30
0
0
VERTEX
8
AI4M_01_ATOM_NET
10
5119.383545
20
298.279724
30
0
0
VERTEX
8
AI4M_01_ATOM_NET
10
5112.061462
20
297.346745
30
0
0
VERTEX
8
AI4M_01_ATOM_NET
10
5105.157166
20
296.218033
30
0
0
SEQEND
8
AI4M_01_ATOM_NET
0
TEXT
8
AI4M_01_ATOM_NET
10
5128.278198
20
299.11293
30
0
40
2.5
1
AI4M_line_0318__seg_01_pattern_boundary_pattern_boundary
1001
AI4MANUFACTURING
1000
WRITEBACK_PHASE=01_ATOM_LABEL
1000
ENTITY_ID=line_0318__seg_01
999
AI4M_ENTITY=line_0319;LINE_ROLE=pattern_boundary;EDGE=pattern_boundary;SOURCE_LAYER=11
0
POLYLINE
8
AI4M_01_ATOM_NET
66
1
70
0
1001
AI4MANUFACTURING
1000
WRITEBACK_PHASE=01_ATOM
1000
ENTITY_ID=line_0319
1000
SOURCE_HANDLE=E15
1000
LINE_ROLE=pattern_boundary
1000
EDGE=pattern_boundary
1000
CHAIN=chain_ms1ulzc4
1000
PIECE_ID=back_body_manual_01
1000
SEAM_PAIR=
1000
PAIRED_CHAIN=
1000
NOTCH_CHAIN=
1000
NOTCH_SOURCE=
1000
PIECE_ROLE=back_body
1000
SEAM_ALLOWANCE_MM=
1000
SOURCE_LAYER=11
0
VERTEX
8
AI4M_01_ATOM_NET
10
5123.500977
20
308.812008
30
0
0
VERTEX
8
AI4M_01_ATOM_NET
10
5128.278198
20
299.11293
30
0
0
SEQEND
8
AI4M_01_ATOM_NET
0
TEXT
8
AI4M_01_ATOM_NET
10
5123.500977
20
308.812008
30
0
40
2.5
1
AI4M_line_0319_pattern_boundary_pattern_boundary
1001
AI4MANUFACTURING
1000
WRITEBACK_PHASE=01_ATOM_LABEL
1000
ENTITY_ID=line_0319
999
AI4M_ENTITY=line_0320;LINE_ROLE=cut_line;EDGE=unknown;SOURCE_LAYER=11
0
POLYLINE
8
AI4M_01_ATOM_CUT
66
1
70
0
1001
AI4MANUFACTURING
1000
WRITEBACK_PHASE=01_ATOM
1000
ENTITY_ID=line_0320
1000
SOURCE_HANDLE=E1A
1000
LINE_ROLE=cut_line
1000
EDGE=unknown
1000
CHAIN=chain_ms1ulzc4
1000
PIECE_ID=back_body_manual_01
1000
SEAM_PAIR=
1000
PAIRED_CHAIN=
1000
NOTCH_CHAIN=
1000
NOTCH_SOURCE=
1000
PIECE_ROLE=back_body
1000
SEAM_ALLOWANCE_MM=
1000
SOURCE_LAYER=11
0
VERTEX
8
AI4M_01_ATOM_CUT
10
4715.211792
20
294.99567
30
0
0
VERTEX
8
AI4M_01_ATOM_CUT
10
4715.211792
20
173.412437
30
0
0
SEQEND
8
AI4M_01_ATOM_CUT
0
TEXT
8
AI4M_01_ATOM_CUT
10
4715.211792
20
294.99567
30
0
40
2.5
1
AI4M_line_0320_cut_line_unknown
1001
AI4MANUFACTURING
1000
WRITEBACK_PHASE=01_ATOM_LABEL
1000
ENTITY_ID=line_0320
999
AI4M_ENTITY=line_0321;LINE_ROLE=cut_line;EDGE=unknown;SOURCE_LAYER=11
0
POLYLINE
8
AI4M_01_ATOM_CUT
66
1
70
0
1001
AI4MANUFACTURING
1000
WRITEBACK_PHASE=01_ATOM
1000
ENTITY_ID=line_0321
1000
SOURCE_HANDLE=E1B
1000
LINE_ROLE=cut_line
1000
EDGE=unknown
1000
CHAIN=chain_ms1ulzc4
1000
PIECE_ID=back_body_manual_01
1000
SEAM_PAIR=
1000
PAIRED_CHAIN=
1000
NOTCH_CHAIN=
1000
NOTCH_SOURCE=
1000
PIECE_ROLE=back_body
1000
SEAM_ALLOWANCE_MM=
1000
SOURCE_LAYER=11
0
VERTEX
8
AI4M_01_ATOM_CUT
10
4715.211792
20
173.412437
30
0
0
VERTEX
8
AI4M_01_ATOM_CUT
10
4718.595439
20
193.124133
30
0
0
SEQEND
8
AI4M_01_ATOM_CUT
0
TEXT
8
AI4M_01_ATOM_CUT
10
4715.211792
20
173.412437
30
0
40
2.5
1
AI4M_line_0321_cut_line_unknown
1001
AI4MANUFACTURING
1000
WRITEBACK_PHASE=01_ATOM_LABEL
1000
ENTITY_ID=line_0321
999
AI4M_ENTITY=line_0322;LINE_ROLE=cut_line;EDGE=unknown;SOURCE_LAYER=11
0
POLYLINE
8
AI4M_01_ATOM_CUT
66
1
70
0
1001
AI4MANUFACTURING
1000
WRITEBACK_PHASE=01_ATOM
1000
ENTITY_ID=line_0322
1000
SOURCE_HANDLE=E1C
1000
LINE_ROLE=cut_line
1000
EDGE=unknown
1000
CHAIN=chain_ms1ulzc4
1000
PIECE_ID=back_body_manual_01
1000
SEAM_PAIR=
1000
PAIRED_CHAIN=
1000
NOTCH_CHAIN=
1000
NOTCH_SOURCE=
1000
PIECE_ROLE=back_body
1000
SEAM_ALLOWANCE_MM=
1000
SOURCE_LAYER=11
0
VERTEX
8
AI4M_01_ATOM_CUT
10
4715.211792
20
173.412437
30
0
0
VERTEX
8
AI4M_01_ATOM_CUT
10
4715.211792
20
173.412437
30
0
0
SEQEND
8
AI4M_01_ATOM_CUT
0
TEXT
8
AI4M_01_ATOM_CUT
10
4715.211792
20
173.412437
30
0
40
2.5
1
AI4M_line_0322_cut_line_unknown
1001
AI4MANUFACTURING
1000
WRITEBACK_PHASE=01_ATOM_LABEL
1000
ENTITY_ID=line_0322
999
AI4M_ENTITY=line_0087__seg_01;LINE_ROLE=cut_line;EDGE=unknown;SOURCE_LAYER=11
0
POLYLINE
8
AI4M_01_ATOM_CUT
66
1
70
0
1001
AI4MANUFACTURING
1000
WRITEBACK_PHASE=01_ATOM
1000
ENTITY_ID=line_0087__seg_01
1000
SOURCE_HANDLE=4A6
1000
LINE_ROLE=cut_line
1000
EDGE=unknown
1000
CHAIN=chain_ms1um5n3
1000
PIECE_ID=front_right_manual_01
1000
SEAM_PAIR=
1000
PAIRED_CHAIN=
1000
NOTCH_CHAIN=
1000
NOTCH_SOURCE=
1000
PIECE_ROLE=front_right
1000
SEAM_ALLOWANCE_MM=
1000
SOURCE_LAYER=11
0
VERTEX
8
AI4M_01_ATOM_CUT
10
5972.280922
20
12.393821
30
0
0
VERTEX
8
AI4M_01_ATOM_CUT
10
5956.076068
20
12.430408
30
0
0
VERTEX
8
AI4M_01_ATOM_CUT
10
5940.788732
20
12.5099
30
0
0
VERTEX
8
AI4M_01_ATOM_CUT
10
5925.727047
20
12.726891
30
0
0
VERTEX
8
AI4M_01_ATOM_CUT
10
5910.300133
20
13.057848
30
0
0
VERTEX
8
AI4M_01_ATOM_CUT
10
5895.242648
20
13.4654
30
0
0
VERTEX
8
AI4M_01_ATOM_CUT
10
5880.423813
20
13.953211
30
0
0
VERTEX
8
AI4M_01_ATOM_CUT
10
5864.770399
20
14.567966
30
0
0
VERTEX
8
AI4M_01_ATOM_CUT
10
5849.722893
20
15.252769
30
0
0
VERTEX
8
AI4M_01_ATOM_CUT
10
5834.319882
20
16.0447
30
0
0
VERTEX
8
AI4M_01_ATOM_CUT
10
5819.281453
20
16.904804
30
0
0
VERTEX
8
AI4M_01_ATOM_CUT
10
5803.89401
20
17.873054
30
0
0
VERTEX
8
AI4M_01_ATOM_CUT
10
5788.866086
20
18.902868
30
0
0
VERTEX
8
AI4M_01_ATOM_CUT
10
5773.691484
20
20.023867
30
0
0
VERTEX
8
AI4M_01_ATOM_CUT
10
5758.675142
20
21.209114
30
0
0
VERTEX
8
AI4M_01_ATOM_CUT
10
5743.664316
20
22.462214
30
0
0
VERTEX
8
AI4M_01_ATOM_CUT
10
5728.323762
20
23.805376
30
0
0
VERTEX
8
AI4M_01_ATOM_CUT
10
5713.323003
20
25.174002
30
0
0
VERTEX
8
AI4M_01_ATOM_CUT
10
5698.32705
20
26.594033
30
0
0
VERTEX
8
AI4M_01_ATOM_CUT
10
5682.940171
20
28.102363
30
0
0
VERTEX
8
AI4M_01_ATOM_CUT
10
5667.679158
20
29.643229
30
0
0
VERTEX
8
AI4M_01_ATOM_CUT
10
5652.565763
20
31.204015
30
0
0
VERTEX
8
AI4M_01_ATOM_CUT
10
5637.60844
20
32.778096
30
0
0
VERTEX
8
AI4M_01_ATOM_CUT
10
5626.043129
20
34.016374
30
0
0
SEQEND
8
AI4M_01_ATOM_CUT
0
TEXT
8
AI4M_01_ATOM_CUT
10
5972.280922
20
12.393821
30
0
40
2.5
1
AI4M_line_0087__seg_01_cut_line_unknown
1001
AI4MANUFACTURING
1000
WRITEBACK_PHASE=01_ATOM_LABEL
1000
ENTITY_ID=line_0087__seg_01
999
AI4M_ENTITY=line_0088;LINE_ROLE=cut_line;EDGE=unknown;SOURCE_LAYER=11
0
POLYLINE
8
AI4M_01_ATOM_CUT
66
1
70
0
1001
AI4MANUFACTURING
1000
WRITEBACK_PHASE=01_ATOM
1000
ENTITY_ID=line_0088
1000
SOURCE_HANDLE=4C1
1000
LINE_ROLE=cut_line
1000
EDGE=unknown
1000
CHAIN=chain_ms1um5n3
1000
PIECE_ID=front_right_manual_01
1000
SEAM_PAIR=
1000
PAIRED_CHAIN=
1000
NOTCH_CHAIN=
1000
NOTCH_SOURCE=
1000
PIECE_ROLE=front_right
1000
SEAM_ALLOWANCE_MM=
1000
SOURCE_LAYER=11
0
VERTEX
8
AI4M_01_ATOM_CUT
10
5626.043129
20
34.016374
30
0
0
VERTEX
8
AI4M_01_ATOM_CUT
10
5627.550697
20
43.824723
30
0
0
SEQEND
8
AI4M_01_ATOM_CUT
0
TEXT
8
AI4M_01_ATOM_CUT
10
5626.043129
20
34.016374
30
0
40
2.5
1
AI4M_line_0088_cut_line_unknown
1001
AI4MANUFACTURING
1000
WRITEBACK_PHASE=01_ATOM_LABEL
1000
ENTITY_ID=line_0088
999
AI4M_ENTITY=line_0089__seg_01;LINE_ROLE=cut_line;EDGE=unknown;SOURCE_LAYER=11
0
POLYLINE
8
AI4M_01_ATOM_CUT
66
1
70
0
1001
AI4MANUFACTURING
1000
WRITEBACK_PHASE=01_ATOM
1000
ENTITY_ID=line_0089__seg_01
1000
SOURCE_HANDLE=4C6
1000
LINE_ROLE=cut_line
1000
EDGE=unknown
1000
CHAIN=chain_ms1um5n3
1000
PIECE_ID=front_right_manual_01
1000
SEAM_PAIR=
1000
PAIRED_CHAIN=
1000
NOTCH_CHAIN=
1000
NOTCH_SOURCE=
1000
PIECE_ROLE=front_right
1000
SEAM_ALLOWANCE_MM=
1000
SOURCE_LAYER=11
0
VERTEX
8
AI4M_01_ATOM_CUT
10
5627.550697
20
43.824723
30
0
0
VERTEX
8
AI4M_01_ATOM_CUT
10
5628.013243
20
59.037805
30
0
0
VERTEX
8
AI4M_01_ATOM_CUT
10
5628.326542
20
74.141394
30
0
0
VERTEX
8
AI4M_01_ATOM_CUT
10
5628.469627
20
89.27511
30
0
0
VERTEX
8
AI4M_01_ATOM_CUT
10
5628.491894
20
104.303797
30
0
0
VERTEX
8
AI4M_01_ATOM_CUT
10
5628.336755
20
117.194964
30
0
0
VERTEX
8
AI4M_01_ATOM_CUT
10
5627.922146
20
132.298927
30
0
0
VERTEX
8
AI4M_01_ATOM_CUT
10
5627.494738
20
145.614341
30
0
0
VERTEX
8
AI4M_01_ATOM_CUT
10
5626.865268
20
156.246801
30
0
0
VERTEX
8
AI4M_01_ATOM_CUT
10
5626.074095
20
166.081964
30
0
0
VERTEX
8
AI4M_01_ATOM_CUT
10
5625.231934
20
173.667025
30
0
0
VERTEX
8
AI4M_01_ATOM_CUT
10
5624.137527
20
181.293339
30
0
0
VERTEX
8
AI4M_01_ATOM_CUT
10
5623.26338
20
185.978182
30
0
0
VERTEX
8
AI4M_01_ATOM_CUT
10
5620.896528
20
195.356413
30
0
0
VERTEX
8
AI4M_01_ATOM_CUT
10
5619.642577
20
199.370945
30
0
0
VERTEX
8
AI4M_01_ATOM_CUT
10
5618.20645
20
203.144707
30
0
0
VERTEX
8
AI4M_01_ATOM_CUT
10
5615.56463
20
209.567528
30
0
0
VERTEX
8
AI4M_01_ATOM_CUT
10
5613.693406
20
213.333979
30
0
0
VERTEX
8
AI4M_01_ATOM_CUT
10
5611.213962
20
217.75118
30
0
0
VERTEX
8
AI4M_01_ATOM_CUT
10
5608.844731
20
221.491573
30
0
0
VERTEX
8
AI4M_01_ATOM_CUT
10
5606.291201
20
225.056739
30
0
0
VERTEX
8
AI4M_01_ATOM_CUT
10
5603.562471
20
228.437495
30
0
0
VERTEX
8
AI4M_01_ATOM_CUT
10
5600.732602
20
231.543058
30
0
0
VERTEX
8
AI4M_01_ATOM_CUT
10
5597.761685
20
234.429145
30
0
0
VERTEX
8
AI4M_01_ATOM_CUT
10
5594.760885
20
237.001926
30
0
0
VERTEX
8
AI4M_01_ATOM_CUT
10
5591.737558
20
239.277843
30
0
0
VERTEX
8
AI4M_01_ATOM_CUT
10
5588.6933
20
241.270414
30
0
0
VERTEX
8
AI4M_01_ATOM_CUT
10
5585.622678
20
242.994595
30
0
0
VERTEX
8
AI4M_01_ATOM_CUT
10
5582.579273
20
244.428346
30
0
0
VERTEX
8
AI4M_01_ATOM_CUT
10
5579.551507
20
245.58063
30
0
0
VERTEX
8
AI4M_01_ATOM_CUT
10
5576.159866
20
246.591591
30
0
0
VERTEX
8
AI4M_01_ATOM_CUT
10
5572.391173
20
247.44155
30
0
0
VERTEX
8
AI4M_01_ATOM_CUT
10
5570.898475
20
247.719577
30
0
0
SEQEND
8
AI4M_01_ATOM_CUT
0
TEXT
8
AI4M_01_ATOM_CUT
10
5627.550697
20
43.824723
30
0
40
2.5
1
AI4M_line_0089__seg_01_cut_line_unknown
1001
AI4MANUFACTURING
1000
WRITEBACK_PHASE=01_ATOM_LABEL
1000
ENTITY_ID=line_0089__seg_01
999
AI4M_ENTITY=line_0090;LINE_ROLE=cut_line;EDGE=unknown;SOURCE_LAYER=11
0
POLYLINE
8
AI4M_01_ATOM_CUT
66
1
70
0
1001
AI4MANUFACTURING
1000
WRITEBACK_PHASE=01_ATOM
1000
ENTITY_ID=line_0090
1000
SOURCE_HANDLE=4EA
1000
LINE_ROLE=cut_line
1000
EDGE=unknown
1000
CHAIN=chain_ms1um5n3
1000
PIECE_ID=front_right_manual_01
1000
SEAM_PAIR=
1000
PAIRED_CHAIN=
1000
NOTCH_CHAIN=
1000
NOTCH_SOURCE=
1000
PIECE_ROLE=front_right
1000
SEAM_ALLOWANCE_MM=
1000
SOURCE_LAYER=11
0
VERTEX
8
AI4M_01_ATOM_CUT
10
5625.692266
20
122.559614
30
0
0
VERTEX
8
AI4M_01_ATOM_CUT
10
5630.690364
20
122.697516
30
0
0
SEQEND
8
AI4M_01_ATOM_CUT
0
TEXT
8
AI4M_01_ATOM_CUT
10
5625.692266
20
122.559614
30
0
40
2.5
1
AI4M_line_0090_cut_line_unknown
1001
AI4MANUFACTURING
1000
WRITEBACK_PHASE=01_ATOM_LABEL
1000
ENTITY_ID=line_0090
999
AI4M_ENTITY=line_0091;LINE_ROLE=cut_line;EDGE=unknown;SOURCE_LAYER=11
0
POLYLINE
8
AI4M_01_ATOM_CUT
66
1
70
0
1001
AI4MANUFACTURING
1000
WRITEBACK_PHASE=01_ATOM
1000
ENTITY_ID=line_0091
1000
SOURCE_HANDLE=4EB
1000
LINE_ROLE=cut_line
1000
EDGE=unknown
1000
CHAIN=chain_ms1um5n3
1000
PIECE_ID=front_right_manual_01
1000
SEAM_PAIR=
1000
PAIRED_CHAIN=
1000
NOTCH_CHAIN=
1000
NOTCH_SOURCE=
1000
PIECE_ROLE=front_right
1000
SEAM_ALLOWANCE_MM=
1000
SOURCE_LAYER=11
0
VERTEX
8
AI4M_01_ATOM_CUT
10
5625.250776
20
138.553966
30
0
0
VERTEX
8
AI4M_01_ATOM_CUT
10
5630.248874
20
138.691844
30
0
0
SEQEND
8
AI4M_01_ATOM_CUT
0
TEXT
8
AI4M_01_ATOM_CUT
10
5625.250776
20
138.553966
30
0
40
2.5
1
AI4M_line_0091_cut_line_unknown
1001
AI4MANUFACTURING
1000
WRITEBACK_PHASE=01_ATOM_LABEL
1000
ENTITY_ID=line_0091
999
AI4M_ENTITY=line_0092;LINE_ROLE=cut_line;EDGE=unknown;SOURCE_LAYER=11
0
POLYLINE
8
AI4M_01_ATOM_CUT
66
1
70
0
1001
AI4MANUFACTURING
1000
WRITEBACK_PHASE=01_ATOM
1000
ENTITY_ID=line_0092
1000
SOURCE_HANDLE=4EC
1000
LINE_ROLE=cut_line
1000
EDGE=unknown
1000
CHAIN=chain_ms1um5n3
1000
PIECE_ID=front_right_manual_01
1000
SEAM_PAIR=
1000
PAIRED_CHAIN=
1000
NOTCH_CHAIN=
1000
NOTCH_SOURCE=
1000
PIECE_ROLE=front_right
1000
SEAM_ALLOWANCE_MM=
1000
SOURCE_LAYER=11
0
VERTEX
8
AI4M_01_ATOM_CUT
10
5615.346966
20
203.547953
30
0
0
VERTEX
8
AI4M_01_ATOM_CUT
10
5619.989317
20
205.404987
30
0
0
SEQEND
8
AI4M_01_ATOM_CUT
0
TEXT
8
AI4M_01_ATOM_CUT
10
5615.346966
20
203.547953
30
0
40
2.5
1
AI4M_line_0092_cut_line_unknown
1001
AI4MANUFACTURING
1000
WRITEBACK_PHASE=01_ATOM_LABEL
1000
ENTITY_ID=line_0092
999
AI4M_ENTITY=line_0093__seg_01;LINE_ROLE=cut_line;EDGE=unknown;SOURCE_LAYER=11
0
POLYLINE
8
AI4M_01_ATOM_CUT
66
1
70
0
1001
AI4MANUFACTURING
1000
WRITEBACK_PHASE=01_ATOM
1000
ENTITY_ID=line_0093__seg_01
1000
SOURCE_HANDLE=4ED
1000
LINE_ROLE=cut_line
1000
EDGE=unknown
1000
CHAIN=chain_ms1um5n3
1000
PIECE_ID=front_right_manual_01
1000
SEAM_PAIR=
1000
PAIRED_CHAIN=
1000
NOTCH_CHAIN=
1000
NOTCH_SOURCE=
1000
PIECE_ROLE=front_right
1000
SEAM_ALLOWANCE_MM=
1000
SOURCE_LAYER=11
0
VERTEX
8
AI4M_01_ATOM_CUT
10
5570.898475
20
247.719577
30
0
0
VERTEX
8
AI4M_01_ATOM_CUT
10
5564.250793
20
248.292183
30
0
0
VERTEX
8
AI4M_01_ATOM_CUT
10
5558.034511
20
248.524171
30
0
0
VERTEX
8
AI4M_01_ATOM_CUT
10
5547.368812
20
248.718417
30
0
0
SEQEND
8
AI4M_01_ATOM_CUT
0
TEXT
8
AI4M_01_ATOM_CUT
10
5570.898475
20
247.719577
30
0
40
2.5
1
AI4M_line_0093__seg_01_cut_line_unknown
1001
AI4MANUFACTURING
1000
WRITEBACK_PHASE=01_ATOM_LABEL
1000
ENTITY_ID=line_0093__seg_01
999
AI4M_ENTITY=line_0094;LINE_ROLE=cut_line;EDGE=unknown;SOURCE_LAYER=11
0
POLYLINE
8
AI4M_01_ATOM_CUT
66
1
70
0
1001
AI4MANUFACTURING
1000
WRITEBACK_PHASE=01_ATOM
1000
ENTITY_ID=line_0094
1000
SOURCE_HANDLE=4F4
1000
LINE_ROLE=cut_line
1000
EDGE=unknown
1000
CHAIN=chain_ms1um5n3
1000
PIECE_ID=front_right_manual_01
1000
SEAM_PAIR=
1000
PAIRED_CHAIN=
1000
NOTCH_CHAIN=
1000
NOTCH_SOURCE=
1000
PIECE_ROLE=front_right
1000
SEAM_ALLOWANCE_MM=
1000
SOURCE_LAYER=11
0
VERTEX
8
AI4M_01_ATOM_CUT
10
5547.368812
20
248.718417
30
0
0
VERTEX
8
AI4M_01_ATOM_CUT
10
5551.970863
20
258.695071
30
0
0
SEQEND
8
AI4M_01_ATOM_CUT
0
TEXT
8
AI4M_01_ATOM_CUT
10
5547.368812
20
248.718417
30
0
40
2.5
1
AI4M_line_0094_cut_line_unknown
1001
AI4MANUFACTURING
1000
WRITEBACK_PHASE=01_ATOM_LABEL
1000
ENTITY_ID=line_0094
999
AI4M_ENTITY=line_0095__seg_01;LINE_ROLE=cut_line;EDGE=unknown;SOURCE_LAYER=11
0
POLYLINE
8
AI4M_01_ATOM_CUT
66
1
70
0
1001
AI4MANUFACTURING
1000
WRITEBACK_PHASE=01_ATOM
1000
ENTITY_ID=line_0095__seg_01
1000
SOURCE_HANDLE=4F9
1000
LINE_ROLE=cut_line
1000
EDGE=unknown
1000
CHAIN=chain_ms1um5n3
1000
PIECE_ID=front_right_manual_01
1000
SEAM_PAIR=
1000
PAIRED_CHAIN=
1000
NOTCH_CHAIN=
1000
NOTCH_SOURCE=
1000
PIECE_ROLE=front_right
1000
SEAM_ALLOWANCE_MM=
1000
SOURCE_LAYER=11
0
VERTEX
8
AI4M_01_ATOM_CUT
10
5551.970863
20
258.695071
30
0
0
VERTEX
8
AI4M_01_ATOM_CUT
10
5548.793453
20
272.454797
30
0
0
VERTEX
8
AI4M_01_ATOM_CUT
10
5545.309439
20
287.313508
30
0
0
VERTEX
8
AI4M_01_ATOM_CUT
10
5541.948659
20
300.8775
30
0
0
VERTEX
8
AI4M_01_ATOM_CUT
10
5538.1267
20
315.38519
30
0
0
VERTEX
8
AI4M_01_ATOM_CUT
10
5534.089706
20
329.933895
30
0
0
VERTEX
8
AI4M_01_ATOM_CUT
10
5529.781359
20
344.635925
30
0
0
VERTEX
8
AI4M_01_ATOM_CUT
10
5525.332512
20
359.074622
30
0
0
VERTEX
8
AI4M_01_ATOM_CUT
10
5520.690724
20
373.457373
30
0
0
VERTEX
8
AI4M_01_ATOM_CUT
10
5515.792907
20
387.973769
30
0
0
VERTEX
8
AI4M_01_ATOM_CUT
10
5510.706227
20
402.456006
30
0
0
VERTEX
8
AI4M_01_ATOM_CUT
10
5505.473475
20
416.854975
30
0
0
VERTEX
8
AI4M_01_ATOM_CUT
10
5500.104651
20
431.231959
30
0
0
VERTEX
8
AI4M_01_ATOM_CUT
10
5494.623068
20
445.538092
30
0
0
VERTEX
8
AI4M_01_ATOM_CUT
10
5489.051624
20
459.687889
30
0
0
VERTEX
8
AI4M_01_ATOM_CUT
10
5483.491424
20
473.51367
30
0
0
VERTEX
8
AI4M_01_ATOM_CUT
10
5480.73246
20
480.285457
30
0
0
SEQEND
8
AI4M_01_ATOM_CUT
0
TEXT
8
AI4M_01_ATOM_CUT
10
5551.970863
20
258.695071
30
0
40
2.5
1
AI4M_line_0095__seg_01_cut_line_unknown
1001
AI4MANUFACTURING
1000
WRITEBACK_PHASE=01_ATOM_LABEL
1000
ENTITY_ID=line_0095__seg_01
999
AI4M_ENTITY=line_0096;LINE_ROLE=cut_line;EDGE=unknown;SOURCE_LAYER=11
0
POLYLINE
8
AI4M_01_ATOM_CUT
66
1
70
0
1001
AI4MANUFACTURING
1000
WRITEBACK_PHASE=01_ATOM
1000
ENTITY_ID=line_0096
1000
SOURCE_HANDLE=50D
1000
LINE_ROLE=cut_line
1000
EDGE=unknown
1000
CHAIN=chain_ms1um5n3
1000
PIECE_ID=front_right_manual_01
1000
SEAM_PAIR=
1000
PAIRED_CHAIN=
1000
NOTCH_CHAIN=
1000
NOTCH_SOURCE=
1000
PIECE_ROLE=front_right
1000
SEAM_ALLOWANCE_MM=
1000
SOURCE_LAYER=11
0
VERTEX
8
AI4M_01_ATOM_CUT
10
5545.636129
20
274.949127
30
0
0
VERTEX
8
AI4M_01_ATOM_CUT
10
5550.504434
20
276.089129
30
0
0
SEQEND
8
AI4M_01_ATOM_CUT
0
TEXT
8
AI4M_01_ATOM_CUT
10
5545.636129
20
274.949127
30
0
40
2.5
1
AI4M_line_0096_cut_line_unknown
1001
AI4MANUFACTURING
1000
WRITEBACK_PHASE=01_ATOM_LABEL
1000
ENTITY_ID=line_0096
999
AI4M_ENTITY=line_0097;LINE_ROLE=cut_line;EDGE=unknown;SOURCE_LAYER=11
0
POLYLINE
8
AI4M_01_ATOM_CUT
66
1
70
0
1001
AI4MANUFACTURING
1000
WRITEBACK_PHASE=01_ATOM
1000
ENTITY_ID=line_0097
1000
SOURCE_HANDLE=50E
1000
LINE_ROLE=cut_line
1000
EDGE=unknown
1000
CHAIN=chain_ms1um5n3
1000
PIECE_ID=front_right_manual_01
1000
SEAM_PAIR=
1000
PAIRED_CHAIN=
1000
NOTCH_CHAIN=
1000
NOTCH_SOURCE=
1000
PIECE_ROLE=front_right
1000
SEAM_ALLOWANCE_MM=
1000
SOURCE_LAYER=11
0
VERTEX
8
AI4M_01_ATOM_CUT
10
5480.73246
20
480.285457
30
0
0
VERTEX
8
AI4M_01_ATOM_CUT
10
5476.118812
20
489.154208
30
0
0
SEQEND
8
AI4M_01_ATOM_CUT
0
TEXT
8
AI4M_01_ATOM_CUT
10
5480.73246
20
480.285457
30
0
40
2.5
1
AI4M_line_0097_cut_line_unknown
1001
AI4MANUFACTURING
1000
WRITEBACK_PHASE=01_ATOM_LABEL
1000
ENTITY_ID=line_0097
999
AI4M_ENTITY=line_0098__seg_01;LINE_ROLE=cut_line;EDGE=unknown;SOURCE_LAYER=11
0
POLYLINE
8
AI4M_01_ATOM_CUT
66
1
70
0
1001
AI4MANUFACTURING
1000
WRITEBACK_PHASE=01_ATOM
1000
ENTITY_ID=line_0098__seg_01
1000
SOURCE_HANDLE=513
1000
LINE_ROLE=cut_line
1000
EDGE=unknown
1000
CHAIN=chain_ms1um5n3
1000
PIECE_ID=front_right_manual_01
1000
SEAM_PAIR=
1000
PAIRED_CHAIN=
1000
NOTCH_CHAIN=
1000
NOTCH_SOURCE=
1000
PIECE_ROLE=front_right
1000
SEAM_ALLOWANCE_MM=
1000
SOURCE_LAYER=11
0
VERTEX
8
AI4M_01_ATOM_CUT
10
5476.118812
20
489.154208
30
0
0
VERTEX
8
AI4M_01_ATOM_CUT
10
5489.924753
20
496.33546
30
0
0
VERTEX
8
AI4M_01_ATOM_CUT
10
5503.290729
20
503.283579
30
0
0
VERTEX
8
AI4M_01_ATOM_CUT
10
5516.699781
20
510.256917
30
0
0
VERTEX
8
AI4M_01_ATOM_CUT
10
5530.062832
20
517.210492
30
0
0
VERTEX
8
AI4M_01_ATOM_CUT
10
5543.424505
20
524.166674
30
0
0
VERTEX
8
AI4M_01_ATOM_CUT
10
5556.75112
20
531.107091
30
0
0
VERTEX
8
AI4M_01_ATOM_CUT
10
5570.111052
20
538.066548
30
0
0
VERTEX
8
AI4M_01_ATOM_CUT
10
5583.470601
20
545.026706
30
0
0
VERTEX
8
AI4M_01_ATOM_CUT
10
5596.823793
20
551.982712
30
0
0
VERTEX
8
AI4M_01_ATOM_CUT
10
5610.191141
20
558.927999
30
0
0
VERTEX
8
AI4M_01_ATOM_CUT
10
5623.57098
20
565.849366
30
0
0
VERTEX
8
AI4M_01_ATOM_CUT
10
5636.966468
20
572.740603
30
0
0
VERTEX
8
AI4M_01_ATOM_CUT
10
5650.396392
20
579.599326
30
0
0
VERTEX
8
AI4M_01_ATOM_CUT
10
5663.848397
20
586.379435
30
0
0
VERTEX
8
AI4M_01_ATOM_CUT
10
5677.592169
20
593.164396
30
0
0
VERTEX
8
AI4M_01_ATOM_CUT
10
5691.118918
20
599.685215
30
0
0
VERTEX
8
AI4M_01_ATOM_CUT
10
5704.747935
20
606.101984
30
0
0
VERTEX
8
AI4M_01_ATOM_CUT
10
5718.599947
20
612.470266
30
0
0
VERTEX
8
AI4M_01_ATOM_CUT
10
5732.358007
20
618.605833
30
0
0
VERTEX
8
AI4M_01_ATOM_CUT
10
5744.373521
20
623.70705
30
0
0
VERTEX
8
AI4M_01_ATOM_CUT
10
5755.400827
20
628.145522
30
0
0
VERTEX
8
AI4M_01_ATOM_CUT
10
5762.297083
20
630.68211
30
0
0
VERTEX
8
AI4M_01_ATOM_CUT
10
5776.689894
20
635.547614
30
0
0
VERTEX
8
AI4M_01_ATOM_CUT
10
5787.557881
20
638.953217
30
0
0
VERTEX
8
AI4M_01_ATOM_CUT
10
5802.046623
20
643.264507
30
0
0
VERTEX
8
AI4M_01_ATOM_CUT
10
5816.493857
20
647.531786
30
0
0
VERTEX
8
AI4M_01_ATOM_CUT
10
5830.135351
20
651.381702
30
0
0
VERTEX
8
AI4M_01_ATOM_CUT
10
5843.885043
20
655.000325
30
0
0
VERTEX
8
AI4M_01_ATOM_CUT
10
5858.514213
20
658.594771
30
0
0
VERTEX
8
AI4M_01_ATOM_CUT
10
5873.239932
20
661.988531
30
0
0
VERTEX
8
AI4M_01_ATOM_CUT
10
5887.937218
20
665.29231
30
0
0
VERTEX
8
AI4M_01_ATOM_CUT
10
5901.046791
20
668.316577
30
0
0
SEQEND
8
AI4M_01_ATOM_CUT
0
TEXT
8
AI4M_01_ATOM_CUT
10
5476.118812
20
489.154208
30
0
40
2.5
1
AI4M_line_0098__seg_01_cut_line_unknown
1001
AI4MANUFACTURING
1000
WRITEBACK_PHASE=01_ATOM_LABEL
1000
ENTITY_ID=line_0098__seg_01
999
AI4M_ENTITY=line_0099;LINE_ROLE=cut_line;EDGE=unknown;SOURCE_LAYER=11
0
POLYLINE
8
AI4M_01_ATOM_CUT
66
1
70
0
1001
AI4MANUFACTURING
1000
WRITEBACK_PHASE=01_ATOM
1000
ENTITY_ID=line_0099
1000
SOURCE_HANDLE=537
1000
LINE_ROLE=cut_line
1000
EDGE=unknown
1000
CHAIN=chain_ms1um5n3
1000
PIECE_ID=front_right_manual_01
1000
SEAM_PAIR=
1000
PAIRED_CHAIN=
1000
NOTCH_CHAIN=
1000
NOTCH_SOURCE=
1000
PIECE_ROLE=front_right
1000
SEAM_ALLOWANCE_MM=
1000
SOURCE_LAYER=11
0
VERTEX
8
AI4M_01_ATOM_CUT
10
5590.317005
20
551.412643
30
0
0
VERTEX
8
AI4M_01_ATOM_CUT
10
5592.627313
20
546.978404
30
0
0
SEQEND
8
AI4M_01_ATOM_CUT
0
TEXT
8
AI4M_01_ATOM_CUT
10
5590.317005
20
551.412643
30
0
40
2.5
1
AI4M_line_0099_cut_line_unknown
1001
AI4MANUFACTURING
1000
WRITEBACK_PHASE=01_ATOM_LABEL
1000
ENTITY_ID=line_0099
999
AI4M_ENTITY=line_0100;LINE_ROLE=cut_line;EDGE=unknown;SOURCE_LAYER=11
0
POLYLINE
8
AI4M_01_ATOM_CUT
66
1
70
0
1001
AI4MANUFACTURING
1000
WRITEBACK_PHASE=01_ATOM
1000
ENTITY_ID=line_0100
1000
SOURCE_HANDLE=538
1000
LINE_ROLE=cut_line
1000
EDGE=unknown
1000
CHAIN=chain_ms1um5n3
1000
PIECE_ID=front_right_manual_01
1000
SEAM_PAIR=
1000
PAIRED_CHAIN=
1000
NOTCH_CHAIN=
1000
NOTCH_SOURCE=
1000
PIECE_ROLE=front_right
1000
SEAM_ALLOWANCE_MM=
1000
SOURCE_LAYER=11
0
VERTEX
8
AI4M_01_ATOM_CUT
10
5764.465625
20
634.057903
30
0
0
VERTEX
8
AI4M_01_ATOM_CUT
10
5766.071977
20
629.322965
30
0
0
SEQEND
8
AI4M_01_ATOM_CUT
0
TEXT
8
AI4M_01_ATOM_CUT
10
5764.465625
20
634.057903
30
0
40
2.5
1
AI4M_line_0100_cut_line_unknown
1001
AI4MANUFACTURING
1000
WRITEBACK_PHASE=01_ATOM_LABEL
1000
ENTITY_ID=line_0100
999
AI4M_ENTITY=line_0101;LINE_ROLE=cut_line;EDGE=unknown;SOURCE_LAYER=11
0
POLYLINE
8
AI4M_01_ATOM_CUT
66
1
70
0
1001
AI4MANUFACTURING
1000
WRITEBACK_PHASE=01_ATOM
1000
ENTITY_ID=line_0101
1000
SOURCE_HANDLE=539
1000
LINE_ROLE=cut_line
1000
EDGE=unknown
1000
CHAIN=chain_ms1um5n3
1000
PIECE_ID=front_right_manual_01
1000
SEAM_PAIR=
1000
PAIRED_CHAIN=
1000
NOTCH_CHAIN=
1000
NOTCH_SOURCE=
1000
PIECE_ROLE=front_right
1000
SEAM_ALLOWANCE_MM=
1000
SOURCE_LAYER=11
0
VERTEX
8
AI4M_01_ATOM_CUT
10
5901.046791
20
668.316577
30
0
0
VERTEX
8
AI4M_01_ATOM_CUT
10
5901.496009
20
658.838809
30
0
0
SEQEND
8
AI4M_01_ATOM_CUT
0
TEXT
8
AI4M_01_ATOM_CUT
10
5901.046791
20
668.316577
30
0
40
2.5
1
AI4M_line_0101_cut_line_unknown
1001
AI4MANUFACTURING
1000
WRITEBACK_PHASE=01_ATOM_LABEL
1000
ENTITY_ID=line_0101
999
AI4M_ENTITY=line_0102__seg_01;LINE_ROLE=cut_line;EDGE=unknown;SOURCE_LAYER=11
0
POLYLINE
8
AI4M_01_ATOM_CUT
66
1
70
0
1001
AI4MANUFACTURING
1000
WRITEBACK_PHASE=01_ATOM
1000
ENTITY_ID=line_0102__seg_01
1000
SOURCE_HANDLE=53E
1000
LINE_ROLE=cut_line
1000
EDGE=unknown
1000
CHAIN=chain_ms1um5n3
1000
PIECE_ID=front_right_manual_01
1000
SEAM_PAIR=
1000
PAIRED_CHAIN=
1000
NOTCH_CHAIN=
1000
NOTCH_SOURCE=
1000
PIECE_ROLE=front_right
1000
SEAM_ALLOWANCE_MM=
1000
SOURCE_LAYER=11
0
VERTEX
8
AI4M_01_ATOM_CUT
10
5901.496009
20
658.838809
30
0
0
VERTEX
8
AI4M_01_ATOM_CUT
10
5902.726541
20
651.761416
30
0
0
VERTEX
8
AI4M_01_ATOM_CUT
10
5903.860775
20
646.560725
30
0
0
VERTEX
8
AI4M_01_ATOM_CUT
10
5905.139318
20
641.809884
30
0
0
VERTEX
8
AI4M_01_ATOM_CUT
10
5906.655964
20
637.109121
30
0
0
VERTEX
8
AI4M_01_ATOM_CUT
10
5908.376355
20
632.552713
30
0
0
VERTEX
8
AI4M_01_ATOM_CUT
10
5910.124156
20
628.581397
30
0
0
VERTEX
8
AI4M_01_ATOM_CUT
10
5911.98102
20
624.955738
30
0
0
VERTEX
8
AI4M_01_ATOM_CUT
10
5913.990891
20
621.574596
30
0
0
VERTEX
8
AI4M_01_ATOM_CUT
10
5916.188299
20
618.358078
30
0
0
VERTEX
8
AI4M_01_ATOM_CUT
10
5918.632813
20
615.215524
30
0
0
VERTEX
8
AI4M_01_ATOM_CUT
10
5921.349723
20
612.129812
30
0
0
VERTEX
8
AI4M_01_ATOM_CUT
10
5924.268154
20
609.1904
30
0
0
VERTEX
8
AI4M_01_ATOM_CUT
10
5927.404625
20
606.385645
30
0
0
VERTEX
8
AI4M_01_ATOM_CUT
10
5930.740508
20
603.738088
30
0
0
VERTEX
8
AI4M_01_ATOM_CUT
10
5934.236104
20
601.280977
30
0
0
VERTEX
8
AI4M_01_ATOM_CUT
10
5937.799415
20
599.073376
30
0
0
VERTEX
8
AI4M_01_ATOM_CUT
10
5941.540903
20
597.047999
30
0
0
VERTEX
8
AI4M_01_ATOM_CUT
10
5945.270169
20
595.305048
30
0
0
VERTEX
8
AI4M_01_ATOM_CUT
10
5949.117693
20
593.786304
30
0
0
VERTEX
8
AI4M_01_ATOM_CUT
10
5953.108006
20
592.466736
30
0
0
VERTEX
8
AI4M_01_ATOM_CUT
10
5956.171781
20
591.687115
30
0
0
VERTEX
8
AI4M_01_ATOM_CUT
10
5962.747936
20
590.426806
30
0
0
VERTEX
8
AI4M_01_ATOM_CUT
10
5967.533184
20
589.892642
30
0
0
VERTEX
8
AI4M_01_ATOM_CUT
10
5972.65995
20
589.450152
30
0
0
SEQEND
8
AI4M_01_ATOM_CUT
0
TEXT
8
AI4M_01_ATOM_CUT
10
5901.496009
20
658.838809
30
0
40
2.5
1
AI4M_line_0102__seg_01_cut_line_unknown
1001
AI4MANUFACTURING
1000
WRITEBACK_PHASE=01_ATOM_LABEL
1000
ENTITY_ID=line_0102__seg_01
999
AI4M_ENTITY=line_0103;LINE_ROLE=cut_line;EDGE=unknown;SOURCE_LAYER=11
0
POLYLINE
8
AI4M_01_ATOM_CUT
66
1
70
0
1001
AI4MANUFACTURING
1000
WRITEBACK_PHASE=01_ATOM
1000
ENTITY_ID=line_0103
1000
SOURCE_HANDLE=55A
1000
LINE_ROLE=cut_line
1000
EDGE=unknown
1000
CHAIN=chain_ms1um5n3
1000
PIECE_ID=front_right_manual_01
1000
SEAM_PAIR=
1000
PAIRED_CHAIN=
1000
NOTCH_CHAIN=
1000
NOTCH_SOURCE=
1000
PIECE_ROLE=front_right
1000
SEAM_ALLOWANCE_MM=
1000
SOURCE_LAYER=11
0
VERTEX
8
AI4M_01_ATOM_CUT
10
5925.901918
20
611.085003
30
0
0
VERTEX
8
AI4M_01_ATOM_CUT
10
5922.569854
20
607.357088
30
0
0
SEQEND
8
AI4M_01_ATOM_CUT
0
TEXT
8
AI4M_01_ATOM_CUT
10
5925.901918
20
611.085003
30
0
40
2.5
1
AI4M_line_0103_cut_line_unknown
1001
AI4MANUFACTURING
1000
WRITEBACK_PHASE=01_ATOM_LABEL
1000
ENTITY_ID=line_0103
999
AI4M_ENTITY=line_0104__seg_01;LINE_ROLE=cut_line;EDGE=unknown;SOURCE_LAYER=11
0
POLYLINE
8
AI4M_01_ATOM_CUT
66
1
70
0
1001
AI4MANUFACTURING
1000
WRITEBACK_PHASE=01_ATOM
1000
ENTITY_ID=line_0104__seg_01
1000
SOURCE_HANDLE=55B
1000
LINE_ROLE=cut_line
1000
EDGE=unknown
1000
CHAIN=chain_ms1um5n3
1000
PIECE_ID=front_right_manual_01
1000
SEAM_PAIR=
1000
PAIRED_CHAIN=
1000
NOTCH_CHAIN=
1000
NOTCH_SOURCE=
1000
PIECE_ROLE=front_right
1000
SEAM_ALLOWANCE_MM=
1000
SOURCE_LAYER=11
0
VERTEX
8
AI4M_01_ATOM_CUT
10
5972.65995
20
589.450152
30
0
0
VERTEX
8
AI4M_01_ATOM_CUT
10
5980.033969
20
589.312028
30
0
0
VERTEX
8
AI4M_01_ATOM_CUT
10
5985.969281
20
589.466827
30
0
0
VERTEX
8
AI4M_01_ATOM_CUT
10
5987.302894
20
589.531253
30
0
0
SEQEND
8
AI4M_01_ATOM_CUT
0
TEXT
8
AI4M_01_ATOM_CUT
10
5972.65995
20
589.450152
30
0
40
2.5
1
AI4M_line_0104__seg_01_cut_line_unknown
1001
AI4MANUFACTURING
1000
WRITEBACK_PHASE=01_ATOM_LABEL
1000
ENTITY_ID=line_0104__seg_01
999
AI4M_ENTITY=line_0105;LINE_ROLE=cut_line;EDGE=unknown;SOURCE_LAYER=11
0
POLYLINE
8
AI4M_01_ATOM_CUT
66
1
70
0
1001
AI4MANUFACTURING
1000
WRITEBACK_PHASE=01_ATOM
1000
ENTITY_ID=line_0105
1000
SOURCE_HANDLE=562
1000
LINE_ROLE=cut_line
1000
EDGE=unknown
1000
CHAIN=chain_ms1um5n3
1000
PIECE_ID=front_right_manual_01
1000
SEAM_PAIR=
1000
PAIRED_CHAIN=
1000
NOTCH_CHAIN=
1000
NOTCH_SOURCE=
1000
PIECE_ROLE=front_right
1000
SEAM_ALLOWANCE_MM=
1000
SOURCE_LAYER=11
0
VERTEX
8
AI4M_01_ATOM_CUT
10
5987.295423
20
592.031222
30
0
0
VERTEX
8
AI4M_01_ATOM_CUT
10
5987.309612
20
587.031242
30
0
0
SEQEND
8
AI4M_01_ATOM_CUT
0
TEXT
8
AI4M_01_ATOM_CUT
10
5987.295423
20
592.031222
30
0
40
2.5
1
AI4M_line_0105_cut_line_unknown
1001
AI4MANUFACTURING
1000
WRITEBACK_PHASE=01_ATOM_LABEL
1000
ENTITY_ID=line_0105
999
AI4M_ENTITY=line_0106__seg_01;LINE_ROLE=cut_line;EDGE=unknown;SOURCE_LAYER=11
0
POLYLINE
8
AI4M_01_ATOM_CUT
66
1
70
0
1001
AI4MANUFACTURING
1000
WRITEBACK_PHASE=01_ATOM
1000
ENTITY_ID=line_0106__seg_01
1000
SOURCE_HANDLE=563
1000
LINE_ROLE=cut_line
1000
EDGE=unknown
1000
CHAIN=chain_ms1um5n3
1000
PIECE_ID=front_right_manual_01
1000
SEAM_PAIR=
1000
PAIRED_CHAIN=
1000
NOTCH_CHAIN=
1000
NOTCH_SOURCE=
1000
PIECE_ROLE=front_right
1000
SEAM_ALLOWANCE_MM=
1000
SOURCE_LAYER=11
0
VERTEX
8
AI4M_01_ATOM_CUT
10
5987.302894
20
589.531253
30
0
0
VERTEX
8
AI4M_01_ATOM_CUT
10
5994.370819
20
589.313043
30
0
0
VERTEX
8
AI4M_01_ATOM_CUT
10
6000.829102
20
589.409358
30
0
0
VERTEX
8
AI4M_01_ATOM_CUT
10
6001.919593
20
589.449771
30
0
0
SEQEND
8
AI4M_01_ATOM_CUT
0
TEXT
8
AI4M_01_ATOM_CUT
10
5987.302894
20
589.531253
30
0
40
2.5
1
AI4M_line_0106__seg_01_cut_line_unknown
1001
AI4MANUFACTURING
1000
WRITEBACK_PHASE=01_ATOM_LABEL
1000
ENTITY_ID=line_0106__seg_01
999
AI4M_ENTITY=line_0107__seg_01;LINE_ROLE=cut_line;EDGE=unknown;SOURCE_LAYER=11
0
POLYLINE
8
AI4M_01_ATOM_CUT
66
1
70
0
1001
AI4MANUFACTURING
1000
WRITEBACK_PHASE=01_ATOM
1000
ENTITY_ID=line_0107__seg_01
1000
SOURCE_HANDLE=56A
1000
LINE_ROLE=cut_line
1000
EDGE=unknown
1000
CHAIN=chain_ms1um5n3
1000
PIECE_ID=front_right_manual_01
1000
SEAM_PAIR=
1000
PAIRED_CHAIN=
1000
NOTCH_CHAIN=
1000
NOTCH_SOURCE=
1000
PIECE_ROLE=front_right
1000
SEAM_ALLOWANCE_MM=
1000
SOURCE_LAYER=11
0
VERTEX
8
AI4M_01_ATOM_CUT
10
6001.919593
20
589.449771
30
0
0
VERTEX
8
AI4M_01_ATOM_CUT
10
6008.408185
20
590.014976
30
0
0
VERTEX
8
AI4M_01_ATOM_CUT
10
6013.314644
20
590.692892
30
0
0
VERTEX
8
AI4M_01_ATOM_CUT
10
6017.302894
20
591.399234
30
0
0
SEQEND
8
AI4M_01_ATOM_CUT
0
TEXT
8
AI4M_01_ATOM_CUT
10
6001.919593
20
589.449771
30
0
40
2.5
1
AI4M_line_0107__seg_01_cut_line_unknown
1001
AI4MANUFACTURING
1000
WRITEBACK_PHASE=01_ATOM_LABEL
1000
ENTITY_ID=line_0107__seg_01
999
AI4M_ENTITY=line_0108__seg_01;LINE_ROLE=cut_line;EDGE=unknown;SOURCE_LAYER=11
0
POLYLINE
8
AI4M_01_ATOM_CUT
66
1
70
0
1001
AI4MANUFACTURING
1000
WRITEBACK_PHASE=01_ATOM
1000
ENTITY_ID=line_0108__seg_01
1000
SOURCE_HANDLE=571
1000
LINE_ROLE=cut_line
1000
EDGE=unknown
1000
CHAIN=chain_ms1um5n3
1000
PIECE_ID=front_right_manual_01
1000
SEAM_PAIR=
1000
PAIRED_CHAIN=
1000
NOTCH_CHAIN=
1000
NOTCH_SOURCE=
1000
PIECE_ROLE=front_right
1000
SEAM_ALLOWANCE_MM=
1000
SOURCE_LAYER=11
0
VERTEX
8
AI4M_01_ATOM_CUT
10
6017.302894
20
591.399234
30
0
0
VERTEX
8
AI4M_01_ATOM_CUT
10
6026.010673
20
590.001765
30
0
0
VERTEX
8
AI4M_01_ATOM_CUT
10
6033.17306
20
589.141909
30
0
0
VERTEX
8
AI4M_01_ATOM_CUT
10
6041.337961
20
588.422599
30
0
0
VERTEX
8
AI4M_01_ATOM_CUT
10
6047.302894
20
588.057788
30
0
0
SEQEND
8
AI4M_01_ATOM_CUT
0
TEXT
8
AI4M_01_ATOM_CUT
10
6017.302894
20
591.399234
30
0
40
2.5
1
AI4M_line_0108__seg_01_cut_line_unknown
1001
AI4MANUFACTURING
1000
WRITEBACK_PHASE=01_ATOM_LABEL
1000
ENTITY_ID=line_0108__seg_01
999
AI4M_ENTITY=line_0109;LINE_ROLE=cut_line;EDGE=unknown;SOURCE_LAYER=11
0
POLYLINE
8
AI4M_01_ATOM_CUT
66
1
70
0
1001
AI4MANUFACTURING
1000
WRITEBACK_PHASE=01_ATOM
1000
ENTITY_ID=line_0109
1000
SOURCE_HANDLE=579
1000
LINE_ROLE=cut_line
1000
EDGE=unknown
1000
CHAIN=chain_ms1um5n3
1000
PIECE_ID=front_right_manual_01
1000
SEAM_PAIR=
1000
PAIRED_CHAIN=
1000
NOTCH_CHAIN=
1000
NOTCH_SOURCE=
1000
PIECE_ROLE=front_right
1000
SEAM_ALLOWANCE_MM=
1000
SOURCE_LAYER=11
0
VERTEX
8
AI4M_01_ATOM_CUT
10
6047.302894
20
588.057788
30
0
0
VERTEX
8
AI4M_01_ATOM_CUT
10
6047.302894
20
-2.616007
30
0
0
SEQEND
8
AI4M_01_ATOM_CUT
0
TEXT
8
AI4M_01_ATOM_CUT
10
6047.302894
20
588.057788
30
0
40
2.5
1
AI4M_line_0109_cut_line_unknown
1001
AI4MANUFACTURING
1000
WRITEBACK_PHASE=01_ATOM_LABEL
1000
ENTITY_ID=line_0109
999
AI4M_ENTITY=line_0110;LINE_ROLE=cut_line;EDGE=unknown;SOURCE_LAYER=11
0
POLYLINE
8
AI4M_01_ATOM_CUT
66
1
70
0
1001
AI4MANUFACTURING
1000
WRITEBACK_PHASE=01_ATOM
1000
ENTITY_ID=line_0110
1000
SOURCE_HANDLE=57E
1000
LINE_ROLE=cut_line
1000
EDGE=unknown
1000
CHAIN=chain_ms1um5n3
1000
PIECE_ID=front_right_manual_01
1000
SEAM_PAIR=
1000
PAIRED_CHAIN=
1000
NOTCH_CHAIN=
1000
NOTCH_SOURCE=
1000
PIECE_ROLE=front_right
1000
SEAM_ALLOWANCE_MM=
1000
SOURCE_LAYER=11
0
VERTEX
8
AI4M_01_ATOM_CUT
10
6047.302894
20
-2.616007
30
0
0
VERTEX
8
AI4M_01_ATOM_CUT
10
6017.302894
20
-2.596476
30
0
0
SEQEND
8
AI4M_01_ATOM_CUT
0
TEXT
8
AI4M_01_ATOM_CUT
10
6047.302894
20
-2.616007
30
0
40
2.5
1
AI4M_line_0110_cut_line_unknown
1001
AI4MANUFACTURING
1000
WRITEBACK_PHASE=01_ATOM_LABEL
1000
ENTITY_ID=line_0110
999
AI4M_ENTITY=line_0111;LINE_ROLE=cut_line;EDGE=unknown;SOURCE_LAYER=11
0
POLYLINE
8
AI4M_01_ATOM_CUT
66
1
70
0
1001
AI4MANUFACTURING
1000
WRITEBACK_PHASE=01_ATOM
1000
ENTITY_ID=line_0111
1000
SOURCE_HANDLE=583
1000
LINE_ROLE=cut_line
1000
EDGE=unknown
1000
CHAIN=chain_ms1um5n3
1000
PIECE_ID=front_right_manual_01
1000
SEAM_PAIR=
1000
PAIRED_CHAIN=
1000
NOTCH_CHAIN=
1000
NOTCH_SOURCE=
1000
PIECE_ROLE=front_right
1000
SEAM_ALLOWANCE_MM=
1000
SOURCE_LAYER=11
0
VERTEX
8
AI4M_01_ATOM_CUT
10
6017.302894
20
-2.596476
30
0
0
VERTEX
8
AI4M_01_ATOM_CUT
10
6002.302894
20
-2.606241
30
0
0
SEQEND
8
AI4M_01_ATOM_CUT
0
TEXT
8
AI4M_01_ATOM_CUT
10
6017.302894
20
-2.596476
30
0
40
2.5
1
AI4M_line_0111_cut_line_unknown
1001
AI4MANUFACTURING
1000
WRITEBACK_PHASE=01_ATOM_LABEL
1000
ENTITY_ID=line_0111
999
AI4M_ENTITY=line_0112;LINE_ROLE=cut_line;EDGE=unknown;SOURCE_LAYER=11
0
POLYLINE
8
AI4M_01_ATOM_CUT
66
1
70
0
1001
AI4MANUFACTURING
1000
WRITEBACK_PHASE=01_ATOM
1000
ENTITY_ID=line_0112
1000
SOURCE_HANDLE=588
1000
LINE_ROLE=cut_line
1000
EDGE=unknown
1000
CHAIN=chain_ms1um5n3
1000
PIECE_ID=front_right_manual_01
1000
SEAM_PAIR=
1000
PAIRED_CHAIN=
1000
NOTCH_CHAIN=
1000
NOTCH_SOURCE=
1000
PIECE_ROLE=front_right
1000
SEAM_ALLOWANCE_MM=
1000
SOURCE_LAYER=11
0
VERTEX
8
AI4M_01_ATOM_CUT
10
6002.302894
20
-2.606241
30
0
0
VERTEX
8
AI4M_01_ATOM_CUT
10
5987.302894
20
-2.606241
30
0
0
SEQEND
8
AI4M_01_ATOM_CUT
0
TEXT
8
AI4M_01_ATOM_CUT
10
6002.302894
20
-2.606241
30
0
40
2.5
1
AI4M_line_0112_cut_line_unknown
1001
AI4MANUFACTURING
1000
WRITEBACK_PHASE=01_ATOM_LABEL
1000
ENTITY_ID=line_0112
999
AI4M_ENTITY=line_0113;LINE_ROLE=cut_line;EDGE=unknown;SOURCE_LAYER=11
0
POLYLINE
8
AI4M_01_ATOM_CUT
66
1
70
0
1001
AI4MANUFACTURING
1000
WRITEBACK_PHASE=01_ATOM
1000
ENTITY_ID=line_0113
1000
SOURCE_HANDLE=58D
1000
LINE_ROLE=cut_line
1000
EDGE=unknown
1000
CHAIN=chain_ms1um5n3
1000
PIECE_ID=front_right_manual_01
1000
SEAM_PAIR=
1000
PAIRED_CHAIN=
1000
NOTCH_CHAIN=
1000
NOTCH_SOURCE=
1000
PIECE_ROLE=front_right
1000
SEAM_ALLOWANCE_MM=
1000
SOURCE_LAYER=11
0
VERTEX
8
AI4M_01_ATOM_CUT
10
5987.302894
20
-2.606241
30
0
0
VERTEX
8
AI4M_01_ATOM_CUT
10
5987.302894
20
12.393754
30
0
0
SEQEND
8
AI4M_01_ATOM_CUT
0
TEXT
8
AI4M_01_ATOM_CUT
10
5987.302894
20
-2.606241
30
0
40
2.5
1
AI4M_line_0113_cut_line_unknown
1001
AI4MANUFACTURING
1000
WRITEBACK_PHASE=01_ATOM_LABEL
1000
ENTITY_ID=line_0113
999
AI4M_ENTITY=line_0114;LINE_ROLE=cut_line;EDGE=unknown;SOURCE_LAYER=11
0
POLYLINE
8
AI4M_01_ATOM_CUT
66
1
70
0
1001
AI4MANUFACTURING
1000
WRITEBACK_PHASE=01_ATOM
1000
ENTITY_ID=line_0114
1000
SOURCE_HANDLE=592
1000
LINE_ROLE=cut_line
1000
EDGE=unknown
1000
CHAIN=chain_ms1um5n3
1000
PIECE_ID=front_right_manual_01
1000
SEAM_PAIR=
1000
PAIRED_CHAIN=
1000
NOTCH_CHAIN=
1000
NOTCH_SOURCE=
1000
PIECE_ROLE=front_right
1000
SEAM_ALLOWANCE_MM=
1000
SOURCE_LAYER=11
0
VERTEX
8
AI4M_01_ATOM_CUT
10
5987.302894
20
12.393754
30
0
0
VERTEX
8
AI4M_01_ATOM_CUT
10
5972.280922
20
12.393821
30
0
0
SEQEND
8
AI4M_01_ATOM_CUT
0
TEXT
8
AI4M_01_ATOM_CUT
10
5987.302894
20
12.393754
30
0
40
2.5
1
AI4M_line_0114_cut_line_unknown
1001
AI4MANUFACTURING
1000
WRITEBACK_PHASE=01_ATOM_LABEL
1000
ENTITY_ID=line_0114
999
AI4M_ENTITY=line_0115__seg_01;LINE_ROLE=hem_line;EDGE=hem_line;SOURCE_LAYER=11
0
POLYLINE
8
AI4M_01_ATOM_INTERNAL
66
1
70
0
1001
AI4MANUFACTURING
1000
WRITEBACK_PHASE=01_ATOM
1000
ENTITY_ID=line_0115__seg_01
1000
SOURCE_HANDLE=597
1000
LINE_ROLE=hem_line
1000
EDGE=hem_line
1000
CHAIN=chain_ms1um5n3
1000
PIECE_ID=front_right_manual_01
1000
SEAM_PAIR=
1000
PAIRED_CHAIN=
1000
NOTCH_CHAIN=
1000
NOTCH_SOURCE=
1000
PIECE_ROLE=front_right
1000
SEAM_ALLOWANCE_MM=
1000
SOURCE_LAYER=11
0
VERTEX
8
AI4M_01_ATOM_INTERNAL
10
5972.302894
20
22.393754
30
0
0
VERTEX
8
AI4M_01_ATOM_INTERNAL
10
5956.15051
20
22.41128
30
0
0
VERTEX
8
AI4M_01_ATOM_INTERNAL
10
5940.674625
20
22.527287
30
0
0
VERTEX
8
AI4M_01_ATOM_INTERNAL
10
5925.116668
20
22.74949
30
0
0
VERTEX
8
AI4M_01_ATOM_INTERNAL
10
5909.574415
20
23.075291
30
0
0
VERTEX
8
AI4M_01_ATOM_INTERNAL
10
5894.020864
20
23.503376
30
0
0
VERTEX
8
AI4M_01_ATOM_INTERNAL
10
5878.481297
20
24.031079
30
0
0
VERTEX
8
AI4M_01_ATOM_INTERNAL
10
5862.934614
20
24.657095
30
0
0
VERTEX
8
AI4M_01_ATOM_INTERNAL
10
5847.392062
20
25.379028
30
0
0
VERTEX
8
AI4M_01_ATOM_INTERNAL
10
5831.863244
20
26.194351
30
0
0
VERTEX
8
AI4M_01_ATOM_INTERNAL
10
5816.330332
20
27.102267
30
0
0
VERTEX
8
AI4M_01_ATOM_INTERNAL
10
5800.812283
20
28.099935
30
0
0
VERTEX
8
AI4M_01_ATOM_INTERNAL
10
5785.290898
20
29.185965
30
0
0
VERTEX
8
AI4M_01_ATOM_INTERNAL
10
5769.931651
20
30.344466
30
0
0
VERTEX
8
AI4M_01_ATOM_INTERNAL
10
5754.422458
20
31.592832
30
0
0
VERTEX
8
AI4M_01_ATOM_INTERNAL
10
5738.918851
20
32.909705
30
0
0
VERTEX
8
AI4M_01_ATOM_INTERNAL
10
5723.67212
20
34.262714
30
0
0
VERTEX
8
AI4M_01_ATOM_INTERNAL
10
5708.178776
20
35.694503
30
0
0
VERTEX
8
AI4M_01_ATOM_INTERNAL
10
5692.691147
20
37.185829
30
0
0
VERTEX
8
AI4M_01_ATOM_INTERNAL
10
5677.330793
20
38.725354
30
0
0
VERTEX
8
AI4M_01_ATOM_INTERNAL
10
5662.373386
20
40.272006
30
0
0
VERTEX
8
AI4M_01_ATOM_INTERNAL
10
5647.581833
20
41.838507
30
0
0
VERTEX
8
AI4M_01_ATOM_INTERNAL
10
5637.531166
20
42.924216
30
0
0
SEQEND
8
AI4M_01_ATOM_INTERNAL
0
TEXT
8
AI4M_01_ATOM_INTERNAL
10
5972.302894
20
22.393754
30
0
40
2.5
1
AI4M_line_0115__seg_01_hem_line_hem_line
1001
AI4MANUFACTURING
1000
WRITEBACK_PHASE=01_ATOM_LABEL
1000
ENTITY_ID=line_0115__seg_01
999
AI4M_ENTITY=line_0116__seg_01;LINE_ROLE=side_seam;EDGE=side_seam;SOURCE_LAYER=11
0
POLYLINE
8
AI4M_01_ATOM_INTERNAL
66
1
70
0
1001
AI4MANUFACTURING
1000
WRITEBACK_PHASE=01_ATOM
1000
ENTITY_ID=line_0116__seg_01
1000
SOURCE_HANDLE=5B1
1000
LINE_ROLE=side_seam
1000
EDGE=side_seam
1000
CHAIN=chain_ms1um5n3
1000
PIECE_ID=front_right_manual_01
1000
SEAM_PAIR=
1000
PAIRED_CHAIN=
1000
NOTCH_CHAIN=
1000
NOTCH_SOURCE=
1000
PIECE_ROLE=front_right
1000
SEAM_ALLOWANCE_MM=
1000
SOURCE_LAYER=11
0
VERTEX
8
AI4M_01_ATOM_INTERNAL
10
5637.531166
20
42.924216
30
0
0
VERTEX
8
AI4M_01_ATOM_INTERNAL
10
5637.992463
20
58.14181
30
0
0
VERTEX
8
AI4M_01_ATOM_INTERNAL
10
5638.318751
20
73.24664
30
0
0
VERTEX
8
AI4M_01_ATOM_INTERNAL
10
5638.474156
20
88.329834
30
0
0
VERTEX
8
AI4M_01_ATOM_INTERNAL
10
5638.47268
20
103.392818
30
0
0
VERTEX
8
AI4M_01_ATOM_INTERNAL
10
5638.307533
20
118.475777
30
0
0
VERTEX
8
AI4M_01_ATOM_INTERNAL
10
5637.941073
20
133.510105
30
0
0
VERTEX
8
AI4M_01_ATOM_INTERNAL
10
5637.407677
20
147.266798
30
0
0
VERTEX
8
AI4M_01_ATOM_INTERNAL
10
5636.745031
20
158.314126
30
0
0
VERTEX
8
AI4M_01_ATOM_INTERNAL
10
5635.963251
20
167.690538
30
0
0
VERTEX
8
AI4M_01_ATOM_INTERNAL
10
5635.076118
20
175.610005
30
0
0
VERTEX
8
AI4M_01_ATOM_INTERNAL
10
5634.100847
20
182.24574
30
0
0
VERTEX
8
AI4M_01_ATOM_INTERNAL
10
5633.002446
20
188.118455
30
0
0
VERTEX
8
AI4M_01_ATOM_INTERNAL
10
5631.727224
20
193.633936
30
0
0
VERTEX
8
AI4M_01_ATOM_INTERNAL
10
5630.267793
20
198.88698
30
0
0
VERTEX
8
AI4M_01_ATOM_INTERNAL
10
5628.594908
20
203.997069
30
0
0
VERTEX
8
AI4M_01_ATOM_INTERNAL
10
5626.728843
20
208.911748
30
0
0
VERTEX
8
AI4M_01_ATOM_INTERNAL
10
5624.644338
20
213.712459
30
0
0
VERTEX
8
AI4M_01_ATOM_INTERNAL
10
5622.393493
20
218.264858
30
0
0
VERTEX
8
AI4M_01_ATOM_INTERNAL
10
5619.980788
20
222.583011
30
0
0
VERTEX
8
AI4M_01_ATOM_INTERNAL
10
5617.436173
20
226.633019
30
0
0
VERTEX
8
AI4M_01_ATOM_INTERNAL
10
5614.771107
20
230.419168
30
0
0
VERTEX
8
AI4M_01_ATOM_INTERNAL
10
5611.94716
20
234.007576
30
0
0
VERTEX
8
AI4M_01_ATOM_INTERNAL
10
5609.030672
20
237.325531
30
0
0
VERTEX
8
AI4M_01_ATOM_INTERNAL
10
5605.90284
20
240.50669
30
0
0
VERTEX
8
AI4M_01_ATOM_INTERNAL
10
5602.692422
20
243.415936
30
0
0
VERTEX
8
AI4M_01_ATOM_INTERNAL
10
5599.408874
20
246.057573
30
0
0
VERTEX
8
AI4M_01_ATOM_INTERNAL
10
5596.031819
20
248.453046
30
0
0
VERTEX
8
AI4M_01_ATOM_INTERNAL
10
5592.60246
20
250.575905
30
0
0
VERTEX
8
AI4M_01_ATOM_INTERNAL
10
5589.243953
20
252.368585
30
0
0
VERTEX
8
AI4M_01_ATOM_INTERNAL
10
5585.839472
20
253.903549
30
0
0
VERTEX
8
AI4M_01_ATOM_INTERNAL
10
5582.443104
20
255.158201
30
0
0
VERTEX
8
AI4M_01_ATOM_INTERNAL
10
5578.809592
20
256.234211
30
0
0
VERTEX
8
AI4M_01_ATOM_INTERNAL
10
5574.680402
20
257.183052
30
0
0
VERTEX
8
AI4M_01_ATOM_INTERNAL
10
5572.27909
20
257.635653
30
0
0
SEQEND
8
AI4M_01_ATOM_INTERNAL
0
TEXT
8
AI4M_01_ATOM_INTERNAL
10
5637.531166
20
42.924216
30
0
40
2.5
1
AI4M_line_0116__seg_01_side_seam_side_seam
1001
AI4MANUFACTURING
1000
WRITEBACK_PHASE=01_ATOM_LABEL
1000
ENTITY_ID=line_0116__seg_01
999
AI4M_ENTITY=line_0117;LINE_ROLE=cut_line;EDGE=unknown;SOURCE_LAYER=11
0
POLYLINE
8
AI4M_01_ATOM_CUT
66
1
70
0
1001
AI4MANUFACTURING
1000
WRITEBACK_PHASE=01_ATOM
1000
ENTITY_ID=line_0117
1000
SOURCE_HANDLE=5D7
1000
LINE_ROLE=cut_line
1000
EDGE=unknown
1000
CHAIN=chain_ms1um5n3
1000
PIECE_ID=front_right_manual_01
1000
SEAM_PAIR=
1000
PAIRED_CHAIN=
1000
NOTCH_CHAIN=
1000
NOTCH_SOURCE=
1000
PIECE_ROLE=front_right
1000
SEAM_ALLOWANCE_MM=
1000
SOURCE_LAYER=11
0
VERTEX
8
AI4M_01_ATOM_CUT
10
5635.723312
20
122.853817
30
0
0
VERTEX
8
AI4M_01_ATOM_CUT
10
5640.722198
20
122.959321
30
0
0
SEQEND
8
AI4M_01_ATOM_CUT
0
TEXT
8
AI4M_01_ATOM_CUT
10
5635.723312
20
122.853817
30
0
40
2.5
1
AI4M_line_0117_cut_line_unknown
1001
AI4MANUFACTURING
1000
WRITEBACK_PHASE=01_ATOM_LABEL
1000
ENTITY_ID=line_0117
999
AI4M_ENTITY=line_0118;LINE_ROLE=cut_line;EDGE=unknown;SOURCE_LAYER=11
0
POLYLINE
8
AI4M_01_ATOM_CUT
66
1
70
0
1001
AI4MANUFACTURING
1000
WRITEBACK_PHASE=01_ATOM
1000
ENTITY_ID=line_0118
1000
SOURCE_HANDLE=5D8
1000
LINE_ROLE=cut_line
1000
EDGE=unknown
1000
CHAIN=chain_ms1um5n3
1000
PIECE_ID=front_right_manual_01
1000
SEAM_PAIR=
1000
PAIRED_CHAIN=
1000
NOTCH_CHAIN=
1000
NOTCH_SOURCE=
1000
PIECE_ROLE=front_right
1000
SEAM_ALLOWANCE_MM=
1000
SOURCE_LAYER=11
0
VERTEX
8
AI4M_01_ATOM_CUT
10
5635.26157
20
138.806981
30
0
0
VERTEX
8
AI4M_01_ATOM_CUT
10
5640.258111
20
138.992929
30
0
0
SEQEND
8
AI4M_01_ATOM_CUT
0
TEXT
8
AI4M_01_ATOM_CUT
10
5635.26157
20
138.806981
30
0
40
2.5
1
AI4M_line_0118_cut_line_unknown
1001
AI4MANUFACTURING
1000
WRITEBACK_PHASE=01_ATOM_LABEL
1000
ENTITY_ID=line_0118
999
AI4M_ENTITY=line_0119;LINE_ROLE=cut_line;EDGE=unknown;SOURCE_LAYER=11
0
POLYLINE
8
AI4M_01_ATOM_CUT
66
1
70
0
1001
AI4MANUFACTURING
1000
WRITEBACK_PHASE=01_ATOM
1000
ENTITY_ID=line_0119
1000
SOURCE_HANDLE=5D9
1000
LINE_ROLE=cut_line
1000
EDGE=unknown
1000
CHAIN=chain_ms1um5n3
1000
PIECE_ID=front_right_manual_01
1000
SEAM_PAIR=
1000
PAIRED_CHAIN=
1000
NOTCH_CHAIN=
1000
NOTCH_SOURCE=
1000
PIECE_ROLE=front_right
1000
SEAM_ALLOWANCE_MM=
1000
SOURCE_LAYER=11
0
VERTEX
8
AI4M_01_ATOM_CUT
10
5624.687009
20
207.288862
30
0
0
VERTEX
8
AI4M_01_ATOM_CUT
10
5629.332106
20
209.139016
30
0
0
SEQEND
8
AI4M_01_ATOM_CUT
0
TEXT
8
AI4M_01_ATOM_CUT
10
5624.687009
20
207.288862
30
0
40
2.5
1
AI4M_line_0119_cut_line_unknown
1001
AI4MANUFACTURING
1000
WRITEBACK_PHASE=01_ATOM_LABEL
1000
ENTITY_ID=line_0119
999
AI4M_ENTITY=line_0120__seg_01;LINE_ROLE=cut_line;EDGE=unknown;SOURCE_LAYER=11
0
POLYLINE
8
AI4M_01_ATOM_CUT
66
1
70
0
1001
AI4MANUFACTURING
1000
WRITEBACK_PHASE=01_ATOM
1000
ENTITY_ID=line_0120__seg_01
1000
SOURCE_HANDLE=5DA
1000
LINE_ROLE=cut_line
1000
EDGE=unknown
1000
CHAIN=chain_ms1um5n3
1000
PIECE_ID=front_right_manual_01
1000
SEAM_PAIR=
1000
PAIRED_CHAIN=
1000
NOTCH_CHAIN=
1000
NOTCH_SOURCE=
1000
PIECE_ROLE=front_right
1000
SEAM_ALLOWANCE_MM=
1000
SOURCE_LAYER=11
0
VERTEX
8
AI4M_01_ATOM_CUT
10
5572.27909
20
257.635653
30
0
0
VERTEX
8
AI4M_01_ATOM_CUT
10
5566.810535
20
258.154967
30
0
0
VERTEX
8
AI4M_01_ATOM_CUT
10
5562.302894
20
258.312953
30
0
0
SEQEND
8
AI4M_01_ATOM_CUT
0
TEXT
8
AI4M_01_ATOM_CUT
10
5572.27909
20
257.635653
30
0
40
2.5
1
AI4M_line_0120__seg_01_cut_line_unknown
1001
AI4MANUFACTURING
1000
WRITEBACK_PHASE=01_ATOM_LABEL
1000
ENTITY_ID=line_0120__seg_01
999
AI4M_ENTITY=line_0121__seg_01;LINE_ROLE=sleeve_underarm_seam;EDGE=sleeve_underarm_seam;SOURCE_LAYER=11
0
POLYLINE
8
AI4M_01_ATOM_INTERNAL
66
1
70
0
1001
AI4MANUFACTURING
1000
WRITEBACK_PHASE=01_ATOM
1000
ENTITY_ID=line_0121__seg_01
1000
SOURCE_HANDLE=5E0
1000
LINE_ROLE=sleeve_underarm_seam
1000
EDGE=sleeve_underarm_seam
1000
CHAIN=chain_ms1um5n3
1000
PIECE_ID=front_right_manual_01
1000
SEAM_PAIR=
1000
PAIRED_CHAIN=
1000
NOTCH_CHAIN=
1000
NOTCH_SOURCE=
1000
PIECE_ROLE=front_right
1000
SEAM_ALLOWANCE_MM=
1000
SOURCE_LAYER=11
0
VERTEX
8
AI4M_01_ATOM_INTERNAL
10
5562.302894
20
258.312953
30
0
0
VERTEX
8
AI4M_01_ATOM_INTERNAL
10
5558.854178
20
273.52777
30
0
0
VERTEX
8
AI4M_01_ATOM_INTERNAL
10
5555.395975
20
288.145565
30
0
0
VERTEX
8
AI4M_01_ATOM_INTERNAL
10
5551.740825
20
302.903849
30
0
0
VERTEX
8
AI4M_01_ATOM_INTERNAL
10
5547.93839
20
317.429218
30
0
0
VERTEX
8
AI4M_01_ATOM_INTERNAL
10
5543.926697
20
331.904063
30
0
0
VERTEX
8
AI4M_01_ATOM_INTERNAL
10
5539.692602
20
346.397845
30
0
0
VERTEX
8
AI4M_01_ATOM_INTERNAL
10
5535.262383
20
360.836202
30
0
0
VERTEX
8
AI4M_01_ATOM_INTERNAL
10
5530.666428
20
375.136286
30
0
0
VERTEX
8
AI4M_01_ATOM_INTERNAL
10
5525.858556
20
389.451885
30
0
0
VERTEX
8
AI4M_01_ATOM_INTERNAL
10
5520.812752
20
403.887784
30
0
0
VERTEX
8
AI4M_01_ATOM_INTERNAL
10
5515.703642
20
418.012639
30
0
0
VERTEX
8
AI4M_01_ATOM_INTERNAL
10
5510.41754
20
432.227855
30
0
0
VERTEX
8
AI4M_01_ATOM_INTERNAL
10
5505.065947
20
446.262669
30
0
0
VERTEX
8
AI4M_01_ATOM_INTERNAL
10
5499.581693
20
460.270131
30
0
0
VERTEX
8
AI4M_01_ATOM_INTERNAL
10
5493.935467
20
474.371087
30
0
0
VERTEX
8
AI4M_01_ATOM_INTERNAL
10
5489.646644
20
484.920276
30
0
0
SEQEND
8
AI4M_01_ATOM_INTERNAL
0
TEXT
8
AI4M_01_ATOM_INTERNAL
10
5562.302894
20
258.312953
30
0
40
2.5
1
AI4M_line_0121__seg_01_sleeve_underarm_seam_sleeve_underarm_seam
1001
AI4MANUFACTURING
1000
WRITEBACK_PHASE=01_ATOM_LABEL
1000
ENTITY_ID=line_0121__seg_01
999
AI4M_ENTITY=line_0122;LINE_ROLE=cut_line;EDGE=unknown;SOURCE_LAYER=11
0
POLYLINE
8
AI4M_01_ATOM_CUT
66
1
70
0
1001
AI4MANUFACTURING
1000
WRITEBACK_PHASE=01_ATOM
1000
ENTITY_ID=line_0122
1000
SOURCE_HANDLE=5F4
1000
LINE_ROLE=cut_line
1000
EDGE=unknown
1000
CHAIN=chain_ms1um5n3
1000
PIECE_ID=front_right_manual_01
1000
SEAM_PAIR=
1000
PAIRED_CHAIN=
1000
NOTCH_CHAIN=
1000
NOTCH_SOURCE=
1000
PIECE_ROLE=front_right
1000
SEAM_ALLOWANCE_MM=
1000
SOURCE_LAYER=11
0
VERTEX
8
AI4M_01_ATOM_CUT
10
5555.421379
20
277.239513
30
0
0
VERTEX
8
AI4M_01_ATOM_CUT
10
5560.289469
20
278.380433
30
0
0
SEQEND
8
AI4M_01_ATOM_CUT
0
TEXT
8
AI4M_01_ATOM_CUT
10
5555.421379
20
277.239513
30
0
40
2.5
1
AI4M_line_0122_cut_line_unknown
1001
AI4MANUFACTURING
1000
WRITEBACK_PHASE=01_ATOM_LABEL
1000
ENTITY_ID=line_0122
999
AI4M_ENTITY=line_0123__seg_01;LINE_ROLE=shoulder_seam;EDGE=shoulder_seam;SOURCE_LAYER=11
0
POLYLINE
8
AI4M_01_ATOM_INTERNAL
66
1
70
0
1001
AI4MANUFACTURING
1000
WRITEBACK_PHASE=01_ATOM
1000
ENTITY_ID=line_0123__seg_01
1000
SOURCE_HANDLE=5F5
1000
LINE_ROLE=shoulder_seam
1000
EDGE=shoulder_seam
1000
CHAIN=chain_ms1um5n3
1000
PIECE_ID=front_right_manual_01
1000
SEAM_PAIR=
1000
PAIRED_CHAIN=
1000
NOTCH_CHAIN=
1000
NOTCH_SOURCE=
1000
PIECE_ROLE=front_right
1000
SEAM_ALLOWANCE_MM=
1000
SOURCE_LAYER=11
0
VERTEX
8
AI4M_01_ATOM_INTERNAL
10
5489.646644
20
484.920276
30
0
0
VERTEX
8
AI4M_01_ATOM_INTERNAL
10
5503.465225
20
492.103556
30
0
0
VERTEX
8
AI4M_01_ATOM_INTERNAL
10
5517.098696
20
499.193136
30
0
0
VERTEX
8
AI4M_01_ATOM_INTERNAL
10
5530.549852
20
506.191188
30
0
0
VERTEX
8
AI4M_01_ATOM_INTERNAL
10
5543.99962
20
513.191982
30
0
0
VERTEX
8
AI4M_01_ATOM_INTERNAL
10
5557.562791
20
520.255489
30
0
0
VERTEX
8
AI4M_01_ATOM_INTERNAL
10
5571.009896
20
527.261382
30
0
0
VERTEX
8
AI4M_01_ATOM_INTERNAL
10
5584.45697
20
534.26732
30
0
0
VERTEX
8
AI4M_01_ATOM_INTERNAL
10
5597.96153
20
541.300248
30
0
0
VERTEX
8
AI4M_01_ATOM_INTERNAL
10
5611.539736
20
548.359068
30
0
0
VERTEX
8
AI4M_01_ATOM_INTERNAL
10
5625.003665
20
555.332696
30
0
0
VERTEX
8
AI4M_01_ATOM_INTERNAL
10
5638.482215
20
562.278059
30
0
0
VERTEX
8
AI4M_01_ATOM_INTERNAL
10
5652.077804
20
569.235667
30
0
0
VERTEX
8
AI4M_01_ATOM_INTERNAL
10
5665.608794
20
576.078065
30
0
0
VERTEX
8
AI4M_01_ATOM_INTERNAL
10
5679.179519
20
582.808545
30
0
0
VERTEX
8
AI4M_01_ATOM_INTERNAL
10
5692.82585
20
589.418584
30
0
0
VERTEX
8
AI4M_01_ATOM_INTERNAL
10
5706.46008
20
595.867859
30
0
0
VERTEX
8
AI4M_01_ATOM_INTERNAL
10
5720.226744
20
602.223232
30
0
0
VERTEX
8
AI4M_01_ATOM_INTERNAL
10
5734.145543
20
608.468716
30
0
0
VERTEX
8
AI4M_01_ATOM_INTERNAL
10
5746.225263
20
613.657653
30
0
0
VERTEX
8
AI4M_01_ATOM_INTERNAL
10
5756.443517
20
617.79896
30
0
0
VERTEX
8
AI4M_01_ATOM_INTERNAL
10
5765.114361
20
621.067059
30
0
0
VERTEX
8
AI4M_01_ATOM_INTERNAL
10
5768.468666
20
622.258533
30
0
0
SEQEND
8
AI4M_01_ATOM_INTERNAL
0
TEXT
8
AI4M_01_ATOM_INTERNAL
10
5489.646644
20
484.920276
30
0
40
2.5
1
AI4M_line_0123__seg_01_shoulder_seam_shoulder_seam
1001
AI4MANUFACTURING
1000
WRITEBACK_PHASE=01_ATOM_LABEL
1000
ENTITY_ID=line_0123__seg_01
999
AI4M_ENTITY=line_0124;LINE_ROLE=cut_line;EDGE=unknown;SOURCE_LAYER=11
0
POLYLINE
8
AI4M_01_ATOM_CUT
66
1
70
0
1001
AI4MANUFACTURING
1000
WRITEBACK_PHASE=01_ATOM
1000
ENTITY_ID=line_0124
1000
SOURCE_HANDLE=60F
1000
LINE_ROLE=cut_line
1000
EDGE=unknown
1000
CHAIN=chain_ms1um5n3
1000
PIECE_ID=front_right_manual_01
1000
SEAM_PAIR=
1000
PAIRED_CHAIN=
1000
NOTCH_CHAIN=
1000
NOTCH_SOURCE=
1000
PIECE_ROLE=front_right
1000
SEAM_ALLOWANCE_MM=
1000
SOURCE_LAYER=11
0
VERTEX
8
AI4M_01_ATOM_CUT
10
5594.939278
20
542.545323
30
0
0
VERTEX
8
AI4M_01_ATOM_CUT
10
5597.248016
20
538.110266
30
0
0
SEQEND
8
AI4M_01_ATOM_CUT
0
TEXT
8
AI4M_01_ATOM_CUT
10
5594.939278
20
542.545323
30
0
40
2.5
1
AI4M_line_0124_cut_line_unknown
1001
AI4MANUFACTURING
1000
WRITEBACK_PHASE=01_ATOM_LABEL
1000
ENTITY_ID=line_0124
999
AI4M_ENTITY=line_0125;LINE_ROLE=cut_line;EDGE=unknown;SOURCE_LAYER=11
0
POLYLINE
8
AI4M_01_ATOM_CUT
66
1
70
0
1001
AI4MANUFACTURING
1000
WRITEBACK_PHASE=01_ATOM
1000
ENTITY_ID=line_0125
1000
SOURCE_HANDLE=610
1000
LINE_ROLE=cut_line
1000
EDGE=unknown
1000
CHAIN=chain_ms1um5n3
1000
PIECE_ID=front_right_manual_01
1000
SEAM_PAIR=
1000
PAIRED_CHAIN=
1000
NOTCH_CHAIN=
1000
NOTCH_SOURCE=
1000
PIECE_ROLE=front_right
1000
SEAM_ALLOWANCE_MM=
1000
SOURCE_LAYER=11
0
VERTEX
8
AI4M_01_ATOM_CUT
10
5767.63693
20
624.61612
30
0
0
VERTEX
8
AI4M_01_ATOM_CUT
10
5769.300781
20
619.90108
30
0
0
SEQEND
8
AI4M_01_ATOM_CUT
0
TEXT
8
AI4M_01_ATOM_CUT
10
5767.63693
20
624.61612
30
0
40
2.5
1
AI4M_line_0125_cut_line_unknown
1001
AI4MANUFACTURING
1000
WRITEBACK_PHASE=01_ATOM_LABEL
1000
ENTITY_ID=line_0125
999
AI4M_ENTITY=line_0126__seg_01;LINE_ROLE=shoulder_seam;EDGE=shoulder_seam;SOURCE_LAYER=11
0
POLYLINE
8
AI4M_01_ATOM_INTERNAL
66
1
70
0
1001
AI4MANUFACTURING
1000
WRITEBACK_PHASE=01_ATOM
1000
ENTITY_ID=line_0126__seg_01
1000
SOURCE_HANDLE=611
1000
LINE_ROLE=shoulder_seam
1000
EDGE=shoulder_seam
1000
CHAIN=chain_ms1um5n3
1000
PIECE_ID=front_right_manual_01
1000
SEAM_PAIR=
1000
PAIRED_CHAIN=
1000
NOTCH_CHAIN=
1000
NOTCH_SOURCE=
1000
PIECE_ROLE=front_right
1000
SEAM_ALLOWANCE_MM=
1000
SOURCE_LAYER=11
0
VERTEX
8
AI4M_01_ATOM_INTERNAL
10
5768.468666
20
622.258533
30
0
0
VERTEX
8
AI4M_01_ATOM_INTERNAL
10
5781.780476
20
626.667563
30
0
0
VERTEX
8
AI4M_01_ATOM_INTERNAL
10
5795.400584
20
630.85048
30
0
0
VERTEX
8
AI4M_01_ATOM_INTERNAL
10
5809.990798
20
635.196715
30
0
0
VERTEX
8
AI4M_01_ATOM_INTERNAL
10
5824.4273
20
639.411278
30
0
0
VERTEX
8
AI4M_01_ATOM_INTERNAL
10
5837.988451
20
643.138044
30
0
0
VERTEX
8
AI4M_01_ATOM_INTERNAL
10
5852.035447
20
646.73093
30
0
0
VERTEX
8
AI4M_01_ATOM_INTERNAL
10
5866.794579
20
650.269199
30
0
0
VERTEX
8
AI4M_01_ATOM_INTERNAL
10
5881.580937
20
653.653291
30
0
0
VERTEX
8
AI4M_01_ATOM_INTERNAL
10
5894.818153
20
656.58623
30
0
0
SEQEND
8
AI4M_01_ATOM_INTERNAL
0
TEXT
8
AI4M_01_ATOM_INTERNAL
10
5768.468666
20
622.258533
30
0
40
2.5
1
AI4M_line_0126__seg_01_shoulder_seam_shoulder_seam
1001
AI4MANUFACTURING
1000
WRITEBACK_PHASE=01_ATOM_LABEL
1000
ENTITY_ID=line_0126__seg_01
999
AI4M_ENTITY=line_0127__seg_01;LINE_ROLE=neckline;EDGE=neckline;SOURCE_LAYER=11
0
POLYLINE
8
AI4M_01_ATOM_INTERNAL
66
1
70
0
1001
AI4MANUFACTURING
1000
WRITEBACK_PHASE=01_ATOM
1000
ENTITY_ID=line_0127__seg_01
1000
SOURCE_HANDLE=61E
1000
LINE_ROLE=neckline
1000
EDGE=neckline
1000
CHAIN=chain_ms1um5n3
1000
PIECE_ID=front_right_manual_01
1000
SEAM_PAIR=
1000
PAIRED_CHAIN=
1000
NOTCH_CHAIN=
1000
NOTCH_SOURCE=
1000
PIECE_ROLE=front_right
1000
SEAM_ALLOWANCE_MM=
1000
SOURCE_LAYER=11
0
VERTEX
8
AI4M_01_ATOM_INTERNAL
10
5894.818153
20
656.58623
30
0
0
VERTEX
8
AI4M_01_ATOM_INTERNAL
10
5895.999009
20
649.743354
30
0
0
VERTEX
8
AI4M_01_ATOM_INTERNAL
10
5897.101218
20
644.723865
30
0
0
VERTEX
8
AI4M_01_ATOM_INTERNAL
10
5898.456463
20
639.726983
30
0
0
VERTEX
8
AI4M_01_ATOM_INTERNAL
10
5900.049465
20
634.792525
30
0
0
VERTEX
8
AI4M_01_ATOM_INTERNAL
10
5901.811445
20
630.111863
30
0
0
VERTEX
8
AI4M_01_ATOM_INTERNAL
10
5903.652493
20
625.892805
30
0
0
VERTEX
8
AI4M_01_ATOM_INTERNAL
10
5905.555747
20
622.115407
30
0
0
VERTEX
8
AI4M_01_ATOM_INTERNAL
10
5907.617007
20
618.560442
30
0
0
VERTEX
8
AI4M_01_ATOM_INTERNAL
10
5909.877048
20
615.146826
30
0
0
VERTEX
8
AI4M_01_ATOM_INTERNAL
10
5912.380475
20
611.810692
30
0
0
VERTEX
8
AI4M_01_ATOM_INTERNAL
10
5915.148487
20
608.537936
30
0
0
VERTEX
8
AI4M_01_ATOM_INTERNAL
10
5918.111143
20
605.414753
30
0
0
VERTEX
8
AI4M_01_ATOM_INTERNAL
10
5921.312647
20
602.400978
30
0
0
VERTEX
8
AI4M_01_ATOM_INTERNAL
10
5924.687259
20
599.564749
30
0
0
VERTEX
8
AI4M_01_ATOM_INTERNAL
10
5928.218707
20
596.916501
30
0
0
VERTEX
8
AI4M_01_ATOM_INTERNAL
10
5931.880974
20
594.472336
30
0
0
VERTEX
8
AI4M_01_ATOM_INTERNAL
10
5935.703601
20
592.216015
30
0
0
VERTEX
8
AI4M_01_ATOM_INTERNAL
10
5939.613197
20
590.194887
30
0
0
VERTEX
8
AI4M_01_ATOM_INTERNAL
10
5943.528951
20
588.442374
30
0
0
VERTEX
8
AI4M_01_ATOM_INTERNAL
10
5947.552168
20
586.910285
30
0
0
VERTEX
8
AI4M_01_ATOM_INTERNAL
10
5951.630427
20
585.623843
30
0
0
VERTEX
8
AI4M_01_ATOM_INTERNAL
10
5955.669493
20
584.607272
30
0
0
VERTEX
8
AI4M_01_ATOM_INTERNAL
10
5959.81794
20
583.81782
30
0
0
VERTEX
8
AI4M_01_ATOM_INTERNAL
10
5964.761381
20
583.143149
30
0
0
VERTEX
8
AI4M_01_ATOM_INTERNAL
10
5972.302894
20
582.454684
30
0
0
SEQEND
8
AI4M_01_ATOM_INTERNAL
0
TEXT
8
AI4M_01_ATOM_INTERNAL
10
5894.818153
20
656.58623
30
0
40
2.5
1
AI4M_line_0127__seg_01_neckline_neckline
1001
AI4MANUFACTURING
1000
WRITEBACK_PHASE=01_ATOM_LABEL
1000
ENTITY_ID=line_0127__seg_01
999
AI4M_ENTITY=line_0128;LINE_ROLE=cut_line;EDGE=unknown;SOURCE_LAYER=11
0
POLYLINE
8
AI4M_01_ATOM_CUT
66
1
70
0
1001
AI4MANUFACTURING
1000
WRITEBACK_PHASE=01_ATOM
1000
ENTITY_ID=line_0128
1000
SOURCE_HANDLE=63B
1000
LINE_ROLE=cut_line
1000
EDGE=unknown
1000
CHAIN=chain_ms1um5n3
1000
PIECE_ID=front_right_manual_01
1000
SEAM_PAIR=
1000
PAIRED_CHAIN=
1000
NOTCH_CHAIN=
1000
NOTCH_SOURCE=
1000
PIECE_ROLE=front_right
1000
SEAM_ALLOWANCE_MM=
1000
SOURCE_LAYER=11
0
VERTEX
8
AI4M_01_ATOM_CUT
10
5920.926116
20
606.159414
30
0
0
VERTEX
8
AI4M_01_ATOM_CUT
10
5917.467806
20
602.548307
30
0
0
SEQEND
8
AI4M_01_ATOM_CUT
0
TEXT
8
AI4M_01_ATOM_CUT
10
5920.926116
20
606.159414
30
0
40
2.5
1
AI4M_line_0128_cut_line_unknown
1001
AI4MANUFACTURING
1000
WRITEBACK_PHASE=01_ATOM_LABEL
1000
ENTITY_ID=line_0128
999
AI4M_ENTITY=line_0129__seg_01;LINE_ROLE=neckline;EDGE=neckline;SOURCE_LAYER=11
0
POLYLINE
8
AI4M_01_ATOM_INTERNAL
66
1
70
0
1001
AI4MANUFACTURING
1000
WRITEBACK_PHASE=01_ATOM
1000
ENTITY_ID=line_0129__seg_01
1000
SOURCE_HANDLE=63C
1000
LINE_ROLE=neckline
1000
EDGE=neckline
1000
CHAIN=chain_ms1um5n3
1000
PIECE_ID=front_right_manual_01
1000
SEAM_PAIR=
1000
PAIRED_CHAIN=
1000
NOTCH_CHAIN=
1000
NOTCH_SOURCE=
1000
PIECE_ROLE=front_right
1000
SEAM_ALLOWANCE_MM=
1000
SOURCE_LAYER=11
0
VERTEX
8
AI4M_01_ATOM_INTERNAL
10
5972.302894
20
582.454684
30
0
0
VERTEX
8
AI4M_01_ATOM_INTERNAL
10
5979.900608
20
582.310618
30
0
0
VERTEX
8
AI4M_01_ATOM_INTERNAL
10
5985.919429
20
582.461851
30
0
0
VERTEX
8
AI4M_01_ATOM_INTERNAL
10
5987.302894
20
582.527087
30
0
0
SEQEND
8
AI4M_01_ATOM_INTERNAL
0
TEXT
8
AI4M_01_ATOM_INTERNAL
10
5972.302894
20
582.454684
30
0
40
2.5
1
AI4M_line_0129__seg_01_neckline_neckline
1001
AI4MANUFACTURING
1000
WRITEBACK_PHASE=01_ATOM_LABEL
1000
ENTITY_ID=line_0129__seg_01
999
AI4M_ENTITY=line_0130;LINE_ROLE=cut_line;EDGE=unknown;SOURCE_LAYER=11
0
POLYLINE
8
AI4M_01_ATOM_CUT
66
1
70
0
1001
AI4MANUFACTURING
1000
WRITEBACK_PHASE=01_ATOM
1000
ENTITY_ID=line_0130
1000
SOURCE_HANDLE=643
1000
LINE_ROLE=cut_line
1000
EDGE=unknown
1000
CHAIN=chain_ms1um5n3
1000
PIECE_ID=front_right_manual_01
1000
SEAM_PAIR=
1000
PAIRED_CHAIN=
1000
NOTCH_CHAIN=
1000
NOTCH_SOURCE=
1000
PIECE_ROLE=front_right
1000
SEAM_ALLOWANCE_MM=
1000
SOURCE_LAYER=11
0
VERTEX
8
AI4M_01_ATOM_CUT
10
5987.308601
20
585.027081
30
0
0
VERTEX
8
AI4M_01_ATOM_CUT
10
5987.297187
20
580.027094
30
0
0
SEQEND
8
AI4M_01_ATOM_CUT
0
TEXT
8
AI4M_01_ATOM_CUT
10
5987.308601
20
585.027081
30
0
40
2.5
1
AI4M_line_0130_cut_line_unknown
1001
AI4MANUFACTURING
1000
WRITEBACK_PHASE=01_ATOM_LABEL
1000
ENTITY_ID=line_0130
999
AI4M_ENTITY=line_0131__seg_01;LINE_ROLE=neckline;EDGE=neckline;SOURCE_LAYER=11
0
POLYLINE
8
AI4M_01_ATOM_INTERNAL
66
1
70
0
1001
AI4MANUFACTURING
1000
WRITEBACK_PHASE=01_ATOM
1000
ENTITY_ID=line_0131__seg_01
1000
SOURCE_HANDLE=644
1000
LINE_ROLE=neckline
1000
EDGE=neckline
1000
CHAIN=chain_ms1um5n3
1000
PIECE_ID=front_right_manual_01
1000
SEAM_PAIR=
1000
PAIRED_CHAIN=
1000
NOTCH_CHAIN=
1000
NOTCH_SOURCE=
1000
PIECE_ROLE=front_right
1000
SEAM_ALLOWANCE_MM=
1000
SOURCE_LAYER=11
0
VERTEX
8
AI4M_01_ATOM_INTERNAL
10
5987.302894
20
582.527087
30
0
0
VERTEX
8
AI4M_01_ATOM_INTERNAL
10
5994.451564
20
582.311762
30
0
0
VERTEX
8
AI4M_01_ATOM_INTERNAL
10
6000.993012
20
582.406777
30
0
0
VERTEX
8
AI4M_01_ATOM_INTERNAL
10
6002.302894
20
582.454684
30
0
0
SEQEND
8
AI4M_01_ATOM_INTERNAL
0
TEXT
8
AI4M_01_ATOM_INTERNAL
10
5987.302894
20
582.527087
30
0
40
2.5
1
AI4M_line_0131__seg_01_neckline_neckline
1001
AI4MANUFACTURING
1000
WRITEBACK_PHASE=01_ATOM_LABEL
1000
ENTITY_ID=line_0131__seg_01
999
AI4M_ENTITY=line_0132__seg_01;LINE_ROLE=neckline;EDGE=neckline;SOURCE_LAYER=11
0
POLYLINE
8
AI4M_01_ATOM_INTERNAL
66
1
70
0
1001
AI4MANUFACTURING
1000
WRITEBACK_PHASE=01_ATOM
1000
ENTITY_ID=line_0132__seg_01
1000
SOURCE_HANDLE=64B
1000
LINE_ROLE=neckline
1000
EDGE=neckline
1000
CHAIN=chain_ms1um5n3
1000
PIECE_ID=front_right_manual_01
1000
SEAM_PAIR=
1000
PAIRED_CHAIN=
1000
NOTCH_CHAIN=
1000
NOTCH_SOURCE=
1000
PIECE_ROLE=front_right
1000
SEAM_ALLOWANCE_MM=
1000
SOURCE_LAYER=11
0
VERTEX
8
AI4M_01_ATOM_INTERNAL
10
6002.302894
20
582.454684
30
0
0
VERTEX
8
AI4M_01_ATOM_INTERNAL
10
6008.974271
20
583.031708
30
0
0
VERTEX
8
AI4M_01_ATOM_INTERNAL
10
6013.958531
20
583.712918
30
0
0
VERTEX
8
AI4M_01_ATOM_INTERNAL
10
6017.302894
20
584.289783
30
0
0
SEQEND
8
AI4M_01_ATOM_INTERNAL
0
TEXT
8
AI4M_01_ATOM_INTERNAL
10
6002.302894
20
582.454684
30
0
40
2.5
1
AI4M_line_0132__seg_01_neckline_neckline
1001
AI4MANUFACTURING
1000
WRITEBACK_PHASE=01_ATOM_LABEL
1000
ENTITY_ID=line_0132__seg_01
999
AI4M_ENTITY=line_0133;LINE_ROLE=placket_line;EDGE=placket_line;SOURCE_LAYER=11
0
POLYLINE
8
AI4M_01_ATOM_INTERNAL
66
1
70
0
1001
AI4MANUFACTURING
1000
WRITEBACK_PHASE=01_ATOM
1000
ENTITY_ID=line_0133
1000
SOURCE_HANDLE=652
1000
LINE_ROLE=placket_line
1000
EDGE=placket_line
1000
CHAIN=chain_ms1um5n3
1000
PIECE_ID=front_right_manual_01
1000
SEAM_PAIR=
1000
PAIRED_CHAIN=
1000
NOTCH_CHAIN=
1000
NOTCH_SOURCE=
1000
PIECE_ROLE=front_right
1000
SEAM_ALLOWANCE_MM=
1000
SOURCE_LAYER=11
0
VERTEX
8
AI4M_01_ATOM_INTERNAL
10
6017.302894
20
584.289783
30
0
0
VERTEX
8
AI4M_01_ATOM_INTERNAL
10
6017.302894
20
22.40352
30
0
0
SEQEND
8
AI4M_01_ATOM_INTERNAL
0
TEXT
8
AI4M_01_ATOM_INTERNAL
10
6017.302894
20
584.289783
30
0
40
2.5
1
AI4M_line_0133_placket_line_placket_line
1001
AI4MANUFACTURING
1000
WRITEBACK_PHASE=01_ATOM_LABEL
1000
ENTITY_ID=line_0133
999
AI4M_ENTITY=line_0134;LINE_ROLE=hem_line;EDGE=hem_line;SOURCE_LAYER=11
0
POLYLINE
8
AI4M_01_ATOM_INTERNAL
66
1
70
0
1001
AI4MANUFACTURING
1000
WRITEBACK_PHASE=01_ATOM
1000
ENTITY_ID=line_0134
1000
SOURCE_HANDLE=657
1000
LINE_ROLE=hem_line
1000
EDGE=hem_line
1000
CHAIN=chain_ms1um5n3
1000
PIECE_ID=front_right_manual_01
1000
SEAM_PAIR=
1000
PAIRED_CHAIN=
1000
NOTCH_CHAIN=
1000
NOTCH_SOURCE=
1000
PIECE_ROLE=front_right
1000
SEAM_ALLOWANCE_MM=
1000
SOURCE_LAYER=11
0
VERTEX
8
AI4M_01_ATOM_INTERNAL
10
6017.302894
20
22.40352
30
0
0
VERTEX
8
AI4M_01_ATOM_INTERNAL
10
6002.302894
20
22.393754
30
0
0
SEQEND
8
AI4M_01_ATOM_INTERNAL
0
TEXT
8
AI4M_01_ATOM_INTERNAL
10
6017.302894
20
22.40352
30
0
40
2.5
1
AI4M_line_0134_hem_line_hem_line
1001
AI4MANUFACTURING
1000
WRITEBACK_PHASE=01_ATOM_LABEL
1000
ENTITY_ID=line_0134
999
AI4M_ENTITY=line_0135;LINE_ROLE=hem_line;EDGE=hem_line;SOURCE_LAYER=11
0
POLYLINE
8
AI4M_01_ATOM_INTERNAL
66
1
70
0
1001
AI4MANUFACTURING
1000
WRITEBACK_PHASE=01_ATOM
1000
ENTITY_ID=line_0135
1000
SOURCE_HANDLE=65C
1000
LINE_ROLE=hem_line
1000
EDGE=hem_line
1000
CHAIN=chain_ms1um5n3
1000
PIECE_ID=front_right_manual_01
1000
SEAM_PAIR=
1000
PAIRED_CHAIN=
1000
NOTCH_CHAIN=
1000
NOTCH_SOURCE=
1000
PIECE_ROLE=front_right
1000
SEAM_ALLOWANCE_MM=
1000
SOURCE_LAYER=11
0
VERTEX
8
AI4M_01_ATOM_INTERNAL
10
6002.302894
20
22.393754
30
0
0
VERTEX
8
AI4M_01_ATOM_INTERNAL
10
5987.302894
20
22.393754
30
0
0
SEQEND
8
AI4M_01_ATOM_INTERNAL
0
TEXT
8
AI4M_01_ATOM_INTERNAL
10
6002.302894
20
22.393754
30
0
40
2.5
1
AI4M_line_0135_hem_line_hem_line
1001
AI4MANUFACTURING
1000
WRITEBACK_PHASE=01_ATOM_LABEL
1000
ENTITY_ID=line_0135
999
AI4M_ENTITY=line_0136;LINE_ROLE=hem_line;EDGE=hem_line;SOURCE_LAYER=11
0
POLYLINE
8
AI4M_01_ATOM_INTERNAL
66
1
70
0
1001
AI4MANUFACTURING
1000
WRITEBACK_PHASE=01_ATOM
1000
ENTITY_ID=line_0136
1000
SOURCE_HANDLE=661
1000
LINE_ROLE=hem_line
1000
EDGE=hem_line
1000
CHAIN=chain_ms1um5n3
1000
PIECE_ID=front_right_manual_01
1000
SEAM_PAIR=
1000
PAIRED_CHAIN=
1000
NOTCH_CHAIN=
1000
NOTCH_SOURCE=
1000
PIECE_ROLE=front_right
1000
SEAM_ALLOWANCE_MM=
1000
SOURCE_LAYER=11
0
VERTEX
8
AI4M_01_ATOM_INTERNAL
10
5987.302894
20
22.393754
30
0
0
VERTEX
8
AI4M_01_ATOM_INTERNAL
10
5972.302894
20
22.393754
30
0
0
SEQEND
8
AI4M_01_ATOM_INTERNAL
0
TEXT
8
AI4M_01_ATOM_INTERNAL
10
5987.302894
20
22.393754
30
0
40
2.5
1
AI4M_line_0136_hem_line_hem_line
1001
AI4MANUFACTURING
1000
WRITEBACK_PHASE=01_ATOM_LABEL
1000
ENTITY_ID=line_0136
999
AI4M_ENTITY=line_0137__seg_01;LINE_ROLE=center_front;EDGE=center_front;SOURCE_LAYER=11
0
POLYLINE
8
AI4M_01_ATOM_INTERNAL
66
1
70
0
1001
AI4MANUFACTURING
1000
WRITEBACK_PHASE=01_ATOM
1000
ENTITY_ID=line_0137__seg_01
1000
SOURCE_HANDLE=666
1000
LINE_ROLE=center_front
1000
EDGE=center_front
1000
CHAIN=chain_ms1um5n3
1000
PIECE_ID=front_right_manual_01
1000
SEAM_PAIR=
1000
PAIRED_CHAIN=
1000
NOTCH_CHAIN=
1000
NOTCH_SOURCE=
1000
PIECE_ROLE=front_right
1000
SEAM_ALLOWANCE_MM=
1000
SOURCE_LAYER=11
0
VERTEX
8
AI4M_01_ATOM_INTERNAL
10
5987.302894
20
582.527087
30
0
0
VERTEX
8
AI4M_01_ATOM_INTERNAL
10
5987.302894
20
566.58266
30
0
0
VERTEX
8
AI4M_01_ATOM_INTERNAL
10
5987.302894
20
551.346479
30
0
0
VERTEX
8
AI4M_01_ATOM_INTERNAL
10
5987.302894
20
535.488457
30
0
0
VERTEX
8
AI4M_01_ATOM_INTERNAL
10
5987.302894
20
519.911367
30
0
0
VERTEX
8
AI4M_01_ATOM_INTERNAL
10
5987.302894
20
504.330971
30
0
0
VERTEX
8
AI4M_01_ATOM_INTERNAL
10
5987.302894
20
488.750576
30
0
0
VERTEX
8
AI4M_01_ATOM_INTERNAL
10
5987.302894
20
473.567425
30
0
0
VERTEX
8
AI4M_01_ATOM_INTERNAL
10
5987.302894
20
457.987034
30
0
0
VERTEX
8
AI4M_01_ATOM_INTERNAL
10
5987.302894
20
442.406644
30
0
0
VERTEX
8
AI4M_01_ATOM_INTERNAL
10
5987.302894
20
426.975251
30
0
0
VERTEX
8
AI4M_01_ATOM_INTERNAL
10
5987.302894
20
411.39486
30
0
0
VERTEX
8
AI4M_01_ATOM_INTERNAL
10
5987.302894
20
395.814468
30
0
0
VERTEX
8
AI4M_01_ATOM_INTERNAL
10
5987.302894
20
380.234077
30
0
0
VERTEX
8
AI4M_01_ATOM_INTERNAL
10
5987.302894
20
364.740772
30
0
0
VERTEX
8
AI4M_01_ATOM_INTERNAL
10
5987.302894
20
349.160382
30
0
0
VERTEX
8
AI4M_01_ATOM_INTERNAL
10
5987.302894
20
333.579992
30
0
0
VERTEX
8
AI4M_01_ATOM_INTERNAL
10
5987.302894
20
318.148599
30
0
0
VERTEX
8
AI4M_01_ATOM_INTERNAL
10
5987.302894
20
302.568208
30
0
0
VERTEX
8
AI4M_01_ATOM_INTERNAL
10
5987.302894
20
286.987815
30
0
0
VERTEX
8
AI4M_01_ATOM_INTERNAL
10
5987.302894
20
271.494468
30
0
0
VERTEX
8
AI4M_01_ATOM_INTERNAL
10
5987.302894
20
255.914073
30
0
0
VERTEX
8
AI4M_01_ATOM_INTERNAL
10
5987.302894
20
240.333677
30
0
0
VERTEX
8
AI4M_01_ATOM_INTERNAL
10
5987.302894
20
224.753283
30
0
0
VERTEX
8
AI4M_01_ATOM_INTERNAL
10
5987.302894
20
209.321926
30
0
0
VERTEX
8
AI4M_01_ATOM_INTERNAL
10
5987.302894
20
193.741534
30
0
0
VERTEX
8
AI4M_01_ATOM_INTERNAL
10
5987.302894
20
178.161143
30
0
0
VERTEX
8
AI4M_01_ATOM_INTERNAL
10
5987.302894
20
163.138234
30
0
0
VERTEX
8
AI4M_01_ATOM_INTERNAL
10
5987.302894
20
147.557843
30
0
0
VERTEX
8
AI4M_01_ATOM_INTERNAL
10
5987.302894
20
131.977451
30
0
0
VERTEX
8
AI4M_01_ATOM_INTERNAL
10
5987.302894
20
116.546075
30
0
0
VERTEX
8
AI4M_01_ATOM_INTERNAL
10
5987.302894
20
100.965681
30
0
0
VERTEX
8
AI4M_01_ATOM_INTERNAL
10
5987.302894
20
85.385287
30
0
0
VERTEX
8
AI4M_01_ATOM_INTERNAL
10
5987.302894
20
69.804893
30
0
0
VERTEX
8
AI4M_01_ATOM_INTERNAL
10
5987.302894
20
54.107575
30
0
0
VERTEX
8
AI4M_01_ATOM_INTERNAL
10
5987.302894
20
38.782312
30
0
0
VERTEX
8
AI4M_01_ATOM_INTERNAL
10
5987.302894
20
24.055051
30
0
0
VERTEX
8
AI4M_01_ATOM_INTERNAL
10
5987.302894
20
22.393754
30
0
0
SEQEND
8
AI4M_01_ATOM_INTERNAL
0
TEXT
8
AI4M_01_ATOM_INTERNAL
10
5987.302894
20
582.527087
30
0
40
2.5
1
AI4M_line_0137__seg_01_center_front_center_front
1001
AI4MANUFACTURING
1000
WRITEBACK_PHASE=01_ATOM_LABEL
1000
ENTITY_ID=line_0137__seg_01
999
AI4M_ENTITY=line_0138;LINE_ROLE=cut_line;EDGE=unknown;SOURCE_LAYER=11
0
POLYLINE
8
AI4M_01_ATOM_CUT
66
1
70
0
1001
AI4MANUFACTURING
1000
WRITEBACK_PHASE=01_ATOM
1000
ENTITY_ID=line_0138
1000
SOURCE_HANDLE=68F
1000
LINE_ROLE=cut_line
1000
EDGE=unknown
1000
CHAIN=chain_ms1um5n3
1000
PIECE_ID=front_right_manual_01
1000
SEAM_PAIR=
1000
PAIRED_CHAIN=
1000
NOTCH_CHAIN=
1000
NOTCH_SOURCE=
1000
PIECE_ROLE=front_right
1000
SEAM_ALLOWANCE_MM=
1000
SOURCE_LAYER=11
0
VERTEX
8
AI4M_01_ATOM_CUT
10
5987.302895
20
585.027087
30
0
0
VERTEX
8
AI4M_01_ATOM_CUT
10
5987.302894
20
580.027087
30
0
0
SEQEND
8
AI4M_01_ATOM_CUT
0
TEXT
8
AI4M_01_ATOM_CUT
10
5987.302895
20
585.027087
30
0
40
2.5
1
AI4M_line_0138_cut_line_unknown
1001
AI4MANUFACTURING
1000
WRITEBACK_PHASE=01_ATOM_LABEL
1000
ENTITY_ID=line_0138
999
AI4M_ENTITY=line_0139__seg_01;LINE_ROLE=construction;EDGE=construction_horizontal;SOURCE_LAYER=11
0
POLYLINE
8
AI4M_01_ATOM_INTERNAL
66
1
70
0
1001
AI4MANUFACTURING
1000
WRITEBACK_PHASE=01_ATOM
1000
ENTITY_ID=line_0139__seg_01
1000
SOURCE_HANDLE=690
1000
LINE_ROLE=construction
1000
EDGE=construction_horizontal
1000
CHAIN=chain_ms1um5n3
1000
PIECE_ID=front_right_manual_01
1000
SEAM_PAIR=
1000
PAIRED_CHAIN=
1000
NOTCH_CHAIN=
1000
NOTCH_SOURCE=
1000
PIECE_ROLE=front_right
1000
SEAM_ALLOWANCE_MM=
1000
SOURCE_LAYER=11
0
VERTEX
8
AI4M_01_ATOM_INTERNAL
10
5632.296791
20
191.312945
30
0
0
VERTEX
8
AI4M_01_ATOM_INTERNAL
10
5648.267562
20
191.312945
30
0
0
VERTEX
8
AI4M_01_ATOM_INTERNAL
10
5663.752852
20
191.312945
30
0
0
VERTEX
8
AI4M_01_ATOM_INTERNAL
10
5679.465265
20
191.312945
30
0
0
VERTEX
8
AI4M_01_ATOM_INTERNAL
10
5694.764628
20
191.312945
30
0
0
VERTEX
8
AI4M_01_ATOM_INTERNAL
10
5710.367113
20
191.312945
30
0
0
VERTEX
8
AI4M_01_ATOM_INTERNAL
10
5725.969594
20
191.312945
30
0
0
VERTEX
8
AI4M_01_ATOM_INTERNAL
10
5741.599706
20
191.312945
30
0
0
VERTEX
8
AI4M_01_ATOM_INTERNAL
10
5757.202194
20
191.312945
30
0
0
VERTEX
8
AI4M_01_ATOM_INTERNAL
10
5772.80468
20
191.312945
30
0
0
VERTEX
8
AI4M_01_ATOM_INTERNAL
10
5788.407157
20
191.312945
30
0
0
VERTEX
8
AI4M_01_ATOM_INTERNAL
10
5803.61977
20
191.312945
30
0
0
VERTEX
8
AI4M_01_ATOM_INTERNAL
10
5819.222222
20
191.312945
30
0
0
VERTEX
8
AI4M_01_ATOM_INTERNAL
10
5834.824676
20
191.312945
30
0
0
VERTEX
8
AI4M_01_ATOM_INTERNAL
10
5850.035461
20
191.312945
30
0
0
VERTEX
8
AI4M_01_ATOM_INTERNAL
10
5865.637951
20
191.312945
30
0
0
VERTEX
8
AI4M_01_ATOM_INTERNAL
10
5881.240476
20
191.312945
30
0
0
VERTEX
8
AI4M_01_ATOM_INTERNAL
10
5895.882512
20
191.312945
30
0
0
VERTEX
8
AI4M_01_ATOM_INTERNAL
10
5912.228051
20
191.312945
30
0
0
VERTEX
8
AI4M_01_ATOM_INTERNAL
10
5927.830573
20
191.312945
30
0
0
VERTEX
8
AI4M_01_ATOM_INTERNAL
10
5943.433075
20
191.312945
30
0
0
VERTEX
8
AI4M_01_ATOM_INTERNAL
10
5958.67163
20
191.312945
30
0
0
VERTEX
8
AI4M_01_ATOM_INTERNAL
10
5972.302894
20
191.312945
30
0
0
SEQEND
8
AI4M_01_ATOM_INTERNAL
0
TEXT
8
AI4M_01_ATOM_INTERNAL
10
5632.296791
20
191.312945
30
0
40
2.5
1
AI4M_line_0139__seg_01_construction_construction_horizontal
1001
AI4MANUFACTURING
1000
WRITEBACK_PHASE=01_ATOM_LABEL
1000
ENTITY_ID=line_0139__seg_01
999
AI4M_ENTITY=line_0140;LINE_ROLE=construction;EDGE=construction_horizontal;SOURCE_LAYER=11
0
POLYLINE
8
AI4M_01_ATOM_INTERNAL
66
1
70
0
1001
AI4MANUFACTURING
1000
WRITEBACK_PHASE=01_ATOM
1000
ENTITY_ID=line_0140
1000
SOURCE_HANDLE=6AA
1000
LINE_ROLE=construction
1000
EDGE=construction_horizontal
1000
CHAIN=chain_ms1um5n3
1000
PIECE_ID=front_right_manual_01
1000
SEAM_PAIR=
1000
PAIRED_CHAIN=
1000
NOTCH_CHAIN=
1000
NOTCH_SOURCE=
1000
PIECE_ROLE=front_right
1000
SEAM_ALLOWANCE_MM=
1000
SOURCE_LAYER=11
0
VERTEX
8
AI4M_01_ATOM_INTERNAL
10
5972.302894
20
258.312953
30
0
0
VERTEX
8
AI4M_01_ATOM_INTERNAL
10
5562.302894
20
258.312953
30
0
0
SEQEND
8
AI4M_01_ATOM_INTERNAL
0
TEXT
8
AI4M_01_ATOM_INTERNAL
10
5972.302894
20
258.312953
30
0
40
2.5
1
AI4M_line_0140_construction_construction_horizontal
1001
AI4MANUFACTURING
1000
WRITEBACK_PHASE=01_ATOM_LABEL
1000
ENTITY_ID=line_0140
999
AI4M_ENTITY=line_0141;LINE_ROLE=placket_line;EDGE=placket_line;SOURCE_LAYER=11
0
POLYLINE
8
AI4M_01_ATOM_INTERNAL
66
1
70
0
1001
AI4MANUFACTURING
1000
WRITEBACK_PHASE=01_ATOM
1000
ENTITY_ID=line_0141
1000
SOURCE_HANDLE=6AF
1000
LINE_ROLE=placket_line
1000
EDGE=placket_line
1000
CHAIN=chain_ms1um5n3
1000
PIECE_ID=front_right_manual_01
1000
SEAM_PAIR=
1000
PAIRED_CHAIN=
1000
NOTCH_CHAIN=
1000
NOTCH_SOURCE=
1000
PIECE_ROLE=front_right
1000
SEAM_ALLOWANCE_MM=
1000
SOURCE_LAYER=11
0
VERTEX
8
AI4M_01_ATOM_INTERNAL
10
5957.302894
20
584.285357
30
0
0
VERTEX
8
AI4M_01_ATOM_INTERNAL
10
5957.302894
20
22.393754
30
0
0
SEQEND
8
AI4M_01_ATOM_INTERNAL
0
TEXT
8
AI4M_01_ATOM_INTERNAL
10
5957.302894
20
584.285357
30
0
40
2.5
1
AI4M_line_0141_placket_line_placket_line
1001
AI4MANUFACTURING
1000
WRITEBACK_PHASE=01_ATOM_LABEL
1000
ENTITY_ID=line_0141
999
AI4M_ENTITY=line_0142__seg_01;LINE_ROLE=cut_line;EDGE=unknown;SOURCE_LAYER=11
0
POLYLINE
8
AI4M_01_ATOM_CUT
66
1
70
0
1001
AI4MANUFACTURING
1000
WRITEBACK_PHASE=01_ATOM
1000
ENTITY_ID=line_0142__seg_01
1000
SOURCE_HANDLE=6B4
1000
LINE_ROLE=cut_line
1000
EDGE=unknown
1000
CHAIN=chain_ms1um5n3
1000
PIECE_ID=front_right_manual_01
1000
SEAM_PAIR=
1000
PAIRED_CHAIN=
1000
NOTCH_CHAIN=
1000
NOTCH_SOURCE=
1000
PIECE_ROLE=front_right
1000
SEAM_ALLOWANCE_MM=
1000
SOURCE_LAYER=11
0
VERTEX
8
AI4M_01_ATOM_CUT
10
5768.468666
20
622.258533
30
0
0
VERTEX
8
AI4M_01_ATOM_CUT
10
5772.045645
20
613.292796
30
0
0
VERTEX
8
AI4M_01_ATOM_CUT
10
5772.95475
20
610.853885
30
0
0
SEQEND
8
AI4M_01_ATOM_CUT
0
TEXT
8
AI4M_01_ATOM_CUT
10
5768.468666
20
622.258533
30
0
40
2.5
1
AI4M_line_0142__seg_01_cut_line_unknown
1001
AI4MANUFACTURING
1000
WRITEBACK_PHASE=01_ATOM_LABEL
1000
ENTITY_ID=line_0142__seg_01
999
AI4M_ENTITY=line_0143;LINE_ROLE=cut_line;EDGE=unknown;SOURCE_LAYER=11
0
POLYLINE
8
AI4M_01_ATOM_CUT
66
1
70
0
1001
AI4MANUFACTURING
1000
WRITEBACK_PHASE=01_ATOM
1000
ENTITY_ID=line_0143
1000
SOURCE_HANDLE=6BA
1000
LINE_ROLE=cut_line
1000
EDGE=unknown
1000
CHAIN=chain_ms1um5n3
1000
PIECE_ID=front_right_manual_01
1000
SEAM_PAIR=
1000
PAIRED_CHAIN=
1000
NOTCH_CHAIN=
1000
NOTCH_SOURCE=
1000
PIECE_ROLE=front_right
1000
SEAM_ALLOWANCE_MM=
1000
SOURCE_LAYER=11
0
VERTEX
8
AI4M_01_ATOM_CUT
10
5767.675147
20
624.629256
30
0
0
VERTEX
8
AI4M_01_ATOM_CUT
10
5769.262184
20
619.887809
30
0
0
SEQEND
8
AI4M_01_ATOM_CUT
0
TEXT
8
AI4M_01_ATOM_CUT
10
5767.675147
20
624.629256
30
0
40
2.5
1
AI4M_line_0143_cut_line_unknown
1001
AI4MANUFACTURING
1000
WRITEBACK_PHASE=01_ATOM_LABEL
1000
ENTITY_ID=line_0143
999
AI4M_ENTITY=line_0144__seg_01;LINE_ROLE=cut_line;EDGE=unknown;SOURCE_LAYER=11
0
POLYLINE
8
AI4M_01_ATOM_CUT
66
1
70
0
1001
AI4MANUFACTURING
1000
WRITEBACK_PHASE=01_ATOM
1000
ENTITY_ID=line_0144__seg_01
1000
SOURCE_HANDLE=6BB
1000
LINE_ROLE=cut_line
1000
EDGE=unknown
1000
CHAIN=chain_ms1um5n3
1000
PIECE_ID=front_right_manual_01
1000
SEAM_PAIR=
1000
PAIRED_CHAIN=
1000
NOTCH_CHAIN=
1000
NOTCH_SOURCE=
1000
PIECE_ROLE=front_right
1000
SEAM_ALLOWANCE_MM=
1000
SOURCE_LAYER=11
0
VERTEX
8
AI4M_01_ATOM_CUT
10
5568.939247
20
257.237971
30
0
0
VERTEX
8
AI4M_01_ATOM_CUT
10
5568.595619
20
259.195788
30
0
0
SEQEND
8
AI4M_01_ATOM_CUT
0
TEXT
8
AI4M_01_ATOM_CUT
10
5568.939247
20
257.237971
30
0
40
2.5
1
AI4M_line_0144__seg_01_cut_line_unknown
1001
AI4MANUFACTURING
1000
WRITEBACK_PHASE=01_ATOM_LABEL
1000
ENTITY_ID=line_0144__seg_01
999
AI4M_ENTITY=line_0144__seg_02;LINE_ROLE=cut_line;EDGE=unknown;SOURCE_LAYER=11
0
POLYLINE
8
AI4M_01_ATOM_CUT
66
1
70
0
1001
AI4MANUFACTURING
1000
WRITEBACK_PHASE=01_ATOM
1000
ENTITY_ID=line_0144__seg_02
1000
SOURCE_HANDLE=6BB
1000
LINE_ROLE=cut_line
1000
EDGE=unknown
1000
CHAIN=chain_ms1um5n3
1000
PIECE_ID=front_right_manual_01
1000
SEAM_PAIR=
1000
PAIRED_CHAIN=
1000
NOTCH_CHAIN=
1000
NOTCH_SOURCE=
1000
PIECE_ROLE=front_right
1000
SEAM_ALLOWANCE_MM=
1000
SOURCE_LAYER=11
0
VERTEX
8
AI4M_01_ATOM_CUT
10
5568.595619
20
259.195788
30
0
0
VERTEX
8
AI4M_01_ATOM_CUT
10
5567.974281
20
257.307322
30
0
0
SEQEND
8
AI4M_01_ATOM_CUT
0
TEXT
8
AI4M_01_ATOM_CUT
10
5568.595619
20
259.195788
30
0
40
2.5
1
AI4M_line_0144__seg_02_cut_line_unknown
1001
AI4MANUFACTURING
1000
WRITEBACK_PHASE=01_ATOM_LABEL
1000
ENTITY_ID=line_0144__seg_02
999
AI4M_ENTITY=line_0144__seg_03;LINE_ROLE=cut_line;EDGE=unknown;SOURCE_LAYER=11
0
POLYLINE
8
AI4M_01_ATOM_CUT
66
1
70
0
1001
AI4MANUFACTURING
1000
WRITEBACK_PHASE=01_ATOM
1000
ENTITY_ID=line_0144__seg_03
1000
SOURCE_HANDLE=6BB
1000
LINE_ROLE=cut_line
1000
EDGE=unknown
1000
CHAIN=chain_ms1um5n3
1000
PIECE_ID=front_right_manual_01
1000
SEAM_PAIR=
1000
PAIRED_CHAIN=
1000
NOTCH_CHAIN=
1000
NOTCH_SOURCE=
1000
PIECE_ROLE=front_right
1000
SEAM_ALLOWANCE_MM=
1000
SOURCE_LAYER=11
0
VERTEX
8
AI4M_01_ATOM_CUT
10
5567.974281
20
257.307322
30
0
0
VERTEX
8
AI4M_01_ATOM_CUT
10
5567.632484
20
259.26533
30
0
0
SEQEND
8
AI4M_01_ATOM_CUT
0
TEXT
8
AI4M_01_ATOM_CUT
10
5567.974281
20
257.307322
30
0
40
2.5
1
AI4M_line_0144__seg_03_cut_line_unknown
1001
AI4MANUFACTURING
1000
WRITEBACK_PHASE=01_ATOM_LABEL
1000
ENTITY_ID=line_0144__seg_03
999
AI4M_ENTITY=line_0144__seg_04;LINE_ROLE=cut_line;EDGE=unknown;SOURCE_LAYER=11
0
POLYLINE
8
AI4M_01_ATOM_CUT
66
1
70
0
1001
AI4MANUFACTURING
1000
WRITEBACK_PHASE=01_ATOM
1000
ENTITY_ID=line_0144__seg_04
1000
SOURCE_HANDLE=6BB
1000
LINE_ROLE=cut_line
1000
EDGE=unknown
1000
CHAIN=chain_ms1um5n3
1000
PIECE_ID=front_right_manual_01
1000
SEAM_PAIR=
1000
PAIRED_CHAIN=
1000
NOTCH_CHAIN=
1000
NOTCH_SOURCE=
1000
PIECE_ROLE=front_right
1000
SEAM_ALLOWANCE_MM=
1000
SOURCE_LAYER=11
0
VERTEX
8
AI4M_01_ATOM_CUT
10
5567.632484
20
259.26533
30
0
0
VERTEX
8
AI4M_01_ATOM_CUT
10
5567.015419
20
257.37675
30
0
0
SEQEND
8
AI4M_01_ATOM_CUT
0
TEXT
8
AI4M_01_ATOM_CUT
10
5567.632484
20
259.26533
30
0
40
2.5
1
AI4M_line_0144__seg_04_cut_line_unknown
1001
AI4MANUFACTURING
1000
WRITEBACK_PHASE=01_ATOM_LABEL
1000
ENTITY_ID=line_0144__seg_04
999
AI4M_ENTITY=line_0144__seg_05;LINE_ROLE=cut_line;EDGE=unknown;SOURCE_LAYER=11
0
POLYLINE
8
AI4M_01_ATOM_CUT
66
1
70
0
1001
AI4MANUFACTURING
1000
WRITEBACK_PHASE=01_ATOM
1000
ENTITY_ID=line_0144__seg_05
1000
SOURCE_HANDLE=6BB
1000
LINE_ROLE=cut_line
1000
EDGE=unknown
1000
CHAIN=chain_ms1um5n3
1000
PIECE_ID=front_right_manual_01
1000
SEAM_PAIR=
1000
PAIRED_CHAIN=
1000
NOTCH_CHAIN=
1000
NOTCH_SOURCE=
1000
PIECE_ROLE=front_right
1000
SEAM_ALLOWANCE_MM=
1000
SOURCE_LAYER=11
0
VERTEX
8
AI4M_01_ATOM_CUT
10
5567.015419
20
257.37675
30
0
0
VERTEX
8
AI4M_01_ATOM_CUT
10
5566.673622
20
259.334758
30
0
0
SEQEND
8
AI4M_01_ATOM_CUT
0
TEXT
8
AI4M_01_ATOM_CUT
10
5567.015419
20
257.37675
30
0
40
2.5
1
AI4M_line_0144__seg_05_cut_line_unknown
1001
AI4MANUFACTURING
1000
WRITEBACK_PHASE=01_ATOM_LABEL
1000
ENTITY_ID=line_0144__seg_05
999
AI4M_ENTITY=line_0144__seg_06;LINE_ROLE=cut_line;EDGE=unknown;SOURCE_LAYER=11
0
POLYLINE
8
AI4M_01_ATOM_CUT
66
1
70
0
1001
AI4MANUFACTURING
1000
WRITEBACK_PHASE=01_ATOM
1000
ENTITY_ID=line_0144__seg_06
1000
SOURCE_HANDLE=6BB
1000
LINE_ROLE=cut_line
1000
EDGE=unknown
1000
CHAIN=chain_ms1um5n3
1000
PIECE_ID=front_right_manual_01
1000
SEAM_PAIR=
1000
PAIRED_CHAIN=
1000
NOTCH_CHAIN=
1000
NOTCH_SOURCE=
1000
PIECE_ROLE=front_right
1000
SEAM_ALLOWANCE_MM=
1000
SOURCE_LAYER=11
0
VERTEX
8
AI4M_01_ATOM_CUT
10
5566.673622
20
259.334758
30
0
0
VERTEX
8
AI4M_01_ATOM_CUT
10
5566.052894
20
257.446177
30
0
0
SEQEND
8
AI4M_01_ATOM_CUT
0
TEXT
8
AI4M_01_ATOM_CUT
10
5566.673622
20
259.334758
30
0
40
2.5
1
AI4M_line_0144__seg_06_cut_line_unknown
1001
AI4MANUFACTURING
1000
WRITEBACK_PHASE=01_ATOM_LABEL
1000
ENTITY_ID=line_0144__seg_06
999
AI4M_ENTITY=line_0144__seg_07;LINE_ROLE=cut_line;EDGE=unknown;SOURCE_LAYER=11
0
POLYLINE
8
AI4M_01_ATOM_CUT
66
1
70
0
1001
AI4MANUFACTURING
1000
WRITEBACK_PHASE=01_ATOM
1000
ENTITY_ID=line_0144__seg_07
1000
SOURCE_HANDLE=6BB
1000
LINE_ROLE=cut_line
1000
EDGE=unknown
1000
CHAIN=chain_ms1um5n3
1000
PIECE_ID=front_right_manual_01
1000
SEAM_PAIR=
1000
PAIRED_CHAIN=
1000
NOTCH_CHAIN=
1000
NOTCH_SOURCE=
1000
PIECE_ROLE=front_right
1000
SEAM_ALLOWANCE_MM=
1000
SOURCE_LAYER=11
0
VERTEX
8
AI4M_01_ATOM_CUT
10
5566.052894
20
257.446177
30
0
0
VERTEX
8
AI4M_01_ATOM_CUT
10
5565.711097
20
259.404185
30
0
0
SEQEND
8
AI4M_01_ATOM_CUT
0
TEXT
8
AI4M_01_ATOM_CUT
10
5566.052894
20
257.446177
30
0
40
2.5
1
AI4M_line_0144__seg_07_cut_line_unknown
1001
AI4MANUFACTURING
1000
WRITEBACK_PHASE=01_ATOM_LABEL
1000
ENTITY_ID=line_0144__seg_07
999
AI4M_ENTITY=line_0144__seg_08;LINE_ROLE=cut_line;EDGE=unknown;SOURCE_LAYER=11
0
POLYLINE
8
AI4M_01_ATOM_CUT
66
1
70
0
1001
AI4MANUFACTURING
1000
WRITEBACK_PHASE=01_ATOM
1000
ENTITY_ID=line_0144__seg_08
1000
SOURCE_HANDLE=6BB
1000
LINE_ROLE=cut_line
1000
EDGE=unknown
1000
CHAIN=chain_ms1um5n3
1000
PIECE_ID=front_right_manual_01
1000
SEAM_PAIR=
1000
PAIRED_CHAIN=
1000
NOTCH_CHAIN=
1000
NOTCH_SOURCE=
1000
PIECE_ROLE=front_right
1000
SEAM_ALLOWANCE_MM=
1000
SOURCE_LAYER=11
0
VERTEX
8
AI4M_01_ATOM_CUT
10
5565.711097
20
259.404185
30
0
0
VERTEX
8
AI4M_01_ATOM_CUT
10
5565.09159
20
257.515567
30
0
0
SEQEND
8
AI4M_01_ATOM_CUT
0
TEXT
8
AI4M_01_ATOM_CUT
10
5565.711097
20
259.404185
30
0
40
2.5
1
AI4M_line_0144__seg_08_cut_line_unknown
1001
AI4MANUFACTURING
1000
WRITEBACK_PHASE=01_ATOM_LABEL
1000
ENTITY_ID=line_0144__seg_08
999
AI4M_ENTITY=line_0144__seg_09;LINE_ROLE=cut_line;EDGE=unknown;SOURCE_LAYER=11
0
POLYLINE
8
AI4M_01_ATOM_CUT
66
1
70
0
1001
AI4MANUFACTURING
1000
WRITEBACK_PHASE=01_ATOM
1000
ENTITY_ID=line_0144__seg_09
1000
SOURCE_HANDLE=6BB
1000
LINE_ROLE=cut_line
1000
EDGE=unknown
1000
CHAIN=chain_ms1um5n3
1000
PIECE_ID=front_right_manual_01
1000
SEAM_PAIR=
1000
PAIRED_CHAIN=
1000
NOTCH_CHAIN=
1000
NOTCH_SOURCE=
1000
PIECE_ROLE=front_right
1000
SEAM_ALLOWANCE_MM=
1000
SOURCE_LAYER=11
0
VERTEX
8
AI4M_01_ATOM_CUT
10
5565.09159
20
257.515567
30
0
0
VERTEX
8
AI4M_01_ATOM_CUT
10
5564.749794
20
259.473651
30
0
0
SEQEND
8
AI4M_01_ATOM_CUT
0
TEXT
8
AI4M_01_ATOM_CUT
10
5565.09159
20
257.515567
30
0
40
2.5
1
AI4M_line_0144__seg_09_cut_line_unknown
1001
AI4MANUFACTURING
1000
WRITEBACK_PHASE=01_ATOM_LABEL
1000
ENTITY_ID=line_0144__seg_09
999
AI4M_ENTITY=line_0144__seg_10;LINE_ROLE=cut_line;EDGE=unknown;SOURCE_LAYER=11
0
POLYLINE
8
AI4M_01_ATOM_CUT
66
1
70
0
1001
AI4MANUFACTURING
1000
WRITEBACK_PHASE=01_ATOM
1000
ENTITY_ID=line_0144__seg_10
1000
SOURCE_HANDLE=6BB
1000
LINE_ROLE=cut_line
1000
EDGE=unknown
1000
CHAIN=chain_ms1um5n3
1000
PIECE_ID=front_right_manual_01
1000
SEAM_PAIR=
1000
PAIRED_CHAIN=
1000
NOTCH_CHAIN=
1000
NOTCH_SOURCE=
1000
PIECE_ROLE=front_right
1000
SEAM_ALLOWANCE_MM=
1000
SOURCE_LAYER=11
0
VERTEX
8
AI4M_01_ATOM_CUT
10
5564.749794
20
259.473651
30
0
0
VERTEX
8
AI4M_01_ATOM_CUT
10
5564.132728
20
257.585147
30
0
0
SEQEND
8
AI4M_01_ATOM_CUT
0
TEXT
8
AI4M_01_ATOM_CUT
10
5564.749794
20
259.473651
30
0
40
2.5
1
AI4M_line_0144__seg_10_cut_line_unknown
1001
AI4MANUFACTURING
1000
WRITEBACK_PHASE=01_ATOM_LABEL
1000
ENTITY_ID=line_0144__seg_10
999
AI4M_ENTITY=line_0144__seg_11;LINE_ROLE=cut_line;EDGE=unknown;SOURCE_LAYER=11
0
POLYLINE
8
AI4M_01_ATOM_CUT
66
1
70
0
1001
AI4MANUFACTURING
1000
WRITEBACK_PHASE=01_ATOM
1000
ENTITY_ID=line_0144__seg_11
1000
SOURCE_HANDLE=6BB
1000
LINE_ROLE=cut_line
1000
EDGE=unknown
1000
CHAIN=chain_ms1um5n3
1000
PIECE_ID=front_right_manual_01
1000
SEAM_PAIR=
1000
PAIRED_CHAIN=
1000
NOTCH_CHAIN=
1000
NOTCH_SOURCE=
1000
PIECE_ROLE=front_right
1000
SEAM_ALLOWANCE_MM=
1000
SOURCE_LAYER=11
0
VERTEX
8
AI4M_01_ATOM_CUT
10
5564.132728
20
257.585147
30
0
0
VERTEX
8
AI4M_01_ATOM_CUT
10
5563.787269
20
259.543002
30
0
0
SEQEND
8
AI4M_01_ATOM_CUT
0
TEXT
8
AI4M_01_ATOM_CUT
10
5564.132728
20
257.585147
30
0
40
2.5
1
AI4M_line_0144__seg_11_cut_line_unknown
1001
AI4MANUFACTURING
1000
WRITEBACK_PHASE=01_ATOM_LABEL
1000
ENTITY_ID=line_0144__seg_11
999
AI4M_ENTITY=line_0145;LINE_ROLE=cut_line;EDGE=unknown;SOURCE_LAYER=11
0
POLYLINE
8
AI4M_01_ATOM_CUT
66
1
70
0
1001
AI4MANUFACTURING
1000
WRITEBACK_PHASE=01_ATOM
1000
ENTITY_ID=line_0145
1000
SOURCE_HANDLE=6CA
1000
LINE_ROLE=cut_line
1000
EDGE=unknown
1000
CHAIN=chain_ms1um5n3
1000
PIECE_ID=front_right_manual_01
1000
SEAM_PAIR=
1000
PAIRED_CHAIN=
1000
NOTCH_CHAIN=
1000
NOTCH_SOURCE=
1000
PIECE_ROLE=front_right
1000
SEAM_ALLOWANCE_MM=
1000
SOURCE_LAYER=11
0
VERTEX
8
AI4M_01_ATOM_CUT
10
5551.956825
20
258.695643
30
0
0
VERTEX
8
AI4M_01_ATOM_CUT
10
5547.40055
20
248.843005
30
0
0
SEQEND
8
AI4M_01_ATOM_CUT
0
TEXT
8
AI4M_01_ATOM_CUT
10
5551.956825
20
258.695643
30
0
40
2.5
1
AI4M_line_0145_cut_line_unknown
1001
AI4MANUFACTURING
1000
WRITEBACK_PHASE=01_ATOM_LABEL
1000
ENTITY_ID=line_0145
999
AI4M_ENTITY=line_0146;LINE_ROLE=pattern_boundary;EDGE=pattern_boundary;SOURCE_LAYER=11
0
POLYLINE
8
AI4M_01_ATOM_NET
66
1
70
0
1001
AI4MANUFACTURING
1000
WRITEBACK_PHASE=01_ATOM
1000
ENTITY_ID=line_0146
1000
SOURCE_HANDLE=6CF
1000
LINE_ROLE=pattern_boundary
1000
EDGE=pattern_boundary
1000
CHAIN=chain_ms1um5n3
1000
PIECE_ID=front_right_manual_01
1000
SEAM_PAIR=
1000
PAIRED_CHAIN=
1000
NOTCH_CHAIN=
1000
NOTCH_SOURCE=
1000
PIECE_ROLE=front_right
1000
SEAM_ALLOWANCE_MM=
1000
SOURCE_LAYER=11
0
VERTEX
8
AI4M_01_ATOM_NET
10
5987.302894
20
12.393754
30
0
0
VERTEX
8
AI4M_01_ATOM_NET
10
5972.280922
20
12.393821
30
0
0
SEQEND
8
AI4M_01_ATOM_NET
0
TEXT
8
AI4M_01_ATOM_NET
10
5987.302894
20
12.393754
30
0
40
2.5
1
AI4M_line_0146_pattern_boundary_pattern_boundary
1001
AI4MANUFACTURING
1000
WRITEBACK_PHASE=01_ATOM_LABEL
1000
ENTITY_ID=line_0146
999
AI4M_ENTITY=line_0147;LINE_ROLE=pattern_boundary;EDGE=pattern_boundary;SOURCE_LAYER=11
0
POLYLINE
8
AI4M_01_ATOM_NET
66
1
70
0
1001
AI4MANUFACTURING
1000
WRITEBACK_PHASE=01_ATOM
1000
ENTITY_ID=line_0147
1000
SOURCE_HANDLE=6D4
1000
LINE_ROLE=pattern_boundary
1000
EDGE=pattern_boundary
1000
CHAIN=chain_ms1um5n3
1000
PIECE_ID=front_right_manual_01
1000
SEAM_PAIR=
1000
PAIRED_CHAIN=
1000
NOTCH_CHAIN=
1000
NOTCH_SOURCE=
1000
PIECE_ROLE=front_right
1000
SEAM_ALLOWANCE_MM=
1000
SOURCE_LAYER=11
0
VERTEX
8
AI4M_01_ATOM_NET
10
5987.302894
20
-2.606241
30
0
0
VERTEX
8
AI4M_01_ATOM_NET
10
5987.302894
20
12.393754
30
0
0
SEQEND
8
AI4M_01_ATOM_NET
0
TEXT
8
AI4M_01_ATOM_NET
10
5987.302894
20
-2.606241
30
0
40
2.5
1
AI4M_line_0147_pattern_boundary_pattern_boundary
1001
AI4MANUFACTURING
1000
WRITEBACK_PHASE=01_ATOM_LABEL
1000
ENTITY_ID=line_0147
999
AI4M_ENTITY=line_0148;LINE_ROLE=pattern_boundary;EDGE=pattern_boundary;SOURCE_LAYER=11
0
POLYLINE
8
AI4M_01_ATOM_NET
66
1
70
0
1001
AI4MANUFACTURING
1000
WRITEBACK_PHASE=01_ATOM
1000
ENTITY_ID=line_0148
1000
SOURCE_HANDLE=6D9
1000
LINE_ROLE=pattern_boundary
1000
EDGE=pattern_boundary
1000
CHAIN=chain_ms1um5n3
1000
PIECE_ID=front_right_manual_01
1000
SEAM_PAIR=
1000
PAIRED_CHAIN=
1000
NOTCH_CHAIN=
1000
NOTCH_SOURCE=
1000
PIECE_ROLE=front_right
1000
SEAM_ALLOWANCE_MM=
1000
SOURCE_LAYER=11
0
VERTEX
8
AI4M_01_ATOM_NET
10
6002.302894
20
-2.606241
30
0
0
VERTEX
8
AI4M_01_ATOM_NET
10
5987.302894
20
-2.606241
30
0
0
SEQEND
8
AI4M_01_ATOM_NET
0
TEXT
8
AI4M_01_ATOM_NET
10
6002.302894
20
-2.606241
30
0
40
2.5
1
AI4M_line_0148_pattern_boundary_pattern_boundary
1001
AI4MANUFACTURING
1000
WRITEBACK_PHASE=01_ATOM_LABEL
1000
ENTITY_ID=line_0148
999
AI4M_ENTITY=line_0149;LINE_ROLE=pattern_boundary;EDGE=pattern_boundary;SOURCE_LAYER=11
0
POLYLINE
8
AI4M_01_ATOM_NET
66
1
70
0
1001
AI4MANUFACTURING
1000
WRITEBACK_PHASE=01_ATOM
1000
ENTITY_ID=line_0149
1000
SOURCE_HANDLE=6DE
1000
LINE_ROLE=pattern_boundary
1000
EDGE=pattern_boundary
1000
CHAIN=chain_ms1um5n3
1000
PIECE_ID=front_right_manual_01
1000
SEAM_PAIR=
1000
PAIRED_CHAIN=
1000
NOTCH_CHAIN=
1000
NOTCH_SOURCE=
1000
PIECE_ROLE=front_right
1000
SEAM_ALLOWANCE_MM=
1000
SOURCE_LAYER=11
0
VERTEX
8
AI4M_01_ATOM_NET
10
6017.302894
20
-2.596476
30
0
0
VERTEX
8
AI4M_01_ATOM_NET
10
6002.302894
20
-2.606241
30
0
0
SEQEND
8
AI4M_01_ATOM_NET
0
TEXT
8
AI4M_01_ATOM_NET
10
6017.302894
20
-2.596476
30
0
40
2.5
1
AI4M_line_0149_pattern_boundary_pattern_boundary
1001
AI4MANUFACTURING
1000
WRITEBACK_PHASE=01_ATOM_LABEL
1000
ENTITY_ID=line_0149
999
AI4M_ENTITY=line_0150;LINE_ROLE=pattern_boundary;EDGE=pattern_boundary;SOURCE_LAYER=11
0
POLYLINE
8
AI4M_01_ATOM_NET
66
1
70
0
1001
AI4MANUFACTURING
1000
WRITEBACK_PHASE=01_ATOM
1000
ENTITY_ID=line_0150
1000
SOURCE_HANDLE=6E3
1000
LINE_ROLE=pattern_boundary
1000
EDGE=pattern_boundary
1000
CHAIN=chain_ms1um5n3
1000
PIECE_ID=front_right_manual_01
1000
SEAM_PAIR=
1000
PAIRED_CHAIN=
1000
NOTCH_CHAIN=
1000
NOTCH_SOURCE=
1000
PIECE_ROLE=front_right
1000
SEAM_ALLOWANCE_MM=
1000
SOURCE_LAYER=11
0
VERTEX
8
AI4M_01_ATOM_NET
10
6047.302894
20
-2.616007
30
0
0
VERTEX
8
AI4M_01_ATOM_NET
10
6017.302894
20
-2.596476
30
0
0
SEQEND
8
AI4M_01_ATOM_NET
0
TEXT
8
AI4M_01_ATOM_NET
10
6047.302894
20
-2.616007
30
0
40
2.5
1
AI4M_line_0150_pattern_boundary_pattern_boundary
1001
AI4MANUFACTURING
1000
WRITEBACK_PHASE=01_ATOM_LABEL
1000
ENTITY_ID=line_0150
999
AI4M_ENTITY=line_0151;LINE_ROLE=pattern_boundary;EDGE=pattern_boundary;SOURCE_LAYER=11
0
POLYLINE
8
AI4M_01_ATOM_NET
66
1
70
0
1001
AI4MANUFACTURING
1000
WRITEBACK_PHASE=01_ATOM
1000
ENTITY_ID=line_0151
1000
SOURCE_HANDLE=6E8
1000
LINE_ROLE=pattern_boundary
1000
EDGE=pattern_boundary
1000
CHAIN=chain_ms1um5n3
1000
PIECE_ID=front_right_manual_01
1000
SEAM_PAIR=
1000
PAIRED_CHAIN=
1000
NOTCH_CHAIN=
1000
NOTCH_SOURCE=
1000
PIECE_ROLE=front_right
1000
SEAM_ALLOWANCE_MM=
1000
SOURCE_LAYER=11
0
VERTEX
8
AI4M_01_ATOM_NET
10
6047.302894
20
588.057788
30
0
0
VERTEX
8
AI4M_01_ATOM_NET
10
6047.302894
20
-2.616007
30
0
0
SEQEND
8
AI4M_01_ATOM_NET
0
TEXT
8
AI4M_01_ATOM_NET
10
6047.302894
20
588.057788
30
0
40
2.5
1
AI4M_line_0151_pattern_boundary_pattern_boundary
1001
AI4MANUFACTURING
1000
WRITEBACK_PHASE=01_ATOM_LABEL
1000
ENTITY_ID=line_0151
999
AI4M_ENTITY=line_0152__seg_01;LINE_ROLE=pattern_boundary;EDGE=pattern_boundary;SOURCE_LAYER=11
0
POLYLINE
8
AI4M_01_ATOM_NET
66
1
70
0
1001
AI4MANUFACTURING
1000
WRITEBACK_PHASE=01_ATOM
1000
ENTITY_ID=line_0152__seg_01
1000
SOURCE_HANDLE=6ED
1000
LINE_ROLE=pattern_boundary
1000
EDGE=pattern_boundary
1000
CHAIN=chain_ms1um5n3
1000
PIECE_ID=front_right_manual_01
1000
SEAM_PAIR=
1000
PAIRED_CHAIN=
1000
NOTCH_CHAIN=
1000
NOTCH_SOURCE=
1000
PIECE_ROLE=front_right
1000
SEAM_ALLOWANCE_MM=
1000
SOURCE_LAYER=11
0
VERTEX
8
AI4M_01_ATOM_NET
10
6017.302894
20
591.399234
30
0
0
VERTEX
8
AI4M_01_ATOM_NET
10
6026.01078
20
590.001681
30
0
0
VERTEX
8
AI4M_01_ATOM_NET
10
6033.173256
20
589.141849
30
0
0
VERTEX
8
AI4M_01_ATOM_NET
10
6041.337928
20
588.422549
30
0
0
VERTEX
8
AI4M_01_ATOM_NET
10
6047.302894
20
588.057788
30
0
0
SEQEND
8
AI4M_01_ATOM_NET
0
TEXT
8
AI4M_01_ATOM_NET
10
6017.302894
20
591.399234
30
0
40
2.5
1
AI4M_line_0152__seg_01_pattern_boundary_pattern_boundary
1001
AI4MANUFACTURING
1000
WRITEBACK_PHASE=01_ATOM_LABEL
1000
ENTITY_ID=line_0152__seg_01
999
AI4M_ENTITY=line_0153__seg_01;LINE_ROLE=pattern_boundary;EDGE=pattern_boundary;SOURCE_LAYER=11
0
POLYLINE
8
AI4M_01_ATOM_NET
66
1
70
0
1001
AI4MANUFACTURING
1000
WRITEBACK_PHASE=01_ATOM
1000
ENTITY_ID=line_0153__seg_01
1000
SOURCE_HANDLE=6F5
1000
LINE_ROLE=pattern_boundary
1000
EDGE=pattern_boundary
1000
CHAIN=chain_ms1um5n3
1000
PIECE_ID=front_right_manual_01
1000
SEAM_PAIR=
1000
PAIRED_CHAIN=
1000
NOTCH_CHAIN=
1000
NOTCH_SOURCE=
1000
PIECE_ROLE=front_right
1000
SEAM_ALLOWANCE_MM=
1000
SOURCE_LAYER=11
0
VERTEX
8
AI4M_01_ATOM_NET
10
6001.919593
20
589.449771
30
0
0
VERTEX
8
AI4M_01_ATOM_NET
10
6008.408241
20
590.014956
30
0
0
VERTEX
8
AI4M_01_ATOM_NET
10
6013.314857
20
590.692904
30
0
0
VERTEX
8
AI4M_01_ATOM_NET
10
6017.302894
20
591.399234
30
0
0
SEQEND
8
AI4M_01_ATOM_NET
0
TEXT
8
AI4M_01_ATOM_NET
10
6001.919593
20
589.449771
30
0
40
2.5
1
AI4M_line_0153__seg_01_pattern_boundary_pattern_boundary
1001
AI4MANUFACTURING
1000
WRITEBACK_PHASE=01_ATOM_LABEL
1000
ENTITY_ID=line_0153__seg_01
999
AI4M_ENTITY=line_0154__seg_01;LINE_ROLE=pattern_boundary;EDGE=pattern_boundary;SOURCE_LAYER=11
0
POLYLINE
8
AI4M_01_ATOM_NET
66
1
70
0
1001
AI4MANUFACTURING
1000
WRITEBACK_PHASE=01_ATOM
1000
ENTITY_ID=line_0154__seg_01
1000
SOURCE_HANDLE=6FC
1000
LINE_ROLE=pattern_boundary
1000
EDGE=pattern_boundary
1000
CHAIN=chain_ms1um5n3
1000
PIECE_ID=front_right_manual_01
1000
SEAM_PAIR=
1000
PAIRED_CHAIN=
1000
NOTCH_CHAIN=
1000
NOTCH_SOURCE=
1000
PIECE_ROLE=front_right
1000
SEAM_ALLOWANCE_MM=
1000
SOURCE_LAYER=11
0
VERTEX
8
AI4M_01_ATOM_NET
10
5987.302894
20
589.531253
30
0
0
VERTEX
8
AI4M_01_ATOM_NET
10
5994.371376
20
589.313052
30
0
0
VERTEX
8
AI4M_01_ATOM_NET
10
6000.829506
20
589.409335
30
0
0
VERTEX
8
AI4M_01_ATOM_NET
10
6001.919593
20
589.449771
30
0
0
SEQEND
8
AI4M_01_ATOM_NET
0
TEXT
8
AI4M_01_ATOM_NET
10
5987.302894
20
589.531253
30
0
40
2.5
1
AI4M_line_0154__seg_01_pattern_boundary_pattern_boundary
1001
AI4MANUFACTURING
1000
WRITEBACK_PHASE=01_ATOM_LABEL
1000
ENTITY_ID=line_0154__seg_01
999
AI4M_ENTITY=line_0155__seg_01;LINE_ROLE=pattern_boundary;EDGE=pattern_boundary;SOURCE_LAYER=11
0
POLYLINE
8
AI4M_01_ATOM_NET
66
1
70
0
1001
AI4MANUFACTURING
1000
WRITEBACK_PHASE=01_ATOM
1000
ENTITY_ID=line_0155__seg_01
1000
SOURCE_HANDLE=703
1000
LINE_ROLE=pattern_boundary
1000
EDGE=pattern_boundary
1000
CHAIN=chain_ms1um5n3
1000
PIECE_ID=front_right_manual_01
1000
SEAM_PAIR=
1000
PAIRED_CHAIN=
1000
NOTCH_CHAIN=
1000
NOTCH_SOURCE=
1000
PIECE_ROLE=front_right
1000
SEAM_ALLOWANCE_MM=
1000
SOURCE_LAYER=11
0
VERTEX
8
AI4M_01_ATOM_NET
10
5972.65995
20
589.450152
30
0
0
VERTEX
8
AI4M_01_ATOM_NET
10
5980.034217
20
589.31206
30
0
0
VERTEX
8
AI4M_01_ATOM_NET
10
5985.969276
20
589.466861
30
0
0
VERTEX
8
AI4M_01_ATOM_NET
10
5987.302894
20
589.531253
30
0
0
SEQEND
8
AI4M_01_ATOM_NET
0
TEXT
8
AI4M_01_ATOM_NET
10
5972.65995
20
589.450152
30
0
40
2.5
1
AI4M_line_0155__seg_01_pattern_boundary_pattern_boundary
1001
AI4MANUFACTURING
1000
WRITEBACK_PHASE=01_ATOM_LABEL
1000
ENTITY_ID=line_0155__seg_01
999
AI4M_ENTITY=line_0156__seg_01;LINE_ROLE=pattern_boundary;EDGE=pattern_boundary;SOURCE_LAYER=11
0
POLYLINE
8
AI4M_01_ATOM_NET
66
1
70
0
1001
AI4MANUFACTURING
1000
WRITEBACK_PHASE=01_ATOM
1000
ENTITY_ID=line_0156__seg_01
1000
SOURCE_HANDLE=70A
1000
LINE_ROLE=pattern_boundary
1000
EDGE=pattern_boundary
1000
CHAIN=chain_ms1um5n3
1000
PIECE_ID=front_right_manual_01
1000
SEAM_PAIR=
1000
PAIRED_CHAIN=
1000
NOTCH_CHAIN=
1000
NOTCH_SOURCE=
1000
PIECE_ROLE=front_right
1000
SEAM_ALLOWANCE_MM=
1000
SOURCE_LAYER=11
0
VERTEX
8
AI4M_01_ATOM_NET
10
5901.496009
20
658.838809
30
0
0
VERTEX
8
AI4M_01_ATOM_NET
10
5902.726478
20
651.761401
30
0
0
VERTEX
8
AI4M_01_ATOM_NET
10
5903.860511
20
646.560672
30
0
0
VERTEX
8
AI4M_01_ATOM_NET
10
5905.139198
20
641.809924
30
0
0
VERTEX
8
AI4M_01_ATOM_NET
10
5906.655922
20
637.109149
30
0
0
VERTEX
8
AI4M_01_ATOM_NET
10
5908.376503
20
632.552722
30
0
0
VERTEX
8
AI4M_01_ATOM_NET
10
5910.124549
20
628.581317
30
0
0
VERTEX
8
AI4M_01_ATOM_NET
10
5911.981239
20
624.955752
30
0
0
VERTEX
8
AI4M_01_ATOM_NET
10
5913.990516
20
621.574634
30
0
0
VERTEX
8
AI4M_01_ATOM_NET
10
5916.188392
20
618.358157
30
0
0
VERTEX
8
AI4M_01_ATOM_NET
10
5918.63285
20
615.215457
30
0
0
VERTEX
8
AI4M_01_ATOM_NET
10
5921.349525
20
612.129825
30
0
0
VERTEX
8
AI4M_01_ATOM_NET
10
5924.268226
20
609.190371
30
0
0
VERTEX
8
AI4M_01_ATOM_NET
10
5927.404823
20
606.385653
30
0
0
VERTEX
8
AI4M_01_ATOM_NET
10
5930.740394
20
603.738101
30
0
0
VERTEX
8
AI4M_01_ATOM_NET
10
5934.236488
20
601.280902
30
0
0
VERTEX
8
AI4M_01_ATOM_NET
10
5937.79911
20
599.073489
30
0
0
VERTEX
8
AI4M_01_ATOM_NET
10
5941.541175
20
597.047961
30
0
0
VERTEX
8
AI4M_01_ATOM_NET
10
5945.270423
20
595.30495
30
0
0
VERTEX
8
AI4M_01_ATOM_NET
10
5949.117469
20
593.786319
30
0
0
VERTEX
8
AI4M_01_ATOM_NET
10
5953.107948
20
592.466739
30
0
0
VERTEX
8
AI4M_01_ATOM_NET
10
5956.171913
20
591.687167
30
0
0
VERTEX
8
AI4M_01_ATOM_NET
10
5962.74784
20
590.426791
30
0
0
VERTEX
8
AI4M_01_ATOM_NET
10
5967.532997
20
589.892657
30
0
0
VERTEX
8
AI4M_01_ATOM_NET
10
5972.65995
20
589.450152
30
0
0
SEQEND
8
AI4M_01_ATOM_NET
0
TEXT
8
AI4M_01_ATOM_NET
10
5901.496009
20
658.838809
30
0
40
2.5
1
AI4M_line_0156__seg_01_pattern_boundary_pattern_boundary
1001
AI4MANUFACTURING
1000
WRITEBACK_PHASE=01_ATOM_LABEL
1000
ENTITY_ID=line_0156__seg_01
999
AI4M_ENTITY=line_0157;LINE_ROLE=pattern_boundary;EDGE=pattern_boundary;SOURCE_LAYER=11
0
POLYLINE
8
AI4M_01_ATOM_NET
66
1
70
0
1001
AI4MANUFACTURING
1000
WRITEBACK_PHASE=01_ATOM
1000
ENTITY_ID=line_0157
1000
SOURCE_HANDLE=726
1000
LINE_ROLE=pattern_boundary
1000
EDGE=pattern_boundary
1000
CHAIN=chain_ms1um5n3
1000
PIECE_ID=front_right_manual_01
1000
SEAM_PAIR=
1000
PAIRED_CHAIN=
1000
NOTCH_CHAIN=
1000
NOTCH_SOURCE=
1000
PIECE_ROLE=front_right
1000
SEAM_ALLOWANCE_MM=
1000
SOURCE_LAYER=11
0
VERTEX
8
AI4M_01_ATOM_NET
10
5901.046791
20
668.316577
30
0
0
VERTEX
8
AI4M_01_ATOM_NET
10
5901.496009
20
658.838809
30
0
0
SEQEND
8
AI4M_01_ATOM_NET
0
TEXT
8
AI4M_01_ATOM_NET
10
5901.046791
20
668.316577
30
0
40
2.5
1
AI4M_line_0157_pattern_boundary_pattern_boundary
1001
AI4MANUFACTURING
1000
WRITEBACK_PHASE=01_ATOM_LABEL
1000
ENTITY_ID=line_0157
999
AI4M_ENTITY=line_0158__seg_01;LINE_ROLE=pattern_boundary;EDGE=pattern_boundary;SOURCE_LAYER=11
0
POLYLINE
8
AI4M_01_ATOM_NET
66
1
70
0
1001
AI4MANUFACTURING
1000
WRITEBACK_PHASE=01_ATOM
1000
ENTITY_ID=line_0158__seg_01
1000
SOURCE_HANDLE=72B
1000
LINE_ROLE=pattern_boundary
1000
EDGE=pattern_boundary
1000
CHAIN=chain_ms1um5n3
1000
PIECE_ID=front_right_manual_01
1000
SEAM_PAIR=
1000
PAIRED_CHAIN=
1000
NOTCH_CHAIN=
1000
NOTCH_SOURCE=
1000
PIECE_ROLE=front_right
1000
SEAM_ALLOWANCE_MM=
1000
SOURCE_LAYER=11
0
VERTEX
8
AI4M_01_ATOM_NET
10
5476.118812
20
489.154208
30
0
0
VERTEX
8
AI4M_01_ATOM_NET
10
5489.924965
20
496.335528
30
0
0
VERTEX
8
AI4M_01_ATOM_NET
10
5503.290443
20
503.283656
30
0
0
VERTEX
8
AI4M_01_ATOM_NET
10
5516.699257
20
510.256846
30
0
0
VERTEX
8
AI4M_01_ATOM_NET
10
5530.062294
20
517.210429
30
0
0
VERTEX
8
AI4M_01_ATOM_NET
10
5543.42411
20
524.166644
30
0
0
VERTEX
8
AI4M_01_ATOM_NET
10
5556.751136
20
531.107142
30
0
0
VERTEX
8
AI4M_01_ATOM_NET
10
5570.111122
20
538.0666
30
0
0
VERTEX
8
AI4M_01_ATOM_NET
10
5583.470497
20
545.026782
30
0
0
VERTEX
8
AI4M_01_ATOM_NET
10
5596.823768
20
551.982692
30
0
0
VERTEX
8
AI4M_01_ATOM_NET
10
5610.191078
20
558.927958
30
0
0
VERTEX
8
AI4M_01_ATOM_NET
10
5623.571205
20
565.849345
30
0
0
VERTEX
8
AI4M_01_ATOM_NET
10
5636.96659
20
572.740558
30
0
0
VERTEX
8
AI4M_01_ATOM_NET
10
5650.396766
20
579.599383
30
0
0
VERTEX
8
AI4M_01_ATOM_NET
10
5663.848304
20
586.379474
30
0
0
VERTEX
8
AI4M_01_ATOM_NET
10
5677.592201
20
593.164294
30
0
0
VERTEX
8
AI4M_01_ATOM_NET
10
5691.118812
20
599.68529
30
0
0
VERTEX
8
AI4M_01_ATOM_NET
10
5704.747963
20
606.101993
30
0
0
VERTEX
8
AI4M_01_ATOM_NET
10
5718.599891
20
612.470248
30
0
0
VERTEX
8
AI4M_01_ATOM_NET
10
5732.357826
20
618.605807
30
0
0
VERTEX
8
AI4M_01_ATOM_NET
10
5744.373817
20
623.707049
30
0
0
VERTEX
8
AI4M_01_ATOM_NET
10
5755.401039
20
628.145526
30
0
0
VERTEX
8
AI4M_01_ATOM_NET
10
5762.296791
20
630.682147
30
0
0
VERTEX
8
AI4M_01_ATOM_NET
10
5776.690101
20
635.547564
30
0
0
VERTEX
8
AI4M_01_ATOM_NET
10
5787.558021
20
638.95325
30
0
0
VERTEX
8
AI4M_01_ATOM_NET
10
5802.046547
20
643.264544
30
0
0
VERTEX
8
AI4M_01_ATOM_NET
10
5816.493568
20
647.531741
30
0
0
VERTEX
8
AI4M_01_ATOM_NET
10
5830.134925
20
651.38161
30
0
0
VERTEX
8
AI4M_01_ATOM_NET
10
5843.884925
20
655.000308
30
0
0
VERTEX
8
AI4M_01_ATOM_NET
10
5858.514442
20
658.594745
30
0
0
VERTEX
8
AI4M_01_ATOM_NET
10
5873.239784
20
661.988605
30
0
0
VERTEX
8
AI4M_01_ATOM_NET
10
5887.93766
20
665.292361
30
0
0
VERTEX
8
AI4M_01_ATOM_NET
10
5901.046791
20
668.316577
30
0
0
SEQEND
8
AI4M_01_ATOM_NET
0
TEXT
8
AI4M_01_ATOM_NET
10
5476.118812
20
489.154208
30
0
40
2.5
1
AI4M_line_0158__seg_01_pattern_boundary_pattern_boundary
1001
AI4MANUFACTURING
1000
WRITEBACK_PHASE=01_ATOM_LABEL
1000
ENTITY_ID=line_0158__seg_01
999
AI4M_ENTITY=line_0159;LINE_ROLE=pattern_boundary;EDGE=pattern_boundary;SOURCE_LAYER=11
0
POLYLINE
8
AI4M_01_ATOM_NET
66
1
70
0
1001
AI4MANUFACTURING
1000
WRITEBACK_PHASE=01_ATOM
1000
ENTITY_ID=line_0159
1000
SOURCE_HANDLE=74F
1000
LINE_ROLE=pattern_boundary
1000
EDGE=pattern_boundary
1000
CHAIN=chain_ms1um5n3
1000
PIECE_ID=front_right_manual_01
1000
SEAM_PAIR=
1000
PAIRED_CHAIN=
1000
NOTCH_CHAIN=
1000
NOTCH_SOURCE=
1000
PIECE_ROLE=front_right
1000
SEAM_ALLOWANCE_MM=
1000
SOURCE_LAYER=11
0
VERTEX
8
AI4M_01_ATOM_NET
10
5480.73246
20
480.285457
30
0
0
VERTEX
8
AI4M_01_ATOM_NET
10
5476.118812
20
489.154208
30
0
0
SEQEND
8
AI4M_01_ATOM_NET
0
TEXT
8
AI4M_01_ATOM_NET
10
5480.73246
20
480.285457
30
0
40
2.5
1
AI4M_line_0159_pattern_boundary_pattern_boundary
1001
AI4MANUFACTURING
1000
WRITEBACK_PHASE=01_ATOM_LABEL
1000
ENTITY_ID=line_0159
999
AI4M_ENTITY=line_0160__seg_01;LINE_ROLE=pattern_boundary;EDGE=pattern_boundary;SOURCE_LAYER=11
0
POLYLINE
8
AI4M_01_ATOM_NET
66
1
70
0
1001
AI4MANUFACTURING
1000
WRITEBACK_PHASE=01_ATOM
1000
ENTITY_ID=line_0160__seg_01
1000
SOURCE_HANDLE=754
1000
LINE_ROLE=pattern_boundary
1000
EDGE=pattern_boundary
1000
CHAIN=chain_ms1um5n3
1000
PIECE_ID=front_right_manual_01
1000
SEAM_PAIR=
1000
PAIRED_CHAIN=
1000
NOTCH_CHAIN=
1000
NOTCH_SOURCE=
1000
PIECE_ROLE=front_right
1000
SEAM_ALLOWANCE_MM=
1000
SOURCE_LAYER=11
0
VERTEX
8
AI4M_01_ATOM_NET
10
5551.970863
20
258.695071
30
0
0
VERTEX
8
AI4M_01_ATOM_NET
10
5548.793373
20
272.454761
30
0
0
VERTEX
8
AI4M_01_ATOM_NET
10
5545.309486
20
287.313464
30
0
0
VERTEX
8
AI4M_01_ATOM_NET
10
5541.94889
20
300.877536
30
0
0
VERTEX
8
AI4M_01_ATOM_NET
10
5538.126869
20
315.385173
30
0
0
VERTEX
8
AI4M_01_ATOM_NET
10
5534.090004
20
329.933932
30
0
0
VERTEX
8
AI4M_01_ATOM_NET
10
5529.781532
20
344.636004
30
0
0
VERTEX
8
AI4M_01_ATOM_NET
10
5525.332679
20
359.074595
30
0
0
VERTEX
8
AI4M_01_ATOM_NET
10
5520.690956
20
373.457377
30
0
0
VERTEX
8
AI4M_01_ATOM_NET
10
5515.792884
20
387.97375
30
0
0
VERTEX
8
AI4M_01_ATOM_NET
10
5510.706215
20
402.456019
30
0
0
VERTEX
8
AI4M_01_ATOM_NET
10
5505.473671
20
416.854976
30
0
0
VERTEX
8
AI4M_01_ATOM_NET
10
5500.104408
20
431.231997
30
0
0
VERTEX
8
AI4M_01_ATOM_NET
10
5494.62284
20
445.538104
30
0
0
VERTEX
8
AI4M_01_ATOM_NET
10
5489.051551
20
459.687808
30
0
0
VERTEX
8
AI4M_01_ATOM_NET
10
5483.491249
20
473.513606
30
0
0
VERTEX
8
AI4M_01_ATOM_NET
10
5480.73246
20
480.285457
30
0
0
SEQEND
8
AI4M_01_ATOM_NET
0
TEXT
8
AI4M_01_ATOM_NET
10
5551.970863
20
258.695071
30
0
40
2.5
1
AI4M_line_0160__seg_01_pattern_boundary_pattern_boundary
1001
AI4MANUFACTURING
1000
WRITEBACK_PHASE=01_ATOM_LABEL
1000
ENTITY_ID=line_0160__seg_01
999
AI4M_ENTITY=line_0161;LINE_ROLE=pattern_boundary;EDGE=pattern_boundary;SOURCE_LAYER=11
0
POLYLINE
8
AI4M_01_ATOM_NET
66
1
70
0
1001
AI4MANUFACTURING
1000
WRITEBACK_PHASE=01_ATOM
1000
ENTITY_ID=line_0161
1000
SOURCE_HANDLE=768
1000
LINE_ROLE=pattern_boundary
1000
EDGE=pattern_boundary
1000
CHAIN=chain_ms1um5n3
1000
PIECE_ID=front_right_manual_01
1000
SEAM_PAIR=
1000
PAIRED_CHAIN=
1000
NOTCH_CHAIN=
1000
NOTCH_SOURCE=
1000
PIECE_ROLE=front_right
1000
SEAM_ALLOWANCE_MM=
1000
SOURCE_LAYER=11
0
VERTEX
8
AI4M_01_ATOM_NET
10
5547.368812
20
248.718417
30
0
0
VERTEX
8
AI4M_01_ATOM_NET
10
5551.970863
20
258.695071
30
0
0
SEQEND
8
AI4M_01_ATOM_NET
0
TEXT
8
AI4M_01_ATOM_NET
10
5547.368812
20
248.718417
30
0
40
2.5
1
AI4M_line_0161_pattern_boundary_pattern_boundary
1001
AI4MANUFACTURING
1000
WRITEBACK_PHASE=01_ATOM_LABEL
1000
ENTITY_ID=line_0161
999
AI4M_ENTITY=line_0162__seg_01;LINE_ROLE=pattern_boundary;EDGE=pattern_boundary;SOURCE_LAYER=11
0
POLYLINE
8
AI4M_01_ATOM_NET
66
1
70
0
1001
AI4MANUFACTURING
1000
WRITEBACK_PHASE=01_ATOM
1000
ENTITY_ID=line_0162__seg_01
1000
SOURCE_HANDLE=76D
1000
LINE_ROLE=pattern_boundary
1000
EDGE=pattern_boundary
1000
CHAIN=chain_ms1um5n3
1000
PIECE_ID=front_right_manual_01
1000
SEAM_PAIR=
1000
PAIRED_CHAIN=
1000
NOTCH_CHAIN=
1000
NOTCH_SOURCE=
1000
PIECE_ROLE=front_right
1000
SEAM_ALLOWANCE_MM=
1000
SOURCE_LAYER=11
0
VERTEX
8
AI4M_01_ATOM_NET
10
5570.898475
20
247.719577
30
0
0
VERTEX
8
AI4M_01_ATOM_NET
10
5564.250526
20
248.292163
30
0
0
VERTEX
8
AI4M_01_ATOM_NET
10
5558.034706
20
248.524173
30
0
0
VERTEX
8
AI4M_01_ATOM_NET
10
5547.368812
20
248.718417
30
0
0
SEQEND
8
AI4M_01_ATOM_NET
0
TEXT
8
AI4M_01_ATOM_NET
10
5570.898475
20
247.719577
30
0
40
2.5
1
AI4M_line_0162__seg_01_pattern_boundary_pattern_boundary
1001
AI4MANUFACTURING
1000
WRITEBACK_PHASE=01_ATOM_LABEL
1000
ENTITY_ID=line_0162__seg_01
999
AI4M_ENTITY=line_0163__seg_01;LINE_ROLE=pattern_boundary;EDGE=pattern_boundary;SOURCE_LAYER=11
0
POLYLINE
8
AI4M_01_ATOM_NET
66
1
70
0
1001
AI4MANUFACTURING
1000
WRITEBACK_PHASE=01_ATOM
1000
ENTITY_ID=line_0163__seg_01
1000
SOURCE_HANDLE=774
1000
LINE_ROLE=pattern_boundary
1000
EDGE=pattern_boundary
1000
CHAIN=chain_ms1um5n3
1000
PIECE_ID=front_right_manual_01
1000
SEAM_PAIR=
1000
PAIRED_CHAIN=
1000
NOTCH_CHAIN=
1000
NOTCH_SOURCE=
1000
PIECE_ROLE=front_right
1000
SEAM_ALLOWANCE_MM=
1000
SOURCE_LAYER=11
0
VERTEX
8
AI4M_01_ATOM_NET
10
5627.550697
20
43.824723
30
0
0
VERTEX
8
AI4M_01_ATOM_NET
10
5628.013343
20
59.037841
30
0
0
VERTEX
8
AI4M_01_ATOM_NET
10
5628.326454
20
74.1414
30
0
0
VERTEX
8
AI4M_01_ATOM_NET
10
5628.469276
20
89.275115
30
0
0
VERTEX
8
AI4M_01_ATOM_NET
10
5628.491859
20
104.303802
30
0
0
VERTEX
8
AI4M_01_ATOM_NET
10
5628.33683
20
117.19498
30
0
0
VERTEX
8
AI4M_01_ATOM_NET
10
5627.922401
20
132.298949
30
0
0
VERTEX
8
AI4M_01_ATOM_NET
10
5627.495155
20
145.614341
30
0
0
VERTEX
8
AI4M_01_ATOM_NET
10
5626.865272
20
156.246798
30
0
0
VERTEX
8
AI4M_01_ATOM_NET
10
5626.073646
20
166.081946
30
0
0
VERTEX
8
AI4M_01_ATOM_NET
10
5625.231971
20
173.667033
30
0
0
VERTEX
8
AI4M_01_ATOM_NET
10
5624.137611
20
181.293357
30
0
0
VERTEX
8
AI4M_01_ATOM_NET
10
5623.263588
20
185.978206
30
0
0
VERTEX
8
AI4M_01_ATOM_NET
10
5620.896644
20
195.356486
30
0
0
VERTEX
8
AI4M_01_ATOM_NET
10
5619.642372
20
199.371016
30
0
0
VERTEX
8
AI4M_01_ATOM_NET
10
5618.206215
20
203.144629
30
0
0
VERTEX
8
AI4M_01_ATOM_NET
10
5615.564613
20
209.567531
30
0
0
VERTEX
8
AI4M_01_ATOM_NET
10
5613.693275
20
213.33401
30
0
0
VERTEX
8
AI4M_01_ATOM_NET
10
5611.213417
20
217.751277
30
0
0
VERTEX
8
AI4M_01_ATOM_NET
10
5608.844642
20
221.491473
30
0
0
VERTEX
8
AI4M_01_ATOM_NET
10
5606.291542
20
225.056746
30
0
0
VERTEX
8
AI4M_01_ATOM_NET
10
5603.56266
20
228.437484
30
0
0
VERTEX
8
AI4M_01_ATOM_NET
10
5600.73307
20
231.543086
30
0
0
VERTEX
8
AI4M_01_ATOM_NET
10
5597.761879
20
234.429095
30
0
0
VERTEX
8
AI4M_01_ATOM_NET
10
5594.76078
20
237.001918
30
0
0
VERTEX
8
AI4M_01_ATOM_NET
10
5591.737709
20
239.277823
30
0
0
VERTEX
8
AI4M_01_ATOM_NET
10
5588.693275
20
241.27045
30
0
0
VERTEX
8
AI4M_01_ATOM_NET
10
5585.622596
20
242.994597
30
0
0
VERTEX
8
AI4M_01_ATOM_NET
10
5582.579383
20
244.428351
30
0
0
VERTEX
8
AI4M_01_ATOM_NET
10
5579.551429
20
245.580657
30
0
0
VERTEX
8
AI4M_01_ATOM_NET
10
5576.159706
20
246.59159
30
0
0
VERTEX
8
AI4M_01_ATOM_NET
10
5572.391395
20
247.441485
30
0
0
VERTEX
8
AI4M_01_ATOM_NET
10
5570.898475
20
247.719577
30
0
0
SEQEND
8
AI4M_01_ATOM_NET
0
TEXT
8
AI4M_01_ATOM_NET
10
5627.550697
20
43.824723
30
0
40
2.5
1
AI4M_line_0163__seg_01_pattern_boundary_pattern_boundary
1001
AI4MANUFACTURING
1000
WRITEBACK_PHASE=01_ATOM_LABEL
1000
ENTITY_ID=line_0163__seg_01
999
AI4M_ENTITY=line_0164;LINE_ROLE=pattern_boundary;EDGE=pattern_boundary;SOURCE_LAYER=11
0
POLYLINE
8
AI4M_01_ATOM_NET
66
1
70
0
1001
AI4MANUFACTURING
1000
WRITEBACK_PHASE=01_ATOM
1000
ENTITY_ID=line_0164
1000
SOURCE_HANDLE=798
1000
LINE_ROLE=pattern_boundary
1000
EDGE=pattern_boundary
1000
CHAIN=chain_ms1um5n3
1000
PIECE_ID=front_right_manual_01
1000
SEAM_PAIR=
1000
PAIRED_CHAIN=
1000
NOTCH_CHAIN=
1000
NOTCH_SOURCE=
1000
PIECE_ROLE=front_right
1000
SEAM_ALLOWANCE_MM=
1000
SOURCE_LAYER=11
0
VERTEX
8
AI4M_01_ATOM_NET
10
5626.043129
20
34.016374
30
0
0
VERTEX
8
AI4M_01_ATOM_NET
10
5627.550697
20
43.824723
30
0
0
SEQEND
8
AI4M_01_ATOM_NET
0
TEXT
8
AI4M_01_ATOM_NET
10
5626.043129
20
34.016374
30
0
40
2.5
1
AI4M_line_0164_pattern_boundary_pattern_boundary
1001
AI4MANUFACTURING
1000
WRITEBACK_PHASE=01_ATOM_LABEL
1000
ENTITY_ID=line_0164
999
AI4M_ENTITY=line_0165__seg_01;LINE_ROLE=pattern_boundary;EDGE=pattern_boundary;SOURCE_LAYER=11
0
POLYLINE
8
AI4M_01_ATOM_NET
66
1
70
0
1001
AI4MANUFACTURING
1000
WRITEBACK_PHASE=01_ATOM
1000
ENTITY_ID=line_0165__seg_01
1000
SOURCE_HANDLE=79D
1000
LINE_ROLE=pattern_boundary
1000
EDGE=pattern_boundary
1000
CHAIN=chain_ms1um5n3
1000
PIECE_ID=front_right_manual_01
1000
SEAM_PAIR=
1000
PAIRED_CHAIN=
1000
NOTCH_CHAIN=
1000
NOTCH_SOURCE=
1000
PIECE_ROLE=front_right
1000
SEAM_ALLOWANCE_MM=
1000
SOURCE_LAYER=11
0
VERTEX
8
AI4M_01_ATOM_NET
10
5972.280922
20
12.393821
30
0
0
VERTEX
8
AI4M_01_ATOM_NET
10
5956.678505
20
12.429421
30
0
0
VERTEX
8
AI4M_01_ATOM_NET
10
5941.391029
20
12.503932
30
0
0
VERTEX
8
AI4M_01_ATOM_NET
10
5926.329383
20
12.715943
30
0
0
VERTEX
8
AI4M_01_ATOM_NET
10
5910.902748
20
13.043282
30
0
0
VERTEX
8
AI4M_01_ATOM_NET
10
5895.844764
20
13.44745
30
0
0
VERTEX
8
AI4M_01_ATOM_NET
10
5880.789833
20
13.940061
30
0
0
VERTEX
8
AI4M_01_ATOM_NET
10
5865.372352
20
14.542449
30
0
0
VERTEX
8
AI4M_01_ATOM_NET
10
5850.324745
20
15.223668
30
0
0
VERTEX
8
AI4M_01_ATOM_NET
10
5834.921302
20
16.01208
30
0
0
VERTEX
8
AI4M_01_ATOM_NET
10
5819.88224
20
16.868785
30
0
0
VERTEX
8
AI4M_01_ATOM_NET
10
5804.495277
20
17.83356
30
0
0
VERTEX
8
AI4M_01_ATOM_NET
10
5789.467201
20
18.860124
30
0
0
VERTEX
8
AI4M_01_ATOM_NET
10
5774.29264
20
19.977973
30
0
0
VERTEX
8
AI4M_01_ATOM_NET
10
5759.276161
20
21.160338
30
0
0
VERTEX
8
AI4M_01_ATOM_NET
10
5744.265174
20
22.410863
30
0
0
VERTEX
8
AI4M_01_ATOM_NET
10
5728.923988
20
23.751739
30
0
0
VERTEX
8
AI4M_01_ATOM_NET
10
5713.922767
20
25.118258
30
0
0
VERTEX
8
AI4M_01_ATOM_NET
10
5698.926429
20
26.536277
30
0
0
VERTEX
8
AI4M_01_ATOM_NET
10
5683.538246
20
28.042815
30
0
0
VERTEX
8
AI4M_01_ATOM_NET
10
5668.25016
20
29.584887
30
0
0
VERTEX
8
AI4M_01_ATOM_NET
10
5653.069496
20
31.15146
30
0
0
VERTEX
8
AI4M_01_ATOM_NET
10
5637.977943
20
32.738831
30
0
0
VERTEX
8
AI4M_01_ATOM_NET
10
5626.043129
20
34.016374
30
0
0
SEQEND
8
AI4M_01_ATOM_NET
0
TEXT
8
AI4M_01_ATOM_NET
10
5972.280922
20
12.393821
30
0
40
2.5
1
AI4M_line_0165__seg_01_pattern_boundary_pattern_boundary
1001
AI4MANUFACTURING
1000
WRITEBACK_PHASE=01_ATOM_LABEL
1000
ENTITY_ID=line_0165__seg_01
999
AI4M_ENTITY=line_0168;LINE_ROLE=cut_line;EDGE=unknown;SOURCE_LAYER=11
0
POLYLINE
8
AI4M_01_ATOM_CUT
66
1
70
0
1001
AI4MANUFACTURING
1000
WRITEBACK_PHASE=01_ATOM
1000
ENTITY_ID=line_0168
1000
SOURCE_HANDLE=7BA
1000
LINE_ROLE=cut_line
1000
EDGE=unknown
1000
CHAIN=chain_ms1um5n3
1000
PIECE_ID=front_right_manual_01
1000
SEAM_PAIR=
1000
PAIRED_CHAIN=
1000
NOTCH_CHAIN=
1000
NOTCH_SOURCE=
1000
PIECE_ROLE=front_right
1000
SEAM_ALLOWANCE_MM=
1000
SOURCE_LAYER=11
0
VERTEX
8
AI4M_01_ATOM_CUT
10
5847.597694
20
295.49824
30
0
0
VERTEX
8
AI4M_01_ATOM_CUT
10
5847.597694
20
136.349681
30
0
0
SEQEND
8
AI4M_01_ATOM_CUT
0
TEXT
8
AI4M_01_ATOM_CUT
10
5847.597694
20
295.49824
30
0
40
2.5
1
AI4M_line_0168_cut_line_unknown
1001
AI4MANUFACTURING
1000
WRITEBACK_PHASE=01_ATOM_LABEL
1000
ENTITY_ID=line_0168
999
AI4M_ENTITY=line_0169;LINE_ROLE=cut_line;EDGE=unknown;SOURCE_LAYER=11
0
POLYLINE
8
AI4M_01_ATOM_CUT
66
1
70
0
1001
AI4MANUFACTURING
1000
WRITEBACK_PHASE=01_ATOM
1000
ENTITY_ID=line_0169
1000
SOURCE_HANDLE=7BB
1000
LINE_ROLE=cut_line
1000
EDGE=unknown
1000
CHAIN=chain_ms1um5n3
1000
PIECE_ID=front_right_manual_01
1000
SEAM_PAIR=
1000
PAIRED_CHAIN=
1000
NOTCH_CHAIN=
1000
NOTCH_SOURCE=
1000
PIECE_ROLE=front_right
1000
SEAM_ALLOWANCE_MM=
1000
SOURCE_LAYER=11
0
VERTEX
8
AI4M_01_ATOM_CUT
10
5847.597694
20
136.349681
30
0
0
VERTEX
8
AI4M_01_ATOM_CUT
10
5850.981341
20
156.061376
30
0
0
SEQEND
8
AI4M_01_ATOM_CUT
0
TEXT
8
AI4M_01_ATOM_CUT
10
5847.597694
20
136.349681
30
0
40
2.5
1
AI4M_line_0169_cut_line_unknown
1001
AI4MANUFACTURING
1000
WRITEBACK_PHASE=01_ATOM_LABEL
1000
ENTITY_ID=line_0169
999
AI4M_ENTITY=line_0170;LINE_ROLE=cut_line;EDGE=unknown;SOURCE_LAYER=11
0
POLYLINE
8
AI4M_01_ATOM_CUT
66
1
70
0
1001
AI4MANUFACTURING
1000
WRITEBACK_PHASE=01_ATOM
1000
ENTITY_ID=line_0170
1000
SOURCE_HANDLE=7BC
1000
LINE_ROLE=cut_line
1000
EDGE=unknown
1000
CHAIN=chain_ms1um5n3
1000
PIECE_ID=front_right_manual_01
1000
SEAM_PAIR=
1000
PAIRED_CHAIN=
1000
NOTCH_CHAIN=
1000
NOTCH_SOURCE=
1000
PIECE_ROLE=front_right
1000
SEAM_ALLOWANCE_MM=
1000
SOURCE_LAYER=11
0
VERTEX
8
AI4M_01_ATOM_CUT
10
5847.597694
20
136.349681
30
0
0
VERTEX
8
AI4M_01_ATOM_CUT
10
5847.597694
20
136.349681
30
0
0
SEQEND
8
AI4M_01_ATOM_CUT
0
TEXT
8
AI4M_01_ATOM_CUT
10
5847.597694
20
136.349681
30
0
40
2.5
1
AI4M_line_0170_cut_line_unknown
1001
AI4MANUFACTURING
1000
WRITEBACK_PHASE=01_ATOM_LABEL
1000
ENTITY_ID=line_0170
999
AI4M_ENTITY=line_0001;LINE_ROLE=cut_line;EDGE=unknown;SOURCE_LAYER=11
0
POLYLINE
8
AI4M_01_ATOM_CUT
66
1
70
0
1001
AI4MANUFACTURING
1000
WRITEBACK_PHASE=01_ATOM
1000
ENTITY_ID=line_0001
1000
SOURCE_HANDLE=100
1000
LINE_ROLE=cut_line
1000
EDGE=unknown
1000
CHAIN=chain_ms1um92k
1000
PIECE_ID=front_left_manual_01
1000
SEAM_PAIR=
1000
PAIRED_CHAIN=
1000
NOTCH_CHAIN=
1000
NOTCH_SOURCE=
1000
PIECE_ROLE=front_left
1000
SEAM_ALLOWANCE_MM=
1000
SOURCE_LAYER=11
0
VERTEX
8
AI4M_01_ATOM_CUT
10
6374.114418
20
12.393754
30
0
0
VERTEX
8
AI4M_01_ATOM_CUT
10
6374.114418
20
-2.606251
30
0
0
SEQEND
8
AI4M_01_ATOM_CUT
0
TEXT
8
AI4M_01_ATOM_CUT
10
6374.114418
20
12.393754
30
0
40
2.5
1
AI4M_line_0001_cut_line_unknown
1001
AI4MANUFACTURING
1000
WRITEBACK_PHASE=01_ATOM_LABEL
1000
ENTITY_ID=line_0001
999
AI4M_ENTITY=line_0002;LINE_ROLE=cut_line;EDGE=unknown;SOURCE_LAYER=11
0
POLYLINE
8
AI4M_01_ATOM_CUT
66
1
70
0
1001
AI4MANUFACTURING
1000
WRITEBACK_PHASE=01_ATOM
1000
ENTITY_ID=line_0002
1000
SOURCE_HANDLE=105
1000
LINE_ROLE=cut_line
1000
EDGE=unknown
1000
CHAIN=chain_ms1um92k
1000
PIECE_ID=front_left_manual_01
1000
SEAM_PAIR=
1000
PAIRED_CHAIN=
1000
NOTCH_CHAIN=
1000
NOTCH_SOURCE=
1000
PIECE_ROLE=front_left
1000
SEAM_ALLOWANCE_MM=
1000
SOURCE_LAYER=11
0
VERTEX
8
AI4M_01_ATOM_CUT
10
6374.114418
20
-2.606251
30
0
0
VERTEX
8
AI4M_01_ATOM_CUT
10
6359.098548
20
-2.606251
30
0
0
SEQEND
8
AI4M_01_ATOM_CUT
0
TEXT
8
AI4M_01_ATOM_CUT
10
6374.114418
20
-2.606251
30
0
40
2.5
1
AI4M_line_0002_cut_line_unknown
1001
AI4MANUFACTURING
1000
WRITEBACK_PHASE=01_ATOM_LABEL
1000
ENTITY_ID=line_0002
999
AI4M_ENTITY=line_0003;LINE_ROLE=cut_line;EDGE=unknown;SOURCE_LAYER=11
0
POLYLINE
8
AI4M_01_ATOM_CUT
66
1
70
0
1001
AI4MANUFACTURING
1000
WRITEBACK_PHASE=01_ATOM
1000
ENTITY_ID=line_0003
1000
SOURCE_HANDLE=10A
1000
LINE_ROLE=cut_line
1000
EDGE=unknown
1000
CHAIN=chain_ms1um92k
1000
PIECE_ID=front_left_manual_01
1000
SEAM_PAIR=
1000
PAIRED_CHAIN=
1000
NOTCH_CHAIN=
1000
NOTCH_SOURCE=
1000
PIECE_ROLE=front_left
1000
SEAM_ALLOWANCE_MM=
1000
SOURCE_LAYER=11
0
VERTEX
8
AI4M_01_ATOM_CUT
10
6359.098548
20
-2.606251
30
0
0
VERTEX
8
AI4M_01_ATOM_CUT
10
6346.113929
20
-2.597768
30
0
0
SEQEND
8
AI4M_01_ATOM_CUT
0
TEXT
8
AI4M_01_ATOM_CUT
10
6359.098548
20
-2.606251
30
0
40
2.5
1
AI4M_line_0003_cut_line_unknown
1001
AI4MANUFACTURING
1000
WRITEBACK_PHASE=01_ATOM_LABEL
1000
ENTITY_ID=line_0003
999
AI4M_ENTITY=line_0004;LINE_ROLE=cut_line;EDGE=unknown;SOURCE_LAYER=11
0
POLYLINE
8
AI4M_01_ATOM_CUT
66
1
70
0
1001
AI4MANUFACTURING
1000
WRITEBACK_PHASE=01_ATOM
1000
ENTITY_ID=line_0004
1000
SOURCE_HANDLE=10F
1000
LINE_ROLE=cut_line
1000
EDGE=unknown
1000
CHAIN=chain_ms1um92k
1000
PIECE_ID=front_left_manual_01
1000
SEAM_PAIR=
1000
PAIRED_CHAIN=
1000
NOTCH_CHAIN=
1000
NOTCH_SOURCE=
1000
PIECE_ROLE=front_left
1000
SEAM_ALLOWANCE_MM=
1000
SOURCE_LAYER=11
0
VERTEX
8
AI4M_01_ATOM_CUT
10
6346.113929
20
-2.597768
30
0
0
VERTEX
8
AI4M_01_ATOM_CUT
10
6318.114051
20
-2.616016
30
0
0
SEQEND
8
AI4M_01_ATOM_CUT
0
TEXT
8
AI4M_01_ATOM_CUT
10
6346.113929
20
-2.597768
30
0
40
2.5
1
AI4M_line_0004_cut_line_unknown
1001
AI4MANUFACTURING
1000
WRITEBACK_PHASE=01_ATOM_LABEL
1000
ENTITY_ID=line_0004
999
AI4M_ENTITY=line_0005__seg_01;LINE_ROLE=pattern_boundary;EDGE=pattern_boundary;SOURCE_LAYER=11
0
POLYLINE
8
AI4M_01_ATOM_NET
66
1
70
0
1001
AI4MANUFACTURING
1000
WRITEBACK_PHASE=01_ATOM
1000
ENTITY_ID=line_0005__seg_01
1000
SOURCE_HANDLE=114
1000
LINE_ROLE=pattern_boundary
1000
EDGE=pattern_boundary
1000
CHAIN=chain_ms1um92k
1000
PIECE_ID=front_left_manual_01
1000
SEAM_PAIR=
1000
PAIRED_CHAIN=
1000
NOTCH_CHAIN=
1000
NOTCH_SOURCE=
1000
PIECE_ROLE=front_left
1000
SEAM_ALLOWANCE_MM=
1000
SOURCE_LAYER=11
0
VERTEX
8
AI4M_01_ATOM_NET
10
6318.114051
20
-2.616016
30
0
0
VERTEX
8
AI4M_01_ATOM_NET
10
6318.114051
20
13.313475
30
0
0
VERTEX
8
AI4M_01_ATOM_NET
10
6318.114051
20
29.135036
30
0
0
VERTEX
8
AI4M_01_ATOM_NET
10
6318.114051
20
44.711118
30
0
0
VERTEX
8
AI4M_01_ATOM_NET
10
6318.114051
20
60.4257
30
0
0
VERTEX
8
AI4M_01_ATOM_NET
10
6318.114051
20
76.140283
30
0
0
VERTEX
8
AI4M_01_ATOM_NET
10
6318.114051
20
91.817885
30
0
0
VERTEX
8
AI4M_01_ATOM_NET
10
6318.114051
20
107.532466
30
0
0
VERTEX
8
AI4M_01_ATOM_NET
10
6318.114051
20
123.247049
30
0
0
VERTEX
8
AI4M_01_ATOM_NET
10
6318.114051
20
138.38284
30
0
0
VERTEX
8
AI4M_01_ATOM_NET
10
6318.114051
20
154.097424
30
0
0
VERTEX
8
AI4M_01_ATOM_NET
10
6318.114051
20
169.812007
30
0
0
VERTEX
8
AI4M_01_ATOM_NET
10
6318.114051
20
185.238887
30
0
0
VERTEX
8
AI4M_01_ATOM_NET
10
6318.114051
20
200.953468
30
0
0
VERTEX
8
AI4M_01_ATOM_NET
10
6318.114051
20
216.668048
30
0
0
VERTEX
8
AI4M_01_ATOM_NET
10
6318.114051
20
232.094887
30
0
0
VERTEX
8
AI4M_01_ATOM_NET
10
6318.114051
20
247.809467
30
0
0
VERTEX
8
AI4M_01_ATOM_NET
10
6318.114051
20
263.524046
30
0
0
VERTEX
8
AI4M_01_ATOM_NET
10
6318.114051
20
279.238626
30
0
0
VERTEX
8
AI4M_01_ATOM_NET
10
6318.114051
20
294.665391
30
0
0
VERTEX
8
AI4M_01_ATOM_NET
10
6318.114051
20
310.379972
30
0
0
VERTEX
8
AI4M_01_ATOM_NET
10
6318.114051
20
326.094553
30
0
0
VERTEX
8
AI4M_01_ATOM_NET
10
6318.114051
20
341.449221
30
0
0
VERTEX
8
AI4M_01_ATOM_NET
10
6318.114051
20
357.163802
30
0
0
VERTEX
8
AI4M_01_ATOM_NET
10
6318.114051
20
372.878382
30
0
0
VERTEX
8
AI4M_01_ATOM_NET
10
6318.114051
20
388.232933
30
0
0
VERTEX
8
AI4M_01_ATOM_NET
10
6318.114051
20
403.947512
30
0
0
VERTEX
8
AI4M_01_ATOM_NET
10
6318.114051
20
419.662092
30
0
0
VERTEX
8
AI4M_01_ATOM_NET
10
6318.114051
20
435.016646
30
0
0
VERTEX
8
AI4M_01_ATOM_NET
10
6318.114051
20
450.731232
30
0
0
VERTEX
8
AI4M_01_ATOM_NET
10
6318.114051
20
466.445819
30
0
0
VERTEX
8
AI4M_01_ATOM_NET
10
6318.114051
20
481.800416
30
0
0
VERTEX
8
AI4M_01_ATOM_NET
10
6318.114051
20
497.515001
30
0
0
VERTEX
8
AI4M_01_ATOM_NET
10
6318.114051
20
513.229584
30
0
0
VERTEX
8
AI4M_01_ATOM_NET
10
6318.114051
20
528.944165
30
0
0
VERTEX
8
AI4M_01_ATOM_NET
10
6318.114051
20
544.69562
30
0
0
VERTEX
8
AI4M_01_ATOM_NET
10
6318.114051
20
560.120948
30
0
0
VERTEX
8
AI4M_01_ATOM_NET
10
6318.114051
20
574.98061
30
0
0
VERTEX
8
AI4M_01_ATOM_NET
10
6318.114051
20
588.099292
30
0
0
SEQEND
8
AI4M_01_ATOM_NET
0
TEXT
8
AI4M_01_ATOM_NET
10
6318.114051
20
-2.616016
30
0
40
2.5
1
AI4M_line_0005__seg_01_pattern_boundary_pattern_boundary
1001
AI4MANUFACTURING
1000
WRITEBACK_PHASE=01_ATOM_LABEL
1000
ENTITY_ID=line_0005__seg_01
999
AI4M_ENTITY=line_0006__seg_01;LINE_ROLE=cut_line;EDGE=unknown;SOURCE_LAYER=11
0
POLYLINE
8
AI4M_01_ATOM_CUT
66
1
70
0
1001
AI4MANUFACTURING
1000
WRITEBACK_PHASE=01_ATOM
1000
ENTITY_ID=line_0006__seg_01
1000
SOURCE_HANDLE=13E
1000
LINE_ROLE=cut_line
1000
EDGE=unknown
1000
CHAIN=chain_ms1um92k
1000
PIECE_ID=front_left_manual_01
1000
SEAM_PAIR=
1000
PAIRED_CHAIN=
1000
NOTCH_CHAIN=
1000
NOTCH_SOURCE=
1000
PIECE_ROLE=front_left
1000
SEAM_ALLOWANCE_MM=
1000
SOURCE_LAYER=11
0
VERTEX
8
AI4M_01_ATOM_CUT
10
6318.114051
20
588.099292
30
0
0
VERTEX
8
AI4M_01_ATOM_CUT
10
6327.16557
20
588.704613
30
0
0
VERTEX
8
AI4M_01_ATOM_CUT
10
6335.223636
20
589.49401
30
0
0
VERTEX
8
AI4M_01_ATOM_CUT
10
6342.165406
20
590.40619
30
0
0
VERTEX
8
AI4M_01_ATOM_CUT
10
6346.113929
20
591.025928
30
0
0
SEQEND
8
AI4M_01_ATOM_CUT
0
TEXT
8
AI4M_01_ATOM_CUT
10
6318.114051
20
588.099292
30
0
40
2.5
1
AI4M_line_0006__seg_01_cut_line_unknown
1001
AI4MANUFACTURING
1000
WRITEBACK_PHASE=01_ATOM_LABEL
1000
ENTITY_ID=line_0006__seg_01
999
AI4M_ENTITY=line_0007__seg_01;LINE_ROLE=cut_line;EDGE=unknown;SOURCE_LAYER=11
0
POLYLINE
8
AI4M_01_ATOM_CUT
66
1
70
0
1001
AI4MANUFACTURING
1000
WRITEBACK_PHASE=01_ATOM
1000
ENTITY_ID=line_0007__seg_01
1000
SOURCE_HANDLE=146
1000
LINE_ROLE=cut_line
1000
EDGE=unknown
1000
CHAIN=chain_ms1um92k
1000
PIECE_ID=front_left_manual_01
1000
SEAM_PAIR=
1000
PAIRED_CHAIN=
1000
NOTCH_CHAIN=
1000
NOTCH_SOURCE=
1000
PIECE_ROLE=front_left
1000
SEAM_ALLOWANCE_MM=
1000
SOURCE_LAYER=11
0
VERTEX
8
AI4M_01_ATOM_CUT
10
6346.113929
20
591.025928
30
0
0
VERTEX
8
AI4M_01_ATOM_CUT
10
6352.144466
20
590.112755
30
0
0
VERTEX
8
AI4M_01_ATOM_CUT
10
6357.574349
20
589.582125
30
0
0
VERTEX
8
AI4M_01_ATOM_CUT
10
6359.489173
20
589.449923
30
0
0
SEQEND
8
AI4M_01_ATOM_CUT
0
TEXT
8
AI4M_01_ATOM_CUT
10
6346.113929
20
591.025928
30
0
40
2.5
1
AI4M_line_0007__seg_01_cut_line_unknown
1001
AI4MANUFACTURING
1000
WRITEBACK_PHASE=01_ATOM_LABEL
1000
ENTITY_ID=line_0007__seg_01
999
AI4M_ENTITY=line_0008__seg_01;LINE_ROLE=cut_line;EDGE=unknown;SOURCE_LAYER=11
0
POLYLINE
8
AI4M_01_ATOM_CUT
66
1
70
0
1001
AI4MANUFACTURING
1000
WRITEBACK_PHASE=01_ATOM
1000
ENTITY_ID=line_0008__seg_01
1000
SOURCE_HANDLE=14D
1000
LINE_ROLE=cut_line
1000
EDGE=unknown
1000
CHAIN=chain_ms1um92k
1000
PIECE_ID=front_left_manual_01
1000
SEAM_PAIR=
1000
PAIRED_CHAIN=
1000
NOTCH_CHAIN=
1000
NOTCH_SOURCE=
1000
PIECE_ROLE=front_left
1000
SEAM_ALLOWANCE_MM=
1000
SOURCE_LAYER=11
0
VERTEX
8
AI4M_01_ATOM_CUT
10
6359.489173
20
589.449923
30
0
0
VERTEX
8
AI4M_01_ATOM_CUT
10
6366.858884
20
589.312161
30
0
0
VERTEX
8
AI4M_01_ATOM_CUT
10
6372.775177
20
589.466568
30
0
0
VERTEX
8
AI4M_01_ATOM_CUT
10
6374.114418
20
589.531253
30
0
0
SEQEND
8
AI4M_01_ATOM_CUT
0
TEXT
8
AI4M_01_ATOM_CUT
10
6359.489173
20
589.449923
30
0
40
2.5
1
AI4M_line_0008__seg_01_cut_line_unknown
1001
AI4MANUFACTURING
1000
WRITEBACK_PHASE=01_ATOM_LABEL
1000
ENTITY_ID=line_0008__seg_01
999
AI4M_ENTITY=line_0009;LINE_ROLE=cut_line;EDGE=unknown;SOURCE_LAYER=11
0
POLYLINE
8
AI4M_01_ATOM_CUT
66
1
70
0
1001
AI4MANUFACTURING
1000
WRITEBACK_PHASE=01_ATOM
1000
ENTITY_ID=line_0009
1000
SOURCE_HANDLE=154
1000
LINE_ROLE=cut_line
1000
EDGE=unknown
1000
CHAIN=chain_ms1um92k
1000
PIECE_ID=front_left_manual_01
1000
SEAM_PAIR=
1000
PAIRED_CHAIN=
1000
NOTCH_CHAIN=
1000
NOTCH_SOURCE=
1000
PIECE_ROLE=front_left
1000
SEAM_ALLOWANCE_MM=
1000
SOURCE_LAYER=11
0
VERTEX
8
AI4M_01_ATOM_CUT
10
6374.106884
20
592.031222
30
0
0
VERTEX
8
AI4M_01_ATOM_CUT
10
6374.121195
20
587.031242
30
0
0
SEQEND
8
AI4M_01_ATOM_CUT
0
TEXT
8
AI4M_01_ATOM_CUT
10
6374.106884
20
592.031222
30
0
40
2.5
1
AI4M_line_0009_cut_line_unknown
1001
AI4MANUFACTURING
1000
WRITEBACK_PHASE=01_ATOM_LABEL
1000
ENTITY_ID=line_0009
999
AI4M_ENTITY=line_0010__seg_01;LINE_ROLE=cut_line;EDGE=unknown;SOURCE_LAYER=11
0
POLYLINE
8
AI4M_01_ATOM_CUT
66
1
70
0
1001
AI4MANUFACTURING
1000
WRITEBACK_PHASE=01_ATOM
1000
ENTITY_ID=line_0010__seg_01
1000
SOURCE_HANDLE=155
1000
LINE_ROLE=cut_line
1000
EDGE=unknown
1000
CHAIN=chain_ms1um92k
1000
PIECE_ID=front_left_manual_01
1000
SEAM_PAIR=
1000
PAIRED_CHAIN=
1000
NOTCH_CHAIN=
1000
NOTCH_SOURCE=
1000
PIECE_ROLE=front_left
1000
SEAM_ALLOWANCE_MM=
1000
SOURCE_LAYER=11
0
VERTEX
8
AI4M_01_ATOM_CUT
10
6374.114418
20
589.531253
30
0
0
VERTEX
8
AI4M_01_ATOM_CUT
10
6381.183891
20
589.313029
30
0
0
VERTEX
8
AI4M_01_ATOM_CUT
10
6387.654887
20
589.409383
30
0
0
VERTEX
8
AI4M_01_ATOM_CUT
10
6388.75309
20
589.450076
30
0
0
SEQEND
8
AI4M_01_ATOM_CUT
0
TEXT
8
AI4M_01_ATOM_CUT
10
6374.114418
20
589.531253
30
0
40
2.5
1
AI4M_line_0010__seg_01_cut_line_unknown
1001
AI4MANUFACTURING
1000
WRITEBACK_PHASE=01_ATOM_LABEL
1000
ENTITY_ID=line_0010__seg_01
999
AI4M_ENTITY=line_0011__seg_01;LINE_ROLE=cut_line;EDGE=unknown;SOURCE_LAYER=11
0
POLYLINE
8
AI4M_01_ATOM_CUT
66
1
70
0
1001
AI4MANUFACTURING
1000
WRITEBACK_PHASE=01_ATOM
1000
ENTITY_ID=line_0011__seg_01
1000
SOURCE_HANDLE=15C
1000
LINE_ROLE=cut_line
1000
EDGE=unknown
1000
CHAIN=chain_ms1um92k
1000
PIECE_ID=front_left_manual_01
1000
SEAM_PAIR=
1000
PAIRED_CHAIN=
1000
NOTCH_CHAIN=
1000
NOTCH_SOURCE=
1000
PIECE_ROLE=front_left
1000
SEAM_ALLOWANCE_MM=
1000
SOURCE_LAYER=11
0
VERTEX
8
AI4M_01_ATOM_CUT
10
6388.75309
20
589.450076
30
0
0
VERTEX
8
AI4M_01_ATOM_CUT
10
6396.769292
20
590.19703
30
0
0
VERTEX
8
AI4M_01_ATOM_CUT
10
6401.167842
20
590.824617
30
0
0
VERTEX
8
AI4M_01_ATOM_CUT
10
6405.137231
20
591.645407
30
0
0
VERTEX
8
AI4M_01_ATOM_CUT
10
6409.035447
20
592.698741
30
0
0
VERTEX
8
AI4M_01_ATOM_CUT
10
6412.846801
20
593.981721
30
0
0
VERTEX
8
AI4M_01_ATOM_CUT
10
6416.602133
20
595.504532
30
0
0
VERTEX
8
AI4M_01_ATOM_CUT
10
6420.375978
20
597.301689
30
0
0
VERTEX
8
AI4M_01_ATOM_CUT
10
6424.011201
20
599.302632
30
0
0
VERTEX
8
AI4M_01_ATOM_CUT
10
6427.57135
20
601.540083
30
0
0
VERTEX
8
AI4M_01_ATOM_CUT
10
6431.072236
20
604.034819
30
0
0
VERTEX
8
AI4M_01_ATOM_CUT
10
6434.361839
20
606.681401
30
0
0
VERTEX
8
AI4M_01_ATOM_CUT
10
6437.437954
20
609.466861
30
0
0
VERTEX
8
AI4M_01_ATOM_CUT
10
6440.319024
20
612.398929
30
0
0
VERTEX
8
AI4M_01_ATOM_CUT
10
6443.003878
20
615.48194
30
0
0
VERTEX
8
AI4M_01_ATOM_CUT
10
6445.474477
20
618.696863
30
0
0
VERTEX
8
AI4M_01_ATOM_CUT
10
6447.665943
20
621.94987
30
0
0
VERTEX
8
AI4M_01_ATOM_CUT
10
6449.61643
20
625.281228
30
0
0
VERTEX
8
AI4M_01_ATOM_CUT
10
6451.433488
20
628.876173
30
0
0
VERTEX
8
AI4M_01_ATOM_CUT
10
6453.177797
20
632.886941
30
0
0
VERTEX
8
AI4M_01_ATOM_CUT
10
6454.862097
20
637.394725
30
0
0
VERTEX
8
AI4M_01_ATOM_CUT
10
6456.359799
20
642.083115
30
0
0
VERTEX
8
AI4M_01_ATOM_CUT
10
6457.633859
20
646.879707
30
0
0
VERTEX
8
AI4M_01_ATOM_CUT
10
6458.761515
20
652.129445
30
0
0
VERTEX
8
AI4M_01_ATOM_CUT
10
6459.920692
20
658.838809
30
0
0
SEQEND
8
AI4M_01_ATOM_CUT
0
TEXT
8
AI4M_01_ATOM_CUT
10
6388.75309
20
589.450076
30
0
40
2.5
1
AI4M_line_0011__seg_01_cut_line_unknown
1001
AI4MANUFACTURING
1000
WRITEBACK_PHASE=01_ATOM_LABEL
1000
ENTITY_ID=line_0011__seg_01
999
AI4M_ENTITY=line_0012;LINE_ROLE=cut_line;EDGE=unknown;SOURCE_LAYER=11
0
POLYLINE
8
AI4M_01_ATOM_CUT
66
1
70
0
1001
AI4MANUFACTURING
1000
WRITEBACK_PHASE=01_ATOM
1000
ENTITY_ID=line_0012
1000
SOURCE_HANDLE=178
1000
LINE_ROLE=cut_line
1000
EDGE=unknown
1000
CHAIN=chain_ms1um92k
1000
PIECE_ID=front_left_manual_01
1000
SEAM_PAIR=
1000
PAIRED_CHAIN=
1000
NOTCH_CHAIN=
1000
NOTCH_SOURCE=
1000
PIECE_ROLE=front_left
1000
SEAM_ALLOWANCE_MM=
1000
SOURCE_LAYER=11
0
VERTEX
8
AI4M_01_ATOM_CUT
10
6436.00651
20
611.558224
30
0
0
VERTEX
8
AI4M_01_ATOM_CUT
10
6439.602606
20
608.084308
30
0
0
SEQEND
8
AI4M_01_ATOM_CUT
0
TEXT
8
AI4M_01_ATOM_CUT
10
6436.00651
20
611.558224
30
0
40
2.5
1
AI4M_line_0012_cut_line_unknown
1001
AI4MANUFACTURING
1000
WRITEBACK_PHASE=01_ATOM_LABEL
1000
ENTITY_ID=line_0012
999
AI4M_ENTITY=line_0013;LINE_ROLE=cut_line;EDGE=unknown;SOURCE_LAYER=11
0
POLYLINE
8
AI4M_01_ATOM_CUT
66
1
70
0
1001
AI4MANUFACTURING
1000
WRITEBACK_PHASE=01_ATOM
1000
ENTITY_ID=line_0013
1000
SOURCE_HANDLE=179
1000
LINE_ROLE=cut_line
1000
EDGE=unknown
1000
CHAIN=chain_ms1um92k
1000
PIECE_ID=front_left_manual_01
1000
SEAM_PAIR=
1000
PAIRED_CHAIN=
1000
NOTCH_CHAIN=
1000
NOTCH_SOURCE=
1000
PIECE_ROLE=front_left
1000
SEAM_ALLOWANCE_MM=
1000
SOURCE_LAYER=11
0
VERTEX
8
AI4M_01_ATOM_CUT
10
6459.920692
20
658.838809
30
0
0
VERTEX
8
AI4M_01_ATOM_CUT
10
6460.369911
20
668.316577
30
0
0
SEQEND
8
AI4M_01_ATOM_CUT
0
TEXT
8
AI4M_01_ATOM_CUT
10
6459.920692
20
658.838809
30
0
40
2.5
1
AI4M_line_0013_cut_line_unknown
1001
AI4MANUFACTURING
1000
WRITEBACK_PHASE=01_ATOM_LABEL
1000
ENTITY_ID=line_0013
999
AI4M_ENTITY=line_0014__seg_01;LINE_ROLE=pattern_boundary;EDGE=pattern_boundary;SOURCE_LAYER=11
0
POLYLINE
8
AI4M_01_ATOM_NET
66
1
70
0
1001
AI4MANUFACTURING
1000
WRITEBACK_PHASE=01_ATOM
1000
ENTITY_ID=line_0014__seg_01
1000
SOURCE_HANDLE=17E
1000
LINE_ROLE=pattern_boundary
1000
EDGE=pattern_boundary
1000
CHAIN=chain_ms1um92k
1000
PIECE_ID=front_left_manual_01
1000
SEAM_PAIR=
1000
PAIRED_CHAIN=
1000
NOTCH_CHAIN=
1000
NOTCH_SOURCE=
1000
PIECE_ROLE=front_left
1000
SEAM_ALLOWANCE_MM=
1000
SOURCE_LAYER=11
0
VERTEX
8
AI4M_01_ATOM_NET
10
6460.369911
20
668.316577
30
0
0
VERTEX
8
AI4M_01_ATOM_NET
10
6475.370446
20
664.866352
30
0
0
VERTEX
8
AI4M_01_ATOM_NET
10
6490.068137
20
661.561543
30
0
0
VERTEX
8
AI4M_01_ATOM_NET
10
6505.00069
20
658.09446
30
0
0
VERTEX
8
AI4M_01_ATOM_NET
10
6519.622108
20
654.466407
30
0
0
VERTEX
8
AI4M_01_ATOM_NET
10
6533.517519
20
650.769143
30
0
0
VERTEX
8
AI4M_01_ATOM_NET
10
6547.187712
20
646.870144
30
0
0
VERTEX
8
AI4M_01_ATOM_NET
10
6561.836412
20
642.533543
30
0
0
VERTEX
8
AI4M_01_ATOM_NET
10
6576.271349
20
638.217746
30
0
0
VERTEX
8
AI4M_01_ATOM_NET
10
6586.471585
20
634.972947
30
0
0
VERTEX
8
AI4M_01_ATOM_NET
10
6601.122607
20
629.976065
30
0
0
VERTEX
8
AI4M_01_ATOM_NET
10
6608.336843
20
627.23821
30
0
0
VERTEX
8
AI4M_01_ATOM_NET
10
6620.319182
20
622.343575
30
0
0
VERTEX
8
AI4M_01_ATOM_NET
10
6632.247079
20
617.208368
30
0
0
VERTEX
8
AI4M_01_ATOM_NET
10
6646.160797
20
610.946962
30
0
0
VERTEX
8
AI4M_01_ATOM_NET
10
6659.83499
20
604.625349
30
0
0
VERTEX
8
AI4M_01_ATOM_NET
10
6673.61512
20
598.101351
30
0
0
VERTEX
8
AI4M_01_ATOM_NET
10
6687.170301
20
591.528696
30
0
0
VERTEX
8
AI4M_01_ATOM_NET
10
6700.620996
20
584.85237
30
0
0
VERTEX
8
AI4M_01_ATOM_NET
10
6714.063541
20
578.052331
30
0
0
VERTEX
8
AI4M_01_ATOM_NET
10
6727.706968
20
571.070172
30
0
0
VERTEX
8
AI4M_01_ATOM_NET
10
6741.098624
20
564.170536
30
0
0
VERTEX
8
AI4M_01_ATOM_NET
10
6754.475366
20
557.242251
30
0
0
VERTEX
8
AI4M_01_ATOM_NET
10
6767.851952
20
550.285732
30
0
0
VERTEX
8
AI4M_01_ATOM_NET
10
6781.349104
20
543.253753
30
0
0
VERTEX
8
AI4M_01_ATOM_NET
10
6794.709214
20
536.293431
30
0
0
VERTEX
8
AI4M_01_ATOM_NET
10
6808.069869
20
529.334045
30
0
0
VERTEX
8
AI4M_01_ATOM_NET
10
6821.611373
20
522.282604
30
0
0
VERTEX
8
AI4M_01_ATOM_NET
10
6834.974073
20
515.32712
30
0
0
VERTEX
8
AI4M_01_ATOM_NET
10
6848.338202
20
508.374363
30
0
0
VERTEX
8
AI4M_01_ATOM_NET
10
6861.670389
20
501.442239
30
0
0
VERTEX
8
AI4M_01_ATOM_NET
10
6875.03663
20
494.493486
30
0
0
VERTEX
8
AI4M_01_ATOM_NET
10
6885.307655
20
489.15047
30
0
0
SEQEND
8
AI4M_01_ATOM_NET
0
TEXT
8
AI4M_01_ATOM_NET
10
6460.369911
20
668.316577
30
0
40
2.5
1
AI4M_line_0014__seg_01_pattern_boundary_pattern_boundary
1001
AI4MANUFACTURING
1000
WRITEBACK_PHASE=01_ATOM_LABEL
1000
ENTITY_ID=line_0014__seg_01
999
AI4M_ENTITY=line_0015;LINE_ROLE=cut_line;EDGE=unknown;SOURCE_LAYER=11
0
POLYLINE
8
AI4M_01_ATOM_CUT
66
1
70
0
1001
AI4MANUFACTURING
1000
WRITEBACK_PHASE=01_ATOM
1000
ENTITY_ID=line_0015
1000
SOURCE_HANDLE=1A2
1000
LINE_ROLE=cut_line
1000
EDGE=unknown
1000
CHAIN=chain_ms1um92k
1000
PIECE_ID=front_left_manual_01
1000
SEAM_PAIR=
1000
PAIRED_CHAIN=
1000
NOTCH_CHAIN=
1000
NOTCH_SOURCE=
1000
PIECE_ROLE=front_left
1000
SEAM_ALLOWANCE_MM=
1000
SOURCE_LAYER=11
0
VERTEX
8
AI4M_01_ATOM_CUT
10
6596.95268
20
634.058111
30
0
0
VERTEX
8
AI4M_01_ATOM_CUT
10
6595.3463
20
629.323184
30
0
0
SEQEND
8
AI4M_01_ATOM_CUT
0
TEXT
8
AI4M_01_ATOM_CUT
10
6596.95268
20
634.058111
30
0
40
2.5
1
AI4M_line_0015_cut_line_unknown
1001
AI4MANUFACTURING
1000
WRITEBACK_PHASE=01_ATOM_LABEL
1000
ENTITY_ID=line_0015
999
AI4M_ENTITY=line_0016;LINE_ROLE=cut_line;EDGE=unknown;SOURCE_LAYER=11
0
POLYLINE
8
AI4M_01_ATOM_CUT
66
1
70
0
1001
AI4MANUFACTURING
1000
WRITEBACK_PHASE=01_ATOM
1000
ENTITY_ID=line_0016
1000
SOURCE_HANDLE=1A3
1000
LINE_ROLE=cut_line
1000
EDGE=unknown
1000
CHAIN=chain_ms1um92k
1000
PIECE_ID=front_left_manual_01
1000
SEAM_PAIR=
1000
PAIRED_CHAIN=
1000
NOTCH_CHAIN=
1000
NOTCH_SOURCE=
1000
PIECE_ROLE=front_left
1000
SEAM_ALLOWANCE_MM=
1000
SOURCE_LAYER=11
0
VERTEX
8
AI4M_01_ATOM_CUT
10
6771.099585
20
551.412744
30
0
0
VERTEX
8
AI4M_01_ATOM_CUT
10
6768.78927
20
546.978508
30
0
0
SEQEND
8
AI4M_01_ATOM_CUT
0
TEXT
8
AI4M_01_ATOM_CUT
10
6771.099585
20
551.412744
30
0
40
2.5
1
AI4M_line_0016_cut_line_unknown
1001
AI4MANUFACTURING
1000
WRITEBACK_PHASE=01_ATOM_LABEL
1000
ENTITY_ID=line_0016
999
AI4M_ENTITY=line_0017;LINE_ROLE=pattern_boundary;EDGE=pattern_boundary;SOURCE_LAYER=11
0
POLYLINE
8
AI4M_01_ATOM_NET
66
1
70
0
1001
AI4MANUFACTURING
1000
WRITEBACK_PHASE=01_ATOM
1000
ENTITY_ID=line_0017
1000
SOURCE_HANDLE=1A4
1000
LINE_ROLE=pattern_boundary
1000
EDGE=pattern_boundary
1000
CHAIN=chain_ms1um92k
1000
PIECE_ID=front_left_manual_01
1000
SEAM_PAIR=
1000
PAIRED_CHAIN=
1000
NOTCH_CHAIN=
1000
NOTCH_SOURCE=
1000
PIECE_ROLE=front_left
1000
SEAM_ALLOWANCE_MM=
1000
SOURCE_LAYER=11
0
VERTEX
8
AI4M_01_ATOM_NET
10
6885.307655
20
489.15047
30
0
0
VERTEX
8
AI4M_01_ATOM_NET
10
6880.692176
20
480.281718
30
0
0
SEQEND
8
AI4M_01_ATOM_NET
0
TEXT
8
AI4M_01_ATOM_NET
10
6885.307655
20
489.15047
30
0
40
2.5
1
AI4M_line_0017_pattern_boundary_pattern_boundary
1001
AI4MANUFACTURING
1000
WRITEBACK_PHASE=01_ATOM_LABEL
1000
ENTITY_ID=line_0017
999
AI4M_ENTITY=line_0018__seg_01;LINE_ROLE=pattern_boundary;EDGE=pattern_boundary;SOURCE_LAYER=11
0
POLYLINE
8
AI4M_01_ATOM_NET
66
1
70
0
1001
AI4MANUFACTURING
1000
WRITEBACK_PHASE=01_ATOM
1000
ENTITY_ID=line_0018__seg_01
1000
SOURCE_HANDLE=1A9
1000
LINE_ROLE=pattern_boundary
1000
EDGE=pattern_boundary
1000
CHAIN=chain_ms1um92k
1000
PIECE_ID=front_left_manual_01
1000
SEAM_PAIR=
1000
PAIRED_CHAIN=
1000
NOTCH_CHAIN=
1000
NOTCH_SOURCE=
1000
PIECE_ROLE=front_left
1000
SEAM_ALLOWANCE_MM=
1000
SOURCE_LAYER=11
0
VERTEX
8
AI4M_01_ATOM_NET
10
6880.692176
20
480.281718
30
0
0
VERTEX
8
AI4M_01_ATOM_NET
10
6874.868203
20
465.914237
30
0
0
VERTEX
8
AI4M_01_ATOM_NET
10
6869.205134
20
451.679753
30
0
0
VERTEX
8
AI4M_01_ATOM_NET
10
6863.733926
20
437.573519
30
0
0
VERTEX
8
AI4M_01_ATOM_NET
10
6858.320935
20
423.241199
30
0
0
VERTEX
8
AI4M_01_ATOM_NET
10
6853.023064
20
408.845568
30
0
0
VERTEX
8
AI4M_01_ATOM_NET
10
6847.865493
20
394.39235
30
0
0
VERTEX
8
AI4M_01_ATOM_NET
10
6842.884913
20
379.90414
30
0
0
VERTEX
8
AI4M_01_ATOM_NET
10
6838.08363
20
365.32413
30
0
0
VERTEX
8
AI4M_01_ATOM_NET
10
6833.550706
20
350.906639
30
0
0
VERTEX
8
AI4M_01_ATOM_NET
10
6829.154773
20
336.230528
30
0
0
VERTEX
8
AI4M_01_ATOM_NET
10
6825.025068
20
321.698158
30
0
0
VERTEX
8
AI4M_01_ATOM_NET
10
6821.096898
20
307.118693
30
0
0
VERTEX
8
AI4M_01_ATOM_NET
10
6817.317725
20
292.271662
30
0
0
VERTEX
8
AI4M_01_ATOM_NET
10
6813.859654
20
277.67431
30
0
0
VERTEX
8
AI4M_01_ATOM_NET
10
6810.426984
20
263.027588
30
0
0
VERTEX
8
AI4M_01_ATOM_NET
10
6809.453773
20
258.691676
30
0
0
SEQEND
8
AI4M_01_ATOM_NET
0
TEXT
8
AI4M_01_ATOM_NET
10
6880.692176
20
480.281718
30
0
40
2.5
1
AI4M_line_0018__seg_01_pattern_boundary_pattern_boundary
1001
AI4MANUFACTURING
1000
WRITEBACK_PHASE=01_ATOM_LABEL
1000
ENTITY_ID=line_0018__seg_01
999
AI4M_ENTITY=line_0019;LINE_ROLE=pattern_boundary;EDGE=pattern_boundary;SOURCE_LAYER=11
0
POLYLINE
8
AI4M_01_ATOM_NET
66
1
70
0
1001
AI4MANUFACTURING
1000
WRITEBACK_PHASE=01_ATOM
1000
ENTITY_ID=line_0019
1000
SOURCE_HANDLE=1BD
1000
LINE_ROLE=pattern_boundary
1000
EDGE=pattern_boundary
1000
CHAIN=chain_ms1um92k
1000
PIECE_ID=front_left_manual_01
1000
SEAM_PAIR=
1000
PAIRED_CHAIN=
1000
NOTCH_CHAIN=
1000
NOTCH_SOURCE=
1000
PIECE_ROLE=front_left
1000
SEAM_ALLOWANCE_MM=
1000
SOURCE_LAYER=11
0
VERTEX
8
AI4M_01_ATOM_NET
10
6815.788338
20
274.944273
30
0
0
VERTEX
8
AI4M_01_ATOM_NET
10
6810.920047
20
276.084335
30
0
0
SEQEND
8
AI4M_01_ATOM_NET
0
TEXT
8
AI4M_01_ATOM_NET
10
6815.788338
20
274.944273
30
0
40
2.5
1
AI4M_line_0019_pattern_boundary_pattern_boundary
1001
AI4MANUFACTURING
1000
WRITEBACK_PHASE=01_ATOM_LABEL
1000
ENTITY_ID=line_0019
999
AI4M_ENTITY=line_0020;LINE_ROLE=pattern_boundary;EDGE=pattern_boundary;SOURCE_LAYER=11
0
POLYLINE
8
AI4M_01_ATOM_NET
66
1
70
0
1001
AI4MANUFACTURING
1000
WRITEBACK_PHASE=01_ATOM
1000
ENTITY_ID=line_0020
1000
SOURCE_HANDLE=1BE
1000
LINE_ROLE=pattern_boundary
1000
EDGE=pattern_boundary
1000
CHAIN=chain_ms1um92k
1000
PIECE_ID=front_left_manual_01
1000
SEAM_PAIR=
1000
PAIRED_CHAIN=
1000
NOTCH_CHAIN=
1000
NOTCH_SOURCE=
1000
PIECE_ROLE=front_left
1000
SEAM_ALLOWANCE_MM=
1000
SOURCE_LAYER=11
0
VERTEX
8
AI4M_01_ATOM_NET
10
6809.453773
20
258.691676
30
0
0
VERTEX
8
AI4M_01_ATOM_NET
10
6813.555336
20
248.701289
30
0
0
SEQEND
8
AI4M_01_ATOM_NET
0
TEXT
8
AI4M_01_ATOM_NET
10
6809.453773
20
258.691676
30
0
40
2.5
1
AI4M_line_0020_pattern_boundary_pattern_boundary
1001
AI4MANUFACTURING
1000
WRITEBACK_PHASE=01_ATOM_LABEL
1000
ENTITY_ID=line_0020
999
AI4M_ENTITY=line_0021__seg_01;LINE_ROLE=cut_line;EDGE=unknown;SOURCE_LAYER=11
0
POLYLINE
8
AI4M_01_ATOM_CUT
66
1
70
0
1001
AI4MANUFACTURING
1000
WRITEBACK_PHASE=01_ATOM
1000
ENTITY_ID=line_0021__seg_01
1000
SOURCE_HANDLE=1C3
1000
LINE_ROLE=cut_line
1000
EDGE=unknown
1000
CHAIN=chain_ms1um92k
1000
PIECE_ID=front_left_manual_01
1000
SEAM_PAIR=
1000
PAIRED_CHAIN=
1000
NOTCH_CHAIN=
1000
NOTCH_SOURCE=
1000
PIECE_ROLE=front_left
1000
SEAM_ALLOWANCE_MM=
1000
SOURCE_LAYER=11
0
VERTEX
8
AI4M_01_ATOM_CUT
10
6813.555336
20
248.701289
30
0
0
VERTEX
8
AI4M_01_ATOM_CUT
10
6798.396484
20
248.354705
30
0
0
VERTEX
8
AI4M_01_ATOM_CUT
10
6793.062504
20
247.970509
30
0
0
VERTEX
8
AI4M_01_ATOM_CUT
10
6790.526161
20
247.716144
30
0
0
SEQEND
8
AI4M_01_ATOM_CUT
0
TEXT
8
AI4M_01_ATOM_CUT
10
6813.555336
20
248.701289
30
0
40
2.5
1
AI4M_line_0021__seg_01_cut_line_unknown
1001
AI4MANUFACTURING
1000
WRITEBACK_PHASE=01_ATOM_LABEL
1000
ENTITY_ID=line_0021__seg_01
999
AI4M_ENTITY=line_0022__seg_01;LINE_ROLE=pattern_boundary;EDGE=pattern_boundary;SOURCE_LAYER=11
0
POLYLINE
8
AI4M_01_ATOM_NET
66
1
70
0
1001
AI4MANUFACTURING
1000
WRITEBACK_PHASE=01_ATOM
1000
ENTITY_ID=line_0022__seg_01
1000
SOURCE_HANDLE=1CA
1000
LINE_ROLE=pattern_boundary
1000
EDGE=pattern_boundary
1000
CHAIN=chain_ms1um92k
1000
PIECE_ID=front_left_manual_01
1000
SEAM_PAIR=
1000
PAIRED_CHAIN=
1000
NOTCH_CHAIN=
1000
NOTCH_SOURCE=
1000
PIECE_ROLE=front_left
1000
SEAM_ALLOWANCE_MM=
1000
SOURCE_LAYER=11
0
VERTEX
8
AI4M_01_ATOM_NET
10
6790.526161
20
247.716144
30
0
0
VERTEX
8
AI4M_01_ATOM_NET
10
6786.027292
20
246.781198
30
0
0
VERTEX
8
AI4M_01_ATOM_NET
10
6782.57211
20
245.807574
30
0
0
VERTEX
8
AI4M_01_ATOM_NET
10
6779.507748
20
244.700008
30
0
0
VERTEX
8
AI4M_01_ATOM_NET
10
6776.441952
20
243.315582
30
0
0
VERTEX
8
AI4M_01_ATOM_NET
10
6773.347582
20
241.635498
30
0
0
VERTEX
8
AI4M_01_ATOM_NET
10
6770.258312
20
239.670631
30
0
0
VERTEX
8
AI4M_01_ATOM_NET
10
6767.208062
20
237.431007
30
0
0
VERTEX
8
AI4M_01_ATOM_NET
10
6764.203839
20
234.914049
30
0
0
VERTEX
8
AI4M_01_ATOM_NET
10
6761.334745
20
232.19494
30
0
0
VERTEX
8
AI4M_01_ATOM_NET
10
6758.462547
20
229.125113
30
0
0
VERTEX
8
AI4M_01_ATOM_NET
10
6755.730766
20
225.828649
30
0
0
VERTEX
8
AI4M_01_ATOM_NET
10
6753.156789
20
222.331517
30
0
0
VERTEX
8
AI4M_01_ATOM_NET
10
6750.762006
20
218.659045
30
0
0
VERTEX
8
AI4M_01_ATOM_NET
10
6748.378167
20
214.53255
30
0
0
VERTEX
8
AI4M_01_ATOM_NET
10
6746.224392
20
210.342622
30
0
0
VERTEX
8
AI4M_01_ATOM_NET
10
6744.700646
20
206.860222
30
0
0
VERTEX
8
AI4M_01_ATOM_NET
10
6741.729939
20
199.210621
30
0
0
VERTEX
8
AI4M_01_ATOM_NET
10
6740.483444
20
195.193749
30
0
0
VERTEX
8
AI4M_01_ATOM_NET
10
6738.144769
20
185.896013
30
0
0
VERTEX
8
AI4M_01_ATOM_NET
10
6737.297178
20
181.34877
30
0
0
VERTEX
8
AI4M_01_ATOM_NET
10
6736.209501
20
173.796596
30
0
0
VERTEX
8
AI4M_01_ATOM_NET
10
6735.3706
20
166.283934
30
0
0
VERTEX
8
AI4M_01_ATOM_NET
10
6734.599175
20
156.78527
30
0
0
VERTEX
8
AI4M_01_ATOM_NET
10
6733.94608
20
145.94746
30
0
0
VERTEX
8
AI4M_01_ATOM_NET
10
6733.613583
20
136.382858
30
0
0
VERTEX
8
AI4M_01_ATOM_NET
10
6733.197209
20
121.369312
30
0
0
VERTEX
8
AI4M_01_ATOM_NET
10
6732.966521
20
109.500009
30
0
0
VERTEX
8
AI4M_01_ATOM_NET
10
6732.934694
20
94.490263
30
0
0
VERTEX
8
AI4M_01_ATOM_NET
10
6733.031941
20
79.355728
30
0
0
VERTEX
8
AI4M_01_ATOM_NET
10
6733.281244
20
64.35588
30
0
0
VERTEX
8
AI4M_01_ATOM_NET
10
6733.689648
20
49.383517
30
0
0
VERTEX
8
AI4M_01_ATOM_NET
10
6733.873939
20
43.8213
30
0
0
SEQEND
8
AI4M_01_ATOM_NET
0
TEXT
8
AI4M_01_ATOM_NET
10
6790.526161
20
247.716144
30
0
40
2.5
1
AI4M_line_0022__seg_01_pattern_boundary_pattern_boundary
1001
AI4MANUFACTURING
1000
WRITEBACK_PHASE=01_ATOM_LABEL
1000
ENTITY_ID=line_0022__seg_01
999
AI4M_ENTITY=line_0023;LINE_ROLE=cut_line;EDGE=unknown;SOURCE_LAYER=11
0
POLYLINE
8
AI4M_01_ATOM_CUT
66
1
70
0
1001
AI4MANUFACTURING
1000
WRITEBACK_PHASE=01_ATOM
1000
ENTITY_ID=line_0023
1000
SOURCE_HANDLE=1EE
1000
LINE_ROLE=cut_line
1000
EDGE=unknown
1000
CHAIN=chain_ms1um92k
1000
PIECE_ID=front_left_manual_01
1000
SEAM_PAIR=
1000
PAIRED_CHAIN=
1000
NOTCH_CHAIN=
1000
NOTCH_SOURCE=
1000
PIECE_ROLE=front_left
1000
SEAM_ALLOWANCE_MM=
1000
SOURCE_LAYER=11
0
VERTEX
8
AI4M_01_ATOM_CUT
10
6746.078211
20
203.544705
30
0
0
VERTEX
8
AI4M_01_ATOM_CUT
10
6741.43584
20
205.401689
30
0
0
SEQEND
8
AI4M_01_ATOM_CUT
0
TEXT
8
AI4M_01_ATOM_CUT
10
6746.078211
20
203.544705
30
0
40
2.5
1
AI4M_line_0023_cut_line_unknown
1001
AI4MANUFACTURING
1000
WRITEBACK_PHASE=01_ATOM_LABEL
1000
ENTITY_ID=line_0023
999
AI4M_ENTITY=line_0024;LINE_ROLE=cut_line;EDGE=unknown;SOURCE_LAYER=11
0
POLYLINE
8
AI4M_01_ATOM_CUT
66
1
70
0
1001
AI4MANUFACTURING
1000
WRITEBACK_PHASE=01_ATOM
1000
ENTITY_ID=line_0024
1000
SOURCE_HANDLE=1EF
1000
LINE_ROLE=cut_line
1000
EDGE=unknown
1000
CHAIN=chain_ms1um92k
1000
PIECE_ID=front_left_manual_01
1000
SEAM_PAIR=
1000
PAIRED_CHAIN=
1000
NOTCH_CHAIN=
1000
NOTCH_SOURCE=
1000
PIECE_ROLE=front_left
1000
SEAM_ALLOWANCE_MM=
1000
SOURCE_LAYER=11
0
VERTEX
8
AI4M_01_ATOM_CUT
10
6736.173564
20
138.549333
30
0
0
VERTEX
8
AI4M_01_ATOM_CUT
10
6731.175459
20
138.687012
30
0
0
SEQEND
8
AI4M_01_ATOM_CUT
0
TEXT
8
AI4M_01_ATOM_CUT
10
6736.173564
20
138.549333
30
0
40
2.5
1
AI4M_line_0024_cut_line_unknown
1001
AI4MANUFACTURING
1000
WRITEBACK_PHASE=01_ATOM_LABEL
1000
ENTITY_ID=line_0024
999
AI4M_ENTITY=line_0025;LINE_ROLE=cut_line;EDGE=unknown;SOURCE_LAYER=11
0
POLYLINE
8
AI4M_01_ATOM_CUT
66
1
70
0
1001
AI4MANUFACTURING
1000
WRITEBACK_PHASE=01_ATOM
1000
ENTITY_ID=line_0025
1000
SOURCE_HANDLE=1F0
1000
LINE_ROLE=cut_line
1000
EDGE=unknown
1000
CHAIN=chain_ms1um92k
1000
PIECE_ID=front_left_manual_01
1000
SEAM_PAIR=
1000
PAIRED_CHAIN=
1000
NOTCH_CHAIN=
1000
NOTCH_SOURCE=
1000
PIECE_ROLE=front_left
1000
SEAM_ALLOWANCE_MM=
1000
SOURCE_LAYER=11
0
VERTEX
8
AI4M_01_ATOM_CUT
10
6735.73241
20
122.557578
30
0
0
VERTEX
8
AI4M_01_ATOM_CUT
10
6730.734312
20
122.69547
30
0
0
SEQEND
8
AI4M_01_ATOM_CUT
0
TEXT
8
AI4M_01_ATOM_CUT
10
6735.73241
20
122.557578
30
0
40
2.5
1
AI4M_line_0025_cut_line_unknown
1001
AI4MANUFACTURING
1000
WRITEBACK_PHASE=01_ATOM_LABEL
1000
ENTITY_ID=line_0025
999
AI4M_ENTITY=line_0026;LINE_ROLE=cut_line;EDGE=unknown;SOURCE_LAYER=11
0
POLYLINE
8
AI4M_01_ATOM_CUT
66
1
70
0
1001
AI4MANUFACTURING
1000
WRITEBACK_PHASE=01_ATOM
1000
ENTITY_ID=line_0026
1000
SOURCE_HANDLE=1F1
1000
LINE_ROLE=cut_line
1000
EDGE=unknown
1000
CHAIN=chain_ms1um92k
1000
PIECE_ID=front_left_manual_01
1000
SEAM_PAIR=
1000
PAIRED_CHAIN=
1000
NOTCH_CHAIN=
1000
NOTCH_SOURCE=
1000
PIECE_ROLE=front_left
1000
SEAM_ALLOWANCE_MM=
1000
SOURCE_LAYER=11
0
VERTEX
8
AI4M_01_ATOM_CUT
10
6733.873939
20
43.8213
30
0
0
VERTEX
8
AI4M_01_ATOM_CUT
10
6735.381507
20
34.013017
30
0
0
SEQEND
8
AI4M_01_ATOM_CUT
0
TEXT
8
AI4M_01_ATOM_CUT
10
6733.873939
20
43.8213
30
0
40
2.5
1
AI4M_line_0026_cut_line_unknown
1001
AI4MANUFACTURING
1000
WRITEBACK_PHASE=01_ATOM_LABEL
1000
ENTITY_ID=line_0026
999
AI4M_ENTITY=line_0027__seg_01;LINE_ROLE=cut_line;EDGE=unknown;SOURCE_LAYER=11
0
POLYLINE
8
AI4M_01_ATOM_CUT
66
1
70
0
1001
AI4MANUFACTURING
1000
WRITEBACK_PHASE=01_ATOM
1000
ENTITY_ID=line_0027__seg_01
1000
SOURCE_HANDLE=1F6
1000
LINE_ROLE=cut_line
1000
EDGE=unknown
1000
CHAIN=chain_ms1um92k
1000
PIECE_ID=front_left_manual_01
1000
SEAM_PAIR=
1000
PAIRED_CHAIN=
1000
NOTCH_CHAIN=
1000
NOTCH_SOURCE=
1000
PIECE_ROLE=front_left
1000
SEAM_ALLOWANCE_MM=
1000
SOURCE_LAYER=11
0
VERTEX
8
AI4M_01_ATOM_CUT
10
6735.381507
20
34.013017
30
0
0
VERTEX
8
AI4M_01_ATOM_CUT
10
6719.730768
20
32.341944
30
0
0
VERTEX
8
AI4M_01_ATOM_CUT
10
6704.559006
20
30.753382
30
0
0
VERTEX
8
AI4M_01_ATOM_CUT
10
6689.550858
20
29.212444
30
0
0
VERTEX
8
AI4M_01_ATOM_CUT
10
6674.162231
20
27.670183
30
0
0
VERTEX
8
AI4M_01_ATOM_CUT
10
6658.736904
20
26.172482
30
0
0
VERTEX
8
AI4M_01_ATOM_CUT
10
6643.776901
20
24.770604
30
0
0
VERTEX
8
AI4M_01_ATOM_CUT
10
6628.812112
20
23.420586
30
0
0
VERTEX
8
AI4M_01_ATOM_CUT
10
6613.329799
20
22.082364
30
0
0
VERTEX
8
AI4M_01_ATOM_CUT
10
6598.35481
20
20.85148
30
0
0
VERTEX
8
AI4M_01_ATOM_CUT
10
6582.934328
20
19.657371
30
0
0
VERTEX
8
AI4M_01_ATOM_CUT
10
6567.94787
20
18.574808
30
0
0
VERTEX
8
AI4M_01_ATOM_CUT
10
6552.955792
20
17.572427
30
0
0
VERTEX
8
AI4M_01_ATOM_CUT
10
6537.719234
20
16.639405
30
0
0
VERTEX
8
AI4M_01_ATOM_CUT
10
6522.716721
20
15.806458
30
0
0
VERTEX
8
AI4M_01_ATOM_CUT
10
6507.268126
20
15.038399
30
0
0
VERTEX
8
AI4M_01_ATOM_CUT
10
6492.257048
20
14.381748
30
0
0
VERTEX
8
AI4M_01_ATOM_CUT
10
6476.79671
20
13.802067
30
0
0
VERTEX
8
AI4M_01_ATOM_CUT
10
6461.778554
20
13.333387
30
0
0
VERTEX
8
AI4M_01_ATOM_CUT
10
6446.757715
20
12.951698
30
0
0
VERTEX
8
AI4M_01_ATOM_CUT
10
6431.284617
20
12.649133
30
0
0
VERTEX
8
AI4M_01_ATOM_CUT
10
6416.260127
20
12.46979
30
0
0
VERTEX
8
AI4M_01_ATOM_CUT
10
6400.935183
20
12.418495
30
0
0
VERTEX
8
AI4M_01_ATOM_CUT
10
6389.114418
20
12.393754
30
0
0
SEQEND
8
AI4M_01_ATOM_CUT
0
TEXT
8
AI4M_01_ATOM_CUT
10
6735.381507
20
34.013017
30
0
40
2.5
1
AI4M_line_0027__seg_01_cut_line_unknown
1001
AI4MANUFACTURING
1000
WRITEBACK_PHASE=01_ATOM_LABEL
1000
ENTITY_ID=line_0027__seg_01
999
AI4M_ENTITY=line_0028;LINE_ROLE=cut_line;EDGE=unknown;SOURCE_LAYER=11
0
POLYLINE
8
AI4M_01_ATOM_CUT
66
1
70
0
1001
AI4MANUFACTURING
1000
WRITEBACK_PHASE=01_ATOM
1000
ENTITY_ID=line_0028
1000
SOURCE_HANDLE=211
1000
LINE_ROLE=cut_line
1000
EDGE=unknown
1000
CHAIN=chain_ms1um92k
1000
PIECE_ID=front_left_manual_01
1000
SEAM_PAIR=
1000
PAIRED_CHAIN=
1000
NOTCH_CHAIN=
1000
NOTCH_SOURCE=
1000
PIECE_ROLE=front_left
1000
SEAM_ALLOWANCE_MM=
1000
SOURCE_LAYER=11
0
VERTEX
8
AI4M_01_ATOM_CUT
10
6389.114418
20
12.393754
30
0
0
VERTEX
8
AI4M_01_ATOM_CUT
10
6374.114418
20
12.393754
30
0
0
SEQEND
8
AI4M_01_ATOM_CUT
0
TEXT
8
AI4M_01_ATOM_CUT
10
6389.114418
20
12.393754
30
0
40
2.5
1
AI4M_line_0028_cut_line_unknown
1001
AI4MANUFACTURING
1000
WRITEBACK_PHASE=01_ATOM_LABEL
1000
ENTITY_ID=line_0028
999
AI4M_ENTITY=line_0029;LINE_ROLE=hem_line;EDGE=hem_line;SOURCE_LAYER=11
0
POLYLINE
8
AI4M_01_ATOM_INTERNAL
66
1
70
0
1001
AI4MANUFACTURING
1000
WRITEBACK_PHASE=01_ATOM
1000
ENTITY_ID=line_0029
1000
SOURCE_HANDLE=216
1000
LINE_ROLE=hem_line
1000
EDGE=hem_line
1000
CHAIN=chain_ms1um92k
1000
PIECE_ID=front_left_manual_01
1000
SEAM_PAIR=
1000
PAIRED_CHAIN=
1000
NOTCH_CHAIN=
1000
NOTCH_SOURCE=
1000
PIECE_ROLE=front_left
1000
SEAM_ALLOWANCE_MM=
1000
SOURCE_LAYER=11
0
VERTEX
8
AI4M_01_ATOM_INTERNAL
10
6374.114418
20
22.393754
30
0
0
VERTEX
8
AI4M_01_ATOM_INTERNAL
10
6359.114418
20
22.393754
30
0
0
SEQEND
8
AI4M_01_ATOM_INTERNAL
0
TEXT
8
AI4M_01_ATOM_INTERNAL
10
6374.114418
20
22.393754
30
0
40
2.5
1
AI4M_line_0029_hem_line_hem_line
1001
AI4MANUFACTURING
1000
WRITEBACK_PHASE=01_ATOM_LABEL
1000
ENTITY_ID=line_0029
999
AI4M_ENTITY=line_0030;LINE_ROLE=hem_line;EDGE=hem_line;SOURCE_LAYER=11
0
POLYLINE
8
AI4M_01_ATOM_INTERNAL
66
1
70
0
1001
AI4MANUFACTURING
1000
WRITEBACK_PHASE=01_ATOM
1000
ENTITY_ID=line_0030
1000
SOURCE_HANDLE=21B
1000
LINE_ROLE=hem_line
1000
EDGE=hem_line
1000
CHAIN=chain_ms1um92k
1000
PIECE_ID=front_left_manual_01
1000
SEAM_PAIR=
1000
PAIRED_CHAIN=
1000
NOTCH_CHAIN=
1000
NOTCH_SOURCE=
1000
PIECE_ROLE=front_left
1000
SEAM_ALLOWANCE_MM=
1000
SOURCE_LAYER=11
0
VERTEX
8
AI4M_01_ATOM_INTERNAL
10
6359.114418
20
22.393754
30
0
0
VERTEX
8
AI4M_01_ATOM_INTERNAL
10
6346.113929
20
22.402232
30
0
0
SEQEND
8
AI4M_01_ATOM_INTERNAL
0
TEXT
8
AI4M_01_ATOM_INTERNAL
10
6359.114418
20
22.393754
30
0
40
2.5
1
AI4M_line_0030_hem_line_hem_line
1001
AI4MANUFACTURING
1000
WRITEBACK_PHASE=01_ATOM_LABEL
1000
ENTITY_ID=line_0030
999
AI4M_ENTITY=line_0031__seg_01;LINE_ROLE=placket_line;EDGE=placket_line;SOURCE_LAYER=11
0
POLYLINE
8
AI4M_01_ATOM_INTERNAL
66
1
70
0
1001
AI4MANUFACTURING
1000
WRITEBACK_PHASE=01_ATOM
1000
ENTITY_ID=line_0031__seg_01
1000
SOURCE_HANDLE=220
1000
LINE_ROLE=placket_line
1000
EDGE=placket_line
1000
CHAIN=chain_ms1um92k
1000
PIECE_ID=front_left_manual_01
1000
SEAM_PAIR=
1000
PAIRED_CHAIN=
1000
NOTCH_CHAIN=
1000
NOTCH_SOURCE=
1000
PIECE_ROLE=front_left
1000
SEAM_ALLOWANCE_MM=
1000
SOURCE_LAYER=11
0
VERTEX
8
AI4M_01_ATOM_INTERNAL
10
6346.113929
20
22.402232
30
0
0
VERTEX
8
AI4M_01_ATOM_INTERNAL
10
6346.113929
20
38.294756
30
0
0
VERTEX
8
AI4M_01_ATOM_INTERNAL
10
6346.113929
20
53.696821
30
0
0
VERTEX
8
AI4M_01_ATOM_INTERNAL
10
6346.113929
20
69.098887
30
0
0
VERTEX
8
AI4M_01_ATOM_INTERNAL
10
6346.113929
20
84.802359
30
0
0
VERTEX
8
AI4M_01_ATOM_INTERNAL
10
6346.113929
20
100.204424
30
0
0
VERTEX
8
AI4M_01_ATOM_INTERNAL
10
6346.113929
20
115.60649
30
0
0
VERTEX
8
AI4M_01_ATOM_INTERNAL
10
6346.113929
20
130.88211
30
0
0
VERTEX
8
AI4M_01_ATOM_INTERNAL
10
6346.113929
20
146.284177
30
0
0
VERTEX
8
AI4M_01_ATOM_INTERNAL
10
6346.113929
20
161.686244
30
0
0
VERTEX
8
AI4M_01_ATOM_INTERNAL
10
6346.113929
20
177.08831
30
0
0
VERTEX
8
AI4M_01_ATOM_INTERNAL
10
6346.113929
20
192.59804
30
0
0
VERTEX
8
AI4M_01_ATOM_INTERNAL
10
6346.113929
20
208.000103
30
0
0
VERTEX
8
AI4M_01_ATOM_INTERNAL
10
6346.113929
20
223.402166
30
0
0
VERTEX
8
AI4M_01_ATOM_INTERNAL
10
6346.113929
20
238.911856
30
0
0
VERTEX
8
AI4M_01_ATOM_INTERNAL
10
6346.113929
20
254.313919
30
0
0
VERTEX
8
AI4M_01_ATOM_INTERNAL
10
6346.113929
20
269.715982
30
0
0
VERTEX
8
AI4M_01_ATOM_INTERNAL
10
6346.113929
20
285.225596
30
0
0
VERTEX
8
AI4M_01_ATOM_INTERNAL
10
6346.113929
20
300.62766
30
0
0
VERTEX
8
AI4M_01_ATOM_INTERNAL
10
6346.113929
20
316.029725
30
0
0
VERTEX
8
AI4M_01_ATOM_INTERNAL
10
6346.113929
20
330.697139
30
0
0
VERTEX
8
AI4M_01_ATOM_INTERNAL
10
6346.113929
20
346.869307
30
0
0
VERTEX
8
AI4M_01_ATOM_INTERNAL
10
6346.113929
20
362.271371
30
0
0
VERTEX
8
AI4M_01_ATOM_INTERNAL
10
6346.113929
20
377.673435
30
0
0
VERTEX
8
AI4M_01_ATOM_INTERNAL
10
6346.113929
20
393.110835
30
0
0
VERTEX
8
AI4M_01_ATOM_INTERNAL
10
6346.113929
20
408.512898
30
0
0
VERTEX
8
AI4M_01_ATOM_INTERNAL
10
6346.113929
20
423.914962
30
0
0
VERTEX
8
AI4M_01_ATOM_INTERNAL
10
6346.113929
20
439.352367
30
0
0
VERTEX
8
AI4M_01_ATOM_INTERNAL
10
6346.113929
20
454.754436
30
0
0
VERTEX
8
AI4M_01_ATOM_INTERNAL
10
6346.113929
20
470.156507
30
0
0
VERTEX
8
AI4M_01_ATOM_INTERNAL
10
6346.113929
20
485.593953
30
0
0
VERTEX
8
AI4M_01_ATOM_INTERNAL
10
6346.113929
20
500.996021
30
0
0
VERTEX
8
AI4M_01_ATOM_INTERNAL
10
6346.113929
20
516.398087
30
0
0
VERTEX
8
AI4M_01_ATOM_INTERNAL
10
6346.113929
20
531.569727
30
0
0
VERTEX
8
AI4M_01_ATOM_INTERNAL
10
6346.113929
20
546.774456
30
0
0
VERTEX
8
AI4M_01_ATOM_INTERNAL
10
6346.113929
20
562.086553
30
0
0
VERTEX
8
AI4M_01_ATOM_INTERNAL
10
6346.113929
20
577.016279
30
0
0
VERTEX
8
AI4M_01_ATOM_INTERNAL
10
6346.113929
20
583.943789
30
0
0
SEQEND
8
AI4M_01_ATOM_INTERNAL
0
TEXT
8
AI4M_01_ATOM_INTERNAL
10
6346.113929
20
22.402232
30
0
40
2.5
1
AI4M_line_0031__seg_01_placket_line_placket_line
1001
AI4MANUFACTURING
1000
WRITEBACK_PHASE=01_ATOM_LABEL
1000
ENTITY_ID=line_0031__seg_01
999
AI4M_ENTITY=line_0032__seg_01;LINE_ROLE=neckline;EDGE=neckline;SOURCE_LAYER=11
0
POLYLINE
8
AI4M_01_ATOM_INTERNAL
66
1
70
0
1001
AI4MANUFACTURING
1000
WRITEBACK_PHASE=01_ATOM
1000
ENTITY_ID=line_0032__seg_01
1000
SOURCE_HANDLE=249
1000
LINE_ROLE=neckline
1000
EDGE=neckline
1000
CHAIN=chain_ms1um92k
1000
PIECE_ID=front_left_manual_01
1000
SEAM_PAIR=
1000
PAIRED_CHAIN=
1000
NOTCH_CHAIN=
1000
NOTCH_SOURCE=
1000
PIECE_ROLE=front_left
1000
SEAM_ALLOWANCE_MM=
1000
SOURCE_LAYER=11
0
VERTEX
8
AI4M_01_ATOM_INTERNAL
10
6346.113929
20
583.943789
30
0
0
VERTEX
8
AI4M_01_ATOM_INTERNAL
10
6351.985546
20
583.078966
30
0
0
VERTEX
8
AI4M_01_ATOM_INTERNAL
10
6357.550762
20
582.557433
30
0
0
VERTEX
8
AI4M_01_ATOM_INTERNAL
10
6359.114418
20
582.454684
30
0
0
SEQEND
8
AI4M_01_ATOM_INTERNAL
0
TEXT
8
AI4M_01_ATOM_INTERNAL
10
6346.113929
20
583.943789
30
0
40
2.5
1
AI4M_line_0032__seg_01_neckline_neckline
1001
AI4MANUFACTURING
1000
WRITEBACK_PHASE=01_ATOM_LABEL
1000
ENTITY_ID=line_0032__seg_01
999
AI4M_ENTITY=line_0033__seg_01;LINE_ROLE=neckline;EDGE=neckline;SOURCE_LAYER=11
0
POLYLINE
8
AI4M_01_ATOM_INTERNAL
66
1
70
0
1001
AI4MANUFACTURING
1000
WRITEBACK_PHASE=01_ATOM
1000
ENTITY_ID=line_0033__seg_01
1000
SOURCE_HANDLE=250
1000
LINE_ROLE=neckline
1000
EDGE=neckline
1000
CHAIN=chain_ms1um92k
1000
PIECE_ID=front_left_manual_01
1000
SEAM_PAIR=
1000
PAIRED_CHAIN=
1000
NOTCH_CHAIN=
1000
NOTCH_SOURCE=
1000
PIECE_ROLE=front_left
1000
SEAM_ALLOWANCE_MM=
1000
SOURCE_LAYER=11
0
VERTEX
8
AI4M_01_ATOM_INTERNAL
10
6359.114418
20
582.454684
30
0
0
VERTEX
8
AI4M_01_ATOM_INTERNAL
10
6366.712131
20
582.310618
30
0
0
VERTEX
8
AI4M_01_ATOM_INTERNAL
10
6372.730952
20
582.461851
30
0
0
VERTEX
8
AI4M_01_ATOM_INTERNAL
10
6374.114418
20
582.527087
30
0
0
SEQEND
8
AI4M_01_ATOM_INTERNAL
0
TEXT
8
AI4M_01_ATOM_INTERNAL
10
6359.114418
20
582.454684
30
0
40
2.5
1
AI4M_line_0033__seg_01_neckline_neckline
1001
AI4MANUFACTURING
1000
WRITEBACK_PHASE=01_ATOM_LABEL
1000
ENTITY_ID=line_0033__seg_01
999
AI4M_ENTITY=line_0034;LINE_ROLE=cut_line;EDGE=unknown;SOURCE_LAYER=11
0
POLYLINE
8
AI4M_01_ATOM_CUT
66
1
70
0
1001
AI4MANUFACTURING
1000
WRITEBACK_PHASE=01_ATOM
1000
ENTITY_ID=line_0034
1000
SOURCE_HANDLE=257
1000
LINE_ROLE=cut_line
1000
EDGE=unknown
1000
CHAIN=chain_ms1um92k
1000
PIECE_ID=front_left_manual_01
1000
SEAM_PAIR=
1000
PAIRED_CHAIN=
1000
NOTCH_CHAIN=
1000
NOTCH_SOURCE=
1000
PIECE_ROLE=front_left
1000
SEAM_ALLOWANCE_MM=
1000
SOURCE_LAYER=11
0
VERTEX
8
AI4M_01_ATOM_CUT
10
6374.120135
20
585.027081
30
0
0
VERTEX
8
AI4M_01_ATOM_CUT
10
6374.108701
20
580.027094
30
0
0
SEQEND
8
AI4M_01_ATOM_CUT
0
TEXT
8
AI4M_01_ATOM_CUT
10
6374.120135
20
585.027081
30
0
40
2.5
1
AI4M_line_0034_cut_line_unknown
1001
AI4MANUFACTURING
1000
WRITEBACK_PHASE=01_ATOM_LABEL
1000
ENTITY_ID=line_0034
999
AI4M_ENTITY=line_0035__seg_01;LINE_ROLE=neckline;EDGE=neckline;SOURCE_LAYER=11
0
POLYLINE
8
AI4M_01_ATOM_INTERNAL
66
1
70
0
1001
AI4MANUFACTURING
1000
WRITEBACK_PHASE=01_ATOM
1000
ENTITY_ID=line_0035__seg_01
1000
SOURCE_HANDLE=258
1000
LINE_ROLE=neckline
1000
EDGE=neckline
1000
CHAIN=chain_ms1um92k
1000
PIECE_ID=front_left_manual_01
1000
SEAM_PAIR=
1000
PAIRED_CHAIN=
1000
NOTCH_CHAIN=
1000
NOTCH_SOURCE=
1000
PIECE_ROLE=front_left
1000
SEAM_ALLOWANCE_MM=
1000
SOURCE_LAYER=11
0
VERTEX
8
AI4M_01_ATOM_INTERNAL
10
6374.114418
20
582.527087
30
0
0
VERTEX
8
AI4M_01_ATOM_INTERNAL
10
6381.261259
20
582.311738
30
0
0
VERTEX
8
AI4M_01_ATOM_INTERNAL
10
6387.803259
20
582.406725
30
0
0
VERTEX
8
AI4M_01_ATOM_INTERNAL
10
6389.114418
20
582.454684
30
0
0
SEQEND
8
AI4M_01_ATOM_INTERNAL
0
TEXT
8
AI4M_01_ATOM_INTERNAL
10
6374.114418
20
582.527087
30
0
40
2.5
1
AI4M_line_0035__seg_01_neckline_neckline
1001
AI4MANUFACTURING
1000
WRITEBACK_PHASE=01_ATOM_LABEL
1000
ENTITY_ID=line_0035__seg_01
999
AI4M_ENTITY=line_0036__seg_01;LINE_ROLE=neckline;EDGE=neckline;SOURCE_LAYER=11
0
POLYLINE
8
AI4M_01_ATOM_INTERNAL
66
1
70
0
1001
AI4MANUFACTURING
1000
WRITEBACK_PHASE=01_ATOM
1000
ENTITY_ID=line_0036__seg_01
1000
SOURCE_HANDLE=25F
1000
LINE_ROLE=neckline
1000
EDGE=neckline
1000
CHAIN=chain_ms1um92k
1000
PIECE_ID=front_left_manual_01
1000
SEAM_PAIR=
1000
PAIRED_CHAIN=
1000
NOTCH_CHAIN=
1000
NOTCH_SOURCE=
1000
PIECE_ROLE=front_left
1000
SEAM_ALLOWANCE_MM=
1000
SOURCE_LAYER=11
0
VERTEX
8
AI4M_01_ATOM_INTERNAL
10
6389.114418
20
582.454684
30
0
0
VERTEX
8
AI4M_01_ATOM_INTERNAL
10
6396.766243
20
583.155674
30
0
0
VERTEX
8
AI4M_01_ATOM_INTERNAL
10
6401.720155
20
583.837076
30
0
0
VERTEX
8
AI4M_01_ATOM_INTERNAL
10
6405.969032
20
584.657456
30
0
0
VERTEX
8
AI4M_01_ATOM_INTERNAL
10
6409.928263
20
585.663208
30
0
0
VERTEX
8
AI4M_01_ATOM_INTERNAL
10
6413.988576
20
586.953152
30
0
0
VERTEX
8
AI4M_01_ATOM_INTERNAL
10
6418.017376
20
588.495688
30
0
0
VERTEX
8
AI4M_01_ATOM_INTERNAL
10
6422.002849
20
590.290643
30
0
0
VERTEX
8
AI4M_01_ATOM_INTERNAL
10
6425.893241
20
592.315164
30
0
0
VERTEX
8
AI4M_01_ATOM_INTERNAL
10
6429.675556
20
594.559471
30
0
0
VERTEX
8
AI4M_01_ATOM_INTERNAL
10
6433.340564
20
597.016654
30
0
0
VERTEX
8
AI4M_01_ATOM_INTERNAL
10
6436.88275
20
599.685907
30
0
0
VERTEX
8
AI4M_01_ATOM_INTERNAL
10
6440.24907
20
602.533745
30
0
0
VERTEX
8
AI4M_01_ATOM_INTERNAL
10
6443.539579
20
605.64394
30
0
0
VERTEX
8
AI4M_01_ATOM_INTERNAL
10
6446.466018
20
608.757813
30
0
0
VERTEX
8
AI4M_01_ATOM_INTERNAL
10
6449.237215
20
612.064448
30
0
0
VERTEX
8
AI4M_01_ATOM_INTERNAL
10
6451.733794
20
615.421793
30
0
0
VERTEX
8
AI4M_01_ATOM_INTERNAL
10
6453.965952
20
618.826295
30
0
0
VERTEX
8
AI4M_01_ATOM_INTERNAL
10
6456.00219
20
622.373999
30
0
0
VERTEX
8
AI4M_01_ATOM_INTERNAL
10
6457.926229
20
626.235598
30
0
0
VERTEX
8
AI4M_01_ATOM_INTERNAL
10
6459.753264
20
630.476609
30
0
0
VERTEX
8
AI4M_01_ATOM_INTERNAL
10
6461.492864
20
635.153453
30
0
0
VERTEX
8
AI4M_01_ATOM_INTERNAL
10
6463.073531
20
640.103895
30
0
0
VERTEX
8
AI4M_01_ATOM_INTERNAL
10
6464.390401
20
645.026223
30
0
0
VERTEX
8
AI4M_01_ATOM_INTERNAL
10
6465.476966
20
650.049846
30
0
0
VERTEX
8
AI4M_01_ATOM_INTERNAL
10
6466.598548
20
656.58623
30
0
0
SEQEND
8
AI4M_01_ATOM_INTERNAL
0
TEXT
8
AI4M_01_ATOM_INTERNAL
10
6389.114418
20
582.454684
30
0
40
2.5
1
AI4M_line_0036__seg_01_neckline_neckline
1001
AI4MANUFACTURING
1000
WRITEBACK_PHASE=01_ATOM_LABEL
1000
ENTITY_ID=line_0036__seg_01
999
AI4M_ENTITY=line_0037;LINE_ROLE=cut_line;EDGE=unknown;SOURCE_LAYER=11
0
POLYLINE
8
AI4M_01_ATOM_CUT
66
1
70
0
1001
AI4MANUFACTURING
1000
WRITEBACK_PHASE=01_ATOM
1000
ENTITY_ID=line_0037
1000
SOURCE_HANDLE=27C
1000
LINE_ROLE=cut_line
1000
EDGE=unknown
1000
CHAIN=chain_ms1um92k
1000
PIECE_ID=front_left_manual_01
1000
SEAM_PAIR=
1000
PAIRED_CHAIN=
1000
NOTCH_CHAIN=
1000
NOTCH_SOURCE=
1000
PIECE_ROLE=front_left
1000
SEAM_ALLOWANCE_MM=
1000
SOURCE_LAYER=11
0
VERTEX
8
AI4M_01_ATOM_CUT
10
6441.093904
20
606.741369
30
0
0
VERTEX
8
AI4M_01_ATOM_CUT
10
6444.592342
20
603.169124
30
0
0
SEQEND
8
AI4M_01_ATOM_CUT
0
TEXT
8
AI4M_01_ATOM_CUT
10
6441.093904
20
606.741369
30
0
40
2.5
1
AI4M_line_0037_cut_line_unknown
1001
AI4MANUFACTURING
1000
WRITEBACK_PHASE=01_ATOM_LABEL
1000
ENTITY_ID=line_0037
999
AI4M_ENTITY=line_0038__seg_01;LINE_ROLE=shoulder_seam;EDGE=shoulder_seam;SOURCE_LAYER=11
0
POLYLINE
8
AI4M_01_ATOM_INTERNAL
66
1
70
0
1001
AI4MANUFACTURING
1000
WRITEBACK_PHASE=01_ATOM
1000
ENTITY_ID=line_0038__seg_01
1000
SOURCE_HANDLE=27D
1000
LINE_ROLE=shoulder_seam
1000
EDGE=shoulder_seam
1000
CHAIN=chain_ms1um92k
1000
PIECE_ID=front_left_manual_01
1000
SEAM_PAIR=
1000
PAIRED_CHAIN=
1000
NOTCH_CHAIN=
1000
NOTCH_SOURCE=
1000
PIECE_ROLE=front_left
1000
SEAM_ALLOWANCE_MM=
1000
SOURCE_LAYER=11
0
VERTEX
8
AI4M_01_ATOM_INTERNAL
10
6466.598548
20
656.58623
30
0
0
VERTEX
8
AI4M_01_ATOM_INTERNAL
10
6481.864623
20
653.195886
30
0
0
VERTEX
8
AI4M_01_ATOM_INTERNAL
10
6496.60014
20
649.80603
30
0
0
VERTEX
8
AI4M_01_ATOM_INTERNAL
10
6511.548136
20
646.193291
30
0
0
VERTEX
8
AI4M_01_ATOM_INTERNAL
10
6525.482198
20
642.590967
30
0
0
VERTEX
8
AI4M_01_ATOM_INTERNAL
10
6538.69052
20
638.926084
30
0
0
VERTEX
8
AI4M_01_ATOM_INTERNAL
10
6553.122117
20
634.693393
30
0
0
VERTEX
8
AI4M_01_ATOM_INTERNAL
10
6567.738863
20
630.333532
30
0
0
VERTEX
8
AI4M_01_ATOM_INTERNAL
10
6580.972515
20
626.241045
30
0
0
VERTEX
8
AI4M_01_ATOM_INTERNAL
10
6592.949867
20
622.258533
30
0
0
SEQEND
8
AI4M_01_ATOM_INTERNAL
0
TEXT
8
AI4M_01_ATOM_INTERNAL
10
6466.598548
20
656.58623
30
0
40
2.5
1
AI4M_line_0038__seg_01_shoulder_seam_shoulder_seam
1001
AI4MANUFACTURING
1000
WRITEBACK_PHASE=01_ATOM_LABEL
1000
ENTITY_ID=line_0038__seg_01
999
AI4M_ENTITY=line_0039;LINE_ROLE=cut_line;EDGE=unknown;SOURCE_LAYER=11
0
POLYLINE
8
AI4M_01_ATOM_CUT
66
1
70
0
1001
AI4MANUFACTURING
1000
WRITEBACK_PHASE=01_ATOM
1000
ENTITY_ID=line_0039
1000
SOURCE_HANDLE=28A
1000
LINE_ROLE=cut_line
1000
EDGE=unknown
1000
CHAIN=chain_ms1um92k
1000
PIECE_ID=front_left_manual_01
1000
SEAM_PAIR=
1000
PAIRED_CHAIN=
1000
NOTCH_CHAIN=
1000
NOTCH_SOURCE=
1000
PIECE_ROLE=front_left
1000
SEAM_ALLOWANCE_MM=
1000
SOURCE_LAYER=11
0
VERTEX
8
AI4M_01_ATOM_CUT
10
6593.753274
20
624.625924
30
0
0
VERTEX
8
AI4M_01_ATOM_CUT
10
6592.146914
20
619.89099
30
0
0
SEQEND
8
AI4M_01_ATOM_CUT
0
TEXT
8
AI4M_01_ATOM_CUT
10
6593.753274
20
624.625924
30
0
40
2.5
1
AI4M_line_0039_cut_line_unknown
1001
AI4MANUFACTURING
1000
WRITEBACK_PHASE=01_ATOM_LABEL
1000
ENTITY_ID=line_0039
999
AI4M_ENTITY=line_0040__seg_01;LINE_ROLE=shoulder_seam;EDGE=shoulder_seam;SOURCE_LAYER=11
0
POLYLINE
8
AI4M_01_ATOM_INTERNAL
66
1
70
0
1001
AI4MANUFACTURING
1000
WRITEBACK_PHASE=01_ATOM
1000
ENTITY_ID=line_0040__seg_01
1000
SOURCE_HANDLE=28B
1000
LINE_ROLE=shoulder_seam
1000
EDGE=shoulder_seam
1000
CHAIN=chain_ms1um92k
1000
PIECE_ID=front_left_manual_01
1000
SEAM_PAIR=
1000
PAIRED_CHAIN=
1000
NOTCH_CHAIN=
1000
NOTCH_SOURCE=
1000
PIECE_ROLE=front_left
1000
SEAM_ALLOWANCE_MM=
1000
SOURCE_LAYER=11
0
VERTEX
8
AI4M_01_ATOM_INTERNAL
10
6592.949867
20
622.258533
30
0
0
VERTEX
8
AI4M_01_ATOM_INTERNAL
10
6601.982235
20
618.956567
30
0
0
VERTEX
8
AI4M_01_ATOM_INTERNAL
10
6611.622145
20
615.134888
30
0
0
VERTEX
8
AI4M_01_ATOM_INTERNAL
10
6622.557406
20
610.525576
30
0
0
VERTEX
8
AI4M_01_ATOM_INTERNAL
10
6636.806672
20
604.214195
30
0
0
VERTEX
8
AI4M_01_ATOM_INTERNAL
10
6650.674351
20
597.862332
30
0
0
VERTEX
8
AI4M_01_ATOM_INTERNAL
10
6664.399919
20
591.417523
30
0
0
VERTEX
8
AI4M_01_ATOM_INTERNAL
10
6678.146957
20
584.806927
30
0
0
VERTEX
8
AI4M_01_ATOM_INTERNAL
10
6691.679373
20
578.143008
30
0
0
VERTEX
8
AI4M_01_ATOM_INTERNAL
10
6705.224916
20
571.32837
30
0
0
VERTEX
8
AI4M_01_ATOM_INTERNAL
10
6718.717416
20
564.443302
30
0
0
VERTEX
8
AI4M_01_ATOM_INTERNAL
10
6732.201662
20
557.508165
30
0
0
VERTEX
8
AI4M_01_ATOM_INTERNAL
10
6745.669977
20
550.542321
30
0
0
VERTEX
8
AI4M_01_ATOM_INTERNAL
10
6759.126554
20
543.553713
30
0
0
VERTEX
8
AI4M_01_ATOM_INTERNAL
10
6772.796671
20
536.436636
30
0
0
VERTEX
8
AI4M_01_ATOM_INTERNAL
10
6786.244298
20
529.430595
30
0
0
VERTEX
8
AI4M_01_ATOM_INTERNAL
10
6799.69157
20
522.42391
30
0
0
VERTEX
8
AI4M_01_ATOM_INTERNAL
10
6813.192789
20
515.391525
30
0
0
VERTEX
8
AI4M_01_ATOM_INTERNAL
10
6826.642635
20
508.389876
30
0
0
VERTEX
8
AI4M_01_ATOM_INTERNAL
10
6840.09396
20
501.391076
30
0
0
VERTEX
8
AI4M_01_ATOM_INTERNAL
10
6853.660241
20
494.335665
30
0
0
VERTEX
8
AI4M_01_ATOM_INTERNAL
10
6866.897404
20
487.45381
30
0
0
VERTEX
8
AI4M_01_ATOM_INTERNAL
10
6871.777992
20
484.916881
30
0
0
SEQEND
8
AI4M_01_ATOM_INTERNAL
0
TEXT
8
AI4M_01_ATOM_INTERNAL
10
6592.949867
20
622.258533
30
0
40
2.5
1
AI4M_line_0040__seg_01_shoulder_seam_shoulder_seam
1001
AI4MANUFACTURING
1000
WRITEBACK_PHASE=01_ATOM_LABEL
1000
ENTITY_ID=line_0040__seg_01
999
AI4M_ENTITY=line_0041;LINE_ROLE=cut_line;EDGE=unknown;SOURCE_LAYER=11
0
POLYLINE
8
AI4M_01_ATOM_CUT
66
1
70
0
1001
AI4MANUFACTURING
1000
WRITEBACK_PHASE=01_ATOM
1000
ENTITY_ID=line_0041
1000
SOURCE_HANDLE=2A5
1000
LINE_ROLE=cut_line
1000
EDGE=unknown
1000
CHAIN=chain_ms1um92k
1000
PIECE_ID=front_left_manual_01
1000
SEAM_PAIR=
1000
PAIRED_CHAIN=
1000
NOTCH_CHAIN=
1000
NOTCH_SOURCE=
1000
PIECE_ROLE=front_left
1000
SEAM_ALLOWANCE_MM=
1000
SOURCE_LAYER=11
0
VERTEX
8
AI4M_01_ATOM_CUT
10
6766.47898
20
542.545446
30
0
0
VERTEX
8
AI4M_01_ATOM_CUT
10
6764.170239
20
538.110391
30
0
0
SEQEND
8
AI4M_01_ATOM_CUT
0
TEXT
8
AI4M_01_ATOM_CUT
10
6766.47898
20
542.545446
30
0
40
2.5
1
AI4M_line_0041_cut_line_unknown
1001
AI4MANUFACTURING
1000
WRITEBACK_PHASE=01_ATOM_LABEL
1000
ENTITY_ID=line_0041
999
AI4M_ENTITY=line_0042__seg_01;LINE_ROLE=sleeve_underarm_seam;EDGE=sleeve_underarm_seam;SOURCE_LAYER=11
0
POLYLINE
8
AI4M_01_ATOM_INTERNAL
66
1
70
0
1001
AI4MANUFACTURING
1000
WRITEBACK_PHASE=01_ATOM
1000
ENTITY_ID=line_0042__seg_01
1000
SOURCE_HANDLE=2A6
1000
LINE_ROLE=sleeve_underarm_seam
1000
EDGE=sleeve_underarm_seam
1000
CHAIN=chain_ms1um92k
1000
PIECE_ID=front_left_manual_01
1000
SEAM_PAIR=
1000
PAIRED_CHAIN=
1000
NOTCH_CHAIN=
1000
NOTCH_SOURCE=
1000
PIECE_ROLE=front_left
1000
SEAM_ALLOWANCE_MM=
1000
SOURCE_LAYER=11
0
VERTEX
8
AI4M_01_ATOM_INTERNAL
10
6871.777992
20
484.916881
30
0
0
VERTEX
8
AI4M_01_ATOM_INTERNAL
10
6865.928753
20
470.496855
30
0
0
VERTEX
8
AI4M_01_ATOM_INTERNAL
10
6860.263375
20
456.270097
30
0
0
VERTEX
8
AI4M_01_ATOM_INTERNAL
10
6854.800931
20
442.208235
30
0
0
VERTEX
8
AI4M_01_ATOM_INTERNAL
10
6849.484271
20
428.160054
30
0
0
VERTEX
8
AI4M_01_ATOM_INTERNAL
10
6844.262623
20
414.017278
30
0
0
VERTEX
8
AI4M_01_ATOM_INTERNAL
10
6839.192813
20
399.878343
30
0
0
VERTEX
8
AI4M_01_ATOM_INTERNAL
10
6834.235099
20
385.54479
30
0
0
VERTEX
8
AI4M_01_ATOM_INTERNAL
10
6829.418641
20
371.030747
30
0
0
VERTEX
8
AI4M_01_ATOM_INTERNAL
10
6824.876827
20
356.71338
30
0
0
VERTEX
8
AI4M_01_ATOM_INTERNAL
10
6820.50337
20
342.259095
30
0
0
VERTEX
8
AI4M_01_ATOM_INTERNAL
10
6816.325661
20
327.746134
30
0
0
VERTEX
8
AI4M_01_ATOM_INTERNAL
10
6812.371459
20
313.255483
30
0
0
VERTEX
8
AI4M_01_ATOM_INTERNAL
10
6808.606756
20
298.632345
30
0
0
VERTEX
8
AI4M_01_ATOM_INTERNAL
10
6805.045209
20
284.046071
30
0
0
VERTEX
8
AI4M_01_ATOM_INTERNAL
10
6801.583597
20
269.241328
30
0
0
VERTEX
8
AI4M_01_ATOM_INTERNAL
10
6799.121742
20
258.309558
30
0
0
SEQEND
8
AI4M_01_ATOM_INTERNAL
0
TEXT
8
AI4M_01_ATOM_INTERNAL
10
6871.777992
20
484.916881
30
0
40
2.5
1
AI4M_line_0042__seg_01_sleeve_underarm_seam_sleeve_underarm_seam
1001
AI4MANUFACTURING
1000
WRITEBACK_PHASE=01_ATOM_LABEL
1000
ENTITY_ID=line_0042__seg_01
999
AI4M_ENTITY=line_0043;LINE_ROLE=cut_line;EDGE=unknown;SOURCE_LAYER=11
0
POLYLINE
8
AI4M_01_ATOM_CUT
66
1
70
0
1001
AI4MANUFACTURING
1000
WRITEBACK_PHASE=01_ATOM
1000
ENTITY_ID=line_0043
1000
SOURCE_HANDLE=2BA
1000
LINE_ROLE=cut_line
1000
EDGE=unknown
1000
CHAIN=chain_ms1um92k
1000
PIECE_ID=front_left_manual_01
1000
SEAM_PAIR=
1000
PAIRED_CHAIN=
1000
NOTCH_CHAIN=
1000
NOTCH_SOURCE=
1000
PIECE_ROLE=front_left
1000
SEAM_ALLOWANCE_MM=
1000
SOURCE_LAYER=11
0
VERTEX
8
AI4M_01_ATOM_CUT
10
6806.003119
20
277.23549
30
0
0
VERTEX
8
AI4M_01_ATOM_CUT
10
6801.135025
20
278.376393
30
0
0
SEQEND
8
AI4M_01_ATOM_CUT
0
TEXT
8
AI4M_01_ATOM_CUT
10
6806.003119
20
277.23549
30
0
40
2.5
1
AI4M_line_0043_cut_line_unknown
1001
AI4MANUFACTURING
1000
WRITEBACK_PHASE=01_ATOM_LABEL
1000
ENTITY_ID=line_0043
999
AI4M_ENTITY=line_0044__seg_01;LINE_ROLE=cut_line;EDGE=unknown;SOURCE_LAYER=11
0
POLYLINE
8
AI4M_01_ATOM_CUT
66
1
70
0
1001
AI4MANUFACTURING
1000
WRITEBACK_PHASE=01_ATOM
1000
ENTITY_ID=line_0044__seg_01
1000
SOURCE_HANDLE=2BB
1000
LINE_ROLE=cut_line
1000
EDGE=unknown
1000
CHAIN=chain_ms1um92k
1000
PIECE_ID=front_left_manual_01
1000
SEAM_PAIR=
1000
PAIRED_CHAIN=
1000
NOTCH_CHAIN=
1000
NOTCH_SOURCE=
1000
PIECE_ROLE=front_left
1000
SEAM_ALLOWANCE_MM=
1000
SOURCE_LAYER=11
0
VERTEX
8
AI4M_01_ATOM_CUT
10
6799.121742
20
258.309558
30
0
0
VERTEX
8
AI4M_01_ATOM_CUT
10
6794.220901
20
258.125111
30
0
0
VERTEX
8
AI4M_01_ATOM_CUT
10
6789.145546
20
257.632258
30
0
0
SEQEND
8
AI4M_01_ATOM_CUT
0
TEXT
8
AI4M_01_ATOM_CUT
10
6799.121742
20
258.309558
30
0
40
2.5
1
AI4M_line_0044__seg_01_cut_line_unknown
1001
AI4MANUFACTURING
1000
WRITEBACK_PHASE=01_ATOM_LABEL
1000
ENTITY_ID=line_0044__seg_01
999
AI4M_ENTITY=line_0045__seg_01;LINE_ROLE=side_seam;EDGE=side_seam;SOURCE_LAYER=11
0
POLYLINE
8
AI4M_01_ATOM_INTERNAL
66
1
70
0
1001
AI4MANUFACTURING
1000
WRITEBACK_PHASE=01_ATOM
1000
ENTITY_ID=line_0045__seg_01
1000
SOURCE_HANDLE=2C1
1000
LINE_ROLE=side_seam
1000
EDGE=side_seam
1000
CHAIN=chain_ms1um92k
1000
PIECE_ID=front_left_manual_01
1000
SEAM_PAIR=
1000
PAIRED_CHAIN=
1000
NOTCH_CHAIN=
1000
NOTCH_SOURCE=
1000
PIECE_ROLE=front_left
1000
SEAM_ALLOWANCE_MM=
1000
SOURCE_LAYER=11
0
VERTEX
8
AI4M_01_ATOM_INTERNAL
10
6789.145546
20
257.632258
30
0
0
VERTEX
8
AI4M_01_ATOM_INTERNAL
10
6784.154945
20
256.615319
30
0
0
VERTEX
8
AI4M_01_ATOM_INTERNAL
10
6780.3852
20
255.600612
30
0
0
VERTEX
8
AI4M_01_ATOM_INTERNAL
10
6776.822736
20
254.388015
30
0
0
VERTEX
8
AI4M_01_ATOM_INTERNAL
10
6773.519229
20
253.001958
30
0
0
VERTEX
8
AI4M_01_ATOM_INTERNAL
10
6770.116079
20
251.294971
30
0
0
VERTEX
8
AI4M_01_ATOM_INTERNAL
10
6766.766014
20
249.335731
30
0
0
VERTEX
8
AI4M_01_ATOM_INTERNAL
10
6763.474769
20
247.12728
30
0
0
VERTEX
8
AI4M_01_ATOM_INTERNAL
10
6760.201015
20
244.632424
30
0
0
VERTEX
8
AI4M_01_ATOM_INTERNAL
10
6756.991146
20
241.874781
30
0
0
VERTEX
8
AI4M_01_ATOM_INTERNAL
10
6753.831786
20
238.828089
30
0
0
VERTEX
8
AI4M_01_ATOM_INTERNAL
10
6750.796239
20
235.549763
30
0
0
VERTEX
8
AI4M_01_ATOM_INTERNAL
10
6747.944085
20
232.105691
30
0
0
VERTEX
8
AI4M_01_ATOM_INTERNAL
10
6745.226254
20
228.439259
30
0
0
VERTEX
8
AI4M_01_ATOM_INTERNAL
10
6742.640056
20
224.539126
30
0
0
VERTEX
8
AI4M_01_ATOM_INTERNAL
10
6740.184518
20
220.389848
30
0
0
VERTEX
8
AI4M_01_ATOM_INTERNAL
10
6737.882307
20
216.008599
30
0
0
VERTEX
8
AI4M_01_ATOM_INTERNAL
10
6735.743154
20
211.401811
30
0
0
VERTEX
8
AI4M_01_ATOM_INTERNAL
10
6733.817407
20
206.681652
30
0
0
VERTEX
8
AI4M_01_ATOM_INTERNAL
10
6732.01509
20
201.595127
30
0
0
VERTEX
8
AI4M_01_ATOM_INTERNAL
10
6730.437276
20
196.402462
30
0
0
VERTEX
8
AI4M_01_ATOM_INTERNAL
10
6729.076084
20
191.081916
30
0
0
VERTEX
8
AI4M_01_ATOM_INTERNAL
10
6727.895699
20
185.463069
30
0
0
VERTEX
8
AI4M_01_ATOM_INTERNAL
10
6726.853643
20
179.256672
30
0
0
VERTEX
8
AI4M_01_ATOM_INTERNAL
10
6725.942928
20
172.260919
30
0
0
VERTEX
8
AI4M_01_ATOM_INTERNAL
10
6725.106828
20
163.796907
30
0
0
VERTEX
8
AI4M_01_ATOM_INTERNAL
10
6724.381282
20
153.747745
30
0
0
VERTEX
8
AI4M_01_ATOM_INTERNAL
10
6723.762929
20
141.417804
30
0
0
VERTEX
8
AI4M_01_ATOM_INTERNAL
10
6723.29085
20
126.815826
30
0
0
VERTEX
8
AI4M_01_ATOM_INTERNAL
10
6723.201942
20
122.906936
30
0
0
SEQEND
8
AI4M_01_ATOM_INTERNAL
0
TEXT
8
AI4M_01_ATOM_INTERNAL
10
6789.145546
20
257.632258
30
0
40
2.5
1
AI4M_line_0045__seg_01_side_seam_side_seam
1001
AI4MANUFACTURING
1000
WRITEBACK_PHASE=01_ATOM_LABEL
1000
ENTITY_ID=line_0045__seg_01
999
AI4M_ENTITY=line_0046;LINE_ROLE=cut_line;EDGE=unknown;SOURCE_LAYER=11
0
POLYLINE
8
AI4M_01_ATOM_CUT
66
1
70
0
1001
AI4MANUFACTURING
1000
WRITEBACK_PHASE=01_ATOM
1000
ENTITY_ID=line_0046
1000
SOURCE_HANDLE=2E2
1000
LINE_ROLE=cut_line
1000
EDGE=unknown
1000
CHAIN=chain_ms1um92k
1000
PIECE_ID=front_left_manual_01
1000
SEAM_PAIR=
1000
PAIRED_CHAIN=
1000
NOTCH_CHAIN=
1000
NOTCH_SOURCE=
1000
PIECE_ROLE=front_left
1000
SEAM_ALLOWANCE_MM=
1000
SOURCE_LAYER=11
0
VERTEX
8
AI4M_01_ATOM_CUT
10
6736.73619
20
207.287424
30
0
0
VERTEX
8
AI4M_01_ATOM_CUT
10
6732.091175
20
209.137785
30
0
0
SEQEND
8
AI4M_01_ATOM_CUT
0
TEXT
8
AI4M_01_ATOM_CUT
10
6736.73619
20
207.287424
30
0
40
2.5
1
AI4M_line_0046_cut_line_unknown
1001
AI4MANUFACTURING
1000
WRITEBACK_PHASE=01_ATOM_LABEL
1000
ENTITY_ID=line_0046
999
AI4M_ENTITY=line_0047;LINE_ROLE=cut_line;EDGE=unknown;SOURCE_LAYER=11
0
POLYLINE
8
AI4M_01_ATOM_CUT
66
1
70
0
1001
AI4MANUFACTURING
1000
WRITEBACK_PHASE=01_ATOM
1000
ENTITY_ID=line_0047
1000
SOURCE_HANDLE=2E3
1000
LINE_ROLE=cut_line
1000
EDGE=unknown
1000
CHAIN=chain_ms1um92k
1000
PIECE_ID=front_left_manual_01
1000
SEAM_PAIR=
1000
PAIRED_CHAIN=
1000
NOTCH_CHAIN=
1000
NOTCH_SOURCE=
1000
PIECE_ROLE=front_left
1000
SEAM_ALLOWANCE_MM=
1000
SOURCE_LAYER=11
0
VERTEX
8
AI4M_01_ATOM_CUT
10
6726.161209
20
138.806831
30
0
0
VERTEX
8
AI4M_01_ATOM_CUT
10
6721.164667
20
138.992745
30
0
0
SEQEND
8
AI4M_01_ATOM_CUT
0
TEXT
8
AI4M_01_ATOM_CUT
10
6726.161209
20
138.806831
30
0
40
2.5
1
AI4M_line_0047_cut_line_unknown
1001
AI4MANUFACTURING
1000
WRITEBACK_PHASE=01_ATOM_LABEL
1000
ENTITY_ID=line_0047
999
AI4M_ENTITY=line_0048;LINE_ROLE=cut_line;EDGE=unknown;SOURCE_LAYER=11
0
POLYLINE
8
AI4M_01_ATOM_CUT
66
1
70
0
1001
AI4MANUFACTURING
1000
WRITEBACK_PHASE=01_ATOM
1000
ENTITY_ID=line_0048
1000
SOURCE_HANDLE=2E4
1000
LINE_ROLE=cut_line
1000
EDGE=unknown
1000
CHAIN=chain_ms1um92k
1000
PIECE_ID=front_left_manual_01
1000
SEAM_PAIR=
1000
PAIRED_CHAIN=
1000
NOTCH_CHAIN=
1000
NOTCH_SOURCE=
1000
PIECE_ROLE=front_left
1000
SEAM_ALLOWANCE_MM=
1000
SOURCE_LAYER=11
0
VERTEX
8
AI4M_01_ATOM_CUT
10
6725.701448
20
122.857248
30
0
0
VERTEX
8
AI4M_01_ATOM_CUT
10
6720.70248
20
122.958853
30
0
0
SEQEND
8
AI4M_01_ATOM_CUT
0
TEXT
8
AI4M_01_ATOM_CUT
10
6725.701448
20
122.857248
30
0
40
2.5
1
AI4M_line_0048_cut_line_unknown
1001
AI4MANUFACTURING
1000
WRITEBACK_PHASE=01_ATOM_LABEL
1000
ENTITY_ID=line_0048
999
AI4M_ENTITY=line_0049__seg_01;LINE_ROLE=side_seam;EDGE=side_seam;SOURCE_LAYER=11
0
POLYLINE
8
AI4M_01_ATOM_INTERNAL
66
1
70
0
1001
AI4MANUFACTURING
1000
WRITEBACK_PHASE=01_ATOM
1000
ENTITY_ID=line_0049__seg_01
1000
SOURCE_HANDLE=2E5
1000
LINE_ROLE=side_seam
1000
EDGE=side_seam
1000
CHAIN=chain_ms1um92k
1000
PIECE_ID=front_left_manual_01
1000
SEAM_PAIR=
1000
PAIRED_CHAIN=
1000
NOTCH_CHAIN=
1000
NOTCH_SOURCE=
1000
PIECE_ROLE=front_left
1000
SEAM_ALLOWANCE_MM=
1000
SOURCE_LAYER=11
0
VERTEX
8
AI4M_01_ATOM_INTERNAL
10
6723.201942
20
122.906936
30
0
0
VERTEX
8
AI4M_01_ATOM_INTERNAL
10
6722.977341
20
107.493226
30
0
0
VERTEX
8
AI4M_01_ATOM_INTERNAL
10
6722.936791
20
92.351603
30
0
0
VERTEX
8
AI4M_01_ATOM_INTERNAL
10
6723.051893
20
77.115653
30
0
0
VERTEX
8
AI4M_01_ATOM_INTERNAL
10
6723.337699
20
61.931249
30
0
0
VERTEX
8
AI4M_01_ATOM_INTERNAL
10
6723.759257
20
46.973438
30
0
0
VERTEX
8
AI4M_01_ATOM_INTERNAL
10
6723.89347
20
42.92085
30
0
0
SEQEND
8
AI4M_01_ATOM_INTERNAL
0
TEXT
8
AI4M_01_ATOM_INTERNAL
10
6723.201942
20
122.906936
30
0
40
2.5
1
AI4M_line_0049__seg_01_side_seam_side_seam
1001
AI4MANUFACTURING
1000
WRITEBACK_PHASE=01_ATOM_LABEL
1000
ENTITY_ID=line_0049__seg_01
999
AI4M_ENTITY=line_0050__seg_01;LINE_ROLE=hem_line;EDGE=hem_line;SOURCE_LAYER=11
0
POLYLINE
8
AI4M_01_ATOM_INTERNAL
66
1
70
0
1001
AI4MANUFACTURING
1000
WRITEBACK_PHASE=01_ATOM
1000
ENTITY_ID=line_0050__seg_01
1000
SOURCE_HANDLE=2EF
1000
LINE_ROLE=hem_line
1000
EDGE=hem_line
1000
CHAIN=chain_ms1um92k
1000
PIECE_ID=front_left_manual_01
1000
SEAM_PAIR=
1000
PAIRED_CHAIN=
1000
NOTCH_CHAIN=
1000
NOTCH_SOURCE=
1000
PIECE_ROLE=front_left
1000
SEAM_ALLOWANCE_MM=
1000
SOURCE_LAYER=11
0
VERTEX
8
AI4M_01_ATOM_INTERNAL
10
6723.89347
20
42.92085
30
0
0
VERTEX
8
AI4M_01_ATOM_INTERNAL
10
6708.396176
20
41.254239
30
0
0
VERTEX
8
AI4M_01_ATOM_INTERNAL
10
6692.966613
20
39.634531
30
0
0
VERTEX
8
AI4M_01_ATOM_INTERNAL
10
6677.457631
20
38.049842
30
0
0
VERTEX
8
AI4M_01_ATOM_INTERNAL
10
6662.416183
20
36.566682
30
0
0
VERTEX
8
AI4M_01_ATOM_INTERNAL
10
6646.967904
20
35.103874
30
0
0
VERTEX
8
AI4M_01_ATOM_INTERNAL
10
6631.51414
20
33.699172
30
0
0
VERTEX
8
AI4M_01_ATOM_INTERNAL
10
6616.541848
20
32.392246
30
0
0
VERTEX
8
AI4M_01_ATOM_INTERNAL
10
6601.077937
20
31.103872
30
0
0
VERTEX
8
AI4M_01_ATOM_INTERNAL
10
6585.608271
20
29.887549
30
0
0
VERTEX
8
AI4M_01_ATOM_INTERNAL
10
6570.269998
20
28.762101
30
0
0
VERTEX
8
AI4M_01_ATOM_INTERNAL
10
6554.788171
20
27.711635
30
0
0
VERTEX
8
AI4M_01_ATOM_INTERNAL
10
6539.360623
20
26.75311
30
0
0
VERTEX
8
AI4M_01_ATOM_INTERNAL
10
6523.867634
20
25.88124
30
0
0
VERTEX
8
AI4M_01_ATOM_INTERNAL
10
6508.860096
20
25.124863
30
0
0
VERTEX
8
AI4M_01_ATOM_INTERNAL
10
6493.358006
20
24.436359
30
0
0
VERTEX
8
AI4M_01_ATOM_INTERNAL
10
6478.342389
20
23.861169
30
0
0
VERTEX
8
AI4M_01_ATOM_INTERNAL
10
6462.832918
20
23.363713
30
0
0
VERTEX
8
AI4M_01_ATOM_INTERNAL
10
6447.32048
20
22.966357
30
0
0
VERTEX
8
AI4M_01_ATOM_INTERNAL
10
6432.298009
20
22.678885
30
0
0
VERTEX
8
AI4M_01_ATOM_INTERNAL
10
6416.781629
20
22.484142
30
0
0
VERTEX
8
AI4M_01_ATOM_INTERNAL
10
6402.11225
20
22.39735
30
0
0
VERTEX
8
AI4M_01_ATOM_INTERNAL
10
6389.114418
20
22.393754
30
0
0
SEQEND
8
AI4M_01_ATOM_INTERNAL
0
TEXT
8
AI4M_01_ATOM_INTERNAL
10
6723.89347
20
42.92085
30
0
40
2.5
1
AI4M_line_0050__seg_01_hem_line_hem_line
1001
AI4MANUFACTURING
1000
WRITEBACK_PHASE=01_ATOM_LABEL
1000
ENTITY_ID=line_0050__seg_01
999
AI4M_ENTITY=line_0051;LINE_ROLE=hem_line;EDGE=hem_line;SOURCE_LAYER=11
0
POLYLINE
8
AI4M_01_ATOM_INTERNAL
66
1
70
0
1001
AI4MANUFACTURING
1000
WRITEBACK_PHASE=01_ATOM
1000
ENTITY_ID=line_0051
1000
SOURCE_HANDLE=309
1000
LINE_ROLE=hem_line
1000
EDGE=hem_line
1000
CHAIN=chain_ms1um92k
1000
PIECE_ID=front_left_manual_01
1000
SEAM_PAIR=
1000
PAIRED_CHAIN=
1000
NOTCH_CHAIN=
1000
NOTCH_SOURCE=
1000
PIECE_ROLE=front_left
1000
SEAM_ALLOWANCE_MM=
1000
SOURCE_LAYER=11
0
VERTEX
8
AI4M_01_ATOM_INTERNAL
10
6389.114418
20
22.393754
30
0
0
VERTEX
8
AI4M_01_ATOM_INTERNAL
10
6374.114418
20
22.393754
30
0
0
SEQEND
8
AI4M_01_ATOM_INTERNAL
0
TEXT
8
AI4M_01_ATOM_INTERNAL
10
6389.114418
20
22.393754
30
0
40
2.5
1
AI4M_line_0051_hem_line_hem_line
1001
AI4MANUFACTURING
1000
WRITEBACK_PHASE=01_ATOM_LABEL
1000
ENTITY_ID=line_0051
999
AI4M_ENTITY=line_0052__seg_01;LINE_ROLE=center_front;EDGE=center_front;SOURCE_LAYER=11
0
POLYLINE
8
AI4M_01_ATOM_INTERNAL
66
1
70
0
1001
AI4MANUFACTURING
1000
WRITEBACK_PHASE=01_ATOM
1000
ENTITY_ID=line_0052__seg_01
1000
SOURCE_HANDLE=30E
1000
LINE_ROLE=center_front
1000
EDGE=center_front
1000
CHAIN=chain_ms1um92k
1000
PIECE_ID=front_left_manual_01
1000
SEAM_PAIR=
1000
PAIRED_CHAIN=
1000
NOTCH_CHAIN=
1000
NOTCH_SOURCE=
1000
PIECE_ROLE=front_left
1000
SEAM_ALLOWANCE_MM=
1000
SOURCE_LAYER=11
0
VERTEX
8
AI4M_01_ATOM_INTERNAL
10
6374.114418
20
582.527087
30
0
0
VERTEX
8
AI4M_01_ATOM_INTERNAL
10
6374.114418
20
566.988942
30
0
0
VERTEX
8
AI4M_01_ATOM_INTERNAL
10
6374.114418
20
551.134131
30
0
0
VERTEX
8
AI4M_01_ATOM_INTERNAL
10
6374.114418
20
535.327014
30
0
0
VERTEX
8
AI4M_01_ATOM_INTERNAL
10
6374.114418
20
520.069156
30
0
0
VERTEX
8
AI4M_01_ATOM_INTERNAL
10
6374.114418
20
504.438593
30
0
0
VERTEX
8
AI4M_01_ATOM_INTERNAL
10
6374.114418
20
488.872893
30
0
0
VERTEX
8
AI4M_01_ATOM_INTERNAL
10
6374.114418
20
473.71771
30
0
0
VERTEX
8
AI4M_01_ATOM_INTERNAL
10
6374.114418
20
458.112995
30
0
0
VERTEX
8
AI4M_01_ATOM_INTERNAL
10
6374.114418
20
442.211157
30
0
0
VERTEX
8
AI4M_01_ATOM_INTERNAL
10
6374.114418
20
426.975904
30
0
0
VERTEX
8
AI4M_01_ATOM_INTERNAL
10
6374.114418
20
410.907604
30
0
0
VERTEX
8
AI4M_01_ATOM_INTERNAL
10
6374.114418
20
394.839303
30
0
0
VERTEX
8
AI4M_01_ATOM_INTERNAL
10
6374.114418
20
378.771003
30
0
0
VERTEX
8
AI4M_01_ATOM_INTERNAL
10
6374.114418
20
363.369135
30
0
0
VERTEX
8
AI4M_01_ATOM_INTERNAL
10
6374.114418
20
347.300835
30
0
0
VERTEX
8
AI4M_01_ATOM_INTERNAL
10
6374.114418
20
331.232535
30
0
0
VERTEX
8
AI4M_01_ATOM_INTERNAL
10
6374.114418
20
315.892466
30
0
0
VERTEX
8
AI4M_01_ATOM_INTERNAL
10
6374.114418
20
299.824166
30
0
0
VERTEX
8
AI4M_01_ATOM_INTERNAL
10
6374.114418
20
283.755867
30
0
0
VERTEX
8
AI4M_01_ATOM_INTERNAL
10
6374.114418
20
268.354
30
0
0
VERTEX
8
AI4M_01_ATOM_INTERNAL
10
6374.114418
20
252.285702
30
0
0
VERTEX
8
AI4M_01_ATOM_INTERNAL
10
6374.114418
20
236.217404
30
0
0
VERTEX
8
AI4M_01_ATOM_INTERNAL
10
6374.114418
20
220.877335
30
0
0
VERTEX
8
AI4M_01_ATOM_INTERNAL
10
6374.114418
20
204.809036
30
0
0
VERTEX
8
AI4M_01_ATOM_INTERNAL
10
6374.114418
20
188.740736
30
0
0
VERTEX
8
AI4M_01_ATOM_INTERNAL
10
6374.114418
20
172.672436
30
0
0
VERTEX
8
AI4M_01_ATOM_INTERNAL
10
6374.114418
20
157.157545
30
0
0
VERTEX
8
AI4M_01_ATOM_INTERNAL
10
6374.114418
20
141.089244
30
0
0
VERTEX
8
AI4M_01_ATOM_INTERNAL
10
6374.114418
20
125.020943
30
0
0
VERTEX
8
AI4M_01_ATOM_INTERNAL
10
6374.114418
20
109.680833
30
0
0
VERTEX
8
AI4M_01_ATOM_INTERNAL
10
6374.114418
20
93.612532
30
0
0
VERTEX
8
AI4M_01_ATOM_INTERNAL
10
6374.114418
20
77.544232
30
0
0
VERTEX
8
AI4M_01_ATOM_INTERNAL
10
6374.114418
20
61.903669
30
0
0
VERTEX
8
AI4M_01_ATOM_INTERNAL
10
6374.114418
20
46.646107
30
0
0
VERTEX
8
AI4M_01_ATOM_INTERNAL
10
6374.114418
20
31.577092
30
0
0
VERTEX
8
AI4M_01_ATOM_INTERNAL
10
6374.114418
20
22.393811
30
0
0
SEQEND
8
AI4M_01_ATOM_INTERNAL
0
TEXT
8
AI4M_01_ATOM_INTERNAL
10
6374.114418
20
582.527087
30
0
40
2.5
1
AI4M_line_0052__seg_01_center_front_center_front
1001
AI4MANUFACTURING
1000
WRITEBACK_PHASE=01_ATOM_LABEL
1000
ENTITY_ID=line_0052__seg_01
999
AI4M_ENTITY=line_0053__seg_01;LINE_ROLE=construction;EDGE=construction_horizontal;SOURCE_LAYER=11
0
POLYLINE
8
AI4M_01_ATOM_INTERNAL
66
1
70
0
1001
AI4MANUFACTURING
1000
WRITEBACK_PHASE=01_ATOM
1000
ENTITY_ID=line_0053__seg_01
1000
SOURCE_HANDLE=336
1000
LINE_ROLE=construction
1000
EDGE=construction_horizontal
1000
CHAIN=chain_ms1um92k
1000
PIECE_ID=front_left_manual_01
1000
SEAM_PAIR=
1000
PAIRED_CHAIN=
1000
NOTCH_CHAIN=
1000
NOTCH_SOURCE=
1000
PIECE_ROLE=front_left
1000
SEAM_ALLOWANCE_MM=
1000
SOURCE_LAYER=11
0
VERTEX
8
AI4M_01_ATOM_INTERNAL
10
6729.121742
20
191.313003
30
0
0
VERTEX
8
AI4M_01_ATOM_INTERNAL
10
6713.391118
20
191.313003
30
0
0
VERTEX
8
AI4M_01_ATOM_INTERNAL
10
6697.869498
20
191.313003
30
0
0
VERTEX
8
AI4M_01_ATOM_INTERNAL
10
6682.380303
20
191.313003
30
0
0
VERTEX
8
AI4M_01_ATOM_INTERNAL
10
6667.068686
20
191.313003
30
0
0
VERTEX
8
AI4M_01_ATOM_INTERNAL
10
6651.774453
20
191.313003
30
0
0
VERTEX
8
AI4M_01_ATOM_INTERNAL
10
6636.480198
20
191.313003
30
0
0
VERTEX
8
AI4M_01_ATOM_INTERNAL
10
6621.360448
20
191.313003
30
0
0
VERTEX
8
AI4M_01_ATOM_INTERNAL
10
6606.06619
20
191.313003
30
0
0
VERTEX
8
AI4M_01_ATOM_INTERNAL
10
6590.771947
20
191.313003
30
0
0
VERTEX
8
AI4M_01_ATOM_INTERNAL
10
6575.477725
20
191.313003
30
0
0
VERTEX
8
AI4M_01_ATOM_INTERNAL
10
6559.638375
20
191.313003
30
0
0
VERTEX
8
AI4M_01_ATOM_INTERNAL
10
6544.344217
20
191.313003
30
0
0
VERTEX
8
AI4M_01_ATOM_INTERNAL
10
6529.050087
20
191.313003
30
0
0
VERTEX
8
AI4M_01_ATOM_INTERNAL
10
6513.211431
20
191.313003
30
0
0
VERTEX
8
AI4M_01_ATOM_INTERNAL
10
6497.917332
20
191.313003
30
0
0
VERTEX
8
AI4M_01_ATOM_INTERNAL
10
6482.623219
20
191.313003
30
0
0
VERTEX
8
AI4M_01_ATOM_INTERNAL
10
6467.329067
20
191.313003
30
0
0
VERTEX
8
AI4M_01_ATOM_INTERNAL
10
6452.165897
20
191.313003
30
0
0
VERTEX
8
AI4M_01_ATOM_INTERNAL
10
6436.871645
20
191.313003
30
0
0
VERTEX
8
AI4M_01_ATOM_INTERNAL
10
6421.577374
20
191.313003
30
0
0
VERTEX
8
AI4M_01_ATOM_INTERNAL
10
6406.025787
20
191.313003
30
0
0
VERTEX
8
AI4M_01_ATOM_INTERNAL
10
6391.280053
20
191.313003
30
0
0
VERTEX
8
AI4M_01_ATOM_INTERNAL
10
6389.114418
20
191.313003
30
0
0
SEQEND
8
AI4M_01_ATOM_INTERNAL
0
TEXT
8
AI4M_01_ATOM_INTERNAL
10
6729.121742
20
191.313003
30
0
40
2.5
1
AI4M_line_0053__seg_01_construction_construction_horizontal
1001
AI4MANUFACTURING
1000
WRITEBACK_PHASE=01_ATOM_LABEL
1000
ENTITY_ID=line_0053__seg_01
999
AI4M_ENTITY=line_0054__seg_01;LINE_ROLE=cut_line;EDGE=unknown;SOURCE_LAYER=11
0
POLYLINE
8
AI4M_01_ATOM_CUT
66
1
70
0
1001
AI4MANUFACTURING
1000
WRITEBACK_PHASE=01_ATOM
1000
ENTITY_ID=line_0054__seg_01
1000
SOURCE_HANDLE=351
1000
LINE_ROLE=cut_line
1000
EDGE=unknown
1000
CHAIN=chain_ms1um92k
1000
PIECE_ID=front_left_manual_01
1000
SEAM_PAIR=
1000
PAIRED_CHAIN=
1000
NOTCH_CHAIN=
1000
NOTCH_SOURCE=
1000
PIECE_ROLE=front_left
1000
SEAM_ALLOWANCE_MM=
1000
SOURCE_LAYER=11
0
VERTEX
8
AI4M_01_ATOM_CUT
10
6792.477455
20
257.237971
30
0
0
VERTEX
8
AI4M_01_ATOM_CUT
10
6792.822914
20
259.195827
30
0
0
SEQEND
8
AI4M_01_ATOM_CUT
0
TEXT
8
AI4M_01_ATOM_CUT
10
6792.477455
20
257.237971
30
0
40
2.5
1
AI4M_line_0054__seg_01_cut_line_unknown
1001
AI4MANUFACTURING
1000
WRITEBACK_PHASE=01_ATOM_LABEL
1000
ENTITY_ID=line_0054__seg_01
999
AI4M_ENTITY=line_0054__seg_02;LINE_ROLE=cut_line;EDGE=unknown;SOURCE_LAYER=11
0
POLYLINE
8
AI4M_01_ATOM_CUT
66
1
70
0
1001
AI4MANUFACTURING
1000
WRITEBACK_PHASE=01_ATOM
1000
ENTITY_ID=line_0054__seg_02
1000
SOURCE_HANDLE=351
1000
LINE_ROLE=cut_line
1000
EDGE=unknown
1000
CHAIN=chain_ms1um92k
1000
PIECE_ID=front_left_manual_01
1000
SEAM_PAIR=
1000
PAIRED_CHAIN=
1000
NOTCH_CHAIN=
1000
NOTCH_SOURCE=
1000
PIECE_ROLE=front_left
1000
SEAM_ALLOWANCE_MM=
1000
SOURCE_LAYER=11
0
VERTEX
8
AI4M_01_ATOM_CUT
10
6792.822914
20
259.195827
30
0
0
VERTEX
8
AI4M_01_ATOM_CUT
10
6793.442421
20
257.307361
30
0
0
SEQEND
8
AI4M_01_ATOM_CUT
0
TEXT
8
AI4M_01_ATOM_CUT
10
6792.822914
20
259.195827
30
0
40
2.5
1
AI4M_line_0054__seg_02_cut_line_unknown
1001
AI4MANUFACTURING
1000
WRITEBACK_PHASE=01_ATOM_LABEL
1000
ENTITY_ID=line_0054__seg_02
999
AI4M_ENTITY=line_0054__seg_03;LINE_ROLE=cut_line;EDGE=unknown;SOURCE_LAYER=11
0
POLYLINE
8
AI4M_01_ATOM_CUT
66
1
70
0
1001
AI4MANUFACTURING
1000
WRITEBACK_PHASE=01_ATOM
1000
ENTITY_ID=line_0054__seg_03
1000
SOURCE_HANDLE=351
1000
LINE_ROLE=cut_line
1000
EDGE=unknown
1000
CHAIN=chain_ms1um92k
1000
PIECE_ID=front_left_manual_01
1000
SEAM_PAIR=
1000
PAIRED_CHAIN=
1000
NOTCH_CHAIN=
1000
NOTCH_SOURCE=
1000
PIECE_ROLE=front_left
1000
SEAM_ALLOWANCE_MM=
1000
SOURCE_LAYER=11
0
VERTEX
8
AI4M_01_ATOM_CUT
10
6793.442421
20
257.307361
30
0
0
VERTEX
8
AI4M_01_ATOM_CUT
10
6793.784217
20
259.265368
30
0
0
SEQEND
8
AI4M_01_ATOM_CUT
0
TEXT
8
AI4M_01_ATOM_CUT
10
6793.442421
20
257.307361
30
0
40
2.5
1
AI4M_line_0054__seg_03_cut_line_unknown
1001
AI4MANUFACTURING
1000
WRITEBACK_PHASE=01_ATOM_LABEL
1000
ENTITY_ID=line_0054__seg_03
999
AI4M_ENTITY=line_0054__seg_04;LINE_ROLE=cut_line;EDGE=unknown;SOURCE_LAYER=11
0
POLYLINE
8
AI4M_01_ATOM_CUT
66
1
70
0
1001
AI4MANUFACTURING
1000
WRITEBACK_PHASE=01_ATOM
1000
ENTITY_ID=line_0054__seg_04
1000
SOURCE_HANDLE=351
1000
LINE_ROLE=cut_line
1000
EDGE=unknown
1000
CHAIN=chain_ms1um92k
1000
PIECE_ID=front_left_manual_01
1000
SEAM_PAIR=
1000
PAIRED_CHAIN=
1000
NOTCH_CHAIN=
1000
NOTCH_SOURCE=
1000
PIECE_ROLE=front_left
1000
SEAM_ALLOWANCE_MM=
1000
SOURCE_LAYER=11
0
VERTEX
8
AI4M_01_ATOM_CUT
10
6793.784217
20
259.265368
30
0
0
VERTEX
8
AI4M_01_ATOM_CUT
10
6794.403114
20
257.376788
30
0
0
SEQEND
8
AI4M_01_ATOM_CUT
0
TEXT
8
AI4M_01_ATOM_CUT
10
6793.784217
20
259.265368
30
0
40
2.5
1
AI4M_line_0054__seg_04_cut_line_unknown
1001
AI4MANUFACTURING
1000
WRITEBACK_PHASE=01_ATOM_LABEL
1000
ENTITY_ID=line_0054__seg_04
999
AI4M_ENTITY=line_0054__seg_05;LINE_ROLE=cut_line;EDGE=unknown;SOURCE_LAYER=11
0
POLYLINE
8
AI4M_01_ATOM_CUT
66
1
70
0
1001
AI4MANUFACTURING
1000
WRITEBACK_PHASE=01_ATOM
1000
ENTITY_ID=line_0054__seg_05
1000
SOURCE_HANDLE=351
1000
LINE_ROLE=cut_line
1000
EDGE=unknown
1000
CHAIN=chain_ms1um92k
1000
PIECE_ID=front_left_manual_01
1000
SEAM_PAIR=
1000
PAIRED_CHAIN=
1000
NOTCH_CHAIN=
1000
NOTCH_SOURCE=
1000
PIECE_ROLE=front_left
1000
SEAM_ALLOWANCE_MM=
1000
SOURCE_LAYER=11
0
VERTEX
8
AI4M_01_ATOM_CUT
10
6794.403114
20
257.376788
30
0
0
VERTEX
8
AI4M_01_ATOM_CUT
10
6794.74308
20
259.334796
30
0
0
SEQEND
8
AI4M_01_ATOM_CUT
0
TEXT
8
AI4M_01_ATOM_CUT
10
6794.403114
20
257.376788
30
0
40
2.5
1
AI4M_line_0054__seg_05_cut_line_unknown
1001
AI4MANUFACTURING
1000
WRITEBACK_PHASE=01_ATOM_LABEL
1000
ENTITY_ID=line_0054__seg_05
999
AI4M_ENTITY=line_0054__seg_06;LINE_ROLE=cut_line;EDGE=unknown;SOURCE_LAYER=11
0
POLYLINE
8
AI4M_01_ATOM_CUT
66
1
70
0
1001
AI4MANUFACTURING
1000
WRITEBACK_PHASE=01_ATOM
1000
ENTITY_ID=line_0054__seg_06
1000
SOURCE_HANDLE=351
1000
LINE_ROLE=cut_line
1000
EDGE=unknown
1000
CHAIN=chain_ms1um92k
1000
PIECE_ID=front_left_manual_01
1000
SEAM_PAIR=
1000
PAIRED_CHAIN=
1000
NOTCH_CHAIN=
1000
NOTCH_SOURCE=
1000
PIECE_ROLE=front_left
1000
SEAM_ALLOWANCE_MM=
1000
SOURCE_LAYER=11
0
VERTEX
8
AI4M_01_ATOM_CUT
10
6794.74308
20
259.334796
30
0
0
VERTEX
8
AI4M_01_ATOM_CUT
10
6795.364418
20
257.446216
30
0
0
SEQEND
8
AI4M_01_ATOM_CUT
0
TEXT
8
AI4M_01_ATOM_CUT
10
6794.74308
20
259.334796
30
0
40
2.5
1
AI4M_line_0054__seg_06_cut_line_unknown
1001
AI4MANUFACTURING
1000
WRITEBACK_PHASE=01_ATOM_LABEL
1000
ENTITY_ID=line_0054__seg_06
999
AI4M_ENTITY=line_0054__seg_07;LINE_ROLE=cut_line;EDGE=unknown;SOURCE_LAYER=11
0
POLYLINE
8
AI4M_01_ATOM_CUT
66
1
70
0
1001
AI4MANUFACTURING
1000
WRITEBACK_PHASE=01_ATOM
1000
ENTITY_ID=line_0054__seg_07
1000
SOURCE_HANDLE=351
1000
LINE_ROLE=cut_line
1000
EDGE=unknown
1000
CHAIN=chain_ms1um92k
1000
PIECE_ID=front_left_manual_01
1000
SEAM_PAIR=
1000
PAIRED_CHAIN=
1000
NOTCH_CHAIN=
1000
NOTCH_SOURCE=
1000
PIECE_ROLE=front_left
1000
SEAM_ALLOWANCE_MM=
1000
SOURCE_LAYER=11
0
VERTEX
8
AI4M_01_ATOM_CUT
10
6795.364418
20
257.446216
30
0
0
VERTEX
8
AI4M_01_ATOM_CUT
10
6795.706215
20
259.404223
30
0
0
SEQEND
8
AI4M_01_ATOM_CUT
0
TEXT
8
AI4M_01_ATOM_CUT
10
6795.364418
20
257.446216
30
0
40
2.5
1
AI4M_line_0054__seg_07_cut_line_unknown
1001
AI4MANUFACTURING
1000
WRITEBACK_PHASE=01_ATOM_LABEL
1000
ENTITY_ID=line_0054__seg_07
999
AI4M_ENTITY=line_0054__seg_08;LINE_ROLE=cut_line;EDGE=unknown;SOURCE_LAYER=11
0
POLYLINE
8
AI4M_01_ATOM_CUT
66
1
70
0
1001
AI4MANUFACTURING
1000
WRITEBACK_PHASE=01_ATOM
1000
ENTITY_ID=line_0054__seg_08
1000
SOURCE_HANDLE=351
1000
LINE_ROLE=cut_line
1000
EDGE=unknown
1000
CHAIN=chain_ms1um92k
1000
PIECE_ID=front_left_manual_01
1000
SEAM_PAIR=
1000
PAIRED_CHAIN=
1000
NOTCH_CHAIN=
1000
NOTCH_SOURCE=
1000
PIECE_ROLE=front_left
1000
SEAM_ALLOWANCE_MM=
1000
SOURCE_LAYER=11
0
VERTEX
8
AI4M_01_ATOM_CUT
10
6795.706215
20
259.404223
30
0
0
VERTEX
8
AI4M_01_ATOM_CUT
10
6796.326942
20
257.515567
30
0
0
SEQEND
8
AI4M_01_ATOM_CUT
0
TEXT
8
AI4M_01_ATOM_CUT
10
6795.706215
20
259.404223
30
0
40
2.5
1
AI4M_line_0054__seg_08_cut_line_unknown
1001
AI4MANUFACTURING
1000
WRITEBACK_PHASE=01_ATOM_LABEL
1000
ENTITY_ID=line_0054__seg_08
999
AI4M_ENTITY=line_0054__seg_09;LINE_ROLE=cut_line;EDGE=unknown;SOURCE_LAYER=11
0
POLYLINE
8
AI4M_01_ATOM_CUT
66
1
70
0
1001
AI4MANUFACTURING
1000
WRITEBACK_PHASE=01_ATOM
1000
ENTITY_ID=line_0054__seg_09
1000
SOURCE_HANDLE=351
1000
LINE_ROLE=cut_line
1000
EDGE=unknown
1000
CHAIN=chain_ms1um92k
1000
PIECE_ID=front_left_manual_01
1000
SEAM_PAIR=
1000
PAIRED_CHAIN=
1000
NOTCH_CHAIN=
1000
NOTCH_SOURCE=
1000
PIECE_ROLE=front_left
1000
SEAM_ALLOWANCE_MM=
1000
SOURCE_LAYER=11
0
VERTEX
8
AI4M_01_ATOM_CUT
10
6796.326942
20
257.515567
30
0
0
VERTEX
8
AI4M_01_ATOM_CUT
10
6796.668739
20
259.473689
30
0
0
SEQEND
8
AI4M_01_ATOM_CUT
0
TEXT
8
AI4M_01_ATOM_CUT
10
6796.326942
20
257.515567
30
0
40
2.5
1
AI4M_line_0054__seg_09_cut_line_unknown
1001
AI4MANUFACTURING
1000
WRITEBACK_PHASE=01_ATOM_LABEL
1000
ENTITY_ID=line_0054__seg_09
999
AI4M_ENTITY=line_0054__seg_10;LINE_ROLE=cut_line;EDGE=unknown;SOURCE_LAYER=11
0
POLYLINE
8
AI4M_01_ATOM_CUT
66
1
70
0
1001
AI4MANUFACTURING
1000
WRITEBACK_PHASE=01_ATOM
1000
ENTITY_ID=line_0054__seg_10
1000
SOURCE_HANDLE=351
1000
LINE_ROLE=cut_line
1000
EDGE=unknown
1000
CHAIN=chain_ms1um92k
1000
PIECE_ID=front_left_manual_01
1000
SEAM_PAIR=
1000
PAIRED_CHAIN=
1000
NOTCH_CHAIN=
1000
NOTCH_SOURCE=
1000
PIECE_ROLE=front_left
1000
SEAM_ALLOWANCE_MM=
1000
SOURCE_LAYER=11
0
VERTEX
8
AI4M_01_ATOM_CUT
10
6796.668739
20
259.473689
30
0
0
VERTEX
8
AI4M_01_ATOM_CUT
10
6797.285804
20
257.585109
30
0
0
SEQEND
8
AI4M_01_ATOM_CUT
0
TEXT
8
AI4M_01_ATOM_CUT
10
6796.668739
20
259.473689
30
0
40
2.5
1
AI4M_line_0054__seg_10_cut_line_unknown
1001
AI4MANUFACTURING
1000
WRITEBACK_PHASE=01_ATOM_LABEL
1000
ENTITY_ID=line_0054__seg_10
999
AI4M_ENTITY=line_0054__seg_11;LINE_ROLE=cut_line;EDGE=unknown;SOURCE_LAYER=11
0
POLYLINE
8
AI4M_01_ATOM_CUT
66
1
70
0
1001
AI4MANUFACTURING
1000
WRITEBACK_PHASE=01_ATOM
1000
ENTITY_ID=line_0054__seg_11
1000
SOURCE_HANDLE=351
1000
LINE_ROLE=cut_line
1000
EDGE=unknown
1000
CHAIN=chain_ms1um92k
1000
PIECE_ID=front_left_manual_01
1000
SEAM_PAIR=
1000
PAIRED_CHAIN=
1000
NOTCH_CHAIN=
1000
NOTCH_SOURCE=
1000
PIECE_ROLE=front_left
1000
SEAM_ALLOWANCE_MM=
1000
SOURCE_LAYER=11
0
VERTEX
8
AI4M_01_ATOM_CUT
10
6797.285804
20
257.585109
30
0
0
VERTEX
8
AI4M_01_ATOM_CUT
10
6797.630043
20
259.54304
30
0
0
SEQEND
8
AI4M_01_ATOM_CUT
0
TEXT
8
AI4M_01_ATOM_CUT
10
6797.285804
20
257.585109
30
0
40
2.5
1
AI4M_line_0054__seg_11_cut_line_unknown
1001
AI4MANUFACTURING
1000
WRITEBACK_PHASE=01_ATOM_LABEL
1000
ENTITY_ID=line_0054__seg_11
999
AI4M_ENTITY=line_0055__seg_01;LINE_ROLE=placket_line;EDGE=placket_line;SOURCE_LAYER=11
0
POLYLINE
8
AI4M_01_ATOM_INTERNAL
66
1
70
0
1001
AI4MANUFACTURING
1000
WRITEBACK_PHASE=01_ATOM
1000
ENTITY_ID=line_0055__seg_01
1000
SOURCE_HANDLE=360
1000
LINE_ROLE=placket_line
1000
EDGE=placket_line
1000
CHAIN=chain_ms1um92k
1000
PIECE_ID=front_left_manual_01
1000
SEAM_PAIR=
1000
PAIRED_CHAIN=
1000
NOTCH_CHAIN=
1000
NOTCH_SOURCE=
1000
PIECE_ROLE=front_left
1000
SEAM_ALLOWANCE_MM=
1000
SOURCE_LAYER=11
0
VERTEX
8
AI4M_01_ATOM_INTERNAL
10
6402.112465
20
583.949283
30
0
0
VERTEX
8
AI4M_01_ATOM_INTERNAL
10
6402.112465
20
568.161923
30
0
0
VERTEX
8
AI4M_01_ATOM_INTERNAL
10
6402.112465
20
552.609622
30
0
0
VERTEX
8
AI4M_01_ATOM_INTERNAL
10
6402.112465
20
536.97213
30
0
0
VERTEX
8
AI4M_01_ATOM_INTERNAL
10
6402.112465
20
521.559418
30
0
0
VERTEX
8
AI4M_01_ATOM_INTERNAL
10
6402.112465
20
506.157747
30
0
0
VERTEX
8
AI4M_01_ATOM_INTERNAL
10
6402.112465
20
490.756077
30
0
0
VERTEX
8
AI4M_01_ATOM_INTERNAL
10
6402.112465
20
475.583518
30
0
0
VERTEX
8
AI4M_01_ATOM_INTERNAL
10
6402.112465
20
460.181843
30
0
0
VERTEX
8
AI4M_01_ATOM_INTERNAL
10
6402.112465
20
444.780164
30
0
0
VERTEX
8
AI4M_01_ATOM_INTERNAL
10
6402.112465
20
429.342121
30
0
0
VERTEX
8
AI4M_01_ATOM_INTERNAL
10
6402.112465
20
413.940439
30
0
0
VERTEX
8
AI4M_01_ATOM_INTERNAL
10
6402.112465
20
398.538756
30
0
0
VERTEX
8
AI4M_01_ATOM_INTERNAL
10
6402.112465
20
383.137072
30
0
0
VERTEX
8
AI4M_01_ATOM_INTERNAL
10
6402.112465
20
367.699062
30
0
0
VERTEX
8
AI4M_01_ATOM_INTERNAL
10
6402.112465
20
352.297377
30
0
0
VERTEX
8
AI4M_01_ATOM_INTERNAL
10
6402.112465
20
336.895693
30
0
0
VERTEX
8
AI4M_01_ATOM_INTERNAL
10
6402.112465
20
321.45765
30
0
0
VERTEX
8
AI4M_01_ATOM_INTERNAL
10
6402.112465
20
306.055972
30
0
0
VERTEX
8
AI4M_01_ATOM_INTERNAL
10
6402.112465
20
290.654295
30
0
0
VERTEX
8
AI4M_01_ATOM_INTERNAL
10
6402.112465
20
275.216295
30
0
0
VERTEX
8
AI4M_01_ATOM_INTERNAL
10
6402.112465
20
259.814618
30
0
0
VERTEX
8
AI4M_01_ATOM_INTERNAL
10
6402.112465
20
244.41294
30
0
0
VERTEX
8
AI4M_01_ATOM_INTERNAL
10
6402.112465
20
228.902724
30
0
0
VERTEX
8
AI4M_01_ATOM_INTERNAL
10
6402.112465
20
213.501043
30
0
0
VERTEX
8
AI4M_01_ATOM_INTERNAL
10
6402.112465
20
198.099361
30
0
0
VERTEX
8
AI4M_01_ATOM_INTERNAL
10
6402.112465
20
182.69768
30
0
0
VERTEX
8
AI4M_01_ATOM_INTERNAL
10
6402.112465
20
167.187443
30
0
0
VERTEX
8
AI4M_01_ATOM_INTERNAL
10
6402.112465
20
151.785764
30
0
0
VERTEX
8
AI4M_01_ATOM_INTERNAL
10
6402.112465
20
136.384084
30
0
0
VERTEX
8
AI4M_01_ATOM_INTERNAL
10
6402.112465
20
120.873927
30
0
0
VERTEX
8
AI4M_01_ATOM_INTERNAL
10
6402.112465
20
105.472248
30
0
0
VERTEX
8
AI4M_01_ATOM_INTERNAL
10
6402.112465
20
90.07057
30
0
0
VERTEX
8
AI4M_01_ATOM_INTERNAL
10
6402.112465
20
74.78429
30
0
0
VERTEX
8
AI4M_01_ATOM_INTERNAL
10
6402.112465
20
59.382613
30
0
0
VERTEX
8
AI4M_01_ATOM_INTERNAL
10
6402.112465
20
43.980935
30
0
0
VERTEX
8
AI4M_01_ATOM_INTERNAL
10
6402.112465
20
28.295092
30
0
0
VERTEX
8
AI4M_01_ATOM_INTERNAL
10
6402.112465
20
22.41792
30
0
0
SEQEND
8
AI4M_01_ATOM_INTERNAL
0
TEXT
8
AI4M_01_ATOM_INTERNAL
10
6402.112465
20
583.949283
30
0
40
2.5
1
AI4M_line_0055__seg_01_placket_line_placket_line
1001
AI4MANUFACTURING
1000
WRITEBACK_PHASE=01_ATOM_LABEL
1000
ENTITY_ID=line_0055__seg_01
999
AI4M_ENTITY=line_0056;LINE_ROLE=construction;EDGE=construction_horizontal;SOURCE_LAYER=11
0
POLYLINE
8
AI4M_01_ATOM_INTERNAL
66
1
70
0
1001
AI4MANUFACTURING
1000
WRITEBACK_PHASE=01_ATOM
1000
ENTITY_ID=line_0056
1000
SOURCE_HANDLE=389
1000
LINE_ROLE=construction
1000
EDGE=construction_horizontal
1000
CHAIN=chain_ms1um92k
1000
PIECE_ID=front_left_manual_01
1000
SEAM_PAIR=
1000
PAIRED_CHAIN=
1000
NOTCH_CHAIN=
1000
NOTCH_SOURCE=
1000
PIECE_ROLE=front_left
1000
SEAM_ALLOWANCE_MM=
1000
SOURCE_LAYER=11
0
VERTEX
8
AI4M_01_ATOM_INTERNAL
10
6389.121742
20
258.309558
30
0
0
VERTEX
8
AI4M_01_ATOM_INTERNAL
10
6799.121742
20
258.309558
30
0
0
SEQEND
8
AI4M_01_ATOM_INTERNAL
0
TEXT
8
AI4M_01_ATOM_INTERNAL
10
6389.121742
20
258.309558
30
0
40
2.5
1
AI4M_line_0056_construction_construction_horizontal
1001
AI4MANUFACTURING
1000
WRITEBACK_PHASE=01_ATOM_LABEL
1000
ENTITY_ID=line_0056
999
AI4M_ENTITY=line_0057;LINE_ROLE=pattern_boundary;EDGE=pattern_boundary;SOURCE_LAYER=11
0
POLYLINE
8
AI4M_01_ATOM_NET
66
1
70
0
1001
AI4MANUFACTURING
1000
WRITEBACK_PHASE=01_ATOM
1000
ENTITY_ID=line_0057
1000
SOURCE_HANDLE=38E
1000
LINE_ROLE=pattern_boundary
1000
EDGE=pattern_boundary
1000
CHAIN=chain_ms1um92k
1000
PIECE_ID=front_left_manual_01
1000
SEAM_PAIR=
1000
PAIRED_CHAIN=
1000
NOTCH_CHAIN=
1000
NOTCH_SOURCE=
1000
PIECE_ROLE=front_left
1000
SEAM_ALLOWANCE_MM=
1000
SOURCE_LAYER=11
0
VERTEX
8
AI4M_01_ATOM_NET
10
6389.114418
20
12.393754
30
0
0
VERTEX
8
AI4M_01_ATOM_NET
10
6374.114418
20
12.393754
30
0
0
SEQEND
8
AI4M_01_ATOM_NET
0
TEXT
8
AI4M_01_ATOM_NET
10
6389.114418
20
12.393754
30
0
40
2.5
1
AI4M_line_0057_pattern_boundary_pattern_boundary
1001
AI4MANUFACTURING
1000
WRITEBACK_PHASE=01_ATOM_LABEL
1000
ENTITY_ID=line_0057
999
AI4M_ENTITY=line_0058__seg_01;LINE_ROLE=pattern_boundary;EDGE=pattern_boundary;SOURCE_LAYER=11
0
POLYLINE
8
AI4M_01_ATOM_NET
66
1
70
0
1001
AI4MANUFACTURING
1000
WRITEBACK_PHASE=01_ATOM
1000
ENTITY_ID=line_0058__seg_01
1000
SOURCE_HANDLE=393
1000
LINE_ROLE=pattern_boundary
1000
EDGE=pattern_boundary
1000
CHAIN=chain_ms1um92k
1000
PIECE_ID=front_left_manual_01
1000
SEAM_PAIR=
1000
PAIRED_CHAIN=
1000
NOTCH_CHAIN=
1000
NOTCH_SOURCE=
1000
PIECE_ROLE=front_left
1000
SEAM_ALLOWANCE_MM=
1000
SOURCE_LAYER=11
0
VERTEX
8
AI4M_01_ATOM_NET
10
6735.381507
20
34.013017
30
0
0
VERTEX
8
AI4M_01_ATOM_NET
10
6719.730873
20
32.341941
30
0
0
VERTEX
8
AI4M_01_ATOM_NET
10
6704.559364
20
30.753377
30
0
0
VERTEX
8
AI4M_01_ATOM_NET
10
6689.550819
20
29.21244
30
0
0
VERTEX
8
AI4M_01_ATOM_NET
10
6674.162025
20
27.670176
30
0
0
VERTEX
8
AI4M_01_ATOM_NET
10
6658.73722
20
26.172498
30
0
0
VERTEX
8
AI4M_01_ATOM_NET
10
6643.776893
20
24.770616
30
0
0
VERTEX
8
AI4M_01_ATOM_NET
10
6628.812294
20
23.420604
30
0
0
VERTEX
8
AI4M_01_ATOM_NET
10
6613.330116
20
22.08237
30
0
0
VERTEX
8
AI4M_01_ATOM_NET
10
6598.35453
20
20.851491
30
0
0
VERTEX
8
AI4M_01_ATOM_NET
10
6582.933998
20
19.657357
30
0
0
VERTEX
8
AI4M_01_ATOM_NET
10
6567.947425
20
18.574794
30
0
0
VERTEX
8
AI4M_01_ATOM_NET
10
6552.95536
20
17.572415
30
0
0
VERTEX
8
AI4M_01_ATOM_NET
10
6537.719154
20
16.639398
30
0
0
VERTEX
8
AI4M_01_ATOM_NET
10
6522.716713
20
15.806449
30
0
0
VERTEX
8
AI4M_01_ATOM_NET
10
6507.268104
20
15.038407
30
0
0
VERTEX
8
AI4M_01_ATOM_NET
10
6492.257118
20
14.381755
30
0
0
VERTEX
8
AI4M_01_ATOM_NET
10
6476.796302
20
13.802064
30
0
0
VERTEX
8
AI4M_01_ATOM_NET
10
6461.777992
20
13.333381
30
0
0
VERTEX
8
AI4M_01_ATOM_NET
10
6446.75724
20
12.951701
30
0
0
VERTEX
8
AI4M_01_ATOM_NET
10
6431.284828
20
12.649138
30
0
0
VERTEX
8
AI4M_01_ATOM_NET
10
6416.259803
20
12.46979
30
0
0
VERTEX
8
AI4M_01_ATOM_NET
10
6400.935096
20
12.418502
30
0
0
VERTEX
8
AI4M_01_ATOM_NET
10
6389.114418
20
12.393754
30
0
0
SEQEND
8
AI4M_01_ATOM_NET
0
TEXT
8
AI4M_01_ATOM_NET
10
6735.381507
20
34.013017
30
0
40
2.5
1
AI4M_line_0058__seg_01_pattern_boundary_pattern_boundary
1001
AI4MANUFACTURING
1000
WRITEBACK_PHASE=01_ATOM_LABEL
1000
ENTITY_ID=line_0058__seg_01
999
AI4M_ENTITY=line_0059;LINE_ROLE=pattern_boundary;EDGE=pattern_boundary;SOURCE_LAYER=11
0
POLYLINE
8
AI4M_01_ATOM_NET
66
1
70
0
1001
AI4MANUFACTURING
1000
WRITEBACK_PHASE=01_ATOM
1000
ENTITY_ID=line_0059
1000
SOURCE_HANDLE=3AE
1000
LINE_ROLE=pattern_boundary
1000
EDGE=pattern_boundary
1000
CHAIN=chain_ms1um92k
1000
PIECE_ID=front_left_manual_01
1000
SEAM_PAIR=
1000
PAIRED_CHAIN=
1000
NOTCH_CHAIN=
1000
NOTCH_SOURCE=
1000
PIECE_ROLE=front_left
1000
SEAM_ALLOWANCE_MM=
1000
SOURCE_LAYER=11
0
VERTEX
8
AI4M_01_ATOM_NET
10
6733.873939
20
43.8213
30
0
0
VERTEX
8
AI4M_01_ATOM_NET
10
6735.381507
20
34.013017
30
0
0
SEQEND
8
AI4M_01_ATOM_NET
0
TEXT
8
AI4M_01_ATOM_NET
10
6733.873939
20
43.8213
30
0
40
2.5
1
AI4M_line_0059_pattern_boundary_pattern_boundary
1001
AI4MANUFACTURING
1000
WRITEBACK_PHASE=01_ATOM_LABEL
1000
ENTITY_ID=line_0059
999
AI4M_ENTITY=line_0060__seg_01;LINE_ROLE=pattern_boundary;EDGE=pattern_boundary;SOURCE_LAYER=11
0
POLYLINE
8
AI4M_01_ATOM_NET
66
1
70
0
1001
AI4MANUFACTURING
1000
WRITEBACK_PHASE=01_ATOM
1000
ENTITY_ID=line_0060__seg_01
1000
SOURCE_HANDLE=3B3
1000
LINE_ROLE=pattern_boundary
1000
EDGE=pattern_boundary
1000
CHAIN=chain_ms1um92k
1000
PIECE_ID=front_left_manual_01
1000
SEAM_PAIR=
1000
PAIRED_CHAIN=
1000
NOTCH_CHAIN=
1000
NOTCH_SOURCE=
1000
PIECE_ROLE=front_left
1000
SEAM_ALLOWANCE_MM=
1000
SOURCE_LAYER=11
0
VERTEX
8
AI4M_01_ATOM_NET
10
6790.526161
20
247.716144
30
0
0
VERTEX
8
AI4M_01_ATOM_NET
10
6786.026649
20
246.781142
30
0
0
VERTEX
8
AI4M_01_ATOM_NET
10
6782.572059
20
245.807574
30
0
0
VERTEX
8
AI4M_01_ATOM_NET
10
6779.507484
20
244.700034
30
0
0
VERTEX
8
AI4M_01_ATOM_NET
10
6776.441688
20
243.315585
30
0
0
VERTEX
8
AI4M_01_ATOM_NET
10
6773.347206
20
241.635497
30
0
0
VERTEX
8
AI4M_01_ATOM_NET
10
6770.258216
20
239.67068
30
0
0
VERTEX
8
AI4M_01_ATOM_NET
10
6767.20829
20
237.431052
30
0
0
VERTEX
8
AI4M_01_ATOM_NET
10
6764.204139
20
234.914058
30
0
0
VERTEX
8
AI4M_01_ATOM_NET
10
6761.334877
20
232.194903
30
0
0
VERTEX
8
AI4M_01_ATOM_NET
10
6758.462562
20
229.125083
30
0
0
VERTEX
8
AI4M_01_ATOM_NET
10
6755.730629
20
225.828708
30
0
0
VERTEX
8
AI4M_01_ATOM_NET
10
6753.156776
20
222.331527
30
0
0
VERTEX
8
AI4M_01_ATOM_NET
10
6750.761757
20
218.658927
30
0
0
VERTEX
8
AI4M_01_ATOM_NET
10
6748.378334
20
214.532416
30
0
0
VERTEX
8
AI4M_01_ATOM_NET
10
6746.224403
20
210.342677
30
0
0
VERTEX
8
AI4M_01_ATOM_NET
10
6744.700355
20
206.86024
30
0
0
VERTEX
8
AI4M_01_ATOM_NET
10
6741.729774
20
199.21057
30
0
0
VERTEX
8
AI4M_01_ATOM_NET
10
6740.483436
20
195.193694
30
0
0
VERTEX
8
AI4M_01_ATOM_NET
10
6738.144569
20
185.896037
30
0
0
VERTEX
8
AI4M_01_ATOM_NET
10
6737.296791
20
181.348784
30
0
0
VERTEX
8
AI4M_01_ATOM_NET
10
6736.209755
20
173.796599
30
0
0
VERTEX
8
AI4M_01_ATOM_NET
10
6735.370521
20
166.283935
30
0
0
VERTEX
8
AI4M_01_ATOM_NET
10
6734.599037
20
156.785281
30
0
0
VERTEX
8
AI4M_01_ATOM_NET
10
6733.946571
20
145.947459
30
0
0
VERTEX
8
AI4M_01_ATOM_NET
10
6733.613319
20
136.38285
30
0
0
VERTEX
8
AI4M_01_ATOM_NET
10
6733.197059
20
121.369327
30
0
0
VERTEX
8
AI4M_01_ATOM_NET
10
6732.966346
20
109.499991
30
0
0
VERTEX
8
AI4M_01_ATOM_NET
10
6732.934608
20
94.490264
30
0
0
VERTEX
8
AI4M_01_ATOM_NET
10
6733.032264
20
79.35572
30
0
0
VERTEX
8
AI4M_01_ATOM_NET
10
6733.281288
20
64.355872
30
0
0
VERTEX
8
AI4M_01_ATOM_NET
10
6733.689613
20
49.3835
30
0
0
VERTEX
8
AI4M_01_ATOM_NET
10
6733.873939
20
43.8213
30
0
0
SEQEND
8
AI4M_01_ATOM_NET
0
TEXT
8
AI4M_01_ATOM_NET
10
6790.526161
20
247.716144
30
0
40
2.5
1
AI4M_line_0060__seg_01_pattern_boundary_pattern_boundary
1001
AI4MANUFACTURING
1000
WRITEBACK_PHASE=01_ATOM_LABEL
1000
ENTITY_ID=line_0060__seg_01
999
AI4M_ENTITY=line_0061__seg_01;LINE_ROLE=pattern_boundary;EDGE=pattern_boundary;SOURCE_LAYER=11
0
POLYLINE
8
AI4M_01_ATOM_NET
66
1
70
0
1001
AI4MANUFACTURING
1000
WRITEBACK_PHASE=01_ATOM
1000
ENTITY_ID=line_0061__seg_01
1000
SOURCE_HANDLE=3D7
1000
LINE_ROLE=pattern_boundary
1000
EDGE=pattern_boundary
1000
CHAIN=chain_ms1um92k
1000
PIECE_ID=front_left_manual_01
1000
SEAM_PAIR=
1000
PAIRED_CHAIN=
1000
NOTCH_CHAIN=
1000
NOTCH_SOURCE=
1000
PIECE_ROLE=front_left
1000
SEAM_ALLOWANCE_MM=
1000
SOURCE_LAYER=11
0
VERTEX
8
AI4M_01_ATOM_NET
10
6813.555336
20
248.701289
30
0
0
VERTEX
8
AI4M_01_ATOM_NET
10
6798.396644
20
248.354686
30
0
0
VERTEX
8
AI4M_01_ATOM_NET
10
6793.062172
20
247.970469
30
0
0
VERTEX
8
AI4M_01_ATOM_NET
10
6790.526161
20
247.716144
30
0
0
SEQEND
8
AI4M_01_ATOM_NET
0
TEXT
8
AI4M_01_ATOM_NET
10
6813.555336
20
248.701289
30
0
40
2.5
1
AI4M_line_0061__seg_01_pattern_boundary_pattern_boundary
1001
AI4MANUFACTURING
1000
WRITEBACK_PHASE=01_ATOM_LABEL
1000
ENTITY_ID=line_0061__seg_01
999
AI4M_ENTITY=line_0062;LINE_ROLE=pattern_boundary;EDGE=pattern_boundary;SOURCE_LAYER=11
0
POLYLINE
8
AI4M_01_ATOM_NET
66
1
70
0
1001
AI4MANUFACTURING
1000
WRITEBACK_PHASE=01_ATOM
1000
ENTITY_ID=line_0062
1000
SOURCE_HANDLE=3DE
1000
LINE_ROLE=pattern_boundary
1000
EDGE=pattern_boundary
1000
CHAIN=chain_ms1um92k
1000
PIECE_ID=front_left_manual_01
1000
SEAM_PAIR=
1000
PAIRED_CHAIN=
1000
NOTCH_CHAIN=
1000
NOTCH_SOURCE=
1000
PIECE_ROLE=front_left
1000
SEAM_ALLOWANCE_MM=
1000
SOURCE_LAYER=11
0
VERTEX
8
AI4M_01_ATOM_NET
10
6809.453773
20
258.691676
30
0
0
VERTEX
8
AI4M_01_ATOM_NET
10
6813.555336
20
248.701289
30
0
0
SEQEND
8
AI4M_01_ATOM_NET
0
TEXT
8
AI4M_01_ATOM_NET
10
6809.453773
20
258.691676
30
0
40
2.5
1
AI4M_line_0062_pattern_boundary_pattern_boundary
1001
AI4MANUFACTURING
1000
WRITEBACK_PHASE=01_ATOM_LABEL
1000
ENTITY_ID=line_0062
999
AI4M_ENTITY=line_0063__seg_01;LINE_ROLE=pattern_boundary;EDGE=pattern_boundary;SOURCE_LAYER=11
0
POLYLINE
8
AI4M_01_ATOM_NET
66
1
70
0
1001
AI4MANUFACTURING
1000
WRITEBACK_PHASE=01_ATOM
1000
ENTITY_ID=line_0063__seg_01
1000
SOURCE_HANDLE=3E3
1000
LINE_ROLE=pattern_boundary
1000
EDGE=pattern_boundary
1000
CHAIN=chain_ms1um92k
1000
PIECE_ID=front_left_manual_01
1000
SEAM_PAIR=
1000
PAIRED_CHAIN=
1000
NOTCH_CHAIN=
1000
NOTCH_SOURCE=
1000
PIECE_ROLE=front_left
1000
SEAM_ALLOWANCE_MM=
1000
SOURCE_LAYER=11
0
VERTEX
8
AI4M_01_ATOM_NET
10
6880.692176
20
480.281718
30
0
0
VERTEX
8
AI4M_01_ATOM_NET
10
6874.868202
20
465.914271
30
0
0
VERTEX
8
AI4M_01_ATOM_NET
10
6869.20536
20
451.679805
30
0
0
VERTEX
8
AI4M_01_ATOM_NET
10
6863.734169
20
437.573474
30
0
0
VERTEX
8
AI4M_01_ATOM_NET
10
6858.320961
20
423.24116
30
0
0
VERTEX
8
AI4M_01_ATOM_NET
10
6853.023109
20
408.845599
30
0
0
VERTEX
8
AI4M_01_ATOM_NET
10
6847.865638
20
394.39236
30
0
0
VERTEX
8
AI4M_01_ATOM_NET
10
6842.88517
20
379.904178
30
0
0
VERTEX
8
AI4M_01_ATOM_NET
10
6838.083534
20
365.324138
30
0
0
VERTEX
8
AI4M_01_ATOM_NET
10
6833.550453
20
350.906642
30
0
0
VERTEX
8
AI4M_01_ATOM_NET
10
6829.154701
20
336.23051
30
0
0
VERTEX
8
AI4M_01_ATOM_NET
10
6825.025062
20
321.698115
30
0
0
VERTEX
8
AI4M_01_ATOM_NET
10
6821.09684
20
307.118762
30
0
0
VERTEX
8
AI4M_01_ATOM_NET
10
6817.318153
20
292.271731
30
0
0
VERTEX
8
AI4M_01_ATOM_NET
10
6813.859901
20
277.674258
30
0
0
VERTEX
8
AI4M_01_ATOM_NET
10
6810.427284
20
263.027537
30
0
0
VERTEX
8
AI4M_01_ATOM_NET
10
6809.453773
20
258.691676
30
0
0
SEQEND
8
AI4M_01_ATOM_NET
0
TEXT
8
AI4M_01_ATOM_NET
10
6880.692176
20
480.281718
30
0
40
2.5
1
AI4M_line_0063__seg_01_pattern_boundary_pattern_boundary
1001
AI4MANUFACTURING
1000
WRITEBACK_PHASE=01_ATOM_LABEL
1000
ENTITY_ID=line_0063__seg_01
999
AI4M_ENTITY=line_0064;LINE_ROLE=pattern_boundary;EDGE=pattern_boundary;SOURCE_LAYER=11
0
POLYLINE
8
AI4M_01_ATOM_NET
66
1
70
0
1001
AI4MANUFACTURING
1000
WRITEBACK_PHASE=01_ATOM
1000
ENTITY_ID=line_0064
1000
SOURCE_HANDLE=3F7
1000
LINE_ROLE=pattern_boundary
1000
EDGE=pattern_boundary
1000
CHAIN=chain_ms1um92k
1000
PIECE_ID=front_left_manual_01
1000
SEAM_PAIR=
1000
PAIRED_CHAIN=
1000
NOTCH_CHAIN=
1000
NOTCH_SOURCE=
1000
PIECE_ROLE=front_left
1000
SEAM_ALLOWANCE_MM=
1000
SOURCE_LAYER=11
0
VERTEX
8
AI4M_01_ATOM_NET
10
6885.307655
20
489.15047
30
0
0
VERTEX
8
AI4M_01_ATOM_NET
10
6880.692176
20
480.281718
30
0
0
SEQEND
8
AI4M_01_ATOM_NET
0
TEXT
8
AI4M_01_ATOM_NET
10
6885.307655
20
489.15047
30
0
40
2.5
1
AI4M_line_0064_pattern_boundary_pattern_boundary
1001
AI4MANUFACTURING
1000
WRITEBACK_PHASE=01_ATOM_LABEL
1000
ENTITY_ID=line_0064
999
AI4M_ENTITY=line_0065__seg_01;LINE_ROLE=pattern_boundary;EDGE=pattern_boundary;SOURCE_LAYER=11
0
POLYLINE
8
AI4M_01_ATOM_NET
66
1
70
0
1001
AI4MANUFACTURING
1000
WRITEBACK_PHASE=01_ATOM
1000
ENTITY_ID=line_0065__seg_01
1000
SOURCE_HANDLE=3FC
1000
LINE_ROLE=pattern_boundary
1000
EDGE=pattern_boundary
1000
CHAIN=chain_ms1um92k
1000
PIECE_ID=front_left_manual_01
1000
SEAM_PAIR=
1000
PAIRED_CHAIN=
1000
NOTCH_CHAIN=
1000
NOTCH_SOURCE=
1000
PIECE_ROLE=front_left
1000
SEAM_ALLOWANCE_MM=
1000
SOURCE_LAYER=11
0
VERTEX
8
AI4M_01_ATOM_NET
10
6460.369911
20
668.316577
30
0
0
VERTEX
8
AI4M_01_ATOM_NET
10
6475.370521
20
664.866336
30
0
0
VERTEX
8
AI4M_01_ATOM_NET
10
6490.068397
20
661.561511
30
0
0
VERTEX
8
AI4M_01_ATOM_NET
10
6505.000648
20
658.094485
30
0
0
VERTEX
8
AI4M_01_ATOM_NET
10
6519.62162
20
654.466479
30
0
0
VERTEX
8
AI4M_01_ATOM_NET
10
6533.517494
20
650.769122
30
0
0
VERTEX
8
AI4M_01_ATOM_NET
10
6547.187538
20
646.870196
30
0
0
VERTEX
8
AI4M_01_ATOM_NET
10
6561.836586
20
642.533496
30
0
0
VERTEX
8
AI4M_01_ATOM_NET
10
6576.2714
20
638.2177
30
0
0
VERTEX
8
AI4M_01_ATOM_NET
10
6586.471595
20
634.972995
30
0
0
VERTEX
8
AI4M_01_ATOM_NET
10
6601.123085
20
629.976047
30
0
0
VERTEX
8
AI4M_01_ATOM_NET
10
6608.33683
20
627.238162
30
0
0
VERTEX
8
AI4M_01_ATOM_NET
10
6620.319252
20
622.3436
30
0
0
VERTEX
8
AI4M_01_ATOM_NET
10
6632.247352
20
617.208331
30
0
0
VERTEX
8
AI4M_01_ATOM_NET
10
6646.160926
20
610.946963
30
0
0
VERTEX
8
AI4M_01_ATOM_NET
10
6659.834632
20
604.625323
30
0
0
VERTEX
8
AI4M_01_ATOM_NET
10
6673.61515
20
598.101352
30
0
0
VERTEX
8
AI4M_01_ATOM_NET
10
6687.170448
20
591.528705
30
0
0
VERTEX
8
AI4M_01_ATOM_NET
10
6700.620765
20
584.852374
30
0
0
VERTEX
8
AI4M_01_ATOM_NET
10
6714.063148
20
578.052371
30
0
0
VERTEX
8
AI4M_01_ATOM_NET
10
6727.706947
20
571.070025
30
0
0
VERTEX
8
AI4M_01_ATOM_NET
10
6741.098671
20
564.170382
30
0
0
VERTEX
8
AI4M_01_ATOM_NET
10
6754.475746
20
557.242129
30
0
0
VERTEX
8
AI4M_01_ATOM_NET
10
6767.8516
20
550.2858
30
0
0
VERTEX
8
AI4M_01_ATOM_NET
10
6781.348915
20
543.253787
30
0
0
VERTEX
8
AI4M_01_ATOM_NET
10
6794.70951
20
536.29349
30
0
0
VERTEX
8
AI4M_01_ATOM_NET
10
6808.070106
20
529.334109
30
0
0
VERTEX
8
AI4M_01_ATOM_NET
10
6821.611976
20
522.282489
30
0
0
VERTEX
8
AI4M_01_ATOM_NET
10
6834.974403
20
515.327037
30
0
0
VERTEX
8
AI4M_01_ATOM_NET
10
6848.338661
20
508.374293
30
0
0
VERTEX
8
AI4M_01_ATOM_NET
10
6861.67057
20
501.442302
30
0
0
VERTEX
8
AI4M_01_ATOM_NET
10
6875.036659
20
494.493525
30
0
0
VERTEX
8
AI4M_01_ATOM_NET
10
6885.307655
20
489.15047
30
0
0
SEQEND
8
AI4M_01_ATOM_NET
0
TEXT
8
AI4M_01_ATOM_NET
10
6460.369911
20
668.316577
30
0
40
2.5
1
AI4M_line_0065__seg_01_pattern_boundary_pattern_boundary
1001
AI4MANUFACTURING
1000
WRITEBACK_PHASE=01_ATOM_LABEL
1000
ENTITY_ID=line_0065__seg_01
999
AI4M_ENTITY=line_0066;LINE_ROLE=pattern_boundary;EDGE=pattern_boundary;SOURCE_LAYER=11
0
POLYLINE
8
AI4M_01_ATOM_NET
66
1
70
0
1001
AI4MANUFACTURING
1000
WRITEBACK_PHASE=01_ATOM
1000
ENTITY_ID=line_0066
1000
SOURCE_HANDLE=420
1000
LINE_ROLE=pattern_boundary
1000
EDGE=pattern_boundary
1000
CHAIN=chain_ms1um92k
1000
PIECE_ID=front_left_manual_01
1000
SEAM_PAIR=
1000
PAIRED_CHAIN=
1000
NOTCH_CHAIN=
1000
NOTCH_SOURCE=
1000
PIECE_ROLE=front_left
1000
SEAM_ALLOWANCE_MM=
1000
SOURCE_LAYER=11
0
VERTEX
8
AI4M_01_ATOM_NET
10
6459.920692
20
658.838809
30
0
0
VERTEX
8
AI4M_01_ATOM_NET
10
6460.369911
20
668.316577
30
0
0
SEQEND
8
AI4M_01_ATOM_NET
0
TEXT
8
AI4M_01_ATOM_NET
10
6459.920692
20
658.838809
30
0
40
2.5
1
AI4M_line_0066_pattern_boundary_pattern_boundary
1001
AI4MANUFACTURING
1000
WRITEBACK_PHASE=01_ATOM_LABEL
1000
ENTITY_ID=line_0066
999
AI4M_ENTITY=line_0067__seg_01;LINE_ROLE=pattern_boundary;EDGE=pattern_boundary;SOURCE_LAYER=11
0
POLYLINE
8
AI4M_01_ATOM_NET
66
1
70
0
1001
AI4MANUFACTURING
1000
WRITEBACK_PHASE=01_ATOM
1000
ENTITY_ID=line_0067__seg_01
1000
SOURCE_HANDLE=425
1000
LINE_ROLE=pattern_boundary
1000
EDGE=pattern_boundary
1000
CHAIN=chain_ms1um92k
1000
PIECE_ID=front_left_manual_01
1000
SEAM_PAIR=
1000
PAIRED_CHAIN=
1000
NOTCH_CHAIN=
1000
NOTCH_SOURCE=
1000
PIECE_ROLE=front_left
1000
SEAM_ALLOWANCE_MM=
1000
SOURCE_LAYER=11
0
VERTEX
8
AI4M_01_ATOM_NET
10
6388.75309
20
589.450076
30
0
0
VERTEX
8
AI4M_01_ATOM_NET
10
6396.768837
20
590.196994
30
0
0
VERTEX
8
AI4M_01_ATOM_NET
10
6401.168251
20
590.824664
30
0
0
VERTEX
8
AI4M_01_ATOM_NET
10
6405.137367
20
591.645434
30
0
0
VERTEX
8
AI4M_01_ATOM_NET
10
6409.035072
20
592.698672
30
0
0
VERTEX
8
AI4M_01_ATOM_NET
10
6412.846717
20
593.981784
30
0
0
VERTEX
8
AI4M_01_ATOM_NET
10
6416.602211
20
595.504535
30
0
0
VERTEX
8
AI4M_01_ATOM_NET
10
6420.376014
20
597.301715
30
0
0
VERTEX
8
AI4M_01_ATOM_NET
10
6424.011268
20
599.302676
30
0
0
VERTEX
8
AI4M_01_ATOM_NET
10
6427.571449
20
601.539996
30
0
0
VERTEX
8
AI4M_01_ATOM_NET
10
6431.072425
20
604.034808
30
0
0
VERTEX
8
AI4M_01_ATOM_NET
10
6434.36222
20
606.681445
30
0
0
VERTEX
8
AI4M_01_ATOM_NET
10
6437.438392
20
609.467013
30
0
0
VERTEX
8
AI4M_01_ATOM_NET
10
6440.319252
20
612.39899
30
0
0
VERTEX
8
AI4M_01_ATOM_NET
10
6443.004188
20
615.481875
30
0
0
VERTEX
8
AI4M_01_ATOM_NET
10
6445.474281
20
618.696902
30
0
0
VERTEX
8
AI4M_01_ATOM_NET
10
6447.666053
20
621.949847
30
0
0
VERTEX
8
AI4M_01_ATOM_NET
10
6449.616127
20
625.281299
30
0
0
VERTEX
8
AI4M_01_ATOM_NET
10
6451.433754
20
628.876117
30
0
0
VERTEX
8
AI4M_01_ATOM_NET
10
6453.177528
20
632.886889
30
0
0
VERTEX
8
AI4M_01_ATOM_NET
10
6454.862098
20
637.394793
30
0
0
VERTEX
8
AI4M_01_ATOM_NET
10
6456.359901
20
642.083209
30
0
0
VERTEX
8
AI4M_01_ATOM_NET
10
6457.633705
20
646.879657
30
0
0
VERTEX
8
AI4M_01_ATOM_NET
10
6458.761634
20
652.129443
30
0
0
VERTEX
8
AI4M_01_ATOM_NET
10
6459.920692
20
658.838809
30
0
0
SEQEND
8
AI4M_01_ATOM_NET
0
TEXT
8
AI4M_01_ATOM_NET
10
6388.75309
20
589.450076
30
0
40
2.5
1
AI4M_line_0067__seg_01_pattern_boundary_pattern_boundary
1001
AI4MANUFACTURING
1000
WRITEBACK_PHASE=01_ATOM_LABEL
1000
ENTITY_ID=line_0067__seg_01
999
AI4M_ENTITY=line_0068__seg_01;LINE_ROLE=pattern_boundary;EDGE=pattern_boundary;SOURCE_LAYER=11
0
POLYLINE
8
AI4M_01_ATOM_NET
66
1
70
0
1001
AI4MANUFACTURING
1000
WRITEBACK_PHASE=01_ATOM
1000
ENTITY_ID=line_0068__seg_01
1000
SOURCE_HANDLE=441
1000
LINE_ROLE=pattern_boundary
1000
EDGE=pattern_boundary
1000
CHAIN=chain_ms1um92k
1000
PIECE_ID=front_left_manual_01
1000
SEAM_PAIR=
1000
PAIRED_CHAIN=
1000
NOTCH_CHAIN=
1000
NOTCH_SOURCE=
1000
PIECE_ROLE=front_left
1000
SEAM_ALLOWANCE_MM=
1000
SOURCE_LAYER=11
0
VERTEX
8
AI4M_01_ATOM_NET
10
6374.114418
20
589.531253
30
0
0
VERTEX
8
AI4M_01_ATOM_NET
10
6381.18412
20
589.313052
30
0
0
VERTEX
8
AI4M_01_ATOM_NET
10
6387.655067
20
589.409411
30
0
0
VERTEX
8
AI4M_01_ATOM_NET
10
6388.75309
20
589.450076
30
0
0
SEQEND
8
AI4M_01_ATOM_NET
0
TEXT
8
AI4M_01_ATOM_NET
10
6374.114418
20
589.531253
30
0
40
2.5
1
AI4M_line_0068__seg_01_pattern_boundary_pattern_boundary
1001
AI4MANUFACTURING
1000
WRITEBACK_PHASE=01_ATOM_LABEL
1000
ENTITY_ID=line_0068__seg_01
999
AI4M_ENTITY=line_0069__seg_01;LINE_ROLE=pattern_boundary;EDGE=pattern_boundary;SOURCE_LAYER=11
0
POLYLINE
8
AI4M_01_ATOM_NET
66
1
70
0
1001
AI4MANUFACTURING
1000
WRITEBACK_PHASE=01_ATOM
1000
ENTITY_ID=line_0069__seg_01
1000
SOURCE_HANDLE=448
1000
LINE_ROLE=pattern_boundary
1000
EDGE=pattern_boundary
1000
CHAIN=chain_ms1um92k
1000
PIECE_ID=front_left_manual_01
1000
SEAM_PAIR=
1000
PAIRED_CHAIN=
1000
NOTCH_CHAIN=
1000
NOTCH_SOURCE=
1000
PIECE_ROLE=front_left
1000
SEAM_ALLOWANCE_MM=
1000
SOURCE_LAYER=11
0
VERTEX
8
AI4M_01_ATOM_NET
10
6359.489173
20
589.449923
30
0
0
VERTEX
8
AI4M_01_ATOM_NET
10
6366.858558
20
589.312137
30
0
0
VERTEX
8
AI4M_01_ATOM_NET
10
6372.774696
20
589.466556
30
0
0
VERTEX
8
AI4M_01_ATOM_NET
10
6374.114418
20
589.531253
30
0
0
SEQEND
8
AI4M_01_ATOM_NET
0
TEXT
8
AI4M_01_ATOM_NET
10
6359.489173
20
589.449923
30
0
40
2.5
1
AI4M_line_0069__seg_01_pattern_boundary_pattern_boundary
1001
AI4MANUFACTURING
1000
WRITEBACK_PHASE=01_ATOM_LABEL
1000
ENTITY_ID=line_0069__seg_01
999
AI4M_ENTITY=line_0070__seg_01;LINE_ROLE=pattern_boundary;EDGE=pattern_boundary;SOURCE_LAYER=11
0
POLYLINE
8
AI4M_01_ATOM_NET
66
1
70
0
1001
AI4MANUFACTURING
1000
WRITEBACK_PHASE=01_ATOM
1000
ENTITY_ID=line_0070__seg_01
1000
SOURCE_HANDLE=44F
1000
LINE_ROLE=pattern_boundary
1000
EDGE=pattern_boundary
1000
CHAIN=chain_ms1um92k
1000
PIECE_ID=front_left_manual_01
1000
SEAM_PAIR=
1000
PAIRED_CHAIN=
1000
NOTCH_CHAIN=
1000
NOTCH_SOURCE=
1000
PIECE_ROLE=front_left
1000
SEAM_ALLOWANCE_MM=
1000
SOURCE_LAYER=11
0
VERTEX
8
AI4M_01_ATOM_NET
10
6346.113929
20
591.025928
30
0
0
VERTEX
8
AI4M_01_ATOM_NET
10
6352.144203
20
590.112765
30
0
0
VERTEX
8
AI4M_01_ATOM_NET
10
6357.57389
20
589.582141
30
0
0
VERTEX
8
AI4M_01_ATOM_NET
10
6359.489173
20
589.449923
30
0
0
SEQEND
8
AI4M_01_ATOM_NET
0
TEXT
8
AI4M_01_ATOM_NET
10
6346.113929
20
591.025928
30
0
40
2.5
1
AI4M_line_0070__seg_01_pattern_boundary_pattern_boundary
1001
AI4MANUFACTURING
1000
WRITEBACK_PHASE=01_ATOM_LABEL
1000
ENTITY_ID=line_0070__seg_01
999
AI4M_ENTITY=line_0071__seg_01;LINE_ROLE=pattern_boundary;EDGE=pattern_boundary;SOURCE_LAYER=11
0
POLYLINE
8
AI4M_01_ATOM_NET
66
1
70
0
1001
AI4MANUFACTURING
1000
WRITEBACK_PHASE=01_ATOM
1000
ENTITY_ID=line_0071__seg_01
1000
SOURCE_HANDLE=456
1000
LINE_ROLE=pattern_boundary
1000
EDGE=pattern_boundary
1000
CHAIN=chain_ms1um92k
1000
PIECE_ID=front_left_manual_01
1000
SEAM_PAIR=
1000
PAIRED_CHAIN=
1000
NOTCH_CHAIN=
1000
NOTCH_SOURCE=
1000
PIECE_ROLE=front_left
1000
SEAM_ALLOWANCE_MM=
1000
SOURCE_LAYER=11
0
VERTEX
8
AI4M_01_ATOM_NET
10
6318.114051
20
588.099292
30
0
0
VERTEX
8
AI4M_01_ATOM_NET
10
6327.165565
20
588.704608
30
0
0
VERTEX
8
AI4M_01_ATOM_NET
10
6335.224037
20
589.494021
30
0
0
VERTEX
8
AI4M_01_ATOM_NET
10
6342.165565
20
590.406192
30
0
0
VERTEX
8
AI4M_01_ATOM_NET
10
6346.113929
20
591.025928
30
0
0
SEQEND
8
AI4M_01_ATOM_NET
0
TEXT
8
AI4M_01_ATOM_NET
10
6318.114051
20
588.099292
30
0
40
2.5
1
AI4M_line_0071__seg_01_pattern_boundary_pattern_boundary
1001
AI4MANUFACTURING
1000
WRITEBACK_PHASE=01_ATOM_LABEL
1000
ENTITY_ID=line_0071__seg_01
999
AI4M_ENTITY=line_0072__seg_01;LINE_ROLE=pattern_boundary;EDGE=pattern_boundary;SOURCE_LAYER=11
0
POLYLINE
8
AI4M_01_ATOM_NET
66
1
70
0
1001
AI4MANUFACTURING
1000
WRITEBACK_PHASE=01_ATOM
1000
ENTITY_ID=line_0072__seg_01
1000
SOURCE_HANDLE=45E
1000
LINE_ROLE=pattern_boundary
1000
EDGE=pattern_boundary
1000
CHAIN=chain_ms1um92k
1000
PIECE_ID=front_left_manual_01
1000
SEAM_PAIR=
1000
PAIRED_CHAIN=
1000
NOTCH_CHAIN=
1000
NOTCH_SOURCE=
1000
PIECE_ROLE=front_left
1000
SEAM_ALLOWANCE_MM=
1000
SOURCE_LAYER=11
0
VERTEX
8
AI4M_01_ATOM_NET
10
6318.114051
20
-2.616016
30
0
0
VERTEX
8
AI4M_01_ATOM_NET
10
6318.114051
20
13.313477
30
0
0
VERTEX
8
AI4M_01_ATOM_NET
10
6318.114051
20
29.135039
30
0
0
VERTEX
8
AI4M_01_ATOM_NET
10
6318.114051
20
44.711116
30
0
0
VERTEX
8
AI4M_01_ATOM_NET
10
6318.114051
20
60.425704
30
0
0
VERTEX
8
AI4M_01_ATOM_NET
10
6318.114051
20
76.140283
30
0
0
VERTEX
8
AI4M_01_ATOM_NET
10
6318.114051
20
91.817878
30
0
0
VERTEX
8
AI4M_01_ATOM_NET
10
6318.114051
20
107.532466
30
0
0
VERTEX
8
AI4M_01_ATOM_NET
10
6318.114051
20
123.247054
30
0
0
VERTEX
8
AI4M_01_ATOM_NET
10
6318.114051
20
138.382838
30
0
0
VERTEX
8
AI4M_01_ATOM_NET
10
6318.114051
20
154.097426
30
0
0
VERTEX
8
AI4M_01_ATOM_NET
10
6318.114051
20
169.812015
30
0
0
VERTEX
8
AI4M_01_ATOM_NET
10
6318.114051
20
185.238879
30
0
0
VERTEX
8
AI4M_01_ATOM_NET
10
6318.114051
20
200.953467
30
0
0
VERTEX
8
AI4M_01_ATOM_NET
10
6318.114051
20
216.668036
30
0
0
VERTEX
8
AI4M_01_ATOM_NET
10
6318.114051
20
232.094882
30
0
0
VERTEX
8
AI4M_01_ATOM_NET
10
6318.114051
20
247.809451
30
0
0
VERTEX
8
AI4M_01_ATOM_NET
10
6318.114051
20
263.524058
30
0
0
VERTEX
8
AI4M_01_ATOM_NET
10
6318.114051
20
279.238627
30
0
0
VERTEX
8
AI4M_01_ATOM_NET
10
6318.114051
20
294.665416
30
0
0
VERTEX
8
AI4M_01_ATOM_NET
10
6318.114051
20
310.379985
30
0
0
VERTEX
8
AI4M_01_ATOM_NET
10
6318.114051
20
326.094554
30
0
0
VERTEX
8
AI4M_01_ATOM_NET
10
6318.114051
20
341.449206
30
0
0
VERTEX
8
AI4M_01_ATOM_NET
10
6318.114051
20
357.163775
30
0
0
VERTEX
8
AI4M_01_ATOM_NET
10
6318.114051
20
372.878383
30
0
0
VERTEX
8
AI4M_01_ATOM_NET
10
6318.114051
20
388.232959
30
0
0
VERTEX
8
AI4M_01_ATOM_NET
10
6318.114051
20
403.947528
30
0
0
VERTEX
8
AI4M_01_ATOM_NET
10
6318.114051
20
419.662097
30
0
0
VERTEX
8
AI4M_01_ATOM_NET
10
6318.114051
20
435.016673
30
0
0
VERTEX
8
AI4M_01_ATOM_NET
10
6318.114051
20
450.731242
30
0
0
VERTEX
8
AI4M_01_ATOM_NET
10
6318.114051
20
466.445811
30
0
0
VERTEX
8
AI4M_01_ATOM_NET
10
6318.114051
20
481.800387
30
0
0
VERTEX
8
AI4M_01_ATOM_NET
10
6318.114051
20
497.514956
30
0
0
VERTEX
8
AI4M_01_ATOM_NET
10
6318.114051
20
513.229564
30
0
0
VERTEX
8
AI4M_01_ATOM_NET
10
6318.114051
20
528.944133
30
0
0
VERTEX
8
AI4M_01_ATOM_NET
10
6318.114051
20
544.695628
30
0
0
VERTEX
8
AI4M_01_ATOM_NET
10
6318.114051
20
560.120929
30
0
0
VERTEX
8
AI4M_01_ATOM_NET
10
6318.114051
20
574.980624
30
0
0
VERTEX
8
AI4M_01_ATOM_NET
10
6318.114051
20
588.099292
30
0
0
SEQEND
8
AI4M_01_ATOM_NET
0
TEXT
8
AI4M_01_ATOM_NET
10
6318.114051
20
-2.616016
30
0
40
2.5
1
AI4M_line_0072__seg_01_pattern_boundary_pattern_boundary
1001
AI4MANUFACTURING
1000
WRITEBACK_PHASE=01_ATOM_LABEL
1000
ENTITY_ID=line_0072__seg_01
999
AI4M_ENTITY=line_0073;LINE_ROLE=pattern_boundary;EDGE=pattern_boundary;SOURCE_LAYER=11
0
POLYLINE
8
AI4M_01_ATOM_NET
66
1
70
0
1001
AI4MANUFACTURING
1000
WRITEBACK_PHASE=01_ATOM
1000
ENTITY_ID=line_0073
1000
SOURCE_HANDLE=488
1000
LINE_ROLE=pattern_boundary
1000
EDGE=pattern_boundary
1000
CHAIN=chain_ms1um92k
1000
PIECE_ID=front_left_manual_01
1000
SEAM_PAIR=
1000
PAIRED_CHAIN=
1000
NOTCH_CHAIN=
1000
NOTCH_SOURCE=
1000
PIECE_ROLE=front_left
1000
SEAM_ALLOWANCE_MM=
1000
SOURCE_LAYER=11
0
VERTEX
8
AI4M_01_ATOM_NET
10
6346.113929
20
-2.597768
30
0
0
VERTEX
8
AI4M_01_ATOM_NET
10
6318.114051
20
-2.616016
30
0
0
SEQEND
8
AI4M_01_ATOM_NET
0
TEXT
8
AI4M_01_ATOM_NET
10
6346.113929
20
-2.597768
30
0
40
2.5
1
AI4M_line_0073_pattern_boundary_pattern_boundary
1001
AI4MANUFACTURING
1000
WRITEBACK_PHASE=01_ATOM_LABEL
1000
ENTITY_ID=line_0073
999
AI4M_ENTITY=line_0074;LINE_ROLE=pattern_boundary;EDGE=pattern_boundary;SOURCE_LAYER=11
0
POLYLINE
8
AI4M_01_ATOM_NET
66
1
70
0
1001
AI4MANUFACTURING
1000
WRITEBACK_PHASE=01_ATOM
1000
ENTITY_ID=line_0074
1000
SOURCE_HANDLE=48D
1000
LINE_ROLE=pattern_boundary
1000
EDGE=pattern_boundary
1000
CHAIN=chain_ms1um92k
1000
PIECE_ID=front_left_manual_01
1000
SEAM_PAIR=
1000
PAIRED_CHAIN=
1000
NOTCH_CHAIN=
1000
NOTCH_SOURCE=
1000
PIECE_ROLE=front_left
1000
SEAM_ALLOWANCE_MM=
1000
SOURCE_LAYER=11
0
VERTEX
8
AI4M_01_ATOM_NET
10
6359.098548
20
-2.606251
30
0
0
VERTEX
8
AI4M_01_ATOM_NET
10
6346.113929
20
-2.597768
30
0
0
SEQEND
8
AI4M_01_ATOM_NET
0
TEXT
8
AI4M_01_ATOM_NET
10
6359.098548
20
-2.606251
30
0
40
2.5
1
AI4M_line_0074_pattern_boundary_pattern_boundary
1001
AI4MANUFACTURING
1000
WRITEBACK_PHASE=01_ATOM_LABEL
1000
ENTITY_ID=line_0074
999
AI4M_ENTITY=line_0075;LINE_ROLE=pattern_boundary;EDGE=pattern_boundary;SOURCE_LAYER=11
0
POLYLINE
8
AI4M_01_ATOM_NET
66
1
70
0
1001
AI4MANUFACTURING
1000
WRITEBACK_PHASE=01_ATOM
1000
ENTITY_ID=line_0075
1000
SOURCE_HANDLE=492
1000
LINE_ROLE=pattern_boundary
1000
EDGE=pattern_boundary
1000
CHAIN=chain_ms1um92k
1000
PIECE_ID=front_left_manual_01
1000
SEAM_PAIR=
1000
PAIRED_CHAIN=
1000
NOTCH_CHAIN=
1000
NOTCH_SOURCE=
1000
PIECE_ROLE=front_left
1000
SEAM_ALLOWANCE_MM=
1000
SOURCE_LAYER=11
0
VERTEX
8
AI4M_01_ATOM_NET
10
6374.114418
20
-2.606251
30
0
0
VERTEX
8
AI4M_01_ATOM_NET
10
6359.098548
20
-2.606251
30
0
0
SEQEND
8
AI4M_01_ATOM_NET
0
TEXT
8
AI4M_01_ATOM_NET
10
6374.114418
20
-2.606251
30
0
40
2.5
1
AI4M_line_0075_pattern_boundary_pattern_boundary
1001
AI4MANUFACTURING
1000
WRITEBACK_PHASE=01_ATOM_LABEL
1000
ENTITY_ID=line_0075
999
AI4M_ENTITY=line_0076;LINE_ROLE=pattern_boundary;EDGE=pattern_boundary;SOURCE_LAYER=11
0
POLYLINE
8
AI4M_01_ATOM_NET
66
1
70
0
1001
AI4MANUFACTURING
1000
WRITEBACK_PHASE=01_ATOM
1000
ENTITY_ID=line_0076
1000
SOURCE_HANDLE=497
1000
LINE_ROLE=pattern_boundary
1000
EDGE=pattern_boundary
1000
CHAIN=chain_ms1um92k
1000
PIECE_ID=front_left_manual_01
1000
SEAM_PAIR=
1000
PAIRED_CHAIN=
1000
NOTCH_CHAIN=
1000
NOTCH_SOURCE=
1000
PIECE_ROLE=front_left
1000
SEAM_ALLOWANCE_MM=
1000
SOURCE_LAYER=11
0
VERTEX
8
AI4M_01_ATOM_NET
10
6374.114418
20
12.393754
30
0
0
VERTEX
8
AI4M_01_ATOM_NET
10
6374.114418
20
-2.606251
30
0
0
SEQEND
8
AI4M_01_ATOM_NET
0
TEXT
8
AI4M_01_ATOM_NET
10
6374.114418
20
12.393754
30
0
40
2.5
1
AI4M_line_0076_pattern_boundary_pattern_boundary
1001
AI4MANUFACTURING
1000
WRITEBACK_PHASE=01_ATOM_LABEL
1000
ENTITY_ID=line_0076
999
AI4M_ENTITY=line_0079;LINE_ROLE=cut_line;EDGE=unknown;SOURCE_LAYER=11
0
POLYLINE
8
AI4M_01_ATOM_CUT
66
1
70
0
1001
AI4MANUFACTURING
1000
WRITEBACK_PHASE=01_ATOM
1000
ENTITY_ID=line_0079
1000
SOURCE_HANDLE=49E
1000
LINE_ROLE=cut_line
1000
EDGE=unknown
1000
CHAIN=chain_ms1um92k
1000
PIECE_ID=front_left_manual_01
1000
SEAM_PAIR=
1000
PAIRED_CHAIN=
1000
NOTCH_CHAIN=
1000
NOTCH_SOURCE=
1000
PIECE_ROLE=front_left
1000
SEAM_ALLOWANCE_MM=
1000
SOURCE_LAYER=11
0
VERTEX
8
AI4M_01_ATOM_CUT
10
6513.821449
20
295.49824
30
0
0
VERTEX
8
AI4M_01_ATOM_CUT
10
6513.821449
20
136.349681
30
0
0
SEQEND
8
AI4M_01_ATOM_CUT
0
TEXT
8
AI4M_01_ATOM_CUT
10
6513.821449
20
295.49824
30
0
40
2.5
1
AI4M_line_0079_cut_line_unknown
1001
AI4MANUFACTURING
1000
WRITEBACK_PHASE=01_ATOM_LABEL
1000
ENTITY_ID=line_0079
999
AI4M_ENTITY=line_0080;LINE_ROLE=cut_line;EDGE=unknown;SOURCE_LAYER=11
0
POLYLINE
8
AI4M_01_ATOM_CUT
66
1
70
0
1001
AI4MANUFACTURING
1000
WRITEBACK_PHASE=01_ATOM
1000
ENTITY_ID=line_0080
1000
SOURCE_HANDLE=49F
1000
LINE_ROLE=cut_line
1000
EDGE=unknown
1000
CHAIN=chain_ms1um92k
1000
PIECE_ID=front_left_manual_01
1000
SEAM_PAIR=
1000
PAIRED_CHAIN=
1000
NOTCH_CHAIN=
1000
NOTCH_SOURCE=
1000
PIECE_ROLE=front_left
1000
SEAM_ALLOWANCE_MM=
1000
SOURCE_LAYER=11
0
VERTEX
8
AI4M_01_ATOM_CUT
10
6513.821449
20
136.349681
30
0
0
VERTEX
8
AI4M_01_ATOM_CUT
10
6517.205096
20
156.061376
30
0
0
SEQEND
8
AI4M_01_ATOM_CUT
0
TEXT
8
AI4M_01_ATOM_CUT
10
6513.821449
20
136.349681
30
0
40
2.5
1
AI4M_line_0080_cut_line_unknown
1001
AI4MANUFACTURING
1000
WRITEBACK_PHASE=01_ATOM_LABEL
1000
ENTITY_ID=line_0080
999
AI4M_ENTITY=line_0081;LINE_ROLE=cut_line;EDGE=unknown;SOURCE_LAYER=11
0
POLYLINE
8
AI4M_01_ATOM_CUT
66
1
70
0
1001
AI4MANUFACTURING
1000
WRITEBACK_PHASE=01_ATOM
1000
ENTITY_ID=line_0081
1000
SOURCE_HANDLE=4A0
1000
LINE_ROLE=cut_line
1000
EDGE=unknown
1000
CHAIN=chain_ms1um92k
1000
PIECE_ID=front_left_manual_01
1000
SEAM_PAIR=
1000
PAIRED_CHAIN=
1000
NOTCH_CHAIN=
1000
NOTCH_SOURCE=
1000
PIECE_ROLE=front_left
1000
SEAM_ALLOWANCE_MM=
1000
SOURCE_LAYER=11
0
VERTEX
8
AI4M_01_ATOM_CUT
10
6513.821449
20
136.349681
30
0
0
VERTEX
8
AI4M_01_ATOM_CUT
10
6513.821449
20
136.349681
30
0
0
SEQEND
8
AI4M_01_ATOM_CUT
0
TEXT
8
AI4M_01_ATOM_CUT
10
6513.821449
20
136.349681
30
0
40
2.5
1
AI4M_line_0081_cut_line_unknown
1001
AI4MANUFACTURING
1000
WRITEBACK_PHASE=01_ATOM_LABEL
1000
ENTITY_ID=line_0081
999
AI4M_WRITEBACK_PHASE=03_PIECE
0
TEXT
8
AI4M_03_PIECE
10
2591.757584
20
691.8385129999999
30
0
40
3
1
PIECE_collar_manual_01_collar
1001
AI4MANUFACTURING
1000
WRITEBACK_PHASE=03_PIECE
1000
PIECE_ID=collar_manual_01
1000
PIECE_ROLE=collar
1000
BOUNDARY_ROLE=
1000
SOURCE=human_piece_role
0
TEXT
8
AI4M_03_PIECE
10
3586.3081359999996
20
694.1473755
30
0
40
3
1
PIECE_collar_stand_manual_01_collar_stand
1001
AI4MANUFACTURING
1000
WRITEBACK_PHASE=03_PIECE
1000
PIECE_ID=collar_stand_manual_01
1000
PIECE_ROLE=collar_stand
1000
BOUNDARY_ROLE=
1000
SOURCE=human_piece_role
0
TEXT
8
AI4M_03_PIECE
10
1840.6195065
20
176.496968
30
0
40
3
1
PIECE_cuff_manual_01_cuff
1001
AI4MANUFACTURING
1000
WRITEBACK_PHASE=03_PIECE
1000
PIECE_ID=cuff_manual_01
1000
PIECE_ROLE=cuff
1000
BOUNDARY_ROLE=
1000
SOURCE=human_piece_role
0
TEXT
8
AI4M_03_PIECE
10
3600
20
230.00000949999998
30
0
40
3
1
PIECE_back_body_manual_01_back_body
1001
AI4MANUFACTURING
1000
WRITEBACK_PHASE=03_PIECE
1000
PIECE_ID=back_body_manual_01
1000
PIECE_ROLE=back_body
1000
BOUNDARY_ROLE=
1000
SOURCE=human_piece_role
0
TEXT
8
AI4M_03_PIECE
10
5761.7108530000005
20
332.85028500000004
30
0
40
3
1
PIECE_front_right_manual_01_front_right
1001
AI4MANUFACTURING
1000
WRITEBACK_PHASE=03_PIECE
1000
PIECE_ID=front_right_manual_01
1000
PIECE_ROLE=front_right
1000
BOUNDARY_ROLE=
1000
SOURCE=human_piece_role
0
TEXT
8
AI4M_03_PIECE
10
6601.710853
20
332.85028050000005
30
0
40
3
1
PIECE_front_left_manual_01_front_left
1001
AI4MANUFACTURING
1000
WRITEBACK_PHASE=03_PIECE
1000
PIECE_ID=front_left_manual_01
1000
PIECE_ROLE=front_left
1000
BOUNDARY_ROLE=
1000
SOURCE=human_piece_role
999
AI4M_WRITEBACK_PHASE=05_QA
0
TEXT
8
AI4M_05_QA
10
0
20
0
30
0
40
3
1
AI4M ordered writeback
1001
AI4MANUFACTURING
1000
WRITEBACK_PHASE=05_QA
1000
ROW=0
0
TEXT
8
AI4M_05_QA
10
0
20
-6
30
0
40
3
1
01 atom=486
1001
AI4MANUFACTURING
1000
WRITEBACK_PHASE=05_QA
1000
ROW=1
0
TEXT
8
AI4M_05_QA
10
0
20
-12
30
0
40
3
1
02 chains=0
1001
AI4MANUFACTURING
1000
WRITEBACK_PHASE=05_QA
1000
ROW=2
0
TEXT
8
AI4M_05_QA
10
0
20
-18
30
0
40
3
1
03 pieces=6
1001
AI4MANUFACTURING
1000
WRITEBACK_PHASE=05_QA
1000
ROW=3
0
TEXT
8
AI4M_05_QA
10
0
20
-24
30
0
40
3
1
04 seams=0
1001
AI4MANUFACTURING
1000
WRITEBACK_PHASE=05_QA
1000
ROW=4
0
TEXT
8
AI4M_05_QA
10
0
20
-30
30
0
40
3
1
04 notches=0
1001
AI4MANUFACTURING
1000
WRITEBACK_PHASE=05_QA
1000
ROW=5
  0
ENDSEC
  0
EOF
