  0
SECTION
  2
ENTITIES
  0
POLYLINE
  8
11
  66
1
  70
0
  0
VERTEX
  8
11
  10
4603.644409
  20
72.236023
  0
VERTEX
  8
11
  10
4603.924255
  20
94.236021
  0
SEQEND
  8
11
  0
POLYLINE
  8
11
  66
1
  70
0
  0
VERTEX
  8
11
  10
4603.924255
  20
94.236021
  0
VERTEX
  8
11
  10
4603.044128
  20
163.416042
  0
VERTEX
  8
11
  10
4602.036743
  20
242.609768
  0
VERTEX
  8
11
  10
4599.366455
  20
452.508926
  0
VERTEX
  8
11
  10
4598.056030
  20
555.537224
  0
SEQEND
  8
11
 0
LINE
 8
11
 10
4600.544331
 20
163.384188
 11
4605.543925
 21
163.447896
 0
LINE
 8
11
 10
4599.536946
 20
242.577917
 11
4604.536540
 21
242.641622
 0
LINE
 8
11
 10
4596.866658
 20
452.477104
 11
4601.866252
 21
452.540809
  0
POLYLINE
  8
11
  66
1
  70
0
  0
VERTEX
  8
11
  10
4598.056030
  20
555.537224
  0
VERTEX
  8
11
  10
4612.125350
  20
561.149864
  0
VERTEX
  8
11
  10
4616.609168
  20
563.261869
  0
VERTEX
  8
11
  10
4620.757303
  20
565.479975
  0
VERTEX
  8
11
  10
4624.325823
  20
567.660460
  0
VERTEX
  8
11
  10
4627.588543
  20
569.950550
  0
VERTEX
  8
11
  10
4630.728951
  20
572.459199
  0
VERTEX
  8
11
  10
4633.739578
  20
575.179240
  0
VERTEX
  8
11
  10
4636.605021
  20
578.098215
  0
VERTEX
  8
11
  10
4639.332665
  20
581.229957
  0
VERTEX
  8
11
  10
4641.900321
  20
584.557066
  0
VERTEX
  8
11
  10
4644.296834
  20
588.069761
  0
VERTEX
  8
11
  10
4646.493952
  20
591.725628
  0
VERTEX
  8
11
  10
4648.490487
  20
595.519546
  0
VERTEX
  8
11
  10
4650.314774
  20
599.527873
  0
VERTEX
  8
11
  10
4651.937204
  20
603.694394
  0
VERTEX
  8
11
  10
4653.447850
  20
608.274836
  0
VERTEX
  8
11
  10
4654.879065
  20
613.453651
  0
VERTEX
  8
11
  10
4656.412076
  20
619.993504
  0
VERTEX
  8
11
  10
4657.325975
  20
624.848094
  0
VERTEX
  8
11
  10
4658.848817
  20
634.755416
  0
VERTEX
  8
11
  10
4659.532426
  20
641.284530
  0
VERTEX
  8
11
  10
4660.061963
  20
648.338655
  0
VERTEX
  8
11
  10
4660.203837
  20
653.275009
  0
VERTEX
  8
11
  10
4660.306804
  20
663.936763
  0
VERTEX
  8
11
  10
4660.085127
  20
671.435432
  0
VERTEX
  8
11
  10
4659.424132
  20
683.564433
  0
VERTEX
  8
11
  10
4658.469015
  20
696.541563
  0
VERTEX
  8
11
  10
4657.355786
  20
708.525566
  0
VERTEX
  8
11
  10
4656.120918
  20
719.305666
  0
VERTEX
  8
11
  10
4654.698044
  20
729.571723
  0
VERTEX
  8
11
  10
4652.832407
  20
741.165692
  0
VERTEX
  8
11
  10
4650.899754
  20
751.727651
  0
VERTEX
  8
11
  10
4647.917576
  20
766.431310
  0
VERTEX
  8
11
  10
4646.006775
  20
776.100693
  0
SEQEND
  8
11
 0
LINE
 8
11
 10
4655.180865
 20
627.293491
 11
4660.118739
 21
626.507741
  0
POLYLINE
  8
11
  66
1
  70
0
  0
VERTEX
  8
11
  10
4646.006775
  20
776.100693
  0
VERTEX
  8
11
  10
4661.050501
  20
780.992064
  0
VERTEX
  8
11
  10
4675.697290
  20
785.798988
  0
VERTEX
  8
11
  10
4690.575282
  20
790.728913
  0
VERTEX
  8
11
  10
4705.392839
  20
795.698345
  0
VERTEX
  8
11
  10
4720.259382
  20
800.758654
  0
VERTEX
  8
11
  10
4734.629453
  20
805.727990
  0
VERTEX
  8
11
  10
4749.445457
  20
810.934078
  0
VERTEX
  8
11
  10
4764.239253
  20
816.203072
  0
VERTEX
  8
11
  10
4778.662405
  20
821.392086
  0
VERTEX
  8
11
  10
4792.598451
  20
826.438024
  0
VERTEX
  8
11
  10
4796.248169
  20
827.763977
  0
SEQEND
  8
11
  0
POLYLINE
  8
11
  66
1
  70
0
  0
VERTEX
  8
11
  10
4796.248169
  20
827.763977
  0
VERTEX
  8
11
  10
4799.947464
  20
821.481871
  0
VERTEX
  8
11
  10
4803.348442
  20
815.464040
  0
VERTEX
  8
11
  10
4808.091934
  20
808.187908
  0
VERTEX
  8
11
  10
4810.533419
  20
804.923688
  0
VERTEX
  8
11
  10
4813.378529
  20
801.536158
  0
VERTEX
  8
11
  10
4816.152554
  20
798.592764
  0
VERTEX
  8
11
  10
4818.999118
  20
795.928194
  0
VERTEX
  8
11
  10
4821.855347
  20
793.584561
  0
VERTEX
  8
11
  10
4824.746003
  20
791.524517
  0
VERTEX
  8
11
  10
4827.878168
  20
789.604104
  0
VERTEX
  8
11
  10
4831.251342
  20
787.831700
  0
VERTEX
  8
11
  10
4834.851506
  20
786.218844
  0
VERTEX
  8
11
  10
4838.797608
  20
784.727375
  0
VERTEX
  8
11
  10
4842.984975
  20
783.412189
  0
VERTEX
  8
11
  10
4847.448842
  20
782.270464
  0
VERTEX
  8
11
  10
4852.238015
  20
781.305379
  0
VERTEX
  8
11
  10
4857.573590
  20
780.491974
  0
VERTEX
  8
11
  10
4863.339006
  20
779.869957
  0
VERTEX
  8
11
  10
4869.704064
  20
779.440744
  0
VERTEX
  8
11
  10
4875.634309
  20
779.258696
  0
VERTEX
  8
11
  10
4880.000000
  20
779.295578
  0
SEQEND
  8
11
 0
LINE
 8
11
 10
4806.627328
 20
814.970609
 11
4802.442014
 21
812.235075
 0
LINE
 8
11
 10
4880.012666
 20
781.795547
 11
4879.987498
 21
776.795610
  0
POLYLINE
  8
11
  66
1
  70
0
  0
VERTEX
  8
11
  10
4880.000000
  20
779.295578
  0
VERTEX
  8
11
  10
4885.921376
  20
779.281828
  0
VERTEX
  8
11
  10
4892.276122
  20
779.548861
  0
VERTEX
  8
11
  10
4898.435214
  20
780.035467
  0
VERTEX
  8
11
  10
4904.099209
  20
780.720573
  0
VERTEX
  8
11
  10
4909.270643
  20
781.582954
  0
VERTEX
  8
11
  10
4913.947851
  20
782.600894
  0
VERTEX
  8
11
  10
4918.347170
  20
783.803248
  0
VERTEX
  8
11
  10
4922.429076
  20
785.162856
  0
VERTEX
  8
11
  10
4926.268739
  20
786.692847
  0
VERTEX
  8
11
  10
4929.849175
  20
788.379796
  0
VERTEX
  8
11
  10
4933.147357
  20
790.201107
  0
VERTEX
  8
11
  10
4936.214341
  20
792.175695
  0
VERTEX
  8
11
  10
4939.120922
  20
794.350076
  0
VERTEX
  8
11
  10
4941.952385
  20
796.781589
  0
VERTEX
  8
11
  10
4944.792479
  20
799.555362
  0
VERTEX
  8
11
  10
4947.556321
  20
802.604758
  0
VERTEX
  8
11
  10
4950.276000
  20
805.980997
  0
VERTEX
  8
11
  10
4953.064422
  20
809.854461
  0
VERTEX
  8
11
  10
4955.703695
  20
813.939640
  0
VERTEX
  8
11
  10
4959.027977
  20
819.681668
  0
VERTEX
  8
11
  10
4963.109687
  20
826.699323
  0
VERTEX
  8
11
  10
4963.751831
  20
827.763977
  0
SEQEND
  8
11
  0
POLYLINE
  8
11
  66
1
  70
0
  0
VERTEX
  8
11
  10
4963.751831
  20
827.763977
  0
VERTEX
  8
11
  10
4978.579706
  20
822.388520
  0
VERTEX
  8
11
  10
4993.036420
  20
817.179717
  0
VERTEX
  8
11
  10
5007.826736
  20
811.900744
  0
VERTEX
  8
11
  10
5022.638367
  20
806.681948
  0
VERTEX
  8
11
  10
5037.242143
  20
801.616984
  0
VERTEX
  8
11
  10
5052.104632
  20
796.544734
  0
VERTEX
  8
11
  10
5066.501586
  20
791.704029
  0
VERTEX
  8
11
  10
5080.910127
  20
786.918665
  0
VERTEX
  8
11
  10
5095.052639
  20
782.266807
  0
VERTEX
  8
11
  10
5109.090352
  20
777.688798
  0
VERTEX
  8
11
  10
5113.992920
  20
776.100693
  0
SEQEND
  8
11
  0
POLYLINE
  8
11
  66
1
  70
0
  0
VERTEX
  8
11
  10
5113.992920
  20
776.100693
  0
VERTEX
  8
11
  10
5111.020526
  20
761.236942
  0
VERTEX
  8
11
  10
5108.422435
  20
748.174727
  0
VERTEX
  8
11
  10
5106.505348
  20
737.222646
  0
VERTEX
  8
11
  10
5104.772044
  20
725.947556
  0
VERTEX
  8
11
  10
5103.445586
  20
715.764692
  0
VERTEX
  8
11
  10
5102.257964
  20
704.659672
  0
VERTEX
  8
11
  10
5101.188236
  20
692.247712
  0
VERTEX
  8
11
  10
5100.324023
  20
679.438228
  0
VERTEX
  8
11
  10
5099.794133
  20
668.311660
  0
VERTEX
  8
11
  10
5099.682543
  20
661.525712
  0
VERTEX
  8
11
  10
5099.925107
  20
648.589005
  0
VERTEX
  8
11
  10
5100.399262
  20
642.057369
  0
VERTEX
  8
11
  10
5101.121495
  20
634.993101
  0
VERTEX
  8
11
  10
5101.934897
  20
629.455726
  0
VERTEX
  8
11
  10
5103.293900
  20
621.421030
  0
VERTEX
  8
11
  10
5104.601754
  20
615.551354
  0
VERTEX
  8
11
  10
5106.126981
  20
609.719384
  0
VERTEX
  8
11
  10
5107.614427
  20
604.972734
  0
VERTEX
  8
11
  10
5109.206649
  20
600.688960
  0
VERTEX
  8
11
  10
5110.937285
  20
596.712086
  0
VERTEX
  8
11
  10
5112.867035
  20
592.883878
  0
VERTEX
  8
11
  10
5115.002075
  20
589.185645
  0
VERTEX
  8
11
  10
5117.342663
  20
585.619903
  0
VERTEX
  8
11
  10
5119.901674
  20
582.180245
  0
VERTEX
  8
11
  10
5122.551117
  20
579.027353
  0
VERTEX
  8
11
  10
5125.347343
  20
576.071808
  0
VERTEX
  8
11
  10
5128.330904
  20
573.273449
  0
VERTEX
  8
11
  10
5131.529513
  20
570.623611
  0
VERTEX
  8
11
  10
5134.810499
  20
568.237416
  0
VERTEX
  8
11
  10
5138.175522
  20
566.101116
  0
VERTEX
  8
11
  10
5142.040964
  20
563.953674
  0
VERTEX
  8
11
  10
5146.396650
  20
561.815246
  0
VERTEX
  8
11
  10
5151.085199
  20
559.798376
  0
VERTEX
  8
11
  10
5161.943970
  20
555.537224
  0
SEQEND
  8
11
 0
LINE
 8
11
 10
5104.818933
 20
627.293382
 11
5099.881066
 21
626.507594
  0
POLYLINE
  8
11
  66
1
  70
0
  0
VERTEX
  8
11
  10
5161.943970
  20
555.537224
  0
VERTEX
  8
11
  10
5160.633545
  20
452.508926
  0
VERTEX
  8
11
  10
5157.963257
  20
242.609768
  0
VERTEX
  8
11
  10
5156.076050
  20
94.236021
  0
SEQEND
  8
11
 0
LINE
 8
11
 10
5163.133342
 20
452.477088
 11
5158.133748
 21
452.540780
 0
LINE
 8
11
 10
5160.463054
 20
242.577909
 11
5155.463460
 21
242.641604
  0
POLYLINE
  8
11
  66
1
  70
0
  0
VERTEX
  8
11
  10
5156.076050
  20
94.236021
  0
VERTEX
  8
11
  10
5156.355591
  20
72.236023
  0
SEQEND
  8
11
  0
POLYLINE
  8
11
  66
1
  70
0
  0
VERTEX
  8
11
  10
5156.355591
  20
72.236023
  0
VERTEX
  8
11
  10
4880.000000
  20
72.236023
  0
SEQEND
  8
11
  0
POLYLINE
  8
11
  66
1
  70
0
  0
VERTEX
  8
11
  10
4880.000000
  20
72.236023
  0
VERTEX
  8
11
  10
4603.644409
  20
72.236023
  0
SEQEND
  8
11
  0
POLYLINE
  8
11
  66
1
  70
0
  0
VERTEX
  8
11
  10
4612.924805
  20
94.236021
  0
VERTEX
  8
11
  10
4612.043457
  20
163.530521
  0
VERTEX
  8
11
  10
4611.035767
  20
242.724266
  0
VERTEX
  8
11
  10
4608.365784
  20
452.623405
  0
VERTEX
  8
11
  10
4607.106323
  20
551.615601
  0
SEQEND
  8
11
 0
LINE
 8
11
 10
4609.543660
 20
163.498675
 11
4614.543254
 21
163.562365
 0
LINE
 8
11
 10
4608.535970
 20
242.692398
 11
4613.535564
 21
242.756116
 0
LINE
 8
11
 10
4605.865986
 20
452.591580
 11
4610.865580
 21
452.655279
  0
POLYLINE
  8
11
  66
1
  70
0
  0
VERTEX
  8
11
  10
4607.106323
  20
551.615601
  0
VERTEX
  8
11
  10
4611.862970
  20
553.423502
  0
VERTEX
  8
11
  10
4616.797894
  20
555.584760
  0
VERTEX
  8
11
  10
4621.399355
  20
557.853077
  0
VERTEX
  8
11
  10
4625.452600
  20
560.113568
  0
VERTEX
  8
11
  10
4628.970799
  20
562.343962
  0
VERTEX
  8
11
  10
4632.320557
  20
564.753173
  0
VERTEX
  8
11
  10
4635.610408
  20
567.423283
  0
VERTEX
  8
11
  10
4638.747147
  20
570.283557
  0
VERTEX
  8
11
  10
4641.726831
  20
573.326822
  0
VERTEX
  8
11
  10
4644.581893
  20
576.592477
  0
VERTEX
  8
11
  10
4647.245106
  20
580.007153
  0
VERTEX
  8
11
  10
4649.787299
  20
583.669793
  0
VERTEX
  8
11
  10
4652.113484
  20
587.449977
  0
VERTEX
  8
11
  10
4654.285031
  20
591.454302
  0
VERTEX
  8
11
  10
4656.229779
  20
595.565041
  0
VERTEX
  8
11
  10
4657.974892
  20
599.836093
  0
VERTEX
  8
11
  10
4659.602933
  20
604.503072
  0
VERTEX
  8
11
  10
4661.109590
  20
609.603429
  0
VERTEX
  8
11
  10
4662.566297
  20
615.458776
  0
VERTEX
  8
11
  10
4663.904657
  20
621.877040
  0
VERTEX
  8
11
  10
4665.050081
  20
628.577176
  0
VERTEX
  8
11
  10
4665.964173
  20
635.393408
  0
VERTEX
  8
11
  10
4666.650770
  20
642.367230
  0
VERTEX
  8
11
  10
4667.099010
  20
649.413689
  0
VERTEX
  8
11
  10
4667.246094
  20
653.450089
  0
SEQEND
  8
11
 0
LINE
 8
11
 10
4662.138249
 20
626.203182
 11
4667.069396
 21
625.376268
  0
POLYLINE
  8
11
  66
1
  70
0
  0
VERTEX
  8
11
  10
4667.246094
  20
653.450089
  0
VERTEX
  8
11
  10
4667.308447
  20
663.165958
  0
VERTEX
  8
11
  10
4667.083603
  20
671.476437
  0
VERTEX
  8
11
  10
4666.499261
  20
682.684827
  0
VERTEX
  8
11
  10
4665.535669
  20
696.002000
  0
VERTEX
  8
11
  10
4664.429129
  20
708.167705
  0
VERTEX
  8
11
  10
4663.180301
  20
719.268969
  0
VERTEX
  8
11
  10
4661.755265
  20
729.716282
  0
VERTEX
  8
11
  10
4659.965867
  20
740.952199
  0
VERTEX
  8
11
  10
4657.833881
  20
752.747599
  0
VERTEX
  8
11
  10
4655.009526
  20
766.788080
  0
VERTEX
  8
11
  10
4654.036255
  20
771.375275
  0
SEQEND
  8
11
  0
POLYLINE
  8
11
  66
1
  70
0
  0
VERTEX
  8
11
  10
4654.036255
  20
771.375275
  0
VERTEX
  8
11
  10
4669.007542
  20
776.248008
  0
VERTEX
  8
11
  10
4683.411501
  20
780.982814
  0
VERTEX
  8
11
  10
4697.906037
  20
785.798032
  0
VERTEX
  8
11
  10
4712.593998
  20
790.745274
  0
VERTEX
  8
11
  10
4726.828592
  20
795.614884
  0
VERTEX
  8
11
  10
4741.601780
  20
800.749620
  0
VERTEX
  8
11
  10
4755.789055
  20
805.755266
  0
VERTEX
  8
11
  10
4769.956695
  20
810.816219
  0
VERTEX
  8
11
  10
4784.508945
  20
816.065606
  0
VERTEX
  8
11
  10
4793.224487
  20
819.226379
  0
SEQEND
  8
11
  0
POLYLINE
  8
11
  66
1
  70
0
  0
VERTEX
  8
11
  10
4793.224487
  20
819.226379
  0
VERTEX
  8
11
  10
4796.789226
  20
812.845609
  0
VERTEX
  8
11
  10
4799.699417
  20
808.114069
  0
VERTEX
  8
11
  10
4802.534056
  20
803.933061
  0
VERTEX
  8
11
  10
4805.377797
  20
800.169282
  0
VERTEX
  8
11
  10
4808.247221
  20
796.769439
  0
VERTEX
  8
11
  10
4811.172034
  20
793.674254
  0
VERTEX
  8
11
  10
4814.159512
  20
790.863157
  0
VERTEX
  8
11
  10
4817.187043
  20
788.345519
  0
VERTEX
  8
11
  10
4820.224678
  20
786.128916
  0
VERTEX
  8
11
  10
4823.426977
  20
784.093923
  0
VERTEX
  8
11
  10
4826.872693
  20
782.193953
  0
VERTEX
  8
11
  10
4830.616145
  20
780.414923
  0
VERTEX
  8
11
  10
4834.607150
  20
778.795324
  0
VERTEX
  8
11
  10
4838.843394
  20
777.344084
  0
VERTEX
  8
11
  10
4843.365428
  20
776.058227
  0
VERTEX
  8
11
  10
4848.144749
  20
774.958886
  0
VERTEX
  8
11
  10
4853.291913
  20
774.033939
  0
VERTEX
  8
11
  10
4858.925200
  20
773.276987
  0
VERTEX
  8
11
  10
4865.047384
  20
772.710295
  0
VERTEX
  8
11
  10
4871.694100
  20
772.350427
  0
VERTEX
  8
11
  10
4877.537900
  20
772.259790
  0
VERTEX
  8
11
  10
4880.000000
  20
772.295609
  0
SEQEND
  8
11
 0
LINE
 8
11
 10
4800.776341
 20
811.083208
 11
4796.534722
 21
808.435820
 0
LINE
 8
11
 10
4879.992814
 20
774.795581
 11
4880.005386
 21
769.795596
  0
POLYLINE
  8
11
  66
1
  70
0
  0
VERTEX
  8
11
  10
4880.000000
  20
772.295609
  0
VERTEX
  8
11
  10
4886.350681
  20
772.297149
  0
VERTEX
  8
11
  10
4892.896755
  20
772.570908
  0
VERTEX
  8
11
  10
4899.156997
  20
773.072832
  0
VERTEX
  8
11
  10
4904.980965
  20
773.775904
  0
VERTEX
  8
11
  10
4910.322927
  20
774.657241
  0
VERTEX
  8
11
  10
4915.169115
  20
775.694437
  0
VERTEX
  8
11
  10
4919.753465
  20
776.917738
  0
VERTEX
  8
11
  10
4924.060216
  20
778.310963
  0
VERTEX
  8
11
  10
4928.134445
  20
779.879258
  0
VERTEX
  8
11
  10
4931.963333
  20
781.611289
  0
VERTEX
  8
11
  10
4935.490567
  20
783.467243
  0
VERTEX
  8
11
  10
4938.821224
  20
785.492524
  0
VERTEX
  8
11
  10
4941.899943
  20
787.647723
  0
VERTEX
  8
11
  10
4944.914490
  20
790.059020
  0
VERTEX
  8
11
  10
4947.910394
  20
792.774855
  0
VERTEX
  8
11
  10
4950.865757
  20
795.793187
  0
VERTEX
  8
11
  10
4953.730520
  20
799.071918
  0
VERTEX
  8
11
  10
4956.554500
  20
802.680937
  0
VERTEX
  8
11
  10
4959.320351
  20
806.619480
  0
VERTEX
  8
11
  10
4962.328245
  20
811.359898
  0
VERTEX
  8
11
  10
4965.214773
  20
816.339497
  0
VERTEX
  8
11
  10
4966.775513
  20
819.226379
  0
SEQEND
  8
11
  0
POLYLINE
  8
11
  66
1
  70
0
  0
VERTEX
  8
11
  10
4966.775513
  20
819.226379
  0
VERTEX
  8
11
  10
4981.972350
  20
813.721396
  0
VERTEX
  8
11
  10
4996.444808
  20
808.523088
  0
VERTEX
  8
11
  10
5011.018324
  20
803.344942
  0
VERTEX
  8
11
  10
5025.363986
  20
798.318049
  0
VERTEX
  8
11
  10
5039.545497
  20
793.424013
  0
VERTEX
  8
11
  10
5053.938754
  20
788.535324
  0
VERTEX
  8
11
  10
5068.353736
  20
783.711136
  0
VERTEX
  8
11
  10
5082.751345
  20
778.954064
  0
VERTEX
  8
11
  10
5097.038258
  20
774.277376
  0
VERTEX
  8
11
  10
5105.963745
  20
771.375275
  0
SEQEND
  8
11
  0
POLYLINE
  8
11
  66
1
  70
0
  0
VERTEX
  8
11
  10
5105.963745
  20
771.375275
  0
VERTEX
  8
11
  10
5102.940535
  20
756.787109
  0
VERTEX
  8
11
  10
5100.567600
  20
744.006644
  0
VERTEX
  8
11
  10
5098.670349
  20
732.552439
  0
VERTEX
  8
11
  10
5097.195481
  20
722.209000
  0
VERTEX
  8
11
  10
5095.904714
  20
711.355200
  0
VERTEX
  8
11
  10
5094.773967
  20
699.707757
  0
VERTEX
  8
11
  10
5093.766936
  20
686.669512
  0
VERTEX
  8
11
  10
5093.061832
  20
674.762897
  0
VERTEX
  8
11
  10
5092.726878
  20
665.238824
  0
VERTEX
  8
11
  10
5092.684062
  20
657.749418
  0
VERTEX
  8
11
  10
5092.753601
  20
653.452682
  0
SEQEND
  8
11
  0
POLYLINE
  8
11
  66
1
  70
0
  0
VERTEX
  8
11
  10
5092.753906
  20
653.450089
  0
VERTEX
  8
11
  10
5093.113969
  20
645.593503
  0
VERTEX
  8
11
  10
5093.693363
  20
638.557108
  0
VERTEX
  8
11
  10
5094.497022
  20
631.724685
  0
VERTEX
  8
11
  10
5095.532722
  20
624.987067
  0
VERTEX
  8
11
  10
5096.783426
  20
618.434249
  0
VERTEX
  8
11
  10
5098.207775
  20
612.218545
  0
VERTEX
  8
11
  10
5099.675303
  20
606.839378
  0
VERTEX
  8
11
  10
5101.236888
  20
602.001648
  0
VERTEX
  8
11
  10
5102.907786
  20
597.593032
  0
VERTEX
  8
11
  10
5104.730201
  20
593.463252
  0
VERTEX
  8
11
  10
5106.781636
  20
589.421602
  0
VERTEX
  8
11
  10
5109.008276
  20
585.569135
  0
VERTEX
  8
11
  10
5111.429352
  20
581.862449
  0
VERTEX
  8
11
  10
5114.040391
  20
578.310177
  0
VERTEX
  8
11
  10
5116.747610
  20
575.025044
  0
VERTEX
  8
11
  10
5119.706018
  20
571.820411
  0
VERTEX
  8
11
  10
5122.811512
  20
568.821380
  0
VERTEX
  8
11
  10
5126.003708
  20
566.073540
  0
VERTEX
  8
11
  10
5129.310878
  20
563.542765
  0
VERTEX
  8
11
  10
5132.772995
  20
561.202747
  0
VERTEX
  8
11
  10
5136.523550
  20
558.976785
  0
VERTEX
  8
11
  10
5140.825035
  20
556.722040
  0
VERTEX
  8
11
  10
5145.548416
  20
554.520972
  0
VERTEX
  8
11
  10
5150.267838
  20
552.595222
  0
VERTEX
  8
11
  10
5152.893677
  20
551.615601
  0
SEQEND
  8
11
 0
LINE
 8
11
 10
5097.861919
 20
626.202837
 11
5092.930758
 21
625.376002
  0
POLYLINE
  8
11
  66
1
  70
0
  0
VERTEX
  8
11
  10
5152.893677
  20
551.615601
  0
VERTEX
  8
11
  10
5151.633911
  20
452.623405
  0
VERTEX
  8
11
  10
5148.964233
  20
242.724266
  0
VERTEX
  8
11
  10
5147.075195
  20
94.236021
  0
SEQEND
  8
11
 0
LINE
 8
11
 10
5154.133708
 20
452.591556
 11
5149.134114
 21
452.655284
 0
LINE
 8
11
 10
5151.464030
 20
242.692409
 11
5146.464436
 21
242.756097
  0
POLYLINE
  8
11
  66
1
  70
0
  0
VERTEX
  8
11
  10
5147.075195
  20
94.236021
  0
VERTEX
  8
11
  10
4880.000000
  20
94.236021
  0
SEQEND
  8
11
  0
POLYLINE
  8
11
  66
1
  70
0
  0
VERTEX
  8
11
  10
4880.000000
  20
94.236021
  0
VERTEX
  8
11
  10
4612.924805
  20
94.236021
  0
SEQEND
  8
11
  0
POLYLINE
  8
11
  66
1
  70
0
  0
VERTEX
  8
11
  10
4880.000000
  20
772.295609
  0
VERTEX
  8
11
  10
4880.000000
  20
94.236021
  0
SEQEND
  8
11
 0
LINE
 8
11
 10
4880.000000
 20
774.795609
 11
4880.000000
 21
769.795609
  0
POLYLINE
  8
11
  66
1
  70
0
  0
VERTEX
  8
11
  10
4607.417908
  20
526.866989
  0
VERTEX
  8
11
  10
4880.000000
  20
526.866989
  0
SEQEND
  8
11
  0
POLYLINE
  8
11
  66
1
  70
0
  0
VERTEX
  8
11
  10
4880.000000
  20
398.178177
  0
VERTEX
  8
11
  10
4609.037476
  20
398.178177
  0
SEQEND
  8
11
  0
POLYLINE
  8
11
  66
1
  70
0
  0
VERTEX
  8
11
  10
4880.000000
  20
653.450394
  0
VERTEX
  8
11
  10
4667.246094
  20
653.450394
  0
SEQEND
  8
11
  0
POLYLINE
  8
11
  66
1
  70
0
  0
VERTEX
  8
11
  10
5152.581787
  20
526.866989
  0
VERTEX
  8
11
  10
4880.000000
  20
526.866989
  0
SEQEND
  8
11
  0
POLYLINE
  8
11
  66
1
  70
0
  0
VERTEX
  8
11
  10
4880.000000
  20
398.178177
  0
VERTEX
  8
11
  10
5150.962524
  20
398.178177
  0
SEQEND
  8
11
  0
POLYLINE
  8
11
  66
1
  70
0
  0
VERTEX
  8
11
  10
4880.000000
  20
653.450394
  0
VERTEX
  8
11
  10
5092.753906
  20
653.450394
  0
SEQEND
  8
11
  0
POLYLINE
  8
11
  66
1
  70
0
  0
VERTEX
  8
11
  10
4880.000000
  20
72.236023
  0
VERTEX
  8
11
  10
4603.644409
  20
72.236023
  0
SEQEND
  8
11
  0
POLYLINE
  8
11
  66
1
  70
0
  0
VERTEX
  8
11
  10
5156.355591
  20
72.236023
  0
VERTEX
  8
11
  10
4880.000000
  20
72.236023
  0
SEQEND
  8
11
  0
POLYLINE
  8
11
  66
1
  70
0
  0
VERTEX
  8
11
  10
5156.076050
  20
94.236021
  0
VERTEX
  8
11
  10
5156.355591
  20
72.236023
  0
SEQEND
  8
11
  0
POLYLINE
  8
11
  66
1
  70
0
  0
VERTEX
  8
11
  10
5161.943970
  20
555.537224
  0
VERTEX
  8
11
  10
5160.633545
  20
452.508926
  0
VERTEX
  8
11
  10
5157.963257
  20
242.609768
  0
VERTEX
  8
11
  10
5156.076050
  20
94.236021
  0
SEQEND
  8
11
  0
POLYLINE
  8
11
  66
1
  70
0
  0
VERTEX
  8
11
  10
5113.992920
  20
776.100693
  0
VERTEX
  8
11
  10
5111.020508
  20
761.237030
  0
VERTEX
  8
11
  10
5108.422241
  20
748.174820
  0
VERTEX
  8
11
  10
5106.505432
  20
737.222748
  0
VERTEX
  8
11
  10
5104.772034
  20
725.947647
  0
VERTEX
  8
11
  10
5103.445740
  20
715.764771
  0
VERTEX
  8
11
  10
5102.257996
  20
704.659729
  0
VERTEX
  8
11
  10
5101.188354
  20
692.247772
  0
VERTEX
  8
11
  10
5100.324097
  20
679.438324
  0
VERTEX
  8
11
  10
5099.794312
  20
668.311768
  0
VERTEX
  8
11
  10
5099.682617
  20
661.525803
  0
VERTEX
  8
11
  10
5099.924927
  20
648.589096
  0
VERTEX
  8
11
  10
5100.399170
  20
642.057419
  0
VERTEX
  8
11
  10
5101.121521
  20
634.993172
  0
VERTEX
  8
11
  10
5101.934814
  20
629.455757
  0
VERTEX
  8
11
  10
5103.294067
  20
621.421089
  0
VERTEX
  8
11
  10
5104.601746
  20
615.551414
  0
VERTEX
  8
11
  10
5106.127014
  20
609.719429
  0
VERTEX
  8
11
  10
5107.614441
  20
604.972801
  0
VERTEX
  8
11
  10
5109.206543
  20
600.689011
  0
VERTEX
  8
11
  10
5110.937195
  20
596.712151
  0
VERTEX
  8
11
  10
5112.867126
  20
592.883949
  0
VERTEX
  8
11
  10
5115.002136
  20
589.185715
  0
VERTEX
  8
11
  10
5117.342529
  20
585.619965
  0
VERTEX
  8
11
  10
5119.901428
  20
582.180290
  0
VERTEX
  8
11
  10
5122.551270
  20
579.027405
  0
VERTEX
  8
11
  10
5125.347290
  20
576.071854
  0
VERTEX
  8
11
  10
5128.330688
  20
573.273506
  0
VERTEX
  8
11
  10
5131.529541
  20
570.623665
  0
VERTEX
  8
11
  10
5134.810181
  20
568.237419
  0
VERTEX
  8
11
  10
5138.175049
  20
566.101112
  0
VERTEX
  8
11
  10
5142.041016
  20
563.953705
  0
VERTEX
  8
11
  10
5146.396484
  20
561.815262
  0
VERTEX
  8
11
  10
5151.085205
  20
559.798431
  0
VERTEX
  8
11
  10
5161.943970
  20
555.537224
  0
SEQEND
  8
11
  0
POLYLINE
  8
11
  66
1
  70
0
  0
VERTEX
  8
11
  10
4963.751831
  20
827.763977
  0
VERTEX
  8
11
  10
4978.579712
  20
822.388535
  0
VERTEX
  8
11
  10
4993.036499
  20
817.179718
  0
VERTEX
  8
11
  10
5007.826843
  20
811.900787
  0
VERTEX
  8
11
  10
5022.638245
  20
806.681976
  0
VERTEX
  8
11
  10
5037.242126
  20
801.617050
  0
VERTEX
  8
11
  10
5052.104492
  20
796.544800
  0
VERTEX
  8
11
  10
5066.501465
  20
791.704102
  0
VERTEX
  8
11
  10
5080.910034
  20
786.918716
  0
VERTEX
  8
11
  10
5095.052490
  20
782.266846
  0
VERTEX
  8
11
  10
5109.090271
  20
777.688828
  0
VERTEX
  8
11
  10
5113.992920
  20
776.100693
  0
SEQEND
  8
11
  0
POLYLINE
  8
11
  66
1
  70
0
  0
VERTEX
  8
11
  10
4880.000000
  20
779.295578
  0
VERTEX
  8
11
  10
4885.921326
  20
779.281845
  0
VERTEX
  8
11
  10
4892.276306
  20
779.548874
  0
VERTEX
  8
11
  10
4898.435364
  20
780.035477
  0
VERTEX
  8
11
  10
4904.099121
  20
780.720596
  0
VERTEX
  8
11
  10
4909.270630
  20
781.582947
  0
VERTEX
  8
11
  10
4913.947754
  20
782.600937
  0
VERTEX
  8
11
  10
4918.347168
  20
783.803253
  0
VERTEX
  8
11
  10
4922.428894
  20
785.162888
  0
VERTEX
  8
11
  10
4926.268616
  20
786.692886
  0
VERTEX
  8
11
  10
4929.849243
  20
788.379745
  0
VERTEX
  8
11
  10
4933.147278
  20
790.201111
  0
VERTEX
  8
11
  10
4936.214600
  20
792.175751
  0
VERTEX
  8
11
  10
4939.121094
  20
794.350128
  0
VERTEX
  8
11
  10
4941.952515
  20
796.781616
  0
VERTEX
  8
11
  10
4944.792480
  20
799.555435
  0
VERTEX
  8
11
  10
4947.556458
  20
802.604828
  0
VERTEX
  8
11
  10
4950.275879
  20
805.981064
  0
VERTEX
  8
11
  10
4953.064270
  20
809.854507
  0
VERTEX
  8
11
  10
4955.703735
  20
813.939667
  0
VERTEX
  8
11
  10
4959.028015
  20
819.681702
  0
VERTEX
  8
11
  10
4963.109741
  20
826.699295
  0
VERTEX
  8
11
  10
4963.751831
  20
827.763977
  0
SEQEND
  8
11
  0
POLYLINE
  8
11
  66
1
  70
0
  0
VERTEX
  8
11
  10
4796.248169
  20
827.763977
  0
VERTEX
  8
11
  10
4799.947510
  20
821.481934
  0
VERTEX
  8
11
  10
4803.348389
  20
815.464096
  0
VERTEX
  8
11
  10
4808.092041
  20
808.188019
  0
VERTEX
  8
11
  10
4810.533142
  20
804.923782
  0
VERTEX
  8
11
  10
4813.378296
  20
801.536255
  0
VERTEX
  8
11
  10
4816.152649
  20
798.592834
  0
VERTEX
  8
11
  10
4818.999023
  20
795.928268
  0
VERTEX
  8
11
  10
4821.855469
  20
793.584595
  0
VERTEX
  8
11
  10
4824.745789
  20
791.524582
  0
VERTEX
  8
11
  10
4827.878113
  20
789.604111
  0
VERTEX
  8
11
  10
4831.251221
  20
787.831726
  0
VERTEX
  8
11
  10
4834.851379
  20
786.218872
  0
VERTEX
  8
11
  10
4838.797607
  20
784.727402
  0
VERTEX
  8
11
  10
4842.984924
  20
783.412170
  0
VERTEX
  8
11
  10
4847.448730
  20
782.270432
  0
VERTEX
  8
11
  10
4852.237854
  20
781.305389
  0
VERTEX
  8
11
  10
4857.573547
  20
780.492020
  0
VERTEX
  8
11
  10
4863.338928
  20
779.869995
  0
VERTEX
  8
11
  10
4869.703979
  20
779.440765
  0
VERTEX
  8
11
  10
4875.634155
  20
779.258728
  0
VERTEX
  8
11
  10
4880.000000
  20
779.295578
  0
SEQEND
  8
11
  0
POLYLINE
  8
11
  66
1
  70
0
  0
VERTEX
  8
11
  10
4646.006775
  20
776.100693
  0
VERTEX
  8
11
  10
4661.050720
  20
780.992126
  0
VERTEX
  8
11
  10
4675.697327
  20
785.799026
  0
VERTEX
  8
11
  10
4690.575562
  20
790.728989
  0
VERTEX
  8
11
  10
4705.393066
  20
795.698395
  0
VERTEX
  8
11
  10
4720.259399
  20
800.758743
  0
VERTEX
  8
11
  10
4734.629517
  20
805.728073
  0
VERTEX
  8
11
  10
4749.445496
  20
810.934143
  0
VERTEX
  8
11
  10
4764.239502
  20
816.203156
  0
VERTEX
  8
11
  10
4778.662720
  20
821.392136
  0
VERTEX
  8
11
  10
4792.598572
  20
826.438065
  0
VERTEX
  8
11
  10
4796.248169
  20
827.763977
  0
SEQEND
  8
11
  0
POLYLINE
  8
11
  66
1
  70
0
  0
VERTEX
  8
11
  10
4598.056030
  20
555.537224
  0
VERTEX
  8
11
  10
4612.125244
  20
561.149788
  0
VERTEX
  8
11
  10
4616.608887
  20
563.261795
  0
VERTEX
  8
11
  10
4620.757141
  20
565.479851
  0
VERTEX
  8
11
  10
4624.325562
  20
567.660332
  0
VERTEX
  8
11
  10
4627.588501
  20
569.950409
  0
VERTEX
  8
11
  10
4630.728760
  20
572.459030
  0
VERTEX
  8
11
  10
4633.739319
  20
575.179062
  0
VERTEX
  8
11
  10
4636.604919
  20
578.098068
  0
VERTEX
  8
11
  10
4639.332581
  20
581.229820
  0
VERTEX
  8
11
  10
4641.900330
  20
584.556923
  0
VERTEX
  8
11
  10
4644.296875
  20
588.069649
  0
VERTEX
  8
11
  10
4646.493835
  20
591.725464
  0
VERTEX
  8
11
  10
4648.490601
  20
595.519371
  0
VERTEX
  8
11
  10
4650.314941
  20
599.527702
  0
VERTEX
  8
11
  10
4651.937256
  20
603.694191
  0
VERTEX
  8
11
  10
4653.447876
  20
608.274651
  0
VERTEX
  8
11
  10
4654.879150
  20
613.453484
  0
VERTEX
  8
11
  10
4656.412048
  20
619.993324
  0
VERTEX
  8
11
  10
4657.326050
  20
624.847908
  0
VERTEX
  8
11
  10
4658.848877
  20
634.755211
  0
VERTEX
  8
11
  10
4659.532471
  20
641.284332
  0
VERTEX
  8
11
  10
4660.061951
  20
648.338470
  0
VERTEX
  8
11
  10
4660.203857
  20
653.274841
  0
VERTEX
  8
11
  10
4660.306702
  20
663.936615
  0
VERTEX
  8
11
  10
4660.085144
  20
671.435318
  0
VERTEX
  8
11
  10
4659.424133
  20
683.564301
  0
VERTEX
  8
11
  10
4658.468933
  20
696.541443
  0
VERTEX
  8
11
  10
4657.355652
  20
708.525391
  0
VERTEX
  8
11
  10
4656.120911
  20
719.305496
  0
VERTEX
  8
11
  10
4654.698181
  20
729.571533
  0
VERTEX
  8
11
  10
4652.832336
  20
741.165543
  0
VERTEX
  8
11
  10
4650.899963
  20
751.727448
  0
VERTEX
  8
11
  10
4647.917786
  20
766.431122
  0
VERTEX
  8
11
  10
4646.006775
  20
776.100693
  0
SEQEND
  8
11
  0
POLYLINE
  8
11
  66
1
  70
0
  0
VERTEX
  8
11
  10
4603.924255
  20
94.236021
  0
VERTEX
  8
11
  10
4603.044128
  20
163.416042
  0
VERTEX
  8
11
  10
4602.036743
  20
242.609768
  0
VERTEX
  8
11
  10
4599.366455
  20
452.508926
  0
VERTEX
  8
11
  10
4598.056030
  20
555.537224
  0
SEQEND
  8
11
  0
POLYLINE
  8
11
  66
1
  70
0
  0
VERTEX
  8
11
  10
4603.644409
  20
72.236023
  0
VERTEX
  8
11
  10
4603.924255
  20
94.236021
  0
SEQEND
  8
11
 0
LINE
 8
11
 10
4772.290039
 20
432.944107
 11
4772.290039
 21
292.860909
 0
LINE
 8
11
 10
4772.290039
 20
292.860909
 11
4775.673686
 21
312.572604
 0
LINE
 8
11
 10
4772.290039
 20
292.860909
 11
4772.290039
 21
292.860909
  0
TEXT
  8
11
 10
4880.000000
 20
420.000000
 40
10.000000
 50
0.000000
  1
Piece Name: 
  0
TEXT
  8
11
 10
4880.000000
 20
435.000000
 40
10.000000
 50
0.000000
  1
Size: M
  0
TEXT
  8
11
 10
4880.000000
 20
450.000000
 40
10.000000
 50
0.000000
  1
Annotation: 主料X1
  0
TEXT
  8
11
 10
4880.000000
 20
465.000000
 40
10.000000
 50
0.000000
  1
Quantity: 1
  0
TEXT
  8
11
 10
4880.000000
 20
480.000000
 40
10.000000
 50
0.000000
  1
Material: 主料
  0
POLYLINE
  8
11
  66
1
  70
0
  0
VERTEX
  8
11
  10
3931.882629
  20
81.402931
  0
VERTEX
  8
11
  10
3933.510742
  20
103.306923
  0
SEQEND
  8
11
  0
POLYLINE
  8
11
  66
1
  70
0
  0
VERTEX
  8
11
  10
3933.510742
  20
103.306923
  0
VERTEX
  8
11
  10
3933.510742
  20
251.472950
  0
VERTEX
  8
11
  10
3933.510742
  20
461.767235
  0
VERTEX
  8
11
  10
3933.510742
  20
572.048874
  0
SEQEND
  8
11
 0
LINE
 8
11
 10
3931.010742
 20
251.472941
 11
3936.010742
 21
251.472940
 0
LINE
 8
11
 10
3931.010742
 20
461.767235
 11
3936.010742
 21
461.767235
  0
POLYLINE
  8
11
  66
1
  70
0
  0
VERTEX
  8
11
  10
3933.510742
  20
572.048874
  0
VERTEX
  8
11
  10
3943.129263
  20
573.886503
  0
VERTEX
  8
11
  10
3949.040489
  20
575.067735
  0
VERTEX
  8
11
  10
3953.958953
  20
576.288892
  0
VERTEX
  8
11
  10
3958.095852
  20
577.555464
  0
VERTEX
  8
11
  10
3961.926330
  20
578.982406
  0
VERTEX
  8
11
  10
3965.643104
  20
580.632776
  0
VERTEX
  8
11
  10
3969.138946
  20
582.453316
  0
VERTEX
  8
11
  10
3972.515776
  20
584.492643
  0
VERTEX
  8
11
  10
3975.686261
  20
586.695379
  0
VERTEX
  8
11
  10
3978.663235
  20
589.057109
  0
VERTEX
  8
11
  10
3981.374573
  20
591.517636
  0
VERTEX
  8
11
  10
3984.290584
  20
594.529692
  0
VERTEX
  8
11
  10
3986.348867
  20
596.954256
  0
VERTEX
  8
11
  10
3990.419844
  20
602.690878
  0
VERTEX
  8
11
  10
3992.279084
  20
605.813167
  0
VERTEX
  8
11
  10
3994.385302
  20
609.861049
  0
VERTEX
  8
11
  10
3996.187438
  20
613.845038
  0
VERTEX
  8
11
  10
3997.810673
  20
618.049391
  0
VERTEX
  8
11
  10
3999.286556
  20
622.583799
  0
VERTEX
  8
11
  10
4000.568193
  20
627.298638
  0
VERTEX
  8
11
  10
4001.429819
  20
631.335646
  0
VERTEX
  8
11
  10
4002.859110
  20
640.074124
  0
VERTEX
  8
11
  10
4003.257159
  20
644.486625
  0
VERTEX
  8
11
  10
4003.736156
  20
654.660207
  0
VERTEX
  8
11
  10
4003.679007
  20
660.224789
  0
VERTEX
  8
11
  10
4003.330356
  20
668.566197
  0
VERTEX
  8
11
  10
4002.762058
  20
676.339027
  0
VERTEX
  8
11
  10
4001.867214
  20
685.068034
  0
VERTEX
  8
11
  10
4000.711757
  20
693.974437
  0
VERTEX
  8
11
  10
3999.300682
  20
702.947102
  0
VERTEX
  8
11
  10
3997.577703
  20
712.279286
  0
VERTEX
  8
11
  10
3995.304606
  20
723.147693
  0
VERTEX
  8
11
  10
3992.977902
  20
733.140584
  0
VERTEX
  8
11
  10
3989.265207
  20
747.776809
  0
VERTEX
  8
11
  10
3987.210999
  20
756.089859
  0
SEQEND
  8
11
 0
LINE
 8
11
 10
3985.703769
 20
600.317946
 11
3989.781320
 21
597.424233
 0
LINE
 8
11
 10
4001.112138
 20
651.306788
 11
4006.105364
 21
651.046600
  0
POLYLINE
  8
11
  66
1
  70
0
  0
VERTEX
  8
11
  10
3987.210999
  20
756.089859
  0
VERTEX
  8
11
  10
4002.563198
  20
760.681780
  0
VERTEX
  8
11
  10
4017.381475
  20
765.184446
  0
VERTEX
  8
11
  10
4032.263420
  20
769.813444
  0
VERTEX
  8
11
  10
4046.705850
  20
774.442620
  0
VERTEX
  8
11
  10
4061.502003
  20
779.338688
  0
VERTEX
  8
11
  10
4075.907557
  20
784.246746
  0
VERTEX
  8
11
  10
4090.618305
  20
789.393432
  0
VERTEX
  8
11
  10
4105.071658
  20
794.568418
  0
VERTEX
  8
11
  10
4119.390365
  20
799.782825
  0
VERTEX
  8
11
  10
4133.305625
  20
804.922154
  0
VERTEX
  8
11
  10
4134.350586
  20
805.311737
  0
SEQEND
  8
11
  0
POLYLINE
  8
11
  66
1
  70
0
  0
VERTEX
  8
11
  10
4134.350586
  20
805.311737
  0
VERTEX
  8
11
  10
4137.044157
  20
793.736790
  0
VERTEX
  8
11
  10
4139.050515
  20
785.008114
  0
VERTEX
  8
11
  10
4140.746026
  20
778.725686
  0
VERTEX
  8
11
  10
4142.605031
  20
772.748488
  0
VERTEX
  8
11
  10
4144.628511
  20
767.052860
  0
VERTEX
  8
11
  10
4147.317666
  20
760.301336
  0
VERTEX
  8
11
  10
4149.322362
  20
755.800264
  0
VERTEX
  8
11
  10
4153.653216
  20
747.405002
  0
VERTEX
  8
11
  10
4155.907480
  20
743.661564
  0
VERTEX
  8
11
  10
4158.627048
  20
739.622398
  0
VERTEX
  8
11
  10
4161.224297
  20
736.188974
  0
VERTEX
  8
11
  10
4163.946111
  20
732.998919
  0
VERTEX
  8
11
  10
4166.687245
  20
730.153989
  0
VERTEX
  8
11
  10
4169.570650
  20
727.521216
  0
VERTEX
  8
11
  10
4172.420764
  20
725.248156
  0
VERTEX
  8
11
  10
4175.268313
  20
723.284744
  0
VERTEX
  8
11
  10
4178.115184
  20
721.619315
  0
VERTEX
  8
11
  10
4180.960822
  20
720.243460
  0
VERTEX
  8
11
  10
4183.893782
  20
719.106495
  0
VERTEX
  8
11
  10
4187.006200
  20
718.167282
  0
VERTEX
  8
11
  10
4190.228587
  20
717.449619
  0
VERTEX
  8
11
  10
4194.119666
  20
716.859597
  0
VERTEX
  8
11
  10
4198.377144
  20
716.458375
  0
VERTEX
  8
11
  10
4200.000000
  20
716.370850
  0
SEQEND
  8
11
 0
LINE
 8
11
 10
4153.289252
 20
753.500392
 11
4148.843855
 21
751.211627
 0
LINE
 8
11
 10
4200.007341
 20
718.870836
 11
4199.992758
 21
713.870858
  0
POLYLINE
  8
11
  66
1
  70
0
  0
VERTEX
  8
11
  10
4200.000000
  20
716.370850
  0
VERTEX
  8
11
  10
4204.339550
  20
716.685790
  0
VERTEX
  8
11
  10
4208.550333
  20
717.237446
  0
VERTEX
  8
11
  10
4211.954723
  20
717.908763
  0
VERTEX
  8
11
  10
4215.137867
  20
718.786822
  0
VERTEX
  8
11
  10
4218.112983
  20
719.855297
  0
VERTEX
  8
11
  10
4220.906820
  20
721.114643
  0
VERTEX
  8
11
  10
4223.665348
  20
722.626384
  0
VERTEX
  8
11
  10
4226.508796
  20
724.474716
  0
VERTEX
  8
11
  10
4229.327328
  20
726.604920
  0
VERTEX
  8
11
  10
4232.152425
  20
729.052214
  0
VERTEX
  8
11
  10
4234.946567
  20
731.807374
  0
VERTEX
  8
11
  10
4237.646192
  20
734.818122
  0
VERTEX
  8
11
  10
4240.252373
  20
738.090571
  0
VERTEX
  8
11
  10
4242.836325
  20
741.740071
  0
VERTEX
  8
11
  10
4245.443121
  20
745.847156
  0
VERTEX
  8
11
  10
4247.407222
  20
749.367423
  0
VERTEX
  8
11
  10
4251.259685
  20
757.043544
  0
VERTEX
  8
11
  10
4253.454265
  20
762.173358
  0
VERTEX
  8
11
  10
4255.949185
  20
768.607258
  0
VERTEX
  8
11
  10
4257.913756
  20
774.336392
  0
VERTEX
  8
11
  10
4259.754544
  20
780.484557
  0
VERTEX
  8
11
  10
4261.368591
  20
786.723859
  0
VERTEX
  8
11
  10
4264.701993
  20
801.377707
  0
VERTEX
  8
11
  10
4265.649414
  20
805.311737
  0
SEQEND
  8
11
 0
LINE
 8
11
 10
4246.710672
 20
753.500245
 11
4251.156072
 21
751.211485
  0
POLYLINE
  8
11
  66
1
  70
0
  0
VERTEX
  8
11
  10
4265.649414
  20
805.311737
  0
VERTEX
  8
11
  10
4280.194516
  20
799.935139
  0
VERTEX
  8
11
  10
4294.418425
  20
794.752796
  0
VERTEX
  8
11
  10
4308.813455
  20
789.594879
  0
VERTEX
  8
11
  10
4323.522616
  20
784.443653
  0
VERTEX
  8
11
  10
4338.276956
  20
779.412974
  0
VERTEX
  8
11
  10
4353.072433
  20
774.514856
  0
VERTEX
  8
11
  10
4367.564268
  20
769.867817
  0
VERTEX
  8
11
  10
4382.445796
  20
765.237482
  0
VERTEX
  8
11
  10
4397.249490
  20
760.738213
  0
VERTEX
  8
11
  10
4411.387430
  20
756.506082
  0
VERTEX
  8
11
  10
4412.789001
  20
756.089859
  0
SEQEND
  8
11
  0
POLYLINE
  8
11
  66
1
  70
0
  0
VERTEX
  8
11
  10
4412.789001
  20
756.089859
  0
VERTEX
  8
11
  10
4409.108824
  20
741.397018
  0
VERTEX
  8
11
  10
4406.145017
  20
729.498228
  0
VERTEX
  8
11
  10
4403.839787
  20
719.193995
  0
VERTEX
  8
11
  10
4401.751577
  20
708.800575
  0
VERTEX
  8
11
  10
4400.170484
  20
699.764791
  0
VERTEX
  8
11
  10
4398.851703
  20
690.825544
  0
VERTEX
  8
11
  10
4397.782679
  20
681.920197
  0
VERTEX
  8
11
  10
4396.997218
  20
673.428890
  0
VERTEX
  8
11
  10
4396.521360
  20
665.692294
  0
VERTEX
  8
11
  10
4396.263287
  20
657.445725
  0
VERTEX
  8
11
  10
4396.317229
  20
652.677780
  0
VERTEX
  8
11
  10
4396.867921
  20
642.797952
  0
VERTEX
  8
11
  10
4397.317210
  20
638.734120
  0
VERTEX
  8
11
  10
4398.896920
  20
629.664679
  0
VERTEX
  8
11
  10
4399.927964
  20
625.358243
  0
VERTEX
  8
11
  10
4401.351566
  20
620.525431
  0
VERTEX
  8
11
  10
4402.896676
  20
616.131614
  0
VERTEX
  8
11
  10
4404.594545
  20
612.041692
  0
VERTEX
  8
11
  10
4406.504589
  20
608.086480
  0
VERTEX
  8
11
  10
4408.614405
  20
604.253251
  0
VERTEX
  8
11
  10
4410.402733
  20
601.466212
  0
VERTEX
  8
11
  10
4414.201349
  20
596.266557
  0
VERTEX
  8
11
  10
4416.482489
  20
593.696121
  0
VERTEX
  8
11
  10
4419.372795
  20
590.805755
  0
VERTEX
  8
11
  10
4422.099739
  20
588.421399
  0
VERTEX
  8
11
  10
4425.189173
  20
586.057089
  0
VERTEX
  8
11
  10
4428.442638
  20
583.883467
  0
VERTEX
  8
11
  10
4431.782324
  20
581.946416
  0
VERTEX
  8
11
  10
4435.310982
  20
580.182437
  0
VERTEX
  8
11
  10
4439.042735
  20
578.596371
  0
VERTEX
  8
11
  10
4442.874425
  20
577.234556
  0
VERTEX
  8
11
  10
4447.125971
  20
575.996444
  0
VERTEX
  8
11
  10
4452.109737
  20
574.816706
  0
VERTEX
  8
11
  10
4458.647681
  20
573.566150
  0
VERTEX
  8
11
  10
4466.489258
  20
572.048874
  0
SEQEND
  8
11
 0
LINE
 8
11
 10
4398.887758
 20
651.307134
 11
4393.894518
 21
651.047224
 0
LINE
 8
11
 10
4414.295853
 20
600.318498
 11
4410.218367
 21
597.424692
  0
POLYLINE
  8
11
  66
1
  70
0
  0
VERTEX
  8
11
  10
4466.489258
  20
572.048874
  0
VERTEX
  8
11
  10
4466.489258
  20
461.767235
  0
VERTEX
  8
11
  10
4466.489258
  20
251.472950
  0
VERTEX
  8
11
  10
4466.489258
  20
103.306923
  0
SEQEND
  8
11
 0
LINE
 8
11
 10
4468.989258
 20
461.767225
 11
4463.989258
 21
461.767226
 0
LINE
 8
11
 10
4468.989258
 20
251.472931
 11
4463.989258
 21
251.472931
  0
POLYLINE
  8
11
  66
1
  70
0
  0
VERTEX
  8
11
  10
4466.489258
  20
103.306923
  0
VERTEX
  8
11
  10
4468.117371
  20
81.402931
  0
SEQEND
  8
11
  0
POLYLINE
  8
11
  66
1
  70
0
  0
VERTEX
  8
11
  10
4468.117371
  20
81.402931
  0
VERTEX
  8
11
  10
4452.549626
  20
80.710304
  0
VERTEX
  8
11
  10
4437.028954
  20
80.039741
  0
VERTEX
  8
11
  10
4421.594067
  20
79.392250
  0
VERTEX
  8
11
  10
4405.794700
  20
78.752837
  0
VERTEX
  8
11
  10
4390.127858
  20
78.148363
  0
VERTEX
  8
11
  10
4374.846720
  20
77.593766
  0
VERTEX
  8
11
  10
4359.564148
  20
77.079492
  0
VERTEX
  8
11
  10
4343.783614
  20
76.596906
  0
VERTEX
  8
11
  10
4328.497935
  20
76.181578
  0
VERTEX
  8
11
  10
4313.210892
  20
75.821872
  0
VERTEX
  8
11
  10
4297.538712
  20
75.514682
  0
VERTEX
  8
11
  10
4282.249477
  20
75.271368
  0
VERTEX
  8
11
  10
4266.959511
  20
75.075370
  0
VERTEX
  8
11
  10
4251.885979
  20
74.921198
  0
VERTEX
  8
11
  10
4236.595168
  20
74.803611
  0
VERTEX
  8
11
  10
4221.304125
  20
74.727267
  0
VERTEX
  8
11
  10
4205.788084
  20
74.692648
  0
VERTEX
  8
11
  10
4200.000000
  20
74.688234
  0
SEQEND
  8
11
  0
POLYLINE
  8
11
  66
1
  70
0
  0
VERTEX
  8
11
  10
4200.000000
  20
74.688234
  0
VERTEX
  8
11
  10
4183.550831
  20
74.712008
  0
VERTEX
  8
11
  10
4168.259733
  20
74.774799
  0
VERTEX
  8
11
  10
4152.968820
  20
74.879528
  0
VERTEX
  8
11
  10
4137.678199
  20
75.024009
  0
VERTEX
  8
11
  10
4122.361972
  20
75.207651
  0
VERTEX
  8
11
  10
4107.072428
  20
75.435815
  0
VERTEX
  8
11
  10
4092.000687
  20
75.712722
  0
VERTEX
  8
11
  10
4076.713248
  20
76.052486
  0
VERTEX
  8
11
  10
4061.427150
  20
76.449335
  0
VERTEX
  8
11
  10
4045.758731
  20
76.910908
  0
VERTEX
  8
11
  10
4030.475678
  20
77.409785
  0
VERTEX
  8
11
  10
4015.194071
  20
77.950993
  0
VERTEX
  8
11
  10
3999.913799
  20
78.528771
  0
VERTEX
  8
11
  10
3984.239394
  20
79.153145
  0
VERTEX
  8
11
  10
3969.005429
  20
79.784179
  0
VERTEX
  8
11
  10
3954.102718
  20
80.420604
  0
VERTEX
  8
11
  10
3939.242470
  20
81.072588
  0
VERTEX
  8
11
  10
3931.882629
  20
81.402931
  0
SEQEND
  8
11
  0
POLYLINE
  8
11
  66
1
  70
0
  0
VERTEX
  8
11
  10
3942.510681
  20
102.972927
  0
VERTEX
  8
11
  10
3942.510681
  20
251.472950
  0
VERTEX
  8
11
  10
3942.510681
  20
461.767235
  0
VERTEX
  8
11
  10
3942.510681
  20
566.707230
  0
SEQEND
  8
11
 0
LINE
 8
11
 10
3940.010681
 20
251.472940
 11
3945.010681
 21
251.472941
 0
LINE
 8
11
 10
3940.010681
 20
461.767254
 11
3945.010681
 21
461.767254
  0
POLYLINE
  8
11
  66
1
  70
0
  0
VERTEX
  8
11
  10
3942.510681
  20
566.707230
  0
VERTEX
  8
11
  10
3948.589839
  20
567.802855
  0
VERTEX
  8
11
  10
3953.816929
  20
569.011589
  0
VERTEX
  8
11
  10
3958.469101
  20
570.318146
  0
VERTEX
  8
11
  10
3962.588299
  20
571.725976
  0
VERTEX
  8
11
  10
3966.565982
  20
573.348992
  0
VERTEX
  8
11
  10
3970.341158
  20
575.153425
  0
VERTEX
  8
11
  10
3974.040438
  20
577.201263
  0
VERTEX
  8
11
  10
3977.504203
  20
579.402058
  0
VERTEX
  8
11
  10
3980.804647
  20
581.790540
  0
VERTEX
  8
11
  10
3983.886703
  20
584.319604
  0
VERTEX
  8
11
  10
3986.780279
  20
587.007575
  0
VERTEX
  8
11
  10
3989.460365
  20
589.825302
  0
VERTEX
  8
11
  10
3992.025791
  20
592.877171
  0
VERTEX
  8
11
  10
3994.471441
  20
596.166096
  0
VERTEX
  8
11
  10
3996.820520
  20
599.743855
  0
VERTEX
  8
11
  10
3999.041465
  20
603.591204
  0
VERTEX
  8
11
  10
4001.058199
  20
607.580180
  0
VERTEX
  8
11
  10
4002.902720
  20
611.770773
  0
VERTEX
  8
11
  10
4004.564744
  20
616.152116
  0
VERTEX
  8
11
  10
4006.047048
  20
620.751236
  0
VERTEX
  8
11
  10
4007.353945
  20
625.624135
  0
VERTEX
  8
11
  10
4008.448957
  20
630.672761
  0
VERTEX
  8
11
  10
4009.324914
  20
635.867341
  0
VERTEX
  8
11
  10
4009.994034
  20
641.317461
  0
VERTEX
  8
11
  10
4010.449988
  20
647.063437
  0
VERTEX
  8
11
  10
4010.685328
  20
653.186329
  0
VERTEX
  8
11
  10
4010.685521
  20
659.830117
  0
VERTEX
  8
11
  10
4010.428183
  20
667.062530
  0
VERTEX
  8
11
  10
4009.874939
  20
675.270596
  0
VERTEX
  8
11
  10
4009.035319
  20
683.984341
  0
VERTEX
  8
11
  10
4007.921075
  20
692.974952
  0
VERTEX
  8
11
  10
4006.546747
  20
702.062346
  0
VERTEX
  8
11
  10
4004.890857
  20
711.347546
  0
VERTEX
  8
11
  10
4002.769206
  20
721.754973
  0
VERTEX
  8
11
  10
4000.311205
  20
732.592549
  0
VERTEX
  8
11
  10
3997.168580
  20
745.197132
  0
VERTEX
  8
11
  10
3995.568237
  20
751.293488
  0
SEQEND
  8
11
 0
LINE
 8
11
 10
3991.472910
 20
596.274430
 11
3995.501006
 21
593.312260
 0
LINE
 8
11
 10
4008.124140
 20
650.896023
 11
4013.121281
 21
650.726986
  0
POLYLINE
  8
11
  66
1
  70
0
  0
VERTEX
  8
11
  10
3995.568237
  20
751.293488
  0
VERTEX
  8
11
  10
4010.704841
  20
755.832734
  0
VERTEX
  8
11
  10
4025.095075
  20
760.235616
  0
VERTEX
  8
11
  10
4039.842774
  20
764.874112
  0
VERTEX
  8
11
  10
4054.166964
  20
769.521961
  0
VERTEX
  8
11
  10
4068.888395
  20
774.444332
  0
VERTEX
  8
11
  10
4083.508090
  20
779.471920
  0
VERTEX
  8
11
  10
4098.036316
  20
784.605780
  0
VERTEX
  8
11
  10
4112.227682
  20
789.736066
  0
VERTEX
  8
11
  10
4126.197776
  20
794.870288
  0
VERTEX
  8
11
  10
4129.394531
  20
796.057587
  0
SEQEND
  8
11
  0
POLYLINE
  8
11
  66
1
  70
0
  0
VERTEX
  8
11
  10
4129.394531
  20
796.057587
  0
VERTEX
  8
11
  10
4131.505348
  20
786.421776
  0
VERTEX
  8
11
  10
4133.239609
  20
779.566548
  0
VERTEX
  8
11
  10
4135.061950
  20
773.331829
  0
VERTEX
  8
11
  10
4137.073255
  20
767.318119
  0
VERTEX
  8
11
  10
4139.336412
  20
761.323125
  0
VERTEX
  8
11
  10
4141.800391
  20
755.471692
  0
VERTEX
  8
11
  10
4144.337220
  20
750.057856
  0
VERTEX
  8
11
  10
4146.858772
  20
745.231415
  0
VERTEX
  8
11
  10
4149.423852
  20
740.834245
  0
VERTEX
  8
11
  10
4152.054032
  20
736.799355
  0
VERTEX
  8
11
  10
4154.753141
  20
733.095098
  0
VERTEX
  8
11
  10
4157.536825
  20
729.680103
  0
VERTEX
  8
11
  10
4160.384747
  20
726.562785
  0
VERTEX
  8
11
  10
4163.329251
  20
723.697374
  0
VERTEX
  8
11
  10
4166.310340
  20
721.130116
  0
VERTEX
  8
11
  10
4169.344455
  20
718.833335
  0
VERTEX
  8
11
  10
4172.362175
  20
716.848009
  0
VERTEX
  8
11
  10
4175.408293
  20
715.134828
  0
VERTEX
  8
11
  10
4178.451276
  20
713.702714
  0
VERTEX
  8
11
  10
4181.629898
  20
712.482680
  0
VERTEX
  8
11
  10
4184.974002
  20
711.464037
  0
VERTEX
  8
11
  10
4188.476435
  20
710.657572
  0
VERTEX
  8
11
  10
4192.430461
  20
710.018797
  0
VERTEX
  8
11
  10
4196.952939
  20
709.541995
  0
VERTEX
  8
11
  10
4200.000000
  20
709.363861
  0
SEQEND
  8
11
 0
LINE
 8
11
 10
4147.032500
 20
750.257022
 11
4142.569152
 21
748.003464
 0
LINE
 8
11
 10
4199.982410
 20
711.863819
 11
4200.016784
 21
706.863937
  0
POLYLINE
  8
11
  66
1
  70
0
  0
VERTEX
  8
11
  10
4200.000000
  20
709.363861
  0
VERTEX
  8
11
  10
4205.079950
  20
709.728132
  0
VERTEX
  8
11
  10
4209.495289
  20
710.298596
  0
VERTEX
  8
11
  10
4213.157168
  20
711.002343
  0
VERTEX
  8
11
  10
4216.568521
  20
711.902508
  0
VERTEX
  8
11
  10
4219.869763
  20
713.025776
  0
VERTEX
  8
11
  10
4222.960310
  20
714.332850
  0
VERTEX
  8
11
  10
4225.984495
  20
715.882602
  0
VERTEX
  8
11
  10
4229.028175
  20
717.726690
  0
VERTEX
  8
11
  10
4232.077930
  20
719.871652
  0
VERTEX
  8
11
  10
4235.118473
  20
722.320803
  0
VERTEX
  8
11
  10
4238.065442
  20
725.011834
  0
VERTEX
  8
11
  10
4240.955620
  20
727.985300
  0
VERTEX
  8
11
  10
4243.759740
  20
731.222727
  0
VERTEX
  8
11
  10
4246.524549
  20
734.797095
  0
VERTEX
  8
11
  10
4249.193550
  20
738.657223
  0
VERTEX
  8
11
  10
4251.780270
  20
742.837875
  0
VERTEX
  8
11
  10
4254.309705
  20
747.402357
  0
VERTEX
  8
11
  10
4256.824132
  20
752.464426
  0
VERTEX
  8
11
  10
4259.341404
  20
758.107754
  0
VERTEX
  8
11
  10
4261.735518
  20
764.076350
  0
VERTEX
  8
11
  10
4263.872255
  20
770.050075
  0
VERTEX
  8
11
  10
4265.774633
  20
776.087369
  0
VERTEX
  8
11
  10
4267.544015
  20
782.533479
  0
VERTEX
  8
11
  10
4269.285679
  20
789.862887
  0
VERTEX
  8
11
  10
4270.605469
  20
796.057587
  0
SEQEND
  8
11
 0
LINE
 8
11
 10
4252.967331
 20
750.256791
 11
4257.430652
 21
748.003179
  0
POLYLINE
  8
11
  66
1
  70
0
  0
VERTEX
  8
11
  10
4270.605469
  20
796.057587
  0
VERTEX
  8
11
  10
4285.328178
  20
790.629406
  0
VERTEX
  8
11
  10
4299.711477
  20
785.411295
  0
VERTEX
  8
11
  10
4313.907054
  20
780.376181
  0
VERTEX
  8
11
  10
4328.362122
  20
775.379236
  0
VERTEX
  8
11
  10
4342.807882
  20
770.521965
  0
VERTEX
  8
11
  10
4357.126095
  20
765.846335
  0
VERTEX
  8
11
  10
4371.825704
  20
761.193221
  0
VERTEX
  8
11
  10
4386.266905
  20
756.752101
  0
VERTEX
  8
11
  10
4400.653595
  20
752.419536
  0
VERTEX
  8
11
  10
4404.431763
  20
751.293488
  0
SEQEND
  8
11
  0
POLYLINE
  8
11
  66
1
  70
0
  0
VERTEX
  8
11
  10
4404.431763
  20
751.293488
  0
VERTEX
  8
11
  10
4400.951795
  20
737.826583
  0
VERTEX
  8
11
  10
4398.166649
  20
725.987621
  0
VERTEX
  8
11
  10
4395.881856
  20
715.292993
  0
VERTEX
  8
11
  10
4394.098610
  20
705.848816
  0
VERTEX
  8
11
  10
4392.613477
  20
696.704064
  0
VERTEX
  8
11
  10
4391.394162
  20
687.695904
  0
VERTEX
  8
11
  10
4390.445255
  20
678.891993
  0
VERTEX
  8
11
  10
4389.764586
  20
670.362838
  0
VERTEX
  8
11
  10
4389.390962
  20
662.821775
  0
VERTEX
  8
11
  10
4389.284536
  20
655.973225
  0
VERTEX
  8
11
  10
4389.422330
  20
649.616886
  0
VERTEX
  8
11
  10
4389.789116
  20
643.679101
  0
VERTEX
  8
11
  10
4390.376422
  20
638.060503
  0
VERTEX
  8
11
  10
4391.173406
  20
632.738502
  0
VERTEX
  8
11
  10
4392.177761
  20
627.643399
  0
VERTEX
  8
11
  10
4393.389036
  20
622.737509
  0
VERTEX
  8
11
  10
4394.800868
  20
618.024793
  0
VERTEX
  8
11
  10
4396.395945
  20
613.537363
  0
VERTEX
  8
11
  10
4398.162812
  20
609.277461
  0
VERTEX
  8
11
  10
4400.134501
  20
605.156690
  0
VERTEX
  8
11
  10
4402.259729
  20
601.276383
  0
VERTEX
  8
11
  10
4404.531883
  20
597.629097
  0
VERTEX
  8
11
  10
4406.940300
  20
594.218483
  0
VERTEX
  8
11
  10
4409.455820
  20
591.069220
  0
VERTEX
  8
11
  10
4412.125225
  20
588.116179
  0
VERTEX
  8
11
  10
4414.949208
  20
585.361100
  0
VERTEX
  8
11
  10
4417.998865
  20
582.735370
  0
VERTEX
  8
11
  10
4421.244258
  20
580.272066
  0
VERTEX
  8
11
  10
4424.601728
  20
578.029283
  0
VERTEX
  8
11
  10
4428.112932
  20
575.973519
  0
VERTEX
  8
11
  10
4431.816406
  20
574.089091
  0
VERTEX
  8
11
  10
4435.652679
  20
572.410361
  0
VERTEX
  8
11
  10
4439.681691
  20
570.917429
  0
VERTEX
  8
11
  10
4443.965964
  20
569.601842
  0
VERTEX
  8
11
  10
4449.001435
  20
568.331393
  0
VERTEX
  8
11
  10
4454.114288
  20
567.280424
  0
VERTEX
  8
11
  10
4457.489319
  20
566.707230
  0
SEQEND
  8
11
 0
LINE
 8
11
 10
4391.875974
 20
650.895791
 11
4386.878830
 21
650.726827
 0
LINE
 8
11
 10
4408.526177
 20
596.275568
 11
4404.498034
 21
593.313463
  0
POLYLINE
  8
11
  66
1
  70
0
  0
VERTEX
  8
11
  10
4457.489319
  20
566.707230
  0
VERTEX
  8
11
  10
4457.489319
  20
461.767235
  0
VERTEX
  8
11
  10
4457.489319
  20
251.472950
  0
VERTEX
  8
11
  10
4457.489319
  20
102.972927
  0
SEQEND
  8
11
 0
LINE
 8
11
 10
4459.989319
 20
461.767254
 11
4454.989319
 21
461.767254
 0
LINE
 8
11
 10
4459.989319
 20
251.472969
 11
4454.989319
 21
251.472969
  0
POLYLINE
  8
11
  66
1
  70
0
  0
VERTEX
  8
11
  10
4457.489319
  20
102.972927
  0
VERTEX
  8
11
  10
4441.536845
  20
102.266480
  0
VERTEX
  8
11
  10
4425.978779
  20
101.597194
  0
VERTEX
  8
11
  10
4410.770084
  20
100.968647
  0
VERTEX
  8
11
  10
4395.560196
  20
100.369155
  0
VERTEX
  8
11
  10
4380.471306
  20
99.806927
  0
VERTEX
  8
11
  10
4365.258805
  20
99.277878
  0
VERTEX
  8
11
  10
4350.044861
  20
98.792272
  0
VERTEX
  8
11
  10
4334.740193
  20
98.353054
  0
VERTEX
  8
11
  10
4319.523319
  20
97.969717
  0
VERTEX
  8
11
  10
4304.216977
  20
97.641904
  0
VERTEX
  8
11
  10
4288.997658
  20
97.374728
  0
VERTEX
  8
11
  10
4273.777476
  20
97.158885
  0
VERTEX
  8
11
  10
4258.511620
  20
96.985318
  0
VERTEX
  8
11
  10
4243.290499
  20
96.852468
  0
VERTEX
  8
11
  10
4227.911582
  20
96.761738
  0
VERTEX
  8
11
  10
4212.770545
  20
96.709890
  0
VERTEX
  8
11
  10
4200.000000
  20
96.688261
  0
SEQEND
  8
11
  0
POLYLINE
  8
11
  66
1
  70
0
  0
VERTEX
  8
11
  10
4200.000000
  20
96.688261
  0
VERTEX
  8
11
  10
4183.694296
  20
96.711700
  0
VERTEX
  8
11
  10
4168.408599
  20
96.774329
  0
VERTEX
  8
11
  10
4153.123124
  20
96.879034
  0
VERTEX
  8
11
  10
4137.837943
  20
97.023573
  0
VERTEX
  8
11
  10
4122.524806
  20
97.207384
  0
VERTEX
  8
11
  10
4107.240655
  20
97.435959
  0
VERTEX
  8
11
  10
4092.447748
  20
97.708186
  0
VERTEX
  8
11
  10
4076.401625
  20
98.066771
  0
VERTEX
  8
11
  10
4061.120975
  20
98.466709
  0
VERTEX
  8
11
  10
4045.825446
  20
98.919329
  0
VERTEX
  8
11
  10
4030.547726
  20
99.418956
  0
VERTEX
  8
11
  10
4015.271485
  20
99.961423
  0
VERTEX
  8
11
  10
3999.996638
  20
100.542119
  0
VERTEX
  8
11
  10
3984.365026
  20
101.170306
  0
VERTEX
  8
11
  10
3968.908766
  20
101.817518
  0
VERTEX
  8
11
  10
3953.941147
  20
102.464732
  0
VERTEX
  8
11
  10
3942.510681
  20
102.972927
  0
SEQEND
  8
11
  0
POLYLINE
  8
11
  66
1
  70
0
  0
VERTEX
  8
11
  10
4200.000000
  20
709.363861
  0
VERTEX
  8
11
  10
4200.000000
  20
96.688261
  0
SEQEND
  8
11
 0
LINE
 8
11
 10
4200.000000
 20
711.863861
 11
4200.000000
 21
706.863861
  0
POLYLINE
  8
11
  66
1
  70
0
  0
VERTEX
  8
11
  10
4200.000000
  20
406.327171
  0
VERTEX
  8
11
  10
3942.510681
  20
406.327171
  0
SEQEND
  8
11
  0
POLYLINE
  8
11
  66
1
  70
0
  0
VERTEX
  8
11
  10
4200.000000
  20
540.861397
  0
VERTEX
  8
11
  10
3942.510681
  20
540.861397
  0
SEQEND
  8
11
  0
POLYLINE
  8
11
  66
1
  70
0
  0
VERTEX
  8
11
  10
4200.000000
  20
635.388985
  0
VERTEX
  8
11
  10
4009.253540
  20
635.388985
  0
SEQEND
  8
11
  0
POLYLINE
  8
11
  66
1
  70
0
  0
VERTEX
  8
11
  10
4200.000000
  20
406.327171
  0
VERTEX
  8
11
  10
4457.489319
  20
406.327171
  0
SEQEND
  8
11
  0
POLYLINE
  8
11
  66
1
  70
0
  0
VERTEX
  8
11
  10
4200.000000
  20
540.861397
  0
VERTEX
  8
11
  10
4457.489319
  20
540.861397
  0
SEQEND
  8
11
  0
POLYLINE
  8
11
  66
1
  70
0
  0
VERTEX
  8
11
  10
4200.000000
  20
635.388985
  0
VERTEX
  8
11
  10
4390.746460
  20
635.388985
  0
SEQEND
  8
11
  0
POLYLINE
  8
11
  66
1
  70
0
  0
VERTEX
  8
11
  10
4200.000000
  20
74.688234
  0
VERTEX
  8
11
  10
4183.550720
  20
74.712009
  0
VERTEX
  8
11
  10
4168.259888
  20
74.774799
  0
VERTEX
  8
11
  10
4152.969055
  20
74.879527
  0
VERTEX
  8
11
  10
4137.678223
  20
75.024009
  0
VERTEX
  8
11
  10
4122.362061
  20
75.207653
  0
VERTEX
  8
11
  10
4107.072449
  20
75.435815
  0
VERTEX
  8
11
  10
4092.000732
  20
75.712724
  0
VERTEX
  8
11
  10
4076.713257
  20
76.052489
  0
VERTEX
  8
11
  10
4061.427307
  20
76.449337
  0
VERTEX
  8
11
  10
4045.758667
  20
76.910911
  0
VERTEX
  8
11
  10
4030.475769
  20
77.409787
  0
VERTEX
  8
11
  10
4015.194092
  20
77.950997
  0
VERTEX
  8
11
  10
3999.913635
  20
78.528776
  0
VERTEX
  8
11
  10
3984.239197
  20
79.153147
  0
VERTEX
  8
11
  10
3969.005432
  20
79.784184
  0
VERTEX
  8
11
  10
3954.102783
  20
80.420609
  0
VERTEX
  8
11
  10
3939.242554
  20
81.072598
  0
VERTEX
  8
11
  10
3931.882629
  20
81.402931
  0
SEQEND
  8
11
  0
POLYLINE
  8
11
  66
1
  70
0
  0
VERTEX
  8
11
  10
4468.117371
  20
81.402931
  0
VERTEX
  8
11
  10
4452.549438
  20
80.710306
  0
VERTEX
  8
11
  10
4437.028809
  20
80.039740
  0
VERTEX
  8
11
  10
4421.593933
  20
79.392247
  0
VERTEX
  8
11
  10
4405.794678
  20
78.752832
  0
VERTEX
  8
11
  10
4390.127869
  20
78.148360
  0
VERTEX
  8
11
  10
4374.846497
  20
77.593760
  0
VERTEX
  8
11
  10
4359.563904
  20
77.079487
  0
VERTEX
  8
11
  10
4343.783569
  20
76.596904
  0
VERTEX
  8
11
  10
4328.497925
  20
76.181574
  0
VERTEX
  8
11
  10
4313.210754
  20
75.821872
  0
VERTEX
  8
11
  10
4297.538757
  20
75.514679
  0
VERTEX
  8
11
  10
4282.249451
  20
75.271368
  0
VERTEX
  8
11
  10
4266.959229
  20
75.075369
  0
VERTEX
  8
11
  10
4251.885681
  20
74.921198
  0
VERTEX
  8
11
  10
4236.594849
  20
74.803610
  0
VERTEX
  8
11
  10
4221.304016
  20
74.727268
  0
VERTEX
  8
11
  10
4205.787964
  20
74.692650
  0
VERTEX
  8
11
  10
4200.000000
  20
74.688234
  0
SEQEND
  8
11
  0
POLYLINE
  8
11
  66
1
  70
0
  0
VERTEX
  8
11
  10
4466.489258
  20
103.306923
  0
VERTEX
  8
11
  10
4468.117371
  20
81.402931
  0
SEQEND
  8
11
  0
POLYLINE
  8
11
  66
1
  70
0
  0
VERTEX
  8
11
  10
4466.489258
  20
572.048874
  0
VERTEX
  8
11
  10
4466.489258
  20
461.767235
  0
VERTEX
  8
11
  10
4466.489258
  20
251.472950
  0
VERTEX
  8
11
  10
4466.489258
  20
103.306923
  0
SEQEND
  8
11
  0
POLYLINE
  8
11
  66
1
  70
0
  0
VERTEX
  8
11
  10
4412.789001
  20
756.089859
  0
VERTEX
  8
11
  10
4409.108582
  20
741.396942
  0
VERTEX
  8
11
  10
4406.145020
  20
729.498138
  0
VERTEX
  8
11
  10
4403.839722
  20
719.193878
  0
VERTEX
  8
11
  10
4401.751709
  20
708.800430
  0
VERTEX
  8
11
  10
4400.170593
  20
699.764709
  0
VERTEX
  8
11
  10
4398.851624
  20
690.825424
  0
VERTEX
  8
11
  10
4397.782593
  20
681.920090
  0
VERTEX
  8
11
  10
4396.997070
  20
673.428802
  0
VERTEX
  8
11
  10
4396.521301
  20
665.692215
  0
VERTEX
  8
11
  10
4396.263123
  20
657.445602
  0
VERTEX
  8
11
  10
4396.317139
  20
652.677689
  0
VERTEX
  8
11
  10
4396.867981
  20
642.797852
  0
VERTEX
  8
11
  10
4397.317200
  20
638.734016
  0
VERTEX
  8
11
  10
4398.896790
  20
629.664612
  0
VERTEX
  8
11
  10
4399.927979
  20
625.358162
  0
VERTEX
  8
11
  10
4401.351624
  20
620.525360
  0
VERTEX
  8
11
  10
4402.896729
  20
616.131554
  0
VERTEX
  8
11
  10
4404.594421
  20
612.041626
  0
VERTEX
  8
11
  10
4406.504517
  20
608.086433
  0
VERTEX
  8
11
  10
4408.614502
  20
604.253159
  0
VERTEX
  8
11
  10
4410.402832
  20
601.466103
  0
VERTEX
  8
11
  10
4414.201355
  20
596.266441
  0
VERTEX
  8
11
  10
4416.482544
  20
593.696060
  0
VERTEX
  8
11
  10
4419.372864
  20
590.805664
  0
VERTEX
  8
11
  10
4422.099915
  20
588.421288
  0
VERTEX
  8
11
  10
4425.189209
  20
586.057014
  0
VERTEX
  8
11
  10
4428.442688
  20
583.883400
  0
VERTEX
  8
11
  10
4431.782532
  20
581.946373
  0
VERTEX
  8
11
  10
4435.310974
  20
580.182419
  0
VERTEX
  8
11
  10
4439.042664
  20
578.596344
  0
VERTEX
  8
11
  10
4442.874451
  20
577.234535
  0
VERTEX
  8
11
  10
4447.126160
  20
575.996437
  0
VERTEX
  8
11
  10
4452.109985
  20
574.816666
  0
VERTEX
  8
11
  10
4458.647766
  20
573.566132
  0
VERTEX
  8
11
  10
4466.489258
  20
572.048874
  0
SEQEND
  8
11
  0
POLYLINE
  8
11
  66
1
  70
0
  0
VERTEX
  8
11
  10
4265.649414
  20
805.311737
  0
VERTEX
  8
11
  10
4280.194397
  20
799.935150
  0
VERTEX
  8
11
  10
4294.418335
  20
794.752808
  0
VERTEX
  8
11
  10
4308.813477
  20
789.594879
  0
VERTEX
  8
11
  10
4323.522644
  20
784.443588
  0
VERTEX
  8
11
  10
4338.276978
  20
779.412918
  0
VERTEX
  8
11
  10
4353.072510
  20
774.514771
  0
VERTEX
  8
11
  10
4367.564392
  20
769.867783
  0
VERTEX
  8
11
  10
4382.445984
  20
765.237427
  0
VERTEX
  8
11
  10
4397.249451
  20
760.738144
  0
VERTEX
  8
11
  10
4411.387329
  20
756.506042
  0
VERTEX
  8
11
  10
4412.789001
  20
756.089859
  0
SEQEND
  8
11
  0
POLYLINE
  8
11
  66
1
  70
0
  0
VERTEX
  8
11
  10
4200.000000
  20
716.370850
  0
VERTEX
  8
11
  10
4204.339600
  20
716.685791
  0
VERTEX
  8
11
  10
4208.550415
  20
717.237473
  0
VERTEX
  8
11
  10
4211.954956
  20
717.908783
  0
VERTEX
  8
11
  10
4215.137939
  20
718.786850
  0
VERTEX
  8
11
  10
4218.113098
  20
719.855347
  0
VERTEX
  8
11
  10
4220.906982
  20
721.114731
  0
VERTEX
  8
11
  10
4223.665466
  20
722.626419
  0
VERTEX
  8
11
  10
4226.508789
  20
724.474792
  0
VERTEX
  8
11
  10
4229.327393
  20
726.604996
  0
VERTEX
  8
11
  10
4232.152405
  20
729.052200
  0
VERTEX
  8
11
  10
4234.946594
  20
731.807327
  0
VERTEX
  8
11
  10
4237.646179
  20
734.818115
  0
VERTEX
  8
11
  10
4240.252380
  20
738.090591
  0
VERTEX
  8
11
  10
4242.836304
  20
741.740036
  0
VERTEX
  8
11
  10
4245.443115
  20
745.847168
  0
VERTEX
  8
11
  10
4247.407227
  20
749.367447
  0
VERTEX
  8
11
  10
4251.259766
  20
757.043610
  0
VERTEX
  8
11
  10
4253.454285
  20
762.173386
  0
VERTEX
  8
11
  10
4255.949097
  20
768.607254
  0
VERTEX
  8
11
  10
4257.913818
  20
774.336395
  0
VERTEX
  8
11
  10
4259.754639
  20
780.484543
  0
VERTEX
  8
11
  10
4261.368713
  20
786.723862
  0
VERTEX
  8
11
  10
4264.701843
  20
801.377716
  0
VERTEX
  8
11
  10
4265.649414
  20
805.311737
  0
SEQEND
  8
11
  0
POLYLINE
  8
11
  66
1
  70
0
  0
VERTEX
  8
11
  10
4134.350586
  20
805.311737
  0
VERTEX
  8
11
  10
4137.044067
  20
793.736877
  0
VERTEX
  8
11
  10
4139.050598
  20
785.008163
  0
VERTEX
  8
11
  10
4140.746155
  20
778.725739
  0
VERTEX
  8
11
  10
4142.604980
  20
772.748566
  0
VERTEX
  8
11
  10
4144.628296
  20
767.052917
  0
VERTEX
  8
11
  10
4147.317505
  20
760.301437
  0
VERTEX
  8
11
  10
4149.322205
  20
755.800400
  0
VERTEX
  8
11
  10
4153.652954
  20
747.405090
  0
VERTEX
  8
11
  10
4155.907288
  20
743.661652
  0
VERTEX
  8
11
  10
4158.627014
  20
739.622498
  0
VERTEX
  8
11
  10
4161.224060
  20
736.189117
  0
VERTEX
  8
11
  10
4163.945923
  20
732.999039
  0
VERTEX
  8
11
  10
4166.687012
  20
730.154114
  0
VERTEX
  8
11
  10
4169.570618
  20
727.521362
  0
VERTEX
  8
11
  10
4172.420654
  20
725.248260
  0
VERTEX
  8
11
  10
4175.268250
  20
723.284836
  0
VERTEX
  8
11
  10
4178.114929
  20
721.619415
  0
VERTEX
  8
11
  10
4180.960693
  20
720.243530
  0
VERTEX
  8
11
  10
4183.893433
  20
719.106522
  0
VERTEX
  8
11
  10
4187.005920
  20
718.167267
  0
VERTEX
  8
11
  10
4190.228577
  20
717.449646
  0
VERTEX
  8
11
  10
4194.119568
  20
716.859589
  0
VERTEX
  8
11
  10
4198.377075
  20
716.458359
  0
VERTEX
  8
11
  10
4200.000000
  20
716.370850
  0
SEQEND
  8
11
  0
POLYLINE
  8
11
  66
1
  70
0
  0
VERTEX
  8
11
  10
3987.210999
  20
756.089859
  0
VERTEX
  8
11
  10
4002.563477
  20
760.681763
  0
VERTEX
  8
11
  10
4017.381592
  20
765.184402
  0
VERTEX
  8
11
  10
4032.263489
  20
769.813461
  0
VERTEX
  8
11
  10
4046.705933
  20
774.442673
  0
VERTEX
  8
11
  10
4061.502075
  20
779.338760
  0
VERTEX
  8
11
  10
4075.907593
  20
784.246826
  0
VERTEX
  8
11
  10
4090.618591
  20
789.393539
  0
VERTEX
  8
11
  10
4105.071716
  20
794.568481
  0
VERTEX
  8
11
  10
4119.390564
  20
799.782867
  0
VERTEX
  8
11
  10
4133.305664
  20
804.922180
  0
VERTEX
  8
11
  10
4134.350586
  20
805.311737
  0
SEQEND
  8
11
  0
POLYLINE
  8
11
  66
1
  70
0
  0
VERTEX
  8
11
  10
3933.510742
  20
572.048874
  0
VERTEX
  8
11
  10
3943.128967
  20
573.886490
  0
VERTEX
  8
11
  10
3949.040222
  20
575.067711
  0
VERTEX
  8
11
  10
3953.958740
  20
576.288872
  0
VERTEX
  8
11
  10
3958.095703
  20
577.555428
  0
VERTEX
  8
11
  10
3961.926270
  20
578.982391
  0
VERTEX
  8
11
  10
3965.643005
  20
580.632706
  0
VERTEX
  8
11
  10
3969.138794
  20
582.453232
  0
VERTEX
  8
11
  10
3972.515564
  20
584.492569
  0
VERTEX
  8
11
  10
3975.686035
  20
586.695328
  0
VERTEX
  8
11
  10
3978.663330
  20
589.057083
  0
VERTEX
  8
11
  10
3981.374512
  20
591.517601
  0
VERTEX
  8
11
  10
3984.290466
  20
594.529648
  0
VERTEX
  8
11
  10
3986.348877
  20
596.954193
  0
VERTEX
  8
11
  10
3990.419922
  20
602.690811
  0
VERTEX
  8
11
  10
3992.279053
  20
605.813141
  0
VERTEX
  8
11
  10
3994.385376
  20
609.861031
  0
VERTEX
  8
11
  10
3996.187439
  20
613.845024
  0
VERTEX
  8
11
  10
3997.810669
  20
618.049355
  0
VERTEX
  8
11
  10
3999.286499
  20
622.583771
  0
VERTEX
  8
11
  10
4000.568237
  20
627.298584
  0
VERTEX
  8
11
  10
4001.429749
  20
631.335602
  0
VERTEX
  8
11
  10
4002.858887
  20
640.074081
  0
VERTEX
  8
11
  10
4003.257141
  20
644.486618
  0
VERTEX
  8
11
  10
4003.736267
  20
654.660110
  0
VERTEX
  8
11
  10
4003.678894
  20
660.224762
  0
VERTEX
  8
11
  10
4003.330383
  20
668.566132
  0
VERTEX
  8
11
  10
4002.761841
  20
676.338959
  0
VERTEX
  8
11
  10
4001.867065
  20
685.067978
  0
VERTEX
  8
11
  10
4000.711670
  20
693.974380
  0
VERTEX
  8
11
  10
3999.300842
  20
702.947006
  0
VERTEX
  8
11
  10
3997.577820
  20
712.279205
  0
VERTEX
  8
11
  10
3995.304565
  20
723.147659
  0
VERTEX
  8
11
  10
3992.977905
  20
733.140564
  0
VERTEX
  8
11
  10
3989.265137
  20
747.776794
  0
VERTEX
  8
11
  10
3987.210999
  20
756.089859
  0
SEQEND
  8
11
  0
POLYLINE
  8
11
  66
1
  70
0
  0
VERTEX
  8
11
  10
3933.510742
  20
103.306923
  0
VERTEX
  8
11
  10
3933.510742
  20
251.472950
  0
VERTEX
  8
11
  10
3933.510742
  20
461.767235
  0
VERTEX
  8
11
  10
3933.510742
  20
572.048874
  0
SEQEND
  8
11
  0
POLYLINE
  8
11
  66
1
  70
0
  0
VERTEX
  8
11
  10
3931.882629
  20
81.402931
  0
VERTEX
  8
11
  10
3933.510742
  20
103.306923
  0
SEQEND
  8
11
 0
LINE
 8
11
 10
4062.650757
 20
380.416718
 11
4062.650757
 21
253.274422
 0
LINE
 8
11
 10
4062.650757
 20
253.274422
 11
4066.034404
 21
272.986117
 0
LINE
 8
11
 10
4062.650757
 20
253.274422
 11
4062.650757
 21
253.274422
  0
TEXT
  8
11
 10
4200.000000
 20
409.999986
 40
10.000000
 50
0.000000
  1
Piece Name: 
  0
TEXT
  8
11
 10
4200.000000
 20
424.999986
 40
10.000000
 50
0.000000
  1
Size: M
  0
TEXT
  8
11
 10
4200.000000
 20
439.999986
 40
10.000000
 50
0.000000
  1
Annotation: 主料X1
  0
TEXT
  8
11
 10
4200.000000
 20
454.999986
 40
10.000000
 50
0.000000
  1
Quantity: 1
  0
TEXT
  8
11
 10
4200.000000
 20
469.999986
 40
10.000000
 50
0.000000
  1
Material: 主料
  0
POLYLINE
  8
11
  66
1
  70
0
  0
VERTEX
  8
11
  10
2892.237244
  20
77.694917
  0
VERTEX
  8
11
  10
2895.880737
  20
100.000029
  0
SEQEND
  8
11
  0
POLYLINE
  8
11
  66
1
  70
0
  0
VERTEX
  8
11
  10
2895.880737
  20
100.000029
  0
VERTEX
  8
11
  10
2892.237244
  20
122.305088
  0
SEQEND
  8
11
  0
POLYLINE
  8
11
  66
1
  70
0
  0
VERTEX
  8
11
  10
2892.237244
  20
122.305088
  0
VERTEX
  8
11
  10
2979.500122
  20
122.305088
  0
SEQEND
  8
11
  0
POLYLINE
  8
11
  66
1
  70
0
  0
VERTEX
  8
11
  10
2979.500122
  20
122.305088
  0
VERTEX
  8
11
  10
3065.499878
  20
122.305088
  0
SEQEND
  8
11
  0
POLYLINE
  8
11
  66
1
  70
0
  0
VERTEX
  8
11
  10
3065.499878
  20
122.305088
  0
VERTEX
  8
11
  10
3107.500000
  20
122.305088
  0
SEQEND
  8
11
  0
POLYLINE
  8
11
  66
1
  70
0
  0
VERTEX
  8
11
  10
3107.500000
  20
122.305088
  0
VERTEX
  8
11
  10
3167.000122
  20
122.305088
  0
SEQEND
  8
11
  0
POLYLINE
  8
11
  66
1
  70
0
  0
VERTEX
  8
11
  10
3167.000122
  20
122.305088
  0
VERTEX
  8
11
  10
3226.499939
  20
122.305088
  0
SEQEND
  8
11
  0
POLYLINE
  8
11
  66
1
  70
0
  0
VERTEX
  8
11
  10
3226.499939
  20
122.305088
  0
VERTEX
  8
11
  10
3268.500061
  20
122.305088
  0
SEQEND
  8
11
  0
POLYLINE
  8
11
  66
1
  70
0
  0
VERTEX
  8
11
  10
3268.500061
  20
122.305088
  0
VERTEX
  8
11
  10
3287.762756
  20
122.305088
  0
SEQEND
  8
11
  0
POLYLINE
  8
11
  66
1
  70
0
  0
VERTEX
  8
11
  10
3287.762756
  20
122.305088
  0
VERTEX
  8
11
  10
3284.119263
  20
100.000029
  0
SEQEND
  8
11
  0
POLYLINE
  8
11
  66
1
  70
0
  0
VERTEX
  8
11
  10
3284.119263
  20
100.000029
  0
VERTEX
  8
11
  10
3285.213318
  20
93.302402
  0
VERTEX
  8
11
  10
3287.762756
  20
77.694917
  0
SEQEND
  8
11
 0
LINE
 8
11
 10
3287.680596
 20
93.705561
 11
3282.746038
 21
92.899253
  0
POLYLINE
  8
11
  66
1
  70
0
  0
VERTEX
  8
11
  10
3287.762756
  20
77.694917
  0
VERTEX
  8
11
  10
3268.500061
  20
77.694917
  0
SEQEND
  8
11
 0
LINE
 8
11
 10
3268.500061
 20
75.194917
 11
3268.500061
 21
80.194917
  0
POLYLINE
  8
11
  66
1
  70
0
  0
VERTEX
  8
11
  10
3268.500061
  20
77.694917
  0
VERTEX
  8
11
  10
3226.499939
  20
77.694917
  0
SEQEND
  8
11
 0
LINE
 8
11
 10
3226.500063
 20
75.194917
 11
3226.500063
 21
80.194917
  0
POLYLINE
  8
11
  66
1
  70
0
  0
VERTEX
  8
11
  10
3226.499939
  20
77.694917
  0
VERTEX
  8
11
  10
3167.000122
  20
77.694917
  0
SEQEND
  8
11
 0
LINE
 8
11
 10
3166.999941
 20
75.194917
 11
3166.999941
 21
80.194917
  0
POLYLINE
  8
11
  66
1
  70
0
  0
VERTEX
  8
11
  10
3167.000122
  20
77.694917
  0
VERTEX
  8
11
  10
3107.500000
  20
77.694917
  0
SEQEND
  8
11
 0
LINE
 8
11
 10
3107.500091
 20
75.194917
 11
3107.500091
 21
80.194917
  0
POLYLINE
  8
11
  66
1
  70
0
  0
VERTEX
  8
11
  10
3107.500000
  20
77.694917
  0
VERTEX
  8
11
  10
3065.499878
  20
77.694917
  0
SEQEND
  8
11
 0
LINE
 8
11
 10
3065.500002
 20
75.194917
 11
3065.500002
 21
80.194917
  0
POLYLINE
  8
11
  66
1
  70
0
  0
VERTEX
  8
11
  10
3065.499878
  20
77.694917
  0
VERTEX
  8
11
  10
2979.500122
  20
77.694917
  0
SEQEND
  8
11
 0
LINE
 8
11
 10
2979.499874
 20
75.194917
 11
2979.499874
 21
80.194917
  0
POLYLINE
  8
11
  66
1
  70
0
  0
VERTEX
  8
11
  10
2979.500122
  20
77.694917
  0
VERTEX
  8
11
  10
2892.237244
  20
77.694917
  0
SEQEND
  8
11
  0
POLYLINE
  8
11
  66
1
  70
0
  0
VERTEX
  8
11
  10
2902.500000
  20
84.694920
  0
VERTEX
  8
11
  10
2905.000000
  20
100.000029
  0
SEQEND
  8
11
  0
POLYLINE
  8
11
  66
1
  70
0
  0
VERTEX
  8
11
  10
2905.000000
  20
100.000029
  0
VERTEX
  8
11
  10
2902.500000
  20
115.305080
  0
SEQEND
  8
11
  0
POLYLINE
  8
11
  66
1
  70
0
  0
VERTEX
  8
11
  10
2902.500000
  20
115.305080
  0
VERTEX
  8
11
  10
2979.500122
  20
115.305080
  0
SEQEND
  8
11
  0
POLYLINE
  8
11
  66
1
  70
0
  0
VERTEX
  8
11
  10
2979.500122
  20
115.305080
  0
VERTEX
  8
11
  10
3065.499878
  20
115.305080
  0
SEQEND
  8
11
  0
POLYLINE
  8
11
  66
1
  70
0
  0
VERTEX
  8
11
  10
3065.499878
  20
115.305080
  0
VERTEX
  8
11
  10
3107.500000
  20
115.305080
  0
SEQEND
  8
11
  0
POLYLINE
  8
11
  66
1
  70
0
  0
VERTEX
  8
11
  10
3107.500000
  20
115.305080
  0
VERTEX
  8
11
  10
3167.000122
  20
115.305080
  0
SEQEND
  8
11
  0
POLYLINE
  8
11
  66
1
  70
0
  0
VERTEX
  8
11
  10
3167.000122
  20
115.305080
  0
VERTEX
  8
11
  10
3226.499939
  20
115.305080
  0
SEQEND
  8
11
  0
POLYLINE
  8
11
  66
1
  70
0
  0
VERTEX
  8
11
  10
3226.499939
  20
115.305080
  0
VERTEX
  8
11
  10
3268.500061
  20
115.305080
  0
SEQEND
  8
11
  0
POLYLINE
  8
11
  66
1
  70
0
  0
VERTEX
  8
11
  10
3268.500061
  20
115.305080
  0
VERTEX
  8
11
  10
3277.500000
  20
115.305080
  0
SEQEND
  8
11
  0
POLYLINE
  8
11
  66
1
  70
0
  0
VERTEX
  8
11
  10
3277.500000
  20
115.305080
  0
VERTEX
  8
11
  10
3275.000000
  20
100.000029
  0
SEQEND
  8
11
  0
POLYLINE
  8
11
  66
1
  70
0
  0
VERTEX
  8
11
  10
3275.000000
  20
100.000029
  0
VERTEX
  8
11
  10
3276.330872
  20
91.851473
  0
VERTEX
  8
11
  10
3277.500000
  20
84.694920
  0
SEQEND
  8
11
 0
LINE
 8
11
 10
3278.798161
 20
92.254562
 11
3273.863589
 21
91.448338
  0
POLYLINE
  8
11
  66
1
  70
0
  0
VERTEX
  8
11
  10
3277.500000
  20
84.694920
  0
VERTEX
  8
11
  10
3268.500061
  20
84.694920
  0
SEQEND
  8
11
 0
LINE
 8
11
 10
3268.500000
 20
82.194920
 11
3268.500000
 21
87.194920
  0
POLYLINE
  8
11
  66
1
  70
0
  0
VERTEX
  8
11
  10
3268.500061
  20
84.694920
  0
VERTEX
  8
11
  10
3226.499939
  20
84.694920
  0
SEQEND
  8
11
 0
LINE
 8
11
 10
3226.500063
 20
82.194920
 11
3226.500063
 21
87.194920
  0
POLYLINE
  8
11
  66
1
  70
0
  0
VERTEX
  8
11
  10
3226.499939
  20
84.694920
  0
VERTEX
  8
11
  10
3167.000122
  20
84.694920
  0
SEQEND
  8
11
 0
LINE
 8
11
 10
3166.999941
 20
82.194920
 11
3166.999941
 21
87.194920
  0
POLYLINE
  8
11
  66
1
  70
0
  0
VERTEX
  8
11
  10
3167.000122
  20
84.694920
  0
VERTEX
  8
11
  10
3107.500000
  20
84.694920
  0
SEQEND
  8
11
 0
LINE
 8
11
 10
3107.500091
 20
82.194920
 11
3107.500091
 21
87.194920
  0
POLYLINE
  8
11
  66
1
  70
0
  0
VERTEX
  8
11
  10
3107.500000
  20
84.694920
  0
VERTEX
  8
11
  10
3065.499878
  20
84.694920
  0
SEQEND
  8
11
 0
LINE
 8
11
 10
3065.500002
 20
82.194920
 11
3065.500002
 21
87.194920
  0
POLYLINE
  8
11
  66
1
  70
0
  0
VERTEX
  8
11
  10
3065.499878
  20
84.694920
  0
VERTEX
  8
11
  10
2979.500122
  20
84.694920
  0
SEQEND
  8
11
 0
LINE
 8
11
 10
2979.499874
 20
82.194920
 11
2979.499874
 21
87.194920
  0
POLYLINE
  8
11
  66
1
  70
0
  0
VERTEX
  8
11
  10
2979.500122
  20
84.694920
  0
VERTEX
  8
11
  10
2902.500000
  20
84.694920
  0
SEQEND
  8
11
  0
POLYLINE
  8
11
  66
1
  70
0
  0
VERTEX
  8
11
  10
3275.000000
  20
100.000029
  0
VERTEX
  8
11
  10
3268.500061
  20
100.000029
  0
SEQEND
  8
11
  0
POLYLINE
  8
11
  66
1
  70
0
  0
VERTEX
  8
11
  10
2979.500122
  20
100.000029
  0
VERTEX
  8
11
  10
2905.000000
  20
100.000029
  0
SEQEND
  8
11
  0
POLYLINE
  8
11
  66
1
  70
0
  0
VERTEX
  8
11
  10
3065.499878
  20
100.000029
  0
VERTEX
  8
11
  10
2979.500122
  20
100.000029
  0
SEQEND
  8
11
  0
POLYLINE
  8
11
  66
1
  70
0
  0
VERTEX
  8
11
  10
3167.000122
  20
100.000029
  0
VERTEX
  8
11
  10
3107.500000
  20
100.000029
  0
SEQEND
  8
11
  0
POLYLINE
  8
11
  66
1
  70
0
  0
VERTEX
  8
11
  10
3268.500061
  20
100.000029
  0
VERTEX
  8
11
  10
3226.499939
  20
100.000029
  0
SEQEND
  8
11
  0
POLYLINE
  8
11
  66
1
  70
0
  0
VERTEX
  8
11
  10
3107.500000
  20
100.000029
  0
VERTEX
  8
11
  10
3065.499878
  20
100.000029
  0
SEQEND
  8
11
  0
POLYLINE
  8
11
  66
1
  70
0
  0
VERTEX
  8
11
  10
3226.499939
  20
100.000029
  0
VERTEX
  8
11
  10
3167.000122
  20
100.000029
  0
SEQEND
  8
11
  0
POLYLINE
  8
11
  66
1
  70
0
  0
VERTEX
  8
11
  10
2979.500122
  20
77.694917
  0
VERTEX
  8
11
  10
2892.237244
  20
77.694917
  0
SEQEND
  8
11
  0
POLYLINE
  8
11
  66
1
  70
0
  0
VERTEX
  8
11
  10
3065.499878
  20
77.694917
  0
VERTEX
  8
11
  10
2979.500122
  20
77.694917
  0
SEQEND
  8
11
  0
POLYLINE
  8
11
  66
1
  70
0
  0
VERTEX
  8
11
  10
3107.500000
  20
77.694917
  0
VERTEX
  8
11
  10
3065.499878
  20
77.694917
  0
SEQEND
  8
11
  0
POLYLINE
  8
11
  66
1
  70
0
  0
VERTEX
  8
11
  10
3167.000122
  20
77.694917
  0
VERTEX
  8
11
  10
3107.500000
  20
77.694917
  0
SEQEND
  8
11
  0
POLYLINE
  8
11
  66
1
  70
0
  0
VERTEX
  8
11
  10
3226.499939
  20
77.694917
  0
VERTEX
  8
11
  10
3167.000122
  20
77.694917
  0
SEQEND
  8
11
  0
POLYLINE
  8
11
  66
1
  70
0
  0
VERTEX
  8
11
  10
3268.500061
  20
77.694917
  0
VERTEX
  8
11
  10
3226.499939
  20
77.694917
  0
SEQEND
  8
11
  0
POLYLINE
  8
11
  66
1
  70
0
  0
VERTEX
  8
11
  10
3287.762756
  20
77.694917
  0
VERTEX
  8
11
  10
3268.500061
  20
77.694917
  0
SEQEND
  8
11
  0
POLYLINE
  8
11
  66
1
  70
0
  0
VERTEX
  8
11
  10
3284.119263
  20
100.000029
  0
VERTEX
  8
11
  10
3285.213318
  20
93.302402
  0
VERTEX
  8
11
  10
3287.762756
  20
77.694917
  0
SEQEND
  8
11
  0
POLYLINE
  8
11
  66
1
  70
0
  0
VERTEX
  8
11
  10
3287.762756
  20
122.305088
  0
VERTEX
  8
11
  10
3284.119263
  20
100.000029
  0
SEQEND
  8
11
  0
POLYLINE
  8
11
  66
1
  70
0
  0
VERTEX
  8
11
  10
3268.500061
  20
122.305088
  0
VERTEX
  8
11
  10
3287.762756
  20
122.305088
  0
SEQEND
  8
11
  0
POLYLINE
  8
11
  66
1
  70
0
  0
VERTEX
  8
11
  10
3226.499939
  20
122.305088
  0
VERTEX
  8
11
  10
3268.500061
  20
122.305088
  0
SEQEND
  8
11
  0
POLYLINE
  8
11
  66
1
  70
0
  0
VERTEX
  8
11
  10
3167.000122
  20
122.305088
  0
VERTEX
  8
11
  10
3226.499939
  20
122.305088
  0
SEQEND
  8
11
  0
POLYLINE
  8
11
  66
1
  70
0
  0
VERTEX
  8
11
  10
3107.500000
  20
122.305088
  0
VERTEX
  8
11
  10
3167.000122
  20
122.305088
  0
SEQEND
  8
11
  0
POLYLINE
  8
11
  66
1
  70
0
  0
VERTEX
  8
11
  10
3065.499878
  20
122.305088
  0
VERTEX
  8
11
  10
3107.500000
  20
122.305088
  0
SEQEND
  8
11
  0
POLYLINE
  8
11
  66
1
  70
0
  0
VERTEX
  8
11
  10
2979.500122
  20
122.305088
  0
VERTEX
  8
11
  10
3065.499878
  20
122.305088
  0
SEQEND
  8
11
  0
POLYLINE
  8
11
  66
1
  70
0
  0
VERTEX
  8
11
  10
2892.237244
  20
122.305088
  0
VERTEX
  8
11
  10
2979.500122
  20
122.305088
  0
SEQEND
  8
11
  0
POLYLINE
  8
11
  66
1
  70
0
  0
VERTEX
  8
11
  10
2895.880737
  20
100.000029
  0
VERTEX
  8
11
  10
2892.237244
  20
122.305088
  0
SEQEND
  8
11
  0
POLYLINE
  8
11
  66
1
  70
0
  0
VERTEX
  8
11
  10
2892.237244
  20
77.694917
  0
VERTEX
  8
11
  10
2895.880737
  20
100.000029
  0
SEQEND
  8
11
 0
LINE
 8
11
 10
3088.500061
 20
100.000000
 11
3088.500061
 21
91.429110
 0
LINE
 8
11
 10
3088.500061
 20
91.429110
 11
3088.790070
 21
93.118577
 0
LINE
 8
11
 10
3088.500061
 20
91.429110
 11
3088.500061
 21
91.429110
  0
TEXT
  8
11
 10
3090.000000
 20
70.000002
 40
10.000000
 50
0.000000
  1
Piece Name: 
  0
TEXT
  8
11
 10
3090.000000
 20
85.000002
 40
10.000000
 50
0.000000
  1
Size: M
  0
TEXT
  8
11
 10
3090.000000
 20
100.000002
 40
10.000000
 50
0.000000
  1
Annotation: 配料1X1
  0
TEXT
  8
11
 10
3090.000000
 20
115.000002
 40
10.000000
 50
0.000000
  1
Quantity: 1
  0
TEXT
  8
11
 10
3090.000000
 20
130.000002
 40
10.000000
 50
0.000000
  1
Material: 配料1
  0
POLYLINE
  8
11
  66
1
  70
0
  0
VERTEX
  8
11
  10
3438.817444
  20
78.285379
  0
VERTEX
  8
11
  10
3439.330371
  20
93.530612
  0
VERTEX
  8
11
  10
3439.531555
  20
100.285378
  0
SEQEND
  8
11
  0
POLYLINE
  8
11
  66
1
  70
0
  0
VERTEX
  8
11
  10
3439.531555
  20
100.285378
  0
VERTEX
  8
11
  10
3439.031816
  20
115.956871
  0
VERTEX
  8
11
  10
3438.521596
  20
131.055215
  0
VERTEX
  8
11
  10
3437.981570
  20
146.109220
  0
VERTEX
  8
11
  10
3437.416680
  20
161.162380
  0
VERTEX
  8
11
  10
3436.812654
  20
176.737387
  0
VERTEX
  8
11
  10
3436.205983
  20
191.789039
  0
VERTEX
  8
11
  10
3435.560295
  20
206.838951
  0
VERTEX
  8
11
  10
3434.872441
  20
221.600759
  0
VERTEX
  8
11
  10
3434.081193
  20
237.247002
  0
VERTEX
  8
11
  10
3433.304484
  20
252.418079
  0
VERTEX
  8
11
  10
3432.542178
  20
267.462506
  0
VERTEX
  8
11
  10
3431.724407
  20
282.563594
  0
VERTEX
  8
11
  10
3430.844614
  20
297.601634
  0
VERTEX
  8
11
  10
3429.914762
  20
312.636772
  0
VERTEX
  8
11
  10
3428.945374
  20
327.739481
  0
VERTEX
  8
11
  10
3427.954574
  20
342.770570
  0
VERTEX
  8
11
  10
3426.940088
  20
357.800067
  0
VERTEX
  8
11
  10
3425.903659
  20
372.828109
  0
VERTEX
  8
11
  10
3424.841124
  20
387.900642
  0
VERTEX
  8
11
  10
3423.746135
  20
402.924599
  0
VERTEX
  8
11
  10
3422.599310
  20
417.944601
  0
VERTEX
  8
11
  10
3421.426246
  20
432.545826
  0
VERTEX
  8
11
  10
3420.173243
  20
448.161964
  0
VERTEX
  8
11
  10
3418.967277
  20
463.177343
  0
VERTEX
  8
11
  10
3417.695347
  20
478.548254
  0
VERTEX
  8
11
  10
3416.399666
  20
493.556118
  0
VERTEX
  8
11
  10
3415.055759
  20
508.883559
  0
VERTEX
  8
11
  10
3413.735800
  20
524.048061
  0
VERTEX
  8
11
  10
3412.641907
  20
536.706123
  0
SEQEND
  8
11
 0
LINE
 8
11
 10
3431.020929
 20
248.077437
 11
3436.014437
 21
248.332147
 0
LINE
 8
11
 10
3418.934250
 20
432.345925
 11
3423.917933
 21
432.749541
  0
POLYLINE
  8
11
  66
1
  70
0
  0
VERTEX
  8
11
  10
3412.641907
  20
536.706123
  0
VERTEX
  8
11
  10
3421.334620
  20
538.878098
  0
VERTEX
  8
11
  10
3428.713118
  20
540.634858
  0
VERTEX
  8
11
  10
3433.485436
  20
542.040364
  0
VERTEX
  8
11
  10
3438.308172
  20
543.718041
  0
VERTEX
  8
11
  10
3442.432243
  20
545.403512
  0
VERTEX
  8
11
  10
3446.124764
  20
547.172481
  0
VERTEX
  8
11
  10
3449.662364
  20
549.142816
  0
VERTEX
  8
11
  10
3453.406684
  20
551.520840
  0
VERTEX
  8
11
  10
3457.126527
  20
554.184570
  0
VERTEX
  8
11
  10
3461.330969
  20
557.524489
  0
VERTEX
  8
11
  10
3464.813627
  20
560.572269
  0
VERTEX
  8
11
  10
3471.966894
  20
567.578654
  0
VERTEX
  8
11
  10
3475.798837
  20
571.757336
  0
VERTEX
  8
11
  10
3480.898120
  20
577.716406
  0
VERTEX
  8
11
  10
3485.831334
  20
583.871834
  0
VERTEX
  8
11
  10
3494.932434
  20
595.801678
  0
VERTEX
  8
11
  10
3503.945318
  20
607.857216
  0
VERTEX
  8
11
  10
3508.606360
  20
613.971887
  0
VERTEX
  8
11
  10
3512.947015
  20
619.240069
  0
VERTEX
  8
11
  10
3517.701817
  20
624.632946
  0
VERTEX
  8
11
  10
3522.099158
  20
629.267730
  0
VERTEX
  8
11
  10
3526.411800
  20
633.462408
  0
VERTEX
  8
11
  10
3530.746257
  20
637.340663
  0
VERTEX
  8
11
  10
3535.047211
  20
640.869557
  0
VERTEX
  8
11
  10
3539.459457
  20
644.174738
  0
VERTEX
  8
11
  10
3543.859106
  20
647.168991
  0
VERTEX
  8
11
  10
3548.261268
  20
649.879775
  0
VERTEX
  8
11
  10
3552.413733
  20
652.163637
  0
VERTEX
  8
11
  10
3557.095948
  20
654.440673
  0
VERTEX
  8
11
  10
3561.184601
  20
656.207750
  0
VERTEX
  8
11
  10
3564.239701
  20
657.277391
  0
VERTEX
  8
11
  10
3570.510276
  20
659.202988
  0
VERTEX
  8
11
  10
3574.344444
  20
660.083692
  0
VERTEX
  8
11
  10
3578.901538
  20
660.864047
  0
VERTEX
  8
11
  10
3582.817304
  20
661.295683
  0
VERTEX
  8
11
  10
3589.440613
  20
661.714630
  0
SEQEND
  8
11
 0
LINE
 8
11
 10
3465.537542
 20
564.747553
 11
3469.025149
 21
561.164733
 0
LINE
 8
11
 10
3500.774535
 20
607.779664
 11
3504.770314
 21
604.774044
  0
POLYLINE
  8
11
  66
1
  70
0
  0
VERTEX
  8
11
  10
3589.440613
  20
661.714630
  0
VERTEX
  8
11
  10
3601.330355
  20
661.290238
  0
VERTEX
  8
11
  10
3607.575406
  20
660.732127
  0
VERTEX
  8
11
  10
3614.367756
  20
659.916059
  0
VERTEX
  8
11
  10
3618.379719
  20
659.205459
  0
VERTEX
  8
11
  10
3625.963065
  20
657.653062
  0
VERTEX
  8
11
  10
3630.579913
  20
656.424554
  0
VERTEX
  8
11
  10
3636.057624
  20
654.688501
  0
VERTEX
  8
11
  10
3641.431236
  20
652.726767
  0
VERTEX
  8
11
  10
3646.948379
  20
650.441585
  0
VERTEX
  8
11
  10
3652.715605
  20
647.779502
  0
VERTEX
  8
11
  10
3658.734529
  20
644.725294
  0
VERTEX
  8
11
  10
3665.015480
  20
641.257138
  0
VERTEX
  8
11
  10
3671.426459
  20
637.434667
  0
VERTEX
  8
11
  10
3677.917394
  20
633.276770
  0
VERTEX
  8
11
  10
3684.638155
  20
628.672543
  0
VERTEX
  8
11
  10
3691.513639
  20
623.659581
  0
VERTEX
  8
11
  10
3698.721134
  20
618.094017
  0
VERTEX
  8
11
  10
3706.293576
  20
611.927324
  0
VERTEX
  8
11
  10
3715.178680
  20
604.347904
  0
VERTEX
  8
11
  10
3726.510825
  20
594.345081
  0
VERTEX
  8
11
  10
3737.498513
  20
584.685908
  0
VERTEX
  8
11
  10
3744.641199
  20
578.693690
  0
VERTEX
  8
11
  10
3751.424870
  20
573.313108
  0
VERTEX
  8
11
  10
3757.991352
  20
568.403595
  0
VERTEX
  8
11
  10
3764.311767
  20
563.970433
  0
VERTEX
  8
11
  10
3770.340770
  20
560.032008
  0
VERTEX
  8
11
  10
3775.477362
  20
556.942328
  0
VERTEX
  8
11
  10
3780.200395
  20
554.377392
  0
VERTEX
  8
11
  10
3784.571617
  20
552.284084
  0
VERTEX
  8
11
  10
3789.472559
  20
550.222028
  0
VERTEX
  8
11
  10
3794.714894
  20
548.283163
  0
VERTEX
  8
11
  10
3805.681363
  20
544.525632
  0
VERTEX
  8
11
  10
3807.358093
  20
543.921585
  0
SEQEND
  8
11
 0
LINE
 8
11
 10
3589.887723
 20
664.199992
 11
3589.721953
 21
659.202741
 0
LINE
 8
11
 10
3723.581450
 20
600.292900
 11
3720.289966
 21
596.529107
  0
POLYLINE
  8
11
  66
1
  70
0
  0
VERTEX
  8
11
  10
3807.358093
  20
543.921585
  0
VERTEX
  8
11
  10
3806.620056
  20
528.258596
  0
VERTEX
  8
11
  10
3805.865119
  20
512.991457
  0
VERTEX
  8
11
  10
3805.088140
  20
497.566951
  0
VERTEX
  8
11
  10
3804.308121
  20
482.142650
  0
VERTEX
  8
11
  10
3803.491951
  20
467.081481
  0
VERTEX
  8
11
  10
3802.580976
  20
451.664448
  0
VERTEX
  8
11
  10
3801.685282
  20
436.672770
  0
VERTEX
  8
11
  10
3800.766542
  20
421.320615
  0
VERTEX
  8
11
  10
3799.760977
  20
405.909494
  0
VERTEX
  8
11
  10
3798.680669
  20
390.503198
  0
VERTEX
  8
11
  10
3797.550544
  20
375.132866
  0
VERTEX
  8
11
  10
3796.381502
  20
359.733017
  0
VERTEX
  8
11
  10
3795.169418
  20
344.336691
  0
VERTEX
  8
11
  10
3793.933313
  20
329.300678
  0
VERTEX
  8
11
  10
3792.609710
  20
313.913690
  0
VERTEX
  8
11
  10
3791.235937
  20
298.530892
  0
VERTEX
  8
11
  10
3789.837397
  20
283.312206
  0
VERTEX
  8
11
  10
3788.371067
  20
267.937636
  0
VERTEX
  8
11
  10
3786.798876
  20
252.573958
  0
VERTEX
  8
11
  10
3785.114528
  20
237.199540
  0
VERTEX
  8
11
  10
3783.434138
  20
221.847241
  0
VERTEX
  8
11
  10
3781.723402
  20
206.498364
  0
VERTEX
  8
11
  10
3779.951551
  20
191.194986
  0
VERTEX
  8
11
  10
3778.109326
  20
175.861186
  0
VERTEX
  8
11
  10
3776.210209
  20
160.534264
  0
VERTEX
  8
11
  10
3774.290840
  20
145.425568
  0
VERTEX
  8
11
  10
3772.339258
  20
130.347765
  0
VERTEX
  8
11
  10
3770.355229
  20
115.240906
  0
VERTEX
  8
11
  10
3768.363953
  20
100.285378
  0
SEQEND
  8
11
 0
LINE
 8
11
 10
3804.400292
 20
440.245579
 11
3799.409041
 21
440.541236
 0
LINE
 8
11
 10
3788.646076
 20
246.453249
 11
3783.676268
 21
247.001891
  0
POLYLINE
  8
11
  66
1
  70
0
  0
VERTEX
  8
11
  10
3768.363953
  20
100.285378
  0
VERTEX
  8
11
  10
3771.238098
  20
78.285379
  0
SEQEND
  8
11
  0
POLYLINE
  8
11
  66
1
  70
0
  0
VERTEX
  8
11
  10
3771.238098
  20
78.285379
  0
VERTEX
  8
11
  10
3438.817444
  20
78.285379
  0
SEQEND
  8
11
  0
POLYLINE
  8
11
  66
1
  70
0
  0
VERTEX
  8
11
  10
3448.536072
  20
100.285378
  0
VERTEX
  8
11
  10
3448.035157
  20
115.988180
  0
VERTEX
  8
11
  10
3447.523813
  20
131.193641
  0
VERTEX
  8
11
  10
3446.973997
  20
146.598504
  0
VERTEX
  8
11
  10
3446.394683
  20
162.002307
  0
VERTEX
  8
11
  10
3445.781502
  20
177.577004
  0
VERTEX
  8
11
  10
3445.147445
  20
192.978663
  0
VERTEX
  8
11
  10
3444.481893
  20
208.378980
  0
VERTEX
  8
11
  10
3443.779856
  20
223.795171
  0
VERTEX
  8
11
  10
3443.038973
  20
239.192036
  0
VERTEX
  8
11
  10
3442.255208
  20
254.586941
  0
VERTEX
  8
11
  10
3441.427784
  20
269.979379
  0
VERTEX
  8
11
  10
3440.566214
  20
285.244465
  0
VERTEX
  8
11
  10
3439.658450
  20
300.632405
  0
VERTEX
  8
11
  10
3438.713320
  20
316.018106
  0
VERTEX
  8
11
  10
3437.748279
  20
331.161855
  0
VERTEX
  8
11
  10
3436.734326
  20
346.543160
  0
VERTEX
  8
11
  10
3435.687802
  20
361.922286
  0
VERTEX
  8
11
  10
3434.626588
  20
377.066291
  0
VERTEX
  8
11
  10
3433.518819
  20
392.441130
  0
VERTEX
  8
11
  10
3432.380203
  20
407.813703
  0
VERTEX
  8
11
  10
3431.210187
  20
423.183919
  0
VERTEX
  8
11
  10
3430.004457
  20
438.593623
  0
VERTEX
  8
11
  10
3428.768776
  20
453.958686
  0
VERTEX
  8
11
  10
3427.502125
  20
469.321240
  0
VERTEX
  8
11
  10
3426.214468
  20
484.594066
  0
VERTEX
  8
11
  10
3424.893518
  20
499.952019
  0
VERTEX
  8
11
  10
3423.541490
  20
515.395936
  0
VERTEX
  8
11
  10
3422.241384
  20
530.064835
  0
VERTEX
  8
11
  10
3422.075195
  20
531.928749
  0
SEQEND
  8
11
 0
LINE
 8
11
 10
3440.065219
 20
248.537438
 11
3445.058638
 21
248.793879
 0
LINE
 8
11
 10
3427.932195
 20
433.078548
 11
3432.916849
 21
433.469977
  0
POLYLINE
  8
11
  66
1
  70
0
  0
VERTEX
  8
11
  10
3422.075195
  20
531.928749
  0
VERTEX
  8
11
  10
3428.720143
  20
533.409443
  0
VERTEX
  8
11
  10
3433.521001
  20
534.722685
  0
VERTEX
  8
11
  10
3438.619798
  20
536.382114
  0
VERTEX
  8
11
  10
3443.210893
  20
538.125923
  0
VERTEX
  8
11
  10
3447.236984
  20
539.909125
  0
VERTEX
  8
11
  10
3451.023004
  20
541.854437
  0
VERTEX
  8
11
  10
3454.853099
  20
544.111931
  0
VERTEX
  8
11
  10
3458.743132
  20
546.698964
  0
VERTEX
  8
11
  10
3462.695983
  20
549.631331
  0
VERTEX
  8
11
  10
3466.708972
  20
552.918560
  0
VERTEX
  8
11
  10
3470.912962
  20
556.691005
  0
VERTEX
  8
11
  10
3475.177408
  20
560.853676
  0
VERTEX
  8
11
  10
3479.544365
  20
565.464440
  0
VERTEX
  8
11
  10
3484.151538
  20
570.698761
  0
VERTEX
  8
11
  10
3489.166175
  20
576.791087
  0
VERTEX
  8
11
  10
3494.969700
  20
584.264947
  0
VERTEX
  8
11
  10
3503.992407
  20
596.382711
  0
VERTEX
  8
11
  10
3511.127573
  20
605.838017
  0
VERTEX
  8
11
  10
3516.258916
  20
612.278930
  0
VERTEX
  8
11
  10
3520.812173
  20
617.626632
  0
VERTEX
  8
11
  10
3525.183740
  20
622.394147
  0
VERTEX
  8
11
  10
3529.483088
  20
626.725468
  0
VERTEX
  8
11
  10
3533.655058
  20
630.590401
  0
VERTEX
  8
11
  10
3537.854418
  20
634.154470
  0
VERTEX
  8
11
  10
3542.116921
  20
637.453955
  0
VERTEX
  8
11
  10
3546.404292
  20
640.465830
  0
VERTEX
  8
11
  10
3550.743846
  20
643.213491
  0
VERTEX
  8
11
  10
3554.918993
  20
645.575696
  0
VERTEX
  8
11
  10
3559.098836
  20
647.662492
  0
VERTEX
  8
11
  10
3563.170450
  20
649.426691
  0
VERTEX
  8
11
  10
3567.222294
  20
650.920126
  0
VERTEX
  8
11
  10
3571.347930
  20
652.174841
  0
VERTEX
  8
11
  10
3575.406156
  20
653.151542
  0
VERTEX
  8
11
  10
3579.336544
  20
653.849121
  0
VERTEX
  8
11
  10
3583.520297
  20
654.337431
  0
VERTEX
  8
11
  10
3589.571838
  20
654.697647
  0
SEQEND
  8
11
 0
LINE
 8
11
 10
3470.464960
 20
559.711748
 11
3473.928206
 21
556.105375
 0
LINE
 8
11
 10
3506.294502
 20
603.634257
 11
3510.281924
 21
600.617559
 0
LINE
 8
11
 10
3589.603313
 20
657.197427
 11
3589.539293
 21
652.197836
  0
POLYLINE
  8
11
  66
1
  70
0
  0
VERTEX
  8
11
  10
3589.571838
  20
654.697647
  0
VERTEX
  8
11
  10
3595.664632
  20
654.586755
  0
VERTEX
  8
11
  10
3602.368299
  20
654.182810
  0
VERTEX
  8
11
  10
3608.831868
  20
653.552851
  0
VERTEX
  8
11
  10
3614.813979
  20
652.729234
  0
VERTEX
  8
11
  10
3620.317122
  20
651.735655
  0
VERTEX
  8
11
  10
3625.297367
  20
650.598526
  0
VERTEX
  8
11
  10
3630.218713
  20
649.223157
  0
VERTEX
  8
11
  10
3635.286546
  20
647.547818
  0
VERTEX
  8
11
  10
3640.592309
  20
645.526029
  0
VERTEX
  8
11
  10
3646.092016
  20
643.158100
  0
VERTEX
  8
11
  10
3651.818130
  20
640.417195
  0
VERTEX
  8
11
  10
3657.820391
  20
637.267026
  0
VERTEX
  8
11
  10
3664.107685
  20
633.683014
  0
VERTEX
  8
11
  10
3670.483951
  20
629.760780
  0
VERTEX
  8
11
  10
3676.944507
  20
625.495077
  0
VERTEX
  8
11
  10
3683.657225
  20
620.761989
  0
VERTEX
  8
11
  10
3690.644982
  20
615.524193
  0
VERTEX
  8
11
  10
3698.004360
  20
609.689313
  0
VERTEX
  8
11
  10
3705.852531
  20
603.144588
  0
VERTEX
  8
11
  10
3715.478800
  20
594.749263
  0
VERTEX
  8
11
  10
3726.810710
  20
584.697583
  0
VERTEX
  8
11
  10
3735.715147
  20
577.005579
  0
VERTEX
  8
11
  10
3742.796072
  20
571.188013
  0
VERTEX
  8
11
  10
3749.603200
  20
565.899941
  0
VERTEX
  8
11
  10
3756.227641
  20
561.056543
  0
VERTEX
  8
11
  10
3762.603845
  20
556.691022
  0
VERTEX
  8
11
  10
3768.459543
  20
552.963798
  0
VERTEX
  8
11
  10
3773.617858
  20
549.954817
  0
VERTEX
  8
11
  10
3778.279824
  20
547.509048
  0
VERTEX
  8
11
  10
3782.867160
  20
545.384412
  0
VERTEX
  8
11
  10
3788.021981
  20
543.274308
  0
VERTEX
  8
11
  10
3793.543020
  20
541.286488
  0
VERTEX
  8
11
  10
3798.139648
  20
539.790306
  0
SEQEND
  8
11
 0
LINE
 8
11
 10
3718.971986
 20
594.992382
 11
3715.651047
 21
591.254553
  0
POLYLINE
  8
11
  66
1
  70
0
  0
VERTEX
  8
11
  10
3798.139648
  20
539.790306
  0
VERTEX
  8
11
  10
3797.409969
  20
524.061657
  0
VERTEX
  8
11
  10
3796.664623
  20
508.721998
  0
VERTEX
  8
11
  10
3795.878785
  20
493.194142
  0
VERTEX
  8
11
  10
3795.059921
  20
477.667991
  0
VERTEX
  8
11
  10
3794.209681
  20
462.228905
  0
VERTEX
  8
11
  10
3793.313290
  20
446.707061
  0
VERTEX
  8
11
  10
3792.401634
  20
431.727829
  0
VERTEX
  8
11
  10
3791.422804
  20
416.464349
  0
VERTEX
  8
11
  10
3790.377218
  20
400.951781
  0
VERTEX
  8
11
  10
3789.281802
  20
385.442632
  0
VERTEX
  8
11
  10
3788.140039
  20
369.968284
  0
VERTEX
  8
11
  10
3786.947229
  20
354.466343
  0
VERTEX
  8
11
  10
3785.704154
  20
338.968384
  0
VERTEX
  8
11
  10
3784.413018
  20
323.519495
  0
VERTEX
  8
11
  10
3783.063769
  20
308.030399
  0
VERTEX
  8
11
  10
3781.656776
  20
292.546419
  0
VERTEX
  8
11
  10
3780.226733
  20
277.460003
  0
VERTEX
  8
11
  10
3778.696602
  20
261.987692
  0
VERTEX
  8
11
  10
3777.105111
  20
246.568850
  0
VERTEX
  8
11
  10
3775.440348
  20
231.110512
  0
VERTEX
  8
11
  10
3773.713680
  20
215.658914
  0
VERTEX
  8
11
  10
3771.996999
  20
200.748240
  0
VERTEX
  8
11
  10
3770.171505
  20
185.307946
  0
VERTEX
  8
11
  10
3768.296519
  20
169.873680
  0
VERTEX
  8
11
  10
3766.423852
  20
154.869793
  0
VERTEX
  8
11
  10
3764.477607
  20
139.664544
  0
VERTEX
  8
11
  10
3762.514213
  20
124.621684
  0
VERTEX
  8
11
  10
3760.536984
  20
109.712785
  0
VERTEX
  8
11
  10
3759.269714
  20
100.285378
  0
SEQEND
  8
11
 0
LINE
 8
11
 10
3795.462572
 20
440.774065
 11
3790.471685
 21
441.075808
 0
LINE
 8
11
 10
3779.712071
 20
247.453523
 11
3774.739464
 21
247.976185
  0
POLYLINE
  8
11
  66
1
  70
0
  0
VERTEX
  8
11
  10
3759.269714
  20
100.285378
  0
VERTEX
  8
11
  10
3448.536072
  20
100.285378
  0
SEQEND
  8
11
  0
POLYLINE
  8
11
  66
1
  70
0
  0
VERTEX
  8
11
  10
3424.209290
  20
507.261124
  0
VERTEX
  8
11
  10
3796.993408
  20
515.047760
  0
SEQEND
  8
11
  0
POLYLINE
  8
11
  66
1
  70
0
  0
VERTEX
  8
11
  10
3435.953369
  20
354.868546
  0
VERTEX
  8
11
  10
3787.452393
  20
354.868546
  0
SEQEND
  8
11
  0
POLYLINE
  8
11
  66
1
  70
0
  0
VERTEX
  8
11
  10
3592.793884
  20
100.285378
  0
VERTEX
  8
11
  10
3591.795959
  20
654.739075
  0
SEQEND
  8
11
  0
POLYLINE
  8
11
  66
1
  70
0
  0
VERTEX
  8
11
  10
3422.207031
  20
530.424767
  0
VERTEX
  8
11
  10
3428.814414
  20
531.884486
  0
VERTEX
  8
11
  10
3433.700739
  20
533.209919
  0
VERTEX
  8
11
  10
3438.852460
  20
534.875528
  0
VERTEX
  8
11
  10
3443.466348
  20
536.609599
  0
VERTEX
  8
11
  10
3447.602680
  20
538.421660
  0
VERTEX
  8
11
  10
3451.374073
  20
540.337485
  0
VERTEX
  8
11
  10
3455.228002
  20
542.577760
  0
VERTEX
  8
11
  10
3459.090744
  20
545.112362
  0
VERTEX
  8
11
  10
3463.039626
  20
548.000066
  0
VERTEX
  8
11
  10
3467.069644
  20
551.255413
  0
VERTEX
  8
11
  10
3471.286241
  20
554.988843
  0
VERTEX
  8
11
  10
3475.578168
  20
559.126968
  0
VERTEX
  8
11
  10
3480.003380
  20
563.746604
  0
VERTEX
  8
11
  10
3484.578722
  20
568.890138
  0
VERTEX
  8
11
  10
3489.514829
  20
574.827821
  0
VERTEX
  8
11
  10
3495.094582
  20
581.953593
  0
VERTEX
  8
11
  10
3504.135945
  20
594.056136
  0
VERTEX
  8
11
  10
3511.822095
  20
604.283763
  0
VERTEX
  8
11
  10
3517.042734
  20
610.868890
  0
VERTEX
  8
11
  10
3521.642397
  20
616.299279
  0
VERTEX
  8
11
  10
3525.958915
  20
621.033248
  0
VERTEX
  8
11
  10
3530.187672
  20
625.318985
  0
VERTEX
  8
11
  10
3534.368525
  20
629.217169
  0
VERTEX
  8
11
  10
3538.515051
  20
632.758504
  0
VERTEX
  8
11
  10
3542.729200
  20
636.040917
  0
VERTEX
  8
11
  10
3547.032034
  20
639.080818
  0
VERTEX
  8
11
  10
3551.282676
  20
641.787510
  0
VERTEX
  8
11
  10
3555.459734
  20
644.163906
  0
VERTEX
  8
11
  10
3559.631354
  20
646.255783
  0
VERTEX
  8
11
  10
3563.562494
  20
647.967918
  0
VERTEX
  8
11
  10
3567.680205
  20
649.491469
  0
VERTEX
  8
11
  10
3571.664066
  20
650.706357
  0
VERTEX
  8
11
  10
3575.705042
  20
651.681037
  0
VERTEX
  8
11
  10
3579.711794
  20
652.389444
  0
VERTEX
  8
11
  10
3583.949511
  20
652.871420
  0
VERTEX
  8
11
  10
3589.435727
  20
653.208063
  0
VERTEX
  8
11
  10
3591.798401
  20
653.287888
  0
SEQEND
  8
11
  0
POLYLINE
  8
11
  66
1
  70
0
  0
VERTEX
  8
11
  10
3591.799011
  20
653.169327
  0
VERTEX
  8
11
  10
3599.787633
  20
652.856131
  0
VERTEX
  8
11
  10
3605.642981
  20
652.396820
  0
VERTEX
  8
11
  10
3611.803604
  20
651.661404
  0
VERTEX
  8
11
  10
3617.601050
  20
650.732072
  0
VERTEX
  8
11
  10
3622.885608
  20
649.640001
  0
VERTEX
  8
11
  10
3627.785561
  20
648.376279
  0
VERTEX
  8
11
  10
3632.812737
  20
646.816677
  0
VERTEX
  8
11
  10
3638.048245
  20
644.921436
  0
VERTEX
  8
11
  10
3643.476065
  20
642.682061
  0
VERTEX
  8
11
  10
3649.107922
  20
640.082843
  0
VERTEX
  8
11
  10
3655.034102
  20
637.067577
  0
VERTEX
  8
11
  10
3661.140168
  20
633.681696
  0
VERTEX
  8
11
  10
3667.500779
  20
629.867497
  0
VERTEX
  8
11
  10
3673.972630
  20
625.690158
  0
VERTEX
  8
11
  10
3680.606297
  20
621.110146
  0
VERTEX
  8
11
  10
3687.503554
  20
616.042976
  0
VERTEX
  8
11
  10
3694.453047
  20
610.632815
  0
VERTEX
  8
11
  10
3701.903972
  20
604.507531
  0
VERTEX
  8
11
  10
3711.139106
  20
596.554868
  0
VERTEX
  8
11
  10
3722.408805
  20
586.598361
  0
VERTEX
  8
11
  10
3733.008533
  20
577.360683
  0
VERTEX
  8
11
  10
3740.570534
  20
571.061879
  0
VERTEX
  8
11
  10
3747.161941
  20
565.870150
  0
VERTEX
  8
11
  10
3753.913788
  20
560.865412
  0
VERTEX
  8
11
  10
3760.382571
  20
556.365322
  0
VERTEX
  8
11
  10
3766.306213
  20
552.525575
  0
VERTEX
  8
11
  10
3771.613722
  20
549.359323
  0
VERTEX
  8
11
  10
3776.303443
  20
546.826736
  0
VERTEX
  8
11
  10
3781.038853
  20
544.551618
  0
VERTEX
  8
11
  10
3785.964748
  20
542.464218
  0
VERTEX
  8
11
  10
3791.325737
  20
540.466703
  0
VERTEX
  8
11
  10
3798.064575
  20
538.238258
  0
SEQEND
  8
11
  0
POLYLINE
  8
11
  66
1
  70
0
  0
VERTEX
  8
11
  10
3771.238098
  20
78.285379
  0
VERTEX
  8
11
  10
3438.817444
  20
78.285379
  0
SEQEND
  8
11
  0
POLYLINE
  8
11
  66
1
  70
0
  0
VERTEX
  8
11
  10
3768.363953
  20
100.285378
  0
VERTEX
  8
11
  10
3771.238098
  20
78.285379
  0
SEQEND
  8
11
  0
POLYLINE
  8
11
  66
1
  70
0
  0
VERTEX
  8
11
  10
3807.358093
  20
543.921585
  0
VERTEX
  8
11
  10
3806.620178
  20
528.258629
  0
VERTEX
  8
11
  10
3805.865173
  20
512.991447
  0
VERTEX
  8
11
  10
3805.088196
  20
497.566948
  0
VERTEX
  8
11
  10
3804.308167
  20
482.142639
  0
VERTEX
  8
11
  10
3803.492126
  20
467.081490
  0
VERTEX
  8
11
  10
3802.580872
  20
451.664467
  0
VERTEX
  8
11
  10
3801.685181
  20
436.672783
  0
VERTEX
  8
11
  10
3800.766602
  20
421.320610
  0
VERTEX
  8
11
  10
3799.761047
  20
405.909500
  0
VERTEX
  8
11
  10
3798.680725
  20
390.503235
  0
VERTEX
  8
11
  10
3797.550659
  20
375.132904
  0
VERTEX
  8
11
  10
3796.381531
  20
359.733047
  0
VERTEX
  8
11
  10
3795.169373
  20
344.336700
  0
VERTEX
  8
11
  10
3793.933411
  20
329.300690
  0
VERTEX
  8
11
  10
3792.609558
  20
313.913708
  0
VERTEX
  8
11
  10
3791.235962
  20
298.530903
  0
VERTEX
  8
11
  10
3789.837341
  20
283.312206
  0
VERTEX
  8
11
  10
3788.370972
  20
267.937641
  0
VERTEX
  8
11
  10
3786.799011
  20
252.573967
  0
VERTEX
  8
11
  10
3785.114441
  20
237.199535
  0
VERTEX
  8
11
  10
3783.434143
  20
221.847229
  0
VERTEX
  8
11
  10
3781.723328
  20
206.498356
  0
VERTEX
  8
11
  10
3779.951477
  20
191.194992
  0
VERTEX
  8
11
  10
3778.109131
  20
175.861187
  0
VERTEX
  8
11
  10
3776.210022
  20
160.534267
  0
VERTEX
  8
11
  10
3774.290771
  20
145.425587
  0
VERTEX
  8
11
  10
3772.339172
  20
130.347767
  0
VERTEX
  8
11
  10
3770.355225
  20
115.240936
  0
VERTEX
  8
11
  10
3768.363953
  20
100.285378
  0
SEQEND
  8
11
  0
POLYLINE
  8
11
  66
1
  70
0
  0
VERTEX
  8
11
  10
3589.440613
  20
661.714630
  0
VERTEX
  8
11
  10
3601.330261
  20
661.290207
  0
VERTEX
  8
11
  10
3607.575378
  20
660.732117
  0
VERTEX
  8
11
  10
3614.367676
  20
659.916077
  0
VERTEX
  8
11
  10
3618.379517
  20
659.205475
  0
VERTEX
  8
11
  10
3625.962830
  20
657.653046
  0
VERTEX
  8
11
  10
3630.579834
  20
656.424561
  0
VERTEX
  8
11
  10
3636.057434
  20
654.688492
  0
VERTEX
  8
11
  10
3641.431274
  20
652.726822
  0
VERTEX
  8
11
  10
3646.948242
  20
650.441589
  0
VERTEX
  8
11
  10
3652.715454
  20
647.779541
  0
VERTEX
  8
11
  10
3658.734436
  20
644.725342
  0
VERTEX
  8
11
  10
3665.015259
  20
641.257248
  0
VERTEX
  8
11
  10
3671.426392
  20
637.434769
  0
VERTEX
  8
11
  10
3677.917480
  20
633.276863
  0
VERTEX
  8
11
  10
3684.638062
  20
628.672638
  0
VERTEX
  8
11
  10
3691.513672
  20
623.659706
  0
VERTEX
  8
11
  10
3698.721008
  20
618.094139
  0
VERTEX
  8
11
  10
3706.293335
  20
611.927490
  0
VERTEX
  8
11
  10
3715.178528
  20
604.348030
  0
VERTEX
  8
11
  10
3726.510620
  20
594.345207
  0
VERTEX
  8
11
  10
3737.498474
  20
584.686012
  0
VERTEX
  8
11
  10
3744.641113
  20
578.693771
  0
VERTEX
  8
11
  10
3751.424866
  20
573.313179
  0
VERTEX
  8
11
  10
3757.991333
  20
568.403664
  0
VERTEX
  8
11
  10
3764.311829
  20
563.970528
  0
VERTEX
  8
11
  10
3770.340576
  20
560.032082
  0
VERTEX
  8
11
  10
3775.477295
  20
556.942406
  0
VERTEX
  8
11
  10
3780.200195
  20
554.377480
  0
VERTEX
  8
11
  10
3784.571533
  20
552.284164
  0
VERTEX
  8
11
  10
3789.472351
  20
550.222092
  0
VERTEX
  8
11
  10
3794.714661
  20
548.283195
  0
VERTEX
  8
11
  10
3805.681152
  20
544.525681
  0
VERTEX
  8
11
  10
3807.358093
  20
543.921585
  0
SEQEND
  8
11
  0
POLYLINE
  8
11
  66
1
  70
0
  0
VERTEX
  8
11
  10
3412.641907
  20
536.706123
  0
VERTEX
  8
11
  10
3421.334534
  20
538.878098
  0
VERTEX
  8
11
  10
3428.713074
  20
540.634842
  0
VERTEX
  8
11
  10
3433.485413
  20
542.040367
  0
VERTEX
  8
11
  10
3438.308105
  20
543.718033
  0
VERTEX
  8
11
  10
3442.432251
  20
545.403519
  0
VERTEX
  8
11
  10
3446.124573
  20
547.172470
  0
VERTEX
  8
11
  10
3449.662476
  20
549.142838
  0
VERTEX
  8
11
  10
3453.406677
  20
551.520882
  0
VERTEX
  8
11
  10
3457.126465
  20
554.184608
  0
VERTEX
  8
11
  10
3461.330872
  20
557.524490
  0
VERTEX
  8
11
  10
3464.813843
  20
560.572281
  0
VERTEX
  8
11
  10
3471.966858
  20
567.578697
  0
VERTEX
  8
11
  10
3475.798950
  20
571.757355
  0
VERTEX
  8
11
  10
3480.898132
  20
577.716408
  0
VERTEX
  8
11
  10
3485.831299
  20
583.871841
  0
VERTEX
  8
11
  10
3494.932556
  20
595.801697
  0
VERTEX
  8
11
  10
3503.945313
  20
607.857246
  0
VERTEX
  8
11
  10
3508.606262
  20
613.971939
  0
VERTEX
  8
11
  10
3512.947083
  20
619.240112
  0
VERTEX
  8
11
  10
3517.701721
  20
624.632988
  0
VERTEX
  8
11
  10
3522.099304
  20
629.267769
  0
VERTEX
  8
11
  10
3526.412048
  20
633.462448
  0
VERTEX
  8
11
  10
3530.746460
  20
637.340736
  0
VERTEX
  8
11
  10
3535.047302
  20
640.869598
  0
VERTEX
  8
11
  10
3539.459534
  20
644.174805
  0
VERTEX
  8
11
  10
3543.859253
  20
647.168961
  0
VERTEX
  8
11
  10
3548.261414
  20
649.879761
  0
VERTEX
  8
11
  10
3552.413635
  20
652.163620
  0
VERTEX
  8
11
  10
3557.095947
  20
654.440689
  0
VERTEX
  8
11
  10
3561.184692
  20
656.207733
  0
VERTEX
  8
11
  10
3564.239807
  20
657.277374
  0
VERTEX
  8
11
  10
3570.510254
  20
659.202957
  0
VERTEX
  8
11
  10
3574.344482
  20
660.083694
  0
VERTEX
  8
11
  10
3578.901672
  20
660.864029
  0
VERTEX
  8
11
  10
3582.817383
  20
661.295700
  0
VERTEX
  8
11
  10
3589.440613
  20
661.714630
  0
SEQEND
  8
11
  0
POLYLINE
  8
11
  66
1
  70
0
  0
VERTEX
  8
11
  10
3439.531555
  20
100.285378
  0
VERTEX
  8
11
  10
3439.031677
  20
115.956879
  0
VERTEX
  8
11
  10
3438.521423
  20
131.055222
  0
VERTEX
  8
11
  10
3437.981567
  20
146.109219
  0
VERTEX
  8
11
  10
3437.416687
  20
161.162376
  0
VERTEX
  8
11
  10
3436.812744
  20
176.737385
  0
VERTEX
  8
11
  10
3436.206055
  20
191.789036
  0
VERTEX
  8
11
  10
3435.560303
  20
206.838951
  0
VERTEX
  8
11
  10
3434.872437
  20
221.600761
  0
VERTEX
  8
11
  10
3434.081421
  20
237.246990
  0
VERTEX
  8
11
  10
3433.304749
  20
252.418079
  0
VERTEX
  8
11
  10
3432.542419
  20
267.462502
  0
VERTEX
  8
11
  10
3431.724548
  20
282.563591
  0
VERTEX
  8
11
  10
3430.844727
  20
297.601624
  0
VERTEX
  8
11
  10
3429.914856
  20
312.636776
  0
VERTEX
  8
11
  10
3428.945618
  20
327.739487
  0
VERTEX
  8
11
  10
3427.954712
  20
342.770576
  0
VERTEX
  8
11
  10
3426.940002
  20
357.800064
  0
VERTEX
  8
11
  10
3425.903625
  20
372.828102
  0
VERTEX
  8
11
  10
3424.841003
  20
387.900620
  0
VERTEX
  8
11
  10
3423.746033
  20
402.924614
  0
VERTEX
  8
11
  10
3422.599182
  20
417.944603
  0
VERTEX
  8
11
  10
3421.426086
  20
432.545815
  0
VERTEX
  8
11
  10
3420.173340
  20
448.161964
  0
VERTEX
  8
11
  10
3418.967285
  20
463.177338
  0
VERTEX
  8
11
  10
3417.695313
  20
478.548241
  0
VERTEX
  8
11
  10
3416.399536
  20
493.556137
  0
VERTEX
  8
11
  10
3415.055847
  20
508.883553
  0
VERTEX
  8
11
  10
3413.735657
  20
524.048042
  0
VERTEX
  8
11
  10
3412.641907
  20
536.706123
  0
SEQEND
  8
11
  0
POLYLINE
  8
11
  66
1
  70
0
  0
VERTEX
  8
11
  10
3438.817444
  20
78.285379
  0
VERTEX
  8
11
  10
3439.330444
  20
93.530617
  0
VERTEX
  8
11
  10
3439.531555
  20
100.285378
  0
SEQEND
  8
11
 0
LINE
 8
11
 10
3606.342468
 20
371.616135
 11
3606.342468
 21
202.283649
 0
LINE
 8
11
 10
3606.342468
 20
202.283649
 11
3609.726115
 21
221.995345
 0
LINE
 8
11
 10
3606.342468
 20
202.283649
 11
3606.342468
 21
202.283649
  0
TEXT
  8
11
 10
3610.000000
 20
340.000005
 40
10.000000
 50
0.000000
  1
Piece Name: 
  0
TEXT
  8
11
 10
3610.000000
 20
355.000005
 40
10.000000
 50
0.000000
  1
Size: M
  0
TEXT
  8
11
 10
3610.000000
 20
370.000005
 40
10.000000
 50
0.000000
  1
Annotation: 主料X2
  0
TEXT
  8
11
 10
3610.000000
 20
385.000005
 40
10.000000
 50
0.000000
  1
Quantity: 1
  0
TEXT
  8
11
 10
3610.000000
 20
400.000005
 40
10.000000
 50
0.000000
  1
Material: 主料
999
AI4M_WRITEBACK_PHASE=00_INDEX
0
TEXT
8
AI4M_00_INDEX
10
0
20
0
30
0
40
2.5
1
0. AI4M_00_INDEX
1001
AI4MANUFACTURING
1000
WRITEBACK_PHASE=00_INDEX
1000
LAYER=AI4M_00_INDEX
0
TEXT
8
AI4M_00_INDEX
10
0
20
-5
30
0
40
2.5
1
1. AI4M_01_ATOM_NET
1001
AI4MANUFACTURING
1000
WRITEBACK_PHASE=00_INDEX
1000
LAYER=AI4M_01_ATOM_NET
0
TEXT
8
AI4M_00_INDEX
10
0
20
-10
30
0
40
2.5
1
2. AI4M_01_ATOM_CUT
1001
AI4MANUFACTURING
1000
WRITEBACK_PHASE=00_INDEX
1000
LAYER=AI4M_01_ATOM_CUT
0
TEXT
8
AI4M_00_INDEX
10
0
20
-15
30
0
40
2.5
1
3. AI4M_01_ATOM_SEAM_ALLOWANCE
1001
AI4MANUFACTURING
1000
WRITEBACK_PHASE=00_INDEX
1000
LAYER=AI4M_01_ATOM_SEAM_ALLOWANCE
0
TEXT
8
AI4M_00_INDEX
10
0
20
-20
30
0
40
2.5
1
4. AI4M_01_ATOM_STITCH
1001
AI4MANUFACTURING
1000
WRITEBACK_PHASE=00_INDEX
1000
LAYER=AI4M_01_ATOM_STITCH
0
TEXT
8
AI4M_00_INDEX
10
0
20
-25
30
0
40
2.5
1
5. AI4M_01_ATOM_INTERNAL
1001
AI4MANUFACTURING
1000
WRITEBACK_PHASE=00_INDEX
1000
LAYER=AI4M_01_ATOM_INTERNAL
0
TEXT
8
AI4M_00_INDEX
10
0
20
-30
30
0
40
2.5
1
6. AI4M_01_ATOM_FOLD
1001
AI4MANUFACTURING
1000
WRITEBACK_PHASE=00_INDEX
1000
LAYER=AI4M_01_ATOM_FOLD
0
TEXT
8
AI4M_00_INDEX
10
0
20
-35
30
0
40
2.5
1
7. AI4M_01_ATOM_DART
1001
AI4MANUFACTURING
1000
WRITEBACK_PHASE=00_INDEX
1000
LAYER=AI4M_01_ATOM_DART
0
TEXT
8
AI4M_00_INDEX
10
0
20
-40
30
0
40
2.5
1
8. AI4M_01_ATOM_GRAIN
1001
AI4MANUFACTURING
1000
WRITEBACK_PHASE=00_INDEX
1000
LAYER=AI4M_01_ATOM_GRAIN
0
TEXT
8
AI4M_00_INDEX
10
0
20
-45
30
0
40
2.5
1
9. AI4M_01_ATOM_NOTCH
1001
AI4MANUFACTURING
1000
WRITEBACK_PHASE=00_INDEX
1000
LAYER=AI4M_01_ATOM_NOTCH
0
TEXT
8
AI4M_00_INDEX
10
0
20
-50
30
0
40
2.5
1
10. AI4M_02_EDGE_CHAIN
1001
AI4MANUFACTURING
1000
WRITEBACK_PHASE=00_INDEX
1000
LAYER=AI4M_02_EDGE_CHAIN
0
TEXT
8
AI4M_00_INDEX
10
0
20
-55
30
0
40
2.5
1
11. AI4M_03_PIECE
1001
AI4MANUFACTURING
1000
WRITEBACK_PHASE=00_INDEX
1000
LAYER=AI4M_03_PIECE
0
TEXT
8
AI4M_00_INDEX
10
0
20
-60
30
0
40
2.5
1
12. AI4M_04_RELATION
1001
AI4MANUFACTURING
1000
WRITEBACK_PHASE=00_INDEX
1000
LAYER=AI4M_04_RELATION
0
TEXT
8
AI4M_00_INDEX
10
0
20
-65
30
0
40
2.5
1
13. AI4M_05_QA
1001
AI4MANUFACTURING
1000
WRITEBACK_PHASE=00_INDEX
1000
LAYER=AI4M_05_QA
999
AI4M_WRITEBACK_PHASE=01_ATOM
999
AI4M_ENTITY=line_0071;LINE_ROLE=construction;EDGE=construction_vertical;SOURCE_LAYER=11
0
POLYLINE
8
AI4M_01_ATOM_INTERNAL
66
1
70
0
1001
AI4MANUFACTURING
1000
WRITEBACK_PHASE=01_ATOM
1000
ENTITY_ID=line_0071
1000
SOURCE_HANDLE=37F
1000
LINE_ROLE=construction
1000
EDGE=construction_vertical
1000
CHAIN=piece_18_left_construction_vertical
1000
PIECE_ID=piece_18
1000
SEAM_PAIR=
1000
PAIRED_CHAIN=
1000
NOTCH_CHAIN=
1000
NOTCH_SOURCE=
1000
PIECE_ROLE=back_body
1000
SEAM_ALLOWANCE_MM=
1000
SOURCE_LAYER=11
0
VERTEX
8
AI4M_01_ATOM_INTERNAL
10
3931.882629
20
81.402931
30
0
0
VERTEX
8
AI4M_01_ATOM_INTERNAL
10
3933.510742
20
103.306923
30
0
0
SEQEND
8
AI4M_01_ATOM_INTERNAL
0
TEXT
8
AI4M_01_ATOM_INTERNAL
10
3931.882629
20
81.402931
30
0
40
2.5
1
AI4M_line_0071_construction_construction_vertical
1001
AI4MANUFACTURING
1000
WRITEBACK_PHASE=01_ATOM_LABEL
1000
ENTITY_ID=line_0071
999
AI4M_ENTITY=line_0072__seg_01;LINE_ROLE=side_seam;EDGE=side_seam;SOURCE_LAYER=11
0
POLYLINE
8
AI4M_01_ATOM_INTERNAL
66
1
70
0
1001
AI4MANUFACTURING
1000
WRITEBACK_PHASE=01_ATOM
1000
ENTITY_ID=line_0072__seg_01
1000
SOURCE_HANDLE=384
1000
LINE_ROLE=side_seam
1000
EDGE=side_seam
1000
CHAIN=piece_18_left_side_seam
1000
PIECE_ID=piece_18
1000
SEAM_PAIR=
1000
PAIRED_CHAIN=
1000
NOTCH_CHAIN=
1000
NOTCH_SOURCE=
1000
PIECE_ROLE=back_body
1000
SEAM_ALLOWANCE_MM=
1000
SOURCE_LAYER=11
0
VERTEX
8
AI4M_01_ATOM_INTERNAL
10
3933.510742
20
103.306923
30
0
0
VERTEX
8
AI4M_01_ATOM_INTERNAL
10
3933.510742
20
251.47295
30
0
0
VERTEX
8
AI4M_01_ATOM_INTERNAL
10
3933.510742
20
461.767235
30
0
0
VERTEX
8
AI4M_01_ATOM_INTERNAL
10
3933.510742
20
572.048874
30
0
0
SEQEND
8
AI4M_01_ATOM_INTERNAL
0
TEXT
8
AI4M_01_ATOM_INTERNAL
10
3933.510742
20
103.306923
30
0
40
2.5
1
AI4M_line_0072__seg_01_side_seam_side_seam
1001
AI4MANUFACTURING
1000
WRITEBACK_PHASE=01_ATOM_LABEL
1000
ENTITY_ID=line_0072__seg_01
999
AI4M_ENTITY=line_0073;LINE_ROLE=construction;EDGE=construction_horizontal;SOURCE_LAYER=11
0
POLYLINE
8
AI4M_01_ATOM_INTERNAL
66
1
70
0
1001
AI4MANUFACTURING
1000
WRITEBACK_PHASE=01_ATOM
1000
ENTITY_ID=line_0073
1000
SOURCE_HANDLE=38B
1000
LINE_ROLE=construction
1000
EDGE=construction_horizontal
1000
CHAIN=chain_ms07xz91
1000
PIECE_ID=
1000
SEAM_PAIR=
1000
PAIRED_CHAIN=
1000
NOTCH_CHAIN=
1000
NOTCH_SOURCE=
1000
PIECE_ROLE=unknown
1000
SEAM_ALLOWANCE_MM=
1000
SOURCE_LAYER=11
0
VERTEX
8
AI4M_01_ATOM_INTERNAL
10
3931.010742
20
251.472941
30
0
0
VERTEX
8
AI4M_01_ATOM_INTERNAL
10
3936.010742
20
251.47294
30
0
0
SEQEND
8
AI4M_01_ATOM_INTERNAL
0
TEXT
8
AI4M_01_ATOM_INTERNAL
10
3931.010742
20
251.472941
30
0
40
2.5
1
AI4M_line_0073_construction_construction_horizontal
1001
AI4MANUFACTURING
1000
WRITEBACK_PHASE=01_ATOM_LABEL
1000
ENTITY_ID=line_0073
999
AI4M_ENTITY=line_0074;LINE_ROLE=construction;EDGE=construction_horizontal;SOURCE_LAYER=11
0
POLYLINE
8
AI4M_01_ATOM_INTERNAL
66
1
70
0
1001
AI4MANUFACTURING
1000
WRITEBACK_PHASE=01_ATOM
1000
ENTITY_ID=line_0074
1000
SOURCE_HANDLE=38C
1000
LINE_ROLE=construction
1000
EDGE=construction_horizontal
1000
CHAIN=chain_ms07xz91
1000
PIECE_ID=
1000
SEAM_PAIR=
1000
PAIRED_CHAIN=
1000
NOTCH_CHAIN=
1000
NOTCH_SOURCE=
1000
PIECE_ROLE=unknown
1000
SEAM_ALLOWANCE_MM=
1000
SOURCE_LAYER=11
0
VERTEX
8
AI4M_01_ATOM_INTERNAL
10
3931.010742
20
461.767235
30
0
0
VERTEX
8
AI4M_01_ATOM_INTERNAL
10
3936.010742
20
461.767235
30
0
0
SEQEND
8
AI4M_01_ATOM_INTERNAL
0
TEXT
8
AI4M_01_ATOM_INTERNAL
10
3931.010742
20
461.767235
30
0
40
2.5
1
AI4M_line_0074_construction_construction_horizontal
1001
AI4MANUFACTURING
1000
WRITEBACK_PHASE=01_ATOM_LABEL
1000
ENTITY_ID=line_0074
999
AI4M_ENTITY=line_0075__seg_01;LINE_ROLE=armhole_back;EDGE=armhole_back;SOURCE_LAYER=11
0
POLYLINE
8
AI4M_01_ATOM_INTERNAL
66
1
70
0
1001
AI4MANUFACTURING
1000
WRITEBACK_PHASE=01_ATOM
1000
ENTITY_ID=line_0075__seg_01
1000
SOURCE_HANDLE=38D
1000
LINE_ROLE=armhole_back
1000
EDGE=armhole_back
1000
CHAIN=piece_18_left_armhole_back
1000
PIECE_ID=piece_18
1000
SEAM_PAIR=
1000
PAIRED_CHAIN=
1000
NOTCH_CHAIN=
1000
NOTCH_SOURCE=
1000
PIECE_ROLE=back_body
1000
SEAM_ALLOWANCE_MM=
1000
SOURCE_LAYER=11
0
VERTEX
8
AI4M_01_ATOM_INTERNAL
10
3933.510742
20
572.048874
30
0
0
VERTEX
8
AI4M_01_ATOM_INTERNAL
10
3943.129263
20
573.886503
30
0
0
VERTEX
8
AI4M_01_ATOM_INTERNAL
10
3949.040489
20
575.067735
30
0
0
VERTEX
8
AI4M_01_ATOM_INTERNAL
10
3953.958953
20
576.288892
30
0
0
VERTEX
8
AI4M_01_ATOM_INTERNAL
10
3958.095852
20
577.555464
30
0
0
VERTEX
8
AI4M_01_ATOM_INTERNAL
10
3961.92633
20
578.982406
30
0
0
VERTEX
8
AI4M_01_ATOM_INTERNAL
10
3965.643104
20
580.632776
30
0
0
VERTEX
8
AI4M_01_ATOM_INTERNAL
10
3969.138946
20
582.453316
30
0
0
VERTEX
8
AI4M_01_ATOM_INTERNAL
10
3972.515776
20
584.492643
30
0
0
VERTEX
8
AI4M_01_ATOM_INTERNAL
10
3975.686261
20
586.695379
30
0
0
VERTEX
8
AI4M_01_ATOM_INTERNAL
10
3978.663235
20
589.057109
30
0
0
VERTEX
8
AI4M_01_ATOM_INTERNAL
10
3981.374573
20
591.517636
30
0
0
VERTEX
8
AI4M_01_ATOM_INTERNAL
10
3984.290584
20
594.529692
30
0
0
VERTEX
8
AI4M_01_ATOM_INTERNAL
10
3986.348867
20
596.954256
30
0
0
VERTEX
8
AI4M_01_ATOM_INTERNAL
10
3990.419844
20
602.690878
30
0
0
VERTEX
8
AI4M_01_ATOM_INTERNAL
10
3992.279084
20
605.813167
30
0
0
VERTEX
8
AI4M_01_ATOM_INTERNAL
10
3994.385302
20
609.861049
30
0
0
VERTEX
8
AI4M_01_ATOM_INTERNAL
10
3996.187438
20
613.845038
30
0
0
VERTEX
8
AI4M_01_ATOM_INTERNAL
10
3997.810673
20
618.049391
30
0
0
VERTEX
8
AI4M_01_ATOM_INTERNAL
10
3999.286556
20
622.583799
30
0
0
VERTEX
8
AI4M_01_ATOM_INTERNAL
10
4000.568193
20
627.298638
30
0
0
VERTEX
8
AI4M_01_ATOM_INTERNAL
10
4001.429819
20
631.335646
30
0
0
VERTEX
8
AI4M_01_ATOM_INTERNAL
10
4002.85911
20
640.074124
30
0
0
VERTEX
8
AI4M_01_ATOM_INTERNAL
10
4003.257159
20
644.486625
30
0
0
VERTEX
8
AI4M_01_ATOM_INTERNAL
10
4003.736156
20
654.660207
30
0
0
VERTEX
8
AI4M_01_ATOM_INTERNAL
10
4003.679007
20
660.224789
30
0
0
VERTEX
8
AI4M_01_ATOM_INTERNAL
10
4003.330356
20
668.566197
30
0
0
VERTEX
8
AI4M_01_ATOM_INTERNAL
10
4002.762058
20
676.339027
30
0
0
VERTEX
8
AI4M_01_ATOM_INTERNAL
10
4001.867214
20
685.068034
30
0
0
VERTEX
8
AI4M_01_ATOM_INTERNAL
10
4000.711757
20
693.974437
30
0
0
VERTEX
8
AI4M_01_ATOM_INTERNAL
10
3999.300682
20
702.947102
30
0
0
VERTEX
8
AI4M_01_ATOM_INTERNAL
10
3997.577703
20
712.279286
30
0
0
VERTEX
8
AI4M_01_ATOM_INTERNAL
10
3995.304606
20
723.147693
30
0
0
VERTEX
8
AI4M_01_ATOM_INTERNAL
10
3992.977902
20
733.140584
30
0
0
VERTEX
8
AI4M_01_ATOM_INTERNAL
10
3989.265207
20
747.776809
30
0
0
VERTEX
8
AI4M_01_ATOM_INTERNAL
10
3987.210999
20
756.089859
30
0
0
SEQEND
8
AI4M_01_ATOM_INTERNAL
0
TEXT
8
AI4M_01_ATOM_INTERNAL
10
3933.510742
20
572.048874
30
0
40
2.5
1
AI4M_line_0075__seg_01_armhole_back_armhole_back
1001
AI4MANUFACTURING
1000
WRITEBACK_PHASE=01_ATOM_LABEL
1000
ENTITY_ID=line_0075__seg_01
999
AI4M_ENTITY=line_0076;LINE_ROLE=construction;EDGE=construction_horizontal;SOURCE_LAYER=11
0
POLYLINE
8
AI4M_01_ATOM_INTERNAL
66
1
70
0
1001
AI4MANUFACTURING
1000
WRITEBACK_PHASE=01_ATOM
1000
ENTITY_ID=line_0076
1000
SOURCE_HANDLE=3B4
1000
LINE_ROLE=construction
1000
EDGE=construction_horizontal
1000
CHAIN=chain_ms07xz91
1000
PIECE_ID=
1000
SEAM_PAIR=
1000
PAIRED_CHAIN=
1000
NOTCH_CHAIN=
1000
NOTCH_SOURCE=
1000
PIECE_ROLE=unknown
1000
SEAM_ALLOWANCE_MM=
1000
SOURCE_LAYER=11
0
VERTEX
8
AI4M_01_ATOM_INTERNAL
10
3985.703769
20
600.317946
30
0
0
VERTEX
8
AI4M_01_ATOM_INTERNAL
10
3989.78132
20
597.424233
30
0
0
SEQEND
8
AI4M_01_ATOM_INTERNAL
0
TEXT
8
AI4M_01_ATOM_INTERNAL
10
3985.703769
20
600.317946
30
0
40
2.5
1
AI4M_line_0076_construction_construction_horizontal
1001
AI4MANUFACTURING
1000
WRITEBACK_PHASE=01_ATOM_LABEL
1000
ENTITY_ID=line_0076
999
AI4M_ENTITY=line_0077;LINE_ROLE=construction;EDGE=construction_horizontal;SOURCE_LAYER=11
0
POLYLINE
8
AI4M_01_ATOM_INTERNAL
66
1
70
0
1001
AI4MANUFACTURING
1000
WRITEBACK_PHASE=01_ATOM
1000
ENTITY_ID=line_0077
1000
SOURCE_HANDLE=3B5
1000
LINE_ROLE=construction
1000
EDGE=construction_horizontal
1000
CHAIN=chain_ms07xz91
1000
PIECE_ID=
1000
SEAM_PAIR=
1000
PAIRED_CHAIN=
1000
NOTCH_CHAIN=
1000
NOTCH_SOURCE=
1000
PIECE_ROLE=unknown
1000
SEAM_ALLOWANCE_MM=
1000
SOURCE_LAYER=11
0
VERTEX
8
AI4M_01_ATOM_INTERNAL
10
4001.112138
20
651.306788
30
0
0
VERTEX
8
AI4M_01_ATOM_INTERNAL
10
4006.105364
20
651.0466
30
0
0
SEQEND
8
AI4M_01_ATOM_INTERNAL
0
TEXT
8
AI4M_01_ATOM_INTERNAL
10
4001.112138
20
651.306788
30
0
40
2.5
1
AI4M_line_0077_construction_construction_horizontal
1001
AI4MANUFACTURING
1000
WRITEBACK_PHASE=01_ATOM_LABEL
1000
ENTITY_ID=line_0077
999
AI4M_ENTITY=line_0079__seg_01;LINE_ROLE=neckline;EDGE=neckline;SOURCE_LAYER=11
0
POLYLINE
8
AI4M_01_ATOM_INTERNAL
66
1
70
0
1001
AI4MANUFACTURING
1000
WRITEBACK_PHASE=01_ATOM
1000
ENTITY_ID=line_0079__seg_01
1000
SOURCE_HANDLE=3C5
1000
LINE_ROLE=neckline
1000
EDGE=neckline
1000
CHAIN=piece_18_bottom_neckline
1000
PIECE_ID=piece_18
1000
SEAM_PAIR=
1000
PAIRED_CHAIN=
1000
NOTCH_CHAIN=
1000
NOTCH_SOURCE=
1000
PIECE_ROLE=back_body
1000
SEAM_ALLOWANCE_MM=
1000
SOURCE_LAYER=11
0
VERTEX
8
AI4M_01_ATOM_INTERNAL
10
4134.350586
20
805.311737
30
0
0
VERTEX
8
AI4M_01_ATOM_INTERNAL
10
4137.044157
20
793.73679
30
0
0
VERTEX
8
AI4M_01_ATOM_INTERNAL
10
4139.050515
20
785.008114
30
0
0
VERTEX
8
AI4M_01_ATOM_INTERNAL
10
4140.746026
20
778.725686
30
0
0
VERTEX
8
AI4M_01_ATOM_INTERNAL
10
4142.605031
20
772.748488
30
0
0
VERTEX
8
AI4M_01_ATOM_INTERNAL
10
4144.628511
20
767.05286
30
0
0
VERTEX
8
AI4M_01_ATOM_INTERNAL
10
4147.317666
20
760.301336
30
0
0
VERTEX
8
AI4M_01_ATOM_INTERNAL
10
4149.322362
20
755.800264
30
0
0
VERTEX
8
AI4M_01_ATOM_INTERNAL
10
4153.653216
20
747.405002
30
0
0
VERTEX
8
AI4M_01_ATOM_INTERNAL
10
4155.90748
20
743.661564
30
0
0
VERTEX
8
AI4M_01_ATOM_INTERNAL
10
4158.627048
20
739.622398
30
0
0
VERTEX
8
AI4M_01_ATOM_INTERNAL
10
4161.224297
20
736.188974
30
0
0
VERTEX
8
AI4M_01_ATOM_INTERNAL
10
4163.946111
20
732.998919
30
0
0
VERTEX
8
AI4M_01_ATOM_INTERNAL
10
4166.687245
20
730.153989
30
0
0
VERTEX
8
AI4M_01_ATOM_INTERNAL
10
4169.57065
20
727.521216
30
0
0
VERTEX
8
AI4M_01_ATOM_INTERNAL
10
4172.420764
20
725.248156
30
0
0
VERTEX
8
AI4M_01_ATOM_INTERNAL
10
4175.268313
20
723.284744
30
0
0
VERTEX
8
AI4M_01_ATOM_INTERNAL
10
4178.115184
20
721.619315
30
0
0
VERTEX
8
AI4M_01_ATOM_INTERNAL
10
4180.960822
20
720.24346
30
0
0
VERTEX
8
AI4M_01_ATOM_INTERNAL
10
4183.893782
20
719.106495
30
0
0
VERTEX
8
AI4M_01_ATOM_INTERNAL
10
4187.0062
20
718.167282
30
0
0
VERTEX
8
AI4M_01_ATOM_INTERNAL
10
4190.228587
20
717.449619
30
0
0
VERTEX
8
AI4M_01_ATOM_INTERNAL
10
4194.119666
20
716.859597
30
0
0
VERTEX
8
AI4M_01_ATOM_INTERNAL
10
4198.377144
20
716.458375
30
0
0
VERTEX
8
AI4M_01_ATOM_INTERNAL
10
4200
20
716.37085
30
0
0
SEQEND
8
AI4M_01_ATOM_INTERNAL
0
TEXT
8
AI4M_01_ATOM_INTERNAL
10
4134.350586
20
805.311737
30
0
40
2.5
1
AI4M_line_0079__seg_01_neckline_neckline
1001
AI4MANUFACTURING
1000
WRITEBACK_PHASE=01_ATOM_LABEL
1000
ENTITY_ID=line_0079__seg_01
999
AI4M_ENTITY=line_0080;LINE_ROLE=construction;EDGE=construction_horizontal;SOURCE_LAYER=11
0
POLYLINE
8
AI4M_01_ATOM_INTERNAL
66
1
70
0
1001
AI4MANUFACTURING
1000
WRITEBACK_PHASE=01_ATOM
1000
ENTITY_ID=line_0080
1000
SOURCE_HANDLE=3E1
1000
LINE_ROLE=construction
1000
EDGE=construction_horizontal
1000
CHAIN=chain_ms07xz91
1000
PIECE_ID=
1000
SEAM_PAIR=
1000
PAIRED_CHAIN=
1000
NOTCH_CHAIN=
1000
NOTCH_SOURCE=
1000
PIECE_ROLE=unknown
1000
SEAM_ALLOWANCE_MM=
1000
SOURCE_LAYER=11
0
VERTEX
8
AI4M_01_ATOM_INTERNAL
10
4153.289252
20
753.500392
30
0
0
VERTEX
8
AI4M_01_ATOM_INTERNAL
10
4148.843855
20
751.211627
30
0
0
SEQEND
8
AI4M_01_ATOM_INTERNAL
0
TEXT
8
AI4M_01_ATOM_INTERNAL
10
4153.289252
20
753.500392
30
0
40
2.5
1
AI4M_line_0080_construction_construction_horizontal
1001
AI4MANUFACTURING
1000
WRITEBACK_PHASE=01_ATOM_LABEL
1000
ENTITY_ID=line_0080
999
AI4M_ENTITY=line_0081;LINE_ROLE=neckline;EDGE=neckline;SOURCE_LAYER=11
0
POLYLINE
8
AI4M_01_ATOM_INTERNAL
66
1
70
0
1001
AI4MANUFACTURING
1000
WRITEBACK_PHASE=01_ATOM
1000
ENTITY_ID=line_0081
1000
SOURCE_HANDLE=3E2
1000
LINE_ROLE=neckline
1000
EDGE=neckline
1000
CHAIN=piece_18_bottom_neckline
1000
PIECE_ID=piece_18
1000
SEAM_PAIR=
1000
PAIRED_CHAIN=
1000
NOTCH_CHAIN=
1000
NOTCH_SOURCE=
1000
PIECE_ROLE=back_body
1000
SEAM_ALLOWANCE_MM=
1000
SOURCE_LAYER=11
0
VERTEX
8
AI4M_01_ATOM_INTERNAL
10
4200.007341
20
718.870836
30
0
0
VERTEX
8
AI4M_01_ATOM_INTERNAL
10
4199.992758
20
713.870858
30
0
0
SEQEND
8
AI4M_01_ATOM_INTERNAL
0
TEXT
8
AI4M_01_ATOM_INTERNAL
10
4200.007341
20
718.870836
30
0
40
2.5
1
AI4M_line_0081_neckline_neckline
1001
AI4MANUFACTURING
1000
WRITEBACK_PHASE=01_ATOM_LABEL
1000
ENTITY_ID=line_0081
999
AI4M_ENTITY=line_0082__seg_01;LINE_ROLE=neckline;EDGE=neckline;SOURCE_LAYER=11
0
POLYLINE
8
AI4M_01_ATOM_INTERNAL
66
1
70
0
1001
AI4MANUFACTURING
1000
WRITEBACK_PHASE=01_ATOM
1000
ENTITY_ID=line_0082__seg_01
1000
SOURCE_HANDLE=3E3
1000
LINE_ROLE=neckline
1000
EDGE=neckline
1000
CHAIN=piece_18_bottom_neckline
1000
PIECE_ID=piece_18
1000
SEAM_PAIR=
1000
PAIRED_CHAIN=
1000
NOTCH_CHAIN=
1000
NOTCH_SOURCE=
1000
PIECE_ROLE=back_body
1000
SEAM_ALLOWANCE_MM=
1000
SOURCE_LAYER=11
0
VERTEX
8
AI4M_01_ATOM_INTERNAL
10
4200
20
716.37085
30
0
0
VERTEX
8
AI4M_01_ATOM_INTERNAL
10
4204.33955
20
716.68579
30
0
0
VERTEX
8
AI4M_01_ATOM_INTERNAL
10
4208.550333
20
717.237446
30
0
0
VERTEX
8
AI4M_01_ATOM_INTERNAL
10
4211.954723
20
717.908763
30
0
0
VERTEX
8
AI4M_01_ATOM_INTERNAL
10
4215.137867
20
718.786822
30
0
0
VERTEX
8
AI4M_01_ATOM_INTERNAL
10
4218.112983
20
719.855297
30
0
0
VERTEX
8
AI4M_01_ATOM_INTERNAL
10
4220.90682
20
721.114643
30
0
0
VERTEX
8
AI4M_01_ATOM_INTERNAL
10
4223.665348
20
722.626384
30
0
0
VERTEX
8
AI4M_01_ATOM_INTERNAL
10
4226.508796
20
724.474716
30
0
0
VERTEX
8
AI4M_01_ATOM_INTERNAL
10
4229.327328
20
726.60492
30
0
0
VERTEX
8
AI4M_01_ATOM_INTERNAL
10
4232.152425
20
729.052214
30
0
0
VERTEX
8
AI4M_01_ATOM_INTERNAL
10
4234.946567
20
731.807374
30
0
0
VERTEX
8
AI4M_01_ATOM_INTERNAL
10
4237.646192
20
734.818122
30
0
0
VERTEX
8
AI4M_01_ATOM_INTERNAL
10
4240.252373
20
738.090571
30
0
0
VERTEX
8
AI4M_01_ATOM_INTERNAL
10
4242.836325
20
741.740071
30
0
0
VERTEX
8
AI4M_01_ATOM_INTERNAL
10
4245.443121
20
745.847156
30
0
0
VERTEX
8
AI4M_01_ATOM_INTERNAL
10
4247.407222
20
749.367423
30
0
0
VERTEX
8
AI4M_01_ATOM_INTERNAL
10
4251.259685
20
757.043544
30
0
0
VERTEX
8
AI4M_01_ATOM_INTERNAL
10
4253.454265
20
762.173358
30
0
0
VERTEX
8
AI4M_01_ATOM_INTERNAL
10
4255.949185
20
768.607258
30
0
0
VERTEX
8
AI4M_01_ATOM_INTERNAL
10
4257.913756
20
774.336392
30
0
0
VERTEX
8
AI4M_01_ATOM_INTERNAL
10
4259.754544
20
780.484557
30
0
0
VERTEX
8
AI4M_01_ATOM_INTERNAL
10
4261.368591
20
786.723859
30
0
0
VERTEX
8
AI4M_01_ATOM_INTERNAL
10
4264.701993
20
801.377707
30
0
0
VERTEX
8
AI4M_01_ATOM_INTERNAL
10
4265.649414
20
805.311737
30
0
0
SEQEND
8
AI4M_01_ATOM_INTERNAL
0
TEXT
8
AI4M_01_ATOM_INTERNAL
10
4200
20
716.37085
30
0
40
2.5
1
AI4M_line_0082__seg_01_neckline_neckline
1001
AI4MANUFACTURING
1000
WRITEBACK_PHASE=01_ATOM_LABEL
1000
ENTITY_ID=line_0082__seg_01
999
AI4M_ENTITY=line_0083;LINE_ROLE=construction;EDGE=construction_horizontal;SOURCE_LAYER=11
0
POLYLINE
8
AI4M_01_ATOM_INTERNAL
66
1
70
0
1001
AI4MANUFACTURING
1000
WRITEBACK_PHASE=01_ATOM
1000
ENTITY_ID=line_0083
1000
SOURCE_HANDLE=3FF
1000
LINE_ROLE=construction
1000
EDGE=construction_horizontal
1000
CHAIN=chain_ms07xz91
1000
PIECE_ID=
1000
SEAM_PAIR=
1000
PAIRED_CHAIN=
1000
NOTCH_CHAIN=
1000
NOTCH_SOURCE=
1000
PIECE_ROLE=unknown
1000
SEAM_ALLOWANCE_MM=
1000
SOURCE_LAYER=11
0
VERTEX
8
AI4M_01_ATOM_INTERNAL
10
4246.710672
20
753.500245
30
0
0
VERTEX
8
AI4M_01_ATOM_INTERNAL
10
4251.156072
20
751.211485
30
0
0
SEQEND
8
AI4M_01_ATOM_INTERNAL
0
TEXT
8
AI4M_01_ATOM_INTERNAL
10
4246.710672
20
753.500245
30
0
40
2.5
1
AI4M_line_0083_construction_construction_horizontal
1001
AI4MANUFACTURING
1000
WRITEBACK_PHASE=01_ATOM_LABEL
1000
ENTITY_ID=line_0083
999
AI4M_ENTITY=line_0085__seg_01;LINE_ROLE=armhole_back;EDGE=armhole_back;SOURCE_LAYER=11
0
POLYLINE
8
AI4M_01_ATOM_INTERNAL
66
1
70
0
1001
AI4MANUFACTURING
1000
WRITEBACK_PHASE=01_ATOM
1000
ENTITY_ID=line_0085__seg_01
1000
SOURCE_HANDLE=40F
1000
LINE_ROLE=armhole_back
1000
EDGE=armhole_back
1000
CHAIN=piece_18_right_armhole_back
1000
PIECE_ID=piece_18
1000
SEAM_PAIR=
1000
PAIRED_CHAIN=
1000
NOTCH_CHAIN=
1000
NOTCH_SOURCE=
1000
PIECE_ROLE=back_body
1000
SEAM_ALLOWANCE_MM=
1000
SOURCE_LAYER=11
0
VERTEX
8
AI4M_01_ATOM_INTERNAL
10
4412.789001
20
756.089859
30
0
0
VERTEX
8
AI4M_01_ATOM_INTERNAL
10
4409.108824
20
741.397018
30
0
0
VERTEX
8
AI4M_01_ATOM_INTERNAL
10
4406.145017
20
729.498228
30
0
0
VERTEX
8
AI4M_01_ATOM_INTERNAL
10
4403.839787
20
719.193995
30
0
0
VERTEX
8
AI4M_01_ATOM_INTERNAL
10
4401.751577
20
708.800575
30
0
0
VERTEX
8
AI4M_01_ATOM_INTERNAL
10
4400.170484
20
699.764791
30
0
0
VERTEX
8
AI4M_01_ATOM_INTERNAL
10
4398.851703
20
690.825544
30
0
0
VERTEX
8
AI4M_01_ATOM_INTERNAL
10
4397.782679
20
681.920197
30
0
0
VERTEX
8
AI4M_01_ATOM_INTERNAL
10
4396.997218
20
673.42889
30
0
0
VERTEX
8
AI4M_01_ATOM_INTERNAL
10
4396.52136
20
665.692294
30
0
0
VERTEX
8
AI4M_01_ATOM_INTERNAL
10
4396.263287
20
657.445725
30
0
0
VERTEX
8
AI4M_01_ATOM_INTERNAL
10
4396.317229
20
652.67778
30
0
0
VERTEX
8
AI4M_01_ATOM_INTERNAL
10
4396.867921
20
642.797952
30
0
0
VERTEX
8
AI4M_01_ATOM_INTERNAL
10
4397.31721
20
638.73412
30
0
0
VERTEX
8
AI4M_01_ATOM_INTERNAL
10
4398.89692
20
629.664679
30
0
0
VERTEX
8
AI4M_01_ATOM_INTERNAL
10
4399.927964
20
625.358243
30
0
0
VERTEX
8
AI4M_01_ATOM_INTERNAL
10
4401.351566
20
620.525431
30
0
0
VERTEX
8
AI4M_01_ATOM_INTERNAL
10
4402.896676
20
616.131614
30
0
0
VERTEX
8
AI4M_01_ATOM_INTERNAL
10
4404.594545
20
612.041692
30
0
0
VERTEX
8
AI4M_01_ATOM_INTERNAL
10
4406.504589
20
608.08648
30
0
0
VERTEX
8
AI4M_01_ATOM_INTERNAL
10
4408.614405
20
604.253251
30
0
0
VERTEX
8
AI4M_01_ATOM_INTERNAL
10
4410.402733
20
601.466212
30
0
0
VERTEX
8
AI4M_01_ATOM_INTERNAL
10
4414.201349
20
596.266557
30
0
0
VERTEX
8
AI4M_01_ATOM_INTERNAL
10
4416.482489
20
593.696121
30
0
0
VERTEX
8
AI4M_01_ATOM_INTERNAL
10
4419.372795
20
590.805755
30
0
0
VERTEX
8
AI4M_01_ATOM_INTERNAL
10
4422.099739
20
588.421399
30
0
0
VERTEX
8
AI4M_01_ATOM_INTERNAL
10
4425.189173
20
586.057089
30
0
0
VERTEX
8
AI4M_01_ATOM_INTERNAL
10
4428.442638
20
583.883467
30
0
0
VERTEX
8
AI4M_01_ATOM_INTERNAL
10
4431.782324
20
581.946416
30
0
0
VERTEX
8
AI4M_01_ATOM_INTERNAL
10
4435.310982
20
580.182437
30
0
0
VERTEX
8
AI4M_01_ATOM_INTERNAL
10
4439.042735
20
578.596371
30
0
0
VERTEX
8
AI4M_01_ATOM_INTERNAL
10
4442.874425
20
577.234556
30
0
0
VERTEX
8
AI4M_01_ATOM_INTERNAL
10
4447.125971
20
575.996444
30
0
0
VERTEX
8
AI4M_01_ATOM_INTERNAL
10
4452.109737
20
574.816706
30
0
0
VERTEX
8
AI4M_01_ATOM_INTERNAL
10
4458.647681
20
573.56615
30
0
0
VERTEX
8
AI4M_01_ATOM_INTERNAL
10
4466.489258
20
572.048874
30
0
0
SEQEND
8
AI4M_01_ATOM_INTERNAL
0
TEXT
8
AI4M_01_ATOM_INTERNAL
10
4412.789001
20
756.089859
30
0
40
2.5
1
AI4M_line_0085__seg_01_armhole_back_armhole_back
1001
AI4MANUFACTURING
1000
WRITEBACK_PHASE=01_ATOM_LABEL
1000
ENTITY_ID=line_0085__seg_01
999
AI4M_ENTITY=line_0086;LINE_ROLE=construction;EDGE=construction_horizontal;SOURCE_LAYER=11
0
POLYLINE
8
AI4M_01_ATOM_INTERNAL
66
1
70
0
1001
AI4MANUFACTURING
1000
WRITEBACK_PHASE=01_ATOM
1000
ENTITY_ID=line_0086
1000
SOURCE_HANDLE=436
1000
LINE_ROLE=construction
1000
EDGE=construction_horizontal
1000
CHAIN=chain_ms07xz91
1000
PIECE_ID=
1000
SEAM_PAIR=
1000
PAIRED_CHAIN=
1000
NOTCH_CHAIN=
1000
NOTCH_SOURCE=
1000
PIECE_ROLE=unknown
1000
SEAM_ALLOWANCE_MM=
1000
SOURCE_LAYER=11
0
VERTEX
8
AI4M_01_ATOM_INTERNAL
10
4398.887758
20
651.307134
30
0
0
VERTEX
8
AI4M_01_ATOM_INTERNAL
10
4393.894518
20
651.047224
30
0
0
SEQEND
8
AI4M_01_ATOM_INTERNAL
0
TEXT
8
AI4M_01_ATOM_INTERNAL
10
4398.887758
20
651.307134
30
0
40
2.5
1
AI4M_line_0086_construction_construction_horizontal
1001
AI4MANUFACTURING
1000
WRITEBACK_PHASE=01_ATOM_LABEL
1000
ENTITY_ID=line_0086
999
AI4M_ENTITY=line_0087;LINE_ROLE=construction;EDGE=construction_horizontal;SOURCE_LAYER=11
0
POLYLINE
8
AI4M_01_ATOM_INTERNAL
66
1
70
0
1001
AI4MANUFACTURING
1000
WRITEBACK_PHASE=01_ATOM
1000
ENTITY_ID=line_0087
1000
SOURCE_HANDLE=437
1000
LINE_ROLE=construction
1000
EDGE=construction_horizontal
1000
CHAIN=chain_ms07xz91
1000
PIECE_ID=
1000
SEAM_PAIR=
1000
PAIRED_CHAIN=
1000
NOTCH_CHAIN=
1000
NOTCH_SOURCE=
1000
PIECE_ROLE=unknown
1000
SEAM_ALLOWANCE_MM=
1000
SOURCE_LAYER=11
0
VERTEX
8
AI4M_01_ATOM_INTERNAL
10
4414.295853
20
600.318498
30
0
0
VERTEX
8
AI4M_01_ATOM_INTERNAL
10
4410.218367
20
597.424692
30
0
0
SEQEND
8
AI4M_01_ATOM_INTERNAL
0
TEXT
8
AI4M_01_ATOM_INTERNAL
10
4414.295853
20
600.318498
30
0
40
2.5
1
AI4M_line_0087_construction_construction_horizontal
1001
AI4MANUFACTURING
1000
WRITEBACK_PHASE=01_ATOM_LABEL
1000
ENTITY_ID=line_0087
999
AI4M_ENTITY=line_0088__seg_01;LINE_ROLE=side_seam;EDGE=side_seam;SOURCE_LAYER=11
0
POLYLINE
8
AI4M_01_ATOM_INTERNAL
66
1
70
0
1001
AI4MANUFACTURING
1000
WRITEBACK_PHASE=01_ATOM
1000
ENTITY_ID=line_0088__seg_01
1000
SOURCE_HANDLE=438
1000
LINE_ROLE=side_seam
1000
EDGE=side_seam
1000
CHAIN=piece_18_right_side_seam
1000
PIECE_ID=piece_18
1000
SEAM_PAIR=
1000
PAIRED_CHAIN=
1000
NOTCH_CHAIN=
1000
NOTCH_SOURCE=
1000
PIECE_ROLE=back_body
1000
SEAM_ALLOWANCE_MM=
1000
SOURCE_LAYER=11
0
VERTEX
8
AI4M_01_ATOM_INTERNAL
10
4466.489258
20
572.048874
30
0
0
VERTEX
8
AI4M_01_ATOM_INTERNAL
10
4466.489258
20
461.767235
30
0
0
VERTEX
8
AI4M_01_ATOM_INTERNAL
10
4466.489258
20
251.47295
30
0
0
VERTEX
8
AI4M_01_ATOM_INTERNAL
10
4466.489258
20
103.306923
30
0
0
SEQEND
8
AI4M_01_ATOM_INTERNAL
0
TEXT
8
AI4M_01_ATOM_INTERNAL
10
4466.489258
20
572.048874
30
0
40
2.5
1
AI4M_line_0088__seg_01_side_seam_side_seam
1001
AI4MANUFACTURING
1000
WRITEBACK_PHASE=01_ATOM_LABEL
1000
ENTITY_ID=line_0088__seg_01
999
AI4M_ENTITY=line_0089;LINE_ROLE=construction;EDGE=construction_horizontal;SOURCE_LAYER=11
0
POLYLINE
8
AI4M_01_ATOM_INTERNAL
66
1
70
0
1001
AI4MANUFACTURING
1000
WRITEBACK_PHASE=01_ATOM
1000
ENTITY_ID=line_0089
1000
SOURCE_HANDLE=43F
1000
LINE_ROLE=construction
1000
EDGE=construction_horizontal
1000
CHAIN=chain_ms07xz91
1000
PIECE_ID=
1000
SEAM_PAIR=
1000
PAIRED_CHAIN=
1000
NOTCH_CHAIN=
1000
NOTCH_SOURCE=
1000
PIECE_ROLE=unknown
1000
SEAM_ALLOWANCE_MM=
1000
SOURCE_LAYER=11
0
VERTEX
8
AI4M_01_ATOM_INTERNAL
10
4468.989258
20
461.767225
30
0
0
VERTEX
8
AI4M_01_ATOM_INTERNAL
10
4463.989258
20
461.767226
30
0
0
SEQEND
8
AI4M_01_ATOM_INTERNAL
0
TEXT
8
AI4M_01_ATOM_INTERNAL
10
4468.989258
20
461.767225
30
0
40
2.5
1
AI4M_line_0089_construction_construction_horizontal
1001
AI4MANUFACTURING
1000
WRITEBACK_PHASE=01_ATOM_LABEL
1000
ENTITY_ID=line_0089
999
AI4M_ENTITY=line_0090;LINE_ROLE=construction;EDGE=construction_horizontal;SOURCE_LAYER=11
0
POLYLINE
8
AI4M_01_ATOM_INTERNAL
66
1
70
0
1001
AI4MANUFACTURING
1000
WRITEBACK_PHASE=01_ATOM
1000
ENTITY_ID=line_0090
1000
SOURCE_HANDLE=440
1000
LINE_ROLE=construction
1000
EDGE=construction_horizontal
1000
CHAIN=chain_ms07xz91
1000
PIECE_ID=
1000
SEAM_PAIR=
1000
PAIRED_CHAIN=
1000
NOTCH_CHAIN=
1000
NOTCH_SOURCE=
1000
PIECE_ROLE=unknown
1000
SEAM_ALLOWANCE_MM=
1000
SOURCE_LAYER=11
0
VERTEX
8
AI4M_01_ATOM_INTERNAL
10
4468.989258
20
251.472931
30
0
0
VERTEX
8
AI4M_01_ATOM_INTERNAL
10
4463.989258
20
251.472931
30
0
0
SEQEND
8
AI4M_01_ATOM_INTERNAL
0
TEXT
8
AI4M_01_ATOM_INTERNAL
10
4468.989258
20
251.472931
30
0
40
2.5
1
AI4M_line_0090_construction_construction_horizontal
1001
AI4MANUFACTURING
1000
WRITEBACK_PHASE=01_ATOM_LABEL
1000
ENTITY_ID=line_0090
999
AI4M_ENTITY=line_0091;LINE_ROLE=construction;EDGE=construction_vertical;SOURCE_LAYER=11
0
POLYLINE
8
AI4M_01_ATOM_INTERNAL
66
1
70
0
1001
AI4MANUFACTURING
1000
WRITEBACK_PHASE=01_ATOM
1000
ENTITY_ID=line_0091
1000
SOURCE_HANDLE=441
1000
LINE_ROLE=construction
1000
EDGE=construction_vertical
1000
CHAIN=piece_18_right_construction_vertical
1000
PIECE_ID=piece_18
1000
SEAM_PAIR=
1000
PAIRED_CHAIN=
1000
NOTCH_CHAIN=
1000
NOTCH_SOURCE=
1000
PIECE_ROLE=back_body
1000
SEAM_ALLOWANCE_MM=
1000
SOURCE_LAYER=11
0
VERTEX
8
AI4M_01_ATOM_INTERNAL
10
4466.489258
20
103.306923
30
0
0
VERTEX
8
AI4M_01_ATOM_INTERNAL
10
4468.117371
20
81.402931
30
0
0
SEQEND
8
AI4M_01_ATOM_INTERNAL
0
TEXT
8
AI4M_01_ATOM_INTERNAL
10
4466.489258
20
103.306923
30
0
40
2.5
1
AI4M_line_0091_construction_construction_vertical
1001
AI4MANUFACTURING
1000
WRITEBACK_PHASE=01_ATOM_LABEL
1000
ENTITY_ID=line_0091
999
AI4M_ENTITY=line_0092__seg_01;LINE_ROLE=hem_line;EDGE=hem_line;SOURCE_LAYER=11
0
POLYLINE
8
AI4M_01_ATOM_INTERNAL
66
1
70
0
1001
AI4MANUFACTURING
1000
WRITEBACK_PHASE=01_ATOM
1000
ENTITY_ID=line_0092__seg_01
1000
SOURCE_HANDLE=446
1000
LINE_ROLE=hem_line
1000
EDGE=hem_line
1000
CHAIN=piece_18_top_hem
1000
PIECE_ID=piece_18
1000
SEAM_PAIR=
1000
PAIRED_CHAIN=
1000
NOTCH_CHAIN=
1000
NOTCH_SOURCE=
1000
PIECE_ROLE=back_body
1000
SEAM_ALLOWANCE_MM=
1000
SOURCE_LAYER=11
0
VERTEX
8
AI4M_01_ATOM_INTERNAL
10
4468.117371
20
81.402931
30
0
0
VERTEX
8
AI4M_01_ATOM_INTERNAL
10
4452.549626
20
80.710304
30
0
0
VERTEX
8
AI4M_01_ATOM_INTERNAL
10
4437.028954
20
80.039741
30
0
0
VERTEX
8
AI4M_01_ATOM_INTERNAL
10
4421.594067
20
79.39225
30
0
0
VERTEX
8
AI4M_01_ATOM_INTERNAL
10
4405.7947
20
78.752837
30
0
0
VERTEX
8
AI4M_01_ATOM_INTERNAL
10
4390.127858
20
78.148363
30
0
0
VERTEX
8
AI4M_01_ATOM_INTERNAL
10
4374.84672
20
77.593766
30
0
0
VERTEX
8
AI4M_01_ATOM_INTERNAL
10
4359.564148
20
77.079492
30
0
0
VERTEX
8
AI4M_01_ATOM_INTERNAL
10
4343.783614
20
76.596906
30
0
0
VERTEX
8
AI4M_01_ATOM_INTERNAL
10
4328.497935
20
76.181578
30
0
0
VERTEX
8
AI4M_01_ATOM_INTERNAL
10
4313.210892
20
75.821872
30
0
0
VERTEX
8
AI4M_01_ATOM_INTERNAL
10
4297.538712
20
75.514682
30
0
0
VERTEX
8
AI4M_01_ATOM_INTERNAL
10
4282.249477
20
75.271368
30
0
0
VERTEX
8
AI4M_01_ATOM_INTERNAL
10
4266.959511
20
75.07537
30
0
0
VERTEX
8
AI4M_01_ATOM_INTERNAL
10
4251.885979
20
74.921198
30
0
0
VERTEX
8
AI4M_01_ATOM_INTERNAL
10
4236.595168
20
74.803611
30
0
0
VERTEX
8
AI4M_01_ATOM_INTERNAL
10
4221.304125
20
74.727267
30
0
0
VERTEX
8
AI4M_01_ATOM_INTERNAL
10
4205.788084
20
74.692648
30
0
0
VERTEX
8
AI4M_01_ATOM_INTERNAL
10
4200
20
74.688234
30
0
0
SEQEND
8
AI4M_01_ATOM_INTERNAL
0
TEXT
8
AI4M_01_ATOM_INTERNAL
10
4468.117371
20
81.402931
30
0
40
2.5
1
AI4M_line_0092__seg_01_hem_line_hem_line
1001
AI4MANUFACTURING
1000
WRITEBACK_PHASE=01_ATOM_LABEL
1000
ENTITY_ID=line_0092__seg_01
999
AI4M_ENTITY=line_0093__seg_01;LINE_ROLE=hem_line;EDGE=hem_line;SOURCE_LAYER=11
0
POLYLINE
8
AI4M_01_ATOM_INTERNAL
66
1
70
0
1001
AI4MANUFACTURING
1000
WRITEBACK_PHASE=01_ATOM
1000
ENTITY_ID=line_0093__seg_01
1000
SOURCE_HANDLE=45C
1000
LINE_ROLE=hem_line
1000
EDGE=hem_line
1000
CHAIN=piece_18_top_hem
1000
PIECE_ID=piece_18
1000
SEAM_PAIR=
1000
PAIRED_CHAIN=
1000
NOTCH_CHAIN=
1000
NOTCH_SOURCE=
1000
PIECE_ROLE=back_body
1000
SEAM_ALLOWANCE_MM=
1000
SOURCE_LAYER=11
0
VERTEX
8
AI4M_01_ATOM_INTERNAL
10
4200
20
74.688234
30
0
0
VERTEX
8
AI4M_01_ATOM_INTERNAL
10
4183.550831
20
74.712008
30
0
0
VERTEX
8
AI4M_01_ATOM_INTERNAL
10
4168.259733
20
74.774799
30
0
0
VERTEX
8
AI4M_01_ATOM_INTERNAL
10
4152.96882
20
74.879528
30
0
0
VERTEX
8
AI4M_01_ATOM_INTERNAL
10
4137.678199
20
75.024009
30
0
0
VERTEX
8
AI4M_01_ATOM_INTERNAL
10
4122.361972
20
75.207651
30
0
0
VERTEX
8
AI4M_01_ATOM_INTERNAL
10
4107.072428
20
75.435815
30
0
0
VERTEX
8
AI4M_01_ATOM_INTERNAL
10
4092.000687
20
75.712722
30
0
0
VERTEX
8
AI4M_01_ATOM_INTERNAL
10
4076.713248
20
76.052486
30
0
0
VERTEX
8
AI4M_01_ATOM_INTERNAL
10
4061.42715
20
76.449335
30
0
0
VERTEX
8
AI4M_01_ATOM_INTERNAL
10
4045.758731
20
76.910908
30
0
0
VERTEX
8
AI4M_01_ATOM_INTERNAL
10
4030.475678
20
77.409785
30
0
0
VERTEX
8
AI4M_01_ATOM_INTERNAL
10
4015.194071
20
77.950993
30
0
0
VERTEX
8
AI4M_01_ATOM_INTERNAL
10
3999.913799
20
78.528771
30
0
0
VERTEX
8
AI4M_01_ATOM_INTERNAL
10
3984.239394
20
79.153145
30
0
0
VERTEX
8
AI4M_01_ATOM_INTERNAL
10
3969.005429
20
79.784179
30
0
0
VERTEX
8
AI4M_01_ATOM_INTERNAL
10
3954.102718
20
80.420604
30
0
0
VERTEX
8
AI4M_01_ATOM_INTERNAL
10
3939.24247
20
81.072588
30
0
0
VERTEX
8
AI4M_01_ATOM_INTERNAL
10
3931.882629
20
81.402931
30
0
0
SEQEND
8
AI4M_01_ATOM_INTERNAL
0
TEXT
8
AI4M_01_ATOM_INTERNAL
10
4200
20
74.688234
30
0
40
2.5
1
AI4M_line_0093__seg_01_hem_line_hem_line
1001
AI4MANUFACTURING
1000
WRITEBACK_PHASE=01_ATOM_LABEL
1000
ENTITY_ID=line_0093__seg_01
999
AI4M_ENTITY=line_0094__seg_01;LINE_ROLE=side_seam;EDGE=side_seam;SOURCE_LAYER=11
0
POLYLINE
8
AI4M_01_ATOM_INTERNAL
66
1
70
0
1001
AI4MANUFACTURING
1000
WRITEBACK_PHASE=01_ATOM
1000
ENTITY_ID=line_0094__seg_01
1000
SOURCE_HANDLE=472
1000
LINE_ROLE=side_seam
1000
EDGE=side_seam
1000
CHAIN=piece_18_left_side_seam
1000
PIECE_ID=piece_18
1000
SEAM_PAIR=
1000
PAIRED_CHAIN=
1000
NOTCH_CHAIN=
1000
NOTCH_SOURCE=
1000
PIECE_ROLE=back_body
1000
SEAM_ALLOWANCE_MM=
1000
SOURCE_LAYER=11
0
VERTEX
8
AI4M_01_ATOM_INTERNAL
10
3942.510681
20
102.972927
30
0
0
VERTEX
8
AI4M_01_ATOM_INTERNAL
10
3942.510681
20
251.47295
30
0
0
VERTEX
8
AI4M_01_ATOM_INTERNAL
10
3942.510681
20
461.767235
30
0
0
VERTEX
8
AI4M_01_ATOM_INTERNAL
10
3942.510681
20
566.70723
30
0
0
SEQEND
8
AI4M_01_ATOM_INTERNAL
0
TEXT
8
AI4M_01_ATOM_INTERNAL
10
3942.510681
20
102.972927
30
0
40
2.5
1
AI4M_line_0094__seg_01_side_seam_side_seam
1001
AI4MANUFACTURING
1000
WRITEBACK_PHASE=01_ATOM_LABEL
1000
ENTITY_ID=line_0094__seg_01
999
AI4M_ENTITY=line_0095;LINE_ROLE=construction;EDGE=construction_horizontal;SOURCE_LAYER=11
0
POLYLINE
8
AI4M_01_ATOM_INTERNAL
66
1
70
0
1001
AI4MANUFACTURING
1000
WRITEBACK_PHASE=01_ATOM
1000
ENTITY_ID=line_0095
1000
SOURCE_HANDLE=479
1000
LINE_ROLE=construction
1000
EDGE=construction_horizontal
1000
CHAIN=chain_ms07xz91
1000
PIECE_ID=
1000
SEAM_PAIR=
1000
PAIRED_CHAIN=
1000
NOTCH_CHAIN=
1000
NOTCH_SOURCE=
1000
PIECE_ROLE=unknown
1000
SEAM_ALLOWANCE_MM=
1000
SOURCE_LAYER=11
0
VERTEX
8
AI4M_01_ATOM_INTERNAL
10
3940.010681
20
251.47294
30
0
0
VERTEX
8
AI4M_01_ATOM_INTERNAL
10
3945.010681
20
251.472941
30
0
0
SEQEND
8
AI4M_01_ATOM_INTERNAL
0
TEXT
8
AI4M_01_ATOM_INTERNAL
10
3940.010681
20
251.47294
30
0
40
2.5
1
AI4M_line_0095_construction_construction_horizontal
1001
AI4MANUFACTURING
1000
WRITEBACK_PHASE=01_ATOM_LABEL
1000
ENTITY_ID=line_0095
999
AI4M_ENTITY=line_0096;LINE_ROLE=construction;EDGE=construction_horizontal;SOURCE_LAYER=11
0
POLYLINE
8
AI4M_01_ATOM_INTERNAL
66
1
70
0
1001
AI4MANUFACTURING
1000
WRITEBACK_PHASE=01_ATOM
1000
ENTITY_ID=line_0096
1000
SOURCE_HANDLE=47A
1000
LINE_ROLE=construction
1000
EDGE=construction_horizontal
1000
CHAIN=chain_ms07xz91
1000
PIECE_ID=
1000
SEAM_PAIR=
1000
PAIRED_CHAIN=
1000
NOTCH_CHAIN=
1000
NOTCH_SOURCE=
1000
PIECE_ROLE=unknown
1000
SEAM_ALLOWANCE_MM=
1000
SOURCE_LAYER=11
0
VERTEX
8
AI4M_01_ATOM_INTERNAL
10
3940.010681
20
461.767254
30
0
0
VERTEX
8
AI4M_01_ATOM_INTERNAL
10
3945.010681
20
461.767254
30
0
0
SEQEND
8
AI4M_01_ATOM_INTERNAL
0
TEXT
8
AI4M_01_ATOM_INTERNAL
10
3940.010681
20
461.767254
30
0
40
2.5
1
AI4M_line_0096_construction_construction_horizontal
1001
AI4MANUFACTURING
1000
WRITEBACK_PHASE=01_ATOM_LABEL
1000
ENTITY_ID=line_0096
999
AI4M_ENTITY=line_0097__seg_01;LINE_ROLE=armhole_back;EDGE=armhole_back;SOURCE_LAYER=11
0
POLYLINE
8
AI4M_01_ATOM_INTERNAL
66
1
70
0
1001
AI4MANUFACTURING
1000
WRITEBACK_PHASE=01_ATOM
1000
ENTITY_ID=line_0097__seg_01
1000
SOURCE_HANDLE=47B
1000
LINE_ROLE=armhole_back
1000
EDGE=armhole_back
1000
CHAIN=piece_18_left_armhole_back
1000
PIECE_ID=piece_18
1000
SEAM_PAIR=
1000
PAIRED_CHAIN=
1000
NOTCH_CHAIN=
1000
NOTCH_SOURCE=
1000
PIECE_ROLE=back_body
1000
SEAM_ALLOWANCE_MM=
1000
SOURCE_LAYER=11
0
VERTEX
8
AI4M_01_ATOM_INTERNAL
10
3942.510681
20
566.70723
30
0
0
VERTEX
8
AI4M_01_ATOM_INTERNAL
10
3948.589839
20
567.802855
30
0
0
VERTEX
8
AI4M_01_ATOM_INTERNAL
10
3953.816929
20
569.011589
30
0
0
VERTEX
8
AI4M_01_ATOM_INTERNAL
10
3958.469101
20
570.318146
30
0
0
VERTEX
8
AI4M_01_ATOM_INTERNAL
10
3962.588299
20
571.725976
30
0
0
VERTEX
8
AI4M_01_ATOM_INTERNAL
10
3966.565982
20
573.348992
30
0
0
VERTEX
8
AI4M_01_ATOM_INTERNAL
10
3970.341158
20
575.153425
30
0
0
VERTEX
8
AI4M_01_ATOM_INTERNAL
10
3974.040438
20
577.201263
30
0
0
VERTEX
8
AI4M_01_ATOM_INTERNAL
10
3977.504203
20
579.402058
30
0
0
VERTEX
8
AI4M_01_ATOM_INTERNAL
10
3980.804647
20
581.79054
30
0
0
VERTEX
8
AI4M_01_ATOM_INTERNAL
10
3983.886703
20
584.319604
30
0
0
VERTEX
8
AI4M_01_ATOM_INTERNAL
10
3986.780279
20
587.007575
30
0
0
VERTEX
8
AI4M_01_ATOM_INTERNAL
10
3989.460365
20
589.825302
30
0
0
VERTEX
8
AI4M_01_ATOM_INTERNAL
10
3992.025791
20
592.877171
30
0
0
VERTEX
8
AI4M_01_ATOM_INTERNAL
10
3994.471441
20
596.166096
30
0
0
VERTEX
8
AI4M_01_ATOM_INTERNAL
10
3996.82052
20
599.743855
30
0
0
VERTEX
8
AI4M_01_ATOM_INTERNAL
10
3999.041465
20
603.591204
30
0
0
VERTEX
8
AI4M_01_ATOM_INTERNAL
10
4001.058199
20
607.58018
30
0
0
VERTEX
8
AI4M_01_ATOM_INTERNAL
10
4002.90272
20
611.770773
30
0
0
VERTEX
8
AI4M_01_ATOM_INTERNAL
10
4004.564744
20
616.152116
30
0
0
VERTEX
8
AI4M_01_ATOM_INTERNAL
10
4006.047048
20
620.751236
30
0
0
VERTEX
8
AI4M_01_ATOM_INTERNAL
10
4007.353945
20
625.624135
30
0
0
VERTEX
8
AI4M_01_ATOM_INTERNAL
10
4008.448957
20
630.672761
30
0
0
VERTEX
8
AI4M_01_ATOM_INTERNAL
10
4009.324914
20
635.867341
30
0
0
VERTEX
8
AI4M_01_ATOM_INTERNAL
10
4009.994034
20
641.317461
30
0
0
VERTEX
8
AI4M_01_ATOM_INTERNAL
10
4010.449988
20
647.063437
30
0
0
VERTEX
8
AI4M_01_ATOM_INTERNAL
10
4010.685328
20
653.186329
30
0
0
VERTEX
8
AI4M_01_ATOM_INTERNAL
10
4010.685521
20
659.830117
30
0
0
VERTEX
8
AI4M_01_ATOM_INTERNAL
10
4010.428183
20
667.06253
30
0
0
VERTEX
8
AI4M_01_ATOM_INTERNAL
10
4009.874939
20
675.270596
30
0
0
VERTEX
8
AI4M_01_ATOM_INTERNAL
10
4009.035319
20
683.984341
30
0
0
VERTEX
8
AI4M_01_ATOM_INTERNAL
10
4007.921075
20
692.974952
30
0
0
VERTEX
8
AI4M_01_ATOM_INTERNAL
10
4006.546747
20
702.062346
30
0
0
VERTEX
8
AI4M_01_ATOM_INTERNAL
10
4004.890857
20
711.347546
30
0
0
VERTEX
8
AI4M_01_ATOM_INTERNAL
10
4002.769206
20
721.754973
30
0
0
VERTEX
8
AI4M_01_ATOM_INTERNAL
10
4000.311205
20
732.592549
30
0
0
VERTEX
8
AI4M_01_ATOM_INTERNAL
10
3997.16858
20
745.197132
30
0
0
VERTEX
8
AI4M_01_ATOM_INTERNAL
10
3995.568237
20
751.293488
30
0
0
SEQEND
8
AI4M_01_ATOM_INTERNAL
0
TEXT
8
AI4M_01_ATOM_INTERNAL
10
3942.510681
20
566.70723
30
0
40
2.5
1
AI4M_line_0097__seg_01_armhole_back_armhole_back
1001
AI4MANUFACTURING
1000
WRITEBACK_PHASE=01_ATOM_LABEL
1000
ENTITY_ID=line_0097__seg_01
999
AI4M_ENTITY=line_0098;LINE_ROLE=construction;EDGE=construction_horizontal;SOURCE_LAYER=11
0
POLYLINE
8
AI4M_01_ATOM_INTERNAL
66
1
70
0
1001
AI4MANUFACTURING
1000
WRITEBACK_PHASE=01_ATOM
1000
ENTITY_ID=line_0098
1000
SOURCE_HANDLE=4A4
1000
LINE_ROLE=construction
1000
EDGE=construction_horizontal
1000
CHAIN=chain_ms07xz91
1000
PIECE_ID=
1000
SEAM_PAIR=
1000
PAIRED_CHAIN=
1000
NOTCH_CHAIN=
1000
NOTCH_SOURCE=
1000
PIECE_ROLE=unknown
1000
SEAM_ALLOWANCE_MM=
1000
SOURCE_LAYER=11
0
VERTEX
8
AI4M_01_ATOM_INTERNAL
10
3991.47291
20
596.27443
30
0
0
VERTEX
8
AI4M_01_ATOM_INTERNAL
10
3995.501006
20
593.31226
30
0
0
SEQEND
8
AI4M_01_ATOM_INTERNAL
0
TEXT
8
AI4M_01_ATOM_INTERNAL
10
3991.47291
20
596.27443
30
0
40
2.5
1
AI4M_line_0098_construction_construction_horizontal
1001
AI4MANUFACTURING
1000
WRITEBACK_PHASE=01_ATOM_LABEL
1000
ENTITY_ID=line_0098
999
AI4M_ENTITY=line_0099;LINE_ROLE=construction;EDGE=construction_horizontal;SOURCE_LAYER=11
0
POLYLINE
8
AI4M_01_ATOM_INTERNAL
66
1
70
0
1001
AI4MANUFACTURING
1000
WRITEBACK_PHASE=01_ATOM
1000
ENTITY_ID=line_0099
1000
SOURCE_HANDLE=4A5
1000
LINE_ROLE=construction
1000
EDGE=construction_horizontal
1000
CHAIN=chain_ms07xz91
1000
PIECE_ID=
1000
SEAM_PAIR=
1000
PAIRED_CHAIN=
1000
NOTCH_CHAIN=
1000
NOTCH_SOURCE=
1000
PIECE_ROLE=unknown
1000
SEAM_ALLOWANCE_MM=
1000
SOURCE_LAYER=11
0
VERTEX
8
AI4M_01_ATOM_INTERNAL
10
4008.12414
20
650.896023
30
0
0
VERTEX
8
AI4M_01_ATOM_INTERNAL
10
4013.121281
20
650.726986
30
0
0
SEQEND
8
AI4M_01_ATOM_INTERNAL
0
TEXT
8
AI4M_01_ATOM_INTERNAL
10
4008.12414
20
650.896023
30
0
40
2.5
1
AI4M_line_0099_construction_construction_horizontal
1001
AI4MANUFACTURING
1000
WRITEBACK_PHASE=01_ATOM_LABEL
1000
ENTITY_ID=line_0099
999
AI4M_ENTITY=line_0101__seg_01;LINE_ROLE=neckline;EDGE=neckline;SOURCE_LAYER=11
0
POLYLINE
8
AI4M_01_ATOM_INTERNAL
66
1
70
0
1001
AI4MANUFACTURING
1000
WRITEBACK_PHASE=01_ATOM
1000
ENTITY_ID=line_0101__seg_01
1000
SOURCE_HANDLE=4B4
1000
LINE_ROLE=neckline
1000
EDGE=neckline
1000
CHAIN=piece_18_bottom_neckline
1000
PIECE_ID=piece_18
1000
SEAM_PAIR=
1000
PAIRED_CHAIN=
1000
NOTCH_CHAIN=
1000
NOTCH_SOURCE=
1000
PIECE_ROLE=back_body
1000
SEAM_ALLOWANCE_MM=
1000
SOURCE_LAYER=11
0
VERTEX
8
AI4M_01_ATOM_INTERNAL
10
4129.394531
20
796.057587
30
0
0
VERTEX
8
AI4M_01_ATOM_INTERNAL
10
4131.505348
20
786.421776
30
0
0
VERTEX
8
AI4M_01_ATOM_INTERNAL
10
4133.239609
20
779.566548
30
0
0
VERTEX
8
AI4M_01_ATOM_INTERNAL
10
4135.06195
20
773.331829
30
0
0
VERTEX
8
AI4M_01_ATOM_INTERNAL
10
4137.073255
20
767.318119
30
0
0
VERTEX
8
AI4M_01_ATOM_INTERNAL
10
4139.336412
20
761.323125
30
0
0
VERTEX
8
AI4M_01_ATOM_INTERNAL
10
4141.800391
20
755.471692
30
0
0
VERTEX
8
AI4M_01_ATOM_INTERNAL
10
4144.33722
20
750.057856
30
0
0
VERTEX
8
AI4M_01_ATOM_INTERNAL
10
4146.858772
20
745.231415
30
0
0
VERTEX
8
AI4M_01_ATOM_INTERNAL
10
4149.423852
20
740.834245
30
0
0
VERTEX
8
AI4M_01_ATOM_INTERNAL
10
4152.054032
20
736.799355
30
0
0
VERTEX
8
AI4M_01_ATOM_INTERNAL
10
4154.753141
20
733.095098
30
0
0
VERTEX
8
AI4M_01_ATOM_INTERNAL
10
4157.536825
20
729.680103
30
0
0
VERTEX
8
AI4M_01_ATOM_INTERNAL
10
4160.384747
20
726.562785
30
0
0
VERTEX
8
AI4M_01_ATOM_INTERNAL
10
4163.329251
20
723.697374
30
0
0
VERTEX
8
AI4M_01_ATOM_INTERNAL
10
4166.31034
20
721.130116
30
0
0
VERTEX
8
AI4M_01_ATOM_INTERNAL
10
4169.344455
20
718.833335
30
0
0
VERTEX
8
AI4M_01_ATOM_INTERNAL
10
4172.362175
20
716.848009
30
0
0
VERTEX
8
AI4M_01_ATOM_INTERNAL
10
4175.408293
20
715.134828
30
0
0
VERTEX
8
AI4M_01_ATOM_INTERNAL
10
4178.451276
20
713.702714
30
0
0
VERTEX
8
AI4M_01_ATOM_INTERNAL
10
4181.629898
20
712.48268
30
0
0
VERTEX
8
AI4M_01_ATOM_INTERNAL
10
4184.974002
20
711.464037
30
0
0
VERTEX
8
AI4M_01_ATOM_INTERNAL
10
4188.476435
20
710.657572
30
0
0
VERTEX
8
AI4M_01_ATOM_INTERNAL
10
4192.430461
20
710.018797
30
0
0
VERTEX
8
AI4M_01_ATOM_INTERNAL
10
4196.952939
20
709.541995
30
0
0
VERTEX
8
AI4M_01_ATOM_INTERNAL
10
4200
20
709.363861
30
0
0
SEQEND
8
AI4M_01_ATOM_INTERNAL
0
TEXT
8
AI4M_01_ATOM_INTERNAL
10
4129.394531
20
796.057587
30
0
40
2.5
1
AI4M_line_0101__seg_01_neckline_neckline
1001
AI4MANUFACTURING
1000
WRITEBACK_PHASE=01_ATOM_LABEL
1000
ENTITY_ID=line_0101__seg_01
999
AI4M_ENTITY=line_0102;LINE_ROLE=construction;EDGE=construction_horizontal;SOURCE_LAYER=11
0
POLYLINE
8
AI4M_01_ATOM_INTERNAL
66
1
70
0
1001
AI4MANUFACTURING
1000
WRITEBACK_PHASE=01_ATOM
1000
ENTITY_ID=line_0102
1000
SOURCE_HANDLE=4D1
1000
LINE_ROLE=construction
1000
EDGE=construction_horizontal
1000
CHAIN=chain_ms07xz91
1000
PIECE_ID=
1000
SEAM_PAIR=
1000
PAIRED_CHAIN=
1000
NOTCH_CHAIN=
1000
NOTCH_SOURCE=
1000
PIECE_ROLE=unknown
1000
SEAM_ALLOWANCE_MM=
1000
SOURCE_LAYER=11
0
VERTEX
8
AI4M_01_ATOM_INTERNAL
10
4147.0325
20
750.257022
30
0
0
VERTEX
8
AI4M_01_ATOM_INTERNAL
10
4142.569152
20
748.003464
30
0
0
SEQEND
8
AI4M_01_ATOM_INTERNAL
0
TEXT
8
AI4M_01_ATOM_INTERNAL
10
4147.0325
20
750.257022
30
0
40
2.5
1
AI4M_line_0102_construction_construction_horizontal
1001
AI4MANUFACTURING
1000
WRITEBACK_PHASE=01_ATOM_LABEL
1000
ENTITY_ID=line_0102
999
AI4M_ENTITY=line_0103;LINE_ROLE=neckline;EDGE=neckline;SOURCE_LAYER=11
0
POLYLINE
8
AI4M_01_ATOM_INTERNAL
66
1
70
0
1001
AI4MANUFACTURING
1000
WRITEBACK_PHASE=01_ATOM
1000
ENTITY_ID=line_0103
1000
SOURCE_HANDLE=4D2
1000
LINE_ROLE=neckline
1000
EDGE=neckline
1000
CHAIN=piece_18_bottom_neckline
1000
PIECE_ID=piece_18
1000
SEAM_PAIR=
1000
PAIRED_CHAIN=
1000
NOTCH_CHAIN=
1000
NOTCH_SOURCE=
1000
PIECE_ROLE=back_body
1000
SEAM_ALLOWANCE_MM=
1000
SOURCE_LAYER=11
0
VERTEX
8
AI4M_01_ATOM_INTERNAL
10
4199.98241
20
711.863819
30
0
0
VERTEX
8
AI4M_01_ATOM_INTERNAL
10
4200.016784
20
706.863937
30
0
0
SEQEND
8
AI4M_01_ATOM_INTERNAL
0
TEXT
8
AI4M_01_ATOM_INTERNAL
10
4199.98241
20
711.863819
30
0
40
2.5
1
AI4M_line_0103_neckline_neckline
1001
AI4MANUFACTURING
1000
WRITEBACK_PHASE=01_ATOM_LABEL
1000
ENTITY_ID=line_0103
999
AI4M_ENTITY=line_0104__seg_01;LINE_ROLE=neckline;EDGE=neckline;SOURCE_LAYER=11
0
POLYLINE
8
AI4M_01_ATOM_INTERNAL
66
1
70
0
1001
AI4MANUFACTURING
1000
WRITEBACK_PHASE=01_ATOM
1000
ENTITY_ID=line_0104__seg_01
1000
SOURCE_HANDLE=4D3
1000
LINE_ROLE=neckline
1000
EDGE=neckline
1000
CHAIN=piece_18_bottom_neckline
1000
PIECE_ID=piece_18
1000
SEAM_PAIR=
1000
PAIRED_CHAIN=
1000
NOTCH_CHAIN=
1000
NOTCH_SOURCE=
1000
PIECE_ROLE=back_body
1000
SEAM_ALLOWANCE_MM=
1000
SOURCE_LAYER=11
0
VERTEX
8
AI4M_01_ATOM_INTERNAL
10
4200
20
709.363861
30
0
0
VERTEX
8
AI4M_01_ATOM_INTERNAL
10
4205.07995
20
709.728132
30
0
0
VERTEX
8
AI4M_01_ATOM_INTERNAL
10
4209.495289
20
710.298596
30
0
0
VERTEX
8
AI4M_01_ATOM_INTERNAL
10
4213.157168
20
711.002343
30
0
0
VERTEX
8
AI4M_01_ATOM_INTERNAL
10
4216.568521
20
711.902508
30
0
0
VERTEX
8
AI4M_01_ATOM_INTERNAL
10
4219.869763
20
713.025776
30
0
0
VERTEX
8
AI4M_01_ATOM_INTERNAL
10
4222.96031
20
714.33285
30
0
0
VERTEX
8
AI4M_01_ATOM_INTERNAL
10
4225.984495
20
715.882602
30
0
0
VERTEX
8
AI4M_01_ATOM_INTERNAL
10
4229.028175
20
717.72669
30
0
0
VERTEX
8
AI4M_01_ATOM_INTERNAL
10
4232.07793
20
719.871652
30
0
0
VERTEX
8
AI4M_01_ATOM_INTERNAL
10
4235.118473
20
722.320803
30
0
0
VERTEX
8
AI4M_01_ATOM_INTERNAL
10
4238.065442
20
725.011834
30
0
0
VERTEX
8
AI4M_01_ATOM_INTERNAL
10
4240.95562
20
727.9853
30
0
0
VERTEX
8
AI4M_01_ATOM_INTERNAL
10
4243.75974
20
731.222727
30
0
0
VERTEX
8
AI4M_01_ATOM_INTERNAL
10
4246.524549
20
734.797095
30
0
0
VERTEX
8
AI4M_01_ATOM_INTERNAL
10
4249.19355
20
738.657223
30
0
0
VERTEX
8
AI4M_01_ATOM_INTERNAL
10
4251.78027
20
742.837875
30
0
0
VERTEX
8
AI4M_01_ATOM_INTERNAL
10
4254.309705
20
747.402357
30
0
0
VERTEX
8
AI4M_01_ATOM_INTERNAL
10
4256.824132
20
752.464426
30
0
0
VERTEX
8
AI4M_01_ATOM_INTERNAL
10
4259.341404
20
758.107754
30
0
0
VERTEX
8
AI4M_01_ATOM_INTERNAL
10
4261.735518
20
764.07635
30
0
0
VERTEX
8
AI4M_01_ATOM_INTERNAL
10
4263.872255
20
770.050075
30
0
0
VERTEX
8
AI4M_01_ATOM_INTERNAL
10
4265.774633
20
776.087369
30
0
0
VERTEX
8
AI4M_01_ATOM_INTERNAL
10
4267.544015
20
782.533479
30
0
0
VERTEX
8
AI4M_01_ATOM_INTERNAL
10
4269.285679
20
789.862887
30
0
0
VERTEX
8
AI4M_01_ATOM_INTERNAL
10
4270.605469
20
796.057587
30
0
0
SEQEND
8
AI4M_01_ATOM_INTERNAL
0
TEXT
8
AI4M_01_ATOM_INTERNAL
10
4200
20
709.363861
30
0
40
2.5
1
AI4M_line_0104__seg_01_neckline_neckline
1001
AI4MANUFACTURING
1000
WRITEBACK_PHASE=01_ATOM_LABEL
1000
ENTITY_ID=line_0104__seg_01
999
AI4M_ENTITY=line_0105;LINE_ROLE=construction;EDGE=construction_horizontal;SOURCE_LAYER=11
0
POLYLINE
8
AI4M_01_ATOM_INTERNAL
66
1
70
0
1001
AI4MANUFACTURING
1000
WRITEBACK_PHASE=01_ATOM
1000
ENTITY_ID=line_0105
1000
SOURCE_HANDLE=4F0
1000
LINE_ROLE=construction
1000
EDGE=construction_horizontal
1000
CHAIN=chain_ms07xz91
1000
PIECE_ID=
1000
SEAM_PAIR=
1000
PAIRED_CHAIN=
1000
NOTCH_CHAIN=
1000
NOTCH_SOURCE=
1000
PIECE_ROLE=unknown
1000
SEAM_ALLOWANCE_MM=
1000
SOURCE_LAYER=11
0
VERTEX
8
AI4M_01_ATOM_INTERNAL
10
4252.967331
20
750.256791
30
0
0
VERTEX
8
AI4M_01_ATOM_INTERNAL
10
4257.430652
20
748.003179
30
0
0
SEQEND
8
AI4M_01_ATOM_INTERNAL
0
TEXT
8
AI4M_01_ATOM_INTERNAL
10
4252.967331
20
750.256791
30
0
40
2.5
1
AI4M_line_0105_construction_construction_horizontal
1001
AI4MANUFACTURING
1000
WRITEBACK_PHASE=01_ATOM_LABEL
1000
ENTITY_ID=line_0105
999
AI4M_ENTITY=line_0107__seg_01;LINE_ROLE=armhole_back;EDGE=armhole_back;SOURCE_LAYER=11
0
POLYLINE
8
AI4M_01_ATOM_INTERNAL
66
1
70
0
1001
AI4MANUFACTURING
1000
WRITEBACK_PHASE=01_ATOM
1000
ENTITY_ID=line_0107__seg_01
1000
SOURCE_HANDLE=4FF
1000
LINE_ROLE=armhole_back
1000
EDGE=armhole_back
1000
CHAIN=piece_18_right_armhole_back
1000
PIECE_ID=piece_18
1000
SEAM_PAIR=
1000
PAIRED_CHAIN=
1000
NOTCH_CHAIN=
1000
NOTCH_SOURCE=
1000
PIECE_ROLE=back_body
1000
SEAM_ALLOWANCE_MM=
1000
SOURCE_LAYER=11
0
VERTEX
8
AI4M_01_ATOM_INTERNAL
10
4404.431763
20
751.293488
30
0
0
VERTEX
8
AI4M_01_ATOM_INTERNAL
10
4400.951795
20
737.826583
30
0
0
VERTEX
8
AI4M_01_ATOM_INTERNAL
10
4398.166649
20
725.987621
30
0
0
VERTEX
8
AI4M_01_ATOM_INTERNAL
10
4395.881856
20
715.292993
30
0
0
VERTEX
8
AI4M_01_ATOM_INTERNAL
10
4394.09861
20
705.848816
30
0
0
VERTEX
8
AI4M_01_ATOM_INTERNAL
10
4392.613477
20
696.704064
30
0
0
VERTEX
8
AI4M_01_ATOM_INTERNAL
10
4391.394162
20
687.695904
30
0
0
VERTEX
8
AI4M_01_ATOM_INTERNAL
10
4390.445255
20
678.891993
30
0
0
VERTEX
8
AI4M_01_ATOM_INTERNAL
10
4389.764586
20
670.362838
30
0
0
VERTEX
8
AI4M_01_ATOM_INTERNAL
10
4389.390962
20
662.821775
30
0
0
VERTEX
8
AI4M_01_ATOM_INTERNAL
10
4389.284536
20
655.973225
30
0
0
VERTEX
8
AI4M_01_ATOM_INTERNAL
10
4389.42233
20
649.616886
30
0
0
VERTEX
8
AI4M_01_ATOM_INTERNAL
10
4389.789116
20
643.679101
30
0
0
VERTEX
8
AI4M_01_ATOM_INTERNAL
10
4390.376422
20
638.060503
30
0
0
VERTEX
8
AI4M_01_ATOM_INTERNAL
10
4391.173406
20
632.738502
30
0
0
VERTEX
8
AI4M_01_ATOM_INTERNAL
10
4392.177761
20
627.643399
30
0
0
VERTEX
8
AI4M_01_ATOM_INTERNAL
10
4393.389036
20
622.737509
30
0
0
VERTEX
8
AI4M_01_ATOM_INTERNAL
10
4394.800868
20
618.024793
30
0
0
VERTEX
8
AI4M_01_ATOM_INTERNAL
10
4396.395945
20
613.537363
30
0
0
VERTEX
8
AI4M_01_ATOM_INTERNAL
10
4398.162812
20
609.277461
30
0
0
VERTEX
8
AI4M_01_ATOM_INTERNAL
10
4400.134501
20
605.15669
30
0
0
VERTEX
8
AI4M_01_ATOM_INTERNAL
10
4402.259729
20
601.276383
30
0
0
VERTEX
8
AI4M_01_ATOM_INTERNAL
10
4404.531883
20
597.629097
30
0
0
VERTEX
8
AI4M_01_ATOM_INTERNAL
10
4406.9403
20
594.218483
30
0
0
VERTEX
8
AI4M_01_ATOM_INTERNAL
10
4409.45582
20
591.06922
30
0
0
VERTEX
8
AI4M_01_ATOM_INTERNAL
10
4412.125225
20
588.116179
30
0
0
VERTEX
8
AI4M_01_ATOM_INTERNAL
10
4414.949208
20
585.3611
30
0
0
VERTEX
8
AI4M_01_ATOM_INTERNAL
10
4417.998865
20
582.73537
30
0
0
VERTEX
8
AI4M_01_ATOM_INTERNAL
10
4421.244258
20
580.272066
30
0
0
VERTEX
8
AI4M_01_ATOM_INTERNAL
10
4424.601728
20
578.029283
30
0
0
VERTEX
8
AI4M_01_ATOM_INTERNAL
10
4428.112932
20
575.973519
30
0
0
VERTEX
8
AI4M_01_ATOM_INTERNAL
10
4431.816406
20
574.089091
30
0
0
VERTEX
8
AI4M_01_ATOM_INTERNAL
10
4435.652679
20
572.410361
30
0
0
VERTEX
8
AI4M_01_ATOM_INTERNAL
10
4439.681691
20
570.917429
30
0
0
VERTEX
8
AI4M_01_ATOM_INTERNAL
10
4443.965964
20
569.601842
30
0
0
VERTEX
8
AI4M_01_ATOM_INTERNAL
10
4449.001435
20
568.331393
30
0
0
VERTEX
8
AI4M_01_ATOM_INTERNAL
10
4454.114288
20
567.280424
30
0
0
VERTEX
8
AI4M_01_ATOM_INTERNAL
10
4457.489319
20
566.70723
30
0
0
SEQEND
8
AI4M_01_ATOM_INTERNAL
0
TEXT
8
AI4M_01_ATOM_INTERNAL
10
4404.431763
20
751.293488
30
0
40
2.5
1
AI4M_line_0107__seg_01_armhole_back_armhole_back
1001
AI4MANUFACTURING
1000
WRITEBACK_PHASE=01_ATOM_LABEL
1000
ENTITY_ID=line_0107__seg_01
999
AI4M_ENTITY=line_0108;LINE_ROLE=construction;EDGE=construction_horizontal;SOURCE_LAYER=11
0
POLYLINE
8
AI4M_01_ATOM_INTERNAL
66
1
70
0
1001
AI4MANUFACTURING
1000
WRITEBACK_PHASE=01_ATOM
1000
ENTITY_ID=line_0108
1000
SOURCE_HANDLE=528
1000
LINE_ROLE=construction
1000
EDGE=construction_horizontal
1000
CHAIN=chain_ms07xz91
1000
PIECE_ID=
1000
SEAM_PAIR=
1000
PAIRED_CHAIN=
1000
NOTCH_CHAIN=
1000
NOTCH_SOURCE=
1000
PIECE_ROLE=unknown
1000
SEAM_ALLOWANCE_MM=
1000
SOURCE_LAYER=11
0
VERTEX
8
AI4M_01_ATOM_INTERNAL
10
4391.875974
20
650.895791
30
0
0
VERTEX
8
AI4M_01_ATOM_INTERNAL
10
4386.87883
20
650.726827
30
0
0
SEQEND
8
AI4M_01_ATOM_INTERNAL
0
TEXT
8
AI4M_01_ATOM_INTERNAL
10
4391.875974
20
650.895791
30
0
40
2.5
1
AI4M_line_0108_construction_construction_horizontal
1001
AI4MANUFACTURING
1000
WRITEBACK_PHASE=01_ATOM_LABEL
1000
ENTITY_ID=line_0108
999
AI4M_ENTITY=line_0109;LINE_ROLE=construction;EDGE=construction_horizontal;SOURCE_LAYER=11
0
POLYLINE
8
AI4M_01_ATOM_INTERNAL
66
1
70
0
1001
AI4MANUFACTURING
1000
WRITEBACK_PHASE=01_ATOM
1000
ENTITY_ID=line_0109
1000
SOURCE_HANDLE=529
1000
LINE_ROLE=construction
1000
EDGE=construction_horizontal
1000
CHAIN=chain_ms07xz91
1000
PIECE_ID=
1000
SEAM_PAIR=
1000
PAIRED_CHAIN=
1000
NOTCH_CHAIN=
1000
NOTCH_SOURCE=
1000
PIECE_ROLE=unknown
1000
SEAM_ALLOWANCE_MM=
1000
SOURCE_LAYER=11
0
VERTEX
8
AI4M_01_ATOM_INTERNAL
10
4408.526177
20
596.275568
30
0
0
VERTEX
8
AI4M_01_ATOM_INTERNAL
10
4404.498034
20
593.313463
30
0
0
SEQEND
8
AI4M_01_ATOM_INTERNAL
0
TEXT
8
AI4M_01_ATOM_INTERNAL
10
4408.526177
20
596.275568
30
0
40
2.5
1
AI4M_line_0109_construction_construction_horizontal
1001
AI4MANUFACTURING
1000
WRITEBACK_PHASE=01_ATOM_LABEL
1000
ENTITY_ID=line_0109
999
AI4M_ENTITY=line_0110__seg_01;LINE_ROLE=side_seam;EDGE=side_seam;SOURCE_LAYER=11
0
POLYLINE
8
AI4M_01_ATOM_INTERNAL
66
1
70
0
1001
AI4MANUFACTURING
1000
WRITEBACK_PHASE=01_ATOM
1000
ENTITY_ID=line_0110__seg_01
1000
SOURCE_HANDLE=52A
1000
LINE_ROLE=side_seam
1000
EDGE=side_seam
1000
CHAIN=piece_18_right_side_seam
1000
PIECE_ID=piece_18
1000
SEAM_PAIR=
1000
PAIRED_CHAIN=
1000
NOTCH_CHAIN=
1000
NOTCH_SOURCE=
1000
PIECE_ROLE=back_body
1000
SEAM_ALLOWANCE_MM=
1000
SOURCE_LAYER=11
0
VERTEX
8
AI4M_01_ATOM_INTERNAL
10
4457.489319
20
566.70723
30
0
0
VERTEX
8
AI4M_01_ATOM_INTERNAL
10
4457.489319
20
461.767235
30
0
0
VERTEX
8
AI4M_01_ATOM_INTERNAL
10
4457.489319
20
251.47295
30
0
0
VERTEX
8
AI4M_01_ATOM_INTERNAL
10
4457.489319
20
102.972927
30
0
0
SEQEND
8
AI4M_01_ATOM_INTERNAL
0
TEXT
8
AI4M_01_ATOM_INTERNAL
10
4457.489319
20
566.70723
30
0
40
2.5
1
AI4M_line_0110__seg_01_side_seam_side_seam
1001
AI4MANUFACTURING
1000
WRITEBACK_PHASE=01_ATOM_LABEL
1000
ENTITY_ID=line_0110__seg_01
999
AI4M_ENTITY=line_0111;LINE_ROLE=construction;EDGE=construction_horizontal;SOURCE_LAYER=11
0
POLYLINE
8
AI4M_01_ATOM_INTERNAL
66
1
70
0
1001
AI4MANUFACTURING
1000
WRITEBACK_PHASE=01_ATOM
1000
ENTITY_ID=line_0111
1000
SOURCE_HANDLE=531
1000
LINE_ROLE=construction
1000
EDGE=construction_horizontal
1000
CHAIN=chain_ms07xz91
1000
PIECE_ID=
1000
SEAM_PAIR=
1000
PAIRED_CHAIN=
1000
NOTCH_CHAIN=
1000
NOTCH_SOURCE=
1000
PIECE_ROLE=unknown
1000
SEAM_ALLOWANCE_MM=
1000
SOURCE_LAYER=11
0
VERTEX
8
AI4M_01_ATOM_INTERNAL
10
4459.989319
20
461.767254
30
0
0
VERTEX
8
AI4M_01_ATOM_INTERNAL
10
4454.989319
20
461.767254
30
0
0
SEQEND
8
AI4M_01_ATOM_INTERNAL
0
TEXT
8
AI4M_01_ATOM_INTERNAL
10
4459.989319
20
461.767254
30
0
40
2.5
1
AI4M_line_0111_construction_construction_horizontal
1001
AI4MANUFACTURING
1000
WRITEBACK_PHASE=01_ATOM_LABEL
1000
ENTITY_ID=line_0111
999
AI4M_ENTITY=line_0112;LINE_ROLE=construction;EDGE=construction_horizontal;SOURCE_LAYER=11
0
POLYLINE
8
AI4M_01_ATOM_INTERNAL
66
1
70
0
1001
AI4MANUFACTURING
1000
WRITEBACK_PHASE=01_ATOM
1000
ENTITY_ID=line_0112
1000
SOURCE_HANDLE=532
1000
LINE_ROLE=construction
1000
EDGE=construction_horizontal
1000
CHAIN=chain_ms07xz91
1000
PIECE_ID=
1000
SEAM_PAIR=
1000
PAIRED_CHAIN=
1000
NOTCH_CHAIN=
1000
NOTCH_SOURCE=
1000
PIECE_ROLE=unknown
1000
SEAM_ALLOWANCE_MM=
1000
SOURCE_LAYER=11
0
VERTEX
8
AI4M_01_ATOM_INTERNAL
10
4459.989319
20
251.472969
30
0
0
VERTEX
8
AI4M_01_ATOM_INTERNAL
10
4454.989319
20
251.472969
30
0
0
SEQEND
8
AI4M_01_ATOM_INTERNAL
0
TEXT
8
AI4M_01_ATOM_INTERNAL
10
4459.989319
20
251.472969
30
0
40
2.5
1
AI4M_line_0112_construction_construction_horizontal
1001
AI4MANUFACTURING
1000
WRITEBACK_PHASE=01_ATOM_LABEL
1000
ENTITY_ID=line_0112
999
AI4M_ENTITY=line_0113__seg_01;LINE_ROLE=hem_line;EDGE=hem_line;SOURCE_LAYER=11
0
POLYLINE
8
AI4M_01_ATOM_INTERNAL
66
1
70
0
1001
AI4MANUFACTURING
1000
WRITEBACK_PHASE=01_ATOM
1000
ENTITY_ID=line_0113__seg_01
1000
SOURCE_HANDLE=533
1000
LINE_ROLE=hem_line
1000
EDGE=hem_line
1000
CHAIN=piece_18_top_hem
1000
PIECE_ID=piece_18
1000
SEAM_PAIR=
1000
PAIRED_CHAIN=
1000
NOTCH_CHAIN=
1000
NOTCH_SOURCE=
1000
PIECE_ROLE=back_body
1000
SEAM_ALLOWANCE_MM=
1000
SOURCE_LAYER=11
0
VERTEX
8
AI4M_01_ATOM_INTERNAL
10
4457.489319
20
102.972927
30
0
0
VERTEX
8
AI4M_01_ATOM_INTERNAL
10
4441.536845
20
102.26648
30
0
0
VERTEX
8
AI4M_01_ATOM_INTERNAL
10
4425.978779
20
101.597194
30
0
0
VERTEX
8
AI4M_01_ATOM_INTERNAL
10
4410.770084
20
100.968647
30
0
0
VERTEX
8
AI4M_01_ATOM_INTERNAL
10
4395.560196
20
100.369155
30
0
0
VERTEX
8
AI4M_01_ATOM_INTERNAL
10
4380.471306
20
99.806927
30
0
0
VERTEX
8
AI4M_01_ATOM_INTERNAL
10
4365.258805
20
99.277878
30
0
0
VERTEX
8
AI4M_01_ATOM_INTERNAL
10
4350.044861
20
98.792272
30
0
0
VERTEX
8
AI4M_01_ATOM_INTERNAL
10
4334.740193
20
98.353054
30
0
0
VERTEX
8
AI4M_01_ATOM_INTERNAL
10
4319.523319
20
97.969717
30
0
0
VERTEX
8
AI4M_01_ATOM_INTERNAL
10
4304.216977
20
97.641904
30
0
0
VERTEX
8
AI4M_01_ATOM_INTERNAL
10
4288.997658
20
97.374728
30
0
0
VERTEX
8
AI4M_01_ATOM_INTERNAL
10
4273.777476
20
97.158885
30
0
0
VERTEX
8
AI4M_01_ATOM_INTERNAL
10
4258.51162
20
96.985318
30
0
0
VERTEX
8
AI4M_01_ATOM_INTERNAL
10
4243.290499
20
96.852468
30
0
0
VERTEX
8
AI4M_01_ATOM_INTERNAL
10
4227.911582
20
96.761738
30
0
0
VERTEX
8
AI4M_01_ATOM_INTERNAL
10
4212.770545
20
96.70989
30
0
0
VERTEX
8
AI4M_01_ATOM_INTERNAL
10
4200
20
96.688261
30
0
0
SEQEND
8
AI4M_01_ATOM_INTERNAL
0
TEXT
8
AI4M_01_ATOM_INTERNAL
10
4457.489319
20
102.972927
30
0
40
2.5
1
AI4M_line_0113__seg_01_hem_line_hem_line
1001
AI4MANUFACTURING
1000
WRITEBACK_PHASE=01_ATOM_LABEL
1000
ENTITY_ID=line_0113__seg_01
999
AI4M_ENTITY=line_0114__seg_01;LINE_ROLE=hem_line;EDGE=hem_line;SOURCE_LAYER=11
0
POLYLINE
8
AI4M_01_ATOM_INTERNAL
66
1
70
0
1001
AI4MANUFACTURING
1000
WRITEBACK_PHASE=01_ATOM
1000
ENTITY_ID=line_0114__seg_01
1000
SOURCE_HANDLE=548
1000
LINE_ROLE=hem_line
1000
EDGE=hem_line
1000
CHAIN=piece_18_top_hem
1000
PIECE_ID=piece_18
1000
SEAM_PAIR=
1000
PAIRED_CHAIN=
1000
NOTCH_CHAIN=
1000
NOTCH_SOURCE=
1000
PIECE_ROLE=back_body
1000
SEAM_ALLOWANCE_MM=
1000
SOURCE_LAYER=11
0
VERTEX
8
AI4M_01_ATOM_INTERNAL
10
4200
20
96.688261
30
0
0
VERTEX
8
AI4M_01_ATOM_INTERNAL
10
4183.694296
20
96.7117
30
0
0
VERTEX
8
AI4M_01_ATOM_INTERNAL
10
4168.408599
20
96.774329
30
0
0
VERTEX
8
AI4M_01_ATOM_INTERNAL
10
4153.123124
20
96.879034
30
0
0
VERTEX
8
AI4M_01_ATOM_INTERNAL
10
4137.837943
20
97.023573
30
0
0
VERTEX
8
AI4M_01_ATOM_INTERNAL
10
4122.524806
20
97.207384
30
0
0
VERTEX
8
AI4M_01_ATOM_INTERNAL
10
4107.240655
20
97.435959
30
0
0
VERTEX
8
AI4M_01_ATOM_INTERNAL
10
4092.447748
20
97.708186
30
0
0
VERTEX
8
AI4M_01_ATOM_INTERNAL
10
4076.401625
20
98.066771
30
0
0
VERTEX
8
AI4M_01_ATOM_INTERNAL
10
4061.120975
20
98.466709
30
0
0
VERTEX
8
AI4M_01_ATOM_INTERNAL
10
4045.825446
20
98.919329
30
0
0
VERTEX
8
AI4M_01_ATOM_INTERNAL
10
4030.547726
20
99.418956
30
0
0
VERTEX
8
AI4M_01_ATOM_INTERNAL
10
4015.271485
20
99.961423
30
0
0
VERTEX
8
AI4M_01_ATOM_INTERNAL
10
3999.996638
20
100.542119
30
0
0
VERTEX
8
AI4M_01_ATOM_INTERNAL
10
3984.365026
20
101.170306
30
0
0
VERTEX
8
AI4M_01_ATOM_INTERNAL
10
3968.908766
20
101.817518
30
0
0
VERTEX
8
AI4M_01_ATOM_INTERNAL
10
3953.941147
20
102.464732
30
0
0
VERTEX
8
AI4M_01_ATOM_INTERNAL
10
3942.510681
20
102.972927
30
0
0
SEQEND
8
AI4M_01_ATOM_INTERNAL
0
TEXT
8
AI4M_01_ATOM_INTERNAL
10
4200
20
96.688261
30
0
40
2.5
1
AI4M_line_0114__seg_01_hem_line_hem_line
1001
AI4MANUFACTURING
1000
WRITEBACK_PHASE=01_ATOM_LABEL
1000
ENTITY_ID=line_0114__seg_01
999
AI4M_ENTITY=line_0115;LINE_ROLE=construction;EDGE=construction_vertical;SOURCE_LAYER=11
0
POLYLINE
8
AI4M_01_ATOM_INTERNAL
66
1
70
0
1001
AI4MANUFACTURING
1000
WRITEBACK_PHASE=01_ATOM
1000
ENTITY_ID=line_0115
1000
SOURCE_HANDLE=55D
1000
LINE_ROLE=construction
1000
EDGE=construction_vertical
1000
CHAIN=piece_18_top_construction_vertical
1000
PIECE_ID=piece_18
1000
SEAM_PAIR=
1000
PAIRED_CHAIN=
1000
NOTCH_CHAIN=
1000
NOTCH_SOURCE=
1000
PIECE_ROLE=back_body
1000
SEAM_ALLOWANCE_MM=
1000
SOURCE_LAYER=11
0
VERTEX
8
AI4M_01_ATOM_INTERNAL
10
4200
20
709.363861
30
0
0
VERTEX
8
AI4M_01_ATOM_INTERNAL
10
4200
20
96.688261
30
0
0
SEQEND
8
AI4M_01_ATOM_INTERNAL
0
TEXT
8
AI4M_01_ATOM_INTERNAL
10
4200
20
709.363861
30
0
40
2.5
1
AI4M_line_0115_construction_construction_vertical
1001
AI4MANUFACTURING
1000
WRITEBACK_PHASE=01_ATOM_LABEL
1000
ENTITY_ID=line_0115
999
AI4M_ENTITY=line_0116;LINE_ROLE=neckline;EDGE=neckline;SOURCE_LAYER=11
0
POLYLINE
8
AI4M_01_ATOM_INTERNAL
66
1
70
0
1001
AI4MANUFACTURING
1000
WRITEBACK_PHASE=01_ATOM
1000
ENTITY_ID=line_0116
1000
SOURCE_HANDLE=562
1000
LINE_ROLE=neckline
1000
EDGE=neckline
1000
CHAIN=piece_18_bottom_neckline
1000
PIECE_ID=piece_18
1000
SEAM_PAIR=
1000
PAIRED_CHAIN=
1000
NOTCH_CHAIN=
1000
NOTCH_SOURCE=
1000
PIECE_ROLE=back_body
1000
SEAM_ALLOWANCE_MM=
1000
SOURCE_LAYER=11
0
VERTEX
8
AI4M_01_ATOM_INTERNAL
10
4200
20
711.863861
30
0
0
VERTEX
8
AI4M_01_ATOM_INTERNAL
10
4200
20
706.863861
30
0
0
SEQEND
8
AI4M_01_ATOM_INTERNAL
0
TEXT
8
AI4M_01_ATOM_INTERNAL
10
4200
20
711.863861
30
0
40
2.5
1
AI4M_line_0116_neckline_neckline
1001
AI4MANUFACTURING
1000
WRITEBACK_PHASE=01_ATOM_LABEL
1000
ENTITY_ID=line_0116
999
AI4M_ENTITY=line_0117;LINE_ROLE=construction;EDGE=construction_horizontal;SOURCE_LAYER=11
0
POLYLINE
8
AI4M_01_ATOM_INTERNAL
66
1
70
0
1001
AI4MANUFACTURING
1000
WRITEBACK_PHASE=01_ATOM
1000
ENTITY_ID=line_0117
1000
SOURCE_HANDLE=563
1000
LINE_ROLE=construction
1000
EDGE=construction_horizontal
1000
CHAIN=chain_ms07xz91
1000
PIECE_ID=
1000
SEAM_PAIR=
1000
PAIRED_CHAIN=
1000
NOTCH_CHAIN=
1000
NOTCH_SOURCE=
1000
PIECE_ROLE=unknown
1000
SEAM_ALLOWANCE_MM=
1000
SOURCE_LAYER=11
0
VERTEX
8
AI4M_01_ATOM_INTERNAL
10
4200
20
406.327171
30
0
0
VERTEX
8
AI4M_01_ATOM_INTERNAL
10
3942.510681
20
406.327171
30
0
0
SEQEND
8
AI4M_01_ATOM_INTERNAL
0
TEXT
8
AI4M_01_ATOM_INTERNAL
10
4200
20
406.327171
30
0
40
2.5
1
AI4M_line_0117_construction_construction_horizontal
1001
AI4MANUFACTURING
1000
WRITEBACK_PHASE=01_ATOM_LABEL
1000
ENTITY_ID=line_0117
999
AI4M_ENTITY=line_0118;LINE_ROLE=construction;EDGE=construction_horizontal;SOURCE_LAYER=11
0
POLYLINE
8
AI4M_01_ATOM_INTERNAL
66
1
70
0
1001
AI4MANUFACTURING
1000
WRITEBACK_PHASE=01_ATOM
1000
ENTITY_ID=line_0118
1000
SOURCE_HANDLE=568
1000
LINE_ROLE=construction
1000
EDGE=construction_horizontal
1000
CHAIN=chain_ms07xz91
1000
PIECE_ID=
1000
SEAM_PAIR=
1000
PAIRED_CHAIN=
1000
NOTCH_CHAIN=
1000
NOTCH_SOURCE=
1000
PIECE_ROLE=unknown
1000
SEAM_ALLOWANCE_MM=
1000
SOURCE_LAYER=11
0
VERTEX
8
AI4M_01_ATOM_INTERNAL
10
4200
20
540.861397
30
0
0
VERTEX
8
AI4M_01_ATOM_INTERNAL
10
3942.510681
20
540.861397
30
0
0
SEQEND
8
AI4M_01_ATOM_INTERNAL
0
TEXT
8
AI4M_01_ATOM_INTERNAL
10
4200
20
540.861397
30
0
40
2.5
1
AI4M_line_0118_construction_construction_horizontal
1001
AI4MANUFACTURING
1000
WRITEBACK_PHASE=01_ATOM_LABEL
1000
ENTITY_ID=line_0118
999
AI4M_ENTITY=line_0119;LINE_ROLE=construction;EDGE=construction_horizontal;SOURCE_LAYER=11
0
POLYLINE
8
AI4M_01_ATOM_INTERNAL
66
1
70
0
1001
AI4MANUFACTURING
1000
WRITEBACK_PHASE=01_ATOM
1000
ENTITY_ID=line_0119
1000
SOURCE_HANDLE=56D
1000
LINE_ROLE=construction
1000
EDGE=construction_horizontal
1000
CHAIN=chain_ms07xz91
1000
PIECE_ID=
1000
SEAM_PAIR=
1000
PAIRED_CHAIN=
1000
NOTCH_CHAIN=
1000
NOTCH_SOURCE=
1000
PIECE_ROLE=unknown
1000
SEAM_ALLOWANCE_MM=
1000
SOURCE_LAYER=11
0
VERTEX
8
AI4M_01_ATOM_INTERNAL
10
4200
20
635.388985
30
0
0
VERTEX
8
AI4M_01_ATOM_INTERNAL
10
4009.25354
20
635.388985
30
0
0
SEQEND
8
AI4M_01_ATOM_INTERNAL
0
TEXT
8
AI4M_01_ATOM_INTERNAL
10
4200
20
635.388985
30
0
40
2.5
1
AI4M_line_0119_construction_construction_horizontal
1001
AI4MANUFACTURING
1000
WRITEBACK_PHASE=01_ATOM_LABEL
1000
ENTITY_ID=line_0119
999
AI4M_ENTITY=line_0120;LINE_ROLE=construction;EDGE=construction_horizontal;SOURCE_LAYER=11
0
POLYLINE
8
AI4M_01_ATOM_INTERNAL
66
1
70
0
1001
AI4MANUFACTURING
1000
WRITEBACK_PHASE=01_ATOM
1000
ENTITY_ID=line_0120
1000
SOURCE_HANDLE=572
1000
LINE_ROLE=construction
1000
EDGE=construction_horizontal
1000
CHAIN=chain_ms07xz91
1000
PIECE_ID=
1000
SEAM_PAIR=
1000
PAIRED_CHAIN=
1000
NOTCH_CHAIN=
1000
NOTCH_SOURCE=
1000
PIECE_ROLE=unknown
1000
SEAM_ALLOWANCE_MM=
1000
SOURCE_LAYER=11
0
VERTEX
8
AI4M_01_ATOM_INTERNAL
10
4200
20
406.327171
30
0
0
VERTEX
8
AI4M_01_ATOM_INTERNAL
10
4457.489319
20
406.327171
30
0
0
SEQEND
8
AI4M_01_ATOM_INTERNAL
0
TEXT
8
AI4M_01_ATOM_INTERNAL
10
4200
20
406.327171
30
0
40
2.5
1
AI4M_line_0120_construction_construction_horizontal
1001
AI4MANUFACTURING
1000
WRITEBACK_PHASE=01_ATOM_LABEL
1000
ENTITY_ID=line_0120
999
AI4M_ENTITY=line_0121;LINE_ROLE=construction;EDGE=construction_horizontal;SOURCE_LAYER=11
0
POLYLINE
8
AI4M_01_ATOM_INTERNAL
66
1
70
0
1001
AI4MANUFACTURING
1000
WRITEBACK_PHASE=01_ATOM
1000
ENTITY_ID=line_0121
1000
SOURCE_HANDLE=577
1000
LINE_ROLE=construction
1000
EDGE=construction_horizontal
1000
CHAIN=chain_ms07xz91
1000
PIECE_ID=
1000
SEAM_PAIR=
1000
PAIRED_CHAIN=
1000
NOTCH_CHAIN=
1000
NOTCH_SOURCE=
1000
PIECE_ROLE=unknown
1000
SEAM_ALLOWANCE_MM=
1000
SOURCE_LAYER=11
0
VERTEX
8
AI4M_01_ATOM_INTERNAL
10
4200
20
540.861397
30
0
0
VERTEX
8
AI4M_01_ATOM_INTERNAL
10
4457.489319
20
540.861397
30
0
0
SEQEND
8
AI4M_01_ATOM_INTERNAL
0
TEXT
8
AI4M_01_ATOM_INTERNAL
10
4200
20
540.861397
30
0
40
2.5
1
AI4M_line_0121_construction_construction_horizontal
1001
AI4MANUFACTURING
1000
WRITEBACK_PHASE=01_ATOM_LABEL
1000
ENTITY_ID=line_0121
999
AI4M_ENTITY=line_0122;LINE_ROLE=construction;EDGE=construction_horizontal;SOURCE_LAYER=11
0
POLYLINE
8
AI4M_01_ATOM_INTERNAL
66
1
70
0
1001
AI4MANUFACTURING
1000
WRITEBACK_PHASE=01_ATOM
1000
ENTITY_ID=line_0122
1000
SOURCE_HANDLE=57C
1000
LINE_ROLE=construction
1000
EDGE=construction_horizontal
1000
CHAIN=chain_ms07xz91
1000
PIECE_ID=
1000
SEAM_PAIR=
1000
PAIRED_CHAIN=
1000
NOTCH_CHAIN=
1000
NOTCH_SOURCE=
1000
PIECE_ROLE=unknown
1000
SEAM_ALLOWANCE_MM=
1000
SOURCE_LAYER=11
0
VERTEX
8
AI4M_01_ATOM_INTERNAL
10
4200
20
635.388985
30
0
0
VERTEX
8
AI4M_01_ATOM_INTERNAL
10
4390.74646
20
635.388985
30
0
0
SEQEND
8
AI4M_01_ATOM_INTERNAL
0
TEXT
8
AI4M_01_ATOM_INTERNAL
10
4200
20
635.388985
30
0
40
2.5
1
AI4M_line_0122_construction_construction_horizontal
1001
AI4MANUFACTURING
1000
WRITEBACK_PHASE=01_ATOM_LABEL
1000
ENTITY_ID=line_0122
999
AI4M_ENTITY=line_0123__seg_01;LINE_ROLE=hem_line;EDGE=hem_line;SOURCE_LAYER=11
0
POLYLINE
8
AI4M_01_ATOM_INTERNAL
66
1
70
0
1001
AI4MANUFACTURING
1000
WRITEBACK_PHASE=01_ATOM
1000
ENTITY_ID=line_0123__seg_01
1000
SOURCE_HANDLE=581
1000
LINE_ROLE=hem_line
1000
EDGE=hem_line
1000
CHAIN=piece_18_top_hem
1000
PIECE_ID=piece_18
1000
SEAM_PAIR=
1000
PAIRED_CHAIN=
1000
NOTCH_CHAIN=
1000
NOTCH_SOURCE=
1000
PIECE_ROLE=back_body
1000
SEAM_ALLOWANCE_MM=
1000
SOURCE_LAYER=11
0
VERTEX
8
AI4M_01_ATOM_INTERNAL
10
4200
20
74.688234
30
0
0
VERTEX
8
AI4M_01_ATOM_INTERNAL
10
4183.55072
20
74.712009
30
0
0
VERTEX
8
AI4M_01_ATOM_INTERNAL
10
4168.259888
20
74.774799
30
0
0
VERTEX
8
AI4M_01_ATOM_INTERNAL
10
4152.969055
20
74.879527
30
0
0
VERTEX
8
AI4M_01_ATOM_INTERNAL
10
4137.678223
20
75.024009
30
0
0
VERTEX
8
AI4M_01_ATOM_INTERNAL
10
4122.362061
20
75.207653
30
0
0
VERTEX
8
AI4M_01_ATOM_INTERNAL
10
4107.072449
20
75.435815
30
0
0
VERTEX
8
AI4M_01_ATOM_INTERNAL
10
4092.000732
20
75.712724
30
0
0
VERTEX
8
AI4M_01_ATOM_INTERNAL
10
4076.713257
20
76.052489
30
0
0
VERTEX
8
AI4M_01_ATOM_INTERNAL
10
4061.427307
20
76.449337
30
0
0
VERTEX
8
AI4M_01_ATOM_INTERNAL
10
4045.758667
20
76.910911
30
0
0
VERTEX
8
AI4M_01_ATOM_INTERNAL
10
4030.475769
20
77.409787
30
0
0
VERTEX
8
AI4M_01_ATOM_INTERNAL
10
4015.194092
20
77.950997
30
0
0
VERTEX
8
AI4M_01_ATOM_INTERNAL
10
3999.913635
20
78.528776
30
0
0
VERTEX
8
AI4M_01_ATOM_INTERNAL
10
3984.239197
20
79.153147
30
0
0
VERTEX
8
AI4M_01_ATOM_INTERNAL
10
3969.005432
20
79.784184
30
0
0
VERTEX
8
AI4M_01_ATOM_INTERNAL
10
3954.102783
20
80.420609
30
0
0
VERTEX
8
AI4M_01_ATOM_INTERNAL
10
3939.242554
20
81.072598
30
0
0
VERTEX
8
AI4M_01_ATOM_INTERNAL
10
3931.882629
20
81.402931
30
0
0
SEQEND
8
AI4M_01_ATOM_INTERNAL
0
TEXT
8
AI4M_01_ATOM_INTERNAL
10
4200
20
74.688234
30
0
40
2.5
1
AI4M_line_0123__seg_01_hem_line_hem_line
1001
AI4MANUFACTURING
1000
WRITEBACK_PHASE=01_ATOM_LABEL
1000
ENTITY_ID=line_0123__seg_01
999
AI4M_ENTITY=line_0124__seg_01;LINE_ROLE=hem_line;EDGE=hem_line;SOURCE_LAYER=11
0
POLYLINE
8
AI4M_01_ATOM_INTERNAL
66
1
70
0
1001
AI4MANUFACTURING
1000
WRITEBACK_PHASE=01_ATOM
1000
ENTITY_ID=line_0124__seg_01
1000
SOURCE_HANDLE=597
1000
LINE_ROLE=hem_line
1000
EDGE=hem_line
1000
CHAIN=piece_18_top_hem
1000
PIECE_ID=piece_18
1000
SEAM_PAIR=
1000
PAIRED_CHAIN=
1000
NOTCH_CHAIN=
1000
NOTCH_SOURCE=
1000
PIECE_ROLE=back_body
1000
SEAM_ALLOWANCE_MM=
1000
SOURCE_LAYER=11
0
VERTEX
8
AI4M_01_ATOM_INTERNAL
10
4468.117371
20
81.402931
30
0
0
VERTEX
8
AI4M_01_ATOM_INTERNAL
10
4452.549438
20
80.710306
30
0
0
VERTEX
8
AI4M_01_ATOM_INTERNAL
10
4437.028809
20
80.03974
30
0
0
VERTEX
8
AI4M_01_ATOM_INTERNAL
10
4421.593933
20
79.392247
30
0
0
VERTEX
8
AI4M_01_ATOM_INTERNAL
10
4405.794678
20
78.752832
30
0
0
VERTEX
8
AI4M_01_ATOM_INTERNAL
10
4390.127869
20
78.14836
30
0
0
VERTEX
8
AI4M_01_ATOM_INTERNAL
10
4374.846497
20
77.59376
30
0
0
VERTEX
8
AI4M_01_ATOM_INTERNAL
10
4359.563904
20
77.079487
30
0
0
VERTEX
8
AI4M_01_ATOM_INTERNAL
10
4343.783569
20
76.596904
30
0
0
VERTEX
8
AI4M_01_ATOM_INTERNAL
10
4328.497925
20
76.181574
30
0
0
VERTEX
8
AI4M_01_ATOM_INTERNAL
10
4313.210754
20
75.821872
30
0
0
VERTEX
8
AI4M_01_ATOM_INTERNAL
10
4297.538757
20
75.514679
30
0
0
VERTEX
8
AI4M_01_ATOM_INTERNAL
10
4282.249451
20
75.271368
30
0
0
VERTEX
8
AI4M_01_ATOM_INTERNAL
10
4266.959229
20
75.075369
30
0
0
VERTEX
8
AI4M_01_ATOM_INTERNAL
10
4251.885681
20
74.921198
30
0
0
VERTEX
8
AI4M_01_ATOM_INTERNAL
10
4236.594849
20
74.80361
30
0
0
VERTEX
8
AI4M_01_ATOM_INTERNAL
10
4221.304016
20
74.727268
30
0
0
VERTEX
8
AI4M_01_ATOM_INTERNAL
10
4205.787964
20
74.69265
30
0
0
VERTEX
8
AI4M_01_ATOM_INTERNAL
10
4200
20
74.688234
30
0
0
SEQEND
8
AI4M_01_ATOM_INTERNAL
0
TEXT
8
AI4M_01_ATOM_INTERNAL
10
4468.117371
20
81.402931
30
0
40
2.5
1
AI4M_line_0124__seg_01_hem_line_hem_line
1001
AI4MANUFACTURING
1000
WRITEBACK_PHASE=01_ATOM_LABEL
1000
ENTITY_ID=line_0124__seg_01
999
AI4M_ENTITY=line_0125;LINE_ROLE=construction;EDGE=construction_vertical;SOURCE_LAYER=11
0
POLYLINE
8
AI4M_01_ATOM_INTERNAL
66
1
70
0
1001
AI4MANUFACTURING
1000
WRITEBACK_PHASE=01_ATOM
1000
ENTITY_ID=line_0125
1000
SOURCE_HANDLE=5AD
1000
LINE_ROLE=construction
1000
EDGE=construction_vertical
1000
CHAIN=piece_18_right_construction_vertical
1000
PIECE_ID=piece_18
1000
SEAM_PAIR=
1000
PAIRED_CHAIN=
1000
NOTCH_CHAIN=
1000
NOTCH_SOURCE=
1000
PIECE_ROLE=back_body
1000
SEAM_ALLOWANCE_MM=
1000
SOURCE_LAYER=11
0
VERTEX
8
AI4M_01_ATOM_INTERNAL
10
4466.489258
20
103.306923
30
0
0
VERTEX
8
AI4M_01_ATOM_INTERNAL
10
4468.117371
20
81.402931
30
0
0
SEQEND
8
AI4M_01_ATOM_INTERNAL
0
TEXT
8
AI4M_01_ATOM_INTERNAL
10
4466.489258
20
103.306923
30
0
40
2.5
1
AI4M_line_0125_construction_construction_vertical
1001
AI4MANUFACTURING
1000
WRITEBACK_PHASE=01_ATOM_LABEL
1000
ENTITY_ID=line_0125
999
AI4M_ENTITY=line_0126__seg_01;LINE_ROLE=side_seam;EDGE=side_seam;SOURCE_LAYER=11
0
POLYLINE
8
AI4M_01_ATOM_INTERNAL
66
1
70
0
1001
AI4MANUFACTURING
1000
WRITEBACK_PHASE=01_ATOM
1000
ENTITY_ID=line_0126__seg_01
1000
SOURCE_HANDLE=5B2
1000
LINE_ROLE=side_seam
1000
EDGE=side_seam
1000
CHAIN=piece_18_right_side_seam
1000
PIECE_ID=piece_18
1000
SEAM_PAIR=
1000
PAIRED_CHAIN=
1000
NOTCH_CHAIN=
1000
NOTCH_SOURCE=
1000
PIECE_ROLE=back_body
1000
SEAM_ALLOWANCE_MM=
1000
SOURCE_LAYER=11
0
VERTEX
8
AI4M_01_ATOM_INTERNAL
10
4466.489258
20
572.048874
30
0
0
VERTEX
8
AI4M_01_ATOM_INTERNAL
10
4466.489258
20
461.767235
30
0
0
VERTEX
8
AI4M_01_ATOM_INTERNAL
10
4466.489258
20
251.47295
30
0
0
VERTEX
8
AI4M_01_ATOM_INTERNAL
10
4466.489258
20
103.306923
30
0
0
SEQEND
8
AI4M_01_ATOM_INTERNAL
0
TEXT
8
AI4M_01_ATOM_INTERNAL
10
4466.489258
20
572.048874
30
0
40
2.5
1
AI4M_line_0126__seg_01_side_seam_side_seam
1001
AI4MANUFACTURING
1000
WRITEBACK_PHASE=01_ATOM_LABEL
1000
ENTITY_ID=line_0126__seg_01
999
AI4M_ENTITY=line_0127__seg_01;LINE_ROLE=armhole_back;EDGE=armhole_back;SOURCE_LAYER=11
0
POLYLINE
8
AI4M_01_ATOM_INTERNAL
66
1
70
0
1001
AI4MANUFACTURING
1000
WRITEBACK_PHASE=01_ATOM
1000
ENTITY_ID=line_0127__seg_01
1000
SOURCE_HANDLE=5B9
1000
LINE_ROLE=armhole_back
1000
EDGE=armhole_back
1000
CHAIN=piece_18_right_armhole_back
1000
PIECE_ID=piece_18
1000
SEAM_PAIR=
1000
PAIRED_CHAIN=
1000
NOTCH_CHAIN=
1000
NOTCH_SOURCE=
1000
PIECE_ROLE=back_body
1000
SEAM_ALLOWANCE_MM=
1000
SOURCE_LAYER=11
0
VERTEX
8
AI4M_01_ATOM_INTERNAL
10
4412.789001
20
756.089859
30
0
0
VERTEX
8
AI4M_01_ATOM_INTERNAL
10
4409.108582
20
741.396942
30
0
0
VERTEX
8
AI4M_01_ATOM_INTERNAL
10
4406.14502
20
729.498138
30
0
0
VERTEX
8
AI4M_01_ATOM_INTERNAL
10
4403.839722
20
719.193878
30
0
0
VERTEX
8
AI4M_01_ATOM_INTERNAL
10
4401.751709
20
708.80043
30
0
0
VERTEX
8
AI4M_01_ATOM_INTERNAL
10
4400.170593
20
699.764709
30
0
0
VERTEX
8
AI4M_01_ATOM_INTERNAL
10
4398.851624
20
690.825424
30
0
0
VERTEX
8
AI4M_01_ATOM_INTERNAL
10
4397.782593
20
681.92009
30
0
0
VERTEX
8
AI4M_01_ATOM_INTERNAL
10
4396.99707
20
673.428802
30
0
0
VERTEX
8
AI4M_01_ATOM_INTERNAL
10
4396.521301
20
665.692215
30
0
0
VERTEX
8
AI4M_01_ATOM_INTERNAL
10
4396.263123
20
657.445602
30
0
0
VERTEX
8
AI4M_01_ATOM_INTERNAL
10
4396.317139
20
652.677689
30
0
0
VERTEX
8
AI4M_01_ATOM_INTERNAL
10
4396.867981
20
642.797852
30
0
0
VERTEX
8
AI4M_01_ATOM_INTERNAL
10
4397.3172
20
638.734016
30
0
0
VERTEX
8
AI4M_01_ATOM_INTERNAL
10
4398.89679
20
629.664612
30
0
0
VERTEX
8
AI4M_01_ATOM_INTERNAL
10
4399.927979
20
625.358162
30
0
0
VERTEX
8
AI4M_01_ATOM_INTERNAL
10
4401.351624
20
620.52536
30
0
0
VERTEX
8
AI4M_01_ATOM_INTERNAL
10
4402.896729
20
616.131554
30
0
0
VERTEX
8
AI4M_01_ATOM_INTERNAL
10
4404.594421
20
612.041626
30
0
0
VERTEX
8
AI4M_01_ATOM_INTERNAL
10
4406.504517
20
608.086433
30
0
0
VERTEX
8
AI4M_01_ATOM_INTERNAL
10
4408.614502
20
604.253159
30
0
0
VERTEX
8
AI4M_01_ATOM_INTERNAL
10
4410.402832
20
601.466103
30
0
0
VERTEX
8
AI4M_01_ATOM_INTERNAL
10
4414.201355
20
596.266441
30
0
0
VERTEX
8
AI4M_01_ATOM_INTERNAL
10
4416.482544
20
593.69606
30
0
0
VERTEX
8
AI4M_01_ATOM_INTERNAL
10
4419.372864
20
590.805664
30
0
0
VERTEX
8
AI4M_01_ATOM_INTERNAL
10
4422.099915
20
588.421288
30
0
0
VERTEX
8
AI4M_01_ATOM_INTERNAL
10
4425.189209
20
586.057014
30
0
0
VERTEX
8
AI4M_01_ATOM_INTERNAL
10
4428.442688
20
583.8834
30
0
0
VERTEX
8
AI4M_01_ATOM_INTERNAL
10
4431.782532
20
581.946373
30
0
0
VERTEX
8
AI4M_01_ATOM_INTERNAL
10
4435.310974
20
580.182419
30
0
0
VERTEX
8
AI4M_01_ATOM_INTERNAL
10
4439.042664
20
578.596344
30
0
0
VERTEX
8
AI4M_01_ATOM_INTERNAL
10
4442.874451
20
577.234535
30
0
0
VERTEX
8
AI4M_01_ATOM_INTERNAL
10
4447.12616
20
575.996437
30
0
0
VERTEX
8
AI4M_01_ATOM_INTERNAL
10
4452.109985
20
574.816666
30
0
0
VERTEX
8
AI4M_01_ATOM_INTERNAL
10
4458.647766
20
573.566132
30
0
0
VERTEX
8
AI4M_01_ATOM_INTERNAL
10
4466.489258
20
572.048874
30
0
0
SEQEND
8
AI4M_01_ATOM_INTERNAL
0
TEXT
8
AI4M_01_ATOM_INTERNAL
10
4412.789001
20
756.089859
30
0
40
2.5
1
AI4M_line_0127__seg_01_armhole_back_armhole_back
1001
AI4MANUFACTURING
1000
WRITEBACK_PHASE=01_ATOM_LABEL
1000
ENTITY_ID=line_0127__seg_01
999
AI4M_ENTITY=line_0129__seg_01;LINE_ROLE=neckline;EDGE=neckline;SOURCE_LAYER=11
0
POLYLINE
8
AI4M_01_ATOM_INTERNAL
66
1
70
0
1001
AI4MANUFACTURING
1000
WRITEBACK_PHASE=01_ATOM
1000
ENTITY_ID=line_0129__seg_01
1000
SOURCE_HANDLE=5EF
1000
LINE_ROLE=neckline
1000
EDGE=neckline
1000
CHAIN=piece_18_bottom_neckline
1000
PIECE_ID=piece_18
1000
SEAM_PAIR=
1000
PAIRED_CHAIN=
1000
NOTCH_CHAIN=
1000
NOTCH_SOURCE=
1000
PIECE_ROLE=back_body
1000
SEAM_ALLOWANCE_MM=
1000
SOURCE_LAYER=11
0
VERTEX
8
AI4M_01_ATOM_INTERNAL
10
4200
20
716.37085
30
0
0
VERTEX
8
AI4M_01_ATOM_INTERNAL
10
4204.3396
20
716.685791
30
0
0
VERTEX
8
AI4M_01_ATOM_INTERNAL
10
4208.550415
20
717.237473
30
0
0
VERTEX
8
AI4M_01_ATOM_INTERNAL
10
4211.954956
20
717.908783
30
0
0
VERTEX
8
AI4M_01_ATOM_INTERNAL
10
4215.137939
20
718.78685
30
0
0
VERTEX
8
AI4M_01_ATOM_INTERNAL
10
4218.113098
20
719.855347
30
0
0
VERTEX
8
AI4M_01_ATOM_INTERNAL
10
4220.906982
20
721.114731
30
0
0
VERTEX
8
AI4M_01_ATOM_INTERNAL
10
4223.665466
20
722.626419
30
0
0
VERTEX
8
AI4M_01_ATOM_INTERNAL
10
4226.508789
20
724.474792
30
0
0
VERTEX
8
AI4M_01_ATOM_INTERNAL
10
4229.327393
20
726.604996
30
0
0
VERTEX
8
AI4M_01_ATOM_INTERNAL
10
4232.152405
20
729.0522
30
0
0
VERTEX
8
AI4M_01_ATOM_INTERNAL
10
4234.946594
20
731.807327
30
0
0
VERTEX
8
AI4M_01_ATOM_INTERNAL
10
4237.646179
20
734.818115
30
0
0
VERTEX
8
AI4M_01_ATOM_INTERNAL
10
4240.25238
20
738.090591
30
0
0
VERTEX
8
AI4M_01_ATOM_INTERNAL
10
4242.836304
20
741.740036
30
0
0
VERTEX
8
AI4M_01_ATOM_INTERNAL
10
4245.443115
20
745.847168
30
0
0
VERTEX
8
AI4M_01_ATOM_INTERNAL
10
4247.407227
20
749.367447
30
0
0
VERTEX
8
AI4M_01_ATOM_INTERNAL
10
4251.259766
20
757.04361
30
0
0
VERTEX
8
AI4M_01_ATOM_INTERNAL
10
4253.454285
20
762.173386
30
0
0
VERTEX
8
AI4M_01_ATOM_INTERNAL
10
4255.949097
20
768.607254
30
0
0
VERTEX
8
AI4M_01_ATOM_INTERNAL
10
4257.913818
20
774.336395
30
0
0
VERTEX
8
AI4M_01_ATOM_INTERNAL
10
4259.754639
20
780.484543
30
0
0
VERTEX
8
AI4M_01_ATOM_INTERNAL
10
4261.368713
20
786.723862
30
0
0
VERTEX
8
AI4M_01_ATOM_INTERNAL
10
4264.701843
20
801.377716
30
0
0
VERTEX
8
AI4M_01_ATOM_INTERNAL
10
4265.649414
20
805.311737
30
0
0
SEQEND
8
AI4M_01_ATOM_INTERNAL
0
TEXT
8
AI4M_01_ATOM_INTERNAL
10
4200
20
716.37085
30
0
40
2.5
1
AI4M_line_0129__seg_01_neckline_neckline
1001
AI4MANUFACTURING
1000
WRITEBACK_PHASE=01_ATOM_LABEL
1000
ENTITY_ID=line_0129__seg_01
999
AI4M_ENTITY=line_0130__seg_01;LINE_ROLE=neckline;EDGE=neckline;SOURCE_LAYER=11
0
POLYLINE
8
AI4M_01_ATOM_INTERNAL
66
1
70
0
1001
AI4MANUFACTURING
1000
WRITEBACK_PHASE=01_ATOM
1000
ENTITY_ID=line_0130__seg_01
1000
SOURCE_HANDLE=60B
1000
LINE_ROLE=neckline
1000
EDGE=neckline
1000
CHAIN=piece_18_bottom_neckline
1000
PIECE_ID=piece_18
1000
SEAM_PAIR=
1000
PAIRED_CHAIN=
1000
NOTCH_CHAIN=
1000
NOTCH_SOURCE=
1000
PIECE_ROLE=back_body
1000
SEAM_ALLOWANCE_MM=
1000
SOURCE_LAYER=11
0
VERTEX
8
AI4M_01_ATOM_INTERNAL
10
4134.350586
20
805.311737
30
0
0
VERTEX
8
AI4M_01_ATOM_INTERNAL
10
4137.044067
20
793.736877
30
0
0
VERTEX
8
AI4M_01_ATOM_INTERNAL
10
4139.050598
20
785.008163
30
0
0
VERTEX
8
AI4M_01_ATOM_INTERNAL
10
4140.746155
20
778.725739
30
0
0
VERTEX
8
AI4M_01_ATOM_INTERNAL
10
4142.60498
20
772.748566
30
0
0
VERTEX
8
AI4M_01_ATOM_INTERNAL
10
4144.628296
20
767.052917
30
0
0
VERTEX
8
AI4M_01_ATOM_INTERNAL
10
4147.317505
20
760.301437
30
0
0
VERTEX
8
AI4M_01_ATOM_INTERNAL
10
4149.322205
20
755.8004
30
0
0
VERTEX
8
AI4M_01_ATOM_INTERNAL
10
4153.652954
20
747.40509
30
0
0
VERTEX
8
AI4M_01_ATOM_INTERNAL
10
4155.907288
20
743.661652
30
0
0
VERTEX
8
AI4M_01_ATOM_INTERNAL
10
4158.627014
20
739.622498
30
0
0
VERTEX
8
AI4M_01_ATOM_INTERNAL
10
4161.22406
20
736.189117
30
0
0
VERTEX
8
AI4M_01_ATOM_INTERNAL
10
4163.945923
20
732.999039
30
0
0
VERTEX
8
AI4M_01_ATOM_INTERNAL
10
4166.687012
20
730.154114
30
0
0
VERTEX
8
AI4M_01_ATOM_INTERNAL
10
4169.570618
20
727.521362
30
0
0
VERTEX
8
AI4M_01_ATOM_INTERNAL
10
4172.420654
20
725.24826
30
0
0
VERTEX
8
AI4M_01_ATOM_INTERNAL
10
4175.26825
20
723.284836
30
0
0
VERTEX
8
AI4M_01_ATOM_INTERNAL
10
4178.114929
20
721.619415
30
0
0
VERTEX
8
AI4M_01_ATOM_INTERNAL
10
4180.960693
20
720.24353
30
0
0
VERTEX
8
AI4M_01_ATOM_INTERNAL
10
4183.893433
20
719.106522
30
0
0
VERTEX
8
AI4M_01_ATOM_INTERNAL
10
4187.00592
20
718.167267
30
0
0
VERTEX
8
AI4M_01_ATOM_INTERNAL
10
4190.228577
20
717.449646
30
0
0
VERTEX
8
AI4M_01_ATOM_INTERNAL
10
4194.119568
20
716.859589
30
0
0
VERTEX
8
AI4M_01_ATOM_INTERNAL
10
4198.377075
20
716.458359
30
0
0
VERTEX
8
AI4M_01_ATOM_INTERNAL
10
4200
20
716.37085
30
0
0
SEQEND
8
AI4M_01_ATOM_INTERNAL
0
TEXT
8
AI4M_01_ATOM_INTERNAL
10
4134.350586
20
805.311737
30
0
40
2.5
1
AI4M_line_0130__seg_01_neckline_neckline
1001
AI4MANUFACTURING
1000
WRITEBACK_PHASE=01_ATOM_LABEL
1000
ENTITY_ID=line_0130__seg_01
999
AI4M_ENTITY=line_0132__seg_01;LINE_ROLE=armhole_back;EDGE=armhole_back;SOURCE_LAYER=11
0
POLYLINE
8
AI4M_01_ATOM_INTERNAL
66
1
70
0
1001
AI4MANUFACTURING
1000
WRITEBACK_PHASE=01_ATOM
1000
ENTITY_ID=line_0132__seg_01
1000
SOURCE_HANDLE=636
1000
LINE_ROLE=armhole_back
1000
EDGE=armhole_back
1000
CHAIN=piece_18_left_armhole_back
1000
PIECE_ID=piece_18
1000
SEAM_PAIR=
1000
PAIRED_CHAIN=
1000
NOTCH_CHAIN=
1000
NOTCH_SOURCE=
1000
PIECE_ROLE=back_body
1000
SEAM_ALLOWANCE_MM=
1000
SOURCE_LAYER=11
0
VERTEX
8
AI4M_01_ATOM_INTERNAL
10
3933.510742
20
572.048874
30
0
0
VERTEX
8
AI4M_01_ATOM_INTERNAL
10
3943.128967
20
573.88649
30
0
0
VERTEX
8
AI4M_01_ATOM_INTERNAL
10
3949.040222
20
575.067711
30
0
0
VERTEX
8
AI4M_01_ATOM_INTERNAL
10
3953.95874
20
576.288872
30
0
0
VERTEX
8
AI4M_01_ATOM_INTERNAL
10
3958.095703
20
577.555428
30
0
0
VERTEX
8
AI4M_01_ATOM_INTERNAL
10
3961.92627
20
578.982391
30
0
0
VERTEX
8
AI4M_01_ATOM_INTERNAL
10
3965.643005
20
580.632706
30
0
0
VERTEX
8
AI4M_01_ATOM_INTERNAL
10
3969.138794
20
582.453232
30
0
0
VERTEX
8
AI4M_01_ATOM_INTERNAL
10
3972.515564
20
584.492569
30
0
0
VERTEX
8
AI4M_01_ATOM_INTERNAL
10
3975.686035
20
586.695328
30
0
0
VERTEX
8
AI4M_01_ATOM_INTERNAL
10
3978.66333
20
589.057083
30
0
0
VERTEX
8
AI4M_01_ATOM_INTERNAL
10
3981.374512
20
591.517601
30
0
0
VERTEX
8
AI4M_01_ATOM_INTERNAL
10
3984.290466
20
594.529648
30
0
0
VERTEX
8
AI4M_01_ATOM_INTERNAL
10
3986.348877
20
596.954193
30
0
0
VERTEX
8
AI4M_01_ATOM_INTERNAL
10
3990.419922
20
602.690811
30
0
0
VERTEX
8
AI4M_01_ATOM_INTERNAL
10
3992.279053
20
605.813141
30
0
0
VERTEX
8
AI4M_01_ATOM_INTERNAL
10
3994.385376
20
609.861031
30
0
0
VERTEX
8
AI4M_01_ATOM_INTERNAL
10
3996.187439
20
613.845024
30
0
0
VERTEX
8
AI4M_01_ATOM_INTERNAL
10
3997.810669
20
618.049355
30
0
0
VERTEX
8
AI4M_01_ATOM_INTERNAL
10
3999.286499
20
622.583771
30
0
0
VERTEX
8
AI4M_01_ATOM_INTERNAL
10
4000.568237
20
627.298584
30
0
0
VERTEX
8
AI4M_01_ATOM_INTERNAL
10
4001.429749
20
631.335602
30
0
0
VERTEX
8
AI4M_01_ATOM_INTERNAL
10
4002.858887
20
640.074081
30
0
0
VERTEX
8
AI4M_01_ATOM_INTERNAL
10
4003.257141
20
644.486618
30
0
0
VERTEX
8
AI4M_01_ATOM_INTERNAL
10
4003.736267
20
654.66011
30
0
0
VERTEX
8
AI4M_01_ATOM_INTERNAL
10
4003.678894
20
660.224762
30
0
0
VERTEX
8
AI4M_01_ATOM_INTERNAL
10
4003.330383
20
668.566132
30
0
0
VERTEX
8
AI4M_01_ATOM_INTERNAL
10
4002.761841
20
676.338959
30
0
0
VERTEX
8
AI4M_01_ATOM_INTERNAL
10
4001.867065
20
685.067978
30
0
0
VERTEX
8
AI4M_01_ATOM_INTERNAL
10
4000.71167
20
693.97438
30
0
0
VERTEX
8
AI4M_01_ATOM_INTERNAL
10
3999.300842
20
702.947006
30
0
0
VERTEX
8
AI4M_01_ATOM_INTERNAL
10
3997.57782
20
712.279205
30
0
0
VERTEX
8
AI4M_01_ATOM_INTERNAL
10
3995.304565
20
723.147659
30
0
0
VERTEX
8
AI4M_01_ATOM_INTERNAL
10
3992.977905
20
733.140564
30
0
0
VERTEX
8
AI4M_01_ATOM_INTERNAL
10
3989.265137
20
747.776794
30
0
0
VERTEX
8
AI4M_01_ATOM_INTERNAL
10
3987.210999
20
756.089859
30
0
0
SEQEND
8
AI4M_01_ATOM_INTERNAL
0
TEXT
8
AI4M_01_ATOM_INTERNAL
10
3933.510742
20
572.048874
30
0
40
2.5
1
AI4M_line_0132__seg_01_armhole_back_armhole_back
1001
AI4MANUFACTURING
1000
WRITEBACK_PHASE=01_ATOM_LABEL
1000
ENTITY_ID=line_0132__seg_01
999
AI4M_ENTITY=line_0133__seg_01;LINE_ROLE=side_seam;EDGE=side_seam;SOURCE_LAYER=11
0
POLYLINE
8
AI4M_01_ATOM_INTERNAL
66
1
70
0
1001
AI4MANUFACTURING
1000
WRITEBACK_PHASE=01_ATOM
1000
ENTITY_ID=line_0133__seg_01
1000
SOURCE_HANDLE=65D
1000
LINE_ROLE=side_seam
1000
EDGE=side_seam
1000
CHAIN=piece_18_left_side_seam
1000
PIECE_ID=piece_18
1000
SEAM_PAIR=
1000
PAIRED_CHAIN=
1000
NOTCH_CHAIN=
1000
NOTCH_SOURCE=
1000
PIECE_ROLE=back_body
1000
SEAM_ALLOWANCE_MM=
1000
SOURCE_LAYER=11
0
VERTEX
8
AI4M_01_ATOM_INTERNAL
10
3933.510742
20
103.306923
30
0
0
VERTEX
8
AI4M_01_ATOM_INTERNAL
10
3933.510742
20
251.47295
30
0
0
VERTEX
8
AI4M_01_ATOM_INTERNAL
10
3933.510742
20
461.767235
30
0
0
VERTEX
8
AI4M_01_ATOM_INTERNAL
10
3933.510742
20
572.048874
30
0
0
SEQEND
8
AI4M_01_ATOM_INTERNAL
0
TEXT
8
AI4M_01_ATOM_INTERNAL
10
3933.510742
20
103.306923
30
0
40
2.5
1
AI4M_line_0133__seg_01_side_seam_side_seam
1001
AI4MANUFACTURING
1000
WRITEBACK_PHASE=01_ATOM_LABEL
1000
ENTITY_ID=line_0133__seg_01
999
AI4M_ENTITY=line_0134;LINE_ROLE=construction;EDGE=construction_vertical;SOURCE_LAYER=11
0
POLYLINE
8
AI4M_01_ATOM_INTERNAL
66
1
70
0
1001
AI4MANUFACTURING
1000
WRITEBACK_PHASE=01_ATOM
1000
ENTITY_ID=line_0134
1000
SOURCE_HANDLE=664
1000
LINE_ROLE=construction
1000
EDGE=construction_vertical
1000
CHAIN=piece_18_left_construction_vertical
1000
PIECE_ID=piece_18
1000
SEAM_PAIR=
1000
PAIRED_CHAIN=
1000
NOTCH_CHAIN=
1000
NOTCH_SOURCE=
1000
PIECE_ROLE=back_body
1000
SEAM_ALLOWANCE_MM=
1000
SOURCE_LAYER=11
0
VERTEX
8
AI4M_01_ATOM_INTERNAL
10
3931.882629
20
81.402931
30
0
0
VERTEX
8
AI4M_01_ATOM_INTERNAL
10
3933.510742
20
103.306923
30
0
0
SEQEND
8
AI4M_01_ATOM_INTERNAL
0
TEXT
8
AI4M_01_ATOM_INTERNAL
10
3931.882629
20
81.402931
30
0
40
2.5
1
AI4M_line_0134_construction_construction_vertical
1001
AI4MANUFACTURING
1000
WRITEBACK_PHASE=01_ATOM_LABEL
1000
ENTITY_ID=line_0134
999
AI4M_ENTITY=line_0135;LINE_ROLE=construction;EDGE=construction_vertical;SOURCE_LAYER=11
0
POLYLINE
8
AI4M_01_ATOM_INTERNAL
66
1
70
0
1001
AI4MANUFACTURING
1000
WRITEBACK_PHASE=01_ATOM
1000
ENTITY_ID=line_0135
1000
SOURCE_HANDLE=669
1000
LINE_ROLE=construction
1000
EDGE=construction_vertical
1000
CHAIN=chain_ms07xz91
1000
PIECE_ID=
1000
SEAM_PAIR=
1000
PAIRED_CHAIN=
1000
NOTCH_CHAIN=
1000
NOTCH_SOURCE=
1000
PIECE_ROLE=unknown
1000
SEAM_ALLOWANCE_MM=
1000
SOURCE_LAYER=11
0
VERTEX
8
AI4M_01_ATOM_INTERNAL
10
4062.650757
20
380.416718
30
0
0
VERTEX
8
AI4M_01_ATOM_INTERNAL
10
4062.650757
20
253.274422
30
0
0
SEQEND
8
AI4M_01_ATOM_INTERNAL
0
TEXT
8
AI4M_01_ATOM_INTERNAL
10
4062.650757
20
380.416718
30
0
40
2.5
1
AI4M_line_0135_construction_construction_vertical
1001
AI4MANUFACTURING
1000
WRITEBACK_PHASE=01_ATOM_LABEL
1000
ENTITY_ID=line_0135
999
AI4M_ENTITY=line_0136;LINE_ROLE=construction;EDGE=construction_vertical;SOURCE_LAYER=11
0
POLYLINE
8
AI4M_01_ATOM_INTERNAL
66
1
70
0
1001
AI4MANUFACTURING
1000
WRITEBACK_PHASE=01_ATOM
1000
ENTITY_ID=line_0136
1000
SOURCE_HANDLE=66A
1000
LINE_ROLE=construction
1000
EDGE=construction_vertical
1000
CHAIN=chain_ms07xz91
1000
PIECE_ID=
1000
SEAM_PAIR=
1000
PAIRED_CHAIN=
1000
NOTCH_CHAIN=
1000
NOTCH_SOURCE=
1000
PIECE_ROLE=unknown
1000
SEAM_ALLOWANCE_MM=
1000
SOURCE_LAYER=11
0
VERTEX
8
AI4M_01_ATOM_INTERNAL
10
4062.650757
20
253.274422
30
0
0
VERTEX
8
AI4M_01_ATOM_INTERNAL
10
4066.034404
20
272.986117
30
0
0
SEQEND
8
AI4M_01_ATOM_INTERNAL
0
TEXT
8
AI4M_01_ATOM_INTERNAL
10
4062.650757
20
253.274422
30
0
40
2.5
1
AI4M_line_0136_construction_construction_vertical
1001
AI4MANUFACTURING
1000
WRITEBACK_PHASE=01_ATOM_LABEL
1000
ENTITY_ID=line_0136
999
AI4M_ENTITY=line_0137;LINE_ROLE=construction;EDGE=construction_vertical;SOURCE_LAYER=11
0
POLYLINE
8
AI4M_01_ATOM_INTERNAL
66
1
70
0
1001
AI4MANUFACTURING
1000
WRITEBACK_PHASE=01_ATOM
1000
ENTITY_ID=line_0137
1000
SOURCE_HANDLE=66B
1000
LINE_ROLE=construction
1000
EDGE=construction_vertical
1000
CHAIN=chain_ms07xz91
1000
PIECE_ID=
1000
SEAM_PAIR=
1000
PAIRED_CHAIN=
1000
NOTCH_CHAIN=
1000
NOTCH_SOURCE=
1000
PIECE_ROLE=unknown
1000
SEAM_ALLOWANCE_MM=
1000
SOURCE_LAYER=11
0
VERTEX
8
AI4M_01_ATOM_INTERNAL
10
4062.650757
20
253.274422
30
0
0
VERTEX
8
AI4M_01_ATOM_INTERNAL
10
4062.650757
20
253.274422
30
0
0
SEQEND
8
AI4M_01_ATOM_INTERNAL
0
TEXT
8
AI4M_01_ATOM_INTERNAL
10
4062.650757
20
253.274422
30
0
40
2.5
1
AI4M_line_0137_construction_construction_vertical
1001
AI4MANUFACTURING
1000
WRITEBACK_PHASE=01_ATOM_LABEL
1000
ENTITY_ID=line_0137
999
AI4M_ENTITY=line_0019;LINE_ROLE=armhole_front;EDGE=armhole_front;SOURCE_LAYER=11
0
POLYLINE
8
AI4M_01_ATOM_INTERNAL
66
1
70
0
1001
AI4MANUFACTURING
1000
WRITEBACK_PHASE=01_ATOM
1000
ENTITY_ID=line_0019
1000
SOURCE_HANDLE=1BA
1000
LINE_ROLE=armhole_front
1000
EDGE=armhole_front
1000
CHAIN=chain_ms07y89w
1000
PIECE_ID=
1000
SEAM_PAIR=
1000
PAIRED_CHAIN=
1000
NOTCH_CHAIN=
1000
NOTCH_SOURCE=
1000
PIECE_ROLE=unknown
1000
SEAM_ALLOWANCE_MM=
1000
SOURCE_LAYER=11
0
VERTEX
8
AI4M_01_ATOM_INTERNAL
10
5156.07605
20
94.236021
30
0
0
VERTEX
8
AI4M_01_ATOM_INTERNAL
10
5156.355591
20
72.236023
30
0
0
SEQEND
8
AI4M_01_ATOM_INTERNAL
0
TEXT
8
AI4M_01_ATOM_INTERNAL
10
5156.07605
20
94.236021
30
0
40
2.5
1
AI4M_line_0019_armhole_front_armhole_front
1001
AI4MANUFACTURING
1000
WRITEBACK_PHASE=01_ATOM_LABEL
1000
ENTITY_ID=line_0019
999
AI4M_ENTITY=line_0001;LINE_ROLE=armhole_front;EDGE=armhole_front;SOURCE_LAYER=11
0
POLYLINE
8
AI4M_01_ATOM_INTERNAL
66
1
70
0
1001
AI4MANUFACTURING
1000
WRITEBACK_PHASE=01_ATOM
1000
ENTITY_ID=line_0001
1000
SOURCE_HANDLE=100
1000
LINE_ROLE=armhole_front
1000
EDGE=armhole_front
1000
CHAIN=chain_ms07y89w
1000
PIECE_ID=
1000
SEAM_PAIR=
1000
PAIRED_CHAIN=
1000
NOTCH_CHAIN=
1000
NOTCH_SOURCE=
1000
PIECE_ROLE=unknown
1000
SEAM_ALLOWANCE_MM=
1000
SOURCE_LAYER=11
0
VERTEX
8
AI4M_01_ATOM_INTERNAL
10
4603.644409
20
72.236023
30
0
0
VERTEX
8
AI4M_01_ATOM_INTERNAL
10
4603.924255
20
94.236021
30
0
0
SEQEND
8
AI4M_01_ATOM_INTERNAL
0
TEXT
8
AI4M_01_ATOM_INTERNAL
10
4603.644409
20
72.236023
30
0
40
2.5
1
AI4M_line_0001_armhole_front_armhole_front
1001
AI4MANUFACTURING
1000
WRITEBACK_PHASE=01_ATOM_LABEL
1000
ENTITY_ID=line_0001
999
AI4M_ENTITY=line_0002__seg_01;LINE_ROLE=armhole_back;EDGE=armhole_back;SOURCE_LAYER=11
0
POLYLINE
8
AI4M_01_ATOM_INTERNAL
66
1
70
0
1001
AI4MANUFACTURING
1000
WRITEBACK_PHASE=01_ATOM
1000
ENTITY_ID=line_0002__seg_01
1000
SOURCE_HANDLE=105
1000
LINE_ROLE=armhole_back
1000
EDGE=armhole_back
1000
CHAIN=chain_ms07y89w
1000
PIECE_ID=
1000
SEAM_PAIR=
1000
PAIRED_CHAIN=
1000
NOTCH_CHAIN=
1000
NOTCH_SOURCE=
1000
PIECE_ROLE=unknown
1000
SEAM_ALLOWANCE_MM=
1000
SOURCE_LAYER=11
0
VERTEX
8
AI4M_01_ATOM_INTERNAL
10
4603.924255
20
94.236021
30
0
0
VERTEX
8
AI4M_01_ATOM_INTERNAL
10
4603.044128
20
163.416042
30
0
0
VERTEX
8
AI4M_01_ATOM_INTERNAL
10
4602.036743
20
242.609768
30
0
0
VERTEX
8
AI4M_01_ATOM_INTERNAL
10
4599.366455
20
452.508926
30
0
0
VERTEX
8
AI4M_01_ATOM_INTERNAL
10
4598.05603
20
555.537224
30
0
0
SEQEND
8
AI4M_01_ATOM_INTERNAL
0
TEXT
8
AI4M_01_ATOM_INTERNAL
10
4603.924255
20
94.236021
30
0
40
2.5
1
AI4M_line_0002__seg_01_armhole_back_armhole_back
1001
AI4MANUFACTURING
1000
WRITEBACK_PHASE=01_ATOM_LABEL
1000
ENTITY_ID=line_0002__seg_01
999
AI4M_ENTITY=line_0003;LINE_ROLE=armhole_front;EDGE=armhole_front;SOURCE_LAYER=11
0
POLYLINE
8
AI4M_01_ATOM_INTERNAL
66
1
70
0
1001
AI4MANUFACTURING
1000
WRITEBACK_PHASE=01_ATOM
1000
ENTITY_ID=line_0003
1000
SOURCE_HANDLE=10D
1000
LINE_ROLE=armhole_front
1000
EDGE=armhole_front
1000
CHAIN=chain_ms07y89w
1000
PIECE_ID=
1000
SEAM_PAIR=
1000
PAIRED_CHAIN=
1000
NOTCH_CHAIN=
1000
NOTCH_SOURCE=
1000
PIECE_ROLE=unknown
1000
SEAM_ALLOWANCE_MM=
1000
SOURCE_LAYER=11
0
VERTEX
8
AI4M_01_ATOM_INTERNAL
10
4600.544331
20
163.384188
30
0
0
VERTEX
8
AI4M_01_ATOM_INTERNAL
10
4605.543925
20
163.447896
30
0
0
SEQEND
8
AI4M_01_ATOM_INTERNAL
0
TEXT
8
AI4M_01_ATOM_INTERNAL
10
4600.544331
20
163.384188
30
0
40
2.5
1
AI4M_line_0003_armhole_front_armhole_front
1001
AI4MANUFACTURING
1000
WRITEBACK_PHASE=01_ATOM_LABEL
1000
ENTITY_ID=line_0003
999
AI4M_ENTITY=line_0004;LINE_ROLE=armhole_back;EDGE=armhole_back;SOURCE_LAYER=11
0
POLYLINE
8
AI4M_01_ATOM_INTERNAL
66
1
70
0
1001
AI4MANUFACTURING
1000
WRITEBACK_PHASE=01_ATOM
1000
ENTITY_ID=line_0004
1000
SOURCE_HANDLE=10E
1000
LINE_ROLE=armhole_back
1000
EDGE=armhole_back
1000
CHAIN=chain_ms07y89w
1000
PIECE_ID=
1000
SEAM_PAIR=
1000
PAIRED_CHAIN=
1000
NOTCH_CHAIN=
1000
NOTCH_SOURCE=
1000
PIECE_ROLE=unknown
1000
SEAM_ALLOWANCE_MM=
1000
SOURCE_LAYER=11
0
VERTEX
8
AI4M_01_ATOM_INTERNAL
10
4599.536946
20
242.577917
30
0
0
VERTEX
8
AI4M_01_ATOM_INTERNAL
10
4604.53654
20
242.641622
30
0
0
SEQEND
8
AI4M_01_ATOM_INTERNAL
0
TEXT
8
AI4M_01_ATOM_INTERNAL
10
4599.536946
20
242.577917
30
0
40
2.5
1
AI4M_line_0004_armhole_back_armhole_back
1001
AI4MANUFACTURING
1000
WRITEBACK_PHASE=01_ATOM_LABEL
1000
ENTITY_ID=line_0004
999
AI4M_ENTITY=line_0005;LINE_ROLE=armhole_front;EDGE=armhole_front;SOURCE_LAYER=11
0
POLYLINE
8
AI4M_01_ATOM_INTERNAL
66
1
70
0
1001
AI4MANUFACTURING
1000
WRITEBACK_PHASE=01_ATOM
1000
ENTITY_ID=line_0005
1000
SOURCE_HANDLE=10F
1000
LINE_ROLE=armhole_front
1000
EDGE=armhole_front
1000
CHAIN=chain_ms07y89w
1000
PIECE_ID=
1000
SEAM_PAIR=
1000
PAIRED_CHAIN=
1000
NOTCH_CHAIN=
1000
NOTCH_SOURCE=
1000
PIECE_ROLE=unknown
1000
SEAM_ALLOWANCE_MM=
1000
SOURCE_LAYER=11
0
VERTEX
8
AI4M_01_ATOM_INTERNAL
10
4596.866658
20
452.477104
30
0
0
VERTEX
8
AI4M_01_ATOM_INTERNAL
10
4601.866252
20
452.540809
30
0
0
SEQEND
8
AI4M_01_ATOM_INTERNAL
0
TEXT
8
AI4M_01_ATOM_INTERNAL
10
4596.866658
20
452.477104
30
0
40
2.5
1
AI4M_line_0005_armhole_front_armhole_front
1001
AI4MANUFACTURING
1000
WRITEBACK_PHASE=01_ATOM_LABEL
1000
ENTITY_ID=line_0005
999
AI4M_ENTITY=line_0006__seg_01;LINE_ROLE=armhole_back;EDGE=armhole_back;SOURCE_LAYER=11
0
POLYLINE
8
AI4M_01_ATOM_INTERNAL
66
1
70
0
1001
AI4MANUFACTURING
1000
WRITEBACK_PHASE=01_ATOM
1000
ENTITY_ID=line_0006__seg_01
1000
SOURCE_HANDLE=110
1000
LINE_ROLE=armhole_back
1000
EDGE=armhole_back
1000
CHAIN=chain_ms07y89w
1000
PIECE_ID=
1000
SEAM_PAIR=
1000
PAIRED_CHAIN=
1000
NOTCH_CHAIN=
1000
NOTCH_SOURCE=
1000
PIECE_ROLE=unknown
1000
SEAM_ALLOWANCE_MM=
1000
SOURCE_LAYER=11
0
VERTEX
8
AI4M_01_ATOM_INTERNAL
10
4598.05603
20
555.537224
30
0
0
VERTEX
8
AI4M_01_ATOM_INTERNAL
10
4612.12535
20
561.149864
30
0
0
VERTEX
8
AI4M_01_ATOM_INTERNAL
10
4616.609168
20
563.261869
30
0
0
VERTEX
8
AI4M_01_ATOM_INTERNAL
10
4620.757303
20
565.479975
30
0
0
VERTEX
8
AI4M_01_ATOM_INTERNAL
10
4624.325823
20
567.66046
30
0
0
VERTEX
8
AI4M_01_ATOM_INTERNAL
10
4627.588543
20
569.95055
30
0
0
VERTEX
8
AI4M_01_ATOM_INTERNAL
10
4630.728951
20
572.459199
30
0
0
VERTEX
8
AI4M_01_ATOM_INTERNAL
10
4633.739578
20
575.17924
30
0
0
VERTEX
8
AI4M_01_ATOM_INTERNAL
10
4636.605021
20
578.098215
30
0
0
VERTEX
8
AI4M_01_ATOM_INTERNAL
10
4639.332665
20
581.229957
30
0
0
VERTEX
8
AI4M_01_ATOM_INTERNAL
10
4641.900321
20
584.557066
30
0
0
VERTEX
8
AI4M_01_ATOM_INTERNAL
10
4644.296834
20
588.069761
30
0
0
VERTEX
8
AI4M_01_ATOM_INTERNAL
10
4646.493952
20
591.725628
30
0
0
VERTEX
8
AI4M_01_ATOM_INTERNAL
10
4648.490487
20
595.519546
30
0
0
VERTEX
8
AI4M_01_ATOM_INTERNAL
10
4650.314774
20
599.527873
30
0
0
VERTEX
8
AI4M_01_ATOM_INTERNAL
10
4651.937204
20
603.694394
30
0
0
VERTEX
8
AI4M_01_ATOM_INTERNAL
10
4653.44785
20
608.274836
30
0
0
VERTEX
8
AI4M_01_ATOM_INTERNAL
10
4654.879065
20
613.453651
30
0
0
VERTEX
8
AI4M_01_ATOM_INTERNAL
10
4656.412076
20
619.993504
30
0
0
VERTEX
8
AI4M_01_ATOM_INTERNAL
10
4657.325975
20
624.848094
30
0
0
VERTEX
8
AI4M_01_ATOM_INTERNAL
10
4658.848817
20
634.755416
30
0
0
VERTEX
8
AI4M_01_ATOM_INTERNAL
10
4659.532426
20
641.28453
30
0
0
VERTEX
8
AI4M_01_ATOM_INTERNAL
10
4660.061963
20
648.338655
30
0
0
VERTEX
8
AI4M_01_ATOM_INTERNAL
10
4660.203837
20
653.275009
30
0
0
VERTEX
8
AI4M_01_ATOM_INTERNAL
10
4660.306804
20
663.936763
30
0
0
VERTEX
8
AI4M_01_ATOM_INTERNAL
10
4660.085127
20
671.435432
30
0
0
VERTEX
8
AI4M_01_ATOM_INTERNAL
10
4659.424132
20
683.564433
30
0
0
VERTEX
8
AI4M_01_ATOM_INTERNAL
10
4658.469015
20
696.541563
30
0
0
VERTEX
8
AI4M_01_ATOM_INTERNAL
10
4657.355786
20
708.525566
30
0
0
VERTEX
8
AI4M_01_ATOM_INTERNAL
10
4656.120918
20
719.305666
30
0
0
VERTEX
8
AI4M_01_ATOM_INTERNAL
10
4654.698044
20
729.571723
30
0
0
VERTEX
8
AI4M_01_ATOM_INTERNAL
10
4652.832407
20
741.165692
30
0
0
VERTEX
8
AI4M_01_ATOM_INTERNAL
10
4650.899754
20
751.727651
30
0
0
VERTEX
8
AI4M_01_ATOM_INTERNAL
10
4647.917576
20
766.43131
30
0
0
VERTEX
8
AI4M_01_ATOM_INTERNAL
10
4646.006775
20
776.100693
30
0
0
SEQEND
8
AI4M_01_ATOM_INTERNAL
0
TEXT
8
AI4M_01_ATOM_INTERNAL
10
4598.05603
20
555.537224
30
0
40
2.5
1
AI4M_line_0006__seg_01_armhole_back_armhole_back
1001
AI4MANUFACTURING
1000
WRITEBACK_PHASE=01_ATOM_LABEL
1000
ENTITY_ID=line_0006__seg_01
999
AI4M_ENTITY=line_0007;LINE_ROLE=armhole_front;EDGE=armhole_front;SOURCE_LAYER=11
0
POLYLINE
8
AI4M_01_ATOM_INTERNAL
66
1
70
0
1001
AI4MANUFACTURING
1000
WRITEBACK_PHASE=01_ATOM
1000
ENTITY_ID=line_0007
1000
SOURCE_HANDLE=136
1000
LINE_ROLE=armhole_front
1000
EDGE=armhole_front
1000
CHAIN=chain_ms07y89w
1000
PIECE_ID=
1000
SEAM_PAIR=
1000
PAIRED_CHAIN=
1000
NOTCH_CHAIN=
1000
NOTCH_SOURCE=
1000
PIECE_ROLE=unknown
1000
SEAM_ALLOWANCE_MM=
1000
SOURCE_LAYER=11
0
VERTEX
8
AI4M_01_ATOM_INTERNAL
10
4655.180865
20
627.293491
30
0
0
VERTEX
8
AI4M_01_ATOM_INTERNAL
10
4660.118739
20
626.507741
30
0
0
SEQEND
8
AI4M_01_ATOM_INTERNAL
0
TEXT
8
AI4M_01_ATOM_INTERNAL
10
4655.180865
20
627.293491
30
0
40
2.5
1
AI4M_line_0007_armhole_front_armhole_front
1001
AI4MANUFACTURING
1000
WRITEBACK_PHASE=01_ATOM_LABEL
1000
ENTITY_ID=line_0007
999
AI4M_ENTITY=line_0008__seg_01;LINE_ROLE=armhole_back;EDGE=armhole_back;SOURCE_LAYER=11
0
POLYLINE
8
AI4M_01_ATOM_INTERNAL
66
1
70
0
1001
AI4MANUFACTURING
1000
WRITEBACK_PHASE=01_ATOM
1000
ENTITY_ID=line_0008__seg_01
1000
SOURCE_HANDLE=137
1000
LINE_ROLE=armhole_back
1000
EDGE=armhole_back
1000
CHAIN=chain_ms07y89w
1000
PIECE_ID=
1000
SEAM_PAIR=
1000
PAIRED_CHAIN=
1000
NOTCH_CHAIN=
1000
NOTCH_SOURCE=
1000
PIECE_ROLE=unknown
1000
SEAM_ALLOWANCE_MM=
1000
SOURCE_LAYER=11
0
VERTEX
8
AI4M_01_ATOM_INTERNAL
10
4646.006775
20
776.100693
30
0
0
VERTEX
8
AI4M_01_ATOM_INTERNAL
10
4661.050501
20
780.992064
30
0
0
VERTEX
8
AI4M_01_ATOM_INTERNAL
10
4675.69729
20
785.798988
30
0
0
VERTEX
8
AI4M_01_ATOM_INTERNAL
10
4690.575282
20
790.728913
30
0
0
VERTEX
8
AI4M_01_ATOM_INTERNAL
10
4705.392839
20
795.698345
30
0
0
VERTEX
8
AI4M_01_ATOM_INTERNAL
10
4720.259382
20
800.758654
30
0
0
VERTEX
8
AI4M_01_ATOM_INTERNAL
10
4734.629453
20
805.72799
30
0
0
VERTEX
8
AI4M_01_ATOM_INTERNAL
10
4749.445457
20
810.934078
30
0
0
VERTEX
8
AI4M_01_ATOM_INTERNAL
10
4764.239253
20
816.203072
30
0
0
VERTEX
8
AI4M_01_ATOM_INTERNAL
10
4778.662405
20
821.392086
30
0
0
VERTEX
8
AI4M_01_ATOM_INTERNAL
10
4792.598451
20
826.438024
30
0
0
VERTEX
8
AI4M_01_ATOM_INTERNAL
10
4796.248169
20
827.763977
30
0
0
SEQEND
8
AI4M_01_ATOM_INTERNAL
0
TEXT
8
AI4M_01_ATOM_INTERNAL
10
4646.006775
20
776.100693
30
0
40
2.5
1
AI4M_line_0008__seg_01_armhole_back_armhole_back
1001
AI4MANUFACTURING
1000
WRITEBACK_PHASE=01_ATOM_LABEL
1000
ENTITY_ID=line_0008__seg_01
999
AI4M_ENTITY=line_0009__seg_01;LINE_ROLE=armhole_front;EDGE=armhole_front;SOURCE_LAYER=11
0
POLYLINE
8
AI4M_01_ATOM_INTERNAL
66
1
70
0
1001
AI4MANUFACTURING
1000
WRITEBACK_PHASE=01_ATOM
1000
ENTITY_ID=line_0009__seg_01
1000
SOURCE_HANDLE=146
1000
LINE_ROLE=armhole_front
1000
EDGE=armhole_front
1000
CHAIN=chain_ms07y89w
1000
PIECE_ID=
1000
SEAM_PAIR=
1000
PAIRED_CHAIN=
1000
NOTCH_CHAIN=
1000
NOTCH_SOURCE=
1000
PIECE_ROLE=unknown
1000
SEAM_ALLOWANCE_MM=
1000
SOURCE_LAYER=11
0
VERTEX
8
AI4M_01_ATOM_INTERNAL
10
4796.248169
20
827.763977
30
0
0
VERTEX
8
AI4M_01_ATOM_INTERNAL
10
4799.947464
20
821.481871
30
0
0
VERTEX
8
AI4M_01_ATOM_INTERNAL
10
4803.348442
20
815.46404
30
0
0
VERTEX
8
AI4M_01_ATOM_INTERNAL
10
4808.091934
20
808.187908
30
0
0
VERTEX
8
AI4M_01_ATOM_INTERNAL
10
4810.533419
20
804.923688
30
0
0
VERTEX
8
AI4M_01_ATOM_INTERNAL
10
4813.378529
20
801.536158
30
0
0
VERTEX
8
AI4M_01_ATOM_INTERNAL
10
4816.152554
20
798.592764
30
0
0
VERTEX
8
AI4M_01_ATOM_INTERNAL
10
4818.999118
20
795.928194
30
0
0
VERTEX
8
AI4M_01_ATOM_INTERNAL
10
4821.855347
20
793.584561
30
0
0
VERTEX
8
AI4M_01_ATOM_INTERNAL
10
4824.746003
20
791.524517
30
0
0
VERTEX
8
AI4M_01_ATOM_INTERNAL
10
4827.878168
20
789.604104
30
0
0
VERTEX
8
AI4M_01_ATOM_INTERNAL
10
4831.251342
20
787.8317
30
0
0
VERTEX
8
AI4M_01_ATOM_INTERNAL
10
4834.851506
20
786.218844
30
0
0
VERTEX
8
AI4M_01_ATOM_INTERNAL
10
4838.797608
20
784.727375
30
0
0
VERTEX
8
AI4M_01_ATOM_INTERNAL
10
4842.984975
20
783.412189
30
0
0
VERTEX
8
AI4M_01_ATOM_INTERNAL
10
4847.448842
20
782.270464
30
0
0
VERTEX
8
AI4M_01_ATOM_INTERNAL
10
4852.238015
20
781.305379
30
0
0
VERTEX
8
AI4M_01_ATOM_INTERNAL
10
4857.57359
20
780.491974
30
0
0
VERTEX
8
AI4M_01_ATOM_INTERNAL
10
4863.339006
20
779.869957
30
0
0
VERTEX
8
AI4M_01_ATOM_INTERNAL
10
4869.704064
20
779.440744
30
0
0
VERTEX
8
AI4M_01_ATOM_INTERNAL
10
4875.634309
20
779.258696
30
0
0
VERTEX
8
AI4M_01_ATOM_INTERNAL
10
4880
20
779.295578
30
0
0
SEQEND
8
AI4M_01_ATOM_INTERNAL
0
TEXT
8
AI4M_01_ATOM_INTERNAL
10
4796.248169
20
827.763977
30
0
40
2.5
1
AI4M_line_0009__seg_01_armhole_front_armhole_front
1001
AI4MANUFACTURING
1000
WRITEBACK_PHASE=01_ATOM_LABEL
1000
ENTITY_ID=line_0009__seg_01
999
AI4M_ENTITY=line_0010;LINE_ROLE=armhole_back;EDGE=armhole_back;SOURCE_LAYER=11
0
POLYLINE
8
AI4M_01_ATOM_INTERNAL
66
1
70
0
1001
AI4MANUFACTURING
1000
WRITEBACK_PHASE=01_ATOM
1000
ENTITY_ID=line_0010
1000
SOURCE_HANDLE=15F
1000
LINE_ROLE=armhole_back
1000
EDGE=armhole_back
1000
CHAIN=chain_ms07y89w
1000
PIECE_ID=
1000
SEAM_PAIR=
1000
PAIRED_CHAIN=
1000
NOTCH_CHAIN=
1000
NOTCH_SOURCE=
1000
PIECE_ROLE=unknown
1000
SEAM_ALLOWANCE_MM=
1000
SOURCE_LAYER=11
0
VERTEX
8
AI4M_01_ATOM_INTERNAL
10
4806.627328
20
814.970609
30
0
0
VERTEX
8
AI4M_01_ATOM_INTERNAL
10
4802.442014
20
812.235075
30
0
0
SEQEND
8
AI4M_01_ATOM_INTERNAL
0
TEXT
8
AI4M_01_ATOM_INTERNAL
10
4806.627328
20
814.970609
30
0
40
2.5
1
AI4M_line_0010_armhole_back_armhole_back
1001
AI4MANUFACTURING
1000
WRITEBACK_PHASE=01_ATOM_LABEL
1000
ENTITY_ID=line_0010
999
AI4M_ENTITY=line_0011;LINE_ROLE=armhole_front;EDGE=armhole_front;SOURCE_LAYER=11
0
POLYLINE
8
AI4M_01_ATOM_INTERNAL
66
1
70
0
1001
AI4MANUFACTURING
1000
WRITEBACK_PHASE=01_ATOM
1000
ENTITY_ID=line_0011
1000
SOURCE_HANDLE=160
1000
LINE_ROLE=armhole_front
1000
EDGE=armhole_front
1000
CHAIN=chain_ms07y89w
1000
PIECE_ID=
1000
SEAM_PAIR=
1000
PAIRED_CHAIN=
1000
NOTCH_CHAIN=
1000
NOTCH_SOURCE=
1000
PIECE_ROLE=unknown
1000
SEAM_ALLOWANCE_MM=
1000
SOURCE_LAYER=11
0
VERTEX
8
AI4M_01_ATOM_INTERNAL
10
4880.012666
20
781.795547
30
0
0
VERTEX
8
AI4M_01_ATOM_INTERNAL
10
4879.987498
20
776.79561
30
0
0
SEQEND
8
AI4M_01_ATOM_INTERNAL
0
TEXT
8
AI4M_01_ATOM_INTERNAL
10
4880.012666
20
781.795547
30
0
40
2.5
1
AI4M_line_0011_armhole_front_armhole_front
1001
AI4MANUFACTURING
1000
WRITEBACK_PHASE=01_ATOM_LABEL
1000
ENTITY_ID=line_0011
999
AI4M_ENTITY=line_0012__seg_01;LINE_ROLE=armhole_back;EDGE=armhole_back;SOURCE_LAYER=11
0
POLYLINE
8
AI4M_01_ATOM_INTERNAL
66
1
70
0
1001
AI4MANUFACTURING
1000
WRITEBACK_PHASE=01_ATOM
1000
ENTITY_ID=line_0012__seg_01
1000
SOURCE_HANDLE=161
1000
LINE_ROLE=armhole_back
1000
EDGE=armhole_back
1000
CHAIN=chain_ms07y89w
1000
PIECE_ID=
1000
SEAM_PAIR=
1000
PAIRED_CHAIN=
1000
NOTCH_CHAIN=
1000
NOTCH_SOURCE=
1000
PIECE_ROLE=unknown
1000
SEAM_ALLOWANCE_MM=
1000
SOURCE_LAYER=11
0
VERTEX
8
AI4M_01_ATOM_INTERNAL
10
4880
20
779.295578
30
0
0
VERTEX
8
AI4M_01_ATOM_INTERNAL
10
4885.921376
20
779.281828
30
0
0
VERTEX
8
AI4M_01_ATOM_INTERNAL
10
4892.276122
20
779.548861
30
0
0
VERTEX
8
AI4M_01_ATOM_INTERNAL
10
4898.435214
20
780.035467
30
0
0
VERTEX
8
AI4M_01_ATOM_INTERNAL
10
4904.099209
20
780.720573
30
0
0
VERTEX
8
AI4M_01_ATOM_INTERNAL
10
4909.270643
20
781.582954
30
0
0
VERTEX
8
AI4M_01_ATOM_INTERNAL
10
4913.947851
20
782.600894
30
0
0
VERTEX
8
AI4M_01_ATOM_INTERNAL
10
4918.34717
20
783.803248
30
0
0
VERTEX
8
AI4M_01_ATOM_INTERNAL
10
4922.429076
20
785.162856
30
0
0
VERTEX
8
AI4M_01_ATOM_INTERNAL
10
4926.268739
20
786.692847
30
0
0
VERTEX
8
AI4M_01_ATOM_INTERNAL
10
4929.849175
20
788.379796
30
0
0
VERTEX
8
AI4M_01_ATOM_INTERNAL
10
4933.147357
20
790.201107
30
0
0
VERTEX
8
AI4M_01_ATOM_INTERNAL
10
4936.214341
20
792.175695
30
0
0
VERTEX
8
AI4M_01_ATOM_INTERNAL
10
4939.120922
20
794.350076
30
0
0
VERTEX
8
AI4M_01_ATOM_INTERNAL
10
4941.952385
20
796.781589
30
0
0
VERTEX
8
AI4M_01_ATOM_INTERNAL
10
4944.792479
20
799.555362
30
0
0
VERTEX
8
AI4M_01_ATOM_INTERNAL
10
4947.556321
20
802.604758
30
0
0
VERTEX
8
AI4M_01_ATOM_INTERNAL
10
4950.276
20
805.980997
30
0
0
VERTEX
8
AI4M_01_ATOM_INTERNAL
10
4953.064422
20
809.854461
30
0
0
VERTEX
8
AI4M_01_ATOM_INTERNAL
10
4955.703695
20
813.93964
30
0
0
VERTEX
8
AI4M_01_ATOM_INTERNAL
10
4959.027977
20
819.681668
30
0
0
VERTEX
8
AI4M_01_ATOM_INTERNAL
10
4963.109687
20
826.699323
30
0
0
VERTEX
8
AI4M_01_ATOM_INTERNAL
10
4963.751831
20
827.763977
30
0
0
SEQEND
8
AI4M_01_ATOM_INTERNAL
0
TEXT
8
AI4M_01_ATOM_INTERNAL
10
4880
20
779.295578
30
0
40
2.5
1
AI4M_line_0012__seg_01_armhole_back_armhole_back
1001
AI4MANUFACTURING
1000
WRITEBACK_PHASE=01_ATOM_LABEL
1000
ENTITY_ID=line_0012__seg_01
999
AI4M_ENTITY=line_0013__seg_01;LINE_ROLE=armhole_front;EDGE=armhole_front;SOURCE_LAYER=11
0
POLYLINE
8
AI4M_01_ATOM_INTERNAL
66
1
70
0
1001
AI4MANUFACTURING
1000
WRITEBACK_PHASE=01_ATOM
1000
ENTITY_ID=line_0013__seg_01
1000
SOURCE_HANDLE=17B
1000
LINE_ROLE=armhole_front
1000
EDGE=armhole_front
1000
CHAIN=chain_ms07y89w
1000
PIECE_ID=
1000
SEAM_PAIR=
1000
PAIRED_CHAIN=
1000
NOTCH_CHAIN=
1000
NOTCH_SOURCE=
1000
PIECE_ROLE=unknown
1000
SEAM_ALLOWANCE_MM=
1000
SOURCE_LAYER=11
0
VERTEX
8
AI4M_01_ATOM_INTERNAL
10
4963.751831
20
827.763977
30
0
0
VERTEX
8
AI4M_01_ATOM_INTERNAL
10
4978.579706
20
822.38852
30
0
0
VERTEX
8
AI4M_01_ATOM_INTERNAL
10
4993.03642
20
817.179717
30
0
0
VERTEX
8
AI4M_01_ATOM_INTERNAL
10
5007.826736
20
811.900744
30
0
0
VERTEX
8
AI4M_01_ATOM_INTERNAL
10
5022.638367
20
806.681948
30
0
0
VERTEX
8
AI4M_01_ATOM_INTERNAL
10
5037.242143
20
801.616984
30
0
0
VERTEX
8
AI4M_01_ATOM_INTERNAL
10
5052.104632
20
796.544734
30
0
0
VERTEX
8
AI4M_01_ATOM_INTERNAL
10
5066.501586
20
791.704029
30
0
0
VERTEX
8
AI4M_01_ATOM_INTERNAL
10
5080.910127
20
786.918665
30
0
0
VERTEX
8
AI4M_01_ATOM_INTERNAL
10
5095.052639
20
782.266807
30
0
0
VERTEX
8
AI4M_01_ATOM_INTERNAL
10
5109.090352
20
777.688798
30
0
0
VERTEX
8
AI4M_01_ATOM_INTERNAL
10
5113.99292
20
776.100693
30
0
0
SEQEND
8
AI4M_01_ATOM_INTERNAL
0
TEXT
8
AI4M_01_ATOM_INTERNAL
10
4963.751831
20
827.763977
30
0
40
2.5
1
AI4M_line_0013__seg_01_armhole_front_armhole_front
1001
AI4MANUFACTURING
1000
WRITEBACK_PHASE=01_ATOM_LABEL
1000
ENTITY_ID=line_0013__seg_01
999
AI4M_ENTITY=line_0014__seg_01;LINE_ROLE=armhole_back;EDGE=armhole_back;SOURCE_LAYER=11
0
POLYLINE
8
AI4M_01_ATOM_INTERNAL
66
1
70
0
1001
AI4MANUFACTURING
1000
WRITEBACK_PHASE=01_ATOM
1000
ENTITY_ID=line_0014__seg_01
1000
SOURCE_HANDLE=18A
1000
LINE_ROLE=armhole_back
1000
EDGE=armhole_back
1000
CHAIN=chain_ms07y89w
1000
PIECE_ID=
1000
SEAM_PAIR=
1000
PAIRED_CHAIN=
1000
NOTCH_CHAIN=
1000
NOTCH_SOURCE=
1000
PIECE_ROLE=unknown
1000
SEAM_ALLOWANCE_MM=
1000
SOURCE_LAYER=11
0
VERTEX
8
AI4M_01_ATOM_INTERNAL
10
5113.99292
20
776.100693
30
0
0
VERTEX
8
AI4M_01_ATOM_INTERNAL
10
5111.020526
20
761.236942
30
0
0
VERTEX
8
AI4M_01_ATOM_INTERNAL
10
5108.422435
20
748.174727
30
0
0
VERTEX
8
AI4M_01_ATOM_INTERNAL
10
5106.505348
20
737.222646
30
0
0
VERTEX
8
AI4M_01_ATOM_INTERNAL
10
5104.772044
20
725.947556
30
0
0
VERTEX
8
AI4M_01_ATOM_INTERNAL
10
5103.445586
20
715.764692
30
0
0
VERTEX
8
AI4M_01_ATOM_INTERNAL
10
5102.257964
20
704.659672
30
0
0
VERTEX
8
AI4M_01_ATOM_INTERNAL
10
5101.188236
20
692.247712
30
0
0
VERTEX
8
AI4M_01_ATOM_INTERNAL
10
5100.324023
20
679.438228
30
0
0
VERTEX
8
AI4M_01_ATOM_INTERNAL
10
5099.794133
20
668.31166
30
0
0
VERTEX
8
AI4M_01_ATOM_INTERNAL
10
5099.682543
20
661.525712
30
0
0
VERTEX
8
AI4M_01_ATOM_INTERNAL
10
5099.925107
20
648.589005
30
0
0
VERTEX
8
AI4M_01_ATOM_INTERNAL
10
5100.399262
20
642.057369
30
0
0
VERTEX
8
AI4M_01_ATOM_INTERNAL
10
5101.121495
20
634.993101
30
0
0
VERTEX
8
AI4M_01_ATOM_INTERNAL
10
5101.934897
20
629.455726
30
0
0
VERTEX
8
AI4M_01_ATOM_INTERNAL
10
5103.2939
20
621.42103
30
0
0
VERTEX
8
AI4M_01_ATOM_INTERNAL
10
5104.601754
20
615.551354
30
0
0
VERTEX
8
AI4M_01_ATOM_INTERNAL
10
5106.126981
20
609.719384
30
0
0
VERTEX
8
AI4M_01_ATOM_INTERNAL
10
5107.614427
20
604.972734
30
0
0
VERTEX
8
AI4M_01_ATOM_INTERNAL
10
5109.206649
20
600.68896
30
0
0
VERTEX
8
AI4M_01_ATOM_INTERNAL
10
5110.937285
20
596.712086
30
0
0
VERTEX
8
AI4M_01_ATOM_INTERNAL
10
5112.867035
20
592.883878
30
0
0
VERTEX
8
AI4M_01_ATOM_INTERNAL
10
5115.002075
20
589.185645
30
0
0
VERTEX
8
AI4M_01_ATOM_INTERNAL
10
5117.342663
20
585.619903
30
0
0
VERTEX
8
AI4M_01_ATOM_INTERNAL
10
5119.901674
20
582.180245
30
0
0
VERTEX
8
AI4M_01_ATOM_INTERNAL
10
5122.551117
20
579.027353
30
0
0
VERTEX
8
AI4M_01_ATOM_INTERNAL
10
5125.347343
20
576.071808
30
0
0
VERTEX
8
AI4M_01_ATOM_INTERNAL
10
5128.330904
20
573.273449
30
0
0
VERTEX
8
AI4M_01_ATOM_INTERNAL
10
5131.529513
20
570.623611
30
0
0
VERTEX
8
AI4M_01_ATOM_INTERNAL
10
5134.810499
20
568.237416
30
0
0
VERTEX
8
AI4M_01_ATOM_INTERNAL
10
5138.175522
20
566.101116
30
0
0
VERTEX
8
AI4M_01_ATOM_INTERNAL
10
5142.040964
20
563.953674
30
0
0
VERTEX
8
AI4M_01_ATOM_INTERNAL
10
5146.39665
20
561.815246
30
0
0
VERTEX
8
AI4M_01_ATOM_INTERNAL
10
5151.085199
20
559.798376
30
0
0
VERTEX
8
AI4M_01_ATOM_INTERNAL
10
5161.94397
20
555.537224
30
0
0
SEQEND
8
AI4M_01_ATOM_INTERNAL
0
TEXT
8
AI4M_01_ATOM_INTERNAL
10
5113.99292
20
776.100693
30
0
40
2.5
1
AI4M_line_0014__seg_01_armhole_back_armhole_back
1001
AI4MANUFACTURING
1000
WRITEBACK_PHASE=01_ATOM_LABEL
1000
ENTITY_ID=line_0014__seg_01
999
AI4M_ENTITY=line_0015;LINE_ROLE=armhole_front;EDGE=armhole_front;SOURCE_LAYER=11
0
POLYLINE
8
AI4M_01_ATOM_INTERNAL
66
1
70
0
1001
AI4MANUFACTURING
1000
WRITEBACK_PHASE=01_ATOM
1000
ENTITY_ID=line_0015
1000
SOURCE_HANDLE=1B0
1000
LINE_ROLE=armhole_front
1000
EDGE=armhole_front
1000
CHAIN=chain_ms07y89w
1000
PIECE_ID=
1000
SEAM_PAIR=
1000
PAIRED_CHAIN=
1000
NOTCH_CHAIN=
1000
NOTCH_SOURCE=
1000
PIECE_ROLE=unknown
1000
SEAM_ALLOWANCE_MM=
1000
SOURCE_LAYER=11
0
VERTEX
8
AI4M_01_ATOM_INTERNAL
10
5104.818933
20
627.293382
30
0
0
VERTEX
8
AI4M_01_ATOM_INTERNAL
10
5099.881066
20
626.507594
30
0
0
SEQEND
8
AI4M_01_ATOM_INTERNAL
0
TEXT
8
AI4M_01_ATOM_INTERNAL
10
5104.818933
20
627.293382
30
0
40
2.5
1
AI4M_line_0015_armhole_front_armhole_front
1001
AI4MANUFACTURING
1000
WRITEBACK_PHASE=01_ATOM_LABEL
1000
ENTITY_ID=line_0015
999
AI4M_ENTITY=line_0016__seg_01;LINE_ROLE=armhole_back;EDGE=armhole_back;SOURCE_LAYER=11
0
POLYLINE
8
AI4M_01_ATOM_INTERNAL
66
1
70
0
1001
AI4MANUFACTURING
1000
WRITEBACK_PHASE=01_ATOM
1000
ENTITY_ID=line_0016__seg_01
1000
SOURCE_HANDLE=1B1
1000
LINE_ROLE=armhole_back
1000
EDGE=armhole_back
1000
CHAIN=chain_ms07y89w
1000
PIECE_ID=
1000
SEAM_PAIR=
1000
PAIRED_CHAIN=
1000
NOTCH_CHAIN=
1000
NOTCH_SOURCE=
1000
PIECE_ROLE=unknown
1000
SEAM_ALLOWANCE_MM=
1000
SOURCE_LAYER=11
0
VERTEX
8
AI4M_01_ATOM_INTERNAL
10
5161.94397
20
555.537224
30
0
0
VERTEX
8
AI4M_01_ATOM_INTERNAL
10
5160.633545
20
452.508926
30
0
0
VERTEX
8
AI4M_01_ATOM_INTERNAL
10
5157.963257
20
242.609768
30
0
0
VERTEX
8
AI4M_01_ATOM_INTERNAL
10
5156.07605
20
94.236021
30
0
0
SEQEND
8
AI4M_01_ATOM_INTERNAL
0
TEXT
8
AI4M_01_ATOM_INTERNAL
10
5161.94397
20
555.537224
30
0
40
2.5
1
AI4M_line_0016__seg_01_armhole_back_armhole_back
1001
AI4MANUFACTURING
1000
WRITEBACK_PHASE=01_ATOM_LABEL
1000
ENTITY_ID=line_0016__seg_01
999
AI4M_ENTITY=line_0017;LINE_ROLE=armhole_front;EDGE=armhole_front;SOURCE_LAYER=11
0
POLYLINE
8
AI4M_01_ATOM_INTERNAL
66
1
70
0
1001
AI4MANUFACTURING
1000
WRITEBACK_PHASE=01_ATOM
1000
ENTITY_ID=line_0017
1000
SOURCE_HANDLE=1B8
1000
LINE_ROLE=armhole_front
1000
EDGE=armhole_front
1000
CHAIN=chain_ms07y89w
1000
PIECE_ID=
1000
SEAM_PAIR=
1000
PAIRED_CHAIN=
1000
NOTCH_CHAIN=
1000
NOTCH_SOURCE=
1000
PIECE_ROLE=unknown
1000
SEAM_ALLOWANCE_MM=
1000
SOURCE_LAYER=11
0
VERTEX
8
AI4M_01_ATOM_INTERNAL
10
5163.133342
20
452.477088
30
0
0
VERTEX
8
AI4M_01_ATOM_INTERNAL
10
5158.133748
20
452.54078
30
0
0
SEQEND
8
AI4M_01_ATOM_INTERNAL
0
TEXT
8
AI4M_01_ATOM_INTERNAL
10
5163.133342
20
452.477088
30
0
40
2.5
1
AI4M_line_0017_armhole_front_armhole_front
1001
AI4MANUFACTURING
1000
WRITEBACK_PHASE=01_ATOM_LABEL
1000
ENTITY_ID=line_0017
999
AI4M_ENTITY=line_0018;LINE_ROLE=armhole_back;EDGE=armhole_back;SOURCE_LAYER=11
0
POLYLINE
8
AI4M_01_ATOM_INTERNAL
66
1
70
0
1001
AI4MANUFACTURING
1000
WRITEBACK_PHASE=01_ATOM
1000
ENTITY_ID=line_0018
1000
SOURCE_HANDLE=1B9
1000
LINE_ROLE=armhole_back
1000
EDGE=armhole_back
1000
CHAIN=chain_ms07y89w
1000
PIECE_ID=
1000
SEAM_PAIR=
1000
PAIRED_CHAIN=
1000
NOTCH_CHAIN=
1000
NOTCH_SOURCE=
1000
PIECE_ROLE=unknown
1000
SEAM_ALLOWANCE_MM=
1000
SOURCE_LAYER=11
0
VERTEX
8
AI4M_01_ATOM_INTERNAL
10
5160.463054
20
242.577909
30
0
0
VERTEX
8
AI4M_01_ATOM_INTERNAL
10
5155.46346
20
242.641604
30
0
0
SEQEND
8
AI4M_01_ATOM_INTERNAL
0
TEXT
8
AI4M_01_ATOM_INTERNAL
10
5160.463054
20
242.577909
30
0
40
2.5
1
AI4M_line_0018_armhole_back_armhole_back
1001
AI4MANUFACTURING
1000
WRITEBACK_PHASE=01_ATOM_LABEL
1000
ENTITY_ID=line_0018
999
AI4M_ENTITY=line_0020;LINE_ROLE=armhole_back;EDGE=armhole_back;SOURCE_LAYER=11
0
POLYLINE
8
AI4M_01_ATOM_INTERNAL
66
1
70
0
1001
AI4MANUFACTURING
1000
WRITEBACK_PHASE=01_ATOM
1000
ENTITY_ID=line_0020
1000
SOURCE_HANDLE=1BF
1000
LINE_ROLE=armhole_back
1000
EDGE=armhole_back
1000
CHAIN=chain_ms07y89w
1000
PIECE_ID=
1000
SEAM_PAIR=
1000
PAIRED_CHAIN=
1000
NOTCH_CHAIN=
1000
NOTCH_SOURCE=
1000
PIECE_ROLE=unknown
1000
SEAM_ALLOWANCE_MM=
1000
SOURCE_LAYER=11
0
VERTEX
8
AI4M_01_ATOM_INTERNAL
10
5156.355591
20
72.236023
30
0
0
VERTEX
8
AI4M_01_ATOM_INTERNAL
10
4880
20
72.236023
30
0
0
SEQEND
8
AI4M_01_ATOM_INTERNAL
0
TEXT
8
AI4M_01_ATOM_INTERNAL
10
5156.355591
20
72.236023
30
0
40
2.5
1
AI4M_line_0020_armhole_back_armhole_back
1001
AI4MANUFACTURING
1000
WRITEBACK_PHASE=01_ATOM_LABEL
1000
ENTITY_ID=line_0020
999
AI4M_ENTITY=line_0021;LINE_ROLE=armhole_front;EDGE=armhole_front;SOURCE_LAYER=11
0
POLYLINE
8
AI4M_01_ATOM_INTERNAL
66
1
70
0
1001
AI4MANUFACTURING
1000
WRITEBACK_PHASE=01_ATOM
1000
ENTITY_ID=line_0021
1000
SOURCE_HANDLE=1C4
1000
LINE_ROLE=armhole_front
1000
EDGE=armhole_front
1000
CHAIN=chain_ms07y89w
1000
PIECE_ID=
1000
SEAM_PAIR=
1000
PAIRED_CHAIN=
1000
NOTCH_CHAIN=
1000
NOTCH_SOURCE=
1000
PIECE_ROLE=unknown
1000
SEAM_ALLOWANCE_MM=
1000
SOURCE_LAYER=11
0
VERTEX
8
AI4M_01_ATOM_INTERNAL
10
4880
20
72.236023
30
0
0
VERTEX
8
AI4M_01_ATOM_INTERNAL
10
4603.644409
20
72.236023
30
0
0
SEQEND
8
AI4M_01_ATOM_INTERNAL
0
TEXT
8
AI4M_01_ATOM_INTERNAL
10
4880
20
72.236023
30
0
40
2.5
1
AI4M_line_0021_armhole_front_armhole_front
1001
AI4MANUFACTURING
1000
WRITEBACK_PHASE=01_ATOM_LABEL
1000
ENTITY_ID=line_0021
999
AI4M_ENTITY=line_0022__seg_01;LINE_ROLE=side_seam;EDGE=side_seam;SOURCE_LAYER=11
0
POLYLINE
8
AI4M_01_ATOM_INTERNAL
66
1
70
0
1001
AI4MANUFACTURING
1000
WRITEBACK_PHASE=01_ATOM
1000
ENTITY_ID=line_0022__seg_01
1000
SOURCE_HANDLE=1C9
1000
LINE_ROLE=side_seam
1000
EDGE=side_seam
1000
CHAIN=piece_10_left_side_seam
1000
PIECE_ID=piece_10
1000
SEAM_PAIR=
1000
PAIRED_CHAIN=
1000
NOTCH_CHAIN=
1000
NOTCH_SOURCE=
1000
PIECE_ROLE=front_body
1000
SEAM_ALLOWANCE_MM=
1000
SOURCE_LAYER=11
0
VERTEX
8
AI4M_01_ATOM_INTERNAL
10
4612.924805
20
94.236021
30
0
0
VERTEX
8
AI4M_01_ATOM_INTERNAL
10
4612.043457
20
163.530521
30
0
0
VERTEX
8
AI4M_01_ATOM_INTERNAL
10
4611.035767
20
242.724266
30
0
0
VERTEX
8
AI4M_01_ATOM_INTERNAL
10
4608.365784
20
452.623405
30
0
0
VERTEX
8
AI4M_01_ATOM_INTERNAL
10
4607.106323
20
551.615601
30
0
0
SEQEND
8
AI4M_01_ATOM_INTERNAL
0
TEXT
8
AI4M_01_ATOM_INTERNAL
10
4612.924805
20
94.236021
30
0
40
2.5
1
AI4M_line_0022__seg_01_side_seam_side_seam
1001
AI4MANUFACTURING
1000
WRITEBACK_PHASE=01_ATOM_LABEL
1000
ENTITY_ID=line_0022__seg_01
999
AI4M_ENTITY=line_0023;LINE_ROLE=armhole_front;EDGE=armhole_front;SOURCE_LAYER=11
0
POLYLINE
8
AI4M_01_ATOM_INTERNAL
66
1
70
0
1001
AI4MANUFACTURING
1000
WRITEBACK_PHASE=01_ATOM
1000
ENTITY_ID=line_0023
1000
SOURCE_HANDLE=1D1
1000
LINE_ROLE=armhole_front
1000
EDGE=armhole_front
1000
CHAIN=chain_ms07y89w
1000
PIECE_ID=
1000
SEAM_PAIR=
1000
PAIRED_CHAIN=
1000
NOTCH_CHAIN=
1000
NOTCH_SOURCE=
1000
PIECE_ROLE=unknown
1000
SEAM_ALLOWANCE_MM=
1000
SOURCE_LAYER=11
0
VERTEX
8
AI4M_01_ATOM_INTERNAL
10
4609.54366
20
163.498675
30
0
0
VERTEX
8
AI4M_01_ATOM_INTERNAL
10
4614.543254
20
163.562365
30
0
0
SEQEND
8
AI4M_01_ATOM_INTERNAL
0
TEXT
8
AI4M_01_ATOM_INTERNAL
10
4609.54366
20
163.498675
30
0
40
2.5
1
AI4M_line_0023_armhole_front_armhole_front
1001
AI4MANUFACTURING
1000
WRITEBACK_PHASE=01_ATOM_LABEL
1000
ENTITY_ID=line_0023
999
AI4M_ENTITY=line_0024;LINE_ROLE=armhole_back;EDGE=armhole_back;SOURCE_LAYER=11
0
POLYLINE
8
AI4M_01_ATOM_INTERNAL
66
1
70
0
1001
AI4MANUFACTURING
1000
WRITEBACK_PHASE=01_ATOM
1000
ENTITY_ID=line_0024
1000
SOURCE_HANDLE=1D2
1000
LINE_ROLE=armhole_back
1000
EDGE=armhole_back
1000
CHAIN=chain_ms07y89w
1000
PIECE_ID=
1000
SEAM_PAIR=
1000
PAIRED_CHAIN=
1000
NOTCH_CHAIN=
1000
NOTCH_SOURCE=
1000
PIECE_ROLE=unknown
1000
SEAM_ALLOWANCE_MM=
1000
SOURCE_LAYER=11
0
VERTEX
8
AI4M_01_ATOM_INTERNAL
10
4608.53597
20
242.692398
30
0
0
VERTEX
8
AI4M_01_ATOM_INTERNAL
10
4613.535564
20
242.756116
30
0
0
SEQEND
8
AI4M_01_ATOM_INTERNAL
0
TEXT
8
AI4M_01_ATOM_INTERNAL
10
4608.53597
20
242.692398
30
0
40
2.5
1
AI4M_line_0024_armhole_back_armhole_back
1001
AI4MANUFACTURING
1000
WRITEBACK_PHASE=01_ATOM_LABEL
1000
ENTITY_ID=line_0024
999
AI4M_ENTITY=line_0025;LINE_ROLE=armhole_front;EDGE=armhole_front;SOURCE_LAYER=11
0
POLYLINE
8
AI4M_01_ATOM_INTERNAL
66
1
70
0
1001
AI4MANUFACTURING
1000
WRITEBACK_PHASE=01_ATOM
1000
ENTITY_ID=line_0025
1000
SOURCE_HANDLE=1D3
1000
LINE_ROLE=armhole_front
1000
EDGE=armhole_front
1000
CHAIN=chain_ms07y89w
1000
PIECE_ID=
1000
SEAM_PAIR=
1000
PAIRED_CHAIN=
1000
NOTCH_CHAIN=
1000
NOTCH_SOURCE=
1000
PIECE_ROLE=unknown
1000
SEAM_ALLOWANCE_MM=
1000
SOURCE_LAYER=11
0
VERTEX
8
AI4M_01_ATOM_INTERNAL
10
4605.865986
20
452.59158
30
0
0
VERTEX
8
AI4M_01_ATOM_INTERNAL
10
4610.86558
20
452.655279
30
0
0
SEQEND
8
AI4M_01_ATOM_INTERNAL
0
TEXT
8
AI4M_01_ATOM_INTERNAL
10
4605.865986
20
452.59158
30
0
40
2.5
1
AI4M_line_0025_armhole_front_armhole_front
1001
AI4MANUFACTURING
1000
WRITEBACK_PHASE=01_ATOM_LABEL
1000
ENTITY_ID=line_0025
999
AI4M_ENTITY=line_0026__seg_01;LINE_ROLE=armhole_front;EDGE=armhole_front;SOURCE_LAYER=11
0
POLYLINE
8
AI4M_01_ATOM_INTERNAL
66
1
70
0
1001
AI4MANUFACTURING
1000
WRITEBACK_PHASE=01_ATOM
1000
ENTITY_ID=line_0026__seg_01
1000
SOURCE_HANDLE=1D4
1000
LINE_ROLE=armhole_front
1000
EDGE=armhole_front
1000
CHAIN=piece_10_left_armhole_front
1000
PIECE_ID=piece_10
1000
SEAM_PAIR=
1000
PAIRED_CHAIN=
1000
NOTCH_CHAIN=
1000
NOTCH_SOURCE=
1000
PIECE_ROLE=front_body
1000
SEAM_ALLOWANCE_MM=
1000
SOURCE_LAYER=11
0
VERTEX
8
AI4M_01_ATOM_INTERNAL
10
4607.106323
20
551.615601
30
0
0
VERTEX
8
AI4M_01_ATOM_INTERNAL
10
4611.86297
20
553.423502
30
0
0
VERTEX
8
AI4M_01_ATOM_INTERNAL
10
4616.797894
20
555.58476
30
0
0
VERTEX
8
AI4M_01_ATOM_INTERNAL
10
4621.399355
20
557.853077
30
0
0
VERTEX
8
AI4M_01_ATOM_INTERNAL
10
4625.4526
20
560.113568
30
0
0
VERTEX
8
AI4M_01_ATOM_INTERNAL
10
4628.970799
20
562.343962
30
0
0
VERTEX
8
AI4M_01_ATOM_INTERNAL
10
4632.320557
20
564.753173
30
0
0
VERTEX
8
AI4M_01_ATOM_INTERNAL
10
4635.610408
20
567.423283
30
0
0
VERTEX
8
AI4M_01_ATOM_INTERNAL
10
4638.747147
20
570.283557
30
0
0
VERTEX
8
AI4M_01_ATOM_INTERNAL
10
4641.726831
20
573.326822
30
0
0
VERTEX
8
AI4M_01_ATOM_INTERNAL
10
4644.581893
20
576.592477
30
0
0
VERTEX
8
AI4M_01_ATOM_INTERNAL
10
4647.245106
20
580.007153
30
0
0
VERTEX
8
AI4M_01_ATOM_INTERNAL
10
4649.787299
20
583.669793
30
0
0
VERTEX
8
AI4M_01_ATOM_INTERNAL
10
4652.113484
20
587.449977
30
0
0
VERTEX
8
AI4M_01_ATOM_INTERNAL
10
4654.285031
20
591.454302
30
0
0
VERTEX
8
AI4M_01_ATOM_INTERNAL
10
4656.229779
20
595.565041
30
0
0
VERTEX
8
AI4M_01_ATOM_INTERNAL
10
4657.974892
20
599.836093
30
0
0
VERTEX
8
AI4M_01_ATOM_INTERNAL
10
4659.602933
20
604.503072
30
0
0
VERTEX
8
AI4M_01_ATOM_INTERNAL
10
4661.10959
20
609.603429
30
0
0
VERTEX
8
AI4M_01_ATOM_INTERNAL
10
4662.566297
20
615.458776
30
0
0
VERTEX
8
AI4M_01_ATOM_INTERNAL
10
4663.904657
20
621.87704
30
0
0
VERTEX
8
AI4M_01_ATOM_INTERNAL
10
4665.050081
20
628.577176
30
0
0
VERTEX
8
AI4M_01_ATOM_INTERNAL
10
4665.964173
20
635.393408
30
0
0
VERTEX
8
AI4M_01_ATOM_INTERNAL
10
4666.65077
20
642.36723
30
0
0
VERTEX
8
AI4M_01_ATOM_INTERNAL
10
4667.09901
20
649.413689
30
0
0
VERTEX
8
AI4M_01_ATOM_INTERNAL
10
4667.246094
20
653.450089
30
0
0
SEQEND
8
AI4M_01_ATOM_INTERNAL
0
TEXT
8
AI4M_01_ATOM_INTERNAL
10
4607.106323
20
551.615601
30
0
40
2.5
1
AI4M_line_0026__seg_01_armhole_front_armhole_front
1001
AI4MANUFACTURING
1000
WRITEBACK_PHASE=01_ATOM_LABEL
1000
ENTITY_ID=line_0026__seg_01
999
AI4M_ENTITY=line_0027;LINE_ROLE=armhole_front;EDGE=armhole_front;SOURCE_LAYER=11
0
POLYLINE
8
AI4M_01_ATOM_INTERNAL
66
1
70
0
1001
AI4MANUFACTURING
1000
WRITEBACK_PHASE=01_ATOM
1000
ENTITY_ID=line_0027
1000
SOURCE_HANDLE=1F1
1000
LINE_ROLE=armhole_front
1000
EDGE=armhole_front
1000
CHAIN=chain_ms07y89w
1000
PIECE_ID=
1000
SEAM_PAIR=
1000
PAIRED_CHAIN=
1000
NOTCH_CHAIN=
1000
NOTCH_SOURCE=
1000
PIECE_ROLE=unknown
1000
SEAM_ALLOWANCE_MM=
1000
SOURCE_LAYER=11
0
VERTEX
8
AI4M_01_ATOM_INTERNAL
10
4662.138249
20
626.203182
30
0
0
VERTEX
8
AI4M_01_ATOM_INTERNAL
10
4667.069396
20
625.376268
30
0
0
SEQEND
8
AI4M_01_ATOM_INTERNAL
0
TEXT
8
AI4M_01_ATOM_INTERNAL
10
4662.138249
20
626.203182
30
0
40
2.5
1
AI4M_line_0027_armhole_front_armhole_front
1001
AI4MANUFACTURING
1000
WRITEBACK_PHASE=01_ATOM_LABEL
1000
ENTITY_ID=line_0027
999
AI4M_ENTITY=line_0028__seg_01;LINE_ROLE=armhole_front;EDGE=armhole_front;SOURCE_LAYER=11
0
POLYLINE
8
AI4M_01_ATOM_INTERNAL
66
1
70
0
1001
AI4MANUFACTURING
1000
WRITEBACK_PHASE=01_ATOM
1000
ENTITY_ID=line_0028__seg_01
1000
SOURCE_HANDLE=1F2
1000
LINE_ROLE=armhole_front
1000
EDGE=armhole_front
1000
CHAIN=piece_10_left_armhole_front
1000
PIECE_ID=piece_10
1000
SEAM_PAIR=
1000
PAIRED_CHAIN=
1000
NOTCH_CHAIN=
1000
NOTCH_SOURCE=
1000
PIECE_ROLE=front_body
1000
SEAM_ALLOWANCE_MM=
1000
SOURCE_LAYER=11
0
VERTEX
8
AI4M_01_ATOM_INTERNAL
10
4667.246094
20
653.450089
30
0
0
VERTEX
8
AI4M_01_ATOM_INTERNAL
10
4667.308447
20
663.165958
30
0
0
VERTEX
8
AI4M_01_ATOM_INTERNAL
10
4667.083603
20
671.476437
30
0
0
VERTEX
8
AI4M_01_ATOM_INTERNAL
10
4666.499261
20
682.684827
30
0
0
VERTEX
8
AI4M_01_ATOM_INTERNAL
10
4665.535669
20
696.002
30
0
0
VERTEX
8
AI4M_01_ATOM_INTERNAL
10
4664.429129
20
708.167705
30
0
0
VERTEX
8
AI4M_01_ATOM_INTERNAL
10
4663.180301
20
719.268969
30
0
0
VERTEX
8
AI4M_01_ATOM_INTERNAL
10
4661.755265
20
729.716282
30
0
0
VERTEX
8
AI4M_01_ATOM_INTERNAL
10
4659.965867
20
740.952199
30
0
0
VERTEX
8
AI4M_01_ATOM_INTERNAL
10
4657.833881
20
752.747599
30
0
0
VERTEX
8
AI4M_01_ATOM_INTERNAL
10
4655.009526
20
766.78808
30
0
0
VERTEX
8
AI4M_01_ATOM_INTERNAL
10
4654.036255
20
771.375275
30
0
0
SEQEND
8
AI4M_01_ATOM_INTERNAL
0
TEXT
8
AI4M_01_ATOM_INTERNAL
10
4667.246094
20
653.450089
30
0
40
2.5
1
AI4M_line_0028__seg_01_armhole_front_armhole_front
1001
AI4MANUFACTURING
1000
WRITEBACK_PHASE=01_ATOM_LABEL
1000
ENTITY_ID=line_0028__seg_01
999
AI4M_ENTITY=line_0030__seg_01;LINE_ROLE=neckline;EDGE=neckline;SOURCE_LAYER=11
0
POLYLINE
8
AI4M_01_ATOM_INTERNAL
66
1
70
0
1001
AI4MANUFACTURING
1000
WRITEBACK_PHASE=01_ATOM
1000
ENTITY_ID=line_0030__seg_01
1000
SOURCE_HANDLE=20F
1000
LINE_ROLE=neckline
1000
EDGE=neckline
1000
CHAIN=piece_10_bottom_neckline
1000
PIECE_ID=piece_10
1000
SEAM_PAIR=
1000
PAIRED_CHAIN=
1000
NOTCH_CHAIN=
1000
NOTCH_SOURCE=
1000
PIECE_ROLE=front_body
1000
SEAM_ALLOWANCE_MM=
1000
SOURCE_LAYER=11
0
VERTEX
8
AI4M_01_ATOM_INTERNAL
10
4793.224487
20
819.226379
30
0
0
VERTEX
8
AI4M_01_ATOM_INTERNAL
10
4796.789226
20
812.845609
30
0
0
VERTEX
8
AI4M_01_ATOM_INTERNAL
10
4799.699417
20
808.114069
30
0
0
VERTEX
8
AI4M_01_ATOM_INTERNAL
10
4802.534056
20
803.933061
30
0
0
VERTEX
8
AI4M_01_ATOM_INTERNAL
10
4805.377797
20
800.169282
30
0
0
VERTEX
8
AI4M_01_ATOM_INTERNAL
10
4808.247221
20
796.769439
30
0
0
VERTEX
8
AI4M_01_ATOM_INTERNAL
10
4811.172034
20
793.674254
30
0
0
VERTEX
8
AI4M_01_ATOM_INTERNAL
10
4814.159512
20
790.863157
30
0
0
VERTEX
8
AI4M_01_ATOM_INTERNAL
10
4817.187043
20
788.345519
30
0
0
VERTEX
8
AI4M_01_ATOM_INTERNAL
10
4820.224678
20
786.128916
30
0
0
VERTEX
8
AI4M_01_ATOM_INTERNAL
10
4823.426977
20
784.093923
30
0
0
VERTEX
8
AI4M_01_ATOM_INTERNAL
10
4826.872693
20
782.193953
30
0
0
VERTEX
8
AI4M_01_ATOM_INTERNAL
10
4830.616145
20
780.414923
30
0
0
VERTEX
8
AI4M_01_ATOM_INTERNAL
10
4834.60715
20
778.795324
30
0
0
VERTEX
8
AI4M_01_ATOM_INTERNAL
10
4838.843394
20
777.344084
30
0
0
VERTEX
8
AI4M_01_ATOM_INTERNAL
10
4843.365428
20
776.058227
30
0
0
VERTEX
8
AI4M_01_ATOM_INTERNAL
10
4848.144749
20
774.958886
30
0
0
VERTEX
8
AI4M_01_ATOM_INTERNAL
10
4853.291913
20
774.033939
30
0
0
VERTEX
8
AI4M_01_ATOM_INTERNAL
10
4858.9252
20
773.276987
30
0
0
VERTEX
8
AI4M_01_ATOM_INTERNAL
10
4865.047384
20
772.710295
30
0
0
VERTEX
8
AI4M_01_ATOM_INTERNAL
10
4871.6941
20
772.350427
30
0
0
VERTEX
8
AI4M_01_ATOM_INTERNAL
10
4877.5379
20
772.25979
30
0
0
VERTEX
8
AI4M_01_ATOM_INTERNAL
10
4880
20
772.295609
30
0
0
SEQEND
8
AI4M_01_ATOM_INTERNAL
0
TEXT
8
AI4M_01_ATOM_INTERNAL
10
4793.224487
20
819.226379
30
0
40
2.5
1
AI4M_line_0030__seg_01_neckline_neckline
1001
AI4MANUFACTURING
1000
WRITEBACK_PHASE=01_ATOM_LABEL
1000
ENTITY_ID=line_0030__seg_01
999
AI4M_ENTITY=line_0031;LINE_ROLE=armhole_front;EDGE=armhole_front;SOURCE_LAYER=11
0
POLYLINE
8
AI4M_01_ATOM_INTERNAL
66
1
70
0
1001
AI4MANUFACTURING
1000
WRITEBACK_PHASE=01_ATOM
1000
ENTITY_ID=line_0031
1000
SOURCE_HANDLE=229
1000
LINE_ROLE=armhole_front
1000
EDGE=armhole_front
1000
CHAIN=chain_ms07y89w
1000
PIECE_ID=
1000
SEAM_PAIR=
1000
PAIRED_CHAIN=
1000
NOTCH_CHAIN=
1000
NOTCH_SOURCE=
1000
PIECE_ROLE=unknown
1000
SEAM_ALLOWANCE_MM=
1000
SOURCE_LAYER=11
0
VERTEX
8
AI4M_01_ATOM_INTERNAL
10
4800.776341
20
811.083208
30
0
0
VERTEX
8
AI4M_01_ATOM_INTERNAL
10
4796.534722
20
808.43582
30
0
0
SEQEND
8
AI4M_01_ATOM_INTERNAL
0
TEXT
8
AI4M_01_ATOM_INTERNAL
10
4800.776341
20
811.083208
30
0
40
2.5
1
AI4M_line_0031_armhole_front_armhole_front
1001
AI4MANUFACTURING
1000
WRITEBACK_PHASE=01_ATOM_LABEL
1000
ENTITY_ID=line_0031
999
AI4M_ENTITY=line_0032;LINE_ROLE=neckline;EDGE=neckline;SOURCE_LAYER=11
0
POLYLINE
8
AI4M_01_ATOM_INTERNAL
66
1
70
0
1001
AI4MANUFACTURING
1000
WRITEBACK_PHASE=01_ATOM
1000
ENTITY_ID=line_0032
1000
SOURCE_HANDLE=22A
1000
LINE_ROLE=neckline
1000
EDGE=neckline
1000
CHAIN=piece_10_bottom_neckline
1000
PIECE_ID=piece_10
1000
SEAM_PAIR=
1000
PAIRED_CHAIN=
1000
NOTCH_CHAIN=
1000
NOTCH_SOURCE=
1000
PIECE_ROLE=front_body
1000
SEAM_ALLOWANCE_MM=
1000
SOURCE_LAYER=11
0
VERTEX
8
AI4M_01_ATOM_INTERNAL
10
4879.992814
20
774.795581
30
0
0
VERTEX
8
AI4M_01_ATOM_INTERNAL
10
4880.005386
20
769.795596
30
0
0
SEQEND
8
AI4M_01_ATOM_INTERNAL
0
TEXT
8
AI4M_01_ATOM_INTERNAL
10
4879.992814
20
774.795581
30
0
40
2.5
1
AI4M_line_0032_neckline_neckline
1001
AI4MANUFACTURING
1000
WRITEBACK_PHASE=01_ATOM_LABEL
1000
ENTITY_ID=line_0032
999
AI4M_ENTITY=line_0033__seg_01;LINE_ROLE=neckline;EDGE=neckline;SOURCE_LAYER=11
0
POLYLINE
8
AI4M_01_ATOM_INTERNAL
66
1
70
0
1001
AI4MANUFACTURING
1000
WRITEBACK_PHASE=01_ATOM
1000
ENTITY_ID=line_0033__seg_01
1000
SOURCE_HANDLE=22B
1000
LINE_ROLE=neckline
1000
EDGE=neckline
1000
CHAIN=piece_10_bottom_neckline
1000
PIECE_ID=piece_10
1000
SEAM_PAIR=
1000
PAIRED_CHAIN=
1000
NOTCH_CHAIN=
1000
NOTCH_SOURCE=
1000
PIECE_ROLE=front_body
1000
SEAM_ALLOWANCE_MM=
1000
SOURCE_LAYER=11
0
VERTEX
8
AI4M_01_ATOM_INTERNAL
10
4880
20
772.295609
30
0
0
VERTEX
8
AI4M_01_ATOM_INTERNAL
10
4886.350681
20
772.297149
30
0
0
VERTEX
8
AI4M_01_ATOM_INTERNAL
10
4892.896755
20
772.570908
30
0
0
VERTEX
8
AI4M_01_ATOM_INTERNAL
10
4899.156997
20
773.072832
30
0
0
VERTEX
8
AI4M_01_ATOM_INTERNAL
10
4904.980965
20
773.775904
30
0
0
VERTEX
8
AI4M_01_ATOM_INTERNAL
10
4910.322927
20
774.657241
30
0
0
VERTEX
8
AI4M_01_ATOM_INTERNAL
10
4915.169115
20
775.694437
30
0
0
VERTEX
8
AI4M_01_ATOM_INTERNAL
10
4919.753465
20
776.917738
30
0
0
VERTEX
8
AI4M_01_ATOM_INTERNAL
10
4924.060216
20
778.310963
30
0
0
VERTEX
8
AI4M_01_ATOM_INTERNAL
10
4928.134445
20
779.879258
30
0
0
VERTEX
8
AI4M_01_ATOM_INTERNAL
10
4931.963333
20
781.611289
30
0
0
VERTEX
8
AI4M_01_ATOM_INTERNAL
10
4935.490567
20
783.467243
30
0
0
VERTEX
8
AI4M_01_ATOM_INTERNAL
10
4938.821224
20
785.492524
30
0
0
VERTEX
8
AI4M_01_ATOM_INTERNAL
10
4941.899943
20
787.647723
30
0
0
VERTEX
8
AI4M_01_ATOM_INTERNAL
10
4944.91449
20
790.05902
30
0
0
VERTEX
8
AI4M_01_ATOM_INTERNAL
10
4947.910394
20
792.774855
30
0
0
VERTEX
8
AI4M_01_ATOM_INTERNAL
10
4950.865757
20
795.793187
30
0
0
VERTEX
8
AI4M_01_ATOM_INTERNAL
10
4953.73052
20
799.071918
30
0
0
VERTEX
8
AI4M_01_ATOM_INTERNAL
10
4956.5545
20
802.680937
30
0
0
VERTEX
8
AI4M_01_ATOM_INTERNAL
10
4959.320351
20
806.61948
30
0
0
VERTEX
8
AI4M_01_ATOM_INTERNAL
10
4962.328245
20
811.359898
30
0
0
VERTEX
8
AI4M_01_ATOM_INTERNAL
10
4965.214773
20
816.339497
30
0
0
VERTEX
8
AI4M_01_ATOM_INTERNAL
10
4966.775513
20
819.226379
30
0
0
SEQEND
8
AI4M_01_ATOM_INTERNAL
0
TEXT
8
AI4M_01_ATOM_INTERNAL
10
4880
20
772.295609
30
0
40
2.5
1
AI4M_line_0033__seg_01_neckline_neckline
1001
AI4MANUFACTURING
1000
WRITEBACK_PHASE=01_ATOM_LABEL
1000
ENTITY_ID=line_0033__seg_01
999
AI4M_ENTITY=line_0035__seg_01;LINE_ROLE=armhole_front;EDGE=armhole_front;SOURCE_LAYER=11
0
POLYLINE
8
AI4M_01_ATOM_INTERNAL
66
1
70
0
1001
AI4MANUFACTURING
1000
WRITEBACK_PHASE=01_ATOM
1000
ENTITY_ID=line_0035__seg_01
1000
SOURCE_HANDLE=253
1000
LINE_ROLE=armhole_front
1000
EDGE=armhole_front
1000
CHAIN=piece_10_right_armhole_front
1000
PIECE_ID=piece_10
1000
SEAM_PAIR=
1000
PAIRED_CHAIN=
1000
NOTCH_CHAIN=
1000
NOTCH_SOURCE=
1000
PIECE_ROLE=front_body
1000
SEAM_ALLOWANCE_MM=
1000
SOURCE_LAYER=11
0
VERTEX
8
AI4M_01_ATOM_INTERNAL
10
5105.963745
20
771.375275
30
0
0
VERTEX
8
AI4M_01_ATOM_INTERNAL
10
5102.940535
20
756.787109
30
0
0
VERTEX
8
AI4M_01_ATOM_INTERNAL
10
5100.5676
20
744.006644
30
0
0
VERTEX
8
AI4M_01_ATOM_INTERNAL
10
5098.670349
20
732.552439
30
0
0
VERTEX
8
AI4M_01_ATOM_INTERNAL
10
5097.195481
20
722.209
30
0
0
VERTEX
8
AI4M_01_ATOM_INTERNAL
10
5095.904714
20
711.3552
30
0
0
VERTEX
8
AI4M_01_ATOM_INTERNAL
10
5094.773967
20
699.707757
30
0
0
VERTEX
8
AI4M_01_ATOM_INTERNAL
10
5093.766936
20
686.669512
30
0
0
VERTEX
8
AI4M_01_ATOM_INTERNAL
10
5093.061832
20
674.762897
30
0
0
VERTEX
8
AI4M_01_ATOM_INTERNAL
10
5092.726878
20
665.238824
30
0
0
VERTEX
8
AI4M_01_ATOM_INTERNAL
10
5092.684062
20
657.749418
30
0
0
VERTEX
8
AI4M_01_ATOM_INTERNAL
10
5092.753601
20
653.452682
30
0
0
SEQEND
8
AI4M_01_ATOM_INTERNAL
0
TEXT
8
AI4M_01_ATOM_INTERNAL
10
5105.963745
20
771.375275
30
0
40
2.5
1
AI4M_line_0035__seg_01_armhole_front_armhole_front
1001
AI4MANUFACTURING
1000
WRITEBACK_PHASE=01_ATOM_LABEL
1000
ENTITY_ID=line_0035__seg_01
999
AI4M_ENTITY=line_0036__seg_01;LINE_ROLE=armhole_front;EDGE=armhole_front;SOURCE_LAYER=11
0
POLYLINE
8
AI4M_01_ATOM_INTERNAL
66
1
70
0
1001
AI4MANUFACTURING
1000
WRITEBACK_PHASE=01_ATOM
1000
ENTITY_ID=line_0036__seg_01
1000
SOURCE_HANDLE=262
1000
LINE_ROLE=armhole_front
1000
EDGE=armhole_front
1000
CHAIN=piece_10_right_armhole_front
1000
PIECE_ID=piece_10
1000
SEAM_PAIR=
1000
PAIRED_CHAIN=
1000
NOTCH_CHAIN=
1000
NOTCH_SOURCE=
1000
PIECE_ROLE=front_body
1000
SEAM_ALLOWANCE_MM=
1000
SOURCE_LAYER=11
0
VERTEX
8
AI4M_01_ATOM_INTERNAL
10
5092.753906
20
653.450089
30
0
0
VERTEX
8
AI4M_01_ATOM_INTERNAL
10
5093.113969
20
645.593503
30
0
0
VERTEX
8
AI4M_01_ATOM_INTERNAL
10
5093.693363
20
638.557108
30
0
0
VERTEX
8
AI4M_01_ATOM_INTERNAL
10
5094.497022
20
631.724685
30
0
0
VERTEX
8
AI4M_01_ATOM_INTERNAL
10
5095.532722
20
624.987067
30
0
0
VERTEX
8
AI4M_01_ATOM_INTERNAL
10
5096.783426
20
618.434249
30
0
0
VERTEX
8
AI4M_01_ATOM_INTERNAL
10
5098.207775
20
612.218545
30
0
0
VERTEX
8
AI4M_01_ATOM_INTERNAL
10
5099.675303
20
606.839378
30
0
0
VERTEX
8
AI4M_01_ATOM_INTERNAL
10
5101.236888
20
602.001648
30
0
0
VERTEX
8
AI4M_01_ATOM_INTERNAL
10
5102.907786
20
597.593032
30
0
0
VERTEX
8
AI4M_01_ATOM_INTERNAL
10
5104.730201
20
593.463252
30
0
0
VERTEX
8
AI4M_01_ATOM_INTERNAL
10
5106.781636
20
589.421602
30
0
0
VERTEX
8
AI4M_01_ATOM_INTERNAL
10
5109.008276
20
585.569135
30
0
0
VERTEX
8
AI4M_01_ATOM_INTERNAL
10
5111.429352
20
581.862449
30
0
0
VERTEX
8
AI4M_01_ATOM_INTERNAL
10
5114.040391
20
578.310177
30
0
0
VERTEX
8
AI4M_01_ATOM_INTERNAL
10
5116.74761
20
575.025044
30
0
0
VERTEX
8
AI4M_01_ATOM_INTERNAL
10
5119.706018
20
571.820411
30
0
0
VERTEX
8
AI4M_01_ATOM_INTERNAL
10
5122.811512
20
568.82138
30
0
0
VERTEX
8
AI4M_01_ATOM_INTERNAL
10
5126.003708
20
566.07354
30
0
0
VERTEX
8
AI4M_01_ATOM_INTERNAL
10
5129.310878
20
563.542765
30
0
0
VERTEX
8
AI4M_01_ATOM_INTERNAL
10
5132.772995
20
561.202747
30
0
0
VERTEX
8
AI4M_01_ATOM_INTERNAL
10
5136.52355
20
558.976785
30
0
0
VERTEX
8
AI4M_01_ATOM_INTERNAL
10
5140.825035
20
556.72204
30
0
0
VERTEX
8
AI4M_01_ATOM_INTERNAL
10
5145.548416
20
554.520972
30
0
0
VERTEX
8
AI4M_01_ATOM_INTERNAL
10
5150.267838
20
552.595222
30
0
0
VERTEX
8
AI4M_01_ATOM_INTERNAL
10
5152.893677
20
551.615601
30
0
0
SEQEND
8
AI4M_01_ATOM_INTERNAL
0
TEXT
8
AI4M_01_ATOM_INTERNAL
10
5092.753906
20
653.450089
30
0
40
2.5
1
AI4M_line_0036__seg_01_armhole_front_armhole_front
1001
AI4MANUFACTURING
1000
WRITEBACK_PHASE=01_ATOM_LABEL
1000
ENTITY_ID=line_0036__seg_01
999
AI4M_ENTITY=line_0037;LINE_ROLE=construction;EDGE=construction_horizontal;SOURCE_LAYER=11
0
POLYLINE
8
AI4M_01_ATOM_INTERNAL
66
1
70
0
1001
AI4MANUFACTURING
1000
WRITEBACK_PHASE=01_ATOM
1000
ENTITY_ID=line_0037
1000
SOURCE_HANDLE=27F
1000
LINE_ROLE=construction
1000
EDGE=construction_horizontal
1000
CHAIN=chain_ms07y89w
1000
PIECE_ID=
1000
SEAM_PAIR=
1000
PAIRED_CHAIN=
1000
NOTCH_CHAIN=
1000
NOTCH_SOURCE=
1000
PIECE_ROLE=unknown
1000
SEAM_ALLOWANCE_MM=
1000
SOURCE_LAYER=11
0
VERTEX
8
AI4M_01_ATOM_INTERNAL
10
5097.861919
20
626.202837
30
0
0
VERTEX
8
AI4M_01_ATOM_INTERNAL
10
5092.930758
20
625.376002
30
0
0
SEQEND
8
AI4M_01_ATOM_INTERNAL
0
TEXT
8
AI4M_01_ATOM_INTERNAL
10
5097.861919
20
626.202837
30
0
40
2.5
1
AI4M_line_0037_construction_construction_horizontal
1001
AI4MANUFACTURING
1000
WRITEBACK_PHASE=01_ATOM_LABEL
1000
ENTITY_ID=line_0037
999
AI4M_ENTITY=line_0038__seg_01;LINE_ROLE=side_seam;EDGE=side_seam;SOURCE_LAYER=11
0
POLYLINE
8
AI4M_01_ATOM_INTERNAL
66
1
70
0
1001
AI4MANUFACTURING
1000
WRITEBACK_PHASE=01_ATOM
1000
ENTITY_ID=line_0038__seg_01
1000
SOURCE_HANDLE=280
1000
LINE_ROLE=side_seam
1000
EDGE=side_seam
1000
CHAIN=piece_10_right_side_seam
1000
PIECE_ID=piece_10
1000
SEAM_PAIR=
1000
PAIRED_CHAIN=
1000
NOTCH_CHAIN=
1000
NOTCH_SOURCE=
1000
PIECE_ROLE=front_body
1000
SEAM_ALLOWANCE_MM=
1000
SOURCE_LAYER=11
0
VERTEX
8
AI4M_01_ATOM_INTERNAL
10
5152.893677
20
551.615601
30
0
0
VERTEX
8
AI4M_01_ATOM_INTERNAL
10
5151.633911
20
452.623405
30
0
0
VERTEX
8
AI4M_01_ATOM_INTERNAL
10
5148.964233
20
242.724266
30
0
0
VERTEX
8
AI4M_01_ATOM_INTERNAL
10
5147.075195
20
94.236021
30
0
0
SEQEND
8
AI4M_01_ATOM_INTERNAL
0
TEXT
8
AI4M_01_ATOM_INTERNAL
10
5152.893677
20
551.615601
30
0
40
2.5
1
AI4M_line_0038__seg_01_side_seam_side_seam
1001
AI4MANUFACTURING
1000
WRITEBACK_PHASE=01_ATOM_LABEL
1000
ENTITY_ID=line_0038__seg_01
999
AI4M_ENTITY=line_0039;LINE_ROLE=construction;EDGE=construction_horizontal;SOURCE_LAYER=11
0
POLYLINE
8
AI4M_01_ATOM_INTERNAL
66
1
70
0
1001
AI4MANUFACTURING
1000
WRITEBACK_PHASE=01_ATOM
1000
ENTITY_ID=line_0039
1000
SOURCE_HANDLE=287
1000
LINE_ROLE=construction
1000
EDGE=construction_horizontal
1000
CHAIN=chain_ms07y89w
1000
PIECE_ID=
1000
SEAM_PAIR=
1000
PAIRED_CHAIN=
1000
NOTCH_CHAIN=
1000
NOTCH_SOURCE=
1000
PIECE_ROLE=unknown
1000
SEAM_ALLOWANCE_MM=
1000
SOURCE_LAYER=11
0
VERTEX
8
AI4M_01_ATOM_INTERNAL
10
5154.133708
20
452.591556
30
0
0
VERTEX
8
AI4M_01_ATOM_INTERNAL
10
5149.134114
20
452.655284
30
0
0
SEQEND
8
AI4M_01_ATOM_INTERNAL
0
TEXT
8
AI4M_01_ATOM_INTERNAL
10
5154.133708
20
452.591556
30
0
40
2.5
1
AI4M_line_0039_construction_construction_horizontal
1001
AI4MANUFACTURING
1000
WRITEBACK_PHASE=01_ATOM_LABEL
1000
ENTITY_ID=line_0039
999
AI4M_ENTITY=line_0040;LINE_ROLE=construction;EDGE=construction_horizontal;SOURCE_LAYER=11
0
POLYLINE
8
AI4M_01_ATOM_INTERNAL
66
1
70
0
1001
AI4MANUFACTURING
1000
WRITEBACK_PHASE=01_ATOM
1000
ENTITY_ID=line_0040
1000
SOURCE_HANDLE=288
1000
LINE_ROLE=construction
1000
EDGE=construction_horizontal
1000
CHAIN=chain_ms07y89w
1000
PIECE_ID=
1000
SEAM_PAIR=
1000
PAIRED_CHAIN=
1000
NOTCH_CHAIN=
1000
NOTCH_SOURCE=
1000
PIECE_ROLE=unknown
1000
SEAM_ALLOWANCE_MM=
1000
SOURCE_LAYER=11
0
VERTEX
8
AI4M_01_ATOM_INTERNAL
10
5151.46403
20
242.692409
30
0
0
VERTEX
8
AI4M_01_ATOM_INTERNAL
10
5146.464436
20
242.756097
30
0
0
SEQEND
8
AI4M_01_ATOM_INTERNAL
0
TEXT
8
AI4M_01_ATOM_INTERNAL
10
5151.46403
20
242.692409
30
0
40
2.5
1
AI4M_line_0040_construction_construction_horizontal
1001
AI4MANUFACTURING
1000
WRITEBACK_PHASE=01_ATOM_LABEL
1000
ENTITY_ID=line_0040
999
AI4M_ENTITY=line_0041;LINE_ROLE=hem_line;EDGE=hem_line;SOURCE_LAYER=11
0
POLYLINE
8
AI4M_01_ATOM_INTERNAL
66
1
70
0
1001
AI4MANUFACTURING
1000
WRITEBACK_PHASE=01_ATOM
1000
ENTITY_ID=line_0041
1000
SOURCE_HANDLE=289
1000
LINE_ROLE=hem_line
1000
EDGE=hem_line
1000
CHAIN=piece_10_top_hem
1000
PIECE_ID=piece_10
1000
SEAM_PAIR=
1000
PAIRED_CHAIN=
1000
NOTCH_CHAIN=
1000
NOTCH_SOURCE=
1000
PIECE_ROLE=front_body
1000
SEAM_ALLOWANCE_MM=
1000
SOURCE_LAYER=11
0
VERTEX
8
AI4M_01_ATOM_INTERNAL
10
5147.075195
20
94.236021
30
0
0
VERTEX
8
AI4M_01_ATOM_INTERNAL
10
4880
20
94.236021
30
0
0
SEQEND
8
AI4M_01_ATOM_INTERNAL
0
TEXT
8
AI4M_01_ATOM_INTERNAL
10
5147.075195
20
94.236021
30
0
40
2.5
1
AI4M_line_0041_hem_line_hem_line
1001
AI4MANUFACTURING
1000
WRITEBACK_PHASE=01_ATOM_LABEL
1000
ENTITY_ID=line_0041
999
AI4M_ENTITY=line_0042;LINE_ROLE=hem_line;EDGE=hem_line;SOURCE_LAYER=11
0
POLYLINE
8
AI4M_01_ATOM_INTERNAL
66
1
70
0
1001
AI4MANUFACTURING
1000
WRITEBACK_PHASE=01_ATOM
1000
ENTITY_ID=line_0042
1000
SOURCE_HANDLE=28E
1000
LINE_ROLE=hem_line
1000
EDGE=hem_line
1000
CHAIN=piece_10_top_hem
1000
PIECE_ID=piece_10
1000
SEAM_PAIR=
1000
PAIRED_CHAIN=
1000
NOTCH_CHAIN=
1000
NOTCH_SOURCE=
1000
PIECE_ROLE=front_body
1000
SEAM_ALLOWANCE_MM=
1000
SOURCE_LAYER=11
0
VERTEX
8
AI4M_01_ATOM_INTERNAL
10
4880
20
94.236021
30
0
0
VERTEX
8
AI4M_01_ATOM_INTERNAL
10
4612.924805
20
94.236021
30
0
0
SEQEND
8
AI4M_01_ATOM_INTERNAL
0
TEXT
8
AI4M_01_ATOM_INTERNAL
10
4880
20
94.236021
30
0
40
2.5
1
AI4M_line_0042_hem_line_hem_line
1001
AI4MANUFACTURING
1000
WRITEBACK_PHASE=01_ATOM_LABEL
1000
ENTITY_ID=line_0042
999
AI4M_ENTITY=line_0043;LINE_ROLE=construction;EDGE=construction_vertical;SOURCE_LAYER=11
0
POLYLINE
8
AI4M_01_ATOM_INTERNAL
66
1
70
0
1001
AI4MANUFACTURING
1000
WRITEBACK_PHASE=01_ATOM
1000
ENTITY_ID=line_0043
1000
SOURCE_HANDLE=293
1000
LINE_ROLE=construction
1000
EDGE=construction_vertical
1000
CHAIN=piece_10_top_construction_vertical
1000
PIECE_ID=piece_10
1000
SEAM_PAIR=
1000
PAIRED_CHAIN=
1000
NOTCH_CHAIN=
1000
NOTCH_SOURCE=
1000
PIECE_ROLE=front_body
1000
SEAM_ALLOWANCE_MM=
1000
SOURCE_LAYER=11
0
VERTEX
8
AI4M_01_ATOM_INTERNAL
10
4880
20
772.295609
30
0
0
VERTEX
8
AI4M_01_ATOM_INTERNAL
10
4880
20
94.236021
30
0
0
SEQEND
8
AI4M_01_ATOM_INTERNAL
0
TEXT
8
AI4M_01_ATOM_INTERNAL
10
4880
20
772.295609
30
0
40
2.5
1
AI4M_line_0043_construction_construction_vertical
1001
AI4MANUFACTURING
1000
WRITEBACK_PHASE=01_ATOM_LABEL
1000
ENTITY_ID=line_0043
999
AI4M_ENTITY=line_0044;LINE_ROLE=neckline;EDGE=neckline;SOURCE_LAYER=11
0
POLYLINE
8
AI4M_01_ATOM_INTERNAL
66
1
70
0
1001
AI4MANUFACTURING
1000
WRITEBACK_PHASE=01_ATOM
1000
ENTITY_ID=line_0044
1000
SOURCE_HANDLE=298
1000
LINE_ROLE=neckline
1000
EDGE=neckline
1000
CHAIN=piece_10_bottom_neckline
1000
PIECE_ID=piece_10
1000
SEAM_PAIR=
1000
PAIRED_CHAIN=
1000
NOTCH_CHAIN=
1000
NOTCH_SOURCE=
1000
PIECE_ROLE=front_body
1000
SEAM_ALLOWANCE_MM=
1000
SOURCE_LAYER=11
0
VERTEX
8
AI4M_01_ATOM_INTERNAL
10
4880
20
774.795609
30
0
0
VERTEX
8
AI4M_01_ATOM_INTERNAL
10
4880
20
769.795609
30
0
0
SEQEND
8
AI4M_01_ATOM_INTERNAL
0
TEXT
8
AI4M_01_ATOM_INTERNAL
10
4880
20
774.795609
30
0
40
2.5
1
AI4M_line_0044_neckline_neckline
1001
AI4MANUFACTURING
1000
WRITEBACK_PHASE=01_ATOM_LABEL
1000
ENTITY_ID=line_0044
999
AI4M_ENTITY=line_0045;LINE_ROLE=construction;EDGE=construction_horizontal;SOURCE_LAYER=11
0
POLYLINE
8
AI4M_01_ATOM_INTERNAL
66
1
70
0
1001
AI4MANUFACTURING
1000
WRITEBACK_PHASE=01_ATOM
1000
ENTITY_ID=line_0045
1000
SOURCE_HANDLE=299
1000
LINE_ROLE=construction
1000
EDGE=construction_horizontal
1000
CHAIN=chain_ms07y89w
1000
PIECE_ID=
1000
SEAM_PAIR=
1000
PAIRED_CHAIN=
1000
NOTCH_CHAIN=
1000
NOTCH_SOURCE=
1000
PIECE_ROLE=unknown
1000
SEAM_ALLOWANCE_MM=
1000
SOURCE_LAYER=11
0
VERTEX
8
AI4M_01_ATOM_INTERNAL
10
4607.417908
20
526.866989
30
0
0
VERTEX
8
AI4M_01_ATOM_INTERNAL
10
4880
20
526.866989
30
0
0
SEQEND
8
AI4M_01_ATOM_INTERNAL
0
TEXT
8
AI4M_01_ATOM_INTERNAL
10
4607.417908
20
526.866989
30
0
40
2.5
1
AI4M_line_0045_construction_construction_horizontal
1001
AI4MANUFACTURING
1000
WRITEBACK_PHASE=01_ATOM_LABEL
1000
ENTITY_ID=line_0045
999
AI4M_ENTITY=line_0046;LINE_ROLE=construction;EDGE=construction_horizontal;SOURCE_LAYER=11
0
POLYLINE
8
AI4M_01_ATOM_INTERNAL
66
1
70
0
1001
AI4MANUFACTURING
1000
WRITEBACK_PHASE=01_ATOM
1000
ENTITY_ID=line_0046
1000
SOURCE_HANDLE=29E
1000
LINE_ROLE=construction
1000
EDGE=construction_horizontal
1000
CHAIN=chain_ms07y89w
1000
PIECE_ID=
1000
SEAM_PAIR=
1000
PAIRED_CHAIN=
1000
NOTCH_CHAIN=
1000
NOTCH_SOURCE=
1000
PIECE_ROLE=unknown
1000
SEAM_ALLOWANCE_MM=
1000
SOURCE_LAYER=11
0
VERTEX
8
AI4M_01_ATOM_INTERNAL
10
4880
20
398.178177
30
0
0
VERTEX
8
AI4M_01_ATOM_INTERNAL
10
4609.037476
20
398.178177
30
0
0
SEQEND
8
AI4M_01_ATOM_INTERNAL
0
TEXT
8
AI4M_01_ATOM_INTERNAL
10
4880
20
398.178177
30
0
40
2.5
1
AI4M_line_0046_construction_construction_horizontal
1001
AI4MANUFACTURING
1000
WRITEBACK_PHASE=01_ATOM_LABEL
1000
ENTITY_ID=line_0046
999
AI4M_ENTITY=line_0047;LINE_ROLE=construction;EDGE=construction_horizontal;SOURCE_LAYER=11
0
POLYLINE
8
AI4M_01_ATOM_INTERNAL
66
1
70
0
1001
AI4MANUFACTURING
1000
WRITEBACK_PHASE=01_ATOM
1000
ENTITY_ID=line_0047
1000
SOURCE_HANDLE=2A3
1000
LINE_ROLE=construction
1000
EDGE=construction_horizontal
1000
CHAIN=piece_10_bottom_construction_horizontal
1000
PIECE_ID=piece_10
1000
SEAM_PAIR=
1000
PAIRED_CHAIN=
1000
NOTCH_CHAIN=
1000
NOTCH_SOURCE=
1000
PIECE_ROLE=front_body
1000
SEAM_ALLOWANCE_MM=
1000
SOURCE_LAYER=11
0
VERTEX
8
AI4M_01_ATOM_INTERNAL
10
4880
20
653.450394
30
0
0
VERTEX
8
AI4M_01_ATOM_INTERNAL
10
4667.246094
20
653.450394
30
0
0
SEQEND
8
AI4M_01_ATOM_INTERNAL
0
TEXT
8
AI4M_01_ATOM_INTERNAL
10
4880
20
653.450394
30
0
40
2.5
1
AI4M_line_0047_construction_construction_horizontal
1001
AI4MANUFACTURING
1000
WRITEBACK_PHASE=01_ATOM_LABEL
1000
ENTITY_ID=line_0047
999
AI4M_ENTITY=line_0048;LINE_ROLE=construction;EDGE=construction_horizontal;SOURCE_LAYER=11
0
POLYLINE
8
AI4M_01_ATOM_INTERNAL
66
1
70
0
1001
AI4MANUFACTURING
1000
WRITEBACK_PHASE=01_ATOM
1000
ENTITY_ID=line_0048
1000
SOURCE_HANDLE=2A8
1000
LINE_ROLE=construction
1000
EDGE=construction_horizontal
1000
CHAIN=chain_ms07y89w
1000
PIECE_ID=
1000
SEAM_PAIR=
1000
PAIRED_CHAIN=
1000
NOTCH_CHAIN=
1000
NOTCH_SOURCE=
1000
PIECE_ROLE=unknown
1000
SEAM_ALLOWANCE_MM=
1000
SOURCE_LAYER=11
0
VERTEX
8
AI4M_01_ATOM_INTERNAL
10
5152.581787
20
526.866989
30
0
0
VERTEX
8
AI4M_01_ATOM_INTERNAL
10
4880
20
526.866989
30
0
0
SEQEND
8
AI4M_01_ATOM_INTERNAL
0
TEXT
8
AI4M_01_ATOM_INTERNAL
10
5152.581787
20
526.866989
30
0
40
2.5
1
AI4M_line_0048_construction_construction_horizontal
1001
AI4MANUFACTURING
1000
WRITEBACK_PHASE=01_ATOM_LABEL
1000
ENTITY_ID=line_0048
999
AI4M_ENTITY=line_0049;LINE_ROLE=construction;EDGE=construction_horizontal;SOURCE_LAYER=11
0
POLYLINE
8
AI4M_01_ATOM_INTERNAL
66
1
70
0
1001
AI4MANUFACTURING
1000
WRITEBACK_PHASE=01_ATOM
1000
ENTITY_ID=line_0049
1000
SOURCE_HANDLE=2AD
1000
LINE_ROLE=construction
1000
EDGE=construction_horizontal
1000
CHAIN=chain_ms07y89w
1000
PIECE_ID=
1000
SEAM_PAIR=
1000
PAIRED_CHAIN=
1000
NOTCH_CHAIN=
1000
NOTCH_SOURCE=
1000
PIECE_ROLE=unknown
1000
SEAM_ALLOWANCE_MM=
1000
SOURCE_LAYER=11
0
VERTEX
8
AI4M_01_ATOM_INTERNAL
10
4880
20
398.178177
30
0
0
VERTEX
8
AI4M_01_ATOM_INTERNAL
10
5150.962524
20
398.178177
30
0
0
SEQEND
8
AI4M_01_ATOM_INTERNAL
0
TEXT
8
AI4M_01_ATOM_INTERNAL
10
4880
20
398.178177
30
0
40
2.5
1
AI4M_line_0049_construction_construction_horizontal
1001
AI4MANUFACTURING
1000
WRITEBACK_PHASE=01_ATOM_LABEL
1000
ENTITY_ID=line_0049
999
AI4M_ENTITY=line_0050;LINE_ROLE=construction;EDGE=construction_horizontal;SOURCE_LAYER=11
0
POLYLINE
8
AI4M_01_ATOM_INTERNAL
66
1
70
0
1001
AI4MANUFACTURING
1000
WRITEBACK_PHASE=01_ATOM
1000
ENTITY_ID=line_0050
1000
SOURCE_HANDLE=2B2
1000
LINE_ROLE=construction
1000
EDGE=construction_horizontal
1000
CHAIN=piece_10_bottom_construction_horizontal
1000
PIECE_ID=piece_10
1000
SEAM_PAIR=
1000
PAIRED_CHAIN=
1000
NOTCH_CHAIN=
1000
NOTCH_SOURCE=
1000
PIECE_ROLE=front_body
1000
SEAM_ALLOWANCE_MM=
1000
SOURCE_LAYER=11
0
VERTEX
8
AI4M_01_ATOM_INTERNAL
10
4880
20
653.450394
30
0
0
VERTEX
8
AI4M_01_ATOM_INTERNAL
10
5092.753906
20
653.450394
30
0
0
SEQEND
8
AI4M_01_ATOM_INTERNAL
0
TEXT
8
AI4M_01_ATOM_INTERNAL
10
4880
20
653.450394
30
0
40
2.5
1
AI4M_line_0050_construction_construction_horizontal
1001
AI4MANUFACTURING
1000
WRITEBACK_PHASE=01_ATOM_LABEL
1000
ENTITY_ID=line_0050
999
AI4M_ENTITY=line_0051;LINE_ROLE=construction;EDGE=construction_horizontal;SOURCE_LAYER=11
0
POLYLINE
8
AI4M_01_ATOM_INTERNAL
66
1
70
0
1001
AI4MANUFACTURING
1000
WRITEBACK_PHASE=01_ATOM
1000
ENTITY_ID=line_0051
1000
SOURCE_HANDLE=2B7
1000
LINE_ROLE=construction
1000
EDGE=construction_horizontal
1000
CHAIN=chain_ms07y89w
1000
PIECE_ID=
1000
SEAM_PAIR=
1000
PAIRED_CHAIN=
1000
NOTCH_CHAIN=
1000
NOTCH_SOURCE=
1000
PIECE_ROLE=unknown
1000
SEAM_ALLOWANCE_MM=
1000
SOURCE_LAYER=11
0
VERTEX
8
AI4M_01_ATOM_INTERNAL
10
4880
20
72.236023
30
0
0
VERTEX
8
AI4M_01_ATOM_INTERNAL
10
4603.644409
20
72.236023
30
0
0
SEQEND
8
AI4M_01_ATOM_INTERNAL
0
TEXT
8
AI4M_01_ATOM_INTERNAL
10
4880
20
72.236023
30
0
40
2.5
1
AI4M_line_0051_construction_construction_horizontal
1001
AI4MANUFACTURING
1000
WRITEBACK_PHASE=01_ATOM_LABEL
1000
ENTITY_ID=line_0051
999
AI4M_ENTITY=line_0052;LINE_ROLE=construction;EDGE=construction_horizontal;SOURCE_LAYER=11
0
POLYLINE
8
AI4M_01_ATOM_INTERNAL
66
1
70
0
1001
AI4MANUFACTURING
1000
WRITEBACK_PHASE=01_ATOM
1000
ENTITY_ID=line_0052
1000
SOURCE_HANDLE=2BC
1000
LINE_ROLE=construction
1000
EDGE=construction_horizontal
1000
CHAIN=chain_ms07y89w
1000
PIECE_ID=
1000
SEAM_PAIR=
1000
PAIRED_CHAIN=
1000
NOTCH_CHAIN=
1000
NOTCH_SOURCE=
1000
PIECE_ROLE=unknown
1000
SEAM_ALLOWANCE_MM=
1000
SOURCE_LAYER=11
0
VERTEX
8
AI4M_01_ATOM_INTERNAL
10
5156.355591
20
72.236023
30
0
0
VERTEX
8
AI4M_01_ATOM_INTERNAL
10
4880
20
72.236023
30
0
0
SEQEND
8
AI4M_01_ATOM_INTERNAL
0
TEXT
8
AI4M_01_ATOM_INTERNAL
10
5156.355591
20
72.236023
30
0
40
2.5
1
AI4M_line_0052_construction_construction_horizontal
1001
AI4MANUFACTURING
1000
WRITEBACK_PHASE=01_ATOM_LABEL
1000
ENTITY_ID=line_0052
999
AI4M_ENTITY=line_0053;LINE_ROLE=construction;EDGE=construction_vertical;SOURCE_LAYER=11
0
POLYLINE
8
AI4M_01_ATOM_INTERNAL
66
1
70
0
1001
AI4MANUFACTURING
1000
WRITEBACK_PHASE=01_ATOM
1000
ENTITY_ID=line_0053
1000
SOURCE_HANDLE=2C1
1000
LINE_ROLE=construction
1000
EDGE=construction_vertical
1000
CHAIN=chain_ms07y89w
1000
PIECE_ID=
1000
SEAM_PAIR=
1000
PAIRED_CHAIN=
1000
NOTCH_CHAIN=
1000
NOTCH_SOURCE=
1000
PIECE_ROLE=unknown
1000
SEAM_ALLOWANCE_MM=
1000
SOURCE_LAYER=11
0
VERTEX
8
AI4M_01_ATOM_INTERNAL
10
5156.07605
20
94.236021
30
0
0
VERTEX
8
AI4M_01_ATOM_INTERNAL
10
5156.355591
20
72.236023
30
0
0
SEQEND
8
AI4M_01_ATOM_INTERNAL
0
TEXT
8
AI4M_01_ATOM_INTERNAL
10
5156.07605
20
94.236021
30
0
40
2.5
1
AI4M_line_0053_construction_construction_vertical
1001
AI4MANUFACTURING
1000
WRITEBACK_PHASE=01_ATOM_LABEL
1000
ENTITY_ID=line_0053
999
AI4M_ENTITY=line_0054__seg_01;LINE_ROLE=construction;EDGE=construction_vertical;SOURCE_LAYER=11
0
POLYLINE
8
AI4M_01_ATOM_INTERNAL
66
1
70
0
1001
AI4MANUFACTURING
1000
WRITEBACK_PHASE=01_ATOM
1000
ENTITY_ID=line_0054__seg_01
1000
SOURCE_HANDLE=2C6
1000
LINE_ROLE=construction
1000
EDGE=construction_vertical
1000
CHAIN=chain_ms07y89w
1000
PIECE_ID=
1000
SEAM_PAIR=
1000
PAIRED_CHAIN=
1000
NOTCH_CHAIN=
1000
NOTCH_SOURCE=
1000
PIECE_ROLE=unknown
1000
SEAM_ALLOWANCE_MM=
1000
SOURCE_LAYER=11
0
VERTEX
8
AI4M_01_ATOM_INTERNAL
10
5161.94397
20
555.537224
30
0
0
VERTEX
8
AI4M_01_ATOM_INTERNAL
10
5160.633545
20
452.508926
30
0
0
VERTEX
8
AI4M_01_ATOM_INTERNAL
10
5157.963257
20
242.609768
30
0
0
VERTEX
8
AI4M_01_ATOM_INTERNAL
10
5156.07605
20
94.236021
30
0
0
SEQEND
8
AI4M_01_ATOM_INTERNAL
0
TEXT
8
AI4M_01_ATOM_INTERNAL
10
5161.94397
20
555.537224
30
0
40
2.5
1
AI4M_line_0054__seg_01_construction_construction_vertical
1001
AI4MANUFACTURING
1000
WRITEBACK_PHASE=01_ATOM_LABEL
1000
ENTITY_ID=line_0054__seg_01
999
AI4M_ENTITY=line_0055__seg_01;LINE_ROLE=construction;EDGE=construction_vertical;SOURCE_LAYER=11
0
POLYLINE
8
AI4M_01_ATOM_INTERNAL
66
1
70
0
1001
AI4MANUFACTURING
1000
WRITEBACK_PHASE=01_ATOM
1000
ENTITY_ID=line_0055__seg_01
1000
SOURCE_HANDLE=2CD
1000
LINE_ROLE=construction
1000
EDGE=construction_vertical
1000
CHAIN=chain_ms07y89w
1000
PIECE_ID=
1000
SEAM_PAIR=
1000
PAIRED_CHAIN=
1000
NOTCH_CHAIN=
1000
NOTCH_SOURCE=
1000
PIECE_ROLE=unknown
1000
SEAM_ALLOWANCE_MM=
1000
SOURCE_LAYER=11
0
VERTEX
8
AI4M_01_ATOM_INTERNAL
10
5113.99292
20
776.100693
30
0
0
VERTEX
8
AI4M_01_ATOM_INTERNAL
10
5111.020508
20
761.23703
30
0
0
VERTEX
8
AI4M_01_ATOM_INTERNAL
10
5108.422241
20
748.17482
30
0
0
VERTEX
8
AI4M_01_ATOM_INTERNAL
10
5106.505432
20
737.222748
30
0
0
VERTEX
8
AI4M_01_ATOM_INTERNAL
10
5104.772034
20
725.947647
30
0
0
VERTEX
8
AI4M_01_ATOM_INTERNAL
10
5103.44574
20
715.764771
30
0
0
VERTEX
8
AI4M_01_ATOM_INTERNAL
10
5102.257996
20
704.659729
30
0
0
VERTEX
8
AI4M_01_ATOM_INTERNAL
10
5101.188354
20
692.247772
30
0
0
VERTEX
8
AI4M_01_ATOM_INTERNAL
10
5100.324097
20
679.438324
30
0
0
VERTEX
8
AI4M_01_ATOM_INTERNAL
10
5099.794312
20
668.311768
30
0
0
VERTEX
8
AI4M_01_ATOM_INTERNAL
10
5099.682617
20
661.525803
30
0
0
VERTEX
8
AI4M_01_ATOM_INTERNAL
10
5099.924927
20
648.589096
30
0
0
VERTEX
8
AI4M_01_ATOM_INTERNAL
10
5100.39917
20
642.057419
30
0
0
VERTEX
8
AI4M_01_ATOM_INTERNAL
10
5101.121521
20
634.993172
30
0
0
VERTEX
8
AI4M_01_ATOM_INTERNAL
10
5101.934814
20
629.455757
30
0
0
VERTEX
8
AI4M_01_ATOM_INTERNAL
10
5103.294067
20
621.421089
30
0
0
VERTEX
8
AI4M_01_ATOM_INTERNAL
10
5104.601746
20
615.551414
30
0
0
VERTEX
8
AI4M_01_ATOM_INTERNAL
10
5106.127014
20
609.719429
30
0
0
VERTEX
8
AI4M_01_ATOM_INTERNAL
10
5107.614441
20
604.972801
30
0
0
VERTEX
8
AI4M_01_ATOM_INTERNAL
10
5109.206543
20
600.689011
30
0
0
VERTEX
8
AI4M_01_ATOM_INTERNAL
10
5110.937195
20
596.712151
30
0
0
VERTEX
8
AI4M_01_ATOM_INTERNAL
10
5112.867126
20
592.883949
30
0
0
VERTEX
8
AI4M_01_ATOM_INTERNAL
10
5115.002136
20
589.185715
30
0
0
VERTEX
8
AI4M_01_ATOM_INTERNAL
10
5117.342529
20
585.619965
30
0
0
VERTEX
8
AI4M_01_ATOM_INTERNAL
10
5119.901428
20
582.18029
30
0
0
VERTEX
8
AI4M_01_ATOM_INTERNAL
10
5122.55127
20
579.027405
30
0
0
VERTEX
8
AI4M_01_ATOM_INTERNAL
10
5125.34729
20
576.071854
30
0
0
VERTEX
8
AI4M_01_ATOM_INTERNAL
10
5128.330688
20
573.273506
30
0
0
VERTEX
8
AI4M_01_ATOM_INTERNAL
10
5131.529541
20
570.623665
30
0
0
VERTEX
8
AI4M_01_ATOM_INTERNAL
10
5134.810181
20
568.237419
30
0
0
VERTEX
8
AI4M_01_ATOM_INTERNAL
10
5138.175049
20
566.101112
30
0
0
VERTEX
8
AI4M_01_ATOM_INTERNAL
10
5142.041016
20
563.953705
30
0
0
VERTEX
8
AI4M_01_ATOM_INTERNAL
10
5146.396484
20
561.815262
30
0
0
VERTEX
8
AI4M_01_ATOM_INTERNAL
10
5151.085205
20
559.798431
30
0
0
VERTEX
8
AI4M_01_ATOM_INTERNAL
10
5161.94397
20
555.537224
30
0
0
SEQEND
8
AI4M_01_ATOM_INTERNAL
0
TEXT
8
AI4M_01_ATOM_INTERNAL
10
5113.99292
20
776.100693
30
0
40
2.5
1
AI4M_line_0055__seg_01_construction_construction_vertical
1001
AI4MANUFACTURING
1000
WRITEBACK_PHASE=01_ATOM_LABEL
1000
ENTITY_ID=line_0055__seg_01
999
AI4M_ENTITY=line_0056__seg_01;LINE_ROLE=construction;EDGE=construction_horizontal;SOURCE_LAYER=11
0
POLYLINE
8
AI4M_01_ATOM_INTERNAL
66
1
70
0
1001
AI4MANUFACTURING
1000
WRITEBACK_PHASE=01_ATOM
1000
ENTITY_ID=line_0056__seg_01
1000
SOURCE_HANDLE=2F3
1000
LINE_ROLE=construction
1000
EDGE=construction_horizontal
1000
CHAIN=chain_ms07y89w
1000
PIECE_ID=
1000
SEAM_PAIR=
1000
PAIRED_CHAIN=
1000
NOTCH_CHAIN=
1000
NOTCH_SOURCE=
1000
PIECE_ROLE=unknown
1000
SEAM_ALLOWANCE_MM=
1000
SOURCE_LAYER=11
0
VERTEX
8
AI4M_01_ATOM_INTERNAL
10
4963.751831
20
827.763977
30
0
0
VERTEX
8
AI4M_01_ATOM_INTERNAL
10
4978.579712
20
822.388535
30
0
0
VERTEX
8
AI4M_01_ATOM_INTERNAL
10
4993.036499
20
817.179718
30
0
0
VERTEX
8
AI4M_01_ATOM_INTERNAL
10
5007.826843
20
811.900787
30
0
0
VERTEX
8
AI4M_01_ATOM_INTERNAL
10
5022.638245
20
806.681976
30
0
0
VERTEX
8
AI4M_01_ATOM_INTERNAL
10
5037.242126
20
801.61705
30
0
0
VERTEX
8
AI4M_01_ATOM_INTERNAL
10
5052.104492
20
796.5448
30
0
0
VERTEX
8
AI4M_01_ATOM_INTERNAL
10
5066.501465
20
791.704102
30
0
0
VERTEX
8
AI4M_01_ATOM_INTERNAL
10
5080.910034
20
786.918716
30
0
0
VERTEX
8
AI4M_01_ATOM_INTERNAL
10
5095.05249
20
782.266846
30
0
0
VERTEX
8
AI4M_01_ATOM_INTERNAL
10
5109.090271
20
777.688828
30
0
0
VERTEX
8
AI4M_01_ATOM_INTERNAL
10
5113.99292
20
776.100693
30
0
0
SEQEND
8
AI4M_01_ATOM_INTERNAL
0
TEXT
8
AI4M_01_ATOM_INTERNAL
10
4963.751831
20
827.763977
30
0
40
2.5
1
AI4M_line_0056__seg_01_construction_construction_horizontal
1001
AI4MANUFACTURING
1000
WRITEBACK_PHASE=01_ATOM_LABEL
1000
ENTITY_ID=line_0056__seg_01
999
AI4M_ENTITY=line_0057__seg_01;LINE_ROLE=construction;EDGE=construction_horizontal;SOURCE_LAYER=11
0
POLYLINE
8
AI4M_01_ATOM_INTERNAL
66
1
70
0
1001
AI4MANUFACTURING
1000
WRITEBACK_PHASE=01_ATOM
1000
ENTITY_ID=line_0057__seg_01
1000
SOURCE_HANDLE=302
1000
LINE_ROLE=construction
1000
EDGE=construction_horizontal
1000
CHAIN=chain_ms07y89w
1000
PIECE_ID=
1000
SEAM_PAIR=
1000
PAIRED_CHAIN=
1000
NOTCH_CHAIN=
1000
NOTCH_SOURCE=
1000
PIECE_ROLE=unknown
1000
SEAM_ALLOWANCE_MM=
1000
SOURCE_LAYER=11
0
VERTEX
8
AI4M_01_ATOM_INTERNAL
10
4880
20
779.295578
30
0
0
VERTEX
8
AI4M_01_ATOM_INTERNAL
10
4885.921326
20
779.281845
30
0
0
VERTEX
8
AI4M_01_ATOM_INTERNAL
10
4892.276306
20
779.548874
30
0
0
VERTEX
8
AI4M_01_ATOM_INTERNAL
10
4898.435364
20
780.035477
30
0
0
VERTEX
8
AI4M_01_ATOM_INTERNAL
10
4904.099121
20
780.720596
30
0
0
VERTEX
8
AI4M_01_ATOM_INTERNAL
10
4909.27063
20
781.582947
30
0
0
VERTEX
8
AI4M_01_ATOM_INTERNAL
10
4913.947754
20
782.600937
30
0
0
VERTEX
8
AI4M_01_ATOM_INTERNAL
10
4918.347168
20
783.803253
30
0
0
VERTEX
8
AI4M_01_ATOM_INTERNAL
10
4922.428894
20
785.162888
30
0
0
VERTEX
8
AI4M_01_ATOM_INTERNAL
10
4926.268616
20
786.692886
30
0
0
VERTEX
8
AI4M_01_ATOM_INTERNAL
10
4929.849243
20
788.379745
30
0
0
VERTEX
8
AI4M_01_ATOM_INTERNAL
10
4933.147278
20
790.201111
30
0
0
VERTEX
8
AI4M_01_ATOM_INTERNAL
10
4936.2146
20
792.175751
30
0
0
VERTEX
8
AI4M_01_ATOM_INTERNAL
10
4939.121094
20
794.350128
30
0
0
VERTEX
8
AI4M_01_ATOM_INTERNAL
10
4941.952515
20
796.781616
30
0
0
VERTEX
8
AI4M_01_ATOM_INTERNAL
10
4944.79248
20
799.555435
30
0
0
VERTEX
8
AI4M_01_ATOM_INTERNAL
10
4947.556458
20
802.604828
30
0
0
VERTEX
8
AI4M_01_ATOM_INTERNAL
10
4950.275879
20
805.981064
30
0
0
VERTEX
8
AI4M_01_ATOM_INTERNAL
10
4953.06427
20
809.854507
30
0
0
VERTEX
8
AI4M_01_ATOM_INTERNAL
10
4955.703735
20
813.939667
30
0
0
VERTEX
8
AI4M_01_ATOM_INTERNAL
10
4959.028015
20
819.681702
30
0
0
VERTEX
8
AI4M_01_ATOM_INTERNAL
10
4963.109741
20
826.699295
30
0
0
VERTEX
8
AI4M_01_ATOM_INTERNAL
10
4963.751831
20
827.763977
30
0
0
SEQEND
8
AI4M_01_ATOM_INTERNAL
0
TEXT
8
AI4M_01_ATOM_INTERNAL
10
4880
20
779.295578
30
0
40
2.5
1
AI4M_line_0057__seg_01_construction_construction_horizontal
1001
AI4MANUFACTURING
1000
WRITEBACK_PHASE=01_ATOM_LABEL
1000
ENTITY_ID=line_0057__seg_01
999
AI4M_ENTITY=line_0058__seg_01;LINE_ROLE=construction;EDGE=construction_horizontal;SOURCE_LAYER=11
0
POLYLINE
8
AI4M_01_ATOM_INTERNAL
66
1
70
0
1001
AI4MANUFACTURING
1000
WRITEBACK_PHASE=01_ATOM
1000
ENTITY_ID=line_0058__seg_01
1000
SOURCE_HANDLE=31C
1000
LINE_ROLE=construction
1000
EDGE=construction_horizontal
1000
CHAIN=chain_ms07y89w
1000
PIECE_ID=
1000
SEAM_PAIR=
1000
PAIRED_CHAIN=
1000
NOTCH_CHAIN=
1000
NOTCH_SOURCE=
1000
PIECE_ROLE=unknown
1000
SEAM_ALLOWANCE_MM=
1000
SOURCE_LAYER=11
0
VERTEX
8
AI4M_01_ATOM_INTERNAL
10
4796.248169
20
827.763977
30
0
0
VERTEX
8
AI4M_01_ATOM_INTERNAL
10
4799.94751
20
821.481934
30
0
0
VERTEX
8
AI4M_01_ATOM_INTERNAL
10
4803.348389
20
815.464096
30
0
0
VERTEX
8
AI4M_01_ATOM_INTERNAL
10
4808.092041
20
808.188019
30
0
0
VERTEX
8
AI4M_01_ATOM_INTERNAL
10
4810.533142
20
804.923782
30
0
0
VERTEX
8
AI4M_01_ATOM_INTERNAL
10
4813.378296
20
801.536255
30
0
0
VERTEX
8
AI4M_01_ATOM_INTERNAL
10
4816.152649
20
798.592834
30
0
0
VERTEX
8
AI4M_01_ATOM_INTERNAL
10
4818.999023
20
795.928268
30
0
0
VERTEX
8
AI4M_01_ATOM_INTERNAL
10
4821.855469
20
793.584595
30
0
0
VERTEX
8
AI4M_01_ATOM_INTERNAL
10
4824.745789
20
791.524582
30
0
0
VERTEX
8
AI4M_01_ATOM_INTERNAL
10
4827.878113
20
789.604111
30
0
0
VERTEX
8
AI4M_01_ATOM_INTERNAL
10
4831.251221
20
787.831726
30
0
0
VERTEX
8
AI4M_01_ATOM_INTERNAL
10
4834.851379
20
786.218872
30
0
0
VERTEX
8
AI4M_01_ATOM_INTERNAL
10
4838.797607
20
784.727402
30
0
0
VERTEX
8
AI4M_01_ATOM_INTERNAL
10
4842.984924
20
783.41217
30
0
0
VERTEX
8
AI4M_01_ATOM_INTERNAL
10
4847.44873
20
782.270432
30
0
0
VERTEX
8
AI4M_01_ATOM_INTERNAL
10
4852.237854
20
781.305389
30
0
0
VERTEX
8
AI4M_01_ATOM_INTERNAL
10
4857.573547
20
780.49202
30
0
0
VERTEX
8
AI4M_01_ATOM_INTERNAL
10
4863.338928
20
779.869995
30
0
0
VERTEX
8
AI4M_01_ATOM_INTERNAL
10
4869.703979
20
779.440765
30
0
0
VERTEX
8
AI4M_01_ATOM_INTERNAL
10
4875.634155
20
779.258728
30
0
0
VERTEX
8
AI4M_01_ATOM_INTERNAL
10
4880
20
779.295578
30
0
0
SEQEND
8
AI4M_01_ATOM_INTERNAL
0
TEXT
8
AI4M_01_ATOM_INTERNAL
10
4796.248169
20
827.763977
30
0
40
2.5
1
AI4M_line_0058__seg_01_construction_construction_horizontal
1001
AI4MANUFACTURING
1000
WRITEBACK_PHASE=01_ATOM_LABEL
1000
ENTITY_ID=line_0058__seg_01
999
AI4M_ENTITY=line_0059__seg_01;LINE_ROLE=construction;EDGE=construction_horizontal;SOURCE_LAYER=11
0
POLYLINE
8
AI4M_01_ATOM_INTERNAL
66
1
70
0
1001
AI4MANUFACTURING
1000
WRITEBACK_PHASE=01_ATOM
1000
ENTITY_ID=line_0059__seg_01
1000
SOURCE_HANDLE=335
1000
LINE_ROLE=construction
1000
EDGE=construction_horizontal
1000
CHAIN=chain_ms07y89w
1000
PIECE_ID=
1000
SEAM_PAIR=
1000
PAIRED_CHAIN=
1000
NOTCH_CHAIN=
1000
NOTCH_SOURCE=
1000
PIECE_ROLE=unknown
1000
SEAM_ALLOWANCE_MM=
1000
SOURCE_LAYER=11
0
VERTEX
8
AI4M_01_ATOM_INTERNAL
10
4646.006775
20
776.100693
30
0
0
VERTEX
8
AI4M_01_ATOM_INTERNAL
10
4661.05072
20
780.992126
30
0
0
VERTEX
8
AI4M_01_ATOM_INTERNAL
10
4675.697327
20
785.799026
30
0
0
VERTEX
8
AI4M_01_ATOM_INTERNAL
10
4690.575562
20
790.728989
30
0
0
VERTEX
8
AI4M_01_ATOM_INTERNAL
10
4705.393066
20
795.698395
30
0
0
VERTEX
8
AI4M_01_ATOM_INTERNAL
10
4720.259399
20
800.758743
30
0
0
VERTEX
8
AI4M_01_ATOM_INTERNAL
10
4734.629517
20
805.728073
30
0
0
VERTEX
8
AI4M_01_ATOM_INTERNAL
10
4749.445496
20
810.934143
30
0
0
VERTEX
8
AI4M_01_ATOM_INTERNAL
10
4764.239502
20
816.203156
30
0
0
VERTEX
8
AI4M_01_ATOM_INTERNAL
10
4778.66272
20
821.392136
30
0
0
VERTEX
8
AI4M_01_ATOM_INTERNAL
10
4792.598572
20
826.438065
30
0
0
VERTEX
8
AI4M_01_ATOM_INTERNAL
10
4796.248169
20
827.763977
30
0
0
SEQEND
8
AI4M_01_ATOM_INTERNAL
0
TEXT
8
AI4M_01_ATOM_INTERNAL
10
4646.006775
20
776.100693
30
0
40
2.5
1
AI4M_line_0059__seg_01_construction_construction_horizontal
1001
AI4MANUFACTURING
1000
WRITEBACK_PHASE=01_ATOM_LABEL
1000
ENTITY_ID=line_0059__seg_01
999
AI4M_ENTITY=line_0060__seg_01;LINE_ROLE=construction;EDGE=construction_vertical;SOURCE_LAYER=11
0
POLYLINE
8
AI4M_01_ATOM_INTERNAL
66
1
70
0
1001
AI4MANUFACTURING
1000
WRITEBACK_PHASE=01_ATOM
1000
ENTITY_ID=line_0060__seg_01
1000
SOURCE_HANDLE=344
1000
LINE_ROLE=construction
1000
EDGE=construction_vertical
1000
CHAIN=chain_ms07y89w
1000
PIECE_ID=
1000
SEAM_PAIR=
1000
PAIRED_CHAIN=
1000
NOTCH_CHAIN=
1000
NOTCH_SOURCE=
1000
PIECE_ROLE=unknown
1000
SEAM_ALLOWANCE_MM=
1000
SOURCE_LAYER=11
0
VERTEX
8
AI4M_01_ATOM_INTERNAL
10
4598.05603
20
555.537224
30
0
0
VERTEX
8
AI4M_01_ATOM_INTERNAL
10
4612.125244
20
561.149788
30
0
0
VERTEX
8
AI4M_01_ATOM_INTERNAL
10
4616.608887
20
563.261795
30
0
0
VERTEX
8
AI4M_01_ATOM_INTERNAL
10
4620.757141
20
565.479851
30
0
0
VERTEX
8
AI4M_01_ATOM_INTERNAL
10
4624.325562
20
567.660332
30
0
0
VERTEX
8
AI4M_01_ATOM_INTERNAL
10
4627.588501
20
569.950409
30
0
0
VERTEX
8
AI4M_01_ATOM_INTERNAL
10
4630.72876
20
572.45903
30
0
0
VERTEX
8
AI4M_01_ATOM_INTERNAL
10
4633.739319
20
575.179062
30
0
0
VERTEX
8
AI4M_01_ATOM_INTERNAL
10
4636.604919
20
578.098068
30
0
0
VERTEX
8
AI4M_01_ATOM_INTERNAL
10
4639.332581
20
581.22982
30
0
0
VERTEX
8
AI4M_01_ATOM_INTERNAL
10
4641.90033
20
584.556923
30
0
0
VERTEX
8
AI4M_01_ATOM_INTERNAL
10
4644.296875
20
588.069649
30
0
0
VERTEX
8
AI4M_01_ATOM_INTERNAL
10
4646.493835
20
591.725464
30
0
0
VERTEX
8
AI4M_01_ATOM_INTERNAL
10
4648.490601
20
595.519371
30
0
0
VERTEX
8
AI4M_01_ATOM_INTERNAL
10
4650.314941
20
599.527702
30
0
0
VERTEX
8
AI4M_01_ATOM_INTERNAL
10
4651.937256
20
603.694191
30
0
0
VERTEX
8
AI4M_01_ATOM_INTERNAL
10
4653.447876
20
608.274651
30
0
0
VERTEX
8
AI4M_01_ATOM_INTERNAL
10
4654.87915
20
613.453484
30
0
0
VERTEX
8
AI4M_01_ATOM_INTERNAL
10
4656.412048
20
619.993324
30
0
0
VERTEX
8
AI4M_01_ATOM_INTERNAL
10
4657.32605
20
624.847908
30
0
0
VERTEX
8
AI4M_01_ATOM_INTERNAL
10
4658.848877
20
634.755211
30
0
0
VERTEX
8
AI4M_01_ATOM_INTERNAL
10
4659.532471
20
641.284332
30
0
0
VERTEX
8
AI4M_01_ATOM_INTERNAL
10
4660.061951
20
648.33847
30
0
0
VERTEX
8
AI4M_01_ATOM_INTERNAL
10
4660.203857
20
653.274841
30
0
0
VERTEX
8
AI4M_01_ATOM_INTERNAL
10
4660.306702
20
663.936615
30
0
0
VERTEX
8
AI4M_01_ATOM_INTERNAL
10
4660.085144
20
671.435318
30
0
0
VERTEX
8
AI4M_01_ATOM_INTERNAL
10
4659.424133
20
683.564301
30
0
0
VERTEX
8
AI4M_01_ATOM_INTERNAL
10
4658.468933
20
696.541443
30
0
0
VERTEX
8
AI4M_01_ATOM_INTERNAL
10
4657.355652
20
708.525391
30
0
0
VERTEX
8
AI4M_01_ATOM_INTERNAL
10
4656.120911
20
719.305496
30
0
0
VERTEX
8
AI4M_01_ATOM_INTERNAL
10
4654.698181
20
729.571533
30
0
0
VERTEX
8
AI4M_01_ATOM_INTERNAL
10
4652.832336
20
741.165543
30
0
0
VERTEX
8
AI4M_01_ATOM_INTERNAL
10
4650.899963
20
751.727448
30
0
0
VERTEX
8
AI4M_01_ATOM_INTERNAL
10
4647.917786
20
766.431122
30
0
0
VERTEX
8
AI4M_01_ATOM_INTERNAL
10
4646.006775
20
776.100693
30
0
0
SEQEND
8
AI4M_01_ATOM_INTERNAL
0
TEXT
8
AI4M_01_ATOM_INTERNAL
10
4598.05603
20
555.537224
30
0
40
2.5
1
AI4M_line_0060__seg_01_construction_construction_vertical
1001
AI4MANUFACTURING
1000
WRITEBACK_PHASE=01_ATOM_LABEL
1000
ENTITY_ID=line_0060__seg_01
999
AI4M_ENTITY=line_0061__seg_01;LINE_ROLE=construction;EDGE=construction_vertical;SOURCE_LAYER=11
0
POLYLINE
8
AI4M_01_ATOM_INTERNAL
66
1
70
0
1001
AI4MANUFACTURING
1000
WRITEBACK_PHASE=01_ATOM
1000
ENTITY_ID=line_0061__seg_01
1000
SOURCE_HANDLE=36A
1000
LINE_ROLE=construction
1000
EDGE=construction_vertical
1000
CHAIN=chain_ms07y89w
1000
PIECE_ID=
1000
SEAM_PAIR=
1000
PAIRED_CHAIN=
1000
NOTCH_CHAIN=
1000
NOTCH_SOURCE=
1000
PIECE_ROLE=unknown
1000
SEAM_ALLOWANCE_MM=
1000
SOURCE_LAYER=11
0
VERTEX
8
AI4M_01_ATOM_INTERNAL
10
4603.924255
20
94.236021
30
0
0
VERTEX
8
AI4M_01_ATOM_INTERNAL
10
4603.044128
20
163.416042
30
0
0
VERTEX
8
AI4M_01_ATOM_INTERNAL
10
4602.036743
20
242.609768
30
0
0
VERTEX
8
AI4M_01_ATOM_INTERNAL
10
4599.366455
20
452.508926
30
0
0
VERTEX
8
AI4M_01_ATOM_INTERNAL
10
4598.05603
20
555.537224
30
0
0
SEQEND
8
AI4M_01_ATOM_INTERNAL
0
TEXT
8
AI4M_01_ATOM_INTERNAL
10
4603.924255
20
94.236021
30
0
40
2.5
1
AI4M_line_0061__seg_01_construction_construction_vertical
1001
AI4MANUFACTURING
1000
WRITEBACK_PHASE=01_ATOM_LABEL
1000
ENTITY_ID=line_0061__seg_01
999
AI4M_ENTITY=line_0062;LINE_ROLE=construction;EDGE=construction_vertical;SOURCE_LAYER=11
0
POLYLINE
8
AI4M_01_ATOM_INTERNAL
66
1
70
0
1001
AI4MANUFACTURING
1000
WRITEBACK_PHASE=01_ATOM
1000
ENTITY_ID=line_0062
1000
SOURCE_HANDLE=372
1000
LINE_ROLE=construction
1000
EDGE=construction_vertical
1000
CHAIN=chain_ms07y89w
1000
PIECE_ID=
1000
SEAM_PAIR=
1000
PAIRED_CHAIN=
1000
NOTCH_CHAIN=
1000
NOTCH_SOURCE=
1000
PIECE_ROLE=unknown
1000
SEAM_ALLOWANCE_MM=
1000
SOURCE_LAYER=11
0
VERTEX
8
AI4M_01_ATOM_INTERNAL
10
4603.644409
20
72.236023
30
0
0
VERTEX
8
AI4M_01_ATOM_INTERNAL
10
4603.924255
20
94.236021
30
0
0
SEQEND
8
AI4M_01_ATOM_INTERNAL
0
TEXT
8
AI4M_01_ATOM_INTERNAL
10
4603.644409
20
72.236023
30
0
40
2.5
1
AI4M_line_0062_construction_construction_vertical
1001
AI4MANUFACTURING
1000
WRITEBACK_PHASE=01_ATOM_LABEL
1000
ENTITY_ID=line_0062
999
AI4M_ENTITY=line_0063;LINE_ROLE=construction;EDGE=construction_vertical;SOURCE_LAYER=11
0
POLYLINE
8
AI4M_01_ATOM_INTERNAL
66
1
70
0
1001
AI4MANUFACTURING
1000
WRITEBACK_PHASE=01_ATOM
1000
ENTITY_ID=line_0063
1000
SOURCE_HANDLE=377
1000
LINE_ROLE=construction
1000
EDGE=construction_vertical
1000
CHAIN=chain_ms07y89w
1000
PIECE_ID=
1000
SEAM_PAIR=
1000
PAIRED_CHAIN=
1000
NOTCH_CHAIN=
1000
NOTCH_SOURCE=
1000
PIECE_ROLE=unknown
1000
SEAM_ALLOWANCE_MM=
1000
SOURCE_LAYER=11
0
VERTEX
8
AI4M_01_ATOM_INTERNAL
10
4772.290039
20
432.944107
30
0
0
VERTEX
8
AI4M_01_ATOM_INTERNAL
10
4772.290039
20
292.860909
30
0
0
SEQEND
8
AI4M_01_ATOM_INTERNAL
0
TEXT
8
AI4M_01_ATOM_INTERNAL
10
4772.290039
20
432.944107
30
0
40
2.5
1
AI4M_line_0063_construction_construction_vertical
1001
AI4MANUFACTURING
1000
WRITEBACK_PHASE=01_ATOM_LABEL
1000
ENTITY_ID=line_0063
999
AI4M_ENTITY=line_0064;LINE_ROLE=construction;EDGE=construction_vertical;SOURCE_LAYER=11
0
POLYLINE
8
AI4M_01_ATOM_INTERNAL
66
1
70
0
1001
AI4MANUFACTURING
1000
WRITEBACK_PHASE=01_ATOM
1000
ENTITY_ID=line_0064
1000
SOURCE_HANDLE=378
1000
LINE_ROLE=construction
1000
EDGE=construction_vertical
1000
CHAIN=chain_ms07y89w
1000
PIECE_ID=
1000
SEAM_PAIR=
1000
PAIRED_CHAIN=
1000
NOTCH_CHAIN=
1000
NOTCH_SOURCE=
1000
PIECE_ROLE=unknown
1000
SEAM_ALLOWANCE_MM=
1000
SOURCE_LAYER=11
0
VERTEX
8
AI4M_01_ATOM_INTERNAL
10
4772.290039
20
292.860909
30
0
0
VERTEX
8
AI4M_01_ATOM_INTERNAL
10
4775.673686
20
312.572604
30
0
0
SEQEND
8
AI4M_01_ATOM_INTERNAL
0
TEXT
8
AI4M_01_ATOM_INTERNAL
10
4772.290039
20
292.860909
30
0
40
2.5
1
AI4M_line_0064_construction_construction_vertical
1001
AI4MANUFACTURING
1000
WRITEBACK_PHASE=01_ATOM_LABEL
1000
ENTITY_ID=line_0064
999
AI4M_ENTITY=line_0065;LINE_ROLE=construction;EDGE=construction_vertical;SOURCE_LAYER=11
0
POLYLINE
8
AI4M_01_ATOM_INTERNAL
66
1
70
0
1001
AI4MANUFACTURING
1000
WRITEBACK_PHASE=01_ATOM
1000
ENTITY_ID=line_0065
1000
SOURCE_HANDLE=379
1000
LINE_ROLE=construction
1000
EDGE=construction_vertical
1000
CHAIN=chain_ms07y89w
1000
PIECE_ID=
1000
SEAM_PAIR=
1000
PAIRED_CHAIN=
1000
NOTCH_CHAIN=
1000
NOTCH_SOURCE=
1000
PIECE_ROLE=unknown
1000
SEAM_ALLOWANCE_MM=
1000
SOURCE_LAYER=11
0
VERTEX
8
AI4M_01_ATOM_INTERNAL
10
4772.290039
20
292.860909
30
0
0
VERTEX
8
AI4M_01_ATOM_INTERNAL
10
4772.290039
20
292.860909
30
0
0
SEQEND
8
AI4M_01_ATOM_INTERNAL
0
TEXT
8
AI4M_01_ATOM_INTERNAL
10
4772.290039
20
292.860909
30
0
40
2.5
1
AI4M_line_0065_construction_construction_vertical
1001
AI4MANUFACTURING
1000
WRITEBACK_PHASE=01_ATOM_LABEL
1000
ENTITY_ID=line_0065
999
AI4M_ENTITY=line_0226__seg_01;LINE_ROLE=construction;EDGE=construction_vertical;SOURCE_LAYER=11
0
POLYLINE
8
AI4M_01_ATOM_INTERNAL
66
1
70
0
1001
AI4MANUFACTURING
1000
WRITEBACK_PHASE=01_ATOM
1000
ENTITY_ID=line_0226__seg_01
1000
SOURCE_HANDLE=7BB
1000
LINE_ROLE=construction
1000
EDGE=construction_vertical
1000
CHAIN=chain_ms07ydmz
1000
PIECE_ID=
1000
SEAM_PAIR=
1000
PAIRED_CHAIN=
1000
NOTCH_CHAIN=
1000
NOTCH_SOURCE=
1000
PIECE_ROLE=unknown
1000
SEAM_ALLOWANCE_MM=
1000
SOURCE_LAYER=11
0
VERTEX
8
AI4M_01_ATOM_INTERNAL
10
3438.817444
20
78.285379
30
0
0
VERTEX
8
AI4M_01_ATOM_INTERNAL
10
3439.330371
20
93.530612
30
0
0
VERTEX
8
AI4M_01_ATOM_INTERNAL
10
3439.531555
20
100.285378
30
0
0
SEQEND
8
AI4M_01_ATOM_INTERNAL
0
TEXT
8
AI4M_01_ATOM_INTERNAL
10
3438.817444
20
78.285379
30
0
40
2.5
1
AI4M_line_0226__seg_01_construction_construction_vertical
1001
AI4MANUFACTURING
1000
WRITEBACK_PHASE=01_ATOM_LABEL
1000
ENTITY_ID=line_0226__seg_01
999
AI4M_ENTITY=line_0227__seg_01;LINE_ROLE=pattern_boundary;EDGE=pattern_boundary;SOURCE_LAYER=11
0
POLYLINE
8
AI4M_01_ATOM_NET
66
1
70
0
1001
AI4MANUFACTURING
1000
WRITEBACK_PHASE=01_ATOM
1000
ENTITY_ID=line_0227__seg_01
1000
SOURCE_HANDLE=7C1
1000
LINE_ROLE=pattern_boundary
1000
EDGE=pattern_boundary
1000
CHAIN=chain_ms07ydmz
1000
PIECE_ID=
1000
SEAM_PAIR=
1000
PAIRED_CHAIN=
1000
NOTCH_CHAIN=
1000
NOTCH_SOURCE=
1000
PIECE_ROLE=unknown
1000
SEAM_ALLOWANCE_MM=
1000
SOURCE_LAYER=11
0
VERTEX
8
AI4M_01_ATOM_NET
10
3439.531555
20
100.285378
30
0
0
VERTEX
8
AI4M_01_ATOM_NET
10
3439.031816
20
115.956871
30
0
0
VERTEX
8
AI4M_01_ATOM_NET
10
3438.521596
20
131.055215
30
0
0
VERTEX
8
AI4M_01_ATOM_NET
10
3437.98157
20
146.10922
30
0
0
VERTEX
8
AI4M_01_ATOM_NET
10
3437.41668
20
161.16238
30
0
0
VERTEX
8
AI4M_01_ATOM_NET
10
3436.812654
20
176.737387
30
0
0
VERTEX
8
AI4M_01_ATOM_NET
10
3436.205983
20
191.789039
30
0
0
VERTEX
8
AI4M_01_ATOM_NET
10
3435.560295
20
206.838951
30
0
0
VERTEX
8
AI4M_01_ATOM_NET
10
3434.872441
20
221.600759
30
0
0
VERTEX
8
AI4M_01_ATOM_NET
10
3434.081193
20
237.247002
30
0
0
VERTEX
8
AI4M_01_ATOM_NET
10
3433.304484
20
252.418079
30
0
0
VERTEX
8
AI4M_01_ATOM_NET
10
3432.542178
20
267.462506
30
0
0
VERTEX
8
AI4M_01_ATOM_NET
10
3431.724407
20
282.563594
30
0
0
VERTEX
8
AI4M_01_ATOM_NET
10
3430.844614
20
297.601634
30
0
0
VERTEX
8
AI4M_01_ATOM_NET
10
3429.914762
20
312.636772
30
0
0
VERTEX
8
AI4M_01_ATOM_NET
10
3428.945374
20
327.739481
30
0
0
VERTEX
8
AI4M_01_ATOM_NET
10
3427.954574
20
342.77057
30
0
0
VERTEX
8
AI4M_01_ATOM_NET
10
3426.940088
20
357.800067
30
0
0
VERTEX
8
AI4M_01_ATOM_NET
10
3425.903659
20
372.828109
30
0
0
VERTEX
8
AI4M_01_ATOM_NET
10
3424.841124
20
387.900642
30
0
0
VERTEX
8
AI4M_01_ATOM_NET
10
3423.746135
20
402.924599
30
0
0
VERTEX
8
AI4M_01_ATOM_NET
10
3422.59931
20
417.944601
30
0
0
VERTEX
8
AI4M_01_ATOM_NET
10
3421.426246
20
432.545826
30
0
0
VERTEX
8
AI4M_01_ATOM_NET
10
3420.173243
20
448.161964
30
0
0
VERTEX
8
AI4M_01_ATOM_NET
10
3418.967277
20
463.177343
30
0
0
VERTEX
8
AI4M_01_ATOM_NET
10
3417.695347
20
478.548254
30
0
0
VERTEX
8
AI4M_01_ATOM_NET
10
3416.399666
20
493.556118
30
0
0
VERTEX
8
AI4M_01_ATOM_NET
10
3415.055759
20
508.883559
30
0
0
VERTEX
8
AI4M_01_ATOM_NET
10
3413.7358
20
524.048061
30
0
0
VERTEX
8
AI4M_01_ATOM_NET
10
3412.641907
20
536.706123
30
0
0
SEQEND
8
AI4M_01_ATOM_NET
0
TEXT
8
AI4M_01_ATOM_NET
10
3439.531555
20
100.285378
30
0
40
2.5
1
AI4M_line_0227__seg_01_pattern_boundary_pattern_boundary
1001
AI4MANUFACTURING
1000
WRITEBACK_PHASE=01_ATOM_LABEL
1000
ENTITY_ID=line_0227__seg_01
999
AI4M_ENTITY=line_0228;LINE_ROLE=construction;EDGE=construction_horizontal;SOURCE_LAYER=11
0
POLYLINE
8
AI4M_01_ATOM_INTERNAL
66
1
70
0
1001
AI4MANUFACTURING
1000
WRITEBACK_PHASE=01_ATOM
1000
ENTITY_ID=line_0228
1000
SOURCE_HANDLE=7E2
1000
LINE_ROLE=construction
1000
EDGE=construction_horizontal
1000
CHAIN=chain_ms07ydmz
1000
PIECE_ID=
1000
SEAM_PAIR=
1000
PAIRED_CHAIN=
1000
NOTCH_CHAIN=
1000
NOTCH_SOURCE=
1000
PIECE_ROLE=unknown
1000
SEAM_ALLOWANCE_MM=
1000
SOURCE_LAYER=11
0
VERTEX
8
AI4M_01_ATOM_INTERNAL
10
3431.020929
20
248.077437
30
0
0
VERTEX
8
AI4M_01_ATOM_INTERNAL
10
3436.014437
20
248.332147
30
0
0
SEQEND
8
AI4M_01_ATOM_INTERNAL
0
TEXT
8
AI4M_01_ATOM_INTERNAL
10
3431.020929
20
248.077437
30
0
40
2.5
1
AI4M_line_0228_construction_construction_horizontal
1001
AI4MANUFACTURING
1000
WRITEBACK_PHASE=01_ATOM_LABEL
1000
ENTITY_ID=line_0228
999
AI4M_ENTITY=line_0229;LINE_ROLE=construction;EDGE=construction_horizontal;SOURCE_LAYER=11
0
POLYLINE
8
AI4M_01_ATOM_INTERNAL
66
1
70
0
1001
AI4MANUFACTURING
1000
WRITEBACK_PHASE=01_ATOM
1000
ENTITY_ID=line_0229
1000
SOURCE_HANDLE=7E3
1000
LINE_ROLE=construction
1000
EDGE=construction_horizontal
1000
CHAIN=chain_ms07ydmz
1000
PIECE_ID=
1000
SEAM_PAIR=
1000
PAIRED_CHAIN=
1000
NOTCH_CHAIN=
1000
NOTCH_SOURCE=
1000
PIECE_ROLE=unknown
1000
SEAM_ALLOWANCE_MM=
1000
SOURCE_LAYER=11
0
VERTEX
8
AI4M_01_ATOM_INTERNAL
10
3418.93425
20
432.345925
30
0
0
VERTEX
8
AI4M_01_ATOM_INTERNAL
10
3423.917933
20
432.749541
30
0
0
SEQEND
8
AI4M_01_ATOM_INTERNAL
0
TEXT
8
AI4M_01_ATOM_INTERNAL
10
3418.93425
20
432.345925
30
0
40
2.5
1
AI4M_line_0229_construction_construction_horizontal
1001
AI4MANUFACTURING
1000
WRITEBACK_PHASE=01_ATOM_LABEL
1000
ENTITY_ID=line_0229
999
AI4M_ENTITY=line_0230__seg_01;LINE_ROLE=pattern_boundary;EDGE=pattern_boundary;SOURCE_LAYER=11
0
POLYLINE
8
AI4M_01_ATOM_NET
66
1
70
0
1001
AI4MANUFACTURING
1000
WRITEBACK_PHASE=01_ATOM
1000
ENTITY_ID=line_0230__seg_01
1000
SOURCE_HANDLE=7E4
1000
LINE_ROLE=pattern_boundary
1000
EDGE=pattern_boundary
1000
CHAIN=chain_ms07ydmz
1000
PIECE_ID=
1000
SEAM_PAIR=
1000
PAIRED_CHAIN=
1000
NOTCH_CHAIN=
1000
NOTCH_SOURCE=
1000
PIECE_ROLE=unknown
1000
SEAM_ALLOWANCE_MM=
1000
SOURCE_LAYER=11
0
VERTEX
8
AI4M_01_ATOM_NET
10
3412.641907
20
536.706123
30
0
0
VERTEX
8
AI4M_01_ATOM_NET
10
3421.33462
20
538.878098
30
0
0
VERTEX
8
AI4M_01_ATOM_NET
10
3428.713118
20
540.634858
30
0
0
VERTEX
8
AI4M_01_ATOM_NET
10
3433.485436
20
542.040364
30
0
0
VERTEX
8
AI4M_01_ATOM_NET
10
3438.308172
20
543.718041
30
0
0
VERTEX
8
AI4M_01_ATOM_NET
10
3442.432243
20
545.403512
30
0
0
VERTEX
8
AI4M_01_ATOM_NET
10
3446.124764
20
547.172481
30
0
0
VERTEX
8
AI4M_01_ATOM_NET
10
3449.662364
20
549.142816
30
0
0
VERTEX
8
AI4M_01_ATOM_NET
10
3453.406684
20
551.52084
30
0
0
VERTEX
8
AI4M_01_ATOM_NET
10
3457.126527
20
554.18457
30
0
0
VERTEX
8
AI4M_01_ATOM_NET
10
3461.330969
20
557.524489
30
0
0
VERTEX
8
AI4M_01_ATOM_NET
10
3464.813627
20
560.572269
30
0
0
VERTEX
8
AI4M_01_ATOM_NET
10
3471.966894
20
567.578654
30
0
0
VERTEX
8
AI4M_01_ATOM_NET
10
3475.798837
20
571.757336
30
0
0
VERTEX
8
AI4M_01_ATOM_NET
10
3480.89812
20
577.716406
30
0
0
VERTEX
8
AI4M_01_ATOM_NET
10
3485.831334
20
583.871834
30
0
0
VERTEX
8
AI4M_01_ATOM_NET
10
3494.932434
20
595.801678
30
0
0
VERTEX
8
AI4M_01_ATOM_NET
10
3503.945318
20
607.857216
30
0
0
VERTEX
8
AI4M_01_ATOM_NET
10
3508.60636
20
613.971887
30
0
0
VERTEX
8
AI4M_01_ATOM_NET
10
3512.947015
20
619.240069
30
0
0
VERTEX
8
AI4M_01_ATOM_NET
10
3517.701817
20
624.632946
30
0
0
VERTEX
8
AI4M_01_ATOM_NET
10
3522.099158
20
629.26773
30
0
0
VERTEX
8
AI4M_01_ATOM_NET
10
3526.4118
20
633.462408
30
0
0
VERTEX
8
AI4M_01_ATOM_NET
10
3530.746257
20
637.340663
30
0
0
VERTEX
8
AI4M_01_ATOM_NET
10
3535.047211
20
640.869557
30
0
0
VERTEX
8
AI4M_01_ATOM_NET
10
3539.459457
20
644.174738
30
0
0
VERTEX
8
AI4M_01_ATOM_NET
10
3543.859106
20
647.168991
30
0
0
VERTEX
8
AI4M_01_ATOM_NET
10
3548.261268
20
649.879775
30
0
0
VERTEX
8
AI4M_01_ATOM_NET
10
3552.413733
20
652.163637
30
0
0
VERTEX
8
AI4M_01_ATOM_NET
10
3557.095948
20
654.440673
30
0
0
VERTEX
8
AI4M_01_ATOM_NET
10
3561.184601
20
656.20775
30
0
0
VERTEX
8
AI4M_01_ATOM_NET
10
3564.239701
20
657.277391
30
0
0
VERTEX
8
AI4M_01_ATOM_NET
10
3570.510276
20
659.202988
30
0
0
VERTEX
8
AI4M_01_ATOM_NET
10
3574.344444
20
660.083692
30
0
0
VERTEX
8
AI4M_01_ATOM_NET
10
3578.901538
20
660.864047
30
0
0
VERTEX
8
AI4M_01_ATOM_NET
10
3582.817304
20
661.295683
30
0
0
VERTEX
8
AI4M_01_ATOM_NET
10
3589.440613
20
661.71463
30
0
0
SEQEND
8
AI4M_01_ATOM_NET
0
TEXT
8
AI4M_01_ATOM_NET
10
3412.641907
20
536.706123
30
0
40
2.5
1
AI4M_line_0230__seg_01_pattern_boundary_pattern_boundary
1001
AI4MANUFACTURING
1000
WRITEBACK_PHASE=01_ATOM_LABEL
1000
ENTITY_ID=line_0230__seg_01
999
AI4M_ENTITY=line_0232;LINE_ROLE=construction;EDGE=construction_horizontal;SOURCE_LAYER=11
0
POLYLINE
8
AI4M_01_ATOM_INTERNAL
66
1
70
0
1001
AI4MANUFACTURING
1000
WRITEBACK_PHASE=01_ATOM
1000
ENTITY_ID=line_0232
1000
SOURCE_HANDLE=80D
1000
LINE_ROLE=construction
1000
EDGE=construction_horizontal
1000
CHAIN=chain_ms07ydmz
1000
PIECE_ID=
1000
SEAM_PAIR=
1000
PAIRED_CHAIN=
1000
NOTCH_CHAIN=
1000
NOTCH_SOURCE=
1000
PIECE_ROLE=unknown
1000
SEAM_ALLOWANCE_MM=
1000
SOURCE_LAYER=11
0
VERTEX
8
AI4M_01_ATOM_INTERNAL
10
3500.774535
20
607.779664
30
0
0
VERTEX
8
AI4M_01_ATOM_INTERNAL
10
3504.770314
20
604.774044
30
0
0
SEQEND
8
AI4M_01_ATOM_INTERNAL
0
TEXT
8
AI4M_01_ATOM_INTERNAL
10
3500.774535
20
607.779664
30
0
40
2.5
1
AI4M_line_0232_construction_construction_horizontal
1001
AI4MANUFACTURING
1000
WRITEBACK_PHASE=01_ATOM_LABEL
1000
ENTITY_ID=line_0232
999
AI4M_ENTITY=line_0233__seg_01;LINE_ROLE=construction;EDGE=construction_horizontal;SOURCE_LAYER=11
0
POLYLINE
8
AI4M_01_ATOM_INTERNAL
66
1
70
0
1001
AI4MANUFACTURING
1000
WRITEBACK_PHASE=01_ATOM
1000
ENTITY_ID=line_0233__seg_01
1000
SOURCE_HANDLE=80E
1000
LINE_ROLE=construction
1000
EDGE=construction_horizontal
1000
CHAIN=chain_ms07ydmz
1000
PIECE_ID=
1000
SEAM_PAIR=
1000
PAIRED_CHAIN=
1000
NOTCH_CHAIN=
1000
NOTCH_SOURCE=
1000
PIECE_ROLE=unknown
1000
SEAM_ALLOWANCE_MM=
1000
SOURCE_LAYER=11
0
VERTEX
8
AI4M_01_ATOM_INTERNAL
10
3589.440613
20
661.71463
30
0
0
VERTEX
8
AI4M_01_ATOM_INTERNAL
10
3601.330355
20
661.290238
30
0
0
VERTEX
8
AI4M_01_ATOM_INTERNAL
10
3607.575406
20
660.732127
30
0
0
VERTEX
8
AI4M_01_ATOM_INTERNAL
10
3614.367756
20
659.916059
30
0
0
VERTEX
8
AI4M_01_ATOM_INTERNAL
10
3618.379719
20
659.205459
30
0
0
VERTEX
8
AI4M_01_ATOM_INTERNAL
10
3625.963065
20
657.653062
30
0
0
VERTEX
8
AI4M_01_ATOM_INTERNAL
10
3630.579913
20
656.424554
30
0
0
VERTEX
8
AI4M_01_ATOM_INTERNAL
10
3636.057624
20
654.688501
30
0
0
VERTEX
8
AI4M_01_ATOM_INTERNAL
10
3641.431236
20
652.726767
30
0
0
VERTEX
8
AI4M_01_ATOM_INTERNAL
10
3646.948379
20
650.441585
30
0
0
VERTEX
8
AI4M_01_ATOM_INTERNAL
10
3652.715605
20
647.779502
30
0
0
VERTEX
8
AI4M_01_ATOM_INTERNAL
10
3658.734529
20
644.725294
30
0
0
VERTEX
8
AI4M_01_ATOM_INTERNAL
10
3665.01548
20
641.257138
30
0
0
VERTEX
8
AI4M_01_ATOM_INTERNAL
10
3671.426459
20
637.434667
30
0
0
VERTEX
8
AI4M_01_ATOM_INTERNAL
10
3677.917394
20
633.27677
30
0
0
VERTEX
8
AI4M_01_ATOM_INTERNAL
10
3684.638155
20
628.672543
30
0
0
VERTEX
8
AI4M_01_ATOM_INTERNAL
10
3691.513639
20
623.659581
30
0
0
VERTEX
8
AI4M_01_ATOM_INTERNAL
10
3698.721134
20
618.094017
30
0
0
VERTEX
8
AI4M_01_ATOM_INTERNAL
10
3706.293576
20
611.927324
30
0
0
VERTEX
8
AI4M_01_ATOM_INTERNAL
10
3715.17868
20
604.347904
30
0
0
VERTEX
8
AI4M_01_ATOM_INTERNAL
10
3726.510825
20
594.345081
30
0
0
VERTEX
8
AI4M_01_ATOM_INTERNAL
10
3737.498513
20
584.685908
30
0
0
VERTEX
8
AI4M_01_ATOM_INTERNAL
10
3744.641199
20
578.69369
30
0
0
VERTEX
8
AI4M_01_ATOM_INTERNAL
10
3751.42487
20
573.313108
30
0
0
VERTEX
8
AI4M_01_ATOM_INTERNAL
10
3757.991352
20
568.403595
30
0
0
VERTEX
8
AI4M_01_ATOM_INTERNAL
10
3764.311767
20
563.970433
30
0
0
VERTEX
8
AI4M_01_ATOM_INTERNAL
10
3770.34077
20
560.032008
30
0
0
VERTEX
8
AI4M_01_ATOM_INTERNAL
10
3775.477362
20
556.942328
30
0
0
VERTEX
8
AI4M_01_ATOM_INTERNAL
10
3780.200395
20
554.377392
30
0
0
VERTEX
8
AI4M_01_ATOM_INTERNAL
10
3784.571617
20
552.284084
30
0
0
VERTEX
8
AI4M_01_ATOM_INTERNAL
10
3789.472559
20
550.222028
30
0
0
VERTEX
8
AI4M_01_ATOM_INTERNAL
10
3794.714894
20
548.283163
30
0
0
VERTEX
8
AI4M_01_ATOM_INTERNAL
10
3805.681363
20
544.525632
30
0
0
VERTEX
8
AI4M_01_ATOM_INTERNAL
10
3807.358093
20
543.921585
30
0
0
SEQEND
8
AI4M_01_ATOM_INTERNAL
0
TEXT
8
AI4M_01_ATOM_INTERNAL
10
3589.440613
20
661.71463
30
0
40
2.5
1
AI4M_line_0233__seg_01_construction_construction_horizontal
1001
AI4MANUFACTURING
1000
WRITEBACK_PHASE=01_ATOM_LABEL
1000
ENTITY_ID=line_0233__seg_01
999
AI4M_ENTITY=line_0234;LINE_ROLE=construction;EDGE=construction_vertical;SOURCE_LAYER=11
0
POLYLINE
8
AI4M_01_ATOM_INTERNAL
66
1
70
0
1001
AI4MANUFACTURING
1000
WRITEBACK_PHASE=01_ATOM
1000
ENTITY_ID=line_0234
1000
SOURCE_HANDLE=833
1000
LINE_ROLE=construction
1000
EDGE=construction_vertical
1000
CHAIN=chain_ms07ydmz
1000
PIECE_ID=
1000
SEAM_PAIR=
1000
PAIRED_CHAIN=
1000
NOTCH_CHAIN=
1000
NOTCH_SOURCE=
1000
PIECE_ROLE=unknown
1000
SEAM_ALLOWANCE_MM=
1000
SOURCE_LAYER=11
0
VERTEX
8
AI4M_01_ATOM_INTERNAL
10
3589.887723
20
664.199992
30
0
0
VERTEX
8
AI4M_01_ATOM_INTERNAL
10
3589.721953
20
659.202741
30
0
0
SEQEND
8
AI4M_01_ATOM_INTERNAL
0
TEXT
8
AI4M_01_ATOM_INTERNAL
10
3589.887723
20
664.199992
30
0
40
2.5
1
AI4M_line_0234_construction_construction_vertical
1001
AI4MANUFACTURING
1000
WRITEBACK_PHASE=01_ATOM_LABEL
1000
ENTITY_ID=line_0234
999
AI4M_ENTITY=line_0236__seg_01;LINE_ROLE=pattern_boundary;EDGE=pattern_boundary;SOURCE_LAYER=11
0
POLYLINE
8
AI4M_01_ATOM_NET
66
1
70
0
1001
AI4MANUFACTURING
1000
WRITEBACK_PHASE=01_ATOM
1000
ENTITY_ID=line_0236__seg_01
1000
SOURCE_HANDLE=835
1000
LINE_ROLE=pattern_boundary
1000
EDGE=pattern_boundary
1000
CHAIN=chain_ms07ydmz
1000
PIECE_ID=
1000
SEAM_PAIR=
1000
PAIRED_CHAIN=
1000
NOTCH_CHAIN=
1000
NOTCH_SOURCE=
1000
PIECE_ROLE=unknown
1000
SEAM_ALLOWANCE_MM=
1000
SOURCE_LAYER=11
0
VERTEX
8
AI4M_01_ATOM_NET
10
3807.358093
20
543.921585
30
0
0
VERTEX
8
AI4M_01_ATOM_NET
10
3806.620056
20
528.258596
30
0
0
VERTEX
8
AI4M_01_ATOM_NET
10
3805.865119
20
512.991457
30
0
0
VERTEX
8
AI4M_01_ATOM_NET
10
3805.08814
20
497.566951
30
0
0
VERTEX
8
AI4M_01_ATOM_NET
10
3804.308121
20
482.14265
30
0
0
VERTEX
8
AI4M_01_ATOM_NET
10
3803.491951
20
467.081481
30
0
0
VERTEX
8
AI4M_01_ATOM_NET
10
3802.580976
20
451.664448
30
0
0
VERTEX
8
AI4M_01_ATOM_NET
10
3801.685282
20
436.67277
30
0
0
VERTEX
8
AI4M_01_ATOM_NET
10
3800.766542
20
421.320615
30
0
0
VERTEX
8
AI4M_01_ATOM_NET
10
3799.760977
20
405.909494
30
0
0
VERTEX
8
AI4M_01_ATOM_NET
10
3798.680669
20
390.503198
30
0
0
VERTEX
8
AI4M_01_ATOM_NET
10
3797.550544
20
375.132866
30
0
0
VERTEX
8
AI4M_01_ATOM_NET
10
3796.381502
20
359.733017
30
0
0
VERTEX
8
AI4M_01_ATOM_NET
10
3795.169418
20
344.336691
30
0
0
VERTEX
8
AI4M_01_ATOM_NET
10
3793.933313
20
329.300678
30
0
0
VERTEX
8
AI4M_01_ATOM_NET
10
3792.60971
20
313.91369
30
0
0
VERTEX
8
AI4M_01_ATOM_NET
10
3791.235937
20
298.530892
30
0
0
VERTEX
8
AI4M_01_ATOM_NET
10
3789.837397
20
283.312206
30
0
0
VERTEX
8
AI4M_01_ATOM_NET
10
3788.371067
20
267.937636
30
0
0
VERTEX
8
AI4M_01_ATOM_NET
10
3786.798876
20
252.573958
30
0
0
VERTEX
8
AI4M_01_ATOM_NET
10
3785.114528
20
237.19954
30
0
0
VERTEX
8
AI4M_01_ATOM_NET
10
3783.434138
20
221.847241
30
0
0
VERTEX
8
AI4M_01_ATOM_NET
10
3781.723402
20
206.498364
30
0
0
VERTEX
8
AI4M_01_ATOM_NET
10
3779.951551
20
191.194986
30
0
0
VERTEX
8
AI4M_01_ATOM_NET
10
3778.109326
20
175.861186
30
0
0
VERTEX
8
AI4M_01_ATOM_NET
10
3776.210209
20
160.534264
30
0
0
VERTEX
8
AI4M_01_ATOM_NET
10
3774.29084
20
145.425568
30
0
0
VERTEX
8
AI4M_01_ATOM_NET
10
3772.339258
20
130.347765
30
0
0
VERTEX
8
AI4M_01_ATOM_NET
10
3770.355229
20
115.240906
30
0
0
VERTEX
8
AI4M_01_ATOM_NET
10
3768.363953
20
100.285378
30
0
0
SEQEND
8
AI4M_01_ATOM_NET
0
TEXT
8
AI4M_01_ATOM_NET
10
3807.358093
20
543.921585
30
0
40
2.5
1
AI4M_line_0236__seg_01_pattern_boundary_pattern_boundary
1001
AI4MANUFACTURING
1000
WRITEBACK_PHASE=01_ATOM_LABEL
1000
ENTITY_ID=line_0236__seg_01
999
AI4M_ENTITY=line_0237;LINE_ROLE=construction;EDGE=construction_horizontal;SOURCE_LAYER=11
0
POLYLINE
8
AI4M_01_ATOM_INTERNAL
66
1
70
0
1001
AI4MANUFACTURING
1000
WRITEBACK_PHASE=01_ATOM
1000
ENTITY_ID=line_0237
1000
SOURCE_HANDLE=856
1000
LINE_ROLE=construction
1000
EDGE=construction_horizontal
1000
CHAIN=chain_ms07ydmz
1000
PIECE_ID=
1000
SEAM_PAIR=
1000
PAIRED_CHAIN=
1000
NOTCH_CHAIN=
1000
NOTCH_SOURCE=
1000
PIECE_ROLE=unknown
1000
SEAM_ALLOWANCE_MM=
1000
SOURCE_LAYER=11
0
VERTEX
8
AI4M_01_ATOM_INTERNAL
10
3804.400292
20
440.245579
30
0
0
VERTEX
8
AI4M_01_ATOM_INTERNAL
10
3799.409041
20
440.541236
30
0
0
SEQEND
8
AI4M_01_ATOM_INTERNAL
0
TEXT
8
AI4M_01_ATOM_INTERNAL
10
3804.400292
20
440.245579
30
0
40
2.5
1
AI4M_line_0237_construction_construction_horizontal
1001
AI4MANUFACTURING
1000
WRITEBACK_PHASE=01_ATOM_LABEL
1000
ENTITY_ID=line_0237
999
AI4M_ENTITY=line_0238;LINE_ROLE=construction;EDGE=construction_horizontal;SOURCE_LAYER=11
0
POLYLINE
8
AI4M_01_ATOM_INTERNAL
66
1
70
0
1001
AI4MANUFACTURING
1000
WRITEBACK_PHASE=01_ATOM
1000
ENTITY_ID=line_0238
1000
SOURCE_HANDLE=857
1000
LINE_ROLE=construction
1000
EDGE=construction_horizontal
1000
CHAIN=chain_ms07ydmz
1000
PIECE_ID=
1000
SEAM_PAIR=
1000
PAIRED_CHAIN=
1000
NOTCH_CHAIN=
1000
NOTCH_SOURCE=
1000
PIECE_ROLE=unknown
1000
SEAM_ALLOWANCE_MM=
1000
SOURCE_LAYER=11
0
VERTEX
8
AI4M_01_ATOM_INTERNAL
10
3788.646076
20
246.453249
30
0
0
VERTEX
8
AI4M_01_ATOM_INTERNAL
10
3783.676268
20
247.001891
30
0
0
SEQEND
8
AI4M_01_ATOM_INTERNAL
0
TEXT
8
AI4M_01_ATOM_INTERNAL
10
3788.646076
20
246.453249
30
0
40
2.5
1
AI4M_line_0238_construction_construction_horizontal
1001
AI4MANUFACTURING
1000
WRITEBACK_PHASE=01_ATOM_LABEL
1000
ENTITY_ID=line_0238
999
AI4M_ENTITY=line_0239;LINE_ROLE=construction;EDGE=construction_vertical;SOURCE_LAYER=11
0
POLYLINE
8
AI4M_01_ATOM_INTERNAL
66
1
70
0
1001
AI4MANUFACTURING
1000
WRITEBACK_PHASE=01_ATOM
1000
ENTITY_ID=line_0239
1000
SOURCE_HANDLE=858
1000
LINE_ROLE=construction
1000
EDGE=construction_vertical
1000
CHAIN=chain_ms07ydmz
1000
PIECE_ID=
1000
SEAM_PAIR=
1000
PAIRED_CHAIN=
1000
NOTCH_CHAIN=
1000
NOTCH_SOURCE=
1000
PIECE_ROLE=unknown
1000
SEAM_ALLOWANCE_MM=
1000
SOURCE_LAYER=11
0
VERTEX
8
AI4M_01_ATOM_INTERNAL
10
3768.363953
20
100.285378
30
0
0
VERTEX
8
AI4M_01_ATOM_INTERNAL
10
3771.238098
20
78.285379
30
0
0
SEQEND
8
AI4M_01_ATOM_INTERNAL
0
TEXT
8
AI4M_01_ATOM_INTERNAL
10
3768.363953
20
100.285378
30
0
40
2.5
1
AI4M_line_0239_construction_construction_vertical
1001
AI4MANUFACTURING
1000
WRITEBACK_PHASE=01_ATOM_LABEL
1000
ENTITY_ID=line_0239
999
AI4M_ENTITY=line_0240;LINE_ROLE=pattern_boundary;EDGE=pattern_boundary;SOURCE_LAYER=11
0
POLYLINE
8
AI4M_01_ATOM_NET
66
1
70
0
1001
AI4MANUFACTURING
1000
WRITEBACK_PHASE=01_ATOM
1000
ENTITY_ID=line_0240
1000
SOURCE_HANDLE=85D
1000
LINE_ROLE=pattern_boundary
1000
EDGE=pattern_boundary
1000
CHAIN=chain_ms07ydmz
1000
PIECE_ID=
1000
SEAM_PAIR=
1000
PAIRED_CHAIN=
1000
NOTCH_CHAIN=
1000
NOTCH_SOURCE=
1000
PIECE_ROLE=unknown
1000
SEAM_ALLOWANCE_MM=
1000
SOURCE_LAYER=11
0
VERTEX
8
AI4M_01_ATOM_NET
10
3771.238098
20
78.285379
30
0
0
VERTEX
8
AI4M_01_ATOM_NET
10
3438.817444
20
78.285379
30
0
0
SEQEND
8
AI4M_01_ATOM_NET
0
TEXT
8
AI4M_01_ATOM_NET
10
3771.238098
20
78.285379
30
0
40
2.5
1
AI4M_line_0240_pattern_boundary_pattern_boundary
1001
AI4MANUFACTURING
1000
WRITEBACK_PHASE=01_ATOM_LABEL
1000
ENTITY_ID=line_0240
999
AI4M_ENTITY=line_0241__seg_01;LINE_ROLE=side_seam;EDGE=side_seam;SOURCE_LAYER=11
0
POLYLINE
8
AI4M_01_ATOM_INTERNAL
66
1
70
0
1001
AI4MANUFACTURING
1000
WRITEBACK_PHASE=01_ATOM
1000
ENTITY_ID=line_0241__seg_01
1000
SOURCE_HANDLE=862
1000
LINE_ROLE=side_seam
1000
EDGE=side_seam
1000
CHAIN=chain_ms07ydmz
1000
PIECE_ID=
1000
SEAM_PAIR=
1000
PAIRED_CHAIN=
1000
NOTCH_CHAIN=
1000
NOTCH_SOURCE=
1000
PIECE_ROLE=unknown
1000
SEAM_ALLOWANCE_MM=
1000
SOURCE_LAYER=11
0
VERTEX
8
AI4M_01_ATOM_INTERNAL
10
3448.536072
20
100.285378
30
0
0
VERTEX
8
AI4M_01_ATOM_INTERNAL
10
3448.035157
20
115.98818
30
0
0
VERTEX
8
AI4M_01_ATOM_INTERNAL
10
3447.523813
20
131.193641
30
0
0
VERTEX
8
AI4M_01_ATOM_INTERNAL
10
3446.973997
20
146.598504
30
0
0
VERTEX
8
AI4M_01_ATOM_INTERNAL
10
3446.394683
20
162.002307
30
0
0
VERTEX
8
AI4M_01_ATOM_INTERNAL
10
3445.781502
20
177.577004
30
0
0
VERTEX
8
AI4M_01_ATOM_INTERNAL
10
3445.147445
20
192.978663
30
0
0
VERTEX
8
AI4M_01_ATOM_INTERNAL
10
3444.481893
20
208.37898
30
0
0
VERTEX
8
AI4M_01_ATOM_INTERNAL
10
3443.779856
20
223.795171
30
0
0
VERTEX
8
AI4M_01_ATOM_INTERNAL
10
3443.038973
20
239.192036
30
0
0
VERTEX
8
AI4M_01_ATOM_INTERNAL
10
3442.255208
20
254.586941
30
0
0
VERTEX
8
AI4M_01_ATOM_INTERNAL
10
3441.427784
20
269.979379
30
0
0
VERTEX
8
AI4M_01_ATOM_INTERNAL
10
3440.566214
20
285.244465
30
0
0
VERTEX
8
AI4M_01_ATOM_INTERNAL
10
3439.65845
20
300.632405
30
0
0
VERTEX
8
AI4M_01_ATOM_INTERNAL
10
3438.71332
20
316.018106
30
0
0
VERTEX
8
AI4M_01_ATOM_INTERNAL
10
3437.748279
20
331.161855
30
0
0
VERTEX
8
AI4M_01_ATOM_INTERNAL
10
3436.734326
20
346.54316
30
0
0
VERTEX
8
AI4M_01_ATOM_INTERNAL
10
3435.687802
20
361.922286
30
0
0
VERTEX
8
AI4M_01_ATOM_INTERNAL
10
3434.626588
20
377.066291
30
0
0
VERTEX
8
AI4M_01_ATOM_INTERNAL
10
3433.518819
20
392.44113
30
0
0
VERTEX
8
AI4M_01_ATOM_INTERNAL
10
3432.380203
20
407.813703
30
0
0
VERTEX
8
AI4M_01_ATOM_INTERNAL
10
3431.210187
20
423.183919
30
0
0
VERTEX
8
AI4M_01_ATOM_INTERNAL
10
3430.004457
20
438.593623
30
0
0
VERTEX
8
AI4M_01_ATOM_INTERNAL
10
3428.768776
20
453.958686
30
0
0
VERTEX
8
AI4M_01_ATOM_INTERNAL
10
3427.502125
20
469.32124
30
0
0
VERTEX
8
AI4M_01_ATOM_INTERNAL
10
3426.214468
20
484.594066
30
0
0
VERTEX
8
AI4M_01_ATOM_INTERNAL
10
3424.893518
20
499.952019
30
0
0
VERTEX
8
AI4M_01_ATOM_INTERNAL
10
3423.54149
20
515.395936
30
0
0
VERTEX
8
AI4M_01_ATOM_INTERNAL
10
3422.241384
20
530.064835
30
0
0
VERTEX
8
AI4M_01_ATOM_INTERNAL
10
3422.075195
20
531.928749
30
0
0
SEQEND
8
AI4M_01_ATOM_INTERNAL
0
TEXT
8
AI4M_01_ATOM_INTERNAL
10
3448.536072
20
100.285378
30
0
40
2.5
1
AI4M_line_0241__seg_01_side_seam_side_seam
1001
AI4MANUFACTURING
1000
WRITEBACK_PHASE=01_ATOM_LABEL
1000
ENTITY_ID=line_0241__seg_01
999
AI4M_ENTITY=line_0242;LINE_ROLE=construction;EDGE=construction_horizontal;SOURCE_LAYER=11
0
POLYLINE
8
AI4M_01_ATOM_INTERNAL
66
1
70
0
1001
AI4MANUFACTURING
1000
WRITEBACK_PHASE=01_ATOM
1000
ENTITY_ID=line_0242
1000
SOURCE_HANDLE=883
1000
LINE_ROLE=construction
1000
EDGE=construction_horizontal
1000
CHAIN=chain_ms07ydmz
1000
PIECE_ID=
1000
SEAM_PAIR=
1000
PAIRED_CHAIN=
1000
NOTCH_CHAIN=
1000
NOTCH_SOURCE=
1000
PIECE_ROLE=unknown
1000
SEAM_ALLOWANCE_MM=
1000
SOURCE_LAYER=11
0
VERTEX
8
AI4M_01_ATOM_INTERNAL
10
3440.065219
20
248.537438
30
0
0
VERTEX
8
AI4M_01_ATOM_INTERNAL
10
3445.058638
20
248.793879
30
0
0
SEQEND
8
AI4M_01_ATOM_INTERNAL
0
TEXT
8
AI4M_01_ATOM_INTERNAL
10
3440.065219
20
248.537438
30
0
40
2.5
1
AI4M_line_0242_construction_construction_horizontal
1001
AI4MANUFACTURING
1000
WRITEBACK_PHASE=01_ATOM_LABEL
1000
ENTITY_ID=line_0242
999
AI4M_ENTITY=line_0243;LINE_ROLE=construction;EDGE=construction_horizontal;SOURCE_LAYER=11
0
POLYLINE
8
AI4M_01_ATOM_INTERNAL
66
1
70
0
1001
AI4MANUFACTURING
1000
WRITEBACK_PHASE=01_ATOM
1000
ENTITY_ID=line_0243
1000
SOURCE_HANDLE=884
1000
LINE_ROLE=construction
1000
EDGE=construction_horizontal
1000
CHAIN=chain_ms07ydmz
1000
PIECE_ID=
1000
SEAM_PAIR=
1000
PAIRED_CHAIN=
1000
NOTCH_CHAIN=
1000
NOTCH_SOURCE=
1000
PIECE_ROLE=unknown
1000
SEAM_ALLOWANCE_MM=
1000
SOURCE_LAYER=11
0
VERTEX
8
AI4M_01_ATOM_INTERNAL
10
3427.932195
20
433.078548
30
0
0
VERTEX
8
AI4M_01_ATOM_INTERNAL
10
3432.916849
20
433.469977
30
0
0
SEQEND
8
AI4M_01_ATOM_INTERNAL
0
TEXT
8
AI4M_01_ATOM_INTERNAL
10
3427.932195
20
433.078548
30
0
40
2.5
1
AI4M_line_0243_construction_construction_horizontal
1001
AI4MANUFACTURING
1000
WRITEBACK_PHASE=01_ATOM_LABEL
1000
ENTITY_ID=line_0243
999
AI4M_ENTITY=line_0244__seg_01;LINE_ROLE=construction;EDGE=construction_horizontal;SOURCE_LAYER=11
0
POLYLINE
8
AI4M_01_ATOM_INTERNAL
66
1
70
0
1001
AI4MANUFACTURING
1000
WRITEBACK_PHASE=01_ATOM
1000
ENTITY_ID=line_0244__seg_01
1000
SOURCE_HANDLE=885
1000
LINE_ROLE=construction
1000
EDGE=construction_horizontal
1000
CHAIN=chain_ms07ydmz
1000
PIECE_ID=
1000
SEAM_PAIR=
1000
PAIRED_CHAIN=
1000
NOTCH_CHAIN=
1000
NOTCH_SOURCE=
1000
PIECE_ROLE=unknown
1000
SEAM_ALLOWANCE_MM=
1000
SOURCE_LAYER=11
0
VERTEX
8
AI4M_01_ATOM_INTERNAL
10
3422.075195
20
531.928749
30
0
0
VERTEX
8
AI4M_01_ATOM_INTERNAL
10
3428.720143
20
533.409443
30
0
0
VERTEX
8
AI4M_01_ATOM_INTERNAL
10
3433.521001
20
534.722685
30
0
0
VERTEX
8
AI4M_01_ATOM_INTERNAL
10
3438.619798
20
536.382114
30
0
0
VERTEX
8
AI4M_01_ATOM_INTERNAL
10
3443.210893
20
538.125923
30
0
0
VERTEX
8
AI4M_01_ATOM_INTERNAL
10
3447.236984
20
539.909125
30
0
0
VERTEX
8
AI4M_01_ATOM_INTERNAL
10
3451.023004
20
541.854437
30
0
0
VERTEX
8
AI4M_01_ATOM_INTERNAL
10
3454.853099
20
544.111931
30
0
0
VERTEX
8
AI4M_01_ATOM_INTERNAL
10
3458.743132
20
546.698964
30
0
0
VERTEX
8
AI4M_01_ATOM_INTERNAL
10
3462.695983
20
549.631331
30
0
0
VERTEX
8
AI4M_01_ATOM_INTERNAL
10
3466.708972
20
552.91856
30
0
0
VERTEX
8
AI4M_01_ATOM_INTERNAL
10
3470.912962
20
556.691005
30
0
0
VERTEX
8
AI4M_01_ATOM_INTERNAL
10
3475.177408
20
560.853676
30
0
0
VERTEX
8
AI4M_01_ATOM_INTERNAL
10
3479.544365
20
565.46444
30
0
0
VERTEX
8
AI4M_01_ATOM_INTERNAL
10
3484.151538
20
570.698761
30
0
0
VERTEX
8
AI4M_01_ATOM_INTERNAL
10
3489.166175
20
576.791087
30
0
0
VERTEX
8
AI4M_01_ATOM_INTERNAL
10
3494.9697
20
584.264947
30
0
0
VERTEX
8
AI4M_01_ATOM_INTERNAL
10
3503.992407
20
596.382711
30
0
0
VERTEX
8
AI4M_01_ATOM_INTERNAL
10
3511.127573
20
605.838017
30
0
0
VERTEX
8
AI4M_01_ATOM_INTERNAL
10
3516.258916
20
612.27893
30
0
0
VERTEX
8
AI4M_01_ATOM_INTERNAL
10
3520.812173
20
617.626632
30
0
0
VERTEX
8
AI4M_01_ATOM_INTERNAL
10
3525.18374
20
622.394147
30
0
0
VERTEX
8
AI4M_01_ATOM_INTERNAL
10
3529.483088
20
626.725468
30
0
0
VERTEX
8
AI4M_01_ATOM_INTERNAL
10
3533.655058
20
630.590401
30
0
0
VERTEX
8
AI4M_01_ATOM_INTERNAL
10
3537.854418
20
634.15447
30
0
0
VERTEX
8
AI4M_01_ATOM_INTERNAL
10
3542.116921
20
637.453955
30
0
0
VERTEX
8
AI4M_01_ATOM_INTERNAL
10
3546.404292
20
640.46583
30
0
0
VERTEX
8
AI4M_01_ATOM_INTERNAL
10
3550.743846
20
643.213491
30
0
0
VERTEX
8
AI4M_01_ATOM_INTERNAL
10
3554.918993
20
645.575696
30
0
0
VERTEX
8
AI4M_01_ATOM_INTERNAL
10
3559.098836
20
647.662492
30
0
0
VERTEX
8
AI4M_01_ATOM_INTERNAL
10
3563.17045
20
649.426691
30
0
0
VERTEX
8
AI4M_01_ATOM_INTERNAL
10
3567.222294
20
650.920126
30
0
0
VERTEX
8
AI4M_01_ATOM_INTERNAL
10
3571.34793
20
652.174841
30
0
0
VERTEX
8
AI4M_01_ATOM_INTERNAL
10
3575.406156
20
653.151542
30
0
0
VERTEX
8
AI4M_01_ATOM_INTERNAL
10
3579.336544
20
653.849121
30
0
0
VERTEX
8
AI4M_01_ATOM_INTERNAL
10
3583.520297
20
654.337431
30
0
0
VERTEX
8
AI4M_01_ATOM_INTERNAL
10
3589.571838
20
654.697647
30
0
0
SEQEND
8
AI4M_01_ATOM_INTERNAL
0
TEXT
8
AI4M_01_ATOM_INTERNAL
10
3422.075195
20
531.928749
30
0
40
2.5
1
AI4M_line_0244__seg_01_construction_construction_horizontal
1001
AI4MANUFACTURING
1000
WRITEBACK_PHASE=01_ATOM_LABEL
1000
ENTITY_ID=line_0244__seg_01
999
AI4M_ENTITY=line_0246;LINE_ROLE=construction;EDGE=construction_horizontal;SOURCE_LAYER=11
0
POLYLINE
8
AI4M_01_ATOM_INTERNAL
66
1
70
0
1001
AI4MANUFACTURING
1000
WRITEBACK_PHASE=01_ATOM
1000
ENTITY_ID=line_0246
1000
SOURCE_HANDLE=8AE
1000
LINE_ROLE=construction
1000
EDGE=construction_horizontal
1000
CHAIN=chain_ms07ydmz
1000
PIECE_ID=
1000
SEAM_PAIR=
1000
PAIRED_CHAIN=
1000
NOTCH_CHAIN=
1000
NOTCH_SOURCE=
1000
PIECE_ROLE=unknown
1000
SEAM_ALLOWANCE_MM=
1000
SOURCE_LAYER=11
0
VERTEX
8
AI4M_01_ATOM_INTERNAL
10
3506.294502
20
603.634257
30
0
0
VERTEX
8
AI4M_01_ATOM_INTERNAL
10
3510.281924
20
600.617559
30
0
0
SEQEND
8
AI4M_01_ATOM_INTERNAL
0
TEXT
8
AI4M_01_ATOM_INTERNAL
10
3506.294502
20
603.634257
30
0
40
2.5
1
AI4M_line_0246_construction_construction_horizontal
1001
AI4MANUFACTURING
1000
WRITEBACK_PHASE=01_ATOM_LABEL
1000
ENTITY_ID=line_0246
999
AI4M_ENTITY=line_0247;LINE_ROLE=construction;EDGE=construction_vertical;SOURCE_LAYER=11
0
POLYLINE
8
AI4M_01_ATOM_INTERNAL
66
1
70
0
1001
AI4MANUFACTURING
1000
WRITEBACK_PHASE=01_ATOM
1000
ENTITY_ID=line_0247
1000
SOURCE_HANDLE=8AF
1000
LINE_ROLE=construction
1000
EDGE=construction_vertical
1000
CHAIN=chain_ms07ydmz
1000
PIECE_ID=
1000
SEAM_PAIR=
1000
PAIRED_CHAIN=
1000
NOTCH_CHAIN=
1000
NOTCH_SOURCE=
1000
PIECE_ROLE=unknown
1000
SEAM_ALLOWANCE_MM=
1000
SOURCE_LAYER=11
0
VERTEX
8
AI4M_01_ATOM_INTERNAL
10
3589.603313
20
657.197427
30
0
0
VERTEX
8
AI4M_01_ATOM_INTERNAL
10
3589.539293
20
652.197836
30
0
0
SEQEND
8
AI4M_01_ATOM_INTERNAL
0
TEXT
8
AI4M_01_ATOM_INTERNAL
10
3589.603313
20
657.197427
30
0
40
2.5
1
AI4M_line_0247_construction_construction_vertical
1001
AI4MANUFACTURING
1000
WRITEBACK_PHASE=01_ATOM_LABEL
1000
ENTITY_ID=line_0247
999
AI4M_ENTITY=line_0248__seg_01;LINE_ROLE=armhole_back;EDGE=armhole_back;SOURCE_LAYER=11
0
POLYLINE
8
AI4M_01_ATOM_INTERNAL
66
1
70
0
1001
AI4MANUFACTURING
1000
WRITEBACK_PHASE=01_ATOM
1000
ENTITY_ID=line_0248__seg_01
1000
SOURCE_HANDLE=8B0
1000
LINE_ROLE=armhole_back
1000
EDGE=armhole_back
1000
CHAIN=chain_ms07ydmz
1000
PIECE_ID=
1000
SEAM_PAIR=
1000
PAIRED_CHAIN=
1000
NOTCH_CHAIN=
1000
NOTCH_SOURCE=
1000
PIECE_ROLE=unknown
1000
SEAM_ALLOWANCE_MM=
1000
SOURCE_LAYER=11
0
VERTEX
8
AI4M_01_ATOM_INTERNAL
10
3589.571838
20
654.697647
30
0
0
VERTEX
8
AI4M_01_ATOM_INTERNAL
10
3595.664632
20
654.586755
30
0
0
VERTEX
8
AI4M_01_ATOM_INTERNAL
10
3602.368299
20
654.18281
30
0
0
VERTEX
8
AI4M_01_ATOM_INTERNAL
10
3608.831868
20
653.552851
30
0
0
VERTEX
8
AI4M_01_ATOM_INTERNAL
10
3614.813979
20
652.729234
30
0
0
VERTEX
8
AI4M_01_ATOM_INTERNAL
10
3620.317122
20
651.735655
30
0
0
VERTEX
8
AI4M_01_ATOM_INTERNAL
10
3625.297367
20
650.598526
30
0
0
VERTEX
8
AI4M_01_ATOM_INTERNAL
10
3630.218713
20
649.223157
30
0
0
VERTEX
8
AI4M_01_ATOM_INTERNAL
10
3635.286546
20
647.547818
30
0
0
VERTEX
8
AI4M_01_ATOM_INTERNAL
10
3640.592309
20
645.526029
30
0
0
VERTEX
8
AI4M_01_ATOM_INTERNAL
10
3646.092016
20
643.1581
30
0
0
VERTEX
8
AI4M_01_ATOM_INTERNAL
10
3651.81813
20
640.417195
30
0
0
VERTEX
8
AI4M_01_ATOM_INTERNAL
10
3657.820391
20
637.267026
30
0
0
VERTEX
8
AI4M_01_ATOM_INTERNAL
10
3664.107685
20
633.683014
30
0
0
VERTEX
8
AI4M_01_ATOM_INTERNAL
10
3670.483951
20
629.76078
30
0
0
VERTEX
8
AI4M_01_ATOM_INTERNAL
10
3676.944507
20
625.495077
30
0
0
VERTEX
8
AI4M_01_ATOM_INTERNAL
10
3683.657225
20
620.761989
30
0
0
VERTEX
8
AI4M_01_ATOM_INTERNAL
10
3690.644982
20
615.524193
30
0
0
VERTEX
8
AI4M_01_ATOM_INTERNAL
10
3698.00436
20
609.689313
30
0
0
VERTEX
8
AI4M_01_ATOM_INTERNAL
10
3705.852531
20
603.144588
30
0
0
VERTEX
8
AI4M_01_ATOM_INTERNAL
10
3715.4788
20
594.749263
30
0
0
VERTEX
8
AI4M_01_ATOM_INTERNAL
10
3726.81071
20
584.697583
30
0
0
VERTEX
8
AI4M_01_ATOM_INTERNAL
10
3735.715147
20
577.005579
30
0
0
VERTEX
8
AI4M_01_ATOM_INTERNAL
10
3742.796072
20
571.188013
30
0
0
VERTEX
8
AI4M_01_ATOM_INTERNAL
10
3749.6032
20
565.899941
30
0
0
VERTEX
8
AI4M_01_ATOM_INTERNAL
10
3756.227641
20
561.056543
30
0
0
VERTEX
8
AI4M_01_ATOM_INTERNAL
10
3762.603845
20
556.691022
30
0
0
VERTEX
8
AI4M_01_ATOM_INTERNAL
10
3768.459543
20
552.963798
30
0
0
VERTEX
8
AI4M_01_ATOM_INTERNAL
10
3773.617858
20
549.954817
30
0
0
VERTEX
8
AI4M_01_ATOM_INTERNAL
10
3778.279824
20
547.509048
30
0
0
VERTEX
8
AI4M_01_ATOM_INTERNAL
10
3782.86716
20
545.384412
30
0
0
VERTEX
8
AI4M_01_ATOM_INTERNAL
10
3788.021981
20
543.274308
30
0
0
VERTEX
8
AI4M_01_ATOM_INTERNAL
10
3793.54302
20
541.286488
30
0
0
VERTEX
8
AI4M_01_ATOM_INTERNAL
10
3798.139648
20
539.790306
30
0
0
SEQEND
8
AI4M_01_ATOM_INTERNAL
0
TEXT
8
AI4M_01_ATOM_INTERNAL
10
3589.571838
20
654.697647
30
0
40
2.5
1
AI4M_line_0248__seg_01_armhole_back_armhole_back
1001
AI4MANUFACTURING
1000
WRITEBACK_PHASE=01_ATOM_LABEL
1000
ENTITY_ID=line_0248__seg_01
999
AI4M_ENTITY=line_0250__seg_01;LINE_ROLE=side_seam;EDGE=side_seam;SOURCE_LAYER=11
0
POLYLINE
8
AI4M_01_ATOM_INTERNAL
66
1
70
0
1001
AI4MANUFACTURING
1000
WRITEBACK_PHASE=01_ATOM
1000
ENTITY_ID=line_0250__seg_01
1000
SOURCE_HANDLE=8D6
1000
LINE_ROLE=side_seam
1000
EDGE=side_seam
1000
CHAIN=chain_ms07ydmz
1000
PIECE_ID=
1000
SEAM_PAIR=
1000
PAIRED_CHAIN=
1000
NOTCH_CHAIN=
1000
NOTCH_SOURCE=
1000
PIECE_ROLE=unknown
1000
SEAM_ALLOWANCE_MM=
1000
SOURCE_LAYER=11
0
VERTEX
8
AI4M_01_ATOM_INTERNAL
10
3798.139648
20
539.790306
30
0
0
VERTEX
8
AI4M_01_ATOM_INTERNAL
10
3797.409969
20
524.061657
30
0
0
VERTEX
8
AI4M_01_ATOM_INTERNAL
10
3796.664623
20
508.721998
30
0
0
VERTEX
8
AI4M_01_ATOM_INTERNAL
10
3795.878785
20
493.194142
30
0
0
VERTEX
8
AI4M_01_ATOM_INTERNAL
10
3795.059921
20
477.667991
30
0
0
VERTEX
8
AI4M_01_ATOM_INTERNAL
10
3794.209681
20
462.228905
30
0
0
VERTEX
8
AI4M_01_ATOM_INTERNAL
10
3793.31329
20
446.707061
30
0
0
VERTEX
8
AI4M_01_ATOM_INTERNAL
10
3792.401634
20
431.727829
30
0
0
VERTEX
8
AI4M_01_ATOM_INTERNAL
10
3791.422804
20
416.464349
30
0
0
VERTEX
8
AI4M_01_ATOM_INTERNAL
10
3790.377218
20
400.951781
30
0
0
VERTEX
8
AI4M_01_ATOM_INTERNAL
10
3789.281802
20
385.442632
30
0
0
VERTEX
8
AI4M_01_ATOM_INTERNAL
10
3788.140039
20
369.968284
30
0
0
VERTEX
8
AI4M_01_ATOM_INTERNAL
10
3786.947229
20
354.466343
30
0
0
VERTEX
8
AI4M_01_ATOM_INTERNAL
10
3785.704154
20
338.968384
30
0
0
VERTEX
8
AI4M_01_ATOM_INTERNAL
10
3784.413018
20
323.519495
30
0
0
VERTEX
8
AI4M_01_ATOM_INTERNAL
10
3783.063769
20
308.030399
30
0
0
VERTEX
8
AI4M_01_ATOM_INTERNAL
10
3781.656776
20
292.546419
30
0
0
VERTEX
8
AI4M_01_ATOM_INTERNAL
10
3780.226733
20
277.460003
30
0
0
VERTEX
8
AI4M_01_ATOM_INTERNAL
10
3778.696602
20
261.987692
30
0
0
VERTEX
8
AI4M_01_ATOM_INTERNAL
10
3777.105111
20
246.56885
30
0
0
VERTEX
8
AI4M_01_ATOM_INTERNAL
10
3775.440348
20
231.110512
30
0
0
VERTEX
8
AI4M_01_ATOM_INTERNAL
10
3773.71368
20
215.658914
30
0
0
VERTEX
8
AI4M_01_ATOM_INTERNAL
10
3771.996999
20
200.74824
30
0
0
VERTEX
8
AI4M_01_ATOM_INTERNAL
10
3770.171505
20
185.307946
30
0
0
VERTEX
8
AI4M_01_ATOM_INTERNAL
10
3768.296519
20
169.87368
30
0
0
VERTEX
8
AI4M_01_ATOM_INTERNAL
10
3766.423852
20
154.869793
30
0
0
VERTEX
8
AI4M_01_ATOM_INTERNAL
10
3764.477607
20
139.664544
30
0
0
VERTEX
8
AI4M_01_ATOM_INTERNAL
10
3762.514213
20
124.621684
30
0
0
VERTEX
8
AI4M_01_ATOM_INTERNAL
10
3760.536984
20
109.712785
30
0
0
VERTEX
8
AI4M_01_ATOM_INTERNAL
10
3759.269714
20
100.285378
30
0
0
SEQEND
8
AI4M_01_ATOM_INTERNAL
0
TEXT
8
AI4M_01_ATOM_INTERNAL
10
3798.139648
20
539.790306
30
0
40
2.5
1
AI4M_line_0250__seg_01_side_seam_side_seam
1001
AI4MANUFACTURING
1000
WRITEBACK_PHASE=01_ATOM_LABEL
1000
ENTITY_ID=line_0250__seg_01
999
AI4M_ENTITY=line_0251;LINE_ROLE=construction;EDGE=construction_horizontal;SOURCE_LAYER=11
0
POLYLINE
8
AI4M_01_ATOM_INTERNAL
66
1
70
0
1001
AI4MANUFACTURING
1000
WRITEBACK_PHASE=01_ATOM
1000
ENTITY_ID=line_0251
1000
SOURCE_HANDLE=8F7
1000
LINE_ROLE=construction
1000
EDGE=construction_horizontal
1000
CHAIN=chain_ms07ydmz
1000
PIECE_ID=
1000
SEAM_PAIR=
1000
PAIRED_CHAIN=
1000
NOTCH_CHAIN=
1000
NOTCH_SOURCE=
1000
PIECE_ROLE=unknown
1000
SEAM_ALLOWANCE_MM=
1000
SOURCE_LAYER=11
0
VERTEX
8
AI4M_01_ATOM_INTERNAL
10
3795.462572
20
440.774065
30
0
0
VERTEX
8
AI4M_01_ATOM_INTERNAL
10
3790.471685
20
441.075808
30
0
0
SEQEND
8
AI4M_01_ATOM_INTERNAL
0
TEXT
8
AI4M_01_ATOM_INTERNAL
10
3795.462572
20
440.774065
30
0
40
2.5
1
AI4M_line_0251_construction_construction_horizontal
1001
AI4MANUFACTURING
1000
WRITEBACK_PHASE=01_ATOM_LABEL
1000
ENTITY_ID=line_0251
999
AI4M_ENTITY=line_0252;LINE_ROLE=construction;EDGE=construction_horizontal;SOURCE_LAYER=11
0
POLYLINE
8
AI4M_01_ATOM_INTERNAL
66
1
70
0
1001
AI4MANUFACTURING
1000
WRITEBACK_PHASE=01_ATOM
1000
ENTITY_ID=line_0252
1000
SOURCE_HANDLE=8F8
1000
LINE_ROLE=construction
1000
EDGE=construction_horizontal
1000
CHAIN=chain_ms07ydmz
1000
PIECE_ID=
1000
SEAM_PAIR=
1000
PAIRED_CHAIN=
1000
NOTCH_CHAIN=
1000
NOTCH_SOURCE=
1000
PIECE_ROLE=unknown
1000
SEAM_ALLOWANCE_MM=
1000
SOURCE_LAYER=11
0
VERTEX
8
AI4M_01_ATOM_INTERNAL
10
3779.712071
20
247.453523
30
0
0
VERTEX
8
AI4M_01_ATOM_INTERNAL
10
3774.739464
20
247.976185
30
0
0
SEQEND
8
AI4M_01_ATOM_INTERNAL
0
TEXT
8
AI4M_01_ATOM_INTERNAL
10
3779.712071
20
247.453523
30
0
40
2.5
1
AI4M_line_0252_construction_construction_horizontal
1001
AI4MANUFACTURING
1000
WRITEBACK_PHASE=01_ATOM_LABEL
1000
ENTITY_ID=line_0252
999
AI4M_ENTITY=line_0253;LINE_ROLE=sleeve_hem;EDGE=sleeve_hem;SOURCE_LAYER=11
0
POLYLINE
8
AI4M_01_ATOM_INTERNAL
66
1
70
0
1001
AI4MANUFACTURING
1000
WRITEBACK_PHASE=01_ATOM
1000
ENTITY_ID=line_0253
1000
SOURCE_HANDLE=8F9
1000
LINE_ROLE=sleeve_hem
1000
EDGE=sleeve_hem
1000
CHAIN=chain_ms07ydmz
1000
PIECE_ID=
1000
SEAM_PAIR=
1000
PAIRED_CHAIN=
1000
NOTCH_CHAIN=
1000
NOTCH_SOURCE=
1000
PIECE_ROLE=unknown
1000
SEAM_ALLOWANCE_MM=
1000
SOURCE_LAYER=11
0
VERTEX
8
AI4M_01_ATOM_INTERNAL
10
3759.269714
20
100.285378
30
0
0
VERTEX
8
AI4M_01_ATOM_INTERNAL
10
3448.536072
20
100.285378
30
0
0
SEQEND
8
AI4M_01_ATOM_INTERNAL
0
TEXT
8
AI4M_01_ATOM_INTERNAL
10
3759.269714
20
100.285378
30
0
40
2.5
1
AI4M_line_0253_sleeve_hem_sleeve_hem
1001
AI4MANUFACTURING
1000
WRITEBACK_PHASE=01_ATOM_LABEL
1000
ENTITY_ID=line_0253
999
AI4M_ENTITY=line_0254;LINE_ROLE=construction;EDGE=construction_horizontal;SOURCE_LAYER=11
0
POLYLINE
8
AI4M_01_ATOM_INTERNAL
66
1
70
0
1001
AI4MANUFACTURING
1000
WRITEBACK_PHASE=01_ATOM
1000
ENTITY_ID=line_0254
1000
SOURCE_HANDLE=8FE
1000
LINE_ROLE=construction
1000
EDGE=construction_horizontal
1000
CHAIN=chain_ms07ydmz
1000
PIECE_ID=
1000
SEAM_PAIR=
1000
PAIRED_CHAIN=
1000
NOTCH_CHAIN=
1000
NOTCH_SOURCE=
1000
PIECE_ROLE=unknown
1000
SEAM_ALLOWANCE_MM=
1000
SOURCE_LAYER=11
0
VERTEX
8
AI4M_01_ATOM_INTERNAL
10
3424.20929
20
507.261124
30
0
0
VERTEX
8
AI4M_01_ATOM_INTERNAL
10
3796.993408
20
515.04776
30
0
0
SEQEND
8
AI4M_01_ATOM_INTERNAL
0
TEXT
8
AI4M_01_ATOM_INTERNAL
10
3424.20929
20
507.261124
30
0
40
2.5
1
AI4M_line_0254_construction_construction_horizontal
1001
AI4MANUFACTURING
1000
WRITEBACK_PHASE=01_ATOM_LABEL
1000
ENTITY_ID=line_0254
999
AI4M_ENTITY=line_0255;LINE_ROLE=construction;EDGE=construction_horizontal;SOURCE_LAYER=11
0
POLYLINE
8
AI4M_01_ATOM_INTERNAL
66
1
70
0
1001
AI4MANUFACTURING
1000
WRITEBACK_PHASE=01_ATOM
1000
ENTITY_ID=line_0255
1000
SOURCE_HANDLE=903
1000
LINE_ROLE=construction
1000
EDGE=construction_horizontal
1000
CHAIN=chain_ms07ydmz
1000
PIECE_ID=
1000
SEAM_PAIR=
1000
PAIRED_CHAIN=
1000
NOTCH_CHAIN=
1000
NOTCH_SOURCE=
1000
PIECE_ROLE=unknown
1000
SEAM_ALLOWANCE_MM=
1000
SOURCE_LAYER=11
0
VERTEX
8
AI4M_01_ATOM_INTERNAL
10
3435.953369
20
354.868546
30
0
0
VERTEX
8
AI4M_01_ATOM_INTERNAL
10
3787.452393
20
354.868546
30
0
0
SEQEND
8
AI4M_01_ATOM_INTERNAL
0
TEXT
8
AI4M_01_ATOM_INTERNAL
10
3435.953369
20
354.868546
30
0
40
2.5
1
AI4M_line_0255_construction_construction_horizontal
1001
AI4MANUFACTURING
1000
WRITEBACK_PHASE=01_ATOM_LABEL
1000
ENTITY_ID=line_0255
999
AI4M_ENTITY=line_0256;LINE_ROLE=construction;EDGE=construction_vertical;SOURCE_LAYER=11
0
POLYLINE
8
AI4M_01_ATOM_INTERNAL
66
1
70
0
1001
AI4MANUFACTURING
1000
WRITEBACK_PHASE=01_ATOM
1000
ENTITY_ID=line_0256
1000
SOURCE_HANDLE=908
1000
LINE_ROLE=construction
1000
EDGE=construction_vertical
1000
CHAIN=chain_ms07ydmz
1000
PIECE_ID=
1000
SEAM_PAIR=
1000
PAIRED_CHAIN=
1000
NOTCH_CHAIN=
1000
NOTCH_SOURCE=
1000
PIECE_ROLE=unknown
1000
SEAM_ALLOWANCE_MM=
1000
SOURCE_LAYER=11
0
VERTEX
8
AI4M_01_ATOM_INTERNAL
10
3592.793884
20
100.285378
30
0
0
VERTEX
8
AI4M_01_ATOM_INTERNAL
10
3591.795959
20
654.739075
30
0
0
SEQEND
8
AI4M_01_ATOM_INTERNAL
0
TEXT
8
AI4M_01_ATOM_INTERNAL
10
3592.793884
20
100.285378
30
0
40
2.5
1
AI4M_line_0256_construction_construction_vertical
1001
AI4MANUFACTURING
1000
WRITEBACK_PHASE=01_ATOM_LABEL
1000
ENTITY_ID=line_0256
999
AI4M_ENTITY=line_0257__seg_01;LINE_ROLE=armhole_front;EDGE=armhole_front;SOURCE_LAYER=11
0
POLYLINE
8
AI4M_01_ATOM_INTERNAL
66
1
70
0
1001
AI4MANUFACTURING
1000
WRITEBACK_PHASE=01_ATOM
1000
ENTITY_ID=line_0257__seg_01
1000
SOURCE_HANDLE=90D
1000
LINE_ROLE=armhole_front
1000
EDGE=armhole_front
1000
CHAIN=chain_ms07ydmz
1000
PIECE_ID=
1000
SEAM_PAIR=
1000
PAIRED_CHAIN=
1000
NOTCH_CHAIN=
1000
NOTCH_SOURCE=
1000
PIECE_ROLE=unknown
1000
SEAM_ALLOWANCE_MM=
1000
SOURCE_LAYER=11
0
VERTEX
8
AI4M_01_ATOM_INTERNAL
10
3422.207031
20
530.424767
30
0
0
VERTEX
8
AI4M_01_ATOM_INTERNAL
10
3428.814414
20
531.884486
30
0
0
VERTEX
8
AI4M_01_ATOM_INTERNAL
10
3433.700739
20
533.209919
30
0
0
VERTEX
8
AI4M_01_ATOM_INTERNAL
10
3438.85246
20
534.875528
30
0
0
VERTEX
8
AI4M_01_ATOM_INTERNAL
10
3443.466348
20
536.609599
30
0
0
VERTEX
8
AI4M_01_ATOM_INTERNAL
10
3447.60268
20
538.42166
30
0
0
VERTEX
8
AI4M_01_ATOM_INTERNAL
10
3451.374073
20
540.337485
30
0
0
VERTEX
8
AI4M_01_ATOM_INTERNAL
10
3455.228002
20
542.57776
30
0
0
VERTEX
8
AI4M_01_ATOM_INTERNAL
10
3459.090744
20
545.112362
30
0
0
VERTEX
8
AI4M_01_ATOM_INTERNAL
10
3463.039626
20
548.000066
30
0
0
VERTEX
8
AI4M_01_ATOM_INTERNAL
10
3467.069644
20
551.255413
30
0
0
VERTEX
8
AI4M_01_ATOM_INTERNAL
10
3471.286241
20
554.988843
30
0
0
VERTEX
8
AI4M_01_ATOM_INTERNAL
10
3475.578168
20
559.126968
30
0
0
VERTEX
8
AI4M_01_ATOM_INTERNAL
10
3480.00338
20
563.746604
30
0
0
VERTEX
8
AI4M_01_ATOM_INTERNAL
10
3484.578722
20
568.890138
30
0
0
VERTEX
8
AI4M_01_ATOM_INTERNAL
10
3489.514829
20
574.827821
30
0
0
VERTEX
8
AI4M_01_ATOM_INTERNAL
10
3495.094582
20
581.953593
30
0
0
VERTEX
8
AI4M_01_ATOM_INTERNAL
10
3504.135945
20
594.056136
30
0
0
VERTEX
8
AI4M_01_ATOM_INTERNAL
10
3511.822095
20
604.283763
30
0
0
VERTEX
8
AI4M_01_ATOM_INTERNAL
10
3517.042734
20
610.86889
30
0
0
VERTEX
8
AI4M_01_ATOM_INTERNAL
10
3521.642397
20
616.299279
30
0
0
VERTEX
8
AI4M_01_ATOM_INTERNAL
10
3525.958915
20
621.033248
30
0
0
VERTEX
8
AI4M_01_ATOM_INTERNAL
10
3530.187672
20
625.318985
30
0
0
VERTEX
8
AI4M_01_ATOM_INTERNAL
10
3534.368525
20
629.217169
30
0
0
VERTEX
8
AI4M_01_ATOM_INTERNAL
10
3538.515051
20
632.758504
30
0
0
VERTEX
8
AI4M_01_ATOM_INTERNAL
10
3542.7292
20
636.040917
30
0
0
VERTEX
8
AI4M_01_ATOM_INTERNAL
10
3547.032034
20
639.080818
30
0
0
VERTEX
8
AI4M_01_ATOM_INTERNAL
10
3551.282676
20
641.78751
30
0
0
VERTEX
8
AI4M_01_ATOM_INTERNAL
10
3555.459734
20
644.163906
30
0
0
VERTEX
8
AI4M_01_ATOM_INTERNAL
10
3559.631354
20
646.255783
30
0
0
VERTEX
8
AI4M_01_ATOM_INTERNAL
10
3563.562494
20
647.967918
30
0
0
VERTEX
8
AI4M_01_ATOM_INTERNAL
10
3567.680205
20
649.491469
30
0
0
VERTEX
8
AI4M_01_ATOM_INTERNAL
10
3571.664066
20
650.706357
30
0
0
VERTEX
8
AI4M_01_ATOM_INTERNAL
10
3575.705042
20
651.681037
30
0
0
VERTEX
8
AI4M_01_ATOM_INTERNAL
10
3579.711794
20
652.389444
30
0
0
VERTEX
8
AI4M_01_ATOM_INTERNAL
10
3583.949511
20
652.87142
30
0
0
VERTEX
8
AI4M_01_ATOM_INTERNAL
10
3589.435727
20
653.208063
30
0
0
VERTEX
8
AI4M_01_ATOM_INTERNAL
10
3591.798401
20
653.287888
30
0
0
SEQEND
8
AI4M_01_ATOM_INTERNAL
0
TEXT
8
AI4M_01_ATOM_INTERNAL
10
3422.207031
20
530.424767
30
0
40
2.5
1
AI4M_line_0257__seg_01_armhole_front_armhole_front
1001
AI4MANUFACTURING
1000
WRITEBACK_PHASE=01_ATOM_LABEL
1000
ENTITY_ID=line_0257__seg_01
999
AI4M_ENTITY=line_0258__seg_01;LINE_ROLE=construction;EDGE=construction_horizontal;SOURCE_LAYER=11
0
POLYLINE
8
AI4M_01_ATOM_INTERNAL
66
1
70
0
1001
AI4MANUFACTURING
1000
WRITEBACK_PHASE=01_ATOM
1000
ENTITY_ID=line_0258__seg_01
1000
SOURCE_HANDLE=936
1000
LINE_ROLE=construction
1000
EDGE=construction_horizontal
1000
CHAIN=chain_ms07ydmz
1000
PIECE_ID=
1000
SEAM_PAIR=
1000
PAIRED_CHAIN=
1000
NOTCH_CHAIN=
1000
NOTCH_SOURCE=
1000
PIECE_ROLE=unknown
1000
SEAM_ALLOWANCE_MM=
1000
SOURCE_LAYER=11
0
VERTEX
8
AI4M_01_ATOM_INTERNAL
10
3591.799011
20
653.169327
30
0
0
VERTEX
8
AI4M_01_ATOM_INTERNAL
10
3599.787633
20
652.856131
30
0
0
VERTEX
8
AI4M_01_ATOM_INTERNAL
10
3605.642981
20
652.39682
30
0
0
VERTEX
8
AI4M_01_ATOM_INTERNAL
10
3611.803604
20
651.661404
30
0
0
VERTEX
8
AI4M_01_ATOM_INTERNAL
10
3617.60105
20
650.732072
30
0
0
VERTEX
8
AI4M_01_ATOM_INTERNAL
10
3622.885608
20
649.640001
30
0
0
VERTEX
8
AI4M_01_ATOM_INTERNAL
10
3627.785561
20
648.376279
30
0
0
VERTEX
8
AI4M_01_ATOM_INTERNAL
10
3632.812737
20
646.816677
30
0
0
VERTEX
8
AI4M_01_ATOM_INTERNAL
10
3638.048245
20
644.921436
30
0
0
VERTEX
8
AI4M_01_ATOM_INTERNAL
10
3643.476065
20
642.682061
30
0
0
VERTEX
8
AI4M_01_ATOM_INTERNAL
10
3649.107922
20
640.082843
30
0
0
VERTEX
8
AI4M_01_ATOM_INTERNAL
10
3655.034102
20
637.067577
30
0
0
VERTEX
8
AI4M_01_ATOM_INTERNAL
10
3661.140168
20
633.681696
30
0
0
VERTEX
8
AI4M_01_ATOM_INTERNAL
10
3667.500779
20
629.867497
30
0
0
VERTEX
8
AI4M_01_ATOM_INTERNAL
10
3673.97263
20
625.690158
30
0
0
VERTEX
8
AI4M_01_ATOM_INTERNAL
10
3680.606297
20
621.110146
30
0
0
VERTEX
8
AI4M_01_ATOM_INTERNAL
10
3687.503554
20
616.042976
30
0
0
VERTEX
8
AI4M_01_ATOM_INTERNAL
10
3694.453047
20
610.632815
30
0
0
VERTEX
8
AI4M_01_ATOM_INTERNAL
10
3701.903972
20
604.507531
30
0
0
VERTEX
8
AI4M_01_ATOM_INTERNAL
10
3711.139106
20
596.554868
30
0
0
VERTEX
8
AI4M_01_ATOM_INTERNAL
10
3722.408805
20
586.598361
30
0
0
VERTEX
8
AI4M_01_ATOM_INTERNAL
10
3733.008533
20
577.360683
30
0
0
VERTEX
8
AI4M_01_ATOM_INTERNAL
10
3740.570534
20
571.061879
30
0
0
VERTEX
8
AI4M_01_ATOM_INTERNAL
10
3747.161941
20
565.87015
30
0
0
VERTEX
8
AI4M_01_ATOM_INTERNAL
10
3753.913788
20
560.865412
30
0
0
VERTEX
8
AI4M_01_ATOM_INTERNAL
10
3760.382571
20
556.365322
30
0
0
VERTEX
8
AI4M_01_ATOM_INTERNAL
10
3766.306213
20
552.525575
30
0
0
VERTEX
8
AI4M_01_ATOM_INTERNAL
10
3771.613722
20
549.359323
30
0
0
VERTEX
8
AI4M_01_ATOM_INTERNAL
10
3776.303443
20
546.826736
30
0
0
VERTEX
8
AI4M_01_ATOM_INTERNAL
10
3781.038853
20
544.551618
30
0
0
VERTEX
8
AI4M_01_ATOM_INTERNAL
10
3785.964748
20
542.464218
30
0
0
VERTEX
8
AI4M_01_ATOM_INTERNAL
10
3791.325737
20
540.466703
30
0
0
VERTEX
8
AI4M_01_ATOM_INTERNAL
10
3798.064575
20
538.238258
30
0
0
SEQEND
8
AI4M_01_ATOM_INTERNAL
0
TEXT
8
AI4M_01_ATOM_INTERNAL
10
3591.799011
20
653.169327
30
0
40
2.5
1
AI4M_line_0258__seg_01_construction_construction_horizontal
1001
AI4MANUFACTURING
1000
WRITEBACK_PHASE=01_ATOM_LABEL
1000
ENTITY_ID=line_0258__seg_01
999
AI4M_ENTITY=line_0259;LINE_ROLE=construction;EDGE=construction_horizontal;SOURCE_LAYER=11
0
POLYLINE
8
AI4M_01_ATOM_INTERNAL
66
1
70
0
1001
AI4MANUFACTURING
1000
WRITEBACK_PHASE=01_ATOM
1000
ENTITY_ID=line_0259
1000
SOURCE_HANDLE=95A
1000
LINE_ROLE=construction
1000
EDGE=construction_horizontal
1000
CHAIN=chain_ms07ydmz
1000
PIECE_ID=
1000
SEAM_PAIR=
1000
PAIRED_CHAIN=
1000
NOTCH_CHAIN=
1000
NOTCH_SOURCE=
1000
PIECE_ROLE=unknown
1000
SEAM_ALLOWANCE_MM=
1000
SOURCE_LAYER=11
0
VERTEX
8
AI4M_01_ATOM_INTERNAL
10
3771.238098
20
78.285379
30
0
0
VERTEX
8
AI4M_01_ATOM_INTERNAL
10
3438.817444
20
78.285379
30
0
0
SEQEND
8
AI4M_01_ATOM_INTERNAL
0
TEXT
8
AI4M_01_ATOM_INTERNAL
10
3771.238098
20
78.285379
30
0
40
2.5
1
AI4M_line_0259_construction_construction_horizontal
1001
AI4MANUFACTURING
1000
WRITEBACK_PHASE=01_ATOM_LABEL
1000
ENTITY_ID=line_0259
999
AI4M_ENTITY=line_0260;LINE_ROLE=construction;EDGE=construction_vertical;SOURCE_LAYER=11
0
POLYLINE
8
AI4M_01_ATOM_INTERNAL
66
1
70
0
1001
AI4MANUFACTURING
1000
WRITEBACK_PHASE=01_ATOM
1000
ENTITY_ID=line_0260
1000
SOURCE_HANDLE=95F
1000
LINE_ROLE=construction
1000
EDGE=construction_vertical
1000
CHAIN=chain_ms07ydmz
1000
PIECE_ID=
1000
SEAM_PAIR=
1000
PAIRED_CHAIN=
1000
NOTCH_CHAIN=
1000
NOTCH_SOURCE=
1000
PIECE_ROLE=unknown
1000
SEAM_ALLOWANCE_MM=
1000
SOURCE_LAYER=11
0
VERTEX
8
AI4M_01_ATOM_INTERNAL
10
3768.363953
20
100.285378
30
0
0
VERTEX
8
AI4M_01_ATOM_INTERNAL
10
3771.238098
20
78.285379
30
0
0
SEQEND
8
AI4M_01_ATOM_INTERNAL
0
TEXT
8
AI4M_01_ATOM_INTERNAL
10
3768.363953
20
100.285378
30
0
40
2.5
1
AI4M_line_0260_construction_construction_vertical
1001
AI4MANUFACTURING
1000
WRITEBACK_PHASE=01_ATOM_LABEL
1000
ENTITY_ID=line_0260
999
AI4M_ENTITY=line_0261__seg_01;LINE_ROLE=construction;EDGE=construction_vertical;SOURCE_LAYER=11
0
POLYLINE
8
AI4M_01_ATOM_INTERNAL
66
1
70
0
1001
AI4MANUFACTURING
1000
WRITEBACK_PHASE=01_ATOM
1000
ENTITY_ID=line_0261__seg_01
1000
SOURCE_HANDLE=964
1000
LINE_ROLE=construction
1000
EDGE=construction_vertical
1000
CHAIN=chain_ms07ydmz
1000
PIECE_ID=
1000
SEAM_PAIR=
1000
PAIRED_CHAIN=
1000
NOTCH_CHAIN=
1000
NOTCH_SOURCE=
1000
PIECE_ROLE=unknown
1000
SEAM_ALLOWANCE_MM=
1000
SOURCE_LAYER=11
0
VERTEX
8
AI4M_01_ATOM_INTERNAL
10
3807.358093
20
543.921585
30
0
0
VERTEX
8
AI4M_01_ATOM_INTERNAL
10
3806.620178
20
528.258629
30
0
0
VERTEX
8
AI4M_01_ATOM_INTERNAL
10
3805.865173
20
512.991447
30
0
0
VERTEX
8
AI4M_01_ATOM_INTERNAL
10
3805.088196
20
497.566948
30
0
0
VERTEX
8
AI4M_01_ATOM_INTERNAL
10
3804.308167
20
482.142639
30
0
0
VERTEX
8
AI4M_01_ATOM_INTERNAL
10
3803.492126
20
467.08149
30
0
0
VERTEX
8
AI4M_01_ATOM_INTERNAL
10
3802.580872
20
451.664467
30
0
0
VERTEX
8
AI4M_01_ATOM_INTERNAL
10
3801.685181
20
436.672783
30
0
0
VERTEX
8
AI4M_01_ATOM_INTERNAL
10
3800.766602
20
421.32061
30
0
0
VERTEX
8
AI4M_01_ATOM_INTERNAL
10
3799.761047
20
405.9095
30
0
0
VERTEX
8
AI4M_01_ATOM_INTERNAL
10
3798.680725
20
390.503235
30
0
0
VERTEX
8
AI4M_01_ATOM_INTERNAL
10
3797.550659
20
375.132904
30
0
0
VERTEX
8
AI4M_01_ATOM_INTERNAL
10
3796.381531
20
359.733047
30
0
0
VERTEX
8
AI4M_01_ATOM_INTERNAL
10
3795.169373
20
344.3367
30
0
0
VERTEX
8
AI4M_01_ATOM_INTERNAL
10
3793.933411
20
329.30069
30
0
0
VERTEX
8
AI4M_01_ATOM_INTERNAL
10
3792.609558
20
313.913708
30
0
0
VERTEX
8
AI4M_01_ATOM_INTERNAL
10
3791.235962
20
298.530903
30
0
0
VERTEX
8
AI4M_01_ATOM_INTERNAL
10
3789.837341
20
283.312206
30
0
0
VERTEX
8
AI4M_01_ATOM_INTERNAL
10
3788.370972
20
267.937641
30
0
0
VERTEX
8
AI4M_01_ATOM_INTERNAL
10
3786.799011
20
252.573967
30
0
0
VERTEX
8
AI4M_01_ATOM_INTERNAL
10
3785.114441
20
237.199535
30
0
0
VERTEX
8
AI4M_01_ATOM_INTERNAL
10
3783.434143
20
221.847229
30
0
0
VERTEX
8
AI4M_01_ATOM_INTERNAL
10
3781.723328
20
206.498356
30
0
0
VERTEX
8
AI4M_01_ATOM_INTERNAL
10
3779.951477
20
191.194992
30
0
0
VERTEX
8
AI4M_01_ATOM_INTERNAL
10
3778.109131
20
175.861187
30
0
0
VERTEX
8
AI4M_01_ATOM_INTERNAL
10
3776.210022
20
160.534267
30
0
0
VERTEX
8
AI4M_01_ATOM_INTERNAL
10
3774.290771
20
145.425587
30
0
0
VERTEX
8
AI4M_01_ATOM_INTERNAL
10
3772.339172
20
130.347767
30
0
0
VERTEX
8
AI4M_01_ATOM_INTERNAL
10
3770.355225
20
115.240936
30
0
0
VERTEX
8
AI4M_01_ATOM_INTERNAL
10
3768.363953
20
100.285378
30
0
0
SEQEND
8
AI4M_01_ATOM_INTERNAL
0
TEXT
8
AI4M_01_ATOM_INTERNAL
10
3807.358093
20
543.921585
30
0
40
2.5
1
AI4M_line_0261__seg_01_construction_construction_vertical
1001
AI4MANUFACTURING
1000
WRITEBACK_PHASE=01_ATOM_LABEL
1000
ENTITY_ID=line_0261__seg_01
999
AI4M_ENTITY=line_0262__seg_01;LINE_ROLE=pattern_boundary;EDGE=pattern_boundary;SOURCE_LAYER=11
0
POLYLINE
8
AI4M_01_ATOM_NET
66
1
70
0
1001
AI4MANUFACTURING
1000
WRITEBACK_PHASE=01_ATOM
1000
ENTITY_ID=line_0262__seg_01
1000
SOURCE_HANDLE=985
1000
LINE_ROLE=pattern_boundary
1000
EDGE=pattern_boundary
1000
CHAIN=chain_ms07ydmz
1000
PIECE_ID=
1000
SEAM_PAIR=
1000
PAIRED_CHAIN=
1000
NOTCH_CHAIN=
1000
NOTCH_SOURCE=
1000
PIECE_ROLE=unknown
1000
SEAM_ALLOWANCE_MM=
1000
SOURCE_LAYER=11
0
VERTEX
8
AI4M_01_ATOM_NET
10
3589.440613
20
661.71463
30
0
0
VERTEX
8
AI4M_01_ATOM_NET
10
3601.330261
20
661.290207
30
0
0
VERTEX
8
AI4M_01_ATOM_NET
10
3607.575378
20
660.732117
30
0
0
VERTEX
8
AI4M_01_ATOM_NET
10
3614.367676
20
659.916077
30
0
0
VERTEX
8
AI4M_01_ATOM_NET
10
3618.379517
20
659.205475
30
0
0
VERTEX
8
AI4M_01_ATOM_NET
10
3625.96283
20
657.653046
30
0
0
VERTEX
8
AI4M_01_ATOM_NET
10
3630.579834
20
656.424561
30
0
0
VERTEX
8
AI4M_01_ATOM_NET
10
3636.057434
20
654.688492
30
0
0
VERTEX
8
AI4M_01_ATOM_NET
10
3641.431274
20
652.726822
30
0
0
VERTEX
8
AI4M_01_ATOM_NET
10
3646.948242
20
650.441589
30
0
0
VERTEX
8
AI4M_01_ATOM_NET
10
3652.715454
20
647.779541
30
0
0
VERTEX
8
AI4M_01_ATOM_NET
10
3658.734436
20
644.725342
30
0
0
VERTEX
8
AI4M_01_ATOM_NET
10
3665.015259
20
641.257248
30
0
0
VERTEX
8
AI4M_01_ATOM_NET
10
3671.426392
20
637.434769
30
0
0
VERTEX
8
AI4M_01_ATOM_NET
10
3677.91748
20
633.276863
30
0
0
VERTEX
8
AI4M_01_ATOM_NET
10
3684.638062
20
628.672638
30
0
0
VERTEX
8
AI4M_01_ATOM_NET
10
3691.513672
20
623.659706
30
0
0
VERTEX
8
AI4M_01_ATOM_NET
10
3698.721008
20
618.094139
30
0
0
VERTEX
8
AI4M_01_ATOM_NET
10
3706.293335
20
611.92749
30
0
0
VERTEX
8
AI4M_01_ATOM_NET
10
3715.178528
20
604.34803
30
0
0
VERTEX
8
AI4M_01_ATOM_NET
10
3726.51062
20
594.345207
30
0
0
VERTEX
8
AI4M_01_ATOM_NET
10
3737.498474
20
584.686012
30
0
0
VERTEX
8
AI4M_01_ATOM_NET
10
3744.641113
20
578.693771
30
0
0
VERTEX
8
AI4M_01_ATOM_NET
10
3751.424866
20
573.313179
30
0
0
VERTEX
8
AI4M_01_ATOM_NET
10
3757.991333
20
568.403664
30
0
0
VERTEX
8
AI4M_01_ATOM_NET
10
3764.311829
20
563.970528
30
0
0
VERTEX
8
AI4M_01_ATOM_NET
10
3770.340576
20
560.032082
30
0
0
VERTEX
8
AI4M_01_ATOM_NET
10
3775.477295
20
556.942406
30
0
0
VERTEX
8
AI4M_01_ATOM_NET
10
3780.200195
20
554.37748
30
0
0
VERTEX
8
AI4M_01_ATOM_NET
10
3784.571533
20
552.284164
30
0
0
VERTEX
8
AI4M_01_ATOM_NET
10
3789.472351
20
550.222092
30
0
0
VERTEX
8
AI4M_01_ATOM_NET
10
3794.714661
20
548.283195
30
0
0
VERTEX
8
AI4M_01_ATOM_NET
10
3805.681152
20
544.525681
30
0
0
VERTEX
8
AI4M_01_ATOM_NET
10
3807.358093
20
543.921585
30
0
0
SEQEND
8
AI4M_01_ATOM_NET
0
TEXT
8
AI4M_01_ATOM_NET
10
3589.440613
20
661.71463
30
0
40
2.5
1
AI4M_line_0262__seg_01_pattern_boundary_pattern_boundary
1001
AI4MANUFACTURING
1000
WRITEBACK_PHASE=01_ATOM_LABEL
1000
ENTITY_ID=line_0262__seg_01
999
AI4M_ENTITY=line_0263__seg_01;LINE_ROLE=construction;EDGE=construction_horizontal;SOURCE_LAYER=11
0
POLYLINE
8
AI4M_01_ATOM_INTERNAL
66
1
70
0
1001
AI4MANUFACTURING
1000
WRITEBACK_PHASE=01_ATOM
1000
ENTITY_ID=line_0263__seg_01
1000
SOURCE_HANDLE=9AA
1000
LINE_ROLE=construction
1000
EDGE=construction_horizontal
1000
CHAIN=chain_ms07ydmz
1000
PIECE_ID=
1000
SEAM_PAIR=
1000
PAIRED_CHAIN=
1000
NOTCH_CHAIN=
1000
NOTCH_SOURCE=
1000
PIECE_ROLE=unknown
1000
SEAM_ALLOWANCE_MM=
1000
SOURCE_LAYER=11
0
VERTEX
8
AI4M_01_ATOM_INTERNAL
10
3412.641907
20
536.706123
30
0
0
VERTEX
8
AI4M_01_ATOM_INTERNAL
10
3421.334534
20
538.878098
30
0
0
VERTEX
8
AI4M_01_ATOM_INTERNAL
10
3428.713074
20
540.634842
30
0
0
VERTEX
8
AI4M_01_ATOM_INTERNAL
10
3433.485413
20
542.040367
30
0
0
VERTEX
8
AI4M_01_ATOM_INTERNAL
10
3438.308105
20
543.718033
30
0
0
VERTEX
8
AI4M_01_ATOM_INTERNAL
10
3442.432251
20
545.403519
30
0
0
VERTEX
8
AI4M_01_ATOM_INTERNAL
10
3446.124573
20
547.17247
30
0
0
VERTEX
8
AI4M_01_ATOM_INTERNAL
10
3449.662476
20
549.142838
30
0
0
VERTEX
8
AI4M_01_ATOM_INTERNAL
10
3453.406677
20
551.520882
30
0
0
VERTEX
8
AI4M_01_ATOM_INTERNAL
10
3457.126465
20
554.184608
30
0
0
VERTEX
8
AI4M_01_ATOM_INTERNAL
10
3461.330872
20
557.52449
30
0
0
VERTEX
8
AI4M_01_ATOM_INTERNAL
10
3464.813843
20
560.572281
30
0
0
VERTEX
8
AI4M_01_ATOM_INTERNAL
10
3471.966858
20
567.578697
30
0
0
VERTEX
8
AI4M_01_ATOM_INTERNAL
10
3475.79895
20
571.757355
30
0
0
VERTEX
8
AI4M_01_ATOM_INTERNAL
10
3480.898132
20
577.716408
30
0
0
VERTEX
8
AI4M_01_ATOM_INTERNAL
10
3485.831299
20
583.871841
30
0
0
VERTEX
8
AI4M_01_ATOM_INTERNAL
10
3494.932556
20
595.801697
30
0
0
VERTEX
8
AI4M_01_ATOM_INTERNAL
10
3503.945313
20
607.857246
30
0
0
VERTEX
8
AI4M_01_ATOM_INTERNAL
10
3508.606262
20
613.971939
30
0
0
VERTEX
8
AI4M_01_ATOM_INTERNAL
10
3512.947083
20
619.240112
30
0
0
VERTEX
8
AI4M_01_ATOM_INTERNAL
10
3517.701721
20
624.632988
30
0
0
VERTEX
8
AI4M_01_ATOM_INTERNAL
10
3522.099304
20
629.267769
30
0
0
VERTEX
8
AI4M_01_ATOM_INTERNAL
10
3526.412048
20
633.462448
30
0
0
VERTEX
8
AI4M_01_ATOM_INTERNAL
10
3530.74646
20
637.340736
30
0
0
VERTEX
8
AI4M_01_ATOM_INTERNAL
10
3535.047302
20
640.869598
30
0
0
VERTEX
8
AI4M_01_ATOM_INTERNAL
10
3539.459534
20
644.174805
30
0
0
VERTEX
8
AI4M_01_ATOM_INTERNAL
10
3543.859253
20
647.168961
30
0
0
VERTEX
8
AI4M_01_ATOM_INTERNAL
10
3548.261414
20
649.879761
30
0
0
VERTEX
8
AI4M_01_ATOM_INTERNAL
10
3552.413635
20
652.16362
30
0
0
VERTEX
8
AI4M_01_ATOM_INTERNAL
10
3557.095947
20
654.440689
30
0
0
VERTEX
8
AI4M_01_ATOM_INTERNAL
10
3561.184692
20
656.207733
30
0
0
VERTEX
8
AI4M_01_ATOM_INTERNAL
10
3564.239807
20
657.277374
30
0
0
VERTEX
8
AI4M_01_ATOM_INTERNAL
10
3570.510254
20
659.202957
30
0
0
VERTEX
8
AI4M_01_ATOM_INTERNAL
10
3574.344482
20
660.083694
30
0
0
VERTEX
8
AI4M_01_ATOM_INTERNAL
10
3578.901672
20
660.864029
30
0
0
VERTEX
8
AI4M_01_ATOM_INTERNAL
10
3582.817383
20
661.2957
30
0
0
VERTEX
8
AI4M_01_ATOM_INTERNAL
10
3589.440613
20
661.71463
30
0
0
SEQEND
8
AI4M_01_ATOM_INTERNAL
0
TEXT
8
AI4M_01_ATOM_INTERNAL
10
3412.641907
20
536.706123
30
0
40
2.5
1
AI4M_line_0263__seg_01_construction_construction_horizontal
1001
AI4MANUFACTURING
1000
WRITEBACK_PHASE=01_ATOM_LABEL
1000
ENTITY_ID=line_0263__seg_01
999
AI4M_ENTITY=line_0264__seg_01;LINE_ROLE=construction;EDGE=construction_vertical;SOURCE_LAYER=11
0
POLYLINE
8
AI4M_01_ATOM_INTERNAL
66
1
70
0
1001
AI4MANUFACTURING
1000
WRITEBACK_PHASE=01_ATOM
1000
ENTITY_ID=line_0264__seg_01
1000
SOURCE_HANDLE=9D2
1000
LINE_ROLE=construction
1000
EDGE=construction_vertical
1000
CHAIN=chain_ms07ydmz
1000
PIECE_ID=
1000
SEAM_PAIR=
1000
PAIRED_CHAIN=
1000
NOTCH_CHAIN=
1000
NOTCH_SOURCE=
1000
PIECE_ROLE=unknown
1000
SEAM_ALLOWANCE_MM=
1000
SOURCE_LAYER=11
0
VERTEX
8
AI4M_01_ATOM_INTERNAL
10
3439.531555
20
100.285378
30
0
0
VERTEX
8
AI4M_01_ATOM_INTERNAL
10
3439.031677
20
115.956879
30
0
0
VERTEX
8
AI4M_01_ATOM_INTERNAL
10
3438.521423
20
131.055222
30
0
0
VERTEX
8
AI4M_01_ATOM_INTERNAL
10
3437.981567
20
146.109219
30
0
0
VERTEX
8
AI4M_01_ATOM_INTERNAL
10
3437.416687
20
161.162376
30
0
0
VERTEX
8
AI4M_01_ATOM_INTERNAL
10
3436.812744
20
176.737385
30
0
0
VERTEX
8
AI4M_01_ATOM_INTERNAL
10
3436.206055
20
191.789036
30
0
0
VERTEX
8
AI4M_01_ATOM_INTERNAL
10
3435.560303
20
206.838951
30
0
0
VERTEX
8
AI4M_01_ATOM_INTERNAL
10
3434.872437
20
221.600761
30
0
0
VERTEX
8
AI4M_01_ATOM_INTERNAL
10
3434.081421
20
237.24699
30
0
0
VERTEX
8
AI4M_01_ATOM_INTERNAL
10
3433.304749
20
252.418079
30
0
0
VERTEX
8
AI4M_01_ATOM_INTERNAL
10
3432.542419
20
267.462502
30
0
0
VERTEX
8
AI4M_01_ATOM_INTERNAL
10
3431.724548
20
282.563591
30
0
0
VERTEX
8
AI4M_01_ATOM_INTERNAL
10
3430.844727
20
297.601624
30
0
0
VERTEX
8
AI4M_01_ATOM_INTERNAL
10
3429.914856
20
312.636776
30
0
0
VERTEX
8
AI4M_01_ATOM_INTERNAL
10
3428.945618
20
327.739487
30
0
0
VERTEX
8
AI4M_01_ATOM_INTERNAL
10
3427.954712
20
342.770576
30
0
0
VERTEX
8
AI4M_01_ATOM_INTERNAL
10
3426.940002
20
357.800064
30
0
0
VERTEX
8
AI4M_01_ATOM_INTERNAL
10
3425.903625
20
372.828102
30
0
0
VERTEX
8
AI4M_01_ATOM_INTERNAL
10
3424.841003
20
387.90062
30
0
0
VERTEX
8
AI4M_01_ATOM_INTERNAL
10
3423.746033
20
402.924614
30
0
0
VERTEX
8
AI4M_01_ATOM_INTERNAL
10
3422.599182
20
417.944603
30
0
0
VERTEX
8
AI4M_01_ATOM_INTERNAL
10
3421.426086
20
432.545815
30
0
0
VERTEX
8
AI4M_01_ATOM_INTERNAL
10
3420.17334
20
448.161964
30
0
0
VERTEX
8
AI4M_01_ATOM_INTERNAL
10
3418.967285
20
463.177338
30
0
0
VERTEX
8
AI4M_01_ATOM_INTERNAL
10
3417.695313
20
478.548241
30
0
0
VERTEX
8
AI4M_01_ATOM_INTERNAL
10
3416.399536
20
493.556137
30
0
0
VERTEX
8
AI4M_01_ATOM_INTERNAL
10
3415.055847
20
508.883553
30
0
0
VERTEX
8
AI4M_01_ATOM_INTERNAL
10
3413.735657
20
524.048042
30
0
0
VERTEX
8
AI4M_01_ATOM_INTERNAL
10
3412.641907
20
536.706123
30
0
0
SEQEND
8
AI4M_01_ATOM_INTERNAL
0
TEXT
8
AI4M_01_ATOM_INTERNAL
10
3439.531555
20
100.285378
30
0
40
2.5
1
AI4M_line_0264__seg_01_construction_construction_vertical
1001
AI4MANUFACTURING
1000
WRITEBACK_PHASE=01_ATOM_LABEL
1000
ENTITY_ID=line_0264__seg_01
999
AI4M_ENTITY=line_0265__seg_01;LINE_ROLE=construction;EDGE=construction_vertical;SOURCE_LAYER=11
0
POLYLINE
8
AI4M_01_ATOM_INTERNAL
66
1
70
0
1001
AI4MANUFACTURING
1000
WRITEBACK_PHASE=01_ATOM
1000
ENTITY_ID=line_0265__seg_01
1000
SOURCE_HANDLE=9F3
1000
LINE_ROLE=construction
1000
EDGE=construction_vertical
1000
CHAIN=chain_ms07ydmz
1000
PIECE_ID=
1000
SEAM_PAIR=
1000
PAIRED_CHAIN=
1000
NOTCH_CHAIN=
1000
NOTCH_SOURCE=
1000
PIECE_ROLE=unknown
1000
SEAM_ALLOWANCE_MM=
1000
SOURCE_LAYER=11
0
VERTEX
8
AI4M_01_ATOM_INTERNAL
10
3438.817444
20
78.285379
30
0
0
VERTEX
8
AI4M_01_ATOM_INTERNAL
10
3439.330444
20
93.530617
30
0
0
VERTEX
8
AI4M_01_ATOM_INTERNAL
10
3439.531555
20
100.285378
30
0
0
SEQEND
8
AI4M_01_ATOM_INTERNAL
0
TEXT
8
AI4M_01_ATOM_INTERNAL
10
3438.817444
20
78.285379
30
0
40
2.5
1
AI4M_line_0265__seg_01_construction_construction_vertical
1001
AI4MANUFACTURING
1000
WRITEBACK_PHASE=01_ATOM_LABEL
1000
ENTITY_ID=line_0265__seg_01
999
AI4M_ENTITY=line_0266;LINE_ROLE=construction;EDGE=construction_horizontal;SOURCE_LAYER=11
0
POLYLINE
8
AI4M_01_ATOM_INTERNAL
66
1
70
0
1001
AI4MANUFACTURING
1000
WRITEBACK_PHASE=01_ATOM
1000
ENTITY_ID=line_0266
1000
SOURCE_HANDLE=9F9
1000
LINE_ROLE=construction
1000
EDGE=construction_horizontal
1000
CHAIN=chain_ms07ydmz
1000
PIECE_ID=
1000
SEAM_PAIR=
1000
PAIRED_CHAIN=
1000
NOTCH_CHAIN=
1000
NOTCH_SOURCE=
1000
PIECE_ROLE=unknown
1000
SEAM_ALLOWANCE_MM=
1000
SOURCE_LAYER=11
0
VERTEX
8
AI4M_01_ATOM_INTERNAL
10
3606.342468
20
371.616135
30
0
0
VERTEX
8
AI4M_01_ATOM_INTERNAL
10
3606.342468
20
202.283649
30
0
0
SEQEND
8
AI4M_01_ATOM_INTERNAL
0
TEXT
8
AI4M_01_ATOM_INTERNAL
10
3606.342468
20
371.616135
30
0
40
2.5
1
AI4M_line_0266_construction_construction_horizontal
1001
AI4MANUFACTURING
1000
WRITEBACK_PHASE=01_ATOM_LABEL
1000
ENTITY_ID=line_0266
999
AI4M_ENTITY=line_0267;LINE_ROLE=construction;EDGE=construction_vertical;SOURCE_LAYER=11
0
POLYLINE
8
AI4M_01_ATOM_INTERNAL
66
1
70
0
1001
AI4MANUFACTURING
1000
WRITEBACK_PHASE=01_ATOM
1000
ENTITY_ID=line_0267
1000
SOURCE_HANDLE=9FA
1000
LINE_ROLE=construction
1000
EDGE=construction_vertical
1000
CHAIN=chain_ms07ydmz
1000
PIECE_ID=
1000
SEAM_PAIR=
1000
PAIRED_CHAIN=
1000
NOTCH_CHAIN=
1000
NOTCH_SOURCE=
1000
PIECE_ROLE=unknown
1000
SEAM_ALLOWANCE_MM=
1000
SOURCE_LAYER=11
0
VERTEX
8
AI4M_01_ATOM_INTERNAL
10
3606.342468
20
202.283649
30
0
0
VERTEX
8
AI4M_01_ATOM_INTERNAL
10
3609.726115
20
221.995345
30
0
0
SEQEND
8
AI4M_01_ATOM_INTERNAL
0
TEXT
8
AI4M_01_ATOM_INTERNAL
10
3606.342468
20
202.283649
30
0
40
2.5
1
AI4M_line_0267_construction_construction_vertical
1001
AI4MANUFACTURING
1000
WRITEBACK_PHASE=01_ATOM_LABEL
1000
ENTITY_ID=line_0267
999
AI4M_ENTITY=line_0268;LINE_ROLE=construction;EDGE=construction_vertical;SOURCE_LAYER=11
0
POLYLINE
8
AI4M_01_ATOM_INTERNAL
66
1
70
0
1001
AI4MANUFACTURING
1000
WRITEBACK_PHASE=01_ATOM
1000
ENTITY_ID=line_0268
1000
SOURCE_HANDLE=9FB
1000
LINE_ROLE=construction
1000
EDGE=construction_vertical
1000
CHAIN=chain_ms07ydmz
1000
PIECE_ID=
1000
SEAM_PAIR=
1000
PAIRED_CHAIN=
1000
NOTCH_CHAIN=
1000
NOTCH_SOURCE=
1000
PIECE_ROLE=unknown
1000
SEAM_ALLOWANCE_MM=
1000
SOURCE_LAYER=11
0
VERTEX
8
AI4M_01_ATOM_INTERNAL
10
3606.342468
20
202.283649
30
0
0
VERTEX
8
AI4M_01_ATOM_INTERNAL
10
3606.342468
20
202.283649
30
0
0
SEQEND
8
AI4M_01_ATOM_INTERNAL
0
TEXT
8
AI4M_01_ATOM_INTERNAL
10
3606.342468
20
202.283649
30
0
40
2.5
1
AI4M_line_0268_construction_construction_vertical
1001
AI4MANUFACTURING
1000
WRITEBACK_PHASE=01_ATOM_LABEL
1000
ENTITY_ID=line_0268
999
AI4M_ENTITY=line_0143;LINE_ROLE=construction;EDGE=construction_vertical;SOURCE_LAYER=11
0
POLYLINE
8
AI4M_01_ATOM_INTERNAL
66
1
70
0
1001
AI4MANUFACTURING
1000
WRITEBACK_PHASE=01_ATOM
1000
ENTITY_ID=line_0143
1000
SOURCE_HANDLE=671
1000
LINE_ROLE=construction
1000
EDGE=construction_vertical
1000
CHAIN=piece_39_left_construction_vertical
1000
PIECE_ID=piece_39
1000
SEAM_PAIR=
1000
PAIRED_CHAIN=
1000
NOTCH_CHAIN=
1000
NOTCH_SOURCE=
1000
PIECE_ROLE=unknown
1000
SEAM_ALLOWANCE_MM=
1000
SOURCE_LAYER=11
0
VERTEX
8
AI4M_01_ATOM_INTERNAL
10
2892.237244
20
77.694917
30
0
0
VERTEX
8
AI4M_01_ATOM_INTERNAL
10
2895.880737
20
100.000029
30
0
0
SEQEND
8
AI4M_01_ATOM_INTERNAL
0
TEXT
8
AI4M_01_ATOM_INTERNAL
10
2892.237244
20
77.694917
30
0
40
2.5
1
AI4M_line_0143_construction_construction_vertical
1001
AI4MANUFACTURING
1000
WRITEBACK_PHASE=01_ATOM_LABEL
1000
ENTITY_ID=line_0143
999
AI4M_ENTITY=line_0144;LINE_ROLE=armhole_back;EDGE=armhole_back;SOURCE_LAYER=11
0
POLYLINE
8
AI4M_01_ATOM_INTERNAL
66
1
70
0
1001
AI4MANUFACTURING
1000
WRITEBACK_PHASE=01_ATOM
1000
ENTITY_ID=line_0144
1000
SOURCE_HANDLE=676
1000
LINE_ROLE=armhole_back
1000
EDGE=armhole_back
1000
CHAIN=piece_39_left_armhole_back
1000
PIECE_ID=piece_39
1000
SEAM_PAIR=
1000
PAIRED_CHAIN=
1000
NOTCH_CHAIN=
1000
NOTCH_SOURCE=
1000
PIECE_ROLE=unknown
1000
SEAM_ALLOWANCE_MM=
1000
SOURCE_LAYER=11
0
VERTEX
8
AI4M_01_ATOM_INTERNAL
10
2895.880737
20
100.000029
30
0
0
VERTEX
8
AI4M_01_ATOM_INTERNAL
10
2892.237244
20
122.305088
30
0
0
SEQEND
8
AI4M_01_ATOM_INTERNAL
0
TEXT
8
AI4M_01_ATOM_INTERNAL
10
2895.880737
20
100.000029
30
0
40
2.5
1
AI4M_line_0144_armhole_back_armhole_back
1001
AI4MANUFACTURING
1000
WRITEBACK_PHASE=01_ATOM_LABEL
1000
ENTITY_ID=line_0144
999
AI4M_ENTITY=line_0147;LINE_ROLE=neckline;EDGE=neckline;SOURCE_LAYER=11
0
POLYLINE
8
AI4M_01_ATOM_INTERNAL
66
1
70
0
1001
AI4MANUFACTURING
1000
WRITEBACK_PHASE=01_ATOM
1000
ENTITY_ID=line_0147
1000
SOURCE_HANDLE=685
1000
LINE_ROLE=neckline
1000
EDGE=neckline
1000
CHAIN=piece_39_bottom_neckline
1000
PIECE_ID=piece_39
1000
SEAM_PAIR=
1000
PAIRED_CHAIN=
1000
NOTCH_CHAIN=
1000
NOTCH_SOURCE=
1000
PIECE_ROLE=unknown
1000
SEAM_ALLOWANCE_MM=
1000
SOURCE_LAYER=11
0
VERTEX
8
AI4M_01_ATOM_INTERNAL
10
3065.499878
20
122.305088
30
0
0
VERTEX
8
AI4M_01_ATOM_INTERNAL
10
3107.5
20
122.305088
30
0
0
SEQEND
8
AI4M_01_ATOM_INTERNAL
0
TEXT
8
AI4M_01_ATOM_INTERNAL
10
3065.499878
20
122.305088
30
0
40
2.5
1
AI4M_line_0147_neckline_neckline
1001
AI4MANUFACTURING
1000
WRITEBACK_PHASE=01_ATOM_LABEL
1000
ENTITY_ID=line_0147
999
AI4M_ENTITY=line_0148;LINE_ROLE=neckline;EDGE=neckline;SOURCE_LAYER=11
0
POLYLINE
8
AI4M_01_ATOM_INTERNAL
66
1
70
0
1001
AI4MANUFACTURING
1000
WRITEBACK_PHASE=01_ATOM
1000
ENTITY_ID=line_0148
1000
SOURCE_HANDLE=68A
1000
LINE_ROLE=neckline
1000
EDGE=neckline
1000
CHAIN=piece_39_bottom_neckline
1000
PIECE_ID=piece_39
1000
SEAM_PAIR=
1000
PAIRED_CHAIN=
1000
NOTCH_CHAIN=
1000
NOTCH_SOURCE=
1000
PIECE_ROLE=unknown
1000
SEAM_ALLOWANCE_MM=
1000
SOURCE_LAYER=11
0
VERTEX
8
AI4M_01_ATOM_INTERNAL
10
3107.5
20
122.305088
30
0
0
VERTEX
8
AI4M_01_ATOM_INTERNAL
10
3167.000122
20
122.305088
30
0
0
SEQEND
8
AI4M_01_ATOM_INTERNAL
0
TEXT
8
AI4M_01_ATOM_INTERNAL
10
3107.5
20
122.305088
30
0
40
2.5
1
AI4M_line_0148_neckline_neckline
1001
AI4MANUFACTURING
1000
WRITEBACK_PHASE=01_ATOM_LABEL
1000
ENTITY_ID=line_0148
999
AI4M_ENTITY=line_0152;LINE_ROLE=armhole_back;EDGE=armhole_back;SOURCE_LAYER=11
0
POLYLINE
8
AI4M_01_ATOM_INTERNAL
66
1
70
0
1001
AI4MANUFACTURING
1000
WRITEBACK_PHASE=01_ATOM
1000
ENTITY_ID=line_0152
1000
SOURCE_HANDLE=69E
1000
LINE_ROLE=armhole_back
1000
EDGE=armhole_back
1000
CHAIN=piece_39_right_armhole_back
1000
PIECE_ID=piece_39
1000
SEAM_PAIR=
1000
PAIRED_CHAIN=
1000
NOTCH_CHAIN=
1000
NOTCH_SOURCE=
1000
PIECE_ROLE=unknown
1000
SEAM_ALLOWANCE_MM=
1000
SOURCE_LAYER=11
0
VERTEX
8
AI4M_01_ATOM_INTERNAL
10
3287.762756
20
122.305088
30
0
0
VERTEX
8
AI4M_01_ATOM_INTERNAL
10
3284.119263
20
100.000029
30
0
0
SEQEND
8
AI4M_01_ATOM_INTERNAL
0
TEXT
8
AI4M_01_ATOM_INTERNAL
10
3287.762756
20
122.305088
30
0
40
2.5
1
AI4M_line_0152_armhole_back_armhole_back
1001
AI4MANUFACTURING
1000
WRITEBACK_PHASE=01_ATOM_LABEL
1000
ENTITY_ID=line_0152
999
AI4M_ENTITY=line_0153__seg_01;LINE_ROLE=construction;EDGE=construction_vertical;SOURCE_LAYER=11
0
POLYLINE
8
AI4M_01_ATOM_INTERNAL
66
1
70
0
1001
AI4MANUFACTURING
1000
WRITEBACK_PHASE=01_ATOM
1000
ENTITY_ID=line_0153__seg_01
1000
SOURCE_HANDLE=6A3
1000
LINE_ROLE=construction
1000
EDGE=construction_vertical
1000
CHAIN=piece_39_right_construction_vertical
1000
PIECE_ID=piece_39
1000
SEAM_PAIR=
1000
PAIRED_CHAIN=
1000
NOTCH_CHAIN=
1000
NOTCH_SOURCE=
1000
PIECE_ROLE=unknown
1000
SEAM_ALLOWANCE_MM=
1000
SOURCE_LAYER=11
0
VERTEX
8
AI4M_01_ATOM_INTERNAL
10
3284.119263
20
100.000029
30
0
0
VERTEX
8
AI4M_01_ATOM_INTERNAL
10
3285.213318
20
93.302402
30
0
0
VERTEX
8
AI4M_01_ATOM_INTERNAL
10
3287.762756
20
77.694917
30
0
0
SEQEND
8
AI4M_01_ATOM_INTERNAL
0
TEXT
8
AI4M_01_ATOM_INTERNAL
10
3284.119263
20
100.000029
30
0
40
2.5
1
AI4M_line_0153__seg_01_construction_construction_vertical
1001
AI4MANUFACTURING
1000
WRITEBACK_PHASE=01_ATOM_LABEL
1000
ENTITY_ID=line_0153__seg_01
999
AI4M_ENTITY=line_0154;LINE_ROLE=construction;EDGE=construction_horizontal;SOURCE_LAYER=11
0
POLYLINE
8
AI4M_01_ATOM_INTERNAL
66
1
70
0
1001
AI4MANUFACTURING
1000
WRITEBACK_PHASE=01_ATOM
1000
ENTITY_ID=line_0154
1000
SOURCE_HANDLE=6A9
1000
LINE_ROLE=construction
1000
EDGE=construction_horizontal
1000
CHAIN=chain_ms07ylht
1000
PIECE_ID=
1000
SEAM_PAIR=
1000
PAIRED_CHAIN=
1000
NOTCH_CHAIN=
1000
NOTCH_SOURCE=
1000
PIECE_ROLE=unknown
1000
SEAM_ALLOWANCE_MM=
1000
SOURCE_LAYER=11
0
VERTEX
8
AI4M_01_ATOM_INTERNAL
10
3287.680596
20
93.705561
30
0
0
VERTEX
8
AI4M_01_ATOM_INTERNAL
10
3282.746038
20
92.899253
30
0
0
SEQEND
8
AI4M_01_ATOM_INTERNAL
0
TEXT
8
AI4M_01_ATOM_INTERNAL
10
3287.680596
20
93.705561
30
0
40
2.5
1
AI4M_line_0154_construction_construction_horizontal
1001
AI4MANUFACTURING
1000
WRITEBACK_PHASE=01_ATOM_LABEL
1000
ENTITY_ID=line_0154
999
AI4M_ENTITY=line_0155;LINE_ROLE=hem_line;EDGE=hem_line;SOURCE_LAYER=11
0
POLYLINE
8
AI4M_01_ATOM_INTERNAL
66
1
70
0
1001
AI4MANUFACTURING
1000
WRITEBACK_PHASE=01_ATOM
1000
ENTITY_ID=line_0155
1000
SOURCE_HANDLE=6AA
1000
LINE_ROLE=hem_line
1000
EDGE=hem_line
1000
CHAIN=piece_39_right_hem
1000
PIECE_ID=piece_39
1000
SEAM_PAIR=
1000
PAIRED_CHAIN=
1000
NOTCH_CHAIN=
1000
NOTCH_SOURCE=
1000
PIECE_ROLE=unknown
1000
SEAM_ALLOWANCE_MM=
1000
SOURCE_LAYER=11
0
VERTEX
8
AI4M_01_ATOM_INTERNAL
10
3287.762756
20
77.694917
30
0
0
VERTEX
8
AI4M_01_ATOM_INTERNAL
10
3268.500061
20
77.694917
30
0
0
SEQEND
8
AI4M_01_ATOM_INTERNAL
0
TEXT
8
AI4M_01_ATOM_INTERNAL
10
3287.762756
20
77.694917
30
0
40
2.5
1
AI4M_line_0155_hem_line_hem_line
1001
AI4MANUFACTURING
1000
WRITEBACK_PHASE=01_ATOM_LABEL
1000
ENTITY_ID=line_0155
999
AI4M_ENTITY=line_0156;LINE_ROLE=construction;EDGE=construction_vertical;SOURCE_LAYER=11
0
POLYLINE
8
AI4M_01_ATOM_INTERNAL
66
1
70
0
1001
AI4MANUFACTURING
1000
WRITEBACK_PHASE=01_ATOM
1000
ENTITY_ID=line_0156
1000
SOURCE_HANDLE=6AF
1000
LINE_ROLE=construction
1000
EDGE=construction_vertical
1000
CHAIN=piece_39_right_construction_vertical
1000
PIECE_ID=piece_39
1000
SEAM_PAIR=
1000
PAIRED_CHAIN=
1000
NOTCH_CHAIN=
1000
NOTCH_SOURCE=
1000
PIECE_ROLE=unknown
1000
SEAM_ALLOWANCE_MM=
1000
SOURCE_LAYER=11
0
VERTEX
8
AI4M_01_ATOM_INTERNAL
10
3268.500061
20
75.194917
30
0
0
VERTEX
8
AI4M_01_ATOM_INTERNAL
10
3268.500061
20
80.194917
30
0
0
SEQEND
8
AI4M_01_ATOM_INTERNAL
0
TEXT
8
AI4M_01_ATOM_INTERNAL
10
3268.500061
20
75.194917
30
0
40
2.5
1
AI4M_line_0156_construction_construction_vertical
1001
AI4MANUFACTURING
1000
WRITEBACK_PHASE=01_ATOM_LABEL
1000
ENTITY_ID=line_0156
999
AI4M_ENTITY=line_0157;LINE_ROLE=hem_line;EDGE=hem_line;SOURCE_LAYER=11
0
POLYLINE
8
AI4M_01_ATOM_INTERNAL
66
1
70
0
1001
AI4MANUFACTURING
1000
WRITEBACK_PHASE=01_ATOM
1000
ENTITY_ID=line_0157
1000
SOURCE_HANDLE=6B0
1000
LINE_ROLE=hem_line
1000
EDGE=hem_line
1000
CHAIN=piece_39_top_hem
1000
PIECE_ID=piece_39
1000
SEAM_PAIR=
1000
PAIRED_CHAIN=
1000
NOTCH_CHAIN=
1000
NOTCH_SOURCE=
1000
PIECE_ROLE=unknown
1000
SEAM_ALLOWANCE_MM=
1000
SOURCE_LAYER=11
0
VERTEX
8
AI4M_01_ATOM_INTERNAL
10
3268.500061
20
77.694917
30
0
0
VERTEX
8
AI4M_01_ATOM_INTERNAL
10
3226.499939
20
77.694917
30
0
0
SEQEND
8
AI4M_01_ATOM_INTERNAL
0
TEXT
8
AI4M_01_ATOM_INTERNAL
10
3268.500061
20
77.694917
30
0
40
2.5
1
AI4M_line_0157_hem_line_hem_line
1001
AI4MANUFACTURING
1000
WRITEBACK_PHASE=01_ATOM_LABEL
1000
ENTITY_ID=line_0157
999
AI4M_ENTITY=line_0158;LINE_ROLE=construction;EDGE=construction_vertical;SOURCE_LAYER=11
0
POLYLINE
8
AI4M_01_ATOM_INTERNAL
66
1
70
0
1001
AI4MANUFACTURING
1000
WRITEBACK_PHASE=01_ATOM
1000
ENTITY_ID=line_0158
1000
SOURCE_HANDLE=6B5
1000
LINE_ROLE=construction
1000
EDGE=construction_vertical
1000
CHAIN=piece_39_top_construction_vertical
1000
PIECE_ID=piece_39
1000
SEAM_PAIR=
1000
PAIRED_CHAIN=
1000
NOTCH_CHAIN=
1000
NOTCH_SOURCE=
1000
PIECE_ROLE=unknown
1000
SEAM_ALLOWANCE_MM=
1000
SOURCE_LAYER=11
0
VERTEX
8
AI4M_01_ATOM_INTERNAL
10
3226.500063
20
75.194917
30
0
0
VERTEX
8
AI4M_01_ATOM_INTERNAL
10
3226.500063
20
80.194917
30
0
0
SEQEND
8
AI4M_01_ATOM_INTERNAL
0
TEXT
8
AI4M_01_ATOM_INTERNAL
10
3226.500063
20
75.194917
30
0
40
2.5
1
AI4M_line_0158_construction_construction_vertical
1001
AI4MANUFACTURING
1000
WRITEBACK_PHASE=01_ATOM_LABEL
1000
ENTITY_ID=line_0158
999
AI4M_ENTITY=line_0159;LINE_ROLE=hem_line;EDGE=hem_line;SOURCE_LAYER=11
0
POLYLINE
8
AI4M_01_ATOM_INTERNAL
66
1
70
0
1001
AI4MANUFACTURING
1000
WRITEBACK_PHASE=01_ATOM
1000
ENTITY_ID=line_0159
1000
SOURCE_HANDLE=6B6
1000
LINE_ROLE=hem_line
1000
EDGE=hem_line
1000
CHAIN=piece_39_top_hem
1000
PIECE_ID=piece_39
1000
SEAM_PAIR=
1000
PAIRED_CHAIN=
1000
NOTCH_CHAIN=
1000
NOTCH_SOURCE=
1000
PIECE_ROLE=unknown
1000
SEAM_ALLOWANCE_MM=
1000
SOURCE_LAYER=11
0
VERTEX
8
AI4M_01_ATOM_INTERNAL
10
3226.499939
20
77.694917
30
0
0
VERTEX
8
AI4M_01_ATOM_INTERNAL
10
3167.000122
20
77.694917
30
0
0
SEQEND
8
AI4M_01_ATOM_INTERNAL
0
TEXT
8
AI4M_01_ATOM_INTERNAL
10
3226.499939
20
77.694917
30
0
40
2.5
1
AI4M_line_0159_hem_line_hem_line
1001
AI4MANUFACTURING
1000
WRITEBACK_PHASE=01_ATOM_LABEL
1000
ENTITY_ID=line_0159
999
AI4M_ENTITY=line_0160;LINE_ROLE=construction;EDGE=construction_vertical;SOURCE_LAYER=11
0
POLYLINE
8
AI4M_01_ATOM_INTERNAL
66
1
70
0
1001
AI4MANUFACTURING
1000
WRITEBACK_PHASE=01_ATOM
1000
ENTITY_ID=line_0160
1000
SOURCE_HANDLE=6BB
1000
LINE_ROLE=construction
1000
EDGE=construction_vertical
1000
CHAIN=piece_39_top_construction_vertical
1000
PIECE_ID=piece_39
1000
SEAM_PAIR=
1000
PAIRED_CHAIN=
1000
NOTCH_CHAIN=
1000
NOTCH_SOURCE=
1000
PIECE_ROLE=unknown
1000
SEAM_ALLOWANCE_MM=
1000
SOURCE_LAYER=11
0
VERTEX
8
AI4M_01_ATOM_INTERNAL
10
3166.999941
20
75.194917
30
0
0
VERTEX
8
AI4M_01_ATOM_INTERNAL
10
3166.999941
20
80.194917
30
0
0
SEQEND
8
AI4M_01_ATOM_INTERNAL
0
TEXT
8
AI4M_01_ATOM_INTERNAL
10
3166.999941
20
75.194917
30
0
40
2.5
1
AI4M_line_0160_construction_construction_vertical
1001
AI4MANUFACTURING
1000
WRITEBACK_PHASE=01_ATOM_LABEL
1000
ENTITY_ID=line_0160
999
AI4M_ENTITY=line_0161;LINE_ROLE=hem_line;EDGE=hem_line;SOURCE_LAYER=11
0
POLYLINE
8
AI4M_01_ATOM_INTERNAL
66
1
70
0
1001
AI4MANUFACTURING
1000
WRITEBACK_PHASE=01_ATOM
1000
ENTITY_ID=line_0161
1000
SOURCE_HANDLE=6BC
1000
LINE_ROLE=hem_line
1000
EDGE=hem_line
1000
CHAIN=piece_39_top_hem
1000
PIECE_ID=piece_39
1000
SEAM_PAIR=
1000
PAIRED_CHAIN=
1000
NOTCH_CHAIN=
1000
NOTCH_SOURCE=
1000
PIECE_ROLE=unknown
1000
SEAM_ALLOWANCE_MM=
1000
SOURCE_LAYER=11
0
VERTEX
8
AI4M_01_ATOM_INTERNAL
10
3167.000122
20
77.694917
30
0
0
VERTEX
8
AI4M_01_ATOM_INTERNAL
10
3107.5
20
77.694917
30
0
0
SEQEND
8
AI4M_01_ATOM_INTERNAL
0
TEXT
8
AI4M_01_ATOM_INTERNAL
10
3167.000122
20
77.694917
30
0
40
2.5
1
AI4M_line_0161_hem_line_hem_line
1001
AI4MANUFACTURING
1000
WRITEBACK_PHASE=01_ATOM_LABEL
1000
ENTITY_ID=line_0161
999
AI4M_ENTITY=line_0162;LINE_ROLE=construction;EDGE=construction_vertical;SOURCE_LAYER=11
0
POLYLINE
8
AI4M_01_ATOM_INTERNAL
66
1
70
0
1001
AI4MANUFACTURING
1000
WRITEBACK_PHASE=01_ATOM
1000
ENTITY_ID=line_0162
1000
SOURCE_HANDLE=6C1
1000
LINE_ROLE=construction
1000
EDGE=construction_vertical
1000
CHAIN=piece_39_top_construction_vertical
1000
PIECE_ID=piece_39
1000
SEAM_PAIR=
1000
PAIRED_CHAIN=
1000
NOTCH_CHAIN=
1000
NOTCH_SOURCE=
1000
PIECE_ROLE=unknown
1000
SEAM_ALLOWANCE_MM=
1000
SOURCE_LAYER=11
0
VERTEX
8
AI4M_01_ATOM_INTERNAL
10
3107.500091
20
75.194917
30
0
0
VERTEX
8
AI4M_01_ATOM_INTERNAL
10
3107.500091
20
80.194917
30
0
0
SEQEND
8
AI4M_01_ATOM_INTERNAL
0
TEXT
8
AI4M_01_ATOM_INTERNAL
10
3107.500091
20
75.194917
30
0
40
2.5
1
AI4M_line_0162_construction_construction_vertical
1001
AI4MANUFACTURING
1000
WRITEBACK_PHASE=01_ATOM_LABEL
1000
ENTITY_ID=line_0162
999
AI4M_ENTITY=line_0163;LINE_ROLE=hem_line;EDGE=hem_line;SOURCE_LAYER=11
0
POLYLINE
8
AI4M_01_ATOM_INTERNAL
66
1
70
0
1001
AI4MANUFACTURING
1000
WRITEBACK_PHASE=01_ATOM
1000
ENTITY_ID=line_0163
1000
SOURCE_HANDLE=6C2
1000
LINE_ROLE=hem_line
1000
EDGE=hem_line
1000
CHAIN=piece_39_top_hem
1000
PIECE_ID=piece_39
1000
SEAM_PAIR=
1000
PAIRED_CHAIN=
1000
NOTCH_CHAIN=
1000
NOTCH_SOURCE=
1000
PIECE_ROLE=unknown
1000
SEAM_ALLOWANCE_MM=
1000
SOURCE_LAYER=11
0
VERTEX
8
AI4M_01_ATOM_INTERNAL
10
3107.5
20
77.694917
30
0
0
VERTEX
8
AI4M_01_ATOM_INTERNAL
10
3065.499878
20
77.694917
30
0
0
SEQEND
8
AI4M_01_ATOM_INTERNAL
0
TEXT
8
AI4M_01_ATOM_INTERNAL
10
3107.5
20
77.694917
30
0
40
2.5
1
AI4M_line_0163_hem_line_hem_line
1001
AI4MANUFACTURING
1000
WRITEBACK_PHASE=01_ATOM_LABEL
1000
ENTITY_ID=line_0163
999
AI4M_ENTITY=line_0164;LINE_ROLE=construction;EDGE=construction_vertical;SOURCE_LAYER=11
0
POLYLINE
8
AI4M_01_ATOM_INTERNAL
66
1
70
0
1001
AI4MANUFACTURING
1000
WRITEBACK_PHASE=01_ATOM
1000
ENTITY_ID=line_0164
1000
SOURCE_HANDLE=6C7
1000
LINE_ROLE=construction
1000
EDGE=construction_vertical
1000
CHAIN=piece_39_top_construction_vertical
1000
PIECE_ID=piece_39
1000
SEAM_PAIR=
1000
PAIRED_CHAIN=
1000
NOTCH_CHAIN=
1000
NOTCH_SOURCE=
1000
PIECE_ROLE=unknown
1000
SEAM_ALLOWANCE_MM=
1000
SOURCE_LAYER=11
0
VERTEX
8
AI4M_01_ATOM_INTERNAL
10
3065.500002
20
75.194917
30
0
0
VERTEX
8
AI4M_01_ATOM_INTERNAL
10
3065.500002
20
80.194917
30
0
0
SEQEND
8
AI4M_01_ATOM_INTERNAL
0
TEXT
8
AI4M_01_ATOM_INTERNAL
10
3065.500002
20
75.194917
30
0
40
2.5
1
AI4M_line_0164_construction_construction_vertical
1001
AI4MANUFACTURING
1000
WRITEBACK_PHASE=01_ATOM_LABEL
1000
ENTITY_ID=line_0164
999
AI4M_ENTITY=line_0165;LINE_ROLE=hem_line;EDGE=hem_line;SOURCE_LAYER=11
0
POLYLINE
8
AI4M_01_ATOM_INTERNAL
66
1
70
0
1001
AI4MANUFACTURING
1000
WRITEBACK_PHASE=01_ATOM
1000
ENTITY_ID=line_0165
1000
SOURCE_HANDLE=6C8
1000
LINE_ROLE=hem_line
1000
EDGE=hem_line
1000
CHAIN=piece_39_top_hem
1000
PIECE_ID=piece_39
1000
SEAM_PAIR=
1000
PAIRED_CHAIN=
1000
NOTCH_CHAIN=
1000
NOTCH_SOURCE=
1000
PIECE_ROLE=unknown
1000
SEAM_ALLOWANCE_MM=
1000
SOURCE_LAYER=11
0
VERTEX
8
AI4M_01_ATOM_INTERNAL
10
3065.499878
20
77.694917
30
0
0
VERTEX
8
AI4M_01_ATOM_INTERNAL
10
2979.500122
20
77.694917
30
0
0
SEQEND
8
AI4M_01_ATOM_INTERNAL
0
TEXT
8
AI4M_01_ATOM_INTERNAL
10
3065.499878
20
77.694917
30
0
40
2.5
1
AI4M_line_0165_hem_line_hem_line
1001
AI4MANUFACTURING
1000
WRITEBACK_PHASE=01_ATOM_LABEL
1000
ENTITY_ID=line_0165
999
AI4M_ENTITY=line_0166;LINE_ROLE=construction;EDGE=construction_vertical;SOURCE_LAYER=11
0
POLYLINE
8
AI4M_01_ATOM_INTERNAL
66
1
70
0
1001
AI4MANUFACTURING
1000
WRITEBACK_PHASE=01_ATOM
1000
ENTITY_ID=line_0166
1000
SOURCE_HANDLE=6CD
1000
LINE_ROLE=construction
1000
EDGE=construction_vertical
1000
CHAIN=piece_39_top_construction_vertical
1000
PIECE_ID=piece_39
1000
SEAM_PAIR=
1000
PAIRED_CHAIN=
1000
NOTCH_CHAIN=
1000
NOTCH_SOURCE=
1000
PIECE_ROLE=unknown
1000
SEAM_ALLOWANCE_MM=
1000
SOURCE_LAYER=11
0
VERTEX
8
AI4M_01_ATOM_INTERNAL
10
2979.499874
20
75.194917
30
0
0
VERTEX
8
AI4M_01_ATOM_INTERNAL
10
2979.499874
20
80.194917
30
0
0
SEQEND
8
AI4M_01_ATOM_INTERNAL
0
TEXT
8
AI4M_01_ATOM_INTERNAL
10
2979.499874
20
75.194917
30
0
40
2.5
1
AI4M_line_0166_construction_construction_vertical
1001
AI4MANUFACTURING
1000
WRITEBACK_PHASE=01_ATOM_LABEL
1000
ENTITY_ID=line_0166
999
AI4M_ENTITY=line_0167;LINE_ROLE=hem_line;EDGE=hem_line;SOURCE_LAYER=11
0
POLYLINE
8
AI4M_01_ATOM_INTERNAL
66
1
70
0
1001
AI4MANUFACTURING
1000
WRITEBACK_PHASE=01_ATOM
1000
ENTITY_ID=line_0167
1000
SOURCE_HANDLE=6CE
1000
LINE_ROLE=hem_line
1000
EDGE=hem_line
1000
CHAIN=piece_39_top_hem
1000
PIECE_ID=piece_39
1000
SEAM_PAIR=
1000
PAIRED_CHAIN=
1000
NOTCH_CHAIN=
1000
NOTCH_SOURCE=
1000
PIECE_ROLE=unknown
1000
SEAM_ALLOWANCE_MM=
1000
SOURCE_LAYER=11
0
VERTEX
8
AI4M_01_ATOM_INTERNAL
10
2979.500122
20
77.694917
30
0
0
VERTEX
8
AI4M_01_ATOM_INTERNAL
10
2892.237244
20
77.694917
30
0
0
SEQEND
8
AI4M_01_ATOM_INTERNAL
0
TEXT
8
AI4M_01_ATOM_INTERNAL
10
2979.500122
20
77.694917
30
0
40
2.5
1
AI4M_line_0167_hem_line_hem_line
1001
AI4MANUFACTURING
1000
WRITEBACK_PHASE=01_ATOM_LABEL
1000
ENTITY_ID=line_0167
999
AI4M_ENTITY=line_0168;LINE_ROLE=construction;EDGE=construction_vertical;SOURCE_LAYER=11
0
POLYLINE
8
AI4M_01_ATOM_INTERNAL
66
1
70
0
1001
AI4MANUFACTURING
1000
WRITEBACK_PHASE=01_ATOM
1000
ENTITY_ID=line_0168
1000
SOURCE_HANDLE=6D3
1000
LINE_ROLE=construction
1000
EDGE=construction_vertical
1000
CHAIN=chain_ms07ylht
1000
PIECE_ID=
1000
SEAM_PAIR=
1000
PAIRED_CHAIN=
1000
NOTCH_CHAIN=
1000
NOTCH_SOURCE=
1000
PIECE_ROLE=unknown
1000
SEAM_ALLOWANCE_MM=
1000
SOURCE_LAYER=11
0
VERTEX
8
AI4M_01_ATOM_INTERNAL
10
2902.5
20
84.69492
30
0
0
VERTEX
8
AI4M_01_ATOM_INTERNAL
10
2905
20
100.000029
30
0
0
SEQEND
8
AI4M_01_ATOM_INTERNAL
0
TEXT
8
AI4M_01_ATOM_INTERNAL
10
2902.5
20
84.69492
30
0
40
2.5
1
AI4M_line_0168_construction_construction_vertical
1001
AI4MANUFACTURING
1000
WRITEBACK_PHASE=01_ATOM_LABEL
1000
ENTITY_ID=line_0168
999
AI4M_ENTITY=line_0169;LINE_ROLE=construction;EDGE=construction_vertical;SOURCE_LAYER=11
0
POLYLINE
8
AI4M_01_ATOM_INTERNAL
66
1
70
0
1001
AI4MANUFACTURING
1000
WRITEBACK_PHASE=01_ATOM
1000
ENTITY_ID=line_0169
1000
SOURCE_HANDLE=6D8
1000
LINE_ROLE=construction
1000
EDGE=construction_vertical
1000
CHAIN=chain_ms07ylht
1000
PIECE_ID=
1000
SEAM_PAIR=
1000
PAIRED_CHAIN=
1000
NOTCH_CHAIN=
1000
NOTCH_SOURCE=
1000
PIECE_ROLE=unknown
1000
SEAM_ALLOWANCE_MM=
1000
SOURCE_LAYER=11
0
VERTEX
8
AI4M_01_ATOM_INTERNAL
10
2905
20
100.000029
30
0
0
VERTEX
8
AI4M_01_ATOM_INTERNAL
10
2902.5
20
115.30508
30
0
0
SEQEND
8
AI4M_01_ATOM_INTERNAL
0
TEXT
8
AI4M_01_ATOM_INTERNAL
10
2905
20
100.000029
30
0
40
2.5
1
AI4M_line_0169_construction_construction_vertical
1001
AI4MANUFACTURING
1000
WRITEBACK_PHASE=01_ATOM_LABEL
1000
ENTITY_ID=line_0169
999
AI4M_ENTITY=line_0170;LINE_ROLE=construction;EDGE=construction_horizontal;SOURCE_LAYER=11
0
POLYLINE
8
AI4M_01_ATOM_INTERNAL
66
1
70
0
1001
AI4MANUFACTURING
1000
WRITEBACK_PHASE=01_ATOM
1000
ENTITY_ID=line_0170
1000
SOURCE_HANDLE=6DD
1000
LINE_ROLE=construction
1000
EDGE=construction_horizontal
1000
CHAIN=chain_ms07ylht
1000
PIECE_ID=
1000
SEAM_PAIR=
1000
PAIRED_CHAIN=
1000
NOTCH_CHAIN=
1000
NOTCH_SOURCE=
1000
PIECE_ROLE=unknown
1000
SEAM_ALLOWANCE_MM=
1000
SOURCE_LAYER=11
0
VERTEX
8
AI4M_01_ATOM_INTERNAL
10
2902.5
20
115.30508
30
0
0
VERTEX
8
AI4M_01_ATOM_INTERNAL
10
2979.500122
20
115.30508
30
0
0
SEQEND
8
AI4M_01_ATOM_INTERNAL
0
TEXT
8
AI4M_01_ATOM_INTERNAL
10
2902.5
20
115.30508
30
0
40
2.5
1
AI4M_line_0170_construction_construction_horizontal
1001
AI4MANUFACTURING
1000
WRITEBACK_PHASE=01_ATOM_LABEL
1000
ENTITY_ID=line_0170
999
AI4M_ENTITY=line_0171;LINE_ROLE=construction;EDGE=construction_horizontal;SOURCE_LAYER=11
0
POLYLINE
8
AI4M_01_ATOM_INTERNAL
66
1
70
0
1001
AI4MANUFACTURING
1000
WRITEBACK_PHASE=01_ATOM
1000
ENTITY_ID=line_0171
1000
SOURCE_HANDLE=6E2
1000
LINE_ROLE=construction
1000
EDGE=construction_horizontal
1000
CHAIN=chain_ms07ylht
1000
PIECE_ID=
1000
SEAM_PAIR=
1000
PAIRED_CHAIN=
1000
NOTCH_CHAIN=
1000
NOTCH_SOURCE=
1000
PIECE_ROLE=unknown
1000
SEAM_ALLOWANCE_MM=
1000
SOURCE_LAYER=11
0
VERTEX
8
AI4M_01_ATOM_INTERNAL
10
2979.500122
20
115.30508
30
0
0
VERTEX
8
AI4M_01_ATOM_INTERNAL
10
3065.499878
20
115.30508
30
0
0
SEQEND
8
AI4M_01_ATOM_INTERNAL
0
TEXT
8
AI4M_01_ATOM_INTERNAL
10
2979.500122
20
115.30508
30
0
40
2.5
1
AI4M_line_0171_construction_construction_horizontal
1001
AI4MANUFACTURING
1000
WRITEBACK_PHASE=01_ATOM_LABEL
1000
ENTITY_ID=line_0171
999
AI4M_ENTITY=line_0172;LINE_ROLE=construction;EDGE=construction_horizontal;SOURCE_LAYER=11
0
POLYLINE
8
AI4M_01_ATOM_INTERNAL
66
1
70
0
1001
AI4MANUFACTURING
1000
WRITEBACK_PHASE=01_ATOM
1000
ENTITY_ID=line_0172
1000
SOURCE_HANDLE=6E7
1000
LINE_ROLE=construction
1000
EDGE=construction_horizontal
1000
CHAIN=chain_ms07ylht
1000
PIECE_ID=
1000
SEAM_PAIR=
1000
PAIRED_CHAIN=
1000
NOTCH_CHAIN=
1000
NOTCH_SOURCE=
1000
PIECE_ROLE=unknown
1000
SEAM_ALLOWANCE_MM=
1000
SOURCE_LAYER=11
0
VERTEX
8
AI4M_01_ATOM_INTERNAL
10
3065.499878
20
115.30508
30
0
0
VERTEX
8
AI4M_01_ATOM_INTERNAL
10
3107.5
20
115.30508
30
0
0
SEQEND
8
AI4M_01_ATOM_INTERNAL
0
TEXT
8
AI4M_01_ATOM_INTERNAL
10
3065.499878
20
115.30508
30
0
40
2.5
1
AI4M_line_0172_construction_construction_horizontal
1001
AI4MANUFACTURING
1000
WRITEBACK_PHASE=01_ATOM_LABEL
1000
ENTITY_ID=line_0172
999
AI4M_ENTITY=line_0173;LINE_ROLE=construction;EDGE=construction_horizontal;SOURCE_LAYER=11
0
POLYLINE
8
AI4M_01_ATOM_INTERNAL
66
1
70
0
1001
AI4MANUFACTURING
1000
WRITEBACK_PHASE=01_ATOM
1000
ENTITY_ID=line_0173
1000
SOURCE_HANDLE=6EC
1000
LINE_ROLE=construction
1000
EDGE=construction_horizontal
1000
CHAIN=chain_ms07ylht
1000
PIECE_ID=
1000
SEAM_PAIR=
1000
PAIRED_CHAIN=
1000
NOTCH_CHAIN=
1000
NOTCH_SOURCE=
1000
PIECE_ROLE=unknown
1000
SEAM_ALLOWANCE_MM=
1000
SOURCE_LAYER=11
0
VERTEX
8
AI4M_01_ATOM_INTERNAL
10
3107.5
20
115.30508
30
0
0
VERTEX
8
AI4M_01_ATOM_INTERNAL
10
3167.000122
20
115.30508
30
0
0
SEQEND
8
AI4M_01_ATOM_INTERNAL
0
TEXT
8
AI4M_01_ATOM_INTERNAL
10
3107.5
20
115.30508
30
0
40
2.5
1
AI4M_line_0173_construction_construction_horizontal
1001
AI4MANUFACTURING
1000
WRITEBACK_PHASE=01_ATOM_LABEL
1000
ENTITY_ID=line_0173
999
AI4M_ENTITY=line_0174;LINE_ROLE=construction;EDGE=construction_horizontal;SOURCE_LAYER=11
0
POLYLINE
8
AI4M_01_ATOM_INTERNAL
66
1
70
0
1001
AI4MANUFACTURING
1000
WRITEBACK_PHASE=01_ATOM
1000
ENTITY_ID=line_0174
1000
SOURCE_HANDLE=6F1
1000
LINE_ROLE=construction
1000
EDGE=construction_horizontal
1000
CHAIN=chain_ms07ylht
1000
PIECE_ID=
1000
SEAM_PAIR=
1000
PAIRED_CHAIN=
1000
NOTCH_CHAIN=
1000
NOTCH_SOURCE=
1000
PIECE_ROLE=unknown
1000
SEAM_ALLOWANCE_MM=
1000
SOURCE_LAYER=11
0
VERTEX
8
AI4M_01_ATOM_INTERNAL
10
3167.000122
20
115.30508
30
0
0
VERTEX
8
AI4M_01_ATOM_INTERNAL
10
3226.499939
20
115.30508
30
0
0
SEQEND
8
AI4M_01_ATOM_INTERNAL
0
TEXT
8
AI4M_01_ATOM_INTERNAL
10
3167.000122
20
115.30508
30
0
40
2.5
1
AI4M_line_0174_construction_construction_horizontal
1001
AI4MANUFACTURING
1000
WRITEBACK_PHASE=01_ATOM_LABEL
1000
ENTITY_ID=line_0174
999
AI4M_ENTITY=line_0175;LINE_ROLE=construction;EDGE=construction_horizontal;SOURCE_LAYER=11
0
POLYLINE
8
AI4M_01_ATOM_INTERNAL
66
1
70
0
1001
AI4MANUFACTURING
1000
WRITEBACK_PHASE=01_ATOM
1000
ENTITY_ID=line_0175
1000
SOURCE_HANDLE=6F6
1000
LINE_ROLE=construction
1000
EDGE=construction_horizontal
1000
CHAIN=chain_ms07ylht
1000
PIECE_ID=
1000
SEAM_PAIR=
1000
PAIRED_CHAIN=
1000
NOTCH_CHAIN=
1000
NOTCH_SOURCE=
1000
PIECE_ROLE=unknown
1000
SEAM_ALLOWANCE_MM=
1000
SOURCE_LAYER=11
0
VERTEX
8
AI4M_01_ATOM_INTERNAL
10
3226.499939
20
115.30508
30
0
0
VERTEX
8
AI4M_01_ATOM_INTERNAL
10
3268.500061
20
115.30508
30
0
0
SEQEND
8
AI4M_01_ATOM_INTERNAL
0
TEXT
8
AI4M_01_ATOM_INTERNAL
10
3226.499939
20
115.30508
30
0
40
2.5
1
AI4M_line_0175_construction_construction_horizontal
1001
AI4MANUFACTURING
1000
WRITEBACK_PHASE=01_ATOM_LABEL
1000
ENTITY_ID=line_0175
999
AI4M_ENTITY=line_0176;LINE_ROLE=construction;EDGE=construction_horizontal;SOURCE_LAYER=11
0
POLYLINE
8
AI4M_01_ATOM_INTERNAL
66
1
70
0
1001
AI4MANUFACTURING
1000
WRITEBACK_PHASE=01_ATOM
1000
ENTITY_ID=line_0176
1000
SOURCE_HANDLE=6FB
1000
LINE_ROLE=construction
1000
EDGE=construction_horizontal
1000
CHAIN=chain_ms07ylht
1000
PIECE_ID=
1000
SEAM_PAIR=
1000
PAIRED_CHAIN=
1000
NOTCH_CHAIN=
1000
NOTCH_SOURCE=
1000
PIECE_ROLE=unknown
1000
SEAM_ALLOWANCE_MM=
1000
SOURCE_LAYER=11
0
VERTEX
8
AI4M_01_ATOM_INTERNAL
10
3268.500061
20
115.30508
30
0
0
VERTEX
8
AI4M_01_ATOM_INTERNAL
10
3277.5
20
115.30508
30
0
0
SEQEND
8
AI4M_01_ATOM_INTERNAL
0
TEXT
8
AI4M_01_ATOM_INTERNAL
10
3268.500061
20
115.30508
30
0
40
2.5
1
AI4M_line_0176_construction_construction_horizontal
1001
AI4MANUFACTURING
1000
WRITEBACK_PHASE=01_ATOM_LABEL
1000
ENTITY_ID=line_0176
999
AI4M_ENTITY=line_0177;LINE_ROLE=construction;EDGE=construction_vertical;SOURCE_LAYER=11
0
POLYLINE
8
AI4M_01_ATOM_INTERNAL
66
1
70
0
1001
AI4MANUFACTURING
1000
WRITEBACK_PHASE=01_ATOM
1000
ENTITY_ID=line_0177
1000
SOURCE_HANDLE=700
1000
LINE_ROLE=construction
1000
EDGE=construction_vertical
1000
CHAIN=chain_ms07ylht
1000
PIECE_ID=
1000
SEAM_PAIR=
1000
PAIRED_CHAIN=
1000
NOTCH_CHAIN=
1000
NOTCH_SOURCE=
1000
PIECE_ROLE=unknown
1000
SEAM_ALLOWANCE_MM=
1000
SOURCE_LAYER=11
0
VERTEX
8
AI4M_01_ATOM_INTERNAL
10
3277.5
20
115.30508
30
0
0
VERTEX
8
AI4M_01_ATOM_INTERNAL
10
3275
20
100.000029
30
0
0
SEQEND
8
AI4M_01_ATOM_INTERNAL
0
TEXT
8
AI4M_01_ATOM_INTERNAL
10
3277.5
20
115.30508
30
0
40
2.5
1
AI4M_line_0177_construction_construction_vertical
1001
AI4MANUFACTURING
1000
WRITEBACK_PHASE=01_ATOM_LABEL
1000
ENTITY_ID=line_0177
999
AI4M_ENTITY=line_0178__seg_01;LINE_ROLE=construction;EDGE=construction_vertical;SOURCE_LAYER=11
0
POLYLINE
8
AI4M_01_ATOM_INTERNAL
66
1
70
0
1001
AI4MANUFACTURING
1000
WRITEBACK_PHASE=01_ATOM
1000
ENTITY_ID=line_0178__seg_01
1000
SOURCE_HANDLE=705
1000
LINE_ROLE=construction
1000
EDGE=construction_vertical
1000
CHAIN=chain_ms07ylht
1000
PIECE_ID=
1000
SEAM_PAIR=
1000
PAIRED_CHAIN=
1000
NOTCH_CHAIN=
1000
NOTCH_SOURCE=
1000
PIECE_ROLE=unknown
1000
SEAM_ALLOWANCE_MM=
1000
SOURCE_LAYER=11
0
VERTEX
8
AI4M_01_ATOM_INTERNAL
10
3275
20
100.000029
30
0
0
VERTEX
8
AI4M_01_ATOM_INTERNAL
10
3276.330872
20
91.851473
30
0
0
VERTEX
8
AI4M_01_ATOM_INTERNAL
10
3277.5
20
84.69492
30
0
0
SEQEND
8
AI4M_01_ATOM_INTERNAL
0
TEXT
8
AI4M_01_ATOM_INTERNAL
10
3275
20
100.000029
30
0
40
2.5
1
AI4M_line_0178__seg_01_construction_construction_vertical
1001
AI4MANUFACTURING
1000
WRITEBACK_PHASE=01_ATOM_LABEL
1000
ENTITY_ID=line_0178__seg_01
999
AI4M_ENTITY=line_0179;LINE_ROLE=construction;EDGE=construction_horizontal;SOURCE_LAYER=11
0
POLYLINE
8
AI4M_01_ATOM_INTERNAL
66
1
70
0
1001
AI4MANUFACTURING
1000
WRITEBACK_PHASE=01_ATOM
1000
ENTITY_ID=line_0179
1000
SOURCE_HANDLE=70B
1000
LINE_ROLE=construction
1000
EDGE=construction_horizontal
1000
CHAIN=chain_ms07ylht
1000
PIECE_ID=
1000
SEAM_PAIR=
1000
PAIRED_CHAIN=
1000
NOTCH_CHAIN=
1000
NOTCH_SOURCE=
1000
PIECE_ROLE=unknown
1000
SEAM_ALLOWANCE_MM=
1000
SOURCE_LAYER=11
0
VERTEX
8
AI4M_01_ATOM_INTERNAL
10
3278.798161
20
92.254562
30
0
0
VERTEX
8
AI4M_01_ATOM_INTERNAL
10
3273.863589
20
91.448338
30
0
0
SEQEND
8
AI4M_01_ATOM_INTERNAL
0
TEXT
8
AI4M_01_ATOM_INTERNAL
10
3278.798161
20
92.254562
30
0
40
2.5
1
AI4M_line_0179_construction_construction_horizontal
1001
AI4MANUFACTURING
1000
WRITEBACK_PHASE=01_ATOM_LABEL
1000
ENTITY_ID=line_0179
999
AI4M_ENTITY=line_0180;LINE_ROLE=construction;EDGE=construction_horizontal;SOURCE_LAYER=11
0
POLYLINE
8
AI4M_01_ATOM_INTERNAL
66
1
70
0
1001
AI4MANUFACTURING
1000
WRITEBACK_PHASE=01_ATOM
1000
ENTITY_ID=line_0180
1000
SOURCE_HANDLE=70C
1000
LINE_ROLE=construction
1000
EDGE=construction_horizontal
1000
CHAIN=chain_ms07ylht
1000
PIECE_ID=
1000
SEAM_PAIR=
1000
PAIRED_CHAIN=
1000
NOTCH_CHAIN=
1000
NOTCH_SOURCE=
1000
PIECE_ROLE=unknown
1000
SEAM_ALLOWANCE_MM=
1000
SOURCE_LAYER=11
0
VERTEX
8
AI4M_01_ATOM_INTERNAL
10
3277.5
20
84.69492
30
0
0
VERTEX
8
AI4M_01_ATOM_INTERNAL
10
3268.500061
20
84.69492
30
0
0
SEQEND
8
AI4M_01_ATOM_INTERNAL
0
TEXT
8
AI4M_01_ATOM_INTERNAL
10
3277.5
20
84.69492
30
0
40
2.5
1
AI4M_line_0180_construction_construction_horizontal
1001
AI4MANUFACTURING
1000
WRITEBACK_PHASE=01_ATOM_LABEL
1000
ENTITY_ID=line_0180
999
AI4M_ENTITY=line_0181;LINE_ROLE=construction;EDGE=construction_vertical;SOURCE_LAYER=11
0
POLYLINE
8
AI4M_01_ATOM_INTERNAL
66
1
70
0
1001
AI4MANUFACTURING
1000
WRITEBACK_PHASE=01_ATOM
1000
ENTITY_ID=line_0181
1000
SOURCE_HANDLE=711
1000
LINE_ROLE=construction
1000
EDGE=construction_vertical
1000
CHAIN=chain_ms07ylht
1000
PIECE_ID=
1000
SEAM_PAIR=
1000
PAIRED_CHAIN=
1000
NOTCH_CHAIN=
1000
NOTCH_SOURCE=
1000
PIECE_ROLE=unknown
1000
SEAM_ALLOWANCE_MM=
1000
SOURCE_LAYER=11
0
VERTEX
8
AI4M_01_ATOM_INTERNAL
10
3268.5
20
82.19492
30
0
0
VERTEX
8
AI4M_01_ATOM_INTERNAL
10
3268.5
20
87.19492
30
0
0
SEQEND
8
AI4M_01_ATOM_INTERNAL
0
TEXT
8
AI4M_01_ATOM_INTERNAL
10
3268.5
20
82.19492
30
0
40
2.5
1
AI4M_line_0181_construction_construction_vertical
1001
AI4MANUFACTURING
1000
WRITEBACK_PHASE=01_ATOM_LABEL
1000
ENTITY_ID=line_0181
999
AI4M_ENTITY=line_0182;LINE_ROLE=construction;EDGE=construction_horizontal;SOURCE_LAYER=11
0
POLYLINE
8
AI4M_01_ATOM_INTERNAL
66
1
70
0
1001
AI4MANUFACTURING
1000
WRITEBACK_PHASE=01_ATOM
1000
ENTITY_ID=line_0182
1000
SOURCE_HANDLE=712
1000
LINE_ROLE=construction
1000
EDGE=construction_horizontal
1000
CHAIN=chain_ms07ylht
1000
PIECE_ID=
1000
SEAM_PAIR=
1000
PAIRED_CHAIN=
1000
NOTCH_CHAIN=
1000
NOTCH_SOURCE=
1000
PIECE_ROLE=unknown
1000
SEAM_ALLOWANCE_MM=
1000
SOURCE_LAYER=11
0
VERTEX
8
AI4M_01_ATOM_INTERNAL
10
3268.500061
20
84.69492
30
0
0
VERTEX
8
AI4M_01_ATOM_INTERNAL
10
3226.499939
20
84.69492
30
0
0
SEQEND
8
AI4M_01_ATOM_INTERNAL
0
TEXT
8
AI4M_01_ATOM_INTERNAL
10
3268.500061
20
84.69492
30
0
40
2.5
1
AI4M_line_0182_construction_construction_horizontal
1001
AI4MANUFACTURING
1000
WRITEBACK_PHASE=01_ATOM_LABEL
1000
ENTITY_ID=line_0182
999
AI4M_ENTITY=line_0183;LINE_ROLE=construction;EDGE=construction_vertical;SOURCE_LAYER=11
0
POLYLINE
8
AI4M_01_ATOM_INTERNAL
66
1
70
0
1001
AI4MANUFACTURING
1000
WRITEBACK_PHASE=01_ATOM
1000
ENTITY_ID=line_0183
1000
SOURCE_HANDLE=717
1000
LINE_ROLE=construction
1000
EDGE=construction_vertical
1000
CHAIN=chain_ms07ylht
1000
PIECE_ID=
1000
SEAM_PAIR=
1000
PAIRED_CHAIN=
1000
NOTCH_CHAIN=
1000
NOTCH_SOURCE=
1000
PIECE_ROLE=unknown
1000
SEAM_ALLOWANCE_MM=
1000
SOURCE_LAYER=11
0
VERTEX
8
AI4M_01_ATOM_INTERNAL
10
3226.500063
20
82.19492
30
0
0
VERTEX
8
AI4M_01_ATOM_INTERNAL
10
3226.500063
20
87.19492
30
0
0
SEQEND
8
AI4M_01_ATOM_INTERNAL
0
TEXT
8
AI4M_01_ATOM_INTERNAL
10
3226.500063
20
82.19492
30
0
40
2.5
1
AI4M_line_0183_construction_construction_vertical
1001
AI4MANUFACTURING
1000
WRITEBACK_PHASE=01_ATOM_LABEL
1000
ENTITY_ID=line_0183
999
AI4M_ENTITY=line_0184;LINE_ROLE=construction;EDGE=construction_horizontal;SOURCE_LAYER=11
0
POLYLINE
8
AI4M_01_ATOM_INTERNAL
66
1
70
0
1001
AI4MANUFACTURING
1000
WRITEBACK_PHASE=01_ATOM
1000
ENTITY_ID=line_0184
1000
SOURCE_HANDLE=718
1000
LINE_ROLE=construction
1000
EDGE=construction_horizontal
1000
CHAIN=chain_ms07ylht
1000
PIECE_ID=
1000
SEAM_PAIR=
1000
PAIRED_CHAIN=
1000
NOTCH_CHAIN=
1000
NOTCH_SOURCE=
1000
PIECE_ROLE=unknown
1000
SEAM_ALLOWANCE_MM=
1000
SOURCE_LAYER=11
0
VERTEX
8
AI4M_01_ATOM_INTERNAL
10
3226.499939
20
84.69492
30
0
0
VERTEX
8
AI4M_01_ATOM_INTERNAL
10
3167.000122
20
84.69492
30
0
0
SEQEND
8
AI4M_01_ATOM_INTERNAL
0
TEXT
8
AI4M_01_ATOM_INTERNAL
10
3226.499939
20
84.69492
30
0
40
2.5
1
AI4M_line_0184_construction_construction_horizontal
1001
AI4MANUFACTURING
1000
WRITEBACK_PHASE=01_ATOM_LABEL
1000
ENTITY_ID=line_0184
999
AI4M_ENTITY=line_0185;LINE_ROLE=construction;EDGE=construction_vertical;SOURCE_LAYER=11
0
POLYLINE
8
AI4M_01_ATOM_INTERNAL
66
1
70
0
1001
AI4MANUFACTURING
1000
WRITEBACK_PHASE=01_ATOM
1000
ENTITY_ID=line_0185
1000
SOURCE_HANDLE=71D
1000
LINE_ROLE=construction
1000
EDGE=construction_vertical
1000
CHAIN=chain_ms07ylht
1000
PIECE_ID=
1000
SEAM_PAIR=
1000
PAIRED_CHAIN=
1000
NOTCH_CHAIN=
1000
NOTCH_SOURCE=
1000
PIECE_ROLE=unknown
1000
SEAM_ALLOWANCE_MM=
1000
SOURCE_LAYER=11
0
VERTEX
8
AI4M_01_ATOM_INTERNAL
10
3166.999941
20
82.19492
30
0
0
VERTEX
8
AI4M_01_ATOM_INTERNAL
10
3166.999941
20
87.19492
30
0
0
SEQEND
8
AI4M_01_ATOM_INTERNAL
0
TEXT
8
AI4M_01_ATOM_INTERNAL
10
3166.999941
20
82.19492
30
0
40
2.5
1
AI4M_line_0185_construction_construction_vertical
1001
AI4MANUFACTURING
1000
WRITEBACK_PHASE=01_ATOM_LABEL
1000
ENTITY_ID=line_0185
999
AI4M_ENTITY=line_0186;LINE_ROLE=construction;EDGE=construction_horizontal;SOURCE_LAYER=11
0
POLYLINE
8
AI4M_01_ATOM_INTERNAL
66
1
70
0
1001
AI4MANUFACTURING
1000
WRITEBACK_PHASE=01_ATOM
1000
ENTITY_ID=line_0186
1000
SOURCE_HANDLE=71E
1000
LINE_ROLE=construction
1000
EDGE=construction_horizontal
1000
CHAIN=chain_ms07ylht
1000
PIECE_ID=
1000
SEAM_PAIR=
1000
PAIRED_CHAIN=
1000
NOTCH_CHAIN=
1000
NOTCH_SOURCE=
1000
PIECE_ROLE=unknown
1000
SEAM_ALLOWANCE_MM=
1000
SOURCE_LAYER=11
0
VERTEX
8
AI4M_01_ATOM_INTERNAL
10
3167.000122
20
84.69492
30
0
0
VERTEX
8
AI4M_01_ATOM_INTERNAL
10
3107.5
20
84.69492
30
0
0
SEQEND
8
AI4M_01_ATOM_INTERNAL
0
TEXT
8
AI4M_01_ATOM_INTERNAL
10
3167.000122
20
84.69492
30
0
40
2.5
1
AI4M_line_0186_construction_construction_horizontal
1001
AI4MANUFACTURING
1000
WRITEBACK_PHASE=01_ATOM_LABEL
1000
ENTITY_ID=line_0186
999
AI4M_ENTITY=line_0187;LINE_ROLE=construction;EDGE=construction_vertical;SOURCE_LAYER=11
0
POLYLINE
8
AI4M_01_ATOM_INTERNAL
66
1
70
0
1001
AI4MANUFACTURING
1000
WRITEBACK_PHASE=01_ATOM
1000
ENTITY_ID=line_0187
1000
SOURCE_HANDLE=723
1000
LINE_ROLE=construction
1000
EDGE=construction_vertical
1000
CHAIN=chain_ms07ylht
1000
PIECE_ID=
1000
SEAM_PAIR=
1000
PAIRED_CHAIN=
1000
NOTCH_CHAIN=
1000
NOTCH_SOURCE=
1000
PIECE_ROLE=unknown
1000
SEAM_ALLOWANCE_MM=
1000
SOURCE_LAYER=11
0
VERTEX
8
AI4M_01_ATOM_INTERNAL
10
3107.500091
20
82.19492
30
0
0
VERTEX
8
AI4M_01_ATOM_INTERNAL
10
3107.500091
20
87.19492
30
0
0
SEQEND
8
AI4M_01_ATOM_INTERNAL
0
TEXT
8
AI4M_01_ATOM_INTERNAL
10
3107.500091
20
82.19492
30
0
40
2.5
1
AI4M_line_0187_construction_construction_vertical
1001
AI4MANUFACTURING
1000
WRITEBACK_PHASE=01_ATOM_LABEL
1000
ENTITY_ID=line_0187
999
AI4M_ENTITY=line_0188;LINE_ROLE=construction;EDGE=construction_horizontal;SOURCE_LAYER=11
0
POLYLINE
8
AI4M_01_ATOM_INTERNAL
66
1
70
0
1001
AI4MANUFACTURING
1000
WRITEBACK_PHASE=01_ATOM
1000
ENTITY_ID=line_0188
1000
SOURCE_HANDLE=724
1000
LINE_ROLE=construction
1000
EDGE=construction_horizontal
1000
CHAIN=chain_ms07ylht
1000
PIECE_ID=
1000
SEAM_PAIR=
1000
PAIRED_CHAIN=
1000
NOTCH_CHAIN=
1000
NOTCH_SOURCE=
1000
PIECE_ROLE=unknown
1000
SEAM_ALLOWANCE_MM=
1000
SOURCE_LAYER=11
0
VERTEX
8
AI4M_01_ATOM_INTERNAL
10
3107.5
20
84.69492
30
0
0
VERTEX
8
AI4M_01_ATOM_INTERNAL
10
3065.499878
20
84.69492
30
0
0
SEQEND
8
AI4M_01_ATOM_INTERNAL
0
TEXT
8
AI4M_01_ATOM_INTERNAL
10
3107.5
20
84.69492
30
0
40
2.5
1
AI4M_line_0188_construction_construction_horizontal
1001
AI4MANUFACTURING
1000
WRITEBACK_PHASE=01_ATOM_LABEL
1000
ENTITY_ID=line_0188
999
AI4M_ENTITY=line_0189;LINE_ROLE=construction;EDGE=construction_vertical;SOURCE_LAYER=11
0
POLYLINE
8
AI4M_01_ATOM_INTERNAL
66
1
70
0
1001
AI4MANUFACTURING
1000
WRITEBACK_PHASE=01_ATOM
1000
ENTITY_ID=line_0189
1000
SOURCE_HANDLE=729
1000
LINE_ROLE=construction
1000
EDGE=construction_vertical
1000
CHAIN=chain_ms07ylht
1000
PIECE_ID=
1000
SEAM_PAIR=
1000
PAIRED_CHAIN=
1000
NOTCH_CHAIN=
1000
NOTCH_SOURCE=
1000
PIECE_ROLE=unknown
1000
SEAM_ALLOWANCE_MM=
1000
SOURCE_LAYER=11
0
VERTEX
8
AI4M_01_ATOM_INTERNAL
10
3065.500002
20
82.19492
30
0
0
VERTEX
8
AI4M_01_ATOM_INTERNAL
10
3065.500002
20
87.19492
30
0
0
SEQEND
8
AI4M_01_ATOM_INTERNAL
0
TEXT
8
AI4M_01_ATOM_INTERNAL
10
3065.500002
20
82.19492
30
0
40
2.5
1
AI4M_line_0189_construction_construction_vertical
1001
AI4MANUFACTURING
1000
WRITEBACK_PHASE=01_ATOM_LABEL
1000
ENTITY_ID=line_0189
999
AI4M_ENTITY=line_0190;LINE_ROLE=construction;EDGE=construction_horizontal;SOURCE_LAYER=11
0
POLYLINE
8
AI4M_01_ATOM_INTERNAL
66
1
70
0
1001
AI4MANUFACTURING
1000
WRITEBACK_PHASE=01_ATOM
1000
ENTITY_ID=line_0190
1000
SOURCE_HANDLE=72A
1000
LINE_ROLE=construction
1000
EDGE=construction_horizontal
1000
CHAIN=chain_ms07ylht
1000
PIECE_ID=
1000
SEAM_PAIR=
1000
PAIRED_CHAIN=
1000
NOTCH_CHAIN=
1000
NOTCH_SOURCE=
1000
PIECE_ROLE=unknown
1000
SEAM_ALLOWANCE_MM=
1000
SOURCE_LAYER=11
0
VERTEX
8
AI4M_01_ATOM_INTERNAL
10
3065.499878
20
84.69492
30
0
0
VERTEX
8
AI4M_01_ATOM_INTERNAL
10
2979.500122
20
84.69492
30
0
0
SEQEND
8
AI4M_01_ATOM_INTERNAL
0
TEXT
8
AI4M_01_ATOM_INTERNAL
10
3065.499878
20
84.69492
30
0
40
2.5
1
AI4M_line_0190_construction_construction_horizontal
1001
AI4MANUFACTURING
1000
WRITEBACK_PHASE=01_ATOM_LABEL
1000
ENTITY_ID=line_0190
999
AI4M_ENTITY=line_0191;LINE_ROLE=construction;EDGE=construction_vertical;SOURCE_LAYER=11
0
POLYLINE
8
AI4M_01_ATOM_INTERNAL
66
1
70
0
1001
AI4MANUFACTURING
1000
WRITEBACK_PHASE=01_ATOM
1000
ENTITY_ID=line_0191
1000
SOURCE_HANDLE=72F
1000
LINE_ROLE=construction
1000
EDGE=construction_vertical
1000
CHAIN=chain_ms07ylht
1000
PIECE_ID=
1000
SEAM_PAIR=
1000
PAIRED_CHAIN=
1000
NOTCH_CHAIN=
1000
NOTCH_SOURCE=
1000
PIECE_ROLE=unknown
1000
SEAM_ALLOWANCE_MM=
1000
SOURCE_LAYER=11
0
VERTEX
8
AI4M_01_ATOM_INTERNAL
10
2979.499874
20
82.19492
30
0
0
VERTEX
8
AI4M_01_ATOM_INTERNAL
10
2979.499874
20
87.19492
30
0
0
SEQEND
8
AI4M_01_ATOM_INTERNAL
0
TEXT
8
AI4M_01_ATOM_INTERNAL
10
2979.499874
20
82.19492
30
0
40
2.5
1
AI4M_line_0191_construction_construction_vertical
1001
AI4MANUFACTURING
1000
WRITEBACK_PHASE=01_ATOM_LABEL
1000
ENTITY_ID=line_0191
999
AI4M_ENTITY=line_0192;LINE_ROLE=construction;EDGE=construction_horizontal;SOURCE_LAYER=11
0
POLYLINE
8
AI4M_01_ATOM_INTERNAL
66
1
70
0
1001
AI4MANUFACTURING
1000
WRITEBACK_PHASE=01_ATOM
1000
ENTITY_ID=line_0192
1000
SOURCE_HANDLE=730
1000
LINE_ROLE=construction
1000
EDGE=construction_horizontal
1000
CHAIN=chain_ms07ylht
1000
PIECE_ID=
1000
SEAM_PAIR=
1000
PAIRED_CHAIN=
1000
NOTCH_CHAIN=
1000
NOTCH_SOURCE=
1000
PIECE_ROLE=unknown
1000
SEAM_ALLOWANCE_MM=
1000
SOURCE_LAYER=11
0
VERTEX
8
AI4M_01_ATOM_INTERNAL
10
2979.500122
20
84.69492
30
0
0
VERTEX
8
AI4M_01_ATOM_INTERNAL
10
2902.5
20
84.69492
30
0
0
SEQEND
8
AI4M_01_ATOM_INTERNAL
0
TEXT
8
AI4M_01_ATOM_INTERNAL
10
2979.500122
20
84.69492
30
0
40
2.5
1
AI4M_line_0192_construction_construction_horizontal
1001
AI4MANUFACTURING
1000
WRITEBACK_PHASE=01_ATOM_LABEL
1000
ENTITY_ID=line_0192
999
AI4M_ENTITY=line_0193;LINE_ROLE=construction;EDGE=construction_horizontal;SOURCE_LAYER=11
0
POLYLINE
8
AI4M_01_ATOM_INTERNAL
66
1
70
0
1001
AI4MANUFACTURING
1000
WRITEBACK_PHASE=01_ATOM
1000
ENTITY_ID=line_0193
1000
SOURCE_HANDLE=735
1000
LINE_ROLE=construction
1000
EDGE=construction_horizontal
1000
CHAIN=chain_ms07ylht
1000
PIECE_ID=
1000
SEAM_PAIR=
1000
PAIRED_CHAIN=
1000
NOTCH_CHAIN=
1000
NOTCH_SOURCE=
1000
PIECE_ROLE=unknown
1000
SEAM_ALLOWANCE_MM=
1000
SOURCE_LAYER=11
0
VERTEX
8
AI4M_01_ATOM_INTERNAL
10
3275
20
100.000029
30
0
0
VERTEX
8
AI4M_01_ATOM_INTERNAL
10
3268.500061
20
100.000029
30
0
0
SEQEND
8
AI4M_01_ATOM_INTERNAL
0
TEXT
8
AI4M_01_ATOM_INTERNAL
10
3275
20
100.000029
30
0
40
2.5
1
AI4M_line_0193_construction_construction_horizontal
1001
AI4MANUFACTURING
1000
WRITEBACK_PHASE=01_ATOM_LABEL
1000
ENTITY_ID=line_0193
999
AI4M_ENTITY=line_0194;LINE_ROLE=construction;EDGE=construction_horizontal;SOURCE_LAYER=11
0
POLYLINE
8
AI4M_01_ATOM_INTERNAL
66
1
70
0
1001
AI4MANUFACTURING
1000
WRITEBACK_PHASE=01_ATOM
1000
ENTITY_ID=line_0194
1000
SOURCE_HANDLE=73A
1000
LINE_ROLE=construction
1000
EDGE=construction_horizontal
1000
CHAIN=chain_ms07ylht
1000
PIECE_ID=
1000
SEAM_PAIR=
1000
PAIRED_CHAIN=
1000
NOTCH_CHAIN=
1000
NOTCH_SOURCE=
1000
PIECE_ROLE=unknown
1000
SEAM_ALLOWANCE_MM=
1000
SOURCE_LAYER=11
0
VERTEX
8
AI4M_01_ATOM_INTERNAL
10
2979.500122
20
100.000029
30
0
0
VERTEX
8
AI4M_01_ATOM_INTERNAL
10
2905
20
100.000029
30
0
0
SEQEND
8
AI4M_01_ATOM_INTERNAL
0
TEXT
8
AI4M_01_ATOM_INTERNAL
10
2979.500122
20
100.000029
30
0
40
2.5
1
AI4M_line_0194_construction_construction_horizontal
1001
AI4MANUFACTURING
1000
WRITEBACK_PHASE=01_ATOM_LABEL
1000
ENTITY_ID=line_0194
999
AI4M_ENTITY=line_0195;LINE_ROLE=construction;EDGE=construction_horizontal;SOURCE_LAYER=11
0
POLYLINE
8
AI4M_01_ATOM_INTERNAL
66
1
70
0
1001
AI4MANUFACTURING
1000
WRITEBACK_PHASE=01_ATOM
1000
ENTITY_ID=line_0195
1000
SOURCE_HANDLE=73F
1000
LINE_ROLE=construction
1000
EDGE=construction_horizontal
1000
CHAIN=chain_ms07ylht
1000
PIECE_ID=
1000
SEAM_PAIR=
1000
PAIRED_CHAIN=
1000
NOTCH_CHAIN=
1000
NOTCH_SOURCE=
1000
PIECE_ROLE=unknown
1000
SEAM_ALLOWANCE_MM=
1000
SOURCE_LAYER=11
0
VERTEX
8
AI4M_01_ATOM_INTERNAL
10
3065.499878
20
100.000029
30
0
0
VERTEX
8
AI4M_01_ATOM_INTERNAL
10
2979.500122
20
100.000029
30
0
0
SEQEND
8
AI4M_01_ATOM_INTERNAL
0
TEXT
8
AI4M_01_ATOM_INTERNAL
10
3065.499878
20
100.000029
30
0
40
2.5
1
AI4M_line_0195_construction_construction_horizontal
1001
AI4MANUFACTURING
1000
WRITEBACK_PHASE=01_ATOM_LABEL
1000
ENTITY_ID=line_0195
999
AI4M_ENTITY=line_0196;LINE_ROLE=construction;EDGE=construction_horizontal;SOURCE_LAYER=11
0
POLYLINE
8
AI4M_01_ATOM_INTERNAL
66
1
70
0
1001
AI4MANUFACTURING
1000
WRITEBACK_PHASE=01_ATOM
1000
ENTITY_ID=line_0196
1000
SOURCE_HANDLE=744
1000
LINE_ROLE=construction
1000
EDGE=construction_horizontal
1000
CHAIN=chain_ms07ylht
1000
PIECE_ID=
1000
SEAM_PAIR=
1000
PAIRED_CHAIN=
1000
NOTCH_CHAIN=
1000
NOTCH_SOURCE=
1000
PIECE_ROLE=unknown
1000
SEAM_ALLOWANCE_MM=
1000
SOURCE_LAYER=11
0
VERTEX
8
AI4M_01_ATOM_INTERNAL
10
3167.000122
20
100.000029
30
0
0
VERTEX
8
AI4M_01_ATOM_INTERNAL
10
3107.5
20
100.000029
30
0
0
SEQEND
8
AI4M_01_ATOM_INTERNAL
0
TEXT
8
AI4M_01_ATOM_INTERNAL
10
3167.000122
20
100.000029
30
0
40
2.5
1
AI4M_line_0196_construction_construction_horizontal
1001
AI4MANUFACTURING
1000
WRITEBACK_PHASE=01_ATOM_LABEL
1000
ENTITY_ID=line_0196
999
AI4M_ENTITY=line_0197;LINE_ROLE=construction;EDGE=construction_horizontal;SOURCE_LAYER=11
0
POLYLINE
8
AI4M_01_ATOM_INTERNAL
66
1
70
0
1001
AI4MANUFACTURING
1000
WRITEBACK_PHASE=01_ATOM
1000
ENTITY_ID=line_0197
1000
SOURCE_HANDLE=749
1000
LINE_ROLE=construction
1000
EDGE=construction_horizontal
1000
CHAIN=chain_ms07ylht
1000
PIECE_ID=
1000
SEAM_PAIR=
1000
PAIRED_CHAIN=
1000
NOTCH_CHAIN=
1000
NOTCH_SOURCE=
1000
PIECE_ROLE=unknown
1000
SEAM_ALLOWANCE_MM=
1000
SOURCE_LAYER=11
0
VERTEX
8
AI4M_01_ATOM_INTERNAL
10
3268.500061
20
100.000029
30
0
0
VERTEX
8
AI4M_01_ATOM_INTERNAL
10
3226.499939
20
100.000029
30
0
0
SEQEND
8
AI4M_01_ATOM_INTERNAL
0
TEXT
8
AI4M_01_ATOM_INTERNAL
10
3268.500061
20
100.000029
30
0
40
2.5
1
AI4M_line_0197_construction_construction_horizontal
1001
AI4MANUFACTURING
1000
WRITEBACK_PHASE=01_ATOM_LABEL
1000
ENTITY_ID=line_0197
999
AI4M_ENTITY=line_0198;LINE_ROLE=construction;EDGE=construction_horizontal;SOURCE_LAYER=11
0
POLYLINE
8
AI4M_01_ATOM_INTERNAL
66
1
70
0
1001
AI4MANUFACTURING
1000
WRITEBACK_PHASE=01_ATOM
1000
ENTITY_ID=line_0198
1000
SOURCE_HANDLE=74E
1000
LINE_ROLE=construction
1000
EDGE=construction_horizontal
1000
CHAIN=chain_ms07ylht
1000
PIECE_ID=
1000
SEAM_PAIR=
1000
PAIRED_CHAIN=
1000
NOTCH_CHAIN=
1000
NOTCH_SOURCE=
1000
PIECE_ROLE=unknown
1000
SEAM_ALLOWANCE_MM=
1000
SOURCE_LAYER=11
0
VERTEX
8
AI4M_01_ATOM_INTERNAL
10
3107.5
20
100.000029
30
0
0
VERTEX
8
AI4M_01_ATOM_INTERNAL
10
3065.499878
20
100.000029
30
0
0
SEQEND
8
AI4M_01_ATOM_INTERNAL
0
TEXT
8
AI4M_01_ATOM_INTERNAL
10
3107.5
20
100.000029
30
0
40
2.5
1
AI4M_line_0198_construction_construction_horizontal
1001
AI4MANUFACTURING
1000
WRITEBACK_PHASE=01_ATOM_LABEL
1000
ENTITY_ID=line_0198
999
AI4M_ENTITY=line_0199;LINE_ROLE=construction;EDGE=construction_horizontal;SOURCE_LAYER=11
0
POLYLINE
8
AI4M_01_ATOM_INTERNAL
66
1
70
0
1001
AI4MANUFACTURING
1000
WRITEBACK_PHASE=01_ATOM
1000
ENTITY_ID=line_0199
1000
SOURCE_HANDLE=753
1000
LINE_ROLE=construction
1000
EDGE=construction_horizontal
1000
CHAIN=chain_ms07ylht
1000
PIECE_ID=
1000
SEAM_PAIR=
1000
PAIRED_CHAIN=
1000
NOTCH_CHAIN=
1000
NOTCH_SOURCE=
1000
PIECE_ROLE=unknown
1000
SEAM_ALLOWANCE_MM=
1000
SOURCE_LAYER=11
0
VERTEX
8
AI4M_01_ATOM_INTERNAL
10
3226.499939
20
100.000029
30
0
0
VERTEX
8
AI4M_01_ATOM_INTERNAL
10
3167.000122
20
100.000029
30
0
0
SEQEND
8
AI4M_01_ATOM_INTERNAL
0
TEXT
8
AI4M_01_ATOM_INTERNAL
10
3226.499939
20
100.000029
30
0
40
2.5
1
AI4M_line_0199_construction_construction_horizontal
1001
AI4MANUFACTURING
1000
WRITEBACK_PHASE=01_ATOM_LABEL
1000
ENTITY_ID=line_0199
999
AI4M_ENTITY=line_0200;LINE_ROLE=hem_line;EDGE=hem_line;SOURCE_LAYER=11
0
POLYLINE
8
AI4M_01_ATOM_INTERNAL
66
1
70
0
1001
AI4MANUFACTURING
1000
WRITEBACK_PHASE=01_ATOM
1000
ENTITY_ID=line_0200
1000
SOURCE_HANDLE=758
1000
LINE_ROLE=hem_line
1000
EDGE=hem_line
1000
CHAIN=piece_39_top_hem
1000
PIECE_ID=piece_39
1000
SEAM_PAIR=
1000
PAIRED_CHAIN=
1000
NOTCH_CHAIN=
1000
NOTCH_SOURCE=
1000
PIECE_ROLE=unknown
1000
SEAM_ALLOWANCE_MM=
1000
SOURCE_LAYER=11
0
VERTEX
8
AI4M_01_ATOM_INTERNAL
10
2979.500122
20
77.694917
30
0
0
VERTEX
8
AI4M_01_ATOM_INTERNAL
10
2892.237244
20
77.694917
30
0
0
SEQEND
8
AI4M_01_ATOM_INTERNAL
0
TEXT
8
AI4M_01_ATOM_INTERNAL
10
2979.500122
20
77.694917
30
0
40
2.5
1
AI4M_line_0200_hem_line_hem_line
1001
AI4MANUFACTURING
1000
WRITEBACK_PHASE=01_ATOM_LABEL
1000
ENTITY_ID=line_0200
999
AI4M_ENTITY=line_0201;LINE_ROLE=hem_line;EDGE=hem_line;SOURCE_LAYER=11
0
POLYLINE
8
AI4M_01_ATOM_INTERNAL
66
1
70
0
1001
AI4MANUFACTURING
1000
WRITEBACK_PHASE=01_ATOM
1000
ENTITY_ID=line_0201
1000
SOURCE_HANDLE=75D
1000
LINE_ROLE=hem_line
1000
EDGE=hem_line
1000
CHAIN=piece_39_top_hem
1000
PIECE_ID=piece_39
1000
SEAM_PAIR=
1000
PAIRED_CHAIN=
1000
NOTCH_CHAIN=
1000
NOTCH_SOURCE=
1000
PIECE_ROLE=unknown
1000
SEAM_ALLOWANCE_MM=
1000
SOURCE_LAYER=11
0
VERTEX
8
AI4M_01_ATOM_INTERNAL
10
3065.499878
20
77.694917
30
0
0
VERTEX
8
AI4M_01_ATOM_INTERNAL
10
2979.500122
20
77.694917
30
0
0
SEQEND
8
AI4M_01_ATOM_INTERNAL
0
TEXT
8
AI4M_01_ATOM_INTERNAL
10
3065.499878
20
77.694917
30
0
40
2.5
1
AI4M_line_0201_hem_line_hem_line
1001
AI4MANUFACTURING
1000
WRITEBACK_PHASE=01_ATOM_LABEL
1000
ENTITY_ID=line_0201
999
AI4M_ENTITY=line_0202;LINE_ROLE=hem_line;EDGE=hem_line;SOURCE_LAYER=11
0
POLYLINE
8
AI4M_01_ATOM_INTERNAL
66
1
70
0
1001
AI4MANUFACTURING
1000
WRITEBACK_PHASE=01_ATOM
1000
ENTITY_ID=line_0202
1000
SOURCE_HANDLE=762
1000
LINE_ROLE=hem_line
1000
EDGE=hem_line
1000
CHAIN=piece_39_top_hem
1000
PIECE_ID=piece_39
1000
SEAM_PAIR=
1000
PAIRED_CHAIN=
1000
NOTCH_CHAIN=
1000
NOTCH_SOURCE=
1000
PIECE_ROLE=unknown
1000
SEAM_ALLOWANCE_MM=
1000
SOURCE_LAYER=11
0
VERTEX
8
AI4M_01_ATOM_INTERNAL
10
3107.5
20
77.694917
30
0
0
VERTEX
8
AI4M_01_ATOM_INTERNAL
10
3065.499878
20
77.694917
30
0
0
SEQEND
8
AI4M_01_ATOM_INTERNAL
0
TEXT
8
AI4M_01_ATOM_INTERNAL
10
3107.5
20
77.694917
30
0
40
2.5
1
AI4M_line_0202_hem_line_hem_line
1001
AI4MANUFACTURING
1000
WRITEBACK_PHASE=01_ATOM_LABEL
1000
ENTITY_ID=line_0202
999
AI4M_ENTITY=line_0203;LINE_ROLE=hem_line;EDGE=hem_line;SOURCE_LAYER=11
0
POLYLINE
8
AI4M_01_ATOM_INTERNAL
66
1
70
0
1001
AI4MANUFACTURING
1000
WRITEBACK_PHASE=01_ATOM
1000
ENTITY_ID=line_0203
1000
SOURCE_HANDLE=767
1000
LINE_ROLE=hem_line
1000
EDGE=hem_line
1000
CHAIN=piece_39_top_hem
1000
PIECE_ID=piece_39
1000
SEAM_PAIR=
1000
PAIRED_CHAIN=
1000
NOTCH_CHAIN=
1000
NOTCH_SOURCE=
1000
PIECE_ROLE=unknown
1000
SEAM_ALLOWANCE_MM=
1000
SOURCE_LAYER=11
0
VERTEX
8
AI4M_01_ATOM_INTERNAL
10
3167.000122
20
77.694917
30
0
0
VERTEX
8
AI4M_01_ATOM_INTERNAL
10
3107.5
20
77.694917
30
0
0
SEQEND
8
AI4M_01_ATOM_INTERNAL
0
TEXT
8
AI4M_01_ATOM_INTERNAL
10
3167.000122
20
77.694917
30
0
40
2.5
1
AI4M_line_0203_hem_line_hem_line
1001
AI4MANUFACTURING
1000
WRITEBACK_PHASE=01_ATOM_LABEL
1000
ENTITY_ID=line_0203
999
AI4M_ENTITY=line_0204;LINE_ROLE=hem_line;EDGE=hem_line;SOURCE_LAYER=11
0
POLYLINE
8
AI4M_01_ATOM_INTERNAL
66
1
70
0
1001
AI4MANUFACTURING
1000
WRITEBACK_PHASE=01_ATOM
1000
ENTITY_ID=line_0204
1000
SOURCE_HANDLE=76C
1000
LINE_ROLE=hem_line
1000
EDGE=hem_line
1000
CHAIN=piece_39_top_hem
1000
PIECE_ID=piece_39
1000
SEAM_PAIR=
1000
PAIRED_CHAIN=
1000
NOTCH_CHAIN=
1000
NOTCH_SOURCE=
1000
PIECE_ROLE=unknown
1000
SEAM_ALLOWANCE_MM=
1000
SOURCE_LAYER=11
0
VERTEX
8
AI4M_01_ATOM_INTERNAL
10
3226.499939
20
77.694917
30
0
0
VERTEX
8
AI4M_01_ATOM_INTERNAL
10
3167.000122
20
77.694917
30
0
0
SEQEND
8
AI4M_01_ATOM_INTERNAL
0
TEXT
8
AI4M_01_ATOM_INTERNAL
10
3226.499939
20
77.694917
30
0
40
2.5
1
AI4M_line_0204_hem_line_hem_line
1001
AI4MANUFACTURING
1000
WRITEBACK_PHASE=01_ATOM_LABEL
1000
ENTITY_ID=line_0204
999
AI4M_ENTITY=line_0205;LINE_ROLE=hem_line;EDGE=hem_line;SOURCE_LAYER=11
0
POLYLINE
8
AI4M_01_ATOM_INTERNAL
66
1
70
0
1001
AI4MANUFACTURING
1000
WRITEBACK_PHASE=01_ATOM
1000
ENTITY_ID=line_0205
1000
SOURCE_HANDLE=771
1000
LINE_ROLE=hem_line
1000
EDGE=hem_line
1000
CHAIN=piece_39_top_hem
1000
PIECE_ID=piece_39
1000
SEAM_PAIR=
1000
PAIRED_CHAIN=
1000
NOTCH_CHAIN=
1000
NOTCH_SOURCE=
1000
PIECE_ROLE=unknown
1000
SEAM_ALLOWANCE_MM=
1000
SOURCE_LAYER=11
0
VERTEX
8
AI4M_01_ATOM_INTERNAL
10
3268.500061
20
77.694917
30
0
0
VERTEX
8
AI4M_01_ATOM_INTERNAL
10
3226.499939
20
77.694917
30
0
0
SEQEND
8
AI4M_01_ATOM_INTERNAL
0
TEXT
8
AI4M_01_ATOM_INTERNAL
10
3268.500061
20
77.694917
30
0
40
2.5
1
AI4M_line_0205_hem_line_hem_line
1001
AI4MANUFACTURING
1000
WRITEBACK_PHASE=01_ATOM_LABEL
1000
ENTITY_ID=line_0205
999
AI4M_ENTITY=line_0206;LINE_ROLE=hem_line;EDGE=hem_line;SOURCE_LAYER=11
0
POLYLINE
8
AI4M_01_ATOM_INTERNAL
66
1
70
0
1001
AI4MANUFACTURING
1000
WRITEBACK_PHASE=01_ATOM
1000
ENTITY_ID=line_0206
1000
SOURCE_HANDLE=776
1000
LINE_ROLE=hem_line
1000
EDGE=hem_line
1000
CHAIN=piece_39_right_hem
1000
PIECE_ID=piece_39
1000
SEAM_PAIR=
1000
PAIRED_CHAIN=
1000
NOTCH_CHAIN=
1000
NOTCH_SOURCE=
1000
PIECE_ROLE=unknown
1000
SEAM_ALLOWANCE_MM=
1000
SOURCE_LAYER=11
0
VERTEX
8
AI4M_01_ATOM_INTERNAL
10
3287.762756
20
77.694917
30
0
0
VERTEX
8
AI4M_01_ATOM_INTERNAL
10
3268.500061
20
77.694917
30
0
0
SEQEND
8
AI4M_01_ATOM_INTERNAL
0
TEXT
8
AI4M_01_ATOM_INTERNAL
10
3287.762756
20
77.694917
30
0
40
2.5
1
AI4M_line_0206_hem_line_hem_line
1001
AI4MANUFACTURING
1000
WRITEBACK_PHASE=01_ATOM_LABEL
1000
ENTITY_ID=line_0206
999
AI4M_ENTITY=line_0207__seg_01;LINE_ROLE=construction;EDGE=construction_vertical;SOURCE_LAYER=11
0
POLYLINE
8
AI4M_01_ATOM_INTERNAL
66
1
70
0
1001
AI4MANUFACTURING
1000
WRITEBACK_PHASE=01_ATOM
1000
ENTITY_ID=line_0207__seg_01
1000
SOURCE_HANDLE=77B
1000
LINE_ROLE=construction
1000
EDGE=construction_vertical
1000
CHAIN=piece_39_right_construction_vertical
1000
PIECE_ID=piece_39
1000
SEAM_PAIR=
1000
PAIRED_CHAIN=
1000
NOTCH_CHAIN=
1000
NOTCH_SOURCE=
1000
PIECE_ROLE=unknown
1000
SEAM_ALLOWANCE_MM=
1000
SOURCE_LAYER=11
0
VERTEX
8
AI4M_01_ATOM_INTERNAL
10
3284.119263
20
100.000029
30
0
0
VERTEX
8
AI4M_01_ATOM_INTERNAL
10
3285.213318
20
93.302402
30
0
0
VERTEX
8
AI4M_01_ATOM_INTERNAL
10
3287.762756
20
77.694917
30
0
0
SEQEND
8
AI4M_01_ATOM_INTERNAL
0
TEXT
8
AI4M_01_ATOM_INTERNAL
10
3284.119263
20
100.000029
30
0
40
2.5
1
AI4M_line_0207__seg_01_construction_construction_vertical
1001
AI4MANUFACTURING
1000
WRITEBACK_PHASE=01_ATOM_LABEL
1000
ENTITY_ID=line_0207__seg_01
999
AI4M_ENTITY=line_0208;LINE_ROLE=armhole_back;EDGE=armhole_back;SOURCE_LAYER=11
0
POLYLINE
8
AI4M_01_ATOM_INTERNAL
66
1
70
0
1001
AI4MANUFACTURING
1000
WRITEBACK_PHASE=01_ATOM
1000
ENTITY_ID=line_0208
1000
SOURCE_HANDLE=781
1000
LINE_ROLE=armhole_back
1000
EDGE=armhole_back
1000
CHAIN=piece_39_right_armhole_back
1000
PIECE_ID=piece_39
1000
SEAM_PAIR=
1000
PAIRED_CHAIN=
1000
NOTCH_CHAIN=
1000
NOTCH_SOURCE=
1000
PIECE_ROLE=unknown
1000
SEAM_ALLOWANCE_MM=
1000
SOURCE_LAYER=11
0
VERTEX
8
AI4M_01_ATOM_INTERNAL
10
3287.762756
20
122.305088
30
0
0
VERTEX
8
AI4M_01_ATOM_INTERNAL
10
3284.119263
20
100.000029
30
0
0
SEQEND
8
AI4M_01_ATOM_INTERNAL
0
TEXT
8
AI4M_01_ATOM_INTERNAL
10
3287.762756
20
122.305088
30
0
40
2.5
1
AI4M_line_0208_armhole_back_armhole_back
1001
AI4MANUFACTURING
1000
WRITEBACK_PHASE=01_ATOM_LABEL
1000
ENTITY_ID=line_0208
999
AI4M_ENTITY=line_0212;LINE_ROLE=neckline;EDGE=neckline;SOURCE_LAYER=11
0
POLYLINE
8
AI4M_01_ATOM_INTERNAL
66
1
70
0
1001
AI4MANUFACTURING
1000
WRITEBACK_PHASE=01_ATOM
1000
ENTITY_ID=line_0212
1000
SOURCE_HANDLE=795
1000
LINE_ROLE=neckline
1000
EDGE=neckline
1000
CHAIN=piece_39_bottom_neckline
1000
PIECE_ID=piece_39
1000
SEAM_PAIR=
1000
PAIRED_CHAIN=
1000
NOTCH_CHAIN=
1000
NOTCH_SOURCE=
1000
PIECE_ROLE=unknown
1000
SEAM_ALLOWANCE_MM=
1000
SOURCE_LAYER=11
0
VERTEX
8
AI4M_01_ATOM_INTERNAL
10
3107.5
20
122.305088
30
0
0
VERTEX
8
AI4M_01_ATOM_INTERNAL
10
3167.000122
20
122.305088
30
0
0
SEQEND
8
AI4M_01_ATOM_INTERNAL
0
TEXT
8
AI4M_01_ATOM_INTERNAL
10
3107.5
20
122.305088
30
0
40
2.5
1
AI4M_line_0212_neckline_neckline
1001
AI4MANUFACTURING
1000
WRITEBACK_PHASE=01_ATOM_LABEL
1000
ENTITY_ID=line_0212
999
AI4M_ENTITY=line_0213;LINE_ROLE=neckline;EDGE=neckline;SOURCE_LAYER=11
0
POLYLINE
8
AI4M_01_ATOM_INTERNAL
66
1
70
0
1001
AI4MANUFACTURING
1000
WRITEBACK_PHASE=01_ATOM
1000
ENTITY_ID=line_0213
1000
SOURCE_HANDLE=79A
1000
LINE_ROLE=neckline
1000
EDGE=neckline
1000
CHAIN=piece_39_bottom_neckline
1000
PIECE_ID=piece_39
1000
SEAM_PAIR=
1000
PAIRED_CHAIN=
1000
NOTCH_CHAIN=
1000
NOTCH_SOURCE=
1000
PIECE_ROLE=unknown
1000
SEAM_ALLOWANCE_MM=
1000
SOURCE_LAYER=11
0
VERTEX
8
AI4M_01_ATOM_INTERNAL
10
3065.499878
20
122.305088
30
0
0
VERTEX
8
AI4M_01_ATOM_INTERNAL
10
3107.5
20
122.305088
30
0
0
SEQEND
8
AI4M_01_ATOM_INTERNAL
0
TEXT
8
AI4M_01_ATOM_INTERNAL
10
3065.499878
20
122.305088
30
0
40
2.5
1
AI4M_line_0213_neckline_neckline
1001
AI4MANUFACTURING
1000
WRITEBACK_PHASE=01_ATOM_LABEL
1000
ENTITY_ID=line_0213
999
AI4M_ENTITY=line_0216;LINE_ROLE=armhole_back;EDGE=armhole_back;SOURCE_LAYER=11
0
POLYLINE
8
AI4M_01_ATOM_INTERNAL
66
1
70
0
1001
AI4MANUFACTURING
1000
WRITEBACK_PHASE=01_ATOM
1000
ENTITY_ID=line_0216
1000
SOURCE_HANDLE=7A9
1000
LINE_ROLE=armhole_back
1000
EDGE=armhole_back
1000
CHAIN=piece_39_left_armhole_back
1000
PIECE_ID=piece_39
1000
SEAM_PAIR=
1000
PAIRED_CHAIN=
1000
NOTCH_CHAIN=
1000
NOTCH_SOURCE=
1000
PIECE_ROLE=unknown
1000
SEAM_ALLOWANCE_MM=
1000
SOURCE_LAYER=11
0
VERTEX
8
AI4M_01_ATOM_INTERNAL
10
2895.880737
20
100.000029
30
0
0
VERTEX
8
AI4M_01_ATOM_INTERNAL
10
2892.237244
20
122.305088
30
0
0
SEQEND
8
AI4M_01_ATOM_INTERNAL
0
TEXT
8
AI4M_01_ATOM_INTERNAL
10
2895.880737
20
100.000029
30
0
40
2.5
1
AI4M_line_0216_armhole_back_armhole_back
1001
AI4MANUFACTURING
1000
WRITEBACK_PHASE=01_ATOM_LABEL
1000
ENTITY_ID=line_0216
999
AI4M_ENTITY=line_0217;LINE_ROLE=construction;EDGE=construction_vertical;SOURCE_LAYER=11
0
POLYLINE
8
AI4M_01_ATOM_INTERNAL
66
1
70
0
1001
AI4MANUFACTURING
1000
WRITEBACK_PHASE=01_ATOM
1000
ENTITY_ID=line_0217
1000
SOURCE_HANDLE=7AE
1000
LINE_ROLE=construction
1000
EDGE=construction_vertical
1000
CHAIN=piece_39_left_construction_vertical
1000
PIECE_ID=piece_39
1000
SEAM_PAIR=
1000
PAIRED_CHAIN=
1000
NOTCH_CHAIN=
1000
NOTCH_SOURCE=
1000
PIECE_ROLE=unknown
1000
SEAM_ALLOWANCE_MM=
1000
SOURCE_LAYER=11
0
VERTEX
8
AI4M_01_ATOM_INTERNAL
10
2892.237244
20
77.694917
30
0
0
VERTEX
8
AI4M_01_ATOM_INTERNAL
10
2895.880737
20
100.000029
30
0
0
SEQEND
8
AI4M_01_ATOM_INTERNAL
0
TEXT
8
AI4M_01_ATOM_INTERNAL
10
2892.237244
20
77.694917
30
0
40
2.5
1
AI4M_line_0217_construction_construction_vertical
1001
AI4MANUFACTURING
1000
WRITEBACK_PHASE=01_ATOM_LABEL
1000
ENTITY_ID=line_0217
999
AI4M_ENTITY=line_0218;LINE_ROLE=construction;EDGE=construction_vertical;SOURCE_LAYER=11
0
POLYLINE
8
AI4M_01_ATOM_INTERNAL
66
1
70
0
1001
AI4MANUFACTURING
1000
WRITEBACK_PHASE=01_ATOM
1000
ENTITY_ID=line_0218
1000
SOURCE_HANDLE=7B3
1000
LINE_ROLE=construction
1000
EDGE=construction_vertical
1000
CHAIN=chain_ms07ylht
1000
PIECE_ID=
1000
SEAM_PAIR=
1000
PAIRED_CHAIN=
1000
NOTCH_CHAIN=
1000
NOTCH_SOURCE=
1000
PIECE_ROLE=unknown
1000
SEAM_ALLOWANCE_MM=
1000
SOURCE_LAYER=11
0
VERTEX
8
AI4M_01_ATOM_INTERNAL
10
3088.500061
20
100
30
0
0
VERTEX
8
AI4M_01_ATOM_INTERNAL
10
3088.500061
20
91.42911
30
0
0
SEQEND
8
AI4M_01_ATOM_INTERNAL
0
TEXT
8
AI4M_01_ATOM_INTERNAL
10
3088.500061
20
100
30
0
40
2.5
1
AI4M_line_0218_construction_construction_vertical
1001
AI4MANUFACTURING
1000
WRITEBACK_PHASE=01_ATOM_LABEL
1000
ENTITY_ID=line_0218
999
AI4M_ENTITY=line_0219;LINE_ROLE=construction;EDGE=construction_vertical;SOURCE_LAYER=11
0
POLYLINE
8
AI4M_01_ATOM_INTERNAL
66
1
70
0
1001
AI4MANUFACTURING
1000
WRITEBACK_PHASE=01_ATOM
1000
ENTITY_ID=line_0219
1000
SOURCE_HANDLE=7B4
1000
LINE_ROLE=construction
1000
EDGE=construction_vertical
1000
CHAIN=chain_ms07ylht
1000
PIECE_ID=
1000
SEAM_PAIR=
1000
PAIRED_CHAIN=
1000
NOTCH_CHAIN=
1000
NOTCH_SOURCE=
1000
PIECE_ROLE=unknown
1000
SEAM_ALLOWANCE_MM=
1000
SOURCE_LAYER=11
0
VERTEX
8
AI4M_01_ATOM_INTERNAL
10
3088.500061
20
91.42911
30
0
0
VERTEX
8
AI4M_01_ATOM_INTERNAL
10
3088.79007
20
93.118577
30
0
0
SEQEND
8
AI4M_01_ATOM_INTERNAL
0
TEXT
8
AI4M_01_ATOM_INTERNAL
10
3088.500061
20
91.42911
30
0
40
2.5
1
AI4M_line_0219_construction_construction_vertical
1001
AI4MANUFACTURING
1000
WRITEBACK_PHASE=01_ATOM_LABEL
1000
ENTITY_ID=line_0219
999
AI4M_ENTITY=line_0220;LINE_ROLE=construction;EDGE=construction_vertical;SOURCE_LAYER=11
0
POLYLINE
8
AI4M_01_ATOM_INTERNAL
66
1
70
0
1001
AI4MANUFACTURING
1000
WRITEBACK_PHASE=01_ATOM
1000
ENTITY_ID=line_0220
1000
SOURCE_HANDLE=7B5
1000
LINE_ROLE=construction
1000
EDGE=construction_vertical
1000
CHAIN=chain_ms07ylht
1000
PIECE_ID=
1000
SEAM_PAIR=
1000
PAIRED_CHAIN=
1000
NOTCH_CHAIN=
1000
NOTCH_SOURCE=
1000
PIECE_ROLE=unknown
1000
SEAM_ALLOWANCE_MM=
1000
SOURCE_LAYER=11
0
VERTEX
8
AI4M_01_ATOM_INTERNAL
10
3088.500061
20
91.42911
30
0
0
VERTEX
8
AI4M_01_ATOM_INTERNAL
10
3088.500061
20
91.42911
30
0
0
SEQEND
8
AI4M_01_ATOM_INTERNAL
0
TEXT
8
AI4M_01_ATOM_INTERNAL
10
3088.500061
20
91.42911
30
0
40
2.5
1
AI4M_line_0220_construction_construction_vertical
1001
AI4MANUFACTURING
1000
WRITEBACK_PHASE=01_ATOM_LABEL
1000
ENTITY_ID=line_0220
999
AI4M_WRITEBACK_PHASE=02_EDGE_CHAIN
0
POLYLINE
8
AI4M_02_EDGE_CHAIN
66
1
70
0
1001
AI4MANUFACTURING
1000
WRITEBACK_PHASE=02_EDGE_CHAIN
1000
CHAIN=piece_10_left_side_seam
1000
PIECE_ID=piece_10
1000
EDGE=side_seam
1000
LINE_ROLE=net_boundary
1000
SOURCE=geometry_bbox_edge_chain_candidate
0
VERTEX
8
AI4M_02_EDGE_CHAIN
10
4612.924805
20
94.236021
30
0
0
VERTEX
8
AI4M_02_EDGE_CHAIN
10
4612.043457
20
163.530521
30
0
0
VERTEX
8
AI4M_02_EDGE_CHAIN
10
4611.035767
20
242.724266
30
0
0
VERTEX
8
AI4M_02_EDGE_CHAIN
10
4608.365784
20
452.623405
30
0
0
VERTEX
8
AI4M_02_EDGE_CHAIN
10
4607.106323
20
551.615601
30
0
0
SEQEND
8
AI4M_02_EDGE_CHAIN
0
TEXT
8
AI4M_02_EDGE_CHAIN
10
4612.924805
20
94.236021
30
0
40
2.5
1
CHAIN_piece_10_left_side_seam_side_seam
1001
AI4MANUFACTURING
1000
WRITEBACK_PHASE=02_EDGE_CHAIN
1000
CHAIN=piece_10_left_side_seam
1000
PIECE_ID=piece_10
1000
EDGE=side_seam
1000
LINE_ROLE=net_boundary
1000
SOURCE=geometry_bbox_edge_chain_candidate
0
POLYLINE
8
AI4M_02_EDGE_CHAIN
66
1
70
0
1001
AI4MANUFACTURING
1000
WRITEBACK_PHASE=02_EDGE_CHAIN
1000
CHAIN=piece_10_left_armhole_front
1000
PIECE_ID=piece_10
1000
EDGE=armhole_front
1000
LINE_ROLE=net_boundary
1000
SOURCE=geometry_bbox_edge_chain_candidate
0
VERTEX
8
AI4M_02_EDGE_CHAIN
10
4607.106323
20
551.615601
30
0
0
VERTEX
8
AI4M_02_EDGE_CHAIN
10
4611.86297
20
553.423502
30
0
0
VERTEX
8
AI4M_02_EDGE_CHAIN
10
4616.797894
20
555.58476
30
0
0
VERTEX
8
AI4M_02_EDGE_CHAIN
10
4621.399355
20
557.853077
30
0
0
VERTEX
8
AI4M_02_EDGE_CHAIN
10
4625.4526
20
560.113568
30
0
0
VERTEX
8
AI4M_02_EDGE_CHAIN
10
4628.970799
20
562.343962
30
0
0
VERTEX
8
AI4M_02_EDGE_CHAIN
10
4632.320557
20
564.753173
30
0
0
VERTEX
8
AI4M_02_EDGE_CHAIN
10
4635.610408
20
567.423283
30
0
0
VERTEX
8
AI4M_02_EDGE_CHAIN
10
4638.747147
20
570.283557
30
0
0
VERTEX
8
AI4M_02_EDGE_CHAIN
10
4641.726831
20
573.326822
30
0
0
VERTEX
8
AI4M_02_EDGE_CHAIN
10
4644.581893
20
576.592477
30
0
0
VERTEX
8
AI4M_02_EDGE_CHAIN
10
4647.245106
20
580.007153
30
0
0
VERTEX
8
AI4M_02_EDGE_CHAIN
10
4649.787299
20
583.669793
30
0
0
VERTEX
8
AI4M_02_EDGE_CHAIN
10
4652.113484
20
587.449977
30
0
0
VERTEX
8
AI4M_02_EDGE_CHAIN
10
4654.285031
20
591.454302
30
0
0
VERTEX
8
AI4M_02_EDGE_CHAIN
10
4656.229779
20
595.565041
30
0
0
VERTEX
8
AI4M_02_EDGE_CHAIN
10
4657.974892
20
599.836093
30
0
0
VERTEX
8
AI4M_02_EDGE_CHAIN
10
4659.602933
20
604.503072
30
0
0
VERTEX
8
AI4M_02_EDGE_CHAIN
10
4661.10959
20
609.603429
30
0
0
VERTEX
8
AI4M_02_EDGE_CHAIN
10
4662.566297
20
615.458776
30
0
0
VERTEX
8
AI4M_02_EDGE_CHAIN
10
4663.904657
20
621.87704
30
0
0
VERTEX
8
AI4M_02_EDGE_CHAIN
10
4665.050081
20
628.577176
30
0
0
VERTEX
8
AI4M_02_EDGE_CHAIN
10
4665.964173
20
635.393408
30
0
0
VERTEX
8
AI4M_02_EDGE_CHAIN
10
4666.65077
20
642.36723
30
0
0
VERTEX
8
AI4M_02_EDGE_CHAIN
10
4667.09901
20
649.413689
30
0
0
VERTEX
8
AI4M_02_EDGE_CHAIN
10
4667.246094
20
653.450089
30
0
0
VERTEX
8
AI4M_02_EDGE_CHAIN
10
4667.246094
20
653.450089
30
0
0
VERTEX
8
AI4M_02_EDGE_CHAIN
10
4667.308447
20
663.165958
30
0
0
VERTEX
8
AI4M_02_EDGE_CHAIN
10
4667.083603
20
671.476437
30
0
0
VERTEX
8
AI4M_02_EDGE_CHAIN
10
4666.499261
20
682.684827
30
0
0
VERTEX
8
AI4M_02_EDGE_CHAIN
10
4665.535669
20
696.002
30
0
0
VERTEX
8
AI4M_02_EDGE_CHAIN
10
4664.429129
20
708.167705
30
0
0
VERTEX
8
AI4M_02_EDGE_CHAIN
10
4663.180301
20
719.268969
30
0
0
VERTEX
8
AI4M_02_EDGE_CHAIN
10
4661.755265
20
729.716282
30
0
0
VERTEX
8
AI4M_02_EDGE_CHAIN
10
4659.965867
20
740.952199
30
0
0
VERTEX
8
AI4M_02_EDGE_CHAIN
10
4657.833881
20
752.747599
30
0
0
VERTEX
8
AI4M_02_EDGE_CHAIN
10
4655.009526
20
766.78808
30
0
0
VERTEX
8
AI4M_02_EDGE_CHAIN
10
4654.036255
20
771.375275
30
0
0
SEQEND
8
AI4M_02_EDGE_CHAIN
0
TEXT
8
AI4M_02_EDGE_CHAIN
10
4607.106323
20
551.615601
30
0
40
2.5
1
CHAIN_piece_10_left_armhole_front_armhole_front
1001
AI4MANUFACTURING
1000
WRITEBACK_PHASE=02_EDGE_CHAIN
1000
CHAIN=piece_10_left_armhole_front
1000
PIECE_ID=piece_10
1000
EDGE=armhole_front
1000
LINE_ROLE=net_boundary
1000
SOURCE=geometry_bbox_edge_chain_candidate
0
POLYLINE
8
AI4M_02_EDGE_CHAIN
66
1
70
0
1001
AI4MANUFACTURING
1000
WRITEBACK_PHASE=02_EDGE_CHAIN
1000
CHAIN=piece_10_bottom_neckline
1000
PIECE_ID=piece_10
1000
EDGE=neckline
1000
LINE_ROLE=net_boundary
1000
SOURCE=geometry_bbox_edge_chain_candidate
0
VERTEX
8
AI4M_02_EDGE_CHAIN
10
4793.224487
20
819.226379
30
0
0
VERTEX
8
AI4M_02_EDGE_CHAIN
10
4796.789226
20
812.845609
30
0
0
VERTEX
8
AI4M_02_EDGE_CHAIN
10
4799.699417
20
808.114069
30
0
0
VERTEX
8
AI4M_02_EDGE_CHAIN
10
4802.534056
20
803.933061
30
0
0
VERTEX
8
AI4M_02_EDGE_CHAIN
10
4805.377797
20
800.169282
30
0
0
VERTEX
8
AI4M_02_EDGE_CHAIN
10
4808.247221
20
796.769439
30
0
0
VERTEX
8
AI4M_02_EDGE_CHAIN
10
4811.172034
20
793.674254
30
0
0
VERTEX
8
AI4M_02_EDGE_CHAIN
10
4814.159512
20
790.863157
30
0
0
VERTEX
8
AI4M_02_EDGE_CHAIN
10
4817.187043
20
788.345519
30
0
0
VERTEX
8
AI4M_02_EDGE_CHAIN
10
4820.224678
20
786.128916
30
0
0
VERTEX
8
AI4M_02_EDGE_CHAIN
10
4823.426977
20
784.093923
30
0
0
VERTEX
8
AI4M_02_EDGE_CHAIN
10
4826.872693
20
782.193953
30
0
0
VERTEX
8
AI4M_02_EDGE_CHAIN
10
4830.616145
20
780.414923
30
0
0
VERTEX
8
AI4M_02_EDGE_CHAIN
10
4834.60715
20
778.795324
30
0
0
VERTEX
8
AI4M_02_EDGE_CHAIN
10
4838.843394
20
777.344084
30
0
0
VERTEX
8
AI4M_02_EDGE_CHAIN
10
4843.365428
20
776.058227
30
0
0
VERTEX
8
AI4M_02_EDGE_CHAIN
10
4848.144749
20
774.958886
30
0
0
VERTEX
8
AI4M_02_EDGE_CHAIN
10
4853.291913
20
774.033939
30
0
0
VERTEX
8
AI4M_02_EDGE_CHAIN
10
4858.9252
20
773.276987
30
0
0
VERTEX
8
AI4M_02_EDGE_CHAIN
10
4865.047384
20
772.710295
30
0
0
VERTEX
8
AI4M_02_EDGE_CHAIN
10
4871.6941
20
772.350427
30
0
0
VERTEX
8
AI4M_02_EDGE_CHAIN
10
4877.5379
20
772.25979
30
0
0
VERTEX
8
AI4M_02_EDGE_CHAIN
10
4880
20
772.295609
30
0
0
VERTEX
8
AI4M_02_EDGE_CHAIN
10
4879.992814
20
774.795581
30
0
0
VERTEX
8
AI4M_02_EDGE_CHAIN
10
4880.005386
20
769.795596
30
0
0
VERTEX
8
AI4M_02_EDGE_CHAIN
10
4880
20
772.295609
30
0
0
VERTEX
8
AI4M_02_EDGE_CHAIN
10
4886.350681
20
772.297149
30
0
0
VERTEX
8
AI4M_02_EDGE_CHAIN
10
4892.896755
20
772.570908
30
0
0
VERTEX
8
AI4M_02_EDGE_CHAIN
10
4899.156997
20
773.072832
30
0
0
VERTEX
8
AI4M_02_EDGE_CHAIN
10
4904.980965
20
773.775904
30
0
0
VERTEX
8
AI4M_02_EDGE_CHAIN
10
4910.322927
20
774.657241
30
0
0
VERTEX
8
AI4M_02_EDGE_CHAIN
10
4915.169115
20
775.694437
30
0
0
VERTEX
8
AI4M_02_EDGE_CHAIN
10
4919.753465
20
776.917738
30
0
0
VERTEX
8
AI4M_02_EDGE_CHAIN
10
4924.060216
20
778.310963
30
0
0
VERTEX
8
AI4M_02_EDGE_CHAIN
10
4928.134445
20
779.879258
30
0
0
VERTEX
8
AI4M_02_EDGE_CHAIN
10
4931.963333
20
781.611289
30
0
0
VERTEX
8
AI4M_02_EDGE_CHAIN
10
4935.490567
20
783.467243
30
0
0
VERTEX
8
AI4M_02_EDGE_CHAIN
10
4938.821224
20
785.492524
30
0
0
VERTEX
8
AI4M_02_EDGE_CHAIN
10
4941.899943
20
787.647723
30
0
0
VERTEX
8
AI4M_02_EDGE_CHAIN
10
4944.91449
20
790.05902
30
0
0
VERTEX
8
AI4M_02_EDGE_CHAIN
10
4947.910394
20
792.774855
30
0
0
VERTEX
8
AI4M_02_EDGE_CHAIN
10
4950.865757
20
795.793187
30
0
0
VERTEX
8
AI4M_02_EDGE_CHAIN
10
4953.73052
20
799.071918
30
0
0
VERTEX
8
AI4M_02_EDGE_CHAIN
10
4956.5545
20
802.680937
30
0
0
VERTEX
8
AI4M_02_EDGE_CHAIN
10
4959.320351
20
806.61948
30
0
0
VERTEX
8
AI4M_02_EDGE_CHAIN
10
4962.328245
20
811.359898
30
0
0
VERTEX
8
AI4M_02_EDGE_CHAIN
10
4965.214773
20
816.339497
30
0
0
VERTEX
8
AI4M_02_EDGE_CHAIN
10
4966.775513
20
819.226379
30
0
0
VERTEX
8
AI4M_02_EDGE_CHAIN
10
4880
20
774.795609
30
0
0
VERTEX
8
AI4M_02_EDGE_CHAIN
10
4880
20
769.795609
30
0
0
SEQEND
8
AI4M_02_EDGE_CHAIN
0
TEXT
8
AI4M_02_EDGE_CHAIN
10
4793.224487
20
819.226379
30
0
40
2.5
1
CHAIN_piece_10_bottom_neckline_neckline
1001
AI4MANUFACTURING
1000
WRITEBACK_PHASE=02_EDGE_CHAIN
1000
CHAIN=piece_10_bottom_neckline
1000
PIECE_ID=piece_10
1000
EDGE=neckline
1000
LINE_ROLE=net_boundary
1000
SOURCE=geometry_bbox_edge_chain_candidate
0
POLYLINE
8
AI4M_02_EDGE_CHAIN
66
1
70
0
1001
AI4MANUFACTURING
1000
WRITEBACK_PHASE=02_EDGE_CHAIN
1000
CHAIN=piece_10_right_armhole_front
1000
PIECE_ID=piece_10
1000
EDGE=armhole_front
1000
LINE_ROLE=net_boundary
1000
SOURCE=geometry_bbox_edge_chain_candidate
0
VERTEX
8
AI4M_02_EDGE_CHAIN
10
5105.963745
20
771.375275
30
0
0
VERTEX
8
AI4M_02_EDGE_CHAIN
10
5102.940535
20
756.787109
30
0
0
VERTEX
8
AI4M_02_EDGE_CHAIN
10
5100.5676
20
744.006644
30
0
0
VERTEX
8
AI4M_02_EDGE_CHAIN
10
5098.670349
20
732.552439
30
0
0
VERTEX
8
AI4M_02_EDGE_CHAIN
10
5097.195481
20
722.209
30
0
0
VERTEX
8
AI4M_02_EDGE_CHAIN
10
5095.904714
20
711.3552
30
0
0
VERTEX
8
AI4M_02_EDGE_CHAIN
10
5094.773967
20
699.707757
30
0
0
VERTEX
8
AI4M_02_EDGE_CHAIN
10
5093.766936
20
686.669512
30
0
0
VERTEX
8
AI4M_02_EDGE_CHAIN
10
5093.061832
20
674.762897
30
0
0
VERTEX
8
AI4M_02_EDGE_CHAIN
10
5092.726878
20
665.238824
30
0
0
VERTEX
8
AI4M_02_EDGE_CHAIN
10
5092.684062
20
657.749418
30
0
0
VERTEX
8
AI4M_02_EDGE_CHAIN
10
5092.753601
20
653.452682
30
0
0
VERTEX
8
AI4M_02_EDGE_CHAIN
10
5092.753906
20
653.450089
30
0
0
VERTEX
8
AI4M_02_EDGE_CHAIN
10
5093.113969
20
645.593503
30
0
0
VERTEX
8
AI4M_02_EDGE_CHAIN
10
5093.693363
20
638.557108
30
0
0
VERTEX
8
AI4M_02_EDGE_CHAIN
10
5094.497022
20
631.724685
30
0
0
VERTEX
8
AI4M_02_EDGE_CHAIN
10
5095.532722
20
624.987067
30
0
0
VERTEX
8
AI4M_02_EDGE_CHAIN
10
5096.783426
20
618.434249
30
0
0
VERTEX
8
AI4M_02_EDGE_CHAIN
10
5098.207775
20
612.218545
30
0
0
VERTEX
8
AI4M_02_EDGE_CHAIN
10
5099.675303
20
606.839378
30
0
0
VERTEX
8
AI4M_02_EDGE_CHAIN
10
5101.236888
20
602.001648
30
0
0
VERTEX
8
AI4M_02_EDGE_CHAIN
10
5102.907786
20
597.593032
30
0
0
VERTEX
8
AI4M_02_EDGE_CHAIN
10
5104.730201
20
593.463252
30
0
0
VERTEX
8
AI4M_02_EDGE_CHAIN
10
5106.781636
20
589.421602
30
0
0
VERTEX
8
AI4M_02_EDGE_CHAIN
10
5109.008276
20
585.569135
30
0
0
VERTEX
8
AI4M_02_EDGE_CHAIN
10
5111.429352
20
581.862449
30
0
0
VERTEX
8
AI4M_02_EDGE_CHAIN
10
5114.040391
20
578.310177
30
0
0
VERTEX
8
AI4M_02_EDGE_CHAIN
10
5116.74761
20
575.025044
30
0
0
VERTEX
8
AI4M_02_EDGE_CHAIN
10
5119.706018
20
571.820411
30
0
0
VERTEX
8
AI4M_02_EDGE_CHAIN
10
5122.811512
20
568.82138
30
0
0
VERTEX
8
AI4M_02_EDGE_CHAIN
10
5126.003708
20
566.07354
30
0
0
VERTEX
8
AI4M_02_EDGE_CHAIN
10
5129.310878
20
563.542765
30
0
0
VERTEX
8
AI4M_02_EDGE_CHAIN
10
5132.772995
20
561.202747
30
0
0
VERTEX
8
AI4M_02_EDGE_CHAIN
10
5136.52355
20
558.976785
30
0
0
VERTEX
8
AI4M_02_EDGE_CHAIN
10
5140.825035
20
556.72204
30
0
0
VERTEX
8
AI4M_02_EDGE_CHAIN
10
5145.548416
20
554.520972
30
0
0
VERTEX
8
AI4M_02_EDGE_CHAIN
10
5150.267838
20
552.595222
30
0
0
VERTEX
8
AI4M_02_EDGE_CHAIN
10
5152.893677
20
551.615601
30
0
0
SEQEND
8
AI4M_02_EDGE_CHAIN
0
TEXT
8
AI4M_02_EDGE_CHAIN
10
5105.963745
20
771.375275
30
0
40
2.5
1
CHAIN_piece_10_right_armhole_front_armhole_front
1001
AI4MANUFACTURING
1000
WRITEBACK_PHASE=02_EDGE_CHAIN
1000
CHAIN=piece_10_right_armhole_front
1000
PIECE_ID=piece_10
1000
EDGE=armhole_front
1000
LINE_ROLE=net_boundary
1000
SOURCE=geometry_bbox_edge_chain_candidate
0
POLYLINE
8
AI4M_02_EDGE_CHAIN
66
1
70
0
1001
AI4MANUFACTURING
1000
WRITEBACK_PHASE=02_EDGE_CHAIN
1000
CHAIN=piece_10_right_side_seam
1000
PIECE_ID=piece_10
1000
EDGE=side_seam
1000
LINE_ROLE=net_boundary
1000
SOURCE=geometry_bbox_edge_chain_candidate
0
VERTEX
8
AI4M_02_EDGE_CHAIN
10
5152.893677
20
551.615601
30
0
0
VERTEX
8
AI4M_02_EDGE_CHAIN
10
5151.633911
20
452.623405
30
0
0
VERTEX
8
AI4M_02_EDGE_CHAIN
10
5148.964233
20
242.724266
30
0
0
VERTEX
8
AI4M_02_EDGE_CHAIN
10
5147.075195
20
94.236021
30
0
0
SEQEND
8
AI4M_02_EDGE_CHAIN
0
TEXT
8
AI4M_02_EDGE_CHAIN
10
5152.893677
20
551.615601
30
0
40
2.5
1
CHAIN_piece_10_right_side_seam_side_seam
1001
AI4MANUFACTURING
1000
WRITEBACK_PHASE=02_EDGE_CHAIN
1000
CHAIN=piece_10_right_side_seam
1000
PIECE_ID=piece_10
1000
EDGE=side_seam
1000
LINE_ROLE=net_boundary
1000
SOURCE=geometry_bbox_edge_chain_candidate
0
POLYLINE
8
AI4M_02_EDGE_CHAIN
66
1
70
0
1001
AI4MANUFACTURING
1000
WRITEBACK_PHASE=02_EDGE_CHAIN
1000
CHAIN=piece_10_top_hem
1000
PIECE_ID=piece_10
1000
EDGE=hem
1000
LINE_ROLE=net_boundary
1000
SOURCE=geometry_bbox_edge_chain_candidate
0
VERTEX
8
AI4M_02_EDGE_CHAIN
10
5147.075195
20
94.236021
30
0
0
VERTEX
8
AI4M_02_EDGE_CHAIN
10
4880
20
94.236021
30
0
0
VERTEX
8
AI4M_02_EDGE_CHAIN
10
4880
20
94.236021
30
0
0
VERTEX
8
AI4M_02_EDGE_CHAIN
10
4612.924805
20
94.236021
30
0
0
SEQEND
8
AI4M_02_EDGE_CHAIN
0
TEXT
8
AI4M_02_EDGE_CHAIN
10
5147.075195
20
94.236021
30
0
40
2.5
1
CHAIN_piece_10_top_hem_hem
1001
AI4MANUFACTURING
1000
WRITEBACK_PHASE=02_EDGE_CHAIN
1000
CHAIN=piece_10_top_hem
1000
PIECE_ID=piece_10
1000
EDGE=hem
1000
LINE_ROLE=net_boundary
1000
SOURCE=geometry_bbox_edge_chain_candidate
0
POLYLINE
8
AI4M_02_EDGE_CHAIN
66
1
70
0
1001
AI4MANUFACTURING
1000
WRITEBACK_PHASE=02_EDGE_CHAIN
1000
CHAIN=piece_10_top_construction_vertical
1000
PIECE_ID=piece_10
1000
EDGE=construction_vertical
1000
LINE_ROLE=net_boundary
1000
SOURCE=geometry_bbox_edge_chain_candidate
0
VERTEX
8
AI4M_02_EDGE_CHAIN
10
4880
20
772.295609
30
0
0
VERTEX
8
AI4M_02_EDGE_CHAIN
10
4880
20
94.236021
30
0
0
SEQEND
8
AI4M_02_EDGE_CHAIN
0
TEXT
8
AI4M_02_EDGE_CHAIN
10
4880
20
772.295609
30
0
40
2.5
1
CHAIN_piece_10_top_construction_vertical_construction_vertical
1001
AI4MANUFACTURING
1000
WRITEBACK_PHASE=02_EDGE_CHAIN
1000
CHAIN=piece_10_top_construction_vertical
1000
PIECE_ID=piece_10
1000
EDGE=construction_vertical
1000
LINE_ROLE=net_boundary
1000
SOURCE=geometry_bbox_edge_chain_candidate
0
POLYLINE
8
AI4M_02_EDGE_CHAIN
66
1
70
0
1001
AI4MANUFACTURING
1000
WRITEBACK_PHASE=02_EDGE_CHAIN
1000
CHAIN=piece_10_bottom_construction_horizontal
1000
PIECE_ID=piece_10
1000
EDGE=construction_horizontal
1000
LINE_ROLE=net_boundary
1000
SOURCE=geometry_bbox_edge_chain_candidate
0
VERTEX
8
AI4M_02_EDGE_CHAIN
10
4880
20
653.450394
30
0
0
VERTEX
8
AI4M_02_EDGE_CHAIN
10
4667.246094
20
653.450394
30
0
0
VERTEX
8
AI4M_02_EDGE_CHAIN
10
4880
20
653.450394
30
0
0
VERTEX
8
AI4M_02_EDGE_CHAIN
10
5092.753906
20
653.450394
30
0
0
SEQEND
8
AI4M_02_EDGE_CHAIN
0
TEXT
8
AI4M_02_EDGE_CHAIN
10
4880
20
653.450394
30
0
40
2.5
1
CHAIN_piece_10_bottom_construction_horizontal_construction_horizontal
1001
AI4MANUFACTURING
1000
WRITEBACK_PHASE=02_EDGE_CHAIN
1000
CHAIN=piece_10_bottom_construction_horizontal
1000
PIECE_ID=piece_10
1000
EDGE=construction_horizontal
1000
LINE_ROLE=net_boundary
1000
SOURCE=geometry_bbox_edge_chain_candidate
0
POLYLINE
8
AI4M_02_EDGE_CHAIN
66
1
70
0
1001
AI4MANUFACTURING
1000
WRITEBACK_PHASE=02_EDGE_CHAIN
1000
CHAIN=piece_18_left_construction_vertical
1000
PIECE_ID=piece_18
1000
EDGE=construction_vertical
1000
LINE_ROLE=net_boundary
1000
SOURCE=geometry_bbox_edge_chain_candidate
0
VERTEX
8
AI4M_02_EDGE_CHAIN
10
3931.882629
20
81.402931
30
0
0
VERTEX
8
AI4M_02_EDGE_CHAIN
10
3933.510742
20
103.306923
30
0
0
VERTEX
8
AI4M_02_EDGE_CHAIN
10
3931.882629
20
81.402931
30
0
0
VERTEX
8
AI4M_02_EDGE_CHAIN
10
3933.510742
20
103.306923
30
0
0
SEQEND
8
AI4M_02_EDGE_CHAIN
0
TEXT
8
AI4M_02_EDGE_CHAIN
10
3931.882629
20
81.402931
30
0
40
2.5
1
CHAIN_piece_18_left_construction_vertical_construction_vertical
1001
AI4MANUFACTURING
1000
WRITEBACK_PHASE=02_EDGE_CHAIN
1000
CHAIN=piece_18_left_construction_vertical
1000
PIECE_ID=piece_18
1000
EDGE=construction_vertical
1000
LINE_ROLE=net_boundary
1000
SOURCE=geometry_bbox_edge_chain_candidate
0
POLYLINE
8
AI4M_02_EDGE_CHAIN
66
1
70
0
1001
AI4MANUFACTURING
1000
WRITEBACK_PHASE=02_EDGE_CHAIN
1000
CHAIN=piece_18_left_side_seam
1000
PIECE_ID=piece_18
1000
EDGE=side_seam
1000
LINE_ROLE=net_boundary
1000
SOURCE=geometry_bbox_edge_chain_candidate
0
VERTEX
8
AI4M_02_EDGE_CHAIN
10
3933.510742
20
103.306923
30
0
0
VERTEX
8
AI4M_02_EDGE_CHAIN
10
3933.510742
20
251.47295
30
0
0
VERTEX
8
AI4M_02_EDGE_CHAIN
10
3933.510742
20
461.767235
30
0
0
VERTEX
8
AI4M_02_EDGE_CHAIN
10
3933.510742
20
572.048874
30
0
0
VERTEX
8
AI4M_02_EDGE_CHAIN
10
3942.510681
20
102.972927
30
0
0
VERTEX
8
AI4M_02_EDGE_CHAIN
10
3942.510681
20
251.47295
30
0
0
VERTEX
8
AI4M_02_EDGE_CHAIN
10
3942.510681
20
461.767235
30
0
0
VERTEX
8
AI4M_02_EDGE_CHAIN
10
3942.510681
20
566.70723
30
0
0
VERTEX
8
AI4M_02_EDGE_CHAIN
10
3933.510742
20
103.306923
30
0
0
VERTEX
8
AI4M_02_EDGE_CHAIN
10
3933.510742
20
251.47295
30
0
0
VERTEX
8
AI4M_02_EDGE_CHAIN
10
3933.510742
20
461.767235
30
0
0
VERTEX
8
AI4M_02_EDGE_CHAIN
10
3933.510742
20
572.048874
30
0
0
SEQEND
8
AI4M_02_EDGE_CHAIN
0
TEXT
8
AI4M_02_EDGE_CHAIN
10
3933.510742
20
103.306923
30
0
40
2.5
1
CHAIN_piece_18_left_side_seam_side_seam
1001
AI4MANUFACTURING
1000
WRITEBACK_PHASE=02_EDGE_CHAIN
1000
CHAIN=piece_18_left_side_seam
1000
PIECE_ID=piece_18
1000
EDGE=side_seam
1000
LINE_ROLE=net_boundary
1000
SOURCE=geometry_bbox_edge_chain_candidate
0
POLYLINE
8
AI4M_02_EDGE_CHAIN
66
1
70
0
1001
AI4MANUFACTURING
1000
WRITEBACK_PHASE=02_EDGE_CHAIN
1000
CHAIN=piece_18_left_armhole_back
1000
PIECE_ID=piece_18
1000
EDGE=armhole_back
1000
LINE_ROLE=net_boundary
1000
SOURCE=geometry_bbox_edge_chain_candidate
0
VERTEX
8
AI4M_02_EDGE_CHAIN
10
3933.510742
20
572.048874
30
0
0
VERTEX
8
AI4M_02_EDGE_CHAIN
10
3943.129263
20
573.886503
30
0
0
VERTEX
8
AI4M_02_EDGE_CHAIN
10
3949.040489
20
575.067735
30
0
0
VERTEX
8
AI4M_02_EDGE_CHAIN
10
3953.958953
20
576.288892
30
0
0
VERTEX
8
AI4M_02_EDGE_CHAIN
10
3958.095852
20
577.555464
30
0
0
VERTEX
8
AI4M_02_EDGE_CHAIN
10
3961.92633
20
578.982406
30
0
0
VERTEX
8
AI4M_02_EDGE_CHAIN
10
3965.643104
20
580.632776
30
0
0
VERTEX
8
AI4M_02_EDGE_CHAIN
10
3969.138946
20
582.453316
30
0
0
VERTEX
8
AI4M_02_EDGE_CHAIN
10
3972.515776
20
584.492643
30
0
0
VERTEX
8
AI4M_02_EDGE_CHAIN
10
3975.686261
20
586.695379
30
0
0
VERTEX
8
AI4M_02_EDGE_CHAIN
10
3978.663235
20
589.057109
30
0
0
VERTEX
8
AI4M_02_EDGE_CHAIN
10
3981.374573
20
591.517636
30
0
0
VERTEX
8
AI4M_02_EDGE_CHAIN
10
3984.290584
20
594.529692
30
0
0
VERTEX
8
AI4M_02_EDGE_CHAIN
10
3986.348867
20
596.954256
30
0
0
VERTEX
8
AI4M_02_EDGE_CHAIN
10
3990.419844
20
602.690878
30
0
0
VERTEX
8
AI4M_02_EDGE_CHAIN
10
3992.279084
20
605.813167
30
0
0
VERTEX
8
AI4M_02_EDGE_CHAIN
10
3994.385302
20
609.861049
30
0
0
VERTEX
8
AI4M_02_EDGE_CHAIN
10
3996.187438
20
613.845038
30
0
0
VERTEX
8
AI4M_02_EDGE_CHAIN
10
3997.810673
20
618.049391
30
0
0
VERTEX
8
AI4M_02_EDGE_CHAIN
10
3999.286556
20
622.583799
30
0
0
VERTEX
8
AI4M_02_EDGE_CHAIN
10
4000.568193
20
627.298638
30
0
0
VERTEX
8
AI4M_02_EDGE_CHAIN
10
4001.429819
20
631.335646
30
0
0
VERTEX
8
AI4M_02_EDGE_CHAIN
10
4002.85911
20
640.074124
30
0
0
VERTEX
8
AI4M_02_EDGE_CHAIN
10
4003.257159
20
644.486625
30
0
0
VERTEX
8
AI4M_02_EDGE_CHAIN
10
4003.736156
20
654.660207
30
0
0
VERTEX
8
AI4M_02_EDGE_CHAIN
10
4003.679007
20
660.224789
30
0
0
VERTEX
8
AI4M_02_EDGE_CHAIN
10
4003.330356
20
668.566197
30
0
0
VERTEX
8
AI4M_02_EDGE_CHAIN
10
4002.762058
20
676.339027
30
0
0
VERTEX
8
AI4M_02_EDGE_CHAIN
10
4001.867214
20
685.068034
30
0
0
VERTEX
8
AI4M_02_EDGE_CHAIN
10
4000.711757
20
693.974437
30
0
0
VERTEX
8
AI4M_02_EDGE_CHAIN
10
3999.300682
20
702.947102
30
0
0
VERTEX
8
AI4M_02_EDGE_CHAIN
10
3997.577703
20
712.279286
30
0
0
VERTEX
8
AI4M_02_EDGE_CHAIN
10
3995.304606
20
723.147693
30
0
0
VERTEX
8
AI4M_02_EDGE_CHAIN
10
3992.977902
20
733.140584
30
0
0
VERTEX
8
AI4M_02_EDGE_CHAIN
10
3989.265207
20
747.776809
30
0
0
VERTEX
8
AI4M_02_EDGE_CHAIN
10
3987.210999
20
756.089859
30
0
0
VERTEX
8
AI4M_02_EDGE_CHAIN
10
3942.510681
20
566.70723
30
0
0
VERTEX
8
AI4M_02_EDGE_CHAIN
10
3948.589839
20
567.802855
30
0
0
VERTEX
8
AI4M_02_EDGE_CHAIN
10
3953.816929
20
569.011589
30
0
0
VERTEX
8
AI4M_02_EDGE_CHAIN
10
3958.469101
20
570.318146
30
0
0
VERTEX
8
AI4M_02_EDGE_CHAIN
10
3962.588299
20
571.725976
30
0
0
VERTEX
8
AI4M_02_EDGE_CHAIN
10
3966.565982
20
573.348992
30
0
0
VERTEX
8
AI4M_02_EDGE_CHAIN
10
3970.341158
20
575.153425
30
0
0
VERTEX
8
AI4M_02_EDGE_CHAIN
10
3974.040438
20
577.201263
30
0
0
VERTEX
8
AI4M_02_EDGE_CHAIN
10
3977.504203
20
579.402058
30
0
0
VERTEX
8
AI4M_02_EDGE_CHAIN
10
3980.804647
20
581.79054
30
0
0
VERTEX
8
AI4M_02_EDGE_CHAIN
10
3983.886703
20
584.319604
30
0
0
VERTEX
8
AI4M_02_EDGE_CHAIN
10
3986.780279
20
587.007575
30
0
0
VERTEX
8
AI4M_02_EDGE_CHAIN
10
3989.460365
20
589.825302
30
0
0
VERTEX
8
AI4M_02_EDGE_CHAIN
10
3992.025791
20
592.877171
30
0
0
VERTEX
8
AI4M_02_EDGE_CHAIN
10
3994.471441
20
596.166096
30
0
0
VERTEX
8
AI4M_02_EDGE_CHAIN
10
3996.82052
20
599.743855
30
0
0
VERTEX
8
AI4M_02_EDGE_CHAIN
10
3999.041465
20
603.591204
30
0
0
VERTEX
8
AI4M_02_EDGE_CHAIN
10
4001.058199
20
607.58018
30
0
0
VERTEX
8
AI4M_02_EDGE_CHAIN
10
4002.90272
20
611.770773
30
0
0
VERTEX
8
AI4M_02_EDGE_CHAIN
10
4004.564744
20
616.152116
30
0
0
VERTEX
8
AI4M_02_EDGE_CHAIN
10
4006.047048
20
620.751236
30
0
0
VERTEX
8
AI4M_02_EDGE_CHAIN
10
4007.353945
20
625.624135
30
0
0
VERTEX
8
AI4M_02_EDGE_CHAIN
10
4008.448957
20
630.672761
30
0
0
VERTEX
8
AI4M_02_EDGE_CHAIN
10
4009.324914
20
635.867341
30
0
0
VERTEX
8
AI4M_02_EDGE_CHAIN
10
4009.994034
20
641.317461
30
0
0
VERTEX
8
AI4M_02_EDGE_CHAIN
10
4010.449988
20
647.063437
30
0
0
VERTEX
8
AI4M_02_EDGE_CHAIN
10
4010.685328
20
653.186329
30
0
0
VERTEX
8
AI4M_02_EDGE_CHAIN
10
4010.685521
20
659.830117
30
0
0
VERTEX
8
AI4M_02_EDGE_CHAIN
10
4010.428183
20
667.06253
30
0
0
VERTEX
8
AI4M_02_EDGE_CHAIN
10
4009.874939
20
675.270596
30
0
0
VERTEX
8
AI4M_02_EDGE_CHAIN
10
4009.035319
20
683.984341
30
0
0
VERTEX
8
AI4M_02_EDGE_CHAIN
10
4007.921075
20
692.974952
30
0
0
VERTEX
8
AI4M_02_EDGE_CHAIN
10
4006.546747
20
702.062346
30
0
0
VERTEX
8
AI4M_02_EDGE_CHAIN
10
4004.890857
20
711.347546
30
0
0
VERTEX
8
AI4M_02_EDGE_CHAIN
10
4002.769206
20
721.754973
30
0
0
VERTEX
8
AI4M_02_EDGE_CHAIN
10
4000.311205
20
732.592549
30
0
0
VERTEX
8
AI4M_02_EDGE_CHAIN
10
3997.16858
20
745.197132
30
0
0
VERTEX
8
AI4M_02_EDGE_CHAIN
10
3995.568237
20
751.293488
30
0
0
VERTEX
8
AI4M_02_EDGE_CHAIN
10
3933.510742
20
572.048874
30
0
0
VERTEX
8
AI4M_02_EDGE_CHAIN
10
3943.128967
20
573.88649
30
0
0
VERTEX
8
AI4M_02_EDGE_CHAIN
10
3949.040222
20
575.067711
30
0
0
VERTEX
8
AI4M_02_EDGE_CHAIN
10
3953.95874
20
576.288872
30
0
0
VERTEX
8
AI4M_02_EDGE_CHAIN
10
3958.095703
20
577.555428
30
0
0
VERTEX
8
AI4M_02_EDGE_CHAIN
10
3961.92627
20
578.982391
30
0
0
VERTEX
8
AI4M_02_EDGE_CHAIN
10
3965.643005
20
580.632706
30
0
0
VERTEX
8
AI4M_02_EDGE_CHAIN
10
3969.138794
20
582.453232
30
0
0
VERTEX
8
AI4M_02_EDGE_CHAIN
10
3972.515564
20
584.492569
30
0
0
VERTEX
8
AI4M_02_EDGE_CHAIN
10
3975.686035
20
586.695328
30
0
0
VERTEX
8
AI4M_02_EDGE_CHAIN
10
3978.66333
20
589.057083
30
0
0
VERTEX
8
AI4M_02_EDGE_CHAIN
10
3981.374512
20
591.517601
30
0
0
VERTEX
8
AI4M_02_EDGE_CHAIN
10
3984.290466
20
594.529648
30
0
0
VERTEX
8
AI4M_02_EDGE_CHAIN
10
3986.348877
20
596.954193
30
0
0
VERTEX
8
AI4M_02_EDGE_CHAIN
10
3990.419922
20
602.690811
30
0
0
VERTEX
8
AI4M_02_EDGE_CHAIN
10
3992.279053
20
605.813141
30
0
0
VERTEX
8
AI4M_02_EDGE_CHAIN
10
3994.385376
20
609.861031
30
0
0
VERTEX
8
AI4M_02_EDGE_CHAIN
10
3996.187439
20
613.845024
30
0
0
VERTEX
8
AI4M_02_EDGE_CHAIN
10
3997.810669
20
618.049355
30
0
0
VERTEX
8
AI4M_02_EDGE_CHAIN
10
3999.286499
20
622.583771
30
0
0
VERTEX
8
AI4M_02_EDGE_CHAIN
10
4000.568237
20
627.298584
30
0
0
VERTEX
8
AI4M_02_EDGE_CHAIN
10
4001.429749
20
631.335602
30
0
0
VERTEX
8
AI4M_02_EDGE_CHAIN
10
4002.858887
20
640.074081
30
0
0
VERTEX
8
AI4M_02_EDGE_CHAIN
10
4003.257141
20
644.486618
30
0
0
VERTEX
8
AI4M_02_EDGE_CHAIN
10
4003.736267
20
654.66011
30
0
0
VERTEX
8
AI4M_02_EDGE_CHAIN
10
4003.678894
20
660.224762
30
0
0
VERTEX
8
AI4M_02_EDGE_CHAIN
10
4003.330383
20
668.566132
30
0
0
VERTEX
8
AI4M_02_EDGE_CHAIN
10
4002.761841
20
676.338959
30
0
0
VERTEX
8
AI4M_02_EDGE_CHAIN
10
4001.867065
20
685.067978
30
0
0
VERTEX
8
AI4M_02_EDGE_CHAIN
10
4000.71167
20
693.97438
30
0
0
VERTEX
8
AI4M_02_EDGE_CHAIN
10
3999.300842
20
702.947006
30
0
0
VERTEX
8
AI4M_02_EDGE_CHAIN
10
3997.57782
20
712.279205
30
0
0
VERTEX
8
AI4M_02_EDGE_CHAIN
10
3995.304565
20
723.147659
30
0
0
VERTEX
8
AI4M_02_EDGE_CHAIN
10
3992.977905
20
733.140564
30
0
0
VERTEX
8
AI4M_02_EDGE_CHAIN
10
3989.265137
20
747.776794
30
0
0
VERTEX
8
AI4M_02_EDGE_CHAIN
10
3987.210999
20
756.089859
30
0
0
SEQEND
8
AI4M_02_EDGE_CHAIN
0
TEXT
8
AI4M_02_EDGE_CHAIN
10
3933.510742
20
572.048874
30
0
40
2.5
1
CHAIN_piece_18_left_armhole_back_armhole_back
1001
AI4MANUFACTURING
1000
WRITEBACK_PHASE=02_EDGE_CHAIN
1000
CHAIN=piece_18_left_armhole_back
1000
PIECE_ID=piece_18
1000
EDGE=armhole_back
1000
LINE_ROLE=net_boundary
1000
SOURCE=geometry_bbox_edge_chain_candidate
0
POLYLINE
8
AI4M_02_EDGE_CHAIN
66
1
70
0
1001
AI4MANUFACTURING
1000
WRITEBACK_PHASE=02_EDGE_CHAIN
1000
CHAIN=piece_18_bottom_neckline
1000
PIECE_ID=piece_18
1000
EDGE=neckline
1000
LINE_ROLE=net_boundary
1000
SOURCE=geometry_bbox_edge_chain_candidate
0
VERTEX
8
AI4M_02_EDGE_CHAIN
10
4134.350586
20
805.311737
30
0
0
VERTEX
8
AI4M_02_EDGE_CHAIN
10
4137.044157
20
793.73679
30
0
0
VERTEX
8
AI4M_02_EDGE_CHAIN
10
4139.050515
20
785.008114
30
0
0
VERTEX
8
AI4M_02_EDGE_CHAIN
10
4140.746026
20
778.725686
30
0
0
VERTEX
8
AI4M_02_EDGE_CHAIN
10
4142.605031
20
772.748488
30
0
0
VERTEX
8
AI4M_02_EDGE_CHAIN
10
4144.628511
20
767.05286
30
0
0
VERTEX
8
AI4M_02_EDGE_CHAIN
10
4147.317666
20
760.301336
30
0
0
VERTEX
8
AI4M_02_EDGE_CHAIN
10
4149.322362
20
755.800264
30
0
0
VERTEX
8
AI4M_02_EDGE_CHAIN
10
4153.653216
20
747.405002
30
0
0
VERTEX
8
AI4M_02_EDGE_CHAIN
10
4155.90748
20
743.661564
30
0
0
VERTEX
8
AI4M_02_EDGE_CHAIN
10
4158.627048
20
739.622398
30
0
0
VERTEX
8
AI4M_02_EDGE_CHAIN
10
4161.224297
20
736.188974
30
0
0
VERTEX
8
AI4M_02_EDGE_CHAIN
10
4163.946111
20
732.998919
30
0
0
VERTEX
8
AI4M_02_EDGE_CHAIN
10
4166.687245
20
730.153989
30
0
0
VERTEX
8
AI4M_02_EDGE_CHAIN
10
4169.57065
20
727.521216
30
0
0
VERTEX
8
AI4M_02_EDGE_CHAIN
10
4172.420764
20
725.248156
30
0
0
VERTEX
8
AI4M_02_EDGE_CHAIN
10
4175.268313
20
723.284744
30
0
0
VERTEX
8
AI4M_02_EDGE_CHAIN
10
4178.115184
20
721.619315
30
0
0
VERTEX
8
AI4M_02_EDGE_CHAIN
10
4180.960822
20
720.24346
30
0
0
VERTEX
8
AI4M_02_EDGE_CHAIN
10
4183.893782
20
719.106495
30
0
0
VERTEX
8
AI4M_02_EDGE_CHAIN
10
4187.0062
20
718.167282
30
0
0
VERTEX
8
AI4M_02_EDGE_CHAIN
10
4190.228587
20
717.449619
30
0
0
VERTEX
8
AI4M_02_EDGE_CHAIN
10
4194.119666
20
716.859597
30
0
0
VERTEX
8
AI4M_02_EDGE_CHAIN
10
4198.377144
20
716.458375
30
0
0
VERTEX
8
AI4M_02_EDGE_CHAIN
10
4200
20
716.37085
30
0
0
VERTEX
8
AI4M_02_EDGE_CHAIN
10
4200.007341
20
718.870836
30
0
0
VERTEX
8
AI4M_02_EDGE_CHAIN
10
4199.992758
20
713.870858
30
0
0
VERTEX
8
AI4M_02_EDGE_CHAIN
10
4200
20
716.37085
30
0
0
VERTEX
8
AI4M_02_EDGE_CHAIN
10
4204.33955
20
716.68579
30
0
0
VERTEX
8
AI4M_02_EDGE_CHAIN
10
4208.550333
20
717.237446
30
0
0
VERTEX
8
AI4M_02_EDGE_CHAIN
10
4211.954723
20
717.908763
30
0
0
VERTEX
8
AI4M_02_EDGE_CHAIN
10
4215.137867
20
718.786822
30
0
0
VERTEX
8
AI4M_02_EDGE_CHAIN
10
4218.112983
20
719.855297
30
0
0
VERTEX
8
AI4M_02_EDGE_CHAIN
10
4220.90682
20
721.114643
30
0
0
VERTEX
8
AI4M_02_EDGE_CHAIN
10
4223.665348
20
722.626384
30
0
0
VERTEX
8
AI4M_02_EDGE_CHAIN
10
4226.508796
20
724.474716
30
0
0
VERTEX
8
AI4M_02_EDGE_CHAIN
10
4229.327328
20
726.60492
30
0
0
VERTEX
8
AI4M_02_EDGE_CHAIN
10
4232.152425
20
729.052214
30
0
0
VERTEX
8
AI4M_02_EDGE_CHAIN
10
4234.946567
20
731.807374
30
0
0
VERTEX
8
AI4M_02_EDGE_CHAIN
10
4237.646192
20
734.818122
30
0
0
VERTEX
8
AI4M_02_EDGE_CHAIN
10
4240.252373
20
738.090571
30
0
0
VERTEX
8
AI4M_02_EDGE_CHAIN
10
4242.836325
20
741.740071
30
0
0
VERTEX
8
AI4M_02_EDGE_CHAIN
10
4245.443121
20
745.847156
30
0
0
VERTEX
8
AI4M_02_EDGE_CHAIN
10
4247.407222
20
749.367423
30
0
0
VERTEX
8
AI4M_02_EDGE_CHAIN
10
4251.259685
20
757.043544
30
0
0
VERTEX
8
AI4M_02_EDGE_CHAIN
10
4253.454265
20
762.173358
30
0
0
VERTEX
8
AI4M_02_EDGE_CHAIN
10
4255.949185
20
768.607258
30
0
0
VERTEX
8
AI4M_02_EDGE_CHAIN
10
4257.913756
20
774.336392
30
0
0
VERTEX
8
AI4M_02_EDGE_CHAIN
10
4259.754544
20
780.484557
30
0
0
VERTEX
8
AI4M_02_EDGE_CHAIN
10
4261.368591
20
786.723859
30
0
0
VERTEX
8
AI4M_02_EDGE_CHAIN
10
4264.701993
20
801.377707
30
0
0
VERTEX
8
AI4M_02_EDGE_CHAIN
10
4265.649414
20
805.311737
30
0
0
VERTEX
8
AI4M_02_EDGE_CHAIN
10
4129.394531
20
796.057587
30
0
0
VERTEX
8
AI4M_02_EDGE_CHAIN
10
4131.505348
20
786.421776
30
0
0
VERTEX
8
AI4M_02_EDGE_CHAIN
10
4133.239609
20
779.566548
30
0
0
VERTEX
8
AI4M_02_EDGE_CHAIN
10
4135.06195
20
773.331829
30
0
0
VERTEX
8
AI4M_02_EDGE_CHAIN
10
4137.073255
20
767.318119
30
0
0
VERTEX
8
AI4M_02_EDGE_CHAIN
10
4139.336412
20
761.323125
30
0
0
VERTEX
8
AI4M_02_EDGE_CHAIN
10
4141.800391
20
755.471692
30
0
0
VERTEX
8
AI4M_02_EDGE_CHAIN
10
4144.33722
20
750.057856
30
0
0
VERTEX
8
AI4M_02_EDGE_CHAIN
10
4146.858772
20
745.231415
30
0
0
VERTEX
8
AI4M_02_EDGE_CHAIN
10
4149.423852
20
740.834245
30
0
0
VERTEX
8
AI4M_02_EDGE_CHAIN
10
4152.054032
20
736.799355
30
0
0
VERTEX
8
AI4M_02_EDGE_CHAIN
10
4154.753141
20
733.095098
30
0
0
VERTEX
8
AI4M_02_EDGE_CHAIN
10
4157.536825
20
729.680103
30
0
0
VERTEX
8
AI4M_02_EDGE_CHAIN
10
4160.384747
20
726.562785
30
0
0
VERTEX
8
AI4M_02_EDGE_CHAIN
10
4163.329251
20
723.697374
30
0
0
VERTEX
8
AI4M_02_EDGE_CHAIN
10
4166.31034
20
721.130116
30
0
0
VERTEX
8
AI4M_02_EDGE_CHAIN
10
4169.344455
20
718.833335
30
0
0
VERTEX
8
AI4M_02_EDGE_CHAIN
10
4172.362175
20
716.848009
30
0
0
VERTEX
8
AI4M_02_EDGE_CHAIN
10
4175.408293
20
715.134828
30
0
0
VERTEX
8
AI4M_02_EDGE_CHAIN
10
4178.451276
20
713.702714
30
0
0
VERTEX
8
AI4M_02_EDGE_CHAIN
10
4181.629898
20
712.48268
30
0
0
VERTEX
8
AI4M_02_EDGE_CHAIN
10
4184.974002
20
711.464037
30
0
0
VERTEX
8
AI4M_02_EDGE_CHAIN
10
4188.476435
20
710.657572
30
0
0
VERTEX
8
AI4M_02_EDGE_CHAIN
10
4192.430461
20
710.018797
30
0
0
VERTEX
8
AI4M_02_EDGE_CHAIN
10
4196.952939
20
709.541995
30
0
0
VERTEX
8
AI4M_02_EDGE_CHAIN
10
4200
20
709.363861
30
0
0
VERTEX
8
AI4M_02_EDGE_CHAIN
10
4199.98241
20
711.863819
30
0
0
VERTEX
8
AI4M_02_EDGE_CHAIN
10
4200.016784
20
706.863937
30
0
0
VERTEX
8
AI4M_02_EDGE_CHAIN
10
4200
20
709.363861
30
0
0
VERTEX
8
AI4M_02_EDGE_CHAIN
10
4205.07995
20
709.728132
30
0
0
VERTEX
8
AI4M_02_EDGE_CHAIN
10
4209.495289
20
710.298596
30
0
0
VERTEX
8
AI4M_02_EDGE_CHAIN
10
4213.157168
20
711.002343
30
0
0
VERTEX
8
AI4M_02_EDGE_CHAIN
10
4216.568521
20
711.902508
30
0
0
VERTEX
8
AI4M_02_EDGE_CHAIN
10
4219.869763
20
713.025776
30
0
0
VERTEX
8
AI4M_02_EDGE_CHAIN
10
4222.96031
20
714.33285
30
0
0
VERTEX
8
AI4M_02_EDGE_CHAIN
10
4225.984495
20
715.882602
30
0
0
VERTEX
8
AI4M_02_EDGE_CHAIN
10
4229.028175
20
717.72669
30
0
0
VERTEX
8
AI4M_02_EDGE_CHAIN
10
4232.07793
20
719.871652
30
0
0
VERTEX
8
AI4M_02_EDGE_CHAIN
10
4235.118473
20
722.320803
30
0
0
VERTEX
8
AI4M_02_EDGE_CHAIN
10
4238.065442
20
725.011834
30
0
0
VERTEX
8
AI4M_02_EDGE_CHAIN
10
4240.95562
20
727.9853
30
0
0
VERTEX
8
AI4M_02_EDGE_CHAIN
10
4243.75974
20
731.222727
30
0
0
VERTEX
8
AI4M_02_EDGE_CHAIN
10
4246.524549
20
734.797095
30
0
0
VERTEX
8
AI4M_02_EDGE_CHAIN
10
4249.19355
20
738.657223
30
0
0
VERTEX
8
AI4M_02_EDGE_CHAIN
10
4251.78027
20
742.837875
30
0
0
VERTEX
8
AI4M_02_EDGE_CHAIN
10
4254.309705
20
747.402357
30
0
0
VERTEX
8
AI4M_02_EDGE_CHAIN
10
4256.824132
20
752.464426
30
0
0
VERTEX
8
AI4M_02_EDGE_CHAIN
10
4259.341404
20
758.107754
30
0
0
VERTEX
8
AI4M_02_EDGE_CHAIN
10
4261.735518
20
764.07635
30
0
0
VERTEX
8
AI4M_02_EDGE_CHAIN
10
4263.872255
20
770.050075
30
0
0
VERTEX
8
AI4M_02_EDGE_CHAIN
10
4265.774633
20
776.087369
30
0
0
VERTEX
8
AI4M_02_EDGE_CHAIN
10
4267.544015
20
782.533479
30
0
0
VERTEX
8
AI4M_02_EDGE_CHAIN
10
4269.285679
20
789.862887
30
0
0
VERTEX
8
AI4M_02_EDGE_CHAIN
10
4270.605469
20
796.057587
30
0
0
VERTEX
8
AI4M_02_EDGE_CHAIN
10
4200
20
711.863861
30
0
0
VERTEX
8
AI4M_02_EDGE_CHAIN
10
4200
20
706.863861
30
0
0
VERTEX
8
AI4M_02_EDGE_CHAIN
10
4200
20
716.37085
30
0
0
VERTEX
8
AI4M_02_EDGE_CHAIN
10
4204.3396
20
716.685791
30
0
0
VERTEX
8
AI4M_02_EDGE_CHAIN
10
4208.550415
20
717.237473
30
0
0
VERTEX
8
AI4M_02_EDGE_CHAIN
10
4211.954956
20
717.908783
30
0
0
VERTEX
8
AI4M_02_EDGE_CHAIN
10
4215.137939
20
718.78685
30
0
0
VERTEX
8
AI4M_02_EDGE_CHAIN
10
4218.113098
20
719.855347
30
0
0
VERTEX
8
AI4M_02_EDGE_CHAIN
10
4220.906982
20
721.114731
30
0
0
VERTEX
8
AI4M_02_EDGE_CHAIN
10
4223.665466
20
722.626419
30
0
0
VERTEX
8
AI4M_02_EDGE_CHAIN
10
4226.508789
20
724.474792
30
0
0
VERTEX
8
AI4M_02_EDGE_CHAIN
10
4229.327393
20
726.604996
30
0
0
VERTEX
8
AI4M_02_EDGE_CHAIN
10
4232.152405
20
729.0522
30
0
0
VERTEX
8
AI4M_02_EDGE_CHAIN
10
4234.946594
20
731.807327
30
0
0
VERTEX
8
AI4M_02_EDGE_CHAIN
10
4237.646179
20
734.818115
30
0
0
VERTEX
8
AI4M_02_EDGE_CHAIN
10
4240.25238
20
738.090591
30
0
0
VERTEX
8
AI4M_02_EDGE_CHAIN
10
4242.836304
20
741.740036
30
0
0
VERTEX
8
AI4M_02_EDGE_CHAIN
10
4245.443115
20
745.847168
30
0
0
VERTEX
8
AI4M_02_EDGE_CHAIN
10
4247.407227
20
749.367447
30
0
0
VERTEX
8
AI4M_02_EDGE_CHAIN
10
4251.259766
20
757.04361
30
0
0
VERTEX
8
AI4M_02_EDGE_CHAIN
10
4253.454285
20
762.173386
30
0
0
VERTEX
8
AI4M_02_EDGE_CHAIN
10
4255.949097
20
768.607254
30
0
0
VERTEX
8
AI4M_02_EDGE_CHAIN
10
4257.913818
20
774.336395
30
0
0
VERTEX
8
AI4M_02_EDGE_CHAIN
10
4259.754639
20
780.484543
30
0
0
VERTEX
8
AI4M_02_EDGE_CHAIN
10
4261.368713
20
786.723862
30
0
0
VERTEX
8
AI4M_02_EDGE_CHAIN
10
4264.701843
20
801.377716
30
0
0
VERTEX
8
AI4M_02_EDGE_CHAIN
10
4265.649414
20
805.311737
30
0
0
VERTEX
8
AI4M_02_EDGE_CHAIN
10
4134.350586
20
805.311737
30
0
0
VERTEX
8
AI4M_02_EDGE_CHAIN
10
4137.044067
20
793.736877
30
0
0
VERTEX
8
AI4M_02_EDGE_CHAIN
10
4139.050598
20
785.008163
30
0
0
VERTEX
8
AI4M_02_EDGE_CHAIN
10
4140.746155
20
778.725739
30
0
0
VERTEX
8
AI4M_02_EDGE_CHAIN
10
4142.60498
20
772.748566
30
0
0
VERTEX
8
AI4M_02_EDGE_CHAIN
10
4144.628296
20
767.052917
30
0
0
VERTEX
8
AI4M_02_EDGE_CHAIN
10
4147.317505
20
760.301437
30
0
0
VERTEX
8
AI4M_02_EDGE_CHAIN
10
4149.322205
20
755.8004
30
0
0
VERTEX
8
AI4M_02_EDGE_CHAIN
10
4153.652954
20
747.40509
30
0
0
VERTEX
8
AI4M_02_EDGE_CHAIN
10
4155.907288
20
743.661652
30
0
0
VERTEX
8
AI4M_02_EDGE_CHAIN
10
4158.627014
20
739.622498
30
0
0
VERTEX
8
AI4M_02_EDGE_CHAIN
10
4161.22406
20
736.189117
30
0
0
VERTEX
8
AI4M_02_EDGE_CHAIN
10
4163.945923
20
732.999039
30
0
0
VERTEX
8
AI4M_02_EDGE_CHAIN
10
4166.687012
20
730.154114
30
0
0
VERTEX
8
AI4M_02_EDGE_CHAIN
10
4169.570618
20
727.521362
30
0
0
VERTEX
8
AI4M_02_EDGE_CHAIN
10
4172.420654
20
725.24826
30
0
0
VERTEX
8
AI4M_02_EDGE_CHAIN
10
4175.26825
20
723.284836
30
0
0
VERTEX
8
AI4M_02_EDGE_CHAIN
10
4178.114929
20
721.619415
30
0
0
VERTEX
8
AI4M_02_EDGE_CHAIN
10
4180.960693
20
720.24353
30
0
0
VERTEX
8
AI4M_02_EDGE_CHAIN
10
4183.893433
20
719.106522
30
0
0
VERTEX
8
AI4M_02_EDGE_CHAIN
10
4187.00592
20
718.167267
30
0
0
VERTEX
8
AI4M_02_EDGE_CHAIN
10
4190.228577
20
717.449646
30
0
0
VERTEX
8
AI4M_02_EDGE_CHAIN
10
4194.119568
20
716.859589
30
0
0
VERTEX
8
AI4M_02_EDGE_CHAIN
10
4198.377075
20
716.458359
30
0
0
VERTEX
8
AI4M_02_EDGE_CHAIN
10
4200
20
716.37085
30
0
0
SEQEND
8
AI4M_02_EDGE_CHAIN
0
TEXT
8
AI4M_02_EDGE_CHAIN
10
4134.350586
20
805.311737
30
0
40
2.5
1
CHAIN_piece_18_bottom_neckline_neckline
1001
AI4MANUFACTURING
1000
WRITEBACK_PHASE=02_EDGE_CHAIN
1000
CHAIN=piece_18_bottom_neckline
1000
PIECE_ID=piece_18
1000
EDGE=neckline
1000
LINE_ROLE=net_boundary
1000
SOURCE=geometry_bbox_edge_chain_candidate
0
POLYLINE
8
AI4M_02_EDGE_CHAIN
66
1
70
0
1001
AI4MANUFACTURING
1000
WRITEBACK_PHASE=02_EDGE_CHAIN
1000
CHAIN=piece_18_right_armhole_back
1000
PIECE_ID=piece_18
1000
EDGE=armhole_back
1000
LINE_ROLE=net_boundary
1000
SOURCE=geometry_bbox_edge_chain_candidate
0
VERTEX
8
AI4M_02_EDGE_CHAIN
10
4412.789001
20
756.089859
30
0
0
VERTEX
8
AI4M_02_EDGE_CHAIN
10
4409.108824
20
741.397018
30
0
0
VERTEX
8
AI4M_02_EDGE_CHAIN
10
4406.145017
20
729.498228
30
0
0
VERTEX
8
AI4M_02_EDGE_CHAIN
10
4403.839787
20
719.193995
30
0
0
VERTEX
8
AI4M_02_EDGE_CHAIN
10
4401.751577
20
708.800575
30
0
0
VERTEX
8
AI4M_02_EDGE_CHAIN
10
4400.170484
20
699.764791
30
0
0
VERTEX
8
AI4M_02_EDGE_CHAIN
10
4398.851703
20
690.825544
30
0
0
VERTEX
8
AI4M_02_EDGE_CHAIN
10
4397.782679
20
681.920197
30
0
0
VERTEX
8
AI4M_02_EDGE_CHAIN
10
4396.997218
20
673.42889
30
0
0
VERTEX
8
AI4M_02_EDGE_CHAIN
10
4396.52136
20
665.692294
30
0
0
VERTEX
8
AI4M_02_EDGE_CHAIN
10
4396.263287
20
657.445725
30
0
0
VERTEX
8
AI4M_02_EDGE_CHAIN
10
4396.317229
20
652.67778
30
0
0
VERTEX
8
AI4M_02_EDGE_CHAIN
10
4396.867921
20
642.797952
30
0
0
VERTEX
8
AI4M_02_EDGE_CHAIN
10
4397.31721
20
638.73412
30
0
0
VERTEX
8
AI4M_02_EDGE_CHAIN
10
4398.89692
20
629.664679
30
0
0
VERTEX
8
AI4M_02_EDGE_CHAIN
10
4399.927964
20
625.358243
30
0
0
VERTEX
8
AI4M_02_EDGE_CHAIN
10
4401.351566
20
620.525431
30
0
0
VERTEX
8
AI4M_02_EDGE_CHAIN
10
4402.896676
20
616.131614
30
0
0
VERTEX
8
AI4M_02_EDGE_CHAIN
10
4404.594545
20
612.041692
30
0
0
VERTEX
8
AI4M_02_EDGE_CHAIN
10
4406.504589
20
608.08648
30
0
0
VERTEX
8
AI4M_02_EDGE_CHAIN
10
4408.614405
20
604.253251
30
0
0
VERTEX
8
AI4M_02_EDGE_CHAIN
10
4410.402733
20
601.466212
30
0
0
VERTEX
8
AI4M_02_EDGE_CHAIN
10
4414.201349
20
596.266557
30
0
0
VERTEX
8
AI4M_02_EDGE_CHAIN
10
4416.482489
20
593.696121
30
0
0
VERTEX
8
AI4M_02_EDGE_CHAIN
10
4419.372795
20
590.805755
30
0
0
VERTEX
8
AI4M_02_EDGE_CHAIN
10
4422.099739
20
588.421399
30
0
0
VERTEX
8
AI4M_02_EDGE_CHAIN
10
4425.189173
20
586.057089
30
0
0
VERTEX
8
AI4M_02_EDGE_CHAIN
10
4428.442638
20
583.883467
30
0
0
VERTEX
8
AI4M_02_EDGE_CHAIN
10
4431.782324
20
581.946416
30
0
0
VERTEX
8
AI4M_02_EDGE_CHAIN
10
4435.310982
20
580.182437
30
0
0
VERTEX
8
AI4M_02_EDGE_CHAIN
10
4439.042735
20
578.596371
30
0
0
VERTEX
8
AI4M_02_EDGE_CHAIN
10
4442.874425
20
577.234556
30
0
0
VERTEX
8
AI4M_02_EDGE_CHAIN
10
4447.125971
20
575.996444
30
0
0
VERTEX
8
AI4M_02_EDGE_CHAIN
10
4452.109737
20
574.816706
30
0
0
VERTEX
8
AI4M_02_EDGE_CHAIN
10
4458.647681
20
573.56615
30
0
0
VERTEX
8
AI4M_02_EDGE_CHAIN
10
4466.489258
20
572.048874
30
0
0
VERTEX
8
AI4M_02_EDGE_CHAIN
10
4404.431763
20
751.293488
30
0
0
VERTEX
8
AI4M_02_EDGE_CHAIN
10
4400.951795
20
737.826583
30
0
0
VERTEX
8
AI4M_02_EDGE_CHAIN
10
4398.166649
20
725.987621
30
0
0
VERTEX
8
AI4M_02_EDGE_CHAIN
10
4395.881856
20
715.292993
30
0
0
VERTEX
8
AI4M_02_EDGE_CHAIN
10
4394.09861
20
705.848816
30
0
0
VERTEX
8
AI4M_02_EDGE_CHAIN
10
4392.613477
20
696.704064
30
0
0
VERTEX
8
AI4M_02_EDGE_CHAIN
10
4391.394162
20
687.695904
30
0
0
VERTEX
8
AI4M_02_EDGE_CHAIN
10
4390.445255
20
678.891993
30
0
0
VERTEX
8
AI4M_02_EDGE_CHAIN
10
4389.764586
20
670.362838
30
0
0
VERTEX
8
AI4M_02_EDGE_CHAIN
10
4389.390962
20
662.821775
30
0
0
VERTEX
8
AI4M_02_EDGE_CHAIN
10
4389.284536
20
655.973225
30
0
0
VERTEX
8
AI4M_02_EDGE_CHAIN
10
4389.42233
20
649.616886
30
0
0
VERTEX
8
AI4M_02_EDGE_CHAIN
10
4389.789116
20
643.679101
30
0
0
VERTEX
8
AI4M_02_EDGE_CHAIN
10
4390.376422
20
638.060503
30
0
0
VERTEX
8
AI4M_02_EDGE_CHAIN
10
4391.173406
20
632.738502
30
0
0
VERTEX
8
AI4M_02_EDGE_CHAIN
10
4392.177761
20
627.643399
30
0
0
VERTEX
8
AI4M_02_EDGE_CHAIN
10
4393.389036
20
622.737509
30
0
0
VERTEX
8
AI4M_02_EDGE_CHAIN
10
4394.800868
20
618.024793
30
0
0
VERTEX
8
AI4M_02_EDGE_CHAIN
10
4396.395945
20
613.537363
30
0
0
VERTEX
8
AI4M_02_EDGE_CHAIN
10
4398.162812
20
609.277461
30
0
0
VERTEX
8
AI4M_02_EDGE_CHAIN
10
4400.134501
20
605.15669
30
0
0
VERTEX
8
AI4M_02_EDGE_CHAIN
10
4402.259729
20
601.276383
30
0
0
VERTEX
8
AI4M_02_EDGE_CHAIN
10
4404.531883
20
597.629097
30
0
0
VERTEX
8
AI4M_02_EDGE_CHAIN
10
4406.9403
20
594.218483
30
0
0
VERTEX
8
AI4M_02_EDGE_CHAIN
10
4409.45582
20
591.06922
30
0
0
VERTEX
8
AI4M_02_EDGE_CHAIN
10
4412.125225
20
588.116179
30
0
0
VERTEX
8
AI4M_02_EDGE_CHAIN
10
4414.949208
20
585.3611
30
0
0
VERTEX
8
AI4M_02_EDGE_CHAIN
10
4417.998865
20
582.73537
30
0
0
VERTEX
8
AI4M_02_EDGE_CHAIN
10
4421.244258
20
580.272066
30
0
0
VERTEX
8
AI4M_02_EDGE_CHAIN
10
4424.601728
20
578.029283
30
0
0
VERTEX
8
AI4M_02_EDGE_CHAIN
10
4428.112932
20
575.973519
30
0
0
VERTEX
8
AI4M_02_EDGE_CHAIN
10
4431.816406
20
574.089091
30
0
0
VERTEX
8
AI4M_02_EDGE_CHAIN
10
4435.652679
20
572.410361
30
0
0
VERTEX
8
AI4M_02_EDGE_CHAIN
10
4439.681691
20
570.917429
30
0
0
VERTEX
8
AI4M_02_EDGE_CHAIN
10
4443.965964
20
569.601842
30
0
0
VERTEX
8
AI4M_02_EDGE_CHAIN
10
4449.001435
20
568.331393
30
0
0
VERTEX
8
AI4M_02_EDGE_CHAIN
10
4454.114288
20
567.280424
30
0
0
VERTEX
8
AI4M_02_EDGE_CHAIN
10
4457.489319
20
566.70723
30
0
0
VERTEX
8
AI4M_02_EDGE_CHAIN
10
4412.789001
20
756.089859
30
0
0
VERTEX
8
AI4M_02_EDGE_CHAIN
10
4409.108582
20
741.396942
30
0
0
VERTEX
8
AI4M_02_EDGE_CHAIN
10
4406.14502
20
729.498138
30
0
0
VERTEX
8
AI4M_02_EDGE_CHAIN
10
4403.839722
20
719.193878
30
0
0
VERTEX
8
AI4M_02_EDGE_CHAIN
10
4401.751709
20
708.80043
30
0
0
VERTEX
8
AI4M_02_EDGE_CHAIN
10
4400.170593
20
699.764709
30
0
0
VERTEX
8
AI4M_02_EDGE_CHAIN
10
4398.851624
20
690.825424
30
0
0
VERTEX
8
AI4M_02_EDGE_CHAIN
10
4397.782593
20
681.92009
30
0
0
VERTEX
8
AI4M_02_EDGE_CHAIN
10
4396.99707
20
673.428802
30
0
0
VERTEX
8
AI4M_02_EDGE_CHAIN
10
4396.521301
20
665.692215
30
0
0
VERTEX
8
AI4M_02_EDGE_CHAIN
10
4396.263123
20
657.445602
30
0
0
VERTEX
8
AI4M_02_EDGE_CHAIN
10
4396.317139
20
652.677689
30
0
0
VERTEX
8
AI4M_02_EDGE_CHAIN
10
4396.867981
20
642.797852
30
0
0
VERTEX
8
AI4M_02_EDGE_CHAIN
10
4397.3172
20
638.734016
30
0
0
VERTEX
8
AI4M_02_EDGE_CHAIN
10
4398.89679
20
629.664612
30
0
0
VERTEX
8
AI4M_02_EDGE_CHAIN
10
4399.927979
20
625.358162
30
0
0
VERTEX
8
AI4M_02_EDGE_CHAIN
10
4401.351624
20
620.52536
30
0
0
VERTEX
8
AI4M_02_EDGE_CHAIN
10
4402.896729
20
616.131554
30
0
0
VERTEX
8
AI4M_02_EDGE_CHAIN
10
4404.594421
20
612.041626
30
0
0
VERTEX
8
AI4M_02_EDGE_CHAIN
10
4406.504517
20
608.086433
30
0
0
VERTEX
8
AI4M_02_EDGE_CHAIN
10
4408.614502
20
604.253159
30
0
0
VERTEX
8
AI4M_02_EDGE_CHAIN
10
4410.402832
20
601.466103
30
0
0
VERTEX
8
AI4M_02_EDGE_CHAIN
10
4414.201355
20
596.266441
30
0
0
VERTEX
8
AI4M_02_EDGE_CHAIN
10
4416.482544
20
593.69606
30
0
0
VERTEX
8
AI4M_02_EDGE_CHAIN
10
4419.372864
20
590.805664
30
0
0
VERTEX
8
AI4M_02_EDGE_CHAIN
10
4422.099915
20
588.421288
30
0
0
VERTEX
8
AI4M_02_EDGE_CHAIN
10
4425.189209
20
586.057014
30
0
0
VERTEX
8
AI4M_02_EDGE_CHAIN
10
4428.442688
20
583.8834
30
0
0
VERTEX
8
AI4M_02_EDGE_CHAIN
10
4431.782532
20
581.946373
30
0
0
VERTEX
8
AI4M_02_EDGE_CHAIN
10
4435.310974
20
580.182419
30
0
0
VERTEX
8
AI4M_02_EDGE_CHAIN
10
4439.042664
20
578.596344
30
0
0
VERTEX
8
AI4M_02_EDGE_CHAIN
10
4442.874451
20
577.234535
30
0
0
VERTEX
8
AI4M_02_EDGE_CHAIN
10
4447.12616
20
575.996437
30
0
0
VERTEX
8
AI4M_02_EDGE_CHAIN
10
4452.109985
20
574.816666
30
0
0
VERTEX
8
AI4M_02_EDGE_CHAIN
10
4458.647766
20
573.566132
30
0
0
VERTEX
8
AI4M_02_EDGE_CHAIN
10
4466.489258
20
572.048874
30
0
0
SEQEND
8
AI4M_02_EDGE_CHAIN
0
TEXT
8
AI4M_02_EDGE_CHAIN
10
4412.789001
20
756.089859
30
0
40
2.5
1
CHAIN_piece_18_right_armhole_back_armhole_back
1001
AI4MANUFACTURING
1000
WRITEBACK_PHASE=02_EDGE_CHAIN
1000
CHAIN=piece_18_right_armhole_back
1000
PIECE_ID=piece_18
1000
EDGE=armhole_back
1000
LINE_ROLE=net_boundary
1000
SOURCE=geometry_bbox_edge_chain_candidate
0
POLYLINE
8
AI4M_02_EDGE_CHAIN
66
1
70
0
1001
AI4MANUFACTURING
1000
WRITEBACK_PHASE=02_EDGE_CHAIN
1000
CHAIN=piece_18_right_side_seam
1000
PIECE_ID=piece_18
1000
EDGE=side_seam
1000
LINE_ROLE=net_boundary
1000
SOURCE=geometry_bbox_edge_chain_candidate
0
VERTEX
8
AI4M_02_EDGE_CHAIN
10
4466.489258
20
572.048874
30
0
0
VERTEX
8
AI4M_02_EDGE_CHAIN
10
4466.489258
20
461.767235
30
0
0
VERTEX
8
AI4M_02_EDGE_CHAIN
10
4466.489258
20
251.47295
30
0
0
VERTEX
8
AI4M_02_EDGE_CHAIN
10
4466.489258
20
103.306923
30
0
0
VERTEX
8
AI4M_02_EDGE_CHAIN
10
4457.489319
20
566.70723
30
0
0
VERTEX
8
AI4M_02_EDGE_CHAIN
10
4457.489319
20
461.767235
30
0
0
VERTEX
8
AI4M_02_EDGE_CHAIN
10
4457.489319
20
251.47295
30
0
0
VERTEX
8
AI4M_02_EDGE_CHAIN
10
4457.489319
20
102.972927
30
0
0
VERTEX
8
AI4M_02_EDGE_CHAIN
10
4466.489258
20
572.048874
30
0
0
VERTEX
8
AI4M_02_EDGE_CHAIN
10
4466.489258
20
461.767235
30
0
0
VERTEX
8
AI4M_02_EDGE_CHAIN
10
4466.489258
20
251.47295
30
0
0
VERTEX
8
AI4M_02_EDGE_CHAIN
10
4466.489258
20
103.306923
30
0
0
SEQEND
8
AI4M_02_EDGE_CHAIN
0
TEXT
8
AI4M_02_EDGE_CHAIN
10
4466.489258
20
572.048874
30
0
40
2.5
1
CHAIN_piece_18_right_side_seam_side_seam
1001
AI4MANUFACTURING
1000
WRITEBACK_PHASE=02_EDGE_CHAIN
1000
CHAIN=piece_18_right_side_seam
1000
PIECE_ID=piece_18
1000
EDGE=side_seam
1000
LINE_ROLE=net_boundary
1000
SOURCE=geometry_bbox_edge_chain_candidate
0
POLYLINE
8
AI4M_02_EDGE_CHAIN
66
1
70
0
1001
AI4MANUFACTURING
1000
WRITEBACK_PHASE=02_EDGE_CHAIN
1000
CHAIN=piece_18_right_construction_vertical
1000
PIECE_ID=piece_18
1000
EDGE=construction_vertical
1000
LINE_ROLE=net_boundary
1000
SOURCE=geometry_bbox_edge_chain_candidate
0
VERTEX
8
AI4M_02_EDGE_CHAIN
10
4466.489258
20
103.306923
30
0
0
VERTEX
8
AI4M_02_EDGE_CHAIN
10
4468.117371
20
81.402931
30
0
0
VERTEX
8
AI4M_02_EDGE_CHAIN
10
4466.489258
20
103.306923
30
0
0
VERTEX
8
AI4M_02_EDGE_CHAIN
10
4468.117371
20
81.402931
30
0
0
SEQEND
8
AI4M_02_EDGE_CHAIN
0
TEXT
8
AI4M_02_EDGE_CHAIN
10
4466.489258
20
103.306923
30
0
40
2.5
1
CHAIN_piece_18_right_construction_vertical_construction_vertical
1001
AI4MANUFACTURING
1000
WRITEBACK_PHASE=02_EDGE_CHAIN
1000
CHAIN=piece_18_right_construction_vertical
1000
PIECE_ID=piece_18
1000
EDGE=construction_vertical
1000
LINE_ROLE=net_boundary
1000
SOURCE=geometry_bbox_edge_chain_candidate
0
POLYLINE
8
AI4M_02_EDGE_CHAIN
66
1
70
0
1001
AI4MANUFACTURING
1000
WRITEBACK_PHASE=02_EDGE_CHAIN
1000
CHAIN=piece_18_top_hem
1000
PIECE_ID=piece_18
1000
EDGE=hem
1000
LINE_ROLE=net_boundary
1000
SOURCE=geometry_bbox_edge_chain_candidate
0
VERTEX
8
AI4M_02_EDGE_CHAIN
10
4468.117371
20
81.402931
30
0
0
VERTEX
8
AI4M_02_EDGE_CHAIN
10
4452.549626
20
80.710304
30
0
0
VERTEX
8
AI4M_02_EDGE_CHAIN
10
4437.028954
20
80.039741
30
0
0
VERTEX
8
AI4M_02_EDGE_CHAIN
10
4421.594067
20
79.39225
30
0
0
VERTEX
8
AI4M_02_EDGE_CHAIN
10
4405.7947
20
78.752837
30
0
0
VERTEX
8
AI4M_02_EDGE_CHAIN
10
4390.127858
20
78.148363
30
0
0
VERTEX
8
AI4M_02_EDGE_CHAIN
10
4374.84672
20
77.593766
30
0
0
VERTEX
8
AI4M_02_EDGE_CHAIN
10
4359.564148
20
77.079492
30
0
0
VERTEX
8
AI4M_02_EDGE_CHAIN
10
4343.783614
20
76.596906
30
0
0
VERTEX
8
AI4M_02_EDGE_CHAIN
10
4328.497935
20
76.181578
30
0
0
VERTEX
8
AI4M_02_EDGE_CHAIN
10
4313.210892
20
75.821872
30
0
0
VERTEX
8
AI4M_02_EDGE_CHAIN
10
4297.538712
20
75.514682
30
0
0
VERTEX
8
AI4M_02_EDGE_CHAIN
10
4282.249477
20
75.271368
30
0
0
VERTEX
8
AI4M_02_EDGE_CHAIN
10
4266.959511
20
75.07537
30
0
0
VERTEX
8
AI4M_02_EDGE_CHAIN
10
4251.885979
20
74.921198
30
0
0
VERTEX
8
AI4M_02_EDGE_CHAIN
10
4236.595168
20
74.803611
30
0
0
VERTEX
8
AI4M_02_EDGE_CHAIN
10
4221.304125
20
74.727267
30
0
0
VERTEX
8
AI4M_02_EDGE_CHAIN
10
4205.788084
20
74.692648
30
0
0
VERTEX
8
AI4M_02_EDGE_CHAIN
10
4200
20
74.688234
30
0
0
VERTEX
8
AI4M_02_EDGE_CHAIN
10
4200
20
74.688234
30
0
0
VERTEX
8
AI4M_02_EDGE_CHAIN
10
4183.550831
20
74.712008
30
0
0
VERTEX
8
AI4M_02_EDGE_CHAIN
10
4168.259733
20
74.774799
30
0
0
VERTEX
8
AI4M_02_EDGE_CHAIN
10
4152.96882
20
74.879528
30
0
0
VERTEX
8
AI4M_02_EDGE_CHAIN
10
4137.678199
20
75.024009
30
0
0
VERTEX
8
AI4M_02_EDGE_CHAIN
10
4122.361972
20
75.207651
30
0
0
VERTEX
8
AI4M_02_EDGE_CHAIN
10
4107.072428
20
75.435815
30
0
0
VERTEX
8
AI4M_02_EDGE_CHAIN
10
4092.000687
20
75.712722
30
0
0
VERTEX
8
AI4M_02_EDGE_CHAIN
10
4076.713248
20
76.052486
30
0
0
VERTEX
8
AI4M_02_EDGE_CHAIN
10
4061.42715
20
76.449335
30
0
0
VERTEX
8
AI4M_02_EDGE_CHAIN
10
4045.758731
20
76.910908
30
0
0
VERTEX
8
AI4M_02_EDGE_CHAIN
10
4030.475678
20
77.409785
30
0
0
VERTEX
8
AI4M_02_EDGE_CHAIN
10
4015.194071
20
77.950993
30
0
0
VERTEX
8
AI4M_02_EDGE_CHAIN
10
3999.913799
20
78.528771
30
0
0
VERTEX
8
AI4M_02_EDGE_CHAIN
10
3984.239394
20
79.153145
30
0
0
VERTEX
8
AI4M_02_EDGE_CHAIN
10
3969.005429
20
79.784179
30
0
0
VERTEX
8
AI4M_02_EDGE_CHAIN
10
3954.102718
20
80.420604
30
0
0
VERTEX
8
AI4M_02_EDGE_CHAIN
10
3939.24247
20
81.072588
30
0
0
VERTEX
8
AI4M_02_EDGE_CHAIN
10
3931.882629
20
81.402931
30
0
0
VERTEX
8
AI4M_02_EDGE_CHAIN
10
4457.489319
20
102.972927
30
0
0
VERTEX
8
AI4M_02_EDGE_CHAIN
10
4441.536845
20
102.26648
30
0
0
VERTEX
8
AI4M_02_EDGE_CHAIN
10
4425.978779
20
101.597194
30
0
0
VERTEX
8
AI4M_02_EDGE_CHAIN
10
4410.770084
20
100.968647
30
0
0
VERTEX
8
AI4M_02_EDGE_CHAIN
10
4395.560196
20
100.369155
30
0
0
VERTEX
8
AI4M_02_EDGE_CHAIN
10
4380.471306
20
99.806927
30
0
0
VERTEX
8
AI4M_02_EDGE_CHAIN
10
4365.258805
20
99.277878
30
0
0
VERTEX
8
AI4M_02_EDGE_CHAIN
10
4350.044861
20
98.792272
30
0
0
VERTEX
8
AI4M_02_EDGE_CHAIN
10
4334.740193
20
98.353054
30
0
0
VERTEX
8
AI4M_02_EDGE_CHAIN
10
4319.523319
20
97.969717
30
0
0
VERTEX
8
AI4M_02_EDGE_CHAIN
10
4304.216977
20
97.641904
30
0
0
VERTEX
8
AI4M_02_EDGE_CHAIN
10
4288.997658
20
97.374728
30
0
0
VERTEX
8
AI4M_02_EDGE_CHAIN
10
4273.777476
20
97.158885
30
0
0
VERTEX
8
AI4M_02_EDGE_CHAIN
10
4258.51162
20
96.985318
30
0
0
VERTEX
8
AI4M_02_EDGE_CHAIN
10
4243.290499
20
96.852468
30
0
0
VERTEX
8
AI4M_02_EDGE_CHAIN
10
4227.911582
20
96.761738
30
0
0
VERTEX
8
AI4M_02_EDGE_CHAIN
10
4212.770545
20
96.70989
30
0
0
VERTEX
8
AI4M_02_EDGE_CHAIN
10
4200
20
96.688261
30
0
0
VERTEX
8
AI4M_02_EDGE_CHAIN
10
4200
20
96.688261
30
0
0
VERTEX
8
AI4M_02_EDGE_CHAIN
10
4183.694296
20
96.7117
30
0
0
VERTEX
8
AI4M_02_EDGE_CHAIN
10
4168.408599
20
96.774329
30
0
0
VERTEX
8
AI4M_02_EDGE_CHAIN
10
4153.123124
20
96.879034
30
0
0
VERTEX
8
AI4M_02_EDGE_CHAIN
10
4137.837943
20
97.023573
30
0
0
VERTEX
8
AI4M_02_EDGE_CHAIN
10
4122.524806
20
97.207384
30
0
0
VERTEX
8
AI4M_02_EDGE_CHAIN
10
4107.240655
20
97.435959
30
0
0
VERTEX
8
AI4M_02_EDGE_CHAIN
10
4092.447748
20
97.708186
30
0
0
VERTEX
8
AI4M_02_EDGE_CHAIN
10
4076.401625
20
98.066771
30
0
0
VERTEX
8
AI4M_02_EDGE_CHAIN
10
4061.120975
20
98.466709
30
0
0
VERTEX
8
AI4M_02_EDGE_CHAIN
10
4045.825446
20
98.919329
30
0
0
VERTEX
8
AI4M_02_EDGE_CHAIN
10
4030.547726
20
99.418956
30
0
0
VERTEX
8
AI4M_02_EDGE_CHAIN
10
4015.271485
20
99.961423
30
0
0
VERTEX
8
AI4M_02_EDGE_CHAIN
10
3999.996638
20
100.542119
30
0
0
VERTEX
8
AI4M_02_EDGE_CHAIN
10
3984.365026
20
101.170306
30
0
0
VERTEX
8
AI4M_02_EDGE_CHAIN
10
3968.908766
20
101.817518
30
0
0
VERTEX
8
AI4M_02_EDGE_CHAIN
10
3953.941147
20
102.464732
30
0
0
VERTEX
8
AI4M_02_EDGE_CHAIN
10
3942.510681
20
102.972927
30
0
0
VERTEX
8
AI4M_02_EDGE_CHAIN
10
4200
20
74.688234
30
0
0
VERTEX
8
AI4M_02_EDGE_CHAIN
10
4183.55072
20
74.712009
30
0
0
VERTEX
8
AI4M_02_EDGE_CHAIN
10
4168.259888
20
74.774799
30
0
0
VERTEX
8
AI4M_02_EDGE_CHAIN
10
4152.969055
20
74.879527
30
0
0
VERTEX
8
AI4M_02_EDGE_CHAIN
10
4137.678223
20
75.024009
30
0
0
VERTEX
8
AI4M_02_EDGE_CHAIN
10
4122.362061
20
75.207653
30
0
0
VERTEX
8
AI4M_02_EDGE_CHAIN
10
4107.072449
20
75.435815
30
0
0
VERTEX
8
AI4M_02_EDGE_CHAIN
10
4092.000732
20
75.712724
30
0
0
VERTEX
8
AI4M_02_EDGE_CHAIN
10
4076.713257
20
76.052489
30
0
0
VERTEX
8
AI4M_02_EDGE_CHAIN
10
4061.427307
20
76.449337
30
0
0
VERTEX
8
AI4M_02_EDGE_CHAIN
10
4045.758667
20
76.910911
30
0
0
VERTEX
8
AI4M_02_EDGE_CHAIN
10
4030.475769
20
77.409787
30
0
0
VERTEX
8
AI4M_02_EDGE_CHAIN
10
4015.194092
20
77.950997
30
0
0
VERTEX
8
AI4M_02_EDGE_CHAIN
10
3999.913635
20
78.528776
30
0
0
VERTEX
8
AI4M_02_EDGE_CHAIN
10
3984.239197
20
79.153147
30
0
0
VERTEX
8
AI4M_02_EDGE_CHAIN
10
3969.005432
20
79.784184
30
0
0
VERTEX
8
AI4M_02_EDGE_CHAIN
10
3954.102783
20
80.420609
30
0
0
VERTEX
8
AI4M_02_EDGE_CHAIN
10
3939.242554
20
81.072598
30
0
0
VERTEX
8
AI4M_02_EDGE_CHAIN
10
3931.882629
20
81.402931
30
0
0
VERTEX
8
AI4M_02_EDGE_CHAIN
10
4468.117371
20
81.402931
30
0
0
VERTEX
8
AI4M_02_EDGE_CHAIN
10
4452.549438
20
80.710306
30
0
0
VERTEX
8
AI4M_02_EDGE_CHAIN
10
4437.028809
20
80.03974
30
0
0
VERTEX
8
AI4M_02_EDGE_CHAIN
10
4421.593933
20
79.392247
30
0
0
VERTEX
8
AI4M_02_EDGE_CHAIN
10
4405.794678
20
78.752832
30
0
0
VERTEX
8
AI4M_02_EDGE_CHAIN
10
4390.127869
20
78.14836
30
0
0
VERTEX
8
AI4M_02_EDGE_CHAIN
10
4374.846497
20
77.59376
30
0
0
VERTEX
8
AI4M_02_EDGE_CHAIN
10
4359.563904
20
77.079487
30
0
0
VERTEX
8
AI4M_02_EDGE_CHAIN
10
4343.783569
20
76.596904
30
0
0
VERTEX
8
AI4M_02_EDGE_CHAIN
10
4328.497925
20
76.181574
30
0
0
VERTEX
8
AI4M_02_EDGE_CHAIN
10
4313.210754
20
75.821872
30
0
0
VERTEX
8
AI4M_02_EDGE_CHAIN
10
4297.538757
20
75.514679
30
0
0
VERTEX
8
AI4M_02_EDGE_CHAIN
10
4282.249451
20
75.271368
30
0
0
VERTEX
8
AI4M_02_EDGE_CHAIN
10
4266.959229
20
75.075369
30
0
0
VERTEX
8
AI4M_02_EDGE_CHAIN
10
4251.885681
20
74.921198
30
0
0
VERTEX
8
AI4M_02_EDGE_CHAIN
10
4236.594849
20
74.80361
30
0
0
VERTEX
8
AI4M_02_EDGE_CHAIN
10
4221.304016
20
74.727268
30
0
0
VERTEX
8
AI4M_02_EDGE_CHAIN
10
4205.787964
20
74.69265
30
0
0
VERTEX
8
AI4M_02_EDGE_CHAIN
10
4200
20
74.688234
30
0
0
SEQEND
8
AI4M_02_EDGE_CHAIN
0
TEXT
8
AI4M_02_EDGE_CHAIN
10
4468.117371
20
81.402931
30
0
40
2.5
1
CHAIN_piece_18_top_hem_hem
1001
AI4MANUFACTURING
1000
WRITEBACK_PHASE=02_EDGE_CHAIN
1000
CHAIN=piece_18_top_hem
1000
PIECE_ID=piece_18
1000
EDGE=hem
1000
LINE_ROLE=net_boundary
1000
SOURCE=geometry_bbox_edge_chain_candidate
0
POLYLINE
8
AI4M_02_EDGE_CHAIN
66
1
70
0
1001
AI4MANUFACTURING
1000
WRITEBACK_PHASE=02_EDGE_CHAIN
1000
CHAIN=piece_18_top_construction_vertical
1000
PIECE_ID=piece_18
1000
EDGE=construction_vertical
1000
LINE_ROLE=net_boundary
1000
SOURCE=geometry_bbox_edge_chain_candidate
0
VERTEX
8
AI4M_02_EDGE_CHAIN
10
4200
20
709.363861
30
0
0
VERTEX
8
AI4M_02_EDGE_CHAIN
10
4200
20
96.688261
30
0
0
SEQEND
8
AI4M_02_EDGE_CHAIN
0
TEXT
8
AI4M_02_EDGE_CHAIN
10
4200
20
709.363861
30
0
40
2.5
1
CHAIN_piece_18_top_construction_vertical_construction_vertical
1001
AI4MANUFACTURING
1000
WRITEBACK_PHASE=02_EDGE_CHAIN
1000
CHAIN=piece_18_top_construction_vertical
1000
PIECE_ID=piece_18
1000
EDGE=construction_vertical
1000
LINE_ROLE=net_boundary
1000
SOURCE=geometry_bbox_edge_chain_candidate
0
POLYLINE
8
AI4M_02_EDGE_CHAIN
66
1
70
0
1001
AI4MANUFACTURING
1000
WRITEBACK_PHASE=02_EDGE_CHAIN
1000
CHAIN=piece_39_left_construction_vertical
1000
PIECE_ID=piece_39
1000
EDGE=construction_vertical
1000
LINE_ROLE=net_boundary
1000
SOURCE=geometry_bbox_edge_chain_candidate
0
VERTEX
8
AI4M_02_EDGE_CHAIN
10
2892.237244
20
77.694917
30
0
0
VERTEX
8
AI4M_02_EDGE_CHAIN
10
2895.880737
20
100.000029
30
0
0
VERTEX
8
AI4M_02_EDGE_CHAIN
10
2892.237244
20
77.694917
30
0
0
VERTEX
8
AI4M_02_EDGE_CHAIN
10
2895.880737
20
100.000029
30
0
0
SEQEND
8
AI4M_02_EDGE_CHAIN
0
TEXT
8
AI4M_02_EDGE_CHAIN
10
2892.237244
20
77.694917
30
0
40
2.5
1
CHAIN_piece_39_left_construction_vertical_construction_vertical
1001
AI4MANUFACTURING
1000
WRITEBACK_PHASE=02_EDGE_CHAIN
1000
CHAIN=piece_39_left_construction_vertical
1000
PIECE_ID=piece_39
1000
EDGE=construction_vertical
1000
LINE_ROLE=net_boundary
1000
SOURCE=geometry_bbox_edge_chain_candidate
0
POLYLINE
8
AI4M_02_EDGE_CHAIN
66
1
70
0
1001
AI4MANUFACTURING
1000
WRITEBACK_PHASE=02_EDGE_CHAIN
1000
CHAIN=piece_39_left_armhole_back
1000
PIECE_ID=piece_39
1000
EDGE=armhole_back
1000
LINE_ROLE=net_boundary
1000
SOURCE=geometry_bbox_edge_chain_candidate
0
VERTEX
8
AI4M_02_EDGE_CHAIN
10
2895.880737
20
100.000029
30
0
0
VERTEX
8
AI4M_02_EDGE_CHAIN
10
2892.237244
20
122.305088
30
0
0
VERTEX
8
AI4M_02_EDGE_CHAIN
10
2895.880737
20
100.000029
30
0
0
VERTEX
8
AI4M_02_EDGE_CHAIN
10
2892.237244
20
122.305088
30
0
0
SEQEND
8
AI4M_02_EDGE_CHAIN
0
TEXT
8
AI4M_02_EDGE_CHAIN
10
2895.880737
20
100.000029
30
0
40
2.5
1
CHAIN_piece_39_left_armhole_back_armhole_back
1001
AI4MANUFACTURING
1000
WRITEBACK_PHASE=02_EDGE_CHAIN
1000
CHAIN=piece_39_left_armhole_back
1000
PIECE_ID=piece_39
1000
EDGE=armhole_back
1000
LINE_ROLE=net_boundary
1000
SOURCE=geometry_bbox_edge_chain_candidate
0
POLYLINE
8
AI4M_02_EDGE_CHAIN
66
1
70
0
1001
AI4MANUFACTURING
1000
WRITEBACK_PHASE=02_EDGE_CHAIN
1000
CHAIN=piece_39_bottom_neckline
1000
PIECE_ID=piece_39
1000
EDGE=neckline
1000
LINE_ROLE=net_boundary
1000
SOURCE=geometry_bbox_edge_chain_candidate
0
VERTEX
8
AI4M_02_EDGE_CHAIN
10
3065.499878
20
122.305088
30
0
0
VERTEX
8
AI4M_02_EDGE_CHAIN
10
3107.5
20
122.305088
30
0
0
VERTEX
8
AI4M_02_EDGE_CHAIN
10
3107.5
20
122.305088
30
0
0
VERTEX
8
AI4M_02_EDGE_CHAIN
10
3167.000122
20
122.305088
30
0
0
VERTEX
8
AI4M_02_EDGE_CHAIN
10
3107.5
20
122.305088
30
0
0
VERTEX
8
AI4M_02_EDGE_CHAIN
10
3167.000122
20
122.305088
30
0
0
VERTEX
8
AI4M_02_EDGE_CHAIN
10
3065.499878
20
122.305088
30
0
0
VERTEX
8
AI4M_02_EDGE_CHAIN
10
3107.5
20
122.305088
30
0
0
SEQEND
8
AI4M_02_EDGE_CHAIN
0
TEXT
8
AI4M_02_EDGE_CHAIN
10
3065.499878
20
122.305088
30
0
40
2.5
1
CHAIN_piece_39_bottom_neckline_neckline
1001
AI4MANUFACTURING
1000
WRITEBACK_PHASE=02_EDGE_CHAIN
1000
CHAIN=piece_39_bottom_neckline
1000
PIECE_ID=piece_39
1000
EDGE=neckline
1000
LINE_ROLE=net_boundary
1000
SOURCE=geometry_bbox_edge_chain_candidate
0
POLYLINE
8
AI4M_02_EDGE_CHAIN
66
1
70
0
1001
AI4MANUFACTURING
1000
WRITEBACK_PHASE=02_EDGE_CHAIN
1000
CHAIN=piece_39_right_armhole_back
1000
PIECE_ID=piece_39
1000
EDGE=armhole_back
1000
LINE_ROLE=net_boundary
1000
SOURCE=geometry_bbox_edge_chain_candidate
0
VERTEX
8
AI4M_02_EDGE_CHAIN
10
3287.762756
20
122.305088
30
0
0
VERTEX
8
AI4M_02_EDGE_CHAIN
10
3284.119263
20
100.000029
30
0
0
VERTEX
8
AI4M_02_EDGE_CHAIN
10
3287.762756
20
122.305088
30
0
0
VERTEX
8
AI4M_02_EDGE_CHAIN
10
3284.119263
20
100.000029
30
0
0
SEQEND
8
AI4M_02_EDGE_CHAIN
0
TEXT
8
AI4M_02_EDGE_CHAIN
10
3287.762756
20
122.305088
30
0
40
2.5
1
CHAIN_piece_39_right_armhole_back_armhole_back
1001
AI4MANUFACTURING
1000
WRITEBACK_PHASE=02_EDGE_CHAIN
1000
CHAIN=piece_39_right_armhole_back
1000
PIECE_ID=piece_39
1000
EDGE=armhole_back
1000
LINE_ROLE=net_boundary
1000
SOURCE=geometry_bbox_edge_chain_candidate
0
POLYLINE
8
AI4M_02_EDGE_CHAIN
66
1
70
0
1001
AI4MANUFACTURING
1000
WRITEBACK_PHASE=02_EDGE_CHAIN
1000
CHAIN=piece_39_right_construction_vertical
1000
PIECE_ID=piece_39
1000
EDGE=construction_vertical
1000
LINE_ROLE=net_boundary
1000
SOURCE=geometry_bbox_edge_chain_candidate
0
VERTEX
8
AI4M_02_EDGE_CHAIN
10
3284.119263
20
100.000029
30
0
0
VERTEX
8
AI4M_02_EDGE_CHAIN
10
3285.213318
20
93.302402
30
0
0
VERTEX
8
AI4M_02_EDGE_CHAIN
10
3287.762756
20
77.694917
30
0
0
VERTEX
8
AI4M_02_EDGE_CHAIN
10
3268.500061
20
75.194917
30
0
0
VERTEX
8
AI4M_02_EDGE_CHAIN
10
3268.500061
20
80.194917
30
0
0
VERTEX
8
AI4M_02_EDGE_CHAIN
10
3284.119263
20
100.000029
30
0
0
VERTEX
8
AI4M_02_EDGE_CHAIN
10
3285.213318
20
93.302402
30
0
0
VERTEX
8
AI4M_02_EDGE_CHAIN
10
3287.762756
20
77.694917
30
0
0
SEQEND
8
AI4M_02_EDGE_CHAIN
0
TEXT
8
AI4M_02_EDGE_CHAIN
10
3284.119263
20
100.000029
30
0
40
2.5
1
CHAIN_piece_39_right_construction_vertical_construction_vertical
1001
AI4MANUFACTURING
1000
WRITEBACK_PHASE=02_EDGE_CHAIN
1000
CHAIN=piece_39_right_construction_vertical
1000
PIECE_ID=piece_39
1000
EDGE=construction_vertical
1000
LINE_ROLE=net_boundary
1000
SOURCE=geometry_bbox_edge_chain_candidate
0
POLYLINE
8
AI4M_02_EDGE_CHAIN
66
1
70
0
1001
AI4MANUFACTURING
1000
WRITEBACK_PHASE=02_EDGE_CHAIN
1000
CHAIN=piece_39_right_hem
1000
PIECE_ID=piece_39
1000
EDGE=hem
1000
LINE_ROLE=net_boundary
1000
SOURCE=geometry_bbox_edge_chain_candidate
0
VERTEX
8
AI4M_02_EDGE_CHAIN
10
3287.762756
20
77.694917
30
0
0
VERTEX
8
AI4M_02_EDGE_CHAIN
10
3268.500061
20
77.694917
30
0
0
VERTEX
8
AI4M_02_EDGE_CHAIN
10
3287.762756
20
77.694917
30
0
0
VERTEX
8
AI4M_02_EDGE_CHAIN
10
3268.500061
20
77.694917
30
0
0
SEQEND
8
AI4M_02_EDGE_CHAIN
0
TEXT
8
AI4M_02_EDGE_CHAIN
10
3287.762756
20
77.694917
30
0
40
2.5
1
CHAIN_piece_39_right_hem_hem
1001
AI4MANUFACTURING
1000
WRITEBACK_PHASE=02_EDGE_CHAIN
1000
CHAIN=piece_39_right_hem
1000
PIECE_ID=piece_39
1000
EDGE=hem
1000
LINE_ROLE=net_boundary
1000
SOURCE=geometry_bbox_edge_chain_candidate
0
POLYLINE
8
AI4M_02_EDGE_CHAIN
66
1
70
0
1001
AI4MANUFACTURING
1000
WRITEBACK_PHASE=02_EDGE_CHAIN
1000
CHAIN=piece_39_top_hem
1000
PIECE_ID=piece_39
1000
EDGE=hem
1000
LINE_ROLE=net_boundary
1000
SOURCE=geometry_bbox_edge_chain_candidate
0
VERTEX
8
AI4M_02_EDGE_CHAIN
10
3268.500061
20
77.694917
30
0
0
VERTEX
8
AI4M_02_EDGE_CHAIN
10
3226.499939
20
77.694917
30
0
0
VERTEX
8
AI4M_02_EDGE_CHAIN
10
3226.499939
20
77.694917
30
0
0
VERTEX
8
AI4M_02_EDGE_CHAIN
10
3167.000122
20
77.694917
30
0
0
VERTEX
8
AI4M_02_EDGE_CHAIN
10
3167.000122
20
77.694917
30
0
0
VERTEX
8
AI4M_02_EDGE_CHAIN
10
3107.5
20
77.694917
30
0
0
VERTEX
8
AI4M_02_EDGE_CHAIN
10
3107.5
20
77.694917
30
0
0
VERTEX
8
AI4M_02_EDGE_CHAIN
10
3065.499878
20
77.694917
30
0
0
VERTEX
8
AI4M_02_EDGE_CHAIN
10
3065.499878
20
77.694917
30
0
0
VERTEX
8
AI4M_02_EDGE_CHAIN
10
2979.500122
20
77.694917
30
0
0
VERTEX
8
AI4M_02_EDGE_CHAIN
10
2979.500122
20
77.694917
30
0
0
VERTEX
8
AI4M_02_EDGE_CHAIN
10
2892.237244
20
77.694917
30
0
0
VERTEX
8
AI4M_02_EDGE_CHAIN
10
2979.500122
20
77.694917
30
0
0
VERTEX
8
AI4M_02_EDGE_CHAIN
10
2892.237244
20
77.694917
30
0
0
VERTEX
8
AI4M_02_EDGE_CHAIN
10
3065.499878
20
77.694917
30
0
0
VERTEX
8
AI4M_02_EDGE_CHAIN
10
2979.500122
20
77.694917
30
0
0
VERTEX
8
AI4M_02_EDGE_CHAIN
10
3107.5
20
77.694917
30
0
0
VERTEX
8
AI4M_02_EDGE_CHAIN
10
3065.499878
20
77.694917
30
0
0
VERTEX
8
AI4M_02_EDGE_CHAIN
10
3167.000122
20
77.694917
30
0
0
VERTEX
8
AI4M_02_EDGE_CHAIN
10
3107.5
20
77.694917
30
0
0
VERTEX
8
AI4M_02_EDGE_CHAIN
10
3226.499939
20
77.694917
30
0
0
VERTEX
8
AI4M_02_EDGE_CHAIN
10
3167.000122
20
77.694917
30
0
0
VERTEX
8
AI4M_02_EDGE_CHAIN
10
3268.500061
20
77.694917
30
0
0
VERTEX
8
AI4M_02_EDGE_CHAIN
10
3226.499939
20
77.694917
30
0
0
SEQEND
8
AI4M_02_EDGE_CHAIN
0
TEXT
8
AI4M_02_EDGE_CHAIN
10
3268.500061
20
77.694917
30
0
40
2.5
1
CHAIN_piece_39_top_hem_hem
1001
AI4MANUFACTURING
1000
WRITEBACK_PHASE=02_EDGE_CHAIN
1000
CHAIN=piece_39_top_hem
1000
PIECE_ID=piece_39
1000
EDGE=hem
1000
LINE_ROLE=net_boundary
1000
SOURCE=geometry_bbox_edge_chain_candidate
0
POLYLINE
8
AI4M_02_EDGE_CHAIN
66
1
70
0
1001
AI4MANUFACTURING
1000
WRITEBACK_PHASE=02_EDGE_CHAIN
1000
CHAIN=piece_39_top_construction_vertical
1000
PIECE_ID=piece_39
1000
EDGE=construction_vertical
1000
LINE_ROLE=net_boundary
1000
SOURCE=geometry_bbox_edge_chain_candidate
0
VERTEX
8
AI4M_02_EDGE_CHAIN
10
3226.500063
20
75.194917
30
0
0
VERTEX
8
AI4M_02_EDGE_CHAIN
10
3226.500063
20
80.194917
30
0
0
VERTEX
8
AI4M_02_EDGE_CHAIN
10
3166.999941
20
75.194917
30
0
0
VERTEX
8
AI4M_02_EDGE_CHAIN
10
3166.999941
20
80.194917
30
0
0
VERTEX
8
AI4M_02_EDGE_CHAIN
10
3107.500091
20
75.194917
30
0
0
VERTEX
8
AI4M_02_EDGE_CHAIN
10
3107.500091
20
80.194917
30
0
0
VERTEX
8
AI4M_02_EDGE_CHAIN
10
3065.500002
20
75.194917
30
0
0
VERTEX
8
AI4M_02_EDGE_CHAIN
10
3065.500002
20
80.194917
30
0
0
VERTEX
8
AI4M_02_EDGE_CHAIN
10
2979.499874
20
75.194917
30
0
0
VERTEX
8
AI4M_02_EDGE_CHAIN
10
2979.499874
20
80.194917
30
0
0
SEQEND
8
AI4M_02_EDGE_CHAIN
0
TEXT
8
AI4M_02_EDGE_CHAIN
10
3226.500063
20
75.194917
30
0
40
2.5
1
CHAIN_piece_39_top_construction_vertical_construction_vertical
1001
AI4MANUFACTURING
1000
WRITEBACK_PHASE=02_EDGE_CHAIN
1000
CHAIN=piece_39_top_construction_vertical
1000
PIECE_ID=piece_39
1000
EDGE=construction_vertical
1000
LINE_ROLE=net_boundary
1000
SOURCE=geometry_bbox_edge_chain_candidate
999
AI4M_WRITEBACK_PHASE=03_PIECE
0
POLYLINE
8
AI4M_03_PIECE
66
1
70
1
1001
AI4MANUFACTURING
1000
WRITEBACK_PHASE=03_PIECE
1000
PIECE_ID=piece_10
1000
PIECE_ROLE=front_body
1000
BOUNDARY_ROLE=net_boundary
1000
SOURCE=geometry_connected_boundary
0
VERTEX
8
AI4M_03_PIECE
10
4607.106323
20
94.236021
30
0
0
VERTEX
8
AI4M_03_PIECE
10
5152.893677
20
94.236021
30
0
0
VERTEX
8
AI4M_03_PIECE
10
5152.893677
20
819.226379
30
0
0
VERTEX
8
AI4M_03_PIECE
10
4607.106323
20
819.226379
30
0
0
VERTEX
8
AI4M_03_PIECE
10
4607.106323
20
94.236021
30
0
0
SEQEND
8
AI4M_03_PIECE
0
TEXT
8
AI4M_03_PIECE
10
4880
20
456.73119999999994
30
0
40
3
1
PIECE_piece_10_front_body
1001
AI4MANUFACTURING
1000
WRITEBACK_PHASE=03_PIECE
1000
PIECE_ID=piece_10
1000
PIECE_ROLE=front_body
1000
BOUNDARY_ROLE=net_boundary
1000
SOURCE=geometry_connected_boundary
0
POLYLINE
8
AI4M_03_PIECE
66
1
70
1
1001
AI4MANUFACTURING
1000
WRITEBACK_PHASE=03_PIECE
1000
PIECE_ID=piece_18
1000
PIECE_ROLE=back_body
1000
BOUNDARY_ROLE=net_boundary
1000
SOURCE=geometry_connected_boundary
0
VERTEX
8
AI4M_03_PIECE
10
3931.882629
20
74.688234
30
0
0
VERTEX
8
AI4M_03_PIECE
10
4468.117371
20
74.688234
30
0
0
VERTEX
8
AI4M_03_PIECE
10
4468.117371
20
805.311737
30
0
0
VERTEX
8
AI4M_03_PIECE
10
3931.882629
20
805.311737
30
0
0
VERTEX
8
AI4M_03_PIECE
10
3931.882629
20
74.688234
30
0
0
SEQEND
8
AI4M_03_PIECE
0
TEXT
8
AI4M_03_PIECE
10
4200
20
439.9999855
30
0
40
3
1
PIECE_piece_18_back_body
1001
AI4MANUFACTURING
1000
WRITEBACK_PHASE=03_PIECE
1000
PIECE_ID=piece_18
1000
PIECE_ROLE=back_body
1000
BOUNDARY_ROLE=net_boundary
1000
SOURCE=geometry_connected_boundary
0
POLYLINE
8
AI4M_03_PIECE
66
1
70
1
1001
AI4MANUFACTURING
1000
WRITEBACK_PHASE=03_PIECE
1000
PIECE_ID=piece_39
1000
PIECE_ROLE=neck_binding
1000
BOUNDARY_ROLE=net_boundary
1000
SOURCE=geometry_connected_boundary
0
VERTEX
8
AI4M_03_PIECE
10
2892.237244
20
75.194917
30
0
0
VERTEX
8
AI4M_03_PIECE
10
3287.762756
20
75.194917
30
0
0
VERTEX
8
AI4M_03_PIECE
10
3287.762756
20
122.305088
30
0
0
VERTEX
8
AI4M_03_PIECE
10
2892.237244
20
122.305088
30
0
0
VERTEX
8
AI4M_03_PIECE
10
2892.237244
20
75.194917
30
0
0
SEQEND
8
AI4M_03_PIECE
0
TEXT
8
AI4M_03_PIECE
10
3090
20
98.7500025
30
0
40
3
1
PIECE_piece_39_neck_binding
1001
AI4MANUFACTURING
1000
WRITEBACK_PHASE=03_PIECE
1000
PIECE_ID=piece_39
1000
PIECE_ROLE=neck_binding
1000
BOUNDARY_ROLE=net_boundary
1000
SOURCE=geometry_connected_boundary
999
AI4M_WRITEBACK_PHASE=05_QA
0
TEXT
8
AI4M_05_QA
10
0
20
0
30
0
40
3
1
AI4M ordered writeback
1001
AI4MANUFACTURING
1000
WRITEBACK_PHASE=05_QA
1000
ROW=0
0
TEXT
8
AI4M_05_QA
10
0
20
-6
30
0
40
3
1
01 atom=231
1001
AI4MANUFACTURING
1000
WRITEBACK_PHASE=05_QA
1000
ROW=1
0
TEXT
8
AI4M_05_QA
10
0
20
-12
30
0
40
3
1
02 chains=28
1001
AI4MANUFACTURING
1000
WRITEBACK_PHASE=05_QA
1000
ROW=2
0
TEXT
8
AI4M_05_QA
10
0
20
-18
30
0
40
3
1
03 pieces=3
1001
AI4MANUFACTURING
1000
WRITEBACK_PHASE=05_QA
1000
ROW=3
0
TEXT
8
AI4M_05_QA
10
0
20
-24
30
0
40
3
1
04 seams=0
1001
AI4MANUFACTURING
1000
WRITEBACK_PHASE=05_QA
1000
ROW=4
0
TEXT
8
AI4M_05_QA
10
0
20
-30
30
0
40
3
1
04 notches=0
1001
AI4MANUFACTURING
1000
WRITEBACK_PHASE=05_QA
1000
ROW=5
  0
ENDSEC
  0
EOF
