999
ANSI/AAMA
  0
SECTION
  2
BLOCKS
0
BLOCK
  8
1
  2
C2490682.后片_面A_38
 70
0
 10
0.0
 20
0.0
  0
POLYLINE
  8
1
  66
1
  70
1
  0
VERTEX
  8
1
  10
3536.540527
  20
-9445.456250
  0
VERTEX
  8
1
  10
3502.031657
  20
-9445.953590
  0
VERTEX
  8
1
  10
3500.428987
  20
-9446.002599
  0
VERTEX
  8
1
  10
3474.313946
  20
-9446.801181
  0
VERTEX
  8
1
  10
3446.477719
  20
-9448.044927
  0
VERTEX
  8
1
  10
3439.696381
  20
-9448.454445
  0
VERTEX
  8
1
  10
3422.093371
  20
-9449.517474
  0
VERTEX
  8
1
  10
3410.690607
  20
-9450.408766
  0
VERTEX
  8
1
  10
3398.489958
  20
-9451.362423
  0
VERTEX
  8
1
  10
3375.089828
  20
-9453.558375
  0
VERTEX
  8
1
  10
3354.768393
  20
-9455.883957
  0
VERTEX
  8
1
  10
3315.513815
  20
-9460.885833
  0
VERTEX
  8
1
  10
3303.905092
  20
-9462.403141
  0
VERTEX
  8
1
  10
3300.476532
  20
-9442.487699
  0
VERTEX
  8
1
  10
3299.479282
  20
-9418.983313
  0
VERTEX
  8
1
  10
3299.158706
  20
-9401.692421
  0
VERTEX
  8
1
  10
3299.296947
  20
-9385.296530
  0
VERTEX
  8
1
  10
3299.898243
  20
-9367.909945
  0
VERTEX
  8
1
  10
3300.956432
  20
-9349.918994
  0
VERTEX
  8
1
  10
3301.744688
  20
-9340.074969
  0
VERTEX
  8
1
  10
3302.680865
  20
-9328.383674
  0
VERTEX
  8
1
  10
3305.464769
  20
-9299.675940
  0
VERTEX
  8
1
  10
3308.460806
  20
-9269.987466
  0
VERTEX
  8
1
  10
3309.170086
  20
-9258.249066
  0
VERTEX
  8
1
  10
3309.539019
  20
-9246.307059
  0
VERTEX
  8
1
  10
3308.353700
  20
-9234.925723
  0
VERTEX
  8
1
  10
3307.092313
  20
-9226.872574
  0
VERTEX
  8
1
  10
3305.417918
  20
-9218.993029
  0
VERTEX
  8
1
  10
3303.430806
  20
-9211.413692
  0
VERTEX
  8
1
  10
3303.334208
  20
-9211.045243
  0
VERTEX
  8
1
  10
3300.213367
  20
-9200.894599
  0
VERTEX
  8
1
  10
3295.474138
  20
-9187.255933
  0
VERTEX
  8
1
  10
3292.352217
  20
-9178.715753
  0
VERTEX
  8
1
  10
3278.172960
  20
-9139.927647
  0
VERTEX
  8
1
  10
3274.956397
  20
-9131.027189
  0
VERTEX
  8
1
  10
3277.278356
  20
-9124.096211
  0
VERTEX
  8
1
  10
3279.820877
  20
-9116.963967
  0
VERTEX
  8
1
  10
3281.609104
  20
-9110.481567
  0
VERTEX
  8
1
  10
3282.526385
  20
-9105.903741
  0
VERTEX
  8
1
  10
3282.723215
  20
-9104.279799
  0
VERTEX
  8
1
  10
3283.182591
  20
-9100.489721
  0
VERTEX
  8
1
  10
3283.511339
  20
-9094.294492
  0
VERTEX
  8
1
  10
3283.473031
  20
-9086.815960
  0
VERTEX
  8
1
  10
3283.455744
  20
-9086.478660
  0
VERTEX
  8
1
  10
3282.978716
  20
-9077.170875
  0
VERTEX
  8
1
  10
3282.054166
  20
-9067.191884
  0
VERTEX
  8
1
  10
3280.717372
  20
-9057.212961
  0
VERTEX
  8
1
  10
3278.934139
  20
-9046.973752
  0
VERTEX
  8
1
  10
3276.636935
  20
-9036.224258
  0
VERTEX
  8
1
  10
3273.864504
  20
-9025.225199
  0
VERTEX
  8
1
  10
3270.566363
  20
-9013.823152
  0
VERTEX
  8
1
  10
3270.271006
  20
-9012.917169
  0
VERTEX
  8
1
  10
3266.707343
  20
-9001.985923
  0
VERTEX
  8
1
  10
3262.397178
  20
-8990.079650
  0
VERTEX
  8
1
  10
3257.460060
  20
-8977.644985
  0
VERTEX
  8
1
  10
3251.775733
  20
-8964.465589
  0
VERTEX
  8
1
  10
3245.254060
  20
-8950.415102
  0
VERTEX
  8
1
  10
3237.319221
  20
-8934.358155
  0
VERTEX
  8
1
  10
3231.464075
  20
-8922.914522
  0
VERTEX
  8
1
  10
3226.871215
  20
-8913.845921
  0
VERTEX
  8
1
  10
3239.673207
  20
-8906.680606
  0
VERTEX
  8
1
  10
3261.901082
  20
-8894.464110
  0
VERTEX
  8
1
  10
3275.928448
  20
-8887.111939
  0
VERTEX
  8
1
  10
3287.603459
  20
-8881.403945
  0
VERTEX
  8
1
  10
3299.391063
  20
-8876.141707
  0
VERTEX
  8
1
  10
3312.562304
  20
-8870.777110
  0
VERTEX
  8
1
  10
3329.445899
  20
-8864.460343
  0
VERTEX
  8
1
  10
3337.364145
  20
-8861.678390
  0
VERTEX
  8
1
  10
3376.872766
  20
-8847.797644
  0
VERTEX
  8
1
  10
3426.366321
  20
-8830.429352
  0
VERTEX
  8
1
  10
3429.617412
  20
-8829.285171
  0
VERTEX
  8
1
  10
3436.006909
  20
-8836.117044
  0
VERTEX
  8
1
  10
3441.613593
  20
-8842.303368
  0
VERTEX
  8
1
  10
3445.640606
  20
-8846.191520
  0
VERTEX
  8
1
  10
3449.784278
  20
-8849.625162
  0
VERTEX
  8
1
  10
3453.804298
  20
-8852.452443
  0
VERTEX
  8
1
  10
3458.212541
  20
-8855.029623
  0
VERTEX
  8
1
  10
3462.815927
  20
-8857.215429
  0
VERTEX
  8
1
  10
3464.323879
  20
-8857.790243
  0
VERTEX
  8
1
  10
3467.990322
  20
-8859.187848
  0
VERTEX
  8
1
  10
3473.651849
  20
-8860.881508
  0
VERTEX
  8
1
  10
3480.189159
  20
-8862.365914
  0
VERTEX
  8
1
  10
3487.346223
  20
-8863.541473
  0
VERTEX
  8
1
  10
3495.846502
  20
-8864.477674
  0
VERTEX
  8
1
  10
3506.904739
  20
-8865.227017
  0
VERTEX
  8
1
  10
3519.904589
  20
-8865.662548
  0
VERTEX
  8
1
  10
3536.419067
  20
-8865.794067
  0
VERTEX
  8
1
  10
3536.227331
  20
-8876.609786
  0
VERTEX
  8
1
  10
3535.612618
  20
-8885.669969
  0
VERTEX
  8
1
  10
3532.279167
  20
-8918.201670
  0
VERTEX
  8
1
  10
3530.715231
  20
-8932.869043
  0
VERTEX
  8
1
  10
3530.203251
  20
-8940.840075
  0
VERTEX
  8
1
  10
3530.253390
  20
-8945.402355
  0
VERTEX
  8
1
  10
3530.617905
  20
-8948.253085
  0
VERTEX
  8
1
  10
3531.221220
  20
-8950.087031
  0
VERTEX
  8
1
  10
3532.111630
  20
-8951.499826
  0
VERTEX
  8
1
  10
3533.331500
  20
-8952.605601
  0
VERTEX
  8
1
  10
3534.742258
  20
-8953.288859
  0
VERTEX
  8
1
  10
3536.538696
  20
-8953.630981
  0
VERTEX
  8
1
  10
3538.335134
  20
-8953.288859
  0
VERTEX
  8
1
  10
3539.745893
  20
-8952.605601
  0
VERTEX
  8
1
  10
3540.965763
  20
-8951.499826
  0
VERTEX
  8
1
  10
3541.856172
  20
-8950.087031
  0
VERTEX
  8
1
  10
3542.459487
  20
-8948.253085
  0
VERTEX
  8
1
  10
3542.824003
  20
-8945.402355
  0
VERTEX
  8
1
  10
3542.874141
  20
-8940.840075
  0
VERTEX
  8
1
  10
3542.362162
  20
-8932.869043
  0
VERTEX
  8
1
  10
3540.798226
  20
-8918.201670
  0
VERTEX
  8
1
  10
3537.464775
  20
-8885.669969
  0
VERTEX
  8
1
  10
3536.850061
  20
-8876.609786
  0
VERTEX
  8
1
  10
3536.658325
  20
-8865.794067
  0
VERTEX
  8
1
  10
3553.172803
  20
-8865.662548
  0
VERTEX
  8
1
  10
3566.172653
  20
-8865.227017
  0
VERTEX
  8
1
  10
3577.230891
  20
-8864.477674
  0
VERTEX
  8
1
  10
3585.731169
  20
-8863.541473
  0
VERTEX
  8
1
  10
3592.888234
  20
-8862.365914
  0
VERTEX
  8
1
  10
3599.425544
  20
-8860.881508
  0
VERTEX
  8
1
  10
3605.087071
  20
-8859.187848
  0
VERTEX
  8
1
  10
3608.753513
  20
-8857.790243
  0
VERTEX
  8
1
  10
3610.261466
  20
-8857.215429
  0
VERTEX
  8
1
  10
3614.864851
  20
-8855.029623
  0
VERTEX
  8
1
  10
3619.273095
  20
-8852.452443
  0
VERTEX
  8
1
  10
3623.293115
  20
-8849.625162
  0
VERTEX
  8
1
  10
3627.436787
  20
-8846.191520
  0
VERTEX
  8
1
  10
3631.463799
  20
-8842.303368
  0
VERTEX
  8
1
  10
3637.070484
  20
-8836.117044
  0
VERTEX
  8
1
  10
3643.459980
  20
-8829.285171
  0
VERTEX
  8
1
  10
3646.711072
  20
-8830.429352
  0
VERTEX
  8
1
  10
3696.204627
  20
-8847.797644
  0
VERTEX
  8
1
  10
3735.713248
  20
-8861.678390
  0
VERTEX
  8
1
  10
3743.631494
  20
-8864.460343
  0
VERTEX
  8
1
  10
3760.515089
  20
-8870.777110
  0
VERTEX
  8
1
  10
3773.686330
  20
-8876.141707
  0
VERTEX
  8
1
  10
3780.407814
  20
-8879.142321
  0
VERTEX
  8
1
  10
3785.473934
  20
-8881.403945
  0
VERTEX
  8
1
  10
3797.148945
  20
-8887.111939
  0
VERTEX
  8
1
  10
3811.176310
  20
-8894.464110
  0
VERTEX
  8
1
  10
3833.404186
  20
-8906.680606
  0
VERTEX
  8
1
  10
3846.206178
  20
-8913.845921
  0
VERTEX
  8
1
  10
3841.613317
  20
-8922.914522
  0
VERTEX
  8
1
  10
3835.758172
  20
-8934.358155
  0
VERTEX
  8
1
  10
3827.823333
  20
-8950.415102
  0
VERTEX
  8
1
  10
3821.301660
  20
-8964.465589
  0
VERTEX
  8
1
  10
3815.617333
  20
-8977.644985
  0
VERTEX
  8
1
  10
3810.680215
  20
-8990.079650
  0
VERTEX
  8
1
  10
3806.370049
  20
-9001.985923
  0
VERTEX
  8
1
  10
3802.806386
  20
-9012.917169
  0
VERTEX
  8
1
  10
3802.511029
  20
-9013.823152
  0
VERTEX
  8
1
  10
3799.212889
  20
-9025.225199
  0
VERTEX
  8
1
  10
3796.440457
  20
-9036.224258
  0
VERTEX
  8
1
  10
3794.143254
  20
-9046.973752
  0
VERTEX
  8
1
  10
3792.360020
  20
-9057.212961
  0
VERTEX
  8
1
  10
3791.023226
  20
-9067.191884
  0
VERTEX
  8
1
  10
3790.098676
  20
-9077.170875
  0
VERTEX
  8
1
  10
3789.621648
  20
-9086.478660
  0
VERTEX
  8
1
  10
3789.604362
  20
-9086.815960
  0
VERTEX
  8
1
  10
3789.566054
  20
-9094.294492
  0
VERTEX
  8
1
  10
3789.894802
  20
-9100.489721
  0
VERTEX
  8
1
  10
3790.354178
  20
-9104.279799
  0
VERTEX
  8
1
  10
3790.551008
  20
-9105.903741
  0
VERTEX
  8
1
  10
3791.468288
  20
-9110.481567
  0
VERTEX
  8
1
  10
3793.256515
  20
-9116.963967
  0
VERTEX
  8
1
  10
3795.799037
  20
-9124.096211
  0
VERTEX
  8
1
  10
3798.120995
  20
-9131.027189
  0
VERTEX
  8
1
  10
3794.904433
  20
-9139.927647
  0
VERTEX
  8
1
  10
3780.725176
  20
-9178.715753
  0
VERTEX
  8
1
  10
3777.603255
  20
-9187.255933
  0
VERTEX
  8
1
  10
3772.864026
  20
-9200.894599
  0
VERTEX
  8
1
  10
3769.743185
  20
-9211.045243
  0
VERTEX
  8
1
  10
3769.646587
  20
-9211.413692
  0
VERTEX
  8
1
  10
3767.659475
  20
-9218.993029
  0
VERTEX
  8
1
  10
3765.985079
  20
-9226.872574
  0
VERTEX
  8
1
  10
3764.723693
  20
-9234.925723
  0
VERTEX
  8
1
  10
3763.538373
  20
-9246.307059
  0
VERTEX
  8
1
  10
3763.907307
  20
-9258.249066
  0
VERTEX
  8
1
  10
3764.616586
  20
-9269.987466
  0
VERTEX
  8
1
  10
3767.612623
  20
-9299.675940
  0
VERTEX
  8
1
  10
3770.396528
  20
-9328.383674
  0
VERTEX
  8
1
  10
3771.332704
  20
-9340.074969
  0
VERTEX
  8
1
  10
3772.120961
  20
-9349.918994
  0
VERTEX
  8
1
  10
3773.179149
  20
-9367.909945
  0
VERTEX
  8
1
  10
3773.780446
  20
-9385.296530
  0
VERTEX
  8
1
  10
3773.918686
  20
-9401.692421
  0
VERTEX
  8
1
  10
3773.598110
  20
-9418.983313
  0
VERTEX
  8
1
  10
3772.600861
  20
-9442.487699
  0
VERTEX
  8
1
  10
3769.172301
  20
-9462.403141
  0
VERTEX
  8
1
  10
3757.563578
  20
-9460.885833
  0
VERTEX
  8
1
  10
3718.308999
  20
-9455.883957
  0
VERTEX
  8
1
  10
3697.987565
  20
-9453.558375
  0
VERTEX
  8
1
  10
3674.587435
  20
-9451.362423
  0
VERTEX
  8
1
  10
3662.386786
  20
-9450.408766
  0
VERTEX
  8
1
  10
3650.984022
  20
-9449.517474
  0
VERTEX
  8
1
  10
3633.381012
  20
-9448.454445
  0
VERTEX
  8
1
  10
3626.599673
  20
-9448.044927
  0
VERTEX
  8
1
  10
3598.763446
  20
-9446.801181
  0
VERTEX
  8
1
  10
3572.648406
  20
-9446.002599
  0
VERTEX
  8
1
  10
3571.045736
  20
-9445.953590
  0
VERTEX
  8
1
  10
3536.540527
  20
-9445.456250
  0
SEQEND
  8
1
  0
POINT
  8
2
 10
3536.540527
 20
-9445.456250
  0
TEXT
  8
2
 10
3536.540527
 20
-9445.456250
 40
0.000000
 50
0.000000
  1
# 1
  0
POINT
  8
2
 10
3303.905092
 20
-9462.403141
  0
TEXT
  8
2
 10
3303.905092
 20
-9462.403141
 40
0.000000
 50
0.000000
  1
# 2
  0
POINT
  8
2
 10
3300.476532
 20
-9442.487699
  0
TEXT
  8
2
 10
3300.476532
 20
-9442.487699
 40
0.000000
 50
0.000000
  1
# 3
  0
POINT
  8
2
 10
3309.539019
 20
-9246.307059
  0
TEXT
  8
2
 10
3309.539019
 20
-9246.307059
 40
0.000000
 50
0.000000
  1
# 4
  0
POINT
  8
2
 10
3274.956397
 20
-9131.027189
  0
TEXT
  8
2
 10
3274.956397
 20
-9131.027189
 40
0.000000
 50
0.000000
  1
# 5
  0
POINT
  8
2
 10
3226.871215
 20
-8913.845921
  0
TEXT
  8
2
 10
3226.871215
 20
-8913.845921
 40
0.000000
 50
0.000000
  1
# 6
  0
POINT
  8
2
 10
3426.366321
 20
-8830.429352
  0
TEXT
  8
2
 10
3426.366321
 20
-8830.429352
 40
0.000000
 50
0.000000
  1
# 7
  0
POINT
  8
2
 10
3429.617412
 20
-8829.285171
  0
TEXT
  8
2
 10
3429.617412
 20
-8829.285171
 40
0.000000
 50
0.000000
  1
# 8
  0
POINT
  8
2
 10
3536.419067
 20
-8865.794067
  0
TEXT
  8
2
 10
3536.419067
 20
-8865.794067
 40
0.000000
 50
0.000000
  1
# 9
  0
POINT
  8
2
 10
3536.538696
 20
-8953.630981
  0
TEXT
  8
2
 10
3536.538696
 20
-8953.630981
 40
0.000000
 50
0.000000
  1
# 10
  0
POINT
  8
2
 10
3536.658325
 20
-8865.794067
  0
TEXT
  8
2
 10
3536.658325
 20
-8865.794067
 40
0.000000
 50
0.000000
  1
# 11
  0
POINT
  8
2
 10
3643.459980
 20
-8829.285171
  0
TEXT
  8
2
 10
3643.459980
 20
-8829.285171
 40
0.000000
 50
0.000000
  1
# 12
  0
POINT
  8
2
 10
3646.711072
 20
-8830.429352
  0
TEXT
  8
2
 10
3646.711072
 20
-8830.429352
 40
0.000000
 50
0.000000
  1
# 13
  0
POINT
  8
2
 10
3846.206178
 20
-8913.845921
  0
TEXT
  8
2
 10
3846.206178
 20
-8913.845921
 40
0.000000
 50
0.000000
  1
# 14
  0
POINT
  8
2
 10
3798.120995
 20
-9131.027189
  0
TEXT
  8
2
 10
3798.120995
 20
-9131.027189
 40
0.000000
 50
0.000000
  1
# 15
  0
POINT
  8
2
 10
3763.538373
 20
-9246.307059
  0
TEXT
  8
2
 10
3763.538373
 20
-9246.307059
 40
0.000000
 50
0.000000
  1
# 16
  0
POINT
  8
2
 10
3772.600861
 20
-9442.487699
  0
TEXT
  8
2
 10
3772.600861
 20
-9442.487699
 40
0.000000
 50
0.000000
  1
# 17
  0
POINT
  8
2
 10
3769.172301
 20
-9462.403141
  0
TEXT
  8
2
 10
3769.172301
 20
-9462.403141
 40
0.000000
 50
0.000000
  1
# 18
  0
POINT
  8
2
 10
3536.540527
 20
-9445.456250
  0
TEXT
  8
2
 10
3536.540527
 20
-9445.456250
 40
0.000000
 50
0.000000
  1
# 19
  0
POINT
  8
3
 10
3502.031657
 20
-9445.953590
  0
POINT
  8
3
 10
3500.428987
 20
-9446.002599
  0
POINT
  8
3
 10
3474.313946
 20
-9446.801181
  0
POINT
  8
3
 10
3446.477719
 20
-9448.044927
  0
POINT
  8
3
 10
3439.696381
 20
-9448.454445
  0
POINT
  8
3
 10
3422.093371
 20
-9449.517474
  0
POINT
  8
3
 10
3410.690607
 20
-9450.408766
  0
POINT
  8
3
 10
3398.489958
 20
-9451.362423
  0
POINT
  8
3
 10
3375.089828
 20
-9453.558375
  0
POINT
  8
3
 10
3354.768393
 20
-9455.883957
  0
POINT
  8
3
 10
3315.513815
 20
-9460.885833
  0
POINT
  8
3
 10
3299.479282
 20
-9418.983313
  0
POINT
  8
3
 10
3299.158706
 20
-9401.692421
  0
POINT
  8
3
 10
3299.296947
 20
-9385.296530
  0
POINT
  8
3
 10
3299.898243
 20
-9367.909945
  0
POINT
  8
3
 10
3300.956432
 20
-9349.918994
  0
POINT
  8
3
 10
3301.744688
 20
-9340.074969
  0
POINT
  8
3
 10
3302.680865
 20
-9328.383674
  0
POINT
  8
3
 10
3305.464769
 20
-9299.675940
  0
POINT
  8
3
 10
3308.460806
 20
-9269.987466
  0
POINT
  8
3
 10
3309.170086
 20
-9258.249066
  0
POINT
  8
3
 10
3308.353700
 20
-9234.925723
  0
POINT
  8
3
 10
3307.092313
 20
-9226.872574
  0
POINT
  8
3
 10
3305.417918
 20
-9218.993029
  0
POINT
  8
3
 10
3303.430806
 20
-9211.413692
  0
POINT
  8
3
 10
3303.334208
 20
-9211.045243
  0
POINT
  8
3
 10
3300.213367
 20
-9200.894599
  0
POINT
  8
3
 10
3295.474138
 20
-9187.255933
  0
POINT
  8
3
 10
3292.352217
 20
-9178.715753
  0
POINT
  8
3
 10
3278.172960
 20
-9139.927647
  0
POINT
  8
3
 10
3277.278356
 20
-9124.096211
  0
POINT
  8
3
 10
3279.820877
 20
-9116.963967
  0
POINT
  8
3
 10
3281.609104
 20
-9110.481567
  0
POINT
  8
3
 10
3282.526385
 20
-9105.903741
  0
POINT
  8
3
 10
3282.723215
 20
-9104.279799
  0
POINT
  8
3
 10
3283.182591
 20
-9100.489721
  0
POINT
  8
3
 10
3283.511339
 20
-9094.294492
  0
POINT
  8
3
 10
3283.473031
 20
-9086.815960
  0
POINT
  8
3
 10
3283.455744
 20
-9086.478660
  0
POINT
  8
3
 10
3282.978716
 20
-9077.170875
  0
POINT
  8
3
 10
3282.054166
 20
-9067.191884
  0
POINT
  8
3
 10
3280.717372
 20
-9057.212961
  0
POINT
  8
3
 10
3278.934139
 20
-9046.973752
  0
POINT
  8
3
 10
3276.636935
 20
-9036.224258
  0
POINT
  8
3
 10
3273.864504
 20
-9025.225199
  0
POINT
  8
3
 10
3270.566363
 20
-9013.823152
  0
POINT
  8
3
 10
3270.271006
 20
-9012.917169
  0
POINT
  8
3
 10
3266.707343
 20
-9001.985923
  0
POINT
  8
3
 10
3262.397178
 20
-8990.079650
  0
POINT
  8
3
 10
3257.460060
 20
-8977.644985
  0
POINT
  8
3
 10
3251.775733
 20
-8964.465589
  0
POINT
  8
3
 10
3245.254060
 20
-8950.415102
  0
POINT
  8
3
 10
3237.319221
 20
-8934.358155
  0
POINT
  8
3
 10
3231.464075
 20
-8922.914522
  0
POINT
  8
3
 10
3239.673207
 20
-8906.680606
  0
POINT
  8
3
 10
3261.901082
 20
-8894.464110
  0
POINT
  8
3
 10
3275.928448
 20
-8887.111939
  0
POINT
  8
3
 10
3287.603459
 20
-8881.403945
  0
POINT
  8
3
 10
3299.391063
 20
-8876.141707
  0
POINT
  8
3
 10
3312.562304
 20
-8870.777110
  0
POINT
  8
3
 10
3329.445899
 20
-8864.460343
  0
POINT
  8
3
 10
3337.364145
 20
-8861.678390
  0
POINT
  8
3
 10
3376.872766
 20
-8847.797644
  0
POINT
  8
3
 10
3436.006909
 20
-8836.117044
  0
POINT
  8
3
 10
3441.613593
 20
-8842.303368
  0
POINT
  8
3
 10
3445.640606
 20
-8846.191520
  0
POINT
  8
3
 10
3449.784278
 20
-8849.625162
  0
POINT
  8
3
 10
3453.804298
 20
-8852.452443
  0
POINT
  8
3
 10
3458.212541
 20
-8855.029623
  0
POINT
  8
3
 10
3462.815927
 20
-8857.215429
  0
POINT
  8
3
 10
3464.323879
 20
-8857.790243
  0
POINT
  8
3
 10
3467.990322
 20
-8859.187848
  0
POINT
  8
3
 10
3473.651849
 20
-8860.881508
  0
POINT
  8
3
 10
3480.189159
 20
-8862.365914
  0
POINT
  8
3
 10
3487.346223
 20
-8863.541473
  0
POINT
  8
3
 10
3495.846502
 20
-8864.477674
  0
POINT
  8
3
 10
3506.904739
 20
-8865.227017
  0
POINT
  8
3
 10
3519.904589
 20
-8865.662548
  0
POINT
  8
3
 10
3536.227331
 20
-8876.609786
  0
POINT
  8
3
 10
3535.612618
 20
-8885.669969
  0
POINT
  8
3
 10
3532.279167
 20
-8918.201670
  0
POINT
  8
3
 10
3530.715231
 20
-8932.869043
  0
POINT
  8
3
 10
3530.203251
 20
-8940.840075
  0
POINT
  8
3
 10
3530.253390
 20
-8945.402355
  0
POINT
  8
3
 10
3530.617905
 20
-8948.253085
  0
POINT
  8
3
 10
3531.221220
 20
-8950.087031
  0
POINT
  8
3
 10
3532.111630
 20
-8951.499826
  0
POINT
  8
3
 10
3533.331500
 20
-8952.605601
  0
POINT
  8
3
 10
3534.742258
 20
-8953.288859
  0
POINT
  8
3
 10
3538.335134
 20
-8953.288859
  0
POINT
  8
3
 10
3539.745893
 20
-8952.605601
  0
POINT
  8
3
 10
3540.965763
 20
-8951.499826
  0
POINT
  8
3
 10
3541.856172
 20
-8950.087031
  0
POINT
  8
3
 10
3542.459487
 20
-8948.253085
  0
POINT
  8
3
 10
3542.824003
 20
-8945.402355
  0
POINT
  8
3
 10
3542.874141
 20
-8940.840075
  0
POINT
  8
3
 10
3542.362162
 20
-8932.869043
  0
POINT
  8
3
 10
3540.798226
 20
-8918.201670
  0
POINT
  8
3
 10
3537.464775
 20
-8885.669969
  0
POINT
  8
3
 10
3536.850061
 20
-8876.609786
  0
POINT
  8
3
 10
3553.172803
 20
-8865.662548
  0
POINT
  8
3
 10
3566.172653
 20
-8865.227017
  0
POINT
  8
3
 10
3577.230891
 20
-8864.477674
  0
POINT
  8
3
 10
3585.731169
 20
-8863.541473
  0
POINT
  8
3
 10
3592.888234
 20
-8862.365914
  0
POINT
  8
3
 10
3599.425544
 20
-8860.881508
  0
POINT
  8
3
 10
3605.087071
 20
-8859.187848
  0
POINT
  8
3
 10
3608.753513
 20
-8857.790243
  0
POINT
  8
3
 10
3610.261466
 20
-8857.215429
  0
POINT
  8
3
 10
3614.864851
 20
-8855.029623
  0
POINT
  8
3
 10
3619.273095
 20
-8852.452443
  0
POINT
  8
3
 10
3623.293115
 20
-8849.625162
  0
POINT
  8
3
 10
3627.436787
 20
-8846.191520
  0
POINT
  8
3
 10
3631.463799
 20
-8842.303368
  0
POINT
  8
3
 10
3637.070484
 20
-8836.117044
  0
POINT
  8
3
 10
3696.204627
 20
-8847.797644
  0
POINT
  8
3
 10
3735.713248
 20
-8861.678390
  0
POINT
  8
3
 10
3743.631494
 20
-8864.460343
  0
POINT
  8
3
 10
3760.515089
 20
-8870.777110
  0
POINT
  8
3
 10
3773.686330
 20
-8876.141707
  0
POINT
  8
3
 10
3780.407814
 20
-8879.142321
  0
POINT
  8
3
 10
3785.473934
 20
-8881.403945
  0
POINT
  8
3
 10
3797.148945
 20
-8887.111939
  0
POINT
  8
3
 10
3811.176310
 20
-8894.464110
  0
POINT
  8
3
 10
3833.404186
 20
-8906.680606
  0
POINT
  8
3
 10
3841.613317
 20
-8922.914522
  0
POINT
  8
3
 10
3835.758172
 20
-8934.358155
  0
POINT
  8
3
 10
3827.823333
 20
-8950.415102
  0
POINT
  8
3
 10
3821.301660
 20
-8964.465589
  0
POINT
  8
3
 10
3815.617333
 20
-8977.644985
  0
POINT
  8
3
 10
3810.680215
 20
-8990.079650
  0
POINT
  8
3
 10
3806.370049
 20
-9001.985923
  0
POINT
  8
3
 10
3802.806386
 20
-9012.917169
  0
POINT
  8
3
 10
3802.511029
 20
-9013.823152
  0
POINT
  8
3
 10
3799.212889
 20
-9025.225199
  0
POINT
  8
3
 10
3796.440457
 20
-9036.224258
  0
POINT
  8
3
 10
3794.143254
 20
-9046.973752
  0
POINT
  8
3
 10
3792.360020
 20
-9057.212961
  0
POINT
  8
3
 10
3791.023226
 20
-9067.191884
  0
POINT
  8
3
 10
3790.098676
 20
-9077.170875
  0
POINT
  8
3
 10
3789.621648
 20
-9086.478660
  0
POINT
  8
3
 10
3789.604362
 20
-9086.815960
  0
POINT
  8
3
 10
3789.566054
 20
-9094.294492
  0
POINT
  8
3
 10
3789.894802
 20
-9100.489721
  0
POINT
  8
3
 10
3790.354178
 20
-9104.279799
  0
POINT
  8
3
 10
3790.551008
 20
-9105.903741
  0
POINT
  8
3
 10
3791.468288
 20
-9110.481567
  0
POINT
  8
3
 10
3793.256515
 20
-9116.963967
  0
POINT
  8
3
 10
3795.799037
 20
-9124.096211
  0
POINT
  8
3
 10
3794.904433
 20
-9139.927647
  0
POINT
  8
3
 10
3780.725176
 20
-9178.715753
  0
POINT
  8
3
 10
3777.603255
 20
-9187.255933
  0
POINT
  8
3
 10
3772.864026
 20
-9200.894599
  0
POINT
  8
3
 10
3769.743185
 20
-9211.045243
  0
POINT
  8
3
 10
3769.646587
 20
-9211.413692
  0
POINT
  8
3
 10
3767.659475
 20
-9218.993029
  0
POINT
  8
3
 10
3765.985079
 20
-9226.872574
  0
POINT
  8
3
 10
3764.723693
 20
-9234.925723
  0
POINT
  8
3
 10
3763.907307
 20
-9258.249066
  0
POINT
  8
3
 10
3764.616586
 20
-9269.987466
  0
POINT
  8
3
 10
3767.612623
 20
-9299.675940
  0
POINT
  8
3
 10
3770.396528
 20
-9328.383674
  0
POINT
  8
3
 10
3771.332704
 20
-9340.074969
  0
POINT
  8
3
 10
3772.120961
 20
-9349.918994
  0
POINT
  8
3
 10
3773.179149
 20
-9367.909945
  0
POINT
  8
3
 10
3773.780446
 20
-9385.296530
  0
POINT
  8
3
 10
3773.918686
 20
-9401.692421
  0
POINT
  8
3
 10
3773.598110
 20
-9418.983313
  0
POINT
  8
3
 10
3757.563578
 20
-9460.885833
  0
POINT
  8
3
 10
3718.308999
 20
-9455.883957
  0
POINT
  8
3
 10
3697.987565
 20
-9453.558375
  0
POINT
  8
3
 10
3674.587435
 20
-9451.362423
  0
POINT
  8
3
 10
3662.386786
 20
-9450.408766
  0
POINT
  8
3
 10
3650.984022
 20
-9449.517474
  0
POINT
  8
3
 10
3633.381012
 20
-9448.454445
  0
POINT
  8
3
 10
3626.599673
 20
-9448.044927
  0
POINT
  8
3
 10
3598.763446
 20
-9446.801181
  0
POINT
  8
3
 10
3572.648406
 20
-9446.002599
  0
POINT
  8
3
 10
3571.045736
 20
-9445.953590
  0
POINT
  8
3
 10
3500.428987
 20
-9446.002599
  0
TEXT
  8
3
 10
3500.428987
 20
-9446.002599
 40
0.000000
 50
0.000000
  1
# 20
  0
POINT
  8
3
 10
3439.696381
 20
-9448.454445
  0
TEXT
  8
3
 10
3439.696381
 20
-9448.454445
 40
0.000000
 50
0.000000
  1
# 21
  0
POINT
  8
3
 10
3410.690607
 20
-9450.408766
  0
TEXT
  8
3
 10
3410.690607
 20
-9450.408766
 40
0.000000
 50
0.000000
  1
# 22
  0
POINT
  8
3
 10
3282.723215
 20
-9104.279799
  0
TEXT
  8
3
 10
3282.723215
 20
-9104.279799
 40
0.000000
 50
0.000000
  1
# 23
  0
POINT
  8
3
 10
3283.455744
 20
-9086.478660
  0
TEXT
  8
3
 10
3283.455744
 20
-9086.478660
 40
0.000000
 50
0.000000
  1
# 24
  0
POINT
  8
3
 10
3270.271006
 20
-9012.917169
  0
TEXT
  8
3
 10
3270.271006
 20
-9012.917169
 40
0.000000
 50
0.000000
  1
# 25
  0
POINT
  8
3
 10
3464.323879
 20
-8857.790243
  0
TEXT
  8
3
 10
3464.323879
 20
-8857.790243
 40
0.000000
 50
0.000000
  1
# 26
  0
POINT
  8
3
 10
3608.753513
 20
-8857.790243
  0
TEXT
  8
3
 10
3608.753513
 20
-8857.790243
 40
0.000000
 50
0.000000
  1
# 27
  0
POINT
  8
3
 10
3802.806386
 20
-9012.917169
  0
TEXT
  8
3
 10
3802.806386
 20
-9012.917169
 40
0.000000
 50
0.000000
  1
# 28
  0
POINT
  8
3
 10
3789.621648
 20
-9086.478660
  0
TEXT
  8
3
 10
3789.621648
 20
-9086.478660
 40
0.000000
 50
0.000000
  1
# 29
  0
POINT
  8
3
 10
3790.354178
 20
-9104.279799
  0
TEXT
  8
3
 10
3790.354178
 20
-9104.279799
 40
0.000000
 50
0.000000
  1
# 30
  0
POINT
  8
3
 10
3662.386786
 20
-9450.408766
  0
TEXT
  8
3
 10
3662.386786
 20
-9450.408766
 40
0.000000
 50
0.000000
  1
# 31
  0
POINT
  8
3
 10
3633.381012
 20
-9448.454445
  0
TEXT
  8
3
 10
3633.381012
 20
-9448.454445
 40
0.000000
 50
0.000000
  1
# 32
  0
POINT
  8
3
 10
3572.648406
 20
-9446.002599
  0
TEXT
  8
3
 10
3572.648406
 20
-9446.002599
 40
0.000000
 50
0.000000
  1
# 33
  0
POINT
  8
4
 10
3301.744688
 20
-9340.074969
 30
0.600000
 50
355.42
  0
TEXT
  8
4
 10
3301.744688
 20
-9340.074969
 40
0.000000
 50
0.000000
  1
# 34
  0
POINT
  8
4
 10
3303.430806
 20
-9211.413692
 30
0.600000
 50
 14.69
  0
TEXT
  8
4
 10
3303.430806
 20
-9211.413692
 40
0.000000
 50
0.000000
  1
# 35
  0
POINT
  8
4
 10
3292.352217
 20
-9178.715753
 30
0.600000
 50
 20.08
  0
TEXT
  8
4
 10
3292.352217
 20
-9178.715753
 40
0.000000
 50
0.000000
  1
# 36
  0
POINT
  8
4
 10
3337.364145
 20
-8861.678390
 30
0.600000
 50
289.32
  0
TEXT
  8
4
 10
3337.364145
 20
-8861.678390
 40
0.000000
 50
0.000000
  1
# 37
  0
POINT
  8
4
 10
3735.713248
 20
-8861.678390
 30
0.600000
 50
250.68
  0
TEXT
  8
4
 10
3735.713248
 20
-8861.678390
 40
0.000000
 50
0.000000
  1
# 38
  0
POINT
  8
4
 10
3780.407814
 20
-8879.142321
 30
0.600000
 50
245.94
  0
TEXT
  8
4
 10
3780.407814
 20
-8879.142321
 40
0.000000
 50
0.000000
  1
# 39
  0
POINT
  8
4
 10
3780.725176
 20
-9178.715753
 30
0.600000
 50
159.92
  0
TEXT
  8
4
 10
3780.725176
 20
-9178.715753
 40
0.000000
 50
0.000000
  1
# 40
  0
POINT
  8
4
 10
3769.646587
 20
-9211.413692
 30
0.600000
 50
165.31
  0
TEXT
  8
4
 10
3769.646587
 20
-9211.413692
 40
0.000000
 50
0.000000
  1
# 41
  0
POINT
  8
4
 10
3771.332704
 20
-9340.074969
 30
0.600000
 50
184.58
  0
TEXT
  8
4
 10
3771.332704
 20
-9340.074969
 40
0.000000
 50
0.000000
  1
# 42
  0
POLYLINE
  8
8
  66
1
  70
1
  0
VERTEX
  8
8
  10
3536.540527
  20
-9425.453491
  0
VERTEX
  8
8
  10
3520.177800
  20
-9425.625706
  0
VERTEX
  8
8
  10
3504.985662
  20
-9425.883445
  0
VERTEX
  8
8
  10
3499.817299
  20
-9425.999320
  0
VERTEX
  8
8
  10
3490.476853
  20
-9426.247916
  0
VERTEX
  8
8
  10
3475.268318
  20
-9426.751196
  0
VERTEX
  8
8
  10
3460.048189
  20
-9427.366778
  0
VERTEX
  8
8
  10
3445.410230
  20
-9428.072740
  0
VERTEX
  8
8
  10
3431.790829
  20
-9428.843194
  0
VERTEX
  8
8
  10
3418.894722
  20
-9429.691876
  0
VERTEX
  8
8
  10
3409.128208
  20
-9430.420162
  0
VERTEX
  8
8
  10
3407.009453
  20
-9430.587319
  0
VERTEX
  8
8
  10
3394.257916
  20
-9431.653382
  0
VERTEX
  8
8
  10
3380.545488
  20
-9432.910254
  0
VERTEX
  8
8
  10
3368.441788
  20
-9434.152761
  0
VERTEX
  8
8
  10
3356.867582
  20
-9435.482748
  0
VERTEX
  8
8
  10
3341.032456
  20
-9437.435439
  0
VERTEX
  8
8
  10
3313.657491
  20
-9440.953659
  0
VERTEX
  8
8
  10
3309.449768
  20
-9441.528931
  0
VERTEX
  8
8
  10
3308.971426
  20
-9431.974973
  0
VERTEX
  8
8
  10
3308.576951
  20
-9421.899742
  0
VERTEX
  8
8
  10
3308.310523
  20
-9412.431662
  0
VERTEX
  8
8
  10
3308.172580
  20
-9403.665108
  0
VERTEX
  8
8
  10
3308.167533
  20
-9394.212616
  0
VERTEX
  8
8
  10
3308.315365
  20
-9384.571200
  0
VERTEX
  8
8
  10
3308.616309
  20
-9374.725026
  0
VERTEX
  8
8
  10
3309.070991
  20
-9364.653445
  0
VERTEX
  8
8
  10
3309.715049
  20
-9353.782969
  0
VERTEX
  8
8
  10
3310.547847
  20
-9342.261774
  0
VERTEX
  8
8
  10
3310.664063
  20
-9340.789185
  0
VERTEX
  8
8
  10
3312.329582
  20
-9321.702107
  0
VERTEX
  8
8
  10
3313.766719
  20
-9306.958762
  0
VERTEX
  8
8
  10
3315.450387
  20
-9290.792534
  0
VERTEX
  8
8
  10
3316.823027
  20
-9277.606283
  0
VERTEX
  8
8
  10
3317.603663
  20
-9268.425955
  0
VERTEX
  8
8
  10
3318.205558
  20
-9257.627703
  0
VERTEX
  8
8
  10
3318.553467
  20
-9245.978394
  0
VERTEX
  8
8
  10
3318.021251
  20
-9240.225465
  0
VERTEX
  8
8
  10
3317.422582
  20
-9234.895374
  0
VERTEX
  8
8
  10
3316.826758
  20
-9230.535913
  0
VERTEX
  8
8
  10
3316.146072
  20
-9226.361736
  0
VERTEX
  8
8
  10
3315.356767
  20
-9222.235451
  0
VERTEX
  8
8
  10
3314.434072
  20
-9218.016962
  0
VERTEX
  8
8
  10
3313.297614
  20
-9213.391767
  0
VERTEX
  8
8
  10
3312.145081
  20
-9209.129028
  0
VERTEX
  8
8
  10
3311.991889
  20
-9208.586677
  0
VERTEX
  8
8
  10
3310.476099
  20
-9203.464848
  0
VERTEX
  8
8
  10
3308.763478
  20
-9198.084690
  0
VERTEX
  8
8
  10
3306.648937
  20
-9191.840987
  0
VERTEX
  8
8
  10
3303.942743
  20
-9184.209177
  0
VERTEX
  8
8
  10
3300.825500
  20
-9175.618286
  0
VERTEX
  8
8
  10
3293.382261
  20
-9155.370903
  0
VERTEX
  8
8
  10
3282.802734
  20
-9126.258545
  0
VERTEX
  8
8
  10
3284.198772
  20
-9122.628714
  0
VERTEX
  8
8
  10
3285.356201
  20
-9119.349720
  0
VERTEX
  8
8
  10
3286.319966
  20
-9116.140500
  0
VERTEX
  8
8
  10
3287.750801
  20
-9110.551192
  0
VERTEX
  8
8
  10
3288.279120
  20
-9107.877544
  0
VERTEX
  8
8
  10
3288.712628
  20
-9105.072571
  0
VERTEX
  8
8
  10
3288.721472
  20
-9105.006818
  0
VERTEX
  8
8
  10
3289.066054
  20
-9102.028004
  0
VERTEX
  8
8
  10
3289.321110
  20
-9098.864286
  0
VERTEX
  8
8
  10
3289.483090
  20
-9095.421942
  0
VERTEX
  8
8
  10
3289.542668
  20
-9091.757857
  0
VERTEX
  8
8
  10
3289.493831
  20
-9087.513327
  0
VERTEX
  8
8
  10
3289.456217
  20
-9086.171133
  0
VERTEX
  8
8
  10
3289.326112
  20
-9082.873011
  0
VERTEX
  8
8
  10
3289.032873
  20
-9077.740364
  0
VERTEX
  8
8
  10
3288.633573
  20
-9072.624978
  0
VERTEX
  8
8
  10
3288.127517
  20
-9067.516298
  0
VERTEX
  8
8
  10
3287.511866
  20
-9062.379212
  0
VERTEX
  8
8
  10
3286.776472
  20
-9057.145887
  0
VERTEX
  8
8
  10
3285.927441
  20
-9051.873231
  0
VERTEX
  8
8
  10
3284.964232
  20
-9046.557829
  0
VERTEX
  8
8
  10
3283.885272
  20
-9041.190373
  0
VERTEX
  8
8
  10
3282.650141
  20
-9035.594804
  0
VERTEX
  8
8
  10
3281.289214
  20
-9029.931267
  0
VERTEX
  8
8
  10
3279.782319
  20
-9024.125283
  0
VERTEX
  8
8
  10
3278.151599
  20
-9018.271978
  0
VERTEX
  8
8
  10
3276.409360
  20
-9012.411440
  0
VERTEX
  8
8
  10
3275.990061
  20
-9011.052717
  0
VERTEX
  8
8
  10
3274.544993
  20
-9006.504352
  0
VERTEX
  8
8
  10
3272.521804
  20
-9000.443930
  0
VERTEX
  8
8
  10
3270.376461
  20
-8994.349482
  0
VERTEX
  8
8
  10
3268.043413
  20
-8988.047271
  0
VERTEX
  8
8
  10
3265.568503
  20
-8981.672338
  0
VERTEX
  8
8
  10
3262.926802
  20
-8975.164187
  0
VERTEX
  8
8
  10
3260.136435
  20
-8968.571133
  0
VERTEX
  8
8
  10
3257.095114
  20
-8961.664023
  0
VERTEX
  8
8
  10
3253.870289
  20
-8954.607545
  0
VERTEX
  8
8
  10
3250.280312
  20
-8947.021546
  0
VERTEX
  8
8
  10
3246.414421
  20
-8939.110195
  0
VERTEX
  8
8
  10
3241.529358
  20
-8929.397157
  0
VERTEX
  8
8
  10
3236.170349
  20
-8918.986206
  0
VERTEX
  8
8
  10
3251.674686
  20
-8910.300485
  0
VERTEX
  8
8
  10
3266.161213
  20
-8902.391991
  0
VERTEX
  8
8
  10
3273.685745
  20
-8898.396132
  0
VERTEX
  8
8
  10
3280.388929
  20
-8894.941129
  0
VERTEX
  8
8
  10
3286.643413
  20
-8891.835115
  0
VERTEX
  8
8
  10
3292.572562
  20
-8889.017531
  0
VERTEX
  8
8
  10
3302.620902
  20
-8884.548599
  0
VERTEX
  8
8
  10
3313.504581
  20
-8880.077097
  0
VERTEX
  8
8
  10
3321.323790
  20
-8877.051661
  0
VERTEX
  8
8
  10
3329.931020
  20
-8873.857881
  0
VERTEX
  8
8
  10
3340.344543
  20
-8870.126343
  0
VERTEX
  8
8
  10
3352.880873
  20
-8865.731393
  0
VERTEX
  8
8
  10
3396.642081
  20
-8850.400822
  0
VERTEX
  8
8
  10
3429.350281
  20
-8838.920288
  0
VERTEX
  8
8
  10
3432.874782
  20
-8837.680216
  0
VERTEX
  8
8
  10
3436.398315
  20
-8836.439819
  0
VERTEX
  8
8
  10
3438.880333
  20
-8839.332385
  0
VERTEX
  8
8
  10
3441.267764
  20
-8841.942015
  0
VERTEX
  8
8
  10
3444.716678
  20
-8845.348501
  0
VERTEX
  8
8
  10
3447.631562
  20
-8847.911764
  0
VERTEX
  8
8
  10
3450.696692
  20
-8850.308162
  0
VERTEX
  8
8
  10
3453.804298
  20
-8852.452443
  0
VERTEX
  8
8
  10
3456.893831
  20
-8854.313074
  0
VERTEX
  8
8
  10
3460.083318
  20
-8855.973714
  0
VERTEX
  8
8
  10
3463.540718
  20
-8857.519910
  0
VERTEX
  8
8
  10
3464.308075
  20
-8857.831703
  0
VERTEX
  8
8
  10
3468.006662
  20
-8859.193382
  0
VERTEX
  8
8
  10
3470.771018
  20
-8860.073529
  0
VERTEX
  8
8
  10
3473.651849
  20
-8860.881508
  0
VERTEX
  8
8
  10
3476.731777
  20
-8861.636491
  0
VERTEX
  8
8
  10
3479.943667
  20
-8862.317903
  0
VERTEX
  8
8
  10
3483.589110
  20
-8862.976194
  0
VERTEX
  8
8
  10
3487.393846
  20
-8863.547963
  0
VERTEX
  8
8
  10
3492.490749
  20
-8864.156647
  0
VERTEX
  8
8
  10
3498.167988
  20
-8864.670320
  0
VERTEX
  8
8
  10
3508.782774
  20
-8865.315925
  0
VERTEX
  8
8
  10
3520.677752
  20
-8865.676923
  0
VERTEX
  8
8
  10
3536.419067
  20
-8865.794067
  0
VERTEX
  8
8
  10
3536.378749
  20
-8871.547104
  0
VERTEX
  8
8
  10
3536.215288
  20
-8876.882960
  0
VERTEX
  8
8
  10
3535.664702
  20
-8885.068937
  0
VERTEX
  8
8
  10
3534.487088
  20
-8897.066847
  0
VERTEX
  8
8
  10
3532.703324
  20
-8914.449640
  0
VERTEX
  8
8
  10
3530.808025
  20
-8931.824308
  0
VERTEX
  8
8
  10
3530.434791
  20
-8936.440940
  0
VERTEX
  8
8
  10
3530.196886
  20
-8941.067310
  0
VERTEX
  8
8
  10
3530.209935
  20
-8944.564139
  0
VERTEX
  8
8
  10
3530.368288
  20
-8946.711297
  0
VERTEX
  8
8
  10
3530.464419
  20
-8947.433961
  0
VERTEX
  8
8
  10
3530.595602
  20
-8948.150553
  0
VERTEX
  8
8
  10
3530.745766
  20
-8948.769606
  0
VERTEX
  8
8
  10
3530.890778
  20
-8949.249325
  0
VERTEX
  8
8
  10
3531.055319
  20
-8949.701690
  0
VERTEX
  8
8
  10
3531.239667
  20
-8950.126440
  0
VERTEX
  8
8
  10
3531.443744
  20
-8950.524812
  0
VERTEX
  8
8
  10
3531.668412
  20
-8950.897768
  0
VERTEX
  8
8
  10
3531.916166
  20
-8951.253174
  0
VERTEX
  8
8
  10
3532.186323
  20
-8951.587599
  0
VERTEX
  8
8
  10
3532.476817
  20
-8951.899943
  0
VERTEX
  8
8
  10
3532.768495
  20
-8952.172121
  0
VERTEX
  8
8
  10
3533.075569
  20
-8952.422438
  0
VERTEX
  8
8
  10
3533.396655
  20
-8952.648889
  0
VERTEX
  8
8
  10
3533.729819
  20
-8952.850447
  0
VERTEX
  8
8
  10
3534.078967
  20
-8953.028075
  0
VERTEX
  8
8
  10
3534.445425
  20
-8953.184199
  0
VERTEX
  8
8
  10
3534.828198
  20
-8953.316057
  0
VERTEX
  8
8
  10
3535.223342
  20
-8953.425379
  0
VERTEX
  8
8
  10
3535.845651
  20
-8953.546784
  0
VERTEX
  8
8
  10
3536.538696
  20
-8953.630981
  0
VERTEX
  8
8
  10
3538.335134
  20
-8953.288859
  0
VERTEX
  8
8
  10
3539.745893
  20
-8952.605601
  0
VERTEX
  8
8
  10
3540.965763
  20
-8951.499826
  0
VERTEX
  8
8
  10
3541.856172
  20
-8950.087031
  0
VERTEX
  8
8
  10
3542.459487
  20
-8948.253085
  0
VERTEX
  8
8
  10
3542.824003
  20
-8945.402355
  0
VERTEX
  8
8
  10
3542.874141
  20
-8940.840075
  0
VERTEX
  8
8
  10
3542.362162
  20
-8932.869043
  0
VERTEX
  8
8
  10
3540.798226
  20
-8918.201670
  0
VERTEX
  8
8
  10
3537.464775
  20
-8885.669969
  0
VERTEX
  8
8
  10
3536.850061
  20
-8876.609786
  0
VERTEX
  8
8
  10
3536.658325
  20
-8865.794067
  0
VERTEX
  8
8
  10
3553.172803
  20
-8865.662548
  0
VERTEX
  8
8
  10
3566.172653
  20
-8865.227017
  0
VERTEX
  8
8
  10
3577.230891
  20
-8864.477674
  0
VERTEX
  8
8
  10
3585.731169
  20
-8863.541473
  0
VERTEX
  8
8
  10
3592.888234
  20
-8862.365914
  0
VERTEX
  8
8
  10
3599.425544
  20
-8860.881508
  0
VERTEX
  8
8
  10
3605.087071
  20
-8859.187848
  0
VERTEX
  8
8
  10
3608.769318
  20
-8857.831703
  0
VERTEX
  8
8
  10
3610.261466
  20
-8857.215429
  0
VERTEX
  8
8
  10
3614.864851
  20
-8855.029623
  0
VERTEX
  8
8
  10
3619.273095
  20
-8852.452443
  0
VERTEX
  8
8
  10
3623.293115
  20
-8849.625162
  0
VERTEX
  8
8
  10
3627.436787
  20
-8846.191520
  0
VERTEX
  8
8
  10
3631.463799
  20
-8842.303368
  0
VERTEX
  8
8
  10
3636.679077
  20
-8836.439819
  0
VERTEX
  8
8
  10
3643.727112
  20
-8838.920288
  0
VERTEX
  8
8
  10
3693.227064
  20
-8856.290825
  0
VERTEX
  8
8
  10
3732.732849
  20
-8870.126343
  0
VERTEX
  8
8
  10
3740.575549
  20
-8872.925637
  0
VERTEX
  8
8
  10
3757.242559
  20
-8879.161056
  0
VERTEX
  8
8
  10
3770.157997
  20
-8884.421252
  0
VERTEX
  8
8
  10
3776.761780
  20
-8887.309570
  0
VERTEX
  8
8
  10
3781.656922
  20
-8889.554431
  0
VERTEX
  8
8
  10
3793.075840
  20
-8895.137511
  0
VERTEX
  8
8
  10
3806.916180
  20
-8902.391991
  0
VERTEX
  8
8
  10
3829.007358
  20
-8914.533498
  0
VERTEX
  8
8
  10
3836.907043
  20
-8918.986206
  0
VERTEX
  8
8
  10
3830.405507
  20
-8931.647255
  0
VERTEX
  8
8
  10
3822.413143
  20
-8947.820906
  0
VERTEX
  8
8
  10
3815.825863
  20
-8962.012907
  0
VERTEX
  8
8
  10
3810.073899
  20
-8975.349263
  0
VERTEX
  8
8
  10
3805.070651
  20
-8987.950614
  0
VERTEX
  8
8
  10
3800.696679
  20
-9000.033265
  0
VERTEX
  8
8
  10
3797.087332
  20
-9011.052717
  0
VERTEX
  8
8
  10
3796.776177
  20
-9012.059214
  0
VERTEX
  8
8
  10
3793.421241
  20
-9023.657774
  0
VERTEX
  8
8
  10
3790.597127
  20
-9034.862092
  0
VERTEX
  8
8
  10
3788.252906
  20
-9045.831908
  0
VERTEX
  8
8
  10
3786.430026
  20
-9056.299084
  0
VERTEX
  8
8
  10
3785.061528
  20
-9066.515017
  0
VERTEX
  8
8
  10
3784.114022
  20
-9076.742023
  0
VERTEX
  8
8
  10
3783.621175
  20
-9086.171133
  0
VERTEX
  8
8
  10
3783.606904
  20
-9086.641314
  0
VERTEX
  8
8
  10
3783.567610
  20
-9094.431133
  0
VERTEX
  8
8
  10
3783.917164
  20
-9101.007269
  0
VERTEX
  8
8
  10
3784.355921
  20
-9105.006818
  0
VERTEX
  8
8
  10
3784.626113
  20
-9106.850114
  0
VERTEX
  8
8
  10
3785.635192
  20
-9111.886913
  0
VERTEX
  8
8
  10
3787.535737
  20
-9118.773026
  0
VERTEX
  8
8
  10
3790.274658
  20
-9126.258545
  0
VERTEX
  8
8
  10
3786.443189
  20
-9136.860507
  0
VERTEX
  8
8
  10
3772.251892
  20
-9175.618286
  0
VERTEX
  8
8
  10
3769.134650
  20
-9184.209177
  0
VERTEX
  8
8
  10
3764.313915
  20
-9198.084690
  0
VERTEX
  8
8
  10
3761.085503
  20
-9208.586677
  0
VERTEX
  8
8
  10
3760.932312
  20
-9209.129028
  0
VERTEX
  8
8
  10
3758.905485
  20
-9216.903133
  0
VERTEX
  8
8
  10
3757.135164
  20
-9225.235809
  0
VERTEX
  8
8
  10
3755.799457
  20
-9233.760387
  0
VERTEX
  8
8
  10
3754.523926
  20
-9245.978394
  0
VERTEX
  8
8
  10
3754.916236
  20
-9258.649856
  0
VERTEX
  8
8
  10
3755.644463
  20
-9270.695283
  0
VERTEX
  8
8
  10
3758.660515
  20
-9300.603166
  0
VERTEX
  8
8
  10
3761.431999
  20
-9329.181929
  0
VERTEX
  8
8
  10
3762.413330
  20
-9340.789185
  0
VERTEX
  8
8
  10
3763.142709
  20
-9350.544279
  0
VERTEX
  8
8
  10
3764.189114
  20
-9368.333338
  0
VERTEX
  8
8
  10
3764.782542
  20
-9385.490768
  0
VERTEX
  8
8
  10
3764.918807
  20
-9401.645922
  0
VERTEX
  8
8
  10
3764.602180
  20
-9418.712705
  0
VERTEX
  8
8
  10
3763.627625
  20
-9441.528931
  0
VERTEX
  8
8
  10
3760.260366
  20
-9441.067795
  0
VERTEX
  8
8
  10
3720.738565
  20
-9436.031388
  0
VERTEX
  8
8
  10
3700.056982
  20
-9433.665040
  0
VERTEX
  8
8
  10
3676.299408
  20
-9431.435145
  0
VERTEX
  8
8
  10
3663.949185
  20
-9430.420162
  0
VERTEX
  8
8
  10
3652.367501
  20
-9429.564699
  0
VERTEX
  8
8
  10
3627.644857
  20
-9428.071573
  0
VERTEX
  8
8
  10
3599.514492
  20
-9426.814606
  0
VERTEX
  8
8
  10
3573.260094
  20
-9425.999320
  0
VERTEX
  8
8
  10
3571.504026
  20
-9425.958160
  0
VERTEX
  8
8
  10
3536.540527
  20
-9425.453491
  0
SEQEND
  8
8
  0
POINT
  8
2
 10
3536.540527
 20
-9425.453491
  0
TEXT
  8
2
 10
3536.540527
 20
-9425.453491
 40
0.000000
 50
0.000000
  1
# 43
  0
POINT
  8
2
 10
3309.449768
 20
-9441.528931
  0
TEXT
  8
2
 10
3309.449768
 20
-9441.528931
 40
0.000000
 50
0.000000
  1
# 44
  0
POINT
  8
2
 10
3318.553467
 20
-9245.978394
  0
TEXT
  8
2
 10
3318.553467
 20
-9245.978394
 40
0.000000
 50
0.000000
  1
# 45
  0
POINT
  8
2
 10
3282.802734
 20
-9126.258545
  0
TEXT
  8
2
 10
3282.802734
 20
-9126.258545
 40
0.000000
 50
0.000000
  1
# 46
  0
POINT
  8
2
 10
3236.170349
 20
-8918.986206
  0
TEXT
  8
2
 10
3236.170349
 20
-8918.986206
 40
0.000000
 50
0.000000
  1
# 47
  0
POINT
  8
2
 10
3429.350281
 20
-8838.920288
  0
TEXT
  8
2
 10
3429.350281
 20
-8838.920288
 40
0.000000
 50
0.000000
  1
# 48
  0
POINT
  8
2
 10
3436.398315
 20
-8836.439819
  0
TEXT
  8
2
 10
3436.398315
 20
-8836.439819
 40
0.000000
 50
0.000000
  1
# 49
  0
POINT
  8
2
 10
3536.419067
 20
-8865.794067
  0
TEXT
  8
2
 10
3536.419067
 20
-8865.794067
 40
0.000000
 50
0.000000
  1
# 50
  0
POINT
  8
2
 10
3536.538696
 20
-8953.630981
  0
TEXT
  8
2
 10
3536.538696
 20
-8953.630981
 40
0.000000
 50
0.000000
  1
# 51
  0
POINT
  8
2
 10
3536.658325
 20
-8865.794067
  0
TEXT
  8
2
 10
3536.658325
 20
-8865.794067
 40
0.000000
 50
0.000000
  1
# 52
  0
POINT
  8
2
 10
3636.679077
 20
-8836.439819
  0
TEXT
  8
2
 10
3636.679077
 20
-8836.439819
 40
0.000000
 50
0.000000
  1
# 53
  0
POINT
  8
2
 10
3643.727112
 20
-8838.920288
  0
TEXT
  8
2
 10
3643.727112
 20
-8838.920288
 40
0.000000
 50
0.000000
  1
# 54
  0
POINT
  8
2
 10
3836.907043
 20
-8918.986206
  0
TEXT
  8
2
 10
3836.907043
 20
-8918.986206
 40
0.000000
 50
0.000000
  1
# 55
  0
POINT
  8
2
 10
3790.274658
 20
-9126.258545
  0
TEXT
  8
2
 10
3790.274658
 20
-9126.258545
 40
0.000000
 50
0.000000
  1
# 56
  0
POINT
  8
2
 10
3754.523926
 20
-9245.978394
  0
TEXT
  8
2
 10
3754.523926
 20
-9245.978394
 40
0.000000
 50
0.000000
  1
# 57
  0
POINT
  8
2
 10
3763.627625
 20
-9441.528931
  0
TEXT
  8
2
 10
3763.627625
 20
-9441.528931
 40
0.000000
 50
0.000000
  1
# 58
  0
POINT
  8
2
 10
3536.540527
 20
-9425.453491
  0
TEXT
  8
2
 10
3536.540527
 20
-9425.453491
 40
0.000000
 50
0.000000
  1
# 59
  0
POINT
  8
3
 10
3520.177800
 20
-9425.625706
  0
POINT
  8
3
 10
3504.985662
 20
-9425.883445
  0
POINT
  8
3
 10
3499.817299
 20
-9425.999320
  0
POINT
  8
3
 10
3490.476853
 20
-9426.247916
  0
POINT
  8
3
 10
3475.268318
 20
-9426.751196
  0
POINT
  8
3
 10
3460.048189
 20
-9427.366778
  0
POINT
  8
3
 10
3445.410230
 20
-9428.072740
  0
POINT
  8
3
 10
3431.790829
 20
-9428.843194
  0
POINT
  8
3
 10
3418.894722
 20
-9429.691876
  0
POINT
  8
3
 10
3409.128208
 20
-9430.420162
  0
POINT
  8
3
 10
3407.009453
 20
-9430.587319
  0
POINT
  8
3
 10
3394.257916
 20
-9431.653382
  0
POINT
  8
3
 10
3380.545488
 20
-9432.910254
  0
POINT
  8
3
 10
3368.441788
 20
-9434.152761
  0
POINT
  8
3
 10
3356.867582
 20
-9435.482748
  0
POINT
  8
3
 10
3341.032456
 20
-9437.435439
  0
POINT
  8
3
 10
3313.657491
 20
-9440.953659
  0
POINT
  8
3
 10
3308.971426
 20
-9431.974973
  0
POINT
  8
3
 10
3308.576951
 20
-9421.899742
  0
POINT
  8
3
 10
3308.310523
 20
-9412.431662
  0
POINT
  8
3
 10
3308.172580
 20
-9403.665108
  0
POINT
  8
3
 10
3308.167533
 20
-9394.212616
  0
POINT
  8
3
 10
3308.315365
 20
-9384.571200
  0
POINT
  8
3
 10
3308.616309
 20
-9374.725026
  0
POINT
  8
3
 10
3309.070991
 20
-9364.653445
  0
POINT
  8
3
 10
3309.715049
 20
-9353.782969
  0
POINT
  8
3
 10
3310.547847
 20
-9342.261774
  0
POINT
  8
3
 10
3310.664063
 20
-9340.789185
  0
POINT
  8
3
 10
3312.329582
 20
-9321.702107
  0
POINT
  8
3
 10
3313.766719
 20
-9306.958762
  0
POINT
  8
3
 10
3315.450387
 20
-9290.792534
  0
POINT
  8
3
 10
3316.823027
 20
-9277.606283
  0
POINT
  8
3
 10
3317.603663
 20
-9268.425955
  0
POINT
  8
3
 10
3318.205558
 20
-9257.627703
  0
POINT
  8
3
 10
3318.021251
 20
-9240.225465
  0
POINT
  8
3
 10
3317.422582
 20
-9234.895374
  0
POINT
  8
3
 10
3316.826758
 20
-9230.535913
  0
POINT
  8
3
 10
3316.146072
 20
-9226.361736
  0
POINT
  8
3
 10
3315.356767
 20
-9222.235451
  0
POINT
  8
3
 10
3314.434072
 20
-9218.016962
  0
POINT
  8
3
 10
3313.297614
 20
-9213.391767
  0
POINT
  8
3
 10
3312.145081
 20
-9209.129028
  0
POINT
  8
3
 10
3311.991889
 20
-9208.586677
  0
POINT
  8
3
 10
3310.476099
 20
-9203.464848
  0
POINT
  8
3
 10
3308.763478
 20
-9198.084690
  0
POINT
  8
3
 10
3306.648937
 20
-9191.840987
  0
POINT
  8
3
 10
3303.942743
 20
-9184.209177
  0
POINT
  8
3
 10
3300.825500
 20
-9175.618286
  0
POINT
  8
3
 10
3293.382261
 20
-9155.370903
  0
POINT
  8
3
 10
3284.198772
 20
-9122.628714
  0
POINT
  8
3
 10
3285.356201
 20
-9119.349720
  0
POINT
  8
3
 10
3286.319966
 20
-9116.140500
  0
POINT
  8
3
 10
3287.750801
 20
-9110.551192
  0
POINT
  8
3
 10
3288.279120
 20
-9107.877544
  0
POINT
  8
3
 10
3288.712628
 20
-9105.072571
  0
POINT
  8
3
 10
3288.721472
 20
-9105.006818
  0
POINT
  8
3
 10
3289.066054
 20
-9102.028004
  0
POINT
  8
3
 10
3289.321110
 20
-9098.864286
  0
POINT
  8
3
 10
3289.483090
 20
-9095.421942
  0
POINT
  8
3
 10
3289.542668
 20
-9091.757857
  0
POINT
  8
3
 10
3289.493831
 20
-9087.513327
  0
POINT
  8
3
 10
3289.456217
 20
-9086.171133
  0
POINT
  8
3
 10
3289.326112
 20
-9082.873011
  0
POINT
  8
3
 10
3289.032873
 20
-9077.740364
  0
POINT
  8
3
 10
3288.633573
 20
-9072.624978
  0
POINT
  8
3
 10
3288.127517
 20
-9067.516298
  0
POINT
  8
3
 10
3287.511866
 20
-9062.379212
  0
POINT
  8
3
 10
3286.776472
 20
-9057.145887
  0
POINT
  8
3
 10
3285.927441
 20
-9051.873231
  0
POINT
  8
3
 10
3284.964232
 20
-9046.557829
  0
POINT
  8
3
 10
3283.885272
 20
-9041.190373
  0
POINT
  8
3
 10
3282.650141
 20
-9035.594804
  0
POINT
  8
3
 10
3281.289214
 20
-9029.931267
  0
POINT
  8
3
 10
3279.782319
 20
-9024.125283
  0
POINT
  8
3
 10
3278.151599
 20
-9018.271978
  0
POINT
  8
3
 10
3276.409360
 20
-9012.411440
  0
POINT
  8
3
 10
3275.990061
 20
-9011.052717
  0
POINT
  8
3
 10
3274.544993
 20
-9006.504352
  0
POINT
  8
3
 10
3272.521804
 20
-9000.443930
  0
POINT
  8
3
 10
3270.376461
 20
-8994.349482
  0
POINT
  8
3
 10
3268.043413
 20
-8988.047271
  0
POINT
  8
3
 10
3265.568503
 20
-8981.672338
  0
POINT
  8
3
 10
3262.926802
 20
-8975.164187
  0
POINT
  8
3
 10
3260.136435
 20
-8968.571133
  0
POINT
  8
3
 10
3257.095114
 20
-8961.664023
  0
POINT
  8
3
 10
3253.870289
 20
-8954.607545
  0
POINT
  8
3
 10
3250.280312
 20
-8947.021546
  0
POINT
  8
3
 10
3246.414421
 20
-8939.110195
  0
POINT
  8
3
 10
3241.529358
 20
-8929.397157
  0
POINT
  8
3
 10
3251.674686
 20
-8910.300485
  0
POINT
  8
3
 10
3266.161213
 20
-8902.391991
  0
POINT
  8
3
 10
3273.685745
 20
-8898.396132
  0
POINT
  8
3
 10
3280.388929
 20
-8894.941129
  0
POINT
  8
3
 10
3286.643413
 20
-8891.835115
  0
POINT
  8
3
 10
3292.572562
 20
-8889.017531
  0
POINT
  8
3
 10
3302.620902
 20
-8884.548599
  0
POINT
  8
3
 10
3313.504581
 20
-8880.077097
  0
POINT
  8
3
 10
3321.323790
 20
-8877.051661
  0
POINT
  8
3
 10
3329.931020
 20
-8873.857881
  0
POINT
  8
3
 10
3340.344543
 20
-8870.126343
  0
POINT
  8
3
 10
3352.880873
 20
-8865.731393
  0
POINT
  8
3
 10
3396.642081
 20
-8850.400822
  0
POINT
  8
3
 10
3432.874782
 20
-8837.680216
  0
POINT
  8
3
 10
3438.880333
 20
-8839.332385
  0
POINT
  8
3
 10
3441.267764
 20
-8841.942015
  0
POINT
  8
3
 10
3444.716678
 20
-8845.348501
  0
POINT
  8
3
 10
3447.631562
 20
-8847.911764
  0
POINT
  8
3
 10
3450.696692
 20
-8850.308162
  0
POINT
  8
3
 10
3453.804298
 20
-8852.452443
  0
POINT
  8
3
 10
3456.893831
 20
-8854.313074
  0
POINT
  8
3
 10
3460.083318
 20
-8855.973714
  0
POINT
  8
3
 10
3463.540718
 20
-8857.519910
  0
POINT
  8
3
 10
3464.308075
 20
-8857.831703
  0
POINT
  8
3
 10
3468.006662
 20
-8859.193382
  0
POINT
  8
3
 10
3470.771018
 20
-8860.073529
  0
POINT
  8
3
 10
3473.651849
 20
-8860.881508
  0
POINT
  8
3
 10
3476.731777
 20
-8861.636491
  0
POINT
  8
3
 10
3479.943667
 20
-8862.317903
  0
POINT
  8
3
 10
3483.589110
 20
-8862.976194
  0
POINT
  8
3
 10
3487.393846
 20
-8863.547963
  0
POINT
  8
3
 10
3492.490749
 20
-8864.156647
  0
POINT
  8
3
 10
3498.167988
 20
-8864.670320
  0
POINT
  8
3
 10
3508.782774
 20
-8865.315925
  0
POINT
  8
3
 10
3520.677752
 20
-8865.676923
  0
POINT
  8
3
 10
3536.378749
 20
-8871.547104
  0
POINT
  8
3
 10
3536.215288
 20
-8876.882960
  0
POINT
  8
3
 10
3535.664702
 20
-8885.068937
  0
POINT
  8
3
 10
3534.487088
 20
-8897.066847
  0
POINT
  8
3
 10
3532.703324
 20
-8914.449640
  0
POINT
  8
3
 10
3530.808025
 20
-8931.824308
  0
POINT
  8
3
 10
3530.434791
 20
-8936.440940
  0
POINT
  8
3
 10
3530.196886
 20
-8941.067310
  0
POINT
  8
3
 10
3530.209935
 20
-8944.564139
  0
POINT
  8
3
 10
3530.368288
 20
-8946.711297
  0
POINT
  8
3
 10
3530.464419
 20
-8947.433961
  0
POINT
  8
3
 10
3530.595602
 20
-8948.150553
  0
POINT
  8
3
 10
3530.745766
 20
-8948.769606
  0
POINT
  8
3
 10
3530.890778
 20
-8949.249325
  0
POINT
  8
3
 10
3531.055319
 20
-8949.701690
  0
POINT
  8
3
 10
3531.239667
 20
-8950.126440
  0
POINT
  8
3
 10
3531.443744
 20
-8950.524812
  0
POINT
  8
3
 10
3531.668412
 20
-8950.897768
  0
POINT
  8
3
 10
3531.916166
 20
-8951.253174
  0
POINT
  8
3
 10
3532.186323
 20
-8951.587599
  0
POINT
  8
3
 10
3532.476817
 20
-8951.899943
  0
POINT
  8
3
 10
3532.768495
 20
-8952.172121
  0
POINT
  8
3
 10
3533.075569
 20
-8952.422438
  0
POINT
  8
3
 10
3533.396655
 20
-8952.648889
  0
POINT
  8
3
 10
3533.729819
 20
-8952.850447
  0
POINT
  8
3
 10
3534.078967
 20
-8953.028075
  0
POINT
  8
3
 10
3534.445425
 20
-8953.184199
  0
POINT
  8
3
 10
3534.828198
 20
-8953.316057
  0
POINT
  8
3
 10
3535.223342
 20
-8953.425379
  0
POINT
  8
3
 10
3535.845651
 20
-8953.546784
  0
POINT
  8
3
 10
3538.335134
 20
-8953.288859
  0
POINT
  8
3
 10
3539.745893
 20
-8952.605601
  0
POINT
  8
3
 10
3540.965763
 20
-8951.499826
  0
POINT
  8
3
 10
3541.856172
 20
-8950.087031
  0
POINT
  8
3
 10
3542.459487
 20
-8948.253085
  0
POINT
  8
3
 10
3542.824003
 20
-8945.402355
  0
POINT
  8
3
 10
3542.874141
 20
-8940.840075
  0
POINT
  8
3
 10
3542.362162
 20
-8932.869043
  0
POINT
  8
3
 10
3540.798226
 20
-8918.201670
  0
POINT
  8
3
 10
3537.464775
 20
-8885.669969
  0
POINT
  8
3
 10
3536.850061
 20
-8876.609786
  0
POINT
  8
3
 10
3553.172803
 20
-8865.662548
  0
POINT
  8
3
 10
3566.172653
 20
-8865.227017
  0
POINT
  8
3
 10
3577.230891
 20
-8864.477674
  0
POINT
  8
3
 10
3585.731169
 20
-8863.541473
  0
POINT
  8
3
 10
3592.888234
 20
-8862.365914
  0
POINT
  8
3
 10
3599.425544
 20
-8860.881508
  0
POINT
  8
3
 10
3605.087071
 20
-8859.187848
  0
POINT
  8
3
 10
3608.769318
 20
-8857.831703
  0
POINT
  8
3
 10
3610.261466
 20
-8857.215429
  0
POINT
  8
3
 10
3614.864851
 20
-8855.029623
  0
POINT
  8
3
 10
3619.273095
 20
-8852.452443
  0
POINT
  8
3
 10
3623.293115
 20
-8849.625162
  0
POINT
  8
3
 10
3627.436787
 20
-8846.191520
  0
POINT
  8
3
 10
3631.463799
 20
-8842.303368
  0
POINT
  8
3
 10
3693.227064
 20
-8856.290825
  0
POINT
  8
3
 10
3732.732849
 20
-8870.126343
  0
POINT
  8
3
 10
3740.575549
 20
-8872.925637
  0
POINT
  8
3
 10
3757.242559
 20
-8879.161056
  0
POINT
  8
3
 10
3770.157997
 20
-8884.421252
  0
POINT
  8
3
 10
3776.761780
 20
-8887.309570
  0
POINT
  8
3
 10
3781.656922
 20
-8889.554431
  0
POINT
  8
3
 10
3793.075840
 20
-8895.137511
  0
POINT
  8
3
 10
3806.916180
 20
-8902.391991
  0
POINT
  8
3
 10
3829.007358
 20
-8914.533498
  0
POINT
  8
3
 10
3830.405507
 20
-8931.647255
  0
POINT
  8
3
 10
3822.413143
 20
-8947.820906
  0
POINT
  8
3
 10
3815.825863
 20
-8962.012907
  0
POINT
  8
3
 10
3810.073899
 20
-8975.349263
  0
POINT
  8
3
 10
3805.070651
 20
-8987.950614
  0
POINT
  8
3
 10
3800.696679
 20
-9000.033265
  0
POINT
  8
3
 10
3797.087332
 20
-9011.052717
  0
POINT
  8
3
 10
3796.776177
 20
-9012.059214
  0
POINT
  8
3
 10
3793.421241
 20
-9023.657774
  0
POINT
  8
3
 10
3790.597127
 20
-9034.862092
  0
POINT
  8
3
 10
3788.252906
 20
-9045.831908
  0
POINT
  8
3
 10
3786.430026
 20
-9056.299084
  0
POINT
  8
3
 10
3785.061528
 20
-9066.515017
  0
POINT
  8
3
 10
3784.114022
 20
-9076.742023
  0
POINT
  8
3
 10
3783.621175
 20
-9086.171133
  0
POINT
  8
3
 10
3783.606904
 20
-9086.641314
  0
POINT
  8
3
 10
3783.567610
 20
-9094.431133
  0
POINT
  8
3
 10
3783.917164
 20
-9101.007269
  0
POINT
  8
3
 10
3784.355921
 20
-9105.006818
  0
POINT
  8
3
 10
3784.626113
 20
-9106.850114
  0
POINT
  8
3
 10
3785.635192
 20
-9111.886913
  0
POINT
  8
3
 10
3787.535737
 20
-9118.773026
  0
POINT
  8
3
 10
3786.443189
 20
-9136.860507
  0
POINT
  8
3
 10
3772.251892
 20
-9175.618286
  0
POINT
  8
3
 10
3769.134650
 20
-9184.209177
  0
POINT
  8
3
 10
3764.313915
 20
-9198.084690
  0
POINT
  8
3
 10
3761.085503
 20
-9208.586677
  0
POINT
  8
3
 10
3760.932312
 20
-9209.129028
  0
POINT
  8
3
 10
3758.905485
 20
-9216.903133
  0
POINT
  8
3
 10
3757.135164
 20
-9225.235809
  0
POINT
  8
3
 10
3755.799457
 20
-9233.760387
  0
POINT
  8
3
 10
3754.916236
 20
-9258.649856
  0
POINT
  8
3
 10
3755.644463
 20
-9270.695283
  0
POINT
  8
3
 10
3758.660515
 20
-9300.603166
  0
POINT
  8
3
 10
3761.431999
 20
-9329.181929
  0
POINT
  8
3
 10
3762.413330
 20
-9340.789185
  0
POINT
  8
3
 10
3763.142709
 20
-9350.544279
  0
POINT
  8
3
 10
3764.189114
 20
-9368.333338
  0
POINT
  8
3
 10
3764.782542
 20
-9385.490768
  0
POINT
  8
3
 10
3764.918807
 20
-9401.645922
  0
POINT
  8
3
 10
3764.602180
 20
-9418.712705
  0
POINT
  8
3
 10
3760.260366
 20
-9441.067795
  0
POINT
  8
3
 10
3720.738565
 20
-9436.031388
  0
POINT
  8
3
 10
3700.056982
 20
-9433.665040
  0
POINT
  8
3
 10
3676.299408
 20
-9431.435145
  0
POINT
  8
3
 10
3663.949185
 20
-9430.420162
  0
POINT
  8
3
 10
3652.367501
 20
-9429.564699
  0
POINT
  8
3
 10
3627.644857
 20
-9428.071573
  0
POINT
  8
3
 10
3599.514492
 20
-9426.814606
  0
POINT
  8
3
 10
3573.260094
 20
-9425.999320
  0
POINT
  8
3
 10
3571.504026
 20
-9425.958160
  0
POINT
  8
3
 10
3499.817299
 20
-9425.999320
  0
TEXT
  8
3
 10
3499.817299
 20
-9425.999320
 40
0.000000
 50
0.000000
  1
# 60
  0
POINT
  8
3
 10
3409.128208
 20
-9430.420162
  0
TEXT
  8
3
 10
3409.128208
 20
-9430.420162
 40
0.000000
 50
0.000000
  1
# 61
  0
POINT
  8
3
 10
3288.721472
 20
-9105.006818
  0
TEXT
  8
3
 10
3288.721472
 20
-9105.006818
 40
0.000000
 50
0.000000
  1
# 62
  0
POINT
  8
3
 10
3289.456217
 20
-9086.171133
  0
TEXT
  8
3
 10
3289.456217
 20
-9086.171133
 40
0.000000
 50
0.000000
  1
# 63
  0
POINT
  8
3
 10
3275.990061
 20
-9011.052717
  0
TEXT
  8
3
 10
3275.990061
 20
-9011.052717
 40
0.000000
 50
0.000000
  1
# 64
  0
POINT
  8
3
 10
3464.308075
 20
-8857.831703
  0
TEXT
  8
3
 10
3464.308075
 20
-8857.831703
 40
0.000000
 50
0.000000
  1
# 65
  0
POINT
  8
3
 10
3608.769318
 20
-8857.831703
  0
TEXT
  8
3
 10
3608.769318
 20
-8857.831703
 40
0.000000
 50
0.000000
  1
# 66
  0
POINT
  8
3
 10
3797.087332
 20
-9011.052717
  0
TEXT
  8
3
 10
3797.087332
 20
-9011.052717
 40
0.000000
 50
0.000000
  1
# 67
  0
POINT
  8
3
 10
3783.621175
 20
-9086.171133
  0
TEXT
  8
3
 10
3783.621175
 20
-9086.171133
 40
0.000000
 50
0.000000
  1
# 68
  0
POINT
  8
3
 10
3784.355921
 20
-9105.006818
  0
TEXT
  8
3
 10
3784.355921
 20
-9105.006818
 40
0.000000
 50
0.000000
  1
# 69
  0
POINT
  8
3
 10
3663.949185
 20
-9430.420162
  0
TEXT
  8
3
 10
3663.949185
 20
-9430.420162
 40
0.000000
 50
0.000000
  1
# 70
  0
POINT
  8
3
 10
3573.260094
 20
-9425.999320
  0
TEXT
  8
3
 10
3573.260094
 20
-9425.999320
 40
0.000000
 50
0.000000
  1
# 71
  0
POINT
  8
4
 10
3310.664063
 20
-9340.789185
 30
0.600000
 50
355.45
  0
TEXT
  8
4
 10
3310.664063
 20
-9340.789185
 40
0.000000
 50
0.000000
  1
# 72
  0
POINT
  8
4
 10
3312.145081
 20
-9209.129028
 30
0.600000
 50
 15.71
  0
TEXT
  8
4
 10
3312.145081
 20
-9209.129028
 40
0.000000
 50
0.000000
  1
# 73
  0
POINT
  8
4
 10
3300.825500
 20
-9175.618286
 30
0.600000
 50
 20.07
  0
TEXT
  8
4
 10
3300.825500
 20
-9175.618286
 40
0.000000
 50
0.000000
  1
# 74
  0
POINT
  8
4
 10
3340.344543
 20
-8870.126343
 30
0.600000
 50
289.43
  0
TEXT
  8
4
 10
3340.344543
 20
-8870.126343
 40
0.000000
 50
0.000000
  1
# 75
  0
POINT
  8
4
 10
3732.732849
 20
-8870.126343
 30
0.600000
 50
250.57
  0
TEXT
  8
4
 10
3732.732849
 20
-8870.126343
 40
0.000000
 50
0.000000
  1
# 76
  0
POINT
  8
4
 10
3776.761780
 20
-8887.309570
 30
0.600000
 50
245.81
  0
TEXT
  8
4
 10
3776.761780
 20
-8887.309570
 40
0.000000
 50
0.000000
  1
# 77
  0
POINT
  8
4
 10
3772.251892
 20
-9175.618286
 30
0.600000
 50
159.93
  0
TEXT
  8
4
 10
3772.251892
 20
-9175.618286
 40
0.000000
 50
0.000000
  1
# 78
  0
POINT
  8
4
 10
3760.932312
 20
-9209.129028
 30
0.600000
 50
164.29
  0
TEXT
  8
4
 10
3760.932312
 20
-9209.129028
 40
0.000000
 50
0.000000
  1
# 79
  0
POINT
  8
4
 10
3762.413330
 20
-9340.789185
 30
0.600000
 50
184.55
  0
TEXT
  8
4
 10
3762.413330
 20
-9340.789185
 40
0.000000
 50
0.000000
  1
# 80
  0
POLYLINE
  8
11
  6
2
  66
1
  70
0
  0
VERTEX
  8
1
  10
3536.538696
  20
-8953.630981
  0
VERTEX
  8
1
  10
3536.537115
  20
-9005.007868
  0
VERTEX
  8
1
  10
3536.536865
  20
-9055.045989
  0
VERTEX
  8
1
  10
3536.536865
  20
-9105.049342
  0
VERTEX
  8
1
  10
3536.536865
  20
-9155.781339
  0
VERTEX
  8
1
  10
3536.536865
  20
-9205.895807
  0
VERTEX
  8
1
  10
3536.536865
  20
-9256.353643
  0
VERTEX
  8
1
  10
3536.536865
  20
-9306.845044
  0
VERTEX
  8
1
  10
3536.536865
  20
-9357.381079
  0
VERTEX
  8
1
  10
3536.536865
  20
-9407.330521
  0
VERTEX
  8
1
  10
3536.536865
  20
-9425.453491
  0
SEQEND
  8
11
  0
POINT
  8
2
 10
3536.538696
 20
-8953.630981
  0
TEXT
  8
2
 10
3536.538696
 20
-8953.630981
 40
0.000000
 50
0.000000
  1
# 81
  0
POINT
  8
2
 10
3536.536865
 20
-9425.453491
  0
TEXT
  8
2
 10
3536.536865
 20
-9425.453491
 40
0.000000
 50
0.000000
  1
# 82
  0
POINT
  8
3
 10
3536.537115
 20
-9005.007868
  0
POINT
  8
3
 10
3536.536865
 20
-9055.045989
  0
POINT
  8
3
 10
3536.536865
 20
-9105.049342
  0
POINT
  8
3
 10
3536.536865
 20
-9155.781339
  0
POINT
  8
3
 10
3536.536865
 20
-9205.895807
  0
POINT
  8
3
 10
3536.536865
 20
-9256.353643
  0
POINT
  8
3
 10
3536.536865
 20
-9306.845044
  0
POINT
  8
3
 10
3536.536865
 20
-9357.381079
  0
POINT
  8
3
 10
3536.536865
 20
-9407.330521
  0
POLYLINE
  8
11
  66
1
  70
0
  0
VERTEX
  8
1
  10
3643.728943
  20
-8838.915405
  0
VERTEX
  8
1
  10
3638.031249
  20
-8845.540194
  0
VERTEX
  8
1
  10
3633.642686
  20
-8849.991536
  0
VERTEX
  8
1
  10
3629.465846
  20
-8853.669430
  0
VERTEX
  8
1
  10
3625.046190
  20
-8857.007787
  0
VERTEX
  8
1
  10
3620.684993
  20
-8859.800697
  0
VERTEX
  8
1
  10
3616.075387
  20
-8862.259256
  0
VERTEX
  8
1
  10
3610.974650
  20
-8864.487260
  0
VERTEX
  8
1
  10
3610.826625
  20
-8864.545265
  0
VERTEX
  8
1
  10
3605.387324
  20
-8866.451242
  0
VERTEX
  8
1
  10
3599.614262
  20
-8868.055708
  0
VERTEX
  8
1
  10
3592.807377
  20
-8869.504014
  0
VERTEX
  8
1
  10
3584.955717
  20
-8870.702884
  0
VERTEX
  8
1
  10
3576.006875
  20
-8871.604792
  0
VERTEX
  8
1
  10
3564.765292
  20
-8872.271594
  0
VERTEX
  8
1
  10
3550.124493
  20
-8872.663016
  0
VERTEX
  8
1
  10
3536.706848
  20
-8872.793579
  0
SEQEND
  8
11
  0
POINT
  8
2
 10
3643.728943
 20
-8838.915405
  0
TEXT
  8
2
 10
3643.728943
 20
-8838.915405
 40
0.000000
 50
0.000000
  1
# 83
  0
POINT
  8
2
 10
3536.706848
 20
-8872.793579
  0
TEXT
  8
2
 10
3536.706848
 20
-8872.793579
 40
0.000000
 50
0.000000
  1
# 84
  0
POINT
  8
3
 10
3638.031249
 20
-8845.540194
  0
POINT
  8
3
 10
3633.642686
 20
-8849.991536
  0
POINT
  8
3
 10
3629.465846
 20
-8853.669430
  0
POINT
  8
3
 10
3625.046190
 20
-8857.007787
  0
POINT
  8
3
 10
3620.684993
 20
-8859.800697
  0
POINT
  8
3
 10
3616.075387
 20
-8862.259256
  0
POINT
  8
3
 10
3610.974650
 20
-8864.487260
  0
POINT
  8
3
 10
3610.826625
 20
-8864.545265
  0
POINT
  8
3
 10
3605.387324
 20
-8866.451242
  0
POINT
  8
3
 10
3599.614262
 20
-8868.055708
  0
POINT
  8
3
 10
3592.807377
 20
-8869.504014
  0
POINT
  8
3
 10
3584.955717
 20
-8870.702884
  0
POINT
  8
3
 10
3576.006875
 20
-8871.604792
  0
POINT
  8
3
 10
3564.765292
 20
-8872.271594
  0
POINT
  8
3
 10
3550.124493
 20
-8872.663016
  0
POINT
  8
3
 10
3610.826625
 20
-8864.545265
  0
TEXT
  8
3
 10
3610.826625
 20
-8864.545265
 40
0.000000
 50
0.000000
  1
# 85
  0
POLYLINE
  8
11
  66
1
  70
0
  0
VERTEX
  8
1
  10
3536.536865
  20
-9246.691284
  0
VERTEX
  8
1
  10
3588.558713
  20
-9246.522089
  0
VERTEX
  8
1
  10
3638.660250
  20
-9246.358752
  0
VERTEX
  8
1
  10
3689.661196
  20
-9246.193581
  0
VERTEX
  8
1
  10
3739.983595
  20
-9246.029918
  0
VERTEX
  8
1
  10
3754.573975
  20
-9245.982056
  0
SEQEND
  8
11
  0
POINT
  8
2
 10
3536.536865
 20
-9246.691284
  0
TEXT
  8
2
 10
3536.536865
 20
-9246.691284
 40
0.000000
 50
0.000000
  1
# 86
  0
POINT
  8
2
 10
3754.573975
 20
-9245.982056
  0
TEXT
  8
2
 10
3754.573975
 20
-9245.982056
 40
0.000000
 50
0.000000
  1
# 87
  0
POINT
  8
3
 10
3588.558713
 20
-9246.522089
  0
POINT
  8
3
 10
3638.660250
 20
-9246.358752
  0
POINT
  8
3
 10
3689.661196
 20
-9246.193581
  0
POINT
  8
3
 10
3739.983595
 20
-9246.029918
  0
POLYLINE
  8
11
  66
1
  70
0
  0
VERTEX
  8
1
  10
3536.927185
  20
-8877.816772
  0
VERTEX
  8
1
  10
3558.734721
  20
-8877.503900
  0
VERTEX
  8
1
  10
3571.614678
  20
-8876.946658
  0
VERTEX
  8
1
  10
3581.450056
  20
-8876.161088
  0
VERTEX
  8
1
  10
3589.835680
  20
-8875.099300
  0
VERTEX
  8
1
  10
3597.080617
  20
-8873.790146
  0
VERTEX
  8
1
  10
3603.794111
  20
-8872.165987
  0
VERTEX
  8
1
  10
3609.811525
  20
-8870.291049
  0
VERTEX
  8
1
  10
3612.402898
  20
-8869.338874
  0
VERTEX
  8
1
  10
3615.296015
  20
-8868.158583
  0
VERTEX
  8
1
  10
3620.368349
  20
-8865.747670
  0
VERTEX
  8
1
  10
3624.982664
  20
-8863.106067
  0
VERTEX
  8
1
  10
3629.583164
  20
-8859.982962
  0
VERTEX
  8
1
  10
3634.069905
  20
-8856.424922
  0
VERTEX
  8
1
  10
3638.446141
  20
-8852.415201
  0
VERTEX
  8
1
  10
3642.726422
  20
-8847.931689
  0
VERTEX
  8
1
  10
3644.366150
  20
-8846.083984
  0
SEQEND
  8
11
  0
POINT
  8
2
 10
3536.927185
 20
-8877.816772
  0
TEXT
  8
2
 10
3536.927185
 20
-8877.816772
 40
0.000000
 50
0.000000
  1
# 88
  0
POINT
  8
2
 10
3644.366150
 20
-8846.083984
  0
TEXT
  8
2
 10
3644.366150
 20
-8846.083984
 40
0.000000
 50
0.000000
  1
# 89
  0
POINT
  8
3
 10
3558.734721
 20
-8877.503900
  0
POINT
  8
3
 10
3571.614678
 20
-8876.946658
  0
POINT
  8
3
 10
3581.450056
 20
-8876.161088
  0
POINT
  8
3
 10
3589.835680
 20
-8875.099300
  0
POINT
  8
3
 10
3597.080617
 20
-8873.790146
  0
POINT
  8
3
 10
3603.794111
 20
-8872.165987
  0
POINT
  8
3
 10
3609.811525
 20
-8870.291049
  0
POINT
  8
3
 10
3612.402898
 20
-8869.338874
  0
POINT
  8
3
 10
3615.296015
 20
-8868.158583
  0
POINT
  8
3
 10
3620.368349
 20
-8865.747670
  0
POINT
  8
3
 10
3624.982664
 20
-8863.106067
  0
POINT
  8
3
 10
3629.583164
 20
-8859.982962
  0
POINT
  8
3
 10
3634.069905
 20
-8856.424922
  0
POINT
  8
3
 10
3638.446141
 20
-8852.415201
  0
POINT
  8
3
 10
3642.726422
 20
-8847.931689
  0
POINT
  8
3
 10
3612.402898
 20
-8869.338874
  0
TEXT
  8
3
 10
3612.402898
 20
-8869.338874
 40
0.000000
 50
0.000000
  1
# 90
  0
POLYLINE
  8
11
  66
1
  70
0
  0
VERTEX
  8
1
  10
3790.274658
  20
-9126.258545
  0
VERTEX
  8
1
  10
3536.536865
  20
-9120.228882
  0
SEQEND
  8
11
  0
POINT
  8
2
 10
3790.274658
 20
-9126.258545
  0
TEXT
  8
2
 10
3790.274658
 20
-9126.258545
 40
0.000000
 50
0.000000
  1
# 91
  0
POINT
  8
2
 10
3536.536865
 20
-9120.228882
  0
TEXT
  8
2
 10
3536.536865
 20
-9120.228882
 40
0.000000
 50
0.000000
  1
# 92
  0
POLYLINE
  8
11
  66
1
  70
0
  0
VERTEX
  8
1
  10
3760.118408
  20
-9175.590820
  0
VERTEX
  8
1
  10
3752.511918
  20
-9181.706725
  0
VERTEX
  8
1
  10
3746.793104
  20
-9186.869982
  0
VERTEX
  8
1
  10
3741.130627
  20
-9192.508078
  0
VERTEX
  8
1
  10
3736.255130
  20
-9197.914147
  0
VERTEX
  8
1
  10
3732.031077
  20
-9203.178609
  0
VERTEX
  8
1
  10
3728.379957
  20
-9208.382087
  0
VERTEX
  8
1
  10
3725.123584
  20
-9213.748471
  0
VERTEX
  8
1
  10
3722.150533
  20
-9219.463833
  0
VERTEX
  8
1
  10
3719.542784
  20
-9225.384678
  0
VERTEX
  8
1
  10
3717.308722
  20
-9231.483320
  0
VERTEX
  8
1
  10
3715.455552
  20
-9237.734523
  0
VERTEX
  8
1
  10
3713.990274
  20
-9244.112089
  0
VERTEX
  8
1
  10
3712.920976
  20
-9250.585198
  0
VERTEX
  8
1
  10
3712.254433
  20
-9257.131336
  0
VERTEX
  8
1
  10
3711.997182
  20
-9263.703475
  0
VERTEX
  8
1
  10
3712.145610
  20
-9270.283716
  0
VERTEX
  8
1
  10
3712.723481
  20
-9277.093547
  0
VERTEX
  8
1
  10
3713.729033
  20
-9283.853616
  0
VERTEX
  8
1
  10
3715.101962
  20
-9290.303839
  0
VERTEX
  8
1
  10
3716.864428
  20
-9296.645327
  0
VERTEX
  8
1
  10
3719.011321
  20
-9302.846397
  0
VERTEX
  8
1
  10
3721.537600
  20
-9308.876945
  0
VERTEX
  8
1
  10
3724.436928
  20
-9314.706512
  0
VERTEX
  8
1
  10
3727.631264
  20
-9320.190123
  0
VERTEX
  8
1
  10
3731.130597
  20
-9325.367418
  0
VERTEX
  8
1
  10
3735.081241
  20
-9330.448625
  0
VERTEX
  8
1
  10
3740.057029
  20
-9336.119725
  0
VERTEX
  8
1
  10
3745.539822
  20
-9341.745544
  0
VERTEX
  8
1
  10
3749.061890
  20
-9345.048218
  0
SEQEND
  8
11
  0
POINT
  8
2
 10
3760.118408
 20
-9175.590820
  0
TEXT
  8
2
 10
3760.118408
 20
-9175.590820
 40
0.000000
 50
0.000000
  1
# 93
  0
POINT
  8
2
 10
3749.061890
 20
-9345.048218
  0
TEXT
  8
2
 10
3749.061890
 20
-9345.048218
 40
0.000000
 50
0.000000
  1
# 94
  0
POINT
  8
3
 10
3752.511918
 20
-9181.706725
  0
POINT
  8
3
 10
3746.793104
 20
-9186.869982
  0
POINT
  8
3
 10
3741.130627
 20
-9192.508078
  0
POINT
  8
3
 10
3736.255130
 20
-9197.914147
  0
POINT
  8
3
 10
3732.031077
 20
-9203.178609
  0
POINT
  8
3
 10
3728.379957
 20
-9208.382087
  0
POINT
  8
3
 10
3725.123584
 20
-9213.748471
  0
POINT
  8
3
 10
3722.150533
 20
-9219.463833
  0
POINT
  8
3
 10
3719.542784
 20
-9225.384678
  0
POINT
  8
3
 10
3717.308722
 20
-9231.483320
  0
POINT
  8
3
 10
3715.455552
 20
-9237.734523
  0
POINT
  8
3
 10
3713.990274
 20
-9244.112089
  0
POINT
  8
3
 10
3712.920976
 20
-9250.585198
  0
POINT
  8
3
 10
3712.254433
 20
-9257.131336
  0
POINT
  8
3
 10
3711.997182
 20
-9263.703475
  0
POINT
  8
3
 10
3712.145610
 20
-9270.283716
  0
POINT
  8
3
 10
3712.723481
 20
-9277.093547
  0
POINT
  8
3
 10
3713.729033
 20
-9283.853616
  0
POINT
  8
3
 10
3715.101962
 20
-9290.303839
  0
POINT
  8
3
 10
3716.864428
 20
-9296.645327
  0
POINT
  8
3
 10
3719.011321
 20
-9302.846397
  0
POINT
  8
3
 10
3721.537600
 20
-9308.876945
  0
POINT
  8
3
 10
3724.436928
 20
-9314.706512
  0
POINT
  8
3
 10
3727.631264
 20
-9320.190123
  0
POINT
  8
3
 10
3731.130597
 20
-9325.367418
  0
POINT
  8
3
 10
3735.081241
 20
-9330.448625
  0
POINT
  8
3
 10
3740.057029
 20
-9336.119725
  0
POINT
  8
3
 10
3745.539822
 20
-9341.745544
  0
POLYLINE
  8
11
  66
1
  70
0
  0
VERTEX
  8
1
  10
3541.405640
  20
-8872.827759
  0
VERTEX
  8
1
  10
3544.202842
  20
-8901.618801
  0
VERTEX
  8
1
  10
3547.357522
  20
-8931.182778
  0
VERTEX
  8
1
  10
3548.007282
  20
-8940.015448
  0
VERTEX
  8
1
  10
3548.011961
  20
-8945.222436
  0
VERTEX
  8
1
  10
3547.628463
  20
-8948.693067
  0
VERTEX
  8
1
  10
3546.952919
  20
-8951.237473
  0
VERTEX
  8
1
  10
3546.006671
  20
-8953.216611
  0
VERTEX
  8
1
  10
3544.697326
  20
-8954.994715
  0
VERTEX
  8
1
  10
3543.079791
  20
-8956.471252
  0
VERTEX
  8
1
  10
3541.219293
  20
-8957.571879
  0
VERTEX
  8
1
  10
3539.031993
  20
-8958.322320
  0
VERTEX
  8
1
  10
3536.333618
  20
-8958.717651
  0
SEQEND
  8
11
  0
POINT
  8
2
 10
3541.405640
 20
-8872.827759
  0
TEXT
  8
2
 10
3541.405640
 20
-8872.827759
 40
0.000000
 50
0.000000
  1
# 95
  0
POINT
  8
2
 10
3536.333618
 20
-8958.717651
  0
TEXT
  8
2
 10
3536.333618
 20
-8958.717651
 40
0.000000
 50
0.000000
  1
# 96
  0
POINT
  8
3
 10
3544.202842
 20
-8901.618801
  0
POINT
  8
3
 10
3547.357522
 20
-8931.182778
  0
POINT
  8
3
 10
3548.007282
 20
-8940.015448
  0
POINT
  8
3
 10
3548.011961
 20
-8945.222436
  0
POINT
  8
3
 10
3547.628463
 20
-8948.693067
  0
POINT
  8
3
 10
3546.952919
 20
-8951.237473
  0
POINT
  8
3
 10
3546.006671
 20
-8953.216611
  0
POINT
  8
3
 10
3544.697326
 20
-8954.994715
  0
POINT
  8
3
 10
3543.079791
 20
-8956.471252
  0
POINT
  8
3
 10
3541.219293
 20
-8957.571879
  0
POINT
  8
3
 10
3539.031993
 20
-8958.322320
  0
POLYLINE
  8
11
  66
1
  70
0
  0
VERTEX
  8
1
  10
3651.579285
  20
-9412.880249
  0
VERTEX
  8
1
  10
3634.555054
  20
-9429.053345
  0
SEQEND
  8
11
  0
POINT
  8
2
 10
3651.579285
 20
-9412.880249
  0
TEXT
  8
2
 10
3651.579285
 20
-9412.880249
 40
0.000000
 50
0.000000
  1
# 97
  0
POINT
  8
2
 10
3634.555054
 20
-9429.053345
  0
TEXT
  8
2
 10
3634.555054
 20
-9429.053345
 40
0.000000
 50
0.000000
  1
# 98
  0
POLYLINE
  8
11
  6
2
  66
1
  70
0
  0
VERTEX
  8
1
  10
3783.766479
  20
-9126.109619
  0
VERTEX
  8
1
  10
3781.111185
  20
-9118.290581
  0
VERTEX
  8
1
  10
3779.588181
  20
-9112.368969
  0
VERTEX
  8
1
  10
3778.471580
  20
-9106.285698
  0
VERTEX
  8
1
  10
3777.824337
  20
-9100.058845
  0
VERTEX
  8
1
  10
3777.543305
  20
-9093.070153
  0
VERTEX
  8
1
  10
3777.667205
  20
-9084.567262
  0
VERTEX
  8
1
  10
3778.234921
  20
-9074.898257
  0
VERTEX
  8
1
  10
3779.246014
  20
-9064.597335
  0
VERTEX
  8
1
  10
3780.696615
  20
-9054.118310
  0
VERTEX
  8
1
  10
3782.569841
  20
-9043.629644
  0
VERTEX
  8
1
  10
3784.944980
  20
-9032.683033
  0
VERTEX
  8
1
  10
3787.848597
  20
-9021.281104
  0
VERTEX
  8
1
  10
3791.236930
  20
-9009.657731
  0
VERTEX
  8
1
  10
3795.121055
  20
-8997.796051
  0
VERTEX
  8
1
  10
3799.581279
  20
-8985.504234
  0
VERTEX
  8
1
  10
3804.740049
  20
-8972.547094
  0
VERTEX
  8
1
  10
3810.506136
  20
-8959.211259
  0
VERTEX
  8
1
  10
3817.166006
  20
-8944.884075
  0
VERTEX
  8
1
  10
3825.199843
  20
-8928.637154
  0
VERTEX
  8
1
  10
3831.669006
  20
-8916.051636
  0
SEQEND
  8
11
  0
POINT
  8
2
 10
3783.766479
 20
-9126.109619
  0
TEXT
  8
2
 10
3783.766479
 20
-9126.109619
 40
0.000000
 50
0.000000
  1
# 99
  0
POINT
  8
2
 10
3831.669006
 20
-8916.051636
  0
TEXT
  8
2
 10
3831.669006
 20
-8916.051636
 40
0.000000
 50
0.000000
  1
# 100
  0
POINT
  8
3
 10
3781.111185
 20
-9118.290581
  0
POINT
  8
3
 10
3779.588181
 20
-9112.368969
  0
POINT
  8
3
 10
3778.471580
 20
-9106.285698
  0
POINT
  8
3
 10
3777.824337
 20
-9100.058845
  0
POINT
  8
3
 10
3777.543305
 20
-9093.070153
  0
POINT
  8
3
 10
3777.667205
 20
-9084.567262
  0
POINT
  8
3
 10
3778.234921
 20
-9074.898257
  0
POINT
  8
3
 10
3779.246014
 20
-9064.597335
  0
POINT
  8
3
 10
3780.696615
 20
-9054.118310
  0
POINT
  8
3
 10
3782.569841
 20
-9043.629644
  0
POINT
  8
3
 10
3784.944980
 20
-9032.683033
  0
POINT
  8
3
 10
3787.848597
 20
-9021.281104
  0
POINT
  8
3
 10
3791.236930
 20
-9009.657731
  0
POINT
  8
3
 10
3795.121055
 20
-8997.796051
  0
POINT
  8
3
 10
3799.581279
 20
-8985.504234
  0
POINT
  8
3
 10
3804.740049
 20
-8972.547094
  0
POINT
  8
3
 10
3810.506136
 20
-8959.211259
  0
POINT
  8
3
 10
3817.166006
 20
-8944.884075
  0
POINT
  8
3
 10
3825.199843
 20
-8928.637154
  0
POLYLINE
  8
11
  6
2
  66
1
  70
0
  0
VERTEX
  8
1
  10
3536.536865
  20
-9408.466797
  0
VERTEX
  8
1
  10
3571.924784
  20
-9408.977503
  0
VERTEX
  8
1
  10
3600.751835
  20
-9409.862318
  0
VERTEX
  8
1
  10
3628.561507
  20
-9411.105813
  0
VERTEX
  8
1
  10
3654.060155
  20
-9412.668220
  0
VERTEX
  8
1
  10
3680.132590
  20
-9414.698427
  0
VERTEX
  8
1
  10
3702.774999
  20
-9416.874124
  0
VERTEX
  8
1
  10
3726.970093
  20
-9419.683168
  0
VERTEX
  8
1
  10
3764.399109
  20
-9424.496460
  0
SEQEND
  8
11
  0
POINT
  8
2
 10
3536.536865
 20
-9408.466797
  0
TEXT
  8
2
 10
3536.536865
 20
-9408.466797
 40
0.000000
 50
0.000000
  1
# 101
  0
POINT
  8
2
 10
3764.399109
 20
-9424.496460
  0
TEXT
  8
2
 10
3764.399109
 20
-9424.496460
 40
0.000000
 50
0.000000
  1
# 102
  0
POINT
  8
3
 10
3571.924784
 20
-9408.977503
  0
POINT
  8
3
 10
3600.751835
 20
-9409.862318
  0
POINT
  8
3
 10
3628.561507
 20
-9411.105813
  0
POINT
  8
3
 10
3654.060155
 20
-9412.668220
  0
POINT
  8
3
 10
3680.132590
 20
-9414.698427
  0
POINT
  8
3
 10
3702.774999
 20
-9416.874124
  0
POINT
  8
3
 10
3726.970093
 20
-9419.683168
  0
POLYLINE
  8
11
  6
2
  66
1
  70
0
  0
VERTEX
  8
1
  10
3536.536865
  20
-9405.466309
  0
VERTEX
  8
1
  10
3571.987605
  20
-9405.977772
  0
VERTEX
  8
1
  10
3600.862126
  20
-9406.864164
  0
VERTEX
  8
1
  10
3628.673214
  20
-9408.107246
  0
VERTEX
  8
1
  10
3654.230767
  20
-9409.672398
  0
VERTEX
  8
1
  10
3680.371297
  20
-9411.707565
  0
VERTEX
  8
1
  10
3703.081617
  20
-9413.889623
  0
VERTEX
  8
1
  10
3727.278010
  20
-9416.697980
  0
VERTEX
  8
1
  10
3764.512634
  20
-9421.484985
  0
SEQEND
  8
11
  0
POINT
  8
2
 10
3536.536865
 20
-9405.466309
  0
TEXT
  8
2
 10
3536.536865
 20
-9405.466309
 40
0.000000
 50
0.000000
  1
# 103
  0
POINT
  8
2
 10
3764.512634
 20
-9421.484985
  0
TEXT
  8
2
 10
3764.512634
 20
-9421.484985
 40
0.000000
 50
0.000000
  1
# 104
  0
POINT
  8
3
 10
3571.987605
 20
-9405.977772
  0
POINT
  8
3
 10
3600.862126
 20
-9406.864164
  0
POINT
  8
3
 10
3628.673214
 20
-9408.107246
  0
POINT
  8
3
 10
3654.230767
 20
-9409.672398
  0
POINT
  8
3
 10
3680.371297
 20
-9411.707565
  0
POINT
  8
3
 10
3703.081617
 20
-9413.889623
  0
POINT
  8
3
 10
3727.278010
 20
-9416.697980
  0
POLYLINE
  8
11
  66
1
  70
0
  0
VERTEX
  8
1
  10
3429.348450
  20
-8838.915405
  0
VERTEX
  8
1
  10
3433.878319
  20
-8844.253482
  0
VERTEX
  8
1
  10
3436.111006
  20
-8846.675597
  0
VERTEX
  8
1
  10
3438.361736
  20
-8848.958421
  0
VERTEX
  8
1
  10
3441.528781
  20
-8851.903783
  0
VERTEX
  8
1
  10
3444.836831
  20
-8854.648498
  0
VERTEX
  8
1
  10
3448.284035
  20
-8857.182954
  0
VERTEX
  8
1
  10
3451.751993
  20
-8859.420485
  0
VERTEX
  8
1
  10
3455.227315
  20
-8861.368037
  0
VERTEX
  8
1
  10
3458.898593
  20
-8863.142265
  0
VERTEX
  8
1
  10
3462.250767
  20
-8864.545265
  0
VERTEX
  8
1
  10
3462.881317
  20
-8864.788488
  0
VERTEX
  8
1
  10
3467.216621
  20
-8866.301726
  0
VERTEX
  8
1
  10
3470.277778
  20
-8867.218476
  0
VERTEX
  8
1
  10
3473.463130
  20
-8868.055708
  0
VERTEX
  8
1
  10
3476.801202
  20
-8868.819717
  0
VERTEX
  8
1
  10
3480.270016
  20
-8869.504014
  0
VERTEX
  8
1
  10
3484.133372
  20
-8870.149609
  0
VERTEX
  8
1
  10
3488.179549
  20
-8870.710143
  0
VERTEX
  8
1
  10
3493.763772
  20
-8871.319174
  0
VERTEX
  8
1
  10
3499.885270
  20
-8871.811653
  0
VERTEX
  8
1
  10
3510.674352
  20
-8872.364213
  0
VERTEX
  8
1
  10
3523.605623
  20
-8872.672599
  0
VERTEX
  8
1
  10
3536.370544
  20
-8872.793579
  0
SEQEND
  8
11
  0
POINT
  8
2
 10
3429.348450
 20
-8838.915405
  0
TEXT
  8
2
 10
3429.348450
 20
-8838.915405
 40
0.000000
 50
0.000000
  1
# 105
  0
POINT
  8
2
 10
3536.370544
 20
-8872.793579
  0
TEXT
  8
2
 10
3536.370544
 20
-8872.793579
 40
0.000000
 50
0.000000
  1
# 106
  0
POINT
  8
3
 10
3433.878319
 20
-8844.253482
  0
POINT
  8
3
 10
3436.111006
 20
-8846.675597
  0
POINT
  8
3
 10
3438.361736
 20
-8848.958421
  0
POINT
  8
3
 10
3441.528781
 20
-8851.903783
  0
POINT
  8
3
 10
3444.836831
 20
-8854.648498
  0
POINT
  8
3
 10
3448.284035
 20
-8857.182954
  0
POINT
  8
3
 10
3451.751993
 20
-8859.420485
  0
POINT
  8
3
 10
3455.227315
 20
-8861.368037
  0
POINT
  8
3
 10
3458.898593
 20
-8863.142265
  0
POINT
  8
3
 10
3462.250767
 20
-8864.545265
  0
POINT
  8
3
 10
3462.881317
 20
-8864.788488
  0
POINT
  8
3
 10
3467.216621
 20
-8866.301726
  0
POINT
  8
3
 10
3470.277778
 20
-8867.218476
  0
POINT
  8
3
 10
3473.463130
 20
-8868.055708
  0
POINT
  8
3
 10
3476.801202
 20
-8868.819717
  0
POINT
  8
3
 10
3480.270016
 20
-8869.504014
  0
POINT
  8
3
 10
3484.133372
 20
-8870.149609
  0
POINT
  8
3
 10
3488.179549
 20
-8870.710143
  0
POINT
  8
3
 10
3493.763772
 20
-8871.319174
  0
POINT
  8
3
 10
3499.885270
 20
-8871.811653
  0
POINT
  8
3
 10
3510.674352
 20
-8872.364213
  0
POINT
  8
3
 10
3523.605623
 20
-8872.672599
  0
POINT
  8
3
 10
3462.250767
 20
-8864.545265
  0
TEXT
  8
3
 10
3462.250767
 20
-8864.545265
 40
0.000000
 50
0.000000
  1
# 107
  0
POLYLINE
  8
11
  66
1
  70
0
  0
VERTEX
  8
1
  10
3536.540527
  20
-9246.691284
  0
VERTEX
  8
1
  10
3502.272072
  20
-9246.579697
  0
VERTEX
  8
1
  10
3469.545975
  20
-9246.473431
  0
VERTEX
  8
1
  10
3437.148401
  20
-9246.367658
  0
VERTEX
  8
1
  10
3403.900635
  20
-9246.259698
  0
VERTEX
  8
1
  10
3372.563452
  20
-9246.158501
  0
VERTEX
  8
1
  10
3335.397211
  20
-9246.037458
  0
VERTEX
  8
1
  10
3318.503418
  20
-9245.982056
  0
SEQEND
  8
11
  0
POINT
  8
2
 10
3536.540527
 20
-9246.691284
  0
TEXT
  8
2
 10
3536.540527
 20
-9246.691284
 40
0.000000
 50
0.000000
  1
# 108
  0
POINT
  8
2
 10
3318.503418
 20
-9245.982056
  0
TEXT
  8
2
 10
3318.503418
 20
-9245.982056
 40
0.000000
 50
0.000000
  1
# 109
  0
POINT
  8
3
 10
3502.272072
 20
-9246.579697
  0
POINT
  8
3
 10
3469.545975
 20
-9246.473431
  0
POINT
  8
3
 10
3437.148401
 20
-9246.367658
  0
POINT
  8
3
 10
3403.900635
 20
-9246.259698
  0
POINT
  8
3
 10
3372.563452
 20
-9246.158501
  0
POINT
  8
3
 10
3335.397211
 20
-9246.037458
  0
POLYLINE
  8
11
  66
1
  70
0
  0
VERTEX
  8
1
  10
3536.150208
  20
-8877.816772
  0
VERTEX
  8
1
  10
3521.247775
  20
-8877.660394
  0
VERTEX
  8
1
  10
3511.491196
  20
-8877.414595
  0
VERTEX
  8
1
  10
3502.940323
  20
-8877.032920
  0
VERTEX
  8
1
  10
3496.456086
  20
-8876.597931
  0
VERTEX
  8
1
  10
3490.580743
  20
-8876.051127
  0
VERTEX
  8
1
  10
3485.454647
  20
-8875.422034
  0
VERTEX
  8
1
  10
3480.600560
  20
-8874.669160
  0
VERTEX
  8
1
  10
3477.028731
  20
-8874.002433
  0
VERTEX
  8
1
  10
3473.587262
  20
-8873.257525
  0
VERTEX
  8
1
  10
3470.363675
  20
-8872.457986
  0
VERTEX
  8
1
  10
3467.255610
  20
-8871.582938
  0
VERTEX
  8
1
  10
3464.302129
  20
-8870.646063
  0
VERTEX
  8
1
  10
3461.442935
  20
-8869.631144
  0
VERTEX
  8
1
  10
3460.674495
  20
-8869.338874
  0
VERTEX
  8
1
  10
3457.366681
  20
-8867.978539
  0
VERTEX
  8
1
  10
3453.586491
  20
-8866.199141
  0
VERTEX
  8
1
  10
3449.996641
  20
-8864.251465
  0
VERTEX
  8
1
  10
3446.528509
  20
-8862.100092
  0
VERTEX
  8
1
  10
3443.143949
  20
-8859.723964
  0
VERTEX
  8
1
  10
3439.761970
  20
-8857.060948
  0
VERTEX
  8
1
  10
3437.536914
  20
-8855.139292
  0
VERTEX
  8
1
  10
3435.339578
  20
-8853.102263
  0
VERTEX
  8
1
  10
3432.110357
  20
-8849.843022
  0
VERTEX
  8
1
  10
3428.711243
  20
-8846.083984
  0
SEQEND
  8
11
  0
POINT
  8
2
 10
3536.150208
 20
-8877.816772
  0
TEXT
  8
2
 10
3536.150208
 20
-8877.816772
 40
0.000000
 50
0.000000
  1
# 110
  0
POINT
  8
2
 10
3428.711243
 20
-8846.083984
  0
TEXT
  8
2
 10
3428.711243
 20
-8846.083984
 40
0.000000
 50
0.000000
  1
# 111
  0
POINT
  8
3
 10
3521.247775
 20
-8877.660394
  0
POINT
  8
3
 10
3511.491196
 20
-8877.414595
  0
POINT
  8
3
 10
3502.940323
 20
-8877.032920
  0
POINT
  8
3
 10
3496.456086
 20
-8876.597931
  0
POINT
  8
3
 10
3490.580743
 20
-8876.051127
  0
POINT
  8
3
 10
3485.454647
 20
-8875.422034
  0
POINT
  8
3
 10
3480.600560
 20
-8874.669160
  0
POINT
  8
3
 10
3477.028731
 20
-8874.002433
  0
POINT
  8
3
 10
3473.587262
 20
-8873.257525
  0
POINT
  8
3
 10
3470.363675
 20
-8872.457986
  0
POINT
  8
3
 10
3467.255610
 20
-8871.582938
  0
POINT
  8
3
 10
3464.302129
 20
-8870.646063
  0
POINT
  8
3
 10
3461.442935
 20
-8869.631144
  0
POINT
  8
3
 10
3460.674495
 20
-8869.338874
  0
POINT
  8
3
 10
3457.366681
 20
-8867.978539
  0
POINT
  8
3
 10
3453.586491
 20
-8866.199141
  0
POINT
  8
3
 10
3449.996641
 20
-8864.251465
  0
POINT
  8
3
 10
3446.528509
 20
-8862.100092
  0
POINT
  8
3
 10
3443.143949
 20
-8859.723964
  0
POINT
  8
3
 10
3439.761970
 20
-8857.060948
  0
POINT
  8
3
 10
3437.536914
 20
-8855.139292
  0
POINT
  8
3
 10
3435.339578
 20
-8853.102263
  0
POINT
  8
3
 10
3432.110357
 20
-8849.843022
  0
POINT
  8
3
 10
3460.674495
 20
-8869.338874
  0
TEXT
  8
3
 10
3460.674495
 20
-8869.338874
 40
0.000000
 50
0.000000
  1
# 112
  0
POLYLINE
  8
11
  66
1
  70
0
  0
VERTEX
  8
1
  10
3282.802734
  20
-9126.258545
  0
VERTEX
  8
1
  10
3536.540527
  20
-9120.228882
  0
SEQEND
  8
11
  0
POINT
  8
2
 10
3282.802734
 20
-9126.258545
  0
TEXT
  8
2
 10
3282.802734
 20
-9126.258545
 40
0.000000
 50
0.000000
  1
# 113
  0
POINT
  8
2
 10
3536.540527
 20
-9120.228882
  0
TEXT
  8
2
 10
3536.540527
 20
-9120.228882
 40
0.000000
 50
0.000000
  1
# 114
  0
POLYLINE
  8
11
  66
1
  70
0
  0
VERTEX
  8
1
  10
3312.958984
  20
-9175.590820
  0
VERTEX
  8
1
  10
3316.564434
  20
-9178.407755
  0
VERTEX
  8
1
  10
3319.848769
  20
-9181.098191
  0
VERTEX
  8
1
  10
3323.021584
  20
-9183.858957
  0
VERTEX
  8
1
  10
3326.284288
  20
-9186.869982
  0
VERTEX
  8
1
  10
3329.462465
  20
-9189.963099
  0
VERTEX
  8
1
  10
3332.428222
  20
-9193.016103
  0
VERTEX
  8
1
  10
3335.054398
  20
-9195.883001
  0
VERTEX
  8
1
  10
3337.537614
  20
-9198.761942
  0
VERTEX
  8
1
  10
3339.802297
  20
-9201.558228
  0
VERTEX
  8
1
  10
3341.892410
  20
-9204.320809
  0
VERTEX
  8
1
  10
3343.901219
  20
-9207.182830
  0
VERTEX
  8
1
  10
3345.798061
  20
-9210.107914
  0
VERTEX
  8
1
  10
3347.623322
  20
-9213.165923
  0
VERTEX
  8
1
  10
3349.346268
  20
-9216.312069
  0
VERTEX
  8
1
  10
3350.950357
  20
-9219.512875
  0
VERTEX
  8
1
  10
3352.444560
  20
-9222.783097
  0
VERTEX
  8
1
  10
3353.821113
  20
-9226.103919
  0
VERTEX
  8
1
  10
3355.083603
  20
-9229.482058
  0
VERTEX
  8
1
  10
3356.227443
  20
-9232.903960
  0
VERTEX
  8
1
  10
3357.254263
  20
-9236.373052
  0
VERTEX
  8
1
  10
3358.161428
  20
-9239.879674
  0
VERTEX
  8
1
  10
3358.948334
  20
-9243.420775
  0
VERTEX
  8
1
  10
3359.613955
  20
-9246.992330
  0
VERTEX
  8
1
  10
3360.156417
  20
-9250.585198
  0
VERTEX
  8
1
  10
3360.575834
  20
-9254.203470
  0
VERTEX
  8
1
  10
3360.869897
  20
-9257.831640
  0
VERTEX
  8
1
  10
3361.041844
  20
-9261.583666
  0
VERTEX
  8
1
  10
3361.080938
  20
-9265.350646
  0
VERTEX
  8
1
  10
3360.992471
  20
-9268.998033
  0
VERTEX
  8
1
  10
3360.780069
  20
-9272.648336
  0
VERTEX
  8
1
  10
3360.445064
  20
-9276.286032
  0
VERTEX
  8
1
  10
3359.987904
  20
-9279.909817
  0
VERTEX
  8
1
  10
3359.409175
  20
-9283.514835
  0
VERTEX
  8
1
  10
3358.709644
  20
-9287.096267
  0
VERTEX
  8
1
  10
3357.889769
  20
-9290.650916
  0
VERTEX
  8
1
  10
3356.951908
  20
-9294.167523
  0
VERTEX
  8
1
  10
3355.893848
  20
-9297.651842
  0
VERTEX
  8
1
  10
3354.720933
  20
-9301.083822
  0
VERTEX
  8
1
  10
3353.427874
  20
-9304.475878
  0
VERTEX
  8
1
  10
3352.022257
  20
-9307.805349
  0
VERTEX
  8
1
  10
3350.496612
  20
-9311.086817
  0
VERTEX
  8
1
  10
3348.862613
  20
-9314.292147
  0
VERTEX
  8
1
  10
3347.106485
  20
-9317.444317
  0
VERTEX
  8
1
  10
3345.246829
  20
-9320.506023
  0
VERTEX
  8
1
  10
3343.540927
  20
-9323.101566
  0
VERTEX
  8
1
  10
3341.754982
  20
-9325.630558
  0
VERTEX
  8
1
  10
3339.665683
  20
-9328.380676
  0
VERTEX
  8
1
  10
3337.378989
  20
-9331.188748
  0
VERTEX
  8
1
  10
3332.473109
  20
-9336.708253
  0
VERTEX
  8
1
  10
3329.710332
  20
-9339.589896
  0
VERTEX
  8
1
  10
3327.012362
  20
-9342.251361
  0
VERTEX
  8
1
  10
3324.015503
  20
-9345.048218
  0
SEQEND
  8
11
  0
POINT
  8
2
 10
3312.958984
 20
-9175.590820
  0
TEXT
  8
2
 10
3312.958984
 20
-9175.590820
 40
0.000000
 50
0.000000
  1
# 115
  0
POINT
  8
2
 10
3324.015503
 20
-9345.048218
  0
TEXT
  8
2
 10
3324.015503
 20
-9345.048218
 40
0.000000
 50
0.000000
  1
# 116
  0
POINT
  8
3
 10
3316.564434
 20
-9178.407755
  0
POINT
  8
3
 10
3319.848769
 20
-9181.098191
  0
POINT
  8
3
 10
3323.021584
 20
-9183.858957
  0
POINT
  8
3
 10
3326.284288
 20
-9186.869982
  0
POINT
  8
3
 10
3329.462465
 20
-9189.963099
  0
POINT
  8
3
 10
3332.428222
 20
-9193.016103
  0
POINT
  8
3
 10
3335.054398
 20
-9195.883001
  0
POINT
  8
3
 10
3337.537614
 20
-9198.761942
  0
POINT
  8
3
 10
3339.802297
 20
-9201.558228
  0
POINT
  8
3
 10
3341.892410
 20
-9204.320809
  0
POINT
  8
3
 10
3343.901219
 20
-9207.182830
  0
POINT
  8
3
 10
3345.798061
 20
-9210.107914
  0
POINT
  8
3
 10
3347.623322
 20
-9213.165923
  0
POINT
  8
3
 10
3349.346268
 20
-9216.312069
  0
POINT
  8
3
 10
3350.950357
 20
-9219.512875
  0
POINT
  8
3
 10
3352.444560
 20
-9222.783097
  0
POINT
  8
3
 10
3353.821113
 20
-9226.103919
  0
POINT
  8
3
 10
3355.083603
 20
-9229.482058
  0
POINT
  8
3
 10
3356.227443
 20
-9232.903960
  0
POINT
  8
3
 10
3357.254263
 20
-9236.373052
  0
POINT
  8
3
 10
3358.161428
 20
-9239.879674
  0
POINT
  8
3
 10
3358.948334
 20
-9243.420775
  0
POINT
  8
3
 10
3359.613955
 20
-9246.992330
  0
POINT
  8
3
 10
3360.156417
 20
-9250.585198
  0
POINT
  8
3
 10
3360.575834
 20
-9254.203470
  0
POINT
  8
3
 10
3360.869897
 20
-9257.831640
  0
POINT
  8
3
 10
3361.041844
 20
-9261.583666
  0
POINT
  8
3
 10
3361.080938
 20
-9265.350646
  0
POINT
  8
3
 10
3360.992471
 20
-9268.998033
  0
POINT
  8
3
 10
3360.780069
 20
-9272.648336
  0
POINT
  8
3
 10
3360.445064
 20
-9276.286032
  0
POINT
  8
3
 10
3359.987904
 20
-9279.909817
  0
POINT
  8
3
 10
3359.409175
 20
-9283.514835
  0
POINT
  8
3
 10
3358.709644
 20
-9287.096267
  0
POINT
  8
3
 10
3357.889769
 20
-9290.650916
  0
POINT
  8
3
 10
3356.951908
 20
-9294.167523
  0
POINT
  8
3
 10
3355.893848
 20
-9297.651842
  0
POINT
  8
3
 10
3354.720933
 20
-9301.083822
  0
POINT
  8
3
 10
3353.427874
 20
-9304.475878
  0
POINT
  8
3
 10
3352.022257
 20
-9307.805349
  0
POINT
  8
3
 10
3350.496612
 20
-9311.086817
  0
POINT
  8
3
 10
3348.862613
 20
-9314.292147
  0
POINT
  8
3
 10
3347.106485
 20
-9317.444317
  0
POINT
  8
3
 10
3345.246829
 20
-9320.506023
  0
POINT
  8
3
 10
3343.540927
 20
-9323.101566
  0
POINT
  8
3
 10
3341.754982
 20
-9325.630558
  0
POINT
  8
3
 10
3339.665683
 20
-9328.380676
  0
POINT
  8
3
 10
3337.378989
 20
-9331.188748
  0
POINT
  8
3
 10
3332.473109
 20
-9336.708253
  0
POINT
  8
3
 10
3329.710332
 20
-9339.589896
  0
POINT
  8
3
 10
3327.012362
 20
-9342.251361
  0
POLYLINE
  8
11
  66
1
  70
0
  0
VERTEX
  8
1
  10
3531.671753
  20
-8872.827759
  0
VERTEX
  8
1
  10
3530.216038
  20
-8888.440743
  0
VERTEX
  8
1
  10
3528.734554
  20
-8902.924933
  0
VERTEX
  8
1
  10
3526.601011
  20
-8922.320736
  0
VERTEX
  8
1
  10
3525.562842
  20
-8932.927916
  0
VERTEX
  8
1
  10
3525.199969
  20
-8937.555835
  0
VERTEX
  8
1
  10
3525.029618
  20
-8941.244749
  0
VERTEX
  8
1
  10
3525.086392
  20
-8945.588961
  0
VERTEX
  8
1
  10
3525.253037
  20
-8947.413628
  0
VERTEX
  8
1
  10
3525.517226
  20
-8949.046549
  0
VERTEX
  8
1
  10
3525.820599
  20
-8950.302062
  0
VERTEX
  8
1
  10
3526.197080
  20
-8951.429688
  0
VERTEX
  8
1
  10
3526.644677
  20
-8952.440010
  0
VERTEX
  8
1
  10
3527.185486
  20
-8953.404279
  0
VERTEX
  8
1
  10
3527.811529
  20
-8954.308691
  0
VERTEX
  8
1
  10
3528.515712
  20
-8955.143203
  0
VERTEX
  8
1
  10
3529.296333
  20
-8955.903836
  0
VERTEX
  8
1
  10
3530.136925
  20
-8956.572634
  0
VERTEX
  8
1
  10
3531.018154
  20
-8957.138023
  0
VERTEX
  8
1
  10
3531.960664
  20
-8957.618670
  0
VERTEX
  8
1
  10
3532.978393
  20
-8958.017837
  0
VERTEX
  8
1
  10
3534.045400
  20
-8958.322320
  0
VERTEX
  8
1
  10
3535.334504
  20
-8958.563481
  0
VERTEX
  8
1
  10
3536.743774
  20
-8958.717651
  0
SEQEND
  8
11
  0
POINT
  8
2
 10
3531.671753
 20
-8872.827759
  0
TEXT
  8
2
 10
3531.671753
 20
-8872.827759
 40
0.000000
 50
0.000000
  1
# 117
  0
POINT
  8
2
 10
3536.743774
 20
-8958.717651
  0
TEXT
  8
2
 10
3536.743774
 20
-8958.717651
 40
0.000000
 50
0.000000
  1
# 118
  0
POINT
  8
3
 10
3530.216038
 20
-8888.440743
  0
POINT
  8
3
 10
3528.734554
 20
-8902.924933
  0
POINT
  8
3
 10
3526.601011
 20
-8922.320736
  0
POINT
  8
3
 10
3525.562842
 20
-8932.927916
  0
POINT
  8
3
 10
3525.199969
 20
-8937.555835
  0
POINT
  8
3
 10
3525.029618
 20
-8941.244749
  0
POINT
  8
3
 10
3525.086392
 20
-8945.588961
  0
POINT
  8
3
 10
3525.253037
 20
-8947.413628
  0
POINT
  8
3
 10
3525.517226
 20
-8949.046549
  0
POINT
  8
3
 10
3525.820599
 20
-8950.302062
  0
POINT
  8
3
 10
3526.197080
 20
-8951.429688
  0
POINT
  8
3
 10
3526.644677
 20
-8952.440010
  0
POINT
  8
3
 10
3527.185486
 20
-8953.404279
  0
POINT
  8
3
 10
3527.811529
 20
-8954.308691
  0
POINT
  8
3
 10
3528.515712
 20
-8955.143203
  0
POINT
  8
3
 10
3529.296333
 20
-8955.903836
  0
POINT
  8
3
 10
3530.136925
 20
-8956.572634
  0
POINT
  8
3
 10
3531.018154
 20
-8957.138023
  0
POINT
  8
3
 10
3531.960664
 20
-8957.618670
  0
POINT
  8
3
 10
3532.978393
 20
-8958.017837
  0
POINT
  8
3
 10
3534.045400
 20
-8958.322320
  0
POINT
  8
3
 10
3535.334504
 20
-8958.563481
  0
POLYLINE
  8
11
  66
1
  70
0
  0
VERTEX
  8
1
  10
3421.498108
  20
-9412.880249
  0
VERTEX
  8
1
  10
3438.522339
  20
-9429.053345
  0
SEQEND
  8
11
  0
POINT
  8
2
 10
3421.498108
 20
-9412.880249
  0
TEXT
  8
2
 10
3421.498108
 20
-9412.880249
 40
0.000000
 50
0.000000
  1
# 119
  0
POINT
  8
2
 10
3438.522339
 20
-9429.053345
  0
TEXT
  8
2
 10
3438.522339
 20
-9429.053345
 40
0.000000
 50
0.000000
  1
# 120
  0
POLYLINE
  8
11
  6
2
  66
1
  70
0
  0
VERTEX
  8
1
  10
3289.310913
  20
-9126.109619
  0
VERTEX
  8
1
  10
3291.544638
  20
-9119.680751
  0
VERTEX
  8
1
  10
3292.576227
  20
-9116.109544
  0
VERTEX
  8
1
  10
3293.489212
  20
-9112.368969
  0
VERTEX
  8
1
  10
3294.311910
  20
-9108.200302
  0
VERTEX
  8
1
  10
3294.953647
  20
-9103.435794
  0
VERTEX
  8
1
  10
3295.409491
  20
-9097.426870
  0
VERTEX
  8
1
  10
3295.533329
  20
-9093.135245
  0
VERTEX
  8
1
  10
3295.516437
  20
-9088.440441
  0
VERTEX
  8
1
  10
3295.288052
  20
-9081.771181
  0
VERTEX
  8
1
  10
3294.828280
  20
-9074.718585
  0
VERTEX
  8
1
  10
3294.079030
  20
-9066.775814
  0
VERTEX
  8
1
  10
3293.097387
  20
-9058.908056
  0
VERTEX
  8
1
  10
3291.839113
  20
-9050.838872
  0
VERTEX
  8
1
  10
3290.305674
  20
-9042.618273
  0
VERTEX
  8
1
  10
3288.467359
  20
-9034.118317
  0
VERTEX
  8
1
  10
3286.350876
  20
-9025.492916
  0
VERTEX
  8
1
  10
3283.695306
  20
-9015.839915
  0
VERTEX
  8
1
  10
3280.709353
  20
-9006.067313
  0
VERTEX
  8
1
  10
3277.058970
  20
-8995.223713
  0
VERTEX
  8
1
  10
3273.012494
  20
-8984.238672
  0
VERTEX
  8
1
  10
3268.008164
  20
-8971.756771
  0
VERTEX
  8
1
  10
3262.447303
  20
-8958.935243
  0
VERTEX
  8
1
  10
3256.148310
  20
-8945.378235
  0
VERTEX
  8
1
  10
3248.967253
  20
-8930.790805
  0
VERTEX
  8
1
  10
3241.408386
  20
-8916.051636
  0
SEQEND
  8
11
  0
POINT
  8
2
 10
3289.310913
 20
-9126.109619
  0
TEXT
  8
2
 10
3289.310913
 20
-9126.109619
 40
0.000000
 50
0.000000
  1
# 121
  0
POINT
  8
2
 10
3241.408386
 20
-8916.051636
  0
TEXT
  8
2
 10
3241.408386
 20
-8916.051636
 40
0.000000
 50
0.000000
  1
# 122
  0
POINT
  8
3
 10
3291.544638
 20
-9119.680751
  0
POINT
  8
3
 10
3292.576227
 20
-9116.109544
  0
POINT
  8
3
 10
3293.489212
 20
-9112.368969
  0
POINT
  8
3
 10
3294.311910
 20
-9108.200302
  0
POINT
  8
3
 10
3294.953647
 20
-9103.435794
  0
POINT
  8
3
 10
3295.409491
 20
-9097.426870
  0
POINT
  8
3
 10
3295.533329
 20
-9093.135245
  0
POINT
  8
3
 10
3295.516437
 20
-9088.440441
  0
POINT
  8
3
 10
3295.288052
 20
-9081.771181
  0
POINT
  8
3
 10
3294.828280
 20
-9074.718585
  0
POINT
  8
3
 10
3294.079030
 20
-9066.775814
  0
POINT
  8
3
 10
3293.097387
 20
-9058.908056
  0
POINT
  8
3
 10
3291.839113
 20
-9050.838872
  0
POINT
  8
3
 10
3290.305674
 20
-9042.618273
  0
POINT
  8
3
 10
3288.467359
 20
-9034.118317
  0
POINT
  8
3
 10
3286.350876
 20
-9025.492916
  0
POINT
  8
3
 10
3283.695306
 20
-9015.839915
  0
POINT
  8
3
 10
3280.709353
 20
-9006.067313
  0
POINT
  8
3
 10
3277.058970
 20
-8995.223713
  0
POINT
  8
3
 10
3273.012494
 20
-8984.238672
  0
POINT
  8
3
 10
3268.008164
 20
-8971.756771
  0
POINT
  8
3
 10
3262.447303
 20
-8958.935243
  0
POINT
  8
3
 10
3256.148310
 20
-8945.378235
  0
POINT
  8
3
 10
3248.967253
 20
-8930.790805
  0
POLYLINE
  8
11
  6
2
  66
1
  70
0
  0
VERTEX
  8
1
  10
3536.540527
  20
-9408.466797
  0
VERTEX
  8
1
  10
3519.994056
  20
-9408.640162
  0
VERTEX
  8
1
  10
3504.631373
  20
-9408.901072
  0
VERTEX
  8
1
  10
3490.064739
  20
-9409.267566
  0
VERTEX
  8
1
  10
3474.643808
  20
-9409.776377
  0
VERTEX
  8
1
  10
3455.381646
  20
-9410.569142
  0
VERTEX
  8
1
  10
3437.537824
  20
-9411.489870
  0
VERTEX
  8
1
  10
3421.789461
  20
-9412.477480
  0
VERTEX
  8
1
  10
3405.661353
  20
-9413.654700
  0
VERTEX
  8
1
  10
3388.444497
  20
-9415.095654
  0
VERTEX
  8
1
  10
3372.609319
  20
-9416.630757
  0
VERTEX
  8
1
  10
3357.270673
  20
-9418.336707
  0
VERTEX
  8
1
  10
3338.924636
  20
-9420.580570
  0
VERTEX
  8
1
  10
3308.678284
  20
-9424.496460
  0
SEQEND
  8
11
  0
POINT
  8
2
 10
3536.540527
 20
-9408.466797
  0
TEXT
  8
2
 10
3536.540527
 20
-9408.466797
 40
0.000000
 50
0.000000
  1
# 123
  0
POINT
  8
2
 10
3308.678284
 20
-9424.496460
  0
TEXT
  8
2
 10
3308.678284
 20
-9424.496460
 40
0.000000
 50
0.000000
  1
# 124
  0
POINT
  8
3
 10
3519.994056
 20
-9408.640162
  0
POINT
  8
3
 10
3504.631373
 20
-9408.901072
  0
POINT
  8
3
 10
3490.064739
 20
-9409.267566
  0
POINT
  8
3
 10
3474.643808
 20
-9409.776377
  0
POINT
  8
3
 10
3455.381646
 20
-9410.569142
  0
POINT
  8
3
 10
3437.537824
 20
-9411.489870
  0
POINT
  8
3
 10
3421.789461
 20
-9412.477480
  0
POINT
  8
3
 10
3405.661353
 20
-9413.654700
  0
POINT
  8
3
 10
3388.444497
 20
-9415.095654
  0
POINT
  8
3
 10
3372.609319
 20
-9416.630757
  0
POINT
  8
3
 10
3357.270673
 20
-9418.336707
  0
POINT
  8
3
 10
3338.924636
 20
-9420.580570
  0
POLYLINE
  8
11
  6
2
  66
1
  70
0
  0
VERTEX
  8
1
  10
3536.540527
  20
-9405.466309
  0
VERTEX
  8
1
  10
3519.961548
  20
-9405.639900
  0
VERTEX
  8
1
  10
3504.568723
  20
-9405.901325
  0
VERTEX
  8
1
  10
3489.981249
  20
-9406.268431
  0
VERTEX
  8
1
  10
3474.533630
  20
-9406.778213
  0
VERTEX
  8
1
  10
3455.239336
  20
-9407.572301
  0
VERTEX
  8
1
  10
3437.368122
  20
-9408.494330
  0
VERTEX
  8
1
  10
3421.584340
  20
-9409.484071
  0
VERTEX
  8
1
  10
3405.423317
  20
-9410.663741
  0
VERTEX
  8
1
  10
3388.174799
  20
-9412.107535
  0
VERTEX
  8
1
  10
3372.302825
  20
-9413.646264
  0
VERTEX
  8
1
  10
3356.927237
  20
-9415.356141
  0
VERTEX
  8
1
  10
3338.552228
  20
-9417.603282
  0
VERTEX
  8
1
  10
3308.564758
  20
-9421.484985
  0
SEQEND
  8
11
  0
POINT
  8
2
 10
3536.540527
 20
-9405.466309
  0
TEXT
  8
2
 10
3536.540527
 20
-9405.466309
 40
0.000000
 50
0.000000
  1
# 125
  0
POINT
  8
2
 10
3308.564758
 20
-9421.484985
  0
TEXT
  8
2
 10
3308.564758
 20
-9421.484985
 40
0.000000
 50
0.000000
  1
# 126
  0
POINT
  8
3
 10
3519.961548
 20
-9405.639900
  0
POINT
  8
3
 10
3504.568723
 20
-9405.901325
  0
POINT
  8
3
 10
3489.981249
 20
-9406.268431
  0
POINT
  8
3
 10
3474.533630
 20
-9406.778213
  0
POINT
  8
3
 10
3455.239336
 20
-9407.572301
  0
POINT
  8
3
 10
3437.368122
 20
-9408.494330
  0
POINT
  8
3
 10
3421.584340
 20
-9409.484071
  0
POINT
  8
3
 10
3405.423317
 20
-9410.663741
  0
POINT
  8
3
 10
3388.174799
 20
-9412.107535
  0
POINT
  8
3
 10
3372.302825
 20
-9413.646264
  0
POINT
  8
3
 10
3356.927237
 20
-9415.356141
  0
POINT
  8
3
 10
3338.552228
 20
-9417.603282
 0
LINE
 8
7
 10
3668.088074
 20
-9042.271118
 11
3668.088074
 21
-9283.347778
  0
TEXT
  8
1
 10
3536.538696
 20
-9145.844116
 40
10.000000
 50
0.000000
  1
PIECE NAME: C2490682.后片
  0
TEXT
  8
1
 10
3536.538696
 20
-9130.844116
 40
10.000000
 50
0.000000
  1
Size: 38
  0
TEXT
  8
1
 10
3536.538696
 20
-9115.844116
 40
10.000000
 50
0.000000
  1
ANNOTATION: 面A X1
  0
TEXT
  8
1
 10
3536.538696
 20
-9100.844116
 40
10.000000
 50
0.000000
  1
QUANTITY: 1
  0
TEXT
  8
1
 10
3536.538696
 20
-9085.844116
 40
10.000000
 50
0.000000
  1
FABRIC: 面A
  0
TEXT
  8
1
 10
3536.538696
 20
-9070.844116
 40
10.000000
 50
0.000000
  1
CATEGORY: 后片
  0
TEXT
  8
1
 10
3536.538696
 20
-9055.844116
 40
10.000000
 50
0.000000
  1
SHRINKAGE: 经:0.5%，纬:2.5%
0
ENDBLK
0
BLOCK
  8
1
  2
C2490682.KM02904.领口.38_烫样_38
 70
0
 10
0.0
 20
0.0
  0
POLYLINE
  8
1
  66
1
  70
1
  0
VERTEX
  8
1
  10
4364.456091
  20
-8463.054083
  0
VERTEX
  8
1
  10
4364.358415
  20
-8460.823122
  0
VERTEX
  8
1
  10
4364.072545
  20
-8454.861168
  0
VERTEX
  8
1
  10
4364.300265
  20
-8447.148067
  0
VERTEX
  8
1
  10
4364.921074
  20
-8440.342762
  0
VERTEX
  8
1
  10
4365.950338
  20
-8434.096603
  0
VERTEX
  8
1
  10
4367.535604
  20
-8427.514296
  0
VERTEX
  8
1
  10
4369.776861
  20
-8420.244751
  0
VERTEX
  8
1
  10
4370.682081
  20
-8417.869919
  0
VERTEX
  8
1
  10
4372.135861
  20
-8414.055943
  0
VERTEX
  8
1
  10
4374.868141
  20
-8408.162916
  0
VERTEX
  8
1
  10
4378.022257
  20
-8402.480617
  0
VERTEX
  8
1
  10
4381.660398
  20
-8396.890143
  0
VERTEX
  8
1
  10
4385.993706
  20
-8391.101844
  0
VERTEX
  8
1
  10
4390.935160
  20
-8385.266812
  0
VERTEX
  8
1
  10
4397.185619
  20
-8378.645560
  0
VERTEX
  8
1
  10
4407.258564
  20
-8368.728132
  0
VERTEX
  8
1
  10
4417.039571
  20
-8359.534330
  0
VERTEX
  8
1
  10
4417.910845
  20
-8358.705226
  0
VERTEX
  8
1
  10
4425.164004
  20
-8351.803119
  0
VERTEX
  8
1
  10
4445.413545
  20
-8373.927305
  0
VERTEX
  8
1
  10
4437.047091
  20
-8381.902059
  0
VERTEX
  8
1
  10
4426.364160
  20
-8391.955931
  0
VERTEX
  8
1
  10
4417.403565
  20
-8400.876372
  0
VERTEX
  8
1
  10
4412.091707
  20
-8406.635552
  0
VERTEX
  8
1
  10
4407.980515
  20
-8411.697928
  0
VERTEX
  8
1
  10
4404.695090
  20
-8416.396554
  0
VERTEX
  8
1
  10
4402.064308
  20
-8420.886172
  0
VERTEX
  8
1
  10
4399.963042
  20
-8425.283868
  0
VERTEX
  8
1
  10
4398.670982
  20
-8428.670419
  0
VERTEX
  8
1
  10
4398.044706
  20
-8430.311919
  0
VERTEX
  8
1
  10
4396.206772
  20
-8436.391494
  0
VERTEX
  8
1
  10
4395.127680
  20
-8441.240356
  0
VERTEX
  8
1
  10
4394.439207
  20
-8446.261982
  0
VERTEX
  8
1
  10
4394.119087
  20
-8451.761590
  0
VERTEX
  8
1
  10
4394.083987
  20
-8454.194936
  0
VERTEX
  8
1
  10
4394.898379
  20
-8464.544909
  0
VERTEX
  8
1
  10
4395.926587
  20
-8472.175999
  0
VERTEX
  8
1
  10
4397.485636
  20
-8480.465455
  0
VERTEX
  8
1
  10
4399.463188
  20
-8488.811109
  0
VERTEX
  8
1
  10
4401.686001
  20
-8496.490904
  0
VERTEX
  8
1
  10
4404.157340
  20
-8503.565487
  0
VERTEX
  8
1
  10
4406.893603
  20
-8510.141476
  0
VERTEX
  8
1
  10
4409.894169
  20
-8516.270336
  0
VERTEX
  8
1
  10
4413.031360
  20
-8521.750395
  0
VERTEX
  8
1
  10
4416.358449
  20
-8526.730152
  0
VERTEX
  8
1
  10
4419.847548
  20
-8531.202427
  0
VERTEX
  8
1
  10
4423.340793
  20
-8535.034031
  0
VERTEX
  8
1
  10
4426.998426
  20
-8538.447927
  0
VERTEX
  8
1
  10
4430.919933
  20
-8541.543169
  0
VERTEX
  8
1
  10
4435.348418
  20
-8544.488283
  0
VERTEX
  8
1
  10
4440.117259
  20
-8547.139823
  0
VERTEX
  8
1
  10
4445.019227
  20
-8549.396261
  0
VERTEX
  8
1
  10
4450.331368
  20
-8551.375806
  0
VERTEX
  8
1
  10
4455.641193
  20
-8552.911692
  0
VERTEX
  8
1
  10
4461.059136
  20
-8554.051672
  0
VERTEX
  8
1
  10
4467.077980
  20
-8554.879437
  0
VERTEX
  8
1
  10
4472.127676
  20
-8555.328272
  0
VERTEX
  8
1
  10
4480.219383
  20
-8554.511111
  0
VERTEX
  8
1
  10
4486.085958
  20
-8553.493816
  0
VERTEX
  8
1
  10
4491.574434
  20
-8552.106109
  0
VERTEX
  8
1
  10
4496.816378
  20
-8550.351574
  0
VERTEX
  8
1
  10
4501.942088
  20
-8548.201166
  0
VERTEX
  8
1
  10
4506.756527
  20
-8545.739820
  0
VERTEX
  8
1
  10
4511.225565
  20
-8543.004973
  0
VERTEX
  8
1
  10
4515.314901
  20
-8540.038412
  0
VERTEX
  8
1
  10
4519.143103
  20
-8536.750633
  0
VERTEX
  8
1
  10
4522.684089
  20
-8533.158025
  0
VERTEX
  8
1
  10
4526.118851
  20
-8529.085612
  0
VERTEX
  8
1
  10
4529.448893
  20
-8524.490617
  0
VERTEX
  8
1
  10
4532.616269
  20
-8519.407624
  0
VERTEX
  8
1
  10
4535.614212
  20
-8513.811133
  0
VERTEX
  8
1
  10
4538.449738
  20
-8507.638885
  0
VERTEX
  8
1
  10
4541.075920
  20
-8500.890566
  0
VERTEX
  8
1
  10
4543.432288
  20
-8493.666289
  0
VERTEX
  8
1
  10
4545.533543
  20
-8485.854198
  0
VERTEX
  8
1
  10
4547.451640
  20
-8476.991097
  0
VERTEX
  8
1
  10
4548.847404
  20
-8468.808665
  0
VERTEX
  8
1
  10
4549.684248
  20
-8461.554505
  0
VERTEX
  8
1
  10
4550.162473
  20
-8454.188239
  0
VERTEX
  8
1
  10
4549.902635
  20
-8447.327510
  0
VERTEX
  8
1
  10
4549.254392
  20
-8442.027490
  0
VERTEX
  8
1
  10
4548.214854
  20
-8437.068079
  0
VERTEX
  8
1
  10
4546.464758
  20
-8431.094391
  0
VERTEX
  8
1
  10
4544.950194
  20
-8427.006042
  0
VERTEX
  8
1
  10
4544.513918
  20
-8425.828378
  0
VERTEX
  8
1
  10
4542.463144
  20
-8421.421833
  0
VERTEX
  8
1
  10
4539.918060
  20
-8416.973276
  0
VERTEX
  8
1
  10
4536.841493
  20
-8412.468739
  0
VERTEX
  8
1
  10
4532.967102
  20
-8407.582724
  0
VERTEX
  8
1
  10
4528.268032
  20
-8402.363119
  0
VERTEX
  8
1
  10
4520.168467
  20
-8394.179463
  0
VERTEX
  8
1
  10
4509.615104
  20
-8384.137397
  0
VERTEX
  8
1
  10
4505.115507
  20
-8379.966256
  0
VERTEX
  8
1
  10
4498.764045
  20
-8374.002499
  0
VERTEX
  8
1
  10
4519.121656
  20
-8351.760240
  0
VERTEX
  8
1
  10
4526.329663
  20
-8358.696936
  0
VERTEX
  8
1
  10
4528.870220
  20
-8361.141865
  0
VERTEX
  8
1
  10
4543.472800
  20
-8375.079610
  0
VERTEX
  8
1
  10
4550.579283
  20
-8382.281251
  0
VERTEX
  8
1
  10
4556.196345
  20
-8388.595763
  0
VERTEX
  8
1
  10
4560.696621
  20
-8394.268937
  0
VERTEX
  8
1
  10
4564.722625
  20
-8400.072080
  0
VERTEX
  8
1
  10
4568.117120
  20
-8405.772147
  0
VERTEX
  8
1
  10
4571.021937
  20
-8411.573892
  0
VERTEX
  8
1
  10
4573.582523
  20
-8417.764920
  0
VERTEX
  8
1
  10
4573.741740
  20
-8418.240273
  0
VERTEX
  8
1
  10
4575.871100
  20
-8424.597614
  0
VERTEX
  8
1
  10
4577.782053
  20
-8431.729720
  0
VERTEX
  8
1
  10
4578.995212
  20
-8438.000303
  0
VERTEX
  8
1
  10
4579.753087
  20
-8444.450433
  0
VERTEX
  8
1
  10
4580.146939
  20
-8451.792022
  0
VERTEX
  8
1
  10
4580.051014
  20
-8458.615339
  0
VERTEX
  8
1
  10
4579.850232
  20
-8461.855677
  0
VERTEX
  8
1
  10
4579.775803
  20
-8463.165707
  0
VERTEX
  8
1
  10
4579.402496
  20
-8466.045784
  0
VERTEX
  8
1
  10
4579.387751
  20
-8466.159539
  0
VERTEX
  8
1
  10
4578.312273
  20
-8474.558984
  0
VERTEX
  8
1
  10
4576.423458
  20
-8485.169758
  0
VERTEX
  8
1
  10
4574.414354
  20
-8494.046129
  0
VERTEX
  8
1
  10
4571.927312
  20
-8503.106951
  0
VERTEX
  8
1
  10
4569.291060
  20
-8511.111125
  0
VERTEX
  8
1
  10
4566.271814
  20
-8518.878412
  0
VERTEX
  8
1
  10
4563.006803
  20
-8526.102681
  0
VERTEX
  8
1
  10
4559.494798
  20
-8532.838443
  0
VERTEX
  8
1
  10
4555.679058
  20
-8539.209303
  0
VERTEX
  8
1
  10
4554.970585
  20
-8540.240408
  0
VERTEX
  8
1
  10
4554.855490
  20
-8540.407916
  0
VERTEX
  8
1
  10
4551.674562
  20
-8545.037411
  0
VERTEX
  8
1
  10
4547.388336
  20
-8550.485346
  0
VERTEX
  8
1
  10
4542.861269
  20
-8555.498494
  0
VERTEX
  8
1
  10
4538.137330
  20
-8560.038637
  0
VERTEX
  8
1
  10
4533.116601
  20
-8564.207119
  0
VERTEX
  8
1
  10
4527.702913
  20
-8568.082142
  0
VERTEX
  8
1
  10
4521.976993
  20
-8571.603529
  0
VERTEX
  8
1
  10
4516.045495
  20
-8574.720444
  0
VERTEX
  8
1
  10
4509.709026
  20
-8577.528475
  0
VERTEX
  8
1
  10
4503.218463
  20
-8579.902360
  0
VERTEX
  8
1
  10
4496.588932
  20
-8581.843342
  0
VERTEX
  8
1
  10
4489.856690
  20
-8583.341663
  0
VERTEX
  8
1
  10
4482.900116
  20
-8584.419882
  0
VERTEX
  8
1
  10
4474.268418
  20
-8585.246101
  0
VERTEX
  8
1
  10
4472.963551
  20
-8585.340154
  0
VERTEX
  8
1
  10
4472.168560
  20
-8585.406211
  0
VERTEX
  8
1
  10
4471.975496
  20
-8585.422253
  0
VERTEX
  8
1
  10
4468.521738
  20
-8585.075282
  0
VERTEX
  8
1
  10
4459.760970
  20
-8584.230425
  0
VERTEX
  8
1
  10
4453.447596
  20
-8583.152657
  0
VERTEX
  8
1
  10
4446.504743
  20
-8581.542594
  0
VERTEX
  8
1
  10
4439.921608
  20
-8579.529826
  0
VERTEX
  8
1
  10
4433.457006
  20
-8577.085119
  0
VERTEX
  8
1
  10
4427.158980
  20
-8574.208763
  0
VERTEX
  8
1
  10
4421.240510
  20
-8571.009869
  0
VERTEX
  8
1
  10
4415.551584
  20
-8567.413449
  0
VERTEX
  8
1
  10
4410.288814
  20
-8563.549564
  0
VERTEX
  8
1
  10
4405.361599
  20
-8559.362115
  0
VERTEX
  8
1
  10
4400.718042
  20
-8554.802253
  0
VERTEX
  8
1
  10
4396.260587
  20
-8549.768825
  0
VERTEX
  8
1
  10
4392.032249
  20
-8544.296604
  0
VERTEX
  8
1
  10
4389.355959
  20
-8540.326530
  0
VERTEX
  8
1
  10
4389.290186
  20
-8540.228959
  0
VERTEX
  8
1
  10
4387.988777
  20
-8538.298418
  0
VERTEX
  8
1
  10
4384.177888
  20
-8531.798713
  0
VERTEX
  8
1
  10
4380.636614
  20
-8524.844210
  0
VERTEX
  8
1
  10
4377.425029
  20
-8517.550451
  0
VERTEX
  8
1
  10
4374.482865
  20
-8509.771149
  0
VERTEX
  8
1
  10
4371.891015
  20
-8501.663042
  0
VERTEX
  8
1
  10
4369.477134
  20
-8492.595325
  0
VERTEX
  8
1
  10
4367.470582
  20
-8483.408369
  0
VERTEX
  8
1
  10
4365.879668
  20
-8474.106029
  0
VERTEX
  8
1
  10
4364.852313
  20
-8466.100034
  0
VERTEX
  8
1
  10
4364.842065
  20
-8466.020169
  0
VERTEX
  8
1
  10
4364.456091
  20
-8463.054083
  0
SEQEND
  8
1
  0
POINT
  8
2
 10
4364.456091
 20
-8463.054083
  0
TEXT
  8
2
 10
4364.456091
 20
-8463.054083
 40
0.000000
 50
0.000000
  1
# 127
  0
POINT
  8
2
 10
4425.164004
 20
-8351.803119
  0
TEXT
  8
2
 10
4425.164004
 20
-8351.803119
 40
0.000000
 50
0.000000
  1
# 128
  0
POINT
  8
2
 10
4445.413545
 20
-8373.927305
  0
TEXT
  8
2
 10
4445.413545
 20
-8373.927305
 40
0.000000
 50
0.000000
  1
# 129
  0
POINT
  8
2
 10
4394.083987
 20
-8454.194936
  0
TEXT
  8
2
 10
4394.083987
 20
-8454.194936
 40
0.000000
 50
0.000000
  1
# 130
  0
POINT
  8
2
 10
4472.127676
 20
-8555.328272
  0
TEXT
  8
2
 10
4472.127676
 20
-8555.328272
 40
0.000000
 50
0.000000
  1
# 131
  0
POINT
  8
2
 10
4550.162473
 20
-8454.188239
  0
TEXT
  8
2
 10
4550.162473
 20
-8454.188239
 40
0.000000
 50
0.000000
  1
# 132
  0
POINT
  8
2
 10
4498.764045
 20
-8374.002499
  0
TEXT
  8
2
 10
4498.764045
 20
-8374.002499
 40
0.000000
 50
0.000000
  1
# 133
  0
POINT
  8
2
 10
4519.121656
 20
-8351.760240
  0
TEXT
  8
2
 10
4519.121656
 20
-8351.760240
 40
0.000000
 50
0.000000
  1
# 134
  0
POINT
  8
2
 10
4579.775803
 20
-8463.165707
  0
TEXT
  8
2
 10
4579.775803
 20
-8463.165707
 40
0.000000
 50
0.000000
  1
# 135
  0
POINT
  8
2
 10
4471.975496
 20
-8585.422253
  0
TEXT
  8
2
 10
4471.975496
 20
-8585.422253
 40
0.000000
 50
0.000000
  1
# 136
  0
POINT
  8
2
 10
4364.456091
 20
-8463.054083
  0
TEXT
  8
2
 10
4364.456091
 20
-8463.054083
 40
0.000000
 50
0.000000
  1
# 137
  0
POINT
  8
3
 10
4364.358415
 20
-8460.823122
  0
POINT
  8
3
 10
4364.072545
 20
-8454.861168
  0
POINT
  8
3
 10
4364.300265
 20
-8447.148067
  0
POINT
  8
3
 10
4364.921074
 20
-8440.342762
  0
POINT
  8
3
 10
4365.950338
 20
-8434.096603
  0
POINT
  8
3
 10
4367.535604
 20
-8427.514296
  0
POINT
  8
3
 10
4369.776861
 20
-8420.244751
  0
POINT
  8
3
 10
4370.682081
 20
-8417.869919
  0
POINT
  8
3
 10
4372.135861
 20
-8414.055943
  0
POINT
  8
3
 10
4374.868141
 20
-8408.162916
  0
POINT
  8
3
 10
4378.022257
 20
-8402.480617
  0
POINT
  8
3
 10
4381.660398
 20
-8396.890143
  0
POINT
  8
3
 10
4385.993706
 20
-8391.101844
  0
POINT
  8
3
 10
4390.935160
 20
-8385.266812
  0
POINT
  8
3
 10
4397.185619
 20
-8378.645560
  0
POINT
  8
3
 10
4407.258564
 20
-8368.728132
  0
POINT
  8
3
 10
4417.039571
 20
-8359.534330
  0
POINT
  8
3
 10
4417.910845
 20
-8358.705226
  0
POINT
  8
3
 10
4437.047091
 20
-8381.902059
  0
POINT
  8
3
 10
4426.364160
 20
-8391.955931
  0
POINT
  8
3
 10
4417.403565
 20
-8400.876372
  0
POINT
  8
3
 10
4412.091707
 20
-8406.635552
  0
POINT
  8
3
 10
4407.980515
 20
-8411.697928
  0
POINT
  8
3
 10
4404.695090
 20
-8416.396554
  0
POINT
  8
3
 10
4402.064308
 20
-8420.886172
  0
POINT
  8
3
 10
4399.963042
 20
-8425.283868
  0
POINT
  8
3
 10
4398.670982
 20
-8428.670419
  0
POINT
  8
3
 10
4398.044706
 20
-8430.311919
  0
POINT
  8
3
 10
4396.206772
 20
-8436.391494
  0
POINT
  8
3
 10
4395.127680
 20
-8441.240356
  0
POINT
  8
3
 10
4394.439207
 20
-8446.261982
  0
POINT
  8
3
 10
4394.119087
 20
-8451.761590
  0
POINT
  8
3
 10
4394.898379
 20
-8464.544909
  0
POINT
  8
3
 10
4395.926587
 20
-8472.175999
  0
POINT
  8
3
 10
4397.485636
 20
-8480.465455
  0
POINT
  8
3
 10
4399.463188
 20
-8488.811109
  0
POINT
  8
3
 10
4401.686001
 20
-8496.490904
  0
POINT
  8
3
 10
4404.157340
 20
-8503.565487
  0
POINT
  8
3
 10
4406.893603
 20
-8510.141476
  0
POINT
  8
3
 10
4409.894169
 20
-8516.270336
  0
POINT
  8
3
 10
4413.031360
 20
-8521.750395
  0
POINT
  8
3
 10
4416.358449
 20
-8526.730152
  0
POINT
  8
3
 10
4419.847548
 20
-8531.202427
  0
POINT
  8
3
 10
4423.340793
 20
-8535.034031
  0
POINT
  8
3
 10
4426.998426
 20
-8538.447927
  0
POINT
  8
3
 10
4430.919933
 20
-8541.543169
  0
POINT
  8
3
 10
4435.348418
 20
-8544.488283
  0
POINT
  8
3
 10
4440.117259
 20
-8547.139823
  0
POINT
  8
3
 10
4445.019227
 20
-8549.396261
  0
POINT
  8
3
 10
4450.331368
 20
-8551.375806
  0
POINT
  8
3
 10
4455.641193
 20
-8552.911692
  0
POINT
  8
3
 10
4461.059136
 20
-8554.051672
  0
POINT
  8
3
 10
4467.077980
 20
-8554.879437
  0
POINT
  8
3
 10
4480.219383
 20
-8554.511111
  0
POINT
  8
3
 10
4486.085958
 20
-8553.493816
  0
POINT
  8
3
 10
4491.574434
 20
-8552.106109
  0
POINT
  8
3
 10
4496.816378
 20
-8550.351574
  0
POINT
  8
3
 10
4501.942088
 20
-8548.201166
  0
POINT
  8
3
 10
4506.756527
 20
-8545.739820
  0
POINT
  8
3
 10
4511.225565
 20
-8543.004973
  0
POINT
  8
3
 10
4515.314901
 20
-8540.038412
  0
POINT
  8
3
 10
4519.143103
 20
-8536.750633
  0
POINT
  8
3
 10
4522.684089
 20
-8533.158025
  0
POINT
  8
3
 10
4526.118851
 20
-8529.085612
  0
POINT
  8
3
 10
4529.448893
 20
-8524.490617
  0
POINT
  8
3
 10
4532.616269
 20
-8519.407624
  0
POINT
  8
3
 10
4535.614212
 20
-8513.811133
  0
POINT
  8
3
 10
4538.449738
 20
-8507.638885
  0
POINT
  8
3
 10
4541.075920
 20
-8500.890566
  0
POINT
  8
3
 10
4543.432288
 20
-8493.666289
  0
POINT
  8
3
 10
4545.533543
 20
-8485.854198
  0
POINT
  8
3
 10
4547.451640
 20
-8476.991097
  0
POINT
  8
3
 10
4548.847404
 20
-8468.808665
  0
POINT
  8
3
 10
4549.684248
 20
-8461.554505
  0
POINT
  8
3
 10
4549.902635
 20
-8447.327510
  0
POINT
  8
3
 10
4549.254392
 20
-8442.027490
  0
POINT
  8
3
 10
4548.214854
 20
-8437.068079
  0
POINT
  8
3
 10
4546.464758
 20
-8431.094391
  0
POINT
  8
3
 10
4544.950194
 20
-8427.006042
  0
POINT
  8
3
 10
4544.513918
 20
-8425.828378
  0
POINT
  8
3
 10
4542.463144
 20
-8421.421833
  0
POINT
  8
3
 10
4539.918060
 20
-8416.973276
  0
POINT
  8
3
 10
4536.841493
 20
-8412.468739
  0
POINT
  8
3
 10
4532.967102
 20
-8407.582724
  0
POINT
  8
3
 10
4528.268032
 20
-8402.363119
  0
POINT
  8
3
 10
4520.168467
 20
-8394.179463
  0
POINT
  8
3
 10
4509.615104
 20
-8384.137397
  0
POINT
  8
3
 10
4505.115507
 20
-8379.966256
  0
POINT
  8
3
 10
4526.329663
 20
-8358.696936
  0
POINT
  8
3
 10
4528.870220
 20
-8361.141865
  0
POINT
  8
3
 10
4543.472800
 20
-8375.079610
  0
POINT
  8
3
 10
4550.579283
 20
-8382.281251
  0
POINT
  8
3
 10
4556.196345
 20
-8388.595763
  0
POINT
  8
3
 10
4560.696621
 20
-8394.268937
  0
POINT
  8
3
 10
4564.722625
 20
-8400.072080
  0
POINT
  8
3
 10
4568.117120
 20
-8405.772147
  0
POINT
  8
3
 10
4571.021937
 20
-8411.573892
  0
POINT
  8
3
 10
4573.582523
 20
-8417.764920
  0
POINT
  8
3
 10
4573.741740
 20
-8418.240273
  0
POINT
  8
3
 10
4575.871100
 20
-8424.597614
  0
POINT
  8
3
 10
4577.782053
 20
-8431.729720
  0
POINT
  8
3
 10
4578.995212
 20
-8438.000303
  0
POINT
  8
3
 10
4579.753087
 20
-8444.450433
  0
POINT
  8
3
 10
4580.146939
 20
-8451.792022
  0
POINT
  8
3
 10
4580.051014
 20
-8458.615339
  0
POINT
  8
3
 10
4579.850232
 20
-8461.855677
  0
POINT
  8
3
 10
4579.402496
 20
-8466.045784
  0
POINT
  8
3
 10
4579.387751
 20
-8466.159539
  0
POINT
  8
3
 10
4578.312273
 20
-8474.558984
  0
POINT
  8
3
 10
4576.423458
 20
-8485.169758
  0
POINT
  8
3
 10
4574.414354
 20
-8494.046129
  0
POINT
  8
3
 10
4571.927312
 20
-8503.106951
  0
POINT
  8
3
 10
4569.291060
 20
-8511.111125
  0
POINT
  8
3
 10
4566.271814
 20
-8518.878412
  0
POINT
  8
3
 10
4563.006803
 20
-8526.102681
  0
POINT
  8
3
 10
4559.494798
 20
-8532.838443
  0
POINT
  8
3
 10
4555.679058
 20
-8539.209303
  0
POINT
  8
3
 10
4554.970585
 20
-8540.240408
  0
POINT
  8
3
 10
4554.855490
 20
-8540.407916
  0
POINT
  8
3
 10
4551.674562
 20
-8545.037411
  0
POINT
  8
3
 10
4547.388336
 20
-8550.485346
  0
POINT
  8
3
 10
4542.861269
 20
-8555.498494
  0
POINT
  8
3
 10
4538.137330
 20
-8560.038637
  0
POINT
  8
3
 10
4533.116601
 20
-8564.207119
  0
POINT
  8
3
 10
4527.702913
 20
-8568.082142
  0
POINT
  8
3
 10
4521.976993
 20
-8571.603529
  0
POINT
  8
3
 10
4516.045495
 20
-8574.720444
  0
POINT
  8
3
 10
4509.709026
 20
-8577.528475
  0
POINT
  8
3
 10
4503.218463
 20
-8579.902360
  0
POINT
  8
3
 10
4496.588932
 20
-8581.843342
  0
POINT
  8
3
 10
4489.856690
 20
-8583.341663
  0
POINT
  8
3
 10
4482.900116
 20
-8584.419882
  0
POINT
  8
3
 10
4474.268418
 20
-8585.246101
  0
POINT
  8
3
 10
4472.963551
 20
-8585.340154
  0
POINT
  8
3
 10
4472.168560
 20
-8585.406211
  0
POINT
  8
3
 10
4468.521738
 20
-8585.075282
  0
POINT
  8
3
 10
4459.760970
 20
-8584.230425
  0
POINT
  8
3
 10
4453.447596
 20
-8583.152657
  0
POINT
  8
3
 10
4446.504743
 20
-8581.542594
  0
POINT
  8
3
 10
4439.921608
 20
-8579.529826
  0
POINT
  8
3
 10
4433.457006
 20
-8577.085119
  0
POINT
  8
3
 10
4427.158980
 20
-8574.208763
  0
POINT
  8
3
 10
4421.240510
 20
-8571.009869
  0
POINT
  8
3
 10
4415.551584
 20
-8567.413449
  0
POINT
  8
3
 10
4410.288814
 20
-8563.549564
  0
POINT
  8
3
 10
4405.361599
 20
-8559.362115
  0
POINT
  8
3
 10
4400.718042
 20
-8554.802253
  0
POINT
  8
3
 10
4396.260587
 20
-8549.768825
  0
POINT
  8
3
 10
4392.032249
 20
-8544.296604
  0
POINT
  8
3
 10
4389.355959
 20
-8540.326530
  0
POINT
  8
3
 10
4389.290186
 20
-8540.228959
  0
POINT
  8
3
 10
4387.988777
 20
-8538.298418
  0
POINT
  8
3
 10
4384.177888
 20
-8531.798713
  0
POINT
  8
3
 10
4380.636614
 20
-8524.844210
  0
POINT
  8
3
 10
4377.425029
 20
-8517.550451
  0
POINT
  8
3
 10
4374.482865
 20
-8509.771149
  0
POINT
  8
3
 10
4371.891015
 20
-8501.663042
  0
POINT
  8
3
 10
4369.477134
 20
-8492.595325
  0
POINT
  8
3
 10
4367.470582
 20
-8483.408369
  0
POINT
  8
3
 10
4365.879668
 20
-8474.106029
  0
POINT
  8
3
 10
4364.852313
 20
-8466.100034
  0
POINT
  8
3
 10
4364.842065
 20
-8466.020169
  0
POINT
  8
3
 10
4370.682081
 20
-8417.869919
  0
TEXT
  8
3
 10
4370.682081
 20
-8417.869919
 40
0.000000
 50
0.000000
  1
# 138
  0
POINT
  8
3
 10
4398.670982
 20
-8428.670419
  0
TEXT
  8
3
 10
4398.670982
 20
-8428.670419
 40
0.000000
 50
0.000000
  1
# 139
  0
POINT
  8
3
 10
4544.950194
 20
-8427.006042
  0
TEXT
  8
3
 10
4544.950194
 20
-8427.006042
 40
0.000000
 50
0.000000
  1
# 140
  0
POINT
  8
3
 10
4573.741740
 20
-8418.240273
  0
TEXT
  8
3
 10
4573.741740
 20
-8418.240273
 40
0.000000
 50
0.000000
  1
# 141
  0
POINT
  8
3
 10
4554.855490
 20
-8540.407916
  0
TEXT
  8
3
 10
4554.855490
 20
-8540.407916
 40
0.000000
 50
0.000000
  1
# 142
  0
POINT
  8
3
 10
4389.355959
 20
-8540.326530
  0
TEXT
  8
3
 10
4389.355959
 20
-8540.326530
 40
0.000000
 50
0.000000
  1
# 143
  0
POINT
  8
4
 10
4417.910845
 20
-8358.705226
 30
0.600000
 50
313.58
  0
TEXT
  8
4
 10
4417.910845
 20
-8358.705226
 40
0.000000
 50
0.000000
  1
# 144
  0
POINT
  8
4
 10
4526.329663
 20
-8358.696936
 30
0.600000
 50
227.53
  0
TEXT
  8
4
 10
4526.329663
 20
-8358.696936
 40
0.000000
 50
0.000000
  1
# 145
  0
POINT
  8
4
 10
4579.402496
 20
-8466.045784
 30
0.600000
 50
158.12
  0
TEXT
  8
4
 10
4579.402496
 20
-8466.045784
 40
0.000000
 50
0.000000
  1
# 146
  0
POINT
  8
4
 10
4554.970585
 20
-8540.240408
 30
0.600000
 50
145.49
  0
TEXT
  8
4
 10
4554.970585
 20
-8540.240408
 40
0.000000
 50
0.000000
  1
# 147
  0
POINT
  8
4
 10
4472.168560
 20
-8585.406211
 30
0.600000
 50
 90.97
  0
TEXT
  8
4
 10
4472.168560
 20
-8585.406211
 40
0.000000
 50
0.000000
  1
# 148
  0
POINT
  8
4
 10
4389.290186
 20
-8540.228959
 30
0.600000
 50
 33.98
  0
TEXT
  8
4
 10
4389.290186
 20
-8540.228959
 40
0.000000
 50
0.000000
  1
# 149
  0
POINT
  8
4
 10
4364.852313
 20
-8466.100034
 30
0.600000
 50
 22.18
  0
TEXT
  8
4
 10
4364.852313
 20
-8466.100034
 40
0.000000
 50
0.000000
  1
# 150
  0
POLYLINE
  8
8
  66
1
  70
1
  0
VERTEX
  8
8
  10
4374.440918
  20
-8462.191162
  0
VERTEX
  8
8
  10
4374.440918
  20
-8462.191162
  0
VERTEX
  8
8
  10
4374.073188
  20
-8454.807527
  0
VERTEX
  8
8
  10
4374.283927
  20
-8447.733071
  0
VERTEX
  8
8
  10
4374.841119
  20
-8441.611001
  0
VERTEX
  8
8
  10
4375.752461
  20
-8436.080060
  0
VERTEX
  8
8
  10
4377.177473
  20
-8430.169496
  0
VERTEX
  8
8
  10
4379.234157
  20
-8423.496721
  0
VERTEX
  8
8
  10
4379.977367
  20
-8421.413022
  0
VERTEX
  8
8
  10
4381.351425
  20
-8417.940416
  0
VERTEX
  8
8
  10
4383.783652
  20
-8412.693853
  0
VERTEX
  8
8
  10
4386.587437
  20
-8407.643313
  0
VERTEX
  8
8
  10
4389.857505
  20
-8402.619293
  0
VERTEX
  8
8
  10
4393.810708
  20
-8397.339649
  0
VERTEX
  8
8
  10
4398.385443
  20
-8391.938320
  0
VERTEX
  8
8
  10
4404.316758
  20
-8385.657165
  0
VERTEX
  8
8
  10
4414.177350
  20
-8375.949360
  0
VERTEX
  8
8
  10
4424.699707
  20
-8366.106567
  0
VERTEX
  8
8
  10
4424.699707
  20
-8366.106567
  0
VERTEX
  8
8
  10
4438.205261
  20
-8380.862427
  0
VERTEX
  8
8
  10
4426.364090
  20
-8391.955858
  0
VERTEX
  8
8
  10
4417.403493
  20
-8400.876302
  0
VERTEX
  8
8
  10
4412.091631
  20
-8406.635486
  0
VERTEX
  8
8
  10
4407.980434
  20
-8411.697867
  0
VERTEX
  8
8
  10
4404.695005
  20
-8416.396499
  0
VERTEX
  8
8
  10
4402.064220
  20
-8420.886125
  0
VERTEX
  8
8
  10
4399.962949
  20
-8425.283828
  0
VERTEX
  8
8
  10
4398.629828
  20
-8428.654718
  0
VERTEX
  8
8
  10
4398.044611
  20
-8430.311887
  0
VERTEX
  8
8
  10
4396.206674
  20
-8436.391469
  0
VERTEX
  8
8
  10
4395.127581
  20
-8441.240338
  0
VERTEX
  8
8
  10
4394.439106
  20
-8446.261972
  0
VERTEX
  8
8
  10
4394.118987
  20
-8451.761588
  0
VERTEX
  8
8
  10
4394.083862
  20
-8454.194946
  0
VERTEX
  8
8
  10
4394.898255
  20
-8464.544922
  0
VERTEX
  8
8
  10
4395.926463
  20
-8472.176019
  0
VERTEX
  8
8
  10
4397.485513
  20
-8480.465481
  0
VERTEX
  8
8
  10
4399.463067
  20
-8488.811140
  0
VERTEX
  8
8
  10
4401.685882
  20
-8496.490942
  0
VERTEX
  8
8
  10
4404.157223
  20
-8503.565532
  0
VERTEX
  8
8
  10
4406.893489
  20
-8510.141528
  0
VERTEX
  8
8
  10
4409.894058
  20
-8516.270394
  0
VERTEX
  8
8
  10
4413.031254
  20
-8521.750460
  0
VERTEX
  8
8
  10
4416.358348
  20
-8526.730226
  0
VERTEX
  8
8
  10
4419.847452
  20
-8531.202508
  0
VERTEX
  8
8
  10
4423.340704
  20
-8535.034119
  0
VERTEX
  8
8
  10
4426.998344
  20
-8538.448022
  0
VERTEX
  8
8
  10
4430.919859
  20
-8541.543271
  0
VERTEX
  8
8
  10
4435.348353
  20
-8544.488390
  0
VERTEX
  8
8
  10
4440.117202
  20
-8547.139935
  0
VERTEX
  8
8
  10
4445.019179
  20
-8549.396377
  0
VERTEX
  8
8
  10
4450.331328
  20
-8551.375924
  0
VERTEX
  8
8
  10
4455.641163
  20
-8552.911813
  0
VERTEX
  8
8
  10
4461.059115
  20
-8554.051795
  0
VERTEX
  8
8
  10
4467.077967
  20
-8554.879562
  0
VERTEX
  8
8
  10
4472.127686
  20
-8555.328369
  0
VERTEX
  8
8
  10
4480.219396
  20
-8554.511208
  0
VERTEX
  8
8
  10
4486.085978
  20
-8553.493912
  0
VERTEX
  8
8
  10
4491.574461
  20
-8552.106202
  0
VERTEX
  8
8
  10
4496.816412
  20
-8550.351665
  0
VERTEX
  8
8
  10
4501.942129
  20
-8548.201255
  0
VERTEX
  8
8
  10
4506.756574
  20
-8545.739905
  0
VERTEX
  8
8
  10
4511.225620
  20
-8543.005054
  0
VERTEX
  8
8
  10
4515.314961
  20
-8540.038488
  0
VERTEX
  8
8
  10
4519.143170
  20
-8536.750704
  0
VERTEX
  8
8
  10
4522.684161
  20
-8533.158091
  0
VERTEX
  8
8
  10
4526.118928
  20
-8529.085672
  0
VERTEX
  8
8
  10
4529.448973
  20
-8524.490671
  0
VERTEX
  8
8
  10
4532.616354
  20
-8519.407673
  0
VERTEX
  8
8
  10
4535.614299
  20
-8513.811176
  0
VERTEX
  8
8
  10
4538.449827
  20
-8507.638923
  0
VERTEX
  8
8
  10
4541.076012
  20
-8500.890598
  0
VERTEX
  8
8
  10
4543.432381
  20
-8493.666316
  0
VERTEX
  8
8
  10
4545.533638
  20
-8485.854221
  0
VERTEX
  8
8
  10
4547.451735
  20
-8476.991116
  0
VERTEX
  8
8
  10
4548.847501
  20
-8468.808679
  0
VERTEX
  8
8
  10
4549.684345
  20
-8461.554514
  0
VERTEX
  8
8
  10
4550.162659
  20
-8454.188232
  0
VERTEX
  8
8
  10
4549.902821
  20
-8447.327495
  0
VERTEX
  8
8
  10
4549.254576
  20
-8442.027460
  0
VERTEX
  8
8
  10
4548.215035
  20
-8437.068033
  0
VERTEX
  8
8
  10
4546.464935
  20
-8431.094333
  0
VERTEX
  8
8
  10
4544.986048
  20
-8426.992759
  0
VERTEX
  8
8
  10
4544.514090
  20
-8425.828306
  0
VERTEX
  8
8
  10
4542.463310
  20
-8421.421748
  0
VERTEX
  8
8
  10
4539.918217
  20
-8416.973177
  0
VERTEX
  8
8
  10
4536.841643
  20
-8412.468628
  0
VERTEX
  8
8
  10
4532.967244
  20
-8407.582604
  0
VERTEX
  8
8
  10
4528.268167
  20
-8402.362991
  0
VERTEX
  8
8
  10
4520.168597
  20
-8394.179330
  0
VERTEX
  8
8
  10
4509.615231
  20
-8384.137261
  0
VERTEX
  8
8
  10
4506.041565
  20
-8380.862427
  0
VERTEX
  8
8
  10
4519.547119
  20
-8366.106567
  0
VERTEX
  8
8
  10
4519.547119
  20
-8366.106567
  0
VERTEX
  8
8
  10
4536.476954
  20
-8382.226067
  0
VERTEX
  8
8
  10
4543.283652
  20
-8389.121388
  0
VERTEX
  8
8
  10
4548.546255
  20
-8395.037023
  0
VERTEX
  8
8
  10
4552.670909
  20
-8400.235648
  0
VERTEX
  8
8
  10
4556.315652
  20
-8405.488400
  0
VERTEX
  8
8
  10
4559.344627
  20
-8410.573925
  0
VERTEX
  8
8
  10
4561.923469
  20
-8415.724988
  0
VERTEX
  8
8
  10
4564.211589
  20
-8421.257672
  0
VERTEX
  8
8
  10
4564.269318
  20
-8421.413014
  0
VERTEX
  8
8
  10
4566.294483
  20
-8427.478955
  0
VERTEX
  8
8
  10
4568.038937
  20
-8433.984802
  0
VERTEX
  8
8
  10
4569.112438
  20
-8439.531474
  0
VERTEX
  8
8
  10
4569.787807
  20
-8445.291215
  0
VERTEX
  8
8
  10
4570.148337
  20
-8451.996134
  0
VERTEX
  8
8
  10
4570.061158
  20
-8458.150049
  0
VERTEX
  8
8
  10
4569.806213
  20
-8462.191162
  0
VERTEX
  8
8
  10
4569.806213
  20
-8462.191162
  0
VERTEX
  8
8
  10
4568.424045
  20
-8473.030839
  0
VERTEX
  8
8
  10
4566.613845
  20
-8483.199031
  0
VERTEX
  8
8
  10
4564.709544
  20
-8491.611188
  0
VERTEX
  8
8
  10
4562.346404
  20
-8500.222775
  0
VERTEX
  8
8
  10
4559.872687
  20
-8507.733770
  0
VERTEX
  8
8
  10
4557.046802
  20
-8515.003954
  0
VERTEX
  8
8
  10
4554.007219
  20
-8521.730065
  0
VERTEX
  8
8
  10
4550.760872
  20
-8527.956761
  0
VERTEX
  8
8
  10
4547.258233
  20
-8533.805416
  0
VERTEX
  8
8
  10
4546.637878
  20
-8534.760742
  0
VERTEX
  8
8
  10
4546.637503
  20
-8534.761334
  0
VERTEX
  8
8
  10
4543.613831
  20
-8539.109774
  0
VERTEX
  8
8
  10
4539.736248
  20
-8544.038810
  0
VERTEX
  8
8
  10
4535.675906
  20
-8548.535531
  0
VERTEX
  8
8
  10
4531.469415
  20
-8552.578665
  0
VERTEX
  8
8
  10
4527.006280
  20
-8556.283972
  0
VERTEX
  8
8
  10
4522.169321
  20
-8559.745977
  0
VERTEX
  8
8
  10
4517.030073
  20
-8562.906388
  0
VERTEX
  8
8
  10
4511.686241
  20
-8565.714380
  0
VERTEX
  8
8
  10
4505.963478
  20
-8568.250374
  0
VERTEX
  8
8
  10
4500.093133
  20
-8570.397383
  0
VERTEX
  8
8
  10
4494.094806
  20
-8572.153573
  0
VERTEX
  8
8
  10
4488.006491
  20
-8573.508604
  0
VERTEX
  8
8
  10
4481.667225
  20
-8574.490519
  0
VERTEX
  8
8
  10
4473.542826
  20
-8575.266833
  0
VERTEX
  8
8
  10
4472.123413
  20
-8575.363770
  0
VERTEX
  8
8
  10
4472.123413
  20
-8575.363770
  0
VERTEX
  8
8
  10
4461.086321
  20
-8574.313110
  0
VERTEX
  8
8
  10
4455.415860
  20
-8573.342681
  0
VERTEX
  8
8
  10
4449.101072
  20
-8571.879842
  0
VERTEX
  8
8
  10
4443.155414
  20
-8570.061341
  0
VERTEX
  8
8
  10
4437.304669
  20
-8567.849039
  0
VERTEX
  8
8
  10
4431.620181
  20
-8565.252905
  0
VERTEX
  8
8
  10
4426.292300
  20
-8562.373370
  0
VERTEX
  8
8
  10
4421.189493
  20
-8559.147635
  0
VERTEX
  8
8
  10
4416.490444
  20
-8555.697845
  0
VERTEX
  8
8
  10
4412.112851
  20
-8551.977651
  0
VERTEX
  8
8
  10
4407.974206
  20
-8547.913293
  0
VERTEX
  8
8
  10
4403.971250
  20
-8543.392667
  0
VERTEX
  8
8
  10
4400.142757
  20
-8538.437477
  0
VERTEX
  8
8
  10
4397.609803
  20
-8534.762483
  0
VERTEX
  8
8
  10
4397.608643
  20
-8534.760742
  0
VERTEX
  8
8
  10
4396.459112
  20
-8532.972713
  0
VERTEX
  8
8
  10
4392.956401
  20
-8526.997942
  0
VERTEX
  8
8
  10
4389.679614
  20
-8520.562405
  0
VERTEX
  8
8
  10
4386.685869
  20
-8513.762768
  0
VERTEX
  8
8
  10
4383.931105
  20
-8506.478665
  0
VERTEX
  8
8
  10
4381.495031
  20
-8498.857231
  0
VERTEX
  8
8
  10
4379.201257
  20
-8490.239241
  0
VERTEX
  8
8
  10
4377.292205
  20
-8481.499073
  0
VERTEX
  8
8
  10
4375.776448
  20
-8472.635157
  0
VERTEX
  8
8
  10
4374.440918
  20
-8462.191162
  0
SEQEND
  8
8
  0
POINT
  8
2
 10
4374.440918
 20
-8462.191162
  0
TEXT
  8
2
 10
4374.440918
 20
-8462.191162
 40
0.000000
 50
0.000000
  1
# 151
  0
POINT
  8
2
 10
4424.699707
 20
-8366.106567
  0
TEXT
  8
2
 10
4424.699707
 20
-8366.106567
 40
0.000000
 50
0.000000
  1
# 152
  0
POINT
  8
2
 10
4438.205261
 20
-8380.862427
  0
TEXT
  8
2
 10
4438.205261
 20
-8380.862427
 40
0.000000
 50
0.000000
  1
# 153
  0
POINT
  8
2
 10
4394.083862
 20
-8454.194946
  0
TEXT
  8
2
 10
4394.083862
 20
-8454.194946
 40
0.000000
 50
0.000000
  1
# 154
  0
POINT
  8
2
 10
4472.127686
 20
-8555.328369
  0
TEXT
  8
2
 10
4472.127686
 20
-8555.328369
 40
0.000000
 50
0.000000
  1
# 155
  0
POINT
  8
2
 10
4550.162659
 20
-8454.188232
  0
TEXT
  8
2
 10
4550.162659
 20
-8454.188232
 40
0.000000
 50
0.000000
  1
# 156
  0
POINT
  8
2
 10
4506.041565
 20
-8380.862427
  0
TEXT
  8
2
 10
4506.041565
 20
-8380.862427
 40
0.000000
 50
0.000000
  1
# 157
  0
POINT
  8
2
 10
4519.547119
 20
-8366.106567
  0
TEXT
  8
2
 10
4519.547119
 20
-8366.106567
 40
0.000000
 50
0.000000
  1
# 158
  0
POINT
  8
2
 10
4569.806213
 20
-8462.191162
  0
TEXT
  8
2
 10
4569.806213
 20
-8462.191162
 40
0.000000
 50
0.000000
  1
# 159
  0
POINT
  8
2
 10
4472.123413
 20
-8575.363770
  0
TEXT
  8
2
 10
4472.123413
 20
-8575.363770
 40
0.000000
 50
0.000000
  1
# 160
  0
POINT
  8
2
 10
4374.440918
 20
-8462.191162
  0
TEXT
  8
2
 10
4374.440918
 20
-8462.191162
 40
0.000000
 50
0.000000
  1
# 161
  0
POINT
  8
3
 10
4374.440918
 20
-8462.191162
  0
POINT
  8
3
 10
4374.073188
 20
-8454.807527
  0
POINT
  8
3
 10
4374.283927
 20
-8447.733071
  0
POINT
  8
3
 10
4374.841119
 20
-8441.611001
  0
POINT
  8
3
 10
4375.752461
 20
-8436.080060
  0
POINT
  8
3
 10
4377.177473
 20
-8430.169496
  0
POINT
  8
3
 10
4379.234157
 20
-8423.496721
  0
POINT
  8
3
 10
4379.977367
 20
-8421.413022
  0
POINT
  8
3
 10
4381.351425
 20
-8417.940416
  0
POINT
  8
3
 10
4383.783652
 20
-8412.693853
  0
POINT
  8
3
 10
4386.587437
 20
-8407.643313
  0
POINT
  8
3
 10
4389.857505
 20
-8402.619293
  0
POINT
  8
3
 10
4393.810708
 20
-8397.339649
  0
POINT
  8
3
 10
4398.385443
 20
-8391.938320
  0
POINT
  8
3
 10
4404.316758
 20
-8385.657165
  0
POINT
  8
3
 10
4414.177350
 20
-8375.949360
  0
POINT
  8
3
 10
4424.699707
 20
-8366.106567
  0
POINT
  8
3
 10
4426.364090
 20
-8391.955858
  0
POINT
  8
3
 10
4417.403493
 20
-8400.876302
  0
POINT
  8
3
 10
4412.091631
 20
-8406.635486
  0
POINT
  8
3
 10
4407.980434
 20
-8411.697867
  0
POINT
  8
3
 10
4404.695005
 20
-8416.396499
  0
POINT
  8
3
 10
4402.064220
 20
-8420.886125
  0
POINT
  8
3
 10
4399.962949
 20
-8425.283828
  0
POINT
  8
3
 10
4398.629828
 20
-8428.654718
  0
POINT
  8
3
 10
4398.044611
 20
-8430.311887
  0
POINT
  8
3
 10
4396.206674
 20
-8436.391469
  0
POINT
  8
3
 10
4395.127581
 20
-8441.240338
  0
POINT
  8
3
 10
4394.439106
 20
-8446.261972
  0
POINT
  8
3
 10
4394.118987
 20
-8451.761588
  0
POINT
  8
3
 10
4394.898255
 20
-8464.544922
  0
POINT
  8
3
 10
4395.926463
 20
-8472.176019
  0
POINT
  8
3
 10
4397.485513
 20
-8480.465481
  0
POINT
  8
3
 10
4399.463067
 20
-8488.811140
  0
POINT
  8
3
 10
4401.685882
 20
-8496.490942
  0
POINT
  8
3
 10
4404.157223
 20
-8503.565532
  0
POINT
  8
3
 10
4406.893489
 20
-8510.141528
  0
POINT
  8
3
 10
4409.894058
 20
-8516.270394
  0
POINT
  8
3
 10
4413.031254
 20
-8521.750460
  0
POINT
  8
3
 10
4416.358348
 20
-8526.730226
  0
POINT
  8
3
 10
4419.847452
 20
-8531.202508
  0
POINT
  8
3
 10
4423.340704
 20
-8535.034119
  0
POINT
  8
3
 10
4426.998344
 20
-8538.448022
  0
POINT
  8
3
 10
4430.919859
 20
-8541.543271
  0
POINT
  8
3
 10
4435.348353
 20
-8544.488390
  0
POINT
  8
3
 10
4440.117202
 20
-8547.139935
  0
POINT
  8
3
 10
4445.019179
 20
-8549.396377
  0
POINT
  8
3
 10
4450.331328
 20
-8551.375924
  0
POINT
  8
3
 10
4455.641163
 20
-8552.911813
  0
POINT
  8
3
 10
4461.059115
 20
-8554.051795
  0
POINT
  8
3
 10
4467.077967
 20
-8554.879562
  0
POINT
  8
3
 10
4480.219396
 20
-8554.511208
  0
POINT
  8
3
 10
4486.085978
 20
-8553.493912
  0
POINT
  8
3
 10
4491.574461
 20
-8552.106202
  0
POINT
  8
3
 10
4496.816412
 20
-8550.351665
  0
POINT
  8
3
 10
4501.942129
 20
-8548.201255
  0
POINT
  8
3
 10
4506.756574
 20
-8545.739905
  0
POINT
  8
3
 10
4511.225620
 20
-8543.005054
  0
POINT
  8
3
 10
4515.314961
 20
-8540.038488
  0
POINT
  8
3
 10
4519.143170
 20
-8536.750704
  0
POINT
  8
3
 10
4522.684161
 20
-8533.158091
  0
POINT
  8
3
 10
4526.118928
 20
-8529.085672
  0
POINT
  8
3
 10
4529.448973
 20
-8524.490671
  0
POINT
  8
3
 10
4532.616354
 20
-8519.407673
  0
POINT
  8
3
 10
4535.614299
 20
-8513.811176
  0
POINT
  8
3
 10
4538.449827
 20
-8507.638923
  0
POINT
  8
3
 10
4541.076012
 20
-8500.890598
  0
POINT
  8
3
 10
4543.432381
 20
-8493.666316
  0
POINT
  8
3
 10
4545.533638
 20
-8485.854221
  0
POINT
  8
3
 10
4547.451735
 20
-8476.991116
  0
POINT
  8
3
 10
4548.847501
 20
-8468.808679
  0
POINT
  8
3
 10
4549.684345
 20
-8461.554514
  0
POINT
  8
3
 10
4549.902821
 20
-8447.327495
  0
POINT
  8
3
 10
4549.254576
 20
-8442.027460
  0
POINT
  8
3
 10
4548.215035
 20
-8437.068033
  0
POINT
  8
3
 10
4546.464935
 20
-8431.094333
  0
POINT
  8
3
 10
4544.986048
 20
-8426.992759
  0
POINT
  8
3
 10
4544.514090
 20
-8425.828306
  0
POINT
  8
3
 10
4542.463310
 20
-8421.421748
  0
POINT
  8
3
 10
4539.918217
 20
-8416.973177
  0
POINT
  8
3
 10
4536.841643
 20
-8412.468628
  0
POINT
  8
3
 10
4532.967244
 20
-8407.582604
  0
POINT
  8
3
 10
4528.268167
 20
-8402.362991
  0
POINT
  8
3
 10
4520.168597
 20
-8394.179330
  0
POINT
  8
3
 10
4509.615231
 20
-8384.137261
  0
POINT
  8
3
 10
4519.547119
 20
-8366.106567
  0
POINT
  8
3
 10
4536.476954
 20
-8382.226067
  0
POINT
  8
3
 10
4543.283652
 20
-8389.121388
  0
POINT
  8
3
 10
4548.546255
 20
-8395.037023
  0
POINT
  8
3
 10
4552.670909
 20
-8400.235648
  0
POINT
  8
3
 10
4556.315652
 20
-8405.488400
  0
POINT
  8
3
 10
4559.344627
 20
-8410.573925
  0
POINT
  8
3
 10
4561.923469
 20
-8415.724988
  0
POINT
  8
3
 10
4564.211589
 20
-8421.257672
  0
POINT
  8
3
 10
4564.269318
 20
-8421.413014
  0
POINT
  8
3
 10
4566.294483
 20
-8427.478955
  0
POINT
  8
3
 10
4568.038937
 20
-8433.984802
  0
POINT
  8
3
 10
4569.112438
 20
-8439.531474
  0
POINT
  8
3
 10
4569.787807
 20
-8445.291215
  0
POINT
  8
3
 10
4570.148337
 20
-8451.996134
  0
POINT
  8
3
 10
4570.061158
 20
-8458.150049
  0
POINT
  8
3
 10
4569.806213
 20
-8462.191162
  0
POINT
  8
3
 10
4568.424045
 20
-8473.030839
  0
POINT
  8
3
 10
4566.613845
 20
-8483.199031
  0
POINT
  8
3
 10
4564.709544
 20
-8491.611188
  0
POINT
  8
3
 10
4562.346404
 20
-8500.222775
  0
POINT
  8
3
 10
4559.872687
 20
-8507.733770
  0
POINT
  8
3
 10
4557.046802
 20
-8515.003954
  0
POINT
  8
3
 10
4554.007219
 20
-8521.730065
  0
POINT
  8
3
 10
4550.760872
 20
-8527.956761
  0
POINT
  8
3
 10
4547.258233
 20
-8533.805416
  0
POINT
  8
3
 10
4546.637878
 20
-8534.760742
  0
POINT
  8
3
 10
4546.637503
 20
-8534.761334
  0
POINT
  8
3
 10
4543.613831
 20
-8539.109774
  0
POINT
  8
3
 10
4539.736248
 20
-8544.038810
  0
POINT
  8
3
 10
4535.675906
 20
-8548.535531
  0
POINT
  8
3
 10
4531.469415
 20
-8552.578665
  0
POINT
  8
3
 10
4527.006280
 20
-8556.283972
  0
POINT
  8
3
 10
4522.169321
 20
-8559.745977
  0
POINT
  8
3
 10
4517.030073
 20
-8562.906388
  0
POINT
  8
3
 10
4511.686241
 20
-8565.714380
  0
POINT
  8
3
 10
4505.963478
 20
-8568.250374
  0
POINT
  8
3
 10
4500.093133
 20
-8570.397383
  0
POINT
  8
3
 10
4494.094806
 20
-8572.153573
  0
POINT
  8
3
 10
4488.006491
 20
-8573.508604
  0
POINT
  8
3
 10
4481.667225
 20
-8574.490519
  0
POINT
  8
3
 10
4473.542826
 20
-8575.266833
  0
POINT
  8
3
 10
4472.123413
 20
-8575.363770
  0
POINT
  8
3
 10
4461.086321
 20
-8574.313110
  0
POINT
  8
3
 10
4455.415860
 20
-8573.342681
  0
POINT
  8
3
 10
4449.101072
 20
-8571.879842
  0
POINT
  8
3
 10
4443.155414
 20
-8570.061341
  0
POINT
  8
3
 10
4437.304669
 20
-8567.849039
  0
POINT
  8
3
 10
4431.620181
 20
-8565.252905
  0
POINT
  8
3
 10
4426.292300
 20
-8562.373370
  0
POINT
  8
3
 10
4421.189493
 20
-8559.147635
  0
POINT
  8
3
 10
4416.490444
 20
-8555.697845
  0
POINT
  8
3
 10
4412.112851
 20
-8551.977651
  0
POINT
  8
3
 10
4407.974206
 20
-8547.913293
  0
POINT
  8
3
 10
4403.971250
 20
-8543.392667
  0
POINT
  8
3
 10
4400.142757
 20
-8538.437477
  0
POINT
  8
3
 10
4397.609803
 20
-8534.762483
  0
POINT
  8
3
 10
4397.608643
 20
-8534.760742
  0
POINT
  8
3
 10
4396.459112
 20
-8532.972713
  0
POINT
  8
3
 10
4392.956401
 20
-8526.997942
  0
POINT
  8
3
 10
4389.679614
 20
-8520.562405
  0
POINT
  8
3
 10
4386.685869
 20
-8513.762768
  0
POINT
  8
3
 10
4383.931105
 20
-8506.478665
  0
POINT
  8
3
 10
4381.495031
 20
-8498.857231
  0
POINT
  8
3
 10
4379.201257
 20
-8490.239241
  0
POINT
  8
3
 10
4377.292205
 20
-8481.499073
  0
POINT
  8
3
 10
4375.776448
 20
-8472.635157
  0
POINT
  8
3
 10
4379.977367
 20
-8421.413022
  0
TEXT
  8
3
 10
4379.977367
 20
-8421.413022
 40
0.000000
 50
0.000000
  1
# 162
  0
POINT
  8
3
 10
4398.629828
 20
-8428.654718
  0
TEXT
  8
3
 10
4398.629828
 20
-8428.654718
 40
0.000000
 50
0.000000
  1
# 163
  0
POINT
  8
3
 10
4544.986048
 20
-8426.992759
  0
TEXT
  8
3
 10
4544.986048
 20
-8426.992759
 40
0.000000
 50
0.000000
  1
# 164
  0
POINT
  8
3
 10
4564.269318
 20
-8421.413014
  0
TEXT
  8
3
 10
4564.269318
 20
-8421.413014
 40
0.000000
 50
0.000000
  1
# 165
  0
POINT
  8
3
 10
4546.637503
 20
-8534.761334
  0
TEXT
  8
3
 10
4546.637503
 20
-8534.761334
 40
0.000000
 50
0.000000
  1
# 166
  0
POINT
  8
3
 10
4397.609803
 20
-8534.762483
  0
TEXT
  8
3
 10
4397.609803
 20
-8534.762483
 40
0.000000
 50
0.000000
  1
# 167
  0
POINT
  8
4
 10
4374.440918
 20
-8462.191162
 30
0.600000
 50
 22.18
  0
TEXT
  8
4
 10
4374.440918
 20
-8462.191162
 40
0.000000
 50
0.000000
  1
# 168
  0
POINT
  8
4
 10
4424.699707
 20
-8366.106567
 30
0.600000
 50
312.53
  0
TEXT
  8
4
 10
4424.699707
 20
-8366.106567
 40
0.000000
 50
0.000000
  1
# 169
  0
POINT
  8
4
 10
4519.547119
 20
-8366.106567
 30
0.600000
 50
227.53
  0
TEXT
  8
4
 10
4519.547119
 20
-8366.106567
 40
0.000000
 50
0.000000
  1
# 170
  0
POINT
  8
4
 10
4569.806213
 20
-8462.191162
 30
0.600000
 50
158.12
  0
TEXT
  8
4
 10
4569.806213
 20
-8462.191162
 40
0.000000
 50
0.000000
  1
# 171
  0
POINT
  8
4
 10
4546.637878
 20
-8534.760742
 30
0.600000
 50
146.67
  0
TEXT
  8
4
 10
4546.637878
 20
-8534.760742
 40
0.000000
 50
0.000000
  1
# 172
  0
POINT
  8
4
 10
4472.123413
 20
-8575.363770
 30
0.600000
 50
 90.26
  0
TEXT
  8
4
 10
4472.123413
 20
-8575.363770
 40
0.000000
 50
0.000000
  1
# 173
  0
POINT
  8
4
 10
4397.608643
 20
-8534.760742
 30
0.600000
 50
 33.32
  0
TEXT
  8
4
 10
4397.608643
 20
-8534.760742
 40
0.000000
 50
0.000000
  1
# 174
  0
POLYLINE
  8
11
  66
1
  70
0
  0
VERTEX
  8
1
  10
4394.083862
  20
-8454.194946
  0
VERTEX
  8
1
  10
4374.440918
  20
-8462.191162
  0
VERTEX
  8
1
  10
4374.440918
  20
-8462.191162
  0
SEQEND
  8
11
  0
POINT
  8
2
 10
4394.083862
 20
-8454.194946
  0
TEXT
  8
2
 10
4394.083862
 20
-8454.194946
 40
0.000000
 50
0.000000
  1
# 175
  0
POINT
  8
2
 10
4374.440918
 20
-8462.191162
  0
TEXT
  8
2
 10
4374.440918
 20
-8462.191162
 40
0.000000
 50
0.000000
  1
# 176
  0
POINT
  8
3
 10
4374.440918
 20
-8462.191162
  0
POINT
  8
4
 10
4374.440918
 20
-8462.191162
 30
0.600000
 50
 22.29
  0
TEXT
  8
4
 10
4374.440918
 20
-8462.191162
 40
0.000000
 50
0.000000
  1
# 177
  0
POLYLINE
  8
11
  66
1
  70
0
  0
VERTEX
  8
1
  10
4472.123413
  20
-8555.328979
  0
VERTEX
  8
1
  10
4472.123413
  20
-8575.363770
  0
VERTEX
  8
1
  10
4472.123413
  20
-8575.363770
  0
SEQEND
  8
11
  0
POINT
  8
2
 10
4472.123413
 20
-8555.328979
  0
TEXT
  8
2
 10
4472.123413
 20
-8555.328979
 40
0.000000
 50
0.000000
  1
# 178
  0
POINT
  8
2
 10
4472.123413
 20
-8575.363770
  0
TEXT
  8
2
 10
4472.123413
 20
-8575.363770
 40
0.000000
 50
0.000000
  1
# 179
  0
POINT
  8
3
 10
4472.123413
 20
-8575.363770
  0
POINT
  8
4
 10
4472.123413
 20
-8575.363770
 30
0.600000
 50
 90.00
  0
TEXT
  8
4
 10
4472.123413
 20
-8575.363770
 40
0.000000
 50
0.000000
  1
# 180
  0
POLYLINE
  8
11
  66
1
  70
0
  0
VERTEX
  8
1
  10
4569.806213
  20
-8462.191162
  0
VERTEX
  8
1
  10
4569.806213
  20
-8462.191162
  0
VERTEX
  8
1
  10
4550.164795
  20
-8454.163818
  0
SEQEND
  8
11
  0
POINT
  8
2
 10
4569.806213
 20
-8462.191162
  0
TEXT
  8
2
 10
4569.806213
 20
-8462.191162
 40
0.000000
 50
0.000000
  1
# 181
  0
POINT
  8
2
 10
4550.164795
 20
-8454.163818
  0
TEXT
  8
2
 10
4550.164795
 20
-8454.163818
 40
0.000000
 50
0.000000
  1
# 182
  0
POINT
  8
3
 10
4569.806213
 20
-8462.191162
  0
POINT
  8
4
 10
4569.806213
 20
-8462.191162
 30
0.600000
 50
157.77
  0
TEXT
  8
4
 10
4569.806213
 20
-8462.191162
 40
0.000000
 50
0.000000
  1
# 183
 0
LINE
 8
7
 10
4382.276306
 20
-8444.103394
 11
4382.276306
 21
-8493.001709
  0
TEXT
  8
1
 10
4472.109680
 20
-8468.591309
 40
10.000000
 50
0.000000
  1
PIECE NAME: C2490682.KM02904.领口.38
  0
TEXT
  8
1
 10
4472.109680
 20
-8453.591309
 40
10.000000
 50
0.000000
  1
Size: 38
  0
TEXT
  8
1
 10
4472.109680
 20
-8438.591309
 40
10.000000
 50
0.000000
  1
ANNOTATION: 烫样 X1
  0
TEXT
  8
1
 10
4472.109680
 20
-8423.591309
 40
10.000000
 50
0.000000
  1
QUANTITY: 1
  0
TEXT
  8
1
 10
4472.109680
 20
-8408.591309
 40
10.000000
 50
0.000000
  1
FABRIC: 烫样
  0
TEXT
  8
1
 10
4472.109680
 20
-8393.591309
 40
10.000000
 50
0.000000
  1
CATEGORY: KM02904.领口.38
0
ENDBLK
0
BLOCK
  8
1
  2
C2490682.前脚朴_PE9924朴_38
 70
0
 10
0.0
 20
0.0
  0
POLYLINE
  8
1
  66
1
  70
1
  0
VERTEX
  8
1
  10
4009.504883
  20
-9577.768413
  0
VERTEX
  8
1
  10
4009.319967
  20
-9560.762836
  0
VERTEX
  8
1
  10
4071.042029
  20
-9558.719493
  0
VERTEX
  8
1
  10
4119.105370
  20
-9557.562743
  0
VERTEX
  8
1
  10
4126.404841
  20
-9557.454110
  0
VERTEX
  8
1
  10
4161.824940
  20
-9556.926977
  0
VERTEX
  8
1
  10
4199.999676
  20
-9556.662596
  0
VERTEX
  8
1
  10
4211.872100
  20
-9556.580373
  0
VERTEX
  8
1
  10
4237.146606
  20
-9556.444337
  0
VERTEX
  8
1
  10
4262.421113
  20
-9556.580373
  0
VERTEX
  8
1
  10
4274.293537
  20
-9556.662596
  0
VERTEX
  8
1
  10
4312.468273
  20
-9556.926977
  0
VERTEX
  8
1
  10
4347.888372
  20
-9557.454110
  0
VERTEX
  8
1
  10
4355.187843
  20
-9557.562743
  0
VERTEX
  8
1
  10
4403.251184
  20
-9558.719493
  0
VERTEX
  8
1
  10
4464.973246
  20
-9560.762836
  0
VERTEX
  8
1
  10
4464.788330
  20
-9577.768413
  0
VERTEX
  8
1
  10
4429.868202
  20
-9576.517329
  0
VERTEX
  8
1
  10
4384.849429
  20
-9575.186624
  0
VERTEX
  8
1
  10
4347.840158
  20
-9574.463317
  0
VERTEX
  8
1
  10
4340.165664
  20
-9574.313328
  0
VERTEX
  8
1
  10
4289.451204
  20
-9573.717509
  0
VERTEX
  8
1
  10
4274.245502
  20
-9573.638529
  0
VERTEX
  8
1
  10
4237.146606
  20
-9573.445832
  0
VERTEX
  8
1
  10
4200.047711
  20
-9573.638529
  0
VERTEX
  8
1
  10
4184.842009
  20
-9573.717509
  0
VERTEX
  8
1
  10
4134.127548
  20
-9574.313328
  0
VERTEX
  8
1
  10
4126.453055
  20
-9574.463317
  0
VERTEX
  8
1
  10
4089.443784
  20
-9575.186624
  0
VERTEX
  8
1
  10
4044.425010
  20
-9576.517329
  0
VERTEX
  8
1
  10
4009.504883
  20
-9577.768413
  0
SEQEND
  8
1
  0
POINT
  8
2
 10
4009.504883
 20
-9577.768413
  0
TEXT
  8
2
 10
4009.504883
 20
-9577.768413
 40
0.000000
 50
0.000000
  1
# 184
  0
POINT
  8
2
 10
4009.319967
 20
-9560.762836
  0
TEXT
  8
2
 10
4009.319967
 20
-9560.762836
 40
0.000000
 50
0.000000
  1
# 185
  0
POINT
  8
2
 10
4237.146606
 20
-9556.444337
  0
TEXT
  8
2
 10
4237.146606
 20
-9556.444337
 40
0.000000
 50
0.000000
  1
# 186
  0
POINT
  8
2
 10
4464.973246
 20
-9560.762836
  0
TEXT
  8
2
 10
4464.973246
 20
-9560.762836
 40
0.000000
 50
0.000000
  1
# 187
  0
POINT
  8
2
 10
4464.788330
 20
-9577.768413
  0
TEXT
  8
2
 10
4464.788330
 20
-9577.768413
 40
0.000000
 50
0.000000
  1
# 188
  0
POINT
  8
2
 10
4237.146606
 20
-9573.445832
  0
TEXT
  8
2
 10
4237.146606
 20
-9573.445832
 40
0.000000
 50
0.000000
  1
# 189
  0
POINT
  8
2
 10
4009.504883
 20
-9577.768413
  0
TEXT
  8
2
 10
4009.504883
 20
-9577.768413
 40
0.000000
 50
0.000000
  1
# 190
  0
POINT
  8
3
 10
4071.042029
 20
-9558.719493
  0
POINT
  8
3
 10
4119.105370
 20
-9557.562743
  0
POINT
  8
3
 10
4126.404841
 20
-9557.454110
  0
POINT
  8
3
 10
4161.824940
 20
-9556.926977
  0
POINT
  8
3
 10
4199.999676
 20
-9556.662596
  0
POINT
  8
3
 10
4211.872100
 20
-9556.580373
  0
POINT
  8
3
 10
4262.421113
 20
-9556.580373
  0
POINT
  8
3
 10
4274.293537
 20
-9556.662596
  0
POINT
  8
3
 10
4312.468273
 20
-9556.926977
  0
POINT
  8
3
 10
4347.888372
 20
-9557.454110
  0
POINT
  8
3
 10
4355.187843
 20
-9557.562743
  0
POINT
  8
3
 10
4403.251184
 20
-9558.719493
  0
POINT
  8
3
 10
4429.868202
 20
-9576.517329
  0
POINT
  8
3
 10
4384.849429
 20
-9575.186624
  0
POINT
  8
3
 10
4347.840158
 20
-9574.463317
  0
POINT
  8
3
 10
4340.165664
 20
-9574.313328
  0
POINT
  8
3
 10
4289.451204
 20
-9573.717509
  0
POINT
  8
3
 10
4274.245502
 20
-9573.638529
  0
POINT
  8
3
 10
4200.047711
 20
-9573.638529
  0
POINT
  8
3
 10
4184.842009
 20
-9573.717509
  0
POINT
  8
3
 10
4134.127548
 20
-9574.313328
  0
POINT
  8
3
 10
4126.453055
 20
-9574.463317
  0
POINT
  8
3
 10
4089.443784
 20
-9575.186624
  0
POINT
  8
3
 10
4044.425010
 20
-9576.517329
  0
POINT
  8
3
 10
4126.404841
 20
-9557.454110
  0
TEXT
  8
3
 10
4126.404841
 20
-9557.454110
 40
0.000000
 50
0.000000
  1
# 191
  0
POINT
  8
3
 10
4199.999676
 20
-9556.662596
  0
TEXT
  8
3
 10
4199.999676
 20
-9556.662596
 40
0.000000
 50
0.000000
  1
# 192
  0
POINT
  8
3
 10
4274.293537
 20
-9556.662596
  0
TEXT
  8
3
 10
4274.293537
 20
-9556.662596
 40
0.000000
 50
0.000000
  1
# 193
  0
POINT
  8
3
 10
4347.888372
 20
-9557.454110
  0
TEXT
  8
3
 10
4347.888372
 20
-9557.454110
 40
0.000000
 50
0.000000
  1
# 194
  0
POINT
  8
3
 10
4347.840158
 20
-9574.463317
  0
TEXT
  8
3
 10
4347.840158
 20
-9574.463317
 40
0.000000
 50
0.000000
  1
# 195
  0
POINT
  8
3
 10
4274.245502
 20
-9573.638529
  0
TEXT
  8
3
 10
4274.245502
 20
-9573.638529
 40
0.000000
 50
0.000000
  1
# 196
  0
POINT
  8
3
 10
4200.047711
 20
-9573.638529
  0
TEXT
  8
3
 10
4200.047711
 20
-9573.638529
 40
0.000000
 50
0.000000
  1
# 197
  0
POINT
  8
3
 10
4126.453055
 20
-9574.463317
  0
TEXT
  8
3
 10
4126.453055
 20
-9574.463317
 40
0.000000
 50
0.000000
  1
# 198
  0
POLYLINE
  8
8
  66
1
  70
1
  0
VERTEX
  8
8
  10
4018.501892
  20
-9577.444458
  0
VERTEX
  8
8
  10
4018.317261
  20
-9560.465088
  0
VERTEX
  8
8
  10
4071.042032
  20
-9558.719605
  0
VERTEX
  8
8
  10
4119.105373
  20
-9557.562855
  0
VERTEX
  8
8
  10
4126.404410
  20
-9557.425152
  0
VERTEX
  8
8
  10
4161.824941
  20
-9556.927090
  0
VERTEX
  8
8
  10
4199.999569
  20
-9556.647075
  0
VERTEX
  8
8
  10
4211.872101
  20
-9556.580485
  0
VERTEX
  8
8
  10
4237.193604
  20
-9556.444702
  0
VERTEX
  8
8
  10
4271.747559
  20
-9556.632599
  0
VERTEX
  8
8
  10
4274.293644
  20
-9556.647075
  0
VERTEX
  8
8
  10
4297.609197
  20
-9556.797449
  0
VERTEX
  8
8
  10
4323.469915
  20
-9557.050367
  0
VERTEX
  8
8
  10
4347.888803
  20
-9557.425152
  0
VERTEX
  8
8
  10
4356.616005
  20
-9557.591091
  0
VERTEX
  8
8
  10
4389.758083
  20
-9558.354656
  0
VERTEX
  8
8
  10
4425.245827
  20
-9559.386947
  0
VERTEX
  8
8
  10
4455.975952
  20
-9560.465088
  0
VERTEX
  8
8
  10
4455.791321
  20
-9577.444458
  0
VERTEX
  8
8
  10
4435.547136
  20
-9576.709666
  0
VERTEX
  8
8
  10
4391.003045
  20
-9575.340707
  0
VERTEX
  8
8
  10
4360.621027
  20
-9574.660061
  0
VERTEX
  8
8
  10
4347.840743
  20
-9574.433372
  0
VERTEX
  8
8
  10
4330.235025
  20
-9574.168751
  0
VERTEX
  8
8
  10
4296.460308
  20
-9573.781286
  0
VERTEX
  8
8
  10
4274.245733
  20
-9573.593998
  0
VERTEX
  8
8
  10
4264.622883
  20
-9573.535077
  0
VERTEX
  8
8
  10
4237.146606
  20
-9573.444214
  0
VERTEX
  8
8
  10
4200.047479
  20
-9573.593998
  0
VERTEX
  8
8
  10
4184.841995
  20
-9573.715891
  0
VERTEX
  8
8
  10
4134.127524
  20
-9574.311710
  0
VERTEX
  8
8
  10
4126.452470
  20
-9574.433372
  0
VERTEX
  8
8
  10
4089.443744
  20
-9575.185007
  0
VERTEX
  8
8
  10
4044.424956
  20
-9576.515712
  0
VERTEX
  8
8
  10
4018.501892
  20
-9577.444458
  0
SEQEND
  8
8
  0
POINT
  8
2
 10
4018.501892
 20
-9577.444458
  0
TEXT
  8
2
 10
4018.501892
 20
-9577.444458
 40
0.000000
 50
0.000000
  1
# 199
  0
POINT
  8
2
 10
4018.317261
 20
-9560.465088
  0
TEXT
  8
2
 10
4018.317261
 20
-9560.465088
 40
0.000000
 50
0.000000
  1
# 200
  0
POINT
  8
2
 10
4237.193604
 20
-9556.444702
  0
TEXT
  8
2
 10
4237.193604
 20
-9556.444702
 40
0.000000
 50
0.000000
  1
# 201
  0
POINT
  8
2
 10
4455.975952
 20
-9560.465088
  0
TEXT
  8
2
 10
4455.975952
 20
-9560.465088
 40
0.000000
 50
0.000000
  1
# 202
  0
POINT
  8
2
 10
4455.791321
 20
-9577.444458
  0
TEXT
  8
2
 10
4455.791321
 20
-9577.444458
 40
0.000000
 50
0.000000
  1
# 203
  0
POINT
  8
2
 10
4237.146606
 20
-9573.444214
  0
TEXT
  8
2
 10
4237.146606
 20
-9573.444214
 40
0.000000
 50
0.000000
  1
# 204
  0
POINT
  8
2
 10
4018.501892
 20
-9577.444458
  0
TEXT
  8
2
 10
4018.501892
 20
-9577.444458
 40
0.000000
 50
0.000000
  1
# 205
  0
POINT
  8
3
 10
4071.042032
 20
-9558.719605
  0
POINT
  8
3
 10
4119.105373
 20
-9557.562855
  0
POINT
  8
3
 10
4126.404410
 20
-9557.425152
  0
POINT
  8
3
 10
4161.824941
 20
-9556.927090
  0
POINT
  8
3
 10
4199.999569
 20
-9556.647075
  0
POINT
  8
3
 10
4211.872101
 20
-9556.580485
  0
POINT
  8
3
 10
4271.747559
 20
-9556.632599
  0
POINT
  8
3
 10
4274.293644
 20
-9556.647075
  0
POINT
  8
3
 10
4297.609197
 20
-9556.797449
  0
POINT
  8
3
 10
4323.469915
 20
-9557.050367
  0
POINT
  8
3
 10
4347.888803
 20
-9557.425152
  0
POINT
  8
3
 10
4356.616005
 20
-9557.591091
  0
POINT
  8
3
 10
4389.758083
 20
-9558.354656
  0
POINT
  8
3
 10
4425.245827
 20
-9559.386947
  0
POINT
  8
3
 10
4435.547136
 20
-9576.709666
  0
POINT
  8
3
 10
4391.003045
 20
-9575.340707
  0
POINT
  8
3
 10
4360.621027
 20
-9574.660061
  0
POINT
  8
3
 10
4347.840743
 20
-9574.433372
  0
POINT
  8
3
 10
4330.235025
 20
-9574.168751
  0
POINT
  8
3
 10
4296.460308
 20
-9573.781286
  0
POINT
  8
3
 10
4274.245733
 20
-9573.593998
  0
POINT
  8
3
 10
4264.622883
 20
-9573.535077
  0
POINT
  8
3
 10
4200.047479
 20
-9573.593998
  0
POINT
  8
3
 10
4184.841995
 20
-9573.715891
  0
POINT
  8
3
 10
4134.127524
 20
-9574.311710
  0
POINT
  8
3
 10
4126.452470
 20
-9574.433372
  0
POINT
  8
3
 10
4089.443744
 20
-9575.185007
  0
POINT
  8
3
 10
4044.424956
 20
-9576.515712
  0
POINT
  8
3
 10
4126.404410
 20
-9557.425152
  0
TEXT
  8
3
 10
4126.404410
 20
-9557.425152
 40
0.000000
 50
0.000000
  1
# 206
  0
POINT
  8
3
 10
4199.999569
 20
-9556.647075
  0
TEXT
  8
3
 10
4199.999569
 20
-9556.647075
 40
0.000000
 50
0.000000
  1
# 207
  0
POINT
  8
3
 10
4274.293644
 20
-9556.647075
  0
TEXT
  8
3
 10
4274.293644
 20
-9556.647075
 40
0.000000
 50
0.000000
  1
# 208
  0
POINT
  8
3
 10
4347.888803
 20
-9557.425152
  0
TEXT
  8
3
 10
4347.888803
 20
-9557.425152
 40
0.000000
 50
0.000000
  1
# 209
  0
POINT
  8
3
 10
4347.840743
 20
-9574.433372
  0
TEXT
  8
3
 10
4347.840743
 20
-9574.433372
 40
0.000000
 50
0.000000
  1
# 210
  0
POINT
  8
3
 10
4274.245733
 20
-9573.593998
  0
TEXT
  8
3
 10
4274.245733
 20
-9573.593998
 40
0.000000
 50
0.000000
  1
# 211
  0
POINT
  8
3
 10
4200.047479
 20
-9573.593998
  0
TEXT
  8
3
 10
4200.047479
 20
-9573.593998
 40
0.000000
 50
0.000000
  1
# 212
  0
POINT
  8
3
 10
4126.452470
 20
-9574.433372
  0
TEXT
  8
3
 10
4126.452470
 20
-9574.433372
 40
0.000000
 50
0.000000
  1
# 213
  0
POLYLINE
  8
11
  6
2
  66
1
  70
0
  0
VERTEX
  8
1
  10
4237.146606
  20
-9573.444214
  0
VERTEX
  8
1
  10
4237.146606
  20
-9556.443481
  0
SEQEND
  8
11
  0
POINT
  8
2
 10
4237.146606
 20
-9573.444214
  0
TEXT
  8
2
 10
4237.146606
 20
-9573.444214
 40
0.000000
 50
0.000000
  1
# 214
  0
POINT
  8
2
 10
4237.146606
 20
-9556.443481
  0
TEXT
  8
2
 10
4237.146606
 20
-9556.443481
 40
0.000000
 50
0.000000
  1
# 215
 0
LINE
 8
7
 10
4134.435425
 20
-9559.812622
 11
4134.435425
 21
-9570.019531
  0
TEXT
  8
1
 10
4237.146606
 20
-9567.106018
 40
10.000000
 50
0.000000
  1
PIECE NAME: C2490682.前脚朴
  0
TEXT
  8
1
 10
4237.146606
 20
-9552.106018
 40
10.000000
 50
0.000000
  1
Size: 38
  0
TEXT
  8
1
 10
4237.146606
 20
-9537.106018
 40
10.000000
 50
0.000000
  1
ANNOTATION: PE9924朴 X1
  0
TEXT
  8
1
 10
4237.146606
 20
-9522.106018
 40
10.000000
 50
0.000000
  1
QUANTITY: 1
  0
TEXT
  8
1
 10
4237.146606
 20
-9507.106018
 40
10.000000
 50
0.000000
  1
FABRIC: PE9924朴
  0
TEXT
  8
1
 10
4237.146606
 20
-9492.106018
 40
10.000000
 50
0.000000
  1
CATEGORY: 前脚朴
  0
TEXT
  8
1
 10
4237.146606
 20
-9477.106018
 40
10.000000
 50
0.000000
  1
SHRINKAGE: 经:0.0%，纬:2.5%
0
ENDBLK
0
BLOCK
  8
1
  2
C2490682.后脚朴_PE9924朴_38
 70
0
 10
0.0
 20
0.0
  0
POLYLINE
  8
1
  66
1
  70
1
  0
VERTEX
  8
1
  10
3269.534901
  20
-9551.893082
  0
VERTEX
  8
1
  10
3268.790422
  20
-9534.936587
  0
VERTEX
  8
1
  10
3291.431872
  20
-9531.872788
  0
VERTEX
  8
1
  10
3316.691994
  20
-9528.574669
  0
VERTEX
  8
1
  10
3338.421542
  20
-9526.167476
  0
VERTEX
  8
1
  10
3364.699321
  20
-9523.689697
  0
VERTEX
  8
1
  10
3378.153648
  20
-9522.648432
  0
VERTEX
  8
1
  10
3388.901701
  20
-9521.816612
  0
VERTEX
  8
1
  10
3414.204510
  20
-9520.298715
  0
VERTEX
  8
1
  10
3441.783101
  20
-9519.072864
  0
VERTEX
  8
1
  10
3468.868753
  20
-9518.252856
  0
VERTEX
  8
1
  10
3469.941680
  20
-9518.220374
  0
VERTEX
  8
1
  10
3505.585327
  20
-9517.700310
  0
VERTEX
  8
1
  10
3541.228974
  20
-9518.220374
  0
VERTEX
  8
1
  10
3542.301901
  20
-9518.252856
  0
VERTEX
  8
1
  10
3569.387553
  20
-9519.072864
  0
VERTEX
  8
1
  10
3596.966144
  20
-9520.298715
  0
VERTEX
  8
1
  10
3622.268953
  20
-9521.816612
  0
VERTEX
  8
1
  10
3633.017006
  20
-9522.648432
  0
VERTEX
  8
1
  10
3646.471333
  20
-9523.689697
  0
VERTEX
  8
1
  10
3672.749112
  20
-9526.167476
  0
VERTEX
  8
1
  10
3694.478661
  20
-9528.574669
  0
VERTEX
  8
1
  10
3719.738782
  20
-9531.872788
  0
VERTEX
  8
1
  10
3742.380233
  20
-9534.936587
  0
VERTEX
  8
1
  10
3741.635754
  20
-9551.893082
  0
VERTEX
  8
1
  10
3704.094769
  20
-9547.098370
  0
VERTEX
  8
1
  10
3672.327779
  20
-9543.263961
  0
VERTEX
  8
1
  10
3650.893818
  20
-9541.143404
  0
VERTEX
  8
1
  10
3633.014848
  20
-9539.686514
  0
VERTEX
  8
1
  10
3626.398983
  20
-9539.147412
  0
VERTEX
  8
1
  10
3602.594574
  20
-9537.627177
  0
VERTEX
  8
1
  10
3575.199999
  20
-9536.316010
  0
VERTEX
  8
1
  10
3546.190647
  20
-9535.343113
  0
VERTEX
  8
1
  10
3542.303107
  20
-9535.271640
  0
VERTEX
  8
1
  10
3517.780923
  20
-9534.820798
  0
VERTEX
  8
1
  10
3505.585327
  20
-9534.702123
  0
VERTEX
  8
1
  10
3493.389732
  20
-9534.820798
  0
VERTEX
  8
1
  10
3468.867547
  20
-9535.271640
  0
VERTEX
  8
1
  10
3464.980007
  20
-9535.343113
  0
VERTEX
  8
1
  10
3435.970655
  20
-9536.316010
  0
VERTEX
  8
1
  10
3408.576080
  20
-9537.627177
  0
VERTEX
  8
1
  10
3384.771671
  20
-9539.147412
  0
VERTEX
  8
1
  10
3378.155806
  20
-9539.686514
  0
VERTEX
  8
1
  10
3360.276836
  20
-9541.143404
  0
VERTEX
  8
1
  10
3338.842875
  20
-9543.263961
  0
VERTEX
  8
1
  10
3307.075885
  20
-9547.098370
  0
VERTEX
  8
1
  10
3269.534901
  20
-9551.893082
  0
SEQEND
  8
1
  0
POINT
  8
2
 10
3269.534901
 20
-9551.893082
  0
TEXT
  8
2
 10
3269.534901
 20
-9551.893082
 40
0.000000
 50
0.000000
  1
# 216
  0
POINT
  8
2
 10
3268.790422
 20
-9534.936587
  0
TEXT
  8
2
 10
3268.790422
 20
-9534.936587
 40
0.000000
 50
0.000000
  1
# 217
  0
POINT
  8
2
 10
3505.585327
 20
-9517.700310
  0
TEXT
  8
2
 10
3505.585327
 20
-9517.700310
 40
0.000000
 50
0.000000
  1
# 218
  0
POINT
  8
2
 10
3742.380233
 20
-9534.936587
  0
TEXT
  8
2
 10
3742.380233
 20
-9534.936587
 40
0.000000
 50
0.000000
  1
# 219
  0
POINT
  8
2
 10
3741.635754
 20
-9551.893082
  0
TEXT
  8
2
 10
3741.635754
 20
-9551.893082
 40
0.000000
 50
0.000000
  1
# 220
  0
POINT
  8
2
 10
3505.585327
 20
-9534.702123
  0
TEXT
  8
2
 10
3505.585327
 20
-9534.702123
 40
0.000000
 50
0.000000
  1
# 221
  0
POINT
  8
2
 10
3269.534901
 20
-9551.893082
  0
TEXT
  8
2
 10
3269.534901
 20
-9551.893082
 40
0.000000
 50
0.000000
  1
# 222
  0
POINT
  8
3
 10
3291.431872
 20
-9531.872788
  0
POINT
  8
3
 10
3316.691994
 20
-9528.574669
  0
POINT
  8
3
 10
3338.421542
 20
-9526.167476
  0
POINT
  8
3
 10
3364.699321
 20
-9523.689697
  0
POINT
  8
3
 10
3378.153648
 20
-9522.648432
  0
POINT
  8
3
 10
3388.901701
 20
-9521.816612
  0
POINT
  8
3
 10
3414.204510
 20
-9520.298715
  0
POINT
  8
3
 10
3441.783101
 20
-9519.072864
  0
POINT
  8
3
 10
3468.868753
 20
-9518.252856
  0
POINT
  8
3
 10
3469.941680
 20
-9518.220374
  0
POINT
  8
3
 10
3541.228974
 20
-9518.220374
  0
POINT
  8
3
 10
3542.301901
 20
-9518.252856
  0
POINT
  8
3
 10
3569.387553
 20
-9519.072864
  0
POINT
  8
3
 10
3596.966144
 20
-9520.298715
  0
POINT
  8
3
 10
3622.268953
 20
-9521.816612
  0
POINT
  8
3
 10
3633.017006
 20
-9522.648432
  0
POINT
  8
3
 10
3646.471333
 20
-9523.689697
  0
POINT
  8
3
 10
3672.749112
 20
-9526.167476
  0
POINT
  8
3
 10
3694.478661
 20
-9528.574669
  0
POINT
  8
3
 10
3719.738782
 20
-9531.872788
  0
POINT
  8
3
 10
3704.094769
 20
-9547.098370
  0
POINT
  8
3
 10
3672.327779
 20
-9543.263961
  0
POINT
  8
3
 10
3650.893818
 20
-9541.143404
  0
POINT
  8
3
 10
3633.014848
 20
-9539.686514
  0
POINT
  8
3
 10
3626.398983
 20
-9539.147412
  0
POINT
  8
3
 10
3602.594574
 20
-9537.627177
  0
POINT
  8
3
 10
3575.199999
 20
-9536.316010
  0
POINT
  8
3
 10
3546.190647
 20
-9535.343113
  0
POINT
  8
3
 10
3542.303107
 20
-9535.271640
  0
POINT
  8
3
 10
3517.780923
 20
-9534.820798
  0
POINT
  8
3
 10
3493.389732
 20
-9534.820798
  0
POINT
  8
3
 10
3468.867547
 20
-9535.271640
  0
POINT
  8
3
 10
3464.980007
 20
-9535.343113
  0
POINT
  8
3
 10
3435.970655
 20
-9536.316010
  0
POINT
  8
3
 10
3408.576080
 20
-9537.627177
  0
POINT
  8
3
 10
3384.771671
 20
-9539.147412
  0
POINT
  8
3
 10
3378.155806
 20
-9539.686514
  0
POINT
  8
3
 10
3360.276836
 20
-9541.143404
  0
POINT
  8
3
 10
3338.842875
 20
-9543.263961
  0
POINT
  8
3
 10
3307.075885
 20
-9547.098370
  0
POINT
  8
3
 10
3378.153648
 20
-9522.648432
  0
TEXT
  8
3
 10
3378.153648
 20
-9522.648432
 40
0.000000
 50
0.000000
  1
# 223
  0
POINT
  8
3
 10
3468.868753
 20
-9518.252856
  0
TEXT
  8
3
 10
3468.868753
 20
-9518.252856
 40
0.000000
 50
0.000000
  1
# 224
  0
POINT
  8
3
 10
3542.301901
 20
-9518.252856
  0
TEXT
  8
3
 10
3542.301901
 20
-9518.252856
 40
0.000000
 50
0.000000
  1
# 225
  0
POINT
  8
3
 10
3633.017006
 20
-9522.648432
  0
TEXT
  8
3
 10
3633.017006
 20
-9522.648432
 40
0.000000
 50
0.000000
  1
# 226
  0
POINT
  8
3
 10
3633.014848
 20
-9539.686514
  0
TEXT
  8
3
 10
3633.014848
 20
-9539.686514
 40
0.000000
 50
0.000000
  1
# 227
  0
POINT
  8
3
 10
3542.303107
 20
-9535.271640
  0
TEXT
  8
3
 10
3542.303107
 20
-9535.271640
 40
0.000000
 50
0.000000
  1
# 228
  0
POINT
  8
3
 10
3468.867547
 20
-9535.271640
  0
TEXT
  8
3
 10
3468.867547
 20
-9535.271640
 40
0.000000
 50
0.000000
  1
# 229
  0
POINT
  8
3
 10
3378.155806
 20
-9539.686514
  0
TEXT
  8
3
 10
3378.155806
 20
-9539.686514
 40
0.000000
 50
0.000000
  1
# 230
  0
POLYLINE
  8
8
  66
1
  70
1
  0
VERTEX
  8
8
  10
3278.494568
  20
-9550.776978
  0
VERTEX
  8
8
  10
3277.746887
  20
-9533.747559
  0
VERTEX
  8
8
  10
3291.431939
  20
-9531.873280
  0
VERTEX
  8
8
  10
3316.692053
  20
-9528.575161
  0
VERTEX
  8
8
  10
3338.421592
  20
-9526.167969
  0
VERTEX
  8
8
  10
3364.699364
  20
-9523.690192
  0
VERTEX
  8
8
  10
3378.149648
  20
-9522.596746
  0
VERTEX
  8
8
  10
3388.901735
  20
-9521.817107
  0
VERTEX
  8
8
  10
3414.204536
  20
-9520.299210
  0
VERTEX
  8
8
  10
3441.783120
  20
-9519.073360
  0
VERTEX
  8
8
  10
3468.868537
  20
-9518.245709
  0
VERTEX
  8
8
  10
3469.941692
  20
-9518.220870
  0
VERTEX
  8
8
  10
3505.585327
  20
-9517.700806
  0
VERTEX
  8
8
  10
3536.869889
  20
-9518.126657
  0
VERTEX
  8
8
  10
3542.302117
  20
-9518.245709
  0
VERTEX
  8
8
  10
3564.158729
  20
-9518.884958
  0
VERTEX
  8
8
  10
3578.559782
  20
-9519.436650
  0
VERTEX
  8
8
  10
3592.611560
  20
-9520.078383
  0
VERTEX
  8
8
  10
3605.526933
  20
-9520.766021
  0
VERTEX
  8
8
  10
3617.918550
  20
-9521.525272
  0
VERTEX
  8
8
  10
3633.021007
  20
-9522.596746
  0
VERTEX
  8
8
  10
3641.257681
  20
-9523.250743
  0
VERTEX
  8
8
  10
3653.611715
  20
-9524.322286
  0
VERTEX
  8
8
  10
3666.675062
  20
-9525.559889
  0
VERTEX
  8
8
  10
3680.469215
  20
-9526.976309
  0
VERTEX
  8
8
  10
3692.747080
  20
-9528.366817
  0
VERTEX
  8
8
  10
3704.616865
  20
-9529.851252
  0
VERTEX
  8
8
  10
3719.738715
  20
-9531.873280
  0
VERTEX
  8
8
  10
3733.423767
  20
-9533.747559
  0
VERTEX
  8
8
  10
3733.111804
  20
-9541.631954
  0
VERTEX
  8
8
  10
3732.676086
  20
-9550.776978
  0
VERTEX
  8
8
  10
3723.754160
  20
-9549.579686
  0
VERTEX
  8
8
  10
3703.021546
  20
-9546.964163
  0
VERTEX
  8
8
  10
3685.028075
  20
-9544.733768
  0
VERTEX
  8
8
  10
3673.184202
  20
-9543.357563
  0
VERTEX
  8
8
  10
3661.106658
  20
-9542.100952
  0
VERTEX
  8
8
  10
3647.868373
  20
-9540.874061
  0
VERTEX
  8
8
  10
3635.359445
  20
-9539.827964
  0
VERTEX
  8
8
  10
3633.018288
  20
-9539.644298
  0
VERTEX
  8
8
  10
3623.231170
  20
-9538.920491
  0
VERTEX
  8
8
  10
3610.294151
  20
-9538.074654
  0
VERTEX
  8
8
  10
3596.715685
  20
-9537.309652
  0
VERTEX
  8
8
  10
3582.080382
  20
-9536.606544
  0
VERTEX
  8
8
  10
3566.857608
  20
-9535.993663
  0
VERTEX
  8
8
  10
3551.657333
  20
-9535.493214
  0
VERTEX
  8
8
  10
3542.303587
  20
-9535.245549
  0
VERTEX
  8
8
  10
3537.140254
  20
-9535.130353
  0
VERTEX
  8
8
  10
3521.948083
  20
-9534.873582
  0
VERTEX
  8
8
  10
3505.585327
  20
-9534.701538
  0
VERTEX
  8
8
  10
3493.389725
  20
-9534.820213
  0
VERTEX
  8
8
  10
3468.867068
  20
-9535.245549
  0
VERTEX
  8
8
  10
3464.979992
  20
-9535.342528
  0
VERTEX
  8
8
  10
3435.970632
  20
-9536.315425
  0
VERTEX
  8
8
  10
3408.576048
  20
-9537.626593
  0
VERTEX
  8
8
  10
3384.771628
  20
-9539.146829
  0
VERTEX
  8
8
  10
3378.152366
  20
-9539.644298
  0
VERTEX
  8
8
  10
3360.276784
  20
-9541.142821
  0
VERTEX
  8
8
  10
3338.842812
  20
-9543.263379
  0
VERTEX
  8
8
  10
3307.075813
  20
-9547.097790
  0
VERTEX
  8
8
  10
3278.494568
  20
-9550.776978
  0
SEQEND
  8
8
  0
POINT
  8
2
 10
3278.494568
 20
-9550.776978
  0
TEXT
  8
2
 10
3278.494568
 20
-9550.776978
 40
0.000000
 50
0.000000
  1
# 231
  0
POINT
  8
2
 10
3277.746887
 20
-9533.747559
  0
TEXT
  8
2
 10
3277.746887
 20
-9533.747559
 40
0.000000
 50
0.000000
  1
# 232
  0
POINT
  8
2
 10
3505.585327
 20
-9517.700806
  0
TEXT
  8
2
 10
3505.585327
 20
-9517.700806
 40
0.000000
 50
0.000000
  1
# 233
  0
POINT
  8
2
 10
3733.423767
 20
-9533.747559
  0
TEXT
  8
2
 10
3733.423767
 20
-9533.747559
 40
0.000000
 50
0.000000
  1
# 234
  0
POINT
  8
2
 10
3732.676086
 20
-9550.776978
  0
TEXT
  8
2
 10
3732.676086
 20
-9550.776978
 40
0.000000
 50
0.000000
  1
# 235
  0
POINT
  8
2
 10
3505.585327
 20
-9534.701538
  0
TEXT
  8
2
 10
3505.585327
 20
-9534.701538
 40
0.000000
 50
0.000000
  1
# 236
  0
POINT
  8
2
 10
3278.494568
 20
-9550.776978
  0
TEXT
  8
2
 10
3278.494568
 20
-9550.776978
 40
0.000000
 50
0.000000
  1
# 237
  0
POINT
  8
3
 10
3291.431939
 20
-9531.873280
  0
POINT
  8
3
 10
3316.692053
 20
-9528.575161
  0
POINT
  8
3
 10
3338.421592
 20
-9526.167969
  0
POINT
  8
3
 10
3364.699364
 20
-9523.690192
  0
POINT
  8
3
 10
3378.149648
 20
-9522.596746
  0
POINT
  8
3
 10
3388.901735
 20
-9521.817107
  0
POINT
  8
3
 10
3414.204536
 20
-9520.299210
  0
POINT
  8
3
 10
3441.783120
 20
-9519.073360
  0
POINT
  8
3
 10
3468.868537
 20
-9518.245709
  0
POINT
  8
3
 10
3469.941692
 20
-9518.220870
  0
POINT
  8
3
 10
3536.869889
 20
-9518.126657
  0
POINT
  8
3
 10
3542.302117
 20
-9518.245709
  0
POINT
  8
3
 10
3564.158729
 20
-9518.884958
  0
POINT
  8
3
 10
3578.559782
 20
-9519.436650
  0
POINT
  8
3
 10
3592.611560
 20
-9520.078383
  0
POINT
  8
3
 10
3605.526933
 20
-9520.766021
  0
POINT
  8
3
 10
3617.918550
 20
-9521.525272
  0
POINT
  8
3
 10
3633.021007
 20
-9522.596746
  0
POINT
  8
3
 10
3641.257681
 20
-9523.250743
  0
POINT
  8
3
 10
3653.611715
 20
-9524.322286
  0
POINT
  8
3
 10
3666.675062
 20
-9525.559889
  0
POINT
  8
3
 10
3680.469215
 20
-9526.976309
  0
POINT
  8
3
 10
3692.747080
 20
-9528.366817
  0
POINT
  8
3
 10
3704.616865
 20
-9529.851252
  0
POINT
  8
3
 10
3719.738715
 20
-9531.873280
  0
POINT
  8
3
 10
3733.111804
 20
-9541.631954
  0
POINT
  8
3
 10
3723.754160
 20
-9549.579686
  0
POINT
  8
3
 10
3703.021546
 20
-9546.964163
  0
POINT
  8
3
 10
3685.028075
 20
-9544.733768
  0
POINT
  8
3
 10
3673.184202
 20
-9543.357563
  0
POINT
  8
3
 10
3661.106658
 20
-9542.100952
  0
POINT
  8
3
 10
3647.868373
 20
-9540.874061
  0
POINT
  8
3
 10
3635.359445
 20
-9539.827964
  0
POINT
  8
3
 10
3633.018288
 20
-9539.644298
  0
POINT
  8
3
 10
3623.231170
 20
-9538.920491
  0
POINT
  8
3
 10
3610.294151
 20
-9538.074654
  0
POINT
  8
3
 10
3596.715685
 20
-9537.309652
  0
POINT
  8
3
 10
3582.080382
 20
-9536.606544
  0
POINT
  8
3
 10
3566.857608
 20
-9535.993663
  0
POINT
  8
3
 10
3551.657333
 20
-9535.493214
  0
POINT
  8
3
 10
3542.303587
 20
-9535.245549
  0
POINT
  8
3
 10
3537.140254
 20
-9535.130353
  0
POINT
  8
3
 10
3521.948083
 20
-9534.873582
  0
POINT
  8
3
 10
3493.389725
 20
-9534.820213
  0
POINT
  8
3
 10
3468.867068
 20
-9535.245549
  0
POINT
  8
3
 10
3464.979992
 20
-9535.342528
  0
POINT
  8
3
 10
3435.970632
 20
-9536.315425
  0
POINT
  8
3
 10
3408.576048
 20
-9537.626593
  0
POINT
  8
3
 10
3384.771628
 20
-9539.146829
  0
POINT
  8
3
 10
3378.152366
 20
-9539.644298
  0
POINT
  8
3
 10
3360.276784
 20
-9541.142821
  0
POINT
  8
3
 10
3338.842812
 20
-9543.263379
  0
POINT
  8
3
 10
3307.075813
 20
-9547.097790
  0
POINT
  8
3
 10
3378.149648
 20
-9522.596746
  0
TEXT
  8
3
 10
3378.149648
 20
-9522.596746
 40
0.000000
 50
0.000000
  1
# 238
  0
POINT
  8
3
 10
3468.868537
 20
-9518.245709
  0
TEXT
  8
3
 10
3468.868537
 20
-9518.245709
 40
0.000000
 50
0.000000
  1
# 239
  0
POINT
  8
3
 10
3542.302117
 20
-9518.245709
  0
TEXT
  8
3
 10
3542.302117
 20
-9518.245709
 40
0.000000
 50
0.000000
  1
# 240
  0
POINT
  8
3
 10
3633.021007
 20
-9522.596746
  0
TEXT
  8
3
 10
3633.021007
 20
-9522.596746
 40
0.000000
 50
0.000000
  1
# 241
  0
POINT
  8
3
 10
3633.018288
 20
-9539.644298
  0
TEXT
  8
3
 10
3633.018288
 20
-9539.644298
 40
0.000000
 50
0.000000
  1
# 242
  0
POINT
  8
3
 10
3542.303587
 20
-9535.245549
  0
TEXT
  8
3
 10
3542.303587
 20
-9535.245549
 40
0.000000
 50
0.000000
  1
# 243
  0
POINT
  8
3
 10
3468.867068
 20
-9535.245549
  0
TEXT
  8
3
 10
3468.867068
 20
-9535.245549
 40
0.000000
 50
0.000000
  1
# 244
  0
POINT
  8
3
 10
3378.152366
 20
-9539.644298
  0
TEXT
  8
3
 10
3378.152366
 20
-9539.644298
 40
0.000000
 50
0.000000
  1
# 245
  0
POLYLINE
  8
11
  6
2
  66
1
  70
0
  0
VERTEX
  8
1
  10
3505.585327
  20
-9517.700806
  0
VERTEX
  8
1
  10
3505.585327
  20
-9534.701538
  0
SEQEND
  8
11
  0
POINT
  8
2
 10
3505.585327
 20
-9517.700806
  0
TEXT
  8
2
 10
3505.585327
 20
-9517.700806
 40
0.000000
 50
0.000000
  1
# 246
  0
POINT
  8
2
 10
3505.585327
 20
-9534.701538
  0
TEXT
  8
2
 10
3505.585327
 20
-9534.701538
 40
0.000000
 50
0.000000
  1
# 247
 0
LINE
 8
7
 10
3471.462097
 20
-9521.578979
 11
3471.462097
 21
-9534.558716
  0
TEXT
  8
1
 10
3505.585327
 20
-9534.796753
 40
10.000000
 50
0.000000
  1
PIECE NAME: C2490682.后脚朴
  0
TEXT
  8
1
 10
3505.585327
 20
-9519.796753
 40
10.000000
 50
0.000000
  1
Size: 38
  0
TEXT
  8
1
 10
3505.585327
 20
-9504.796753
 40
10.000000
 50
0.000000
  1
ANNOTATION: PE9924朴 X1
  0
TEXT
  8
1
 10
3505.585327
 20
-9489.796753
 40
10.000000
 50
0.000000
  1
QUANTITY: 1
  0
TEXT
  8
1
 10
3505.585327
 20
-9474.796753
 40
10.000000
 50
0.000000
  1
FABRIC: PE9924朴
  0
TEXT
  8
1
 10
3505.585327
 20
-9459.796753
 40
10.000000
 50
0.000000
  1
CATEGORY: 后脚朴
  0
TEXT
  8
1
 10
3505.585327
 20
-9444.796753
 40
10.000000
 50
0.000000
  1
SHRINKAGE: 经:0.0%，纬:2.5%
0
ENDBLK
0
BLOCK
  8
1
  2
C2490682.领_面A_38
 70
0
 10
0.0
 20
0.0
  0
POLYLINE
  8
1
  66
1
  70
1
  0
VERTEX
  8
1
  10
3535.960388
  20
-8696.310547
  0
VERTEX
  8
1
  10
3483.268579
  20
-8696.310547
  0
VERTEX
  8
1
  10
3466.710510
  20
-8696.310547
  0
VERTEX
  8
1
  10
3466.710510
  20
-8696.310547
  0
VERTEX
  8
1
  10
3415.946826
  20
-8696.310547
  0
VERTEX
  8
1
  10
3400.894165
  20
-8696.310547
  0
VERTEX
  8
1
  10
3400.894165
  20
-8696.310547
  0
VERTEX
  8
1
  10
3352.785645
  20
-8696.310547
  0
VERTEX
  8
1
  10
3349.564392
  20
-8696.310547
  0
VERTEX
  8
1
  10
3295.677429
  20
-8696.310547
  0
VERTEX
  8
1
  10
3295.677429
  20
-8668.211670
  0
VERTEX
  8
1
  10
3295.677429
  20
-8640.114014
  0
VERTEX
  8
1
  10
3356.061282
  20
-8640.114014
  0
VERTEX
  8
1
  10
3400.894165
  20
-8640.114014
  0
VERTEX
  8
1
  10
3451.821285
  20
-8640.114014
  0
VERTEX
  8
1
  10
3466.710492
  20
-8640.114014
  0
VERTEX
  8
1
  10
3502.425378
  20
-8640.114014
  0
VERTEX
  8
1
  10
3535.960388
  20
-8640.114014
  0
VERTEX
  8
1
  10
3587.797316
  20
-8640.114014
  0
VERTEX
  8
1
  10
3605.211903
  20
-8640.114014
  0
VERTEX
  8
1
  10
3638.114885
  20
-8640.114014
  0
VERTEX
  8
1
  10
3671.027527
  20
-8640.114014
  0
VERTEX
  8
1
  10
3722.356536
  20
-8640.114014
  0
VERTEX
  8
1
  10
3776.243652
  20
-8640.114014
  0
VERTEX
  8
1
  10
3776.243652
  20
-8658.162842
  0
VERTEX
  8
1
  10
3776.243652
  20
-8668.211670
  0
VERTEX
  8
1
  10
3776.243652
  20
-8696.310547
  0
VERTEX
  8
1
  10
3715.860263
  20
-8696.310547
  0
VERTEX
  8
1
  10
3671.027526
  20
-8696.310547
  0
VERTEX
  8
1
  10
3671.027527
  20
-8696.310547
  0
VERTEX
  8
1
  10
3618.937698
  20
-8696.310547
  0
VERTEX
  8
1
  10
3605.210876
  20
-8696.310547
  0
VERTEX
  8
1
  10
3605.210876
  20
-8696.310547
  0
VERTEX
  8
1
  10
3552.653871
  20
-8696.310547
  0
VERTEX
  8
1
  10
3535.960388
  20
-8696.310547
  0
VERTEX
  8
1
  10
3535.960388
  20
-8696.310547
  0
SEQEND
  8
1
  0
POINT
  8
2
 10
3535.960388
 20
-8696.310547
  0
TEXT
  8
2
 10
3535.960388
 20
-8696.310547
 40
0.000000
 50
0.000000
  1
# 248
  0
POINT
  8
2
 10
3466.710510
 20
-8696.310547
  0
TEXT
  8
2
 10
3466.710510
 20
-8696.310547
 40
0.000000
 50
0.000000
  1
# 249
  0
POINT
  8
2
 10
3400.894165
 20
-8696.310547
  0
TEXT
  8
2
 10
3400.894165
 20
-8696.310547
 40
0.000000
 50
0.000000
  1
# 250
  0
POINT
  8
2
 10
3295.677429
 20
-8696.310547
  0
TEXT
  8
2
 10
3295.677429
 20
-8696.310547
 40
0.000000
 50
0.000000
  1
# 251
  0
POINT
  8
2
 10
3295.677429
 20
-8668.211670
  0
TEXT
  8
2
 10
3295.677429
 20
-8668.211670
 40
0.000000
 50
0.000000
  1
# 252
  0
POINT
  8
2
 10
3295.677429
 20
-8640.114014
  0
TEXT
  8
2
 10
3295.677429
 20
-8640.114014
 40
0.000000
 50
0.000000
  1
# 253
  0
POINT
  8
2
 10
3400.894165
 20
-8640.114014
  0
TEXT
  8
2
 10
3400.894165
 20
-8640.114014
 40
0.000000
 50
0.000000
  1
# 254
  0
POINT
  8
2
 10
3535.960388
 20
-8640.114014
  0
TEXT
  8
2
 10
3535.960388
 20
-8640.114014
 40
0.000000
 50
0.000000
  1
# 255
  0
POINT
  8
2
 10
3671.027527
 20
-8640.114014
  0
TEXT
  8
2
 10
3671.027527
 20
-8640.114014
 40
0.000000
 50
0.000000
  1
# 256
  0
POINT
  8
2
 10
3776.243652
 20
-8640.114014
  0
TEXT
  8
2
 10
3776.243652
 20
-8640.114014
 40
0.000000
 50
0.000000
  1
# 257
  0
POINT
  8
2
 10
3776.243652
 20
-8668.211670
  0
TEXT
  8
2
 10
3776.243652
 20
-8668.211670
 40
0.000000
 50
0.000000
  1
# 258
  0
POINT
  8
2
 10
3776.243652
 20
-8696.310547
  0
TEXT
  8
2
 10
3776.243652
 20
-8696.310547
 40
0.000000
 50
0.000000
  1
# 259
  0
POINT
  8
2
 10
3671.027527
 20
-8696.310547
  0
TEXT
  8
2
 10
3671.027527
 20
-8696.310547
 40
0.000000
 50
0.000000
  1
# 260
  0
POINT
  8
2
 10
3605.210876
 20
-8696.310547
  0
TEXT
  8
2
 10
3605.210876
 20
-8696.310547
 40
0.000000
 50
0.000000
  1
# 261
  0
POINT
  8
2
 10
3535.960388
 20
-8696.310547
  0
TEXT
  8
2
 10
3535.960388
 20
-8696.310547
 40
0.000000
 50
0.000000
  1
# 262
  0
POINT
  8
3
 10
3483.268579
 20
-8696.310547
  0
POINT
  8
3
 10
3466.710510
 20
-8696.310547
  0
POINT
  8
3
 10
3415.946826
 20
-8696.310547
  0
POINT
  8
3
 10
3400.894165
 20
-8696.310547
  0
POINT
  8
3
 10
3352.785645
 20
-8696.310547
  0
POINT
  8
3
 10
3349.564392
 20
-8696.310547
  0
POINT
  8
3
 10
3356.061282
 20
-8640.114014
  0
POINT
  8
3
 10
3451.821285
 20
-8640.114014
  0
POINT
  8
3
 10
3466.710492
 20
-8640.114014
  0
POINT
  8
3
 10
3502.425378
 20
-8640.114014
  0
POINT
  8
3
 10
3587.797316
 20
-8640.114014
  0
POINT
  8
3
 10
3605.211903
 20
-8640.114014
  0
POINT
  8
3
 10
3638.114885
 20
-8640.114014
  0
POINT
  8
3
 10
3722.356536
 20
-8640.114014
  0
POINT
  8
3
 10
3776.243652
 20
-8658.162842
  0
POINT
  8
3
 10
3715.860263
 20
-8696.310547
  0
POINT
  8
3
 10
3671.027526
 20
-8696.310547
  0
POINT
  8
3
 10
3618.937698
 20
-8696.310547
  0
POINT
  8
3
 10
3605.210876
 20
-8696.310547
  0
POINT
  8
3
 10
3552.653871
 20
-8696.310547
  0
POINT
  8
3
 10
3535.960388
 20
-8696.310547
  0
POINT
  8
3
 10
3466.710492
 20
-8640.114014
  0
TEXT
  8
3
 10
3466.710492
 20
-8640.114014
 40
0.000000
 50
0.000000
  1
# 263
  0
POINT
  8
3
 10
3605.211903
 20
-8640.114014
  0
TEXT
  8
3
 10
3605.211903
 20
-8640.114014
 40
0.000000
 50
0.000000
  1
# 264
  0
POINT
  8
4
 10
3466.710510
 20
-8696.310547
 30
0.600000
 50
 90.00
  0
TEXT
  8
4
 10
3466.710510
 20
-8696.310547
 40
0.000000
 50
0.000000
  1
# 265
  0
POINT
  8
4
 10
3400.894165
 20
-8696.310547
 30
0.600000
 50
 90.00
  0
TEXT
  8
4
 10
3400.894165
 20
-8696.310547
 40
0.000000
 50
0.000000
  1
# 266
  0
POINT
  8
4
 10
3352.785645
 20
-8696.310547
 30
0.600000
 50
 90.00
  0
TEXT
  8
4
 10
3352.785645
 20
-8696.310547
 40
0.000000
 50
0.000000
  1
# 267
  0
POINT
  8
4
 10
3776.243652
 20
-8658.162842
 30
0.600000
 50
180.00
  0
TEXT
  8
4
 10
3776.243652
 20
-8658.162842
 40
0.000000
 50
0.000000
  1
# 268
  0
POINT
  8
4
 10
3671.027526
 20
-8696.310547
 30
0.600000
 50
 90.00
  0
TEXT
  8
4
 10
3671.027526
 20
-8696.310547
 40
0.000000
 50
0.000000
  1
# 269
  0
POINT
  8
4
 10
3605.210876
 20
-8696.310547
 30
0.600000
 50
 90.00
  0
TEXT
  8
4
 10
3605.210876
 20
-8696.310547
 40
0.000000
 50
0.000000
  1
# 270
  0
POINT
  8
4
 10
3535.960388
 20
-8696.310547
 30
0.600000
 50
 90.00
  0
TEXT
  8
4
 10
3535.960388
 20
-8696.310547
 40
0.000000
 50
0.000000
  1
# 271
  0
POLYLINE
  8
8
  66
1
  70
1
  0
VERTEX
  8
8
  10
3535.960388
  20
-8688.310547
  0
VERTEX
  8
8
  10
3483.268579
  20
-8688.310547
  0
VERTEX
  8
8
  10
3466.710510
  20
-8688.310547
  0
VERTEX
  8
8
  10
3466.710510
  20
-8688.310547
  0
VERTEX
  8
8
  10
3415.946826
  20
-8688.310547
  0
VERTEX
  8
8
  10
3400.894165
  20
-8688.310547
  0
VERTEX
  8
8
  10
3400.894165
  20
-8688.310547
  0
VERTEX
  8
8
  10
3352.785645
  20
-8688.310547
  0
VERTEX
  8
8
  10
3349.564392
  20
-8688.310547
  0
VERTEX
  8
8
  10
3304.677429
  20
-8688.310547
  0
VERTEX
  8
8
  10
3304.677429
  20
-8668.211670
  0
VERTEX
  8
8
  10
3304.677429
  20
-8648.114014
  0
VERTEX
  8
8
  10
3356.061282
  20
-8648.114014
  0
VERTEX
  8
8
  10
3400.894165
  20
-8648.114014
  0
VERTEX
  8
8
  10
3451.821285
  20
-8648.114014
  0
VERTEX
  8
8
  10
3466.710492
  20
-8648.114014
  0
VERTEX
  8
8
  10
3502.425378
  20
-8648.114014
  0
VERTEX
  8
8
  10
3535.960388
  20
-8648.114014
  0
VERTEX
  8
8
  10
3587.797316
  20
-8648.114014
  0
VERTEX
  8
8
  10
3605.211903
  20
-8648.114014
  0
VERTEX
  8
8
  10
3638.114885
  20
-8648.114014
  0
VERTEX
  8
8
  10
3671.027527
  20
-8648.114014
  0
VERTEX
  8
8
  10
3722.356536
  20
-8648.114014
  0
VERTEX
  8
8
  10
3767.243652
  20
-8648.114014
  0
VERTEX
  8
8
  10
3767.243652
  20
-8658.162842
  0
VERTEX
  8
8
  10
3767.243652
  20
-8668.211670
  0
VERTEX
  8
8
  10
3767.243652
  20
-8688.310547
  0
VERTEX
  8
8
  10
3715.860263
  20
-8688.310547
  0
VERTEX
  8
8
  10
3671.027527
  20
-8688.310547
  0
VERTEX
  8
8
  10
3671.027527
  20
-8688.310547
  0
VERTEX
  8
8
  10
3618.937698
  20
-8688.310547
  0
VERTEX
  8
8
  10
3605.210876
  20
-8688.310547
  0
VERTEX
  8
8
  10
3605.210876
  20
-8688.310547
  0
VERTEX
  8
8
  10
3552.653871
  20
-8688.310547
  0
VERTEX
  8
8
  10
3535.960388
  20
-8688.310547
  0
VERTEX
  8
8
  10
3535.960388
  20
-8688.310547
  0
SEQEND
  8
8
  0
POINT
  8
2
 10
3535.960388
 20
-8688.310547
  0
TEXT
  8
2
 10
3535.960388
 20
-8688.310547
 40
0.000000
 50
0.000000
  1
# 272
  0
POINT
  8
2
 10
3466.710510
 20
-8688.310547
  0
TEXT
  8
2
 10
3466.710510
 20
-8688.310547
 40
0.000000
 50
0.000000
  1
# 273
  0
POINT
  8
2
 10
3400.894165
 20
-8688.310547
  0
TEXT
  8
2
 10
3400.894165
 20
-8688.310547
 40
0.000000
 50
0.000000
  1
# 274
  0
POINT
  8
2
 10
3304.677429
 20
-8688.310547
  0
TEXT
  8
2
 10
3304.677429
 20
-8688.310547
 40
0.000000
 50
0.000000
  1
# 275
  0
POINT
  8
2
 10
3304.677429
 20
-8668.211670
  0
TEXT
  8
2
 10
3304.677429
 20
-8668.211670
 40
0.000000
 50
0.000000
  1
# 276
  0
POINT
  8
2
 10
3304.677429
 20
-8648.114014
  0
TEXT
  8
2
 10
3304.677429
 20
-8648.114014
 40
0.000000
 50
0.000000
  1
# 277
  0
POINT
  8
2
 10
3400.894165
 20
-8648.114014
  0
TEXT
  8
2
 10
3400.894165
 20
-8648.114014
 40
0.000000
 50
0.000000
  1
# 278
  0
POINT
  8
2
 10
3535.960388
 20
-8648.114014
  0
TEXT
  8
2
 10
3535.960388
 20
-8648.114014
 40
0.000000
 50
0.000000
  1
# 279
  0
POINT
  8
2
 10
3671.027527
 20
-8648.114014
  0
TEXT
  8
2
 10
3671.027527
 20
-8648.114014
 40
0.000000
 50
0.000000
  1
# 280
  0
POINT
  8
2
 10
3767.243652
 20
-8648.114014
  0
TEXT
  8
2
 10
3767.243652
 20
-8648.114014
 40
0.000000
 50
0.000000
  1
# 281
  0
POINT
  8
2
 10
3767.243652
 20
-8668.211670
  0
TEXT
  8
2
 10
3767.243652
 20
-8668.211670
 40
0.000000
 50
0.000000
  1
# 282
  0
POINT
  8
2
 10
3767.243652
 20
-8688.310547
  0
TEXT
  8
2
 10
3767.243652
 20
-8688.310547
 40
0.000000
 50
0.000000
  1
# 283
  0
POINT
  8
2
 10
3671.027527
 20
-8688.310547
  0
TEXT
  8
2
 10
3671.027527
 20
-8688.310547
 40
0.000000
 50
0.000000
  1
# 284
  0
POINT
  8
2
 10
3605.210876
 20
-8688.310547
  0
TEXT
  8
2
 10
3605.210876
 20
-8688.310547
 40
0.000000
 50
0.000000
  1
# 285
  0
POINT
  8
2
 10
3535.960388
 20
-8688.310547
  0
TEXT
  8
2
 10
3535.960388
 20
-8688.310547
 40
0.000000
 50
0.000000
  1
# 286
  0
POINT
  8
3
 10
3483.268579
 20
-8688.310547
  0
POINT
  8
3
 10
3466.710510
 20
-8688.310547
  0
POINT
  8
3
 10
3415.946826
 20
-8688.310547
  0
POINT
  8
3
 10
3400.894165
 20
-8688.310547
  0
POINT
  8
3
 10
3352.785645
 20
-8688.310547
  0
POINT
  8
3
 10
3349.564392
 20
-8688.310547
  0
POINT
  8
3
 10
3356.061282
 20
-8648.114014
  0
POINT
  8
3
 10
3451.821285
 20
-8648.114014
  0
POINT
  8
3
 10
3466.710492
 20
-8648.114014
  0
POINT
  8
3
 10
3502.425378
 20
-8648.114014
  0
POINT
  8
3
 10
3587.797316
 20
-8648.114014
  0
POINT
  8
3
 10
3605.211903
 20
-8648.114014
  0
POINT
  8
3
 10
3638.114885
 20
-8648.114014
  0
POINT
  8
3
 10
3722.356536
 20
-8648.114014
  0
POINT
  8
3
 10
3767.243652
 20
-8658.162842
  0
POINT
  8
3
 10
3715.860263
 20
-8688.310547
  0
POINT
  8
3
 10
3671.027527
 20
-8688.310547
  0
POINT
  8
3
 10
3618.937698
 20
-8688.310547
  0
POINT
  8
3
 10
3605.210876
 20
-8688.310547
  0
POINT
  8
3
 10
3552.653871
 20
-8688.310547
  0
POINT
  8
3
 10
3535.960388
 20
-8688.310547
  0
POINT
  8
3
 10
3466.710492
 20
-8648.114014
  0
TEXT
  8
3
 10
3466.710492
 20
-8648.114014
 40
0.000000
 50
0.000000
  1
# 287
  0
POINT
  8
3
 10
3605.211903
 20
-8648.114014
  0
TEXT
  8
3
 10
3605.211903
 20
-8648.114014
 40
0.000000
 50
0.000000
  1
# 288
  0
POINT
  8
4
 10
3466.710510
 20
-8688.310547
 30
0.600000
 50
 90.00
  0
TEXT
  8
4
 10
3466.710510
 20
-8688.310547
 40
0.000000
 50
0.000000
  1
# 289
  0
POINT
  8
4
 10
3400.894165
 20
-8688.310547
 30
0.600000
 50
 90.00
  0
TEXT
  8
4
 10
3400.894165
 20
-8688.310547
 40
0.000000
 50
0.000000
  1
# 290
  0
POINT
  8
4
 10
3352.785645
 20
-8688.310547
 30
0.600000
 50
 90.00
  0
TEXT
  8
4
 10
3352.785645
 20
-8688.310547
 40
0.000000
 50
0.000000
  1
# 291
  0
POINT
  8
4
 10
3767.243652
 20
-8658.162842
 30
0.600000
 50
180.00
  0
TEXT
  8
4
 10
3767.243652
 20
-8658.162842
 40
0.000000
 50
0.000000
  1
# 292
  0
POINT
  8
4
 10
3671.027527
 20
-8688.310547
 30
0.600000
 50
270.00
  0
TEXT
  8
4
 10
3671.027527
 20
-8688.310547
 40
0.000000
 50
0.000000
  1
# 293
  0
POINT
  8
4
 10
3605.210876
 20
-8688.310547
 30
0.600000
 50
 90.00
  0
TEXT
  8
4
 10
3605.210876
 20
-8688.310547
 40
0.000000
 50
0.000000
  1
# 294
  0
POINT
  8
4
 10
3535.960388
 20
-8688.310547
 30
0.600000
 50
 90.00
  0
TEXT
  8
4
 10
3535.960388
 20
-8688.310547
 40
0.000000
 50
0.000000
  1
# 295
  0
POLYLINE
  8
11
  66
1
  70
0
  0
VERTEX
  8
1
  10
3767.243652
  20
-8668.211670
  0
VERTEX
  8
1
  10
3715.673135
  20
-8668.211670
  0
VERTEX
  8
1
  10
3670.004154
  20
-8668.211670
  0
VERTEX
  8
1
  10
3665.304540
  20
-8668.211670
  0
VERTEX
  8
1
  10
3614.632425
  20
-8668.211670
  0
VERTEX
  8
1
  10
3564.212149
  20
-8668.211670
  0
VERTEX
  8
1
  10
3514.077337
  20
-8668.211670
  0
VERTEX
  8
1
  10
3463.446448
  20
-8668.211670
  0
VERTEX
  8
1
  10
3413.428520
  20
-8668.211670
  0
VERTEX
  8
1
  10
3401.911744
  20
-8668.211670
  0
VERTEX
  8
1
  10
3363.317777
  20
-8668.211670
  0
VERTEX
  8
1
  10
3312.871113
  20
-8668.211670
  0
VERTEX
  8
1
  10
3304.677429
  20
-8668.211670
  0
SEQEND
  8
11
  0
POINT
  8
2
 10
3767.243652
 20
-8668.211670
  0
TEXT
  8
2
 10
3767.243652
 20
-8668.211670
 40
0.000000
 50
0.000000
  1
# 296
  0
POINT
  8
2
 10
3304.677429
 20
-8668.211670
  0
TEXT
  8
2
 10
3304.677429
 20
-8668.211670
 40
0.000000
 50
0.000000
  1
# 297
  0
POINT
  8
3
 10
3715.673135
 20
-8668.211670
  0
POINT
  8
3
 10
3670.004154
 20
-8668.211670
  0
POINT
  8
3
 10
3665.304540
 20
-8668.211670
  0
POINT
  8
3
 10
3614.632425
 20
-8668.211670
  0
POINT
  8
3
 10
3564.212149
 20
-8668.211670
  0
POINT
  8
3
 10
3514.077337
 20
-8668.211670
  0
POINT
  8
3
 10
3463.446448
 20
-8668.211670
  0
POINT
  8
3
 10
3413.428520
 20
-8668.211670
  0
POINT
  8
3
 10
3401.911744
 20
-8668.211670
  0
POINT
  8
3
 10
3363.317777
 20
-8668.211670
  0
POINT
  8
3
 10
3312.871113
 20
-8668.211670
  0
POINT
  8
3
 10
3670.004154
 20
-8668.211670
  0
TEXT
  8
3
 10
3670.004154
 20
-8668.211670
 40
0.000000
 50
0.000000
  1
# 298
  0
POINT
  8
3
 10
3401.911744
 20
-8668.211670
  0
TEXT
  8
3
 10
3401.911744
 20
-8668.211670
 40
0.000000
 50
0.000000
  1
# 299
  0
POLYLINE
  8
11
  66
1
  70
0
  0
VERTEX
  8
1
  10
3535.960388
  20
-8688.310547
  0
VERTEX
  8
1
  10
3535.960388
  20
-8688.310547
  0
VERTEX
  8
1
  10
3535.960388
  20
-8668.211670
  0
SEQEND
  8
11
  0
POINT
  8
2
 10
3535.960388
 20
-8688.310547
  0
TEXT
  8
2
 10
3535.960388
 20
-8688.310547
 40
0.000000
 50
0.000000
  1
# 300
  0
POINT
  8
2
 10
3535.960388
 20
-8668.211670
  0
TEXT
  8
2
 10
3535.960388
 20
-8668.211670
 40
0.000000
 50
0.000000
  1
# 301
  0
POINT
  8
3
 10
3535.960388
 20
-8688.310547
  0
POINT
  8
4
 10
3535.960388
 20
-8688.310547
 30
0.600000
 50
 90.00
  0
TEXT
  8
4
 10
3535.960388
 20
-8688.310547
 40
0.000000
 50
0.000000
  1
# 302
  0
POLYLINE
  8
11
  66
1
  70
0
  0
VERTEX
  8
1
  10
3400.894165
  20
-8688.310547
  0
VERTEX
  8
1
  10
3400.894165
  20
-8688.310547
  0
VERTEX
  8
1
  10
3400.894165
  20
-8668.211670
  0
SEQEND
  8
11
  0
POINT
  8
2
 10
3400.894165
 20
-8688.310547
  0
TEXT
  8
2
 10
3400.894165
 20
-8688.310547
 40
0.000000
 50
0.000000
  1
# 303
  0
POINT
  8
2
 10
3400.894165
 20
-8668.211670
  0
TEXT
  8
2
 10
3400.894165
 20
-8668.211670
 40
0.000000
 50
0.000000
  1
# 304
  0
POINT
  8
3
 10
3400.894165
 20
-8688.310547
  0
POINT
  8
4
 10
3400.894165
 20
-8688.310547
 30
0.600000
 50
 90.00
  0
TEXT
  8
4
 10
3400.894165
 20
-8688.310547
 40
0.000000
 50
0.000000
  1
# 305
  0
POLYLINE
  8
11
  66
1
  70
0
  0
VERTEX
  8
1
  10
3671.027527
  20
-8688.310547
  0
VERTEX
  8
1
  10
3671.027527
  20
-8688.310547
  0
VERTEX
  8
1
  10
3671.027527
  20
-8668.211670
  0
SEQEND
  8
11
  0
POINT
  8
2
 10
3671.027527
 20
-8688.310547
  0
TEXT
  8
2
 10
3671.027527
 20
-8688.310547
 40
0.000000
 50
0.000000
  1
# 306
  0
POINT
  8
2
 10
3671.027527
 20
-8668.211670
  0
TEXT
  8
2
 10
3671.027527
 20
-8668.211670
 40
0.000000
 50
0.000000
  1
# 307
  0
POINT
  8
3
 10
3671.027527
 20
-8688.310547
  0
POINT
  8
4
 10
3671.027527
 20
-8688.310547
 30
0.600000
 50
270.00
  0
TEXT
  8
4
 10
3671.027527
 20
-8688.310547
 40
0.000000
 50
0.000000
  1
# 308
  0
POLYLINE
  8
11
  66
1
  70
0
  0
VERTEX
  8
1
  10
3535.960388
  20
-8648.114014
  0
VERTEX
  8
1
  10
3535.960388
  20
-8668.211670
  0
SEQEND
  8
11
  0
POINT
  8
2
 10
3535.960388
 20
-8648.114014
  0
TEXT
  8
2
 10
3535.960388
 20
-8648.114014
 40
0.000000
 50
0.000000
  1
# 309
  0
POINT
  8
2
 10
3535.960388
 20
-8668.211670
  0
TEXT
  8
2
 10
3535.960388
 20
-8668.211670
 40
0.000000
 50
0.000000
  1
# 310
  0
POLYLINE
  8
11
  66
1
  70
0
  0
VERTEX
  8
1
  10
3400.894165
  20
-8648.114014
  0
VERTEX
  8
1
  10
3400.894165
  20
-8668.211670
  0
SEQEND
  8
11
  0
POINT
  8
2
 10
3400.894165
 20
-8648.114014
  0
TEXT
  8
2
 10
3400.894165
 20
-8648.114014
 40
0.000000
 50
0.000000
  1
# 311
  0
POINT
  8
2
 10
3400.894165
 20
-8668.211670
  0
TEXT
  8
2
 10
3400.894165
 20
-8668.211670
 40
0.000000
 50
0.000000
  1
# 312
  0
POLYLINE
  8
11
  66
1
  70
0
  0
VERTEX
  8
1
  10
3671.027527
  20
-8648.114014
  0
VERTEX
  8
1
  10
3671.027527
  20
-8668.211670
  0
SEQEND
  8
11
  0
POINT
  8
2
 10
3671.027527
 20
-8648.114014
  0
TEXT
  8
2
 10
3671.027527
 20
-8648.114014
 40
0.000000
 50
0.000000
  1
# 313
  0
POINT
  8
2
 10
3671.027527
 20
-8668.211670
  0
TEXT
  8
2
 10
3671.027527
 20
-8668.211670
 40
0.000000
 50
0.000000
  1
# 314
  0
POLYLINE
  8
11
  66
1
  70
0
  0
VERTEX
  8
1
  10
3466.710510
  20
-8688.310547
  0
VERTEX
  8
1
  10
3466.710510
  20
-8668.211670
  0
SEQEND
  8
11
  0
POINT
  8
2
 10
3466.710510
 20
-8688.310547
  0
TEXT
  8
2
 10
3466.710510
 20
-8688.310547
 40
0.000000
 50
0.000000
  1
# 315
  0
POINT
  8
2
 10
3466.710510
 20
-8668.211670
  0
TEXT
  8
2
 10
3466.710510
 20
-8668.211670
 40
0.000000
 50
0.000000
  1
# 316
  0
POLYLINE
  8
11
  66
1
  70
0
  0
VERTEX
  8
1
  10
3466.710510
  20
-8648.114014
  0
VERTEX
  8
1
  10
3466.710510
  20
-8668.211670
  0
SEQEND
  8
11
  0
POINT
  8
2
 10
3466.710510
 20
-8648.114014
  0
TEXT
  8
2
 10
3466.710510
 20
-8648.114014
 40
0.000000
 50
0.000000
  1
# 317
  0
POINT
  8
2
 10
3466.710510
 20
-8668.211670
  0
TEXT
  8
2
 10
3466.710510
 20
-8668.211670
 40
0.000000
 50
0.000000
  1
# 318
  0
POLYLINE
  8
11
  66
1
  70
0
  0
VERTEX
  8
1
  10
3605.210876
  20
-8648.114014
  0
VERTEX
  8
1
  10
3605.210876
  20
-8668.211670
  0
SEQEND
  8
11
  0
POINT
  8
2
 10
3605.210876
 20
-8648.114014
  0
TEXT
  8
2
 10
3605.210876
 20
-8648.114014
 40
0.000000
 50
0.000000
  1
# 319
  0
POINT
  8
2
 10
3605.210876
 20
-8668.211670
  0
TEXT
  8
2
 10
3605.210876
 20
-8668.211670
 40
0.000000
 50
0.000000
  1
# 320
  0
POLYLINE
  8
11
  66
1
  70
0
  0
VERTEX
  8
1
  10
3605.210876
  20
-8688.310547
  0
VERTEX
  8
1
  10
3605.210876
  20
-8668.211670
  0
SEQEND
  8
11
  0
POINT
  8
2
 10
3605.210876
 20
-8688.310547
  0
TEXT
  8
2
 10
3605.210876
 20
-8688.310547
 40
0.000000
 50
0.000000
  1
# 321
  0
POINT
  8
2
 10
3605.210876
 20
-8668.211670
  0
TEXT
  8
2
 10
3605.210876
 20
-8668.211670
 40
0.000000
 50
0.000000
  1
# 322
 0
LINE
 8
7
 10
3587.608337
 20
-8658.657837
 11
3587.608337
 21
-8680.636597
  0
TEXT
  8
1
 10
3398.630676
 20
-8673.580933
 40
10.715981
 50
0.000000
  1
肩
  0
TEXT
  8
1
 10
3670.093384
 20
-8678.024902
 40
10.198735
 50
10.625449
  1
肩
  0
TEXT
  8
1
 10
3524.822998
 20
-8678.618164
 40
10.204082
 50
0.000000
  1
前中
  0
TEXT
  8
1
 10
3535.960541
 20
-8668.212280
 40
10.000000
 50
0.000000
  1
PIECE NAME: C2490682.领
  0
TEXT
  8
1
 10
3535.960541
 20
-8653.212280
 40
10.000000
 50
0.000000
  1
Size: 38
  0
TEXT
  8
1
 10
3535.960541
 20
-8638.212280
 40
10.000000
 50
0.000000
  1
ANNOTATION: 面A X1
  0
TEXT
  8
1
 10
3535.960541
 20
-8623.212280
 40
10.000000
 50
0.000000
  1
QUANTITY: 1
  0
TEXT
  8
1
 10
3535.960541
 20
-8608.212280
 40
10.000000
 50
0.000000
  1
FABRIC: 面A
  0
TEXT
  8
1
 10
3535.960541
 20
-8593.212280
 40
10.000000
 50
0.000000
  1
CATEGORY: 领
  0
TEXT
  8
1
 10
3535.960541
 20
-8578.212280
 40
10.000000
 50
0.000000
  1
SHRINKAGE: 经:0.5%，纬:2.0%
0
ENDBLK
0
BLOCK
  8
1
  2
C2490682.后领口耳仔_面A_38
 70
0
 10
0.0
 20
0.0
  0
POLYLINE
  8
1
  66
1
  70
1
  0
VERTEX
  8
1
  10
3421.965332
  20
-8578.251953
  0
VERTEX
  8
1
  10
3421.965332
  20
-8553.251953
  0
VERTEX
  8
1
  10
3871.965332
  20
-8553.251953
  0
VERTEX
  8
1
  10
3871.965332
  20
-8556.251831
  0
VERTEX
  8
1
  10
3871.965332
  20
-8578.251953
  0
VERTEX
  8
1
  10
3421.965332
  20
-8578.251953
  0
SEQEND
  8
1
  0
POINT
  8
2
 10
3421.965332
 20
-8578.251953
  0
TEXT
  8
2
 10
3421.965332
 20
-8578.251953
 40
0.000000
 50
0.000000
  1
# 323
  0
POINT
  8
2
 10
3421.965332
 20
-8553.251953
  0
TEXT
  8
2
 10
3421.965332
 20
-8553.251953
 40
0.000000
 50
0.000000
  1
# 324
  0
POINT
  8
2
 10
3871.965332
 20
-8553.251953
  0
TEXT
  8
2
 10
3871.965332
 20
-8553.251953
 40
0.000000
 50
0.000000
  1
# 325
  0
POINT
  8
2
 10
3871.965332
 20
-8578.251953
  0
TEXT
  8
2
 10
3871.965332
 20
-8578.251953
 40
0.000000
 50
0.000000
  1
# 326
  0
POINT
  8
2
 10
3421.965332
 20
-8578.251953
  0
TEXT
  8
2
 10
3421.965332
 20
-8578.251953
 40
0.000000
 50
0.000000
  1
# 327
  0
POINT
  8
3
 10
3871.965332
 20
-8556.251831
  0
POINT
  8
4
 10
3871.965332
 20
-8556.251831
 30
0.600000
 50
180.00
  0
TEXT
  8
4
 10
3871.965332
 20
-8556.251831
 40
0.000000
 50
0.000000
  1
# 328
 0
LINE
 8
7
 10
3641.532288
 20
-8559.205322
 11
3656.708679
 21
-8574.382324
  0
TEXT
  8
1
 10
3710.618286
 20
-8567.012939
 40
18.000000
 50
0.438252
  1
1根条做10件
  0
TEXT
  8
1
 10
3646.965332
 20
-8565.751953
 40
10.000000
 50
0.000000
  1
PIECE NAME: C2490682.后领口耳仔
  0
TEXT
  8
1
 10
3646.965332
 20
-8550.751953
 40
10.000000
 50
0.000000
  1
Size: 38
  0
TEXT
  8
1
 10
3646.965332
 20
-8535.751953
 40
10.000000
 50
0.000000
  1
ANNOTATION: 面A X1
  0
TEXT
  8
1
 10
3646.965332
 20
-8520.751953
 40
10.000000
 50
0.000000
  1
QUANTITY: 1
  0
TEXT
  8
1
 10
3646.965332
 20
-8505.751953
 40
10.000000
 50
0.000000
  1
FABRIC: 面A
  0
TEXT
  8
1
 10
3646.965332
 20
-8490.751953
 40
10.000000
 50
0.000000
  1
CATEGORY: 后领口耳仔
0
ENDBLK
0
BLOCK
  8
1
  2
C2490682.前幅_面A_38
 70
0
 10
0.0
 20
0.0
  0
POLYLINE
  8
1
  66
1
  70
1
  0
VERTEX
  8
1
  10
4012.631515
  20
-9437.736350
  0
VERTEX
  8
1
  10
4012.629360
  20
-9437.705646
  0
VERTEX
  8
1
  10
4011.738813
  20
-9417.677716
  0
VERTEX
  8
1
  10
4011.506408
  20
-9397.631345
  0
VERTEX
  8
1
  10
4011.745198
  20
-9380.620247
  0
VERTEX
  8
1
  10
4012.410903
  20
-9365.317492
  0
VERTEX
  8
1
  10
4013.623842
  20
-9347.812127
  0
VERTEX
  8
1
  10
4015.754140
  20
-9323.922399
  0
VERTEX
  8
1
  10
4016.579260
  20
-9316.042380
  0
VERTEX
  8
1
  10
4016.584567
  20
-9315.991699
  0
VERTEX
  8
1
  10
4018.408100
  20
-9298.576709
  0
VERTEX
  8
1
  10
4023.131772
  20
-9258.414570
  0
VERTEX
  8
1
  10
4024.207826
  20
-9245.883229
  0
VERTEX
  8
1
  10
4024.884697
  20
-9233.133633
  0
VERTEX
  8
1
  10
4025.266105
  20
-9218.126712
  0
VERTEX
  8
1
  10
4024.185310
  20
-9207.440862
  0
VERTEX
  8
1
  10
4022.960117
  20
-9199.546495
  0
VERTEX
  8
1
  10
4021.192498
  20
-9190.868748
  0
VERTEX
  8
1
  10
4019.077985
  20
-9182.312336
  0
VERTEX
  8
1
  10
4019.060402
  20
-9182.241187
  0
VERTEX
  8
1
  10
4018.758607
  20
-9181.019968
  0
VERTEX
  8
1
  10
4015.170625
  20
-9168.384323
  0
VERTEX
  8
1
  10
4010.109419
  20
-9152.264911
  0
VERTEX
  8
1
  10
4008.385296
  20
-9147.135111
  0
VERTEX
  8
1
  10
4002.437729
  20
-9129.439254
  0
VERTEX
  8
1
  10
3991.751411
  20
-9098.804613
  0
VERTEX
  8
1
  10
3994.424518
  20
-9092.159664
  0
VERTEX
  8
1
  10
3997.306383
  20
-9085.364102
  0
VERTEX
  8
1
  10
3999.596288
  20
-9078.740969
  0
VERTEX
  8
1
  10
4000.859062
  20
-9074.035253
  0
VERTEX
  8
1
  10
4001.138929
  20
-9072.540029
  0
VERTEX
  8
1
  10
4001.842489
  20
-9068.781160
  0
VERTEX
  8
1
  10
4002.479984
  20
-9063.255030
  0
VERTEX
  8
1
  10
4002.768855
  20
-9057.143574
  0
VERTEX
  8
1
  10
4002.736993
  20
-9055.095126
  0
VERTEX
  8
1
  10
4002.668584
  20
-9050.696896
  0
VERTEX
  8
1
  10
4002.155784
  20
-9043.700684
  0
VERTEX
  8
1
  10
4001.203606
  20
-9036.274815
  0
VERTEX
  8
1
  10
3999.807824
  20
-9028.612174
  0
VERTEX
  8
1
  10
3997.965855
  20
-9020.776558
  0
VERTEX
  8
1
  10
3995.670636
  20
-9012.763095
  0
VERTEX
  8
1
  10
3993.481946
  20
-9006.248438
  0
VERTEX
  8
1
  10
3992.840836
  20
-9004.340170
  0
VERTEX
  8
1
  10
3989.406416
  20
-8995.415030
  0
VERTEX
  8
1
  10
3985.644069
  20
-8986.751187
  0
VERTEX
  8
1
  10
3981.512339
  20
-8978.251113
  0
VERTEX
  8
1
  10
3977.137827
  20
-8970.158296
  0
VERTEX
  8
1
  10
3972.419783
  20
-8962.271703
  0
VERTEX
  8
1
  10
3967.463192
  20
-8954.759518
  0
VERTEX
  8
1
  10
3962.211672
  20
-8947.525294
  0
VERTEX
  8
1
  10
3956.404663
  20
-8940.233423
  0
VERTEX
  8
1
  10
3949.138242
  20
-8931.724862
  0
VERTEX
  8
1
  10
3942.856973
  20
-8924.247277
  0
VERTEX
  8
1
  10
3949.865933
  20
-8918.255173
  0
VERTEX
  8
1
  10
3961.991378
  20
-8907.791245
  0
VERTEX
  8
1
  10
3973.460580
  20
-8898.419294
  0
VERTEX
  8
1
  10
3984.676258
  20
-8889.834169
  0
VERTEX
  8
1
  10
3996.017290
  20
-8881.702880
  0
VERTEX
  8
1
  10
4001.644906
  20
-8877.917921
  0
VERTEX
  8
1
  10
4007.718304
  20
-8873.833143
  0
VERTEX
  8
1
  10
4020.457264
  20
-8865.805680
  0
VERTEX
  8
1
  10
4030.443328
  20
-8859.986529
  0
VERTEX
  8
1
  10
4040.507967
  20
-8854.629961
  0
VERTEX
  8
1
  10
4041.404331
  20
-8854.191800
  0
VERTEX
  8
1
  10
4052.461692
  20
-8848.786734
  0
VERTEX
  8
1
  10
4086.511879
  20
-8832.811654
  0
VERTEX
  8
1
  10
4117.348246
  20
-8818.171193
  0
VERTEX
  8
1
  10
4133.180542
  20
-8810.668481
  0
VERTEX
  8
1
  10
4135.517840
  20
-8821.372250
  0
VERTEX
  8
1
  10
4137.744682
  20
-8832.125803
  0
VERTEX
  8
1
  10
4137.771630
  20
-8832.233674
  0
VERTEX
  8
1
  10
4140.102057
  20
-8841.562201
  0
VERTEX
  8
1
  10
4142.542368
  20
-8849.827391
  0
VERTEX
  8
1
  10
4142.640056
  20
-8850.158256
  0
VERTEX
  8
1
  10
4145.289434
  20
-8857.825583
  0
VERTEX
  8
1
  10
4148.087041
  20
-8864.752144
  0
VERTEX
  8
1
  10
4149.611868
  20
-8868.010629
  0
VERTEX
  8
1
  10
4151.098766
  20
-8871.188061
  0
VERTEX
  8
1
  10
4154.319082
  20
-8877.184106
  0
VERTEX
  8
1
  10
4157.774323
  20
-8882.818468
  0
VERTEX
  8
1
  10
4157.968840
  20
-8883.096734
  0
VERTEX
  8
1
  10
4161.450659
  20
-8888.077667
  0
VERTEX
  8
1
  10
4162.739687
  20
-8889.698144
  0
VERTEX
  8
1
  10
4165.230599
  20
-8892.829546
  0
VERTEX
  8
1
  10
4169.177584
  20
-8897.190987
  0
VERTEX
  8
1
  10
4169.420249
  20
-8897.459133
  0
VERTEX
  8
1
  10
4173.271364
  20
-8901.156444
  0
VERTEX
  8
1
  10
4177.602113
  20
-8904.816327
  0
VERTEX
  8
1
  10
4182.087821
  20
-8908.116050
  0
VERTEX
  8
1
  10
4182.488081
  20
-8908.371218
  0
VERTEX
  8
1
  10
4186.926707
  20
-8911.200876
  0
VERTEX
  8
1
  10
4191.955474
  20
-8913.948369
  0
VERTEX
  8
1
  10
4197.034195
  20
-8916.294397
  0
VERTEX
  8
1
  10
4197.162199
  20
-8916.343328
  0
VERTEX
  8
1
  10
4202.295100
  20
-8918.305420
  0
VERTEX
  8
1
  10
4208.117339
  20
-8920.112002
  0
VERTEX
  8
1
  10
4213.226379
  20
-8921.371311
  0
VERTEX
  8
1
  10
4214.669286
  20
-8921.726968
  0
VERTEX
  8
1
  10
4221.716586
  20
-8923.057626
  0
VERTEX
  8
1
  10
4229.185104
  20
-8924.071129
  0
VERTEX
  8
1
  10
4231.142869
  20
-8924.235419
  0
VERTEX
  8
1
  10
4236.628766
  20
-8924.695780
  0
VERTEX
  8
1
  10
4239.382935
  20
-8924.801487
  0
VERTEX
  8
1
  10
4239.382935
  20
-8924.801487
  0
VERTEX
  8
1
  10
4242.137103
  20
-8924.695780
  0
VERTEX
  8
1
  10
4247.623000
  20
-8924.235419
  0
VERTEX
  8
1
  10
4249.580765
  20
-8924.071129
  0
VERTEX
  8
1
  10
4257.049283
  20
-8923.057626
  0
VERTEX
  8
1
  10
4264.096583
  20
-8921.726968
  0
VERTEX
  8
1
  10
4265.539491
  20
-8921.371311
  0
VERTEX
  8
1
  10
4270.648531
  20
-8920.112002
  0
VERTEX
  8
1
  10
4276.470769
  20
-8918.305420
  0
VERTEX
  8
1
  10
4281.603670
  20
-8916.343328
  0
VERTEX
  8
1
  10
4281.731675
  20
-8916.294397
  0
VERTEX
  8
1
  10
4286.810395
  20
-8913.948369
  0
VERTEX
  8
1
  10
4291.839162
  20
-8911.200876
  0
VERTEX
  8
1
  10
4296.277788
  20
-8908.371218
  0
VERTEX
  8
1
  10
4296.678048
  20
-8908.116050
  0
VERTEX
  8
1
  10
4301.163756
  20
-8904.816327
  0
VERTEX
  8
1
  10
4305.494505
  20
-8901.156444
  0
VERTEX
  8
1
  10
4309.345621
  20
-8897.459133
  0
VERTEX
  8
1
  10
4309.588285
  20
-8897.190987
  0
VERTEX
  8
1
  10
4313.535270
  20
-8892.829546
  0
VERTEX
  8
1
  10
4316.026182
  20
-8889.698144
  0
VERTEX
  8
1
  10
4317.315210
  20
-8888.077667
  0
VERTEX
  8
1
  10
4320.797029
  20
-8883.096734
  0
VERTEX
  8
1
  10
4320.991546
  20
-8882.818468
  0
VERTEX
  8
1
  10
4324.446787
  20
-8877.184106
  0
VERTEX
  8
1
  10
4327.667104
  20
-8871.188061
  0
VERTEX
  8
1
  10
4329.154001
  20
-8868.010629
  0
VERTEX
  8
1
  10
4330.678828
  20
-8864.752144
  0
VERTEX
  8
1
  10
4333.476435
  20
-8857.825583
  0
VERTEX
  8
1
  10
4336.125813
  20
-8850.158256
  0
VERTEX
  8
1
  10
4336.223501
  20
-8849.827391
  0
VERTEX
  8
1
  10
4338.663812
  20
-8841.562201
  0
VERTEX
  8
1
  10
4340.994239
  20
-8832.233674
  0
VERTEX
  8
1
  10
4341.021187
  20
-8832.125803
  0
VERTEX
  8
1
  10
4343.248029
  20
-8821.372250
  0
VERTEX
  8
1
  10
4345.585327
  20
-8810.668481
  0
VERTEX
  8
1
  10
4361.417623
  20
-8818.171193
  0
VERTEX
  8
1
  10
4392.253990
  20
-8832.811654
  0
VERTEX
  8
1
  10
4426.304177
  20
-8848.786734
  0
VERTEX
  8
1
  10
4437.361538
  20
-8854.191800
  0
VERTEX
  8
1
  10
4438.257902
  20
-8854.629961
  0
VERTEX
  8
1
  10
4448.322541
  20
-8859.986529
  0
VERTEX
  8
1
  10
4458.308605
  20
-8865.805680
  0
VERTEX
  8
1
  10
4471.047565
  20
-8873.833143
  0
VERTEX
  8
1
  10
4482.748579
  20
-8881.702880
  0
VERTEX
  8
1
  10
4494.089611
  20
-8889.834169
  0
VERTEX
  8
1
  10
4505.305289
  20
-8898.419294
  0
VERTEX
  8
1
  10
4516.774491
  20
-8907.791245
  0
VERTEX
  8
1
  10
4528.899936
  20
-8918.255173
  0
VERTEX
  8
1
  10
4535.908896
  20
-8924.247277
  0
VERTEX
  8
1
  10
4529.627627
  20
-8931.724862
  0
VERTEX
  8
1
  10
4522.361206
  20
-8940.233423
  0
VERTEX
  8
1
  10
4516.554197
  20
-8947.525294
  0
VERTEX
  8
1
  10
4511.302677
  20
-8954.759518
  0
VERTEX
  8
1
  10
4506.346086
  20
-8962.271703
  0
VERTEX
  8
1
  10
4501.628042
  20
-8970.158296
  0
VERTEX
  8
1
  10
4497.253530
  20
-8978.251113
  0
VERTEX
  8
1
  10
4493.121800
  20
-8986.751187
  0
VERTEX
  8
1
  10
4489.359453
  20
-8995.415030
  0
VERTEX
  8
1
  10
4485.925033
  20
-9004.340170
  0
VERTEX
  8
1
  10
4485.283923
  20
-9006.248438
  0
VERTEX
  8
1
  10
4483.095233
  20
-9012.763095
  0
VERTEX
  8
1
  10
4480.800014
  20
-9020.776558
  0
VERTEX
  8
1
  10
4478.958045
  20
-9028.612174
  0
VERTEX
  8
1
  10
4477.562264
  20
-9036.274815
  0
VERTEX
  8
1
  10
4476.610085
  20
-9043.700684
  0
VERTEX
  8
1
  10
4476.097285
  20
-9050.696896
  0
VERTEX
  8
1
  10
4476.028876
  20
-9055.095126
  0
VERTEX
  8
1
  10
4475.997014
  20
-9057.143574
  0
VERTEX
  8
1
  10
4476.285885
  20
-9063.255030
  0
VERTEX
  8
1
  10
4476.923380
  20
-9068.781160
  0
VERTEX
  8
1
  10
4477.626941
  20
-9072.540029
  0
VERTEX
  8
1
  10
4477.906807
  20
-9074.035253
  0
VERTEX
  8
1
  10
4479.169581
  20
-9078.740969
  0
VERTEX
  8
1
  10
4481.459486
  20
-9085.364102
  0
VERTEX
  8
1
  10
4484.341351
  20
-9092.159664
  0
VERTEX
  8
1
  10
4487.014458
  20
-9098.804613
  0
VERTEX
  8
1
  10
4476.328140
  20
-9129.439254
  0
VERTEX
  8
1
  10
4470.380573
  20
-9147.135111
  0
VERTEX
  8
1
  10
4468.656450
  20
-9152.264911
  0
VERTEX
  8
1
  10
4463.595244
  20
-9168.384323
  0
VERTEX
  8
1
  10
4460.007262
  20
-9181.019968
  0
VERTEX
  8
1
  10
4459.705467
  20
-9182.241187
  0
VERTEX
  8
1
  10
4459.687884
  20
-9182.312337
  0
VERTEX
  8
1
  10
4457.573371
  20
-9190.868748
  0
VERTEX
  8
1
  10
4455.805752
  20
-9199.546495
  0
VERTEX
  8
1
  10
4454.580560
  20
-9207.440862
  0
VERTEX
  8
1
  10
4453.499764
  20
-9218.126712
  0
VERTEX
  8
1
  10
4453.881172
  20
-9233.133633
  0
VERTEX
  8
1
  10
4454.558043
  20
-9245.883229
  0
VERTEX
  8
1
  10
4455.634097
  20
-9258.414570
  0
VERTEX
  8
1
  10
4460.357770
  20
-9298.576709
  0
VERTEX
  8
1
  10
4462.181302
  20
-9315.991699
  0
VERTEX
  8
1
  10
4462.186609
  20
-9316.042380
  0
VERTEX
  8
1
  10
4463.011729
  20
-9323.922399
  0
VERTEX
  8
1
  10
4465.142027
  20
-9347.812127
  0
VERTEX
  8
1
  10
4466.354966
  20
-9365.317492
  0
VERTEX
  8
1
  10
4467.020672
  20
-9380.620247
  0
VERTEX
  8
1
  10
4467.259461
  20
-9397.631345
  0
VERTEX
  8
1
  10
4467.027056
  20
-9417.677716
  0
VERTEX
  8
1
  10
4466.136509
  20
-9437.705646
  0
VERTEX
  8
1
  10
4466.134354
  20
-9437.736350
  0
VERTEX
  8
1
  10
4431.970479
  20
-9436.478265
  0
VERTEX
  8
1
  10
4390.274310
  20
-9435.226035
  0
VERTEX
  8
1
  10
4349.647777
  20
-9434.400324
  0
VERTEX
  8
1
  10
4344.348713
  20
-9434.292623
  0
VERTEX
  8
1
  10
4338.288692
  20
-9434.220807
  0
VERTEX
  8
1
  10
4293.081116
  20
-9433.685060
  0
VERTEX
  8
1
  10
4276.389295
  20
-9433.595848
  0
VERTEX
  8
1
  10
4239.382935
  20
-9433.398062
  0
VERTEX
  8
1
  10
4202.376574
  20
-9433.595848
  0
VERTEX
  8
1
  10
4185.684753
  20
-9433.685060
  0
VERTEX
  8
1
  10
4140.477178
  20
-9434.220807
  0
VERTEX
  8
1
  10
4134.417157
  20
-9434.292623
  0
VERTEX
  8
1
  10
4129.118092
  20
-9434.400324
  0
VERTEX
  8
1
  10
4088.491559
  20
-9435.226035
  0
VERTEX
  8
1
  10
4046.795391
  20
-9436.478265
  0
VERTEX
  8
1
  10
4012.631515
  20
-9437.736350
  0
SEQEND
  8
1
  0
POINT
  8
2
 10
4012.631515
 20
-9437.736350
  0
TEXT
  8
2
 10
4012.631515
 20
-9437.736350
 40
0.000000
 50
0.000000
  1
# 329
  0
POINT
  8
2
 10
4011.738813
 20
-9417.677716
  0
TEXT
  8
2
 10
4011.738813
 20
-9417.677716
 40
0.000000
 50
0.000000
  1
# 330
  0
POINT
  8
2
 10
4025.266105
 20
-9218.126712
  0
TEXT
  8
2
 10
4025.266105
 20
-9218.126712
 40
0.000000
 50
0.000000
  1
# 331
  0
POINT
  8
2
 10
3991.751411
 20
-9098.804613
  0
TEXT
  8
2
 10
3991.751411
 20
-9098.804613
 40
0.000000
 50
0.000000
  1
# 332
  0
POINT
  8
2
 10
3942.856973
 20
-8924.247277
  0
TEXT
  8
2
 10
3942.856973
 20
-8924.247277
 40
0.000000
 50
0.000000
  1
# 333
  0
POINT
  8
2
 10
4133.180542
 20
-8810.668481
  0
TEXT
  8
2
 10
4133.180542
 20
-8810.668481
 40
0.000000
 50
0.000000
  1
# 334
  0
POINT
  8
2
 10
4239.382935
 20
-8924.801487
  0
TEXT
  8
2
 10
4239.382935
 20
-8924.801487
 40
0.000000
 50
0.000000
  1
# 335
  0
POINT
  8
2
 10
4345.585327
 20
-8810.668481
  0
TEXT
  8
2
 10
4345.585327
 20
-8810.668481
 40
0.000000
 50
0.000000
  1
# 336
  0
POINT
  8
2
 10
4535.908896
 20
-8924.247277
  0
TEXT
  8
2
 10
4535.908896
 20
-8924.247277
 40
0.000000
 50
0.000000
  1
# 337
  0
POINT
  8
2
 10
4487.014458
 20
-9098.804613
  0
TEXT
  8
2
 10
4487.014458
 20
-9098.804613
 40
0.000000
 50
0.000000
  1
# 338
  0
POINT
  8
2
 10
4453.499764
 20
-9218.126712
  0
TEXT
  8
2
 10
4453.499764
 20
-9218.126712
 40
0.000000
 50
0.000000
  1
# 339
  0
POINT
  8
2
 10
4467.027056
 20
-9417.677716
  0
TEXT
  8
2
 10
4467.027056
 20
-9417.677716
 40
0.000000
 50
0.000000
  1
# 340
  0
POINT
  8
2
 10
4466.134354
 20
-9437.736350
  0
TEXT
  8
2
 10
4466.134354
 20
-9437.736350
 40
0.000000
 50
0.000000
  1
# 341
  0
POINT
  8
2
 10
4239.382935
 20
-9433.398062
  0
TEXT
  8
2
 10
4239.382935
 20
-9433.398062
 40
0.000000
 50
0.000000
  1
# 342
  0
POINT
  8
2
 10
4012.631515
 20
-9437.736350
  0
TEXT
  8
2
 10
4012.631515
 20
-9437.736350
 40
0.000000
 50
0.000000
  1
# 343
  0
POINT
  8
3
 10
4012.629360
 20
-9437.705646
  0
POINT
  8
3
 10
4011.506408
 20
-9397.631345
  0
POINT
  8
3
 10
4011.745198
 20
-9380.620247
  0
POINT
  8
3
 10
4012.410903
 20
-9365.317492
  0
POINT
  8
3
 10
4013.623842
 20
-9347.812127
  0
POINT
  8
3
 10
4015.754140
 20
-9323.922399
  0
POINT
  8
3
 10
4016.579260
 20
-9316.042380
  0
POINT
  8
3
 10
4016.584567
 20
-9315.991699
  0
POINT
  8
3
 10
4018.408100
 20
-9298.576709
  0
POINT
  8
3
 10
4023.131772
 20
-9258.414570
  0
POINT
  8
3
 10
4024.207826
 20
-9245.883229
  0
POINT
  8
3
 10
4024.884697
 20
-9233.133633
  0
POINT
  8
3
 10
4024.185310
 20
-9207.440862
  0
POINT
  8
3
 10
4022.960117
 20
-9199.546495
  0
POINT
  8
3
 10
4021.192498
 20
-9190.868748
  0
POINT
  8
3
 10
4019.077985
 20
-9182.312336
  0
POINT
  8
3
 10
4019.060402
 20
-9182.241187
  0
POINT
  8
3
 10
4018.758607
 20
-9181.019968
  0
POINT
  8
3
 10
4015.170625
 20
-9168.384323
  0
POINT
  8
3
 10
4010.109419
 20
-9152.264911
  0
POINT
  8
3
 10
4008.385296
 20
-9147.135111
  0
POINT
  8
3
 10
4002.437729
 20
-9129.439254
  0
POINT
  8
3
 10
3994.424518
 20
-9092.159664
  0
POINT
  8
3
 10
3997.306383
 20
-9085.364102
  0
POINT
  8
3
 10
3999.596288
 20
-9078.740969
  0
POINT
  8
3
 10
4000.859062
 20
-9074.035253
  0
POINT
  8
3
 10
4001.138929
 20
-9072.540029
  0
POINT
  8
3
 10
4001.842489
 20
-9068.781160
  0
POINT
  8
3
 10
4002.479984
 20
-9063.255030
  0
POINT
  8
3
 10
4002.768855
 20
-9057.143574
  0
POINT
  8
3
 10
4002.736993
 20
-9055.095126
  0
POINT
  8
3
 10
4002.668584
 20
-9050.696896
  0
POINT
  8
3
 10
4002.155784
 20
-9043.700684
  0
POINT
  8
3
 10
4001.203606
 20
-9036.274815
  0
POINT
  8
3
 10
3999.807824
 20
-9028.612174
  0
POINT
  8
3
 10
3997.965855
 20
-9020.776558
  0
POINT
  8
3
 10
3995.670636
 20
-9012.763095
  0
POINT
  8
3
 10
3993.481946
 20
-9006.248438
  0
POINT
  8
3
 10
3992.840836
 20
-9004.340170
  0
POINT
  8
3
 10
3989.406416
 20
-8995.415030
  0
POINT
  8
3
 10
3985.644069
 20
-8986.751187
  0
POINT
  8
3
 10
3981.512339
 20
-8978.251113
  0
POINT
  8
3
 10
3977.137827
 20
-8970.158296
  0
POINT
  8
3
 10
3972.419783
 20
-8962.271703
  0
POINT
  8
3
 10
3967.463192
 20
-8954.759518
  0
POINT
  8
3
 10
3962.211672
 20
-8947.525294
  0
POINT
  8
3
 10
3956.404663
 20
-8940.233423
  0
POINT
  8
3
 10
3949.138242
 20
-8931.724862
  0
POINT
  8
3
 10
3949.865933
 20
-8918.255173
  0
POINT
  8
3
 10
3961.991378
 20
-8907.791245
  0
POINT
  8
3
 10
3973.460580
 20
-8898.419294
  0
POINT
  8
3
 10
3984.676258
 20
-8889.834169
  0
POINT
  8
3
 10
3996.017290
 20
-8881.702880
  0
POINT
  8
3
 10
4001.644906
 20
-8877.917921
  0
POINT
  8
3
 10
4007.718304
 20
-8873.833143
  0
POINT
  8
3
 10
4020.457264
 20
-8865.805680
  0
POINT
  8
3
 10
4030.443328
 20
-8859.986529
  0
POINT
  8
3
 10
4040.507967
 20
-8854.629961
  0
POINT
  8
3
 10
4041.404331
 20
-8854.191800
  0
POINT
  8
3
 10
4052.461692
 20
-8848.786734
  0
POINT
  8
3
 10
4086.511879
 20
-8832.811654
  0
POINT
  8
3
 10
4117.348246
 20
-8818.171193
  0
POINT
  8
3
 10
4135.517840
 20
-8821.372250
  0
POINT
  8
3
 10
4137.744682
 20
-8832.125803
  0
POINT
  8
3
 10
4137.771630
 20
-8832.233674
  0
POINT
  8
3
 10
4140.102057
 20
-8841.562201
  0
POINT
  8
3
 10
4142.542368
 20
-8849.827391
  0
POINT
  8
3
 10
4142.640056
 20
-8850.158256
  0
POINT
  8
3
 10
4145.289434
 20
-8857.825583
  0
POINT
  8
3
 10
4148.087041
 20
-8864.752144
  0
POINT
  8
3
 10
4149.611868
 20
-8868.010629
  0
POINT
  8
3
 10
4151.098766
 20
-8871.188061
  0
POINT
  8
3
 10
4154.319082
 20
-8877.184106
  0
POINT
  8
3
 10
4157.774323
 20
-8882.818468
  0
POINT
  8
3
 10
4157.968840
 20
-8883.096734
  0
POINT
  8
3
 10
4161.450659
 20
-8888.077667
  0
POINT
  8
3
 10
4162.739687
 20
-8889.698144
  0
POINT
  8
3
 10
4165.230599
 20
-8892.829546
  0
POINT
  8
3
 10
4169.177584
 20
-8897.190987
  0
POINT
  8
3
 10
4169.420249
 20
-8897.459133
  0
POINT
  8
3
 10
4173.271364
 20
-8901.156444
  0
POINT
  8
3
 10
4177.602113
 20
-8904.816327
  0
POINT
  8
3
 10
4182.087821
 20
-8908.116050
  0
POINT
  8
3
 10
4182.488081
 20
-8908.371218
  0
POINT
  8
3
 10
4186.926707
 20
-8911.200876
  0
POINT
  8
3
 10
4191.955474
 20
-8913.948369
  0
POINT
  8
3
 10
4197.034195
 20
-8916.294397
  0
POINT
  8
3
 10
4197.162199
 20
-8916.343328
  0
POINT
  8
3
 10
4202.295100
 20
-8918.305420
  0
POINT
  8
3
 10
4208.117339
 20
-8920.112002
  0
POINT
  8
3
 10
4213.226379
 20
-8921.371311
  0
POINT
  8
3
 10
4214.669286
 20
-8921.726968
  0
POINT
  8
3
 10
4221.716586
 20
-8923.057626
  0
POINT
  8
3
 10
4229.185104
 20
-8924.071129
  0
POINT
  8
3
 10
4231.142869
 20
-8924.235419
  0
POINT
  8
3
 10
4236.628766
 20
-8924.695780
  0
POINT
  8
3
 10
4239.382935
 20
-8924.801487
  0
POINT
  8
3
 10
4242.137103
 20
-8924.695780
  0
POINT
  8
3
 10
4247.623000
 20
-8924.235419
  0
POINT
  8
3
 10
4249.580765
 20
-8924.071129
  0
POINT
  8
3
 10
4257.049283
 20
-8923.057626
  0
POINT
  8
3
 10
4264.096583
 20
-8921.726968
  0
POINT
  8
3
 10
4265.539491
 20
-8921.371311
  0
POINT
  8
3
 10
4270.648531
 20
-8920.112002
  0
POINT
  8
3
 10
4276.470769
 20
-8918.305420
  0
POINT
  8
3
 10
4281.603670
 20
-8916.343328
  0
POINT
  8
3
 10
4281.731675
 20
-8916.294397
  0
POINT
  8
3
 10
4286.810395
 20
-8913.948369
  0
POINT
  8
3
 10
4291.839162
 20
-8911.200876
  0
POINT
  8
3
 10
4296.277788
 20
-8908.371218
  0
POINT
  8
3
 10
4296.678048
 20
-8908.116050
  0
POINT
  8
3
 10
4301.163756
 20
-8904.816327
  0
POINT
  8
3
 10
4305.494505
 20
-8901.156444
  0
POINT
  8
3
 10
4309.345621
 20
-8897.459133
  0
POINT
  8
3
 10
4309.588285
 20
-8897.190987
  0
POINT
  8
3
 10
4313.535270
 20
-8892.829546
  0
POINT
  8
3
 10
4316.026182
 20
-8889.698144
  0
POINT
  8
3
 10
4317.315210
 20
-8888.077667
  0
POINT
  8
3
 10
4320.797029
 20
-8883.096734
  0
POINT
  8
3
 10
4320.991546
 20
-8882.818468
  0
POINT
  8
3
 10
4324.446787
 20
-8877.184106
  0
POINT
  8
3
 10
4327.667104
 20
-8871.188061
  0
POINT
  8
3
 10
4329.154001
 20
-8868.010629
  0
POINT
  8
3
 10
4330.678828
 20
-8864.752144
  0
POINT
  8
3
 10
4333.476435
 20
-8857.825583
  0
POINT
  8
3
 10
4336.125813
 20
-8850.158256
  0
POINT
  8
3
 10
4336.223501
 20
-8849.827391
  0
POINT
  8
3
 10
4338.663812
 20
-8841.562201
  0
POINT
  8
3
 10
4340.994239
 20
-8832.233674
  0
POINT
  8
3
 10
4341.021187
 20
-8832.125803
  0
POINT
  8
3
 10
4343.248029
 20
-8821.372250
  0
POINT
  8
3
 10
4361.417623
 20
-8818.171193
  0
POINT
  8
3
 10
4392.253990
 20
-8832.811654
  0
POINT
  8
3
 10
4426.304177
 20
-8848.786734
  0
POINT
  8
3
 10
4437.361538
 20
-8854.191800
  0
POINT
  8
3
 10
4438.257902
 20
-8854.629961
  0
POINT
  8
3
 10
4448.322541
 20
-8859.986529
  0
POINT
  8
3
 10
4458.308605
 20
-8865.805680
  0
POINT
  8
3
 10
4471.047565
 20
-8873.833143
  0
POINT
  8
3
 10
4482.748579
 20
-8881.702880
  0
POINT
  8
3
 10
4494.089611
 20
-8889.834169
  0
POINT
  8
3
 10
4505.305289
 20
-8898.419294
  0
POINT
  8
3
 10
4516.774491
 20
-8907.791245
  0
POINT
  8
3
 10
4528.899936
 20
-8918.255173
  0
POINT
  8
3
 10
4529.627627
 20
-8931.724862
  0
POINT
  8
3
 10
4522.361206
 20
-8940.233423
  0
POINT
  8
3
 10
4516.554197
 20
-8947.525294
  0
POINT
  8
3
 10
4511.302677
 20
-8954.759518
  0
POINT
  8
3
 10
4506.346086
 20
-8962.271703
  0
POINT
  8
3
 10
4501.628042
 20
-8970.158296
  0
POINT
  8
3
 10
4497.253530
 20
-8978.251113
  0
POINT
  8
3
 10
4493.121800
 20
-8986.751187
  0
POINT
  8
3
 10
4489.359453
 20
-8995.415030
  0
POINT
  8
3
 10
4485.925033
 20
-9004.340170
  0
POINT
  8
3
 10
4485.283923
 20
-9006.248438
  0
POINT
  8
3
 10
4483.095233
 20
-9012.763095
  0
POINT
  8
3
 10
4480.800014
 20
-9020.776558
  0
POINT
  8
3
 10
4478.958045
 20
-9028.612174
  0
POINT
  8
3
 10
4477.562264
 20
-9036.274815
  0
POINT
  8
3
 10
4476.610085
 20
-9043.700684
  0
POINT
  8
3
 10
4476.097285
 20
-9050.696896
  0
POINT
  8
3
 10
4476.028876
 20
-9055.095126
  0
POINT
  8
3
 10
4475.997014
 20
-9057.143574
  0
POINT
  8
3
 10
4476.285885
 20
-9063.255030
  0
POINT
  8
3
 10
4476.923380
 20
-9068.781160
  0
POINT
  8
3
 10
4477.626941
 20
-9072.540029
  0
POINT
  8
3
 10
4477.906807
 20
-9074.035253
  0
POINT
  8
3
 10
4479.169581
 20
-9078.740969
  0
POINT
  8
3
 10
4481.459486
 20
-9085.364102
  0
POINT
  8
3
 10
4484.341351
 20
-9092.159664
  0
POINT
  8
3
 10
4476.328140
 20
-9129.439254
  0
POINT
  8
3
 10
4470.380573
 20
-9147.135111
  0
POINT
  8
3
 10
4468.656450
 20
-9152.264911
  0
POINT
  8
3
 10
4463.595244
 20
-9168.384323
  0
POINT
  8
3
 10
4460.007262
 20
-9181.019968
  0
POINT
  8
3
 10
4459.705467
 20
-9182.241187
  0
POINT
  8
3
 10
4459.687884
 20
-9182.312337
  0
POINT
  8
3
 10
4457.573371
 20
-9190.868748
  0
POINT
  8
3
 10
4455.805752
 20
-9199.546495
  0
POINT
  8
3
 10
4454.580560
 20
-9207.440862
  0
POINT
  8
3
 10
4453.881172
 20
-9233.133633
  0
POINT
  8
3
 10
4454.558043
 20
-9245.883229
  0
POINT
  8
3
 10
4455.634097
 20
-9258.414570
  0
POINT
  8
3
 10
4460.357770
 20
-9298.576709
  0
POINT
  8
3
 10
4462.181302
 20
-9315.991699
  0
POINT
  8
3
 10
4462.186609
 20
-9316.042380
  0
POINT
  8
3
 10
4463.011729
 20
-9323.922399
  0
POINT
  8
3
 10
4465.142027
 20
-9347.812127
  0
POINT
  8
3
 10
4466.354966
 20
-9365.317492
  0
POINT
  8
3
 10
4467.020672
 20
-9380.620247
  0
POINT
  8
3
 10
4467.259461
 20
-9397.631345
  0
POINT
  8
3
 10
4466.136509
 20
-9437.705646
  0
POINT
  8
3
 10
4431.970479
 20
-9436.478265
  0
POINT
  8
3
 10
4390.274310
 20
-9435.226035
  0
POINT
  8
3
 10
4349.647777
 20
-9434.400324
  0
POINT
  8
3
 10
4344.348713
 20
-9434.292623
  0
POINT
  8
3
 10
4338.288692
 20
-9434.220807
  0
POINT
  8
3
 10
4293.081116
 20
-9433.685060
  0
POINT
  8
3
 10
4276.389295
 20
-9433.595848
  0
POINT
  8
3
 10
4202.376574
 20
-9433.595848
  0
POINT
  8
3
 10
4185.684753
 20
-9433.685060
  0
POINT
  8
3
 10
4140.477178
 20
-9434.220807
  0
POINT
  8
3
 10
4134.417157
 20
-9434.292623
  0
POINT
  8
3
 10
4129.118092
 20
-9434.400324
  0
POINT
  8
3
 10
4088.491559
 20
-9435.226035
  0
POINT
  8
3
 10
4046.795391
 20
-9436.478265
  0
POINT
  8
3
 10
4016.579260
 20
-9316.042380
  0
TEXT
  8
3
 10
4016.579260
 20
-9316.042380
 40
0.000000
 50
0.000000
  1
# 344
  0
POINT
  8
3
 10
4019.060402
 20
-9182.241187
  0
TEXT
  8
3
 10
4019.060402
 20
-9182.241187
 40
0.000000
 50
0.000000
  1
# 345
  0
POINT
  8
3
 10
4001.138929
 20
-9072.540029
  0
TEXT
  8
3
 10
4001.138929
 20
-9072.540029
 40
0.000000
 50
0.000000
  1
# 346
  0
POINT
  8
3
 10
4002.736993
 20
-9055.095126
  0
TEXT
  8
3
 10
4002.736993
 20
-9055.095126
 40
0.000000
 50
0.000000
  1
# 347
  0
POINT
  8
3
 10
3993.481946
 20
-9006.248438
  0
TEXT
  8
3
 10
3993.481946
 20
-9006.248438
 40
0.000000
 50
0.000000
  1
# 348
  0
POINT
  8
3
 10
4137.771630
 20
-8832.233674
  0
TEXT
  8
3
 10
4137.771630
 20
-8832.233674
 40
0.000000
 50
0.000000
  1
# 349
  0
POINT
  8
3
 10
4142.542368
 20
-8849.827391
  0
TEXT
  8
3
 10
4142.542368
 20
-8849.827391
 40
0.000000
 50
0.000000
  1
# 350
  0
POINT
  8
3
 10
4149.611868
 20
-8868.010629
  0
TEXT
  8
3
 10
4149.611868
 20
-8868.010629
 40
0.000000
 50
0.000000
  1
# 351
  0
POINT
  8
3
 10
4157.968840
 20
-8883.096734
  0
TEXT
  8
3
 10
4157.968840
 20
-8883.096734
 40
0.000000
 50
0.000000
  1
# 352
  0
POINT
  8
3
 10
4169.420249
 20
-8897.459133
  0
TEXT
  8
3
 10
4169.420249
 20
-8897.459133
 40
0.000000
 50
0.000000
  1
# 353
  0
POINT
  8
3
 10
4182.488081
 20
-8908.371218
  0
TEXT
  8
3
 10
4182.488081
 20
-8908.371218
 40
0.000000
 50
0.000000
  1
# 354
  0
POINT
  8
3
 10
4197.162199
 20
-8916.343328
  0
TEXT
  8
3
 10
4197.162199
 20
-8916.343328
 40
0.000000
 50
0.000000
  1
# 355
  0
POINT
  8
3
 10
4213.226379
 20
-8921.371311
  0
TEXT
  8
3
 10
4213.226379
 20
-8921.371311
 40
0.000000
 50
0.000000
  1
# 356
  0
POINT
  8
3
 10
4231.142869
 20
-8924.235419
  0
TEXT
  8
3
 10
4231.142869
 20
-8924.235419
 40
0.000000
 50
0.000000
  1
# 357
  0
POINT
  8
3
 10
4247.623000
 20
-8924.235419
  0
TEXT
  8
3
 10
4247.623000
 20
-8924.235419
 40
0.000000
 50
0.000000
  1
# 358
  0
POINT
  8
3
 10
4265.539491
 20
-8921.371311
  0
TEXT
  8
3
 10
4265.539491
 20
-8921.371311
 40
0.000000
 50
0.000000
  1
# 359
  0
POINT
  8
3
 10
4281.603670
 20
-8916.343328
  0
TEXT
  8
3
 10
4281.603670
 20
-8916.343328
 40
0.000000
 50
0.000000
  1
# 360
  0
POINT
  8
3
 10
4296.277788
 20
-8908.371218
  0
TEXT
  8
3
 10
4296.277788
 20
-8908.371218
 40
0.000000
 50
0.000000
  1
# 361
  0
POINT
  8
3
 10
4309.345621
 20
-8897.459133
  0
TEXT
  8
3
 10
4309.345621
 20
-8897.459133
 40
0.000000
 50
0.000000
  1
# 362
  0
POINT
  8
3
 10
4320.797029
 20
-8883.096734
  0
TEXT
  8
3
 10
4320.797029
 20
-8883.096734
 40
0.000000
 50
0.000000
  1
# 363
  0
POINT
  8
3
 10
4329.154001
 20
-8868.010629
  0
TEXT
  8
3
 10
4329.154001
 20
-8868.010629
 40
0.000000
 50
0.000000
  1
# 364
  0
POINT
  8
3
 10
4336.223501
 20
-8849.827391
  0
TEXT
  8
3
 10
4336.223501
 20
-8849.827391
 40
0.000000
 50
0.000000
  1
# 365
  0
POINT
  8
3
 10
4340.994239
 20
-8832.233674
  0
TEXT
  8
3
 10
4340.994239
 20
-8832.233674
 40
0.000000
 50
0.000000
  1
# 366
  0
POINT
  8
3
 10
4485.283923
 20
-9006.248438
  0
TEXT
  8
3
 10
4485.283923
 20
-9006.248438
 40
0.000000
 50
0.000000
  1
# 367
  0
POINT
  8
3
 10
4476.028876
 20
-9055.095126
  0
TEXT
  8
3
 10
4476.028876
 20
-9055.095126
 40
0.000000
 50
0.000000
  1
# 368
  0
POINT
  8
3
 10
4477.626941
 20
-9072.540029
  0
TEXT
  8
3
 10
4477.626941
 20
-9072.540029
 40
0.000000
 50
0.000000
  1
# 369
  0
POINT
  8
3
 10
4459.705467
 20
-9182.241187
  0
TEXT
  8
3
 10
4459.705467
 20
-9182.241187
 40
0.000000
 50
0.000000
  1
# 370
  0
POINT
  8
3
 10
4462.186609
 20
-9316.042380
  0
TEXT
  8
3
 10
4462.186609
 20
-9316.042380
 40
0.000000
 50
0.000000
  1
# 371
  0
POINT
  8
3
 10
4349.647777
 20
-9434.400324
  0
TEXT
  8
3
 10
4349.647777
 20
-9434.400324
 40
0.000000
 50
0.000000
  1
# 372
  0
POINT
  8
3
 10
4338.288692
 20
-9434.220807
  0
TEXT
  8
3
 10
4338.288692
 20
-9434.220807
 40
0.000000
 50
0.000000
  1
# 373
  0
POINT
  8
3
 10
4276.389295
 20
-9433.595848
  0
TEXT
  8
3
 10
4276.389295
 20
-9433.595848
 40
0.000000
 50
0.000000
  1
# 374
  0
POINT
  8
3
 10
4202.376574
 20
-9433.595848
  0
TEXT
  8
3
 10
4202.376574
 20
-9433.595848
 40
0.000000
 50
0.000000
  1
# 375
  0
POINT
  8
3
 10
4140.477178
 20
-9434.220807
  0
TEXT
  8
3
 10
4140.477178
 20
-9434.220807
 40
0.000000
 50
0.000000
  1
# 376
  0
POINT
  8
3
 10
4129.118092
 20
-9434.400324
  0
TEXT
  8
3
 10
4129.118092
 20
-9434.400324
 40
0.000000
 50
0.000000
  1
# 377
  0
POINT
  8
4
 10
4016.584567
 20
-9315.991699
 30
0.600000
 50
354.02
  0
TEXT
  8
4
 10
4016.584567
 20
-9315.991699
 40
0.000000
 50
0.000000
  1
# 378
  0
POINT
  8
4
 10
4019.077985
 20
-9182.312336
 30
0.600000
 50
 13.88
  0
TEXT
  8
4
 10
4019.077985
 20
-9182.312336
 40
0.000000
 50
0.000000
  1
# 379
  0
POINT
  8
4
 10
4008.385296
 20
-9147.135111
 30
0.600000
 50
 18.58
  0
TEXT
  8
4
 10
4008.385296
 20
-9147.135111
 40
0.000000
 50
0.000000
  1
# 380
  0
POINT
  8
4
 10
4001.644906
 20
-8877.917921
 30
0.600000
 50
303.92
  0
TEXT
  8
4
 10
4001.644906
 20
-8877.917921
 40
0.000000
 50
0.000000
  1
# 381
  0
POINT
  8
4
 10
4041.404331
 20
-8854.191800
 30
0.600000
 50
294.27
  0
TEXT
  8
4
 10
4041.404331
 20
-8854.191800
 40
0.000000
 50
0.000000
  1
# 382
  0
POINT
  8
4
 10
4162.739687
 20
-8889.698144
 30
0.600000
 50
218.50
  0
TEXT
  8
4
 10
4162.739687
 20
-8889.698144
 40
0.000000
 50
0.000000
  1
# 383
  0
POINT
  8
4
 10
4239.382935
 20
-8924.801487
 30
0.600000
 50
270.00
  0
TEXT
  8
4
 10
4239.382935
 20
-8924.801487
 40
0.000000
 50
0.000000
  1
# 384
  0
POINT
  8
4
 10
4316.026182
 20
-8889.698144
 30
0.600000
 50
321.50
  0
TEXT
  8
4
 10
4316.026182
 20
-8889.698144
 40
0.000000
 50
0.000000
  1
# 385
  0
POINT
  8
4
 10
4437.361538
 20
-8854.191800
 30
0.600000
 50
245.73
  0
TEXT
  8
4
 10
4437.361538
 20
-8854.191800
 40
0.000000
 50
0.000000
  1
# 386
  0
POINT
  8
4
 10
4470.380573
 20
-9147.135111
 30
0.600000
 50
161.42
  0
TEXT
  8
4
 10
4470.380573
 20
-9147.135111
 40
0.000000
 50
0.000000
  1
# 387
  0
POINT
  8
4
 10
4459.687884
 20
-9182.312337
 30
0.600000
 50
166.12
  0
TEXT
  8
4
 10
4459.687884
 20
-9182.312337
 40
0.000000
 50
0.000000
  1
# 388
  0
POINT
  8
4
 10
4462.181302
 20
-9315.991699
 30
0.600000
 50
185.98
  0
TEXT
  8
4
 10
4462.181302
 20
-9315.991699
 40
0.000000
 50
0.000000
  1
# 389
  0
POLYLINE
  8
8
  66
1
  70
1
  0
VERTEX
  8
8
  10
4020.738220
  20
-9417.425537
  0
VERTEX
  8
8
  10
4020.506400
  20
-9397.643436
  0
VERTEX
  8
8
  10
4020.741529
  20
-9380.877197
  0
VERTEX
  8
8
  10
4021.396238
  20
-9365.831054
  0
VERTEX
  8
8
  10
4022.595505
  20
-9348.525758
  0
VERTEX
  8
8
  10
4024.712091
  20
-9324.791367
  0
VERTEX
  8
8
  10
4025.485344
  20
-9316.974940
  0
VERTEX
  8
8
  10
4025.493774
  20
-9316.893311
  0
VERTEX
  8
8
  10
4027.349728
  20
-9299.600077
  0
VERTEX
  8
8
  10
4032.086410
  20
-9259.317033
  0
VERTEX
  8
8
  10
4033.186281
  20
-9246.505605
  0
VERTEX
  8
8
  10
4033.878181
  20
-9233.476033
  0
VERTEX
  8
8
  10
4034.277649
  20
-9217.786865
  0
VERTEX
  8
8
  10
4033.109917
  20
-9206.278376
  0
VERTEX
  8
8
  10
4031.818070
  20
-9197.953807
  0
VERTEX
  8
8
  10
4029.971866
  20
-9188.888171
  0
VERTEX
  8
8
  10
4027.818385
  20
-9180.076861
  0
VERTEX
  8
8
  10
4027.804260
  20
-9180.023193
  0
VERTEX
  8
8
  10
4027.455267
  20
-9178.703049
  0
VERTEX
  8
8
  10
4023.792304
  20
-9165.802339
  0
VERTEX
  8
8
  10
4018.666984
  20
-9149.477784
  0
VERTEX
  8
8
  10
4016.951599
  20
-9144.255981
  0
VERTEX
  8
8
  10
4010.948405
  20
-9126.512070
  0
VERTEX
  8
8
  10
3999.824524
  20
-9094.622803
  0
VERTEX
  8
8
  10
4002.905037
  20
-9087.521665
  0
VERTEX
  8
8
  10
4005.327146
  20
-9080.517839
  0
VERTEX
  8
8
  10
4006.711748
  20
-9075.356645
  0
VERTEX
  8
8
  10
4007.075626
  20
-9073.651222
  0
VERTEX
  8
8
  10
4007.775134
  20
-9069.677667
  0
VERTEX
  8
8
  10
4008.460362
  20
-9063.739879
  0
VERTEX
  8
8
  10
4008.768162
  20
-9057.234770
  0
VERTEX
  8
8
  10
4008.778908
  20
-9055.001151
  0
VERTEX
  8
8
  10
4008.662574
  20
-9050.428408
  0
VERTEX
  8
8
  10
4008.125606
  20
-9043.099659
  0
VERTEX
  8
8
  10
4007.132621
  20
-9035.354610
  0
VERTEX
  8
8
  10
4005.681269
  20
-9027.386349
  0
VERTEX
  8
8
  10
4003.771373
  20
-9019.261312
  0
VERTEX
  8
8
  10
4001.399558
  20
-9010.979991
  0
VERTEX
  8
8
  10
3999.201914
  20
-9004.326735
  0
VERTEX
  8
8
  10
3998.486043
  20
-9002.307524
  0
VERTEX
  8
8
  10
3994.959055
  20
-8993.141661
  0
VERTEX
  8
8
  10
3991.095545
  20
-8984.244912
  0
VERTEX
  8
8
  10
3986.850506
  20
-8975.511774
  0
VERTEX
  8
8
  10
3982.353172
  20
-8967.191787
  0
VERTEX
  8
8
  10
3977.499295
  20
-8959.078184
  0
VERTEX
  8
8
  10
3972.396922
  20
-8951.345090
  0
VERTEX
  8
8
  10
3966.985763
  20
-8943.891005
  0
VERTEX
  8
8
  10
3961.021753
  20
-8936.401649
  0
VERTEX
  8
8
  10
3953.195496
  20
-8927.297974
  0
VERTEX
  8
8
  10
3967.781152
  20
-8914.681710
  0
VERTEX
  8
8
  10
3979.044626
  20
-8905.477510
  0
VERTEX
  8
8
  10
3990.032567
  20
-8897.066731
  0
VERTEX
  8
8
  10
4001.149793
  20
-8889.095945
  0
VERTEX
  8
8
  10
4006.638794
  20
-8885.343018
  0
VERTEX
  8
8
  10
4012.632488
  20
-8881.373089
  0
VERTEX
  8
8
  10
4025.125206
  20
-8873.500504
  0
VERTEX
  8
8
  10
4034.821654
  20
-8867.849751
  0
VERTEX
  8
8
  10
4044.593639
  20
-8862.649143
  0
VERTEX
  8
8
  10
4045.216980
  20
-8862.332153
  0
VERTEX
  8
8
  10
4056.308299
  20
-8856.923294
  0
VERTEX
  8
8
  10
4090.386207
  20
-8840.935050
  0
VERTEX
  8
8
  10
4128.711243
  20
-8822.731323
  0
VERTEX
  8
8
  10
4130.920139
  20
-8833.683237
  0
VERTEX
  8
8
  10
4130.976859
  20
-8833.931125
  0
VERTEX
  8
8
  10
4133.347940
  20
-8843.401195
  0
VERTEX
  8
8
  10
4135.820314
  20
-8851.812089
  0
VERTEX
  8
8
  10
4135.973012
  20
-8852.291451
  0
VERTEX
  8
8
  10
4138.732531
  20
-8860.276506
  0
VERTEX
  8
8
  10
4141.669392
  20
-8867.547458
  0
VERTEX
  8
8
  10
4143.227922
  20
-8870.998033
  0
VERTEX
  8
8
  10
4144.842738
  20
-8874.328461
  0
VERTEX
  8
8
  10
4148.248475
  20
-8880.669465
  0
VERTEX
  8
8
  10
4151.918099
  20
-8886.653130
  0
VERTEX
  8
8
  10
4152.221601
  20
-8887.114224
  0
VERTEX
  8
8
  10
4155.840812
  20
-8892.264506
  0
VERTEX
  8
8
  10
4157.184143
  20
-8894.026489
  0
VERTEX
  8
8
  10
4159.892983
  20
-8897.358326
  0
VERTEX
  8
8
  10
4164.143288
  20
-8902.054717
  0
VERTEX
  8
8
  10
4164.236098
  20
-8902.150647
  0
VERTEX
  8
8
  10
4168.573757
  20
-8906.346096
  0
VERTEX
  8
8
  10
4173.268640
  20
-8910.313691
  0
VERTEX
  8
8
  10
4178.129174
  20
-8913.889187
  0
VERTEX
  8
8
  10
4178.715940
  20
-8914.288233
  0
VERTEX
  8
8
  10
4183.364566
  20
-8917.226749
  0
VERTEX
  8
8
  10
4188.809605
  20
-8920.201648
  0
VERTEX
  8
8
  10
4194.313561
  20
-8922.744060
  0
VERTEX
  8
8
  10
4194.659943
  20
-8922.889315
  0
VERTEX
  8
8
  10
4200.010005
  20
-8924.921941
  0
VERTEX
  8
8
  10
4206.243112
  20
-8926.856427
  0
VERTEX
  8
8
  10
4211.543075
  20
-8928.200504
  0
VERTEX
  8
8
  10
4213.184588
  20
-8928.567704
  0
VERTEX
  8
8
  10
4220.597079
  20
-8929.967525
  0
VERTEX
  8
8
  10
4228.421780
  20
-8931.029385
  0
VERTEX
  8
8
  10
4230.554347
  20
-8931.248545
  0
VERTEX
  8
8
  10
4236.260930
  20
-8931.686109
  0
VERTEX
  8
8
  10
4239.382935
  20
-8931.806641
  0
VERTEX
  8
8
  10
4239.382935
  20
-8931.806641
  0
VERTEX
  8
8
  10
4241.732247
  20
-8931.723721
  0
VERTEX
  8
8
  10
4248.211523
  20
-8931.248545
  0
VERTEX
  8
8
  10
4248.212312
  20
-8931.248469
  0
VERTEX
  8
8
  10
4249.100755
  20
-8931.160693
  0
VERTEX
  8
8
  10
4253.153588
  20
-8930.695104
  0
VERTEX
  8
8
  10
4257.187129
  20
-8930.123271
  0
VERTEX
  8
8
  10
4261.205007
  20
-8929.443215
  0
VERTEX
  8
8
  10
4265.118455
  20
-8928.667301
  0
VERTEX
  8
8
  10
4267.222794
  20
-8928.200504
  0
VERTEX
  8
8
  10
4267.224077
  20
-8928.200209
  0
VERTEX
  8
8
  10
4272.038728
  20
-8926.989812
  0
VERTEX
  8
8
  10
4275.236451
  20
-8926.065595
  0
VERTEX
  8
8
  10
4278.315241
  20
-8925.072947
  0
VERTEX
  8
8
  10
4281.261794
  20
-8924.017337
  0
VERTEX
  8
8
  10
4284.105477
  20
-8922.889502
  0
VERTEX
  8
8
  10
4284.105926
  20
-8922.889315
  0
VERTEX
  8
8
  10
4284.335399
  20
-8922.793278
  0
VERTEX
  8
8
  10
4287.393165
  20
-8921.441250
  0
VERTEX
  8
8
  10
4290.407055
  20
-8919.973300
  0
VERTEX
  8
8
  10
4293.365347
  20
-8918.395429
  0
VERTEX
  8
8
  10
4296.267856
  20
-8916.708050
  0
VERTEX
  8
8
  10
4300.049929
  20
-8914.288233
  0
VERTEX
  8
8
  10
4300.051293
  20
-8914.287313
  0
VERTEX
  8
8
  10
4301.879346
  20
-8913.021919
  0
VERTEX
  8
8
  10
4304.579194
  20
-8911.027834
  0
VERTEX
  8
8
  10
4307.200160
  20
-8908.937480
  0
VERTEX
  8
8
  10
4309.656570
  20
-8906.827003
  0
VERTEX
  8
8
  10
4312.040038
  20
-8904.625992
  0
VERTEX
  8
8
  10
4314.529771
  20
-8902.150647
  0
VERTEX
  8
8
  10
4314.530666
  20
-8902.149723
  0
VERTEX
  8
8
  10
4316.693532
  20
-8899.842472
  0
VERTEX
  8
8
  10
4318.882754
  20
-8897.346694
  0
VERTEX
  8
8
  10
4321.008448
  20
-8894.755358
  0
VERTEX
  8
8
  10
4321.580797
  20
-8894.027373
  0
VERTEX
  8
8
  10
4321.581726
  20
-8894.026489
  0
VERTEX
  8
8
  10
4324.993483
  20
-8889.397343
  0
VERTEX
  8
8
  10
4326.544269
  20
-8887.114224
  0
VERTEX
  8
8
  10
4326.545013
  20
-8887.113100
  0
VERTEX
  8
8
  10
4329.090423
  20
-8883.090419
  0
VERTEX
  8
8
  10
4330.976620
  20
-8879.862662
  0
VERTEX
  8
8
  10
4332.787772
  20
-8876.538145
  0
VERTEX
  8
8
  10
4335.537947
  20
-8870.998033
  0
VERTEX
  8
8
  10
4335.538748
  20
-8870.996323
  0
VERTEX
  8
8
  10
4336.440217
  20
-8869.030875
  0
VERTEX
  8
8
  10
4337.990645
  20
-8865.449111
  0
VERTEX
  8
8
  10
4339.460917
  20
-8861.783881
  0
VERTEX
  8
8
  10
4340.991455
  20
-8857.643504
  0
VERTEX
  8
8
  10
4342.472510
  20
-8853.283513
  0
VERTEX
  8
8
  10
4342.945555
  20
-8851.812089
  0
VERTEX
  8
8
  10
4342.946126
  20
-8851.810288
  0
VERTEX
  8
8
  10
4345.350669
  20
-8843.647685
  0
VERTEX
  8
8
  10
4346.610257
  20
-8838.841692
  0
VERTEX
  8
8
  10
4347.789010
  20
-8833.931125
  0
VERTEX
  8
8
  10
4347.789148
  20
-8833.930524
  0
VERTEX
  8
8
  10
4347.920360
  20
-8833.354890
  0
VERTEX
  8
8
  10
4349.005266
  20
-8828.251649
  0
VERTEX
  8
8
  10
4350.054321
  20
-8822.731934
  0
VERTEX
  8
8
  10
4378.472768
  20
-8836.207303
  0
VERTEX
  8
8
  10
4406.728217
  20
-8849.604842
  0
VERTEX
  8
8
  10
4423.157389
  20
-8857.254627
  0
VERTEX
  8
8
  10
4433.237194
  20
-8862.174609
  0
VERTEX
  8
8
  10
4433.548889
  20
-8862.332153
  0
VERTEX
  8
8
  10
4439.551235
  20
-8865.454435
  0
VERTEX
  8
8
  10
4445.553077
  20
-8868.752728
  0
VERTEX
  8
8
  10
4452.420363
  20
-8872.763558
  0
VERTEX
  8
8
  10
4459.915420
  20
-8877.386431
  0
VERTEX
  8
8
  10
4466.233297
  20
-8881.438227
  0
VERTEX
  8
8
  10
4472.417596
  20
-8885.539116
  0
VERTEX
  8
8
  10
4478.470259
  20
-8889.690384
  0
VERTEX
  8
8
  10
4484.392950
  20
-8893.893175
  0
VERTEX
  8
8
  10
4493.619456
  20
-8900.738422
  0
VERTEX
  8
8
  10
4502.604911
  20
-8907.779166
  0
VERTEX
  8
8
  10
4513.775184
  20
-8917.040055
  0
VERTEX
  8
8
  10
4525.570374
  20
-8927.297974
  0
VERTEX
  8
8
  10
4521.041026
  20
-8932.494397
  0
VERTEX
  8
8
  10
4516.924348
  20
-8937.394326
  0
VERTEX
  8
8
  10
4513.792255
  20
-8941.290254
  0
VERTEX
  8
8
  10
4510.847595
  20
-8945.125670
  0
VERTEX
  8
8
  10
4508.063342
  20
-8948.933748
  0
VERTEX
  8
8
  10
4505.348157
  20
-8952.833877
  0
VERTEX
  8
8
  10
4502.651785
  20
-8956.904393
  0
VERTEX
  8
8
  10
4500.042060
  20
-8961.049681
  0
VERTEX
  8
8
  10
4497.619225
  20
-8965.097883
  0
VERTEX
  8
8
  10
4495.276003
  20
-8969.215222
  0
VERTEX
  8
8
  10
4492.911384
  20
-8973.593860
  0
VERTEX
  8
8
  10
4490.636409
  20
-8978.043600
  0
VERTEX
  8
8
  10
4488.470190
  20
-8982.524113
  0
VERTEX
  8
8
  10
4486.396896
  20
-8987.065200
  0
VERTEX
  8
8
  10
4484.432110
  20
-8991.629658
  0
VERTEX
  8
8
  10
4482.559031
  20
-8996.253170
  0
VERTEX
  8
8
  10
4480.800025
  20
-9000.878262
  0
VERTEX
  8
8
  10
4479.563955
  20
-9004.326735
  0
VERTEX
  8
8
  10
4479.168490
  20
-9005.470297
  0
VERTEX
  8
8
  10
4477.678714
  20
-9009.985548
  0
VERTEX
  8
8
  10
4476.325714
  20
-9014.436902
  0
VERTEX
  8
8
  10
4475.129146
  20
-9018.748567
  0
VERTEX
  8
8
  10
4474.059439
  20
-9023.014539
  0
VERTEX
  8
8
  10
4473.142097
  20
-9027.112042
  0
VERTEX
  8
8
  10
4472.340102
  20
-9031.182047
  0
VERTEX
  8
8
  10
4471.637509
  20
-9035.327174
  0
VERTEX
  8
8
  10
4471.056848
  20
-9039.440229
  0
VERTEX
  8
8
  10
4470.615287
  20
-9043.350012
  0
VERTEX
  8
8
  10
4470.288732
  20
-9047.210540
  0
VERTEX
  8
8
  10
4470.081747
  20
-9050.932767
  0
VERTEX
  8
8
  10
4469.990299
  20
-9054.552978
  0
VERTEX
  8
8
  10
4469.986961
  20
-9055.001151
  0
VERTEX
  8
8
  10
4470.011980
  20
-9057.993860
  0
VERTEX
  8
8
  10
4470.142871
  20
-9061.357976
  0
VERTEX
  8
8
  10
4470.371879
  20
-9064.517314
  0
VERTEX
  8
8
  10
4470.701828
  20
-9067.589087
  0
VERTEX
  8
8
  10
4471.149180
  20
-9070.684694
  0
VERTEX
  8
8
  10
4471.690243
  20
-9073.651222
  0
VERTEX
  8
8
  10
4471.707505
  20
-9073.736628
  0
VERTEX
  8
8
  10
4472.289245
  20
-9076.363120
  0
VERTEX
  8
8
  10
4472.947227
  20
-9078.867624
  0
VERTEX
  8
8
  10
4473.825117
  20
-9081.733751
  0
VERTEX
  8
8
  10
4474.978680
  20
-9085.117484
  0
VERTEX
  8
8
  10
4476.171126
  20
-9088.311888
  0
VERTEX
  8
8
  10
4477.587962
  20
-9091.641574
  0
VERTEX
  8
8
  10
4478.941345
  20
-9094.622803
  0
VERTEX
  8
8
  10
4468.753553
  20
-9123.795065
  0
VERTEX
  8
8
  10
4463.829722
  20
-9138.220717
  0
VERTEX
  8
8
  10
4461.814270
  20
-9144.255981
  0
VERTEX
  8
8
  10
4459.780095
  20
-9150.458267
  0
VERTEX
  8
8
  10
4457.045142
  20
-9159.035748
  0
VERTEX
  8
8
  10
4454.678730
  20
-9166.790311
  0
VERTEX
  8
8
  10
4452.755118
  20
-9173.432011
  0
VERTEX
  8
8
  10
4451.046607
  20
-9179.699634
  0
VERTEX
  8
8
  10
4450.961609
  20
-9180.023193
  0
VERTEX
  8
8
  10
4450.947485
  20
-9180.076861
  0
VERTEX
  8
8
  10
4450.845698
  20
-9180.466191
  0
VERTEX
  8
8
  10
4449.582047
  20
-9185.506676
  0
VERTEX
  8
8
  10
4448.458556
  20
-9190.398003
  0
VERTEX
  8
8
  10
4447.445628
  20
-9195.294481
  0
VERTEX
  8
8
  10
4446.594437
  20
-9199.985452
  0
VERTEX
  8
8
  10
4445.945481
  20
-9204.159239
  0
VERTEX
  8
8
  10
4445.402028
  20
-9208.324659
  0
VERTEX
  8
8
  10
4444.488220
  20
-9217.786865
  0
VERTEX
  8
8
  10
4444.693276
  20
-9227.563579
  0
VERTEX
  8
8
  10
4445.018338
  20
-9236.637043
  0
VERTEX
  8
8
  10
4445.416087
  20
-9244.033044
  0
VERTEX
  8
8
  10
4445.938850
  20
-9251.257939
  0
VERTEX
  8
8
  10
4446.552339
  20
-9258.039617
  0
VERTEX
  8
8
  10
4447.351029
  20
-9265.635935
  0
VERTEX
  8
8
  10
4451.130148
  20
-9297.126396
  0
VERTEX
  8
8
  10
4453.272095
  20
-9316.893311
  0
VERTEX
  8
8
  10
4453.280525
  20
-9316.974940
  0
VERTEX
  8
8
  10
4453.518403
  20
-9319.345549
  0
VERTEX
  8
8
  10
4453.715568
  20
-9321.334669
  0
VERTEX
  8
8
  10
4455.083597
  20
-9335.765969
  0
VERTEX
  8
8
  10
4456.170365
  20
-9348.525758
  0
VERTEX
  8
8
  10
4457.314604
  20
-9364.881027
  0
VERTEX
  8
8
  10
4457.977341
  20
-9379.319225
  0
VERTEX
  8
8
  10
4458.182107
  20
-9388.134501
  0
VERTEX
  8
8
  10
4458.259492
  20
-9397.660725
  0
VERTEX
  8
8
  10
4458.206010
  20
-9407.803051
  0
VERTEX
  8
8
  10
4458.027649
  20
-9417.425537
  0
VERTEX
  8
8
  10
4418.556432
  20
-9416.021029
  0
VERTEX
  8
8
  10
4388.215113
  20
-9415.170118
  0
VERTEX
  8
8
  10
4357.868529
  20
-9414.522775
  0
VERTEX
  8
8
  10
4350.054576
  20
-9414.385028
  0
VERTEX
  8
8
  10
4338.525936
  20
-9414.201596
  0
VERTEX
  8
8
  10
4323.499720
  20
-9413.996081
  0
VERTEX
  8
8
  10
4289.128683
  20
-9413.654822
  0
VERTEX
  8
8
  10
4276.496333
  20
-9413.568754
  0
VERTEX
  8
8
  10
4239.382935
  20
-9413.399048
  0
VERTEX
  8
8
  10
4202.269536
  20
-9413.568754
  0
VERTEX
  8
8
  10
4185.523005
  20
-9413.686986
  0
VERTEX
  8
8
  10
4140.239934
  20
-9414.201596
  0
VERTEX
  8
8
  10
4134.097772
  20
-9414.296446
  0
VERTEX
  8
8
  10
4128.711293
  20
-9414.385028
  0
VERTEX
  8
8
  10
4087.990250
  20
-9415.233591
  0
VERTEX
  8
8
  10
4046.100813
  20
-9416.491603
  0
VERTEX
  8
8
  10
4020.738220
  20
-9417.425537
  0
SEQEND
  8
8
  0
POINT
  8
2
 10
4020.738220
 20
-9417.425537
  0
TEXT
  8
2
 10
4020.738220
 20
-9417.425537
 40
0.000000
 50
0.000000
  1
# 390
  0
POINT
  8
2
 10
4034.277649
 20
-9217.786865
  0
TEXT
  8
2
 10
4034.277649
 20
-9217.786865
 40
0.000000
 50
0.000000
  1
# 391
  0
POINT
  8
2
 10
3999.824524
 20
-9094.622803
  0
TEXT
  8
2
 10
3999.824524
 20
-9094.622803
 40
0.000000
 50
0.000000
  1
# 392
  0
POINT
  8
2
 10
3953.195496
 20
-8927.297974
  0
TEXT
  8
2
 10
3953.195496
 20
-8927.297974
 40
0.000000
 50
0.000000
  1
# 393
  0
POINT
  8
2
 10
4128.711243
 20
-8822.731323
  0
TEXT
  8
2
 10
4128.711243
 20
-8822.731323
 40
0.000000
 50
0.000000
  1
# 394
  0
POINT
  8
2
 10
4239.382935
 20
-8931.806641
  0
TEXT
  8
2
 10
4239.382935
 20
-8931.806641
 40
0.000000
 50
0.000000
  1
# 395
  0
POINT
  8
2
 10
4350.054321
 20
-8822.731934
  0
TEXT
  8
2
 10
4350.054321
 20
-8822.731934
 40
0.000000
 50
0.000000
  1
# 396
  0
POINT
  8
2
 10
4525.570374
 20
-8927.297974
  0
TEXT
  8
2
 10
4525.570374
 20
-8927.297974
 40
0.000000
 50
0.000000
  1
# 397
  0
POINT
  8
2
 10
4478.941345
 20
-9094.622803
  0
TEXT
  8
2
 10
4478.941345
 20
-9094.622803
 40
0.000000
 50
0.000000
  1
# 398
  0
POINT
  8
2
 10
4444.488220
 20
-9217.786865
  0
TEXT
  8
2
 10
4444.488220
 20
-9217.786865
 40
0.000000
 50
0.000000
  1
# 399
  0
POINT
  8
2
 10
4458.027649
 20
-9417.425537
  0
TEXT
  8
2
 10
4458.027649
 20
-9417.425537
 40
0.000000
 50
0.000000
  1
# 400
  0
POINT
  8
2
 10
4239.382935
 20
-9413.399048
  0
TEXT
  8
2
 10
4239.382935
 20
-9413.399048
 40
0.000000
 50
0.000000
  1
# 401
  0
POINT
  8
2
 10
4020.738220
 20
-9417.425537
  0
TEXT
  8
2
 10
4020.738220
 20
-9417.425537
 40
0.000000
 50
0.000000
  1
# 402
  0
POINT
  8
3
 10
4020.506400
 20
-9397.643436
  0
POINT
  8
3
 10
4020.741529
 20
-9380.877197
  0
POINT
  8
3
 10
4021.396238
 20
-9365.831054
  0
POINT
  8
3
 10
4022.595505
 20
-9348.525758
  0
POINT
  8
3
 10
4024.712091
 20
-9324.791367
  0
POINT
  8
3
 10
4025.485344
 20
-9316.974940
  0
POINT
  8
3
 10
4025.493774
 20
-9316.893311
  0
POINT
  8
3
 10
4027.349728
 20
-9299.600077
  0
POINT
  8
3
 10
4032.086410
 20
-9259.317033
  0
POINT
  8
3
 10
4033.186281
 20
-9246.505605
  0
POINT
  8
3
 10
4033.878181
 20
-9233.476033
  0
POINT
  8
3
 10
4033.109917
 20
-9206.278376
  0
POINT
  8
3
 10
4031.818070
 20
-9197.953807
  0
POINT
  8
3
 10
4029.971866
 20
-9188.888171
  0
POINT
  8
3
 10
4027.818385
 20
-9180.076861
  0
POINT
  8
3
 10
4027.804260
 20
-9180.023193
  0
POINT
  8
3
 10
4027.455267
 20
-9178.703049
  0
POINT
  8
3
 10
4023.792304
 20
-9165.802339
  0
POINT
  8
3
 10
4018.666984
 20
-9149.477784
  0
POINT
  8
3
 10
4016.951599
 20
-9144.255981
  0
POINT
  8
3
 10
4010.948405
 20
-9126.512070
  0
POINT
  8
3
 10
4002.905037
 20
-9087.521665
  0
POINT
  8
3
 10
4005.327146
 20
-9080.517839
  0
POINT
  8
3
 10
4006.711748
 20
-9075.356645
  0
POINT
  8
3
 10
4007.075626
 20
-9073.651222
  0
POINT
  8
3
 10
4007.775134
 20
-9069.677667
  0
POINT
  8
3
 10
4008.460362
 20
-9063.739879
  0
POINT
  8
3
 10
4008.768162
 20
-9057.234770
  0
POINT
  8
3
 10
4008.778908
 20
-9055.001151
  0
POINT
  8
3
 10
4008.662574
 20
-9050.428408
  0
POINT
  8
3
 10
4008.125606
 20
-9043.099659
  0
POINT
  8
3
 10
4007.132621
 20
-9035.354610
  0
POINT
  8
3
 10
4005.681269
 20
-9027.386349
  0
POINT
  8
3
 10
4003.771373
 20
-9019.261312
  0
POINT
  8
3
 10
4001.399558
 20
-9010.979991
  0
POINT
  8
3
 10
3999.201914
 20
-9004.326735
  0
POINT
  8
3
 10
3998.486043
 20
-9002.307524
  0
POINT
  8
3
 10
3994.959055
 20
-8993.141661
  0
POINT
  8
3
 10
3991.095545
 20
-8984.244912
  0
POINT
  8
3
 10
3986.850506
 20
-8975.511774
  0
POINT
  8
3
 10
3982.353172
 20
-8967.191787
  0
POINT
  8
3
 10
3977.499295
 20
-8959.078184
  0
POINT
  8
3
 10
3972.396922
 20
-8951.345090
  0
POINT
  8
3
 10
3966.985763
 20
-8943.891005
  0
POINT
  8
3
 10
3961.021753
 20
-8936.401649
  0
POINT
  8
3
 10
3967.781152
 20
-8914.681710
  0
POINT
  8
3
 10
3979.044626
 20
-8905.477510
  0
POINT
  8
3
 10
3990.032567
 20
-8897.066731
  0
POINT
  8
3
 10
4001.149793
 20
-8889.095945
  0
POINT
  8
3
 10
4006.638794
 20
-8885.343018
  0
POINT
  8
3
 10
4012.632488
 20
-8881.373089
  0
POINT
  8
3
 10
4025.125206
 20
-8873.500504
  0
POINT
  8
3
 10
4034.821654
 20
-8867.849751
  0
POINT
  8
3
 10
4044.593639
 20
-8862.649143
  0
POINT
  8
3
 10
4045.216980
 20
-8862.332153
  0
POINT
  8
3
 10
4056.308299
 20
-8856.923294
  0
POINT
  8
3
 10
4090.386207
 20
-8840.935050
  0
POINT
  8
3
 10
4130.920139
 20
-8833.683237
  0
POINT
  8
3
 10
4130.976859
 20
-8833.931125
  0
POINT
  8
3
 10
4133.347940
 20
-8843.401195
  0
POINT
  8
3
 10
4135.820314
 20
-8851.812089
  0
POINT
  8
3
 10
4135.973012
 20
-8852.291451
  0
POINT
  8
3
 10
4138.732531
 20
-8860.276506
  0
POINT
  8
3
 10
4141.669392
 20
-8867.547458
  0
POINT
  8
3
 10
4143.227922
 20
-8870.998033
  0
POINT
  8
3
 10
4144.842738
 20
-8874.328461
  0
POINT
  8
3
 10
4148.248475
 20
-8880.669465
  0
POINT
  8
3
 10
4151.918099
 20
-8886.653130
  0
POINT
  8
3
 10
4152.221601
 20
-8887.114224
  0
POINT
  8
3
 10
4155.840812
 20
-8892.264506
  0
POINT
  8
3
 10
4157.184143
 20
-8894.026489
  0
POINT
  8
3
 10
4159.892983
 20
-8897.358326
  0
POINT
  8
3
 10
4164.143288
 20
-8902.054717
  0
POINT
  8
3
 10
4164.236098
 20
-8902.150647
  0
POINT
  8
3
 10
4168.573757
 20
-8906.346096
  0
POINT
  8
3
 10
4173.268640
 20
-8910.313691
  0
POINT
  8
3
 10
4178.129174
 20
-8913.889187
  0
POINT
  8
3
 10
4178.715940
 20
-8914.288233
  0
POINT
  8
3
 10
4183.364566
 20
-8917.226749
  0
POINT
  8
3
 10
4188.809605
 20
-8920.201648
  0
POINT
  8
3
 10
4194.313561
 20
-8922.744060
  0
POINT
  8
3
 10
4194.659943
 20
-8922.889315
  0
POINT
  8
3
 10
4200.010005
 20
-8924.921941
  0
POINT
  8
3
 10
4206.243112
 20
-8926.856427
  0
POINT
  8
3
 10
4211.543075
 20
-8928.200504
  0
POINT
  8
3
 10
4213.184588
 20
-8928.567704
  0
POINT
  8
3
 10
4220.597079
 20
-8929.967525
  0
POINT
  8
3
 10
4228.421780
 20
-8931.029385
  0
POINT
  8
3
 10
4230.554347
 20
-8931.248545
  0
POINT
  8
3
 10
4236.260930
 20
-8931.686109
  0
POINT
  8
3
 10
4239.382935
 20
-8931.806641
  0
POINT
  8
3
 10
4241.732247
 20
-8931.723721
  0
POINT
  8
3
 10
4248.211523
 20
-8931.248545
  0
POINT
  8
3
 10
4248.212312
 20
-8931.248469
  0
POINT
  8
3
 10
4249.100755
 20
-8931.160693
  0
POINT
  8
3
 10
4253.153588
 20
-8930.695104
  0
POINT
  8
3
 10
4257.187129
 20
-8930.123271
  0
POINT
  8
3
 10
4261.205007
 20
-8929.443215
  0
POINT
  8
3
 10
4265.118455
 20
-8928.667301
  0
POINT
  8
3
 10
4267.222794
 20
-8928.200504
  0
POINT
  8
3
 10
4267.224077
 20
-8928.200209
  0
POINT
  8
3
 10
4272.038728
 20
-8926.989812
  0
POINT
  8
3
 10
4275.236451
 20
-8926.065595
  0
POINT
  8
3
 10
4278.315241
 20
-8925.072947
  0
POINT
  8
3
 10
4281.261794
 20
-8924.017337
  0
POINT
  8
3
 10
4284.105477
 20
-8922.889502
  0
POINT
  8
3
 10
4284.105926
 20
-8922.889315
  0
POINT
  8
3
 10
4284.335399
 20
-8922.793278
  0
POINT
  8
3
 10
4287.393165
 20
-8921.441250
  0
POINT
  8
3
 10
4290.407055
 20
-8919.973300
  0
POINT
  8
3
 10
4293.365347
 20
-8918.395429
  0
POINT
  8
3
 10
4296.267856
 20
-8916.708050
  0
POINT
  8
3
 10
4300.049929
 20
-8914.288233
  0
POINT
  8
3
 10
4300.051293
 20
-8914.287313
  0
POINT
  8
3
 10
4301.879346
 20
-8913.021919
  0
POINT
  8
3
 10
4304.579194
 20
-8911.027834
  0
POINT
  8
3
 10
4307.200160
 20
-8908.937480
  0
POINT
  8
3
 10
4309.656570
 20
-8906.827003
  0
POINT
  8
3
 10
4312.040038
 20
-8904.625992
  0
POINT
  8
3
 10
4314.529771
 20
-8902.150647
  0
POINT
  8
3
 10
4314.530666
 20
-8902.149723
  0
POINT
  8
3
 10
4316.693532
 20
-8899.842472
  0
POINT
  8
3
 10
4318.882754
 20
-8897.346694
  0
POINT
  8
3
 10
4321.008448
 20
-8894.755358
  0
POINT
  8
3
 10
4321.580797
 20
-8894.027373
  0
POINT
  8
3
 10
4321.581726
 20
-8894.026489
  0
POINT
  8
3
 10
4324.993483
 20
-8889.397343
  0
POINT
  8
3
 10
4326.544269
 20
-8887.114224
  0
POINT
  8
3
 10
4326.545013
 20
-8887.113100
  0
POINT
  8
3
 10
4329.090423
 20
-8883.090419
  0
POINT
  8
3
 10
4330.976620
 20
-8879.862662
  0
POINT
  8
3
 10
4332.787772
 20
-8876.538145
  0
POINT
  8
3
 10
4335.537947
 20
-8870.998033
  0
POINT
  8
3
 10
4335.538748
 20
-8870.996323
  0
POINT
  8
3
 10
4336.440217
 20
-8869.030875
  0
POINT
  8
3
 10
4337.990645
 20
-8865.449111
  0
POINT
  8
3
 10
4339.460917
 20
-8861.783881
  0
POINT
  8
3
 10
4340.991455
 20
-8857.643504
  0
POINT
  8
3
 10
4342.472510
 20
-8853.283513
  0
POINT
  8
3
 10
4342.945555
 20
-8851.812089
  0
POINT
  8
3
 10
4342.946126
 20
-8851.810288
  0
POINT
  8
3
 10
4345.350669
 20
-8843.647685
  0
POINT
  8
3
 10
4346.610257
 20
-8838.841692
  0
POINT
  8
3
 10
4347.789010
 20
-8833.931125
  0
POINT
  8
3
 10
4347.789148
 20
-8833.930524
  0
POINT
  8
3
 10
4347.920360
 20
-8833.354890
  0
POINT
  8
3
 10
4349.005266
 20
-8828.251649
  0
POINT
  8
3
 10
4378.472768
 20
-8836.207303
  0
POINT
  8
3
 10
4406.728217
 20
-8849.604842
  0
POINT
  8
3
 10
4423.157389
 20
-8857.254627
  0
POINT
  8
3
 10
4433.237194
 20
-8862.174609
  0
POINT
  8
3
 10
4433.548889
 20
-8862.332153
  0
POINT
  8
3
 10
4439.551235
 20
-8865.454435
  0
POINT
  8
3
 10
4445.553077
 20
-8868.752728
  0
POINT
  8
3
 10
4452.420363
 20
-8872.763558
  0
POINT
  8
3
 10
4459.915420
 20
-8877.386431
  0
POINT
  8
3
 10
4466.233297
 20
-8881.438227
  0
POINT
  8
3
 10
4472.417596
 20
-8885.539116
  0
POINT
  8
3
 10
4478.470259
 20
-8889.690384
  0
POINT
  8
3
 10
4484.392950
 20
-8893.893175
  0
POINT
  8
3
 10
4493.619456
 20
-8900.738422
  0
POINT
  8
3
 10
4502.604911
 20
-8907.779166
  0
POINT
  8
3
 10
4513.775184
 20
-8917.040055
  0
POINT
  8
3
 10
4521.041026
 20
-8932.494397
  0
POINT
  8
3
 10
4516.924348
 20
-8937.394326
  0
POINT
  8
3
 10
4513.792255
 20
-8941.290254
  0
POINT
  8
3
 10
4510.847595
 20
-8945.125670
  0
POINT
  8
3
 10
4508.063342
 20
-8948.933748
  0
POINT
  8
3
 10
4505.348157
 20
-8952.833877
  0
POINT
  8
3
 10
4502.651785
 20
-8956.904393
  0
POINT
  8
3
 10
4500.042060
 20
-8961.049681
  0
POINT
  8
3
 10
4497.619225
 20
-8965.097883
  0
POINT
  8
3
 10
4495.276003
 20
-8969.215222
  0
POINT
  8
3
 10
4492.911384
 20
-8973.593860
  0
POINT
  8
3
 10
4490.636409
 20
-8978.043600
  0
POINT
  8
3
 10
4488.470190
 20
-8982.524113
  0
POINT
  8
3
 10
4486.396896
 20
-8987.065200
  0
POINT
  8
3
 10
4484.432110
 20
-8991.629658
  0
POINT
  8
3
 10
4482.559031
 20
-8996.253170
  0
POINT
  8
3
 10
4480.800025
 20
-9000.878262
  0
POINT
  8
3
 10
4479.563955
 20
-9004.326735
  0
POINT
  8
3
 10
4479.168490
 20
-9005.470297
  0
POINT
  8
3
 10
4477.678714
 20
-9009.985548
  0
POINT
  8
3
 10
4476.325714
 20
-9014.436902
  0
POINT
  8
3
 10
4475.129146
 20
-9018.748567
  0
POINT
  8
3
 10
4474.059439
 20
-9023.014539
  0
POINT
  8
3
 10
4473.142097
 20
-9027.112042
  0
POINT
  8
3
 10
4472.340102
 20
-9031.182047
  0
POINT
  8
3
 10
4471.637509
 20
-9035.327174
  0
POINT
  8
3
 10
4471.056848
 20
-9039.440229
  0
POINT
  8
3
 10
4470.615287
 20
-9043.350012
  0
POINT
  8
3
 10
4470.288732
 20
-9047.210540
  0
POINT
  8
3
 10
4470.081747
 20
-9050.932767
  0
POINT
  8
3
 10
4469.990299
 20
-9054.552978
  0
POINT
  8
3
 10
4469.986961
 20
-9055.001151
  0
POINT
  8
3
 10
4470.011980
 20
-9057.993860
  0
POINT
  8
3
 10
4470.142871
 20
-9061.357976
  0
POINT
  8
3
 10
4470.371879
 20
-9064.517314
  0
POINT
  8
3
 10
4470.701828
 20
-9067.589087
  0
POINT
  8
3
 10
4471.149180
 20
-9070.684694
  0
POINT
  8
3
 10
4471.690243
 20
-9073.651222
  0
POINT
  8
3
 10
4471.707505
 20
-9073.736628
  0
POINT
  8
3
 10
4472.289245
 20
-9076.363120
  0
POINT
  8
3
 10
4472.947227
 20
-9078.867624
  0
POINT
  8
3
 10
4473.825117
 20
-9081.733751
  0
POINT
  8
3
 10
4474.978680
 20
-9085.117484
  0
POINT
  8
3
 10
4476.171126
 20
-9088.311888
  0
POINT
  8
3
 10
4477.587962
 20
-9091.641574
  0
POINT
  8
3
 10
4468.753553
 20
-9123.795065
  0
POINT
  8
3
 10
4463.829722
 20
-9138.220717
  0
POINT
  8
3
 10
4461.814270
 20
-9144.255981
  0
POINT
  8
3
 10
4459.780095
 20
-9150.458267
  0
POINT
  8
3
 10
4457.045142
 20
-9159.035748
  0
POINT
  8
3
 10
4454.678730
 20
-9166.790311
  0
POINT
  8
3
 10
4452.755118
 20
-9173.432011
  0
POINT
  8
3
 10
4451.046607
 20
-9179.699634
  0
POINT
  8
3
 10
4450.961609
 20
-9180.023193
  0
POINT
  8
3
 10
4450.947485
 20
-9180.076861
  0
POINT
  8
3
 10
4450.845698
 20
-9180.466191
  0
POINT
  8
3
 10
4449.582047
 20
-9185.506676
  0
POINT
  8
3
 10
4448.458556
 20
-9190.398003
  0
POINT
  8
3
 10
4447.445628
 20
-9195.294481
  0
POINT
  8
3
 10
4446.594437
 20
-9199.985452
  0
POINT
  8
3
 10
4445.945481
 20
-9204.159239
  0
POINT
  8
3
 10
4445.402028
 20
-9208.324659
  0
POINT
  8
3
 10
4444.693276
 20
-9227.563579
  0
POINT
  8
3
 10
4445.018338
 20
-9236.637043
  0
POINT
  8
3
 10
4445.416087
 20
-9244.033044
  0
POINT
  8
3
 10
4445.938850
 20
-9251.257939
  0
POINT
  8
3
 10
4446.552339
 20
-9258.039617
  0
POINT
  8
3
 10
4447.351029
 20
-9265.635935
  0
POINT
  8
3
 10
4451.130148
 20
-9297.126396
  0
POINT
  8
3
 10
4453.272095
 20
-9316.893311
  0
POINT
  8
3
 10
4453.280525
 20
-9316.974940
  0
POINT
  8
3
 10
4453.518403
 20
-9319.345549
  0
POINT
  8
3
 10
4453.715568
 20
-9321.334669
  0
POINT
  8
3
 10
4455.083597
 20
-9335.765969
  0
POINT
  8
3
 10
4456.170365
 20
-9348.525758
  0
POINT
  8
3
 10
4457.314604
 20
-9364.881027
  0
POINT
  8
3
 10
4457.977341
 20
-9379.319225
  0
POINT
  8
3
 10
4458.182107
 20
-9388.134501
  0
POINT
  8
3
 10
4458.259492
 20
-9397.660725
  0
POINT
  8
3
 10
4458.206010
 20
-9407.803051
  0
POINT
  8
3
 10
4418.556432
 20
-9416.021029
  0
POINT
  8
3
 10
4388.215113
 20
-9415.170118
  0
POINT
  8
3
 10
4357.868529
 20
-9414.522775
  0
POINT
  8
3
 10
4350.054576
 20
-9414.385028
  0
POINT
  8
3
 10
4338.525936
 20
-9414.201596
  0
POINT
  8
3
 10
4323.499720
 20
-9413.996081
  0
POINT
  8
3
 10
4289.128683
 20
-9413.654822
  0
POINT
  8
3
 10
4276.496333
 20
-9413.568754
  0
POINT
  8
3
 10
4202.269536
 20
-9413.568754
  0
POINT
  8
3
 10
4185.523005
 20
-9413.686986
  0
POINT
  8
3
 10
4140.239934
 20
-9414.201596
  0
POINT
  8
3
 10
4134.097772
 20
-9414.296446
  0
POINT
  8
3
 10
4128.711293
 20
-9414.385028
  0
POINT
  8
3
 10
4087.990250
 20
-9415.233591
  0
POINT
  8
3
 10
4046.100813
 20
-9416.491603
  0
POINT
  8
3
 10
4025.485344
 20
-9316.974940
  0
TEXT
  8
3
 10
4025.485344
 20
-9316.974940
 40
0.000000
 50
0.000000
  1
# 403
  0
POINT
  8
3
 10
4027.818385
 20
-9180.076861
  0
TEXT
  8
3
 10
4027.818385
 20
-9180.076861
 40
0.000000
 50
0.000000
  1
# 404
  0
POINT
  8
3
 10
4007.075626
 20
-9073.651222
  0
TEXT
  8
3
 10
4007.075626
 20
-9073.651222
 40
0.000000
 50
0.000000
  1
# 405
  0
POINT
  8
3
 10
4008.778908
 20
-9055.001151
  0
TEXT
  8
3
 10
4008.778908
 20
-9055.001151
 40
0.000000
 50
0.000000
  1
# 406
  0
POINT
  8
3
 10
3999.201914
 20
-9004.326735
  0
TEXT
  8
3
 10
3999.201914
 20
-9004.326735
 40
0.000000
 50
0.000000
  1
# 407
  0
POINT
  8
3
 10
4130.976859
 20
-8833.931125
  0
TEXT
  8
3
 10
4130.976859
 20
-8833.931125
 40
0.000000
 50
0.000000
  1
# 408
  0
POINT
  8
3
 10
4135.820314
 20
-8851.812089
  0
TEXT
  8
3
 10
4135.820314
 20
-8851.812089
 40
0.000000
 50
0.000000
  1
# 409
  0
POINT
  8
3
 10
4143.227922
 20
-8870.998033
  0
TEXT
  8
3
 10
4143.227922
 20
-8870.998033
 40
0.000000
 50
0.000000
  1
# 410
  0
POINT
  8
3
 10
4152.221601
 20
-8887.114224
  0
TEXT
  8
3
 10
4152.221601
 20
-8887.114224
 40
0.000000
 50
0.000000
  1
# 411
  0
POINT
  8
3
 10
4164.236098
 20
-8902.150647
  0
TEXT
  8
3
 10
4164.236098
 20
-8902.150647
 40
0.000000
 50
0.000000
  1
# 412
  0
POINT
  8
3
 10
4178.715940
 20
-8914.288233
  0
TEXT
  8
3
 10
4178.715940
 20
-8914.288233
 40
0.000000
 50
0.000000
  1
# 413
  0
POINT
  8
3
 10
4194.659943
 20
-8922.889315
  0
TEXT
  8
3
 10
4194.659943
 20
-8922.889315
 40
0.000000
 50
0.000000
  1
# 414
  0
POINT
  8
3
 10
4211.543075
 20
-8928.200504
  0
TEXT
  8
3
 10
4211.543075
 20
-8928.200504
 40
0.000000
 50
0.000000
  1
# 415
  0
POINT
  8
3
 10
4230.554347
 20
-8931.248545
  0
TEXT
  8
3
 10
4230.554347
 20
-8931.248545
 40
0.000000
 50
0.000000
  1
# 416
  0
POINT
  8
3
 10
4248.211523
 20
-8931.248545
  0
TEXT
  8
3
 10
4248.211523
 20
-8931.248545
 40
0.000000
 50
0.000000
  1
# 417
  0
POINT
  8
3
 10
4267.222794
 20
-8928.200504
  0
TEXT
  8
3
 10
4267.222794
 20
-8928.200504
 40
0.000000
 50
0.000000
  1
# 418
  0
POINT
  8
3
 10
4284.105926
 20
-8922.889315
  0
TEXT
  8
3
 10
4284.105926
 20
-8922.889315
 40
0.000000
 50
0.000000
  1
# 419
  0
POINT
  8
3
 10
4300.049929
 20
-8914.288233
  0
TEXT
  8
3
 10
4300.049929
 20
-8914.288233
 40
0.000000
 50
0.000000
  1
# 420
  0
POINT
  8
3
 10
4314.529771
 20
-8902.150647
  0
TEXT
  8
3
 10
4314.529771
 20
-8902.150647
 40
0.000000
 50
0.000000
  1
# 421
  0
POINT
  8
3
 10
4326.544269
 20
-8887.114224
  0
TEXT
  8
3
 10
4326.544269
 20
-8887.114224
 40
0.000000
 50
0.000000
  1
# 422
  0
POINT
  8
3
 10
4335.537947
 20
-8870.998033
  0
TEXT
  8
3
 10
4335.537947
 20
-8870.998033
 40
0.000000
 50
0.000000
  1
# 423
  0
POINT
  8
3
 10
4342.945555
 20
-8851.812089
  0
TEXT
  8
3
 10
4342.945555
 20
-8851.812089
 40
0.000000
 50
0.000000
  1
# 424
  0
POINT
  8
3
 10
4347.789010
 20
-8833.931125
  0
TEXT
  8
3
 10
4347.789010
 20
-8833.931125
 40
0.000000
 50
0.000000
  1
# 425
  0
POINT
  8
3
 10
4479.563955
 20
-9004.326735
  0
TEXT
  8
3
 10
4479.563955
 20
-9004.326735
 40
0.000000
 50
0.000000
  1
# 426
  0
POINT
  8
3
 10
4469.986961
 20
-9055.001151
  0
TEXT
  8
3
 10
4469.986961
 20
-9055.001151
 40
0.000000
 50
0.000000
  1
# 427
  0
POINT
  8
3
 10
4471.690243
 20
-9073.651222
  0
TEXT
  8
3
 10
4471.690243
 20
-9073.651222
 40
0.000000
 50
0.000000
  1
# 428
  0
POINT
  8
3
 10
4450.947485
 20
-9180.076861
  0
TEXT
  8
3
 10
4450.947485
 20
-9180.076861
 40
0.000000
 50
0.000000
  1
# 429
  0
POINT
  8
3
 10
4453.280525
 20
-9316.974940
  0
TEXT
  8
3
 10
4453.280525
 20
-9316.974940
 40
0.000000
 50
0.000000
  1
# 430
  0
POINT
  8
3
 10
4350.054576
 20
-9414.385028
  0
TEXT
  8
3
 10
4350.054576
 20
-9414.385028
 40
0.000000
 50
0.000000
  1
# 431
  0
POINT
  8
3
 10
4338.525936
 20
-9414.201596
  0
TEXT
  8
3
 10
4338.525936
 20
-9414.201596
 40
0.000000
 50
0.000000
  1
# 432
  0
POINT
  8
3
 10
4276.496333
 20
-9413.568754
  0
TEXT
  8
3
 10
4276.496333
 20
-9413.568754
 40
0.000000
 50
0.000000
  1
# 433
  0
POINT
  8
3
 10
4202.269536
 20
-9413.568754
  0
TEXT
  8
3
 10
4202.269536
 20
-9413.568754
 40
0.000000
 50
0.000000
  1
# 434
  0
POINT
  8
3
 10
4140.239934
 20
-9414.201596
  0
TEXT
  8
3
 10
4140.239934
 20
-9414.201596
 40
0.000000
 50
0.000000
  1
# 435
  0
POINT
  8
3
 10
4128.711293
 20
-9414.385028
  0
TEXT
  8
3
 10
4128.711293
 20
-9414.385028
 40
0.000000
 50
0.000000
  1
# 436
  0
POINT
  8
4
 10
4025.493774
 20
-9316.893311
 30
0.600000
 50
354.22
  0
TEXT
  8
4
 10
4025.493774
 20
-9316.893311
 40
0.000000
 50
0.000000
  1
# 437
  0
POINT
  8
4
 10
4027.804260
 20
-9180.023193
 30
0.600000
 50
 14.70
  0
TEXT
  8
4
 10
4027.804260
 20
-9180.023193
 40
0.000000
 50
0.000000
  1
# 438
  0
POINT
  8
4
 10
4016.951599
 20
-9144.255981
 30
0.600000
 50
 18.32
  0
TEXT
  8
4
 10
4016.951599
 20
-9144.255981
 40
0.000000
 50
0.000000
  1
# 439
  0
POINT
  8
4
 10
4006.638794
 20
-8885.343018
 30
0.600000
 50
303.95
  0
TEXT
  8
4
 10
4006.638794
 20
-8885.343018
 40
0.000000
 50
0.000000
  1
# 440
  0
POINT
  8
4
 10
4045.216980
 20
-8862.332153
 30
0.600000
 50
295.10
  0
TEXT
  8
4
 10
4045.216980
 20
-8862.332153
 40
0.000000
 50
0.000000
  1
# 441
  0
POINT
  8
4
 10
4157.184143
 20
-8894.026489
 30
0.600000
 50
217.92
  0
TEXT
  8
4
 10
4157.184143
 20
-8894.026489
 40
0.000000
 50
0.000000
  1
# 442
  0
POINT
  8
4
 10
4239.382935
 20
-8931.806641
 30
0.600000
 50
270.00
  0
TEXT
  8
4
 10
4239.382935
 20
-8931.806641
 40
0.000000
 50
0.000000
  1
# 443
  0
POINT
  8
4
 10
4321.581726
 20
-8894.026489
 30
0.600000
 50
322.08
  0
TEXT
  8
4
 10
4321.581726
 20
-8894.026489
 40
0.000000
 50
0.000000
  1
# 444
  0
POINT
  8
4
 10
4433.548889
 20
-8862.332153
 30
0.600000
 50
244.90
  0
TEXT
  8
4
 10
4433.548889
 20
-8862.332153
 40
0.000000
 50
0.000000
  1
# 445
  0
POINT
  8
4
 10
4461.814270
 20
-9144.255981
 30
0.600000
 50
161.68
  0
TEXT
  8
4
 10
4461.814270
 20
-9144.255981
 40
0.000000
 50
0.000000
  1
# 446
  0
POINT
  8
4
 10
4450.961609
 20
-9180.023193
 30
0.600000
 50
165.30
  0
TEXT
  8
4
 10
4450.961609
 20
-9180.023193
 40
0.000000
 50
0.000000
  1
# 447
  0
POINT
  8
4
 10
4453.272095
 20
-9316.893311
 30
0.600000
 50
185.78
  0
TEXT
  8
4
 10
4453.272095
 20
-9316.893311
 40
0.000000
 50
0.000000
  1
# 448
  0
POLYLINE
  8
11
  6
2
  66
1
  70
0
  0
VERTEX
  8
1
  10
4239.382935
  20
-9413.399048
  0
VERTEX
  8
1
  10
4239.382935
  20
-9361.873072
  0
VERTEX
  8
1
  10
4239.382935
  20
-9311.586289
  0
VERTEX
  8
1
  10
4239.382935
  20
-9261.099357
  0
VERTEX
  8
1
  10
4239.382935
  20
-9210.317585
  0
VERTEX
  8
1
  10
4239.382935
  20
-9159.718163
  0
VERTEX
  8
1
  10
4239.382935
  20
-9108.684758
  0
VERTEX
  8
1
  10
4239.382935
  20
-9058.508355
  0
VERTEX
  8
1
  10
4239.382935
  20
-9007.668531
  0
VERTEX
  8
1
  10
4239.382935
  20
-8957.105210
  0
VERTEX
  8
1
  10
4239.382935
  20
-8931.807251
  0
SEQEND
  8
11
  0
POINT
  8
2
 10
4239.382935
 20
-9413.399048
  0
TEXT
  8
2
 10
4239.382935
 20
-9413.399048
 40
0.000000
 50
0.000000
  1
# 449
  0
POINT
  8
2
 10
4239.382935
 20
-8931.807251
  0
TEXT
  8
2
 10
4239.382935
 20
-8931.807251
 40
0.000000
 50
0.000000
  1
# 450
  0
POINT
  8
3
 10
4239.382935
 20
-9361.873072
  0
POINT
  8
3
 10
4239.382935
 20
-9311.586289
  0
POINT
  8
3
 10
4239.382935
 20
-9261.099357
  0
POINT
  8
3
 10
4239.382935
 20
-9210.317585
  0
POINT
  8
3
 10
4239.382935
 20
-9159.718163
  0
POINT
  8
3
 10
4239.382935
 20
-9108.684758
  0
POINT
  8
3
 10
4239.382935
 20
-9058.508355
  0
POINT
  8
3
 10
4239.382935
 20
-9007.668531
  0
POINT
  8
3
 10
4239.382935
 20
-8957.105210
  0
POLYLINE
  8
11
  66
1
  70
0
  0
VERTEX
  8
1
  10
3999.824524
  20
-9094.622803
  0
VERTEX
  8
1
  10
4150.855713
  20
-9080.479126
  0
SEQEND
  8
11
  0
POINT
  8
2
 10
3999.824524
 20
-9094.622803
  0
TEXT
  8
2
 10
3999.824524
 20
-9094.622803
 40
0.000000
 50
0.000000
  1
# 451
  0
POINT
  8
2
 10
4150.855713
 20
-9080.479126
  0
TEXT
  8
2
 10
4150.855713
 20
-9080.479126
 40
0.000000
 50
0.000000
  1
# 452
  0
POLYLINE
  8
11
  66
1
  70
0
  0
VERTEX
  8
1
  10
4150.200195
  20
-9080.440063
  0
VERTEX
  8
1
  10
4239.382935
  20
-9081.504517
  0
SEQEND
  8
11
  0
POINT
  8
2
 10
4150.200195
 20
-9080.440063
  0
TEXT
  8
2
 10
4150.200195
 20
-9080.440063
 40
0.000000
 50
0.000000
  1
# 453
  0
POINT
  8
2
 10
4239.382935
 20
-9081.504517
  0
TEXT
  8
2
 10
4239.382935
 20
-9081.504517
 40
0.000000
 50
0.000000
  1
# 454
  0
POLYLINE
  8
11
  66
1
  70
0
  0
VERTEX
  8
1
  10
4034.266663
  20
-9217.786255
  0
VERTEX
  8
1
  10
4086.162483
  20
-9217.786255
  0
VERTEX
  8
1
  10
4136.439490
  20
-9217.786255
  0
VERTEX
  8
1
  10
4186.715168
  20
-9217.786255
  0
VERTEX
  8
1
  10
4236.251269
  20
-9217.786255
  0
VERTEX
  8
1
  10
4239.382935
  20
-9217.786255
  0
SEQEND
  8
11
  0
POINT
  8
2
 10
4034.266663
 20
-9217.786255
  0
TEXT
  8
2
 10
4034.266663
 20
-9217.786255
 40
0.000000
 50
0.000000
  1
# 455
  0
POINT
  8
2
 10
4239.382935
 20
-9217.786255
  0
TEXT
  8
2
 10
4239.382935
 20
-9217.786255
 40
0.000000
 50
0.000000
  1
# 456
  0
POINT
  8
3
 10
4086.162483
 20
-9217.786255
  0
POINT
  8
3
 10
4136.439490
 20
-9217.786255
  0
POINT
  8
3
 10
4186.715168
 20
-9217.786255
  0
POINT
  8
3
 10
4236.251269
 20
-9217.786255
  0
POLYLINE
  8
11
  66
1
  70
0
  0
VERTEX
  8
1
  10
4031.477661
  20
-9317.371216
  0
VERTEX
  8
1
  10
4029.706590
  20
-9316.616273
  0
VERTEX
  8
1
  10
4029.049423
  20
-9316.063129
  0
VERTEX
  8
1
  10
4029.201561
  20
-9315.683810
  0
VERTEX
  8
1
  10
4029.834025
  20
-9315.306362
  0
VERTEX
  8
1
  10
4033.052615
  20
-9314.567872
  0
VERTEX
  8
1
  10
4034.351008
  20
-9313.853297
  0
VERTEX
  8
1
  10
4034.326438
  20
-9313.540198
  0
VERTEX
  8
1
  10
4033.622773
  20
-9312.952611
  0
VERTEX
  8
1
  10
4030.487467
  20
-9311.669823
  0
VERTEX
  8
1
  10
4029.531359
  20
-9310.901142
  0
VERTEX
  8
1
  10
4029.654922
  20
-9310.599957
  0
VERTEX
  8
1
  10
4030.436777
  20
-9310.143741
  0
VERTEX
  8
1
  10
4033.671359
  20
-9309.366772
  0
VERTEX
  8
1
  10
4034.862905
  20
-9308.703562
  0
VERTEX
  8
1
  10
4034.724528
  20
-9308.324209
  0
VERTEX
  8
1
  10
4034.019412
  20
-9307.800723
  0
VERTEX
  8
1
  10
4031.160191
  20
-9306.676656
  0
VERTEX
  8
1
  10
4030.027835
  20
-9305.831317
  0
VERTEX
  8
1
  10
4030.102282
  20
-9305.529114
  0
VERTEX
  8
1
  10
4030.831097
  20
-9305.066862
  0
VERTEX
  8
1
  10
4034.243685
  20
-9304.223356
  0
VERTEX
  8
1
  10
4035.344123
  20
-9303.594817
  0
VERTEX
  8
1
  10
4035.237237
  20
-9303.255608
  0
VERTEX
  8
1
  10
4034.583855
  20
-9302.731844
  0
VERTEX
  8
1
  10
4031.600417
  20
-9301.544997
  0
VERTEX
  8
1
  10
4030.494650
  20
-9300.686169
  0
VERTEX
  8
1
  10
4030.618076
  20
-9300.385350
  0
VERTEX
  8
1
  10
4031.400481
  20
-9299.928879
  0
VERTEX
  8
1
  10
4034.634596
  20
-9299.152027
  0
VERTEX
  8
1
  10
4035.825185
  20
-9298.487718
  0
VERTEX
  8
1
  10
4035.717792
  20
-9298.148501
  0
VERTEX
  8
1
  10
4035.064350
  20
-9297.625544
  0
VERTEX
  8
1
  10
4032.082518
  20
-9296.437650
  0
VERTEX
  8
1
  10
4030.975527
  20
-9295.578553
  0
VERTEX
  8
1
  10
4031.098531
  20
-9295.278325
  0
VERTEX
  8
1
  10
4031.880700
  20
-9294.821831
  0
VERTEX
  8
1
  10
4035.115006
  20
-9294.044295
  0
VERTEX
  8
1
  10
4036.306403
  20
-9293.380368
  0
VERTEX
  8
1
  10
4036.199524
  20
-9293.041393
  0
VERTEX
  8
1
  10
4035.545747
  20
-9292.516875
  0
VERTEX
  8
1
  10
4032.562023
  20
-9291.328714
  0
VERTEX
  8
1
  10
4031.455756
  20
-9290.470458
  0
VERTEX
  8
1
  10
4031.578435
  20
-9290.169897
  0
VERTEX
  8
1
  10
4032.359864
  20
-9289.713018
  0
VERTEX
  8
1
  10
4035.594562
  20
-9288.935595
  0
VERTEX
  8
1
  10
4036.786093
  20
-9288.271194
  0
VERTEX
  8
1
  10
4036.678155
  20
-9287.932691
  0
VERTEX
  8
1
  10
4036.025663
  20
-9287.405479
  0
VERTEX
  8
1
  10
4033.028030
  20
-9286.214830
  0
VERTEX
  8
1
  10
4031.935007
  20
-9285.364741
  0
VERTEX
  8
1
  10
4032.058134
  20
-9285.062584
  0
VERTEX
  8
1
  10
4032.839892
  20
-9284.606461
  0
VERTEX
  8
1
  10
4036.075012
  20
-9283.828035
  0
VERTEX
  8
1
  10
4037.264385
  20
-9283.163811
  0
VERTEX
  8
1
  10
4037.156874
  20
-9282.824542
  0
VERTEX
  8
1
  10
4036.503454
  20
-9282.301250
  0
VERTEX
  8
1
  10
4033.519099
  20
-9281.116105
  0
VERTEX
  8
1
  10
4032.411241
  20
-9280.259241
  0
VERTEX
  8
1
  10
4032.534420
  20
-9279.956932
  0
VERTEX
  8
1
  10
4033.314862
  20
-9279.500137
  0
VERTEX
  8
1
  10
4036.549740
  20
-9278.717753
  0
VERTEX
  8
1
  10
4037.737386
  20
-9278.051686
  0
VERTEX
  8
1
  10
4037.629705
  20
-9277.712100
  0
VERTEX
  8
1
  10
4036.975159
  20
-9277.189736
  0
VERTEX
  8
1
  10
4033.988935
  20
-9276.010321
  0
VERTEX
  8
1
  10
4032.877987
  20
-9275.155227
  0
VERTEX
  8
1
  10
4033.001000
  20
-9274.854187
  0
VERTEX
  8
1
  10
4033.780873
  20
-9274.395466
  0
VERTEX
  8
1
  10
4037.013183
  20
-9273.604520
  0
VERTEX
  8
1
  10
4038.198732
  20
-9272.934939
  0
VERTEX
  8
1
  10
4038.089757
  20
-9272.596311
  0
VERTEX
  8
1
  10
4037.433361
  20
-9272.076356
  0
VERTEX
  8
1
  10
4034.442988
  20
-9270.906613
  0
VERTEX
  8
1
  10
4033.330191
  20
-9270.055636
  0
VERTEX
  8
1
  10
4033.451576
  20
-9269.753358
  0
VERTEX
  8
1
  10
4034.229396
  20
-9269.291635
  0
VERTEX
  8
1
  10
4037.458574
  20
-9268.488859
  0
VERTEX
  8
1
  10
4038.642045
  20
-9267.814349
  0
VERTEX
  8
1
  10
4038.531486
  20
-9267.475798
  0
VERTEX
  8
1
  10
4037.874081
  20
-9266.958803
  0
VERTEX
  8
1
  10
4034.878622
  20
-9265.801828
  0
VERTEX
  8
1
  10
4033.759886
  20
-9264.955400
  0
VERTEX
  8
1
  10
4033.880020
  20
-9264.653345
  0
VERTEX
  8
1
  10
4034.656171
  20
-9264.188219
  0
VERTEX
  8
1
  10
4037.881253
  20
-9263.369280
  0
VERTEX
  8
1
  10
4039.059893
  20
-9262.689688
  0
VERTEX
  8
1
  10
4038.948057
  20
-9262.351587
  0
VERTEX
  8
1
  10
4038.286579
  20
-9261.836982
  0
VERTEX
  8
1
  10
4035.285565
  20
-9260.697359
  0
VERTEX
  8
1
  10
4034.161633
  20
-9259.857643
  0
VERTEX
  8
1
  10
4034.279577
  20
-9259.555588
  0
VERTEX
  8
1
  10
4035.052888
  20
-9259.086085
  0
VERTEX
  8
1
  10
4038.228414
  20
-9258.265246
  0
VERTEX
  8
1
  10
4039.431301
  20
-9257.594633
  0
VERTEX
  8
1
  10
4039.363281
  20
-9257.262291
  0
VERTEX
  8
1
  10
4038.709917
  20
-9256.731359
  0
VERTEX
  8
1
  10
4035.574220
  20
-9255.547044
  0
VERTEX
  8
1
  10
4034.527894
  20
-9254.761317
  0
VERTEX
  8
1
  10
4034.644883
  20
-9254.458188
  0
VERTEX
  8
1
  10
4035.414299
  20
-9253.984440
  0
VERTEX
  8
1
  10
4038.582002
  20
-9253.138895
  0
VERTEX
  8
1
  10
4039.779624
  20
-9252.459269
  0
VERTEX
  8
1
  10
4039.709323
  20
-9252.127536
  0
VERTEX
  8
1
  10
4039.051897
  20
-9251.601886
  0
VERTEX
  8
1
  10
4035.948079
  20
-9250.465899
  0
VERTEX
  8
1
  10
4034.854087
  20
-9249.666708
  0
VERTEX
  8
1
  10
4034.967860
  20
-9249.362426
  0
VERTEX
  8
1
  10
4035.733687
  20
-9248.881307
  0
VERTEX
  8
1
  10
4038.893937
  20
-9248.009725
  0
VERTEX
  8
1
  10
4040.085009
  20
-9247.319220
  0
VERTEX
  8
1
  10
4040.011531
  20
-9246.988879
  0
VERTEX
  8
1
  10
4039.348870
  20
-9246.468457
  0
VERTEX
  8
1
  10
4036.192703
  20
-9245.338626
  0
VERTEX
  8
1
  10
4035.131823
  20
-9244.570848
  0
VERTEX
  8
1
  10
4035.242764
  20
-9244.266214
  0
VERTEX
  8
1
  10
4036.004249
  20
-9243.778050
  0
VERTEX
  8
1
  10
4039.157131
  20
-9242.876469
  0
VERTEX
  8
1
  10
4040.339299
  20
-9242.174219
  0
VERTEX
  8
1
  10
4040.262402
  20
-9241.844531
  0
VERTEX
  8
1
  10
4039.593288
  20
-9241.330697
  0
VERTEX
  8
1
  10
4036.426501
  20
-9240.234992
  0
VERTEX
  8
1
  10
4035.357701
  20
-9239.479915
  0
VERTEX
  8
1
  10
4035.465520
  20
-9239.173726
  0
VERTEX
  8
1
  10
4036.221803
  20
-9238.677842
  0
VERTEX
  8
1
  10
4039.363324
  20
-9237.740951
  0
VERTEX
  8
1
  10
4040.537981
  20
-9237.025975
  0
VERTEX
  8
1
  10
4040.456912
  20
-9236.697547
  0
VERTEX
  8
1
  10
4039.783051
  20
-9236.192181
  0
VERTEX
  8
1
  10
4036.602195
  20
-9235.131778
  0
VERTEX
  8
1
  10
4035.524914
  20
-9234.387696
  0
VERTEX
  8
1
  10
4035.629833
  20
-9234.080176
  0
VERTEX
  8
1
  10
4036.379514
  20
-9233.576674
  0
VERTEX
  8
1
  10
4039.510729
  20
-9232.603823
  0
VERTEX
  8
1
  10
4040.675172
  20
-9231.875729
  0
VERTEX
  8
1
  10
4040.590496
  20
-9231.547894
  0
VERTEX
  8
1
  10
4039.911180
  20
-9231.048684
  0
VERTEX
  8
1
  10
4036.703276
  20
-9230.048493
  0
VERTEX
  8
1
  10
4035.635036
  20
-9229.296828
  0
VERTEX
  8
1
  10
4035.733061
  20
-9228.982577
  0
VERTEX
  8
1
  10
4036.596619
  20
-9228.426971
  0
VERTEX
  8
1
  10
4039.750172
  20
-9227.375594
  0
VERTEX
  8
1
  10
4040.761348
  20
-9226.680805
  0
VERTEX
  8
1
  10
4040.588900
  20
-9226.319695
  0
VERTEX
  8
1
  10
4039.844560
  20
-9225.855476
  0
VERTEX
  8
1
  10
4036.878250
  20
-9225.009566
  0
VERTEX
  8
1
  10
4035.690268
  20
-9224.246420
  0
VERTEX
  8
1
  10
4035.731910
  20
-9223.932712
  0
VERTEX
  8
1
  10
4036.577478
  20
-9223.347646
  0
VERTEX
  8
1
  10
4039.757063
  20
-9222.233039
  0
VERTEX
  8
1
  10
4040.757511
  20
-9221.524525
  0
VERTEX
  8
1
  10
4040.580330
  20
-9221.165374
  0
VERTEX
  8
1
  10
4039.828708
  20
-9220.711752
  0
VERTEX
  8
1
  10
4036.852359
  20
-9219.911331
  0
VERTEX
  8
1
  10
4035.649016
  20
-9219.165650
  0
VERTEX
  8
1
  10
4035.687760
  20
-9218.854295
  0
VERTEX
  8
1
  10
4036.528391
  20
-9218.257831
  0
VERTEX
  8
1
  10
4039.564507
  20
-9217.102178
  0
VERTEX
  8
1
  10
4040.569828
  20
-9216.385987
  0
VERTEX
  8
1
  10
4040.436080
  20
-9216.039393
  0
VERTEX
  8
1
  10
4039.811959
  20
-9215.634895
  0
VERTEX
  8
1
  10
4036.508829
  20
-9214.854270
  0
VERTEX
  8
1
  10
4035.252771
  20
-9214.123727
  0
VERTEX
  8
1
  10
4035.239950
  20
-9213.831048
  0
VERTEX
  8
1
  10
4035.946557
  20
-9213.237458
  0
VERTEX
  8
1
  10
4039.231273
  20
-9211.854853
  0
VERTEX
  8
1
  10
4040.019153
  20
-9211.152583
  0
VERTEX
  8
1
  10
4039.746814
  20
-9210.775747
  0
VERTEX
  8
1
  10
4038.947420
  20
-9210.394292
  0
VERTEX
  8
1
  10
4035.933207
  20
-9209.751328
  0
VERTEX
  8
1
  10
4034.639981
  20
-9209.053690
  0
VERTEX
  8
1
  10
4034.630858
  20
-9208.769439
  0
VERTEX
  8
1
  10
4035.323731
  20
-9208.161321
  0
VERTEX
  8
1
  10
4038.581132
  20
-9206.712833
  0
VERTEX
  8
1
  10
4039.352140
  20
-9205.995568
  0
VERTEX
  8
1
  10
4039.111574
  20
-9205.653907
  0
VERTEX
  8
1
  10
4038.309005
  20
-9205.267470
  0
VERTEX
  8
1
  10
4035.192972
  20
-9204.661321
  0
VERTEX
  8
1
  10
4033.927052
  20
-9204.006069
  0
VERTEX
  8
1
  10
4033.911867
  20
-9203.722223
  0
VERTEX
  8
1
  10
4034.589795
  20
-9203.098779
  0
VERTEX
  8
1
  10
4037.812741
  20
-9201.576946
  0
VERTEX
  8
1
  10
4038.567620
  20
-9200.841871
  0
VERTEX
  8
1
  10
4038.318758
  20
-9200.503580
  0
VERTEX
  8
1
  10
4037.507792
  20
-9200.135011
  0
VERTEX
  8
1
  10
4034.379642
  20
-9199.600081
  0
VERTEX
  8
1
  10
4033.097021
  20
-9198.974698
  0
VERTEX
  8
1
  10
4033.074544
  20
-9198.690689
  0
VERTEX
  8
1
  10
4033.738202
  20
-9198.051834
  0
VERTEX
  8
1
  10
4036.916696
  20
-9196.443050
  0
VERTEX
  8
1
  10
4037.655933
  20
-9195.729294
  0
VERTEX
  8
1
  10
4037.438467
  20
-9195.390213
  0
VERTEX
  8
1
  10
4036.704918
  20
-9195.047606
  0
VERTEX
  8
1
  10
4033.463106
  20
-9194.564233
  0
VERTEX
  8
1
  10
4032.140331
  20
-9193.959983
  0
VERTEX
  8
1
  10
4032.109408
  20
-9193.675426
  0
VERTEX
  8
1
  10
4032.756029
  20
-9193.019759
  0
VERTEX
  8
1
  10
4035.894319
  20
-9191.334343
  0
VERTEX
  8
1
  10
4036.615460
  20
-9190.604051
  0
VERTEX
  8
1
  10
4036.390262
  20
-9190.269404
  0
VERTEX
  8
1
  10
4035.648537
  20
-9189.942934
  0
VERTEX
  8
1
  10
4032.350562
  20
-9189.522698
  0
VERTEX
  8
1
  10
4031.030631
  20
-9188.930050
  0
VERTEX
  8
1
  10
4031.041430
  20
-9188.635609
  0
VERTEX
  8
1
  10
4031.725645
  20
-9187.951888
  0
VERTEX
  8
1
  10
4034.665689
  20
-9186.307798
  0
VERTEX
  8
1
  10
4035.451337
  20
-9185.498421
  0
VERTEX
  8
1
  10
4035.218401
  20
-9185.168462
  0
VERTEX
  8
1
  10
4034.469329
  20
-9184.859457
  0
VERTEX
  8
1
  10
4031.207627
  20
-9184.524987
  0
VERTEX
  8
1
  10
4029.857077
  20
-9183.977956
  0
VERTEX
  8
1
  10
4029.812987
  20
-9183.694216
  0
VERTEX
  8
1
  10
4030.431255
  20
-9183.006846
  0
VERTEX
  8
1
  10
4033.487976
  20
-9181.174642
  0
VERTEX
  8
1
  10
4034.174589
  20
-9180.400144
  0
VERTEX
  8
1
  10
4033.949325
  20
-9180.071691
  0
VERTEX
  8
1
  10
4033.237370
  20
-9179.781162
  0
VERTEX
  8
1
  10
4031.327209
  20
-9179.594116
  0
SEQEND
  8
11
  0
POINT
  8
2
 10
4031.477661
 20
-9317.371216
  0
TEXT
  8
2
 10
4031.477661
 20
-9317.371216
 40
0.000000
 50
0.000000
  1
# 457
  0
POINT
  8
2
 10
4031.327209
 20
-9179.594116
  0
TEXT
  8
2
 10
4031.327209
 20
-9179.594116
 40
0.000000
 50
0.000000
  1
# 458
  0
POINT
  8
3
 10
4029.706590
 20
-9316.616273
  0
POINT
  8
3
 10
4029.049423
 20
-9316.063129
  0
POINT
  8
3
 10
4029.201561
 20
-9315.683810
  0
POINT
  8
3
 10
4029.834025
 20
-9315.306362
  0
POINT
  8
3
 10
4033.052615
 20
-9314.567872
  0
POINT
  8
3
 10
4034.351008
 20
-9313.853297
  0
POINT
  8
3
 10
4034.326438
 20
-9313.540198
  0
POINT
  8
3
 10
4033.622773
 20
-9312.952611
  0
POINT
  8
3
 10
4030.487467
 20
-9311.669823
  0
POINT
  8
3
 10
4029.531359
 20
-9310.901142
  0
POINT
  8
3
 10
4029.654922
 20
-9310.599957
  0
POINT
  8
3
 10
4030.436777
 20
-9310.143741
  0
POINT
  8
3
 10
4033.671359
 20
-9309.366772
  0
POINT
  8
3
 10
4034.862905
 20
-9308.703562
  0
POINT
  8
3
 10
4034.724528
 20
-9308.324209
  0
POINT
  8
3
 10
4034.019412
 20
-9307.800723
  0
POINT
  8
3
 10
4031.160191
 20
-9306.676656
  0
POINT
  8
3
 10
4030.027835
 20
-9305.831317
  0
POINT
  8
3
 10
4030.102282
 20
-9305.529114
  0
POINT
  8
3
 10
4030.831097
 20
-9305.066862
  0
POINT
  8
3
 10
4034.243685
 20
-9304.223356
  0
POINT
  8
3
 10
4035.344123
 20
-9303.594817
  0
POINT
  8
3
 10
4035.237237
 20
-9303.255608
  0
POINT
  8
3
 10
4034.583855
 20
-9302.731844
  0
POINT
  8
3
 10
4031.600417
 20
-9301.544997
  0
POINT
  8
3
 10
4030.494650
 20
-9300.686169
  0
POINT
  8
3
 10
4030.618076
 20
-9300.385350
  0
POINT
  8
3
 10
4031.400481
 20
-9299.928879
  0
POINT
  8
3
 10
4034.634596
 20
-9299.152027
  0
POINT
  8
3
 10
4035.825185
 20
-9298.487718
  0
POINT
  8
3
 10
4035.717792
 20
-9298.148501
  0
POINT
  8
3
 10
4035.064350
 20
-9297.625544
  0
POINT
  8
3
 10
4032.082518
 20
-9296.437650
  0
POINT
  8
3
 10
4030.975527
 20
-9295.578553
  0
POINT
  8
3
 10
4031.098531
 20
-9295.278325
  0
POINT
  8
3
 10
4031.880700
 20
-9294.821831
  0
POINT
  8
3
 10
4035.115006
 20
-9294.044295
  0
POINT
  8
3
 10
4036.306403
 20
-9293.380368
  0
POINT
  8
3
 10
4036.199524
 20
-9293.041393
  0
POINT
  8
3
 10
4035.545747
 20
-9292.516875
  0
POINT
  8
3
 10
4032.562023
 20
-9291.328714
  0
POINT
  8
3
 10
4031.455756
 20
-9290.470458
  0
POINT
  8
3
 10
4031.578435
 20
-9290.169897
  0
POINT
  8
3
 10
4032.359864
 20
-9289.713018
  0
POINT
  8
3
 10
4035.594562
 20
-9288.935595
  0
POINT
  8
3
 10
4036.786093
 20
-9288.271194
  0
POINT
  8
3
 10
4036.678155
 20
-9287.932691
  0
POINT
  8
3
 10
4036.025663
 20
-9287.405479
  0
POINT
  8
3
 10
4033.028030
 20
-9286.214830
  0
POINT
  8
3
 10
4031.935007
 20
-9285.364741
  0
POINT
  8
3
 10
4032.058134
 20
-9285.062584
  0
POINT
  8
3
 10
4032.839892
 20
-9284.606461
  0
POINT
  8
3
 10
4036.075012
 20
-9283.828035
  0
POINT
  8
3
 10
4037.264385
 20
-9283.163811
  0
POINT
  8
3
 10
4037.156874
 20
-9282.824542
  0
POINT
  8
3
 10
4036.503454
 20
-9282.301250
  0
POINT
  8
3
 10
4033.519099
 20
-9281.116105
  0
POINT
  8
3
 10
4032.411241
 20
-9280.259241
  0
POINT
  8
3
 10
4032.534420
 20
-9279.956932
  0
POINT
  8
3
 10
4033.314862
 20
-9279.500137
  0
POINT
  8
3
 10
4036.549740
 20
-9278.717753
  0
POINT
  8
3
 10
4037.737386
 20
-9278.051686
  0
POINT
  8
3
 10
4037.629705
 20
-9277.712100
  0
POINT
  8
3
 10
4036.975159
 20
-9277.189736
  0
POINT
  8
3
 10
4033.988935
 20
-9276.010321
  0
POINT
  8
3
 10
4032.877987
 20
-9275.155227
  0
POINT
  8
3
 10
4033.001000
 20
-9274.854187
  0
POINT
  8
3
 10
4033.780873
 20
-9274.395466
  0
POINT
  8
3
 10
4037.013183
 20
-9273.604520
  0
POINT
  8
3
 10
4038.198732
 20
-9272.934939
  0
POINT
  8
3
 10
4038.089757
 20
-9272.596311
  0
POINT
  8
3
 10
4037.433361
 20
-9272.076356
  0
POINT
  8
3
 10
4034.442988
 20
-9270.906613
  0
POINT
  8
3
 10
4033.330191
 20
-9270.055636
  0
POINT
  8
3
 10
4033.451576
 20
-9269.753358
  0
POINT
  8
3
 10
4034.229396
 20
-9269.291635
  0
POINT
  8
3
 10
4037.458574
 20
-9268.488859
  0
POINT
  8
3
 10
4038.642045
 20
-9267.814349
  0
POINT
  8
3
 10
4038.531486
 20
-9267.475798
  0
POINT
  8
3
 10
4037.874081
 20
-9266.958803
  0
POINT
  8
3
 10
4034.878622
 20
-9265.801828
  0
POINT
  8
3
 10
4033.759886
 20
-9264.955400
  0
POINT
  8
3
 10
4033.880020
 20
-9264.653345
  0
POINT
  8
3
 10
4034.656171
 20
-9264.188219
  0
POINT
  8
3
 10
4037.881253
 20
-9263.369280
  0
POINT
  8
3
 10
4039.059893
 20
-9262.689688
  0
POINT
  8
3
 10
4038.948057
 20
-9262.351587
  0
POINT
  8
3
 10
4038.286579
 20
-9261.836982
  0
POINT
  8
3
 10
4035.285565
 20
-9260.697359
  0
POINT
  8
3
 10
4034.161633
 20
-9259.857643
  0
POINT
  8
3
 10
4034.279577
 20
-9259.555588
  0
POINT
  8
3
 10
4035.052888
 20
-9259.086085
  0
POINT
  8
3
 10
4038.228414
 20
-9258.265246
  0
POINT
  8
3
 10
4039.431301
 20
-9257.594633
  0
POINT
  8
3
 10
4039.363281
 20
-9257.262291
  0
POINT
  8
3
 10
4038.709917
 20
-9256.731359
  0
POINT
  8
3
 10
4035.574220
 20
-9255.547044
  0
POINT
  8
3
 10
4034.527894
 20
-9254.761317
  0
POINT
  8
3
 10
4034.644883
 20
-9254.458188
  0
POINT
  8
3
 10
4035.414299
 20
-9253.984440
  0
POINT
  8
3
 10
4038.582002
 20
-9253.138895
  0
POINT
  8
3
 10
4039.779624
 20
-9252.459269
  0
POINT
  8
3
 10
4039.709323
 20
-9252.127536
  0
POINT
  8
3
 10
4039.051897
 20
-9251.601886
  0
POINT
  8
3
 10
4035.948079
 20
-9250.465899
  0
POINT
  8
3
 10
4034.854087
 20
-9249.666708
  0
POINT
  8
3
 10
4034.967860
 20
-9249.362426
  0
POINT
  8
3
 10
4035.733687
 20
-9248.881307
  0
POINT
  8
3
 10
4038.893937
 20
-9248.009725
  0
POINT
  8
3
 10
4040.085009
 20
-9247.319220
  0
POINT
  8
3
 10
4040.011531
 20
-9246.988879
  0
POINT
  8
3
 10
4039.348870
 20
-9246.468457
  0
POINT
  8
3
 10
4036.192703
 20
-9245.338626
  0
POINT
  8
3
 10
4035.131823
 20
-9244.570848
  0
POINT
  8
3
 10
4035.242764
 20
-9244.266214
  0
POINT
  8
3
 10
4036.004249
 20
-9243.778050
  0
POINT
  8
3
 10
4039.157131
 20
-9242.876469
  0
POINT
  8
3
 10
4040.339299
 20
-9242.174219
  0
POINT
  8
3
 10
4040.262402
 20
-9241.844531
  0
POINT
  8
3
 10
4039.593288
 20
-9241.330697
  0
POINT
  8
3
 10
4036.426501
 20
-9240.234992
  0
POINT
  8
3
 10
4035.357701
 20
-9239.479915
  0
POINT
  8
3
 10
4035.465520
 20
-9239.173726
  0
POINT
  8
3
 10
4036.221803
 20
-9238.677842
  0
POINT
  8
3
 10
4039.363324
 20
-9237.740951
  0
POINT
  8
3
 10
4040.537981
 20
-9237.025975
  0
POINT
  8
3
 10
4040.456912
 20
-9236.697547
  0
POINT
  8
3
 10
4039.783051
 20
-9236.192181
  0
POINT
  8
3
 10
4036.602195
 20
-9235.131778
  0
POINT
  8
3
 10
4035.524914
 20
-9234.387696
  0
POINT
  8
3
 10
4035.629833
 20
-9234.080176
  0
POINT
  8
3
 10
4036.379514
 20
-9233.576674
  0
POINT
  8
3
 10
4039.510729
 20
-9232.603823
  0
POINT
  8
3
 10
4040.675172
 20
-9231.875729
  0
POINT
  8
3
 10
4040.590496
 20
-9231.547894
  0
POINT
  8
3
 10
4039.911180
 20
-9231.048684
  0
POINT
  8
3
 10
4036.703276
 20
-9230.048493
  0
POINT
  8
3
 10
4035.635036
 20
-9229.296828
  0
POINT
  8
3
 10
4035.733061
 20
-9228.982577
  0
POINT
  8
3
 10
4036.596619
 20
-9228.426971
  0
POINT
  8
3
 10
4039.750172
 20
-9227.375594
  0
POINT
  8
3
 10
4040.761348
 20
-9226.680805
  0
POINT
  8
3
 10
4040.588900
 20
-9226.319695
  0
POINT
  8
3
 10
4039.844560
 20
-9225.855476
  0
POINT
  8
3
 10
4036.878250
 20
-9225.009566
  0
POINT
  8
3
 10
4035.690268
 20
-9224.246420
  0
POINT
  8
3
 10
4035.731910
 20
-9223.932712
  0
POINT
  8
3
 10
4036.577478
 20
-9223.347646
  0
POINT
  8
3
 10
4039.757063
 20
-9222.233039
  0
POINT
  8
3
 10
4040.757511
 20
-9221.524525
  0
POINT
  8
3
 10
4040.580330
 20
-9221.165374
  0
POINT
  8
3
 10
4039.828708
 20
-9220.711752
  0
POINT
  8
3
 10
4036.852359
 20
-9219.911331
  0
POINT
  8
3
 10
4035.649016
 20
-9219.165650
  0
POINT
  8
3
 10
4035.687760
 20
-9218.854295
  0
POINT
  8
3
 10
4036.528391
 20
-9218.257831
  0
POINT
  8
3
 10
4039.564507
 20
-9217.102178
  0
POINT
  8
3
 10
4040.569828
 20
-9216.385987
  0
POINT
  8
3
 10
4040.436080
 20
-9216.039393
  0
POINT
  8
3
 10
4039.811959
 20
-9215.634895
  0
POINT
  8
3
 10
4036.508829
 20
-9214.854270
  0
POINT
  8
3
 10
4035.252771
 20
-9214.123727
  0
POINT
  8
3
 10
4035.239950
 20
-9213.831048
  0
POINT
  8
3
 10
4035.946557
 20
-9213.237458
  0
POINT
  8
3
 10
4039.231273
 20
-9211.854853
  0
POINT
  8
3
 10
4040.019153
 20
-9211.152583
  0
POINT
  8
3
 10
4039.746814
 20
-9210.775747
  0
POINT
  8
3
 10
4038.947420
 20
-9210.394292
  0
POINT
  8
3
 10
4035.933207
 20
-9209.751328
  0
POINT
  8
3
 10
4034.639981
 20
-9209.053690
  0
POINT
  8
3
 10
4034.630858
 20
-9208.769439
  0
POINT
  8
3
 10
4035.323731
 20
-9208.161321
  0
POINT
  8
3
 10
4038.581132
 20
-9206.712833
  0
POINT
  8
3
 10
4039.352140
 20
-9205.995568
  0
POINT
  8
3
 10
4039.111574
 20
-9205.653907
  0
POINT
  8
3
 10
4038.309005
 20
-9205.267470
  0
POINT
  8
3
 10
4035.192972
 20
-9204.661321
  0
POINT
  8
3
 10
4033.927052
 20
-9204.006069
  0
POINT
  8
3
 10
4033.911867
 20
-9203.722223
  0
POINT
  8
3
 10
4034.589795
 20
-9203.098779
  0
POINT
  8
3
 10
4037.812741
 20
-9201.576946
  0
POINT
  8
3
 10
4038.567620
 20
-9200.841871
  0
POINT
  8
3
 10
4038.318758
 20
-9200.503580
  0
POINT
  8
3
 10
4037.507792
 20
-9200.135011
  0
POINT
  8
3
 10
4034.379642
 20
-9199.600081
  0
POINT
  8
3
 10
4033.097021
 20
-9198.974698
  0
POINT
  8
3
 10
4033.074544
 20
-9198.690689
  0
POINT
  8
3
 10
4033.738202
 20
-9198.051834
  0
POINT
  8
3
 10
4036.916696
 20
-9196.443050
  0
POINT
  8
3
 10
4037.655933
 20
-9195.729294
  0
POINT
  8
3
 10
4037.438467
 20
-9195.390213
  0
POINT
  8
3
 10
4036.704918
 20
-9195.047606
  0
POINT
  8
3
 10
4033.463106
 20
-9194.564233
  0
POINT
  8
3
 10
4032.140331
 20
-9193.959983
  0
POINT
  8
3
 10
4032.109408
 20
-9193.675426
  0
POINT
  8
3
 10
4032.756029
 20
-9193.019759
  0
POINT
  8
3
 10
4035.894319
 20
-9191.334343
  0
POINT
  8
3
 10
4036.615460
 20
-9190.604051
  0
POINT
  8
3
 10
4036.390262
 20
-9190.269404
  0
POINT
  8
3
 10
4035.648537
 20
-9189.942934
  0
POINT
  8
3
 10
4032.350562
 20
-9189.522698
  0
POINT
  8
3
 10
4031.030631
 20
-9188.930050
  0
POINT
  8
3
 10
4031.041430
 20
-9188.635609
  0
POINT
  8
3
 10
4031.725645
 20
-9187.951888
  0
POINT
  8
3
 10
4034.665689
 20
-9186.307798
  0
POINT
  8
3
 10
4035.451337
 20
-9185.498421
  0
POINT
  8
3
 10
4035.218401
 20
-9185.168462
  0
POINT
  8
3
 10
4034.469329
 20
-9184.859457
  0
POINT
  8
3
 10
4031.207627
 20
-9184.524987
  0
POINT
  8
3
 10
4029.857077
 20
-9183.977956
  0
POINT
  8
3
 10
4029.812987
 20
-9183.694216
  0
POINT
  8
3
 10
4030.431255
 20
-9183.006846
  0
POINT
  8
3
 10
4033.487976
 20
-9181.174642
  0
POINT
  8
3
 10
4034.174589
 20
-9180.400144
  0
POINT
  8
3
 10
4033.949325
 20
-9180.071691
  0
POINT
  8
3
 10
4033.237370
 20
-9179.781162
  0
POLYLINE
  8
11
  6
2
  66
1
  70
0
  0
VERTEX
  8
1
  10
4006.713257
  20
-9093.979492
  0
VERTEX
  8
1
  10
4009.634687
  20
-9086.649201
  0
VERTEX
  8
1
  10
4011.542785
  20
-9080.653837
  0
VERTEX
  8
1
  10
4012.921774
  20
-9075.028023
  0
VERTEX
  8
1
  10
4013.947655
  20
-9068.872789
  0
VERTEX
  8
1
  10
4014.552303
  20
-9062.711172
  0
VERTEX
  8
1
  10
4014.779950
  20
-9055.872672
  0
VERTEX
  8
1
  10
4014.582834
  20
-9048.691579
  0
VERTEX
  8
1
  10
4013.939871
  20
-9041.025303
  0
VERTEX
  8
1
  10
4012.864470
  20
-9033.195450
  0
VERTEX
  8
1
  10
4011.329342
  20
-9025.096595
  0
VERTEX
  8
1
  10
4009.363141
  20
-9016.935114
  0
VERTEX
  8
1
  10
4006.891860
  20
-9008.441674
  0
VERTEX
  8
1
  10
4003.864931
  20
-8999.537738
  0
VERTEX
  8
1
  10
4000.268898
  20
-8990.276156
  0
VERTEX
  8
1
  10
3996.365926
  20
-8981.346470
  0
VERTEX
  8
1
  10
3992.092304
  20
-8972.583842
  0
VERTEX
  8
1
  10
3987.467907
  20
-8964.048267
  0
VERTEX
  8
1
  10
3982.585934
  20
-8955.895553
  0
VERTEX
  8
1
  10
3977.434450
  20
-8948.079368
  0
VERTEX
  8
1
  10
3971.956057
  20
-8940.517099
  0
VERTEX
  8
1
  10
3965.730117
  20
-8932.676758
  0
VERTEX
  8
1
  10
3957.699585
  20
-8923.333740
  0
SEQEND
  8
11
  0
POINT
  8
2
 10
4006.713257
 20
-9093.979492
  0
TEXT
  8
2
 10
4006.713257
 20
-9093.979492
 40
0.000000
 50
0.000000
  1
# 459
  0
POINT
  8
2
 10
3957.699585
 20
-8923.333740
  0
TEXT
  8
2
 10
3957.699585
 20
-8923.333740
 40
0.000000
 50
0.000000
  1
# 460
  0
POINT
  8
3
 10
4009.634687
 20
-9086.649201
  0
POINT
  8
3
 10
4011.542785
 20
-9080.653837
  0
POINT
  8
3
 10
4012.921774
 20
-9075.028023
  0
POINT
  8
3
 10
4013.947655
 20
-9068.872789
  0
POINT
  8
3
 10
4014.552303
 20
-9062.711172
  0
POINT
  8
3
 10
4014.779950
 20
-9055.872672
  0
POINT
  8
3
 10
4014.582834
 20
-9048.691579
  0
POINT
  8
3
 10
4013.939871
 20
-9041.025303
  0
POINT
  8
3
 10
4012.864470
 20
-9033.195450
  0
POINT
  8
3
 10
4011.329342
 20
-9025.096595
  0
POINT
  8
3
 10
4009.363141
 20
-9016.935114
  0
POINT
  8
3
 10
4006.891860
 20
-9008.441674
  0
POINT
  8
3
 10
4003.864931
 20
-8999.537738
  0
POINT
  8
3
 10
4000.268898
 20
-8990.276156
  0
POINT
  8
3
 10
3996.365926
 20
-8981.346470
  0
POINT
  8
3
 10
3992.092304
 20
-8972.583842
  0
POINT
  8
3
 10
3987.467907
 20
-8964.048267
  0
POINT
  8
3
 10
3982.585934
 20
-8955.895553
  0
POINT
  8
3
 10
3977.434450
 20
-8948.079368
  0
POINT
  8
3
 10
3971.956057
 20
-8940.517099
  0
POINT
  8
3
 10
3965.730117
 20
-8932.676758
  0
POLYLINE
  8
11
  66
1
  70
0
  0
VERTEX
  8
1
  10
4128.233948
  20
-9397.313843
  0
VERTEX
  8
1
  10
4140.237732
  20
-9414.149780
  0
SEQEND
  8
11
  0
POINT
  8
2
 10
4128.233948
 20
-9397.313843
  0
TEXT
  8
2
 10
4128.233948
 20
-9397.313843
 40
0.000000
 50
0.000000
  1
# 461
  0
POINT
  8
2
 10
4140.237732
 20
-9414.149780
  0
TEXT
  8
2
 10
4140.237732
 20
-9414.149780
 40
0.000000
 50
0.000000
  1
# 462
  0
POLYLINE
  8
11
  66
1
  70
0
  0
VERTEX
  8
1
  10
4128.711548
  20
-8822.731934
  0
VERTEX
  8
1
  10
4128.711548
  20
-9414.394531
  0
SEQEND
  8
11
  0
POINT
  8
2
 10
4128.711548
 20
-8822.731934
  0
TEXT
  8
2
 10
4128.711548
 20
-8822.731934
 40
0.000000
 50
0.000000
  1
# 463
  0
POINT
  8
2
 10
4128.711548
 20
-9414.394531
  0
TEXT
  8
2
 10
4128.711548
 20
-9414.394531
 40
0.000000
 50
0.000000
  1
# 464
  0
POLYLINE
  8
11
  66
1
  70
0
  0
VERTEX
  8
1
  10
4137.899780
  20
-8896.986694
  0
VERTEX
  8
1
  10
4134.970299
  20
-8895.969174
  0
VERTEX
  8
1
  10
4132.938243
  20
-8894.798062
  0
VERTEX
  8
1
  10
4131.109723
  20
-8893.283713
  0
VERTEX
  8
1
  10
4129.710795
  20
-8891.610530
  0
VERTEX
  8
1
  10
4128.652392
  20
-8889.695344
  0
VERTEX
  8
1
  10
4127.975416
  20
-8887.623565
  0
VERTEX
  8
1
  10
4127.683791
  20
-8885.344063
  0
VERTEX
  8
1
  10
4127.810129
  20
-8882.004045
  0
VERTEX
  8
1
  10
4128.192749
  20
-8878.065796
  0
SEQEND
  8
11
  0
POINT
  8
2
 10
4137.899780
 20
-8896.986694
  0
TEXT
  8
2
 10
4137.899780
 20
-8896.986694
 40
0.000000
 50
0.000000
  1
# 465
  0
POINT
  8
2
 10
4128.192749
 20
-8878.065796
  0
TEXT
  8
2
 10
4128.192749
 20
-8878.065796
 40
0.000000
 50
0.000000
  1
# 466
  0
POINT
  8
3
 10
4134.970299
 20
-8895.969174
  0
POINT
  8
3
 10
4132.938243
 20
-8894.798062
  0
POINT
  8
3
 10
4131.109723
 20
-8893.283713
  0
POINT
  8
3
 10
4129.710795
 20
-8891.610530
  0
POINT
  8
3
 10
4128.652392
 20
-8889.695344
  0
POINT
  8
3
 10
4127.975416
 20
-8887.623565
  0
POINT
  8
3
 10
4127.683791
 20
-8885.344063
  0
POINT
  8
3
 10
4127.810129
 20
-8882.004045
  0
POLYLINE
  8
11
  66
1
  70
0
  0
VERTEX
  8
1
  10
4128.192749
  20
-8878.065796
  0
VERTEX
  8
1
  10
4125.517306
  20
-8876.748605
  0
VERTEX
  8
1
  10
4123.733122
  20
-8875.389786
  0
VERTEX
  8
1
  10
4122.129755
  20
-8873.650089
  0
VERTEX
  8
1
  10
4120.962586
  20
-8871.795933
  0
VERTEX
  8
1
  10
4120.185258
  20
-8869.782787
  0
VERTEX
  8
1
  10
4119.804799
  20
-8867.597804
  0
VERTEX
  8
1
  10
4119.827527
  20
-8864.927900
  0
VERTEX
  8
1
  10
4120.400018
  20
-8860.423366
  0
VERTEX
  8
1
  10
4120.621033
  20
-8859.047241
  0
SEQEND
  8
11
  0
POINT
  8
2
 10
4128.192749
 20
-8878.065796
  0
TEXT
  8
2
 10
4128.192749
 20
-8878.065796
 40
0.000000
 50
0.000000
  1
# 467
  0
POINT
  8
2
 10
4120.621033
 20
-8859.047241
  0
TEXT
  8
2
 10
4120.621033
 20
-8859.047241
 40
0.000000
 50
0.000000
  1
# 468
  0
POINT
  8
3
 10
4125.517306
 20
-8876.748605
  0
POINT
  8
3
 10
4123.733122
 20
-8875.389786
  0
POINT
  8
3
 10
4122.129755
 20
-8873.650089
  0
POINT
  8
3
 10
4120.962586
 20
-8871.795933
  0
POINT
  8
3
 10
4120.185258
 20
-8869.782787
  0
POINT
  8
3
 10
4119.804799
 20
-8867.597804
  0
POINT
  8
3
 10
4119.827527
 20
-8864.927900
  0
POINT
  8
3
 10
4120.400018
 20
-8860.423366
  0
POLYLINE
  8
11
  66
1
  70
0
  0
VERTEX
  8
1
  10
4120.621033
  20
-8859.047241
  0
VERTEX
  8
1
  10
4118.071437
  20
-8857.407711
  0
VERTEX
  8
1
  10
4116.432181
  20
-8855.818245
  0
VERTEX
  8
1
  10
4115.138862
  20
-8853.999866
  0
VERTEX
  8
1
  10
4114.207625
  20
-8851.981302
  0
VERTEX
  8
1
  10
4113.673596
  20
-8849.845226
  0
VERTEX
  8
1
  10
4113.549493
  20
-8847.662171
  0
VERTEX
  8
1
  10
4113.902001
  20
-8844.775441
  0
VERTEX
  8
1
  10
4115.030212
  20
-8839.431763
  0
SEQEND
  8
11
  0
POINT
  8
2
 10
4120.621033
 20
-8859.047241
  0
TEXT
  8
2
 10
4120.621033
 20
-8859.047241
 40
0.000000
 50
0.000000
  1
# 469
  0
POINT
  8
2
 10
4115.030212
 20
-8839.431763
  0
TEXT
  8
2
 10
4115.030212
 20
-8839.431763
 40
0.000000
 50
0.000000
  1
# 470
  0
POINT
  8
3
 10
4118.071437
 20
-8857.407711
  0
POINT
  8
3
 10
4116.432181
 20
-8855.818245
  0
POINT
  8
3
 10
4115.138862
 20
-8853.999866
  0
POINT
  8
3
 10
4114.207625
 20
-8851.981302
  0
POINT
  8
3
 10
4113.673596
 20
-8849.845226
  0
POINT
  8
3
 10
4113.549493
 20
-8847.662171
  0
POINT
  8
3
 10
4113.902001
 20
-8844.775441
  0
POLYLINE
  8
11
  66
1
  70
0
  0
VERTEX
  8
1
  10
4168.482971
  20
-8927.796631
  0
VERTEX
  8
1
  10
4165.046320
  20
-8928.061184
  0
VERTEX
  8
1
  10
4162.668185
  20
-8927.832240
  0
VERTEX
  8
1
  10
4160.445702
  20
-8927.203638
  0
VERTEX
  8
1
  10
4158.284421
  20
-8926.155418
  0
VERTEX
  8
1
  10
4156.456318
  20
-8924.823640
  0
VERTEX
  8
1
  10
4154.956715
  20
-8923.222691
  0
VERTEX
  8
1
  10
4153.828689
  20
-8921.403254
  0
VERTEX
  8
1
  10
4152.752011
  20
-8918.778590
  0
VERTEX
  8
1
  10
4151.847839
  20
-8915.731812
  0
SEQEND
  8
11
  0
POINT
  8
2
 10
4168.482971
 20
-8927.796631
  0
TEXT
  8
2
 10
4168.482971
 20
-8927.796631
 40
0.000000
 50
0.000000
  1
# 471
  0
POINT
  8
2
 10
4151.847839
 20
-8915.731812
  0
TEXT
  8
2
 10
4151.847839
 20
-8915.731812
 40
0.000000
 50
0.000000
  1
# 472
  0
POINT
  8
3
 10
4165.046320
 20
-8928.061184
  0
POINT
  8
3
 10
4162.668185
 20
-8927.832240
  0
POINT
  8
3
 10
4160.445702
 20
-8927.203638
  0
POINT
  8
3
 10
4158.284421
 20
-8926.155418
  0
POINT
  8
3
 10
4156.456318
 20
-8924.823640
  0
POINT
  8
3
 10
4154.956715
 20
-8923.222691
  0
POINT
  8
3
 10
4153.828689
 20
-8921.403254
  0
POINT
  8
3
 10
4152.752011
 20
-8918.778590
  0
POLYLINE
  8
11
  66
1
  70
0
  0
VERTEX
  8
1
  10
4187.165222
  20
-8937.782593
  0
VERTEX
  8
1
  10
4183.899201
  20
-8938.569832
  0
VERTEX
  8
1
  10
4181.578666
  20
-8938.704733
  0
VERTEX
  8
1
  10
4179.270105
  20
-8938.425750
  0
VERTEX
  8
1
  10
4177.034562
  20
-8937.752208
  0
VERTEX
  8
1
  10
4175.003239
  20
-8936.722639
  0
VERTEX
  8
1
  10
4173.304077
  20
-8935.408535
  0
VERTEX
  8
1
  10
4171.800962
  20
-8933.684726
  0
VERTEX
  8
1
  10
4170.210863
  20
-8931.142699
  0
VERTEX
  8
1
  10
4169.030151
  20
-8928.847656
  0
SEQEND
  8
11
  0
POINT
  8
2
 10
4187.165222
 20
-8937.782593
  0
TEXT
  8
2
 10
4187.165222
 20
-8937.782593
 40
0.000000
 50
0.000000
  1
# 473
  0
POINT
  8
2
 10
4169.030151
 20
-8928.847656
  0
TEXT
  8
2
 10
4169.030151
 20
-8928.847656
 40
0.000000
 50
0.000000
  1
# 474
  0
POINT
  8
3
 10
4183.899201
 20
-8938.569832
  0
POINT
  8
3
 10
4181.578666
 20
-8938.704733
  0
POINT
  8
3
 10
4179.270105
 20
-8938.425750
  0
POINT
  8
3
 10
4177.034562
 20
-8937.752208
  0
POINT
  8
3
 10
4175.003239
 20
-8936.722639
  0
POINT
  8
3
 10
4173.304077
 20
-8935.408535
  0
POINT
  8
3
 10
4171.800962
 20
-8933.684726
  0
POINT
  8
3
 10
4170.210863
 20
-8931.142699
  0
POLYLINE
  8
11
  66
1
  70
0
  0
VERTEX
  8
1
  10
4189.772034
  20
-8931.693726
  0
VERTEX
  8
1
  10
4188.539175
  20
-8928.534922
  0
VERTEX
  8
1
  10
4187.346411
  20
-8926.582845
  0
VERTEX
  8
1
  10
4185.824774
  20
-8924.883874
  0
VERTEX
  8
1
  10
4183.975656
  20
-8923.434266
  0
VERTEX
  8
1
  10
4181.945220
  20
-8922.353793
  0
VERTEX
  8
1
  10
4179.899102
  20
-8921.716929
  0
VERTEX
  8
1
  10
4177.716368
  20
-8921.489854
  0
VERTEX
  8
1
  10
4174.703141
  20
-8921.678973
  0
VERTEX
  8
1
  10
4172.027893
  20
-8922.067261
  0
SEQEND
  8
11
  0
POINT
  8
2
 10
4189.772034
 20
-8931.693726
  0
TEXT
  8
2
 10
4189.772034
 20
-8931.693726
 40
0.000000
 50
0.000000
  1
# 475
  0
POINT
  8
2
 10
4172.027893
 20
-8922.067261
  0
TEXT
  8
2
 10
4172.027893
 20
-8922.067261
 40
0.000000
 50
0.000000
  1
# 476
  0
POINT
  8
3
 10
4188.539175
 20
-8928.534922
  0
POINT
  8
3
 10
4187.346411
 20
-8926.582845
  0
POINT
  8
3
 10
4185.824774
 20
-8924.883874
  0
POINT
  8
3
 10
4183.975656
 20
-8923.434266
  0
POINT
  8
3
 10
4181.945220
 20
-8922.353793
  0
POINT
  8
3
 10
4179.899102
 20
-8921.716929
  0
POINT
  8
3
 10
4177.716368
 20
-8921.489854
  0
POINT
  8
3
 10
4174.703141
 20
-8921.678973
  0
POLYLINE
  8
11
  66
1
  70
0
  0
VERTEX
  8
1
  10
4133.809814
  20
-8874.646606
  0
VERTEX
  8
1
  10
4134.981739
  20
-8871.484864
  0
VERTEX
  8
1
  10
4135.394195
  20
-8869.164589
  0
VERTEX
  8
1
  10
4135.368934
  20
-8866.917259
  0
VERTEX
  8
1
  10
4134.921353
  20
-8864.605736
  0
VERTEX
  8
1
  10
4134.099987
  20
-8862.504947
  0
VERTEX
  8
1
  10
4132.987229
  20
-8860.742108
  0
VERTEX
  8
1
  10
4131.488192
  20
-8859.182536
  0
VERTEX
  8
1
  10
4129.101136
  20
-8857.415176
  0
VERTEX
  8
1
  10
4126.374207
  20
-8855.719604
  0
SEQEND
  8
11
  0
POINT
  8
2
 10
4133.809814
 20
-8874.646606
  0
TEXT
  8
2
 10
4133.809814
 20
-8874.646606
 40
0.000000
 50
0.000000
  1
# 477
  0
POINT
  8
2
 10
4126.374207
 20
-8855.719604
  0
TEXT
  8
2
 10
4126.374207
 20
-8855.719604
 40
0.000000
 50
0.000000
  1
# 478
  0
POINT
  8
3
 10
4134.981739
 20
-8871.484864
  0
POINT
  8
3
 10
4135.394195
 20
-8869.164589
  0
POINT
  8
3
 10
4135.368934
 20
-8866.917259
  0
POINT
  8
3
 10
4134.921353
 20
-8864.605736
  0
POINT
  8
3
 10
4134.099987
 20
-8862.504947
  0
POINT
  8
3
 10
4132.987229
 20
-8860.742108
  0
POINT
  8
3
 10
4131.488192
 20
-8859.182536
  0
POINT
  8
3
 10
4129.101136
 20
-8857.415176
  0
POLYLINE
  8
11
  66
1
  70
0
  0
VERTEX
  8
1
  10
4126.395874
  20
-8855.733643
  0
VERTEX
  8
1
  10
4127.938766
  20
-8852.715697
  0
VERTEX
  8
1
  10
4128.606834
  20
-8850.521842
  0
VERTEX
  8
1
  10
4128.857230
  20
-8848.276743
  0
VERTEX
  8
1
  10
4128.701397
  20
-8845.977228
  0
VERTEX
  8
1
  10
4128.143539
  20
-8843.772977
  0
VERTEX
  8
1
  10
4127.237634
  20
-8841.856950
  0
VERTEX
  8
1
  10
4125.940396
  20
-8840.133802
  0
VERTEX
  8
1
  10
4123.826900
  20
-8838.134656
  0
VERTEX
  8
1
  10
4121.627197
  20
-8836.381226
  0
SEQEND
  8
11
  0
POINT
  8
2
 10
4126.395874
 20
-8855.733643
  0
TEXT
  8
2
 10
4126.395874
 20
-8855.733643
 40
0.000000
 50
0.000000
  1
# 479
  0
POINT
  8
2
 10
4121.627197
 20
-8836.381226
  0
TEXT
  8
2
 10
4121.627197
 20
-8836.381226
 40
0.000000
 50
0.000000
  1
# 480
  0
POINT
  8
3
 10
4127.938766
 20
-8852.715697
  0
POINT
  8
3
 10
4128.606834
 20
-8850.521842
  0
POINT
  8
3
 10
4128.857230
 20
-8848.276743
  0
POINT
  8
3
 10
4128.701397
 20
-8845.977228
  0
POINT
  8
3
 10
4128.143539
 20
-8843.772977
  0
POINT
  8
3
 10
4127.237634
 20
-8841.856950
  0
POINT
  8
3
 10
4125.940396
 20
-8840.133802
  0
POINT
  8
3
 10
4123.826900
 20
-8838.134656
  0
POLYLINE
  8
11
  66
1
  70
0
  0
VERTEX
  8
1
  10
4239.382629
  20
-8952.266235
  0
VERTEX
  8
1
  10
4236.688249
  20
-8951.868495
  0
VERTEX
  8
1
  10
4234.378921
  20
-8951.006486
  0
VERTEX
  8
1
  10
4231.290525
  20
-8949.335537
  0
VERTEX
  8
1
  10
4230.228577
  20
-8948.679810
  0
SEQEND
  8
11
  0
POINT
  8
2
 10
4239.382629
 20
-8952.266235
  0
TEXT
  8
2
 10
4239.382629
 20
-8952.266235
 40
0.000000
 50
0.000000
  1
# 481
  0
POINT
  8
2
 10
4230.228577
 20
-8948.679810
  0
TEXT
  8
2
 10
4230.228577
 20
-8948.679810
 40
0.000000
 50
0.000000
  1
# 482
  0
POINT
  8
3
 10
4236.688249
 20
-8951.868495
  0
POINT
  8
3
 10
4234.378921
 20
-8951.006486
  0
POINT
  8
3
 10
4231.290525
 20
-8949.335537
  0
POLYLINE
  8
11
  66
1
  70
0
  0
VERTEX
  8
1
  10
4239.382935
  20
-8937.709351
  0
VERTEX
  8
1
  10
4236.792967
  20
-8938.005655
  0
VERTEX
  8
1
  10
4234.560191
  20
-8938.770776
  0
VERTEX
  8
1
  10
4231.392998
  20
-8940.393279
  0
VERTEX
  8
1
  10
4229.855347
  20
-8941.286011
  0
SEQEND
  8
11
  0
POINT
  8
2
 10
4239.382935
 20
-8937.709351
  0
TEXT
  8
2
 10
4239.382935
 20
-8937.709351
 40
0.000000
 50
0.000000
  1
# 483
  0
POINT
  8
2
 10
4229.855347
 20
-8941.286011
  0
TEXT
  8
2
 10
4229.855347
 20
-8941.286011
 40
0.000000
 50
0.000000
  1
# 484
  0
POINT
  8
3
 10
4236.792967
 20
-8938.005655
  0
POINT
  8
3
 10
4234.560191
 20
-8938.770776
  0
POINT
  8
3
 10
4231.392998
 20
-8940.393279
  0
POLYLINE
  8
11
  66
1
  70
0
  0
VERTEX
  8
1
  10
4229.855347
  20
-8941.286011
  0
VERTEX
  8
1
  10
4227.780144
  20
-8938.685071
  0
VERTEX
  8
1
  10
4225.990245
  20
-8937.104141
  0
VERTEX
  8
1
  10
4224.016737
  20
-8935.920261
  0
VERTEX
  8
1
  10
4221.826244
  20
-8935.077652
  0
VERTEX
  8
1
  10
4219.556320
  20
-8934.632565
  0
VERTEX
  8
1
  10
4217.393560
  20
-8934.620148
  0
VERTEX
  8
1
  10
4215.250624
  20
-8935.038309
  0
VERTEX
  8
1
  10
4212.404904
  20
-8936.102201
  0
VERTEX
  8
1
  10
4209.526672
  20
-8937.460327
  0
SEQEND
  8
11
  0
POINT
  8
2
 10
4229.855347
 20
-8941.286011
  0
TEXT
  8
2
 10
4229.855347
 20
-8941.286011
 40
0.000000
 50
0.000000
  1
# 485
  0
POINT
  8
2
 10
4209.526672
 20
-8937.460327
  0
TEXT
  8
2
 10
4209.526672
 20
-8937.460327
 40
0.000000
 50
0.000000
  1
# 486
  0
POINT
  8
3
 10
4227.780144
 20
-8938.685071
  0
POINT
  8
3
 10
4225.990245
 20
-8937.104141
  0
POINT
  8
3
 10
4224.016737
 20
-8935.920261
  0
POINT
  8
3
 10
4221.826244
 20
-8935.077652
  0
POINT
  8
3
 10
4219.556320
 20
-8934.632565
  0
POINT
  8
3
 10
4217.393560
 20
-8934.620148
  0
POINT
  8
3
 10
4215.250624
 20
-8935.038309
  0
POINT
  8
3
 10
4212.404904
 20
-8936.102201
  0
POLYLINE
  8
11
  66
1
  70
0
  0
VERTEX
  8
1
  10
4209.526672
  20
-8937.460327
  0
VERTEX
  8
1
  10
4207.698474
  20
-8934.673474
  0
VERTEX
  8
1
  10
4206.120589
  20
-8932.978919
  0
VERTEX
  8
1
  10
4204.352510
  20
-8931.655186
  0
VERTEX
  8
1
  10
4202.178326
  20
-8930.555248
  0
VERTEX
  8
1
  10
4200.063994
  20
-8929.913625
  0
VERTEX
  8
1
  10
4197.936362
  20
-8929.673024
  0
VERTEX
  8
1
  10
4195.693494
  20
-8929.872472
  0
VERTEX
  8
1
  10
4192.859419
  20
-8930.607987
  0
VERTEX
  8
1
  10
4189.761658
  20
-8931.697998
  0
SEQEND
  8
11
  0
POINT
  8
2
 10
4209.526672
 20
-8937.460327
  0
TEXT
  8
2
 10
4209.526672
 20
-8937.460327
 40
0.000000
 50
0.000000
  1
# 487
  0
POINT
  8
2
 10
4189.761658
 20
-8931.697998
  0
TEXT
  8
2
 10
4189.761658
 20
-8931.697998
 40
0.000000
 50
0.000000
  1
# 488
  0
POINT
  8
3
 10
4207.698474
 20
-8934.673474
  0
POINT
  8
3
 10
4206.120589
 20
-8932.978919
  0
POINT
  8
3
 10
4204.352510
 20
-8931.655186
  0
POINT
  8
3
 10
4202.178326
 20
-8930.555248
  0
POINT
  8
3
 10
4200.063994
 20
-8929.913625
  0
POINT
  8
3
 10
4197.936362
 20
-8929.673024
  0
POINT
  8
3
 10
4195.693494
 20
-8929.872472
  0
POINT
  8
3
 10
4192.859419
 20
-8930.607987
  0
POLYLINE
  8
11
  66
1
  70
0
  0
VERTEX
  8
1
  10
4156.743164
  20
-8908.457031
  0
VERTEX
  8
1
  10
4156.826056
  20
-8904.981525
  0
VERTEX
  8
1
  10
4156.475975
  20
-8902.612305
  0
VERTEX
  8
1
  10
4155.734703
  20
-8900.426782
  0
VERTEX
  8
1
  10
4154.608648
  20
-8898.379389
  0
VERTEX
  8
1
  10
4153.154969
  20
-8896.576570
  0
VERTEX
  8
1
  10
4151.505200
  20
-8895.172688
  0
VERTEX
  8
1
  10
4149.611518
  20
-8894.124626
  0
VERTEX
  8
1
  10
4146.864168
  20
-8893.184853
  0
VERTEX
  8
1
  10
4143.727417
  20
-8892.433472
  0
SEQEND
  8
11
  0
POINT
  8
2
 10
4156.743164
 20
-8908.457031
  0
TEXT
  8
2
 10
4156.743164
 20
-8908.457031
 40
0.000000
 50
0.000000
  1
# 489
  0
POINT
  8
2
 10
4143.727417
 20
-8892.433472
  0
TEXT
  8
2
 10
4143.727417
 20
-8892.433472
 40
0.000000
 50
0.000000
  1
# 490
  0
POINT
  8
3
 10
4156.826056
 20
-8904.981525
  0
POINT
  8
3
 10
4156.475975
 20
-8902.612305
  0
POINT
  8
3
 10
4155.734703
 20
-8900.426782
  0
POINT
  8
3
 10
4154.608648
 20
-8898.379389
  0
POINT
  8
3
 10
4153.154969
 20
-8896.576570
  0
POINT
  8
3
 10
4151.505200
 20
-8895.172688
  0
POINT
  8
3
 10
4149.611518
 20
-8894.124626
  0
POINT
  8
3
 10
4146.864168
 20
-8893.184853
  0
POLYLINE
  8
11
  66
1
  70
0
  0
VERTEX
  8
1
  10
4143.727417
  20
-8892.433472
  0
VERTEX
  8
1
  10
4144.463635
  20
-8889.147201
  0
VERTEX
  8
1
  10
4144.559727
  20
-8886.795944
  0
VERTEX
  8
1
  10
4144.232594
  20
-8884.572432
  0
VERTEX
  8
1
  10
4143.477609
  20
-8882.338055
  0
VERTEX
  8
1
  10
4142.379827
  20
-8880.360672
  0
VERTEX
  8
1
  10
4141.033929
  20
-8878.751443
  0
VERTEX
  8
1
  10
4139.338244
  20
-8877.401336
  0
VERTEX
  8
1
  10
4136.816223
  20
-8875.998707
  0
VERTEX
  8
1
  10
4133.807678
  20
-8874.633789
  0
SEQEND
  8
11
  0
POINT
  8
2
 10
4143.727417
 20
-8892.433472
  0
TEXT
  8
2
 10
4143.727417
 20
-8892.433472
 40
0.000000
 50
0.000000
  1
# 491
  0
POINT
  8
2
 10
4133.807678
 20
-8874.633789
  0
TEXT
  8
2
 10
4133.807678
 20
-8874.633789
 40
0.000000
 50
0.000000
  1
# 492
  0
POINT
  8
3
 10
4144.463635
 20
-8889.147201
  0
POINT
  8
3
 10
4144.559727
 20
-8886.795944
  0
POINT
  8
3
 10
4144.232594
 20
-8884.572432
  0
POINT
  8
3
 10
4143.477609
 20
-8882.338055
  0
POINT
  8
3
 10
4142.379827
 20
-8880.360672
  0
POINT
  8
3
 10
4141.033929
 20
-8878.751443
  0
POINT
  8
3
 10
4139.338244
 20
-8877.401336
  0
POINT
  8
3
 10
4136.816223
 20
-8875.998707
  0
POLYLINE
  8
11
  66
1
  70
0
  0
VERTEX
  8
1
  10
4228.021545
  20
-8947.727661
  0
VERTEX
  8
1
  10
4225.109347
  20
-8949.512153
  0
VERTEX
  8
1
  10
4222.885502
  20
-8950.390355
  0
VERTEX
  8
1
  10
4220.622818
  20
-8950.839037
  0
VERTEX
  8
1
  10
4218.216481
  20
-8950.889176
  0
VERTEX
  8
1
  10
4215.961076
  20
-8950.535743
  0
VERTEX
  8
1
  10
4213.961223
  20
-8949.837355
  0
VERTEX
  8
1
  10
4211.935015
  20
-8948.643379
  0
VERTEX
  8
1
  10
4209.800187
  20
-8946.845929
  0
VERTEX
  8
1
  10
4207.579346
  20
-8944.556885
  0
SEQEND
  8
11
  0
POINT
  8
2
 10
4228.021545
 20
-8947.727661
  0
TEXT
  8
2
 10
4228.021545
 20
-8947.727661
 40
0.000000
 50
0.000000
  1
# 493
  0
POINT
  8
2
 10
4207.579346
 20
-8944.556885
  0
TEXT
  8
2
 10
4207.579346
 20
-8944.556885
 40
0.000000
 50
0.000000
  1
# 494
  0
POINT
  8
3
 10
4225.109347
 20
-8949.512153
  0
POINT
  8
3
 10
4222.885502
 20
-8950.390355
  0
POINT
  8
3
 10
4220.622818
 20
-8950.839037
  0
POINT
  8
3
 10
4218.216481
 20
-8950.889176
  0
POINT
  8
3
 10
4215.961076
 20
-8950.535743
  0
POINT
  8
3
 10
4213.961223
 20
-8949.837355
  0
POINT
  8
3
 10
4211.935015
 20
-8948.643379
  0
POINT
  8
3
 10
4209.800187
 20
-8946.845929
  0
POLYLINE
  8
11
  66
1
  70
0
  0
VERTEX
  8
1
  10
4207.120361
  20
-8944.366455
  0
VERTEX
  8
1
  10
4203.979292
  20
-8945.686735
  0
VERTEX
  8
1
  10
4201.629263
  20
-8946.226985
  0
VERTEX
  8
1
  10
4199.334812
  20
-8946.333046
  0
VERTEX
  8
1
  10
4197.048472
  20
-8946.042713
  0
VERTEX
  8
1
  10
4194.774701
  20
-8945.325555
  0
VERTEX
  8
1
  10
4192.838485
  20
-8944.298655
  0
VERTEX
  8
1
  10
4191.038965
  20
-8942.869369
  0
VERTEX
  8
1
  10
4189.281871
  20
-8940.917558
  0
VERTEX
  8
1
  10
4187.415771
  20
-8938.162231
  0
SEQEND
  8
11
  0
POINT
  8
2
 10
4207.120361
 20
-8944.366455
  0
TEXT
  8
2
 10
4207.120361
 20
-8944.366455
 40
0.000000
 50
0.000000
  1
# 495
  0
POINT
  8
2
 10
4187.415771
 20
-8938.162231
  0
TEXT
  8
2
 10
4187.415771
 20
-8938.162231
 40
0.000000
 50
0.000000
  1
# 496
  0
POINT
  8
3
 10
4203.979292
 20
-8945.686735
  0
POINT
  8
3
 10
4201.629263
 20
-8946.226985
  0
POINT
  8
3
 10
4199.334812
 20
-8946.333046
  0
POINT
  8
3
 10
4197.048472
 20
-8946.042713
  0
POINT
  8
3
 10
4194.774701
 20
-8945.325555
  0
POINT
  8
3
 10
4192.838485
 20
-8944.298655
  0
POINT
  8
3
 10
4191.038965
 20
-8942.869369
  0
POINT
  8
3
 10
4189.281871
 20
-8940.917558
  0
POLYLINE
  8
11
  66
1
  70
0
  0
VERTEX
  8
1
  10
4151.090393
  20
-8914.739990
  0
VERTEX
  8
1
  10
4147.592041
  20
-8913.806134
  0
VERTEX
  8
1
  10
4145.303259
  20
-8912.771292
  0
VERTEX
  8
1
  10
4143.278254
  20
-8911.395771
  0
VERTEX
  8
1
  10
4141.440631
  20
-8909.636760
  0
VERTEX
  8
1
  10
4139.962667
  20
-8907.639320
  0
VERTEX
  8
1
  10
4138.939375
  20
-8905.552137
  0
VERTEX
  8
1
  10
4138.306767
  20
-8903.232011
  0
VERTEX
  8
1
  10
4137.970645
  20
-8900.208536
  0
VERTEX
  8
1
  10
4137.899780
  20
-8896.986694
  0
SEQEND
  8
11
  0
POINT
  8
2
 10
4151.090393
 20
-8914.739990
  0
TEXT
  8
2
 10
4151.090393
 20
-8914.739990
 40
0.000000
 50
0.000000
  1
# 497
  0
POINT
  8
2
 10
4137.899780
 20
-8896.986694
  0
TEXT
  8
2
 10
4137.899780
 20
-8896.986694
 40
0.000000
 50
0.000000
  1
# 498
  0
POINT
  8
3
 10
4147.592041
 20
-8913.806134
  0
POINT
  8
3
 10
4145.303259
 20
-8912.771292
  0
POINT
  8
3
 10
4143.278254
 20
-8911.395771
  0
POINT
  8
3
 10
4141.440631
 20
-8909.636760
  0
POINT
  8
3
 10
4139.962667
 20
-8907.639320
  0
POINT
  8
3
 10
4138.939375
 20
-8905.552137
  0
POINT
  8
3
 10
4138.306767
 20
-8903.232011
  0
POINT
  8
3
 10
4137.970645
 20
-8900.208536
  0
POLYLINE
  8
11
  66
1
  70
0
  0
VERTEX
  8
1
  10
4172.030640
  20
-8922.083740
  0
VERTEX
  8
1
  10
4171.581711
  20
-8918.680497
  0
VERTEX
  8
1
  10
4170.872024
  20
-8916.415721
  0
VERTEX
  8
1
  10
4169.812162
  20
-8914.404992
  0
VERTEX
  8
1
  10
4168.378287
  20
-8912.566224
  0
VERTEX
  8
1
  10
4166.660631
  20
-8911.025337
  0
VERTEX
  8
1
  10
4164.800467
  20
-8909.902699
  0
VERTEX
  8
1
  10
4162.762429
  20
-8909.175285
  0
VERTEX
  8
1
  10
4159.981168
  20
-8908.699756
  0
VERTEX
  8
1
  10
4156.743164
  20
-8908.457031
  0
SEQEND
  8
11
  0
POINT
  8
2
 10
4172.030640
 20
-8922.083740
  0
TEXT
  8
2
 10
4172.030640
 20
-8922.083740
 40
0.000000
 50
0.000000
  1
# 499
  0
POINT
  8
2
 10
4156.743164
 20
-8908.457031
  0
TEXT
  8
2
 10
4156.743164
 20
-8908.457031
 40
0.000000
 50
0.000000
  1
# 500
  0
POINT
  8
3
 10
4171.581711
 20
-8918.680497
  0
POINT
  8
3
 10
4170.872024
 20
-8916.415721
  0
POINT
  8
3
 10
4169.812162
 20
-8914.404992
  0
POINT
  8
3
 10
4168.378287
 20
-8912.566224
  0
POINT
  8
3
 10
4166.660631
 20
-8911.025337
  0
POINT
  8
3
 10
4164.800467
 20
-8909.902699
  0
POINT
  8
3
 10
4162.762429
 20
-8909.175285
  0
POINT
  8
3
 10
4159.981168
 20
-8908.699756
  0
POLYLINE
  8
11
  66
1
  70
0
  0
VERTEX
  8
1
  10
4115.030212
  20
-8839.431763
  0
VERTEX
  8
1
  10
4112.341233
  20
-8838.023895
  0
VERTEX
  8
1
  10
4110.562275
  20
-8836.584569
  0
VERTEX
  8
1
  10
4109.107251
  20
-8834.887209
  0
VERTEX
  8
1
  10
4107.994590
  20
-8832.958229
  0
VERTEX
  8
1
  10
4107.267152
  20
-8830.877970
  0
VERTEX
  8
1
  10
4106.942734
  20
-8828.714240
  0
VERTEX
  8
1
  10
4107.031018
  20
-8825.785196
  0
VERTEX
  8
1
  10
4107.662659
  20
-8820.387573
  0
SEQEND
  8
11
  0
POINT
  8
2
 10
4115.030212
 20
-8839.431763
  0
TEXT
  8
2
 10
4115.030212
 20
-8839.431763
 40
0.000000
 50
0.000000
  1
# 501
  0
POINT
  8
2
 10
4107.662659
 20
-8820.387573
  0
TEXT
  8
2
 10
4107.662659
 20
-8820.387573
 40
0.000000
 50
0.000000
  1
# 502
  0
POINT
  8
3
 10
4112.341233
 20
-8838.023895
  0
POINT
  8
3
 10
4110.562275
 20
-8836.584569
  0
POINT
  8
3
 10
4109.107251
 20
-8834.887209
  0
POINT
  8
3
 10
4107.994590
 20
-8832.958229
  0
POINT
  8
3
 10
4107.267152
 20
-8830.877970
  0
POINT
  8
3
 10
4106.942734
 20
-8828.714240
  0
POINT
  8
3
 10
4107.031018
 20
-8825.785196
  0
POLYLINE
  8
11
  66
1
  70
0
  0
VERTEX
  8
1
  10
4121.627197
  20
-8836.381226
  0
VERTEX
  8
1
  10
4123.326955
  20
-8833.445193
  0
VERTEX
  8
1
  10
4124.109738
  20
-8831.287584
  0
VERTEX
  8
1
  10
4124.478108
  20
-8829.057971
  0
VERTEX
  8
1
  10
4124.443830
  20
-8826.754601
  0
VERTEX
  8
1
  10
4124.002172
  20
-8824.524799
  0
VERTEX
  8
1
  10
4123.198119
  20
-8822.565373
  0
VERTEX
  8
1
  10
4121.993468
  20
-8820.778809
  0
VERTEX
  8
1
  10
4119.988238
  20
-8818.675961
  0
VERTEX
  8
1
  10
4117.883911
  20
-8816.812744
  0
SEQEND
  8
11
  0
POINT
  8
2
 10
4121.627197
 20
-8836.381226
  0
TEXT
  8
2
 10
4121.627197
 20
-8836.381226
 40
0.000000
 50
0.000000
  1
# 503
  0
POINT
  8
2
 10
4117.883911
 20
-8816.812744
  0
TEXT
  8
2
 10
4117.883911
 20
-8816.812744
 40
0.000000
 50
0.000000
  1
# 504
  0
POINT
  8
3
 10
4123.326955
 20
-8833.445193
  0
POINT
  8
3
 10
4124.109738
 20
-8831.287584
  0
POINT
  8
3
 10
4124.478108
 20
-8829.057971
  0
POINT
  8
3
 10
4124.443830
 20
-8826.754601
  0
POINT
  8
3
 10
4124.002172
 20
-8824.524799
  0
POINT
  8
3
 10
4123.198119
 20
-8822.565373
  0
POINT
  8
3
 10
4121.993468
 20
-8820.778809
  0
POINT
  8
3
 10
4119.988238
 20
-8818.675961
  0
POLYLINE
  8
11
  6
2
  66
1
  70
0
  0
VERTEX
  8
1
  10
4127.775879
  20
-8823.174438
  0
VERTEX
  8
1
  10
4130.264724
  20
-8835.223666
  0
VERTEX
  8
1
  10
4132.545317
  20
-8844.310398
  0
VERTEX
  8
1
  10
4135.229206
  20
-8853.239755
  0
VERTEX
  8
1
  10
4138.107972
  20
-8861.453007
  0
VERTEX
  8
1
  10
4141.037689
  20
-8868.597446
  0
VERTEX
  8
1
  10
4144.319083
  20
-8875.508910
  0
VERTEX
  8
1
  10
4147.865153
  20
-8882.002552
  0
VERTEX
  8
1
  10
4151.688035
  20
-8888.117484
  0
VERTEX
  8
1
  10
4155.697336
  20
-8893.734940
  0
VERTEX
  8
1
  10
4159.914698
  20
-8898.918406
  0
VERTEX
  8
1
  10
4164.356315
  20
-8903.701378
  0
VERTEX
  8
1
  10
4168.838943
  20
-8907.923500
  0
VERTEX
  8
1
  10
4173.697591
  20
-8911.912720
  0
VERTEX
  8
1
  10
4178.791818
  20
-8915.542329
  0
VERTEX
  8
1
  10
4184.025470
  20
-8918.767460
  0
VERTEX
  8
1
  10
4189.456990
  20
-8921.637832
  0
VERTEX
  8
1
  10
4195.063700
  20
-8924.135722
  0
VERTEX
  8
1
  10
4200.880873
  20
-8926.272206
  0
VERTEX
  8
1
  10
4207.473540
  20
-8928.226744
  0
VERTEX
  8
1
  10
4214.558313
  20
-8929.876524
  0
VERTEX
  8
1
  10
4222.469268
  20
-8931.277894
  0
VERTEX
  8
1
  10
4229.797233
  20
-8932.189392
  0
VERTEX
  8
1
  10
4238.079918
  20
-8932.753869
  0
VERTEX
  8
1
  10
4239.382935
  20
-8932.807617
  0
SEQEND
  8
11
  0
POINT
  8
2
 10
4127.775879
 20
-8823.174438
  0
TEXT
  8
2
 10
4127.775879
 20
-8823.174438
 40
0.000000
 50
0.000000
  1
# 505
  0
POINT
  8
2
 10
4239.382935
 20
-8932.807617
  0
TEXT
  8
2
 10
4239.382935
 20
-8932.807617
 40
0.000000
 50
0.000000
  1
# 506
  0
POINT
  8
3
 10
4130.264724
 20
-8835.223666
  0
POINT
  8
3
 10
4132.545317
 20
-8844.310398
  0
POINT
  8
3
 10
4135.229206
 20
-8853.239755
  0
POINT
  8
3
 10
4138.107972
 20
-8861.453007
  0
POINT
  8
3
 10
4141.037689
 20
-8868.597446
  0
POINT
  8
3
 10
4144.319083
 20
-8875.508910
  0
POINT
  8
3
 10
4147.865153
 20
-8882.002552
  0
POINT
  8
3
 10
4151.688035
 20
-8888.117484
  0
POINT
  8
3
 10
4155.697336
 20
-8893.734940
  0
POINT
  8
3
 10
4159.914698
 20
-8898.918406
  0
POINT
  8
3
 10
4164.356315
 20
-8903.701378
  0
POINT
  8
3
 10
4168.838943
 20
-8907.923500
  0
POINT
  8
3
 10
4173.697591
 20
-8911.912720
  0
POINT
  8
3
 10
4178.791818
 20
-8915.542329
  0
POINT
  8
3
 10
4184.025470
 20
-8918.767460
  0
POINT
  8
3
 10
4189.456990
 20
-8921.637832
  0
POINT
  8
3
 10
4195.063700
 20
-8924.135722
  0
POINT
  8
3
 10
4200.880873
 20
-8926.272206
  0
POINT
  8
3
 10
4207.473540
 20
-8928.226744
  0
POINT
  8
3
 10
4214.558313
 20
-8929.876524
  0
POINT
  8
3
 10
4222.469268
 20
-8931.277894
  0
POINT
  8
3
 10
4229.797233
 20
-8932.189392
  0
POINT
  8
3
 10
4238.079918
 20
-8932.753869
  0
POLYLINE
  8
11
  6
2
  66
1
  70
0
  0
VERTEX
  8
1
  10
4239.382935
  20
-9396.398926
  0
VERTEX
  8
1
  10
4186.764620
  20
-9396.676547
  0
VERTEX
  8
1
  10
4135.847151
  20
-9397.266733
  0
VERTEX
  8
1
  10
4090.134108
  20
-9398.175392
  0
VERTEX
  8
1
  10
4047.509418
  20
-9399.433053
  0
VERTEX
  8
1
  10
4020.520935
  20
-9400.421143
  0
SEQEND
  8
11
  0
POINT
  8
2
 10
4239.382935
 20
-9396.398926
  0
TEXT
  8
2
 10
4239.382935
 20
-9396.398926
 40
0.000000
 50
0.000000
  1
# 507
  0
POINT
  8
2
 10
4020.520935
 20
-9400.421143
  0
TEXT
  8
2
 10
4020.520935
 20
-9400.421143
 40
0.000000
 50
0.000000
  1
# 508
  0
POINT
  8
3
 10
4186.764620
 20
-9396.676547
  0
POINT
  8
3
 10
4135.847151
 20
-9397.266733
  0
POINT
  8
3
 10
4090.134108
 20
-9398.175392
  0
POINT
  8
3
 10
4047.509418
 20
-9399.433053
  0
POLYLINE
  8
11
  6
2
  66
1
  70
0
  0
VERTEX
  8
1
  10
4239.382935
  20
-9393.399048
  0
VERTEX
  8
1
  10
4186.742263
  20
-9393.676658
  0
VERTEX
  8
1
  10
4135.811022
  20
-9394.266685
  0
VERTEX
  8
1
  10
4090.060561
  20
-9395.176106
  0
VERTEX
  8
1
  10
4047.415617
  20
-9396.434507
  0
VERTEX
  8
1
  10
4020.508423
  20
-9397.419434
  0
SEQEND
  8
11
  0
POINT
  8
2
 10
4239.382935
 20
-9393.399048
  0
TEXT
  8
2
 10
4239.382935
 20
-9393.399048
 40
0.000000
 50
0.000000
  1
# 509
  0
POINT
  8
2
 10
4020.508423
 20
-9397.419434
  0
TEXT
  8
2
 10
4020.508423
 20
-9397.419434
 40
0.000000
 50
0.000000
  1
# 510
  0
POINT
  8
3
 10
4186.742263
 20
-9393.676658
  0
POINT
  8
3
 10
4135.811022
 20
-9394.266685
  0
POINT
  8
3
 10
4090.060561
 20
-9395.176106
  0
POINT
  8
3
 10
4047.415617
 20
-9396.434507
  0
POLYLINE
  8
11
  66
1
  70
0
  0
VERTEX
  8
1
  10
4478.941345
  20
-9094.622803
  0
VERTEX
  8
1
  10
4327.910156
  20
-9080.479126
  0
SEQEND
  8
11
  0
POINT
  8
2
 10
4478.941345
 20
-9094.622803
  0
TEXT
  8
2
 10
4478.941345
 20
-9094.622803
 40
0.000000
 50
0.000000
  1
# 511
  0
POINT
  8
2
 10
4327.910156
 20
-9080.479126
  0
TEXT
  8
2
 10
4327.910156
 20
-9080.479126
 40
0.000000
 50
0.000000
  1
# 512
  0
POLYLINE
  8
11
  66
1
  70
0
  0
VERTEX
  8
1
  10
4328.565674
  20
-9080.440063
  0
VERTEX
  8
1
  10
4239.382935
  20
-9081.504517
  0
SEQEND
  8
11
  0
POINT
  8
2
 10
4328.565674
 20
-9080.440063
  0
TEXT
  8
2
 10
4328.565674
 20
-9080.440063
 40
0.000000
 50
0.000000
  1
# 513
  0
POINT
  8
2
 10
4239.382935
 20
-9081.504517
  0
TEXT
  8
2
 10
4239.382935
 20
-9081.504517
 40
0.000000
 50
0.000000
  1
# 514
  0
POLYLINE
  8
11
  66
1
  70
0
  0
VERTEX
  8
1
  10
4444.499207
  20
-9217.786255
  0
VERTEX
  8
1
  10
4411.698449
  20
-9217.786255
  0
VERTEX
  8
1
  10
4380.475709
  20
-9217.786255
  0
VERTEX
  8
1
  10
4347.418467
  20
-9217.786255
  0
VERTEX
  8
1
  10
4316.238314
  20
-9217.786255
  0
VERTEX
  8
1
  10
4285.189764
  20
-9217.786255
  0
VERTEX
  8
1
  10
4239.382935
  20
-9217.786255
  0
SEQEND
  8
11
  0
POINT
  8
2
 10
4444.499207
 20
-9217.786255
  0
TEXT
  8
2
 10
4444.499207
 20
-9217.786255
 40
0.000000
 50
0.000000
  1
# 515
  0
POINT
  8
2
 10
4239.382935
 20
-9217.786255
  0
TEXT
  8
2
 10
4239.382935
 20
-9217.786255
 40
0.000000
 50
0.000000
  1
# 516
  0
POINT
  8
3
 10
4411.698449
 20
-9217.786255
  0
POINT
  8
3
 10
4380.475709
 20
-9217.786255
  0
POINT
  8
3
 10
4347.418467
 20
-9217.786255
  0
POINT
  8
3
 10
4316.238314
 20
-9217.786255
  0
POINT
  8
3
 10
4285.189764
 20
-9217.786255
  0
POLYLINE
  8
11
  66
1
  70
0
  0
VERTEX
  8
1
  10
4447.288208
  20
-9317.371216
  0
VERTEX
  8
1
  10
4448.300849
  20
-9317.008193
  0
VERTEX
  8
1
  10
4449.311900
  20
-9316.461441
  0
VERTEX
  8
1
  10
4449.627939
  20
-9316.216698
  0
VERTEX
  8
1
  10
4449.723707
  20
-9316.000291
  0
VERTEX
  8
1
  10
4449.564309
  20
-9315.683810
  0
VERTEX
  8
1
  10
4449.136691
  20
-9315.381166
  0
VERTEX
  8
1
  10
4448.451325
  20
-9315.197706
  0
VERTEX
  8
1
  10
4446.249299
  20
-9314.750022
  0
VERTEX
  8
1
  10
4444.732203
  20
-9314.095013
  0
VERTEX
  8
1
  10
4444.461083
  20
-9313.906130
  0
VERTEX
  8
1
  10
4444.369320
  20
-9313.739107
  0
VERTEX
  8
1
  10
4444.568274
  20
-9313.383714
  0
VERTEX
  8
1
  10
4445.103732
  20
-9312.973899
  0
VERTEX
  8
1
  10
4445.890782
  20
-9312.653772
  0
VERTEX
  8
1
  10
4447.634326
  20
-9312.009571
  0
VERTEX
  8
1
  10
4448.902148
  20
-9311.252344
  0
VERTEX
  8
1
  10
4449.170458
  20
-9311.014554
  0
VERTEX
  8
1
  10
4449.243441
  20
-9310.823772
  0
VERTEX
  8
1
  10
4449.000924
  20
-9310.502096
  0
VERTEX
  8
1
  10
4448.421881
  20
-9310.176364
  0
VERTEX
  8
1
  10
4447.593493
  20
-9309.976545
  0
VERTEX
  8
1
  10
4445.753461
  20
-9309.587618
  0
VERTEX
  8
1
  10
4444.315482
  20
-9309.023630
  0
VERTEX
  8
1
  10
4443.999381
  20
-9308.831781
  0
VERTEX
  8
1
  10
4443.891239
  20
-9308.651811
  0
VERTEX
  8
1
  10
4444.063521
  20
-9308.297456
  0
VERTEX
  8
1
  10
4444.548761
  20
-9307.901009
  0
VERTEX
  8
1
  10
4445.300216
  20
-9307.595095
  0
VERTEX
  8
1
  10
4447.103550
  20
-9306.933231
  0
VERTEX
  8
1
  10
4448.420316
  20
-9306.145505
  0
VERTEX
  8
1
  10
4448.688892
  20
-9305.907380
  0
VERTEX
  8
1
  10
4448.761903
  20
-9305.716740
  0
VERTEX
  8
1
  10
4448.519797
  20
-9305.395215
  0
VERTEX
  8
1
  10
4447.940948
  20
-9305.069163
  0
VERTEX
  8
1
  10
4447.112711
  20
-9304.868870
  0
VERTEX
  8
1
  10
4445.270435
  20
-9304.479218
  0
VERTEX
  8
1
  10
4443.834216
  20
-9303.915101
  0
VERTEX
  8
1
  10
4443.517936
  20
-9303.722732
  0
VERTEX
  8
1
  10
4443.409869
  20
-9303.542449
  0
VERTEX
  8
1
  10
4443.581906
  20
-9303.189042
  0
VERTEX
  8
1
  10
4444.067146
  20
-9302.792801
  0
VERTEX
  8
1
  10
4444.818736
  20
-9302.486739
  0
VERTEX
  8
1
  10
4446.622239
  20
-9301.824756
  0
VERTEX
  8
1
  10
4447.938798
  20
-9301.037296
  0
VERTEX
  8
1
  10
4448.207153
  20
-9300.799468
  0
VERTEX
  8
1
  10
4448.280166
  20
-9300.609088
  0
VERTEX
  8
1
  10
4448.037321
  20
-9300.287138
  0
VERTEX
  8
1
  10
4447.458047
  20
-9299.961448
  0
VERTEX
  8
1
  10
4446.629867
  20
-9299.761774
  0
VERTEX
  8
1
  10
4444.789602
  20
-9299.373055
  0
VERTEX
  8
1
  10
4443.353123
  20
-9298.808220
  0
VERTEX
  8
1
  10
4443.036690
  20
-9298.615489
  0
VERTEX
  8
1
  10
4442.928784
  20
-9298.435047
  0
VERTEX
  8
1
  10
4443.101245
  20
-9298.082273
  0
VERTEX
  8
1
  10
4443.586531
  20
-9297.686551
  0
VERTEX
  8
1
  10
4444.337516
  20
-9297.380501
  0
VERTEX
  8
1
  10
4446.140015
  20
-9296.717627
  0
VERTEX
  8
1
  10
4447.457722
  20
-9295.929502
  0
VERTEX
  8
1
  10
4447.726081
  20
-9295.691990
  0
VERTEX
  8
1
  10
4447.799316
  20
-9295.501914
  0
VERTEX
  8
1
  10
4447.556734
  20
-9295.179948
  0
VERTEX
  8
1
  10
4446.977926
  20
-9294.854451
  0
VERTEX
  8
1
  10
4446.149995
  20
-9294.654565
  0
VERTEX
  8
1
  10
4444.308923
  20
-9294.265066
  0
VERTEX
  8
1
  10
4442.871730
  20
-9293.700601
  0
VERTEX
  8
1
  10
4442.555726
  20
-9293.508468
  0
VERTEX
  8
1
  10
4442.447690
  20
-9293.328360
  0
VERTEX
  8
1
  10
4442.619922
  20
-9292.974416
  0
VERTEX
  8
1
  10
4443.105304
  20
-9292.577860
  0
VERTEX
  8
1
  10
4443.857017
  20
-9292.271401
  0
VERTEX
  8
1
  10
4445.660112
  20
-9291.608743
  0
VERTEX
  8
1
  10
4446.977336
  20
-9290.821360
  0
VERTEX
  8
1
  10
4447.245823
  20
-9290.583823
  0
VERTEX
  8
1
  10
4447.319173
  20
-9290.393638
  0
VERTEX
  8
1
  10
4447.077304
  20
-9290.071695
  0
VERTEX
  8
1
  10
4446.498635
  20
-9289.745647
  0
VERTEX
  8
1
  10
4445.670305
  20
-9289.545402
  0
VERTEX
  8
1
  10
4443.828188
  20
-9289.155972
  0
VERTEX
  8
1
  10
4442.391921
  20
-9288.591589
  0
VERTEX
  8
1
  10
4442.075856
  20
-9288.399267
  0
VERTEX
  8
1
  10
4441.968131
  20
-9288.219241
  0
VERTEX
  8
1
  10
4442.140727
  20
-9287.866552
  0
VERTEX
  8
1
  10
4442.646462
  20
-9287.455401
  0
VERTEX
  8
1
  10
4443.432874
  20
-9287.140020
  0
VERTEX
  8
1
  10
4445.192959
  20
-9286.496011
  0
VERTEX
  8
1
  10
4446.497621
  20
-9285.715579
  0
VERTEX
  8
1
  10
4446.766987
  20
-9285.477128
  0
VERTEX
  8
1
  10
4446.840166
  20
-9285.286218
  0
VERTEX
  8
1
  10
4446.597764
  20
-9284.964778
  0
VERTEX
  8
1
  10
4446.018715
  20
-9284.639075
  0
VERTEX
  8
1
  10
4445.190077
  20
-9284.439055
  0
VERTEX
  8
1
  10
4443.350000
  20
-9284.049568
  0
VERTEX
  8
1
  10
4441.913561
  20
-9283.484421
  0
VERTEX
  8
1
  10
4441.597497
  20
-9283.291850
  0
VERTEX
  8
1
  10
4441.489710
  20
-9283.111457
  0
VERTEX
  8
1
  10
4441.661966
  20
-9282.758454
  0
VERTEX
  8
1
  10
4442.147699
  20
-9282.362090
  0
VERTEX
  8
1
  10
4442.899612
  20
-9282.056164
  0
VERTEX
  8
1
  10
4444.703244
  20
-9281.395241
  0
VERTEX
  8
1
  10
4446.020973
  20
-9280.609694
  0
VERTEX
  8
1
  10
4446.290659
  20
-9280.371596
  0
VERTEX
  8
1
  10
4446.363931
  20
-9280.180797
  0
VERTEX
  8
1
  10
4446.122262
  20
-9279.859579
  0
VERTEX
  8
1
  10
4445.543205
  20
-9279.532708
  0
VERTEX
  8
1
  10
4444.714469
  20
-9279.331654
  0
VERTEX
  8
1
  10
4442.874950
  20
-9278.940260
  0
VERTEX
  8
1
  10
4441.440261
  20
-9278.373061
  0
VERTEX
  8
1
  10
4441.124208
  20
-9278.179594
  0
VERTEX
  8
1
  10
4441.016588
  20
-9277.998720
  0
VERTEX
  8
1
  10
4441.189493
  20
-9277.645780
  0
VERTEX
  8
1
  10
4441.675542
  20
-9277.250567
  0
VERTEX
  8
1
  10
4442.427553
  20
-9276.945911
  0
VERTEX
  8
1
  10
4444.234289
  20
-9276.287441
  0
VERTEX
  8
1
  10
4445.554065
  20
-9275.504811
  0
VERTEX
  8
1
  10
4445.823429
  20
-9275.268262
  0
VERTEX
  8
1
  10
4445.896977
  20
-9275.078374
  0
VERTEX
  8
1
  10
4445.655801
  20
-9274.756599
  0
VERTEX
  8
1
  10
4445.077188
  20
-9274.428290
  0
VERTEX
  8
1
  10
4444.249135
  20
-9274.225179
  0
VERTEX
  8
1
  10
4442.410960
  20
-9273.828937
  0
VERTEX
  8
1
  10
4440.977771
  20
-9273.257487
  0
VERTEX
  8
1
  10
4440.662476
  20
-9273.063190
  0
VERTEX
  8
1
  10
4440.555496
  20
-9272.882210
  0
VERTEX
  8
1
  10
4440.729783
  20
-9272.530130
  0
VERTEX
  8
1
  10
4441.217570
  20
-9272.136576
  0
VERTEX
  8
1
  10
4441.970742
  20
-9271.834335
  0
VERTEX
  8
1
  10
4443.779153
  20
-9271.182083
  0
VERTEX
  8
1
  10
4445.100436
  20
-9270.404261
  0
VERTEX
  8
1
  10
4445.370871
  20
-9270.168227
  0
VERTEX
  8
1
  10
4445.445241
  20
-9269.978204
  0
VERTEX
  8
1
  10
4445.205557
  20
-9269.655128
  0
VERTEX
  8
1
  10
4444.629043
  20
-9269.324952
  0
VERTEX
  8
1
  10
4443.802007
  20
-9269.119111
  0
VERTEX
  8
1
  10
4441.965662
  20
-9268.716151
  0
VERTEX
  8
1
  10
4440.533236
  20
-9268.138599
  0
VERTEX
  8
1
  10
4440.218600
  20
-9267.943001
  0
VERTEX
  8
1
  10
4440.112410
  20
-9267.761473
  0
VERTEX
  8
1
  10
4440.287415
  20
-9267.410839
  0
VERTEX
  8
1
  10
4440.776684
  20
-9267.018609
  0
VERTEX
  8
1
  10
4441.531244
  20
-9266.718993
  0
VERTEX
  8
1
  10
4443.343680
  20
-9266.073999
  0
VERTEX
  8
1
  10
4444.668760
  20
-9265.302457
  0
VERTEX
  8
1
  10
4444.940483
  20
-9265.067830
  0
VERTEX
  8
1
  10
4445.015857
  20
-9264.878440
  0
VERTEX
  8
1
  10
4444.777222
  20
-9264.554592
  0
VERTEX
  8
1
  10
4444.201642
  20
-9264.221829
  0
VERTEX
  8
1
  10
4443.375945
  20
-9264.011701
  0
VERTEX
  8
1
  10
4441.541181
  20
-9263.599517
  0
VERTEX
  8
1
  10
4440.113808
  20
-9263.015930
  0
VERTEX
  8
1
  10
4439.800187
  20
-9262.818797
  0
VERTEX
  8
1
  10
4439.694759
  20
-9262.636722
  0
VERTEX
  8
1
  10
4439.872367
  20
-9262.285458
  0
VERTEX
  8
1
  10
4440.363506
  20
-9261.896288
  0
VERTEX
  8
1
  10
4441.119046
  20
-9261.601300
  0
VERTEX
  8
1
  10
4442.934954
  20
-9260.966469
  0
VERTEX
  8
1
  10
4444.265213
  20
-9260.202450
  0
VERTEX
  8
1
  10
4444.537918
  20
-9259.969930
  0
VERTEX
  8
1
  10
4444.614509
  20
-9259.781370
  0
VERTEX
  8
1
  10
4444.378237
  20
-9259.456058
  0
VERTEX
  8
1
  10
4443.805194
  20
-9259.120353
  0
VERTEX
  8
1
  10
4442.980206
  20
-9258.905635
  0
VERTEX
  8
1
  10
4441.149429
  20
-9258.482471
  0
VERTEX
  8
1
  10
4439.724265
  20
-9257.888452
  0
VERTEX
  8
1
  10
4439.411975
  20
-9257.689083
  0
VERTEX
  8
1
  10
4439.307843
  20
-9257.506164
  0
VERTEX
  8
1
  10
4439.487443
  20
-9257.156412
  0
VERTEX
  8
1
  10
4439.981446
  20
-9256.769853
  0
VERTEX
  8
1
  10
4440.739285
  20
-9256.479643
  0
VERTEX
  8
1
  10
4442.561024
  20
-9255.857525
  0
VERTEX
  8
1
  10
4443.896203
  20
-9255.103775
  0
VERTEX
  8
1
  10
4444.171062
  20
-9254.872874
  0
VERTEX
  8
1
  10
4444.248693
  20
-9254.684688
  0
VERTEX
  8
1
  10
4444.014625
  20
-9254.359221
  0
VERTEX
  8
1
  10
4443.443444
  20
-9254.019374
  0
VERTEX
  8
1
  10
4442.620508
  20
-9253.798292
  0
VERTEX
  8
1
  10
4440.793564
  20
-9253.360664
  0
VERTEX
  8
1
  10
4439.373489
  20
-9252.755826
  0
VERTEX
  8
1
  10
4439.062845
  20
-9252.554148
  0
VERTEX
  8
1
  10
4438.960119
  20
-9252.370504
  0
VERTEX
  8
1
  10
4439.142254
  20
-9252.022227
  0
VERTEX
  8
1
  10
4439.639390
  20
-9251.639644
  0
VERTEX
  8
1
  10
4440.400330
  20
-9251.355508
  0
VERTEX
  8
1
  10
4442.226443
  20
-9250.748657
  0
VERTEX
  8
1
  10
4443.567274
  20
-9250.006257
  0
VERTEX
  8
1
  10
4443.843848
  20
-9249.777796
  0
VERTEX
  8
1
  10
4443.923225
  20
-9249.590255
  0
VERTEX
  8
1
  10
4443.691771
  20
-9249.261614
  0
VERTEX
  8
1
  10
4443.124286
  20
-9248.917189
  0
VERTEX
  8
1
  10
4442.303786
  20
-9248.689691
  0
VERTEX
  8
1
  10
4440.480396
  20
-9248.237026
  0
VERTEX
  8
1
  10
4439.064998
  20
-9247.619402
  0
VERTEX
  8
1
  10
4438.756886
  20
-9247.415359
  0
VERTEX
  8
1
  10
4438.655897
  20
-9247.231137
  0
VERTEX
  8
1
  10
4438.841447
  20
-9246.883741
  0
VERTEX
  8
1
  10
4439.342067
  20
-9246.505547
  0
VERTEX
  8
1
  10
4440.105348
  20
-9246.228444
  0
VERTEX
  8
1
  10
4441.937251
  20
-9245.638043
  0
VERTEX
  8
1
  10
4443.286436
  20
-9244.907224
  0
VERTEX
  8
1
  10
4443.564887
  20
-9244.681669
  0
VERTEX
  8
1
  10
4443.646065
  20
-9244.495183
  0
VERTEX
  8
1
  10
4443.417736
  20
-9244.164358
  0
VERTEX
  8
1
  10
4442.853260
  20
-9243.814707
  0
VERTEX
  8
1
  10
4442.034454
  20
-9243.579772
  0
VERTEX
  8
1
  10
4440.216557
  20
-9243.110512
  0
VERTEX
  8
1
  10
4438.807678
  20
-9242.478534
  0
VERTEX
  8
1
  10
4438.501539
  20
-9242.271054
  0
VERTEX
  8
1
  10
4438.402435
  20
-9242.085645
  0
VERTEX
  8
1
  10
4438.592288
  20
-9241.739763
  0
VERTEX
  8
1
  10
4439.097070
  20
-9241.367087
  0
VERTEX
  8
1
  10
4439.862753
  20
-9241.097980
  0
VERTEX
  8
1
  10
4441.701044
  20
-9240.526977
  0
VERTEX
  8
1
  10
4443.056734
  20
-9239.812076
  0
VERTEX
  8
1
  10
4443.338028
  20
-9239.589420
  0
VERTEX
  8
1
  10
4443.421148
  20
-9239.403720
  0
VERTEX
  8
1
  10
4443.196016
  20
-9239.070896
  0
VERTEX
  8
1
  10
4442.635613
  20
-9238.715628
  0
VERTEX
  8
1
  10
4441.820368
  20
-9238.471684
  0
VERTEX
  8
1
  10
4440.007542
  20
-9237.981594
  0
VERTEX
  8
1
  10
4438.605432
  20
-9237.334243
  0
VERTEX
  8
1
  10
4438.301770
  20
-9237.123684
  0
VERTEX
  8
1
  10
4438.204925
  20
-9236.937422
  0
VERTEX
  8
1
  10
4438.398093
  20
-9236.594809
  0
VERTEX
  8
1
  10
4438.907362
  20
-9236.227508
  0
VERTEX
  8
1
  10
4439.676743
  20
-9235.966939
  0
VERTEX
  8
1
  10
4441.522089
  20
-9235.416749
  0
VERTEX
  8
1
  10
4442.885921
  20
-9234.716333
  0
VERTEX
  8
1
  10
4443.169703
  20
-9234.496483
  0
VERTEX
  8
1
  10
4443.254699
  20
-9234.311519
  0
VERTEX
  8
1
  10
4443.033893
  20
-9233.977290
  0
VERTEX
  8
1
  10
4442.477238
  20
-9233.615418
  0
VERTEX
  8
1
  10
4441.664427
  20
-9233.362003
  0
VERTEX
  8
1
  10
4439.857490
  20
-9232.851563
  0
VERTEX
  8
1
  10
4438.464704
  20
-9232.188558
  0
VERTEX
  8
1
  10
4438.163353
  20
-9231.974158
  0
VERTEX
  8
1
  10
4438.068627
  20
-9231.786551
  0
VERTEX
  8
1
  10
4438.266162
  20
-9231.445573
  0
VERTEX
  8
1
  10
4438.782903
  20
-9231.081355
  0
VERTEX
  8
1
  10
4439.551719
  20
-9230.832776
  0
VERTEX
  8
1
  10
4441.472010
  20
-9230.307110
  0
VERTEX
  8
1
  10
4442.810487
  20
-9229.600677
  0
VERTEX
  8
1
  10
4443.072509
  20
-9229.383017
  0
VERTEX
  8
1
  10
4443.152379
  20
-9229.205115
  0
VERTEX
  8
1
  10
4442.879166
  20
-9228.844485
  0
VERTEX
  8
1
  10
4442.213710
  20
-9228.445911
  0
VERTEX
  8
1
  10
4441.284216
  20
-9228.151574
  0
VERTEX
  8
1
  10
4439.705429
  20
-9227.673452
  0
VERTEX
  8
1
  10
4438.424760
  20
-9227.061022
  0
VERTEX
  8
1
  10
4438.098665
  20
-9226.833343
  0
VERTEX
  8
1
  10
4437.999514
  20
-9226.633564
  0
VERTEX
  8
1
  10
4438.201185
  20
-9226.294816
  0
VERTEX
  8
1
  10
4438.721396
  20
-9225.936601
  0
VERTEX
  8
1
  10
4439.495475
  20
-9225.698125
  0
VERTEX
  8
1
  10
4441.422613
  20
-9225.199257
  0
VERTEX
  8
1
  10
4442.771749
  20
-9224.510481
  0
VERTEX
  8
1
  10
4443.036595
  20
-9224.296516
  0
VERTEX
  8
1
  10
4443.118711
  20
-9224.119852
  0
VERTEX
  8
1
  10
4442.850819
  20
-9223.756434
  0
VERTEX
  8
1
  10
4442.190779
  20
-9223.348721
  0
VERTEX
  8
1
  10
4441.265272
  20
-9223.041377
  0
VERTEX
  8
1
  10
4439.694815
  20
-9222.541148
  0
VERTEX
  8
1
  10
4438.423333
  20
-9221.910379
  0
VERTEX
  8
1
  10
4438.100208
  20
-9221.677732
  0
VERTEX
  8
1
  10
4438.003850
  20
-9221.476324
  0
VERTEX
  8
1
  10
4438.210661
  20
-9221.140311
  0
VERTEX
  8
1
  10
4438.735813
  20
-9220.790066
  0
VERTEX
  8
1
  10
4439.512803
  20
-9220.562856
  0
VERTEX
  8
1
  10
4441.448519
  20
-9220.092573
  0
VERTEX
  8
1
  10
4442.808811
  20
-9219.424829
  0
VERTEX
  8
1
  10
4443.076491
  20
-9219.215860
  0
VERTEX
  8
1
  10
4443.160954
  20
-9219.041687
  0
VERTEX
  8
1
  10
4442.896315
  20
-9218.676385
  0
VERTEX
  8
1
  10
4442.226750
  20
-9218.252803
  0
VERTEX
  8
1
  10
4441.263767
  20
-9217.914633
  0
VERTEX
  8
1
  10
4439.852420
  20
-9217.412365
  0
VERTEX
  8
1
  10
4438.617695
  20
-9216.772831
  0
VERTEX
  8
1
  10
4438.285967
  20
-9216.531504
  0
VERTEX
  8
1
  10
4438.188033
  20
-9216.320232
  0
VERTEX
  8
1
  10
4438.362298
  20
-9216.003242
  0
VERTEX
  8
1
  10
4438.816130
  20
-9215.688917
  0
VERTEX
  8
1
  10
4439.516968
  20
-9215.496136
  0
VERTEX
  8
1
  10
4441.749657
  20
-9215.035048
  0
VERTEX
  8
1
  10
4443.235279
  20
-9214.344859
  0
VERTEX
  8
1
  10
4443.489951
  20
-9214.150067
  0
VERTEX
  8
1
  10
4443.574678
  20
-9213.984560
  0
VERTEX
  8
1
  10
4443.334628
  20
-9213.614647
  0
VERTEX
  8
1
  10
4442.701164
  20
-9213.173325
  0
VERTEX
  8
1
  10
4441.798246
  20
-9212.822251
  0
VERTEX
  8
1
  10
4440.280356
  20
-9212.255100
  0
VERTEX
  8
1
  10
4439.106490
  20
-9211.570860
  0
VERTEX
  8
1
  10
4438.826238
  20
-9211.333021
  0
VERTEX
  8
1
  10
4438.747142
  20
-9211.138308
  0
VERTEX
  8
1
  10
4438.979988
  20
-9210.808130
  0
VERTEX
  8
1
  10
4439.530906
  20
-9210.485120
  0
VERTEX
  8
1
  10
4440.317281
  20
-9210.294895
  0
VERTEX
  8
1
  10
4442.359865
  20
-9209.906183
  0
VERTEX
  8
1
  10
4443.801297
  20
-9209.294801
  0
VERTEX
  8
1
  10
4444.086452
  20
-9209.096979
  0
VERTEX
  8
1
  10
4444.181692
  20
-9208.923507
  0
VERTEX
  8
1
  10
4443.948517
  20
-9208.548580
  0
VERTEX
  8
1
  10
4443.326373
  20
-9208.095556
  0
VERTEX
  8
1
  10
4442.428410
  20
-9207.727099
  0
VERTEX
  8
1
  10
4440.926172
  20
-9207.131204
  0
VERTEX
  8
1
  10
4439.764932
  20
-9206.421230
  0
VERTEX
  8
1
  10
4439.489589
  20
-9206.177315
  0
VERTEX
  8
1
  10
4439.414449
  20
-9205.980592
  0
VERTEX
  8
1
  10
4439.654296
  20
-9205.653907
  0
VERTEX
  8
1
  10
4440.211408
  20
-9205.341802
  0
VERTEX
  8
1
  10
4441.001399
  20
-9205.167530
  0
VERTEX
  8
1
  10
4443.054826
  20
-9204.820894
  0
VERTEX
  8
1
  10
4444.509227
  20
-9204.240213
  0
VERTEX
  8
1
  10
4444.798260
  20
-9204.048747
  0
VERTEX
  8
1
  10
4444.897203
  20
-9203.877450
  0
VERTEX
  8
1
  10
4444.673198
  20
-9203.497657
  0
VERTEX
  8
1
  10
4444.062072
  20
-9203.030489
  0
VERTEX
  8
1
  10
4443.173213
  20
-9202.641765
  0
VERTEX
  8
1
  10
4441.683887
  20
-9202.011514
  0
VERTEX
  8
1
  10
4440.539721
  20
-9201.275472
  0
VERTEX
  8
1
  10
4440.270178
  20
-9201.025324
  0
VERTEX
  8
1
  10
4440.199277
  20
-9200.826741
  0
VERTEX
  8
1
  10
4440.447111
  20
-9200.503580
  0
VERTEX
  8
1
  10
4441.010710
  20
-9200.203935
  0
VERTEX
  8
1
  10
4441.804221
  20
-9200.047368
  0
VERTEX
  8
1
  10
4443.865685
  20
-9199.747244
  0
VERTEX
  8
1
  10
4445.333452
  20
-9199.200854
  0
VERTEX
  8
1
  10
4445.627563
  20
-9199.016046
  0
VERTEX
  8
1
  10
4445.730764
  20
-9198.846899
  0
VERTEX
  8
1
  10
4445.515783
  20
-9198.461765
  0
VERTEX
  8
1
  10
4444.919468
  20
-9197.983598
  0
VERTEX
  8
1
  10
4444.037635
  20
-9197.571028
  0
VERTEX
  8
1
  10
4442.613566
  20
-9196.917876
  0
VERTEX
  8
1
  10
4441.471857
  20
-9196.163851
  0
VERTEX
  8
1
  10
4441.181822
  20
-9195.894376
  0
VERTEX
  8
1
  10
4441.111481
  20
-9195.681354
  0
VERTEX
  8
1
  10
4441.339299
  20
-9195.380527
  0
VERTEX
  8
1
  10
4441.865398
  20
-9195.101140
  0
VERTEX
  8
1
  10
4442.620677
  20
-9194.964473
  0
VERTEX
  8
1
  10
4444.770385
  20
-9194.700952
  0
VERTEX
  8
1
  10
4446.284490
  20
-9194.177833
  0
VERTEX
  8
1
  10
4446.583891
  20
-9193.999599
  0
VERTEX
  8
1
  10
4446.691603
  20
-9193.832585
  0
VERTEX
  8
1
  10
4446.486916
  20
-9193.441554
  0
VERTEX
  8
1
  10
4445.903842
  20
-9192.949190
  0
VERTEX
  8
1
  10
4445.032225
  20
-9192.515194
  0
VERTEX
  8
1
  10
4443.625116
  20
-9191.827946
  0
VERTEX
  8
1
  10
4442.501904
  20
-9191.046951
  0
VERTEX
  8
1
  10
4442.218359
  20
-9190.770689
  0
VERTEX
  8
1
  10
4442.153065
  20
-9190.555899
  0
VERTEX
  8
1
  10
4442.388126
  20
-9190.259668
  0
VERTEX
  8
1
  10
4442.920861
  20
-9189.991966
  0
VERTEX
  8
1
  10
4443.679312
  20
-9189.872554
  0
VERTEX
  8
1
  10
4445.836664
  20
-9189.659043
  0
VERTEX
  8
1
  10
4447.362313
  20
-9189.171454
  0
VERTEX
  8
1
  10
4447.665609
  20
-9189.000270
  0
VERTEX
  8
1
  10
4447.777207
  20
-9188.835669
  0
VERTEX
  8
1
  10
4447.582425
  20
-9188.439374
  0
VERTEX
  8
1
  10
4447.012219
  20
-9187.932854
  0
VERTEX
  8
1
  10
4446.152270
  20
-9187.478435
  0
VERTEX
  8
1
  10
4444.761029
  20
-9186.757492
  0
VERTEX
  8
1
  10
4443.656223
  20
-9185.949716
  0
VERTEX
  8
1
  10
4443.378636
  20
-9185.666132
  0
VERTEX
  8
1
  10
4443.318307
  20
-9185.449433
  0
VERTEX
  8
1
  10
4443.560195
  20
-9185.159040
  0
VERTEX
  8
1
  10
4444.099026
  20
-9184.903936
  0
VERTEX
  8
1
  10
4444.860106
  20
-9184.801914
  0
VERTEX
  8
1
  10
4447.023187
  20
-9184.636976
  0
VERTEX
  8
1
  10
4448.558808
  20
-9184.181000
  0
VERTEX
  8
1
  10
4448.865688
  20
-9184.015564
  0
VERTEX
  8
1
  10
4448.980784
  20
-9183.852939
  0
VERTEX
  8
1
  10
4448.792045
  20
-9183.450043
  0
VERTEX
  8
1
  10
4448.232091
  20
-9182.931443
  0
VERTEX
  8
1
  10
4447.383457
  20
-9182.457266
  0
VERTEX
  8
1
  10
4445.992279
  20
-9181.693769
  0
VERTEX
  8
1
  10
4444.913300
  20
-9180.859563
  0
VERTEX
  8
1
  10
4444.652070
  20
-9180.575537
  0
VERTEX
  8
1
  10
4444.594869
  20
-9180.357845
  0
VERTEX
  8
1
  10
4444.839799
  20
-9180.054218
  0
VERTEX
  8
1
  10
4445.310582
  20
-9179.829734
  0
VERTEX
  8
1
  10
4446.004148
  20
-9179.726927
  0
VERTEX
  8
1
  10
4447.438660
  20
-9179.594116
  0
SEQEND
  8
11
  0
POINT
  8
2
 10
4447.288208
 20
-9317.371216
  0
TEXT
  8
2
 10
4447.288208
 20
-9317.371216
 40
0.000000
 50
0.000000
  1
# 517
  0
POINT
  8
2
 10
4447.438660
 20
-9179.594116
  0
TEXT
  8
2
 10
4447.438660
 20
-9179.594116
 40
0.000000
 50
0.000000
  1
# 518
  0
POINT
  8
3
 10
4448.300849
 20
-9317.008193
  0
POINT
  8
3
 10
4449.311900
 20
-9316.461441
  0
POINT
  8
3
 10
4449.627939
 20
-9316.216698
  0
POINT
  8
3
 10
4449.723707
 20
-9316.000291
  0
POINT
  8
3
 10
4449.564309
 20
-9315.683810
  0
POINT
  8
3
 10
4449.136691
 20
-9315.381166
  0
POINT
  8
3
 10
4448.451325
 20
-9315.197706
  0
POINT
  8
3
 10
4446.249299
 20
-9314.750022
  0
POINT
  8
3
 10
4444.732203
 20
-9314.095013
  0
POINT
  8
3
 10
4444.461083
 20
-9313.906130
  0
POINT
  8
3
 10
4444.369320
 20
-9313.739107
  0
POINT
  8
3
 10
4444.568274
 20
-9313.383714
  0
POINT
  8
3
 10
4445.103732
 20
-9312.973899
  0
POINT
  8
3
 10
4445.890782
 20
-9312.653772
  0
POINT
  8
3
 10
4447.634326
 20
-9312.009571
  0
POINT
  8
3
 10
4448.902148
 20
-9311.252344
  0
POINT
  8
3
 10
4449.170458
 20
-9311.014554
  0
POINT
  8
3
 10
4449.243441
 20
-9310.823772
  0
POINT
  8
3
 10
4449.000924
 20
-9310.502096
  0
POINT
  8
3
 10
4448.421881
 20
-9310.176364
  0
POINT
  8
3
 10
4447.593493
 20
-9309.976545
  0
POINT
  8
3
 10
4445.753461
 20
-9309.587618
  0
POINT
  8
3
 10
4444.315482
 20
-9309.023630
  0
POINT
  8
3
 10
4443.999381
 20
-9308.831781
  0
POINT
  8
3
 10
4443.891239
 20
-9308.651811
  0
POINT
  8
3
 10
4444.063521
 20
-9308.297456
  0
POINT
  8
3
 10
4444.548761
 20
-9307.901009
  0
POINT
  8
3
 10
4445.300216
 20
-9307.595095
  0
POINT
  8
3
 10
4447.103550
 20
-9306.933231
  0
POINT
  8
3
 10
4448.420316
 20
-9306.145505
  0
POINT
  8
3
 10
4448.688892
 20
-9305.907380
  0
POINT
  8
3
 10
4448.761903
 20
-9305.716740
  0
POINT
  8
3
 10
4448.519797
 20
-9305.395215
  0
POINT
  8
3
 10
4447.940948
 20
-9305.069163
  0
POINT
  8
3
 10
4447.112711
 20
-9304.868870
  0
POINT
  8
3
 10
4445.270435
 20
-9304.479218
  0
POINT
  8
3
 10
4443.834216
 20
-9303.915101
  0
POINT
  8
3
 10
4443.517936
 20
-9303.722732
  0
POINT
  8
3
 10
4443.409869
 20
-9303.542449
  0
POINT
  8
3
 10
4443.581906
 20
-9303.189042
  0
POINT
  8
3
 10
4444.067146
 20
-9302.792801
  0
POINT
  8
3
 10
4444.818736
 20
-9302.486739
  0
POINT
  8
3
 10
4446.622239
 20
-9301.824756
  0
POINT
  8
3
 10
4447.938798
 20
-9301.037296
  0
POINT
  8
3
 10
4448.207153
 20
-9300.799468
  0
POINT
  8
3
 10
4448.280166
 20
-9300.609088
  0
POINT
  8
3
 10
4448.037321
 20
-9300.287138
  0
POINT
  8
3
 10
4447.458047
 20
-9299.961448
  0
POINT
  8
3
 10
4446.629867
 20
-9299.761774
  0
POINT
  8
3
 10
4444.789602
 20
-9299.373055
  0
POINT
  8
3
 10
4443.353123
 20
-9298.808220
  0
POINT
  8
3
 10
4443.036690
 20
-9298.615489
  0
POINT
  8
3
 10
4442.928784
 20
-9298.435047
  0
POINT
  8
3
 10
4443.101245
 20
-9298.082273
  0
POINT
  8
3
 10
4443.586531
 20
-9297.686551
  0
POINT
  8
3
 10
4444.337516
 20
-9297.380501
  0
POINT
  8
3
 10
4446.140015
 20
-9296.717627
  0
POINT
  8
3
 10
4447.457722
 20
-9295.929502
  0
POINT
  8
3
 10
4447.726081
 20
-9295.691990
  0
POINT
  8
3
 10
4447.799316
 20
-9295.501914
  0
POINT
  8
3
 10
4447.556734
 20
-9295.179948
  0
POINT
  8
3
 10
4446.977926
 20
-9294.854451
  0
POINT
  8
3
 10
4446.149995
 20
-9294.654565
  0
POINT
  8
3
 10
4444.308923
 20
-9294.265066
  0
POINT
  8
3
 10
4442.871730
 20
-9293.700601
  0
POINT
  8
3
 10
4442.555726
 20
-9293.508468
  0
POINT
  8
3
 10
4442.447690
 20
-9293.328360
  0
POINT
  8
3
 10
4442.619922
 20
-9292.974416
  0
POINT
  8
3
 10
4443.105304
 20
-9292.577860
  0
POINT
  8
3
 10
4443.857017
 20
-9292.271401
  0
POINT
  8
3
 10
4445.660112
 20
-9291.608743
  0
POINT
  8
3
 10
4446.977336
 20
-9290.821360
  0
POINT
  8
3
 10
4447.245823
 20
-9290.583823
  0
POINT
  8
3
 10
4447.319173
 20
-9290.393638
  0
POINT
  8
3
 10
4447.077304
 20
-9290.071695
  0
POINT
  8
3
 10
4446.498635
 20
-9289.745647
  0
POINT
  8
3
 10
4445.670305
 20
-9289.545402
  0
POINT
  8
3
 10
4443.828188
 20
-9289.155972
  0
POINT
  8
3
 10
4442.391921
 20
-9288.591589
  0
POINT
  8
3
 10
4442.075856
 20
-9288.399267
  0
POINT
  8
3
 10
4441.968131
 20
-9288.219241
  0
POINT
  8
3
 10
4442.140727
 20
-9287.866552
  0
POINT
  8
3
 10
4442.646462
 20
-9287.455401
  0
POINT
  8
3
 10
4443.432874
 20
-9287.140020
  0
POINT
  8
3
 10
4445.192959
 20
-9286.496011
  0
POINT
  8
3
 10
4446.497621
 20
-9285.715579
  0
POINT
  8
3
 10
4446.766987
 20
-9285.477128
  0
POINT
  8
3
 10
4446.840166
 20
-9285.286218
  0
POINT
  8
3
 10
4446.597764
 20
-9284.964778
  0
POINT
  8
3
 10
4446.018715
 20
-9284.639075
  0
POINT
  8
3
 10
4445.190077
 20
-9284.439055
  0
POINT
  8
3
 10
4443.350000
 20
-9284.049568
  0
POINT
  8
3
 10
4441.913561
 20
-9283.484421
  0
POINT
  8
3
 10
4441.597497
 20
-9283.291850
  0
POINT
  8
3
 10
4441.489710
 20
-9283.111457
  0
POINT
  8
3
 10
4441.661966
 20
-9282.758454
  0
POINT
  8
3
 10
4442.147699
 20
-9282.362090
  0
POINT
  8
3
 10
4442.899612
 20
-9282.056164
  0
POINT
  8
3
 10
4444.703244
 20
-9281.395241
  0
POINT
  8
3
 10
4446.020973
 20
-9280.609694
  0
POINT
  8
3
 10
4446.290659
 20
-9280.371596
  0
POINT
  8
3
 10
4446.363931
 20
-9280.180797
  0
POINT
  8
3
 10
4446.122262
 20
-9279.859579
  0
POINT
  8
3
 10
4445.543205
 20
-9279.532708
  0
POINT
  8
3
 10
4444.714469
 20
-9279.331654
  0
POINT
  8
3
 10
4442.874950
 20
-9278.940260
  0
POINT
  8
3
 10
4441.440261
 20
-9278.373061
  0
POINT
  8
3
 10
4441.124208
 20
-9278.179594
  0
POINT
  8
3
 10
4441.016588
 20
-9277.998720
  0
POINT
  8
3
 10
4441.189493
 20
-9277.645780
  0
POINT
  8
3
 10
4441.675542
 20
-9277.250567
  0
POINT
  8
3
 10
4442.427553
 20
-9276.945911
  0
POINT
  8
3
 10
4444.234289
 20
-9276.287441
  0
POINT
  8
3
 10
4445.554065
 20
-9275.504811
  0
POINT
  8
3
 10
4445.823429
 20
-9275.268262
  0
POINT
  8
3
 10
4445.896977
 20
-9275.078374
  0
POINT
  8
3
 10
4445.655801
 20
-9274.756599
  0
POINT
  8
3
 10
4445.077188
 20
-9274.428290
  0
POINT
  8
3
 10
4444.249135
 20
-9274.225179
  0
POINT
  8
3
 10
4442.410960
 20
-9273.828937
  0
POINT
  8
3
 10
4440.977771
 20
-9273.257487
  0
POINT
  8
3
 10
4440.662476
 20
-9273.063190
  0
POINT
  8
3
 10
4440.555496
 20
-9272.882210
  0
POINT
  8
3
 10
4440.729783
 20
-9272.530130
  0
POINT
  8
3
 10
4441.217570
 20
-9272.136576
  0
POINT
  8
3
 10
4441.970742
 20
-9271.834335
  0
POINT
  8
3
 10
4443.779153
 20
-9271.182083
  0
POINT
  8
3
 10
4445.100436
 20
-9270.404261
  0
POINT
  8
3
 10
4445.370871
 20
-9270.168227
  0
POINT
  8
3
 10
4445.445241
 20
-9269.978204
  0
POINT
  8
3
 10
4445.205557
 20
-9269.655128
  0
POINT
  8
3
 10
4444.629043
 20
-9269.324952
  0
POINT
  8
3
 10
4443.802007
 20
-9269.119111
  0
POINT
  8
3
 10
4441.965662
 20
-9268.716151
  0
POINT
  8
3
 10
4440.533236
 20
-9268.138599
  0
POINT
  8
3
 10
4440.218600
 20
-9267.943001
  0
POINT
  8
3
 10
4440.112410
 20
-9267.761473
  0
POINT
  8
3
 10
4440.287415
 20
-9267.410839
  0
POINT
  8
3
 10
4440.776684
 20
-9267.018609
  0
POINT
  8
3
 10
4441.531244
 20
-9266.718993
  0
POINT
  8
3
 10
4443.343680
 20
-9266.073999
  0
POINT
  8
3
 10
4444.668760
 20
-9265.302457
  0
POINT
  8
3
 10
4444.940483
 20
-9265.067830
  0
POINT
  8
3
 10
4445.015857
 20
-9264.878440
  0
POINT
  8
3
 10
4444.777222
 20
-9264.554592
  0
POINT
  8
3
 10
4444.201642
 20
-9264.221829
  0
POINT
  8
3
 10
4443.375945
 20
-9264.011701
  0
POINT
  8
3
 10
4441.541181
 20
-9263.599517
  0
POINT
  8
3
 10
4440.113808
 20
-9263.015930
  0
POINT
  8
3
 10
4439.800187
 20
-9262.818797
  0
POINT
  8
3
 10
4439.694759
 20
-9262.636722
  0
POINT
  8
3
 10
4439.872367
 20
-9262.285458
  0
POINT
  8
3
 10
4440.363506
 20
-9261.896288
  0
POINT
  8
3
 10
4441.119046
 20
-9261.601300
  0
POINT
  8
3
 10
4442.934954
 20
-9260.966469
  0
POINT
  8
3
 10
4444.265213
 20
-9260.202450
  0
POINT
  8
3
 10
4444.537918
 20
-9259.969930
  0
POINT
  8
3
 10
4444.614509
 20
-9259.781370
  0
POINT
  8
3
 10
4444.378237
 20
-9259.456058
  0
POINT
  8
3
 10
4443.805194
 20
-9259.120353
  0
POINT
  8
3
 10
4442.980206
 20
-9258.905635
  0
POINT
  8
3
 10
4441.149429
 20
-9258.482471
  0
POINT
  8
3
 10
4439.724265
 20
-9257.888452
  0
POINT
  8
3
 10
4439.411975
 20
-9257.689083
  0
POINT
  8
3
 10
4439.307843
 20
-9257.506164
  0
POINT
  8
3
 10
4439.487443
 20
-9257.156412
  0
POINT
  8
3
 10
4439.981446
 20
-9256.769853
  0
POINT
  8
3
 10
4440.739285
 20
-9256.479643
  0
POINT
  8
3
 10
4442.561024
 20
-9255.857525
  0
POINT
  8
3
 10
4443.896203
 20
-9255.103775
  0
POINT
  8
3
 10
4444.171062
 20
-9254.872874
  0
POINT
  8
3
 10
4444.248693
 20
-9254.684688
  0
POINT
  8
3
 10
4444.014625
 20
-9254.359221
  0
POINT
  8
3
 10
4443.443444
 20
-9254.019374
  0
POINT
  8
3
 10
4442.620508
 20
-9253.798292
  0
POINT
  8
3
 10
4440.793564
 20
-9253.360664
  0
POINT
  8
3
 10
4439.373489
 20
-9252.755826
  0
POINT
  8
3
 10
4439.062845
 20
-9252.554148
  0
POINT
  8
3
 10
4438.960119
 20
-9252.370504
  0
POINT
  8
3
 10
4439.142254
 20
-9252.022227
  0
POINT
  8
3
 10
4439.639390
 20
-9251.639644
  0
POINT
  8
3
 10
4440.400330
 20
-9251.355508
  0
POINT
  8
3
 10
4442.226443
 20
-9250.748657
  0
POINT
  8
3
 10
4443.567274
 20
-9250.006257
  0
POINT
  8
3
 10
4443.843848
 20
-9249.777796
  0
POINT
  8
3
 10
4443.923225
 20
-9249.590255
  0
POINT
  8
3
 10
4443.691771
 20
-9249.261614
  0
POINT
  8
3
 10
4443.124286
 20
-9248.917189
  0
POINT
  8
3
 10
4442.303786
 20
-9248.689691
  0
POINT
  8
3
 10
4440.480396
 20
-9248.237026
  0
POINT
  8
3
 10
4439.064998
 20
-9247.619402
  0
POINT
  8
3
 10
4438.756886
 20
-9247.415359
  0
POINT
  8
3
 10
4438.655897
 20
-9247.231137
  0
POINT
  8
3
 10
4438.841447
 20
-9246.883741
  0
POINT
  8
3
 10
4439.342067
 20
-9246.505547
  0
POINT
  8
3
 10
4440.105348
 20
-9246.228444
  0
POINT
  8
3
 10
4441.937251
 20
-9245.638043
  0
POINT
  8
3
 10
4443.286436
 20
-9244.907224
  0
POINT
  8
3
 10
4443.564887
 20
-9244.681669
  0
POINT
  8
3
 10
4443.646065
 20
-9244.495183
  0
POINT
  8
3
 10
4443.417736
 20
-9244.164358
  0
POINT
  8
3
 10
4442.853260
 20
-9243.814707
  0
POINT
  8
3
 10
4442.034454
 20
-9243.579772
  0
POINT
  8
3
 10
4440.216557
 20
-9243.110512
  0
POINT
  8
3
 10
4438.807678
 20
-9242.478534
  0
POINT
  8
3
 10
4438.501539
 20
-9242.271054
  0
POINT
  8
3
 10
4438.402435
 20
-9242.085645
  0
POINT
  8
3
 10
4438.592288
 20
-9241.739763
  0
POINT
  8
3
 10
4439.097070
 20
-9241.367087
  0
POINT
  8
3
 10
4439.862753
 20
-9241.097980
  0
POINT
  8
3
 10
4441.701044
 20
-9240.526977
  0
POINT
  8
3
 10
4443.056734
 20
-9239.812076
  0
POINT
  8
3
 10
4443.338028
 20
-9239.589420
  0
POINT
  8
3
 10
4443.421148
 20
-9239.403720
  0
POINT
  8
3
 10
4443.196016
 20
-9239.070896
  0
POINT
  8
3
 10
4442.635613
 20
-9238.715628
  0
POINT
  8
3
 10
4441.820368
 20
-9238.471684
  0
POINT
  8
3
 10
4440.007542
 20
-9237.981594
  0
POINT
  8
3
 10
4438.605432
 20
-9237.334243
  0
POINT
  8
3
 10
4438.301770
 20
-9237.123684
  0
POINT
  8
3
 10
4438.204925
 20
-9236.937422
  0
POINT
  8
3
 10
4438.398093
 20
-9236.594809
  0
POINT
  8
3
 10
4438.907362
 20
-9236.227508
  0
POINT
  8
3
 10
4439.676743
 20
-9235.966939
  0
POINT
  8
3
 10
4441.522089
 20
-9235.416749
  0
POINT
  8
3
 10
4442.885921
 20
-9234.716333
  0
POINT
  8
3
 10
4443.169703
 20
-9234.496483
  0
POINT
  8
3
 10
4443.254699
 20
-9234.311519
  0
POINT
  8
3
 10
4443.033893
 20
-9233.977290
  0
POINT
  8
3
 10
4442.477238
 20
-9233.615418
  0
POINT
  8
3
 10
4441.664427
 20
-9233.362003
  0
POINT
  8
3
 10
4439.857490
 20
-9232.851563
  0
POINT
  8
3
 10
4438.464704
 20
-9232.188558
  0
POINT
  8
3
 10
4438.163353
 20
-9231.974158
  0
POINT
  8
3
 10
4438.068627
 20
-9231.786551
  0
POINT
  8
3
 10
4438.266162
 20
-9231.445573
  0
POINT
  8
3
 10
4438.782903
 20
-9231.081355
  0
POINT
  8
3
 10
4439.551719
 20
-9230.832776
  0
POINT
  8
3
 10
4441.472010
 20
-9230.307110
  0
POINT
  8
3
 10
4442.810487
 20
-9229.600677
  0
POINT
  8
3
 10
4443.072509
 20
-9229.383017
  0
POINT
  8
3
 10
4443.152379
 20
-9229.205115
  0
POINT
  8
3
 10
4442.879166
 20
-9228.844485
  0
POINT
  8
3
 10
4442.213710
 20
-9228.445911
  0
POINT
  8
3
 10
4441.284216
 20
-9228.151574
  0
POINT
  8
3
 10
4439.705429
 20
-9227.673452
  0
POINT
  8
3
 10
4438.424760
 20
-9227.061022
  0
POINT
  8
3
 10
4438.098665
 20
-9226.833343
  0
POINT
  8
3
 10
4437.999514
 20
-9226.633564
  0
POINT
  8
3
 10
4438.201185
 20
-9226.294816
  0
POINT
  8
3
 10
4438.721396
 20
-9225.936601
  0
POINT
  8
3
 10
4439.495475
 20
-9225.698125
  0
POINT
  8
3
 10
4441.422613
 20
-9225.199257
  0
POINT
  8
3
 10
4442.771749
 20
-9224.510481
  0
POINT
  8
3
 10
4443.036595
 20
-9224.296516
  0
POINT
  8
3
 10
4443.118711
 20
-9224.119852
  0
POINT
  8
3
 10
4442.850819
 20
-9223.756434
  0
POINT
  8
3
 10
4442.190779
 20
-9223.348721
  0
POINT
  8
3
 10
4441.265272
 20
-9223.041377
  0
POINT
  8
3
 10
4439.694815
 20
-9222.541148
  0
POINT
  8
3
 10
4438.423333
 20
-9221.910379
  0
POINT
  8
3
 10
4438.100208
 20
-9221.677732
  0
POINT
  8
3
 10
4438.003850
 20
-9221.476324
  0
POINT
  8
3
 10
4438.210661
 20
-9221.140311
  0
POINT
  8
3
 10
4438.735813
 20
-9220.790066
  0
POINT
  8
3
 10
4439.512803
 20
-9220.562856
  0
POINT
  8
3
 10
4441.448519
 20
-9220.092573
  0
POINT
  8
3
 10
4442.808811
 20
-9219.424829
  0
POINT
  8
3
 10
4443.076491
 20
-9219.215860
  0
POINT
  8
3
 10
4443.160954
 20
-9219.041687
  0
POINT
  8
3
 10
4442.896315
 20
-9218.676385
  0
POINT
  8
3
 10
4442.226750
 20
-9218.252803
  0
POINT
  8
3
 10
4441.263767
 20
-9217.914633
  0
POINT
  8
3
 10
4439.852420
 20
-9217.412365
  0
POINT
  8
3
 10
4438.617695
 20
-9216.772831
  0
POINT
  8
3
 10
4438.285967
 20
-9216.531504
  0
POINT
  8
3
 10
4438.188033
 20
-9216.320232
  0
POINT
  8
3
 10
4438.362298
 20
-9216.003242
  0
POINT
  8
3
 10
4438.816130
 20
-9215.688917
  0
POINT
  8
3
 10
4439.516968
 20
-9215.496136
  0
POINT
  8
3
 10
4441.749657
 20
-9215.035048
  0
POINT
  8
3
 10
4443.235279
 20
-9214.344859
  0
POINT
  8
3
 10
4443.489951
 20
-9214.150067
  0
POINT
  8
3
 10
4443.574678
 20
-9213.984560
  0
POINT
  8
3
 10
4443.334628
 20
-9213.614647
  0
POINT
  8
3
 10
4442.701164
 20
-9213.173325
  0
POINT
  8
3
 10
4441.798246
 20
-9212.822251
  0
POINT
  8
3
 10
4440.280356
 20
-9212.255100
  0
POINT
  8
3
 10
4439.106490
 20
-9211.570860
  0
POINT
  8
3
 10
4438.826238
 20
-9211.333021
  0
POINT
  8
3
 10
4438.747142
 20
-9211.138308
  0
POINT
  8
3
 10
4438.979988
 20
-9210.808130
  0
POINT
  8
3
 10
4439.530906
 20
-9210.485120
  0
POINT
  8
3
 10
4440.317281
 20
-9210.294895
  0
POINT
  8
3
 10
4442.359865
 20
-9209.906183
  0
POINT
  8
3
 10
4443.801297
 20
-9209.294801
  0
POINT
  8
3
 10
4444.086452
 20
-9209.096979
  0
POINT
  8
3
 10
4444.181692
 20
-9208.923507
  0
POINT
  8
3
 10
4443.948517
 20
-9208.548580
  0
POINT
  8
3
 10
4443.326373
 20
-9208.095556
  0
POINT
  8
3
 10
4442.428410
 20
-9207.727099
  0
POINT
  8
3
 10
4440.926172
 20
-9207.131204
  0
POINT
  8
3
 10
4439.764932
 20
-9206.421230
  0
POINT
  8
3
 10
4439.489589
 20
-9206.177315
  0
POINT
  8
3
 10
4439.414449
 20
-9205.980592
  0
POINT
  8
3
 10
4439.654296
 20
-9205.653907
  0
POINT
  8
3
 10
4440.211408
 20
-9205.341802
  0
POINT
  8
3
 10
4441.001399
 20
-9205.167530
  0
POINT
  8
3
 10
4443.054826
 20
-9204.820894
  0
POINT
  8
3
 10
4444.509227
 20
-9204.240213
  0
POINT
  8
3
 10
4444.798260
 20
-9204.048747
  0
POINT
  8
3
 10
4444.897203
 20
-9203.877450
  0
POINT
  8
3
 10
4444.673198
 20
-9203.497657
  0
POINT
  8
3
 10
4444.062072
 20
-9203.030489
  0
POINT
  8
3
 10
4443.173213
 20
-9202.641765
  0
POINT
  8
3
 10
4441.683887
 20
-9202.011514
  0
POINT
  8
3
 10
4440.539721
 20
-9201.275472
  0
POINT
  8
3
 10
4440.270178
 20
-9201.025324
  0
POINT
  8
3
 10
4440.199277
 20
-9200.826741
  0
POINT
  8
3
 10
4440.447111
 20
-9200.503580
  0
POINT
  8
3
 10
4441.010710
 20
-9200.203935
  0
POINT
  8
3
 10
4441.804221
 20
-9200.047368
  0
POINT
  8
3
 10
4443.865685
 20
-9199.747244
  0
POINT
  8
3
 10
4445.333452
 20
-9199.200854
  0
POINT
  8
3
 10
4445.627563
 20
-9199.016046
  0
POINT
  8
3
 10
4445.730764
 20
-9198.846899
  0
POINT
  8
3
 10
4445.515783
 20
-9198.461765
  0
POINT
  8
3
 10
4444.919468
 20
-9197.983598
  0
POINT
  8
3
 10
4444.037635
 20
-9197.571028
  0
POINT
  8
3
 10
4442.613566
 20
-9196.917876
  0
POINT
  8
3
 10
4441.471857
 20
-9196.163851
  0
POINT
  8
3
 10
4441.181822
 20
-9195.894376
  0
POINT
  8
3
 10
4441.111481
 20
-9195.681354
  0
POINT
  8
3
 10
4441.339299
 20
-9195.380527
  0
POINT
  8
3
 10
4441.865398
 20
-9195.101140
  0
POINT
  8
3
 10
4442.620677
 20
-9194.964473
  0
POINT
  8
3
 10
4444.770385
 20
-9194.700952
  0
POINT
  8
3
 10
4446.284490
 20
-9194.177833
  0
POINT
  8
3
 10
4446.583891
 20
-9193.999599
  0
POINT
  8
3
 10
4446.691603
 20
-9193.832585
  0
POINT
  8
3
 10
4446.486916
 20
-9193.441554
  0
POINT
  8
3
 10
4445.903842
 20
-9192.949190
  0
POINT
  8
3
 10
4445.032225
 20
-9192.515194
  0
POINT
  8
3
 10
4443.625116
 20
-9191.827946
  0
POINT
  8
3
 10
4442.501904
 20
-9191.046951
  0
POINT
  8
3
 10
4442.218359
 20
-9190.770689
  0
POINT
  8
3
 10
4442.153065
 20
-9190.555899
  0
POINT
  8
3
 10
4442.388126
 20
-9190.259668
  0
POINT
  8
3
 10
4442.920861
 20
-9189.991966
  0
POINT
  8
3
 10
4443.679312
 20
-9189.872554
  0
POINT
  8
3
 10
4445.836664
 20
-9189.659043
  0
POINT
  8
3
 10
4447.362313
 20
-9189.171454
  0
POINT
  8
3
 10
4447.665609
 20
-9189.000270
  0
POINT
  8
3
 10
4447.777207
 20
-9188.835669
  0
POINT
  8
3
 10
4447.582425
 20
-9188.439374
  0
POINT
  8
3
 10
4447.012219
 20
-9187.932854
  0
POINT
  8
3
 10
4446.152270
 20
-9187.478435
  0
POINT
  8
3
 10
4444.761029
 20
-9186.757492
  0
POINT
  8
3
 10
4443.656223
 20
-9185.949716
  0
POINT
  8
3
 10
4443.378636
 20
-9185.666132
  0
POINT
  8
3
 10
4443.318307
 20
-9185.449433
  0
POINT
  8
3
 10
4443.560195
 20
-9185.159040
  0
POINT
  8
3
 10
4444.099026
 20
-9184.903936
  0
POINT
  8
3
 10
4444.860106
 20
-9184.801914
  0
POINT
  8
3
 10
4447.023187
 20
-9184.636976
  0
POINT
  8
3
 10
4448.558808
 20
-9184.181000
  0
POINT
  8
3
 10
4448.865688
 20
-9184.015564
  0
POINT
  8
3
 10
4448.980784
 20
-9183.852939
  0
POINT
  8
3
 10
4448.792045
 20
-9183.450043
  0
POINT
  8
3
 10
4448.232091
 20
-9182.931443
  0
POINT
  8
3
 10
4447.383457
 20
-9182.457266
  0
POINT
  8
3
 10
4445.992279
 20
-9181.693769
  0
POINT
  8
3
 10
4444.913300
 20
-9180.859563
  0
POINT
  8
3
 10
4444.652070
 20
-9180.575537
  0
POINT
  8
3
 10
4444.594869
 20
-9180.357845
  0
POINT
  8
3
 10
4444.839799
 20
-9180.054218
  0
POINT
  8
3
 10
4445.310582
 20
-9179.829734
  0
POINT
  8
3
 10
4446.004148
 20
-9179.726927
  0
POLYLINE
  8
11
  6
2
  66
1
  70
0
  0
VERTEX
  8
1
  10
4472.052612
  20
-9093.979492
  0
VERTEX
  8
1
  10
4469.972314
  20
-9088.925779
  0
VERTEX
  8
1
  10
4468.617288
  20
-9085.159848
  0
VERTEX
  8
1
  10
4467.390666
  20
-9081.237155
  0
VERTEX
  8
1
  10
4466.297677
  20
-9077.102501
  0
VERTEX
  8
1
  10
4465.365529
  20
-9072.471860
  0
VERTEX
  8
1
  10
4464.652850
  20
-9067.545157
  0
VERTEX
  8
1
  10
4464.148513
  20
-9061.634408
  0
VERTEX
  8
1
  10
4464.012517
  20
-9058.085689
  0
VERTEX
  8
1
  10
4463.991318
  20
-9054.452404
  0
VERTEX
  8
1
  10
4464.088078
  20
-9050.654231
  0
VERTEX
  8
1
  10
4464.304616
  20
-9046.765670
  0
VERTEX
  8
1
  10
4464.648676
  20
-9042.711683
  0
VERTEX
  8
1
  10
4465.115349
  20
-9038.599250
  0
VERTEX
  8
1
  10
4465.711099
  20
-9034.389391
  0
VERTEX
  8
1
  10
4466.428191
  20
-9030.154486
  0
VERTEX
  8
1
  10
4467.386997
  20
-9025.327247
  0
VERTEX
  8
1
  10
4468.502327
  20
-9020.462734
  0
VERTEX
  8
1
  10
4469.948752
  20
-9014.927459
  0
VERTEX
  8
1
  10
4471.602162
  20
-9009.310318
  0
VERTEX
  8
1
  10
4473.498905
  20
-9003.504929
  0
VERTEX
  8
1
  10
4475.609898
  20
-8997.616579
  0
VERTEX
  8
1
  10
4477.926887
  20
-8991.669847
  0
VERTEX
  8
1
  10
4480.410023
  20
-8985.774011
  0
VERTEX
  8
1
  10
4483.058495
  20
-8979.933161
  0
VERTEX
  8
1
  10
4485.847479
  20
-8974.205949
  0
VERTEX
  8
1
  10
4488.752597
  20
-8968.637419
  0
VERTEX
  8
1
  10
4491.799403
  20
-8963.173250
  0
VERTEX
  8
1
  10
4494.975436
  20
-8957.834294
  0
VERTEX
  8
1
  10
4498.285121
  20
-8952.611758
  0
VERTEX
  8
1
  10
4501.760865
  20
-8947.460137
  0
VERTEX
  8
1
  10
4505.353358
  20
-8942.458638
  0
VERTEX
  8
1
  10
4509.826411
  20
-8936.633617
  0
VERTEX
  8
1
  10
4514.741527
  20
-8930.636234
  0
VERTEX
  8
1
  10
4521.066284
  20
-8923.333740
  0
SEQEND
  8
11
  0
POINT
  8
2
 10
4472.052612
 20
-9093.979492
  0
TEXT
  8
2
 10
4472.052612
 20
-9093.979492
 40
0.000000
 50
0.000000
  1
# 519
  0
POINT
  8
2
 10
4521.066284
 20
-8923.333740
  0
TEXT
  8
2
 10
4521.066284
 20
-8923.333740
 40
0.000000
 50
0.000000
  1
# 520
  0
POINT
  8
3
 10
4469.972314
 20
-9088.925779
  0
POINT
  8
3
 10
4468.617288
 20
-9085.159848
  0
POINT
  8
3
 10
4467.390666
 20
-9081.237155
  0
POINT
  8
3
 10
4466.297677
 20
-9077.102501
  0
POINT
  8
3
 10
4465.365529
 20
-9072.471860
  0
POINT
  8
3
 10
4464.652850
 20
-9067.545157
  0
POINT
  8
3
 10
4464.148513
 20
-9061.634408
  0
POINT
  8
3
 10
4464.012517
 20
-9058.085689
  0
POINT
  8
3
 10
4463.991318
 20
-9054.452404
  0
POINT
  8
3
 10
4464.088078
 20
-9050.654231
  0
POINT
  8
3
 10
4464.304616
 20
-9046.765670
  0
POINT
  8
3
 10
4464.648676
 20
-9042.711683
  0
POINT
  8
3
 10
4465.115349
 20
-9038.599250
  0
POINT
  8
3
 10
4465.711099
 20
-9034.389391
  0
POINT
  8
3
 10
4466.428191
 20
-9030.154486
  0
POINT
  8
3
 10
4467.386997
 20
-9025.327247
  0
POINT
  8
3
 10
4468.502327
 20
-9020.462734
  0
POINT
  8
3
 10
4469.948752
 20
-9014.927459
  0
POINT
  8
3
 10
4471.602162
 20
-9009.310318
  0
POINT
  8
3
 10
4473.498905
 20
-9003.504929
  0
POINT
  8
3
 10
4475.609898
 20
-8997.616579
  0
POINT
  8
3
 10
4477.926887
 20
-8991.669847
  0
POINT
  8
3
 10
4480.410023
 20
-8985.774011
  0
POINT
  8
3
 10
4483.058495
 20
-8979.933161
  0
POINT
  8
3
 10
4485.847479
 20
-8974.205949
  0
POINT
  8
3
 10
4488.752597
 20
-8968.637419
  0
POINT
  8
3
 10
4491.799403
 20
-8963.173250
  0
POINT
  8
3
 10
4494.975436
 20
-8957.834294
  0
POINT
  8
3
 10
4498.285121
 20
-8952.611758
  0
POINT
  8
3
 10
4501.760865
 20
-8947.460137
  0
POINT
  8
3
 10
4505.353358
 20
-8942.458638
  0
POINT
  8
3
 10
4509.826411
 20
-8936.633617
  0
POINT
  8
3
 10
4514.741527
 20
-8930.636234
  0
POLYLINE
  8
11
  66
1
  70
0
  0
VERTEX
  8
1
  10
4350.531921
  20
-9397.313843
  0
VERTEX
  8
1
  10
4338.528137
  20
-9414.149780
  0
SEQEND
  8
11
  0
POINT
  8
2
 10
4350.531921
 20
-9397.313843
  0
TEXT
  8
2
 10
4350.531921
 20
-9397.313843
 40
0.000000
 50
0.000000
  1
# 521
  0
POINT
  8
2
 10
4338.528137
 20
-9414.149780
  0
TEXT
  8
2
 10
4338.528137
 20
-9414.149780
 40
0.000000
 50
0.000000
  1
# 522
  0
POLYLINE
  8
11
  66
1
  70
0
  0
VERTEX
  8
1
  10
4340.866089
  20
-8896.986694
  0
VERTEX
  8
1
  10
4342.316757
  20
-8896.553881
  0
VERTEX
  8
1
  10
4343.620577
  20
-8896.048603
  0
VERTEX
  8
1
  10
4344.651181
  20
-8895.532571
  0
VERTEX
  8
1
  10
4345.668553
  20
-8894.906732
  0
VERTEX
  8
1
  10
4346.640126
  20
-8894.191642
  0
VERTEX
  8
1
  10
4347.518637
  20
-8893.418409
  0
VERTEX
  8
1
  10
4348.276951
  20
-8892.618202
  0
VERTEX
  8
1
  10
4348.944835
  20
-8891.768338
  0
VERTEX
  8
1
  10
4349.533240
  20
-8890.849955
  0
VERTEX
  8
1
  10
4350.035274
  20
-8889.871254
  0
VERTEX
  8
1
  10
4350.440504
  20
-8888.855545
  0
VERTEX
  8
1
  10
4350.746740
  20
-8887.810973
  0
VERTEX
  8
1
  10
4350.959755
  20
-8886.699115
  0
VERTEX
  8
1
  10
4351.073164
  20
-8885.536080
  0
VERTEX
  8
1
  10
4350.999711
  20
-8882.578293
  0
VERTEX
  8
1
  10
4350.573120
  20
-8878.065796
  0
SEQEND
  8
11
  0
POINT
  8
2
 10
4340.866089
 20
-8896.986694
  0
TEXT
  8
2
 10
4340.866089
 20
-8896.986694
 40
0.000000
 50
0.000000
  1
# 523
  0
POINT
  8
2
 10
4350.573120
 20
-8878.065796
  0
TEXT
  8
2
 10
4350.573120
 20
-8878.065796
 40
0.000000
 50
0.000000
  1
# 524
  0
POINT
  8
3
 10
4342.316757
 20
-8896.553881
  0
POINT
  8
3
 10
4343.620577
 20
-8896.048603
  0
POINT
  8
3
 10
4344.651181
 20
-8895.532571
  0
POINT
  8
3
 10
4345.668553
 20
-8894.906732
  0
POINT
  8
3
 10
4346.640126
 20
-8894.191642
  0
POINT
  8
3
 10
4347.518637
 20
-8893.418409
  0
POINT
  8
3
 10
4348.276951
 20
-8892.618202
  0
POINT
  8
3
 10
4348.944835
 20
-8891.768338
  0
POINT
  8
3
 10
4349.533240
 20
-8890.849955
  0
POINT
  8
3
 10
4350.035274
 20
-8889.871254
  0
POINT
  8
3
 10
4350.440504
 20
-8888.855545
  0
POINT
  8
3
 10
4350.746740
 20
-8887.810973
  0
POINT
  8
3
 10
4350.959755
 20
-8886.699115
  0
POINT
  8
3
 10
4351.073164
 20
-8885.536080
  0
POINT
  8
3
 10
4350.999711
 20
-8882.578293
  0
POLYLINE
  8
11
  66
1
  70
0
  0
VERTEX
  8
1
  10
4350.573120
  20
-8878.065796
  0
VERTEX
  8
1
  10
4351.913626
  20
-8877.479460
  0
VERTEX
  8
1
  10
4353.102735
  20
-8876.838393
  0
VERTEX
  8
1
  10
4354.019576
  20
-8876.222461
  0
VERTEX
  8
1
  10
4354.904927
  20
-8875.504333
  0
VERTEX
  8
1
  10
4355.761733
  20
-8874.676036
  0
VERTEX
  8
1
  10
4356.530936
  20
-8873.785628
  0
VERTEX
  8
1
  10
4357.177435
  20
-8872.883951
  0
VERTEX
  8
1
  10
4357.725006
  20
-8871.948538
  0
VERTEX
  8
1
  10
4358.178387
  20
-8870.967346
  0
VERTEX
  8
1
  10
4358.533494
  20
-8869.947686
  0
VERTEX
  8
1
  10
4358.784255
  20
-8868.915585
  0
VERTEX
  8
1
  10
4358.938675
  20
-8867.853779
  0
VERTEX
  8
1
  10
4359.000156
  20
-8866.649073
  0
VERTEX
  8
1
  10
4358.960859
  20
-8865.270114
  0
VERTEX
  8
1
  10
4358.747604
  20
-8863.032081
  0
VERTEX
  8
1
  10
4358.305689
  20
-8860.047257
  0
VERTEX
  8
1
  10
4358.144836
  20
-8859.047241
  0
SEQEND
  8
11
  0
POINT
  8
2
 10
4350.573120
 20
-8878.065796
  0
TEXT
  8
2
 10
4350.573120
 20
-8878.065796
 40
0.000000
 50
0.000000
  1
# 525
  0
POINT
  8
2
 10
4358.144836
 20
-8859.047241
  0
TEXT
  8
2
 10
4358.144836
 20
-8859.047241
 40
0.000000
 50
0.000000
  1
# 526
  0
POINT
  8
3
 10
4351.913626
 20
-8877.479460
  0
POINT
  8
3
 10
4353.102735
 20
-8876.838393
  0
POINT
  8
3
 10
4354.019576
 20
-8876.222461
  0
POINT
  8
3
 10
4354.904927
 20
-8875.504333
  0
POINT
  8
3
 10
4355.761733
 20
-8874.676036
  0
POINT
  8
3
 10
4356.530936
 20
-8873.785628
  0
POINT
  8
3
 10
4357.177435
 20
-8872.883951
  0
POINT
  8
3
 10
4357.725006
 20
-8871.948538
  0
POINT
  8
3
 10
4358.178387
 20
-8870.967346
  0
POINT
  8
3
 10
4358.533494
 20
-8869.947686
  0
POINT
  8
3
 10
4358.784255
 20
-8868.915585
  0
POINT
  8
3
 10
4358.938675
 20
-8867.853779
  0
POINT
  8
3
 10
4359.000156
 20
-8866.649073
  0
POINT
  8
3
 10
4358.960859
 20
-8865.270114
  0
POINT
  8
3
 10
4358.747604
 20
-8863.032081
  0
POINT
  8
3
 10
4358.305689
 20
-8860.047257
  0
POLYLINE
  8
11
  66
1
  70
0
  0
VERTEX
  8
1
  10
4358.144836
  20
-8859.047241
  0
VERTEX
  8
1
  10
4359.369717
  20
-8858.340031
  0
VERTEX
  8
1
  10
4360.447026
  20
-8857.600640
  0
VERTEX
  8
1
  10
4361.316617
  20
-8856.872701
  0
VERTEX
  8
1
  10
4362.126161
  20
-8856.054185
  0
VERTEX
  8
1
  10
4362.840048
  20
-8855.187613
  0
VERTEX
  8
1
  10
4363.465875
  20
-8854.269359
  0
VERTEX
  8
1
  10
4364.004908
  20
-8853.295069
  0
VERTEX
  8
1
  10
4364.450088
  20
-8852.276044
  0
VERTEX
  8
1
  10
4364.795191
  20
-8851.228731
  0
VERTEX
  8
1
  10
4365.040782
  20
-8850.155140
  0
VERTEX
  8
1
  10
4365.184347
  20
-8849.066172
  0
VERTEX
  8
1
  10
4365.224170
  20
-8847.975539
  0
VERTEX
  8
1
  10
4365.143585
  20
-8846.679606
  0
VERTEX
  8
1
  10
4364.916747
  20
-8845.085173
  0
VERTEX
  8
1
  10
4364.397664
  20
-8842.351206
  0
VERTEX
  8
1
  10
4363.735657
  20
-8839.431763
  0
SEQEND
  8
11
  0
POINT
  8
2
 10
4358.144836
 20
-8859.047241
  0
TEXT
  8
2
 10
4358.144836
 20
-8859.047241
 40
0.000000
 50
0.000000
  1
# 527
  0
POINT
  8
2
 10
4363.735657
 20
-8839.431763
  0
TEXT
  8
2
 10
4363.735657
 20
-8839.431763
 40
0.000000
 50
0.000000
  1
# 528
  0
POINT
  8
3
 10
4359.369717
 20
-8858.340031
  0
POINT
  8
3
 10
4360.447026
 20
-8857.600640
  0
POINT
  8
3
 10
4361.316617
 20
-8856.872701
  0
POINT
  8
3
 10
4362.126161
 20
-8856.054185
  0
POINT
  8
3
 10
4362.840048
 20
-8855.187613
  0
POINT
  8
3
 10
4363.465875
 20
-8854.269359
  0
POINT
  8
3
 10
4364.004908
 20
-8853.295069
  0
POINT
  8
3
 10
4364.450088
 20
-8852.276044
  0
POINT
  8
3
 10
4364.795191
 20
-8851.228731
  0
POINT
  8
3
 10
4365.040782
 20
-8850.155140
  0
POINT
  8
3
 10
4365.184347
 20
-8849.066172
  0
POINT
  8
3
 10
4365.224170
 20
-8847.975539
  0
POINT
  8
3
 10
4365.143585
 20
-8846.679606
  0
POINT
  8
3
 10
4364.916747
 20
-8845.085173
  0
POINT
  8
3
 10
4364.397664
 20
-8842.351206
  0
POLYLINE
  8
11
  66
1
  70
0
  0
VERTEX
  8
1
  10
4310.282898
  20
-8927.796631
  0
VERTEX
  8
1
  10
4311.967292
  20
-8927.992531
  0
VERTEX
  8
1
  10
4313.536339
  20
-8928.062101
  0
VERTEX
  8
1
  10
4314.750685
  20
-8928.013356
  0
VERTEX
  8
1
  10
4315.917189
  20
-8927.864944
  0
VERTEX
  8
1
  10
4317.038472
  20
-8927.617606
  0
VERTEX
  8
1
  10
4318.148195
  20
-8927.267534
  0
VERTEX
  8
1
  10
4319.260313
  20
-8926.805935
  0
VERTEX
  8
1
  10
4320.323582
  20
-8926.248844
  0
VERTEX
  8
1
  10
4321.321715
  20
-8925.605171
  0
VERTEX
  8
1
  10
4322.240396
  20
-8924.883928
  0
VERTEX
  8
1
  10
4323.047838
  20
-8924.115331
  0
VERTEX
  8
1
  10
4323.753419
  20
-8923.295396
  0
VERTEX
  8
1
  10
4324.372537
  20
-8922.404777
  0
VERTEX
  8
1
  10
4324.937180
  20
-8921.403254
  0
VERTEX
  8
1
  10
4325.493624
  20
-8920.182103
  0
VERTEX
  8
1
  10
4326.022062
  20
-8918.754308
  0
VERTEX
  8
1
  10
4326.918030
  20
-8915.731812
  0
SEQEND
  8
11
  0
POINT
  8
2
 10
4310.282898
 20
-8927.796631
  0
TEXT
  8
2
 10
4310.282898
 20
-8927.796631
 40
0.000000
 50
0.000000
  1
# 529
  0
POINT
  8
2
 10
4326.918030
 20
-8915.731812
  0
TEXT
  8
2
 10
4326.918030
 20
-8915.731812
 40
0.000000
 50
0.000000
  1
# 530
  0
POINT
  8
3
 10
4311.967292
 20
-8927.992531
  0
POINT
  8
3
 10
4313.536339
 20
-8928.062101
  0
POINT
  8
3
 10
4314.750685
 20
-8928.013356
  0
POINT
  8
3
 10
4315.917189
 20
-8927.864944
  0
POINT
  8
3
 10
4317.038472
 20
-8927.617606
  0
POINT
  8
3
 10
4318.148195
 20
-8927.267534
  0
POINT
  8
3
 10
4319.260313
 20
-8926.805935
  0
POINT
  8
3
 10
4320.323582
 20
-8926.248844
  0
POINT
  8
3
 10
4321.321715
 20
-8925.605171
  0
POINT
  8
3
 10
4322.240396
 20
-8924.883928
  0
POINT
  8
3
 10
4323.047838
 20
-8924.115331
  0
POINT
  8
3
 10
4323.753419
 20
-8923.295396
  0
POINT
  8
3
 10
4324.372537
 20
-8922.404777
  0
POINT
  8
3
 10
4324.937180
 20
-8921.403254
  0
POINT
  8
3
 10
4325.493624
 20
-8920.182103
  0
POINT
  8
3
 10
4326.022062
 20
-8918.754308
  0
POLYLINE
  8
11
  66
1
  70
0
  0
VERTEX
  8
1
  10
4291.600647
  20
-8937.782593
  0
VERTEX
  8
1
  10
4293.100223
  20
-8938.212599
  0
VERTEX
  8
1
  10
4294.513885
  20
-8938.514296
  0
VERTEX
  8
1
  10
4296.829662
  20
-8938.710982
  0
VERTEX
  8
1
  10
4297.983349
  20
-8938.654854
  0
VERTEX
  8
1
  10
4299.144876
  20
-8938.494521
  0
VERTEX
  8
1
  10
4300.286840
  20
-8938.235195
  0
VERTEX
  8
1
  10
4301.397503
  20
-8937.880201
  0
VERTEX
  8
1
  10
4302.457786
  20
-8937.436427
  0
VERTEX
  8
1
  10
4303.457059
  20
-8936.908636
  0
VERTEX
  8
1
  10
4304.370542
  20
-8936.312506
  0
VERTEX
  8
1
  10
4305.198518
  20
-8935.650067
  0
VERTEX
  8
1
  10
4305.961278
  20
-8934.903381
  0
VERTEX
  8
1
  10
4306.695226
  20
-8934.040565
  0
VERTEX
  8
1
  10
4307.490163
  20
-8932.928287
  0
VERTEX
  8
1
  10
4308.294835
  20
-8931.607700
  0
VERTEX
  8
1
  10
4309.735718
  20
-8928.847656
  0
SEQEND
  8
11
  0
POINT
  8
2
 10
4291.600647
 20
-8937.782593
  0
TEXT
  8
2
 10
4291.600647
 20
-8937.782593
 40
0.000000
 50
0.000000
  1
# 531
  0
POINT
  8
2
 10
4309.735718
 20
-8928.847656
  0
TEXT
  8
2
 10
4309.735718
 20
-8928.847656
 40
0.000000
 50
0.000000
  1
# 532
  0
POINT
  8
3
 10
4293.100223
 20
-8938.212599
  0
POINT
  8
3
 10
4294.513885
 20
-8938.514296
  0
POINT
  8
3
 10
4296.829662
 20
-8938.710982
  0
POINT
  8
3
 10
4297.983349
 20
-8938.654854
  0
POINT
  8
3
 10
4299.144876
 20
-8938.494521
  0
POINT
  8
3
 10
4300.286840
 20
-8938.235195
  0
POINT
  8
3
 10
4301.397503
 20
-8937.880201
  0
POINT
  8
3
 10
4302.457786
 20
-8937.436427
  0
POINT
  8
3
 10
4303.457059
 20
-8936.908636
  0
POINT
  8
3
 10
4304.370542
 20
-8936.312506
  0
POINT
  8
3
 10
4305.198518
 20
-8935.650067
  0
POINT
  8
3
 10
4305.961278
 20
-8934.903381
  0
POINT
  8
3
 10
4306.695226
 20
-8934.040565
  0
POINT
  8
3
 10
4307.490163
 20
-8932.928287
  0
POINT
  8
3
 10
4308.294835
 20
-8931.607700
  0
POLYLINE
  8
11
  66
1
  70
0
  0
VERTEX
  8
1
  10
4288.993835
  20
-8931.693726
  0
VERTEX
  8
1
  10
4290.032474
  20
-8928.938821
  0
VERTEX
  8
1
  10
4290.587317
  20
-8927.859436
  0
VERTEX
  8
1
  10
4291.209506
  20
-8926.873897
  0
VERTEX
  8
1
  10
4291.900203
  20
-8925.977442
  0
VERTEX
  8
1
  10
4292.682430
  20
-8925.132740
  0
VERTEX
  8
1
  10
4293.552831
  20
-8924.345117
  0
VERTEX
  8
1
  10
4294.492117
  20
-8923.634238
  0
VERTEX
  8
1
  10
4295.473451
  20
-8923.017890
  0
VERTEX
  8
1
  10
4296.491529
  20
-8922.497823
  0
VERTEX
  8
1
  10
4297.505578
  20
-8922.090890
  0
VERTEX
  8
1
  10
4298.516197
  20
-8921.794264
  0
VERTEX
  8
1
  10
4300.601144
  20
-8921.504527
  0
VERTEX
  8
1
  10
4301.917411
  20
-8921.499788
  0
VERTEX
  8
1
  10
4303.442011
  20
-8921.610613
  0
VERTEX
  8
1
  10
4306.737976
  20
-8922.067261
  0
SEQEND
  8
11
  0
POINT
  8
2
 10
4288.993835
 20
-8931.693726
  0
TEXT
  8
2
 10
4288.993835
 20
-8931.693726
 40
0.000000
 50
0.000000
  1
# 533
  0
POINT
  8
2
 10
4306.737976
 20
-8922.067261
  0
TEXT
  8
2
 10
4306.737976
 20
-8922.067261
 40
0.000000
 50
0.000000
  1
# 534
  0
POINT
  8
3
 10
4290.032474
 20
-8928.938821
  0
POINT
  8
3
 10
4290.587317
 20
-8927.859436
  0
POINT
  8
3
 10
4291.209506
 20
-8926.873897
  0
POINT
  8
3
 10
4291.900203
 20
-8925.977442
  0
POINT
  8
3
 10
4292.682430
 20
-8925.132740
  0
POINT
  8
3
 10
4293.552831
 20
-8924.345117
  0
POINT
  8
3
 10
4294.492117
 20
-8923.634238
  0
POINT
  8
3
 10
4295.473451
 20
-8923.017890
  0
POINT
  8
3
 10
4296.491529
 20
-8922.497823
  0
POINT
  8
3
 10
4297.505578
 20
-8922.090890
  0
POINT
  8
3
 10
4298.516197
 20
-8921.794264
  0
POINT
  8
3
 10
4300.601144
 20
-8921.504527
  0
POINT
  8
3
 10
4301.917411
 20
-8921.499788
  0
POINT
  8
3
 10
4303.442011
 20
-8921.610613
  0
POLYLINE
  8
11
  66
1
  70
0
  0
VERTEX
  8
1
  10
4344.956055
  20
-8874.646606
  0
VERTEX
  8
1
  10
4344.318032
  20
-8873.115885
  0
VERTEX
  8
1
  10
4343.832870
  20
-8871.660275
  0
VERTEX
  8
1
  10
4343.553949
  20
-8870.492484
  0
VERTEX
  8
1
  10
4343.387773
  20
-8869.346040
  0
VERTEX
  8
1
  10
4343.332525
  20
-8868.186688
  0
VERTEX
  8
1
  10
4343.388119
  20
-8867.007930
  0
VERTEX
  8
1
  10
4343.551196
  20
-8865.841057
  0
VERTEX
  8
1
  10
4343.819472
  20
-8864.693313
  0
VERTEX
  8
1
  10
4344.177648
  20
-8863.611535
  0
VERTEX
  8
1
  10
4344.625180
  20
-8862.586509
  0
VERTEX
  8
1
  10
4345.163622
  20
-8861.619625
  0
VERTEX
  8
1
  10
4345.778640
  20
-8860.742108
  0
VERTEX
  8
1
  10
4346.466768
  20
-8859.952799
  0
VERTEX
  8
1
  10
4347.277677
  20
-8859.182536
  0
VERTEX
  8
1
  10
4348.335627
  20
-8858.336058
  0
VERTEX
  8
1
  10
4349.664734
  20
-8857.415176
  0
VERTEX
  8
1
  10
4352.391663
  20
-8855.719604
  0
SEQEND
  8
11
  0
POINT
  8
2
 10
4344.956055
 20
-8874.646606
  0
TEXT
  8
2
 10
4344.956055
 20
-8874.646606
 40
0.000000
 50
0.000000
  1
# 535
  0
POINT
  8
2
 10
4352.391663
 20
-8855.719604
  0
TEXT
  8
2
 10
4352.391663
 20
-8855.719604
 40
0.000000
 50
0.000000
  1
# 536
  0
POINT
  8
3
 10
4344.318032
 20
-8873.115885
  0
POINT
  8
3
 10
4343.832870
 20
-8871.660275
  0
POINT
  8
3
 10
4343.553949
 20
-8870.492484
  0
POINT
  8
3
 10
4343.387773
 20
-8869.346040
  0
POINT
  8
3
 10
4343.332525
 20
-8868.186688
  0
POINT
  8
3
 10
4343.388119
 20
-8867.007930
  0
POINT
  8
3
 10
4343.551196
 20
-8865.841057
  0
POINT
  8
3
 10
4343.819472
 20
-8864.693313
  0
POINT
  8
3
 10
4344.177648
 20
-8863.611535
  0
POINT
  8
3
 10
4344.625180
 20
-8862.586509
  0
POINT
  8
3
 10
4345.163622
 20
-8861.619625
  0
POINT
  8
3
 10
4345.778640
 20
-8860.742108
  0
POINT
  8
3
 10
4346.466768
 20
-8859.952799
  0
POINT
  8
3
 10
4347.277677
 20
-8859.182536
  0
POINT
  8
3
 10
4348.335627
 20
-8858.336058
  0
POINT
  8
3
 10
4349.664734
 20
-8857.415176
  0
POLYLINE
  8
11
  66
1
  70
0
  0
VERTEX
  8
1
  10
4352.369995
  20
-8855.733643
  0
VERTEX
  8
1
  10
4350.999371
  20
-8853.126852
  0
VERTEX
  8
1
  10
4350.559114
  20
-8851.991168
  0
VERTEX
  8
1
  10
4350.236118
  20
-8850.869971
  0
VERTEX
  8
1
  10
4350.028429
  20
-8849.766592
  0
VERTEX
  8
1
  10
4349.921256
  20
-8848.633255
  0
VERTEX
  8
1
  10
4349.916084
  20
-8847.481315
  0
VERTEX
  8
1
  10
4350.013713
  20
-8846.330272
  0
VERTEX
  8
1
  10
4350.211874
  20
-8845.201013
  0
VERTEX
  8
1
  10
4350.507724
  20
-8844.110981
  0
VERTEX
  8
1
  10
4350.887233
  20
-8843.099104
  0
VERTEX
  8
1
  10
4351.348197
  20
-8842.164804
  0
VERTEX
  8
1
  10
4352.532448
  20
-8840.469772
  0
VERTEX
  8
1
  10
4353.420031
  20
-8839.511253
  0
VERTEX
  8
1
  10
4354.534113
  20
-8838.481924
  0
VERTEX
  8
1
  10
4357.138672
  20
-8836.381226
  0
SEQEND
  8
11
  0
POINT
  8
2
 10
4352.369995
 20
-8855.733643
  0
TEXT
  8
2
 10
4352.369995
 20
-8855.733643
 40
0.000000
 50
0.000000
  1
# 537
  0
POINT
  8
2
 10
4357.138672
 20
-8836.381226
  0
TEXT
  8
2
 10
4357.138672
 20
-8836.381226
 40
0.000000
 50
0.000000
  1
# 538
  0
POINT
  8
3
 10
4350.999371
 20
-8853.126852
  0
POINT
  8
3
 10
4350.559114
 20
-8851.991168
  0
POINT
  8
3
 10
4350.236118
 20
-8850.869971
  0
POINT
  8
3
 10
4350.028429
 20
-8849.766592
  0
POINT
  8
3
 10
4349.921256
 20
-8848.633255
  0
POINT
  8
3
 10
4349.916084
 20
-8847.481315
  0
POINT
  8
3
 10
4350.013713
 20
-8846.330272
  0
POINT
  8
3
 10
4350.211874
 20
-8845.201013
  0
POINT
  8
3
 10
4350.507724
 20
-8844.110981
  0
POINT
  8
3
 10
4350.887233
 20
-8843.099104
  0
POINT
  8
3
 10
4351.348197
 20
-8842.164804
  0
POINT
  8
3
 10
4352.532448
 20
-8840.469772
  0
POINT
  8
3
 10
4353.420031
 20
-8839.511253
  0
POINT
  8
3
 10
4354.534113
 20
-8838.481924
  0
POLYLINE
  8
11
  66
1
  70
0
  0
VERTEX
  8
1
  10
4239.383240
  20
-8952.266235
  0
VERTEX
  8
1
  10
4241.618424
  20
-8951.981041
  0
VERTEX
  8
1
  10
4242.694966
  20
-8951.682568
  0
VERTEX
  8
1
  10
4243.866566
  20
-8951.236553
  0
VERTEX
  8
1
  10
4245.252276
  20
-8950.586722
  0
VERTEX
  8
1
  10
4246.761643
  20
-8949.759256
  0
VERTEX
  8
1
  10
4248.537292
  20
-8948.679810
  0
SEQEND
  8
11
  0
POINT
  8
2
 10
4239.383240
 20
-8952.266235
  0
TEXT
  8
2
 10
4239.383240
 20
-8952.266235
 40
0.000000
 50
0.000000
  1
# 539
  0
POINT
  8
2
 10
4248.537292
 20
-8948.679810
  0
TEXT
  8
2
 10
4248.537292
 20
-8948.679810
 40
0.000000
 50
0.000000
  1
# 540
  0
POINT
  8
3
 10
4241.618424
 20
-8951.981041
  0
POINT
  8
3
 10
4242.694966
 20
-8951.682568
  0
POINT
  8
3
 10
4243.866566
 20
-8951.236553
  0
POINT
  8
3
 10
4245.252276
 20
-8950.586722
  0
POINT
  8
3
 10
4246.761643
 20
-8949.759256
  0
POLYLINE
  8
11
  66
1
  70
0
  0
VERTEX
  8
1
  10
4239.382935
  20
-8937.709351
  0
VERTEX
  8
1
  10
4241.683770
  20
-8937.942598
  0
VERTEX
  8
1
  10
4242.715231
  20
-8938.209747
  0
VERTEX
  8
1
  10
4243.840547
  20
-8938.617719
  0
VERTEX
  8
1
  10
4245.242980
  20
-8939.251143
  0
VERTEX
  8
1
  10
4246.861336
  20
-8940.105738
  0
VERTEX
  8
1
  10
4248.910522
  20
-8941.286011
  0
SEQEND
  8
11
  0
POINT
  8
2
 10
4239.382935
 20
-8937.709351
  0
TEXT
  8
2
 10
4239.382935
 20
-8937.709351
 40
0.000000
 50
0.000000
  1
# 541
  0
POINT
  8
2
 10
4248.910522
 20
-8941.286011
  0
TEXT
  8
2
 10
4248.910522
 20
-8941.286011
 40
0.000000
 50
0.000000
  1
# 542
  0
POINT
  8
3
 10
4241.683770
 20
-8937.942598
  0
POINT
  8
3
 10
4242.715231
 20
-8938.209747
  0
POINT
  8
3
 10
4243.840547
 20
-8938.617719
  0
POINT
  8
3
 10
4245.242980
 20
-8939.251143
  0
POINT
  8
3
 10
4246.861336
 20
-8940.105738
  0
POLYLINE
  8
11
  66
1
  70
0
  0
VERTEX
  8
1
  10
4248.910522
  20
-8941.286011
  0
VERTEX
  8
1
  10
4250.733935
  20
-8938.956331
  0
VERTEX
  8
1
  10
4251.588669
  20
-8938.087317
  0
VERTEX
  8
1
  10
4252.479521
  20
-8937.326991
  0
VERTEX
  8
1
  10
4253.412884
  20
-8936.668736
  0
VERTEX
  8
1
  10
4254.418186
  20
-8936.087111
  0
VERTEX
  8
1
  10
4255.480011
  20
-8935.590584
  0
VERTEX
  8
1
  10
4256.585010
  20
-8935.185458
  0
VERTEX
  8
1
  10
4257.710943
  20
-8934.879089
  0
VERTEX
  8
1
  10
4258.841150
  20
-8934.676110
  0
VERTEX
  8
1
  10
4259.940264
  20
-8934.580332
  0
VERTEX
  8
1
  10
4261.002801
  20
-8934.590816
  0
VERTEX
  8
1
  10
4263.068133
  20
-8934.918075
  0
VERTEX
  8
1
  10
4264.329407
  20
-8935.296236
  0
VERTEX
  8
1
  10
4265.767621
  20
-8935.849067
  0
VERTEX
  8
1
  10
4269.239197
  20
-8937.460327
  0
SEQEND
  8
11
  0
POINT
  8
2
 10
4248.910522
 20
-8941.286011
  0
TEXT
  8
2
 10
4248.910522
 20
-8941.286011
 40
0.000000
 50
0.000000
  1
# 543
  0
POINT
  8
2
 10
4269.239197
 20
-8937.460327
  0
TEXT
  8
2
 10
4269.239197
 20
-8937.460327
 40
0.000000
 50
0.000000
  1
# 544
  0
POINT
  8
3
 10
4250.733935
 20
-8938.956331
  0
POINT
  8
3
 10
4251.588669
 20
-8938.087317
  0
POINT
  8
3
 10
4252.479521
 20
-8937.326991
  0
POINT
  8
3
 10
4253.412884
 20
-8936.668736
  0
POINT
  8
3
 10
4254.418186
 20
-8936.087111
  0
POINT
  8
3
 10
4255.480011
 20
-8935.590584
  0
POINT
  8
3
 10
4256.585010
 20
-8935.185458
  0
POINT
  8
3
 10
4257.710943
 20
-8934.879089
  0
POINT
  8
3
 10
4258.841150
 20
-8934.676110
  0
POINT
  8
3
 10
4259.940264
 20
-8934.580332
  0
POINT
  8
3
 10
4261.002801
 20
-8934.590816
  0
POINT
  8
3
 10
4263.068133
 20
-8934.918075
  0
POINT
  8
3
 10
4264.329407
 20
-8935.296236
  0
POINT
  8
3
 10
4265.767621
 20
-8935.849067
  0
POLYLINE
  8
11
  66
1
  70
0
  0
VERTEX
  8
1
  10
4269.239197
  20
-8937.460327
  0
VERTEX
  8
1
  10
4270.109781
  20
-8936.019243
  0
VERTEX
  8
1
  10
4271.011130
  20
-8934.745564
  0
VERTEX
  8
1
  10
4271.771899
  20
-8933.843302
  0
VERTEX
  8
1
  10
4272.577285
  20
-8933.040318
  0
VERTEX
  8
1
  10
4273.454847
  20
-8932.313344
  0
VERTEX
  8
1
  10
4274.413359
  20
-8931.655186
  0
VERTEX
  8
1
  10
4275.434189
  20
-8931.077747
  0
VERTEX
  8
1
  10
4276.502533
  20
-8930.589438
  0
VERTEX
  8
1
  10
4277.598092
  20
-8930.198984
  0
VERTEX
  8
1
  10
4278.701875
  20
-8929.913625
  0
VERTEX
  8
1
  10
4279.777719
  20
-8929.739387
  0
VERTEX
  8
1
  10
4280.829507
  20
-8929.673024
  0
VERTEX
  8
1
  10
4282.982130
  20
-8929.856654
  0
VERTEX
  8
1
  10
4284.363186
  20
-8930.156789
  0
VERTEX
  8
1
  10
4285.962961
  20
-8930.626123
  0
VERTEX
  8
1
  10
4289.004211
  20
-8931.697998
  0
SEQEND
  8
11
  0
POINT
  8
2
 10
4269.239197
 20
-8937.460327
  0
TEXT
  8
2
 10
4269.239197
 20
-8937.460327
 40
0.000000
 50
0.000000
  1
# 545
  0
POINT
  8
2
 10
4289.004211
 20
-8931.697998
  0
TEXT
  8
2
 10
4289.004211
 20
-8931.697998
 40
0.000000
 50
0.000000
  1
# 546
  0
POINT
  8
3
 10
4270.109781
 20
-8936.019243
  0
POINT
  8
3
 10
4271.011130
 20
-8934.745564
  0
POINT
  8
3
 10
4271.771899
 20
-8933.843302
  0
POINT
  8
3
 10
4272.577285
 20
-8933.040318
  0
POINT
  8
3
 10
4273.454847
 20
-8932.313344
  0
POINT
  8
3
 10
4274.413359
 20
-8931.655186
  0
POINT
  8
3
 10
4275.434189
 20
-8931.077747
  0
POINT
  8
3
 10
4276.502533
 20
-8930.589438
  0
POINT
  8
3
 10
4277.598092
 20
-8930.198984
  0
POINT
  8
3
 10
4278.701875
 20
-8929.913625
  0
POINT
  8
3
 10
4279.777719
 20
-8929.739387
  0
POINT
  8
3
 10
4280.829507
 20
-8929.673024
  0
POINT
  8
3
 10
4282.982130
 20
-8929.856654
  0
POINT
  8
3
 10
4284.363186
 20
-8930.156789
  0
POINT
  8
3
 10
4285.962961
 20
-8930.626123
  0
POLYLINE
  8
11
  66
1
  70
0
  0
VERTEX
  8
1
  10
4322.022705
  20
-8908.457031
  0
VERTEX
  8
1
  10
4321.917397
  20
-8905.446099
  0
VERTEX
  8
1
  10
4322.012060
  20
-8904.176503
  0
VERTEX
  8
1
  10
4322.207706
  20
-8902.975290
  0
VERTEX
  8
1
  10
4322.495993
  20
-8901.861468
  0
VERTEX
  8
1
  10
4322.885764
  20
-8900.769469
  0
VERTEX
  8
1
  10
4323.373414
  20
-8899.709615
  0
VERTEX
  8
1
  10
4323.954427
  20
-8898.691683
  0
VERTEX
  8
1
  10
4324.618483
  20
-8897.732874
  0
VERTEX
  8
1
  10
4325.355645
  20
-8896.847928
  0
VERTEX
  8
1
  10
4326.135408
  20
-8896.067999
  0
VERTEX
  8
1
  10
4326.957800
  20
-8895.389579
  0
VERTEX
  8
1
  10
4328.731668
  20
-8894.319161
  0
VERTEX
  8
1
  10
4329.853685
  20
-8893.840513
  0
VERTEX
  8
1
  10
4331.190166
  20
-8893.391392
  0
VERTEX
  8
1
  10
4335.038452
  20
-8892.433472
  0
SEQEND
  8
11
  0
POINT
  8
2
 10
4322.022705
 20
-8908.457031
  0
TEXT
  8
2
 10
4322.022705
 20
-8908.457031
 40
0.000000
 50
0.000000
  1
# 547
  0
POINT
  8
2
 10
4335.038452
 20
-8892.433472
  0
TEXT
  8
2
 10
4335.038452
 20
-8892.433472
 40
0.000000
 50
0.000000
  1
# 548
  0
POINT
  8
3
 10
4321.917397
 20
-8905.446099
  0
POINT
  8
3
 10
4322.012060
 20
-8904.176503
  0
POINT
  8
3
 10
4322.207706
 20
-8902.975290
  0
POINT
  8
3
 10
4322.495993
 20
-8901.861468
  0
POINT
  8
3
 10
4322.885764
 20
-8900.769469
  0
POINT
  8
3
 10
4323.373414
 20
-8899.709615
  0
POINT
  8
3
 10
4323.954427
 20
-8898.691683
  0
POINT
  8
3
 10
4324.618483
 20
-8897.732874
  0
POINT
  8
3
 10
4325.355645
 20
-8896.847928
  0
POINT
  8
3
 10
4326.135408
 20
-8896.067999
  0
POINT
  8
3
 10
4326.957800
 20
-8895.389579
  0
POINT
  8
3
 10
4328.731668
 20
-8894.319161
  0
POINT
  8
3
 10
4329.853685
 20
-8893.840513
  0
POINT
  8
3
 10
4331.190166
 20
-8893.391392
  0
POLYLINE
  8
11
  66
1
  70
0
  0
VERTEX
  8
1
  10
4335.038452
  20
-8892.433472
  0
VERTEX
  8
1
  10
4334.611876
  20
-8890.833594
  0
VERTEX
  8
1
  10
4334.326995
  20
-8889.328064
  0
VERTEX
  8
1
  10
4334.208029
  20
-8888.135773
  0
VERTEX
  8
1
  10
4334.197663
  20
-8886.978401
  0
VERTEX
  8
1
  10
4334.298800
  20
-8885.822133
  0
VERTEX
  8
1
  10
4334.512303
  20
-8884.661349
  0
VERTEX
  8
1
  10
4334.831072
  20
-8883.525075
  0
VERTEX
  8
1
  10
4335.251596
  20
-8882.421727
  0
VERTEX
  8
1
  10
4335.752335
  20
-8881.395803
  0
VERTEX
  8
1
  10
4336.334699
  20
-8880.436315
  0
VERTEX
  8
1
  10
4336.971956
  20
-8879.579272
  0
VERTEX
  8
1
  10
4337.666744
  20
-8878.815435
  0
VERTEX
  8
1
  10
4338.450422
  20
-8878.115350
  0
VERTEX
  8
1
  10
4339.351593
  20
-8877.452072
  0
VERTEX
  8
1
  10
4340.511988
  20
-8876.743351
  0
VERTEX
  8
1
  10
4341.949646
  20
-8875.998707
  0
VERTEX
  8
1
  10
4344.958191
  20
-8874.633789
  0
SEQEND
  8
11
  0
POINT
  8
2
 10
4335.038452
 20
-8892.433472
  0
TEXT
  8
2
 10
4335.038452
 20
-8892.433472
 40
0.000000
 50
0.000000
  1
# 549
  0
POINT
  8
2
 10
4344.958191
 20
-8874.633789
  0
TEXT
  8
2
 10
4344.958191
 20
-8874.633789
 40
0.000000
 50
0.000000
  1
# 550
  0
POINT
  8
3
 10
4334.611876
 20
-8890.833594
  0
POINT
  8
3
 10
4334.326995
 20
-8889.328064
  0
POINT
  8
3
 10
4334.208029
 20
-8888.135773
  0
POINT
  8
3
 10
4334.197663
 20
-8886.978401
  0
POINT
  8
3
 10
4334.298800
 20
-8885.822133
  0
POINT
  8
3
 10
4334.512303
 20
-8884.661349
  0
POINT
  8
3
 10
4334.831072
 20
-8883.525075
  0
POINT
  8
3
 10
4335.251596
 20
-8882.421727
  0
POINT
  8
3
 10
4335.752335
 20
-8881.395803
  0
POINT
  8
3
 10
4336.334699
 20
-8880.436315
  0
POINT
  8
3
 10
4336.971956
 20
-8879.579272
  0
POINT
  8
3
 10
4337.666744
 20
-8878.815435
  0
POINT
  8
3
 10
4338.450422
 20
-8878.115350
  0
POINT
  8
3
 10
4339.351593
 20
-8877.452072
  0
POINT
  8
3
 10
4340.511988
 20
-8876.743351
  0
POINT
  8
3
 10
4341.949646
 20
-8875.998707
  0
POLYLINE
  8
11
  66
1
  70
0
  0
VERTEX
  8
1
  10
4250.744324
  20
-8947.727661
  0
VERTEX
  8
1
  10
4252.140191
  20
-8948.659932
  0
VERTEX
  8
1
  10
4253.492440
  20
-8949.429251
  0
VERTEX
  8
1
  10
4254.596478
  20
-8949.938852
  0
VERTEX
  8
1
  10
4255.703997
  20
-8950.337295
  0
VERTEX
  8
1
  10
4256.812654
  20
-8950.625518
  0
VERTEX
  8
1
  10
4257.960100
  20
-8950.817718
  0
VERTEX
  8
1
  10
4259.162193
  20
-8950.912371
  0
VERTEX
  8
1
  10
4260.365572
  20
-8950.900436
  0
VERTEX
  8
1
  10
4261.556675
  20
-8950.781800
  0
VERTEX
  8
1
  10
4262.715344
  20
-8950.557781
  0
VERTEX
  8
1
  10
4263.792252
  20
-8950.243087
  0
VERTEX
  8
1
  10
4264.804646
  20
-8949.837355
  0
VERTEX
  8
1
  10
4265.779243
  20
-8949.327999
  0
VERTEX
  8
1
  10
4266.755904
  20
-8948.696784
  0
VERTEX
  8
1
  10
4267.829760
  20
-8947.865923
  0
VERTEX
  8
1
  10
4268.965682
  20
-8946.845929
  0
VERTEX
  8
1
  10
4271.186523
  20
-8944.556885
  0
SEQEND
  8
11
  0
POINT
  8
2
 10
4250.744324
 20
-8947.727661
  0
TEXT
  8
2
 10
4250.744324
 20
-8947.727661
 40
0.000000
 50
0.000000
  1
# 551
  0
POINT
  8
2
 10
4271.186523
 20
-8944.556885
  0
TEXT
  8
2
 10
4271.186523
 20
-8944.556885
 40
0.000000
 50
0.000000
  1
# 552
  0
POINT
  8
3
 10
4252.140191
 20
-8948.659932
  0
POINT
  8
3
 10
4253.492440
 20
-8949.429251
  0
POINT
  8
3
 10
4254.596478
 20
-8949.938852
  0
POINT
  8
3
 10
4255.703997
 20
-8950.337295
  0
POINT
  8
3
 10
4256.812654
 20
-8950.625518
  0
POINT
  8
3
 10
4257.960100
 20
-8950.817718
  0
POINT
  8
3
 10
4259.162193
 20
-8950.912371
  0
POINT
  8
3
 10
4260.365572
 20
-8950.900436
  0
POINT
  8
3
 10
4261.556675
 20
-8950.781800
  0
POINT
  8
3
 10
4262.715344
 20
-8950.557781
  0
POINT
  8
3
 10
4263.792252
 20
-8950.243087
  0
POINT
  8
3
 10
4264.804646
 20
-8949.837355
  0
POINT
  8
3
 10
4265.779243
 20
-8949.327999
  0
POINT
  8
3
 10
4266.755904
 20
-8948.696784
  0
POINT
  8
3
 10
4267.829760
 20
-8947.865923
  0
POINT
  8
3
 10
4268.965682
 20
-8946.845929
  0
POLYLINE
  8
11
  66
1
  70
0
  0
VERTEX
  8
1
  10
4271.645508
  20
-8944.366455
  0
VERTEX
  8
1
  10
4273.162911
  20
-8945.074056
  0
VERTEX
  8
1
  10
4274.611900
  20
-8945.629359
  0
VERTEX
  8
1
  10
4275.790367
  20
-8945.970846
  0
VERTEX
  8
1
  10
4276.954295
  20
-8946.200899
  0
VERTEX
  8
1
  10
4278.135783
  20
-8946.322769
  0
VERTEX
  8
1
  10
4279.339028
  20
-8946.336444
  0
VERTEX
  8
1
  10
4280.538641
  20
-8946.242588
  0
VERTEX
  8
1
  10
4281.717397
  20
-8946.042713
  0
VERTEX
  8
1
  10
4282.829617
  20
-8945.749710
  0
VERTEX
  8
1
  10
4283.906164
  20
-8945.360992
  0
VERTEX
  8
1
  10
4284.949315
  20
-8944.873309
  0
VERTEX
  8
1
  10
4285.927384
  20
-8944.298655
  0
VERTEX
  8
1
  10
4286.861022
  20
-8943.622006
  0
VERTEX
  8
1
  10
4287.765630
  20
-8942.832706
  0
VERTEX
  8
1
  10
4288.679088
  20
-8941.887665
  0
VERTEX
  8
1
  10
4289.559221
  20
-8940.819824
  0
VERTEX
  8
1
  10
4291.350098
  20
-8938.162231
  0
SEQEND
  8
11
  0
POINT
  8
2
 10
4271.645508
 20
-8944.366455
  0
TEXT
  8
2
 10
4271.645508
 20
-8944.366455
 40
0.000000
 50
0.000000
  1
# 553
  0
POINT
  8
2
 10
4291.350098
 20
-8938.162231
  0
TEXT
  8
2
 10
4291.350098
 20
-8938.162231
 40
0.000000
 50
0.000000
  1
# 554
  0
POINT
  8
3
 10
4273.162911
 20
-8945.074056
  0
POINT
  8
3
 10
4274.611900
 20
-8945.629359
  0
POINT
  8
3
 10
4275.790367
 20
-8945.970846
  0
POINT
  8
3
 10
4276.954295
 20
-8946.200899
  0
POINT
  8
3
 10
4278.135783
 20
-8946.322769
  0
POINT
  8
3
 10
4279.339028
 20
-8946.336444
  0
POINT
  8
3
 10
4280.538641
 20
-8946.242588
  0
POINT
  8
3
 10
4281.717397
 20
-8946.042713
  0
POINT
  8
3
 10
4282.829617
 20
-8945.749710
  0
POINT
  8
3
 10
4283.906164
 20
-8945.360992
  0
POINT
  8
3
 10
4284.949315
 20
-8944.873309
  0
POINT
  8
3
 10
4285.927384
 20
-8944.298655
  0
POINT
  8
3
 10
4286.861022
 20
-8943.622006
  0
POINT
  8
3
 10
4287.765630
 20
-8942.832706
  0
POINT
  8
3
 10
4288.679088
 20
-8941.887665
  0
POINT
  8
3
 10
4289.559221
 20
-8940.819824
  0
POLYLINE
  8
11
  66
1
  70
0
  0
VERTEX
  8
1
  10
4327.675476
  20
-8914.739990
  0
VERTEX
  8
1
  10
4329.411036
  20
-8914.344374
  0
VERTEX
  8
1
  10
4330.989780
  20
-8913.870821
  0
VERTEX
  8
1
  10
4332.181763
  20
-8913.406760
  0
VERTEX
  8
1
  10
4333.291702
  20
-8912.865579
  0
VERTEX
  8
1
  10
4334.333626
  20
-8912.240311
  0
VERTEX
  8
1
  10
4335.334961
  20
-8911.517480
  0
VERTEX
  8
1
  10
4336.301811
  20
-8910.688696
  0
VERTEX
  8
1
  10
4337.195141
  20
-8909.782267
  0
VERTEX
  8
1
  10
4337.997314
  20
-8908.817693
  0
VERTEX
  8
1
  10
4338.700303
  20
-8907.805240
  0
VERTEX
  8
1
  10
4339.284562
  20
-8906.779167
  0
VERTEX
  8
1
  10
4339.756531
  20
-8905.734163
  0
VERTEX
  8
1
  10
4340.118910
  20
-8904.671134
  0
VERTEX
  8
1
  10
4340.403003
  20
-8903.519125
  0
VERTEX
  8
1
  10
4340.631579
  20
-8902.110614
  0
VERTEX
  8
1
  10
4340.778075
  20
-8900.500240
  0
VERTEX
  8
1
  10
4340.866089
  20
-8896.986694
  0
SEQEND
  8
11
  0
POINT
  8
2
 10
4327.675476
 20
-8914.739990
  0
TEXT
  8
2
 10
4327.675476
 20
-8914.739990
 40
0.000000
 50
0.000000
  1
# 555
  0
POINT
  8
2
 10
4340.866089
 20
-8896.986694
  0
TEXT
  8
2
 10
4340.866089
 20
-8896.986694
 40
0.000000
 50
0.000000
  1
# 556
  0
POINT
  8
3
 10
4329.411036
 20
-8914.344374
  0
POINT
  8
3
 10
4330.989780
 20
-8913.870821
  0
POINT
  8
3
 10
4332.181763
 20
-8913.406760
  0
POINT
  8
3
 10
4333.291702
 20
-8912.865579
  0
POINT
  8
3
 10
4334.333626
 20
-8912.240311
  0
POINT
  8
3
 10
4335.334961
 20
-8911.517480
  0
POINT
  8
3
 10
4336.301811
 20
-8910.688696
  0
POINT
  8
3
 10
4337.195141
 20
-8909.782267
  0
POINT
  8
3
 10
4337.997314
 20
-8908.817693
  0
POINT
  8
3
 10
4338.700303
 20
-8907.805240
  0
POINT
  8
3
 10
4339.284562
 20
-8906.779167
  0
POINT
  8
3
 10
4339.756531
 20
-8905.734163
  0
POINT
  8
3
 10
4340.118910
 20
-8904.671134
  0
POINT
  8
3
 10
4340.403003
 20
-8903.519125
  0
POINT
  8
3
 10
4340.631579
 20
-8902.110614
  0
POINT
  8
3
 10
4340.778075
 20
-8900.500240
  0
POLYLINE
  8
11
  66
1
  70
0
  0
VERTEX
  8
1
  10
4306.735229
  20
-8922.083740
  0
VERTEX
  8
1
  10
4307.090720
  20
-8919.132117
  0
VERTEX
  8
1
  10
4307.378879
  20
-8917.904400
  0
VERTEX
  8
1
  10
4307.756777
  20
-8916.758505
  0
VERTEX
  8
1
  10
4308.209454
  20
-8915.719739
  0
VERTEX
  8
1
  10
4308.757755
  20
-8914.717921
  0
VERTEX
  8
1
  10
4309.405166
  20
-8913.750815
  0
VERTEX
  8
1
  10
4310.139598
  20
-8912.839811
  0
VERTEX
  8
1
  10
4310.945103
  20
-8912.003144
  0
VERTEX
  8
1
  10
4311.812078
  20
-8911.250332
  0
VERTEX
  8
1
  10
4312.709913
  20
-8910.604310
  0
VERTEX
  8
1
  10
4313.634098
  20
-8910.066262
  0
VERTEX
  8
1
  10
4315.558557
  20
-8909.297876
  0
VERTEX
  8
1
  10
4316.749012
  20
-8909.005768
  0
VERTEX
  8
1
  10
4318.145905
  20
-8908.777785
  0
VERTEX
  8
1
  10
4322.022705
  20
-8908.457031
  0
SEQEND
  8
11
  0
POINT
  8
2
 10
4306.735229
 20
-8922.083740
  0
TEXT
  8
2
 10
4306.735229
 20
-8922.083740
 40
0.000000
 50
0.000000
  1
# 557
  0
POINT
  8
2
 10
4322.022705
 20
-8908.457031
  0
TEXT
  8
2
 10
4322.022705
 20
-8908.457031
 40
0.000000
 50
0.000000
  1
# 558
  0
POINT
  8
3
 10
4307.090720
 20
-8919.132117
  0
POINT
  8
3
 10
4307.378879
 20
-8917.904400
  0
POINT
  8
3
 10
4307.756777
 20
-8916.758505
  0
POINT
  8
3
 10
4308.209454
 20
-8915.719739
  0
POINT
  8
3
 10
4308.757755
 20
-8914.717921
  0
POINT
  8
3
 10
4309.405166
 20
-8913.750815
  0
POINT
  8
3
 10
4310.139598
 20
-8912.839811
  0
POINT
  8
3
 10
4310.945103
 20
-8912.003144
  0
POINT
  8
3
 10
4311.812078
 20
-8911.250332
  0
POINT
  8
3
 10
4312.709913
 20
-8910.604310
  0
POINT
  8
3
 10
4313.634098
 20
-8910.066262
  0
POINT
  8
3
 10
4315.558557
 20
-8909.297876
  0
POINT
  8
3
 10
4316.749012
 20
-8909.005768
  0
POINT
  8
3
 10
4318.145905
 20
-8908.777785
  0
POLYLINE
  8
11
  66
1
  70
0
  0
VERTEX
  8
1
  10
4363.735657
  20
-8839.431763
  0
VERTEX
  8
1
  10
4365.020311
  20
-8838.835473
  0
VERTEX
  8
1
  10
4366.160954
  20
-8838.194005
  0
VERTEX
  8
1
  10
4367.093864
  20
-8837.545407
  0
VERTEX
  8
1
  10
4367.975621
  20
-8836.800969
  0
VERTEX
  8
1
  10
4368.766224
  20
-8836.000542
  0
VERTEX
  8
1
  10
4369.473648
  20
-8835.141135
  0
VERTEX
  8
1
  10
4370.099972
  20
-8834.217915
  0
VERTEX
  8
1
  10
4370.636718
  20
-8833.242017
  0
VERTEX
  8
1
  10
4371.075987
  20
-8832.229859
  0
VERTEX
  8
1
  10
4371.419041
  20
-8831.181888
  0
VERTEX
  8
1
  10
4371.662184
  20
-8830.109375
  0
VERTEX
  8
1
  10
4371.802090
  20
-8829.026999
  0
VERTEX
  8
1
  10
4371.840764
  20
-8827.719855
  0
VERTEX
  8
1
  10
4371.759347
  20
-8826.098489
  0
VERTEX
  8
1
  10
4371.492999
  20
-8823.341456
  0
VERTEX
  8
1
  10
4371.103210
  20
-8820.387573
  0
SEQEND
  8
11
  0
POINT
  8
2
 10
4363.735657
 20
-8839.431763
  0
TEXT
  8
2
 10
4363.735657
 20
-8839.431763
 40
0.000000
 50
0.000000
  1
# 559
  0
POINT
  8
2
 10
4371.103210
 20
-8820.387573
  0
TEXT
  8
2
 10
4371.103210
 20
-8820.387573
 40
0.000000
 50
0.000000
  1
# 560
  0
POINT
  8
3
 10
4365.020311
 20
-8838.835473
  0
POINT
  8
3
 10
4366.160954
 20
-8838.194005
  0
POINT
  8
3
 10
4367.093864
 20
-8837.545407
  0
POINT
  8
3
 10
4367.975621
 20
-8836.800969
  0
POINT
  8
3
 10
4368.766224
 20
-8836.000542
  0
POINT
  8
3
 10
4369.473648
 20
-8835.141135
  0
POINT
  8
3
 10
4370.099972
 20
-8834.217915
  0
POINT
  8
3
 10
4370.636718
 20
-8833.242017
  0
POINT
  8
3
 10
4371.075987
 20
-8832.229859
  0
POINT
  8
3
 10
4371.419041
 20
-8831.181888
  0
POINT
  8
3
 10
4371.662184
 20
-8830.109375
  0
POINT
  8
3
 10
4371.802090
 20
-8829.026999
  0
POINT
  8
3
 10
4371.840764
 20
-8827.719855
  0
POINT
  8
3
 10
4371.759347
 20
-8826.098489
  0
POINT
  8
3
 10
4371.492999
 20
-8823.341456
  0
POLYLINE
  8
11
  66
1
  70
0
  0
VERTEX
  8
1
  10
4357.138672
  20
-8836.381226
  0
VERTEX
  8
1
  10
4355.632442
  20
-8833.846774
  0
VERTEX
  8
1
  10
4355.132925
  20
-8832.734657
  0
VERTEX
  8
1
  10
4354.751366
  20
-8831.631183
  0
VERTEX
  8
1
  10
4354.485968
  20
-8830.539925
  0
VERTEX
  8
1
  10
4354.319170
  20
-8829.413189
  0
VERTEX
  8
1
  10
4354.253164
  20
-8828.262966
  0
VERTEX
  8
1
  10
4354.289922
  20
-8827.109659
  0
VERTEX
  8
1
  10
4354.428464
  20
-8825.972289
  0
VERTEX
  8
1
  10
4354.666924
  20
-8824.868242
  0
VERTEX
  8
1
  10
4354.992844
  20
-8823.838601
  0
VERTEX
  8
1
  10
4355.404092
  20
-8822.882116
  0
VERTEX
  8
1
  10
4356.497252
  20
-8821.129393
  0
VERTEX
  8
1
  10
4357.332497
  20
-8820.128160
  0
VERTEX
  8
1
  10
4358.391291
  20
-8819.043575
  0
VERTEX
  8
1
  10
4360.881958
  20
-8816.812744
  0
SEQEND
  8
11
  0
POINT
  8
2
 10
4357.138672
 20
-8836.381226
  0
TEXT
  8
2
 10
4357.138672
 20
-8836.381226
 40
0.000000
 50
0.000000
  1
# 561
  0
POINT
  8
2
 10
4360.881958
 20
-8816.812744
  0
TEXT
  8
2
 10
4360.881958
 20
-8816.812744
 40
0.000000
 50
0.000000
  1
# 562
  0
POINT
  8
3
 10
4355.632442
 20
-8833.846774
  0
POINT
  8
3
 10
4355.132925
 20
-8832.734657
  0
POINT
  8
3
 10
4354.751366
 20
-8831.631183
  0
POINT
  8
3
 10
4354.485968
 20
-8830.539925
  0
POINT
  8
3
 10
4354.319170
 20
-8829.413189
  0
POINT
  8
3
 10
4354.253164
 20
-8828.262966
  0
POINT
  8
3
 10
4354.289922
 20
-8827.109659
  0
POINT
  8
3
 10
4354.428464
 20
-8825.972289
  0
POINT
  8
3
 10
4354.666924
 20
-8824.868242
  0
POINT
  8
3
 10
4354.992844
 20
-8823.838601
  0
POINT
  8
3
 10
4355.404092
 20
-8822.882116
  0
POINT
  8
3
 10
4356.497252
 20
-8821.129393
  0
POINT
  8
3
 10
4357.332497
 20
-8820.128160
  0
POINT
  8
3
 10
4358.391291
 20
-8819.043575
  0
POLYLINE
  8
11
  6
2
  66
1
  70
0
  0
VERTEX
  8
1
  10
4350.989990
  20
-8823.174438
  0
VERTEX
  8
1
  10
4349.235315
  20
-8831.916050
  0
VERTEX
  8
1
  10
4347.364001
  20
-8839.975581
  0
VERTEX
  8
1
  10
4345.655916
  20
-8846.315420
  0
VERTEX
  8
1
  10
4343.698987
  20
-8852.737752
  0
VERTEX
  8
1
  10
4342.084798
  20
-8857.543297
  0
VERTEX
  8
1
  10
4340.443281
  20
-8862.014691
  0
VERTEX
  8
1
  10
4338.967357
  20
-8865.705613
  0
VERTEX
  8
1
  10
4337.405373
  20
-8869.323029
  0
VERTEX
  8
1
  10
4335.780700
  20
-8872.817799
  0
VERTEX
  8
1
  10
4334.078753
  20
-8876.225599
  0
VERTEX
  8
1
  10
4332.108216
  20
-8879.889858
  0
VERTEX
  8
1
  10
4330.046392
  20
-8883.441643
  0
VERTEX
  8
1
  10
4328.138882
  20
-8886.501160
  0
VERTEX
  8
1
  10
4326.163877
  20
-8889.464001
  0
VERTEX
  8
1
  10
4322.369779
  20
-8894.641646
  0
VERTEX
  8
1
  10
4318.547664
  20
-8899.266080
  0
VERTEX
  8
1
  10
4316.300590
  20
-8901.743055
  0
VERTEX
  8
1
  10
4313.997418
  20
-8904.113600
  0
VERTEX
  8
1
  10
4310.321802
  20
-8907.573767
  0
VERTEX
  8
1
  10
4306.523434
  20
-8910.776098
  0
VERTEX
  8
1
  10
4303.836346
  20
-8912.838844
  0
VERTEX
  8
1
  10
4301.068185
  20
-8914.806018
  0
VERTEX
  8
1
  10
4296.786010
  20
-8917.563235
  0
VERTEX
  8
1
  10
4292.363477
  20
-8920.080581
  0
VERTEX
  8
1
  10
4287.814266
  20
-8922.348286
  0
VERTEX
  8
1
  10
4284.739204
  20
-8923.707506
  0
VERTEX
  8
1
  10
4281.614669
  20
-8924.952995
  0
VERTEX
  8
1
  10
4278.552148
  20
-8926.048667
  0
VERTEX
  8
1
  10
4275.352502
  20
-8927.075575
  0
VERTEX
  8
1
  10
4271.640187
  20
-8928.134351
  0
VERTEX
  8
1
  10
4267.814940
  20
-8929.089882
  0
VERTEX
  8
1
  10
4263.738901
  20
-8929.971286
  0
VERTEX
  8
1
  10
4259.421985
  20
-8930.772441
  0
VERTEX
  8
1
  10
4254.020746
  20
-8931.604495
  0
VERTEX
  8
1
  10
4248.915745
  20
-8932.194415
  0
VERTEX
  8
1
  10
4244.331336
  20
-8932.553586
  0
VERTEX
  8
1
  10
4239.382935
  20
-8932.807617
  0
SEQEND
  8
11
  0
POINT
  8
2
 10
4350.989990
 20
-8823.174438
  0
TEXT
  8
2
 10
4350.989990
 20
-8823.174438
 40
0.000000
 50
0.000000
  1
# 563
  0
POINT
  8
2
 10
4239.382935
 20
-8932.807617
  0
TEXT
  8
2
 10
4239.382935
 20
-8932.807617
 40
0.000000
 50
0.000000
  1
# 564
  0
POINT
  8
3
 10
4349.235315
 20
-8831.916050
  0
POINT
  8
3
 10
4347.364001
 20
-8839.975581
  0
POINT
  8
3
 10
4345.655916
 20
-8846.315420
  0
POINT
  8
3
 10
4343.698987
 20
-8852.737752
  0
POINT
  8
3
 10
4342.084798
 20
-8857.543297
  0
POINT
  8
3
 10
4340.443281
 20
-8862.014691
  0
POINT
  8
3
 10
4338.967357
 20
-8865.705613
  0
POINT
  8
3
 10
4337.405373
 20
-8869.323029
  0
POINT
  8
3
 10
4335.780700
 20
-8872.817799
  0
POINT
  8
3
 10
4334.078753
 20
-8876.225599
  0
POINT
  8
3
 10
4332.108216
 20
-8879.889858
  0
POINT
  8
3
 10
4330.046392
 20
-8883.441643
  0
POINT
  8
3
 10
4328.138882
 20
-8886.501160
  0
POINT
  8
3
 10
4326.163877
 20
-8889.464001
  0
POINT
  8
3
 10
4322.369779
 20
-8894.641646
  0
POINT
  8
3
 10
4318.547664
 20
-8899.266080
  0
POINT
  8
3
 10
4316.300590
 20
-8901.743055
  0
POINT
  8
3
 10
4313.997418
 20
-8904.113600
  0
POINT
  8
3
 10
4310.321802
 20
-8907.573767
  0
POINT
  8
3
 10
4306.523434
 20
-8910.776098
  0
POINT
  8
3
 10
4303.836346
 20
-8912.838844
  0
POINT
  8
3
 10
4301.068185
 20
-8914.806018
  0
POINT
  8
3
 10
4296.786010
 20
-8917.563235
  0
POINT
  8
3
 10
4292.363477
 20
-8920.080581
  0
POINT
  8
3
 10
4287.814266
 20
-8922.348286
  0
POINT
  8
3
 10
4284.739204
 20
-8923.707506
  0
POINT
  8
3
 10
4281.614669
 20
-8924.952995
  0
POINT
  8
3
 10
4278.552148
 20
-8926.048667
  0
POINT
  8
3
 10
4275.352502
 20
-8927.075575
  0
POINT
  8
3
 10
4271.640187
 20
-8928.134351
  0
POINT
  8
3
 10
4267.814940
 20
-8929.089882
  0
POINT
  8
3
 10
4263.738901
 20
-8929.971286
  0
POINT
  8
3
 10
4259.421985
 20
-8930.772441
  0
POINT
  8
3
 10
4254.020746
 20
-8931.604495
  0
POINT
  8
3
 10
4248.915745
 20
-8932.194415
  0
POINT
  8
3
 10
4244.331336
 20
-8932.553586
  0
POLYLINE
  8
11
  6
2
  66
1
  70
0
  0
VERTEX
  8
1
  10
4239.382935
  20
-9396.398926
  0
VERTEX
  8
1
  10
4289.257208
  20
-9396.655339
  0
VERTEX
  8
1
  10
4323.711782
  20
-9396.997457
  0
VERTEX
  8
1
  10
4358.180348
  20
-9397.525687
  0
VERTEX
  8
1
  10
4388.631761
  20
-9398.175392
  0
VERTEX
  8
1
  10
4419.096363
  20
-9399.029907
  0
VERTEX
  8
1
  10
4458.244934
  20
-9400.421143
  0
SEQEND
  8
11
  0
POINT
  8
2
 10
4239.382935
 20
-9396.398926
  0
TEXT
  8
2
 10
4239.382935
 20
-9396.398926
 40
0.000000
 50
0.000000
  1
# 565
  0
POINT
  8
2
 10
4458.244934
 20
-9400.421143
  0
TEXT
  8
2
 10
4458.244934
 20
-9400.421143
 40
0.000000
 50
0.000000
  1
# 566
  0
POINT
  8
3
 10
4289.257208
 20
-9396.655339
  0
POINT
  8
3
 10
4323.711782
 20
-9396.997457
  0
POINT
  8
3
 10
4358.180348
 20
-9397.525687
  0
POINT
  8
3
 10
4388.631761
 20
-9398.175392
  0
POINT
  8
3
 10
4419.096363
 20
-9399.029907
  0
POLYLINE
  8
11
  6
2
  66
1
  70
0
  0
VERTEX
  8
1
  10
4239.382935
  20
-9393.399048
  0
VERTEX
  8
1
  10
4289.279752
  20
-9393.655462
  0
VERTEX
  8
1
  10
4323.749014
  20
-9393.997562
  0
VERTEX
  8
1
  10
4358.235590
  20
-9394.525898
  0
VERTEX
  8
1
  10
4388.705308
  20
-9395.176106
  0
VERTEX
  8
1
  10
4419.191776
  20
-9396.031377
  0
VERTEX
  8
1
  10
4458.257446
  20
-9397.419434
  0
SEQEND
  8
11
  0
POINT
  8
2
 10
4239.382935
 20
-9393.399048
  0
TEXT
  8
2
 10
4239.382935
 20
-9393.399048
 40
0.000000
 50
0.000000
  1
# 567
  0
POINT
  8
2
 10
4458.257446
 20
-9397.419434
  0
TEXT
  8
2
 10
4458.257446
 20
-9397.419434
 40
0.000000
 50
0.000000
  1
# 568
  0
POINT
  8
3
 10
4289.279752
 20
-9393.655462
  0
POINT
  8
3
 10
4323.749014
 20
-9393.997562
  0
POINT
  8
3
 10
4358.235590
 20
-9394.525898
  0
POINT
  8
3
 10
4388.705308
 20
-9395.176106
  0
POINT
  8
3
 10
4419.191776
 20
-9396.031377
 0
LINE
 8
7
 10
4156.206360
 20
-9038.368530
 11
4156.206360
 21
-9265.317383
  0
TEXT
  8
1
 10
4145.403137
 20
-8957.179565
 40
38.000000
 50
345.963755
  1
烫钻
  0
TEXT
  8
1
 10
4239.382935
 20
-9124.202271
 40
10.000000
 50
0.000000
  1
PIECE NAME: C2490682.前幅
  0
TEXT
  8
1
 10
4239.382935
 20
-9109.202271
 40
10.000000
 50
0.000000
  1
Size: 38
  0
TEXT
  8
1
 10
4239.382935
 20
-9094.202271
 40
10.000000
 50
0.000000
  1
ANNOTATION: 面A X1
  0
TEXT
  8
1
 10
4239.382935
 20
-9079.202271
 40
10.000000
 50
0.000000
  1
QUANTITY: 1
  0
TEXT
  8
1
 10
4239.382935
 20
-9064.202271
 40
10.000000
 50
0.000000
  1
FABRIC: 面A
  0
TEXT
  8
1
 10
4239.382935
 20
-9049.202271
 40
10.000000
 50
0.000000
  1
CATEGORY: 前幅
  0
TEXT
  8
1
 10
4239.382935
 20
-9034.202271
 40
10.000000
 50
0.000000
  1
SHRINKAGE: 经:0.5%，纬:2.5%
0
ENDBLK
  0
ENDSEC
  0
SECTION
  2
ENTITIES
  0
INSERT
  8
1
  2
C2490682.后片_面A_38
  10
0.000000
  20
0.000000
  0
INSERT
  8
1
  2
C2490682.KM02904.领口.38_烫样_38
  10
0.000000
  20
0.000000
  0
INSERT
  8
1
  2
C2490682.前脚朴_PE9924朴_38
  10
0.000000
  20
0.000000
  0
INSERT
  8
1
  2
C2490682.后脚朴_PE9924朴_38
  10
0.000000
  20
0.000000
  0
INSERT
  8
1
  2
C2490682.领_面A_38
  10
0.000000
  20
0.000000
  0
INSERT
  8
1
  2
C2490682.后领口耳仔_面A_38
  10
0.000000
  20
0.000000
  0
INSERT
  8
1
  2
C2490682.前幅_面A_38
  10
0.000000
  20
0.000000
  0
TEXT
  8
1
 10
3903.509064
 20
-9567.768555
 40
10.000000
 50
0.000000
  1
STYLE NAME: C2490682
  0
TEXT
  8
1
 10
3903.509064
 20
-9582.768555
 40
10.000000
 50
0.000000
  1
CREATION DATE: 2025/1/12/16/54
  0
TEXT
  8
1
 10
3903.509064
 20
-9597.768555
 40
10.000000
 50
0.000000
  1
AUTHOR: BUYI-TECH
  0
TEXT
  8
1
 10
3903.509064
 20
-9612.768555
 40
10.000000
 50
0.000000
  1
SAMPLE SIZE: 38
  0
TEXT
  8
1
 10
3903.509064
 20
-9627.768555
 40
10.000000
 50
0.000000
  1
GRADE RULE TABLE: C2490682
  0
TEXT
  8
1
 10
3903.509064
 20
-9642.768555
 40
10.000000
 50
0.000000
  1
UNITS: METRIC
  0
ENDSEC
  0
EOF
